{"type":"FeatureCollection","crs":{"type":"name","properties":{"name":"EPSG:4326"}},"features":[{"type":"Feature","id":1,"geometry":{"type":"MultiPolygon","coordinates":[[[[-2.03440021569295,55.8110766862389],[-2.00157809801483,55.7808302075225],[-1.98875022080954,55.7689937084668],[-1.98813664781751,55.7652104032024],[-1.99873368638971,55.7665205214287],[-1.96077234184001,55.7332662520128],[-1.88409487115489,55.6944590830851],[-1.88562740197402,55.6839524850794],[-1.87324842248209,55.6827839429431],[-1.87002502767674,55.6659138146801],[-1.85431135491164,55.6534432022786],[-1.84048729336393,55.6424639327458],[-1.81318618246149,55.6337046209997],[-1.78407842083147,55.6441632402856],[-1.76470092466598,55.6252985475832],[-1.78632731349105,55.6159810148699],[-1.7707894349049,55.6034843962444],[-1.74233790208061,55.6185621829892],[-1.72281423165004,55.6168131312039],[-1.68418414192268,55.5995035292994],[-1.669234446972,55.5927543038641],[-1.6628424325764,55.5874014538954],[-1.64521075823017,55.5819007230676],[-1.6396611976544,55.5767388469879],[-1.64560944505,55.5741305597101],[-1.64209292396965,55.5712500864627],[-1.64212071456081,55.5711994231546],[-1.64098517566689,55.5703425939804],[-1.61884478949861,55.5521933004442],[-1.61896096695894,55.5521581989302],[-1.63238330196739,55.5502616301924],[-1.63751910507338,55.5410714463626],[-1.63203291663033,55.5371301662785],[-1.6320849521041,55.5361719655341],[-1.62512289599059,55.5321643660298],[-1.61059488236721,55.5217182780706],[-1.6112214318511,55.5180445003395],[-1.61637483688227,55.5136650789723],[-1.6120170891071,55.5133781623074],[-1.61455952250762,55.498459839377],[-1.59113331899917,55.4924074857081],[-1.59195128791509,55.4731462736203],[-1.59334697162552,55.4402350057684],[-1.59049631379706,55.4386736539703],[-1.59049285812003,55.4377490779292],[-1.57555504932156,55.430486965874],[-1.57783147512733,55.4192233500692],[-1.57975961595375,55.4174935306611],[-1.57841719955042,55.4163241706598],[-1.580353595177,55.4067364039968],[-1.58380182242427,55.4042597233596],[-1.59066966619557,55.4022400956127],[-1.59287442840735,55.3977414190466],[-1.60967547667889,55.3856629854503],[-1.62347065949539,55.3894909449406],[-1.6083318929611,55.3837842627721],[-1.60153381608701,55.3617755115714],[-1.58133081445197,55.3378682768686],[-1.59179834471599,55.3382136680516],[-1.58320649016762,55.3354934910211],[-1.57223912774119,55.3391406162566],[-1.56478072344043,55.3348066816801],[-1.54940615861071,55.3217828241574],[-1.56096906821155,55.3018605583621],[-1.56488023159282,55.2933426284381],[-1.56496759964359,55.2931523102085],[-1.56604005058512,55.2918120296399],[-1.56612980290777,55.2906204477579],[-1.57313731531702,55.2753473442195],[-1.55299283466086,55.2459010860786],[-1.53286729044328,55.2322428930284],[-1.52354117453571,55.2217850205451],[-1.51831259259941,55.2069425681643],[-1.49913345723269,55.1857674230815],[-1.51149994226253,55.1834984747777],[-1.51234863261481,55.1821129420251],[-1.51403167151896,55.1816682703742],[-1.52507767345207,55.1626311469454],[-1.54008838911289,55.1616193409424],[-1.52614882660649,55.1599996966869],[-1.51977929939816,55.1528558791449],[-1.51936725859285,55.1493168961492],[-1.51091914490501,55.1429138667322],[-1.49862144356115,55.1291052922862],[-1.51613150363143,55.1360232906057],[-1.49653199917482,55.1236759018567],[-1.49734094160836,55.113367025343],[-1.49775222518735,55.1081236612838],[-1.49195856448904,55.103176754388],[-1.49168880571817,55.1003723637087],[-1.46448582328056,55.0775208436159],[-1.46180790672857,55.0743615849609],[-1.46177360153924,55.0743211103428],[-1.45007855090116,55.0582590005644],[-1.45057016770206,55.0552727346475],[-1.44536585599145,55.0517825757187],[-1.42989079422661,55.0305000166809],[-1.42113702681476,55.0253320097388],[-1.41879354853847,55.0195213729091],[-1.40295847584154,55.0145935916996],[-1.40289941254358,55.0145586189349],[-1.41681781201391,55.016528479378],[-1.42182749878359,55.0136247639549],[-1.42984160397748,55.0132284721176],[-1.45330357882155,54.9898153430489],[-1.53084584238193,54.9840152830946],[-1.5162916554946,54.9840766535159],[-1.44952765277215,54.9843355871573],[-1.4257470243108,55.0064612416409],[-1.4200741785597,55.0045870039938],[-1.41865944941118,55.0032629905395],[-1.41223243328307,55.006164426742],[-1.41008023621338,55.002563175795],[-1.41227227732985,55.0004331059676],[-1.40632237980271,54.9970762138178],[-1.3580387874172,54.9663922773672],[-1.3554089820884,54.9615838106521],[-1.35979681001518,54.9515185524845],[-1.36968383619723,54.9424287735052],[-1.37568486805349,54.9369090827304],[-1.36466848294984,54.9436895679317],[-1.36400232208681,54.9438571189449],[-1.3652905216594,54.9330273683085],[-1.36611380726283,54.9261028952978],[-1.35889574660657,54.9235793747215],[-1.35859897817226,54.9221048763392],[-1.36341274716323,54.9227422117949],[-1.37088122886461,54.9117678928286],[-1.35760882987278,54.9171845447053],[-1.35474751497849,54.9029591269082],[-1.36164017163867,54.8982975133599],[-1.35556632292972,54.8774121654976],[-1.34744956894994,54.8606296034614],[-1.34724032268874,54.8604486955817],[-1.32099131090046,54.8377388709394],[-1.3007557479688,54.7698021382886],[-1.29839186181276,54.7679127561193],[-1.29832379671735,54.7676995937448],[-1.29527608963281,54.7654219984565],[-1.2795159281816,54.7528178384795],[-1.2422334295304,54.722961884759],[-1.24193515533963,54.7227228056342],[-1.17763330454941,54.6991855048217],[-1.17384998540367,54.6919036416924],[-1.19632938391717,54.6985649532667],[-1.18750964550551,54.6939094872872],[-1.18884991011372,54.6924310816133],[-1.19210885777471,54.6925507597989],[-1.19424615031775,54.68647710618],[-1.19925150496262,54.6809526529393],[-1.18440180321092,54.6602350695278],[-1.17459011578945,54.6558076654691],[-1.17389235803439,54.6550684344203],[-1.1715708413255,54.6544448993404],[-1.15772384888524,54.6481928612748],[-1.16873157744779,54.6446255853221],[-1.17320740842152,54.6334571767527],[-1.18861131646013,54.6327127537955],[-1.19319062040879,54.6290520431535],[-1.20070138146447,54.6230461079969],[-1.16207680194947,54.6226475747831],[-1.16061244295388,54.6101301662161],[-1.19860503257933,54.5828676543711],[-1.1602548462064,54.6045401327155],[-1.14913054796013,54.6143317544165],[-1.15462420510436,54.6275026074442],[-1.13544645880874,54.629631025795],[-1.13655015184211,54.6393891764636],[-1.11881252792265,54.6288614470973],[-1.07234092368964,54.6201907478805],[-1.05411933057769,54.6167850897234],[-1.0024147749552,54.5935901961704],[-0.960287871279441,54.5850306519556],[-0.926218566127258,54.5867106009715],[-0.896030332208068,54.5714007478433],[-0.853223931063848,54.571771170591],[-0.846350045165363,54.5697302489935],[-0.808810704597508,54.5585740029634],[-0.79117660560264,54.5604350899797],[-0.789652528038746,54.5601354759648],[-0.80041918967709,54.5510109244854],[-0.826984924961625,54.5485750983673],[-0.848647297075354,54.5300038279106],[-0.848530740745176,54.4879729358602],[-0.880825023370851,54.4970468594491],[-0.952951598857599,54.4880355472042],[-1.00340105309444,54.5030120984827],[-1.03685145667861,54.4940440587377],[-1.09452384976555,54.5067598353813],[-1.11838000660665,54.4981985696868],[-1.14619694920377,54.5028216114649],[-1.23486590566308,54.5103160445466],[-1.25667466781234,54.5011079127773],[-1.25740307374254,54.4873218282311],[-1.2809785134938,54.4904431165269],[-1.30033745635589,54.4758498825318],[-1.34362896175494,54.4641554112261],[-1.34491503453323,54.4724080074561],[-1.36441713915672,54.4659524078846],[-1.37256157791651,54.4723074609233],[-1.38101055098564,54.4940289297618],[-1.39505004779625,54.4856799712313],[-1.4070888004548,54.4935296372436],[-1.41278636223524,54.4771953974116],[-1.4321177720964,54.4794545642662],[-1.4349052922508,54.4874931701194],[-1.45850783646754,54.5039188879385],[-1.47455794259336,54.5007110836151],[-1.45919258761972,54.4942680201341],[-1.46379873582141,54.4735508515647],[-1.45341385018641,54.4660154335866],[-1.46279137013897,54.4613922615068],[-1.45615000930099,54.4524492540764],[-1.47205221948473,54.4555996004623],[-1.47537275454426,54.4738451770992],[-1.49905229175664,54.4756782294348],[-1.49177548208485,54.4862004908112],[-1.51134080606245,54.475012259861],[-1.51413191900959,54.4837750912424],[-1.52883695104444,54.4848137368181],[-1.51983281097797,54.4710470150304],[-1.54567271783705,54.4712384749671],[-1.55519520908081,54.4849781898867],[-1.5829803282703,54.497100731911],[-1.5792148538258,54.5051876835803],[-1.59188070258669,54.5043008596574],[-1.58106853743457,54.5128456577086],[-1.60263741570283,54.5105816504252],[-1.611484727081,54.5200007860463],[-1.63332908644254,54.5141114014745],[-1.63377378149873,54.5253643780507],[-1.65467519939036,54.5246500952609],[-1.65793716563019,54.5345889212941],[-1.6969263635654,54.5360064279097],[-1.72131088982986,54.5423017234865],[-1.73309136191706,54.527736411433],[-1.77969652862093,54.531872993012],[-1.77613231486757,54.5067285032611],[-1.79297648414992,54.484492427803],[-1.83943329269403,54.5084372355904],[-1.85780051145507,54.50353979349],[-1.85912998593236,54.4818579015212],[-1.94254323627281,54.453395353196],[-1.97005959181384,54.4515215401153],[-1.99676437249473,54.4669034483385],[-2.04472952149134,54.475186272402],[-2.04319843418445,54.4835994466327],[-2.11659617374102,54.4622634779689],[-2.17021302339882,54.4581987837772],[-2.15899719521648,54.4720296344683],[-2.1723980309078,54.5324441143894],[-2.1975305680915,54.5327039641308],[-2.20948818801017,54.5517133714193],[-2.30451453731364,54.5961978451789],[-2.32493776752811,54.6316502352618],[-2.28797868796525,54.6504801023106],[-2.29287495115685,54.6638852911091],[-2.32728766377434,54.6707277177742],[-2.35176911415474,54.6859308500204],[-2.35574349123696,54.6976521776582],[-2.32574674350163,54.7266292287794],[-2.31208952138217,54.7910150450277],[-2.32738520520277,54.8053324695403],[-2.34842858235133,54.8070792743468],[-2.3899854553691,54.8321552424512],[-2.41162383314695,54.8564307368855],[-2.42311358988599,54.842635709786],[-2.46059555925406,54.8341708128476],[-2.4954093168805,54.8103066683892],[-2.52388156442996,54.8060316626778],[-2.55830666625096,54.8167246148641],[-2.58267104579286,54.845866780661],[-2.5733523421198,54.8535461953728],[-2.60543022082818,54.8843823106913],[-2.57641404179617,54.8967171089035],[-2.56622128209416,54.9192380619115],[-2.54527258592314,54.9291719613162],[-2.56764946007627,54.9408560202632],[-2.5684915407607,54.9583618161907],[-2.59556897266802,54.9634809310272],[-2.60142928958836,54.9713401685047],[-2.57331076698798,54.9876377859608],[-2.57285163748474,55.0163984214987],[-2.48304985394768,55.0400191647851],[-2.50398494070243,55.0624298927397],[-2.48608636844165,55.0824435674386],[-2.50257438880654,55.0907586744816],[-2.56213639508934,55.0834621682408],[-2.56842600785256,55.0962614122787],[-2.59353940988699,55.1050960575882],[-2.59890282463441,55.1245758048232],[-2.65693941625415,55.1361318293746],[-2.6773244099723,55.1554875859256],[-2.67455532370944,55.1758914653134],[-2.68967008522962,55.1888809961402],[-2.68979023464989,55.1889842099938],[-2.68956751141327,55.1889297680189],[-2.6891401141445,55.1889678473709],[-2.68903555688615,55.1890244182278],[-2.68899553055478,55.1891622443822],[-2.68815983395759,55.1893798451317],[-2.68771402236453,55.1895499045245],[-2.68732433623597,55.1897080222109],[-2.68734109045209,55.1898337916806],[-2.68742541655158,55.1900312372403],[-2.68687714589004,55.190198035421],[-2.68686867604445,55.1904675010438],[-2.68681345525104,55.1905141390053],[-2.68644616952767,55.1906134136195],[-2.68614920335576,55.1907903205647],[-2.68628578018813,55.1910600286371],[-2.68628903475116,55.1911579501171],[-2.68595413163895,55.1911355872193],[-2.68585293990624,55.1913193976225],[-2.68575743000164,55.1915255952379],[-2.68575283063255,55.1915806103271],[-2.68568571316163,55.1916071212787],[-2.68557964646016,55.191649016209],[-2.68556962211735,55.1916928202731],[-2.68556655939536,55.1918107011568],[-2.68567993035534,55.1919312624658],[-2.68569770225531,55.1920100059994],[-2.68568957406686,55.1920397452258],[-2.6856675357273,55.1920766419372],[-2.68555845745499,55.1921523296301],[-2.68549455011784,55.1922545981167],[-2.68552252545723,55.1923761378065],[-2.68557089023953,55.1924308737444],[-2.68561141554822,55.1925346250149],[-2.68548922856874,55.1926202333042],[-2.68491033449379,55.1926918501186],[-2.68477777793562,55.1927658062551],[-2.68478125826714,55.1929513394769],[-2.68484998960062,55.1930122999912],[-2.68507669941599,55.1931182226898],[-2.68538686807697,55.1932888764515],[-2.68605580504028,55.1937156240365],[-2.6859676781352,55.1937531319184],[-2.68600795108709,55.1937939048933],[-2.68615386825822,55.1939032934684],[-2.68619225274159,55.1939266692579],[-2.68622390405403,55.1939539352722],[-2.68624494598612,55.1940462390963],[-2.68594607938119,55.1940506959713],[-2.68582235543219,55.1942933424776],[-2.68580548011488,55.1943300097476],[-2.68581237424627,55.1943742334833],[-2.68590853564786,55.1944355961311],[-2.68571709689827,55.1946625126087],[-2.68567210154,55.1946903179194],[-2.68557874443136,55.1947922956268],[-2.68559708839321,55.1949503547951],[-2.68562129426992,55.1949879563639],[-2.68557461422155,55.1950179394467],[-2.68542658934899,55.1952486665553],[-2.6853401424655,55.1952770275076],[-2.68519587388323,55.1953677468876],[-2.68512675921271,55.1955098094097],[-2.68496638329901,55.1954894456117],[-2.68467828348176,55.1955081804501],[-2.68467713891236,55.1955370563248],[-2.68465720031666,55.1956473353725],[-2.68446038000062,55.195733986273],[-2.68437576430632,55.1957647129903],[-2.68426801433731,55.1958400836812],[-2.68421532221664,55.1958517567577],[-2.68412145945485,55.1958499374666],[-2.68377961875982,55.1957765170835],[-2.68368761023869,55.1960173289055],[-2.68370457929312,55.1960707877834],[-2.68380993111581,55.1961271807261],[-2.68382001089046,55.1961791128775],[-2.68380758861135,55.1962060032035],[-2.68374903301254,55.1962157392367],[-2.68365480589584,55.1961941685227],[-2.68347519373396,55.1962517709531],[-2.68303502505243,55.1964195953451],[-2.68300076646863,55.1964467706186],[-2.68288380630579,55.1965190124156],[-2.68262669947779,55.1967123604007],[-2.68238379378639,55.1968023122873],[-2.68229243595785,55.196839623409],[-2.68210255397832,55.1970409338044],[-2.68196604751149,55.1972028703495],[-2.68171098005906,55.1976447468815],[-2.68169240995861,55.1977592528223],[-2.68158457001036,55.1978609587278],[-2.68160841133174,55.197955782574],[-2.68159915898993,55.1979904988343],[-2.68151837692076,55.1980338903576],[-2.68148541099217,55.1982449723485],[-2.68144787474115,55.1982942522569],[-2.68131212305868,55.1984421889393],[-2.68131708608576,55.1984825003805],[-2.68131711013839,55.1985308316074],[-2.68126069117271,55.1985932530484],[-2.68134703282303,55.1987289841997],[-2.68148773617771,55.1988976829934],[-2.68149144899667,55.1989288015197],[-2.68161755327483,55.1990699551508],[-2.68184976232137,55.1991536128347],[-2.6821275602119,55.1993208689607],[-2.68220702065112,55.1994471433848],[-2.68251475717046,55.1996370088371],[-2.68267103532768,55.1997245713633],[-2.68269690908154,55.1998241048619],[-2.68270481949635,55.1998873743165],[-2.68278897256101,55.1999728884071],[-2.68271244641942,55.2000268999035],[-2.6826805463433,55.2000632851037],[-2.68264681171887,55.2001103514805],[-2.68262001906048,55.2001976067218],[-2.68262312315899,55.2002291743291],[-2.68263481339139,55.2002749861241],[-2.68265913272767,55.2003287382243],[-2.68273612999157,55.2004060576355],[-2.68276646930268,55.2004372803667],[-2.68287636503915,55.2006859433969],[-2.68281855582904,55.2009781766189],[-2.68280350063084,55.2010269625404],[-2.68285231497758,55.2011528151474],[-2.68313656957698,55.2015646864344],[-2.68327437664972,55.2017370782955],[-2.68329701197744,55.2017600113413],[-2.68313184867717,55.2021518419384],[-2.68209146272927,55.2033753029296],[-2.68146404167957,55.2041385761825],[-2.68094138265832,55.2047943531922],[-2.67549870873057,55.2112743427638],[-2.67415397100883,55.2129073638699],[-2.67408831840399,55.2129918708942],[-2.67288195008879,55.2145270676873],[-2.67265454758588,55.2147954528419],[-2.6719926449582,55.215566182492],[-2.67126281422716,55.216376588011],[-2.67081839660259,55.2168490049702],[-2.67061082313824,55.2171299597627],[-2.6697809315691,55.2183500361736],[-2.66904703605669,55.2194035412528],[-2.66863340924827,55.2199071327804],[-2.66756052438567,55.2208885252926],[-2.66585830638223,55.2213540330095],[-2.66177139997202,55.2203666045725],[-2.66002302435948,55.2198960244417],[-2.65191943220199,55.219891654034],[-2.64780438558004,55.2199085259518],[-2.64718812397873,55.2200920241319],[-2.64638129889618,55.2202198081338],[-2.64387401553705,55.2208945205021],[-2.64254841753279,55.2210018412024],[-2.64168879360398,55.221024978179],[-2.64118362812499,55.2211908813892],[-2.64095688950436,55.2212948394506],[-2.64046685475479,55.2215693597424],[-2.64031530851854,55.2216950837643],[-2.64022359439817,55.2218155781871],[-2.64016528167694,55.2218912288926],[-2.6398484527682,55.2222621768583],[-2.63974121991429,55.2223457723934],[-2.6394827210298,55.2224907183869],[-2.63920987183204,55.222602444259],[-2.63814766504085,55.2227869578869],[-2.6338633025196,55.2232750853515],[-2.63411623410909,55.225129189602],[-2.63449513085395,55.2253607728988],[-2.63465698517739,55.2254649334096],[-2.63481425313998,55.225972644376],[-2.63493450510202,55.2261341411568],[-2.63500129453094,55.2262018934706],[-2.6350343019495,55.2262890291233],[-2.63485111243771,55.2272946724074],[-2.63530039151538,55.228344182453],[-2.6352790495221,55.2285122284319],[-2.63530036670265,55.22855987412],[-2.63564143214984,55.2292449515408],[-2.63580559307755,55.2297659161695],[-2.63541621878961,55.2298625619815],[-2.63528501294035,55.2300302358124],[-2.63521220544685,55.2301286202522],[-2.63492831076909,55.2303921205832],[-2.6348804375137,55.23048653352],[-2.63402916998406,55.2313593723553],[-2.63452075564721,55.2314552821615],[-2.63464891201324,55.231630742596],[-2.63467763300385,55.2316914504559],[-2.63464861251164,55.2318530959505],[-2.63440823662889,55.2318742530219],[-2.63432629958355,55.2319337150285],[-2.63405390798402,55.2323637491455],[-2.63403490647485,55.2324485772744],[-2.633769525144,55.2329715356276],[-2.63375237971367,55.2330746593193],[-2.63372145929614,55.2332341964296],[-2.63367365100505,55.2335517644043],[-2.63367256889491,55.2336013948708],[-2.63324174537614,55.2343604872894],[-2.63323578263132,55.2344210493145],[-2.63327181512709,55.2346749270272],[-2.63329697184003,55.234801560123],[-2.63328774098735,55.234956890421],[-2.63354596070127,55.235347117036],[-2.63355756872392,55.2355314139952],[-2.63348340188745,55.2357484698751],[-2.63334218787251,55.236038720129],[-2.63301101593006,55.236270361445],[-2.63242607473125,55.2364870596091],[-2.6323368744997,55.2365368090109],[-2.63229251073954,55.2365678149121],[-2.63217159873353,55.2367074647979],[-2.63216054112632,55.2368631288131],[-2.63217130795891,55.2369101071822],[-2.63219816383617,55.2369629697206],[-2.6324694392239,55.23710465631],[-2.63252544585267,55.2371474291798],[-2.63255024107775,55.2372040755187],[-2.63254313106519,55.2372433710305],[-2.63239766829015,55.2374103263864],[-2.63186762936713,55.2377013832743],[-2.63163538426057,55.238164143988],[-2.63160463476279,55.238372941247],[-2.63159171259511,55.2384017963828],[-2.63160346461865,55.2387788534554],[-2.63181014980411,55.239108718689],[-2.63223298339093,55.2393656982088],[-2.63287339394837,55.2396058590605],[-2.63294016969913,55.2396363864428],[-2.63297347607966,55.2398474503437],[-2.63295318961703,55.2398773844025],[-2.63233031905472,55.2400567849016],[-2.6322040928343,55.2400778255516],[-2.63211652454791,55.2400533173617],[-2.63207770804073,55.2400326612689],[-2.6319915377411,55.2399684719732],[-2.63188248162294,55.2398867590986],[-2.63147239495905,55.2399650789202],[-2.63119908825912,55.2405981646477],[-2.6311841344591,55.2406633387775],[-2.63109121398725,55.2410808357417],[-2.63108426914518,55.2411408221776],[-2.63109242206454,55.2412895815428],[-2.63123416558056,55.2416369512129],[-2.63129800993699,55.2418032395977],[-2.63130449311019,55.2418934938868],[-2.63129000246754,55.2419663737126],[-2.6311137521843,55.242129477106],[-2.63090661515136,55.2422890045453],[-2.63094506626729,55.2423826204738],[-2.63097990129094,55.2424566379312],[-2.63095673861008,55.2425959119066],[-2.63091150895841,55.2427091914191],[-2.63088924749311,55.242780653862],[-2.63083135891612,55.2429983675724],[-2.63086554267342,55.2430624221401],[-2.63088215719301,55.2430950907878],[-2.63089676671763,55.2431943204202],[-2.63088184148473,55.2432247340759],[-2.63081270508165,55.2433019751456],[-2.63062448103558,55.243365502043],[-2.63048793642742,55.2435191823549],[-2.63043817830513,55.2436598184457],[-2.63023069704161,55.2439548532138],[-2.63006697057801,55.2440979739369],[-2.63012475465764,55.2443477274863],[-2.63024108676142,55.244501074135],[-2.63028780037467,55.2445894114544],[-2.63029576986961,55.2446623817507],[-2.63025498607352,55.2447508386726],[-2.63020148857026,55.244820880826],[-2.63015464112094,55.2448628013222],[-2.62945200443734,55.2449584565002],[-2.62909216629201,55.2451290934433],[-2.62796925912206,55.245335507833],[-2.627595317245,55.2454260963241],[-2.62718583271121,55.2455905760795],[-2.626822493717,55.2456131651774],[-2.62630170616372,55.2456460723727],[-2.62614081389512,55.2456671328162],[-2.62584152769014,55.2458985220764],[-2.62573111092165,55.2460058079331],[-2.62460062115813,55.2460365465556],[-2.62454649804921,55.2460750524451],[-2.62447791945258,55.2462005171122],[-2.62440519274814,55.2462806241083],[-2.6242898797939,55.2463661572498],[-2.62418725955317,55.2463933606725],[-2.62411241739599,55.2464044575168],[-2.62403988189784,55.2463915087916],[-2.62249423072558,55.2461554206332],[-2.62195257786075,55.2462557381919],[-2.62172371025264,55.2464661921887],[-2.62160880184269,55.2465377332553],[-2.62099947364908,55.2468511598377],[-2.62092184451031,55.2469244469276],[-2.62034699817827,55.2471903272653],[-2.6188737302957,55.2472260191818],[-2.61820182576669,55.2472249421911],[-2.61788069481724,55.2472100674271],[-2.61762739788336,55.2471236539138],[-2.61758340637664,55.2470200534209],[-2.61765244187255,55.2469219596606],[-2.61769592011018,55.2468711209818],[-2.61731852855565,55.2469237037693],[-2.61693819448747,55.2469172619383],[-2.61644652520001,55.2464988249641],[-2.61633074573468,55.246449806853],[-2.61610264339512,55.2464685400265],[-2.61605320944972,55.2464571834801],[-2.6154972471875,55.2460087543022],[-2.61533936584417,55.2458107348353],[-2.61525899898227,55.2457568832741],[-2.6150578646044,55.2456751103622],[-2.61432819940866,55.2458538299739],[-2.61414375264552,55.2459686560091],[-2.61338492188683,55.2463572388854],[-2.61209476182744,55.2468599830556],[-2.6118248363557,55.2470112561981],[-2.61148155052858,55.2472924453786],[-2.61150799696232,55.2473408663545],[-2.61170530079542,55.2475792715623],[-2.61217851095904,55.247709042732],[-2.61418375277734,55.2480231040458],[-2.61508703786383,55.2482235655764],[-2.61840319205184,55.2485518772531],[-2.61918358791999,55.2487773791188],[-2.61982131374251,55.2489097503727],[-2.62051865742542,55.2490963550164],[-2.62212464184688,55.249250858688],[-2.62277342352447,55.2494107278025],[-2.62419849450196,55.2495229539794],[-2.62462027955702,55.2496363663591],[-2.62726497445041,55.2504375317136],[-2.62785343571999,55.2506601017845],[-2.6287726974552,55.2510029686926],[-2.6291970022481,55.2511710781604],[-2.62959220416598,55.2513749376073],[-2.6297508255124,55.2514918503433],[-2.63012161559024,55.2518150114198],[-2.63095719357019,55.2523475794343],[-2.63209042314065,55.2531375447098],[-2.63214676630359,55.2531763198577],[-2.63238614614416,55.2533627362269],[-2.63412713112894,55.2542227386347],[-2.63611860250396,55.2551192557388],[-2.63728763072456,55.2555796344244],[-2.63793487330849,55.2558307876795],[-2.63824561737777,55.255941008799],[-2.63860200239601,55.2560234681907],[-2.63912352837899,55.2561470085013],[-2.64019201842126,55.2563856235167],[-2.64154058831288,55.2569397826839],[-2.64292691872351,55.2575965769875],[-2.64406022423608,55.2580937704529],[-2.64440318161723,55.2582510492178],[-2.64685285001745,55.2598777524773],[-2.6467711919345,55.260043845796],[-2.64217135235168,55.2607428697825],[-2.64131554233639,55.2609197552502],[-2.64097256187627,55.2609856173027],[-2.64071176971704,55.2607174285761],[-2.64047031672178,55.2607581831449],[-2.63984859057359,55.2609130483637],[-2.63925901510239,55.261073200853],[-2.63455660367881,55.2613204798632],[-2.633380397562,55.2613739412904],[-2.63316880853492,55.2614748161413],[-2.63155468071792,55.2615715461986],[-2.62759033547478,55.2620820380243],[-2.62681733392896,55.262862742219],[-2.62680911140361,55.2634682078398],[-2.62655286101837,55.2642622606468],[-2.62649766857142,55.2649577514482],[-2.62710060304194,55.2660912930612],[-2.62717372603245,55.2662056937337],[-2.62742049416559,55.2666492444808],[-2.62760474245608,55.2669956582798],[-2.62819068459937,55.2679326008198],[-2.6269880131628,55.2683383356469],[-2.62526286282115,55.2689530454924],[-2.6246735462222,55.2692092292025],[-2.62375905157818,55.2695081778159],[-2.62365045084794,55.2695419132718],[-2.62319316381314,55.2703423409906],[-2.62321710255336,55.270576540382],[-2.6232561967828,55.2713112153241],[-2.62327811658628,55.2715817503282],[-2.62331947131038,55.2718310899279],[-2.6231721551305,55.2720045084279],[-2.62281914398001,55.2721172520924],[-2.62265283645853,55.2722427671172],[-2.62227903624089,55.2725810390668],[-2.62217034887206,55.2730658529611],[-2.62150437841902,55.2732905695494],[-2.62029022268443,55.2737637509931],[-2.62004871382593,55.2739783099132],[-2.61954217861188,55.2743913253213],[-2.61913860570007,55.2746043993889],[-2.61905522333846,55.2746435982133],[-2.6187011930504,55.2748075292162],[-2.61836735804883,55.2750894741241],[-2.61834048944939,55.275235940507],[-2.61832215790293,55.2753289031518],[-2.61821717511529,55.2754244857122],[-2.61780456987866,55.275741077887],[-2.61752567258494,55.2759900671522],[-2.61745069274848,55.2761076751942],[-2.61729303192538,55.2762756601691],[-2.61724505037127,55.2763372134],[-2.61712303751425,55.2768074170207],[-2.61710862682271,55.2770073604919],[-2.61698455371089,55.2771510580155],[-2.61687440926415,55.277185728804],[-2.61605728362434,55.2774729519112],[-2.6154812608657,55.2777255621616],[-2.61507413270117,55.2778750944699],[-2.61498286980788,55.2779104941557],[-2.61432801082094,55.2781836523645],[-2.61387711967367,55.2783127604561],[-2.61354949227218,55.278774764152],[-2.61351702439561,55.2788557820764],[-2.61334938537127,55.2792840169756],[-2.61298750048171,55.2794547648942],[-2.61270409730714,55.2795688545924],[-2.6121977229823,55.2798110253025],[-2.61208602355955,55.2799016157431],[-2.61202058780514,55.2799775311002],[-2.61196390361275,55.2801458012949],[-2.61193284611409,55.2801939324787],[-2.61183703867069,55.2803106367254],[-2.61164057464124,55.2804876031308],[-2.61144698661803,55.2806105929995],[-2.61111495376159,55.2808451316369],[-2.61106931034433,55.2808743773],[-2.61099003593921,55.2809585609602],[-2.61094791151324,55.2810978457801],[-2.61051564074477,55.2816582834996],[-2.61045754503134,55.2818725063882],[-2.61012833905975,55.2822807190224],[-2.60954750231009,55.2829567375481],[-2.60889268035182,55.2834392842836],[-2.6083912779929,55.2835636023968],[-2.60811132276347,55.2837340357012],[-2.60728750227656,55.284177008042],[-2.60720082124867,55.2842184758703],[-2.60716888388893,55.2842368832051],[-2.60666389442271,55.2846562977706],[-2.60644308449243,55.2847329679099],[-2.60558631572137,55.2851508807813],[-2.605338463232,55.2852916936608],[-2.60519598422362,55.2853744310666],[-2.60490888849309,55.2854405470644],[-2.6041134434825,55.2855959641514],[-2.60353909461574,55.2855594525404],[-2.60168588040529,55.2858346740272],[-2.60110203483701,55.2860754239754],[-2.60040560552899,55.2863309639515],[-2.59870958857464,55.287016684418],[-2.59783489475244,55.2874926489987],[-2.5971067966832,55.2879187151652],[-2.59598992914996,55.2885742707246],[-2.59513703202966,55.2891444315861],[-2.59399663781801,55.2899434861908],[-2.5926563341187,55.2904806639425],[-2.59203219630262,55.2907232720525],[-2.59099408557471,55.2911253963688],[-2.59058033530247,55.2912871049409],[-2.58875479065797,55.2918980282691],[-2.58578230791273,55.2926000205434],[-2.5853157460784,55.2927126154554],[-2.58421676193226,55.29302815552],[-2.58411056450304,55.2930552537181],[-2.58347163415507,55.2932107936471],[-2.58313466557088,55.2934266203396],[-2.58275080386489,55.2935253612022],[-2.58181335286857,55.2937198187533],[-2.58099073643766,55.2938637515308],[-2.58083036958349,55.2939365081811],[-2.58066923914829,55.2940097489918],[-2.58055370169817,55.2940335224331],[-2.58026349367575,55.294022159753],[-2.5801796965921,55.2940313246726],[-2.5794785743568,55.294165930932],[-2.57906613678298,55.2943048329699],[-2.57834378641117,55.294567797631],[-2.57822559384847,55.2946250247965],[-2.5776382715966,55.2947887658347],[-2.57736382548368,55.29491772299],[-2.577162917556,55.2951174750658],[-2.57695407197779,55.2952755432543],[-2.57658155752677,55.2954605635987],[-2.57605700376436,55.2958554359495],[-2.57580815591826,55.2960737124667],[-2.57498660042482,55.2962365191493],[-2.5749384868222,55.2962493735418],[-2.57489184352065,55.2962640388166],[-2.57471472017446,55.2963455420643],[-2.57409354110802,55.2965359163472],[-2.57372018710375,55.2967488614584],[-2.5734266881245,55.2968677416702],[-2.5733606187957,55.2968863336561],[-2.57358026483061,55.2992006656923],[-2.57332952257115,55.3008153868689],[-2.57110806993695,55.3012983995485],[-2.57062860956022,55.3014570602354],[-2.57034613959261,55.3015787980679],[-2.57007016689579,55.3017185636309],[-2.56835625514573,55.3025920751255],[-2.56604799567205,55.3038453165481],[-2.56571208479013,55.3045563325845],[-2.56533388764003,55.3056576241344],[-2.56521385417092,55.3059337387374],[-2.56509252440882,55.3060812332067],[-2.56429289412923,55.3069301506093],[-2.56387289477793,55.3072650251797],[-2.56377173508527,55.3073396286578],[-2.56335000522789,55.3076045982641],[-2.56308911563071,55.3077356401284],[-2.56242166993788,55.307921555155],[-2.5618189762853,55.308062305249],[-2.56046993152126,55.3085887665162],[-2.56012321143931,55.3087309752683],[-2.56008276886843,55.308761156212],[-2.56002886984943,55.3088240064171],[-2.56000767555176,55.3088716778769],[-2.55998931010951,55.3093585092471],[-2.55998959315554,55.3094124764409],[-2.55997454785919,55.3094657834079],[-2.55994160504824,55.3095252755994],[-2.55935745761486,55.3099661767151],[-2.55924177427198,55.3101456599803],[-2.55892403545104,55.3103063869152],[-2.55846276507288,55.3104258583441],[-2.55815912957719,55.3107041971605],[-2.55726513607748,55.3114373491531],[-2.55721393088792,55.3114834542896],[-2.55706770259509,55.3116682317624],[-2.55710133015578,55.3117154835691],[-2.55730241647104,55.3118266459846],[-2.55726712631346,55.3118856709897],[-2.55710453936996,55.311977229438],[-2.55702883924311,55.3121222491686],[-2.55691716985695,55.3125123415463],[-2.55695383134887,55.3125531115999],[-2.55711665578367,55.3126793544458],[-2.55720671432367,55.3130466109113],[-2.55724202911833,55.3131966744829],[-2.55741561171667,55.3134904988866],[-2.55765596971933,55.313721280379],[-2.55776573299446,55.313828983598],[-2.55787806382532,55.3139337950501],[-2.55817381876777,55.3142350725943],[-2.5582782101946,55.3143831207904],[-2.55848647800174,55.3145653886273],[-2.55888904224229,55.3146617426577],[-2.55895469831252,55.3147426993438],[-2.55903850663592,55.3149500626403],[-2.5591329590808,55.3150465710949],[-2.55916373435149,55.3151016970208],[-2.55919565447707,55.3151937203893],[-2.55920327019012,55.3152602798263],[-2.55932170741543,55.3158411020346],[-2.55928261089433,55.3163074386408],[-2.55921206050357,55.3164556412474],[-2.55919140134309,55.3164942209544],[-2.55918448409586,55.3166299123333],[-2.55922907566283,55.3167362737254],[-2.55931259925045,55.3168804575363],[-2.55942677385668,55.3171998964987],[-2.55941706324432,55.3172695284821],[-2.55934758445099,55.3174625804939],[-2.55932531127027,55.3175050665483],[-2.55917330634797,55.31769886313],[-2.55837141319988,55.317794870027],[-2.5580876254416,55.317680125607],[-2.55592575067496,55.3170480477363],[-2.55447153986041,55.3166963541243],[-2.553943999893,55.3165900743951],[-2.55042519096258,55.3157855360227],[-2.54429992172072,55.3182634207864],[-2.54389932364374,55.3187088693055],[-2.5428342680955,55.3196435560647],[-2.53802024851514,55.3206823925404],[-2.53680144131224,55.3209119547214],[-2.53616121299039,55.3210872763594],[-2.53532350312459,55.321365283478],[-2.53236329189357,55.3222730376015],[-2.52997481136655,55.3226078150017],[-2.52904348179656,55.3225099376414],[-2.52825721295028,55.3224146514336],[-2.52710497241454,55.3221733674378],[-2.52302351856155,55.322240257672],[-2.52224534935418,55.3223876106221],[-2.52184018722174,55.3224947269397],[-2.52102538737994,55.3227558441573],[-2.52072033111771,55.3228633246749],[-2.5203860296919,55.3229981738062],[-2.5176163873624,55.3248286848649],[-2.51729900985627,55.3253631268226],[-2.51644163944519,55.3266680647716],[-2.51486579286363,55.3285561287357],[-2.51444086798452,55.3289594257893],[-2.51381778142174,55.3295326727458],[-2.51371228120676,55.3296253765588],[-2.51365116965242,55.3296651150858],[-2.51232597006974,55.3301213677334],[-2.51216217104244,55.330181840473],[-2.50984670811702,55.3313092281953],[-2.50860843498767,55.332130790159],[-2.50789633157642,55.3329187807065],[-2.5075508493755,55.3333015980167],[-2.50733985796369,55.3335264915396],[-2.50709802030485,55.333771645995],[-2.50641004082083,55.3342743052282],[-2.50543673251347,55.3348085286582],[-2.5045891442549,55.3352118461631],[-2.50444413327853,55.3352927879762],[-2.50378481611261,55.3357816363477],[-2.50281468766341,55.3365829716085],[-2.50222655150877,55.3369853688976],[-2.5019573049692,55.3372366610206],[-2.50189037382033,55.3373976500768],[-2.50194246386103,55.3375731946427],[-2.50208079721641,55.3377896521981],[-2.50209765352767,55.3378374207639],[-2.50206311925859,55.3380118729009],[-2.5020603922917,55.3382329286898],[-2.50207682226036,55.3383235120909],[-2.50214450234551,55.338745034241],[-2.50154032746493,55.3405329941504],[-2.50089151483897,55.3408421347234],[-2.50028360836583,55.3411529759367],[-2.49860161449407,55.3426002602251],[-2.49790478786252,55.3439199626426],[-2.49559427616769,55.3469457340915],[-2.49517152626011,55.3473515778963],[-2.49490764970769,55.3475675419226],[-2.49359706226947,55.3484262690907],[-2.49240222240443,55.3491368432988],[-2.4922097313216,55.3492756157436],[-2.49151579743056,55.3499031402907],[-2.49100934524483,55.3503650547495],[-2.49091431088674,55.3504309771982],[-2.48996148394924,55.3509888591575],[-2.48892177498824,55.3515954042803],[-2.48834335988414,55.3518715584175],[-2.48663611972975,55.3523447185623],[-2.4861677022206,55.3524735571092],[-2.48542329389585,55.3526945199016],[-2.48497977499358,55.3528102896791],[-2.48394510789909,55.3530307253492],[-2.48337829015767,55.3531464239318],[-2.48210729505457,55.3534595809175],[-2.48091787346511,55.3537585718],[-2.48033932674052,55.3538436983359],[-2.47864987218362,55.3541102550836],[-2.47751482576309,55.3543245234862],[-2.47744475367712,55.3543390286356],[-2.47715983035048,55.3544056364148],[-2.47611029288509,55.3546080811888],[-2.47523108115987,55.3547630973238],[-2.47405144450851,55.3547568116144],[-2.47343929372992,55.3547349273108],[-2.47122009922221,55.3537707816607],[-2.46692142969269,55.3528967767418],[-2.46229175423914,55.3535143425471],[-2.46169045840762,55.3533771165993],[-2.46133255118568,55.3532516017779],[-2.45917904776776,55.353838712089],[-2.4576733015671,55.3543534577569],[-2.45729430589087,55.3545054594114],[-2.45705013196628,55.3546362553507],[-2.45686365921329,55.3549842987914],[-2.45613621280401,55.3552836332696],[-2.45551662628747,55.3554406667786],[-2.45501413471255,55.3556372704044],[-2.45395298282887,55.3560404088737],[-2.4537072565645,55.3561078984585],[-2.45291588699115,55.3562559866058],[-2.45216277110697,55.3563905566507],[-2.45156326295653,55.3565585046887],[-2.44517570637462,55.3589637958667],[-2.44491792100028,55.3590884502615],[-2.43983084691305,55.3593239479306],[-2.43956554380724,55.3594302607791],[-2.43923905364614,55.3594379541102],[-2.43698033822237,55.3584123157136],[-2.43550536430921,55.3579767670651],[-2.43371344156402,55.357532756342],[-2.42903269475415,55.3566559393475],[-2.42858016586364,55.3570571901561],[-2.42829252743001,55.3572284284475],[-2.42622735300164,55.3581893337849],[-2.42554277581979,55.3583763386953],[-2.42464897534603,55.3585357589766],[-2.42135907945739,55.358708078537],[-2.4198828729398,55.3590336444761],[-2.41912603775309,55.3589793004811],[-2.41532164213721,55.3588945385155],[-2.40720133158688,55.356813175302],[-2.40300003081645,55.354818148115],[-2.40234619938473,55.3545028434744],[-2.40178575853191,55.3540536971977],[-2.40162741317923,55.3539110585932],[-2.40085610571644,55.3534870353616],[-2.40021649848474,55.3521405620347],[-2.40011794612633,55.3489740911286],[-2.40019294118229,55.3487767260972],[-2.4000845805545,55.3485243956845],[-2.39995805930985,55.3484269809979],[-2.39980648735266,55.3483348427807],[-2.39965530836395,55.3482703680111],[-2.39590424512568,55.34782295395],[-2.39467892474353,55.3476851550273],[-2.39349963393689,55.3474832538488],[-2.39116389867107,55.3478173491889],[-2.38950008139495,55.3480009500702],[-2.38736518145905,55.348140138446],[-2.38440470578894,55.3483610883603],[-2.38381178226659,55.348475528538],[-2.38338613083301,55.348571688871],[-2.38261048313206,55.3487720303591],[-2.37891180838013,55.349169450587],[-2.37896109609642,55.3505332730537],[-2.37815101664045,55.3509748786326],[-2.37772346609692,55.3513832151421],[-2.37769635456973,55.3514053316268],[-2.37749367048059,55.3515516171909],[-2.3773756158385,55.351625662874],[-2.37656908616857,55.3522396901282],[-2.37487538040099,55.3538427978742],[-2.37438360987465,55.354160901549],[-2.37371899070681,55.3546055307679],[-2.37327122998177,55.3548241121304],[-2.37279819443723,55.3550693357697],[-2.37275499371216,55.3550780479705],[-2.37180537823778,55.3552368426599],[-2.37059586779961,55.3554489333918],[-2.37001779408079,55.3556533551274],[-2.3697533321587,55.3557819831865],[-2.36942406585288,55.3559826014902],[-2.36723738669056,55.3570099180373],[-2.36692259231482,55.3571276857644],[-2.36594010213813,55.3574191409478],[-2.3653465709105,55.3577304478124],[-2.36330346267423,55.3588936185251],[-2.3617664118664,55.3590834539787],[-2.36096623175497,55.3592346093866],[-2.3594199600153,55.3596686301764],[-2.35862770823123,55.3598972722436],[-2.35811906471026,55.3601228430362],[-2.35631791523471,55.3614165349247],[-2.35589272741848,55.3616776522249],[-2.35582923474962,55.3617434944125],[-2.3554017153756,55.3622016978071],[-2.35495878214319,55.3624323245548],[-2.35461767906484,55.3625145736615],[-2.35381144090593,55.3626775290648],[-2.35300221857682,55.3628430478027],[-2.35226589230457,55.3629984821053],[-2.35196265465449,55.3630611960099],[-2.35083368886927,55.3633217922176],[-2.35050297941977,55.3634996150671],[-2.35006978561284,55.3636782495014],[-2.34959541188663,55.3636591446838],[-2.34949126935405,55.363824371226],[-2.34933197061501,55.3639235556623],[-2.34876455745251,55.3641235023184],[-2.34828327436132,55.3642970590483],[-2.34793557470186,55.3644203266699],[-2.3472775137253,55.3645785418896],[-2.34652234287215,55.3645811305683],[-2.34495459849813,55.364585608866],[-2.34432403858135,55.3647679456754],[-2.34375023461099,55.3649529004416],[-2.34330499438851,55.3650709369284],[-2.342573030301,55.3650995192076],[-2.34257252240097,55.3652243754768],[-2.34199684754639,55.3652839873122],[-2.3418786948113,55.3654464748843],[-2.34110173831256,55.3655358070497],[-2.34088514006538,55.3656614019852],[-2.34053113437517,55.3659833267213],[-2.3404662684167,55.3660212568541],[-2.34010154511444,55.3660903322061],[-2.33990625256004,55.3662986785479],[-2.33986401310839,55.366444750937],[-2.33976330297287,55.366681745429],[-2.33954222043033,55.3668180558324],[-2.33906730796158,55.3669925677594],[-2.33901621974922,55.3670404485996],[-2.33890358890776,55.367147409089],[-2.3378262951072,55.3671732701189],[-2.33777735054242,55.3671561535333],[-2.3374990573658,55.3672435929886],[-2.33755269656726,55.3672913991406],[-2.33789188507181,55.367467129802],[-2.33806451491244,55.3675879823368],[-2.33841788941085,55.3677765690209],[-2.33846868723557,55.3679314848821],[-2.33842075913991,55.3680457287481],[-2.33844440902909,55.3680695833486],[-2.33860254992212,55.3682684816788],[-2.33865139299766,55.368500596086],[-2.33884074980169,55.368659208251],[-2.33897331240242,55.3688277010959],[-2.33904090174735,55.3688455255329],[-2.33925047465944,55.3689363807798],[-2.33930907525113,55.3689723627237],[-2.3393972542648,55.3689925620555],[-2.33974494226201,55.3690949908621],[-2.34037711972356,55.3692652040545],[-2.34106450560114,55.3695467475572],[-2.34133186940677,55.3697226107191],[-2.34212586299081,55.370115257733],[-2.34232009117392,55.3702007674396],[-2.34263205288192,55.3703490240828],[-2.34305776356593,55.3705727532549],[-2.3437478109291,55.3711076913641],[-2.34395527267692,55.3714100231374],[-2.34433010804437,55.3718271789274],[-2.345568013857,55.3726383992148],[-2.3460948082458,55.3731132787171],[-2.345481444774,55.3733562059048],[-2.34451300388871,55.3737801956541],[-2.34368617063115,55.3741008757419],[-2.34306052181079,55.3743433242153],[-2.3422564041316,55.3747422534405],[-2.34163629642052,55.3750127865787],[-2.34061644013333,55.3753841559318],[-2.33861838354866,55.3761450048936],[-2.33809002464887,55.3763727979198],[-2.33691482682819,55.3770587057294],[-2.33682824031979,55.3772594677439],[-2.33647552478104,55.3779010094769],[-2.33639941420413,55.3779451664972],[-2.33614684715632,55.3780886809634],[-2.33606400876942,55.3781297149444],[-2.33539882108317,55.378415093244],[-2.33485936415214,55.3786394183522],[-2.33241253507406,55.3799713160807],[-2.33195735071299,55.3801424018046],[-2.33122965366611,55.3803185398469],[-2.33051835160235,55.3805199423944],[-2.33002052841187,55.381241552817],[-2.33077046519667,55.3812777293003],[-2.33117419793937,55.3814197097275],[-2.33173786516645,55.3816568685035],[-2.33280804787109,55.3820754259312],[-2.33332341957787,55.3823352148824],[-2.33422044658401,55.3827796806829],[-2.33474244431244,55.3831590052107],[-2.3347738371919,55.3832842661003],[-2.33479595086728,55.3835071326486],[-2.33485244595221,55.3846789180843],[-2.33496020087217,55.3856409541648],[-2.33553756321323,55.3858452326797],[-2.33580046954377,55.3859983905814],[-2.33584242008687,55.3866247006657],[-2.33563277165406,55.3876571851201],[-2.33507401721583,55.3885863387614],[-2.33500754841237,55.3895210109752],[-2.33495018372213,55.3898547853116],[-2.33495342153956,55.3902729707993],[-2.33502183926351,55.3906028173513],[-2.33503687587939,55.3906614796593],[-2.33513412445656,55.3909511327868],[-2.33558759790235,55.3921058782203],[-2.33553555062229,55.3924415956646],[-2.33554659576259,55.3925948575087],[-2.33620275719017,55.3930304043666],[-2.33834857046737,55.3944287022958],[-2.34085168542483,55.3956603986681],[-2.34173817243181,55.3962205535076],[-2.34233656400815,55.3966677134262],[-2.34378623060278,55.3978172806862],[-2.34411286197097,55.3982059442395],[-2.34472336884615,55.3990251245863],[-2.34494681201711,55.3993134184368],[-2.34477692679491,55.3994176224885],[-2.34446182061104,55.3996104800434],[-2.34302701826553,55.4003984132663],[-2.34272355490479,55.4004004320716],[-2.34211290868481,55.4003824372499],[-2.34145286822559,55.4006706135202],[-2.34078921089667,55.4010113346282],[-2.34048535266782,55.4011506746862],[-2.33875215777189,55.4011902419132],[-2.33762453599936,55.4012125489004],[-2.33730577033065,55.4013778427527],[-2.33658304207117,55.4017953486526],[-2.33576046127915,55.401978098567],[-2.33385823535243,55.4021924572658],[-2.33375650649588,55.402245109989],[-2.33314158631943,55.4032952190757],[-2.33352341299004,55.4050636782975],[-2.33562913510757,55.4082080490901],[-2.33322777865602,55.4092199944309],[-2.33066793087876,55.4095989160144],[-2.33051899755463,55.4094309107808],[-2.3299331700668,55.4090224574053],[-2.32903523502276,55.4084895220351],[-2.32846242913715,55.4082450597127],[-2.32786849341163,55.4080683150241],[-2.32730567052703,55.4079626556036],[-2.32505887371302,55.4078257406756],[-2.32410676915962,55.4076834738521],[-2.32201940146977,55.4076857364147],[-2.32153767069295,55.4078472452452],[-2.31905135993365,55.4074760832667],[-2.31775727311126,55.4073577936173],[-2.31544741593896,55.4072460991286],[-2.31445302058073,55.4070736157697],[-2.31370761538942,55.4069011017345],[-2.31325355799692,55.4067893521918],[-2.3126271061912,55.4095513891141],[-2.31254495997493,55.4098552139871],[-2.31222248873361,55.4098933542495],[-2.31059539966393,55.410086375124],[-2.3097803486226,55.4103322647298],[-2.30776166586623,55.4110068651964],[-2.30693381230111,55.4111912918647],[-2.30652349158134,55.4113233635872],[-2.30638937149386,55.4113848803859],[-2.30565695978861,55.4118533484052],[-2.30409994582857,55.4127787681248],[-2.30372449655449,55.4129011928896],[-2.30244462859388,55.4133486538818],[-2.30218327730584,55.413492022357],[-2.30187045457387,55.4136306733429],[-2.30178535659253,55.4136606560435],[-2.30010802782344,55.413824930281],[-2.29917949091414,55.4141002269807],[-2.29649578882485,55.4146478900338],[-2.29620757921562,55.4147335297528],[-2.2961752835725,55.4147582049067],[-2.2958796906919,55.4149631107998],[-2.29566566909908,55.4151258186573],[-2.29556920658768,55.4152368475435],[-2.29546668787539,55.4154435351734],[-2.2954275501612,55.4155780139954],[-2.29532238566622,55.4160113415178],[-2.29488991216328,55.4171713964963],[-2.29441614150659,55.417802420495],[-2.29429561762909,55.4179477536124],[-2.2945134241711,55.4204651396223],[-2.29387547924832,55.4206094476495],[-2.29005982477191,55.4214504764946],[-2.28423293662565,55.4227718119169],[-2.28361177391778,55.4230270715988],[-2.28298824586295,55.4236320464355],[-2.28183806257494,55.4248598991441],[-2.28159912393423,55.4250185224329],[-2.28067737030806,55.4254702048169],[-2.28044957220711,55.4255930820122],[-2.27899101286637,55.4261216642829],[-2.2783993068779,55.4262820421062],[-2.27393041036353,55.4259858483538],[-2.27233217479736,55.4280670869301],[-2.27198992891249,55.4284975903],[-2.27112749871184,55.4292480671215],[-2.27001208210009,55.4297140613272],[-2.26976052024077,55.4297582682448],[-2.26870403574741,55.4299442010328],[-2.26799863800607,55.4299464886786],[-2.26584008288971,55.4291959385458],[-2.26508515967147,55.4289475672951],[-2.26485825146879,55.428880091556],[-2.26360351122975,55.4286416270693],[-2.26225376890198,55.4289077771493],[-2.26203590927727,55.4295018386779],[-2.26146264962359,55.4299338012193],[-2.26141745248541,55.4302221753962],[-2.26132574749827,55.4306402937574],[-2.26130404676838,55.4306933929464],[-2.26116153576222,55.4310069051642],[-2.26112508116299,55.4313787344024],[-2.26111142217939,55.4319027858761],[-2.26065773575153,55.4328499110938],[-2.26061129081085,55.4329339926127],[-2.25998691345942,55.4327383337464],[-2.25976943912579,55.4326232272283],[-2.25944274491393,55.4324544296948],[-2.25899349168049,55.432295920653],[-2.25571538239401,55.4321630593024],[-2.25433276579897,55.4320016728491],[-2.25181519947857,55.4320120066558],[-2.24196885500618,55.4320224726785],[-2.24098058794158,55.4318698701006],[-2.24012309192104,55.4316606854987],[-2.23988467066115,55.4315976322162],[-2.23896380666341,55.4314168833177],[-2.23769599548142,55.4311819109938],[-2.23738512134339,55.4311186918883],[-2.23649470558212,55.4308835519406],[-2.23593573707941,55.4304492506795],[-2.23554777449552,55.4301314288242],[-2.23515713342174,55.4298928228976],[-2.23472097809083,55.4297226662181],[-2.23386344890127,55.4292632989863],[-2.23360219645476,55.4291555936094],[-2.23102895042288,55.4287946028238],[-2.2300699078313,55.4304110805884],[-2.22932711051631,55.4304825971644],[-2.22762645404515,55.4304697673779],[-2.2251947675859,55.4309383315367],[-2.22430357582395,55.4311135045019],[-2.22403055633376,55.4311742637314],[-2.22330097542486,55.4314951425373],[-2.22308207570694,55.4322346681084],[-2.22134368360866,55.4330512957235],[-2.22096639181267,55.4331949182851],[-2.22029792494586,55.4333721343486],[-2.2201996741638,55.4333977924279],[-2.2168697599555,55.4343294813546],[-2.21588789086803,55.4346478129968],[-2.21362877685704,55.4352624205428],[-2.21320352983414,55.4353804987371],[-2.20938412471688,55.4364847052882],[-2.20553653580189,55.4376254079246],[-2.20550477493263,55.4376567531069],[-2.20532343799527,55.4379046891913],[-2.20497045529663,55.4380364098904],[-2.20444382120817,55.4382219662665],[-2.20368379181376,55.4386661095506],[-2.20307889536264,55.439267530833],[-2.20243327830501,55.4399937288495],[-2.20211547705981,55.4403437260567],[-2.20187841480492,55.4405891622301],[-2.20149372031491,55.4407925615405],[-2.20138975920233,55.4408336049674],[-2.20092011685384,55.4410195148643],[-2.19981305265568,55.4415179747602],[-2.19801362354255,55.4423592086376],[-2.197633125528,55.4426145309091],[-2.19620360677333,55.4436194408631],[-2.19568473620226,55.4440181150765],[-2.19494274348914,55.4445252801254],[-2.1948035406986,55.4446343560142],[-2.19443233107223,55.4450211306913],[-2.1941894939631,55.4453127648107],[-2.1936066078767,55.4465533643835],[-2.19338011854931,55.4470192411678],[-2.1933347926939,55.4477495383954],[-2.19335624376153,55.4484161643529],[-2.19350060134834,55.4495289727079],[-2.19339033303238,55.4500209474349],[-2.19289035204864,55.4506319027337],[-2.19271171824226,55.4512626105667],[-2.19223438477895,55.4525820514765],[-2.18958574801162,55.4549101890879],[-2.18906349320606,55.4555229400122],[-2.18887766448462,55.455759308895],[-2.1884928512103,55.456285788864],[-2.18868565332666,55.457033913563],[-2.18916489901813,55.4586931062099],[-2.18974896215637,55.4610225139488],[-2.18969984391728,55.4610959577289],[-2.18905499187602,55.4614756726264],[-2.18824372290528,55.4620053767487],[-2.18780743719367,55.4622547116609],[-2.18635949830042,55.4630525087095],[-2.18542337167935,55.4635037667889],[-2.18461511358088,55.4639768584067],[-2.18397865161149,55.4641651691362],[-2.18300604523752,55.4643421440637],[-2.18262064594339,55.4644235981804],[-2.18243516190137,55.4644793240912],[-2.1812371550667,55.4647889301567],[-2.17996103930863,55.4650396891374],[-2.17796188367036,55.4653873875001],[-2.17654854802229,55.4656169164328],[-2.17468727929579,55.4660410565581],[-2.17401588959249,55.4661834418692],[-2.17306364216319,55.4663672102661],[-2.17228275465224,55.4665007152994],[-2.17131801636627,55.4666623836718],[-2.17050874341072,55.4668190940606],[-2.16946232206237,55.4669975862666],[-2.16838062130113,55.4671758521866],[-2.16775268120888,55.4672834228384],[-2.1655213018321,55.4683819276345],[-2.166202163029,55.4686964293509],[-2.16699119531731,55.468886218831],[-2.16826986781083,55.4690432196561],[-2.16870483027796,55.469206191298],[-2.17028044739795,55.4701528274014],[-2.17122303322788,55.4707145063906],[-2.17176614038257,55.4710583159043],[-2.17310387427513,55.4719007838983],[-2.17363177232745,55.4722138353209],[-2.17442323802686,55.4723230958685],[-2.17703379006703,55.4724820965636],[-2.17808878955296,55.4726082732531],[-2.17817219898033,55.4726215065978],[-2.18279550803071,55.473252495331],[-2.18474250327629,55.4733952629281],[-2.18630062753172,55.4735492889892],[-2.18745099587056,55.4737177526733],[-2.18882313232694,55.4738845340721],[-2.19030863264884,55.4740834951518],[-2.19469211941478,55.4751056693613],[-2.19526678633834,55.4752675185132],[-2.1967159285398,55.4752828386197],[-2.1987474463373,55.475112474654],[-2.20096436996999,55.4750166112183],[-2.20123111969007,55.4751995302334],[-2.20165300780778,55.4755915274726],[-2.20280541611967,55.4775789579898],[-2.20314319429106,55.4782260374529],[-2.20346047315331,55.4786926144336],[-2.20362102103682,55.4788630122507],[-2.20406204637875,55.4792666357438],[-2.20503886361562,55.4798767410585],[-2.20508925074988,55.4799103138647],[-2.20630393857998,55.4821814088581],[-2.20625911490274,55.482356395191],[-2.20611616711548,55.4827735171736],[-2.20602013407671,55.482952002389],[-2.20565538046869,55.4834000096287],[-2.20506214827087,55.4840608400875],[-2.20471610308092,55.4845039605147],[-2.20376564774637,55.4858741882238],[-2.2033832607232,55.4864379541729],[-2.20250838726305,55.4892516691633],[-2.20254757532011,55.4893385764567],[-2.20286948125626,55.4897362267136],[-2.20349478966474,55.4901823296418],[-2.20368833932205,55.4903142222718],[-2.20445445094449,55.4908331953625],[-2.20474418632276,55.4910480744132],[-2.20521808345506,55.491429982239],[-2.20563124357203,55.4920136631983],[-2.2058526615473,55.4923588223684],[-2.20607227031134,55.4927346931745],[-2.20874939534971,55.4950214474427],[-2.20873418177444,55.4956824970579],[-2.20876060754583,55.4957272651293],[-2.20991460332237,55.4969219697694],[-2.21132012819385,55.4986537418043],[-2.21373505976571,55.5005225640041],[-2.21426672897347,55.5008399075681],[-2.21546144542171,55.501734171037],[-2.21569917509829,55.5019194076021],[-2.21665169186424,55.5026221436868],[-2.21765650116578,55.5036849413935],[-2.21865117464468,55.5048546481769],[-2.21926850160534,55.5055547434854],[-2.22025143087646,55.5062041125946],[-2.2205012765615,55.5062986321329],[-2.22155404564351,55.5064384790608],[-2.22365913278549,55.5066386080699],[-2.22443817550879,55.5067712283451],[-2.22722704978395,55.50752648854],[-2.22844937927865,55.5088235519431],[-2.22886279209048,55.5102542730708],[-2.22827894307618,55.5122251994247],[-2.22827161417748,55.5123410233208],[-2.22805437686647,55.5131410373017],[-2.22776332000973,55.5136889268803],[-2.22763218721963,55.513989011028],[-2.22764589583893,55.5144461135324],[-2.22771276757362,55.5147392402416],[-2.22765952630613,55.5149636555212],[-2.22757732437581,55.5152034642767],[-2.22677422368649,55.518160230457],[-2.2267491555666,55.5188548905034],[-2.22672857512711,55.5190162315258],[-2.22663018438642,55.5195039884141],[-2.22657589670995,55.5196226973455],[-2.22638883361701,55.5199592673557],[-2.22583180264544,55.5206432164277],[-2.22528258028836,55.5210956194119],[-2.22486983399493,55.5221265153722],[-2.2245500723323,55.5224482802578],[-2.22445155230719,55.5225643710294],[-2.22454217531601,55.5231361067966],[-2.22518031018824,55.5240823552564],[-2.22576675777122,55.5251397483489],[-2.2259567358719,55.5255017426514],[-2.2275140071977,55.5282567711705],[-2.22760235016469,55.5284081274337],[-2.22800707335441,55.5284953104422],[-2.23285903519335,55.5295369860545],[-2.23321717976457,55.5296132730302],[-2.23331250256012,55.5302197519566],[-2.23341155777783,55.5308979404908],[-2.23363683483967,55.532358875381],[-2.23364399892668,55.5323997608641],[-2.23368758071796,55.5330752945309],[-2.23341712776496,55.5331018237413],[-2.23344185789086,55.5336522608534],[-2.23345297459186,55.5340556664646],[-2.23353215121593,55.5354559643704],[-2.23370405359339,55.5392482471728],[-2.23376312140692,55.5399827026845],[-2.23348593315775,55.5413525972937],[-2.23329877344526,55.5414705000268],[-2.23314599620829,55.5415579425882],[-2.23294615963384,55.5418999530049],[-2.23303824041487,55.5422166310228],[-2.23311678310444,55.5424615183134],[-2.23312870423312,55.5432044419523],[-2.23277602430231,55.5434014845954],[-2.23259526591402,55.5435054172053],[-2.23252721283395,55.5435562313394],[-2.23234180599941,55.5439297595181],[-2.23227376976915,55.5441531720129],[-2.23237331099168,55.545004830482],[-2.23263485618391,55.545269964762],[-2.23415025255628,55.5466620324533],[-2.23477511460704,55.5476668231583],[-2.23512057706893,55.5482444416066],[-2.23517284907816,55.5483347714072],[-2.23603716948236,55.5489149828351],[-2.23691966950841,55.5495789906544],[-2.23812805905234,55.5506319826004],[-2.2383015887948,55.5507904691436],[-2.23927050136392,55.551574133782],[-2.23946973966487,55.5516539034997],[-2.24044745873269,55.5544612329015],[-2.2402899505185,55.5553716354833],[-2.24030650589475,55.5556271665709],[-2.24151610157996,55.5560452531475],[-2.24191567537495,55.5561591880258],[-2.24451066102513,55.5567922344734],[-2.24691281690268,55.5566387712696],[-2.2469642923217,55.556638216419],[-2.248676409455,55.5575079284298],[-2.24938445034084,55.5581472170438],[-2.24965704349251,55.5583642086577],[-2.24973869569876,55.5584233672406],[-2.25116825760253,55.5598580571579],[-2.25113411667169,55.5599060059154],[-2.25138935960988,55.5601201090942],[-2.25192231847627,55.5604626068599],[-2.25298894737752,55.5613265026167],[-2.25317867313504,55.5614448181509],[-2.25385923441307,55.5616424064312],[-2.2551604312771,55.5618526087084],[-2.2554954420672,55.5619283845921],[-2.25634906809481,55.5621778731321],[-2.25641209686834,55.5621979157534],[-2.25747351045709,55.5625575102596],[-2.25752086620242,55.5625743667442],[-2.25828709452256,55.5628997908232],[-2.25986709281383,55.5636928076513],[-2.25980881210285,55.5639421035542],[-2.25960331271231,55.5645086045903],[-2.25977228454768,55.5650320423814],[-2.25985199857778,55.5650792668128],[-2.26020887085862,55.5652513662375],[-2.26042078930103,55.5653672413952],[-2.26086610562271,55.565626082966],[-2.26112229534702,55.5657656977433],[-2.26156282629065,55.5658745214395],[-2.26207415268526,55.566036725223],[-2.26292741155672,55.5662930163493],[-2.26393239364666,55.5666228827444],[-2.26449641597144,55.5668697474146],[-2.26497430575345,55.5671518678518],[-2.26665938752307,55.5682396430517],[-2.26703994010623,55.5684586178245],[-2.26750699216496,55.5687548920298],[-2.26988614882394,55.5700288478117],[-2.27016105712061,55.5701852209006],[-2.27041787696103,55.5703930557392],[-2.27081187488999,55.5706956981456],[-2.27180618536802,55.5715178695943],[-2.27192620761053,55.5716151602907],[-2.27218919557528,55.5718492963144],[-2.27255659759362,55.5721534423782],[-2.27284133867498,55.5723318211156],[-2.27320128990811,55.5726183294623],[-2.2738069937072,55.5732912641178],[-2.27402318123074,55.573544718349],[-2.27493256237817,55.574358315132],[-2.27521752196149,55.5747171559509],[-2.27550404794286,55.5750803782582],[-2.27610358721027,55.5754557275356],[-2.2765576523129,55.5757176620599],[-2.27875914347321,55.5766832890072],[-2.28014773039284,55.5773199929463],[-2.28207708057313,55.5774567604811],[-2.28382562213184,55.5775949068302],[-2.28545638326517,55.5777360342188],[-2.28885147721374,55.5803513281579],[-2.2906542300442,55.5829599999043],[-2.2908648897416,55.5833051994577],[-2.2916581341564,55.58461406268],[-2.29196274741405,55.5851181574673],[-2.292382678898,55.5858411376144],[-2.29234218132075,55.5859857772011],[-2.29221555207576,55.5862130424916],[-2.29191759266149,55.5867051680909],[-2.29150553040311,55.5871547797448],[-2.29100261809282,55.5881406207568],[-2.29098965195275,55.588264719908],[-2.29057103641106,55.5892102641586],[-2.29044255176003,55.5894647004425],[-2.28981213589075,55.5901859122204],[-2.28949562199806,55.5905173109309],[-2.28844436522871,55.5912093920766],[-2.28819844992901,55.5913487003452],[-2.28805252787814,55.5919763779241],[-2.28805707842107,55.59241924188],[-2.28787465250231,55.592783090389],[-2.28801217978549,55.5931745816737],[-2.28817702836427,55.5935333995353],[-2.28839869114548,55.5939552509614],[-2.28847441718841,55.5941307120641],[-2.28860715130315,55.5949418680332],[-2.2884939845772,55.5950238780638],[-2.28812007479493,55.5951965463798],[-2.28788741440253,55.595282478513],[-2.28604050196103,55.5964891593456],[-2.28593561810501,55.5965438974188],[-2.28795432174741,55.5980067089067],[-2.28840494380679,55.5980262833774],[-2.28851043632758,55.5979800183775],[-2.28894701012832,55.5983533752462],[-2.28869446700899,55.5990748960718],[-2.28841610813928,55.5994525735652],[-2.28843713308589,55.600097993013],[-2.28820391954069,55.6002916223198],[-2.28793655356266,55.6005980728508],[-2.28775306063657,55.6009068848073],[-2.2878097241777,55.6011171403236],[-2.28815973072042,55.6013345556744],[-2.28834308703945,55.6014461486666],[-2.28853334143212,55.601591387167],[-2.29029976488072,55.6028046757458],[-2.29032053292566,55.6028384808399],[-2.29028073516093,55.6028941223256],[-2.28954962998572,55.6034841820388],[-2.28923236499216,55.6037737119033],[-2.28958952855705,55.6038584869354],[-2.28984421488691,55.6039256462884],[-2.29068458845361,55.6041552793275],[-2.29097527740349,55.6042377074407],[-2.29171499827962,55.6044210076958],[-2.29208236855142,55.6045532763619],[-2.29336625582722,55.6045519088375],[-2.295513598845,55.6083935860468],[-2.29528002996364,55.608667624728],[-2.29597872234013,55.608892483621],[-2.29800889872216,55.6095873639138],[-2.29826837876091,55.6096704745516],[-2.3026353103226,55.6110265408074],[-2.30580934446549,55.6120480006772],[-2.30594934625437,55.6120839468342],[-2.30630879011486,55.6118455357645],[-2.30634177874869,55.6118200512298],[-2.30728628679041,55.6111039242299],[-2.307693542922,55.6114998806978],[-2.30980071245029,55.6137609376218],[-2.31011618670149,55.6140902842004],[-2.31122408603398,55.6152455194545],[-2.31356655610496,55.6178025477409],[-2.31361220187852,55.6178519743044],[-2.31517320736498,55.6194823706581],[-2.3146430492288,55.6208823390777],[-2.31454045355026,55.6209083559475],[-2.31249020771317,55.6214739862493],[-2.31211427793826,55.6215865678997],[-2.31156912846055,55.6217476902489],[-2.30893411434479,55.6227912848882],[-2.30895938789204,55.6243690368747],[-2.30879764076644,55.6260501963848],[-2.30875404408072,55.6267268154826],[-2.3120702305831,55.6284979145896],[-2.31236442883118,55.6283970131099],[-2.31342636401234,55.6281012967953],[-2.31362874720094,55.6280555220821],[-2.314731706203,55.6279107854087],[-2.31507472831225,55.6278891806071],[-2.31745111701158,55.6281759473572],[-2.31865377781432,55.6280495742647],[-2.31940812745317,55.6278648067043],[-2.32038702667338,55.6272400493191],[-2.32042424993186,55.6272061534134],[-2.32050438983765,55.6271237970174],[-2.32066733223225,55.6268966869087],[-2.32082640495521,55.6267353903483],[-2.32095730564258,55.6266473739088],[-2.32096929708977,55.6266182099337],[-2.3211322283864,55.6264097577646],[-2.32139349979918,55.6263041600572],[-2.32160730924202,55.6262034215927],[-2.32177904046165,55.6261573376647],[-2.32303276529404,55.6261498711444],[-2.32448275105708,55.6262235380988],[-2.32508849256761,55.6264483155428],[-2.32686438707544,55.6269554133884],[-2.32800921186552,55.6273500782622],[-2.32851011942744,55.6278017620238],[-2.32926772591977,55.6284024053547],[-2.32935132081451,55.6284966496394],[-2.32962734042749,55.628928612467],[-2.32971199250816,55.62903446787],[-2.3302235131074,55.6293657231219],[-2.33028492668239,55.6293974413734],[-2.33102051045597,55.6295679762585],[-2.33156060894567,55.6297435797883],[-2.33186470857747,55.6297317827845],[-2.33207116103192,55.6297384267255],[-2.3327024682234,55.6300583598998],[-2.33363094529087,55.6306317464112],[-2.33396632354166,55.6308628068384],[-2.33457669104912,55.6313229676015],[-2.33465032931634,55.6313773521864],[-2.33516930360441,55.6319229525748],[-2.33598211398372,55.632433289349],[-2.33593893802298,55.6325840671693],[-2.3351914407042,55.6331539451294],[-2.33511552254299,55.6332995999074],[-2.33516465257783,55.6335011041662],[-2.33531959850799,55.6336174648841],[-2.33535390435512,55.6336736414613],[-2.33532724384975,55.6337519239293],[-2.33527038621625,55.633874212056],[-2.33515274003015,55.6342640152901],[-2.33418018088789,55.6345733970126],[-2.33379993507756,55.6346022866063],[-2.33313839845046,55.6345738960529],[-2.3326242379045,55.634741947805],[-2.32986861737619,55.6355217684772],[-2.32932657896453,55.6356139774769],[-2.32726454851115,55.6361878265294],[-2.32714919494782,55.6362841597457],[-2.3270475582803,55.6363693658712],[-2.32681669688008,55.6365140712644],[-2.32670432391949,55.6365851550255],[-2.32661035521806,55.636664506277],[-2.32644450273547,55.6368189698308],[-2.32604062637385,55.6372734050513],[-2.32566895464224,55.6380828219114],[-2.32569103396362,55.6386487212271],[-2.32581579933825,55.6389596097404],[-2.32602182866274,55.6399234622116],[-2.3259603820852,55.6402875894684],[-2.32589508621784,55.6407197686748],[-2.32523896152349,55.6428575277305],[-2.32513080494548,55.6429426344466],[-2.31773564006978,55.6431233822581],[-2.31455279434124,55.6437114713363],[-2.31420007571281,55.6439181878471],[-2.31033713931392,55.6460620252546],[-2.30653593463832,55.646945774909],[-2.30380375937157,55.6472050686589],[-2.3032494271433,55.6472329301522],[-2.29730801036746,55.6467587505535],[-2.29516412228357,55.6460784521965],[-2.29432181658202,55.6458155312232],[-2.29276446612031,55.6452455535513],[-2.29162331525725,55.6445688851464],[-2.29076616224098,55.6441760574791],[-2.27887930049575,55.6427494591942],[-2.27848199577971,55.6427322999973],[-2.27136747904231,55.6428646711937],[-2.26974468404285,55.6430404219878],[-2.26664671425085,55.6436240957312],[-2.26639709483634,55.6436668225794],[-2.2571758392001,55.6446122395823],[-2.25576421386536,55.644486458838],[-2.25495978520868,55.6443367128118],[-2.25358539870061,55.6439404437372],[-2.25208343680944,55.643466201158],[-2.25144933629656,55.6432175663863],[-2.24981590967829,55.641585212794],[-2.24973227702198,55.6415159929235],[-2.24956233152904,55.6412825404904],[-2.24241903766162,55.6400381145582],[-2.23310060982015,55.6420886915276],[-2.23170939964971,55.6437470298148],[-2.23379457123451,55.6458096029378],[-2.2349605788305,55.6462686295588],[-2.23545930433251,55.6464214037864],[-2.23651519609106,55.6466141858796],[-2.23725203421766,55.6467292464079],[-2.2391686469107,55.6468903570634],[-2.24066448788043,55.6470717527895],[-2.24106621012641,55.6471887454368],[-2.24249430859671,55.6476851554576],[-2.24375483347662,55.6482577664425],[-2.24429398098882,55.648534927336],[-2.24567129498053,55.6530614653046],[-2.24144923078085,55.6546019797991],[-2.24122246202043,55.6546831625395],[-2.24105679866704,55.6547286965562],[-2.24029244916818,55.6549205165639],[-2.23972734397781,55.6550824732739],[-2.23957097550477,55.6551308452359],[-2.23561442691026,55.657162806238],[-2.23506037095183,55.6574796114753],[-2.23334141033411,55.6590904235299],[-2.23308246965814,55.6595914398526],[-2.23296593009223,55.6597630598792],[-2.2328023264852,55.6599562157155],[-2.23178616743293,55.6613178744579],[-2.23145619687899,55.6615422597058],[-2.22618569013569,55.6631930283978],[-2.22443509560445,55.663272838971],[-2.22089644147031,55.6634723334596],[-2.22070227306081,55.663513891426],[-2.21957226934346,55.6637676022477],[-2.2194696716182,55.6637934221441],[-2.21862973245621,55.6641569815894],[-2.2183361415087,55.6643650860404],[-2.21793455021906,55.6647160251836],[-2.21758342316636,55.66518624711],[-2.21746838875118,55.6654334930343],[-2.21705092219123,55.6667986247334],[-2.21704421993697,55.6670283396659],[-2.21706373313733,55.667215035753],[-2.21733897492814,55.6679026133329],[-2.21742347471648,55.668096212527],[-2.21797722736935,55.6696651540585],[-2.21866602579897,55.6707995618341],[-2.21905100833268,55.6712771726812],[-2.21934379217407,55.6717981875242],[-2.21971083205637,55.6733679302005],[-2.21952776395919,55.674397460045],[-2.2193935267556,55.6748279254021],[-2.21927566862945,55.675106793591],[-2.2190005574199,55.675546249655],[-2.2186595908019,55.6759067069948],[-2.21757313310337,55.6765998263105],[-2.21735273922972,55.676712115115],[-2.21577474516295,55.677335703039],[-2.21351466870649,55.6784825150651],[-2.21082163292959,55.6798862330843],[-2.20930228190308,55.6804120851287],[-2.20922736817706,55.680441504495],[-2.20889191351217,55.6806155798162],[-2.2087834700589,55.6809128471959],[-2.20869163274902,55.6810888917572],[-2.20859091715358,55.6812645110381],[-2.20839844466101,55.6820317817087],[-2.20833091047504,55.6831448851586],[-2.20828416933444,55.6832441196003],[-2.20810469441455,55.6837199610532],[-2.20408604845299,55.6867671551868],[-2.20288737880793,55.6869980293801],[-2.20113122638341,55.6871566651047],[-2.19970097171384,55.6874735204662],[-2.19746648750281,55.6886655869013],[-2.19729662974543,55.6888668542439],[-2.19671149919902,55.6896005567753],[-2.19623707167086,55.6901019343218],[-2.19620559429678,55.690128092945],[-2.19492500479521,55.6918503031564],[-2.19417512930408,55.6928159748285],[-2.19277689755045,55.6949135404382],[-2.19260298052674,55.6951143025069],[-2.19222096924823,55.6955205011119],[-2.19176305031754,55.695922057469],[-2.19113075975827,55.696290290136],[-2.19040897959571,55.6960866773751],[-2.18816054276305,55.6967691487727],[-2.18808847077006,55.6968484475951],[-2.18782218799568,55.6972301529981],[-2.18747529981011,55.6976713017755],[-2.18684259234166,55.698362778774],[-2.1867126138924,55.698544371769],[-2.18676112978175,55.6987738117934],[-2.18691117033396,55.69899915149],[-2.18526557803138,55.7007597188088],[-2.18363755298555,55.7018199043234],[-2.1835916444731,55.7018454603433],[-2.18221369216059,55.7025990088513],[-2.18158150626363,55.7029124873097],[-2.18115055591326,55.7030922781167],[-2.18006310150265,55.7033497670701],[-2.17843147264681,55.703543123913],[-2.17741206097495,55.7036403398479],[-2.17556631627698,55.7039674993411],[-2.17519913868108,55.7040434608446],[-2.17211540528983,55.7046389351108],[-2.170964238118,55.7048425663624],[-2.1704973754355,55.7049289265293],[-2.16998776651224,55.7050410552462],[-2.16934963392003,55.7052286354027],[-2.16842336574348,55.7055542964312],[-2.16745040522234,55.7059122883535],[-2.16724420578892,55.7060276130438],[-2.16717199050876,55.7061167537708],[-2.16660653462803,55.7068612207358],[-2.16665146100523,55.707166496687],[-2.16674637670965,55.7073353323491],[-2.16678514438273,55.7074379559837],[-2.16687532754961,55.7076393243069],[-2.16695985128942,55.7077713778811],[-2.16737524105178,55.7081725282643],[-2.1677482988882,55.7083822372648],[-2.16838723755229,55.7086266060397],[-2.16863729451337,55.708728547575],[-2.16932659126932,55.7091759186116],[-2.17250001216843,55.7108025329415],[-2.1749451412418,55.7134579161334],[-2.17565326364978,55.7142759992298],[-2.17608920838331,55.7148713949353],[-2.17635209087713,55.7153219262033],[-2.17669814031145,55.7158901671916],[-2.1769277446556,55.7161881427401],[-2.17700937867689,55.7163975478965],[-2.17708584620985,55.71823662409],[-2.17689450187816,55.7184835464623],[-2.17556864574114,55.7195255924728],[-2.1751091094368,55.7198450131682],[-2.17498612981488,55.7199190916617],[-2.17310689998254,55.7208754372341],[-2.17285282288909,55.7209783401367],[-2.17235209263311,55.7211545344405],[-2.17202467656054,55.7212689334699],[-2.17085006206247,55.7216596151865],[-2.17030104956268,55.7218377300191],[-2.169538624576,55.722085930699],[-2.16909081213722,55.7221901212109],[-2.16831591636906,55.7223362135682],[-2.16728334604898,55.7225015796453],[-2.16572694102631,55.7226450042405],[-2.16277727920808,55.7228348573449],[-2.15883363753463,55.7228401328881],[-2.15715802607864,55.7223776976243],[-2.1558518736281,55.7222049018232],[-2.15334681013864,55.7222183499594],[-2.15215001289716,55.7223878893262],[-2.15182965463454,55.722480939206],[-2.15135229280405,55.7227233105914],[-2.15063311029641,55.7231197986846],[-2.15051877364403,55.7231912426101],[-2.15016954133542,55.7234649447191],[-2.14997068222273,55.7236499925636],[-2.14912028803947,55.7246326139103],[-2.14881468884129,55.7251369746108],[-2.1482436792887,55.7260783283355],[-2.14779446112373,55.7269209180204],[-2.14777831145447,55.7269886128875],[-2.1477552690339,55.7274799001519],[-2.14776640211967,55.7275700211876],[-2.1478004816008,55.7277294459334],[-2.14806624259935,55.7294983348826],[-2.14863287789477,55.730723647067],[-2.14945181477522,55.7323500195214],[-2.14981445511412,55.7331116034945],[-2.14988218817419,55.7333230287253],[-2.14993959836087,55.7339019833112],[-2.14988964457673,55.7347924526772],[-2.14971119343687,55.735269219816],[-2.14952677579469,55.7356100664932],[-2.14766819295008,55.7373491160329],[-2.14696250359321,55.7378613228923],[-2.14587913676907,55.7385627434631],[-2.14571763622741,55.7386607580516],[-2.14534627696019,55.7388465479157],[-2.14428252728918,55.7392596642942],[-2.14257118477078,55.7397384341547],[-2.14172696069727,55.7399507218651],[-2.14099720036438,55.7401041183133],[-2.13993543297334,55.7403033240109],[-2.13897217142942,55.7404435759518],[-2.13792760156211,55.7404407982164],[-2.13475603425538,55.7402220608364],[-2.13442356613206,55.7401545993697],[-2.13350710222258,55.7399826921795],[-2.12565968143278,55.7372974920907],[-2.12299255843333,55.7373135756723],[-2.12215354134777,55.7374801366177],[-2.12166776242625,55.7376117019931],[-2.12059554700569,55.7377911091205],[-2.11948700275079,55.7379864502663],[-2.11898990984974,55.7381092637384],[-2.11845496910684,55.7383071699815],[-2.11813620023269,55.7384782710904],[-2.11763754936616,55.7387749578801],[-2.11758692379125,55.7388114362099],[-2.11747860038575,55.7388968447409],[-2.11724375828317,55.7391389157951],[-2.117206372898,55.7391919137621],[-2.11715968790114,55.7394544684993],[-2.1172875774,55.7398804351181],[-2.11734863292741,55.7401785430174],[-2.11755914142897,55.74085846834],[-2.11788185081077,55.7410747426751],[-2.11816009592028,55.7411818550068],[-2.11881959049779,55.7413865401627],[-2.11908244763148,55.741540943593],[-2.11918950418666,55.7416459994399],[-2.11929037564965,55.7421864963057],[-2.11917795268324,55.7425761414942],[-2.1191174626136,55.7426381663719],[-2.11884917334422,55.7429233830661],[-2.11875429944647,55.7430363888521],[-2.1182735571721,55.7443883607722],[-2.11692401570523,55.7463682366555],[-2.11591364066211,55.7473859587196],[-2.11542021921594,55.7477655564518],[-2.11441505314753,55.7482232698485],[-2.11410127821393,55.7482968922858],[-2.11273522478128,55.748328845809],[-2.11066338657857,55.7479006415162],[-2.10736804010484,55.7478477703841],[-2.10704260481323,55.7479892200153],[-2.10652531650445,55.7484186586044],[-2.10650734696083,55.7484500004404],[-2.10608848946722,55.749488691597],[-2.10600673233762,55.7497650755068],[-2.10596422046632,55.7499697287012],[-2.10595012988606,55.7505443734377],[-2.10595052696079,55.7506133411116],[-2.10600197102826,55.7512779059503],[-2.10624657802542,55.7517352127258],[-2.10648975785648,55.7520588467073],[-2.10737651414503,55.7534595532071],[-2.10809502083632,55.7544378133292],[-2.10887782565272,55.7553900642976],[-2.10891580169479,55.7554995397854],[-2.10900018738391,55.755778425758],[-2.10941646276619,55.7566749235908],[-2.10950969441926,55.7570021962714],[-2.10956870887932,55.7571855534644],[-2.10959530707987,55.7573722613272],[-2.10957402444863,55.7575922447433],[-2.10956962684733,55.7576764380916],[-2.10956999188983,55.7577942220901],[-2.10955252934212,55.7578951607556],[-2.10937491540903,55.7581995547365],[-2.10921982653054,55.7583649107652],[-2.10886070395973,55.7586832726967],[-2.10870665203548,55.7588167591836],[-2.10800772907769,55.7595396361174],[-2.10734580131693,55.7600801818416],[-2.10677039973632,55.760273692218],[-2.10551359463396,55.7607602527277],[-2.10265611662072,55.7617984650769],[-2.10171543116211,55.7620059587793],[-2.1011465288425,55.7621168015758],[-2.10004146054551,55.7622887413888],[-2.0986110549941,55.7624524171957],[-2.09677193009393,55.7626475117325],[-2.09547142065688,55.762761206015],[-2.0949733884193,55.7627640553507],[-2.09135155526277,55.7626300937416],[-2.0861946385556,55.762150887014],[-2.08563916018959,55.7620403321385],[-2.08564380959575,55.7621405259044],[-2.08570828361927,55.7637540176912],[-2.08577102010697,55.7642246389068],[-2.08600029162467,55.7645252633796],[-2.08606133385859,55.7647951852563],[-2.08611054076352,55.7655486163179],[-2.08594080624615,55.7655698428774],[-2.08566689787256,55.7656939131507],[-2.08558594321838,55.765788514159],[-2.08554798006213,55.765851237861],[-2.0857727048738,55.7673545900112],[-2.08577403824722,55.7673986397337],[-2.08571333584617,55.7679558694107],[-2.08571727518347,55.7680109068348],[-2.08573004638183,55.7680720784204],[-2.08609677228117,55.7687414539786],[-2.08620625618621,55.7689049647683],[-2.08633012299995,55.7690645604667],[-2.08650193597243,55.7692815883518],[-2.08685837636122,55.7699404671502],[-2.0873952205101,55.770807065004],[-2.08716054547115,55.7711383264211],[-2.08718097291578,55.7711997655333],[-2.08724922499962,55.7712608489819],[-2.08746575671813,55.7714518896617],[-2.08747410683837,55.7718663407408],[-2.08749164242948,55.772405856051],[-2.08746185504876,55.7725528822045],[-2.08712680826473,55.7737202466736],[-2.08654742444547,55.7750491526241],[-2.08653556773125,55.7752110944977],[-2.08656779483898,55.7757262917831],[-2.08658420154006,55.7758521525105],[-2.08662277132388,55.7760329676632],[-2.08681846555267,55.777113254445],[-2.08680546773275,55.7781602176921],[-2.08650788157251,55.778756334369],[-2.08627738279899,55.7794399805069],[-2.08592079157605,55.78135283811],[-2.0859053419032,55.7817887581143],[-2.08832186120103,55.785730875812],[-2.08852878925503,55.7866151178137],[-2.08854688692787,55.7866981843226],[-2.08826593662633,55.7885907420435],[-2.088262356971,55.7896560358682],[-2.08831510981118,55.7898335346408],[-2.08830709196935,55.7899619526783],[-2.08828191817525,55.7902057599203],[-2.08807169514554,55.790713713367],[-2.08798511899585,55.7908383555818],[-2.08781283268478,55.7909679324875],[-2.08678798105981,55.7917585824071],[-2.08612305434173,55.793045244561],[-2.08570188505766,55.7928936805926],[-2.08427714686235,55.7929538731335],[-2.08399012516495,55.7930320018664],[-2.08309983473903,55.7934010669345],[-2.08228367730531,55.7937939201491],[-2.0821250220345,55.7938461841199],[-2.08145054998632,55.7938379584581],[-2.07856672019426,55.7938347191637],[-2.07836388297742,55.7938716476384],[-2.07697416385277,55.7941170114039],[-2.07663744339426,55.7944763053039],[-2.0764743225704,55.7946217037882],[-2.07640425432398,55.7946807444897],[-2.07534744085237,55.7950769921438],[-2.07498148284477,55.7952551948481],[-2.07381004447682,55.7959795410024],[-2.07238675786607,55.7971121088659],[-2.06709675283139,55.7985137594479],[-2.06717372774459,55.799061751031],[-2.06662759390208,55.8006913117635],[-2.06521642477302,55.8016814746397],[-2.06505696656828,55.8017772105673],[-2.06491003030901,55.8018537136493],[-2.06335091272165,55.8023976867639],[-2.06328153518467,55.8024184149859],[-2.06235302001933,55.8026979954461],[-2.06051413261463,55.8026561184223],[-2.0551179914491,55.8028033091872],[-2.05292691422969,55.8026382985015],[-2.05282075500931,55.8025973631043],[-2.05172630323206,55.8029298276079],[-2.05106005331343,55.8031811306456],[-2.05033308184497,55.8034148106355],[-2.04965295796009,55.8036289753062],[-2.04876955266944,55.8039821601083],[-2.04809002099706,55.804236397778],[-2.04773182588889,55.8044045984853],[-2.04738538641856,55.8046065725144],[-2.04711670921518,55.8047361668932],[-2.04678265024241,55.8048751382285],[-2.04666359565818,55.8048819072964],[-2.04661783982482,55.8049065983829],[-2.04555253552174,55.8053559981316],[-2.04483185117867,55.805822414619],[-2.04406197686918,55.8062847376417],[-2.04386331773198,55.8063833715554],[-2.04366024188739,55.8064749158063],[-2.041978884288,55.807225239119],[-2.04185455366812,55.8072817397567],[-2.04188786375396,55.8073150436038],[-2.04221053482961,55.8075125094618],[-2.04173427384554,55.8078098221159],[-2.04149768260491,55.8077652513698],[-2.04102871579246,55.8080312417568],[-2.03908773648984,55.8090576505203],[-2.03887516038249,55.8091650213148],[-2.03766130572535,55.8096578490534],[-2.03689043887224,55.8098780646022],[-2.0364656310468,55.8100297831133],[-2.03489574519316,55.8108065995839],[-2.03458330465656,55.8110014887151],[-2.03440021569295,55.8110766862389]]],[[[-1.78047064829856,55.6862474510239],[-1.77849040449252,55.6679186318641],[-1.80243892208469,55.6682838279131],[-1.81559116164097,55.6824100031251],[-1.84239658845241,55.6787148478117],[-1.85495690773928,55.6856570113232],[-1.78047064829856,55.6862474510239]]]]},"properties":{"OBJECTID":1,"nuts118cd":"UKC","nuts118nm":"North East (England)","bng_e":417313,"bng_n":600358,"long":-1.72889996,"lat":55.2970314,"Shape__Area":8609938892.5159912,"Shape__Length":657578.2253037811,"GlobalID":"628608f5-673c-45c8-9082-f57ed9604a20"}},{"type":"Feature","id":2,"geometry":{"type":"MultiPolygon","coordinates":[[[[-2.67455532370944,55.1758914653134],[-2.6773244099723,55.1554875859256],[-2.65693941625415,55.1361318293746],[-2.59890282463441,55.1245758048232],[-2.59353940988699,55.1050960575882],[-2.56842600785256,55.0962614122787],[-2.56213639508934,55.0834621682408],[-2.50257438880654,55.0907586744816],[-2.48608636844165,55.0824435674386],[-2.50398494070243,55.0624298927397],[-2.48304985394768,55.0400191647851],[-2.57285163748474,55.0163984214987],[-2.57331076698798,54.9876377859608],[-2.60142928958836,54.9713401685047],[-2.59556897266802,54.9634809310272],[-2.5684915407607,54.9583618161907],[-2.56764946007627,54.9408560202632],[-2.54527258592314,54.9291719613162],[-2.56622128209416,54.9192380619115],[-2.57641404179617,54.8967171089035],[-2.60543022082818,54.8843823106913],[-2.5733523421198,54.8535461953728],[-2.58267104579286,54.845866780661],[-2.55830666625096,54.8167246148641],[-2.52388156442996,54.8060316626778],[-2.4954093168805,54.8103066683892],[-2.46059555925406,54.8341708128476],[-2.42311358988599,54.842635709786],[-2.41162383314695,54.8564307368855],[-2.3899854553691,54.8321552424512],[-2.34842858235133,54.8070792743468],[-2.32738520520277,54.8053324695403],[-2.31208952138217,54.7910150450277],[-2.32574674350163,54.7266292287794],[-2.35574349123696,54.6976521776582],[-2.35176911415474,54.6859308500204],[-2.32728766377434,54.6707277177742],[-2.29287495115685,54.6638852911091],[-2.28797868796525,54.6504801023106],[-2.32493776752811,54.6316502352618],[-2.30451453731364,54.5961978451789],[-2.20948818801017,54.5517133714193],[-2.1975305680915,54.5327039641308],[-2.1723980309078,54.5324441143894],[-2.15899719521648,54.4720296344683],[-2.17021302339882,54.4581987837772],[-2.17750847873329,54.4616257637065],[-2.18931554536264,54.4489784731498],[-2.24953922328776,54.451943434442],[-2.29286520123997,54.4393074900458],[-2.30814588993321,54.4197937706557],[-2.3055067367805,54.3971200644201],[-2.2917838819005,54.3909045135971],[-2.29744040796469,54.3768987644355],[-2.31704255656859,54.3763105167663],[-2.34464790839844,54.3596285089887],[-2.36771223909031,54.3560706134465],[-2.30984140862638,54.3243149765935],[-2.32452246430408,54.3031836211881],[-2.31909631948478,54.2571558292818],[-2.33765745302722,54.237599070526],[-2.36231711507671,54.2497526279053],[-2.37302060408509,54.2400989025802],[-2.39677965224386,54.2393810796993],[-2.40563193678957,54.2249151681],[-2.4608627348239,54.2267161351641],[-2.53397895527996,54.1576927119752],[-2.56050449736424,54.1530521175285],[-2.56474072525564,54.1270377033997],[-2.52400965393431,54.0946224792867],[-2.50952601848426,54.09542532987],[-2.46434741772274,54.0752794312082],[-2.46954984633601,54.0462122422008],[-2.42582648981449,54.0380949093913],[-2.37407297713542,54.049089059666],[-2.35732329415198,54.0191170929815],[-2.33956003666722,54.0094333166994],[-2.35231031316342,54.0105389040908],[-2.3523575747903,53.994673784309],[-2.33992318434633,53.9894277117706],[-2.31915123809815,53.9938420155099],[-2.29431971642849,53.9744329531681],[-2.2303452943243,53.9815303417212],[-2.22106275403335,53.9779275801369],[-2.23201544738715,53.9712299750749],[-2.22573625583686,53.9610994501704],[-2.19601836748574,53.9695758437188],[-2.18452239163443,53.9522641291998],[-2.1822814241041,53.9353902718923],[-2.13222410689383,53.9265088494222],[-2.11334616134555,53.9156268526832],[-2.10301894795807,53.8909412953509],[-2.0814470581946,53.8756803205615],[-2.08991499194431,53.8681819711459],[-2.04613032171158,53.8501412455589],[-2.04692463706426,53.8295102801531],[-2.06125057169467,53.825635480166],[-2.11227899052741,53.8057083882261],[-2.12835851818234,53.7990313020996],[-2.12481550058645,53.7880553415977],[-2.13636274881596,53.7801044577266],[-2.13117443617839,53.7515444474769],[-2.17329358668378,53.7230116830123],[-2.14632807589261,53.6822315285504],[-2.14225755109971,53.6780058080654],[-2.13412727234234,53.6857340281769],[-2.1180850077066,53.6712452223647],[-2.09290647551425,53.6701611230339],[-2.05124217318663,53.6836917577475],[-2.02681574056354,53.6241671452069],[-2.02303595762489,53.6158394751116],[-2.00947078713067,53.6167795093416],[-1.94272585126934,53.5616412923143],[-1.91288464280477,53.5516436131577],[-1.90962083195931,53.5383909847492],[-1.92678065561178,53.5209487487908],[-1.92197284577823,53.5099546830941],[-1.95133267476037,53.5041988370928],[-1.96338598926175,53.5098272588713],[-1.98781957548878,53.4811103984839],[-1.98579237816078,53.4552267712617],[-2.00823485273573,53.4415492977174],[-2.00421605197436,53.4359217849573],[-2.01422750540692,53.4397627528623],[-2.02625541753875,53.4298651605297],[-2.01369718203011,53.4158901089033],[-1.99232947055926,53.4151931321386],[-2.00464286724178,53.3863272757033],[-2.03377543264324,53.3755415688795],[-2.03105846324235,53.3702623852105],[-2.00678505242807,53.3545721116546],[-2.00948185124685,53.2606524540895],[-1.97485875421024,53.2310610525695],[-1.9902645357307,53.2229988973055],[-1.98740775867054,53.2135858478158],[-2.00020198978735,53.1937374969011],[-2.04652710695767,53.1926476554711],[-2.07023261967366,53.1716862921242],[-2.11207676339835,53.1686598081662],[-2.14043876356346,53.1838127668164],[-2.14141084524988,53.1566523912102],[-2.15564486007342,53.1596189573855],[-2.21131492625509,53.1158244623253],[-2.24740691730844,53.0898498456923],[-2.25324849091039,53.09397699263],[-2.29337580821605,53.0783263863953],[-2.31805098762948,53.0813587562204],[-2.34758567132664,53.0561702915322],[-2.38124882128933,53.0525513177503],[-2.38422739106503,53.0261675763665],[-2.37046780520021,53.0145758510409],[-2.38304468513682,53.0077867854615],[-2.38079367935244,52.9984110604571],[-2.43676051035001,52.9862560826523],[-2.43461402318088,52.9695213465112],[-2.48115277113679,52.9588178864802],[-2.52142791207088,52.9742651272254],[-2.52951582205192,52.9471648766016],[-2.56126288257306,52.9649521042153],[-2.58641372795252,52.9553790869194],[-2.59769347126789,52.9630059890664],[-2.59488906783669,52.9796071466041],[-2.63265093994968,52.9966707863035],[-2.67466228544539,52.9856628085895],[-2.69929243703802,52.9954387968738],[-2.72684060651861,52.983272945399],[-2.75994017906182,52.9864196655719],[-2.76827535221425,52.9948605023944],[-2.80331096841958,52.9895941844712],[-2.83599558994558,52.9971501459262],[-2.84406201372055,53.0176683661747],[-2.86104429457711,53.0228486540987],[-2.85571506739735,53.0372559033539],[-2.87011791099737,53.0453605923251],[-2.85924038285366,53.0542555261095],[-2.87255483684093,53.0586155388186],[-2.86147506308672,53.0606603992849],[-2.88164358491404,53.0743920831055],[-2.87572225289257,53.081522026747],[-2.90207396483235,53.0920394241041],[-2.88109940906302,53.1216037166039],[-2.91023233561463,53.112638962436],[-2.96381312366887,53.1327575241804],[-2.97949802676876,53.1506216442511],[-2.99508831007253,53.1541959610659],[-2.92783850916245,53.1714114098252],[-2.92229929315189,53.1892926708261],[-2.99837824067657,53.2358586424732],[-3.03602413174397,53.2518049826493],[-3.0784978794292,53.2560494532892],[-3.08992534176192,53.2595270735808],[-3.09466524747845,53.2628479634901],[-3.09969394935142,53.2705731207757],[-3.08244748959804,53.2714958747395],[-3.09181853982936,53.278335707886],[-3.07724116308013,53.2778648326394],[-3.08388136359273,53.2794509282594],[-3.08686453610091,53.2889055531131],[-3.09328010291051,53.2844161438198],[-3.10402538876267,53.2880557626041],[-3.10373312573213,53.2999943578299],[-3.10373226363459,53.3000293480495],[-3.10901471665783,53.2972575074564],[-3.11663435584391,53.3117186557099],[-3.1223365567523,53.3225338826795],[-3.18627701946446,53.3644460310073],[-3.20036933431262,53.3875143299595],[-3.17363263058714,53.4014358308643],[-3.04032032143673,53.4428965495339],[-3.01645759994499,53.4105771108966],[-3.00252213292019,53.3747324521466],[-2.93416925104187,53.3132880412501],[-2.92875646075434,53.3084129903998],[-2.92857331933708,53.3082480171298],[-2.9017309780347,53.2992348294058],[-2.87619365493837,53.2906506488687],[-2.84558026284004,53.2911340378622],[-2.81268616149173,53.3048152226411],[-2.78948998246065,53.2968497265057],[-2.75282737699663,53.3145693682061],[-2.75248859873539,53.314732310533],[-2.75221112279137,53.3145701758262],[-2.73883665405291,53.3070515344879],[-2.73820557945434,53.3066963774058],[-2.7386470163983,53.3071269587921],[-2.74632050932726,53.3146100987079],[-2.76305805408539,53.3309217412094],[-2.75324999879397,53.3435995570505],[-2.74020277745821,53.3450648988112],[-2.73819144573771,53.3479364628479],[-2.75913357312307,53.349606490723],[-2.77552578436759,53.3389537551449],[-2.78558417252767,53.3234594279117],[-2.82214951205345,53.3334093671374],[-2.82758346757384,53.3309814513604],[-2.83647465418966,53.3270076975817],[-2.87815839922313,53.3341988390034],[-2.90270939424275,53.3456065309872],[-2.98172329941806,53.3822445228796],[-3.00335567691207,53.4141066212145],[-3.00864347136426,53.437879131429],[-3.00875528920072,53.4383815449873],[-3.02724650969833,53.4537737686361],[-3.02382007761626,53.4548168869803],[-3.04421074156667,53.4701544229808],[-3.05737829413939,53.4920389689001],[-3.06506185134544,53.5047971943267],[-3.0632377290718,53.5238956199428],[-3.07612041548338,53.5233811140731],[-3.10476869649222,53.547204300792],[-3.09750114136091,53.5744243779429],[-3.04272483713429,53.6363293606667],[-3.00018354427599,53.6723044087554],[-2.96934752856555,53.698333035434],[-2.9714896006178,53.6921622621163],[-2.95621907693553,53.6974878594766],[-2.94697562310659,53.6986438773851],[-2.95463935743039,53.7050511319043],[-2.93475045316612,53.7046406669385],[-2.9482433488166,53.711781965209],[-2.93828309629701,53.7249364291373],[-2.92521584249927,53.7200406276501],[-2.9287670580997,53.7252290055912],[-2.91509533826854,53.7260983326474],[-2.91085397764044,53.7267573074979],[-2.86806794880356,53.7333954201038],[-2.8646681725079,53.7339221355858],[-2.84831612217011,53.7300131291511],[-2.85516564284716,53.7355292682917],[-2.82549537988503,53.7442991467614],[-2.82796754861786,53.7438180504203],[-2.85880657897417,53.7378114510597],[-2.90095947572311,53.7327914472878],[-2.91098578467652,53.732858354555],[-2.95167935735312,53.7331216960336],[-2.9416605692629,53.7362829024484],[-2.97476868110811,53.7339393786184],[-3.01546711138305,53.7386020087336],[-3.04947685240063,53.7573022388127],[-3.06118328404948,53.7758215936712],[-3.06222639863076,53.7774709240549],[-3.05519698010447,53.8515996033536],[-3.05292612755606,53.8754892176321],[-3.05280542019172,53.8767583778288],[-3.04928724909891,53.9206147836669],[-3.00608980348461,53.9280637055683],[-3.00693525378847,53.9015760694798],[-2.99666606539546,53.9310795515251],[-2.91573897028752,53.9513299940961],[-2.91501010653527,53.9515120442007],[-2.91573080918808,53.9509564261463],[-2.9218798253388,53.9462151357289],[-2.91556468767254,53.9433507431046],[-2.90487573548412,53.9385008313588],[-2.88668796798608,53.9416177940568],[-2.89432661972383,53.9465412930192],[-2.88520312871141,53.9484663101921],[-2.87043151885362,53.951581197095],[-2.88709314787436,53.9583610535086],[-2.87144059785946,53.9566693091669],[-2.86177542506835,53.9647226235013],[-2.84500555608155,53.9653802179169],[-2.8718376478449,53.9702584522981],[-2.87904594833038,53.9791199346507],[-2.85608877511648,53.999580051195],[-2.83245917394047,53.998800203266],[-2.83218697687557,54.0094317198619],[-2.86078155432879,54.0038741362912],[-2.87145099439062,54.0046590238401],[-2.88081778183872,53.989529136475],[-2.8839783959381,53.9947340585761],[-2.89793355319997,53.9911029182047],[-2.903451686906,54.0206151581136],[-2.91741704066226,54.0276322837145],[-2.92427604148748,54.0310771545493],[-2.91806733662325,54.0324875551306],[-2.91752654803205,54.032610373777],[-2.9122780368112,54.0338022333826],[-2.92186503112761,54.033827468468],[-2.91757419812776,54.0353856660596],[-2.90620640968882,54.0395141893166],[-2.87982322139873,54.073205596752],[-2.87400501102749,54.0750343343714],[-2.84721901467047,54.0775007500968],[-2.81958797432495,54.0887953336166],[-2.82861588191478,54.0896412919209],[-2.82694880978734,54.0999769129241],[-2.80858132940427,54.1081466444891],[-2.79183607150027,54.1296489211719],[-2.79867889107681,54.1270866851858],[-2.82938031438137,54.1441668879734],[-2.81908582869265,54.1541950393338],[-2.82924650736981,54.1536798456625],[-2.83490504437883,54.1610600771821],[-2.83721688341209,54.1741723969764],[-2.84072004813024,54.1760485148556],[-2.86297899269562,54.1827745615177],[-2.86411908136472,54.1920402500692],[-2.84247346496353,54.2055169937701],[-2.90577754327719,54.1943378342408],[-2.92056807859433,54.1699977753438],[-2.93186220897798,54.1513911398703],[-3.01362125913997,54.1315711015089],[-3.00007059073136,54.1526098687215],[-3.00217718458062,54.1664759020312],[-3.0387685615752,54.1972030106553],[-3.03241872366819,54.2113154638209],[-3.05313738536096,54.19888740792],[-3.06194353469101,54.1804658622542],[-3.06085590605716,54.1619982411199],[-3.07797482299307,54.1539744337138],[-3.10464988316759,54.1200043894808],[-3.14265348863944,54.0973914600299],[-3.14946583006625,54.093818673933],[-3.17239863774221,54.0817840497591],[-3.15071068391186,54.0647853552733],[-3.17797478044338,54.0748780363841],[-3.17374793736603,54.083393285241],[-3.19410631589782,54.1042695179869],[-3.22024927831753,54.0897123805083],[-3.2246810649641,54.0936891821045],[-3.24212179673837,54.1093302991978],[-3.23701633300167,54.1547397787887],[-3.24957958606358,54.1548041935093],[-3.25653981556018,54.1687019651447],[-3.23300144823035,54.173939568138],[-3.23294692834286,54.1739439871277],[-3.22709357212796,54.1752532441279],[-3.21715244589099,54.1774629255389],[-3.21739853240634,54.1862329217477],[-3.20806696956194,54.2096808813571],[-3.20598822814348,54.2149005589011],[-3.20492715073369,54.2175643940111],[-3.18894011871343,54.233976150762],[-3.19756441110454,54.228797199147],[-3.21406016177514,54.2565666851626],[-3.22904062470244,54.2599041297062],[-3.22698049488893,54.2571145067532],[-3.22290860899561,54.2515995402352],[-3.22932538571476,54.25039383786],[-3.23153092559508,54.2499793254497],[-3.22928874110137,54.2491629170462],[-3.22392197789873,54.2472085112502],[-3.2290815396014,54.2422042485086],[-3.23823452772117,54.2333232657573],[-3.23312467195477,54.2287711425762],[-3.2514681926286,54.2158307049],[-3.24519472502717,54.2093026754049],[-3.23926055781039,54.2031255296549],[-3.25398110015822,54.19163836193],[-3.28570470118428,54.1958686898002],[-3.29936760564085,54.1884098610826],[-3.31873550759568,54.1892519422998],[-3.33923707568463,54.2082946346458],[-3.42140378301498,54.2844012343323],[-3.41402530609553,54.3579319796039],[-3.43528677625819,54.3433826259939],[-3.47952347904447,54.3864165564747],[-3.50961775129594,54.4156311160393],[-3.54349144391173,54.4426785100356],[-3.5929852206478,54.4821162178589],[-3.60905352372149,54.4874291140953],[-3.63638456441411,54.5091716486961],[-3.63731991509595,54.5135111109543],[-3.62175992113876,54.5227087998808],[-3.61360723180057,54.525034464979],[-3.6117004148718,54.5286518702839],[-3.60779862093526,54.5309563351107],[-3.59772781101134,54.552937830408],[-3.59114477365212,54.5529611929614],[-3.58677968288346,54.5648137394503],[-3.57374816156973,54.6001577425551],[-3.57329250450708,54.6008582059964],[-3.5658951991451,54.6122261733297],[-3.57995102865804,54.6523195505312],[-3.57992356991,54.6523405255097],[-3.5717433164642,54.6508462951525],[-3.55197587602122,54.6666425513809],[-3.51898115057652,54.6929745695924],[-3.51327443549848,54.708435261193],[-3.50557274462562,54.7199483733384],[-3.45689130382966,54.7461993720616],[-3.43901714292289,54.7563527375551],[-3.43785621835978,54.8016272329283],[-3.39865216665493,54.8690530274784],[-3.3756760846359,54.8853230227092],[-3.36335262507846,54.8926029459971],[-3.33884600100406,54.9002339779053],[-3.3397576363089,54.8962695706927],[-3.29623139636448,54.8801756679626],[-3.28185568839127,54.8749770000044],[-3.28804736105762,54.8926061025184],[-3.26374247727317,54.8912941475743],[-3.2496349171867,54.9020969090464],[-3.25434585584413,54.9108627507468],[-3.27457987779308,54.903091353404],[-3.30927171651144,54.9120426915753],[-3.31347585198435,54.918893046136],[-3.30251924346492,54.9276984395908],[-3.28543055451543,54.9414223528967],[-3.25041178824949,54.9442082125107],[-3.24786720664523,54.9444102342139],[-3.21423309816055,54.9552903903494],[-3.18600279772018,54.9499339551814],[-3.15515602198148,54.9323582354792],[-3.1320476353911,54.9294066395025],[-3.118814250283,54.9277141752863],[-3.11833785044259,54.9278193930671],[-3.11023495427967,54.9296085246758],[-3.07361916112285,54.9376846528358],[-3.12975827247034,54.9343979849851],[-3.13144652884464,54.9472216726515],[-3.10873226255122,54.9491150479562],[-3.11627042069508,54.9606622840823],[-3.10406462110573,54.9711115467268],[-3.0765988749235,54.9678804933466],[-3.07612927325076,54.96927352209],[-3.07187821606342,54.9689340839761],[-3.05707708089416,54.9829632490225],[-3.05620773940094,54.9872724094492],[-3.05734177658678,54.9868948242608],[-3.05627058884159,54.9878363781877],[-3.05634861255728,54.9879097106378],[-3.05664535818371,54.9881835797844],[-3.05696894869357,54.9883802715484],[-3.05717860663287,54.9885308935946],[-3.05764424371116,54.9892181983561],[-3.05777795331098,54.9896883093546],[-3.05775209285413,54.9902580658614],[-3.0578005544884,54.990417238403],[-3.05787983231607,54.9906220707211],[-3.05793940482291,54.9907178116517],[-3.0580469009682,54.9908524062058],[-3.0582601965618,54.9910099431281],[-3.05838802371511,54.991373446095],[-3.05831798029082,54.9914973752094],[-3.05822483500387,54.9915856487454],[-3.05814746513238,54.9916623036694],[-3.05809762968761,54.9916939764883],[-3.0576986112288,54.9917975823217],[-3.05695541352292,54.9919691030536],[-3.05615987517011,54.9921362111777],[-3.05548205341358,54.9922798161801],[-3.0539380265989,54.9926541515078],[-3.05330879834406,54.9928462634803],[-3.05201069173803,54.9935494002271],[-3.05273477989285,54.9945560113395],[-3.04999780635304,54.9963315525683],[-3.04994109804417,54.9963954236952],[-3.04875080715695,54.9972365858433],[-3.04863334160213,54.9972848672693],[-3.04512502781061,54.9980777914029],[-3.04410765584011,54.9989813156767],[-3.04561536424261,54.9994262984017],[-3.04612005483801,55.0001385880551],[-3.04644727832596,55.0006681937258],[-3.04643498028374,55.0020419909392],[-3.04672667044371,55.0042314791529],[-3.04680285422528,55.0046407610674],[-3.04679939059878,55.0048097171558],[-3.04538247610857,55.0056867748305],[-3.0453026646252,55.0057693240964],[-3.04505593237029,55.0060604898118],[-3.04502013323419,55.0061345584018],[-3.0451564229387,55.0067530222269],[-3.04529286878788,55.0070807891797],[-3.0449421707011,55.0075247860385],[-3.04728716128571,55.0070902137175],[-3.04758962587421,55.0069720647895],[-3.04973571227725,55.0078656670501],[-3.04973286079355,55.0079650482233],[-3.04973157331912,55.0080071030643],[-3.04961432863419,55.0081811911211],[-3.0494851329202,55.0085066505338],[-3.04772379624205,55.0099786682863],[-3.04773137453706,55.0100963414815],[-3.04508948790477,55.0122170677047],[-3.04523829801996,55.0124462692767],[-3.04199372208317,55.0142081926258],[-3.04250438136698,55.014399059673],[-3.04189752635657,55.0155304821878],[-3.04179058246592,55.0157479358258],[-3.03978866451529,55.0161513560888],[-3.03974338488481,55.0161772003168],[-3.03926125936026,55.0165183898274],[-3.04062567805242,55.0178764441005],[-3.04057211035974,55.018001934078],[-3.0405799313925,55.0183812676149],[-3.04057278249898,55.0184247436963],[-3.04055666332123,55.0186529898784],[-3.04065687976651,55.0187690986817],[-3.04184998721404,55.0192459041914],[-3.04189503414763,55.0194134095088],[-3.04233001675943,55.0196624229338],[-3.04174184089017,55.0201746673311],[-3.04153812872153,55.0202936207917],[-3.03994891593411,55.0202938132035],[-3.03976234857677,55.0203712124729],[-3.03968163931403,55.0204430542856],[-3.03966688997912,55.0204698883781],[-3.03965534326077,55.0205031016021],[-3.0407446829942,55.0210149905371],[-3.04076718470431,55.0209921815533],[-3.0408772337529,55.0209185584335],[-3.04112171099785,55.020899359198],[-3.04114912575873,55.0209262809718],[-3.04126960363457,55.0212514198874],[-3.04086833236091,55.0217064832488],[-3.04026996889051,55.0224082024814],[-3.04017023205207,55.0225906474534],[-3.04012659207881,55.022635132899],[-3.03976174397236,55.0227981832055],[-3.0393791682932,55.0228716451849],[-3.03919097912025,55.0228701330766],[-3.03910924752216,55.0228576615794],[-3.03805803505009,55.0222334001777],[-3.03798535838357,55.0221836427623],[-3.03703006174693,55.0219291616252],[-3.03656263215475,55.0219494297399],[-3.03503050347374,55.0226956004385],[-3.03448672761725,55.0228951354278],[-3.03434083522747,55.02300525517],[-3.03438616752121,55.0238577597971],[-3.03297179914409,55.0243046506231],[-3.03215694242361,55.0243470238542],[-3.03179045054846,55.0265595920575],[-3.03168103875998,55.0267962960666],[-3.03186173622062,55.0272733743429],[-3.03233369301446,55.0278585133998],[-3.03223885725271,55.0280203424145],[-3.03222609743864,55.0281806562394],[-3.03258461317967,55.0285769163975],[-3.03387740978166,55.0290280156046],[-3.03402907520837,55.0291188554577],[-3.03433944194835,55.0298205583336],[-3.03431555865331,55.0299050208811],[-3.03427244141442,55.0299758139998],[-3.03372328682587,55.0302715330344],[-3.03302330764744,55.0304627285387],[-3.03221333264385,55.0311194711547],[-3.03194334063771,55.031594347917],[-3.03180940840806,55.0325446666862],[-3.03135378164646,55.0331750780656],[-3.03036938528682,55.0336961163592],[-3.03000517118956,55.0341052825431],[-3.02795756026291,55.0342723237299],[-3.0260391829307,55.0366210886018],[-3.02612962422822,55.0366405957095],[-3.02657230472635,55.0366186640192],[-3.03229519999777,55.0398714921397],[-3.03390675988278,55.0394418137243],[-3.03392505538173,55.0392900549128],[-3.03394563230005,55.0391195281481],[-3.03427884690354,55.0389425361539],[-3.03438793087553,55.0389209145387],[-3.03604198136089,55.0393445987251],[-3.03637407947886,55.0400739498608],[-3.03661094826599,55.0403618160733],[-3.0369901949812,55.0406445008149],[-3.0374688439282,55.040964859289],[-3.03781345897481,55.0411800371955],[-3.03785415656843,55.0412045026931],[-3.03814689832564,55.0413449598708],[-3.03950856577559,55.0411176272382],[-3.03970759239655,55.0410766042637],[-3.04014765127655,55.0411364529921],[-3.04028508158291,55.0412494013568],[-3.04032759494067,55.0414399591062],[-3.04028999509086,55.0415063279184],[-3.04021765021291,55.0415785384686],[-3.03869558028215,55.0431416250283],[-3.03870311824821,55.0439842108198],[-3.03898388969595,55.0443111295535],[-3.03963088545589,55.044655768682],[-3.03981366766494,55.0447253756253],[-3.04027951702045,55.0448154583675],[-3.04070612007519,55.0447898966083],[-3.04185358056864,55.0445632522028],[-3.04311105724881,55.0447346947412],[-3.04388550500977,55.0448337894511],[-3.04334906518014,55.0466033772893],[-3.04314200710247,55.0471220275762],[-3.04315567395634,55.0471506915913],[-3.04322549035855,55.0472588939327],[-3.04490139441076,55.0472595836196],[-3.04611957254385,55.0473078312066],[-3.0465237327062,55.0473390672922],[-3.04750087757621,55.0477127267678],[-3.04841596925044,55.0481923981385],[-3.04846584134931,55.0482144087331],[-3.05002535447413,55.0486596932019],[-3.0509194766907,55.0487846563668],[-3.05095765518829,55.0487597286582],[-3.05100059884349,55.0487242491139],[-3.05133582689218,55.0482471402732],[-3.05147169394738,55.0479038915065],[-3.05152988827262,55.0478232852177],[-3.05160222801546,55.0477213996156],[-3.05165049865618,55.0476403146695],[-3.0516925088536,55.047605356958],[-3.05293330534178,55.0471913207194],[-3.05346077166936,55.0473159693435],[-3.05371303562589,55.0476036392204],[-3.05363173119621,55.0483559264927],[-3.05363091510408,55.0485031072385],[-3.0533792267117,55.0488856169428],[-3.05345667827808,55.0492138866049],[-3.0534536897852,55.0493026582686],[-3.05317830681354,55.0498584526379],[-3.0529154926883,55.0500496394895],[-3.0527616408622,55.0501127981765],[-3.05243369854306,55.0502736250016],[-3.05218008083918,55.0505408625779],[-3.05145921553048,55.0510921689939],[-3.05132950082444,55.0521391146076],[-3.05117773094252,55.0526450553567],[-3.05105356865868,55.0527348503404],[-3.05098537521999,55.0527724504626],[-3.05075889322296,55.0528663037233],[-3.04992532422264,55.0529398560142],[-3.0491303432158,55.0530481327785],[-3.04805769231832,55.0530574312353],[-3.04506853455735,55.0543437640191],[-3.04412004166621,55.0547543890887],[-3.0436230510357,55.0549728699935],[-3.0424731930386,55.0555725522554],[-3.04167250216675,55.0554982365709],[-3.04116682420936,55.0554459792168],[-3.0394541189564,55.0552140822807],[-3.03868539228694,55.0552212461613],[-3.03446853239869,55.0554104406962],[-3.03349143744848,55.0553944367081],[-3.02867313158673,55.0553068073413],[-3.02610750740516,55.0552034279242],[-3.02316762099886,55.0550419660794],[-3.02175250506713,55.0549171600725],[-3.02027050665609,55.0547645172368],[-3.01003339680859,55.0536356062618],[-3.00977182301604,55.0536067521294],[-3.00770978197561,55.0534288864436],[-3.00547874809484,55.0530927707471],[-3.00369198056919,55.0528996021791],[-3.00189852918642,55.0527216065801],[-3.00042752408794,55.0525072508739],[-2.99931612799359,55.0524084095335],[-2.99796659711021,55.0522978219896],[-2.99587448406319,55.0521180708731],[-2.99450735448282,55.0519961465961],[-2.99427183942423,55.0519815107138],[-2.99366246963222,55.0519761245583],[-2.9765079292913,55.0505858203155],[-2.97254706807211,55.0502589192492],[-2.96973479459146,55.0501351574668],[-2.96428886029613,55.05004050349],[-2.96354135418009,55.0498937512663],[-2.96300554579106,55.0497380716524],[-2.96216291157651,55.049597462471],[-2.9619599410084,55.0495685727259],[-2.96005139821895,55.0495473544002],[-2.95978152055682,55.0495899616968],[-2.95929342892753,55.0492913422681],[-2.95924222632424,55.0492589326401],[-2.95849963340204,55.0494946301267],[-2.9578573671426,55.0507367914239],[-2.95739532312267,55.0516924507071],[-2.95674552535133,55.0531018901048],[-2.95668347767202,55.0532161853537],[-2.95641655387446,55.0536635220436],[-2.95625863656913,55.0538809704083],[-2.95617351447579,55.05399351002],[-2.95549649839478,55.0547062891436],[-2.95502547471001,55.0548842915867],[-2.95483179142639,55.0549389042129],[-2.95185576682856,55.055301515491],[-2.94772220112663,55.0556363767512],[-2.94607645759873,55.0566456348763],[-2.94565938164568,55.0570587027931],[-2.94482955025871,55.0577082285286],[-2.94377918858067,55.0581639336217],[-2.94283642556828,55.0583713971135],[-2.94208198657101,55.0585396818982],[-2.94136922514185,55.0587103967505],[-2.94080802742351,55.0588684140571],[-2.93982929975791,55.0590888707344],[-2.93952252358986,55.0591513499767],[-2.93823508728795,55.0592240282579],[-2.93723845076996,55.0591277071537],[-2.93715273344707,55.060534479342],[-2.93738944543786,55.0606637397607],[-2.93776264935027,55.0608135653337],[-2.93790739760665,55.0608586000128],[-2.94093571958381,55.0620301523739],[-2.94125827384097,55.0622174868091],[-2.94277174658573,55.0637398880024],[-2.94305774233992,55.0643078213891],[-2.94310351103862,55.0644726527328],[-2.94313257520859,55.0645922151536],[-2.94312321408843,55.0650428826351],[-2.94291790323022,55.0658235807508],[-2.93923584910811,55.0697966851124],[-2.93893863339007,55.0699202533658],[-2.93763991156543,55.0703904889394],[-2.93733658874784,55.0704843743052],[-2.93501936383884,55.0710856207813],[-2.93248893686491,55.0711832742013],[-2.932202487895,55.071121671355],[-2.93210662770437,55.0710751405099],[-2.93104755935881,55.0707249455398],[-2.93040085460551,55.0705520087268],[-2.92990327114139,55.0704232085114],[-2.9272255087107,55.0703494421671],[-2.92619804314257,55.0705601222178],[-2.9260537107748,55.0706154605227],[-2.92174634292637,55.0722972920747],[-2.92169953718357,55.0723131181067],[-2.92107685916923,55.0725826996926],[-2.92028069217799,55.0729670497692],[-2.91848031988041,55.0742241801253],[-2.91815775472988,55.0744631030483],[-2.91799888047061,55.0745807923368],[-2.9172164528656,55.0751990780725],[-2.9169564319588,55.0755049275266],[-2.91674950214164,55.0758211100394],[-2.91270197737792,55.0789992707083],[-2.91117332998404,55.0777356543583],[-2.90861459760537,55.0772584209758],[-2.90303229310562,55.077081435074],[-2.90242854883038,55.0770301841489],[-2.90150090748612,55.0769620641879],[-2.89704736694534,55.0778718023282],[-2.89693920778262,55.0779218591687],[-2.89644035491157,55.0782845223383],[-2.89611439349169,55.0788359007249],[-2.89576452039973,55.0799087340843],[-2.89559737315741,55.0802657570173],[-2.89533735528655,55.0807663733634],[-2.89487117888589,55.081539659252],[-2.89396271397088,55.0829314334611],[-2.89393268230724,55.0829754926256],[-2.89262763789143,55.0850194959136],[-2.89281234858798,55.0854914994249],[-2.89287599091168,55.0855385847532],[-2.8933949125295,55.0858606449576],[-2.89347425116041,55.0859440362766],[-2.89359400575451,55.0860740933891],[-2.89317680196982,55.0879130296802],[-2.89311216760494,55.087943205994],[-2.89201745599486,55.088150976856],[-2.89082681447591,55.0882599127631],[-2.89028858882332,55.0881420711974],[-2.89007463570368,55.088085766754],[-2.89005637829847,55.0880595586729],[-2.88999432854498,55.0877152442937],[-2.88995389538481,55.0876839807913],[-2.88978688512073,55.0875397201753],[-2.88979909052201,55.0874313202238],[-2.88977911978594,55.0873059951123],[-2.8896889992068,55.0871580526145],[-2.88888543967608,55.0870987778527],[-2.88856444954093,55.0870594990578],[-2.88481554943313,55.0868667276208],[-2.88475335199342,55.0868940906468],[-2.88411881585877,55.0872733067059],[-2.88398884428873,55.0873815220073],[-2.88396341020772,55.0874043052976],[-2.88436196830058,55.08842605914],[-2.88557020826586,55.0885887630934],[-2.88600998475809,55.0888417359352],[-2.88608894983038,55.0888984418634],[-2.88621176657864,55.0890557940431],[-2.88624014043391,55.0891141305168],[-2.88284997799692,55.0910041071821],[-2.88277781480517,55.0911350920636],[-2.88234512970644,55.0921504469484],[-2.88229315606938,55.0923376221615],[-2.88226251277624,55.092668988564],[-2.88233406188859,55.092990030832],[-2.88237664847848,55.093079994],[-2.8825680304193,55.0932557296789],[-2.88260802370466,55.0932806868368],[-2.88278766785009,55.0933431435115],[-2.88577334926028,55.0934705433449],[-2.88601974014985,55.0935844830483],[-2.88626217257078,55.0937502857215],[-2.88653518250828,55.0942025753599],[-2.88654459074803,55.0943694234518],[-2.88590950276476,55.0950595119199],[-2.88570570717722,55.0951516115211],[-2.88540747747588,55.0952684579717],[-2.88369841488682,55.0954451506768],[-2.88084033997316,55.0951928073176],[-2.88031642712731,55.0950584399171],[-2.87943085980388,55.0948654548785],[-2.87764643124441,55.0949120797003],[-2.87618945556983,55.0964681000298],[-2.87613314517312,55.0965370146076],[-2.87581907860872,55.0967516574497],[-2.87576975845725,55.0967827442101],[-2.87467441711535,55.097341924037],[-2.87450716579972,55.0974477502517],[-2.87301741746518,55.0990549439863],[-2.87295369594918,55.0990993012694],[-2.87152967479394,55.1000281873881],[-2.8713224418276,55.1002886611329],[-2.87130591041655,55.1003313535852],[-2.87130678395449,55.1003817512674],[-2.87173942186622,55.1008486363361],[-2.87202964883956,55.1011305427511],[-2.87194153425997,55.1026172390676],[-2.87191430897143,55.1026447323944],[-2.87073579640187,55.1063398256981],[-2.87043419165076,55.1064962669873],[-2.87014310253298,55.1066116083788],[-2.86356119065031,55.1067640345363],[-2.86335615732396,55.106968753092],[-2.86232946020467,55.1078138710717],[-2.86188516485788,55.1079668680625],[-2.86152537692778,55.1080531171785],[-2.8614761914866,55.1080613738009],[-2.8603068730462,55.1082373303103],[-2.85854010897943,55.1083487948877],[-2.85208048154857,55.108494599203],[-2.85199676455942,55.1085424747041],[-2.85171869379818,55.1087915662159],[-2.85108147860876,55.1101929567529],[-2.85095996045109,55.110377318553],[-2.85086152440486,55.1105083035421],[-2.85062810003976,55.1107456007396],[-2.85031387527171,55.1109608611492],[-2.84997735061773,55.1110988528986],[-2.84924213531108,55.1113131812161],[-2.84851717983011,55.111502941696],[-2.84641337539704,55.1115296811546],[-2.84495016907982,55.1115627380327],[-2.84486935461165,55.1115859518648],[-2.8448284031509,55.1116221034338],[-2.84452067983283,55.1118937470537],[-2.84449977532374,55.1119628611503],[-2.84450362351478,55.1119939878761],[-2.84453600625379,55.1121558737651],[-2.84461050293411,55.112345949472],[-2.84465258503902,55.1123881714786],[-2.84495830951127,55.1125852784155],[-2.84525911055703,55.1127540510689],[-2.84542671747886,55.1128445779543],[-2.84607154114344,55.1132106666656],[-2.84618169969981,55.1133445994787],[-2.84623267184451,55.113463816842],[-2.84641985533729,55.1139849783358],[-2.84646764560922,55.1141596149848],[-2.84647667419185,55.1142457084367],[-2.84641626557413,55.1145076403339],[-2.84623616798652,55.1148526130768],[-2.84616353369994,55.1149116232051],[-2.84580306256016,55.1152100458336],[-2.84548792238037,55.1154968679023],[-2.84538658951791,55.1155748929483],[-2.84485069909427,55.1159050748951],[-2.84465989284019,55.1160861373821],[-2.84446745185781,55.1162192901519],[-2.84375305433824,55.1166763576747],[-2.84095434284269,55.1180480234407],[-2.840580241252,55.1178407131881],[-2.83975826224218,55.1173201313345],[-2.83902024969676,55.1168627765796],[-2.83850834645981,55.1168904585305],[-2.83828963750613,55.116955165269],[-2.83816542993833,55.1170198586024],[-2.8380642337386,55.1171323554514],[-2.83802525965686,55.1179612616442],[-2.83987401665319,55.1196207658503],[-2.84005395462383,55.119720066214],[-2.84217079380864,55.1210275530121],[-2.84220984114966,55.1213335823293],[-2.84192284736598,55.1218332644154],[-2.84153694844307,55.1223055687363],[-2.84116887793552,55.1225251302482],[-2.84034805409736,55.1225382980802],[-2.83786770449585,55.1219183844377],[-2.83716423118542,55.1217701462423],[-2.8359311208512,55.1214045889264],[-2.83549393720812,55.1213332353015],[-2.83433743096388,55.1213079522416],[-2.83420260684268,55.1213070494311],[-2.83397381738678,55.1213113348927],[-2.83355337363419,55.1213510912935],[-2.83066745455281,55.1226448429933],[-2.83063619887542,55.1226678180475],[-2.82967215694234,55.1232653942513],[-2.82823151672403,55.1243561579948],[-2.82810053213559,55.1244614073564],[-2.82763132934863,55.1248179063031],[-2.82758383184684,55.1248612591843],[-2.82698764583541,55.1256635232143],[-2.82678346204858,55.1261426084651],[-2.8267785846362,55.1261752154156],[-2.82672035993292,55.1266301877746],[-2.82673764289704,55.1269599237753],[-2.83294797613476,55.1326965366318],[-2.83275518350119,55.132929291314],[-2.83263838265032,55.1330041774],[-2.83177644234082,55.1335646933472],[-2.83093673939657,55.1340178943189],[-2.83063893137018,55.134159094863],[-2.83035386061456,55.1342895683301],[-2.82947713169041,55.1348431045841],[-2.82914712144875,55.1350550200376],[-2.82550153347386,55.1383139894875],[-2.82330802012271,55.1379139049425],[-2.82161019030388,55.1381784356198],[-2.82109383483607,55.1381318507877],[-2.81958285945071,55.1384843644997],[-2.81812759100638,55.1374006068308],[-2.81694008988631,55.1378964379886],[-2.81670029019986,55.1379034346431],[-2.81662346334642,55.1378985469095],[-2.81570545405653,55.1377908901042],[-2.81545231313361,55.1377193554011],[-2.81489232542128,55.1373215686557],[-2.81428921400058,55.137120001396],[-2.81387968556406,55.1370559717202],[-2.8135522220753,55.1368327997908],[-2.81355416848696,55.1367768314892],[-2.8133330448811,55.136248176131],[-2.81198995842286,55.136595906528],[-2.81114721836035,55.1366690008201],[-2.80974069803356,55.1370803307532],[-2.80934639004669,55.137108665675],[-2.80909304418502,55.1370995390648],[-2.80378551237875,55.1376877192101],[-2.80281717321596,55.1383445468429],[-2.80273842745089,55.138369038368],[-2.80191028793829,55.1388615357531],[-2.80158530824786,55.1388131239016],[-2.80117179520655,55.1386597284204],[-2.80076436366412,55.1384991718227],[-2.79961846346862,55.1384210707468],[-2.79892550945032,55.1385368830083],[-2.79694207914562,55.1388442838442],[-2.79617162326245,55.1390804004434],[-2.79567688454206,55.1392452367188],[-2.79561401515026,55.1392704780914],[-2.79513954568876,55.1395819901155],[-2.79505968218506,55.1396356471293],[-2.79416198239495,55.1397809706869],[-2.79396884164231,55.1397815294362],[-2.79356943583726,55.139622781868],[-2.79339584629826,55.1396056240982],[-2.7932748247206,55.1396977347923],[-2.79293656852629,55.1401803462788],[-2.79283032720325,55.1402537602079],[-2.79153554032571,55.1401224435159],[-2.79115106932021,55.1399195029325],[-2.79066908358885,55.1400661947656],[-2.79068447468972,55.1401249759149],[-2.79070607413651,55.1407445079109],[-2.79061552083388,55.1412411652086],[-2.78894204186887,55.1417704816309],[-2.78761826664982,55.1416875352253],[-2.78531446764691,55.1416814972451],[-2.78505871247858,55.141734612575],[-2.78451346904077,55.1420321454789],[-2.78420677769637,55.1424182473961],[-2.78410816742883,55.1426060226436],[-2.78422277165983,55.1430429983232],[-2.78435496876139,55.1434270732291],[-2.78406682598438,55.1435906756199],[-2.78323132817705,55.144329268284],[-2.78322523720101,55.1443652631629],[-2.7828901857014,55.1449094342947],[-2.78201465144062,55.1456627778658],[-2.78178169217519,55.145805024079],[-2.78162478472109,55.1458503867025],[-2.78080145858572,55.1459945383778],[-2.77974119381873,55.1464139955035],[-2.77969171318982,55.1465058991293],[-2.77966534066862,55.1465729802965],[-2.77951345897164,55.1467318840518],[-2.77942879925892,55.1467827603529],[-2.77916823657115,55.1468844344481],[-2.77835376247538,55.1469859713301],[-2.77587275344436,55.1478379545139],[-2.77472812689639,55.1488564387908],[-2.77477653445791,55.148913270561],[-2.77501818459887,55.1490522707563],[-2.77428378315224,55.1493910167286],[-2.77296673157562,55.149572403785],[-2.77195418852598,55.1496835278774],[-2.7716582742849,55.1496558673153],[-2.77144332293213,55.1496320556973],[-2.77116666622476,55.1497283427448],[-2.77091814073656,55.1498400914609],[-2.76944005961983,55.1505770721414],[-2.76898501677792,55.1508282182745],[-2.76886926115941,55.1508622807977],[-2.7685303699954,55.1509333476357],[-2.76646095148424,55.1509724741357],[-2.76610984840213,55.1509862228462],[-2.76624737176317,55.1513097648913],[-2.76645982496479,55.1513300060713],[-2.76651322268036,55.1516850188816],[-2.76611384196477,55.1520736045117],[-2.76602424416019,55.1521671202489],[-2.76521171388351,55.1527358470168],[-2.76488141696664,55.1527806699305],[-2.76380671730868,55.1528935266278],[-2.76295176168284,55.1531032368114],[-2.76222418849228,55.1532764031055],[-2.76142554540545,55.1533726322412],[-2.76137112300394,55.1533942166914],[-2.76030979497632,55.1543366198167],[-2.7604290853292,55.1545015300087],[-2.76043206912295,55.1546546523631],[-2.75977023812473,55.1547985066662],[-2.75936409932825,55.1547588694572],[-2.7586044939053,55.1547762706497],[-2.75787564903479,55.1548413146329],[-2.75694627145368,55.1550194233261],[-2.7549763045362,55.1556020896202],[-2.75395109265447,55.1559011178094],[-2.7540583128547,55.1561568554558],[-2.75426541048824,55.156510544336],[-2.75379768025208,55.1566392452473],[-2.75358128677807,55.1566385561915],[-2.75337870874728,55.1565808031219],[-2.75309511498782,55.1565513616165],[-2.75295648194702,55.1565754724072],[-2.75258440108381,55.1567072542487],[-2.75241702933778,55.1567238021379],[-2.75219416855669,55.1567055523805],[-2.75204436243368,55.1566629095198],[-2.75194865408589,55.1566132644499],[-2.75159462122203,55.1564038683367],[-2.75143649105028,55.1564090895163],[-2.75047828859294,55.1568039899218],[-2.75070046833688,55.1569719766973],[-2.75092441742133,55.157108175072],[-2.75093474499532,55.1571676687294],[-2.75084679112904,55.1572299034704],[-2.75027312183605,55.1574131804168],[-2.74980268069977,55.1574626784563],[-2.74886719649769,55.1572993075184],[-2.7486935538285,55.157488072623],[-2.74891353474239,55.1578402346426],[-2.74875592505464,55.1581357643327],[-2.74850541973038,55.1582387437492],[-2.74716669132815,55.1582208168564],[-2.74705796189532,55.158214202484],[-2.74666733225121,55.1581904409591],[-2.74648730888091,55.1581876924784],[-2.74639930325257,55.1582014530611],[-2.74586776473948,55.1584567021398],[-2.74564666010272,55.1587314579662],[-2.74559514737058,55.1589544877046],[-2.74543380053861,55.1599528017125],[-2.7448498278078,55.1602730625099],[-2.744411998719,55.1600675881276],[-2.74436826386102,55.1600374788676],[-2.74412608356466,55.159731888786],[-2.74362004167109,55.1600243328597],[-2.74324613708109,55.1606425030358],[-2.74277334171013,55.1610846477831],[-2.74163240444553,55.1611644828676],[-2.74076834242781,55.1613035480962],[-2.74065505030052,55.1613807733696],[-2.74062836883966,55.1614957555583],[-2.74064219686998,55.1615281010825],[-2.74098543119446,55.1615986381129],[-2.74141628449924,55.16215161091],[-2.74044054035354,55.1625096877953],[-2.74022226987725,55.16260402848],[-2.73912288482897,55.1627416913463],[-2.7382924842647,55.1627607843645],[-2.73711342070705,55.1632928981755],[-2.73657403827587,55.1635260382731],[-2.7365072881682,55.1635213589443],[-2.73627862278655,55.1635188919091],[-2.73572044137152,55.1640625282707],[-2.73602585069869,55.1642525549176],[-2.73573340786728,55.1645018644305],[-2.73535881638162,55.1645730776851],[-2.73510453603321,55.1645026599823],[-2.73497082602065,55.1646541634654],[-2.73496635156127,55.1649561939131],[-2.73494810917674,55.1656487471739],[-2.73460239128735,55.1657204820957],[-2.73449385153851,55.1657353395059],[-2.73421008855604,55.1657463650636],[-2.73398070931711,55.1659073988127],[-2.73392724354069,55.1661125813876],[-2.73381929644204,55.166659963628],[-2.73377179158602,55.1667074125844],[-2.72303266790052,55.1692885907049],[-2.72217172172447,55.1694963433371],[-2.72116674620979,55.1695822006263],[-2.7210309399113,55.1696060365681],[-2.72060407236509,55.16973218521],[-2.72038345430903,55.1698573468139],[-2.71788516167019,55.1709904985861],[-2.71747040201468,55.1711139596545],[-2.71656165014007,55.17126597602],[-2.71645349120703,55.1713139581197],[-2.71407307362611,55.1719391312176],[-2.71362818950427,55.1721382253771],[-2.71307798330862,55.172086347339],[-2.70802972356237,55.1721312874419],[-2.70785421309602,55.172032416308],[-2.70744641010198,55.1721049630237],[-2.70735458215775,55.1721635364991],[-2.7070096271926,55.1723936517102],[-2.70695819784822,55.1724089138153],[-2.7066866488362,55.1724290456943],[-2.70649049726894,55.1724248160655],[-2.7062124911833,55.1723986341175],[-2.70616912835755,55.172382299884],[-2.70595466772499,55.1722914553325],[-2.70575778555501,55.1722517894458],[-2.70535142215846,55.1723574749446],[-2.70512432178568,55.1724940877586],[-2.70417574210121,55.1730783638287],[-2.7037252122312,55.1730939405174],[-2.70358439160817,55.173131624725],[-2.70303920894048,55.1740015093409],[-2.70294655305532,55.1741606609071],[-2.70289321042347,55.1742345161612],[-2.70166056611191,55.1751436203927],[-2.70113564615821,55.1753153213236],[-2.70099495241258,55.1755553503154],[-2.70107966146689,55.1756117995209],[-2.70089147338564,55.1758040549444],[-2.7008550721387,55.1758276892845],[-2.70073571837831,55.1759434794695],[-2.70071066045143,55.1760869811954],[-2.70046611836024,55.1764696515407],[-2.70026861023403,55.1765595389452],[-2.70005378968209,55.1766749138761],[-2.69991549427396,55.1767816130318],[-2.69969813972162,55.1770498172832],[-2.69983856389038,55.1774642373998],[-2.69944056190749,55.1781847216797],[-2.69928602852689,55.178278518544],[-2.69906382135145,55.1785017381803],[-2.69858189963602,55.1791768828156],[-2.69791694335681,55.1796868363451],[-2.69788665501923,55.1797201073538],[-2.69757611692565,55.1801126766106],[-2.69751943798553,55.1803420857003],[-2.69764310231733,55.1806427263001],[-2.69755687596045,55.1808264747419],[-2.69696879385321,55.1810469395065],[-2.6965837897854,55.1811996365761],[-2.6964601050223,55.1816027676473],[-2.69647102653638,55.1817579448968],[-2.69644183619562,55.1819524399414],[-2.69636943819762,55.182153305061],[-2.69630114661738,55.1822917186667],[-2.69607502724467,55.1824761621136],[-2.69574874972628,55.1826081557896],[-2.69549494841293,55.182704378284],[-2.69537273621868,55.182789214224],[-2.6952955533188,55.1828758751283],[-2.69446026334532,55.1838720042825],[-2.69419246924239,55.1842339173664],[-2.69381858683002,55.1844660463025],[-2.69349532465651,55.1853407827749],[-2.69339288944827,55.1855422222004],[-2.69337251850796,55.1855940295403],[-2.69317728315847,55.1857585250174],[-2.69288297572958,55.1858166486653],[-2.69284726091056,55.1858576439855],[-2.69285660775054,55.1859031995669],[-2.69288467139351,55.1859799363587],[-2.69283703138611,55.1861433518551],[-2.69273095038022,55.1862685018189],[-2.69250851904332,55.1864121162582],[-2.69204874782165,55.1865317056401],[-2.6919775734049,55.1866393755626],[-2.69178681649681,55.1868567388356],[-2.69146751923122,55.1871250113188],[-2.6913913190584,55.1872148810716],[-2.69088485860014,55.1877945500351],[-2.69085209990077,55.1878202633743],[-2.69059546016914,55.1880021106676],[-2.69040053495792,55.1881258498566],[-2.69004107564438,55.188272594046],[-2.68993144519497,55.1883513315589],[-2.68991587091532,55.1884257424902],[-2.68996153261539,55.1885052980305],[-2.68999196198659,55.1885597384361],[-2.69001025373793,55.1886643313345],[-2.68999854662065,55.1887232212293],[-2.68979023464989,55.1889842099938],[-2.68967008522962,55.1888809961402],[-2.67455532370944,55.1758914653134]]],[[[-3.20573858293878,54.0522691594816],[-3.1960643026582,54.0487463366146],[-3.1728680471223,54.0552585703934],[-3.17306639246378,54.0470712539608],[-3.19561621024899,54.0442603963506],[-3.2120544138674,54.0495747488414],[-3.22373359666029,54.0615393425065],[-3.26852565258009,54.1073499584155],[-3.27668180662206,54.1418213425783],[-3.26571655987985,54.1440817285138],[-3.25078954949418,54.1257463227791],[-3.24405654673219,54.0991594197209],[-3.24942808474205,54.0971595981806],[-3.22435139556256,54.0824983583591],[-3.22092776503803,54.0804954972261],[-3.22337694641615,54.0670146204074],[-3.21016264815973,54.0650928692294],[-3.20573858293878,54.0522691594816]]],[[[-3.06258585855712,54.9851485449588],[-3.06976187455329,54.9827583215728],[-3.0687864187876,54.9836898583558],[-3.06671735824517,54.984582333513],[-3.06258585855712,54.9851485449588]]]]},"properties":{"OBJECTID":2,"nuts118cd":"UKD","nuts118nm":"North West (England)","bng_e":350015,"bng_n":506280,"long":-2.7723701,"lat":54.44945145,"Shape__Area":14182609113.170326,"Shape__Length":1063052.7065474261,"GlobalID":"0413c215-94f7-4f2e-a0fd-37d517177413"}},{"type":"Feature","id":3,"geometry":{"type":"Polygon","coordinates":[[[-0.764784900679792,54.5479863353437],[-0.744657356019125,54.5285401667161],[-0.735016553004721,54.5305139217154],[-0.71393613677679,54.5335379821054],[-0.69931775983973,54.5271238769394],[-0.692707598100864,54.5208259566823],[-0.683721153137382,54.5202763989675],[-0.681830548868589,54.51944606435],[-0.670278703701867,54.5007549145549],[-0.632384375203227,54.4964676648351],[-0.613068215957091,54.4938142491771],[-0.614392814234759,54.4881288248218],[-0.610796786259721,54.4935020027121],[-0.606892529913371,54.4929651866556],[-0.588554589563085,54.4892707348072],[-0.521476973450323,54.4469678038781],[-0.532714979690872,54.4332544647207],[-0.522785354947921,54.4162746961267],[-0.515651222379968,54.4143560005697],[-0.503539534107169,54.4083449550536],[-0.497787873979904,54.4095491017185],[-0.490957704409927,54.4077101695955],[-0.463695563450936,54.3891810230577],[-0.461666827517541,54.3859798859182],[-0.461484101176546,54.3856915350955],[-0.432690819760836,54.3402008280399],[-0.417052817423437,54.331465236325],[-0.407501068411842,54.2939259218318],[-0.38482815336881,54.288078843359],[-0.385034941877005,54.2877823748801],[-0.396546968341114,54.2742556432031],[-0.388664890280708,54.2690115130972],[-0.368846126758923,54.2501849283418],[-0.3695051125969,54.2493254907406],[-0.367211955368963,54.2486316665927],[-0.36584928213065,54.247336354754],[-0.296539904727485,54.2272161033526],[-0.259272458458909,54.2158974687935],[-0.277091050244678,54.2173006340529],[-0.285018623944357,54.2035482126674],[-0.2852266263472,54.203187223461],[-0.275602988276865,54.1912302419284],[-0.275335915115997,54.1898140516326],[-0.273145774725183,54.1881760377052],[-0.263285628147681,54.1759153421985],[-0.250688767151696,54.171370646293],[-0.247475731273402,54.1689647700709],[-0.223654064474754,54.1616092530089],[-0.21268924976403,54.15764715327],[-0.212542242189153,54.157594019181],[-0.164366233473785,54.145773393921],[-0.0965163743579825,54.1290815946613],[-0.0793690704548283,54.118484327971],[-0.0763929422787644,54.1164317803335],[-0.104726333171798,54.1041250126083],[-0.166454641204457,54.0984858102805],[-0.167976048102651,54.0983464014362],[-0.172298511414949,54.0939418234914],[-0.193337399654029,54.0801228354421],[-0.194396395033745,54.078479084469],[-0.198424004844493,54.0779186408011],[-0.212264156502084,54.0575594132254],[-0.212033431830998,54.0227113345438],[-0.211931580238143,54.0073415475665],[-0.173560620671258,53.9365105904817],[-0.156369327636343,53.9046944795026],[-0.155496534736456,53.9038518602929],[-0.154805544048457,53.9025616677289],[-0.122580208711298,53.8720443328478],[-0.0905716126461216,53.8410595088824],[-0.0442743758936185,53.7961477623034],[-0.0325035720405709,53.7864624031371],[-0.0287178687877083,53.7828565511904],[0.0184173400308998,53.7444989307264],[0.114087179063241,53.6653751906896],[0.11719825377582,53.6607993710492],[0.119277777336605,53.6577402083816],[0.122426601320202,53.6536212293769],[0.147237028409893,53.6068501539382],[0.148220525149507,53.6047325338847],[0.146211510567504,53.6005602698698],[0.120057724790714,53.5797742542742],[0.11290465151093,53.5748951480926],[0.109488359305932,53.5725642884269],[0.109647689327853,53.5729216144546],[0.112943961747117,53.5756844394718],[0.146278672398996,53.6035977178581],[0.142233511495843,53.6116866075267],[0.115484468441821,53.626553790095],[0.105095644795948,53.6323235936209],[0.0795772632249512,53.6410125984676],[0.034483465119924,53.6492111335674],[-0.0540928100884153,53.6290108286138],[-0.113526455371586,53.6394513423686],[-0.150968162923071,53.662217770648],[-0.184563494654302,53.6826147992681],[-0.227255033374535,53.7084929161752],[-0.23694042855073,53.7267051986173],[-0.24439297565322,53.7308318095512],[-0.251681579918119,53.7328509267693],[-0.286747854621287,53.7425562051936],[-0.332635101552979,53.7382895946972],[-0.419107736221473,53.7195976337102],[-0.419207535715352,53.719576012271],[-0.447459516314747,53.713864082853],[-0.473388822149081,53.7172752962208],[-0.486205096858074,53.7160377505124],[-0.553164260317908,53.7095486295295],[-0.583252760159096,53.726568004866],[-0.624668023698288,53.7290744992254],[-0.672997766184529,53.7213403902674],[-0.695979889450073,53.7043610838651],[-0.725134203691598,53.706857878411],[-0.698498575350608,53.6976540002872],[-0.698496761256813,53.6928684678735],[-0.698493678305656,53.6846103394142],[-0.685346896117599,53.6767470023607],[-0.694219157767232,53.6952245662186],[-0.613006518667054,53.7145592122906],[-0.586254457010196,53.6933387509001],[-0.523512689700132,53.6769928314981],[-0.487082682384712,53.6915820333438],[-0.47049298880066,53.6982186921922],[-0.393535099001005,53.696874862452],[-0.387650852628052,53.7021795731992],[-0.294218588996149,53.7141462491212],[-0.249549867809649,53.6765926458695],[-0.248800948898646,53.6756643532299],[-0.246090182283638,53.6736806389748],[-0.233964217728675,53.6634703304549],[-0.204288774800207,53.6384571965752],[-0.204092446647032,53.6383606706878],[-0.186826934586192,53.6298690023452],[-0.0794577858031887,53.5769301524066],[-0.071089226957145,53.5850971461602],[-0.0680838335622885,53.5843487398046],[0.00129550022559944,53.5395324246969],[0.0147453539384794,53.5281521125094],[-0.0145788197624351,53.5154053547178],[-0.0650454121581075,53.5187396568963],[-0.0752620039311522,53.4893357390289],[-0.0954884503510531,53.485988995659],[-0.0898037355778605,53.4776824144022],[-0.107820632451331,53.4698627568263],[-0.0822093466165325,53.4511510055076],[-0.120343715839383,53.4335649215751],[-0.13187927207818,53.4359393964447],[-0.149227748280309,53.446699664515],[-0.153680016962686,53.4656777571028],[-0.181804719284507,53.4686494113769],[-0.188565229350284,53.4845380566971],[-0.210604977691229,53.4862884742655],[-0.204086450335227,53.5117673419358],[-0.21058957925593,53.5317064641046],[-0.219882528800796,53.5326064898991],[-0.189340891530869,53.5659225867524],[-0.195185375008483,53.5716193566971],[-0.222558901405155,53.5680169264667],[-0.234668675268476,53.5862504176012],[-0.251395554956696,53.5846530761117],[-0.248476049147886,53.5936636907919],[-0.292115129233666,53.6132674303203],[-0.308555248322007,53.6143287569821],[-0.300743141013308,53.5952836291794],[-0.335938821165182,53.5586265904406],[-0.416962974563654,53.5632146881186],[-0.429001046113358,53.5745247133247],[-0.467018372979049,53.5489606915057],[-0.490926930466652,53.5458749219812],[-0.501229126936907,53.5374612156938],[-0.430664749987602,53.5463371546598],[-0.408145080527084,53.5321088668014],[-0.405074526371439,53.5176169024854],[-0.488383659361113,53.5048602236247],[-0.486630004791289,53.4804701659859],[-0.471749466825333,53.474872899992],[-0.551788631227942,53.4595199854936],[-0.629752676541483,53.4582189906815],[-0.624491104487418,53.5128392130607],[-0.739591685679836,53.5199359472965],[-0.752113860532944,53.5005306068588],[-0.768109607643302,53.4989256065594],[-0.771568244961136,53.4792015597662],[-0.784388777592732,53.4766692148201],[-0.784364875058953,53.4633795457005],[-0.797483351068129,53.4550644460278],[-0.871919282985893,53.4663108021718],[-0.916249020745997,53.4602956888168],[-0.920246794292523,53.465507648773],[-0.900470627105818,53.4751558663806],[-0.935564625310694,53.5025165284922],[-0.953259205631311,53.4844235274918],[-0.985978086636891,53.4716733702103],[-0.99566979893637,53.4369266825335],[-1.01434673959562,53.4262954947688],[-1.03051529487579,53.4251953094956],[-1.03094981879663,53.4309795255027],[-1.08043943283621,53.4268678581428],[-1.11604100755054,53.4073493529091],[-1.11557938048167,53.3971857481031],[-1.13460768889752,53.3900315635258],[-1.13053709138879,53.375571217725],[-1.14603291444759,53.3690411439877],[-1.13853968357082,53.3559075124297],[-1.16261328767656,53.3568438611243],[-1.15684339224198,53.3449694984705],[-1.14100746239461,53.3467476771195],[-1.13871810213994,53.3413828099824],[-1.19974282860678,53.3114401844811],[-1.2032390468939,53.3042232396853],[-1.23068793598435,53.3085597341886],[-1.24386838278954,53.3015697912962],[-1.28201141477252,53.3094625884314],[-1.29567816423388,53.3150369715576],[-1.28858902655602,53.3262280540051],[-1.29902301018395,53.3325116355756],[-1.32466917494264,53.3288100130851],[-1.33775105197515,53.3158480511162],[-1.38673871424969,53.3176321345775],[-1.38657154607137,53.334902505472],[-1.41103390677353,53.3419924902733],[-1.42086649614212,53.3345679515572],[-1.44197211463544,53.3374924881755],[-1.45988027918629,53.330689367324],[-1.45522358184676,53.3218691394032],[-1.46791283275087,53.3171200548727],[-1.50213193957594,53.3175820755016],[-1.53676886221642,53.304748673529],[-1.56172989362935,53.3064113159356],[-1.56173104515103,53.3159708911552],[-1.58053389588871,53.3117380883303],[-1.5849020101998,53.3215879514688],[-1.59909327898094,53.3113181987887],[-1.60920158450141,53.3226639601639],[-1.62549374452157,53.3164239779126],[-1.63272698678507,53.3208392120665],[-1.61230306161327,53.3432186688894],[-1.59054795437242,53.3459209843451],[-1.66354854040603,53.3665951654601],[-1.65381782188142,53.3919108262116],[-1.70496532089581,53.4050559721608],[-1.70853223311528,53.4173394724156],[-1.73976196361825,53.4209879146445],[-1.74532296726711,53.4621753952129],[-1.76843734298938,53.4647669309918],[-1.80147063245778,53.4809917589528],[-1.79628821898784,53.5031529896732],[-1.82222878112358,53.5210909209035],[-1.84182082823698,53.519908779367],[-1.87349262570681,53.5404296499201],[-1.89410949217824,53.5336117775029],[-1.90962083195931,53.5383909847492],[-1.91288464280477,53.5516436131577],[-1.94272585126934,53.5616412923143],[-2.00947078713067,53.6167795093416],[-2.02303595762489,53.6158394751116],[-2.02681574056354,53.6241671452069],[-2.05124217318663,53.6836917577475],[-2.09290647551425,53.6701611230339],[-2.1180850077066,53.6712452223647],[-2.13412727234234,53.6857340281769],[-2.14225755109971,53.6780058080654],[-2.14632807589261,53.6822315285504],[-2.17329358668378,53.7230116830123],[-2.13117443617839,53.7515444474769],[-2.13636274881596,53.7801044577266],[-2.12481550058645,53.7880553415977],[-2.12835851818234,53.7990313020996],[-2.11227899052741,53.8057083882261],[-2.06125057169467,53.825635480166],[-2.04692463706426,53.8295102801531],[-2.04613032171158,53.8501412455589],[-2.08991499194431,53.8681819711459],[-2.0814470581946,53.8756803205615],[-2.10301894795807,53.8909412953509],[-2.11334616134555,53.9156268526832],[-2.13222410689383,53.9265088494222],[-2.1822814241041,53.9353902718923],[-2.18452239163443,53.9522641291998],[-2.19601836748574,53.9695758437188],[-2.22573625583686,53.9610994501704],[-2.23201544738715,53.9712299750749],[-2.22106275403335,53.9779275801369],[-2.2303452943243,53.9815303417212],[-2.29431971642849,53.9744329531681],[-2.31915123809815,53.9938420155099],[-2.33992318434633,53.9894277117706],[-2.3523575747903,53.994673784309],[-2.35231031316342,54.0105389040908],[-2.33956003666722,54.0094333166994],[-2.35732329415198,54.0191170929815],[-2.37407297713542,54.049089059666],[-2.42582648981449,54.0380949093913],[-2.46954984633601,54.0462122422008],[-2.46434741772274,54.0752794312082],[-2.50952601848426,54.09542532987],[-2.52400965393431,54.0946224792867],[-2.56474072525564,54.1270377033997],[-2.56050449736424,54.1530521175285],[-2.53397895527996,54.1576927119752],[-2.4608627348239,54.2267161351641],[-2.40563193678957,54.2249151681],[-2.39677965224386,54.2393810796993],[-2.37302060408509,54.2400989025802],[-2.36231711507671,54.2497526279053],[-2.33765745302722,54.237599070526],[-2.31909631948478,54.2571558292818],[-2.32452246430408,54.3031836211881],[-2.30984140862638,54.3243149765935],[-2.36771223909031,54.3560706134465],[-2.34464790839844,54.3596285089887],[-2.31704255656859,54.3763105167663],[-2.29744040796469,54.3768987644355],[-2.2917838819005,54.3909045135971],[-2.3055067367805,54.3971200644201],[-2.30814588993321,54.4197937706557],[-2.29286520123997,54.4393074900458],[-2.24953922328776,54.451943434442],[-2.18931554536264,54.4489784731498],[-2.17750847873329,54.4616257637065],[-2.17021302339882,54.4581987837772],[-2.11659617374102,54.4622634779689],[-2.04319843418445,54.4835994466327],[-2.04472952149134,54.475186272402],[-1.99676437249473,54.4669034483385],[-1.97005959181384,54.4515215401153],[-1.94254323627281,54.453395353196],[-1.85912998593236,54.4818579015212],[-1.85780051145507,54.50353979349],[-1.83943329269403,54.5084372355904],[-1.79297648414992,54.484492427803],[-1.77613231486757,54.5067285032611],[-1.77969652862093,54.531872993012],[-1.73309136191706,54.527736411433],[-1.72131088982986,54.5423017234865],[-1.6969263635654,54.5360064279097],[-1.65793716563019,54.5345889212941],[-1.65467519939036,54.5246500952609],[-1.63377378149873,54.5253643780507],[-1.63332908644254,54.5141114014745],[-1.611484727081,54.5200007860463],[-1.60263741570283,54.5105816504252],[-1.58106853743457,54.5128456577086],[-1.59188070258669,54.5043008596574],[-1.5792148538258,54.5051876835803],[-1.5829803282703,54.497100731911],[-1.55519520908081,54.4849781898867],[-1.54567271783705,54.4712384749671],[-1.51983281097797,54.4710470150304],[-1.52883695104444,54.4848137368181],[-1.51413191900959,54.4837750912424],[-1.51134080606245,54.475012259861],[-1.49177548208485,54.4862004908112],[-1.49905229175664,54.4756782294348],[-1.47537275454426,54.4738451770992],[-1.47205221948473,54.4555996004623],[-1.45615000930099,54.4524492540764],[-1.46279137013897,54.4613922615068],[-1.45341385018641,54.4660154335866],[-1.46379873582141,54.4735508515647],[-1.45919258761972,54.4942680201341],[-1.47455794259336,54.5007110836151],[-1.45850783646754,54.5039188879385],[-1.4349052922508,54.4874931701194],[-1.4321177720964,54.4794545642662],[-1.41278636223524,54.4771953974116],[-1.4070888004548,54.4935296372436],[-1.39505004779625,54.4856799712313],[-1.38101055098564,54.4940289297618],[-1.37256157791651,54.4723074609233],[-1.36441713915672,54.4659524078846],[-1.34491503453323,54.4724080074561],[-1.34362896175494,54.4641554112261],[-1.30033745635589,54.4758498825318],[-1.2809785134938,54.4904431165269],[-1.25740307374254,54.4873218282311],[-1.25667466781234,54.5011079127773],[-1.23486590566308,54.5103160445466],[-1.14619694920377,54.5028216114649],[-1.11838000660665,54.4981985696868],[-1.09452384976555,54.5067598353813],[-1.03685145667861,54.4940440587377],[-1.00340105309444,54.5030120984827],[-0.952951598857599,54.4880355472042],[-0.880825023370851,54.4970468594491],[-0.848530740745176,54.4879729358602],[-0.848647297075354,54.5300038279106],[-0.826984924961625,54.5485750983673],[-0.80041918967709,54.5510109244854],[-0.789652528038746,54.5601354759648],[-0.767614743174762,54.550718645525],[-0.764784900679792,54.5479863353437]]]},"properties":{"OBJECTID":3,"nuts118cd":"UKE","nuts118nm":"Yorkshire and The Humber","bng_e":446903,"bng_n":448736,"long":-1.28711998,"lat":53.93264008,"Shape__Area":15432322860.076447,"Shape__Length":863264.14310591854,"GlobalID":"d608863c-86bd-4877-b3b8-247794a0825a"}},{"type":"Feature","id":4,"geometry":{"type":"Polygon","coordinates":[[[-0.248476049147886,53.5936636907919],[-0.251395554956696,53.5846530761117],[-0.234668675268476,53.5862504176012],[-0.222558901405155,53.5680169264667],[-0.195185375008483,53.5716193566971],[-0.189340891530869,53.5659225867524],[-0.219882528800796,53.5326064898991],[-0.21058957925593,53.5317064641046],[-0.204086450335227,53.5117673419358],[-0.210604977691229,53.4862884742655],[-0.188565229350284,53.4845380566971],[-0.181804719284507,53.4686494113769],[-0.153680016962686,53.4656777571028],[-0.149227748280309,53.446699664515],[-0.13187927207818,53.4359393964447],[-0.120343715839383,53.4335649215751],[-0.0822093466165325,53.4511510055076],[-0.107820632451331,53.4698627568263],[-0.0898037355778605,53.4776824144022],[-0.0954884503510531,53.485988995659],[-0.0752620039311522,53.4893357390289],[-0.0650454121581075,53.5187396568963],[-0.0145788197624351,53.5154053547178],[0.0147453539384794,53.5281521125094],[0.0172272834089929,53.5260512559593],[0.0473818583659911,53.5146596912641],[0.038717983412243,53.526724902974],[0.0882370071110297,53.5148921334555],[0.0796103811413397,53.5033250122403],[0.0931287670758728,53.4940161576341],[0.108625921155984,53.4888200200099],[0.113319476146241,53.4872456450934],[0.11785076165703,53.4932361185049],[0.109367049224425,53.5037696397889],[0.108945259434552,53.5042931914065],[0.109385974164388,53.5041512421911],[0.136440852614134,53.4954322107575],[0.128575496677449,53.4845929676002],[0.143835278117975,53.4819654880591],[0.14747584007282,53.4941276052794],[0.163571809775949,53.4821381582824],[0.167623002355124,53.4770723468901],[0.168030734330386,53.4765624248622],[0.165564288690248,53.4771097558019],[0.157357633429562,53.4789304841368],[0.15932846233802,53.4772228851985],[0.191420108535348,53.4493940394369],[0.185131239183827,53.4434148025686],[0.200646296423741,53.4361354290932],[0.187804538265653,53.4377073597285],[0.212509833194886,53.4212834586174],[0.196500529306427,53.4177797811728],[0.228356010625046,53.405866893369],[0.242662833385784,53.3727945219037],[0.298389519689482,53.294816342589],[0.337184105392738,53.240350538535],[0.355627376858218,53.1920584275783],[0.34959377626668,53.1374137437653],[0.343936021571495,53.114110332327],[0.339855341391462,53.0972852924694],[0.328343142879551,53.0894540131233],[0.312468365593015,53.0891607313271],[0.246088534825056,53.0495495598388],[0.202844293253791,53.0301910137141],[0.155601618070658,53.0090042791245],[0.0935141116398088,52.9569370713113],[0.0821340415285609,52.9458158832216],[0.0805721269627505,52.9442889606548],[0.0798093021242432,52.9392004552188],[0.0790274145814466,52.9339834273632],[0.0418884115676607,52.9327113503818],[0.0783774678534192,52.9320329627694],[0.0518947111872145,52.9188844259078],[0.0455851763655085,52.9157070930168],[0.026588917613301,52.8989300120374],[0.0271246379881003,52.8984938192753],[0.0431193122749543,52.9052497281521],[0.0686271711826691,52.9187128824827],[0.0650898499657802,52.9046071959235],[0.0800031190944955,52.9013685038523],[0.113723835009881,52.8940367859711],[0.149575884926521,52.8822334921479],[0.176331488285909,52.8741162030556],[0.213809405445185,52.8271400185298],[0.205790527045072,52.7842352206928],[0.216813167329965,52.8208833707043],[0.228994339050904,52.8238185531998],[0.262258333106359,52.8156776971807],[0.267106288579427,52.8158417944322],[0.245084460531765,52.784523805905],[0.272208554226469,52.7728063606402],[0.186323197439424,52.7353486304391],[0.17162606685083,52.7380317007062],[0.132975309322762,52.7393044763085],[0.0890116938762923,52.7236301651287],[0.0636266192782988,52.7273915086061],[0.0441494744659712,52.7143823487578],[0.0485664001173349,52.6814016593383],[0.0215003509086972,52.6648872875914],[-0.0312706833054042,52.6615327430869],[-0.0637138144162751,52.6752330937228],[-0.087752504715668,52.666786091809],[-0.102195958290052,52.6722061935883],[-0.141061996376816,52.6515074230086],[-0.180020105013017,52.6605611576486],[-0.192867814005763,52.6524385101545],[-0.21250133299933,52.6666794921252],[-0.260753910312386,52.6514179769988],[-0.289240338602376,52.6702761867101],[-0.335037026572004,52.6748659710245],[-0.350222339006112,52.6616146836699],[-0.405681266029177,52.6480460962573],[-0.452694588753434,52.6542776630366],[-0.494773452983964,52.6403140717889],[-0.470921180939459,52.6235593371494],[-0.49266486143953,52.581900262491],[-0.478814869731256,52.5736451461852],[-0.415381404185907,52.578742638869],[-0.407290921146051,52.5640548539184],[-0.419593788836943,52.5589619541644],[-0.401283297219458,52.5386846816235],[-0.413602640850889,52.525679612803],[-0.354345204769653,52.5064950714405],[-0.359399580993798,52.4898590682306],[-0.341590493979016,52.4669426264723],[-0.370217036858789,52.4399302705187],[-0.362408042511681,52.4335312771501],[-0.41707283217347,52.4115991100522],[-0.441509864499855,52.3849964335048],[-0.495946267846011,52.3795155293808],[-0.48851881587647,52.3740235410363],[-0.498699839685909,52.3600958379478],[-0.477682425581446,52.3489199908184],[-0.483264192792673,52.3409032965586],[-0.466656739117926,52.3389275755203],[-0.465365758042858,52.3229532803574],[-0.519829880200142,52.317692567191],[-0.514051197252364,52.3146970752875],[-0.541969414313723,52.2899424460098],[-0.531190184959116,52.2704024294707],[-0.541971909066081,52.2560727476577],[-0.565693056626453,52.2534682255626],[-0.586335339018582,52.2728313332523],[-0.610617040593065,52.2794979463904],[-0.653655471035558,52.2682893053734],[-0.637331623057357,52.2273176308376],[-0.668135639148405,52.1950341108935],[-0.705455584098267,52.1915706998869],[-0.749734768747349,52.1668767675443],[-0.7779751006002,52.168732492092],[-0.79209127201904,52.1513294595675],[-0.807587882682741,52.1569790134859],[-0.814041228017469,52.1424723409512],[-0.831966630956292,52.1436835078331],[-0.828204676000872,52.1326105519282],[-0.880720326985505,52.1263317818071],[-0.887015712433718,52.1142093363724],[-0.871450103128565,52.1117534338634],[-0.869530890853718,52.1000376594283],[-0.846712543514899,52.0915087025729],[-0.831418245838928,52.0719469992663],[-0.839500490052515,52.0638277794439],[-0.86267864584557,52.0609340378583],[-0.852446931525225,52.0507050931148],[-0.871325629174326,52.0402518516737],[-0.877468742844175,52.0299715970231],[-0.890118209245854,52.0315605641912],[-0.906030231135185,52.0212211082727],[-0.951872930548288,52.0815337112453],[-0.967805300681992,52.0709109272615],[-1.02631761578532,52.0756821088293],[-1.04232729764683,52.0737102714474],[-1.02766844666987,52.0637342654447],[-1.06206502020343,52.0627354070638],[-1.1219874660594,52.0451472419711],[-1.13666519179105,52.0222431384209],[-1.11808639731515,52.0154261711861],[-1.13432869835509,51.997296386982],[-1.16382348612887,51.9934122258583],[-1.19625975035048,51.9774314423077],[-1.24161223469761,51.9862933629449],[-1.28339696574716,51.9795473058373],[-1.27816401887096,52.0142726684682],[-1.31292004348663,52.0514526625409],[-1.29750881415242,52.0780566939112],[-1.31815993118933,52.0799212567796],[-1.32116486415798,52.0870189275454],[-1.2480850615578,52.0971607910149],[-1.33189713466374,52.168485055298],[-1.3131345335561,52.190467629401],[-1.28119486796282,52.1919529434511],[-1.25477999450913,52.1988889666106],[-1.28464415777405,52.238577293866],[-1.26689106857939,52.2352423779123],[-1.23299880381312,52.2532588490553],[-1.21573028067602,52.2663781638686],[-1.23378294834552,52.2903281059451],[-1.20923383160583,52.3152040787753],[-1.26535489041569,52.3283606820407],[-1.23338985999898,52.3465160417255],[-1.1749730344279,52.3562898070593],[-1.2016132823402,52.3967317941154],[-1.30594754121977,52.4933952796616],[-1.32508812136861,52.5010423236423],[-1.41734425187584,52.5344553061623],[-1.45999402370411,52.5515899264193],[-1.52286777647305,52.5706005985436],[-1.52715522942189,52.5827378298832],[-1.56075676844421,52.5961562419659],[-1.5544599867291,52.6147360394988],[-1.57135417979544,52.6352716290311],[-1.54451698666946,52.6446078755298],[-1.55177141578054,52.6674551055621],[-1.58964518521212,52.6872608072795],[-1.59754104513292,52.7004217660513],[-1.65504156782315,52.6987985780073],[-1.65660772847781,52.7217484720144],[-1.70415800107348,52.7320787772302],[-1.66653674724296,52.7847230313668],[-1.61112950302761,52.7814035599668],[-1.61434537918505,52.7882740466954],[-1.58887036630037,52.799865984597],[-1.59182686047883,52.8094905902795],[-1.61049453728011,52.8164043084885],[-1.58535204005437,52.8317146187253],[-1.62675456278266,52.8544372636164],[-1.69027182017364,52.8644693773096],[-1.70060876646834,52.8605835227102],[-1.70434505000843,52.8666805901244],[-1.7253220546578,52.8596631838183],[-1.74600328186982,52.8686931595988],[-1.77722065071835,52.883814739953],[-1.82820959493256,52.8844277537463],[-1.85657559960594,52.9233909589969],[-1.82979931675592,52.9457059843582],[-1.8267809653933,52.9770857580334],[-1.76240468836527,52.999857681267],[-1.75893144241201,53.0373157730271],[-1.77898129670525,53.0448443732104],[-1.77565273134224,53.059354640749],[-1.79423901990025,53.0883940561161],[-1.78372589599588,53.1028279811519],[-1.82187637070734,53.1367040692991],[-1.81254009048213,53.1543431144418],[-1.86073152881622,53.1884255630926],[-1.8986329308667,53.199956977271],[-1.9567072298329,53.2137476084583],[-1.96236461007192,53.2262417347416],[-1.98740775867054,53.2135858478158],[-1.9902645357307,53.2229988973055],[-1.97485875421024,53.2310610525695],[-2.00948185124685,53.2606524540895],[-2.00678505242807,53.3545721116546],[-2.03105846324235,53.3702623852105],[-2.03377543264324,53.3755415688795],[-2.00464286724178,53.3863272757033],[-1.99232947055926,53.4151931321386],[-2.01369718203011,53.4158901089033],[-2.02625541753875,53.4298651605297],[-2.01422750540692,53.4397627528623],[-2.00421605197436,53.4359217849573],[-2.00823485273573,53.4415492977174],[-1.98579237816078,53.4552267712617],[-1.98781957548878,53.4811103984839],[-1.96338598926175,53.5098272588713],[-1.95133267476037,53.5041988370928],[-1.92197284577823,53.5099546830941],[-1.92678065561178,53.5209487487908],[-1.90962083195931,53.5383909847492],[-1.89410949217824,53.5336117775029],[-1.87349262570681,53.5404296499201],[-1.84182082823698,53.519908779367],[-1.82222878112358,53.5210909209035],[-1.79628821898784,53.5031529896732],[-1.80147063245778,53.4809917589528],[-1.76843734298938,53.4647669309918],[-1.74532296726711,53.4621753952129],[-1.73976196361825,53.4209879146445],[-1.70853223311528,53.4173394724156],[-1.70496532089581,53.4050559721608],[-1.65381782188142,53.3919108262116],[-1.66354854040603,53.3665951654601],[-1.59054795437242,53.3459209843451],[-1.61230306161327,53.3432186688894],[-1.63272698678507,53.3208392120665],[-1.62549374452157,53.3164239779126],[-1.60920158450141,53.3226639601639],[-1.59909327898094,53.3113181987887],[-1.5849020101998,53.3215879514688],[-1.58053389588871,53.3117380883303],[-1.56173104515103,53.3159708911552],[-1.56172989362935,53.3064113159356],[-1.53676886221642,53.304748673529],[-1.50213193957594,53.3175820755016],[-1.46791283275087,53.3171200548727],[-1.45522358184676,53.3218691394032],[-1.45988027918629,53.330689367324],[-1.44197211463544,53.3374924881755],[-1.42086649614212,53.3345679515572],[-1.41103390677353,53.3419924902733],[-1.38657154607137,53.334902505472],[-1.38673871424969,53.3176321345775],[-1.33775105197515,53.3158480511162],[-1.32466917494264,53.3288100130851],[-1.29902301018395,53.3325116355756],[-1.28858902655602,53.3262280540051],[-1.29567816423388,53.3150369715576],[-1.28201141477252,53.3094625884314],[-1.24386838278954,53.3015697912962],[-1.23068793598435,53.3085597341886],[-1.2032390468939,53.3042232396853],[-1.19974282860678,53.3114401844811],[-1.13871810213994,53.3413828099824],[-1.14100746239461,53.3467476771195],[-1.15684339224198,53.3449694984705],[-1.16261328767656,53.3568438611243],[-1.13853968357082,53.3559075124297],[-1.14603291444759,53.3690411439877],[-1.13053709138879,53.375571217725],[-1.13460768889752,53.3900315635258],[-1.11557938048167,53.3971857481031],[-1.11604100755054,53.4073493529091],[-1.08043943283621,53.4268678581428],[-1.03094981879663,53.4309795255027],[-1.03051529487579,53.4251953094956],[-1.01434673959562,53.4262954947688],[-0.99566979893637,53.4369266825335],[-0.985978086636891,53.4716733702103],[-0.953259205631311,53.4844235274918],[-0.935564625310694,53.5025165284922],[-0.900470627105818,53.4751558663806],[-0.920246794292523,53.465507648773],[-0.916249020745997,53.4602956888168],[-0.871919282985893,53.4663108021718],[-0.797483351068129,53.4550644460278],[-0.784364875058953,53.4633795457005],[-0.784388777592732,53.4766692148201],[-0.771568244961136,53.4792015597662],[-0.768109607643302,53.4989256065594],[-0.752113860532944,53.5005306068588],[-0.739591685679836,53.5199359472965],[-0.624491104487418,53.5128392130607],[-0.629752676541483,53.4582189906815],[-0.551788631227942,53.4595199854936],[-0.471749466825333,53.474872899992],[-0.486630004791289,53.4804701659859],[-0.488383659361113,53.5048602236247],[-0.405074526371439,53.5176169024854],[-0.408145080527084,53.5321088668014],[-0.430664749987602,53.5463371546598],[-0.501229126936907,53.5374612156938],[-0.490926930466652,53.5458749219812],[-0.467018372979049,53.5489606915057],[-0.429001046113358,53.5745247133247],[-0.416962974563654,53.5632146881186],[-0.335938821165182,53.5586265904406],[-0.300743141013308,53.5952836291794],[-0.308555248322007,53.6143287569821],[-0.292115129233666,53.6132674303203],[-0.248476049147886,53.5936636907919]]]},"properties":{"OBJECTID":4,"nuts118cd":"UKF","nuts118nm":"East Midlands (England)","bng_e":477660,"bng_n":322635,"long":-0.84966999,"lat":52.79571915,"Shape__Area":15658181358.055481,"Shape__Length":889656.26554252987,"GlobalID":"428c9691-f97b-4fa3-aef8-b3d8c0789cf9"}},{"type":"Feature","id":5,"geometry":{"type":"Polygon","coordinates":[[[-1.86073152881622,53.1884255630926],[-1.81254009048213,53.1543431144418],[-1.82187637070734,53.1367040692991],[-1.78372589599588,53.1028279811519],[-1.79423901990025,53.0883940561161],[-1.77565273134224,53.059354640749],[-1.77898129670525,53.0448443732104],[-1.75893144241201,53.0373157730271],[-1.76240468836527,52.999857681267],[-1.8267809653933,52.9770857580334],[-1.82979931675592,52.9457059843582],[-1.85657559960594,52.9233909589969],[-1.82820959493256,52.8844277537463],[-1.77722065071835,52.883814739953],[-1.74600328186982,52.8686931595988],[-1.7253220546578,52.8596631838183],[-1.70434505000843,52.8666805901244],[-1.70060876646834,52.8605835227102],[-1.69027182017364,52.8644693773096],[-1.62675456278266,52.8544372636164],[-1.58535204005437,52.8317146187253],[-1.61049453728011,52.8164043084885],[-1.59182686047883,52.8094905902795],[-1.58887036630037,52.799865984597],[-1.61434537918505,52.7882740466954],[-1.61112950302761,52.7814035599668],[-1.66653674724296,52.7847230313668],[-1.70415800107348,52.7320787772302],[-1.65660772847781,52.7217484720144],[-1.65504156782315,52.6987985780073],[-1.59754104513292,52.7004217660513],[-1.58964518521212,52.6872608072795],[-1.55177141578054,52.6674551055621],[-1.54451698666946,52.6446078755298],[-1.57135417979544,52.6352716290311],[-1.5544599867291,52.6147360394988],[-1.56075676844421,52.5961562419659],[-1.52715522942189,52.5827378298832],[-1.52286777647305,52.5706005985436],[-1.45999402370411,52.5515899264193],[-1.41734425187584,52.5344553061623],[-1.32508812136861,52.5010423236423],[-1.30594754121977,52.4933952796616],[-1.2016132823402,52.3967317941154],[-1.1749730344279,52.3562898070593],[-1.23338985999898,52.3465160417255],[-1.26535489041569,52.3283606820407],[-1.20923383160583,52.3152040787753],[-1.23378294834552,52.2903281059451],[-1.21573028067602,52.2663781638686],[-1.23299880381312,52.2532588490553],[-1.26689106857939,52.2352423779123],[-1.28464415777405,52.238577293866],[-1.25477999450913,52.1988889666106],[-1.28119486796282,52.1919529434511],[-1.3131345335561,52.190467629401],[-1.33189713466374,52.168485055298],[-1.34870798029411,52.13513219853],[-1.3661470969605,52.1360752375159],[-1.3933025306547,52.1189629040408],[-1.37084214073131,52.1175341825924],[-1.35776965527862,52.101310423665],[-1.38539981247961,52.0941455721699],[-1.42585527140742,52.1182494959207],[-1.45345845226156,52.113008816246],[-1.44718785167025,52.0976250320571],[-1.47730164948758,52.1013509440768],[-1.48780444456768,52.0939574321494],[-1.5228256938228,51.9968433223592],[-1.55722360988779,51.9916576647621],[-1.5496712341593,51.9808596581467],[-1.56353907899514,51.9770403695899],[-1.60030155963925,51.9769415553376],[-1.59163382438495,51.9704499705452],[-1.61234247850729,51.9554034162791],[-1.66575430455533,51.9874888210873],[-1.66617341865938,51.9969179714393],[-1.61753263744594,52.0334370253096],[-1.62441776104485,52.0389813512371],[-1.66386648240881,52.0312766487852],[-1.69398075505179,52.0395278980026],[-1.68863648251872,52.0518332037463],[-1.70514106702254,52.0597066221713],[-1.7017313760225,52.0728093023751],[-1.7129529623333,52.0665849038511],[-1.73067148454375,52.0733993004989],[-1.72856052811825,52.1001203046544],[-1.74602193827543,52.0929601711495],[-1.7676487476993,52.1125925592077],[-1.8022887376264,52.0969414686027],[-1.81273665651194,52.0787440005716],[-1.81894341276691,52.0854041142221],[-1.83175334172695,52.0727693533694],[-1.84661960637974,52.0794210947638],[-1.87440607681414,52.0699909106961],[-1.86344917990211,52.0534177221629],[-1.83458881408462,52.0437330158191],[-1.8250228816714,52.0309334126577],[-1.83905030714605,52.0067831275926],[-1.91344602070582,52.0444612397163],[-1.93173022075835,52.0299592825298],[-1.95138760292379,52.0377252726302],[-1.98413574037093,52.0358792735246],[-2.03835621126042,52.0046006226238],[-2.04951417600099,52.0037962176814],[-2.06078374065054,52.0146805594228],[-2.08487319407123,52.0104785837232],[-2.11219762720168,52.015344734098],[-2.14068698320304,51.9994641959084],[-2.14965530887631,52.0112561677792],[-2.13939720724599,52.0278918487879],[-2.11721985481344,52.0336144270981],[-2.11838371994392,52.0421086140391],[-2.1713809335275,52.0475735002333],[-2.18067935412555,52.0417281229791],[-2.17690606521176,52.0225592291156],[-2.18768330301946,52.019080156772],[-2.16463014559374,51.9961432532523],[-2.18074853603368,51.9996151704208],[-2.18508403441192,51.9905609779583],[-2.22061324351728,51.9954966439493],[-2.25135998173623,51.9665650232253],[-2.27055558557333,51.9689390800747],[-2.30043302608469,51.9667752637017],[-2.31261970068514,51.9765049736769],[-2.32653883120144,51.9757909459973],[-2.32470967817764,52.0035672774321],[-2.35254266829771,52.0135353102849],[-2.3513785224347,52.0213590281403],[-2.39289223170541,52.0129587691433],[-2.39901848988832,51.9961459469804],[-2.41319627507641,51.9940903078117],[-2.43729372167992,51.9971670425351],[-2.43654735134677,52.0147958048509],[-2.46325568882274,52.0143402773961],[-2.46407938640002,52.0232741840472],[-2.47893230091232,52.0225304101409],[-2.4919847978844,52.0076618746085],[-2.47099259190756,51.9947360722147],[-2.49491293331385,51.9810752059277],[-2.49224484622932,51.9641287764151],[-2.50090645406366,51.9606091433873],[-2.46548701732309,51.9516964072477],[-2.4660430006845,51.9279745026382],[-2.44818479287729,51.9186682313381],[-2.43935797871862,51.8973957274361],[-2.48779469273681,51.8804175450095],[-2.50862440108403,51.8851690560463],[-2.53162394036516,51.8607715460027],[-2.58064095895825,51.8616713755452],[-2.58281688096525,51.8495773529542],[-2.60121663303527,51.8562162635096],[-2.62546695815918,51.8389640024544],[-2.6367100534042,51.8430952603896],[-2.65040070566137,51.8261246880393],[-2.66619753962456,51.8356235561435],[-2.69329553821267,51.8338410112672],[-2.69730211578358,51.844809126766],[-2.71512837057028,51.8402439268099],[-2.71960515391467,51.8489192761031],[-2.73884858633293,51.8366165094803],[-2.77879887550878,51.8658590657989],[-2.76842830783598,51.8805409974443],[-2.83610068001895,51.9060450000692],[-2.8419083701885,51.9177264814451],[-2.86191985465631,51.9140181528134],[-2.84493489319063,51.9220259967506],[-2.87783522762331,51.9338143752347],[-2.97184633085176,51.9049816258892],[-2.97666533445423,51.9274901982859],[-3.00812331562262,51.9271305457746],[-3.02594450040787,51.9572822863321],[-3.06736793854235,51.9831427870413],[-3.0991989069082,52.0226858076712],[-3.08628664343747,52.0401943735905],[-3.09058811270966,52.0505132870265],[-3.1258956170174,52.078310820721],[-3.12271516984602,52.1031579299812],[-3.10546572699205,52.1053862381244],[-3.1049850770849,52.1167276158352],[-3.14192072336542,52.1278671845395],[-3.13587330506003,52.1379083913539],[-3.09369007602863,52.1443059955241],[-3.07253826587253,52.1557732338884],[-3.08254318094456,52.1630471599858],[-3.0988960399424,52.1547338851885],[-3.12243046938653,52.1634196046949],[-3.09465104740794,52.1837422721488],[-3.10208187076396,52.2027204247425],[-3.07209180390791,52.2130872867461],[-3.07303671181982,52.2358769197242],[-3.04421511694797,52.2379274553512],[-3.0483180973385,52.2502329083602],[-3.03586088952222,52.2567570179274],[-3.00577598464925,52.2642595018338],[-2.97718162690619,52.259686146307],[-2.94963475578803,52.2694682333245],[-3.01260808723587,52.2791690019128],[-3.0008661669243,52.3217658034407],[-2.96680116219151,52.3294490737509],[-2.9546513562312,52.3491547619509],[-2.97450325776289,52.3547007710934],[-3.04017440610561,52.3443264486601],[-3.06066441918824,52.3482395288047],[-3.11060650662931,52.3771928577352],[-3.15444662962901,52.3877151712663],[-3.17883654914272,52.4093973288162],[-3.21954450560264,52.4212529845233],[-3.23554290737874,52.442503603491],[-3.19724017298785,52.475989403608],[-3.18021448075947,52.4739344849716],[-3.11101713477342,52.4989348274822],[-3.02920219996728,52.5012680249992],[-3.03237893773154,52.5237313424439],[-3.00387364773922,52.5198330362488],[-2.99416397608112,52.5529108733513],[-3.01423044765826,52.5754965428783],[-3.0872758252428,52.5513315073544],[-3.08541228710354,52.5345027019176],[-3.13306437909445,52.5274706090712],[-3.13704471317803,52.5340448098773],[-3.11149542438312,52.5413637639411],[-3.13950076421706,52.5857198071882],[-3.11741414749591,52.5857631466494],[-3.08955816121524,52.5995062971361],[-3.09362257360869,52.6093390858589],[-3.07318689522908,52.628962661464],[-3.05979890380857,52.6307211844133],[-3.08356627749877,52.641292519303],[-3.05111254301861,52.6473655573642],[-3.03858027541558,52.6753731659481],[-3.04704782418509,52.6912658400274],[-3.02248595122878,52.7066679412576],[-3.02035717357501,52.7251022411946],[-3.00055465555011,52.7202753098292],[-2.97759195387917,52.7265916751134],[-2.97810302515212,52.715357324992],[-2.96107942397438,52.7164656937482],[-2.96506569359946,52.7322680639384],[-2.99131975666654,52.7338180007937],[-2.99199278310392,52.7437560376501],[-3.02180979859256,52.7519407800268],[-3.01079020497959,52.7585636982315],[-3.01719942626351,52.7676641811724],[-3.03509432688278,52.7640087018895],[-3.03897680465899,52.7704007767044],[-3.05257973883665,52.7686895422426],[-3.04778941903066,52.7726426103289],[-3.07951607127639,52.7715139108747],[-3.09168246545515,52.7866629778102],[-3.08663218440474,52.7955931558533],[-3.11828683784315,52.7835824200758],[-3.160855357414,52.7957450842645],[-3.15319003435607,52.8063686249358],[-3.16820515654487,52.8073284421082],[-3.16788753044557,52.8192666787912],[-3.15126038166519,52.8425648864944],[-3.16301475126072,52.8474909434566],[-3.12771287512405,52.8671030319118],[-3.15241672484932,52.8787478862566],[-3.13552413217992,52.885013666072],[-3.14750393980728,52.8901693449024],[-3.11416217683435,52.8939782147123],[-3.09595322233978,52.9302818594727],[-3.0765131677074,52.9254793431282],[-3.03507944189559,52.9294813948877],[-3.00964949705785,52.9561994723354],[-2.98202234587521,52.9591982537694],[-2.97502999662057,52.9689845232429],[-2.95981332042838,52.9511695547917],[-2.92888865618981,52.938678829388],[-2.88743132914083,52.9525298899843],[-2.88353939738081,52.9466392161544],[-2.84101496066104,52.9426237141074],[-2.79884789452444,52.8957587624405],[-2.75532645754993,52.9246280354678],[-2.72843937383236,52.9253018624939],[-2.72417751070196,52.957121654707],[-2.73529356516678,52.9699461891552],[-2.72684060651861,52.983272945399],[-2.69929243703802,52.9954387968738],[-2.67466228544539,52.9856628085895],[-2.63265093994968,52.9966707863035],[-2.59488906783669,52.9796071466041],[-2.59769347126789,52.9630059890664],[-2.58641372795252,52.9553790869194],[-2.56126288257306,52.9649521042153],[-2.52951582205192,52.9471648766016],[-2.52142791207088,52.9742651272254],[-2.48115277113679,52.9588178864802],[-2.43461402318088,52.9695213465112],[-2.43676051035001,52.9862560826523],[-2.38079367935244,52.9984110604571],[-2.38304468513682,53.0077867854615],[-2.37046780520021,53.0145758510409],[-2.38422739106503,53.0261675763665],[-2.38124882128933,53.0525513177503],[-2.34758567132664,53.0561702915322],[-2.31805098762948,53.0813587562204],[-2.29337580821605,53.0783263863953],[-2.25324849091039,53.09397699263],[-2.24740691730844,53.0898498456923],[-2.21131492625509,53.1158244623253],[-2.15564486007342,53.1596189573855],[-2.14141084524988,53.1566523912102],[-2.14043876356346,53.1838127668164],[-2.11207676339835,53.1686598081662],[-2.07023261967366,53.1716862921242],[-2.04652710695767,53.1926476554711],[-2.00020198978735,53.1937374969011],[-1.98740775867054,53.2135858478158],[-1.96236461007192,53.2262417347416],[-1.9567072298329,53.2137476084583],[-1.8986329308667,53.199956977271],[-1.86073152881622,53.1884255630926]]]},"properties":{"OBJECTID":5,"nuts118cd":"UKG","nuts118nm":"West Midlands (England)","bng_e":386294,"bng_n":295477,"long":-2.2035799,"lat":52.55696869,"Shape__Area":13002149548.972435,"Shape__Length":774627.13466365857,"GlobalID":"a8a5953c-6a23-4fca-b1c7-96d80a29dd95"}},{"type":"Feature","id":6,"geometry":{"type":"MultiPolygon","coordinates":[[[[0.977098262741791,52.9799920410532],[1.10539923107836,52.9555543774623],[1.13026259128313,52.9506635009073],[1.26947986706512,52.9389177419103],[1.27246470718802,52.9381548455654],[1.3252547432906,52.9246455124923],[1.40176923812718,52.8949617246194],[1.43314281636806,52.8815019618341],[1.56000172589377,52.813992798088],[1.58154272542755,52.8024957346747],[1.67494262700839,52.7425972740522],[1.69650758493025,52.7223190329469],[1.69907186052793,52.7199060599062],[1.70101718281373,52.718075309415],[1.73289617846649,52.6561501354728],[1.73747619994617,52.6470024840146],[1.73986413560864,52.5730539067803],[1.73006906029747,52.5819935349974],[1.73250643598262,52.5720638973565],[1.73865478391971,52.571975845543],[1.73179428577798,52.5647142680484],[1.73357788010402,52.5580055658477],[1.73284381436232,52.5568809895325],[1.73908936598892,52.5372632795704],[1.74046063188017,52.5321041298177],[1.76294153693301,52.4811793269306],[1.76113753006077,52.4762525652159],[1.75638679052578,52.4719673665393],[1.75764488396003,52.4769276914518],[1.7395823199967,52.4530275295759],[1.73457442011029,52.4479710978168],[1.72845779796656,52.3994166448214],[1.72475251557637,52.3931279545441],[1.70064632616384,52.3600643188126],[1.69203848129883,52.3482442039168],[1.67552672304902,52.3134178523922],[1.66768585833136,52.3117712188316],[1.66718951046102,52.3116669606431],[1.64499007537608,52.2947490641506],[1.63625329443104,52.2802097327965],[1.6340974625357,52.2780902046052],[1.63386626350945,52.2762355544157],[1.63148119295026,52.2722638448821],[1.62084736729098,52.1826398089832],[1.61939756237653,52.1790275998007],[1.58095646063003,52.0885070525252],[1.49975740086666,52.0608285286809],[1.48628114234227,52.0562258326301],[1.49981239428458,52.0615321603628],[1.55017490948741,52.0812564984264],[1.51795666716782,52.0758736797178],[1.50811964059628,52.0701628880931],[1.50132333637063,52.0706965885046],[1.50048605428246,52.0701475327691],[1.46234445673439,52.0451148019986],[1.43389654770955,52.0083398625473],[1.43125516792345,52.0049217945652],[1.39489458235752,51.9873741122472],[1.38853631283605,51.9993970082978],[1.36157568234336,52.0061910050274],[1.39165502535537,51.9892484026571],[1.38888174240498,51.9783637269742],[1.34492023571789,51.9569230811201],[1.31997454168809,51.9332668245183],[1.31919830097317,51.9366801572155],[1.31968382410191,51.950542412075],[1.28365355564158,51.9685043337395],[1.28285654763143,51.9689013534514],[1.28272972910129,51.9701093383589],[1.28031414857682,51.9931143799205],[1.21544879166983,52.0065143601235],[1.20435374461698,52.0110594573251],[1.19453750487644,52.0150790704032],[1.18129272826457,52.0205002160808],[1.17879503818901,52.0215222187575],[1.16021413453674,52.0306974487587],[1.15350995215039,52.0340063459591],[1.17090480579929,52.015717622607],[1.17236379897585,52.0141828795518],[1.2035763762496,52.0001899448352],[1.21153229571807,51.996620533852],[1.26742086698835,51.9878037933777],[1.27466271564097,51.9575074013972],[1.27018332497585,51.9568274883976],[1.24297540992175,51.961412742253],[1.21972042731814,51.9528711685621],[1.21017962700506,51.9559992188597],[1.20041603884274,51.9558966289337],[1.18733531526803,51.9557578736839],[1.16354271016964,51.9705251935983],[1.13041805615154,51.9535559286963],[1.0861321335888,51.9589331133974],[1.0684349148407,51.9505289629341],[1.06693980831481,51.949818693654],[1.07243723277705,51.948795874865],[1.08944755742158,51.9456291696281],[1.11943846935568,51.9400389236993],[1.1706232372817,51.9479985544909],[1.18829062795946,51.9406299040453],[1.19943879408185,51.9421783445967],[1.2191411724557,51.9449119903813],[1.21728494573044,51.939821654321],[1.22741288264938,51.9394731801818],[1.24730209592696,51.9483428567882],[1.27795126666905,51.9393775428155],[1.29046398710404,51.9497181604927],[1.2966222480817,51.9355800088381],[1.28131970459396,51.9347495467724],[1.25974495092955,51.9160504561441],[1.24662778196034,51.8913101610657],[1.23164841284206,51.8874261984788],[1.22601240642793,51.9037402858833],[1.21211537141584,51.8965151282937],[1.22830763129919,51.8905383412484],[1.1990163293031,51.8847874916723],[1.2097864197659,51.8784946940386],[1.1946733852727,51.8751149854973],[1.1782129793027,51.8714311447304],[1.19439080215441,51.8711289828559],[1.20777910442651,51.8708772281807],[1.22442412231776,51.8805801769069],[1.21275602830955,51.8699480511812],[1.22849286642111,51.8726082866046],[1.2324062628744,51.8550731799995],[1.23715280916175,51.8619706898141],[1.24929372036898,51.862306759372],[1.24992362530631,51.8561137716329],[1.25250296503405,51.8637190977188],[1.2699719106123,51.8636571964964],[1.27144428465208,51.8652647850143],[1.26778863204613,51.8770989794941],[1.29018195900418,51.8742627002577],[1.29058986252833,51.8729730796997],[1.28797511911837,51.8622965375402],[1.25582083821285,51.8344427524301],[1.25468373563456,51.83354333409],[1.23760300298639,51.8200271294368],[1.11756107525405,51.7739758509586],[1.11286194234786,51.7729576915223],[1.06884505171058,51.7701024762954],[1.04337631558113,51.7697081505209],[1.02924389026356,51.7886911465151],[1.03624306067471,51.7826453831315],[1.03762270553584,51.7900146044131],[1.01775026442155,51.8012852483921],[1.04939535906897,51.8014057797139],[1.0630252002298,51.8109412799927],[1.06779719320256,51.821087322905],[1.05861869055361,51.8112730212793],[1.02616698852209,51.8046160810583],[0.994185511676852,51.815949017097],[0.98382789403253,51.8283902865961],[0.983435184894426,51.8301174132334],[0.991490192243584,51.8384047035816],[0.986929629754527,51.8406523655524],[0.980295506304733,51.8439212699261],[0.977550714107084,51.8408903092847],[0.982322588749753,51.817358722472],[0.952979580671106,51.8243115462738],[0.98184874700027,51.8119729504192],[0.929700245522958,51.8078283208249],[0.937151041611226,51.8058598143258],[0.907323579451686,51.7992150197217],[0.898484599678375,51.7884137965466],[0.889912502231055,51.7779329955699],[0.865036013622933,51.7842715451343],[0.867290802205712,51.7829021638973],[0.894607378061665,51.7663024588143],[0.86035856019065,51.7688527045462],[0.857433247616112,51.7750000954692],[0.842443020661361,51.7729091499615],[0.882690018586262,51.7576248863307],[0.856246888233647,51.7438013799354],[0.847764320434725,51.7403036203839],[0.813690923436213,51.738521891462],[0.792285983568481,51.7451627287026],[0.788632319345408,51.736653303745],[0.776747593525562,51.743958896189],[0.774745003400492,51.7388941830659],[0.760547338025981,51.7424789217325],[0.752089494530477,51.7327491960509],[0.735516568997566,51.7294784480558],[0.712888708937642,51.7374993586543],[0.705374202487241,51.7238556910439],[0.686968004176385,51.7310854401633],[0.711206293521513,51.7134864976993],[0.769234349900952,51.7083302182868],[0.75116823371197,51.7007907832287],[0.748281566079903,51.6909572093958],[0.738301836540529,51.693772399755],[0.737837764418558,51.6871135148824],[0.756935241129926,51.6907255308186],[0.766982631348681,51.702744172696],[0.795624584860626,51.7081485498147],[0.793357464008252,51.7181513878659],[0.819724651455332,51.7210811869723],[0.837023190565697,51.7157573317782],[0.86868266013554,51.7223057719186],[0.895604243992723,51.7434451357509],[0.896021810584491,51.7437728108693],[0.927696060563478,51.7467618606821],[0.931388645910147,51.7464879890903],[0.950570866998798,51.730831994927],[0.939287378395718,51.7025910974111],[0.950056361189979,51.6834964449169],[0.936270176533489,51.6620481538792],[0.935653922770448,51.6610888661192],[0.937128688396925,51.6362228055521],[0.904330106813026,51.6224226437329],[0.887862474943046,51.6219850364996],[0.859581503411432,51.6212280835651],[0.794517488707194,51.6255655330407],[0.76575264581122,51.6379510242664],[0.784418731603743,51.6242954707936],[0.865745611507852,51.6155698457071],[0.866138124721327,51.5992163410499],[0.820438509749194,51.5989044523095],[0.806099225584521,51.6089679712001],[0.819109081004765,51.5976089151644],[0.77615475821407,51.5833478458496],[0.805879550005872,51.5861295514906],[0.795182698450318,51.5756709079199],[0.808060981034876,51.5787311485817],[0.817714240703638,51.5620830363711],[0.850500430758143,51.556621291175],[0.821255255380016,51.540663444518],[0.821156309552598,51.5406079412813],[0.787632678651743,51.5217904820228],[0.768266856489214,51.5254807150981],[0.643059565975322,51.5410876366629],[0.626767393375198,51.5381692946367],[0.610351482575613,51.5352260828876],[0.594112347669597,51.5382062966793],[0.560714815299674,51.544327118244],[0.593733167764467,51.5315423387349],[0.598785229082255,51.5295847667397],[0.631588925159242,51.5252405731444],[0.618845492033847,51.5198472898862],[0.636856176821606,51.5219538142749],[0.616947214750331,51.5145196429663],[0.592553553262003,51.5107800448907],[0.57333041608724,51.5078289925346],[0.553567134125498,51.5099346328705],[0.548549850252984,51.513826076644],[0.546352831481847,51.5155298311722],[0.539864514279404,51.5205604570386],[0.528761485890219,51.5182920084418],[0.517995256283478,51.5298699506456],[0.518932789718254,51.5267652411665],[0.522192467944506,51.515966474691],[0.541271321069898,51.5125598566011],[0.508165292117872,51.5051961439584],[0.455596748191591,51.5068435908517],[0.445602650721767,51.4981794208234],[0.444130843014808,51.4934566466262],[0.434317123615959,51.4619404229423],[0.40153781240075,51.453310667374],[0.35902089711989,51.4511300493475],[0.340845281802111,51.4523268451903],[0.322926919956135,51.4732779809469],[0.302368214057763,51.4723815445933],[0.297804684119031,51.4721820903032],[0.281400658456385,51.4613975836118],[0.211730535239715,51.4895878559947],[0.214156927613127,51.4960396099278],[0.229965349500295,51.4993659187367],[0.226597284867071,51.5065632427634],[0.241919319117717,51.5079601269155],[0.237176008059422,51.5193344335382],[0.248964774122808,51.5286740297463],[0.253834318142806,51.5178858716032],[0.263682923598634,51.5178697921235],[0.26534727199935,51.5321502650812],[0.334024216843264,51.5405038038154],[0.313035078453579,51.5658181319332],[0.29028973386863,51.56429939234],[0.269878875388438,51.5995747925846],[0.254008700190808,51.6015982007869],[0.264561965525902,51.6083206608944],[0.252194312965632,51.6177694049387],[0.224087728924087,51.6317377614967],[0.200311572473431,51.6249357567161],[0.138184235428898,51.6235453960756],[0.0728322279658942,51.6046873837412],[0.021819035304397,51.6288327861296],[0.022719541656958,51.641115492904],[-0.0122596885384053,51.6462286963154],[-0.0119186760120882,51.6808778146802],[-0.105779141322114,51.6918756442426],[-0.163493273456768,51.6881150787891],[-0.182085377518623,51.6686040576315],[-0.191066699360921,51.6638967053238],[-0.203352930121719,51.6701264989972],[-0.21213503075909,51.6613535274709],[-0.250582590956841,51.6560573513973],[-0.257332658052686,51.6418318479065],[-0.304458831594326,51.6363508688026],[-0.316672246448084,51.64053556669],[-0.362621257730618,51.6235048165992],[-0.404050172548559,51.6131839305934],[-0.440575302754169,51.6200732384216],[-0.457130755504216,51.6122938890889],[-0.496846269406142,51.6317330356624],[-0.500595886737316,51.5996898995638],[-0.522501790714772,51.6050615809399],[-0.539260817277343,51.6380393903777],[-0.5369460660706,51.6604147043426],[-0.522777811384923,51.6583975690829],[-0.520994790034422,51.6680453777685],[-0.505107856324304,51.6730768935581],[-0.524272791237623,51.6821126548674],[-0.548696118766453,51.6826712810547],[-0.544017145225959,51.6968174718007],[-0.563209678205709,51.7118798626684],[-0.550106348420512,51.7239122504032],[-0.559245257126305,51.7373319209222],[-0.573210296073708,51.7360508712345],[-0.586379728452315,51.7521159495135],[-0.612935985384476,51.7474272551636],[-0.673469490116297,51.7684717383886],[-0.690190999036667,51.7923392099283],[-0.685394264675594,51.8001859203176],[-0.709295276569808,51.8205395952049],[-0.723653476798641,51.8177730662448],[-0.745136855987657,51.8380605651332],[-0.720268145571103,51.8561471002608],[-0.692311242410702,51.8570447444169],[-0.695451175601448,51.8411104912251],[-0.667186881173413,51.8158037310675],[-0.632939597191988,51.8199461865905],[-0.581825667334857,51.8069054427206],[-0.560656237532135,51.8300826296032],[-0.55362861458581,51.8267126735032],[-0.543650555117801,51.8245178235059],[-0.53762850386108,51.8314108493464],[-0.583563578525963,51.8703238397764],[-0.620089157809485,51.8854855168993],[-0.651979972895783,51.8867905129487],[-0.672969117945025,51.9017527146236],[-0.692702688473228,51.900150673673],[-0.702156753891057,51.9091191125701],[-0.652978332579268,51.9692289641511],[-0.645680806134987,51.9722283104156],[-0.661689666859462,51.9997363844638],[-0.643476890239872,52.0108547028255],[-0.651023980599791,52.0184860758999],[-0.640200288821242,52.0240657817509],[-0.643047385906053,52.037249437578],[-0.668975977203777,52.0487168398777],[-0.59181033114981,52.1106918872011],[-0.607249381439605,52.1338687508854],[-0.635451654803878,52.1392536199885],[-0.640781512828503,52.1527722735474],[-0.630670853010731,52.1549239739316],[-0.627446652815753,52.1815454674216],[-0.668135639148405,52.1950341108935],[-0.637331623057357,52.2273176308376],[-0.653655471035558,52.2682893053734],[-0.610617040593065,52.2794979463904],[-0.586335339018582,52.2728313332523],[-0.565693056626453,52.2534682255626],[-0.541971909066081,52.2560727476577],[-0.531190184959116,52.2704024294707],[-0.541969414313723,52.2899424460098],[-0.514051197252364,52.3146970752875],[-0.519829880200142,52.317692567191],[-0.465365758042858,52.3229532803574],[-0.466656739117926,52.3389275755203],[-0.483264192792673,52.3409032965586],[-0.477682425581446,52.3489199908184],[-0.498699839685909,52.3600958379478],[-0.48851881587647,52.3740235410363],[-0.495946267846011,52.3795155293808],[-0.441509864499855,52.3849964335048],[-0.41707283217347,52.4115991100522],[-0.362408042511681,52.4335312771501],[-0.370217036858789,52.4399302705187],[-0.341590493979016,52.4669426264723],[-0.359399580993798,52.4898590682306],[-0.354345204769653,52.5064950714405],[-0.413602640850889,52.525679612803],[-0.401283297219458,52.5386846816235],[-0.419593788836943,52.5589619541644],[-0.407290921146051,52.5640548539184],[-0.415381404185907,52.578742638869],[-0.478814869731256,52.5736451461852],[-0.49266486143953,52.581900262491],[-0.470921180939459,52.6235593371494],[-0.494773452983964,52.6403140717889],[-0.452694588753434,52.6542776630366],[-0.405681266029177,52.6480460962573],[-0.350222339006112,52.6616146836699],[-0.335037026572004,52.6748659710245],[-0.289240338602376,52.6702761867101],[-0.260753910312386,52.6514179769988],[-0.21250133299933,52.6666794921252],[-0.192867814005763,52.6524385101545],[-0.180020105013017,52.6605611576486],[-0.141061996376816,52.6515074230086],[-0.102195958290052,52.6722061935883],[-0.087752504715668,52.666786091809],[-0.0637138144162751,52.6752330937228],[-0.0312706833054042,52.6615327430869],[0.0215003509086972,52.6648872875914],[0.0485664001173349,52.6814016593383],[0.0441494744659712,52.7143823487578],[0.0636266192782988,52.7273915086061],[0.0890116938762923,52.7236301651287],[0.132975309322762,52.7393044763085],[0.17162606685083,52.7380317007062],[0.186323197439424,52.7353486304391],[0.272208554226469,52.7728063606402],[0.245084460531765,52.784523805905],[0.267106288579427,52.8158417944322],[0.331642243023852,52.8180069881798],[0.351260210465709,52.8098187766673],[0.366635715035865,52.7911197539325],[0.370988273327466,52.7838864737997],[0.374303287840653,52.7783759086299],[0.371115698683662,52.7862299533681],[0.367079087590661,52.7961723048735],[0.357764689401693,52.8125481587137],[0.373007830602493,52.8209892289932],[0.422074498779777,52.8481244475092],[0.444915917057121,52.8532607605062],[0.445384209401874,52.8737270704508],[0.480023087367087,52.9315203194626],[0.486748275890253,52.9427213621728],[0.54094075408116,52.9749091388368],[0.562666434372037,52.9765926286555],[0.571485149396785,52.9679084337008],[0.586417519382224,52.9731718955511],[0.604011946956772,52.9675931129564],[0.590081792321252,52.9767113636357],[0.617855648542008,52.9736336154991],[0.616287616916831,52.9685113360066],[0.619921251747934,52.9737751560565],[0.674037486782248,52.9761598981465],[0.667567380950384,52.970151244734],[0.679261148787886,52.9735549727714],[0.695141897849568,52.978174704168],[0.708703961467498,52.9740949533235],[0.731653441710388,52.9722448708911],[0.737357998542249,52.9643214932341],[0.757873969811806,52.9693463957742],[0.761332893460011,52.9758250187324],[0.751212233503304,52.9769329280484],[0.781427493026191,52.9772177838563],[0.782222166675194,52.9770361705231],[0.813782607431816,52.9698179109362],[0.813785481468803,52.9773839998158],[0.851728268880776,52.9734202260099],[0.851101677908745,52.9576958040407],[0.870476587068996,52.9549325972513],[0.875247677888794,52.9601886120786],[0.917779113539185,52.9604284177405],[0.91969886072712,52.9656455373755],[0.935391972157948,52.9588416472313],[0.976467183790979,52.963032808269],[0.983984488653122,52.96379819956],[1.01450755993171,52.962999667153],[1.0153703323133,52.955479655904],[1.01859492662171,52.9641046067302],[1.03576948365905,52.9671068072465],[0.991192905022547,52.9763182870711],[0.977268438645377,52.9746829558094],[0.957814093216684,52.9723953704161],[0.977098262741791,52.9799920410532]]],[[[0.884503166795957,51.569017630281],[0.860518792139132,51.5567974204164],[0.840306463885457,51.5609185299152],[0.825778255919812,51.5644667151064],[0.83272514866201,51.5757691457115],[0.846459621334273,51.5814329952587],[0.838517892953206,51.5941135806328],[0.866825862664548,51.5951863855279],[0.875439189574426,51.6146517978453],[0.887451334068456,51.615510481189],[0.95795393809239,51.6205248825467],[0.927725609390257,51.5910103702418],[0.884503166795957,51.569017630281]]],[[[0.950523615039054,51.7764832479181],[0.904152613562653,51.7739113402631],[0.89809891466559,51.7797306584828],[0.942773993136243,51.8067462367157],[0.967656003386252,51.8086676273787],[1.00593387167885,51.7992720332795],[0.989404823932982,51.7875104386719],[0.950523615039054,51.7764832479181]]],[[[0.869928864822084,52.9580684136325],[0.852402947113729,52.958124130519],[0.867462022751643,52.9794065072233],[0.911242378786072,52.9654382967782],[0.901060890399501,52.9616901476125],[0.873120030103693,52.9610367444499],[0.869928864822084,52.9580684136325]]],[[[0.837489647059038,51.5852398384625],[0.820694813456294,51.5654524997432],[0.808605178177513,51.5865257714974],[0.827812894847565,51.5960548999979],[0.836353461290328,51.5949033984268],[0.837489647059038,51.5852398384625]]],[[[0.696166405257747,52.9876209697315],[0.751083311990604,52.9784672980479],[0.714497792355086,52.9770498193174],[0.698374352681954,52.9841008140662],[0.681327900060326,52.9774586026461],[0.683502846274776,52.9859874477132],[0.680030948446129,52.9859944499043],[0.66225732920733,52.9860287419782],[0.680084899404547,52.9868670430515],[0.696166405257747,52.9876209697315]]],[[[1.26029079395007,51.8819438433225],[1.24455752422413,51.8688370894529],[1.22588364957063,51.8751902610375],[1.23078262543286,51.8817808155976],[1.26029079395007,51.8819438433225]]],[[[0.787739442935985,51.7223852092028],[0.77232862355978,51.7186604270811],[0.75446696429087,51.7247583284569],[0.77718947492827,51.7262893037257],[0.787739442935985,51.7223852092028]]],[[[0.729680073816738,51.7194324627327],[0.708215746274826,51.7196711324645],[0.721129739881009,51.7308306065941],[0.729680073816738,51.7194324627327]]],[[[1.25418953655998,51.8736347044985],[1.26011591788632,51.8723218630496],[1.26454817726233,51.8722699782189],[1.26788537890619,51.8671969765716],[1.26774141523692,51.8647113073112],[1.26470026608927,51.8639620025068],[1.25879893458437,51.86871836559],[1.2518564204567,51.8694755070895],[1.25141346172304,51.8709466052629],[1.25418953655998,51.8736347044985]]],[[[1.27779014590612,51.8793444133148],[1.27209246797684,51.8769672820116],[1.26328660500024,51.8859613082447],[1.27779014590612,51.8793444133148]]],[[[1.26409269890999,51.8773734928644],[1.26353529000147,51.8729897626272],[1.25511288305314,51.8745283807352],[1.25464393190456,51.8756206628436],[1.25733378896736,51.874999359788],[1.26221449071459,51.8806932928986],[1.26409269890999,51.8773734928644]]]]},"properties":{"OBJECTID":6,"nuts118cd":"UKH","nuts118nm":"East of England","bng_e":571074,"bng_n":263229,"long":0.50414598,"lat":52.24066925,"Shape__Area":19155125590.877792,"Shape__Length":1083693.3371809677,"GlobalID":"5b0cd82b-5790-499e-92b3-b8f1ab8c601c"}},{"type":"Feature","id":7,"geometry":{"type":"Polygon","coordinates":[[[-0.0119186760120882,51.6808778146802],[-0.0122596885384053,51.6462286963154],[0.022719541656958,51.641115492904],[0.021819035304397,51.6288327861296],[0.0728322279658942,51.6046873837412],[0.138184235428898,51.6235453960756],[0.200311572473431,51.6249357567161],[0.224087728924087,51.6317377614967],[0.252194312965632,51.6177694049387],[0.264561965525902,51.6083206608944],[0.254008700190808,51.6015982007869],[0.269878875388438,51.5995747925846],[0.29028973386863,51.56429939234],[0.313035078453579,51.5658181319332],[0.334024216843264,51.5405038038154],[0.26534727199935,51.5321502650812],[0.263682923598634,51.5178697921235],[0.253834318142806,51.5178858716032],[0.248964774122808,51.5286740297463],[0.237176008059422,51.5193344335382],[0.241919319117717,51.5079601269155],[0.226597284867071,51.5065632427634],[0.229965349500295,51.4993659187367],[0.214156927613127,51.4960396099278],[0.211730535239715,51.4895878559947],[0.210965042111552,51.4898971643557],[0.187593955309572,51.4879010539986],[0.181634603450407,51.4986347800063],[0.1758975954326,51.5089631434707],[0.160486287183222,51.5122808319492],[0.127173319842768,51.519443883052],[0.0981445092732389,51.5149582120527],[0.0862622913029267,51.5131196568339],[0.0715892999190767,51.5006302063212],[0.0700073133548945,51.4992831652932],[0.0244415427050767,51.4983072825101],[0.0179851157324189,51.50156515258],[0.015709292746075,51.502713340755],[0.00539697565193219,51.5079148493366],[0.00456249602999409,51.5083356630733],[-0.00692776290672296,51.5045341901411],[-0.00628509171425279,51.5019803925739],[-0.00322860475947555,51.4898311335115],[-0.0122858075608102,51.4869817865916],[-0.0153270178061662,51.4860247954694],[-0.0171237273572425,51.4868970281827],[-0.0261110081490698,51.4912591131507],[-0.0294727915917803,51.5023722313059],[-0.0312450475803311,51.5082286511741],[-0.0454934206570858,51.5093949353913],[-0.0610096372397907,51.5028987105643],[-0.0610828806836839,51.5028680355528],[-0.0612067977791973,51.5029019702357],[-0.0739980061300342,51.5064038121682],[-0.0746622006842416,51.5054607142457],[-0.0753409726227803,51.5044968715169],[-0.0706960464919721,51.5030584640361],[-0.0629539512591986,51.5006603794235],[-0.0599192180086709,51.5016799812769],[-0.056512883217045,51.5028242826979],[-0.0443406946294275,51.5069120478321],[-0.0414964851370991,51.506585569419],[-0.0350079562008162,51.5058404921872],[-0.0334124364413469,51.5056572139623],[-0.033147931413263,51.5024340812678],[-0.0330372579816987,51.501085350151],[-0.0323760915450547,51.4930264388859],[-0.0323427005213314,51.4929974021516],[-0.0222880034942882,51.4842517465469],[-0.0183760542647176,51.4808479607712],[-0.0178584020341604,51.4832186760532],[-0.00299920214790352,51.4871439369832],[-0.00292796980303738,51.4871556123684],[0.00198768339213075,51.4884607287772],[-0.00238622531189193,51.5019140115612],[-0.00254911018529931,51.5024148683828],[0.00113805034798587,51.504134729728],[0.00274277834149525,51.5048831688193],[0.00326031259941853,51.5045850595052],[0.00821125122317734,51.5017329274106],[0.0154807973610257,51.4975441596906],[0.0216032626987668,51.4940154372677],[0.057805627199727,51.4940546169642],[0.0762345023564527,51.4958907050504],[0.081731464899575,51.5004503768329],[0.0905289213479321,51.5077456372395],[0.0920506502487,51.5090072164172],[0.0937786103256632,51.5092123473283],[0.118553810605418,51.5121503855545],[0.124415355827508,51.5128446871384],[0.127169092100154,51.5131707570284],[0.132314882535614,51.511884081216],[0.163275367498428,51.5041369628518],[0.166826536954787,51.5032476495919],[0.169045497787733,51.4991602977971],[0.169205684451436,51.4988651870168],[0.177778272785473,51.4830664456915],[0.217626597355351,51.4804723183473],[0.221175219476265,51.4788020657199],[0.203352887955709,51.4543284762594],[0.172854347003506,51.4432451859767],[0.164328170779461,51.4285849604157],[0.155875039477239,51.4308765823689],[0.152932433130183,51.4087084813972],[0.148902745175185,51.4084829760647],[0.1623841485646,51.3924903020708],[0.147741029236063,51.3928010018561],[0.152057738891158,51.3696937047156],[0.136958108414533,51.3441746049025],[0.118456301965029,51.3441477823748],[0.117903912257584,51.3296632278274],[0.0850292985139502,51.3160232044164],[0.0856930819406565,51.2930842266037],[0.0423964973902115,51.292673046743],[0.0329094179322316,51.3075209115003],[0.0150093769953222,51.2917860691888],[0.00229471945339947,51.3291388495517],[-0.0378922709406541,51.3387044839701],[-0.0513070799813812,51.3224478946691],[-0.0789238690180517,51.3197692480455],[-0.0911679398902129,51.3014725396081],[-0.124292859232143,51.2867586581957],[-0.137313517625825,51.3007809045658],[-0.155317700345265,51.3012743946668],[-0.156543168310197,51.3215085858984],[-0.197319340429513,51.3435951598878],[-0.220942482959152,51.3298630676692],[-0.229822682381588,51.3365228045867],[-0.217264427004088,51.3433870908451],[-0.222736428345818,51.3570860723815],[-0.245404842517721,51.3668454398225],[-0.245030254723365,51.3800339655478],[-0.26114856183599,51.3795998011758],[-0.285437834491857,51.3642491741119],[-0.306191996713638,51.3350844117737],[-0.330655553303684,51.3290096390544],[-0.330510146404628,51.3484194351658],[-0.307365443666319,51.3783835451094],[-0.31769788093149,51.3936670793737],[-0.327817849657512,51.3918371417345],[-0.359139332144209,51.4119031613367],[-0.383350026712986,51.4085382951098],[-0.391341970591306,51.4223261103553],[-0.456467559316018,51.4381066797062],[-0.458640451035755,51.4563154240896],[-0.509701402284211,51.4691759477216],[-0.490024731194161,51.494747634396],[-0.483162290117039,51.5071277158717],[-0.495487345399385,51.5385452300546],[-0.476620654323668,51.5591888369146],[-0.500595886737316,51.5996898995638],[-0.496846269406142,51.6317330356624],[-0.457130755504216,51.6122938890889],[-0.440575302754169,51.6200732384216],[-0.404050172548559,51.6131839305934],[-0.362621257730618,51.6235048165992],[-0.316672246448084,51.64053556669],[-0.304458831594326,51.6363508688026],[-0.257332658052686,51.6418318479065],[-0.250582590956841,51.6560573513973],[-0.21213503075909,51.6613535274709],[-0.203352930121719,51.6701264989972],[-0.191066699360921,51.6638967053238],[-0.182085377518623,51.6686040576315],[-0.163493273456768,51.6881150787891],[-0.105779141322114,51.6918756442426],[-0.0119186760120882,51.6808778146802]]]},"properties":{"OBJECTID":7,"nuts118cd":"UKI","nuts118nm":"London","bng_e":517516,"bng_n":178392,"long":-0.30864,"lat":51.49227142,"Shape__Area":1585475934.6321259,"Shape__Length":270855.09005305759,"GlobalID":"2ae606b7-b7dc-4d57-a422-84064399cbba"}},{"type":"Feature","id":8,"geometry":{"type":"MultiPolygon","coordinates":[[[[-0.627446652815753,52.1815454674216],[-0.630670853010731,52.1549239739316],[-0.640781512828503,52.1527722735474],[-0.635451654803878,52.1392536199885],[-0.607249381439605,52.1338687508854],[-0.59181033114981,52.1106918872011],[-0.668975977203777,52.0487168398777],[-0.643047385906053,52.037249437578],[-0.640200288821242,52.0240657817509],[-0.651023980599791,52.0184860758999],[-0.643476890239872,52.0108547028255],[-0.661689666859462,51.9997363844638],[-0.645680806134987,51.9722283104156],[-0.652978332579268,51.9692289641511],[-0.702156753891057,51.9091191125701],[-0.692702688473228,51.900150673673],[-0.672969117945025,51.9017527146236],[-0.651979972895783,51.8867905129487],[-0.620089157809485,51.8854855168993],[-0.583563578525963,51.8703238397764],[-0.53762850386108,51.8314108493464],[-0.543650555117801,51.8245178235059],[-0.55362861458581,51.8267126735032],[-0.560656237532135,51.8300826296032],[-0.581825667334857,51.8069054427206],[-0.632939597191988,51.8199461865905],[-0.667186881173413,51.8158037310675],[-0.695451175601448,51.8411104912251],[-0.692311242410702,51.8570447444169],[-0.720268145571103,51.8561471002608],[-0.745136855987657,51.8380605651332],[-0.723653476798641,51.8177730662448],[-0.709295276569808,51.8205395952049],[-0.685394264675594,51.8001859203176],[-0.690190999036667,51.7923392099283],[-0.673469490116297,51.7684717383886],[-0.612935985384476,51.7474272551636],[-0.586379728452315,51.7521159495135],[-0.573210296073708,51.7360508712345],[-0.559245257126305,51.7373319209222],[-0.550106348420512,51.7239122504032],[-0.563209678205709,51.7118798626684],[-0.544017145225959,51.6968174718007],[-0.548696118766453,51.6826712810547],[-0.524272791237623,51.6821126548674],[-0.505107856324304,51.6730768935581],[-0.520994790034422,51.6680453777685],[-0.522777811384923,51.6583975690829],[-0.5369460660706,51.6604147043426],[-0.539260817277343,51.6380393903777],[-0.522501790714772,51.6050615809399],[-0.500595886737316,51.5996898995638],[-0.476620654323668,51.5591888369146],[-0.495487345399385,51.5385452300546],[-0.483162290117039,51.5071277158717],[-0.490024731194161,51.494747634396],[-0.509701402284211,51.4691759477216],[-0.458640451035755,51.4563154240896],[-0.456467559316018,51.4381066797062],[-0.391341970591306,51.4223261103553],[-0.383350026712986,51.4085382951098],[-0.359139332144209,51.4119031613367],[-0.327817849657512,51.3918371417345],[-0.31769788093149,51.3936670793737],[-0.307365443666319,51.3783835451094],[-0.330510146404628,51.3484194351658],[-0.330655553303684,51.3290096390544],[-0.306191996713638,51.3350844117737],[-0.285437834491857,51.3642491741119],[-0.26114856183599,51.3795998011758],[-0.245030254723365,51.3800339655478],[-0.245404842517721,51.3668454398225],[-0.222736428345818,51.3570860723815],[-0.217264427004088,51.3433870908451],[-0.229822682381588,51.3365228045867],[-0.220942482959152,51.3298630676692],[-0.197319340429513,51.3435951598878],[-0.156543168310197,51.3215085858984],[-0.155317700345265,51.3012743946668],[-0.137313517625825,51.3007809045658],[-0.124292859232143,51.2867586581957],[-0.0911679398902129,51.3014725396081],[-0.0789238690180517,51.3197692480455],[-0.0513070799813812,51.3224478946691],[-0.0378922709406541,51.3387044839701],[0.00229471945339947,51.3291388495517],[0.0150093769953222,51.2917860691888],[0.0329094179322316,51.3075209115003],[0.0423964973902115,51.292673046743],[0.0856930819406565,51.2930842266037],[0.0850292985139502,51.3160232044164],[0.117903912257584,51.3296632278274],[0.118456301965029,51.3441477823748],[0.136958108414533,51.3441746049025],[0.152057738891158,51.3696937047156],[0.147741029236063,51.3928010018561],[0.1623841485646,51.3924903020708],[0.148902745175185,51.4084829760647],[0.152932433130183,51.4087084813972],[0.155875039477239,51.4308765823689],[0.164328170779461,51.4285849604157],[0.172854347003506,51.4432451859767],[0.203352887955709,51.4543284762594],[0.221175219476265,51.4788020657199],[0.274292504240154,51.4537735821901],[0.301807737406289,51.4612579894896],[0.31524613592167,51.4649101060297],[0.315395571623067,51.4649507083126],[0.325163821393549,51.4503353660597],[0.382222039075106,51.4432913714289],[0.458519347151956,51.4552628644581],[0.456756497170188,51.4586924885155],[0.454309369529735,51.4634524976387],[0.467616972185929,51.464201043907],[0.457874796791741,51.4669463880761],[0.468742138333174,51.4827706764305],[0.547003839786073,51.4870454533526],[0.553938337871715,51.4814228293678],[0.574545905830049,51.4842656737561],[0.582488358075809,51.4796473073752],[0.585779699418922,51.4844394959094],[0.590965917769593,51.4827930248993],[0.615236211006345,51.4750832480218],[0.659983914818628,51.477676961262],[0.671239638653583,51.4722550606815],[0.699735891458201,51.4727337601869],[0.720384595583732,51.4597370281538],[0.723259157530008,51.4435260690333],[0.713429329585367,51.4356845678592],[0.677888580658433,51.4331759496932],[0.670371356676356,51.4485093525064],[0.667222764578116,51.4438790086393],[0.656750667357231,51.4492766377772],[0.63581463907472,51.4462217303128],[0.618295760555589,51.4286832686806],[0.625214905308428,51.42366918568],[0.610664644356564,51.417372816236],[0.587194918275753,51.416146959243],[0.534985463157278,51.413403241516],[0.52118112930461,51.3930467169665],[0.536684312742032,51.4102114487009],[0.560969194929687,51.394814077909],[0.585645317807418,51.3886840674322],[0.594636527371204,51.3864487932488],[0.61604594355208,51.3780928783421],[0.61923015738573,51.3884876159148],[0.632410463147138,51.3890016827624],[0.634639611657774,51.3890884513668],[0.639938592159365,51.3950868581147],[0.659645805095028,51.3918351242518],[0.672691566728687,51.3759571135466],[0.687362374434614,51.3918656112596],[0.703063762183735,51.3925990856341],[0.695284202837291,51.3798214254531],[0.713539462776723,51.3839501944479],[0.718653352851735,51.3893792233117],[0.701778918468151,51.3957270867329],[0.695894034279005,51.4072832859948],[0.705532932626058,51.4084210256219],[0.696260506253472,51.4196946210514],[0.727977372512598,51.4235890508822],[0.73117110227131,51.418982608606],[0.716721713654709,51.4153734498388],[0.725927556633254,51.3998798102353],[0.763657278299825,51.3828975529365],[0.755952438417156,51.3536235163951],[0.76689188991096,51.3625810906312],[0.814325822054496,51.3582960359362],[0.865926060265135,51.3559078508194],[0.870975788019835,51.3540770174815],[0.897629963689521,51.3444073933889],[0.895647457468317,51.3370378784027],[0.904374132891047,51.343022480459],[0.950244423568302,51.3457614885183],[0.95030236745483,51.3457671684994],[1.01152193777227,51.3517512158272],[1.03314970009729,51.3655622058442],[1.09861808052509,51.3724468188995],[1.12520123033653,51.3739152988374],[1.13852344010137,51.3734634154993],[1.1651225273282,51.3761090622687],[1.22423006588109,51.3793319205007],[1.22489485728112,51.3792803320384],[1.25573006345276,51.3768830708728],[1.28800777559066,51.3823667841533],[1.30851047759709,51.3824931982502],[1.31463456154409,51.3819694825376],[1.33296096657922,51.385039743556],[1.39820586384628,51.3940146313996],[1.42492476654355,51.3937878283014],[1.44744178893322,51.3789124733705],[1.44958510547341,51.3774958374555],[1.44627439074113,51.3633765522319],[1.44412792771828,51.3542169939957],[1.42468179731063,51.3259922246864],[1.42319474878599,51.3313725585503],[1.41398443907273,51.3239264227571],[1.37746694131991,51.3296904720998],[1.36588280973288,51.3250050263136],[1.36315376598866,51.3135705922455],[1.3633992652608,51.3135124113102],[1.37064360827028,51.3117952739198],[1.37992394098396,51.2903078996979],[1.40112239659919,51.2411512773287],[1.40391019227608,51.2333742629005],[1.4026809137108,51.2039352734936],[1.39837716458123,51.1623058879034],[1.37957855249586,51.1421779851006],[1.35381197792359,51.1334494321176],[1.34271696851948,51.1304430160913],[1.3427746809166,51.1297077102196],[1.32396267228442,51.1244237048986],[1.31741792888182,51.1231085375161],[1.31769668340321,51.1226627288342],[1.31573125189974,51.1221102710715],[1.32091425589243,51.1175162519444],[1.3230487054365,51.1141015421663],[1.3136165208872,51.1147552741659],[1.32784145966335,51.1113744914482],[1.30316475712719,51.1131018609825],[1.30077149724408,51.1126477596119],[1.29984480832122,51.1126912354155],[1.29840226759992,51.1121981598879],[1.23499500633076,51.1001443026783],[1.22085602259498,51.0994711840723],[1.2172850228965,51.0974500181683],[1.18571956670471,51.0795714760158],[1.19495132782922,51.0759552455901],[1.13888711976619,51.07008883967],[1.0752888020123,51.0634000330386],[1.06835560471559,51.0599147431738],[1.06161569864844,51.059056594888],[1.02137309700133,51.0362717486454],[0.994244438968039,51.0225998229596],[0.976349902229618,50.9902103750921],[0.973171267753034,50.9861322735569],[0.973297067767256,50.984679635986],[0.964139161289772,50.9680796542848],[0.973115309063801,50.9415610852016],[0.97837285846125,50.9260148856932],[0.979199247440702,50.9164526046561],[0.975749788037333,50.9132417947463],[0.910859124587935,50.9178954931365],[0.854995563628383,50.9236970382438],[0.854736657747088,50.9237238604124],[0.844450863379284,50.9246645471234],[0.772015158388909,50.9312620381104],[0.774606885952801,50.9275982389319],[0.731886915752024,50.9145562429468],[0.687292858614286,50.8855252287276],[0.660542653867273,50.8704724792311],[0.658238288992354,50.8698860004009],[0.652391358780091,50.868397637995],[0.560948612968535,50.8517163858775],[0.555812919479034,50.8514292407195],[0.503460792427456,50.8431860812978],[0.503103952499127,50.843129799192],[0.378213246442747,50.8204259288875],[0.377512327824011,50.8202980670506],[0.339217537835278,50.7991870954154],[0.339108268098136,50.7990381766056],[0.337410667355587,50.7967244462365],[0.315215650681737,50.7795539787901],[0.30765180394163,50.7767308112256],[0.305990936262957,50.7761107859181],[0.266432133662673,50.7436707213078],[0.260056278406897,50.7384366237477],[0.217012702749739,50.7372851614646],[0.209988754751504,50.7395372937359],[0.15007065345496,50.7587234427676],[0.148942704852439,50.7590841734005],[0.122143912976912,50.7584048896722],[0.0712553787695388,50.7811692449799],[0.0707056111831789,50.781414936525],[0.0562455432002476,50.7837648397722],[0.0569101690552813,50.7814231914957],[0.0570557406153575,50.7807739588968],[0.0537075802923605,50.780508146754],[0.0581453946860944,50.775913744928],[0.0340618286956384,50.7818239642906],[-0.0149417142322582,50.7938298526424],[-0.037784152406382,50.7994171595294],[-0.0381091427696309,50.7994966119367],[-0.038544350948253,50.7991937347666],[-0.0925318918704146,50.8117436093279],[-0.106387826922629,50.8082656752501],[-0.110356535253012,50.8097385869615],[-0.10999396862275,50.8133407775671],[-0.125369222144262,50.815308224518],[-0.135775187956529,50.8191668821587],[-0.216052284134712,50.827528221139],[-0.216695611321906,50.8274857562292],[-0.228021441152506,50.8267375613521],[-0.245856850959006,50.8265036814187],[-0.243093476914911,50.8304409667303],[-0.25168252884807,50.8302509350701],[-0.249178711300619,50.8264598183414],[-0.268086573420566,50.8262083514269],[-0.277875395115612,50.8269304740708],[-0.297653602858312,50.8235118137219],[-0.33269706027327,50.8174450159855],[-0.333083499117737,50.8173380346158],[-0.344623232771558,50.8141426168443],[-0.414973721000667,50.8045336842783],[-0.435762374765857,50.8032164779209],[-0.435991224779191,50.8032019559474],[-0.505350200368323,50.8012753362894],[-0.532211274639567,50.8010851729614],[-0.538011774563675,50.800353724708],[-0.542009647618174,50.8002402945864],[-0.570849432786011,50.7962069168985],[-0.648114391326667,50.7864106528646],[-0.669106957215427,50.7824068328486],[-0.70141518601639,50.777849402562],[-0.729156191138027,50.7709997918318],[-0.751299604929473,50.7588650800884],[-0.752546608556744,50.7581814137904],[-0.759305196461759,50.767633698706],[-0.760734655332475,50.7696323436231],[-0.76111132471025,50.7696114540759],[-0.781635741478529,50.7684713908552],[-0.786855786808391,50.7599013628737],[-0.772799103939021,50.7616409472134],[-0.761803884920874,50.7508553350069],[-0.753507348065256,50.757241123191],[-0.773197284297545,50.7363107814806],[-0.78966956939291,50.7230096802576],[-0.793121695066747,50.7233221079991],[-0.807558161610051,50.7312708608383],[-0.842860304260224,50.7535587548904],[-0.858242244501202,50.7591435025798],[-0.861093712663237,50.7607099222242],[-0.865084562286656,50.7616265207651],[-0.867056437079728,50.7623419702793],[-0.916824444386996,50.780380982597],[-0.91231756054044,50.7889696150427],[-0.915624389423165,50.7804417676651],[-0.90489912169883,50.7822796505078],[-0.892266308219395,50.7942938735548],[-0.87827077295483,50.8075949215358],[-0.866035285374929,50.8045681485643],[-0.844728332679154,50.7992928357963],[-0.825406265922702,50.8044659114289],[-0.815784406718147,50.8191101294875],[-0.842680636271954,50.8047528345862],[-0.865835623397155,50.8128142495797],[-0.86881292940238,50.8138502384581],[-0.865669236804423,50.8196868153027],[-0.861188086566194,50.828003866717],[-0.859458979410637,50.8399350360492],[-0.865172355940186,50.8402046002749],[-0.87089494376451,50.8404742692982],[-0.865761483101054,50.8269584183262],[-0.876808987116847,50.8114946972569],[-0.892313737636714,50.8185124265104],[-0.89503310792791,50.8385762459338],[-0.913205992075496,50.8400785307985],[-0.912399553053592,50.827711993437],[-0.920507236460444,50.8336263335901],[-0.935108259274956,50.8302603180774],[-0.932184218665738,50.8434199384252],[-0.935602601965375,50.8433302177255],[-0.97445972232352,50.8423035026864],[-0.981422228202975,50.8349271980692],[-1.00118898512458,50.8436685235689],[-1.0199094981415,50.8431968515408],[-1.02412892713241,50.8263225821027],[-1.0242823350926,50.8264368410393],[-1.03628569104069,50.835374444566],[-1.0441185704354,50.8321357175769],[-1.04426801308203,50.7956368880773],[-1.04428854475696,50.7906244135955],[-1.03299750107048,50.7955443224279],[-1.03059166531107,50.7965923805547],[-1.03056750747408,50.7955241954767],[-1.03038283838165,50.7873540760951],[-1.08853239077161,50.7777707348084],[-1.09416601730092,50.7810699547617],[-1.10967384736284,50.7915422321936],[-1.11021618303822,50.7961588452258],[-1.11143666173544,50.8065449764689],[-1.08959197814741,50.8096041200921],[-1.09258259997549,50.8151498912369],[-1.10025469037983,50.8267203638978],[-1.08456898392449,50.8248358019498],[-1.076609255437,50.8367962352349],[-1.04413374488766,50.833895778515],[-1.08225889796139,50.8380151457614],[-1.08923192779724,50.8286180646768],[-1.10627583065934,50.8378610231732],[-1.10327977190996,50.8464002117977],[-1.11411544331844,50.844927398846],[-1.11770596867816,50.8444391207899],[-1.11297607039871,50.8361443250207],[-1.11295897218898,50.8360831824534],[-1.1130693086692,50.8360909563394],[-1.12747328271756,50.8371051215148],[-1.1491672095656,50.8434562101782],[-1.1545920487145,50.8450434670837],[-1.15464889484003,50.8450601010205],[-1.15651271146721,50.8445616115848],[-1.1741402233201,50.8398449691255],[-1.17521951193264,50.8395560575927],[-1.17621020472528,50.8392908494663],[-1.17552075108947,50.8391901520285],[-1.15254365614169,50.8358315940062],[-1.1498834051143,50.8271810963121],[-1.14946910475098,50.8268473485848],[-1.12381670742552,50.8061709839985],[-1.13677944962006,50.8019636944705],[-1.12366562384059,50.8040825817539],[-1.11929012404087,50.796227801273],[-1.11751506405252,50.7930404743905],[-1.13442772062092,50.7858864347423],[-1.11190339469873,50.7895600714457],[-1.12993710631172,50.7796438519026],[-1.14203567041724,50.7736861834308],[-1.15038285227917,50.7765234463991],[-1.19061496751174,50.7901851583605],[-1.19871661962578,50.7968002992511],[-1.21369240060212,50.8090219086086],[-1.2138661835294,50.809163684132],[-1.21410261563316,50.8093565679291],[-1.21761067873054,50.8102244196928],[-1.22031297042105,50.8108928383565],[-1.29017663503259,50.8343806517985],[-1.30640855097502,50.8406796689684],[-1.30021156501287,50.8794641835164],[-1.30440841122243,50.8772806271376],[-1.31278863333184,50.8729194325967],[-1.31344664639425,50.849045775867],[-1.36293148592337,50.8787199835196],[-1.36518461320941,50.8800697177564],[-1.38331467504316,50.8895922534155],[-1.38483682413708,50.9039901661542],[-1.37184504502819,50.9124547510927],[-1.38793329241008,50.9068913305707],[-1.38719993387039,50.8992205186612],[-1.39530629395156,50.8831790962785],[-1.39534133308397,50.8831097341876],[-1.39537770810889,50.8832227842765],[-1.39902236804763,50.8945476333613],[-1.40082179240361,50.8902844722774],[-1.43249294178552,50.9048647578216],[-1.43972982601317,50.9081940107733],[-1.45088313885003,50.9041228481796],[-1.46531211516219,50.9106245323575],[-1.46714285067877,50.9114492168418],[-1.47872452524169,50.9252336567515],[-1.4734643669987,50.9148017767014],[-1.47631700883238,50.910694885203],[-1.45113752863935,50.9013469687107],[-1.43258413274362,50.8973431789175],[-1.42184979453511,50.8950251977915],[-1.37678377538884,50.8538906797885],[-1.35270695964094,50.8481423567548],[-1.36051412465614,50.8429123479664],[-1.34948156737171,50.8464813752999],[-1.33456761751743,50.8374574906828],[-1.33652503728085,50.8272787200648],[-1.31930430277113,50.824449562941],[-1.32357181319185,50.8184144540751],[-1.32609134767036,50.8166026249933],[-1.32323221799938,50.8181573912764],[-1.31456760063666,50.8153671674817],[-1.31551898730349,50.8211667567774],[-1.31233270205606,50.8207294641582],[-1.30851206508467,50.8161303852985],[-1.30954712901757,50.8136312879595],[-1.32314893356446,50.8042713733007],[-1.32468693398955,50.8038447090309],[-1.32773844443213,50.8011120386033],[-1.33277488234103,50.7976443213577],[-1.35259306282288,50.7839911245688],[-1.35501897912148,50.7840012270021],[-1.37503327275556,50.7850074489069],[-1.37710824431386,50.7840910043984],[-1.41189204135973,50.7842242293714],[-1.38842420680056,50.7790919245537],[-1.3956516436584,50.7758979271733],[-1.4341488086341,50.7679678219955],[-1.50153241803701,50.7540492589769],[-1.51954348107166,50.7541670771638],[-1.53504834194826,50.7638700905623],[-1.52592643035345,50.744521505514],[-1.53691591080911,50.7425173310597],[-1.53112463482756,50.7370543500605],[-1.55559931944233,50.7222627213483],[-1.57577371047921,50.7164080364674],[-1.55486157300835,50.7084306900695],[-1.5539127939568,50.7116102976163],[-1.55104441639039,50.7070627047106],[-1.55378779189416,50.7070035525184],[-1.57740381012145,50.7153105672404],[-1.58609213947577,50.7193002982453],[-1.59353274625901,50.7209795389601],[-1.5947546485505,50.7214088643795],[-1.59709035351777,50.7217822316764],[-1.64203550900247,50.7319113625431],[-1.69003630467048,50.7365970431588],[-1.69213127315248,50.73693000172],[-1.68181880176013,50.751850045709],[-1.74416871755885,50.7474553887605],[-1.73895962345847,50.7632705334556],[-1.74884631724303,50.7794943875112],[-1.78549590627879,50.7647520310116],[-1.80390495992825,50.7959652088358],[-1.81189346961845,50.8086420516361],[-1.80340083464914,50.8303392083796],[-1.79061492044422,50.8363141194303],[-1.80247295730022,50.8429625290594],[-1.80711024689967,50.8633153663189],[-1.83000872917565,50.8552737968575],[-1.85353883473145,50.863460109742],[-1.84855553218703,50.8898873561304],[-1.8165419268142,50.9039481458121],[-1.81065808967276,50.9272033824856],[-1.84184002606648,50.9316803734078],[-1.87364432145208,50.9172258888872],[-1.92084101012804,50.9614073103482],[-1.95546558071567,50.978266331806],[-1.95682089498175,50.9898299324144],[-1.94993597428345,50.9823105862268],[-1.92787590068398,50.9976972344574],[-1.88674132171293,50.999527735391],[-1.87448162937032,51.0063305730385],[-1.87398355229609,50.9844410369727],[-1.85338113087344,51.0046795408065],[-1.83581261899588,51.0094222619988],[-1.81542176154389,50.9859226497626],[-1.8003139644164,50.9913947995784],[-1.75440191299908,50.9778920957637],[-1.71961730875671,50.9767804593947],[-1.66165999760679,50.9452778925552],[-1.63496498191888,50.9592422024058],[-1.61975086680367,50.9585669225707],[-1.60292295662954,50.9785219275279],[-1.61964214748905,50.9829964278178],[-1.62888498210886,50.9990317647909],[-1.59733922745693,51.009752599546],[-1.59939671455919,51.023729375064],[-1.632375749954,51.0327797080419],[-1.63494006401146,51.0405607803409],[-1.6277285317803,51.0780113470764],[-1.63731080993168,51.092165472254],[-1.62624982085582,51.1173383773208],[-1.66297542061703,51.1271919933701],[-1.65404416770563,51.1562825595718],[-1.67236777185584,51.1785439063328],[-1.66883538879457,51.1907722662754],[-1.69409695143701,51.2040432389138],[-1.68969464697899,51.2148276707553],[-1.63354082450099,51.2175159565149],[-1.60742610681486,51.2527700637075],[-1.57763603598064,51.2556310641468],[-1.54515980287615,51.2450984916643],[-1.53603492235288,51.2485300387207],[-1.52982022728447,51.2605141199772],[-1.54051263215494,51.2608334786601],[-1.54258390872725,51.2812507350826],[-1.52280740170925,51.2870580082431],[-1.51951108458102,51.2959385808106],[-1.53356185392415,51.3162235794494],[-1.52750728243899,51.3384659578415],[-1.498298923396,51.3293760932154],[-1.48571137940255,51.3476828433187],[-1.50060847867399,51.3562679609636],[-1.49544914389942,51.369664447857],[-1.55560283150743,51.3955841256927],[-1.55298802119957,51.4100439103553],[-1.57105280219584,51.4155776040989],[-1.56511865146686,51.4220434331812],[-1.52661427053083,51.4239307445952],[-1.52399092094505,51.4474805537355],[-1.5822908712812,51.494111795703],[-1.58470801108385,51.5249121183582],[-1.60281227578358,51.5182950564502],[-1.64769133241363,51.5719518956815],[-1.65504455155132,51.5765062729789],[-1.67653981704778,51.5694390409882],[-1.69111065939155,51.5835237268249],[-1.69061673407177,51.6054499281196],[-1.6670096513968,51.6162644731128],[-1.67373615894952,51.6228498656643],[-1.6599543200143,51.6349908717277],[-1.69193809185031,51.6521645865737],[-1.70018909589412,51.6707416640712],[-1.68305860764012,51.6901103599747],[-1.66845860139674,51.6804375689824],[-1.64825374342758,51.684087065864],[-1.68800012551945,51.7120447475816],[-1.69587065656669,51.7235374525657],[-1.6870208353981,51.7398840228499],[-1.70070464064409,51.7705842300142],[-1.71948863303458,51.7832118277089],[-1.681931606345,51.8039930864535],[-1.68646159227484,51.8344557909089],[-1.67638499898215,51.8503096854391],[-1.68686790517346,51.8654997690799],[-1.66711188278717,51.8770000577044],[-1.65865197590567,51.8965511926518],[-1.63305061648252,51.8992254674722],[-1.64552984350382,51.9222942559451],[-1.61518893059496,51.937681628986],[-1.63249065037017,51.9556514579356],[-1.66252911046866,51.9640049466809],[-1.66575430455533,51.9874888210873],[-1.61234247850729,51.9554034162791],[-1.59163382438495,51.9704499705452],[-1.60030155963925,51.9769415553376],[-1.56353907899514,51.9770403695899],[-1.5496712341593,51.9808596581467],[-1.55722360988779,51.9916576647621],[-1.5228256938228,51.9968433223592],[-1.48780444456768,52.0939574321494],[-1.47730164948758,52.1013509440768],[-1.44718785167025,52.0976250320571],[-1.45345845226156,52.113008816246],[-1.42585527140742,52.1182494959207],[-1.38539981247961,52.0941455721699],[-1.35776965527862,52.101310423665],[-1.37084214073131,52.1175341825924],[-1.3933025306547,52.1189629040408],[-1.3661470969605,52.1360752375159],[-1.34870798029411,52.13513219853],[-1.33189713466374,52.168485055298],[-1.2480850615578,52.0971607910149],[-1.32116486415798,52.0870189275454],[-1.31815993118933,52.0799212567796],[-1.29750881415242,52.0780566939112],[-1.31292004348663,52.0514526625409],[-1.27816401887096,52.0142726684682],[-1.28339696574716,51.9795473058373],[-1.24161223469761,51.9862933629449],[-1.19625975035048,51.9774314423077],[-1.16382348612887,51.9934122258583],[-1.13432869835509,51.997296386982],[-1.11808639731515,52.0154261711861],[-1.13666519179105,52.0222431384209],[-1.1219874660594,52.0451472419711],[-1.06206502020343,52.0627354070638],[-1.02766844666987,52.0637342654447],[-1.04232729764683,52.0737102714474],[-1.02631761578532,52.0756821088293],[-0.967805300681992,52.0709109272615],[-0.951872930548288,52.0815337112453],[-0.906030231135185,52.0212211082727],[-0.890118209245854,52.0315605641912],[-0.877468742844175,52.0299715970231],[-0.871325629174326,52.0402518516737],[-0.852446931525225,52.0507050931148],[-0.86267864584557,52.0609340378583],[-0.839500490052515,52.0638277794439],[-0.831418245838928,52.0719469992663],[-0.846712543514899,52.0915087025729],[-0.869530890853718,52.1000376594283],[-0.871450103128565,52.1117534338634],[-0.887015712433718,52.1142093363724],[-0.880720326985505,52.1263317818071],[-0.828204676000872,52.1326105519282],[-0.831966630956292,52.1436835078331],[-0.814041228017469,52.1424723409512],[-0.807587882682741,52.1569790134859],[-0.79209127201904,52.1513294595675],[-0.7779751006002,52.168732492092],[-0.749734768747349,52.1668767675443],[-0.705455584098267,52.1915706998869],[-0.668135639148405,52.1950341108935],[-0.627446652815753,52.1815454674216]]],[[[-1.29419695421113,50.7539241226579],[-1.28293483484736,50.7298801243226],[-1.29129674393904,50.7625499413802],[-1.27396369161337,50.7653395541983],[-1.24816743032247,50.7521652368333],[-1.23922969061741,50.7438571960894],[-1.21383772564048,50.7380529001482],[-1.21949542721982,50.7310631180976],[-1.21263508155751,50.7341656228964],[-1.20342702981923,50.7347701701326],[-1.15951292057888,50.7333278697929],[-1.15120011598542,50.7313595780957],[-1.11868958131506,50.7236535460186],[-1.10440834969208,50.7108588941542],[-1.09824957834466,50.6982168564901],[-1.10283167989247,50.6997827107434],[-1.10826331399502,50.6935148913473],[-1.08234705440898,50.6944155013481],[-1.06983494679224,50.6838808548796],[-1.0979237228486,50.6652253708561],[-1.09843418997845,50.6651750615872],[-1.13355449692224,50.6618829233808],[-1.15260589808996,50.6534347626392],[-1.15910431972074,50.6505517184782],[-1.17560231552781,50.6167810321623],[-1.18513434313114,50.5972461620105],[-1.22037056242989,50.5900926733821],[-1.236061171126,50.5870744796561],[-1.29603443689991,50.5755151163152],[-1.37329289391271,50.6180116238259],[-1.38929557189923,50.6267980301665],[-1.43568423795878,50.6401551596281],[-1.4472710511326,50.6434874086147],[-1.48512601044186,50.6669817033574],[-1.5864166146619,50.6631328355553],[-1.5489795989065,50.6778656729249],[-1.54842287413847,50.6784712872844],[-1.54824000664679,50.678543565873],[-1.54563274413877,50.6815060916641],[-1.52217778402351,50.7069995503741],[-1.503705475191,50.7069095018089],[-1.50452257734175,50.7034431115222],[-1.50077542219871,50.7061612190414],[-1.49458737008237,50.7068639837456],[-1.49440954790347,50.706863088767],[-1.48703108623043,50.7068257246763],[-1.48350098835008,50.7081221718974],[-1.4701184257481,50.7096394734732],[-1.43468687746827,50.7232480552467],[-1.42684956493086,50.7262556035424],[-1.41930202040301,50.7255525112189],[-1.41631094048087,50.7249787123233],[-1.42117107369842,50.7246691054192],[-1.41196102421416,50.7208009726975],[-1.41435999439167,50.7099380330075],[-1.40394376132451,50.7208491589281],[-1.38670665030503,50.7225267808337],[-1.40842986491607,50.72534666448],[-1.39254447257007,50.7296486851776],[-1.35422443729797,50.7386997696871],[-1.32601697236479,50.7607680702118],[-1.31584579868968,50.765363320377],[-1.30780877462739,50.766135563479],[-1.29609145886754,50.7617777417578],[-1.29267094901647,50.7581263991573],[-1.29419695421113,50.7539241226579]]],[[[0.902017945082907,51.4164896456938],[0.951023511605634,51.3734787646438],[0.897166302620898,51.3543351487962],[0.871407509383368,51.3609822522105],[0.858343032807536,51.364350715488],[0.839629450720448,51.3635539117858],[0.804615774999642,51.3706737030424],[0.766182959882877,51.3697696184834],[0.764264885245798,51.3882320331774],[0.731031729834948,51.4013736816784],[0.72150288828642,51.4144703543836],[0.732133554792962,51.4090253006417],[0.741097254450325,51.4134582379802],[0.735425132524715,51.4235908925844],[0.743909969880041,51.4470693336493],[0.789380429804636,51.4397006151457],[0.791558187879499,51.4392918666209],[0.823863847261926,51.4258417015287],[0.875088353367497,51.4197185439441],[0.902017945082907,51.4164896456938]]],[[[-0.951027649478939,50.8239779767516],[-0.95705703842899,50.8073420244075],[-0.960861204194009,50.8115945746117],[-0.970203755184707,50.8103157146969],[-0.961788987659883,50.8078552979293],[-0.973369405526149,50.8090620979441],[-0.968970769304287,50.8027408972773],[-0.952744888524688,50.8010677270072],[-0.959184495200303,50.7949094468383],[-0.966806227057264,50.787618142444],[-0.951307473276302,50.7869062234743],[-0.958888515848608,50.7811664677092],[-0.936808164462343,50.7868101814523],[-0.937429702250489,50.7774131673182],[-0.939911024643877,50.7776158390444],[-1.02156303335334,50.7862615409991],[-1.02459010276803,50.7954744714336],[-1.02474494617227,50.7959456316076],[-0.994897663666339,50.7981350270243],[-0.986794962556911,50.8269018676837],[-0.969104657757568,50.8345330285317],[-0.951027649478939,50.8239779767516]]],[[[-0.907846679444331,50.8169013936917],[-0.911564943859677,50.8033100169068],[-0.942535165928062,50.8153293830744],[-0.939698395927783,50.8300997022601],[-0.912066861462007,50.827368070577],[-0.907846679444331,50.8169013936917]]],[[[0.690537494268488,51.4121605970218],[0.695441418854326,51.3976574778223],[0.672639123495387,51.3984046211584],[0.665583997593906,51.4074549137721],[0.690537494268488,51.4121605970218]]],[[[0.684311288828554,51.4229585281243],[0.688333385282284,51.415334791976],[0.659585558114435,51.4185736815794],[0.664738289586575,51.4236992422212],[0.684311288828554,51.4229585281243]]],[[[0.582631449520951,51.4032615542344],[0.560245999932794,51.4032289859638],[0.563941919992012,51.408069641526],[0.582631449520951,51.4032615542344]]],[[[-1.0936964016375,50.8150264948138],[-1.1016446765251,50.8136788017513],[-1.09712776049071,50.8206081550365],[-1.0936964016375,50.8150264948138]]]]},"properties":{"OBJECTID":8,"nuts118cd":"UKJ","nuts118nm":"South East (England)","bng_e":470062,"bng_n":172924,"long":-0.99311,"lat":51.4509697,"Shape__Area":19115903193.639221,"Shape__Length":1454554.8717076604,"GlobalID":"53710b5b-1dfe-4a52-bfb9-a07005f418be"}},{"type":"Feature","id":9,"geometry":{"type":"MultiPolygon","coordinates":[[[[-1.7676487476993,52.1125925592077],[-1.74602193827543,52.0929601711495],[-1.72856052811825,52.1001203046544],[-1.73067148454375,52.0733993004989],[-1.7129529623333,52.0665849038511],[-1.7017313760225,52.0728093023751],[-1.70514106702254,52.0597066221713],[-1.68863648251872,52.0518332037463],[-1.69398075505179,52.0395278980026],[-1.66386648240881,52.0312766487852],[-1.62441776104485,52.0389813512371],[-1.61753263744594,52.0334370253096],[-1.66617341865938,51.9969179714393],[-1.66575430455533,51.9874888210873],[-1.66252911046866,51.9640049466809],[-1.63249065037017,51.9556514579356],[-1.61518893059496,51.937681628986],[-1.64552984350382,51.9222942559451],[-1.63305061648252,51.8992254674722],[-1.65865197590567,51.8965511926518],[-1.66711188278717,51.8770000577044],[-1.68686790517346,51.8654997690799],[-1.67638499898215,51.8503096854391],[-1.68646159227484,51.8344557909089],[-1.681931606345,51.8039930864535],[-1.71948863303458,51.7832118277089],[-1.70070464064409,51.7705842300142],[-1.6870208353981,51.7398840228499],[-1.69587065656669,51.7235374525657],[-1.68800012551945,51.7120447475816],[-1.64825374342758,51.684087065864],[-1.66845860139674,51.6804375689824],[-1.68305860764012,51.6901103599747],[-1.70018909589412,51.6707416640712],[-1.69193809185031,51.6521645865737],[-1.6599543200143,51.6349908717277],[-1.67373615894952,51.6228498656643],[-1.6670096513968,51.6162644731128],[-1.69061673407177,51.6054499281196],[-1.69111065939155,51.5835237268249],[-1.67653981704778,51.5694390409882],[-1.65504455155132,51.5765062729789],[-1.64769133241363,51.5719518956815],[-1.60281227578358,51.5182950564502],[-1.58470801108385,51.5249121183582],[-1.5822908712812,51.494111795703],[-1.52399092094505,51.4474805537355],[-1.52661427053083,51.4239307445952],[-1.56511865146686,51.4220434331812],[-1.57105280219584,51.4155776040989],[-1.55298802119957,51.4100439103553],[-1.55560283150743,51.3955841256927],[-1.49544914389942,51.369664447857],[-1.50060847867399,51.3562679609636],[-1.48571137940255,51.3476828433187],[-1.498298923396,51.3293760932154],[-1.52750728243899,51.3384659578415],[-1.53356185392415,51.3162235794494],[-1.51951108458102,51.2959385808106],[-1.52280740170925,51.2870580082431],[-1.54258390872725,51.2812507350826],[-1.54051263215494,51.2608334786601],[-1.52982022728447,51.2605141199772],[-1.53603492235288,51.2485300387207],[-1.54515980287615,51.2450984916643],[-1.57763603598064,51.2556310641468],[-1.60742610681486,51.2527700637075],[-1.63354082450099,51.2175159565149],[-1.68969464697899,51.2148276707553],[-1.69409695143701,51.2040432389138],[-1.66883538879457,51.1907722662754],[-1.67236777185584,51.1785439063328],[-1.65404416770563,51.1562825595718],[-1.66297542061703,51.1271919933701],[-1.62624982085582,51.1173383773208],[-1.63731080993168,51.092165472254],[-1.6277285317803,51.0780113470764],[-1.63494006401146,51.0405607803409],[-1.632375749954,51.0327797080419],[-1.59939671455919,51.023729375064],[-1.59733922745693,51.009752599546],[-1.62888498210886,50.9990317647909],[-1.61964214748905,50.9829964278178],[-1.60292295662954,50.9785219275279],[-1.61975086680367,50.9585669225707],[-1.63496498191888,50.9592422024058],[-1.66165999760679,50.9452778925552],[-1.71961730875671,50.9767804593947],[-1.75440191299908,50.9778920957637],[-1.8003139644164,50.9913947995784],[-1.81542176154389,50.9859226497626],[-1.83581261899588,51.0094222619988],[-1.85338113087344,51.0046795408065],[-1.87398355229609,50.9844410369727],[-1.87448162937032,51.0063305730385],[-1.88674132171293,50.999527735391],[-1.92787590068398,50.9976972344574],[-1.94993597428345,50.9823105862268],[-1.95682089498175,50.9898299324144],[-1.95546558071567,50.978266331806],[-1.92084101012804,50.9614073103482],[-1.87364432145208,50.9172258888872],[-1.84184002606648,50.9316803734078],[-1.81065808967276,50.9272033824856],[-1.8165419268142,50.9039481458121],[-1.84855553218703,50.8898873561304],[-1.85353883473145,50.863460109742],[-1.83000872917565,50.8552737968575],[-1.80711024689967,50.8633153663189],[-1.80247295730022,50.8429625290594],[-1.79061492044422,50.8363141194303],[-1.80340083464914,50.8303392083796],[-1.81189346961845,50.8086420516361],[-1.80390495992825,50.7959652088358],[-1.78549590627879,50.7647520310116],[-1.74884631724303,50.7794943875112],[-1.73895962345847,50.7632705334556],[-1.74416871755885,50.7474553887605],[-1.68181880176013,50.751850045709],[-1.69213127315248,50.73693000172],[-1.69336662720502,50.7368084466289],[-1.70993131075736,50.7364853563257],[-1.71795520680938,50.7347475608321],[-1.72101797184522,50.7340840565461],[-1.7249941610052,50.7336917310181],[-1.72584028040412,50.7330391594596],[-1.72783121655997,50.732607691093],[-1.742301650035,50.7235206845719],[-1.75664364831749,50.7302015840395],[-1.76219701469283,50.7252388688765],[-1.76433487532902,50.7233280255995],[-1.76855973013669,50.7252247574402],[-1.76342930491043,50.7186050079205],[-1.74745368105016,50.7158249826392],[-1.74232778494766,50.7202349132919],[-1.74882509756129,50.7110297838261],[-1.81581930976392,50.7206827161909],[-1.90071825276509,50.7094487673085],[-1.90090080039312,50.7094245393309],[-1.94747678218648,50.6826974366931],[-1.9334973086922,50.6985845738373],[-1.95239314906015,50.7044241873938],[-1.94796114185005,50.7088503652695],[-1.95836617804293,50.7155912483032],[-1.99188065849651,50.7125084200979],[-1.98407833677003,50.7196270813909],[-1.99596236437496,50.7374884953479],[-2.00135865320219,50.7336780072949],[-2.01140065841518,50.7265844293598],[-2.00135802286633,50.7190998507115],[-1.98656205374941,50.7080663481527],[-2.00135763065529,50.7109755121087],[-2.0393255884628,50.7184296052282],[-2.0247752202916,50.7293582654885],[-2.02488950380727,50.7293558742155],[-2.05334970862512,50.7287557283326],[-2.04814943248857,50.7227967064085],[-2.0422423181297,50.7262792607972],[-2.04620043208472,50.7160707688793],[-2.06290249092376,50.716540462427],[-2.07190205550329,50.7079138263357],[-2.05763246362954,50.7056197138039],[-2.07216396412411,50.7050431620442],[-2.08213985495626,50.6869716153056],[-2.06572456231162,50.6867195278753],[-2.05452015032538,50.6998019352075],[-2.02613418799117,50.7074191541845],[-2.01808347933688,50.7015737732294],[-2.03320283756845,50.7021141709412],[-2.02443819716815,50.6876569251442],[-2.04642756769799,50.6782914645113],[-2.02472109046026,50.6846065458902],[-2.02658707528646,50.6780430838519],[-2.02206713388491,50.6820953914076],[-2.01144996778988,50.6827696664824],[-2.00620854869773,50.6760167598373],[-2.00135593851981,50.6764118074685],[-1.99858774117046,50.6766370627817],[-1.99573233036004,50.6671539446179],[-1.9783677984546,50.6769443797907],[-1.98525088688475,50.6699013822183],[-1.97470994487656,50.6651458535518],[-1.94982926237692,50.6801166423141],[-1.9417334453337,50.673050664847],[-1.94822671984402,50.6499953151523],[-1.9493534687272,50.646418535926],[-1.9492377011963,50.6464033041399],[-1.94939513351428,50.6458438927045],[-1.92375945636006,50.6420339801901],[-1.95391197316133,50.6196862591753],[-1.95631855537492,50.6179013610846],[-1.95654712638909,50.6092233459223],[-1.9551241212837,50.6090216771899],[-1.95504283127427,50.6083558443986],[-1.94662924493418,50.6078173638847],[-1.94409000208351,50.6074572411261],[-1.95095595102662,50.5947557974898],[-2.02627963820466,50.5889586097387],[-2.0264139590132,50.5888999718232],[-2.02668363890612,50.5888802980143],[-2.05482040807108,50.5766843478385],[-2.06387837285192,50.5932507528923],[-2.06395788609129,50.5933961359729],[-2.11085785528801,50.5986298188494],[-2.13287338096252,50.6115614280922],[-2.13441578236904,50.6126144750571],[-2.14603632072701,50.608493360506],[-2.15777251748594,50.6154091326685],[-2.17254126318876,50.6151304599618],[-2.19820939729485,50.6228033150613],[-2.19849379653667,50.6230145982371],[-2.21786232428057,50.6194916023644],[-2.2369058341542,50.6160240027177],[-2.26865904259931,50.6193855163125],[-2.28407702195516,50.6210143953291],[-2.32420491112562,50.6252436107304],[-2.32428622892309,50.6252813168942],[-2.33874273999924,50.6319838853879],[-2.34239061881665,50.6320448300565],[-2.4113451318531,50.6337482046552],[-2.41847249020972,50.6343194546879],[-2.42556566413284,50.6353158245388],[-2.42621668215949,50.6349396360404],[-2.4262767911046,50.634899574239],[-2.44251141015125,50.6253936330239],[-2.44780870733878,50.618834839059],[-2.44893539740718,50.6174395742645],[-2.45053403336926,50.6162070496836],[-2.45015161154485,50.6159333207568],[-2.45257046848696,50.6129373035347],[-2.44136543696587,50.609641235369],[-2.45090781531366,50.6037411277975],[-2.44802376301083,50.6025620604853],[-2.44903091185382,50.6014911230685],[-2.43308145902709,50.5964511896721],[-2.43288013689344,50.5963688316968],[-2.43968725689825,50.5982713129186],[-2.44998505229969,50.6012320171274],[-2.45006193255543,50.6011697923436],[-2.45017267390799,50.6012007241467],[-2.45786888698373,50.5948498693901],[-2.47183801268841,50.5835360668611],[-2.48778581244935,50.5910955600816],[-2.4920452125959,50.5949352136718],[-2.51749164368986,50.6178578044774],[-2.52049940607706,50.6185323367765],[-2.54884801123205,50.6248851768866],[-2.54528418679229,50.63088774381],[-2.55805688355152,50.6308343484428],[-2.56049585752866,50.6391456614674],[-2.5670396791431,50.6410660718079],[-2.61148721349547,50.6540961179611],[-2.56691842013778,50.6309960129669],[-2.54270676416123,50.6184303019045],[-2.50257130669225,50.5975742385783],[-2.4999540574375,50.5959342117237],[-2.46062910753574,50.5712714959758],[-2.42211033171386,50.5692953907243],[-2.42863504602725,50.566319007067],[-2.41592199653488,50.5495106612676],[-2.44444355596575,50.5239097668375],[-2.45652796988686,50.5140857576454],[-2.44878196626778,50.5592735435033],[-2.44910265270262,50.5594892612632],[-2.44901173720125,50.5599849597108],[-2.50380325943641,50.5964202144337],[-2.50399871874262,50.5965500434624],[-2.54663781590067,50.6184118795651],[-2.56689175943185,50.6287838234615],[-2.62710832695168,50.6595724102315],[-2.6325251135155,50.6616581573725],[-2.63263778701041,50.661715228871],[-2.63321613808488,50.6619242063885],[-2.76167001779786,50.7112560170262],[-2.77635806665615,50.7135004084308],[-2.78039891201916,50.7149521536475],[-2.85855097477323,50.7260218182751],[-2.91003150337771,50.7338321124486],[-2.94750471649195,50.7184204540198],[-2.94780991596336,50.7182948421668],[-2.94888967785584,50.7175196341388],[-3.00309803722239,50.7021602432947],[-3.01617080065168,50.6989746619194],[-3.07987487139474,50.7022734870946],[-3.08053558510523,50.7015740227761],[-3.08142752915871,50.7016187887671],[-3.09590021954843,50.6853012630178],[-3.13380194174519,50.6851372724308],[-3.18471214428305,50.6848976404652],[-3.18814004626857,50.6843690647966],[-3.19075833256264,50.6843458756638],[-3.21648553452236,50.6799939352294],[-3.25464601576889,50.6740917054695],[-3.27602548797123,50.6622572514198],[-3.29992602240303,50.6323466753424],[-3.300970775419,50.6313985527753],[-3.34310345569616,50.6215172381114],[-3.3467543833253,50.6209458325395],[-3.34703940441933,50.6205931549308],[-3.34920093404493,50.6200855984051],[-3.35690100396187,50.6117893920613],[-3.36187703590564,50.6064263265384],[-3.38968943266831,50.6114034802591],[-3.41122300911743,50.6152517749905],[-3.42439951209972,50.6202603318316],[-3.41588096693426,50.629570737337],[-3.44963417179264,50.6730701944367],[-3.45181140046843,50.6790453230589],[-3.45632820162683,50.6748932822138],[-3.45789826480311,50.6757662027772],[-3.46859949802239,50.6817144161071],[-3.46848608900702,50.6777242549563],[-3.46809484714002,50.6639517302693],[-3.45139842983683,50.6474423788039],[-3.44521251993583,50.6107277393455],[-3.44367429714058,50.6015883789558],[-3.42656796880764,50.6100245028961],[-3.42609320298643,50.6098347080511],[-3.46402467586528,50.5807382526284],[-3.46452698774153,50.5787912998848],[-3.46669074785432,50.5772125474564],[-3.46811130885222,50.5648940185367],[-3.46858767245054,50.5630464304195],[-3.47486921321069,50.5582325831333],[-3.4936702623676,50.544665712106],[-3.49444128571555,50.5432251181099],[-3.49643990660827,50.5416919029459],[-3.50940280895801,50.5463076104611],[-3.50860787879901,50.5424630240879],[-3.49713483704142,50.5381916856504],[-3.5066802869911,50.5203451230748],[-3.50897305671623,50.5166098274058],[-3.50903276382879,50.5165125425327],[-3.51483264854752,50.4818551375789],[-3.48060289759097,50.4635197472014],[-3.5159761996986,50.4537999834046],[-3.53551825652602,50.4626781191822],[-3.55716423619748,50.4425354559664],[-3.55636273074951,50.4294205293736],[-3.55496478263575,50.4065241418099],[-3.51954112703135,50.4031554251097],[-3.5115340577746,50.3973129627353],[-3.5051553316877,50.3999598344217],[-3.51298356985733,50.4056755536121],[-3.48232116158574,50.4001127400649],[-3.5032092324155,50.3888415299595],[-3.49770456278718,50.3829785200737],[-3.50521506552596,50.3799005053635],[-3.5076508014744,50.3794728064613],[-3.50802022706432,50.3789026885519],[-3.5210795902979,50.3587392695512],[-3.51560957916928,50.3536878075553],[-3.51660330031433,50.3506096028775],[-3.54414161552784,50.335451306096],[-3.54471313110336,50.3356926533028],[-3.57202881873559,50.3487640207042],[-3.57068135524679,50.3466537629046],[-3.57358112419702,50.3478771374094],[-3.578263403776,50.3751909376129],[-3.59471182483238,50.3822435491713],[-3.58072633188622,50.3732957143211],[-3.584427791083,50.3603343249164],[-3.56353160043135,50.3354532411461],[-3.5790587672637,50.3257878439828],[-3.61214850054513,50.3185349214816],[-3.64081259330752,50.2921736470227],[-3.641263863131,50.2907905620532],[-3.64153547140925,50.2905372804653],[-3.65871490058881,50.2379579356758],[-3.65853502265549,50.2377971123028],[-3.65900432515351,50.2363555198034],[-3.64058142844372,50.2217387796661],[-3.64251346625519,50.2212591894712],[-3.67477550098376,50.2212638348009],[-3.68101536170299,50.2224433366554],[-3.68350269573245,50.2211764185117],[-3.72170120677007,50.2020888044253],[-3.73739428918924,50.2147914794728],[-3.773225382563,50.224457128762],[-3.76258151405133,50.2362613309942],[-3.74309965803791,50.2408958850452],[-3.75592148053123,50.238960625515],[-3.74913946046024,50.2559723295425],[-3.75774414726168,50.252136758053],[-3.76647901565991,50.2612288961352],[-3.75867783483085,50.2402348733906],[-3.77104304185986,50.2330795900443],[-3.78190243951391,50.2295986801058],[-3.78167000604378,50.2269273540071],[-3.78238323682663,50.2265143559746],[-3.78430548383594,50.2134518723358],[-3.7881013048662,50.2111641505979],[-3.80785622200111,50.2138072552021],[-3.81904518580791,50.2162292406259],[-3.84021072384382,50.2259267502542],[-3.86770936293765,50.2400255163784],[-3.86685979718965,50.2421414034735],[-3.85902734924894,50.2426409576242],[-3.85890057834932,50.245092115801],[-3.85808907013022,50.2607787732697],[-3.85914480732833,50.2613474343295],[-3.8591248002702,50.2613972215057],[-3.88129756797173,50.2762167263026],[-3.88021150099375,50.2842487708057],[-3.89468543830289,50.2816785859271],[-3.8989500960215,50.283994519958],[-3.89810738863773,50.2864708145782],[-3.91108852946496,50.293793764911],[-3.91767298742581,50.2941574666665],[-3.92302263496891,50.2970599334361],[-3.94371405064431,50.2959227108992],[-3.94781789642603,50.3047468855615],[-3.94161026778521,50.3144627156676],[-3.95325329864705,50.30834850974],[-3.97224683303425,50.3056276414499],[-3.99166292878345,50.3075141176381],[-4.01400437475789,50.3026411906679],[-4.01670906192647,50.2992450221781],[-4.05072416709014,50.2943494790527],[-4.07062075109493,50.3050534873371],[-4.05879002384531,50.309584836103],[-4.04201907544085,50.3124579375907],[-4.11902687900104,50.3195106364645],[-4.12296646038761,50.3324848223614],[-4.12328339185208,50.3468091800801],[-4.12410752465943,50.3481414043307],[-4.12295427490219,50.3498219351954],[-4.12717957828468,50.3531065697241],[-4.13109973801408,50.3594408697435],[-4.11259946758336,50.3595291908414],[-4.10009230750562,50.3834207206043],[-4.11568721302168,50.3619759057067],[-4.13346375469824,50.3662926819721],[-4.13348082724282,50.3632842052317],[-4.15321414977763,50.3660265954491],[-4.16471490085599,50.3607712473624],[-4.16633415335545,50.3664601418171],[-4.18541907632474,50.3671625053651],[-4.18148185379475,50.3771581927223],[-4.19452020153803,50.3920904893772],[-4.19621422460439,50.3932389112526],[-4.20176089119968,50.4066249413448],[-4.19533344027224,50.4191158022776],[-4.19277989626836,50.4240761297988],[-4.19022964686488,50.4274617780937],[-4.18555397114022,50.4336677100515],[-4.18509984698544,50.4342703651993],[-4.19897052176532,50.4455930613186],[-4.19929458152776,50.4356902462325],[-4.20024926405301,50.4352640280035],[-4.22249695699071,50.4253271628423],[-4.21006769213953,50.4256989038608],[-4.21371123895563,50.4187678915202],[-4.21562180737945,50.4151324581736],[-4.20638676243083,50.4084004279382],[-4.2308513557281,50.3905406122031],[-4.22278922089598,50.3926684099389],[-4.20222211154038,50.3883439617383],[-4.19457687508778,50.3722813673891],[-4.19682477352985,50.3707737218564],[-4.20912529840199,50.3686599317777],[-4.20387451440376,50.3660446332945],[-4.20614016832479,50.3645245087894],[-4.19707911313753,50.3596184869757],[-4.20852916368411,50.3470305202627],[-4.18264662906553,50.3587007041632],[-4.17703496401504,50.3603321825364],[-4.1668911949062,50.3516256529478],[-4.16831735119497,50.3478251975236],[-4.19937501422837,50.3335289681006],[-4.20122721988984,50.3329307532432],[-4.18837135499416,50.3176713345103],[-4.21059473475379,50.3183246842958],[-4.22334482423031,50.3120375608407],[-4.22457630594018,50.3152720509694],[-4.22590618796559,50.3311834541825],[-4.23162276678182,50.3337720656175],[-4.23168542405486,50.3339365004274],[-4.2327625633174,50.3342881202498],[-4.24996477962269,50.3420738184576],[-4.28248917262253,50.3567801495624],[-4.30864578147316,50.3590207631854],[-4.31636096368512,50.3615311109769],[-4.33711445511569,50.3614524737441],[-4.3869712516992,50.3656936338519],[-4.43665906127377,50.3610016630993],[-4.45100779768017,50.3509072005234],[-4.45667721891791,50.3556725687244],[-4.45085153426673,50.3476785640371],[-4.47433942382068,50.3328879247858],[-4.49762803734408,50.3373621123031],[-4.49808235809454,50.3366226991985],[-4.53888121412928,50.3237160485187],[-4.53954956788445,50.32385191024],[-4.57835338945848,50.3325255795757],[-4.59842466366348,50.3238876956714],[-4.60664712415214,50.3289486082466],[-4.63308865294012,50.324358737944],[-4.6331422476288,50.3243503240405],[-4.63337604891945,50.3245899474292],[-4.63850910718875,50.3298694068347],[-4.63707065972442,50.3302651308763],[-4.61805251573374,50.3348673059801],[-4.6300719562077,50.3391538197405],[-4.63165522028455,50.3381903772794],[-4.63194020676413,50.3387274504746],[-4.63891688813173,50.33377077296],[-4.65568050471972,50.3235634280257],[-4.66759609993383,50.323073420355],[-4.6728269641576,50.3139581852535],[-4.68473329191087,50.3201071014464],[-4.68144328177329,50.3378063065203],[-4.69487198005338,50.3476522977494],[-4.75671201863649,50.3310621915072],[-4.75683599491918,50.3310338724766],[-4.75700616093037,50.3308206430943],[-4.76683904324298,50.3206142831104],[-4.76608304818579,50.3194436238352],[-4.76614548189008,50.319365348126],[-4.75276264689519,50.2988008034723],[-4.7640858662041,50.3004551146512],[-4.78119011595278,50.2901557004891],[-4.7791812666289,50.283555386352],[-4.78640078652577,50.2696348774791],[-4.78337300162011,50.2677345806843],[-4.78250356485618,50.2616712279068],[-4.76891364819343,50.2543199681478],[-4.7785851696981,50.2488031936335],[-4.78563525937364,50.2453883387065],[-4.78096783765438,50.2376099937967],[-4.79823236470003,50.2301648610564],[-4.80035091789801,50.2262122487813],[-4.80275048993278,50.2217344950705],[-4.81287306473011,50.2274973802432],[-4.81585613001648,50.2307221866783],[-4.86242308712289,50.236016462913],[-4.87904571623882,50.2242879935709],[-4.91877563144077,50.1962229777792],[-4.93357871254565,50.2070819525199],[-4.95759464325961,50.2022266280269],[-4.97362479888507,50.185649960775],[-4.98193814749966,50.1518124152399],[-5.00905394164065,50.1395098284383],[-5.01798983896562,50.1485626702001],[-5.01803162480905,50.1486104915521],[-5.01371631506024,50.1515180921626],[-4.99573919193869,50.1622373933831],[-5.02265410178839,50.1575292622487],[-5.02726117569756,50.1583448733815],[-5.01784178022057,50.1834392069854],[-5.02571095254272,50.1820352420035],[-5.02569409427566,50.1821940042979],[-5.03398147554073,50.2048668355034],[-5.02954272018195,50.2060433271801],[-5.02752977616394,50.2104669298925],[-5.02464329463231,50.2163787085083],[-5.02433609338099,50.2223113837873],[-5.00602390710253,50.2275897499702],[-5.01441432663143,50.227042990935],[-5.02155022911902,50.2446808713121],[-5.01674838774472,50.2262969083437],[-5.02926976491668,50.2228124789506],[-5.02827405900492,50.2157486763198],[-5.03342889054038,50.2071552176999],[-5.03480679075999,50.2063815698625],[-5.03603529344591,50.2096403201784],[-5.05902557915239,50.1932518688037],[-5.05876770556209,50.1929218134243],[-5.06095354458614,50.1916933384499],[-5.04773217087093,50.1715663955139],[-5.05619808158896,50.1612988557887],[-5.05892936199801,50.1612432268319],[-5.07752365833915,50.1667787771028],[-5.06456371669699,50.1522370375799],[-5.05000233925994,50.1556280821687],[-5.04947804046147,50.155502055517],[-5.0418841870371,50.1440246762539],[-5.04216981275081,50.1441100059963],[-5.05319454988699,50.1484517076322],[-5.05468005106868,50.1478463721202],[-5.0547947107152,50.1478806080836],[-5.07623703905596,50.1402721750457],[-5.07568688746894,50.1392825577771],[-5.07618094821569,50.1390810647417],[-5.07999493168639,50.1357746475809],[-5.09135267082708,50.1259250066746],[-5.09152860025961,50.125844708945],[-5.09149799188509,50.1257989591712],[-5.09161326966483,50.1256989617914],[-5.08196662752636,50.1093101316962],[-5.09470749304525,50.1022336057463],[-5.13358306979267,50.0989154259884],[-5.14059782637869,50.1061762967491],[-5.14608767827547,50.0973140353262],[-5.14868900202426,50.0971129670093],[-5.15764219140981,50.0966678617658],[-5.15568295536762,50.0965720485039],[-5.1601535425372,50.0966107946629],[-5.16459389264477,50.1014023923517],[-5.16319387867532,50.0959906481074],[-5.15898995754753,50.0947782911044],[-5.15800870633334,50.0942958827975],[-5.17232929980445,50.0909813107913],[-5.1290151349113,50.0952644458297],[-5.10641980447519,50.0941516460034],[-5.09338179523609,50.0904696202899],[-5.10411654726975,50.0867325635749],[-5.07876060154069,50.0863380566441],[-5.07678790471447,50.0857804219048],[-5.07596623165156,50.0855456892884],[-5.07658703701617,50.0826427809708],[-5.0795544402658,50.0687620141593],[-5.07856480883753,50.0686675085506],[-5.05962735127225,50.0554986998227],[-5.05782604209297,50.0527913029328],[-5.06602352693567,50.0395827667948],[-5.06870628869013,50.0352584548567],[-5.07346006006283,50.0337608460147],[-5.09661765529453,50.0264612905831],[-5.09114707923362,50.0157102729803],[-5.10137983031097,50.0042070563897],[-5.12239418943334,50.0092512633237],[-5.16271635195589,50.0059955974999],[-5.16541300273326,50.0029323654411],[-5.166306119125,50.002803773998],[-5.1841204239499,49.9816697114523],[-5.18615802213541,49.9793525132531],[-5.18567603954086,49.9630643801948],[-5.21235121023041,49.9599223071419],[-5.21812447784053,49.9682365785498],[-5.21888187887799,49.9709787236358],[-5.22685055716642,49.9723334517276],[-5.2459112643975,49.976235572868],[-5.24702465672958,49.9788604941718],[-5.24510623551602,49.9854173124423],[-5.25231583970546,49.9913307551513],[-5.25454095695737,49.9965728263975],[-5.26132638617053,49.9987186317904],[-5.26585805334953,50.0024330582628],[-5.26080662530871,50.0121872709076],[-5.25876478103833,50.0141797954881],[-5.25907633576221,50.01552751676],[-5.25592979692666,50.0216005704256],[-5.26142989138768,50.0257057756719],[-5.26291215169054,50.0321135392999],[-5.26138908090535,50.0333817653578],[-5.2630581087998,50.0342058747553],[-5.28107804996784,50.0431000981885],[-5.28051768363785,50.0511160363655],[-5.27967882460507,50.0566767193325],[-5.29442235437083,50.066881864594],[-5.31629752829525,50.0841503896693],[-5.33309304866539,50.0886099300699],[-5.33915704768391,50.0919629041539],[-5.34366237948509,50.0914146054452],[-5.34650171786503,50.092167829286],[-5.36131384992428,50.0892646200053],[-5.36323210775846,50.0890307999749],[-5.38416906459176,50.1015450605238],[-5.39193568913927,50.102190632327],[-5.39280469777731,50.1025954747372],[-5.39418176459877,50.1023772277943],[-5.41216599065549,50.1038696657245],[-5.41522475293617,50.0998998301371],[-5.42913296174507,50.0969622216774],[-5.4287874350312,50.1052224193268],[-5.46304642458952,50.1231318184215],[-5.48314718344106,50.1241289938545],[-5.48412128511097,50.1268181373009],[-5.50420759640815,50.1251699232454],[-5.52404786629146,50.126146995885],[-5.525668429556,50.1234049750083],[-5.52890636287727,50.1231383324499],[-5.52926077641686,50.1173254937978],[-5.53113930400667,50.1141457264503],[-5.54917293507838,50.1064779515323],[-5.54831648187757,50.1055140747062],[-5.54895876296623,50.1052276637354],[-5.53807641066355,50.0939858638912],[-5.53321941519039,50.0885155132751],[-5.54970923518034,50.0664985281198],[-5.55940818597727,50.0612914133356],[-5.56328156907574,50.0624902715924],[-5.57723417125662,50.0517161296676],[-5.61916690601998,50.0512289983341],[-5.63279614181813,50.0423489878732],[-5.636446945806,50.0399695436601],[-5.64402970412962,50.0440885058326],[-5.64663028966302,50.0434159011196],[-5.64798257790621,50.0438742515745],[-5.65534381113205,50.0411617157184],[-5.67657868645186,50.0356646646197],[-5.68103748754355,50.0368895548345],[-5.69035912951252,50.0494525692958],[-5.69262057901774,50.0540537752813],[-5.69478210426038,50.0545334971198],[-5.71278377517812,50.0620617070535],[-5.713876700731,50.0640122790844],[-5.69120325728389,50.088408868879],[-5.68858114395751,50.0903810544372],[-5.7102400709355,50.1273194368748],[-5.67305599560708,50.1663063409865],[-5.64227202548778,50.1673484520417],[-5.62897953600955,50.1677958962761],[-5.60066634770309,50.1932509494548],[-5.59085251952441,50.1887220054261],[-5.55917267028228,50.2054294392837],[-5.53879473772355,50.2161658758268],[-5.52876710441002,50.2170896585564],[-5.49556488906015,50.2186766925921],[-5.48623609379204,50.2148586204123],[-5.47766480479033,50.2181200910169],[-5.47096329017661,50.2050541752311],[-5.46916564592935,50.1997798887389],[-5.43676027667557,50.1933909984484],[-5.43440642163306,50.1922668333975],[-5.41195350538365,50.2098505171185],[-5.39691264691457,50.221620096934],[-5.39569977537437,50.2404032216447],[-5.37950832969026,50.2438510192532],[-5.37285939331715,50.2374371294148],[-5.37000648612628,50.2376168342757],[-5.36857112669403,50.2364596162902],[-5.35757086979356,50.2383993109733],[-5.33578826187591,50.2397666612979],[-5.33086259449218,50.2431039063525],[-5.32928339118534,50.2433818620907],[-5.25368946984824,50.2817402207224],[-5.25121572676641,50.2817126639532],[-5.23482917286634,50.3004043696425],[-5.23576650798035,50.3181708043619],[-5.23571621921971,50.3182829214424],[-5.20064800409467,50.3205800996641],[-5.1816828864674,50.3401833309623],[-5.1760319633926,50.3415618297216],[-5.15386649601137,50.3461429471043],[-5.14662445701113,50.3753120627523],[-5.15323748822069,50.3838318770009],[-5.15193086136109,50.3891882263609],[-5.14352770314703,50.3887833409393],[-5.14569151735393,50.3972891045487],[-5.14768500607005,50.4051224707169],[-5.13567523379982,50.4012171223596],[-5.13551884355442,50.4078590138282],[-5.1341976264536,50.4081231661158],[-5.1260385408645,50.4039343152882],[-5.10899603058662,50.4088540928788],[-5.11990865382786,50.4109788376311],[-5.10928458351602,50.4131007420642],[-5.1013795471499,50.4135788323988],[-5.099904687989,50.425311254824],[-5.09782171350829,50.4246314752797],[-5.08359648023462,50.4150135105994],[-5.05519100079517,50.4279930497769],[-5.04209031700314,50.4448812192501],[-5.0361192734244,50.4799265895847],[-5.0351703934944,50.4942426183305],[-5.04679061426503,50.497794299744],[-5.04156767308842,50.502011947074],[-5.03121762367176,50.5094879390333],[-5.0212024813494,50.5092652515914],[-5.02909291417259,50.5144125585305],[-5.02622308216762,50.5269053893578],[-5.02671044942977,50.5279609817014],[-5.0242222583981,50.5386668021925],[-5.03341276093317,50.5424723182887],[-5.03662820690317,50.549430626219],[-4.98380351796432,50.5422227193881],[-4.95493025917794,50.5651342908287],[-4.94965083201637,50.5673221803957],[-4.94986139535815,50.5562006635336],[-4.93385825703088,50.546353653507],[-4.93084174772555,50.5299650982047],[-4.91134543188442,50.5356140058551],[-4.92586554395094,50.5447139919307],[-4.93114298803081,50.564496851613],[-4.91557321424747,50.5759871657765],[-4.92829929260266,50.5828754236804],[-4.93544828938432,50.5867434635576],[-4.92143625442784,50.5931956266538],[-4.91538693184792,50.5913844689642],[-4.90836343189055,50.5845394491075],[-4.89883340633974,50.5836133376876],[-4.88519875647129,50.5822869233776],[-4.88055771823268,50.5840667524271],[-4.86764689445195,50.5890163724919],[-4.87000443801022,50.5954069677904],[-4.82507728518586,50.5940348383109],[-4.81056343352253,50.5976659066318],[-4.79595602342251,50.5982163593461],[-4.79150748731005,50.6024297457127],[-4.79058573561571,50.6026600741999],[-4.78961876759466,50.6042183547036],[-4.7704318688061,50.6223790193972],[-4.75871723477897,50.6528356425656],[-4.76063950578548,50.6533224995525],[-4.76444351955252,50.6692668007896],[-4.76436358710218,50.6697808598606],[-4.76395400578186,50.6699090470617],[-4.73686714999769,50.6728485291269],[-4.7350228400383,50.6715004008394],[-4.73383279022044,50.6731774058726],[-4.72983175899776,50.6736109221928],[-4.72611816930028,50.684045700351],[-4.68028500298188,50.6960172270093],[-4.68089953809251,50.702526163909],[-4.68077747160634,50.704564281442],[-4.65460286641364,50.7162263988156],[-4.6538950078716,50.7398454249502],[-4.65110453398375,50.7400068780864],[-4.64154654567208,50.7395305057544],[-4.64025853319887,50.7406337854694],[-4.63457343930247,50.7409619757731],[-4.63375005068795,50.7462078174611],[-4.62531203151705,50.7534319033381],[-4.59056363768196,50.7688913564437],[-4.5772530365892,50.7724581212207],[-4.57187585099016,50.7771970973508],[-4.56239064629248,50.781410528946],[-4.55866549557098,50.8287242267086],[-4.55732333932869,50.8289058596678],[-4.5499706257811,50.8299006096249],[-4.55614170814029,50.836803515942],[-4.55834378379039,50.8475680177679],[-4.55993097504178,50.8553233927903],[-4.55924762131554,50.8656581977207],[-4.56685730567318,50.8891321224565],[-4.56984575837373,50.903702139519],[-4.56515817237693,50.9107635697505],[-4.54969357326234,50.9273619650103],[-4.54595691113711,50.9283540559753],[-4.54616007373588,50.9287962156758],[-4.54623324095419,50.9289554519606],[-4.54762236854079,50.9319784532431],[-4.54334603563986,50.9504555537738],[-4.54247032522361,50.9517227373619],[-4.53303122815012,50.9653767578622],[-4.53417698793723,50.9900268734058],[-4.5271110349224,51.0204796698177],[-4.52597054700479,51.0221776977918],[-4.46954121999481,51.021577148126],[-4.42530622055411,51.0136359208045],[-4.37495414606919,50.9901026504786],[-4.33924487395881,50.989563992973],[-4.32451358083446,50.9932006981973],[-4.3093654144073,50.9959208166663],[-4.30786356436802,50.9973081944261],[-4.3006655222925,50.9990829558879],[-4.28241802269826,51.015678341317],[-4.25828141820005,51.0376074592434],[-4.23816713915464,51.0414380934241],[-4.2181463456364,51.0652197170762],[-4.21004863191642,51.0539109447402],[-4.19816308634574,51.0588468249527],[-4.19119881982638,51.0551748768813],[-4.19068865308512,51.0549058489902],[-4.19072094338057,51.0548128684394],[-4.17969825418696,51.0485361345527],[-4.18057316825683,51.0681713701061],[-4.14956437348947,51.0842114874877],[-4.18091240064328,51.077415363857],[-4.19054714496773,51.0648753117379],[-4.2145489007075,51.0752485752986],[-4.2224361976038,51.11763194357],[-4.23946174712403,51.1204266356652],[-4.24027979395794,51.1207116403532],[-4.23918771283096,51.1332859231647],[-4.24947855287729,51.1376092744552],[-4.26168136631579,51.1427336675031],[-4.2618346152893,51.1428147648274],[-4.22375090983689,51.1442534089411],[-4.21641700767469,51.151401433153],[-4.21149622444886,51.1783090266003],[-4.23053338286803,51.1878797509682],[-4.21155807821198,51.1901513555561],[-4.2014417582506,51.2004847260023],[-4.19938621914627,51.200411298615],[-4.17760181979655,51.1974107227173],[-4.12302090916938,51.2122658242275],[-4.1166096865952,51.2122577640736],[-4.09731370069505,51.2108234436514],[-4.08811793323874,51.2174541619692],[-4.03867349445027,51.2066956008706],[-4.02777124815844,51.2164461531218],[-4.02768842126862,51.2164939270198],[-4.00597749327304,51.2173491583183],[-3.9582325330418,51.2192154496411],[-3.92565916425099,51.2319667535814],[-3.8919804882829,51.2238100663224],[-3.84955432449853,51.234958832871],[-3.81346389996408,51.2311350278648],[-3.81126697942573,51.232364126799],[-3.81027467532036,51.2322860733329],[-3.78664721681548,51.2461307882747],[-3.76975357538183,51.2376665821511],[-3.72152965126161,51.2336222639155],[-3.72018587764427,51.2334743668114],[-3.72006158050787,51.233460689817],[-3.63320339436576,51.2238659790833],[-3.62590543491106,51.2196137375288],[-3.62171402290631,51.2167734248353],[-3.57879796022181,51.2321432414753],[-3.54293357278541,51.2323715528743],[-3.49689822041125,51.2239862634076],[-3.47062559054958,51.2080429494756],[-3.44404588870425,51.2074827140175],[-3.4326805606271,51.2004661356931],[-3.40360264690365,51.1824994838104],[-3.27584965157678,51.1797754845496],[-3.20218435548732,51.2014598441218],[-3.18043138887437,51.1997614270916],[-3.14658172549104,51.2074179407871],[-3.13144279290311,51.2108381479855],[-3.07606486381748,51.2013530571262],[-3.05159648764274,51.2033065077161],[-3.02829477934831,51.2186644448908],[-3.01917634194233,51.2183809061628],[-3.02960382953874,51.1981352123661],[-3.05103997371037,51.1871144985561],[-3.02708383279032,51.1926935426228],[-3.0154211617417,51.2087544545795],[-2.99777679804543,51.2254371446358],[-3.00182312241214,51.2448770909002],[-3.02149296512918,51.2649099825915],[-3.01123758470153,51.3202919376197],[-3.0349953646884,51.3287926375931],[-3.0000318784318,51.3220699962422],[-2.9941110504535,51.3209303179449],[-2.98857909194061,51.3349110584616],[-2.98277601375812,51.3495678371537],[-2.99494279428896,51.3554620955633],[-2.96832568337954,51.3633139603085],[-2.96221221817666,51.374743026485],[-2.9625009568977,51.3823471307572],[-2.98079713703949,51.3884162583138],[-2.9716183807111,51.3906034772527],[-2.9396419741013,51.3962444308948],[-2.93917582171334,51.3910420600253],[-2.91734185178223,51.3958863974644],[-2.88659906919972,51.4125514963972],[-2.87935375491934,51.431670762805],[-2.86466796583972,51.4415826453901],[-2.80008469289193,51.4850989994861],[-2.77581460974463,51.4938534328515],[-2.77323582327836,51.4946654220038],[-2.77179043665384,51.4946747847485],[-2.73259056632869,51.4924865578379],[-2.72881737253753,51.5026579658942],[-2.72877633167193,51.5026706092685],[-2.69282859253645,51.4888852451902],[-2.71821748848224,51.5082388657367],[-2.70774514713454,51.5167813964225],[-2.67381767106929,51.5444278541407],[-2.66389523655128,51.5731525330717],[-2.62780625020136,51.6056350358313],[-2.63883361939637,51.6094388366501],[-2.65877589591992,51.6163136075728],[-2.65664127758645,51.6227996009397],[-2.66851392776725,51.6456305927019],[-2.68033178980789,51.6475470387026],[-2.66592276124472,51.6643235420592],[-2.68640198533396,51.6631552747626],[-2.65686372172489,51.6745037124588],[-2.67225329930288,51.6810001352927],[-2.66916891574052,51.6931500107554],[-2.68379147622247,51.7006275155784],[-2.66844054916154,51.7057888652485],[-2.68754079652115,51.7304262582489],[-2.67222511997932,51.7363629492999],[-2.66269206734201,51.7538947427607],[-2.68045213468997,51.7689294138777],[-2.66981057918647,51.7942734498376],[-2.67853782959666,51.8028451993877],[-2.65953874453885,51.8106823732622],[-2.6608714417656,51.82275386363],[-2.65040070566137,51.8261246880393],[-2.6367100534042,51.8430952603896],[-2.62546695815918,51.8389640024544],[-2.60121663303527,51.8562162635096],[-2.58281688096525,51.8495773529542],[-2.58064095895825,51.8616713755452],[-2.53162394036516,51.8607715460027],[-2.50862440108403,51.8851690560463],[-2.48779469273681,51.8804175450095],[-2.43935797871862,51.8973957274361],[-2.44818479287729,51.9186682313381],[-2.4660430006845,51.9279745026382],[-2.46548701732309,51.9516964072477],[-2.50090645406366,51.9606091433873],[-2.49224484622932,51.9641287764151],[-2.49491293331385,51.9810752059277],[-2.47099259190756,51.9947360722147],[-2.4919847978844,52.0076618746085],[-2.47893230091232,52.0225304101409],[-2.46407938640002,52.0232741840472],[-2.46325568882274,52.0143402773961],[-2.43654735134677,52.0147958048509],[-2.43729372167992,51.9971670425351],[-2.41319627507641,51.9940903078117],[-2.39901848988832,51.9961459469804],[-2.39289223170541,52.0129587691433],[-2.3513785224347,52.0213590281403],[-2.35254266829771,52.0135353102849],[-2.32470967817764,52.0035672774321],[-2.32653883120144,51.9757909459973],[-2.31261970068514,51.9765049736769],[-2.30043302608469,51.9667752637017],[-2.27055558557333,51.9689390800747],[-2.25135998173623,51.9665650232253],[-2.22061324351728,51.9954966439493],[-2.18508403441192,51.9905609779583],[-2.18074853603368,51.9996151704208],[-2.16463014559374,51.9961432532523],[-2.18768330301946,52.019080156772],[-2.17690606521176,52.0225592291156],[-2.18067935412555,52.0417281229791],[-2.1713809335275,52.0475735002333],[-2.11838371994392,52.0421086140391],[-2.11721985481344,52.0336144270981],[-2.13939720724599,52.0278918487879],[-2.14965530887631,52.0112561677792],[-2.14068698320304,51.9994641959084],[-2.11219762720168,52.015344734098],[-2.08487319407123,52.0104785837232],[-2.06078374065054,52.0146805594228],[-2.04951417600099,52.0037962176814],[-2.03835621126042,52.0046006226238],[-1.98413574037093,52.0358792735246],[-1.95138760292379,52.0377252726302],[-1.93173022075835,52.0299592825298],[-1.91344602070582,52.0444612397163],[-1.83905030714605,52.0067831275926],[-1.8250228816714,52.0309334126577],[-1.83458881408462,52.0437330158191],[-1.86344917990211,52.0534177221629],[-1.87440607681414,52.0699909106961],[-1.84661960637974,52.0794210947638],[-1.83175334172695,52.0727693533694],[-1.81894341276691,52.0854041142221],[-1.81273665651194,52.0787440005716],[-1.8022887376264,52.0969414686027],[-1.7676487476993,52.1125925592077]]],[[[-6.2773242177918,49.9184481817557],[-6.28083974891421,49.9154464436692],[-6.28650420485,49.9167101574921],[-6.28397389881133,49.9127699522275],[-6.28530474048883,49.91163333188],[-6.30330473453388,49.9112502911057],[-6.30395113740957,49.9031159387644],[-6.30566511535813,49.9049386706527],[-6.31287950232282,49.9132381264359],[-6.31327406997924,49.9130192626488],[-6.32053654627793,49.9088924483946],[-6.32662854741656,49.9116134137177],[-6.32764525664003,49.9125746928487],[-6.30909412372581,49.9166175437401],[-6.31004741357826,49.9188032228505],[-6.31229967707911,49.9285354194669],[-6.2987272768065,49.9372212494515],[-6.27657672435847,49.9287623756941],[-6.27583124362744,49.9211659059789],[-6.2773242177918,49.9184481817557]]],[[[-4.6671738497525,51.1592848898677],[-4.67096120872441,51.1585162274841],[-4.67634712074608,51.1663114296415],[-4.67739626961482,51.1981659372485],[-4.67697291659776,51.201595131507],[-4.65324627611151,51.1623331895453],[-4.6621975850818,51.1603742612351],[-4.6671738497525,51.1592848898677]]],[[[-6.31974006376127,49.9447212768781],[-6.33299774259589,49.9394772462671],[-6.34197190751198,49.9537014511021],[-6.34577834914361,49.9650760140413],[-6.32064603053325,49.9539580426301],[-6.31933281315263,49.9508875836451],[-6.31974006376127,49.9447212768781]]],[[[-6.29379290329262,49.9785253027494],[-6.28815262395782,49.9663734995816],[-6.28805447056422,49.9663614013007],[-6.28782772878943,49.965669294797],[-6.27769967815709,49.9650845687802],[-6.26358893015483,49.9633429897948],[-6.28289985773777,49.9560849606254],[-6.2868642365146,49.9578282420343],[-6.30086310567157,49.9644052585316],[-6.29520654967949,49.9757027175668],[-6.29217405095383,49.9743418869193],[-6.29386257912038,49.97838619101],[-6.29379290329262,49.9785253027494]]],[[[-1.95588695793574,50.6908035697033],[-1.9669770745645,50.6859200318976],[-1.98809840138108,50.6924299082695],[-1.97435156640588,50.6972403606273],[-1.95588695793574,50.6908035697033]]],[[[-6.35188491805571,49.8968653308199],[-6.33698902481459,49.894124760498],[-6.33634107570578,49.8953793448678],[-6.32807633466346,49.8934526459462],[-6.32735621627256,49.8928660338837],[-6.33761734739728,49.8931155799837],[-6.33826564403518,49.8934659288456],[-6.34128708685672,49.8823404260261],[-6.35311901109679,49.8939724297377],[-6.35188491805571,49.8968653308199]]],[[[-6.34871894652471,49.9526266915214],[-6.3563720324791,49.9458105087896],[-6.36058184651219,49.9458269439499],[-6.36051015069784,49.9470925237149],[-6.35632510750625,49.9490813736959],[-6.36033170816965,49.9502422529967],[-6.35997817705779,49.9564820393703],[-6.35661169728085,49.9597210889817],[-6.35963953348436,49.9624585460525],[-6.35959460189916,49.963251483215],[-6.34808507509355,49.955686388365],[-6.34871894652471,49.9526266915214]]],[[[-2.01226534903306,50.6879962032736],[-2.01865552966017,50.684686864151],[-2.02200639955664,50.6939479483032],[-2.01226534903306,50.6879962032736]]],[[[-4.72683071596971,50.6827156692766],[-4.72706801860555,50.6827078391508],[-4.72700543429499,50.6827959903159],[-4.72683071596971,50.6827156692766]]]]},"properties":{"OBJECTID":9,"nuts118cd":"UKK","nuts118nm":"South West (England)","bng_e":285015,"bng_n":102567,"long":-3.63343,"lat":50.81119156,"Shape__Area":23979440241.368126,"Shape__Length":1647103.67296987,"GlobalID":"da810a21-072d-49d1-853e-48b75dd73c53"}},{"type":"Feature","id":10,"geometry":{"type":"MultiPolygon","coordinates":[[[[-3.2800029132094,53.3225848084451],[-3.26789415009964,53.3196290290758],[-3.26158198438796,53.3260242455939],[-3.26147441458681,53.3260902099842],[-3.26016366732017,53.3209161764807],[-3.25967135396702,53.3184909998103],[-3.25956225705959,53.3185418209905],[-3.25860383358426,53.314757335599],[-3.24678371310388,53.3104295871764],[-3.20334754355727,53.2945080424212],[-3.20167335646424,53.2935408562914],[-3.1426200401072,53.2593828078443],[-3.13184189573584,53.258398603928],[-3.13532013870627,53.2537100145184],[-3.05574915366484,53.2230281692965],[-3.09378628600526,53.2444491029834],[-3.06854405092441,53.2392402807942],[-3.09835058159189,53.2539069378535],[-3.07028450662187,53.2535489170758],[-3.0784978794292,53.2560494532892],[-3.03602413174397,53.2518049826493],[-2.99837824067657,53.2358586424732],[-2.92229929315189,53.1892926708261],[-2.92783850916245,53.1714114098252],[-2.99508831007253,53.1541959610659],[-2.97949802676876,53.1506216442511],[-2.96381312366887,53.1327575241804],[-2.91023233561463,53.112638962436],[-2.88109940906302,53.1216037166039],[-2.90207396483235,53.0920394241041],[-2.87572225289257,53.081522026747],[-2.88164358491404,53.0743920831055],[-2.86147506308672,53.0606603992849],[-2.87255483684093,53.0586155388186],[-2.85924038285366,53.0542555261095],[-2.87011791099737,53.0453605923251],[-2.85571506739735,53.0372559033539],[-2.86104429457711,53.0228486540987],[-2.84406201372055,53.0176683661747],[-2.83599558994558,52.9971501459262],[-2.80331096841958,52.9895941844712],[-2.76827535221425,52.9948605023944],[-2.75994017906182,52.9864196655719],[-2.72684060651861,52.983272945399],[-2.73529356516678,52.9699461891552],[-2.72417751070196,52.957121654707],[-2.72843937383236,52.9253018624939],[-2.75532645754993,52.9246280354678],[-2.79884789452444,52.8957587624405],[-2.84101496066104,52.9426237141074],[-2.88353939738081,52.9466392161544],[-2.88743132914083,52.9525298899843],[-2.92888865618981,52.938678829388],[-2.95981332042838,52.9511695547917],[-2.97502999662057,52.9689845232429],[-2.98202234587521,52.9591982537694],[-3.00964949705785,52.9561994723354],[-3.03507944189559,52.9294813948877],[-3.0765131677074,52.9254793431282],[-3.09595322233978,52.9302818594727],[-3.11416217683435,52.8939782147123],[-3.14750393980728,52.8901693449024],[-3.13552413217992,52.885013666072],[-3.15241672484932,52.8787478862566],[-3.12771287512405,52.8671030319118],[-3.16301475126072,52.8474909434566],[-3.15126038166519,52.8425648864944],[-3.16788753044557,52.8192666787912],[-3.16820515654487,52.8073284421082],[-3.15319003435607,52.8063686249358],[-3.160855357414,52.7957450842645],[-3.11828683784315,52.7835824200758],[-3.08663218440474,52.7955931558533],[-3.09168246545515,52.7866629778102],[-3.07951607127639,52.7715139108747],[-3.04778941903066,52.7726426103289],[-3.05257973883665,52.7686895422426],[-3.03897680465899,52.7704007767044],[-3.03509432688278,52.7640087018895],[-3.01719942626351,52.7676641811724],[-3.01079020497959,52.7585636982315],[-3.02180979859256,52.7519407800268],[-2.99199278310392,52.7437560376501],[-2.99131975666654,52.7338180007937],[-2.96506569359946,52.7322680639384],[-2.96107942397438,52.7164656937482],[-2.97810302515212,52.715357324992],[-2.97759195387917,52.7265916751134],[-3.00055465555011,52.7202753098292],[-3.02035717357501,52.7251022411946],[-3.02248595122878,52.7066679412576],[-3.04704782418509,52.6912658400274],[-3.03858027541558,52.6753731659481],[-3.05111254301861,52.6473655573642],[-3.08356627749877,52.641292519303],[-3.05979890380857,52.6307211844133],[-3.07318689522908,52.628962661464],[-3.09362257360869,52.6093390858589],[-3.08955816121524,52.5995062971361],[-3.11741414749591,52.5857631466494],[-3.13950076421706,52.5857198071882],[-3.11149542438312,52.5413637639411],[-3.13704471317803,52.5340448098773],[-3.13306437909445,52.5274706090712],[-3.08541228710354,52.5345027019176],[-3.0872758252428,52.5513315073544],[-3.01423044765826,52.5754965428783],[-2.99416397608112,52.5529108733513],[-3.00387364773922,52.5198330362488],[-3.03237893773154,52.5237313424439],[-3.02920219996728,52.5012680249992],[-3.11101713477342,52.4989348274822],[-3.18021448075947,52.4739344849716],[-3.19724017298785,52.475989403608],[-3.23554290737874,52.442503603491],[-3.21954450560264,52.4212529845233],[-3.17883654914272,52.4093973288162],[-3.15444662962901,52.3877151712663],[-3.11060650662931,52.3771928577352],[-3.06066441918824,52.3482395288047],[-3.04017440610561,52.3443264486601],[-2.97450325776289,52.3547007710934],[-2.9546513562312,52.3491547619509],[-2.96680116219151,52.3294490737509],[-3.0008661669243,52.3217658034407],[-3.01260808723587,52.2791690019128],[-2.94963475578803,52.2694682333245],[-2.97718162690619,52.259686146307],[-3.00577598464925,52.2642595018338],[-3.03586088952222,52.2567570179274],[-3.0483180973385,52.2502329083602],[-3.04421511694797,52.2379274553512],[-3.07303671181982,52.2358769197242],[-3.07209180390791,52.2130872867461],[-3.10208187076396,52.2027204247425],[-3.09465104740794,52.1837422721488],[-3.12243046938653,52.1634196046949],[-3.0988960399424,52.1547338851885],[-3.08254318094456,52.1630471599858],[-3.07253826587253,52.1557732338884],[-3.09369007602863,52.1443059955241],[-3.13587330506003,52.1379083913539],[-3.14192072336542,52.1278671845395],[-3.1049850770849,52.1167276158352],[-3.10546572699205,52.1053862381244],[-3.12271516984602,52.1031579299812],[-3.1258956170174,52.078310820721],[-3.09058811270966,52.0505132870265],[-3.08628664343747,52.0401943735905],[-3.0991989069082,52.0226858076712],[-3.06736793854235,51.9831427870413],[-3.02594450040787,51.9572822863321],[-3.00812331562262,51.9271305457746],[-2.97666533445423,51.9274901982859],[-2.97184633085176,51.9049816258892],[-2.87783522762331,51.9338143752347],[-2.84493489319063,51.9220259967506],[-2.86191985465631,51.9140181528134],[-2.8419083701885,51.9177264814451],[-2.83610068001895,51.9060450000692],[-2.76842830783598,51.8805409974443],[-2.77879887550878,51.8658590657989],[-2.73884858633293,51.8366165094803],[-2.71960515391467,51.8489192761031],[-2.71512837057028,51.8402439268099],[-2.69730211578358,51.844809126766],[-2.69329553821267,51.8338410112672],[-2.66619753962456,51.8356235561435],[-2.65040070566137,51.8261246880393],[-2.6608714417656,51.82275386363],[-2.65953874453885,51.8106823732622],[-2.67853782959666,51.8028451993877],[-2.66981057918647,51.7942734498376],[-2.68045213468997,51.7689294138777],[-2.66269206734201,51.7538947427607],[-2.67222511997932,51.7363629492999],[-2.68754079652115,51.7304262582489],[-2.66844054916154,51.7057888652485],[-2.68379147622247,51.7006275155784],[-2.66916891574052,51.6931500107554],[-2.67225329930288,51.6810001352927],[-2.65686372172489,51.6745037124588],[-2.68640198533396,51.6631552747626],[-2.66592276124472,51.6643235420592],[-2.68033178980789,51.6475470387026],[-2.66851392776725,51.6456305927019],[-2.65664127758645,51.6227996009397],[-2.65877589591992,51.6163136075728],[-2.66245103051211,51.61757996239],[-2.69563453802789,51.603381792786],[-2.71288979019096,51.5822534405283],[-2.75934889611609,51.5777874335948],[-2.82163586030764,51.5540693109135],[-2.82220303514818,51.5539223399394],[-2.86657906293076,51.5424118336122],[-2.90504051893496,51.5324172200924],[-2.92377691189056,51.5368958863317],[-2.95122461537011,51.5350669606569],[-2.97944910778006,51.5432548422211],[-2.96999160958691,51.5558447286119],[-2.99002632278494,51.5483598653382],[-2.99535948090417,51.5363860655568],[-3.04666757097212,51.5142488512539],[-3.07207519342363,51.5032705166856],[-3.0826594604055,51.5018174419876],[-3.08346533837218,51.501585624936],[-3.11395346566868,51.4928097506461],[-3.14032795825512,51.4729941330573],[-3.13575560751351,51.4672223321991],[-3.1527820065501,51.4552734603061],[-3.15870738638986,51.451113073528],[-3.16144821318442,51.4528421106045],[-3.16654940481263,51.4445698964324],[-3.16620816699377,51.4440508824287],[-3.16444028101782,51.4413617638469],[-3.17112903145872,51.419910065319],[-3.16959794658801,51.4062437544836],[-3.18760803396785,51.4000550587466],[-3.22411098980363,51.4036745415823],[-3.2789077725696,51.3853888773504],[-3.2839952168394,51.3936850483218],[-3.28870660096206,51.3870847220088],[-3.30590869516694,51.3910041279212],[-3.31099613827161,51.3925676955614],[-3.34089906294572,51.3811903356335],[-3.40517660209113,51.3813443753447],[-3.41495813639924,51.3877721554314],[-3.43859273114728,51.3900092668467],[-3.55896122142335,51.4013254061627],[-3.59265473030561,51.4377242632659],[-3.61957158923291,51.4505744962178],[-3.63622032296358,51.4609289674915],[-3.6415337804541,51.4679661480064],[-3.63426633682416,51.4726113193252],[-3.63312017969641,51.4733437922976],[-3.65840309080959,51.4781995418809],[-3.67947245073331,51.4732047666059],[-3.72086212151415,51.4797124134277],[-3.72990843449703,51.4921034779906],[-3.73489868286386,51.498935749148],[-3.74940849840894,51.5040177766312],[-3.75017160885257,51.5058606734422],[-3.76214321845338,51.5347515087797],[-3.76247018762345,51.5355400286889],[-3.78992363886706,51.5697935212926],[-3.79807332577265,51.5711448628322],[-3.80264814967332,51.5818044171131],[-3.81532700786771,51.5799029522634],[-3.81519963272623,51.5802290823232],[-3.7994259592346,51.5854039933586],[-3.81193084069116,51.5836263280457],[-3.81341307054747,51.5848029677968],[-3.81297240458757,51.5859311050085],[-3.81814432157142,51.5885582287342],[-3.85081743914814,51.6144689736697],[-3.83655826395355,51.6238933555555],[-3.87661144727248,51.6167689790872],[-3.88475253915434,51.6195239746519],[-3.8907217001049,51.6215434226756],[-3.92528826286705,51.6070701047209],[-3.92721671120763,51.6073367689614],[-3.92880222147075,51.613432566041],[-3.95546178550647,51.6125931078094],[-3.99306192516466,51.5983329613716],[-4.00056737281104,51.5802281372231],[-3.98627675456717,51.5732833699181],[-3.98635853984187,51.573170106596],[-3.97373468759299,51.567113484174],[-3.98050160937115,51.5648404499444],[-3.98129112484259,51.5648004545775],[-4.00906972507167,51.5680777369336],[-4.02120764610909,51.5641509004556],[-4.02437494689884,51.563125906175],[-4.03414930542428,51.5701474797298],[-4.06422677058132,51.5572382225378],[-4.101978695125,51.5652557239193],[-4.10870854719789,51.5753815552357],[-4.15656760736823,51.5618761920288],[-4.16103197398668,51.5553101967153],[-4.15014909197575,51.5479284944372],[-4.14851827595612,51.5437080799391],[-4.1505967415703,51.54235148179],[-4.17493929603686,51.544857052541],[-4.19479204240695,51.5482569282283],[-4.20838103290441,51.5442661366703],[-4.20629934397598,51.537221530402],[-4.22755437439919,51.5409502650226],[-4.2584214857384,51.5517704136789],[-4.27883206941523,51.5614956666514],[-4.30825326567492,51.5630077053491],[-4.29058132672494,51.5698786321004],[-4.2895212003168,51.5813753972634],[-4.30698792667883,51.609110531185],[-4.31206892073049,51.6090804171445],[-4.31635356631207,51.6090548512391],[-4.31639317163538,51.6090997832626],[-4.31213541793036,51.6103903233659],[-4.26242677992326,51.6254404674899],[-4.2429559087877,51.6487636212286],[-4.2301564453105,51.6423343212405],[-4.24177123314401,51.6308127733892],[-4.22242028992762,51.6355137656034],[-4.18948716819034,51.6289484395695],[-4.19312817182326,51.6234379837803],[-4.16415715369345,51.626490135881],[-4.15847460757579,51.6343158550563],[-4.11565599179464,51.6445944574506],[-4.10242347786583,51.6535070797172],[-4.08114808147236,51.6575775651573],[-4.0693549552515,51.6531817056232],[-4.08129932506387,51.6620154414239],[-4.06827848610358,51.6689773185411],[-4.0769733836008,51.680383767998],[-4.07702414856093,51.6804503440486],[-4.07705433796402,51.6803823390329],[-4.07734742902726,51.6797328591478],[-4.08534132135297,51.6617081082324],[-4.13555122159564,51.6618776890625],[-4.14699120476336,51.6545541314145],[-4.18803259272608,51.6783674382346],[-4.1973097529783,51.6837447672249],[-4.22014357206844,51.6810563730344],[-4.22111994715739,51.6814156683174],[-4.22332618174909,51.6806812750934],[-4.2446091662379,51.6781704764764],[-4.25366256698649,51.6827614845125],[-4.26308357159564,51.676945444564],[-4.27751004664467,51.6680349651048],[-4.31542906174505,51.6750718131823],[-4.31958705384283,51.6758425524438],[-4.38272001695511,51.7273029745248],[-4.38021308349861,51.7321840119501],[-4.32447482067797,51.7285961941476],[-4.36430088631348,51.7372259009522],[-4.37560349272841,51.7475313926401],[-4.36614505195179,51.7873323254501],[-4.4038581608514,51.7572501333974],[-4.45967605984477,51.770140373074],[-4.41773494098565,51.7452376054709],[-4.4456830664188,51.7334771347307],[-4.55918800993131,51.7419688166858],[-4.57183624694735,51.7369740275944],[-4.59093192224126,51.7357475046337],[-4.60833722922898,51.7378521115441],[-4.61085518229501,51.7381563501105],[-4.6301690113645,51.7339464851586],[-4.63263849750901,51.7335849395108],[-4.67628115762188,51.7271860403371],[-4.69791932498869,51.7111168243837],[-4.69236925513827,51.7068279934456],[-4.69261909035515,51.7053620219759],[-4.6857175034488,51.7016863925306],[-4.68020032402092,51.697420583891],[-4.6971767028491,51.686274665758],[-4.70192000710846,51.6748866553353],[-4.69332678391067,51.6720217510562],[-4.70014775704013,51.6677068674157],[-4.71444572909671,51.6586580743282],[-4.71166105920637,51.6517200619513],[-4.71790118530366,51.6519000431096],[-4.75672953090018,51.6537039518941],[-4.75594636754926,51.6441750734393],[-4.75596307533039,51.6440296819742],[-4.75614443924823,51.6440158046039],[-4.76971747294573,51.6443513831347],[-4.7715468981111,51.6428361978015],[-4.77704682644314,51.6424144777095],[-4.78107962186691,51.6349425827749],[-4.81288332706864,51.6451703764338],[-4.82610047677548,51.6457114785971],[-4.83085436912812,51.6468473222145],[-4.84423102356222,51.6464513071587],[-4.86080223066442,51.647125061911],[-4.89124085641544,51.6310902690308],[-4.89869573501993,51.6271602332834],[-4.90414481213903,51.617204066321],[-4.89646563438349,51.6101482690175],[-4.92314789993314,51.6114059810611],[-4.92630403506148,51.5961137725147],[-4.94837735986042,51.597029060888],[-4.9753997500457,51.6103984895415],[-5.0076684883065,51.6086492778695],[-5.05932960474134,51.6205973460716],[-5.05025846454483,51.6408351435767],[-5.06202797340102,51.6588261746999],[-5.06504057970762,51.6634287103381],[-5.12343622690649,51.6712318804322],[-5.12508043954633,51.682227842334],[-5.10676116833279,51.6861975907678],[-5.11086459583602,51.6895298422736],[-5.10715379789886,51.6911773897354],[-5.09551910436632,51.6897317769853],[-5.08040615985328,51.6855743137213],[-5.08669342893443,51.6844252436317],[-5.07833921803492,51.6792299359173],[-5.05120637320686,51.6760050373487],[-5.04229624090188,51.681139097156],[-5.05500798500066,51.6870978480458],[-5.05187073787685,51.6931389758906],[-5.05118326933353,51.6939020578191],[-5.02769814249984,51.6950404893499],[-4.98264825916494,51.6883599866118],[-4.98629512574011,51.6840682109065],[-4.97559412601946,51.6810709977345],[-4.9734950664472,51.678901460885],[-4.97601351004832,51.6881185378722],[-4.94634654286765,51.7036707971605],[-4.93132758607263,51.704582622621],[-4.9183831964328,51.7004629130002],[-4.89199397935836,51.7081084262954],[-4.88682866255719,51.7167464091648],[-4.87216868972326,51.7176391361632],[-4.88488939834101,51.7190586939483],[-4.88298379985759,51.7339426832728],[-4.89799852088943,51.7395730043436],[-4.8861346830395,51.7710285662516],[-4.91284315629637,51.7715135788607],[-4.89518724204926,51.7612796662626],[-4.90238076957565,51.7410648104073],[-4.88688299405232,51.7302592339912],[-4.8955919297014,51.7099534609628],[-4.93217758441468,51.7070266562678],[-4.95386685958514,51.702879077893],[-4.98483555478101,51.6993772334685],[-5.03396233448802,51.7108096819851],[-5.05240347419891,51.7090820914081],[-5.06253783606665,51.7094710539634],[-5.06614605873131,51.7070863625996],[-5.07535839052292,51.7066373360855],[-5.08626107356539,51.706626359795],[-5.08783565738483,51.7080432066853],[-5.09834544471657,51.7201045900939],[-5.10012889582328,51.71910085412],[-5.10510717223078,51.7235767550295],[-5.10572373702811,51.7169388502991],[-5.11597307241331,51.7103323815818],[-5.12460364428555,51.7174128123107],[-5.13516194586126,51.7159023091028],[-5.16048006588972,51.7149596674905],[-5.16785074147245,51.7190616201495],[-5.17346221129471,51.715042490736],[-5.1685120662039,51.7068077674229],[-5.14969653190673,51.702310527863],[-5.15817433855972,51.7016806888689],[-5.15730766913917,51.687908130022],[-5.16949507298623,51.6880105227611],[-5.17600021842724,51.6803719173396],[-5.18418200984163,51.6866151168428],[-5.18838719880174,51.6898230193133],[-5.18725758310689,51.7088546872429],[-5.190961815338,51.7095051810111],[-5.20221264896032,51.7153875883633],[-5.2013797018889,51.7174082615347],[-5.21480701720298,51.7236856241393],[-5.23017892603754,51.7183351685563],[-5.23236162270587,51.7180144908346],[-5.22780046549031,51.7231321944444],[-5.2540610224929,51.738142077929],[-5.21101068827613,51.7338930895353],[-5.20288807217205,51.7555115778424],[-5.19973416583799,51.7553767202166],[-5.18892234013617,51.7539957377113],[-5.18610127899387,51.7536352278349],[-5.16047843920743,51.7719702809927],[-5.15780008453736,51.771908684554],[-5.11744523048421,51.768267609616],[-5.1076363105364,51.7741237451662],[-5.10290381369964,51.8100680733747],[-5.11307481543211,51.8227485230531],[-5.11678824771938,51.8304365382327],[-5.11675041880309,51.8372716623682],[-5.11671560748847,51.8435655314864],[-5.13401361353606,51.8627145922111],[-5.13856118205405,51.8625636836451],[-5.13995866974467,51.8638295245315],[-5.18155926541055,51.8611280440766],[-5.17912373682121,51.867129251359],[-5.18198259733995,51.8671432820527],[-5.18199855159598,51.8673698631781],[-5.19356473720556,51.8671994240169],[-5.19459911739172,51.867204375194],[-5.19529848262865,51.8717410869453],[-5.19715520943132,51.8704023059276],[-5.2017651264631,51.8670778888366],[-5.20322328471149,51.8670562183068],[-5.21755385441903,51.87344284498],[-5.22043295027959,51.8732611759981],[-5.22081301508015,51.8735442964816],[-5.26723277738855,51.8713131781797],[-5.27644417005228,51.8670850248316],[-5.28170571620772,51.8653998539793],[-5.29730626521199,51.8626756171776],[-5.29775922198409,51.8652373701751],[-5.31716580261314,51.8620978319921],[-5.31829690589924,51.8636534057684],[-5.30761141572409,51.8749417162175],[-5.30854497553221,51.8759811287434],[-5.30724049503309,51.8772313443663],[-5.31616184883628,51.8844595147193],[-5.31623634130307,51.8845424138473],[-5.29569544732326,51.8950742536888],[-5.30369351077567,51.9036598264107],[-5.31390853558725,51.9024322529886],[-5.31290498304702,51.9031679218588],[-5.29982801018572,51.9092712892978],[-5.25923445676642,51.9147958288912],[-5.23620774971981,51.9295211707962],[-5.21019080818364,51.932223071376],[-5.20386730690024,51.9406571600597],[-5.2021768727011,51.9410269860284],[-5.19835228210023,51.9418635971034],[-5.19640430171745,51.95060667943],[-5.15404295229576,51.9482840615162],[-5.14257016048823,51.961487513857],[-5.13091759033946,51.9613871547891],[-5.12713977745561,51.9597619377238],[-5.10755308128936,51.9611823373342],[-5.10706129727523,51.9611779760302],[-5.10704739537582,51.9612189642262],[-5.10689456330039,51.9612300339516],[-5.1006454997211,51.9691246011176],[-5.08539851763429,51.9684981104407],[-5.07995810612467,51.9853178248279],[-5.07994764973149,51.9853464530916],[-5.0956401025141,51.9937109066252],[-5.07306548130373,52.0041728735395],[-5.07223881442643,52.0045557953622],[-5.08958072420239,52.0153153085625],[-5.08505265752055,52.0179884545713],[-5.07138708881892,52.0260517508087],[-5.07491665219104,52.0307649106258],[-5.05097705974988,52.0261546961774],[-5.02079637923813,52.0203338805162],[-4.99183828596764,52.0260189398257],[-4.98933455956492,52.0204577674803],[-4.98764219409656,52.016697853495],[-4.98757510275673,52.0165560696443],[-4.98708715722839,52.0164500885957],[-4.98706759193696,52.0164106572241],[-4.97070364143467,52.0128835217882],[-4.97180789314778,52.0130010846497],[-4.98260593382529,52.0147025130802],[-4.98310177648671,52.0142028421389],[-4.98344085347487,52.0142389046715],[-4.99308305064948,52.0045039768296],[-4.98764486498933,51.999454505635],[-4.98038383627882,52.0002541876724],[-4.97244538960924,51.9972705024297],[-4.96922205663812,51.994964987229],[-4.96989127155571,51.9972099776286],[-4.9265174822029,52.0089504759186],[-4.91965157630961,52.0100936187198],[-4.91924527383836,52.0111476420428],[-4.91619990110711,52.0190503223194],[-4.91493838368196,52.0223230972033],[-4.91005670151275,52.0349653614808],[-4.88573619389887,52.0208523884248],[-4.88274813953457,52.020958183705],[-4.87924694674278,52.0191612478327],[-4.86719363421469,52.0215076742155],[-4.85030056654069,52.0221021031369],[-4.85005942598304,52.022678709311],[-4.82898716661502,52.0217792936839],[-4.83876090263914,52.0241840185119],[-4.84132495297987,52.0248146971894],[-4.84404211423445,52.0370626861935],[-4.84040223139241,52.0457589347574],[-4.83115322869364,52.0520251770258],[-4.8122889791394,52.0552565387758],[-4.79868846058783,52.0565857908355],[-4.79542057887575,52.0581430825686],[-4.79212599178334,52.0587065332058],[-4.78304502929549,52.0640387931814],[-4.77738680084968,52.0667334487037],[-4.77612840653242,52.0680988689973],[-4.75947034737597,52.0778725547856],[-4.74300994176432,52.0988466850973],[-4.74576635573767,52.101014694536],[-4.73042557663257,52.1176247580888],[-4.72640080187711,52.1166230071133],[-4.68865059903691,52.1035972620215],[-4.68848727329945,52.1035408689112],[-4.68566160266985,52.1300893018236],[-4.64228083671719,52.1382238015768],[-4.58641495875248,52.1376219019424],[-4.58547706237354,52.1379587380562],[-4.58280484781674,52.1379455917013],[-4.56715728015443,52.1445355804499],[-4.5457364689799,52.1337033631802],[-4.51861821066722,52.1349963358716],[-4.51009904211184,52.1395221757923],[-4.5061478133664,52.1402179276784],[-4.50161956009249,52.1440254258485],[-4.47106334423798,52.16024063106],[-4.4660233842192,52.1739259140265],[-4.46255145487701,52.1702476861417],[-4.46011781687595,52.1676689584874],[-4.46002263787918,52.1676837809825],[-4.45970553619688,52.1673538642888],[-4.44479508176599,52.1700540984925],[-4.40508394756622,52.1971320194822],[-4.38002021575305,52.214198730879],[-4.3776321378339,52.2158238538307],[-4.35743268846998,52.2152874570668],[-4.35666300278509,52.2146675615747],[-4.35092719205172,52.2100472778833],[-4.34320523072278,52.2111171194206],[-4.32490775316341,52.2136499393424],[-4.32157946937084,52.2153629444161],[-4.26480179515857,52.2445509281862],[-4.20750199177343,52.2638113900548],[-4.1403417633117,52.3226147678241],[-4.08932576982833,52.3991123349214],[-4.08947257052078,52.3995381836477],[-4.0899172567592,52.4008280998842],[-4.08575508149008,52.4306683493787],[-4.0819545533874,52.4410572147103],[-4.06234548613119,52.4675785059442],[-4.05187380750701,52.4817273965771],[-4.05375987155862,52.5343457048626],[-4.04046678907602,52.5200483015471],[-4.03911347333904,52.5267899487896],[-4.0142403634103,52.5264678419308],[-3.98350109503629,52.5355781496473],[-3.94292266456886,52.5584571167658],[-3.93983950412654,52.5601939379704],[-3.96031356367679,52.5606705901536],[-4.06582864252492,52.5419237332993],[-4.06657621099462,52.5417905212152],[-4.09300384242751,52.5714911385097],[-4.09306039050354,52.5715982195647],[-4.09345420745085,52.5719968708013],[-4.09985658216712,52.5791848857806],[-4.12837333980599,52.6111673745659],[-4.09495017539531,52.6684408571573],[-4.07232684588081,52.6797292207451],[-4.0575323204315,52.6871057935934],[-4.05862358879913,52.708320361935],[-4.04967779063945,52.7154507551389],[-4.05122246358187,52.7037849043505],[-3.99156847962731,52.7359832307606],[-4.0350236081395,52.7216930355307],[-4.05430438411022,52.7178442882031],[-4.07508351037481,52.7378594393975],[-4.07565216326769,52.7384068669503],[-4.08907661442346,52.7554910697026],[-4.09333674286743,52.7591258629186],[-4.15017906947015,52.8075502361934],[-4.15182512622977,52.8150091124716],[-4.1404044511042,52.8215900996395],[-4.1319016591533,52.825118534619],[-4.12922702267604,52.822294718823],[-4.11672484931668,52.8316866514752],[-4.12920228172309,52.8270776044267],[-4.12916489381626,52.8275460403061],[-4.1190886968478,52.8480674750864],[-4.14828411750461,52.8959070401902],[-4.13256643268582,52.9009087467944],[-4.1363860722666,52.8972463724132],[-4.12280775968887,52.8954651492841],[-4.08288096697576,52.9011774352892],[-4.08258170415158,52.9012201957906],[-4.06463019046251,52.9228049319101],[-4.0835908090836,52.91596289673],[-4.10286775992477,52.9090014948142],[-4.11066314101439,52.9200298478907],[-4.12858115987093,52.9218229420552],[-4.13477690277398,52.9140488304047],[-4.15140002330968,52.9064931551983],[-4.21867668636643,52.919036148149],[-4.2245805760367,52.9179092780858],[-4.22757629944168,52.9184470512397],[-4.2376559947682,52.9154123198523],[-4.26136151378808,52.9108810110989],[-4.31651985325522,52.9085961552565],[-4.32665495245449,52.8920906414313],[-4.33311300792509,52.8924168354168],[-4.37998279056961,52.8958786627138],[-4.38200134254567,52.896027326173],[-4.38544449165526,52.8950469672416],[-4.3877874772284,52.8951641776231],[-4.38850778322179,52.8941746431455],[-4.40105603997203,52.8906001241331],[-4.39869563797442,52.886068170143],[-4.41055656240978,52.8854116087549],[-4.39682949135029,52.8827389596898],[-4.39700100033657,52.8825031985483],[-4.45704546202373,52.8711443149532],[-4.45893375832277,52.8698399564951],[-4.4598915100923,52.869653856876],[-4.46170878657746,52.867922887615],[-4.47657069299886,52.8576519199042],[-4.47038859726374,52.8477819921825],[-4.49502406906169,52.8381059599597],[-4.50346996345053,52.8275805115469],[-4.49732442779438,52.8255886873887],[-4.49866076308974,52.8109823139447],[-4.49031640762712,52.8093534127725],[-4.4865176856958,52.7947962811772],[-4.51480634062472,52.7929669543107],[-4.52793321950843,52.7777958851402],[-4.54258922108236,52.7865165463465],[-4.53619628314751,52.8002580005421],[-4.60340593428777,52.8250745785207],[-4.60687806938296,52.8229309527822],[-4.61248547695284,52.8226611345743],[-4.64435023673065,52.7997779269553],[-4.66124372187269,52.8061848683923],[-4.66402225536068,52.804874573067],[-4.6653753638937,52.8052252406293],[-4.68812911117549,52.7935014910534],[-4.69251459022922,52.7996882520039],[-4.72071751184436,52.8028833904865],[-4.72873305294015,52.7882842945302],[-4.7323287335758,52.7819802040835],[-4.7678087886602,52.7974327736145],[-4.76633753668256,52.7987493534739],[-4.72240359301419,52.8364572974317],[-4.72621477861917,52.8534878839537],[-4.72621559427947,52.853517688559],[-4.6960300631993,52.8595440553758],[-4.69560714885561,52.86057819025],[-4.6946826471086,52.860791292454],[-4.69193429207799,52.869557195833],[-4.68998426756784,52.8743229914309],[-4.67621001866886,52.8773339835212],[-4.66819961608038,52.8790841052128],[-4.65445951472448,52.8994909400039],[-4.64956738396126,52.9060202146226],[-4.63240441630061,52.9058616594423],[-4.62277119416285,52.9167490610941],[-4.61714632847432,52.9224220664819],[-4.59864352997339,52.9289654772927],[-4.57053745821548,52.938895846909],[-4.56758045540684,52.9481293944409],[-4.56741718101678,52.9485549657622],[-4.56313158392034,52.9383698558841],[-4.55948954135273,52.9385345234017],[-4.55937462635829,52.9383870475913],[-4.55585150962241,52.9386989026641],[-4.51959189512768,52.9403311335123],[-4.47179513128087,52.9666494706044],[-4.43739345194736,52.9983997020309],[-4.42767815182877,52.9985208059216],[-4.41006908898499,52.9980740046821],[-4.3864184883359,53.0128912277671],[-4.35349682102279,53.0334923863379],[-4.33737646309717,53.0589363894327],[-4.33984615124618,53.0738439784614],[-4.33801166237954,53.0784590628899],[-4.34168362428654,53.0849280068964],[-4.34651462685409,53.1140394154934],[-4.34656329887982,53.1143324895475],[-4.33842304380099,53.1211694296379],[-4.33386598312543,53.122739105151],[-4.31957279532215,53.1214952305381],[-4.333195351797,53.1143008388644],[-4.33376723614776,53.113998728709],[-4.32025982496741,53.0978415053675],[-4.31109016942742,53.1066791486393],[-4.31139906258233,53.1147268423478],[-4.31187732959322,53.1271790478465],[-4.28761393008642,53.1386546626121],[-4.27859312896461,53.141755315015],[-4.26432971936354,53.1540519592956],[-4.24367754700182,53.1704375529388],[-4.21204983484961,53.1832664703423],[-4.21133282244322,53.1847831475139],[-4.2102913279185,53.1852168296829],[-4.21020179683075,53.1871754196293],[-4.19941974899361,53.2099672178737],[-4.16588017023139,53.2187575752166],[-4.15979117607777,53.2206909942317],[-4.12508734037079,53.2360689725382],[-4.12251007056752,53.2371765180191],[-4.11389039924389,53.2314714707431],[-4.11320987087178,53.2369434847809],[-4.10642476845568,53.2323426835042],[-4.09902843848862,53.2344258552206],[-4.09106854927974,53.2366670161744],[-4.08574886790139,53.2256659578893],[-4.00629457218033,53.2463934048584],[-4.00340599139108,53.2471455924696],[-4.0033473514409,53.2475021282824],[-4.00255791595821,53.2523014134571],[-3.92123448958988,53.2719980157704],[-3.88366483119701,53.288670869899],[-3.84585395376033,53.2944722088692],[-3.82616441452774,53.2814797069838],[-3.83420577368565,53.2898924058136],[-3.82338519960062,53.2819998370958],[-3.83763273241079,53.2958625303834],[-3.83953416127856,53.3027589348749],[-3.84382612974167,53.3183170942495],[-3.87538910022019,53.3372516862694],[-3.87320104217865,53.3391723018549],[-3.83359519930984,53.3380397066988],[-3.83293143502209,53.3379427975813],[-3.81869551540115,53.3228375369981],[-3.80314480556654,53.3247958888266],[-3.77536218579277,53.3282891137423],[-3.77497926517736,53.3281680641635],[-3.76574787226235,53.3190269715547],[-3.73988631442563,53.3144213090681],[-3.73408304347842,53.3043392728221],[-3.73167899641819,53.3001612068292],[-3.70754839770089,53.2938379001688],[-3.60963271238433,53.2904656753278],[-3.54892859099365,53.3068885218968],[-3.5119601093232,53.316868673755],[-3.50664310433544,53.3154277145637],[-3.50642594388557,53.3153688603668],[-3.50257873571071,53.3173035425252],[-3.48061507847859,53.3283425564782],[-3.36670408661101,53.3513343504504],[-3.36340113082566,53.3519990542413],[-3.30970222867844,53.3557865778897],[-3.30914337824807,53.3428015643525],[-3.30892990513903,53.3378414478894],[-3.2800029132094,53.3225848084451]]],[[[-4.40277782616588,53.4215239135474],[-4.40251361799723,53.4209247414467],[-4.40194682055373,53.421353499172],[-4.36990586804594,53.4240509775769],[-4.36769075681219,53.4238845178954],[-4.35642764653914,53.4142553260972],[-4.33839169504729,53.4195433060603],[-4.33299626411466,53.4154558848034],[-4.32717110072531,53.4178877717179],[-4.3082587863932,53.4144808740906],[-4.29300665790993,53.4111041082279],[-4.28738638043956,53.4170672328788],[-4.26935007557718,53.3907142456177],[-4.29056751607058,53.3668583003131],[-4.27312542767288,53.3753987783624],[-4.2646603231787,53.3608023560273],[-4.23011823942114,53.3576949851821],[-4.23024429429429,53.3571226649078],[-4.23541342772008,53.3511369379273],[-4.23264966012978,53.3461988809477],[-4.23388488797431,53.3405871120654],[-4.22876239804579,53.3392513615323],[-4.22082237353665,53.3250528836885],[-4.21904078888818,53.3190870052418],[-4.20459051374876,53.3141917362159],[-4.21448207640823,53.2987314436461],[-4.20595070345595,53.2965429610606],[-4.20032776122004,53.2951000932275],[-4.19073254504303,53.2968240312985],[-4.14354225462644,53.3052893408213],[-4.11966969940493,53.3191622205019],[-4.10309771419672,53.3173872745964],[-4.04018525565074,53.3106266218172],[-4.05812283597761,53.2991864379931],[-4.07146013020757,53.2906745440887],[-4.08655575086655,53.2636979956324],[-4.1001645194093,53.2576363477155],[-4.15646076342937,53.2325259785629],[-4.16040919846748,53.2251534339523],[-4.16222777838875,53.221756400756],[-4.16804846521569,53.2224807259113],[-4.17690603025309,53.2235823871668],[-4.2026791458751,53.2157276501828],[-4.20393655941129,53.2133451882853],[-4.20550417267992,53.2127867001623],[-4.21396501038894,53.1943342700358],[-4.21855517668511,53.1856269547189],[-4.24502593111808,53.1792096785213],[-4.30423116645142,53.1469754221153],[-4.32312921223284,53.1444779975067],[-4.33810199497695,53.1532208072704],[-4.32882344402261,53.1278716854302],[-4.32897559827523,53.1268453039558],[-4.39366586728142,53.1436803815393],[-4.39873979589498,53.1449987962252],[-4.4143928147548,53.1358386026841],[-4.41361600324831,53.1375302543151],[-4.40757813213345,53.1442845227895],[-4.41970051331797,53.1639721483059],[-4.39502617875865,53.1681194644333],[-4.38733425637,53.1694111736404],[-4.38522481740127,53.1926456448982],[-4.39600641086965,53.1857028766365],[-4.44357838038627,53.1550311716494],[-4.44511259488243,53.1568238701513],[-4.4666732205312,53.1822245298275],[-4.486420031333,53.1772640990413],[-4.4881478895932,53.1865061438363],[-4.50449694621709,53.1873276041043],[-4.49750573571297,53.2074233259071],[-4.52455874995606,53.2260523740867],[-4.52199003862621,53.2318586441448],[-4.55552232711887,53.2496702893594],[-4.54835401647824,53.2544192814766],[-4.56022343678525,53.2592286505298],[-4.55869763038036,53.2640945301598],[-4.57574916340972,53.2725056265894],[-4.55526927216761,53.2459104032244],[-4.55918528723838,53.2452558234499],[-4.59683097924886,53.2403789445535],[-4.61046848626912,53.2455103323188],[-4.61240675997895,53.2485588996304],[-4.60880170169619,53.2563991532241],[-4.62561704672868,53.269324889897],[-4.617410342422,53.2791896665],[-4.64997765051916,53.2874979376474],[-4.65163914560966,53.2879214752759],[-4.65433219807502,53.2874010132354],[-4.68260122390598,53.2819333089207],[-4.68309367893892,53.2824837917205],[-4.67954966364762,53.2965859732352],[-4.6777157595153,53.2983223498212],[-4.67899603812337,53.2987881418762],[-4.678966491695,53.2989056660755],[-4.68730690539838,53.3018112200324],[-4.70016706367561,53.3064870912796],[-4.68325670173877,53.3132504012435],[-4.6812648123084,53.3234573878954],[-4.66183369005222,53.3188747639278],[-4.64811583913007,53.3199500363626],[-4.62880052618869,53.3144540569387],[-4.62556936495271,53.3181642252292],[-4.62322097045457,53.3178793578762],[-4.62161011469148,53.3160237787531],[-4.63126710882169,53.3077648885416],[-4.62395906870878,53.3129701721315],[-4.61393525265326,53.3071803417475],[-4.60990293602528,53.3025323462281],[-4.58811921901795,53.3018556939831],[-4.58804327026038,53.2927221388613],[-4.57807705164826,53.2890753979829],[-4.57482960724799,53.2878868059363],[-4.57331393836682,53.2891784975601],[-4.55971304198112,53.3007652194362],[-4.55561920005804,53.2982749633594],[-4.54021814498726,53.3077393193829],[-4.56660200039747,53.3010118354102],[-4.56211635923296,53.3165094819003],[-4.58447866911663,53.3312569865259],[-4.56969170739786,53.3370514706251],[-4.55539587168402,53.3730159657681],[-4.5603831658979,53.3796084242069],[-4.57309871854495,53.401681675601],[-4.56981631735635,53.4040167061538],[-4.53872308191298,53.406337294996],[-4.52989144177338,53.4060715479045],[-4.51082581385565,53.416587653406],[-4.51059287255718,53.4162890611251],[-4.51522607246129,53.4074695969602],[-4.50643642750786,53.4109603728095],[-4.50515744860395,53.4093203774711],[-4.48344563860574,53.420085366694],[-4.47792796667358,53.4222740904113],[-4.47210216370147,53.4207340785348],[-4.45012642974533,53.4142141413982],[-4.45019611481916,53.4149397858975],[-4.44911654733972,53.4146540881327],[-4.45095889733125,53.4228809007287],[-4.42468191059943,53.4298061561365],[-4.40277782616588,53.4215239135474]]],[[[-5.28924643270274,51.7418314237898],[-5.2704653482532,51.7349764017311],[-5.27110235157511,51.7347677013384],[-5.28125843351225,51.7360447184963],[-5.28141919606474,51.7367464078427],[-5.29303622474801,51.7283188699319],[-5.3146950577554,51.7373486868672],[-5.30018431408101,51.745213962971],[-5.28924643270274,51.7418314237898]]],[[[-5.33270905027526,51.8546400289743],[-5.33717564355554,51.8542221852906],[-5.3533705733533,51.8637669098657],[-5.34201479132445,51.8691419087332],[-5.34498293050435,51.8724519185505],[-5.34083822554038,51.8767419577626],[-5.32981201371985,51.8777030488827],[-5.32986289397347,51.87728700339],[-5.33270905027526,51.8546400289743]]],[[[-4.67479025921242,51.6376446036157],[-4.68405687926402,51.6299154694011],[-4.68413003272066,51.6299223519608],[-4.70347152841355,51.6320249161181],[-4.70951487039212,51.6421769310417],[-4.67801445284378,51.6381705032179],[-4.67479025921242,51.6376446036157]]],[[[-4.77991968766839,52.7656139218962],[-4.80130846901222,52.7463884947042],[-4.79365316513299,52.7678648522556],[-4.77990917262987,52.7658433469815],[-4.77991968766839,52.7656139218962]]],[[[-5.47735739209695,51.7324857131183],[-5.4800671233187,51.7283661838788],[-5.48154134427456,51.7305067047565],[-5.47735739209695,51.7324857131183]]],[[[-3.09466524747845,53.2628479634901],[-3.08992534176192,53.2595270735808],[-3.09314065251518,53.2605052613612],[-3.09466524747845,53.2628479634901]]],[[[-5.6681234266042,51.7206665742367],[-5.66817193504315,51.7197456138906],[-5.66932862438615,51.7204534270168],[-5.6681234266042,51.7206665742367]]],[[[-4.20929566496296,53.2031881000772],[-4.2094863223926,53.2028266692093],[-4.20947570628517,53.2030588481121],[-4.20929566496296,53.2031881000772]]]]},"properties":{"OBJECTID":10,"nuts118cd":"UKL","nuts118nm":"Wales","bng_e":263406,"bng_n":242881,"long":-3.99415994,"lat":52.06740952,"Shape__Area":20820253175.166954,"Shape__Length":1552749.7137542758,"GlobalID":"ec38afc1-b206-49a1-bfaf-48c9836e2d02"}},{"type":"Feature","id":11,"geometry":{"type":"MultiPolygon","coordinates":[[[[-3.38105417956018,58.6705891825673],[-3.37680474324517,58.6721821550583],[-3.3548129836234,58.6639598766967],[-3.34402035962795,58.6465415502255],[-3.34020572898727,58.6469140305099],[-3.31319565357032,58.6443296114272],[-3.31026112962978,58.6428719668652],[-3.27739010057153,58.6532282758416],[-3.22715053423001,58.6498559836011],[-3.20456355081163,58.6561227443853],[-3.2047186061066,58.6556521045321],[-3.20338618967009,58.655899002975],[-3.20443095025794,58.6561595164588],[-3.1899314911759,58.6601791578155],[-3.15779733410033,58.6372302700108],[-3.10034777388534,58.6467344188697],[-3.03542597018931,58.644505433679],[-3.03124073932757,58.644360606926],[-3.03327077593642,58.6361280863119],[-3.03512798934805,58.6344232603591],[-3.03767961830458,58.6320806848403],[-3.04283222141764,58.5980790503832],[-3.07285474325566,58.5919218915677],[-3.06016739548508,58.5813523479986],[-3.06777744560643,58.5644619590724],[-3.12573771722054,58.5231729847255],[-3.13115441580489,58.5193080825566],[-3.13319162039034,58.5015551882295],[-3.11970039719981,58.4820764291908],[-3.1192076832097,58.4801238671037],[-3.11802245636119,58.4796521860543],[-3.11657639386523,58.4775626658038],[-3.11277611502934,58.4775640316257],[-3.10412544883299,58.4741198717177],[-3.07558936144831,58.4775714823728],[-3.05247123346103,58.4775708028805],[-3.04943360002633,58.4746800324211],[-3.05836582916799,58.4462620526991],[-3.06299770790828,58.4461915311913],[-3.05941178269483,58.4429313732427],[-3.05963353608533,58.4422251531445],[-3.08180017497366,58.4409352378458],[-3.08111918506039,58.439610787819],[-3.07038380494354,58.4320280460779],[-3.08304474747697,58.4231262732371],[-3.08676844882173,58.4153482939166],[-3.09139417241727,58.4114858574129],[-3.10790739912892,58.3712113748245],[-3.10803674330991,58.3711274623463],[-3.14041603594852,58.3566608097239],[-3.14476307225992,58.3557789067051],[-3.14972633271306,58.3524973917355],[-3.1527513381793,58.3511443014725],[-3.16462712620686,58.3431853820287],[-3.22112162000849,58.3052596775604],[-3.2903361331144,58.2971070138935],[-3.29738568536361,58.2893038601976],[-3.36557884656518,58.2739437768943],[-3.38137317368653,58.2703840061268],[-3.38726023677108,58.265997470156],[-3.39079406757684,58.2650791549649],[-3.42412190209065,58.2462387690789],[-3.42811723284828,58.2466016446166],[-3.50829118045408,58.1718555968319],[-3.61263250001396,58.1315927544601],[-3.62386856192775,58.1217683008973],[-3.63499326851008,58.116934272125],[-3.65837731309942,58.1126060201612],[-3.69147001529114,58.0923583363815],[-3.69777279048465,58.089612036924],[-3.74536155142658,58.0681990849198],[-3.76959733297311,58.0636185746696],[-3.77506650982103,58.0649198323955],[-3.79287970740102,58.0592128615252],[-3.80427047986388,58.0570554608056],[-3.8333055018143,58.0388931671442],[-3.84745376480854,58.006663943814],[-3.8716560546045,57.9964037577206],[-3.96629878620139,57.9729860327384],[-3.98327543794687,57.9695621516091],[-4.00758292526798,57.9334882048379],[-4.0282389029161,57.9343654138182],[-4.02990668088187,57.9344360917583],[-4.02832363148396,57.9358672162951],[-4.00866630730397,57.953627030607],[-4.02903894859637,57.9485429332704],[-4.04684119874372,57.9440964603091],[-4.05451691239583,57.9546423349552],[-4.08196868371751,57.9512864074049],[-4.06898505083737,57.9367955663579],[-4.03327379325046,57.9269253864884],[-4.02781407845796,57.92683401378],[-4.00137057511656,57.9263881292499],[-3.99220970913458,57.9030790729615],[-4.01310100082561,57.8907463899253],[-4.01191992962966,57.8591376596687],[-4.02423763016598,57.8633064800061],[-4.03675994141478,57.8675423142236],[-4.07285043453695,57.8671723711695],[-4.111688332986,57.848497933331],[-4.1210871615164,57.8557039298548],[-4.14115589264836,57.8553946359262],[-4.14671002979706,57.8567639988941],[-4.14616161164987,57.8607985667501],[-4.16138972181886,57.8603815760057],[-4.2125392748593,57.8729675401094],[-4.28305495920055,57.8595352998809],[-4.30530339588613,57.8736375960062],[-4.33412040239874,57.8809465988068],[-4.31109311064842,57.8689381337717],[-4.31891538714276,57.8641479208958],[-4.30675483068855,57.8694782284068],[-4.30662260050838,57.8695361734162],[-4.30635666639347,57.8693112668056],[-4.29391370192042,57.8587841683075],[-4.26208890923483,57.8544732703782],[-4.19378386655123,57.8626424013154],[-4.16261703797177,57.8330304084682],[-4.11934909535412,57.8292059048924],[-4.13872148648141,57.8439786969699],[-4.13864418065614,57.844024546818],[-4.04417490487451,57.8136869565317],[-4.02193796286326,57.8223080267226],[-3.96085341013516,57.845948922832],[-3.92985514182912,57.8335905458542],[-3.91888460779433,57.8379212006272],[-3.89356066266979,57.8251401610277],[-3.91239061888787,57.8272742635124],[-3.94739239038617,57.813525550938],[-3.90914911849275,57.8226648079347],[-3.85923561016183,57.8245162929901],[-3.82838280923202,57.8353666819503],[-3.82133808712065,57.8467195899654],[-3.8096166155349,57.8607660293711],[-3.78449042893111,57.8648768545001],[-3.7720531262467,57.8668596323023],[-3.79331737453666,57.8364512743411],[-3.84540352890417,57.796153525292],[-3.87055635456571,57.7766537303648],[-3.91632253228733,57.7525629106827],[-3.91919082093929,57.7482047052203],[-3.96944695448159,57.6989030049237],[-3.97487139537263,57.6946850558469],[-3.99165387465665,57.6946147130864],[-4.01483333393156,57.6949585054223],[-4.03562763229822,57.69526326914],[-4.03636357203542,57.6977811726315],[-4.02546469952419,57.7194153107796],[-4.01648089849315,57.7245881614803],[-4.00780687498909,57.729580660735],[-4.00946470833352,57.742328489955],[-4.01732950759608,57.7398216771788],[-4.04996209012702,57.729411548636],[-4.08387743978813,57.7284812188445],[-4.165235064818,57.6864484120501],[-4.19688467974576,57.690651561746],[-4.20742552109869,57.6926509732908],[-4.25838924022817,57.6781784056338],[-4.27380128170629,57.6789504928747],[-4.27861007393483,57.6724272880925],[-4.29642224426654,57.667357068129],[-4.31858757441885,57.6532658291757],[-4.33333146731858,57.6504826949542],[-4.38090564910423,57.6218425523142],[-4.38993824666084,57.6078066774624],[-4.39069175618257,57.6073257692747],[-4.40943828637416,57.5953557852147],[-4.39363872312722,57.6020531617764],[-4.39968903715749,57.5926420335947],[-4.39040061381079,57.6034252403978],[-4.38584766086795,57.6053541423052],[-4.3865423243228,57.6038654912478],[-4.38321938704356,57.6064674660128],[-4.38074898612337,57.6075138001089],[-4.37465945067343,57.6100925430548],[-4.37479382500929,57.6087487654546],[-4.3697812344029,57.6121578441952],[-4.36195485667642,57.6154703774676],[-4.3598041514832,57.6123705820826],[-4.22632922973433,57.6701003147025],[-4.16552386045415,57.6758508658726],[-4.16514961686516,57.6569212324561],[-4.08670492841017,57.6645226744998],[-4.0371792200345,57.6838257190787],[-4.03068816611971,57.6831533600099],[-3.99932056674465,57.6771930249206],[-4.00150110590211,57.6708724588387],[-4.07103155290206,57.6263881197539],[-4.07879084069712,57.6216534492837],[-4.09362240917214,57.6125986353238],[-4.10203646900057,57.6074590162722],[-4.11294533186356,57.5900942796088],[-4.09133263490188,57.5741317186514],[-4.1329408090966,57.5783184154937],[-4.13634136951147,57.5771738025648],[-4.14053905719907,57.5774566626949],[-4.17444812501977,57.5662055663407],[-4.1875042645151,57.5465075080336],[-4.22791712299679,57.5066057793453],[-4.23440764462824,57.5007754666938],[-4.33841967907427,57.5083750513358],[-4.38297240329852,57.5116029445773],[-4.36378702929947,57.5018563683425],[-4.39117978140575,57.5021273423923],[-4.3593914838647,57.4947209903855],[-4.37246747196598,57.4928203131058],[-4.34851506764061,57.4940920225942],[-4.34160435402574,57.4905768860212],[-4.37283640794382,57.4856248767769],[-4.34092583415115,57.4902317029841],[-4.33900750821464,57.4892557372346],[-4.34929883796857,57.4868152467766],[-4.3329848627842,57.4861911065028],[-4.32992333446637,57.4846329225861],[-4.28866414882257,57.4811541340559],[-4.24352784468402,57.4938594635327],[-4.23658181664353,57.4955853313273],[-4.22238742982627,57.4963667183315],[-4.192132704929,57.4837077728514],[-4.17938169902578,57.4849630483919],[-4.14919168910531,57.5009207516626],[-4.14738476206668,57.5184277472225],[-4.11277321140099,57.5160595992509],[-4.10237621807328,57.5350668824901],[-4.04071333005359,57.5601484573911],[-4.04736432918786,57.5767733230006],[-4.07637441513897,57.5828856410548],[-4.05807287943278,57.5909183728783],[-4.01638976271451,57.5927317619011],[-4.00952221565605,57.5990284569907],[-4.00822604723927,57.600216600158],[-3.9422801306825,57.5886091367673],[-3.93011777474751,57.5858184226797],[-3.86945697247131,57.5896417511395],[-3.8493410683294,57.5991446190189],[-3.83186853627988,57.6007401233749],[-3.80959685463248,57.6154449891154],[-3.84464796349865,57.6007150059176],[-3.83835846344247,57.6043294375679],[-3.81158938381059,57.6169568293644],[-3.79739528302615,57.6236465827942],[-3.76279952807486,57.6305846876378],[-3.76243919693036,57.6307678415676],[-3.73053609380583,57.6469727438432],[-3.71187007478991,57.6469885927945],[-3.71816159221284,57.6517636021592],[-3.72193145764812,57.6513395466832],[-3.71984539445819,57.652397966078],[-3.64351656303866,57.6629989261526],[-3.61964372564069,57.6552683080671],[-3.62125395544162,57.6383597581459],[-3.60773303613535,57.6557722379783],[-3.62428990765043,57.6627749338799],[-3.57582745451521,57.6635197394945],[-3.5638962986697,57.6623537347251],[-3.55353084411221,57.6638561677839],[-3.52946858843957,57.6642148196777],[-3.51936645153468,57.6688012909602],[-3.51604470791664,57.669281533369],[-3.51281450083222,57.6717748882268],[-3.49665763617959,57.6791041317332],[-3.48895543673549,57.6959161368076],[-3.49760014398438,57.7041805908387],[-3.46026579617564,57.7036465711535],[-3.45645557747422,57.7050811614701],[-3.45597370962217,57.7050830699573],[-3.39134003495632,57.718230277521],[-3.34480282017581,57.7245016325822],[-3.27950675164235,57.7246936439317],[-3.28313610124584,57.7177084477321],[-3.17405592341954,57.6880015884006],[-3.11644895331074,57.6790714972906],[-3.02845703778489,57.664676834106],[-3.0266920709575,57.665096501004],[-3.01842069781048,57.6638049142038],[-3.00739812095635,57.6667675621384],[-2.93178323371158,57.6870525089445],[-2.92171860244885,57.6975640187259],[-2.88400617786799,57.7042117537229],[-2.86908703480786,57.7055861218879],[-2.84796452440325,57.7061281600999],[-2.84655572116813,57.6984718191664],[-2.82766173445667,57.6926090174927],[-2.81879659540131,57.6946677716953],[-2.80145220386437,57.6960456214309],[-2.79199132798882,57.6992210177074],[-2.77788625774033,57.6924137302213],[-2.76766476677238,57.6932625375742],[-2.74299178698126,57.6837030219658],[-2.74043266165244,57.6818819103517],[-2.71422221098486,57.6926880381481],[-2.68358543776071,57.682801076525],[-2.67254132537491,57.6880682852212],[-2.66736826133613,57.6905345930962],[-2.66531438694251,57.6902149997655],[-2.63643270128091,57.6809865571898],[-2.5946107835611,57.6791893504215],[-2.58386052431854,57.6775088858852],[-2.58175756382937,57.6786342021002],[-2.58153273937355,57.6786244798278],[-2.58065037701673,57.6792266273541],[-2.57417416772824,57.6826912868542],[-2.56971457147815,57.6801362813188],[-2.56152623399195,57.6735688499979],[-2.55712419924439,57.6729201616155],[-2.55292769968039,57.6705140366409],[-2.54066215155475,57.6704927355736],[-2.51503892369379,57.6667095300909],[-2.51289856979733,57.6654432309074],[-2.51140949265074,57.666173170435],[-2.51122148329914,57.6661453831113],[-2.49745501632227,57.673011441046],[-2.44685437207747,57.6688424349644],[-2.43837924042994,57.6712243596429],[-2.39986252297489,57.6689239928285],[-2.39650245193482,57.6682882751347],[-2.3621123430208,57.676040837876],[-2.34536035672682,57.6697785401876],[-2.33696295471442,57.6729803389314],[-2.3249369500236,57.6775637499936],[-2.32598447614131,57.6816988610566],[-2.2992877130935,57.6956238756671],[-2.29754875422455,57.696203149912],[-2.28585910181243,57.6904147070358],[-2.27083809959965,57.6817612262006],[-2.26823654310263,57.6816828903395],[-2.26362374387369,57.6793961872444],[-2.21169171072204,57.6795432939212],[-2.19916327658143,57.6747148136783],[-2.1920624895247,57.6717690704652],[-2.19179879037077,57.6718753172225],[-2.1904929989939,57.6713717563899],[-2.11809102180865,57.7011152622437],[-2.06171731365429,57.6980755967682],[-2.05082760999897,57.6953406830798],[-2.04231188379215,57.6917160218163],[-2.00329938642784,57.6984408423919],[-2.00167021503024,57.6966124946195],[-2.00118429756412,57.696067128732],[-1.99446737269245,57.6807486749074],[-1.98651849706019,57.679598498075],[-1.98644086912039,57.6795112835987],[-1.98514601850475,57.6793998463781],[-1.95374966197128,57.6748509316297],[-1.94194058042484,57.6807762992],[-1.93184092572502,57.678052552593],[-1.90832374527778,57.6586394880971],[-1.89076991900089,57.6342908523063],[-1.87736660190174,57.6298817736525],[-1.82345856067307,57.6121233142492],[-1.82525427324176,57.5838520831689],[-1.82560606090725,57.5822444474178],[-1.82537150131731,57.58200491437],[-1.8262678782458,57.5678743334049],[-1.80413652602238,57.5563912693084],[-1.8023087780177,57.5460161446127],[-1.80473437261851,57.529178825844],[-1.79864695924701,57.5252121990883],[-1.79726033035313,57.5173281476347],[-1.77448244751185,57.5094549142462],[-1.76794301753108,57.5051875016911],[-1.77199893563312,57.4971999811782],[-1.78222465429376,57.5035189087025],[-1.78962079783617,57.5019195721896],[-1.79067773170124,57.5022025302261],[-1.7907834582664,57.5016681083723],[-1.79168977943985,57.5014720756306],[-1.79096704841002,57.5007400604872],[-1.79215513608996,57.4947332506519],[-1.78569837397406,57.4954026654489],[-1.78216929547613,57.4918265595704],[-1.7908874955592,57.4858131543286],[-1.79615552479708,57.4839723292818],[-1.79336475224853,57.4827300633363],[-1.7759785229652,57.4726328168059],[-1.7775382293942,57.4671255494501],[-1.78196349472024,57.4637846322785],[-1.800135656102,57.4535886085926],[-1.80601144792953,57.4456160996797],[-1.81013754387057,57.4424965178509],[-1.81959963568735,57.4353400768033],[-1.8172518497884,57.4303541611605],[-1.82454140300156,57.420449218377],[-1.83100284251882,57.4155157333779],[-1.84199996456823,57.4120077596435],[-1.84901594920754,57.4162572843682],[-1.86459166626147,57.4003773917642],[-1.85876915385436,57.3903930492766],[-1.85880336275721,57.3899735100911],[-1.91000005720785,57.365953173146],[-1.92336410234769,57.3563368582823],[-1.97438156292957,57.3214566421196],[-1.9777074776409,57.317166589968],[-1.98740515447696,57.3101653756021],[-2.00164832342123,57.2911897473508],[-2.01705781797227,57.2706362680766],[-2.06077315437467,57.2121922760578],[-2.06098403494076,57.211909857529],[-2.07493638004147,57.179829589764],[-2.07799067617467,57.1532756409177],[-2.07641944123463,57.1411141539374],[-2.06172686304582,57.1432490967396],[-2.04646537963053,57.1394317026609],[-2.05902117480588,57.1343383940385],[-2.04826769538533,57.1289307875355],[-2.06991924841406,57.1036853885802],[-2.07306812856577,57.1036870316797],[-2.08520394938487,57.0858405831088],[-2.09209774746907,57.067996450084],[-2.16130448328592,57.0180461558721],[-2.1773531378053,56.9795270528103],[-2.20896554644165,56.9678160046188],[-2.19126744980988,56.950701292787],[-2.2004700186002,56.9486195098694],[-2.19671230459002,56.9111601439939],[-2.19647757244432,56.9088092188654],[-2.21636318834038,56.8947400384495],[-2.21409110731837,56.8860520221682],[-2.22693539190432,56.8694378031174],[-2.23291580234625,56.8630619028965],[-2.23985934971612,56.8586732139608],[-2.26795377390199,56.8449879637289],[-2.27457657386255,56.8455407859605],[-2.27726199205272,56.8296190029911],[-2.28987857658137,56.827409321032],[-2.31619444162449,56.8015155201453],[-2.32906665024611,56.7971337446441],[-2.35824504812706,56.7871925312809],[-2.37593324741993,56.773588801172],[-2.38342815461844,56.7736505182536],[-2.39474884850603,56.7744910829585],[-2.39573351429265,56.7737509303205],[-2.40118152429448,56.7737950021513],[-2.4247371442464,56.7544207024065],[-2.43775172801478,56.7308787070826],[-2.45223927335909,56.7046360462688],[-2.46551846546474,56.7022101804834],[-2.44276640567398,56.7022855537577],[-2.44105524740129,56.6956591515031],[-2.44826211524452,56.6830443970586],[-2.47614118856878,56.6712255923611],[-2.48364337170408,56.6716112896706],[-2.51141931972166,56.6513864194272],[-2.50233675244271,56.6304220706218],[-2.49015103698164,56.6293641655967],[-2.48203110333096,56.6264224685247],[-2.48072705912694,56.6228165049115],[-2.48892838473098,56.6147817021192],[-2.51777529505837,56.5929005549072],[-2.52012685577352,56.58418057353],[-2.52420488987598,56.5801763853219],[-2.53752163471026,56.5759809860347],[-2.53750685868019,56.5671084766937],[-2.60550153776967,56.5504989102765],[-2.63600698714338,56.5271808697524],[-2.65172471768203,56.5209033663448],[-2.71658041168329,56.4949570177212],[-2.73453173171865,56.4641684046508],[-2.79466023444354,56.4804494094921],[-2.83969165405635,56.4736885711259],[-2.87017009025005,56.4624392483094],[-2.87076179970849,56.4625065209521],[-2.88991938186553,56.4683664945126],[-2.90921901602148,56.4668721840686],[-2.91510637529884,56.4675393633953],[-2.92293151607427,56.4658085057463],[-2.94229545520384,56.4643035919148],[-2.98491693394277,56.4520744888813],[-2.98805433790725,56.451378305846],[-3.02662579740232,56.4512220400326],[-3.03005091749099,56.4514154297493],[-3.02919535148939,56.4512111995638],[-3.03632642324,56.4511808292471],[-3.05193016844802,56.4583817912537],[-3.0520698872513,56.4583308314856],[-3.12580503309434,56.4313966116253],[-3.22230517049996,56.3722383428807],[-3.24404266717228,56.3686403530146],[-3.25405864264332,56.3689049023607],[-3.26350193806621,56.3658551568761],[-3.29621437705855,56.3552812055952],[-3.30133185176736,56.3536257194647],[-3.29616153139763,56.3537266641133],[-3.26280556085859,56.3543726324842],[-3.27641469885354,56.3509503756966],[-3.25145384644395,56.3545903948115],[-3.22631583130406,56.3550690221431],[-3.18717375960597,56.3666097304162],[-3.06351429797142,56.4029433182642],[-3.03964720138829,56.4156684920065],[-2.9899869589049,56.4207198187016],[-2.97439565907159,56.4276406914378],[-2.91998008095109,56.4517608891317],[-2.91852643673518,56.4517854814992],[-2.88074812649541,56.4512232265635],[-2.85507801398492,56.4386942696377],[-2.81738158141122,56.4449289304568],[-2.80313196693025,56.4395594199266],[-2.82427337060246,56.3800074817175],[-2.85071653925262,56.3693755270339],[-2.86384078547983,56.3640943269891],[-2.83369366186411,56.3535706084465],[-2.8207648006313,56.3670752625543],[-2.80072332149775,56.3510208756558],[-2.79907524660654,56.3460423814477],[-2.78687171690068,56.3399150706238],[-2.77824985804901,56.3329982461684],[-2.75176982534967,56.3309865487744],[-2.68585050626505,56.3228442935654],[-2.6806024448286,56.3183076126816],[-2.66072740882065,56.3184422402439],[-2.64808998890734,56.3077945689139],[-2.63039537361479,56.2928737566976],[-2.58636225766059,56.2794032975222],[-2.59492053633665,56.2706353099401],[-2.60285704055815,56.2635180103696],[-2.6164872489379,56.2604429333203],[-2.61943684239508,56.2603229055288],[-2.62125233034293,56.2593674260318],[-2.62951029953613,56.2575029760621],[-2.63723990277844,56.2509500764897],[-2.67481723642184,56.2311433847052],[-2.71372532593548,56.2147761409604],[-2.78160605057113,56.2008847236952],[-2.80100224702797,56.1900170706066],[-2.81226912049377,56.1837000474591],[-2.81355448837036,56.1837746403697],[-2.81893736188821,56.1896610825557],[-2.83377774344914,56.1849464420614],[-2.8691982935123,56.1869906787006],[-2.86774764572231,56.1895659883049],[-2.86589829245822,56.1928485090458],[-2.8930556317723,56.2069174545457],[-2.94334994805556,56.2134926006113],[-2.94340707863699,56.2134738591855],[-2.94355205314497,56.2134121580191],[-2.96870102378038,56.2033970792227],[-2.99630978556173,56.1923905445984],[-2.99695693177745,56.1890346277358],[-3.04121602261738,56.1687908014086],[-3.04620200445247,56.1676007706229],[-3.05420681889534,56.162841850468],[-3.05441095691054,56.1627483427097],[-3.05455132891679,56.1626369985627],[-3.10972752456274,56.1297878008955],[-3.13849116073834,56.119471783869],[-3.14938244008112,56.1179296975415],[-3.1506508957896,56.1151070521626],[-3.15075263881829,56.1150705223628],[-3.15165497167961,56.1128724268302],[-3.17414035712191,56.0627608487468],[-3.2189415300793,56.0634718343891],[-3.23435870499478,56.0546780238129],[-3.23852311430891,56.0548781011049],[-3.25096841845326,56.0609856333498],[-3.27639684447207,56.0566911622979],[-3.27697434341088,56.0567187170849],[-3.27732224165062,56.0565347606832],[-3.28612331633412,56.0550469086376],[-3.32214733936854,56.0337338291937],[-3.33944602353039,56.0391659011296],[-3.35191349910771,56.0299195616178],[-3.38310448973577,56.0259142009501],[-3.38353348494973,56.0248850382574],[-3.39022264465912,56.0245825221861],[-3.39136006606611,56.0060980908289],[-3.39391889324108,56.0070596380865],[-3.4128300491148,56.0165872296059],[-3.41807845810435,56.0161332244757],[-3.43845996379453,56.023780756327],[-3.44280262205961,56.0179090629271],[-3.45593937070992,56.0203695644646],[-3.46286988195906,56.0301269346213],[-3.50560121123068,56.0343333030442],[-3.52112551985832,56.0416675062859],[-3.54058634720342,56.0402213489616],[-3.54991090435811,56.0417887091926],[-3.57552385588928,56.0588638023761],[-3.60690963827095,56.0461076219961],[-3.6074334625193,56.0458945854498],[-3.61766122801076,56.0559661099482],[-3.6544024211858,56.0517376756481],[-3.65485138394815,56.0518237117463],[-3.65455340738858,56.0517202751518],[-3.68634544550075,56.048051830696],[-3.69173819956767,56.0499392042457],[-3.73991078764924,56.0765636254236],[-3.74507561128186,56.0724191522875],[-3.7333350318956,56.0636870513478],[-3.72339306454053,56.0252356004799],[-3.68697185394977,56.0368413770612],[-3.67680826993851,56.0089347628889],[-3.60580575810751,56.0195322852433],[-3.59654123850529,56.0209116314111],[-3.52336759323163,56.0035126224196],[-3.51248462661797,56.0009198824211],[-3.50980563419601,56.0006764422137],[-3.42622023639719,55.993049805937],[-3.39018789270375,55.9897433396336],[-3.38368588243989,55.9917582914968],[-3.38223317016584,55.9916199718935],[-3.37057814664626,55.9958186801854],[-3.35196759831423,56.0015799896202],[-3.32662695369336,55.9852593476949],[-3.28367109260123,55.9812095419146],[-3.26248382538918,55.9792063591551],[-3.23483826803091,55.9856940916082],[-3.22727444821879,55.9869797993069],[-3.2184194654877,55.980361723066],[-3.21824581701441,55.9805503683152],[-3.19805526390804,55.9805389463436],[-3.18233829292873,55.9913941417801],[-3.11626604185247,55.9568457160812],[-3.0987061238297,55.9522726545685],[-3.09625791727567,55.9508203357561],[-3.0922197240878,55.9505825169766],[-3.07768208961721,55.9467927213942],[-3.0769902832803,55.9468493003732],[-3.04956878168504,55.9490886889333],[-3.04649380905405,55.9527609507684],[-3.01390569857701,55.9528405514868],[-3.01194197071779,55.9525753219252],[-3.01123242533492,55.9528466972049],[-3.01009299960256,55.9528492995748],[-3.00367957874777,55.9557349148265],[-2.96442069701419,55.9707333347942],[-2.96288115880956,55.9708356641829],[-2.9209751451432,55.9736133816575],[-2.90088999599021,55.9811252610257],[-2.88592677820359,55.9953164307557],[-2.8905891366286,56.0097078163116],[-2.89075705689541,56.0102259042151],[-2.84252102699836,56.0148794351202],[-2.86410733775098,56.0231247073319],[-2.86578152851175,56.0363928803809],[-2.85390480548172,56.0391809280773],[-2.83835870406489,56.0412316536879],[-2.81312553290345,56.0633009685825],[-2.75467178796395,56.0618586178485],[-2.75241513247763,56.0610733810725],[-2.74071725762106,56.0615101904771],[-2.66143921204252,56.0594997947613],[-2.63764108792794,56.0538169595373],[-2.6204322342821,56.0479755427532],[-2.61391946814745,56.0330368794815],[-2.59651384142112,56.0278560031504],[-2.58366059333599,56.0210240285825],[-2.58968816416865,56.011512732324],[-2.59847466577014,55.9976390599436],[-2.52870510739953,56.0058433708614],[-2.51440745988273,56.0064397232179],[-2.49434030124465,56.0010690482496],[-2.46307843637232,55.9892066450757],[-2.45245477524926,55.9898436694444],[-2.44525552501326,55.9879121662578],[-2.4194767521463,55.970569648004],[-2.40810330313515,55.9713896221597],[-2.3997222449108,55.9667606172074],[-2.3934739841654,55.956477695388],[-2.36593862582102,55.94502857972],[-2.33043872523624,55.9302490835561],[-2.32166983442849,55.9294580994764],[-2.25915784131697,55.9238002651589],[-2.22370999678631,55.9330006675234],[-2.17516038888847,55.9162206754065],[-2.15467049545434,55.9169357477427],[-2.13919977045602,55.9171558000108],[-2.13566045993011,55.9078689104165],[-2.1323416334999,55.8920457151924],[-2.12897300124878,55.8903090557993],[-2.12667384377567,55.8842681327575],[-2.11236602599535,55.8817439181895],[-2.10259204280024,55.8767001144365],[-2.09099028308752,55.8752550787624],[-2.09086010847483,55.8737073924089],[-2.08632106228108,55.8746731725786],[-2.08131198441927,55.8740486913025],[-2.07330149297734,55.8565429087108],[-2.06978036898211,55.8426821990961],[-2.05917538868229,55.8332150884993],[-2.03453152082259,55.8111940956528],[-2.03440021569295,55.8110766862389],[-2.03458330465656,55.8110014887151],[-2.03489574519316,55.8108065995839],[-2.0364656310468,55.8100297831133],[-2.03689043887224,55.8098780646022],[-2.03766130572535,55.8096578490534],[-2.03887516038249,55.8091650213148],[-2.03908773648984,55.8090576505203],[-2.04102871579246,55.8080312417568],[-2.04149768260491,55.8077652513698],[-2.04173427384554,55.8078098221159],[-2.04221053482961,55.8075125094618],[-2.04188786375396,55.8073150436038],[-2.04185455366812,55.8072817397567],[-2.041978884288,55.807225239119],[-2.04366024188739,55.8064749158063],[-2.04386331773198,55.8063833715554],[-2.04406197686918,55.8062847376417],[-2.04483185117867,55.805822414619],[-2.04555253552174,55.8053559981316],[-2.04661783982482,55.8049065983829],[-2.04666359565818,55.8048819072964],[-2.04678265024241,55.8048751382285],[-2.04711670921518,55.8047361668932],[-2.04738538641856,55.8046065725144],[-2.04773182588889,55.8044045984853],[-2.04809002099706,55.804236397778],[-2.04876955266944,55.8039821601083],[-2.04965295796009,55.8036289753062],[-2.05033308184497,55.8034148106355],[-2.05106005331343,55.8031811306456],[-2.05172630323206,55.8029298276079],[-2.05282075500931,55.8025973631043],[-2.05292691422969,55.8026382985015],[-2.0551179914491,55.8028033091872],[-2.06051413261463,55.8026561184223],[-2.06235302001933,55.8026979954461],[-2.06328153518467,55.8024184149859],[-2.06335091272165,55.8023976867639],[-2.06491003030901,55.8018537136493],[-2.06505696656828,55.8017772105673],[-2.06521642477302,55.8016814746397],[-2.06662759390208,55.8006913117635],[-2.06717372774459,55.799061751031],[-2.06709675283139,55.7985137594479],[-2.07238675786607,55.7971121088659],[-2.07381004447682,55.7959795410024],[-2.07498148284477,55.7952551948481],[-2.07534744085237,55.7950769921438],[-2.07640425432398,55.7946807444897],[-2.0764743225704,55.7946217037882],[-2.07663744339426,55.7944763053039],[-2.07697416385277,55.7941170114039],[-2.07836388297742,55.7938716476384],[-2.07856672019426,55.7938347191637],[-2.08145054998632,55.7938379584581],[-2.0821250220345,55.7938461841199],[-2.08228367730531,55.7937939201491],[-2.08309983473903,55.7934010669345],[-2.08399012516495,55.7930320018664],[-2.08427714686235,55.7929538731335],[-2.08570188505766,55.7928936805926],[-2.08612305434173,55.793045244561],[-2.08678798105981,55.7917585824071],[-2.08781283268478,55.7909679324875],[-2.08798511899585,55.7908383555818],[-2.08807169514554,55.790713713367],[-2.08828191817525,55.7902057599203],[-2.08830709196935,55.7899619526783],[-2.08831510981118,55.7898335346408],[-2.088262356971,55.7896560358682],[-2.08826593662633,55.7885907420435],[-2.08854688692787,55.7866981843226],[-2.08852878925503,55.7866151178137],[-2.08832186120103,55.785730875812],[-2.0859053419032,55.7817887581143],[-2.08592079157605,55.78135283811],[-2.08627738279899,55.7794399805069],[-2.08650788157251,55.778756334369],[-2.08680546773275,55.7781602176921],[-2.08681846555267,55.777113254445],[-2.08662277132388,55.7760329676632],[-2.08658420154006,55.7758521525105],[-2.08656779483898,55.7757262917831],[-2.08653556773125,55.7752110944977],[-2.08654742444547,55.7750491526241],[-2.08712680826473,55.7737202466736],[-2.08746185504876,55.7725528822045],[-2.08749164242948,55.772405856051],[-2.08747410683837,55.7718663407408],[-2.08746575671813,55.7714518896617],[-2.08724922499962,55.7712608489819],[-2.08718097291578,55.7711997655333],[-2.08716054547115,55.7711383264211],[-2.0873952205101,55.770807065004],[-2.08685837636122,55.7699404671502],[-2.08650193597243,55.7692815883518],[-2.08633012299995,55.7690645604667],[-2.08620625618621,55.7689049647683],[-2.08609677228117,55.7687414539786],[-2.08573004638183,55.7680720784204],[-2.08571727518347,55.7680109068348],[-2.08571333584617,55.7679558694107],[-2.08577403824722,55.7673986397337],[-2.0857727048738,55.7673545900112],[-2.08554798006213,55.765851237861],[-2.08558594321838,55.765788514159],[-2.08566689787256,55.7656939131507],[-2.08594080624615,55.7655698428774],[-2.08611054076352,55.7655486163179],[-2.08606133385859,55.7647951852563],[-2.08600029162467,55.7645252633796],[-2.08577102010697,55.7642246389068],[-2.08570828361927,55.7637540176912],[-2.08564380959575,55.7621405259044],[-2.08563916018959,55.7620403321385],[-2.0861946385556,55.762150887014],[-2.09135155526277,55.7626300937416],[-2.0949733884193,55.7627640553507],[-2.09547142065688,55.762761206015],[-2.09677193009393,55.7626475117325],[-2.0986110549941,55.7624524171957],[-2.10004146054551,55.7622887413888],[-2.1011465288425,55.7621168015758],[-2.10171543116211,55.7620059587793],[-2.10265611662072,55.7617984650769],[-2.10551359463396,55.7607602527277],[-2.10677039973632,55.760273692218],[-2.10734580131693,55.7600801818416],[-2.10800772907769,55.7595396361174],[-2.10870665203548,55.7588167591836],[-2.10886070395973,55.7586832726967],[-2.10921982653054,55.7583649107652],[-2.10937491540903,55.7581995547365],[-2.10955252934212,55.7578951607556],[-2.10956999188983,55.7577942220901],[-2.10956962684733,55.7576764380916],[-2.10957402444863,55.7575922447433],[-2.10959530707987,55.7573722613272],[-2.10956870887932,55.7571855534644],[-2.10950969441926,55.7570021962714],[-2.10941646276619,55.7566749235908],[-2.10900018738391,55.755778425758],[-2.10891580169479,55.7554995397854],[-2.10887782565272,55.7553900642976],[-2.10809502083632,55.7544378133292],[-2.10737651414503,55.7534595532071],[-2.10648975785648,55.7520588467073],[-2.10624657802542,55.7517352127258],[-2.10600197102826,55.7512779059503],[-2.10595052696079,55.7506133411116],[-2.10595012988606,55.7505443734377],[-2.10596422046632,55.7499697287012],[-2.10600673233762,55.7497650755068],[-2.10608848946722,55.749488691597],[-2.10650734696083,55.7484500004404],[-2.10652531650445,55.7484186586044],[-2.10704260481323,55.7479892200153],[-2.10736804010484,55.7478477703841],[-2.11066338657857,55.7479006415162],[-2.11273522478128,55.748328845809],[-2.11410127821393,55.7482968922858],[-2.11441505314753,55.7482232698485],[-2.11542021921594,55.7477655564518],[-2.11591364066211,55.7473859587196],[-2.11692401570523,55.7463682366555],[-2.1182735571721,55.7443883607722],[-2.11875429944647,55.7430363888521],[-2.11884917334422,55.7429233830661],[-2.1191174626136,55.7426381663719],[-2.11917795268324,55.7425761414942],[-2.11929037564965,55.7421864963057],[-2.11918950418666,55.7416459994399],[-2.11908244763148,55.741540943593],[-2.11881959049779,55.7413865401627],[-2.11816009592028,55.7411818550068],[-2.11788185081077,55.7410747426751],[-2.11755914142897,55.74085846834],[-2.11734863292741,55.7401785430174],[-2.1172875774,55.7398804351181],[-2.11715968790114,55.7394544684993],[-2.117206372898,55.7391919137621],[-2.11724375828317,55.7391389157951],[-2.11747860038575,55.7388968447409],[-2.11758692379125,55.7388114362099],[-2.11763754936616,55.7387749578801],[-2.11813620023269,55.7384782710904],[-2.11845496910684,55.7383071699815],[-2.11898990984974,55.7381092637384],[-2.11948700275079,55.7379864502663],[-2.12059554700569,55.7377911091205],[-2.12166776242625,55.7376117019931],[-2.12215354134777,55.7374801366177],[-2.12299255843333,55.7373135756723],[-2.12565968143278,55.7372974920907],[-2.13350710222258,55.7399826921795],[-2.13442356613206,55.7401545993697],[-2.13475603425538,55.7402220608364],[-2.13792760156211,55.7404407982164],[-2.13897217142942,55.7404435759518],[-2.13993543297334,55.7403033240109],[-2.14099720036438,55.7401041183133],[-2.14172696069727,55.7399507218651],[-2.14257118477078,55.7397384341547],[-2.14428252728918,55.7392596642942],[-2.14534627696019,55.7388465479157],[-2.14571763622741,55.7386607580516],[-2.14587913676907,55.7385627434631],[-2.14696250359321,55.7378613228923],[-2.14766819295008,55.7373491160329],[-2.14952677579469,55.7356100664932],[-2.14971119343687,55.735269219816],[-2.14988964457673,55.7347924526772],[-2.14993959836087,55.7339019833112],[-2.14988218817419,55.7333230287253],[-2.14981445511412,55.7331116034945],[-2.14945181477522,55.7323500195214],[-2.14863287789477,55.730723647067],[-2.14806624259935,55.7294983348826],[-2.1478004816008,55.7277294459334],[-2.14776640211967,55.7275700211876],[-2.1477552690339,55.7274799001519],[-2.14777831145447,55.7269886128875],[-2.14779446112373,55.7269209180204],[-2.1482436792887,55.7260783283355],[-2.14881468884129,55.7251369746108],[-2.14912028803947,55.7246326139103],[-2.14997068222273,55.7236499925636],[-2.15016954133542,55.7234649447191],[-2.15051877364403,55.7231912426101],[-2.15063311029641,55.7231197986846],[-2.15135229280405,55.7227233105914],[-2.15182965463454,55.722480939206],[-2.15215001289716,55.7223878893262],[-2.15334681013864,55.7222183499594],[-2.1558518736281,55.7222049018232],[-2.15715802607864,55.7223776976243],[-2.15883363753463,55.7228401328881],[-2.16277727920808,55.7228348573449],[-2.16572694102631,55.7226450042405],[-2.16728334604898,55.7225015796453],[-2.16831591636906,55.7223362135682],[-2.16909081213722,55.7221901212109],[-2.169538624576,55.722085930699],[-2.17030104956268,55.7218377300191],[-2.17085006206247,55.7216596151865],[-2.17202467656054,55.7212689334699],[-2.17235209263311,55.7211545344405],[-2.17285282288909,55.7209783401367],[-2.17310689998254,55.7208754372341],[-2.17498612981488,55.7199190916617],[-2.1751091094368,55.7198450131682],[-2.17556864574114,55.7195255924728],[-2.17689450187816,55.7184835464623],[-2.17708584620985,55.71823662409],[-2.17700937867689,55.7163975478965],[-2.1769277446556,55.7161881427401],[-2.17669814031145,55.7158901671916],[-2.17635209087713,55.7153219262033],[-2.17608920838331,55.7148713949353],[-2.17565326364978,55.7142759992298],[-2.1749451412418,55.7134579161334],[-2.17250001216843,55.7108025329415],[-2.16932659126932,55.7091759186116],[-2.16863729451337,55.708728547575],[-2.16838723755229,55.7086266060397],[-2.1677482988882,55.7083822372648],[-2.16737524105178,55.7081725282643],[-2.16695985128942,55.7077713778811],[-2.16687532754961,55.7076393243069],[-2.16678514438273,55.7074379559837],[-2.16674637670965,55.7073353323491],[-2.16665146100523,55.707166496687],[-2.16660653462803,55.7068612207358],[-2.16717199050876,55.7061167537708],[-2.16724420578892,55.7060276130438],[-2.16745040522234,55.7059122883535],[-2.16842336574348,55.7055542964312],[-2.16934963392003,55.7052286354027],[-2.16998776651224,55.7050410552462],[-2.1704973754355,55.7049289265293],[-2.170964238118,55.7048425663624],[-2.17211540528983,55.7046389351108],[-2.17519913868108,55.7040434608446],[-2.17556631627698,55.7039674993411],[-2.17741206097495,55.7036403398479],[-2.17843147264681,55.703543123913],[-2.18006310150265,55.7033497670701],[-2.18115055591326,55.7030922781167],[-2.18158150626363,55.7029124873097],[-2.18221369216059,55.7025990088513],[-2.1835916444731,55.7018454603433],[-2.18363755298555,55.7018199043234],[-2.18526557803138,55.7007597188088],[-2.18691117033396,55.69899915149],[-2.18676112978175,55.6987738117934],[-2.1867126138924,55.698544371769],[-2.18684259234166,55.698362778774],[-2.18747529981011,55.6976713017755],[-2.18782218799568,55.6972301529981],[-2.18808847077006,55.6968484475951],[-2.18816054276305,55.6967691487727],[-2.19040897959571,55.6960866773751],[-2.19113075975827,55.696290290136],[-2.19176305031754,55.695922057469],[-2.19222096924823,55.6955205011119],[-2.19260298052674,55.6951143025069],[-2.19277689755045,55.6949135404382],[-2.19417512930408,55.6928159748285],[-2.19492500479521,55.6918503031564],[-2.19620559429678,55.690128092945],[-2.19623707167086,55.6901019343218],[-2.19671149919902,55.6896005567753],[-2.19729662974543,55.6888668542439],[-2.19746648750281,55.6886655869013],[-2.19970097171384,55.6874735204662],[-2.20113122638341,55.6871566651047],[-2.20288737880793,55.6869980293801],[-2.20408604845299,55.6867671551868],[-2.20810469441455,55.6837199610532],[-2.20828416933444,55.6832441196003],[-2.20833091047504,55.6831448851586],[-2.20839844466101,55.6820317817087],[-2.20859091715358,55.6812645110381],[-2.20869163274902,55.6810888917572],[-2.2087834700589,55.6809128471959],[-2.20889191351217,55.6806155798162],[-2.20922736817706,55.680441504495],[-2.20930228190308,55.6804120851287],[-2.21082163292959,55.6798862330843],[-2.21351466870649,55.6784825150651],[-2.21577474516295,55.677335703039],[-2.21735273922972,55.676712115115],[-2.21757313310337,55.6765998263105],[-2.2186595908019,55.6759067069948],[-2.2190005574199,55.675546249655],[-2.21927566862945,55.675106793591],[-2.2193935267556,55.6748279254021],[-2.21952776395919,55.674397460045],[-2.21971083205637,55.6733679302005],[-2.21934379217407,55.6717981875242],[-2.21905100833268,55.6712771726812],[-2.21866602579897,55.6707995618341],[-2.21797722736935,55.6696651540585],[-2.21742347471648,55.668096212527],[-2.21733897492814,55.6679026133329],[-2.21706373313733,55.667215035753],[-2.21704421993697,55.6670283396659],[-2.21705092219123,55.6667986247334],[-2.21746838875118,55.6654334930343],[-2.21758342316636,55.66518624711],[-2.21793455021906,55.6647160251836],[-2.2183361415087,55.6643650860404],[-2.21862973245621,55.6641569815894],[-2.2194696716182,55.6637934221441],[-2.21957226934346,55.6637676022477],[-2.22070227306081,55.663513891426],[-2.22089644147031,55.6634723334596],[-2.22443509560445,55.663272838971],[-2.22618569013569,55.6631930283978],[-2.23145619687899,55.6615422597058],[-2.23178616743293,55.6613178744579],[-2.2328023264852,55.6599562157155],[-2.23296593009223,55.6597630598792],[-2.23308246965814,55.6595914398526],[-2.23334141033411,55.6590904235299],[-2.23506037095183,55.6574796114753],[-2.23561442691026,55.657162806238],[-2.23957097550477,55.6551308452359],[-2.23972734397781,55.6550824732739],[-2.24029244916818,55.6549205165639],[-2.24105679866704,55.6547286965562],[-2.24122246202043,55.6546831625395],[-2.24144923078085,55.6546019797991],[-2.24567129498053,55.6530614653046],[-2.24429398098882,55.648534927336],[-2.24375483347662,55.6482577664425],[-2.24249430859671,55.6476851554576],[-2.24106621012641,55.6471887454368],[-2.24066448788043,55.6470717527895],[-2.2391686469107,55.6468903570634],[-2.23725203421766,55.6467292464079],[-2.23651519609106,55.6466141858796],[-2.23545930433251,55.6464214037864],[-2.2349605788305,55.6462686295588],[-2.23379457123451,55.6458096029378],[-2.23170939964971,55.6437470298148],[-2.23310060982015,55.6420886915276],[-2.24241903766162,55.6400381145582],[-2.24956233152904,55.6412825404904],[-2.24973227702198,55.6415159929235],[-2.24981590967829,55.641585212794],[-2.25144933629656,55.6432175663863],[-2.25208343680944,55.643466201158],[-2.25358539870061,55.6439404437372],[-2.25495978520868,55.6443367128118],[-2.25576421386536,55.644486458838],[-2.2571758392001,55.6446122395823],[-2.26639709483634,55.6436668225794],[-2.26664671425085,55.6436240957312],[-2.26974468404285,55.6430404219878],[-2.27136747904231,55.6428646711937],[-2.27848199577971,55.6427322999973],[-2.27887930049575,55.6427494591942],[-2.29076616224098,55.6441760574791],[-2.29162331525725,55.6445688851464],[-2.29276446612031,55.6452455535513],[-2.29432181658202,55.6458155312232],[-2.29516412228357,55.6460784521965],[-2.29730801036746,55.6467587505535],[-2.3032494271433,55.6472329301522],[-2.30380375937157,55.6472050686589],[-2.30653593463832,55.646945774909],[-2.31033713931392,55.6460620252546],[-2.31420007571281,55.6439181878471],[-2.31455279434124,55.6437114713363],[-2.31773564006978,55.6431233822581],[-2.32513080494548,55.6429426344466],[-2.32523896152349,55.6428575277305],[-2.32589508621784,55.6407197686748],[-2.3259603820852,55.6402875894684],[-2.32602182866274,55.6399234622116],[-2.32581579933825,55.6389596097404],[-2.32569103396362,55.6386487212271],[-2.32566895464224,55.6380828219114],[-2.32604062637385,55.6372734050513],[-2.32644450273547,55.6368189698308],[-2.32661035521806,55.636664506277],[-2.32670432391949,55.6365851550255],[-2.32681669688008,55.6365140712644],[-2.3270475582803,55.6363693658712],[-2.32714919494782,55.6362841597457],[-2.32726454851115,55.6361878265294],[-2.32932657896453,55.6356139774769],[-2.32986861737619,55.6355217684772],[-2.3326242379045,55.634741947805],[-2.33313839845046,55.6345738960529],[-2.33379993507756,55.6346022866063],[-2.33418018088789,55.6345733970126],[-2.33515274003015,55.6342640152901],[-2.33527038621625,55.633874212056],[-2.33532724384975,55.6337519239293],[-2.33535390435512,55.6336736414613],[-2.33531959850799,55.6336174648841],[-2.33516465257783,55.6335011041662],[-2.33511552254299,55.6332995999074],[-2.3351914407042,55.6331539451294],[-2.33593893802298,55.6325840671693],[-2.33598211398372,55.632433289349],[-2.33516930360441,55.6319229525748],[-2.33465032931634,55.6313773521864],[-2.33457669104912,55.6313229676015],[-2.33396632354166,55.6308628068384],[-2.33363094529087,55.6306317464112],[-2.3327024682234,55.6300583598998],[-2.33207116103192,55.6297384267255],[-2.33186470857747,55.6297317827845],[-2.33156060894567,55.6297435797883],[-2.33102051045597,55.6295679762585],[-2.33028492668239,55.6293974413734],[-2.3302235131074,55.6293657231219],[-2.32971199250816,55.62903446787],[-2.32962734042749,55.628928612467],[-2.32935132081451,55.6284966496394],[-2.32926772591977,55.6284024053547],[-2.32851011942744,55.6278017620238],[-2.32800921186552,55.6273500782622],[-2.32686438707544,55.6269554133884],[-2.32508849256761,55.6264483155428],[-2.32448275105708,55.6262235380988],[-2.32303276529404,55.6261498711444],[-2.32177904046165,55.6261573376647],[-2.32160730924202,55.6262034215927],[-2.32139349979918,55.6263041600572],[-2.3211322283864,55.6264097577646],[-2.32096929708977,55.6266182099337],[-2.32095730564258,55.6266473739088],[-2.32082640495521,55.6267353903483],[-2.32066733223225,55.6268966869087],[-2.32050438983765,55.6271237970174],[-2.32042424993186,55.6272061534134],[-2.32038702667338,55.6272400493191],[-2.31940812745317,55.6278648067043],[-2.31865377781432,55.6280495742647],[-2.31745111701158,55.6281759473572],[-2.31507472831225,55.6278891806071],[-2.314731706203,55.6279107854087],[-2.31362874720094,55.6280555220821],[-2.31342636401234,55.6281012967953],[-2.31236442883118,55.6283970131099],[-2.3120702305831,55.6284979145896],[-2.30875404408072,55.6267268154826],[-2.30879764076644,55.6260501963848],[-2.30895938789204,55.6243690368747],[-2.30893411434479,55.6227912848882],[-2.31156912846055,55.6217476902489],[-2.31211427793826,55.6215865678997],[-2.31249020771317,55.6214739862493],[-2.31454045355026,55.6209083559475],[-2.3146430492288,55.6208823390777],[-2.31517320736498,55.6194823706581],[-2.31361220187852,55.6178519743044],[-2.31356655610496,55.6178025477409],[-2.31122408603398,55.6152455194545],[-2.31011618670149,55.6140902842004],[-2.30980071245029,55.6137609376218],[-2.307693542922,55.6114998806978],[-2.30728628679041,55.6111039242299],[-2.30634177874869,55.6118200512298],[-2.30630879011486,55.6118455357645],[-2.30594934625437,55.6120839468342],[-2.30580934446549,55.6120480006772],[-2.3026353103226,55.6110265408074],[-2.29826837876091,55.6096704745516],[-2.29800889872216,55.6095873639138],[-2.29597872234013,55.608892483621],[-2.29528002996364,55.608667624728],[-2.295513598845,55.6083935860468],[-2.29336625582722,55.6045519088375],[-2.29208236855142,55.6045532763619],[-2.29171499827962,55.6044210076958],[-2.29097527740349,55.6042377074407],[-2.29068458845361,55.6041552793275],[-2.28984421488691,55.6039256462884],[-2.28958952855705,55.6038584869354],[-2.28923236499216,55.6037737119033],[-2.28954962998572,55.6034841820388],[-2.29028073516093,55.6028941223256],[-2.29032053292566,55.6028384808399],[-2.29029976488072,55.6028046757458],[-2.28853334143212,55.601591387167],[-2.28834308703945,55.6014461486666],[-2.28815973072042,55.6013345556744],[-2.2878097241777,55.6011171403236],[-2.28775306063657,55.6009068848073],[-2.28793655356266,55.6005980728508],[-2.28820391954069,55.6002916223198],[-2.28843713308589,55.600097993013],[-2.28841610813928,55.5994525735652],[-2.28869446700899,55.5990748960718],[-2.28894701012832,55.5983533752462],[-2.28851043632758,55.5979800183775],[-2.28840494380679,55.5980262833774],[-2.28795432174741,55.5980067089067],[-2.28593561810501,55.5965438974188],[-2.28604050196103,55.5964891593456],[-2.28788741440253,55.595282478513],[-2.28812007479493,55.5951965463798],[-2.2884939845772,55.5950238780638],[-2.28860715130315,55.5949418680332],[-2.28847441718841,55.5941307120641],[-2.28839869114548,55.5939552509614],[-2.28817702836427,55.5935333995353],[-2.28801217978549,55.5931745816737],[-2.28787465250231,55.592783090389],[-2.28805707842107,55.59241924188],[-2.28805252787814,55.5919763779241],[-2.28819844992901,55.5913487003452],[-2.28844436522871,55.5912093920766],[-2.28949562199806,55.5905173109309],[-2.28981213589075,55.5901859122204],[-2.29044255176003,55.5894647004425],[-2.29057103641106,55.5892102641586],[-2.29098965195275,55.588264719908],[-2.29100261809282,55.5881406207568],[-2.29150553040311,55.5871547797448],[-2.29191759266149,55.5867051680909],[-2.29221555207576,55.5862130424916],[-2.29234218132075,55.5859857772011],[-2.292382678898,55.5858411376144],[-2.29196274741405,55.5851181574673],[-2.2916581341564,55.58461406268],[-2.2908648897416,55.5833051994577],[-2.2906542300442,55.5829599999043],[-2.28885147721374,55.5803513281579],[-2.28545638326517,55.5777360342188],[-2.28382562213184,55.5775949068302],[-2.28207708057313,55.5774567604811],[-2.28014773039284,55.5773199929463],[-2.27875914347321,55.5766832890072],[-2.2765576523129,55.5757176620599],[-2.27610358721027,55.5754557275356],[-2.27550404794286,55.5750803782582],[-2.27521752196149,55.5747171559509],[-2.27493256237817,55.574358315132],[-2.27402318123074,55.573544718349],[-2.2738069937072,55.5732912641178],[-2.27320128990811,55.5726183294623],[-2.27284133867498,55.5723318211156],[-2.27255659759362,55.5721534423782],[-2.27218919557528,55.5718492963144],[-2.27192620761053,55.5716151602907],[-2.27180618536802,55.5715178695943],[-2.27081187488999,55.5706956981456],[-2.27041787696103,55.5703930557392],[-2.27016105712061,55.5701852209006],[-2.26988614882394,55.5700288478117],[-2.26750699216496,55.5687548920298],[-2.26703994010623,55.5684586178245],[-2.26665938752307,55.5682396430517],[-2.26497430575345,55.5671518678518],[-2.26449641597144,55.5668697474146],[-2.26393239364666,55.5666228827444],[-2.26292741155672,55.5662930163493],[-2.26207415268526,55.566036725223],[-2.26156282629065,55.5658745214395],[-2.26112229534702,55.5657656977433],[-2.26086610562271,55.565626082966],[-2.26042078930103,55.5653672413952],[-2.26020887085862,55.5652513662375],[-2.25985199857778,55.5650792668128],[-2.25977228454768,55.5650320423814],[-2.25960331271231,55.5645086045903],[-2.25980881210285,55.5639421035542],[-2.25986709281383,55.5636928076513],[-2.25828709452256,55.5628997908232],[-2.25752086620242,55.5625743667442],[-2.25747351045709,55.5625575102596],[-2.25641209686834,55.5621979157534],[-2.25634906809481,55.5621778731321],[-2.2554954420672,55.5619283845921],[-2.2551604312771,55.5618526087084],[-2.25385923441307,55.5616424064312],[-2.25317867313504,55.5614448181509],[-2.25298894737752,55.5613265026167],[-2.25192231847627,55.5604626068599],[-2.25138935960988,55.5601201090942],[-2.25113411667169,55.5599060059154],[-2.25116825760253,55.5598580571579],[-2.24973869569876,55.5584233672406],[-2.24965704349251,55.5583642086577],[-2.24938445034084,55.5581472170438],[-2.248676409455,55.5575079284298],[-2.2469642923217,55.556638216419],[-2.24691281690268,55.5566387712696],[-2.24451066102513,55.5567922344734],[-2.24191567537495,55.5561591880258],[-2.24151610157996,55.5560452531475],[-2.24030650589475,55.5556271665709],[-2.2402899505185,55.5553716354833],[-2.24044745873269,55.5544612329015],[-2.23946973966487,55.5516539034997],[-2.23927050136392,55.551574133782],[-2.2383015887948,55.5507904691436],[-2.23812805905234,55.5506319826004],[-2.23691966950841,55.5495789906544],[-2.23603716948236,55.5489149828351],[-2.23517284907816,55.5483347714072],[-2.23512057706893,55.5482444416066],[-2.23477511460704,55.5476668231583],[-2.23415025255628,55.5466620324533],[-2.23263485618391,55.545269964762],[-2.23237331099168,55.545004830482],[-2.23227376976915,55.5441531720129],[-2.23234180599941,55.5439297595181],[-2.23252721283395,55.5435562313394],[-2.23259526591402,55.5435054172053],[-2.23277602430231,55.5434014845954],[-2.23312870423312,55.5432044419523],[-2.23311678310444,55.5424615183134],[-2.23303824041487,55.5422166310228],[-2.23294615963384,55.5418999530049],[-2.23314599620829,55.5415579425882],[-2.23329877344526,55.5414705000268],[-2.23348593315775,55.5413525972937],[-2.23376312140692,55.5399827026845],[-2.23370405359339,55.5392482471728],[-2.23353215121593,55.5354559643704],[-2.23345297459186,55.5340556664646],[-2.23344185789086,55.5336522608534],[-2.23341712776496,55.5331018237413],[-2.23368758071796,55.5330752945309],[-2.23364399892668,55.5323997608641],[-2.23363683483967,55.532358875381],[-2.23341155777783,55.5308979404908],[-2.23331250256012,55.5302197519566],[-2.23321717976457,55.5296132730302],[-2.23285903519335,55.5295369860545],[-2.22800707335441,55.5284953104422],[-2.22760235016469,55.5284081274337],[-2.2275140071977,55.5282567711705],[-2.2259567358719,55.5255017426514],[-2.22576675777122,55.5251397483489],[-2.22518031018824,55.5240823552564],[-2.22454217531601,55.5231361067966],[-2.22445155230719,55.5225643710294],[-2.2245500723323,55.5224482802578],[-2.22486983399493,55.5221265153722],[-2.22528258028836,55.5210956194119],[-2.22583180264544,55.5206432164277],[-2.22638883361701,55.5199592673557],[-2.22657589670995,55.5196226973455],[-2.22663018438642,55.5195039884141],[-2.22672857512711,55.5190162315258],[-2.2267491555666,55.5188548905034],[-2.22677422368649,55.518160230457],[-2.22757732437581,55.5152034642767],[-2.22765952630613,55.5149636555212],[-2.22771276757362,55.5147392402416],[-2.22764589583893,55.5144461135324],[-2.22763218721963,55.513989011028],[-2.22776332000973,55.5136889268803],[-2.22805437686647,55.5131410373017],[-2.22827161417748,55.5123410233208],[-2.22827894307618,55.5122251994247],[-2.22886279209048,55.5102542730708],[-2.22844937927865,55.5088235519431],[-2.22722704978395,55.50752648854],[-2.22443817550879,55.5067712283451],[-2.22365913278549,55.5066386080699],[-2.22155404564351,55.5064384790608],[-2.2205012765615,55.5062986321329],[-2.22025143087646,55.5062041125946],[-2.21926850160534,55.5055547434854],[-2.21865117464468,55.5048546481769],[-2.21765650116578,55.5036849413935],[-2.21665169186424,55.5026221436868],[-2.21569917509829,55.5019194076021],[-2.21546144542171,55.501734171037],[-2.21426672897347,55.5008399075681],[-2.21373505976571,55.5005225640041],[-2.21132012819385,55.4986537418043],[-2.20991460332237,55.4969219697694],[-2.20876060754583,55.4957272651293],[-2.20873418177444,55.4956824970579],[-2.20874939534971,55.4950214474427],[-2.20607227031134,55.4927346931745],[-2.2058526615473,55.4923588223684],[-2.20563124357203,55.4920136631983],[-2.20521808345506,55.491429982239],[-2.20474418632276,55.4910480744132],[-2.20445445094449,55.4908331953625],[-2.20368833932205,55.4903142222718],[-2.20349478966474,55.4901823296418],[-2.20286948125626,55.4897362267136],[-2.20254757532011,55.4893385764567],[-2.20250838726305,55.4892516691633],[-2.2033832607232,55.4864379541729],[-2.20376564774637,55.4858741882238],[-2.20471610308092,55.4845039605147],[-2.20506214827087,55.4840608400875],[-2.20565538046869,55.4834000096287],[-2.20602013407671,55.482952002389],[-2.20611616711548,55.4827735171736],[-2.20625911490274,55.482356395191],[-2.20630393857998,55.4821814088581],[-2.20508925074988,55.4799103138647],[-2.20503886361562,55.4798767410585],[-2.20406204637875,55.4792666357438],[-2.20362102103682,55.4788630122507],[-2.20346047315331,55.4786926144336],[-2.20314319429106,55.4782260374529],[-2.20280541611967,55.4775789579898],[-2.20165300780778,55.4755915274726],[-2.20123111969007,55.4751995302334],[-2.20096436996999,55.4750166112183],[-2.1987474463373,55.475112474654],[-2.1967159285398,55.4752828386197],[-2.19526678633834,55.4752675185132],[-2.19469211941478,55.4751056693613],[-2.19030863264884,55.4740834951518],[-2.18882313232694,55.4738845340721],[-2.18745099587056,55.4737177526733],[-2.18630062753172,55.4735492889892],[-2.18474250327629,55.4733952629281],[-2.18279550803071,55.473252495331],[-2.17817219898033,55.4726215065978],[-2.17808878955296,55.4726082732531],[-2.17703379006703,55.4724820965636],[-2.17442323802686,55.4723230958685],[-2.17363177232745,55.4722138353209],[-2.17310387427513,55.4719007838983],[-2.17176614038257,55.4710583159043],[-2.17122303322788,55.4707145063906],[-2.17028044739795,55.4701528274014],[-2.16870483027796,55.469206191298],[-2.16826986781083,55.4690432196561],[-2.16699119531731,55.468886218831],[-2.166202163029,55.4686964293509],[-2.1655213018321,55.4683819276345],[-2.16775268120888,55.4672834228384],[-2.16838062130113,55.4671758521866],[-2.16946232206237,55.4669975862666],[-2.17050874341072,55.4668190940606],[-2.17131801636627,55.4666623836718],[-2.17228275465224,55.4665007152994],[-2.17306364216319,55.4663672102661],[-2.17401588959249,55.4661834418692],[-2.17468727929579,55.4660410565581],[-2.17654854802229,55.4656169164328],[-2.17796188367036,55.4653873875001],[-2.17996103930863,55.4650396891374],[-2.1812371550667,55.4647889301567],[-2.18243516190137,55.4644793240912],[-2.18262064594339,55.4644235981804],[-2.18300604523752,55.4643421440637],[-2.18397865161149,55.4641651691362],[-2.18461511358088,55.4639768584067],[-2.18542337167935,55.4635037667889],[-2.18635949830042,55.4630525087095],[-2.18780743719367,55.4622547116609],[-2.18824372290528,55.4620053767487],[-2.18905499187602,55.4614756726264],[-2.18969984391728,55.4610959577289],[-2.18974896215637,55.4610225139488],[-2.18916489901813,55.4586931062099],[-2.18868565332666,55.457033913563],[-2.1884928512103,55.456285788864],[-2.18887766448462,55.455759308895],[-2.18906349320606,55.4555229400122],[-2.18958574801162,55.4549101890879],[-2.19223438477895,55.4525820514765],[-2.19271171824226,55.4512626105667],[-2.19289035204864,55.4506319027337],[-2.19339033303238,55.4500209474349],[-2.19350060134834,55.4495289727079],[-2.19335624376153,55.4484161643529],[-2.1933347926939,55.4477495383954],[-2.19338011854931,55.4470192411678],[-2.1936066078767,55.4465533643835],[-2.1941894939631,55.4453127648107],[-2.19443233107223,55.4450211306913],[-2.1948035406986,55.4446343560142],[-2.19494274348914,55.4445252801254],[-2.19568473620226,55.4440181150765],[-2.19620360677333,55.4436194408631],[-2.197633125528,55.4426145309091],[-2.19801362354255,55.4423592086376],[-2.19981305265568,55.4415179747602],[-2.20092011685384,55.4410195148643],[-2.20138975920233,55.4408336049674],[-2.20149372031491,55.4407925615405],[-2.20187841480492,55.4405891622301],[-2.20211547705981,55.4403437260567],[-2.20243327830501,55.4399937288495],[-2.20307889536264,55.439267530833],[-2.20368379181376,55.4386661095506],[-2.20444382120817,55.4382219662665],[-2.20497045529663,55.4380364098904],[-2.20532343799527,55.4379046891913],[-2.20550477493263,55.4376567531069],[-2.20553653580189,55.4376254079246],[-2.20938412471688,55.4364847052882],[-2.21320352983414,55.4353804987371],[-2.21362877685704,55.4352624205428],[-2.21588789086803,55.4346478129968],[-2.2168697599555,55.4343294813546],[-2.2201996741638,55.4333977924279],[-2.22029792494586,55.4333721343486],[-2.22096639181267,55.4331949182851],[-2.22134368360866,55.4330512957235],[-2.22308207570694,55.4322346681084],[-2.22330097542486,55.4314951425373],[-2.22403055633376,55.4311742637314],[-2.22430357582395,55.4311135045019],[-2.2251947675859,55.4309383315367],[-2.22762645404515,55.4304697673779],[-2.22932711051631,55.4304825971644],[-2.2300699078313,55.4304110805884],[-2.23102895042288,55.4287946028238],[-2.23360219645476,55.4291555936094],[-2.23386344890127,55.4292632989863],[-2.23472097809083,55.4297226662181],[-2.23515713342174,55.4298928228976],[-2.23554777449552,55.4301314288242],[-2.23593573707941,55.4304492506795],[-2.23649470558212,55.4308835519406],[-2.23738512134339,55.4311186918883],[-2.23769599548142,55.4311819109938],[-2.23896380666341,55.4314168833177],[-2.23988467066115,55.4315976322162],[-2.24012309192104,55.4316606854987],[-2.24098058794158,55.4318698701006],[-2.24196885500618,55.4320224726785],[-2.25181519947857,55.4320120066558],[-2.25433276579897,55.4320016728491],[-2.25571538239401,55.4321630593024],[-2.25899349168049,55.432295920653],[-2.25944274491393,55.4324544296948],[-2.25976943912579,55.4326232272283],[-2.25998691345942,55.4327383337464],[-2.26061129081085,55.4329339926127],[-2.26065773575153,55.4328499110938],[-2.26111142217939,55.4319027858761],[-2.26112508116299,55.4313787344024],[-2.26116153576222,55.4310069051642],[-2.26130404676838,55.4306933929464],[-2.26132574749827,55.4306402937574],[-2.26141745248541,55.4302221753962],[-2.26146264962359,55.4299338012193],[-2.26203590927727,55.4295018386779],[-2.26225376890198,55.4289077771493],[-2.26360351122975,55.4286416270693],[-2.26485825146879,55.428880091556],[-2.26508515967147,55.4289475672951],[-2.26584008288971,55.4291959385458],[-2.26799863800607,55.4299464886786],[-2.26870403574741,55.4299442010328],[-2.26976052024077,55.4297582682448],[-2.27001208210009,55.4297140613272],[-2.27112749871184,55.4292480671215],[-2.27198992891249,55.4284975903],[-2.27233217479736,55.4280670869301],[-2.27393041036353,55.4259858483538],[-2.2783993068779,55.4262820421062],[-2.27899101286637,55.4261216642829],[-2.28044957220711,55.4255930820122],[-2.28067737030806,55.4254702048169],[-2.28159912393423,55.4250185224329],[-2.28183806257494,55.4248598991441],[-2.28298824586295,55.4236320464355],[-2.28361177391778,55.4230270715988],[-2.28423293662565,55.4227718119169],[-2.29005982477191,55.4214504764946],[-2.29387547924832,55.4206094476495],[-2.2945134241711,55.4204651396223],[-2.29429561762909,55.4179477536124],[-2.29441614150659,55.417802420495],[-2.29488991216328,55.4171713964963],[-2.29532238566622,55.4160113415178],[-2.2954275501612,55.4155780139954],[-2.29546668787539,55.4154435351734],[-2.29556920658768,55.4152368475435],[-2.29566566909908,55.4151258186573],[-2.2958796906919,55.4149631107998],[-2.2961752835725,55.4147582049067],[-2.29620757921562,55.4147335297528],[-2.29649578882485,55.4146478900338],[-2.29917949091414,55.4141002269807],[-2.30010802782344,55.413824930281],[-2.30178535659253,55.4136606560435],[-2.30187045457387,55.4136306733429],[-2.30218327730584,55.413492022357],[-2.30244462859388,55.4133486538818],[-2.30372449655449,55.4129011928896],[-2.30409994582857,55.4127787681248],[-2.30565695978861,55.4118533484052],[-2.30638937149386,55.4113848803859],[-2.30652349158134,55.4113233635872],[-2.30693381230111,55.4111912918647],[-2.30776166586623,55.4110068651964],[-2.3097803486226,55.4103322647298],[-2.31059539966393,55.410086375124],[-2.31222248873361,55.4098933542495],[-2.31254495997493,55.4098552139871],[-2.3126271061912,55.4095513891141],[-2.31325355799692,55.4067893521918],[-2.31370761538942,55.4069011017345],[-2.31445302058073,55.4070736157697],[-2.31544741593896,55.4072460991286],[-2.31775727311126,55.4073577936173],[-2.31905135993365,55.4074760832667],[-2.32153767069295,55.4078472452452],[-2.32201940146977,55.4076857364147],[-2.32410676915962,55.4076834738521],[-2.32505887371302,55.4078257406756],[-2.32730567052703,55.4079626556036],[-2.32786849341163,55.4080683150241],[-2.32846242913715,55.4082450597127],[-2.32903523502276,55.4084895220351],[-2.3299331700668,55.4090224574053],[-2.33051899755463,55.4094309107808],[-2.33066793087876,55.4095989160144],[-2.33322777865602,55.4092199944309],[-2.33562913510757,55.4082080490901],[-2.33352341299004,55.4050636782975],[-2.33314158631943,55.4032952190757],[-2.33375650649588,55.402245109989],[-2.33385823535243,55.4021924572658],[-2.33576046127915,55.401978098567],[-2.33658304207117,55.4017953486526],[-2.33730577033065,55.4013778427527],[-2.33762453599936,55.4012125489004],[-2.33875215777189,55.4011902419132],[-2.34048535266782,55.4011506746862],[-2.34078921089667,55.4010113346282],[-2.34145286822559,55.4006706135202],[-2.34211290868481,55.4003824372499],[-2.34272355490479,55.4004004320716],[-2.34302701826553,55.4003984132663],[-2.34446182061104,55.3996104800434],[-2.34477692679491,55.3994176224885],[-2.34494681201711,55.3993134184368],[-2.34472336884615,55.3990251245863],[-2.34411286197097,55.3982059442395],[-2.34378623060278,55.3978172806862],[-2.34233656400815,55.3966677134262],[-2.34173817243181,55.3962205535076],[-2.34085168542483,55.3956603986681],[-2.33834857046737,55.3944287022958],[-2.33620275719017,55.3930304043666],[-2.33554659576259,55.3925948575087],[-2.33553555062229,55.3924415956646],[-2.33558759790235,55.3921058782203],[-2.33513412445656,55.3909511327868],[-2.33503687587939,55.3906614796593],[-2.33502183926351,55.3906028173513],[-2.33495342153956,55.3902729707993],[-2.33495018372213,55.3898547853116],[-2.33500754841237,55.3895210109752],[-2.33507401721583,55.3885863387614],[-2.33563277165406,55.3876571851201],[-2.33584242008687,55.3866247006657],[-2.33580046954377,55.3859983905814],[-2.33553756321323,55.3858452326797],[-2.33496020087217,55.3856409541648],[-2.33485244595221,55.3846789180843],[-2.33479595086728,55.3835071326486],[-2.3347738371919,55.3832842661003],[-2.33474244431244,55.3831590052107],[-2.33422044658401,55.3827796806829],[-2.33332341957787,55.3823352148824],[-2.33280804787109,55.3820754259312],[-2.33173786516645,55.3816568685035],[-2.33117419793937,55.3814197097275],[-2.33077046519667,55.3812777293003],[-2.33002052841187,55.381241552817],[-2.33051835160235,55.3805199423944],[-2.33122965366611,55.3803185398469],[-2.33195735071299,55.3801424018046],[-2.33241253507406,55.3799713160807],[-2.33485936415214,55.3786394183522],[-2.33539882108317,55.378415093244],[-2.33606400876942,55.3781297149444],[-2.33614684715632,55.3780886809634],[-2.33639941420413,55.3779451664972],[-2.33647552478104,55.3779010094769],[-2.33682824031979,55.3772594677439],[-2.33691482682819,55.3770587057294],[-2.33809002464887,55.3763727979198],[-2.33861838354866,55.3761450048936],[-2.34061644013333,55.3753841559318],[-2.34163629642052,55.3750127865787],[-2.3422564041316,55.3747422534405],[-2.34306052181079,55.3743433242153],[-2.34368617063115,55.3741008757419],[-2.34451300388871,55.3737801956541],[-2.345481444774,55.3733562059048],[-2.3460948082458,55.3731132787171],[-2.345568013857,55.3726383992148],[-2.34433010804437,55.3718271789274],[-2.34395527267692,55.3714100231374],[-2.3437478109291,55.3711076913641],[-2.34305776356593,55.3705727532549],[-2.34263205288192,55.3703490240828],[-2.34232009117392,55.3702007674396],[-2.34212586299081,55.370115257733],[-2.34133186940677,55.3697226107191],[-2.34106450560114,55.3695467475572],[-2.34037711972356,55.3692652040545],[-2.33974494226201,55.3690949908621],[-2.3393972542648,55.3689925620555],[-2.33930907525113,55.3689723627237],[-2.33925047465944,55.3689363807798],[-2.33904090174735,55.3688455255329],[-2.33897331240242,55.3688277010959],[-2.33884074980169,55.368659208251],[-2.33865139299766,55.368500596086],[-2.33860254992212,55.3682684816788],[-2.33844440902909,55.3680695833486],[-2.33842075913991,55.3680457287481],[-2.33846868723557,55.3679314848821],[-2.33841788941085,55.3677765690209],[-2.33806451491244,55.3675879823368],[-2.33789188507181,55.367467129802],[-2.33755269656726,55.3672913991406],[-2.3374990573658,55.3672435929886],[-2.33777735054242,55.3671561535333],[-2.3378262951072,55.3671732701189],[-2.33890358890776,55.367147409089],[-2.33901621974922,55.3670404485996],[-2.33906730796158,55.3669925677594],[-2.33954222043033,55.3668180558324],[-2.33976330297287,55.366681745429],[-2.33986401310839,55.366444750937],[-2.33990625256004,55.3662986785479],[-2.34010154511444,55.3660903322061],[-2.3404662684167,55.3660212568541],[-2.34053113437517,55.3659833267213],[-2.34088514006538,55.3656614019852],[-2.34110173831256,55.3655358070497],[-2.3418786948113,55.3654464748843],[-2.34199684754639,55.3652839873122],[-2.34257252240097,55.3652243754768],[-2.342573030301,55.3650995192076],[-2.34330499438851,55.3650709369284],[-2.34375023461099,55.3649529004416],[-2.34432403858135,55.3647679456754],[-2.34495459849813,55.364585608866],[-2.34652234287215,55.3645811305683],[-2.3472775137253,55.3645785418896],[-2.34793557470186,55.3644203266699],[-2.34828327436132,55.3642970590483],[-2.34876455745251,55.3641235023184],[-2.34933197061501,55.3639235556623],[-2.34949126935405,55.363824371226],[-2.34959541188663,55.3636591446838],[-2.35006978561284,55.3636782495014],[-2.35050297941977,55.3634996150671],[-2.35083368886927,55.3633217922176],[-2.35196265465449,55.3630611960099],[-2.35226589230457,55.3629984821053],[-2.35300221857682,55.3628430478027],[-2.35381144090593,55.3626775290648],[-2.35461767906484,55.3625145736615],[-2.35495878214319,55.3624323245548],[-2.3554017153756,55.3622016978071],[-2.35582923474962,55.3617434944125],[-2.35589272741848,55.3616776522249],[-2.35631791523471,55.3614165349247],[-2.35811906471026,55.3601228430362],[-2.35862770823123,55.3598972722436],[-2.3594199600153,55.3596686301764],[-2.36096623175497,55.3592346093866],[-2.3617664118664,55.3590834539787],[-2.36330346267423,55.3588936185251],[-2.3653465709105,55.3577304478124],[-2.36594010213813,55.3574191409478],[-2.36692259231482,55.3571276857644],[-2.36723738669056,55.3570099180373],[-2.36942406585288,55.3559826014902],[-2.3697533321587,55.3557819831865],[-2.37001779408079,55.3556533551274],[-2.37059586779961,55.3554489333918],[-2.37180537823778,55.3552368426599],[-2.37275499371216,55.3550780479705],[-2.37279819443723,55.3550693357697],[-2.37327122998177,55.3548241121304],[-2.37371899070681,55.3546055307679],[-2.37438360987465,55.354160901549],[-2.37487538040099,55.3538427978742],[-2.37656908616857,55.3522396901282],[-2.3773756158385,55.351625662874],[-2.37749367048059,55.3515516171909],[-2.37769635456973,55.3514053316268],[-2.37772346609692,55.3513832151421],[-2.37815101664045,55.3509748786326],[-2.37896109609642,55.3505332730537],[-2.37891180838013,55.349169450587],[-2.38261048313206,55.3487720303591],[-2.38338613083301,55.348571688871],[-2.38381178226659,55.348475528538],[-2.38440470578894,55.3483610883603],[-2.38736518145905,55.348140138446],[-2.38950008139495,55.3480009500702],[-2.39116389867107,55.3478173491889],[-2.39349963393689,55.3474832538488],[-2.39467892474353,55.3476851550273],[-2.39590424512568,55.34782295395],[-2.39965530836395,55.3482703680111],[-2.39980648735266,55.3483348427807],[-2.39995805930985,55.3484269809979],[-2.4000845805545,55.3485243956845],[-2.40019294118229,55.3487767260972],[-2.40011794612633,55.3489740911286],[-2.40021649848474,55.3521405620347],[-2.40085610571644,55.3534870353616],[-2.40162741317923,55.3539110585932],[-2.40178575853191,55.3540536971977],[-2.40234619938473,55.3545028434744],[-2.40300003081645,55.354818148115],[-2.40720133158688,55.356813175302],[-2.41532164213721,55.3588945385155],[-2.41912603775309,55.3589793004811],[-2.4198828729398,55.3590336444761],[-2.42135907945739,55.358708078537],[-2.42464897534603,55.3585357589766],[-2.42554277581979,55.3583763386953],[-2.42622735300164,55.3581893337849],[-2.42829252743001,55.3572284284475],[-2.42858016586364,55.3570571901561],[-2.42903269475415,55.3566559393475],[-2.43371344156402,55.357532756342],[-2.43550536430921,55.3579767670651],[-2.43698033822237,55.3584123157136],[-2.43923905364614,55.3594379541102],[-2.43956554380724,55.3594302607791],[-2.43983084691305,55.3593239479306],[-2.44491792100028,55.3590884502615],[-2.44517570637462,55.3589637958667],[-2.45156326295653,55.3565585046887],[-2.45216277110697,55.3563905566507],[-2.45291588699115,55.3562559866058],[-2.4537072565645,55.3561078984585],[-2.45395298282887,55.3560404088737],[-2.45501413471255,55.3556372704044],[-2.45551662628747,55.3554406667786],[-2.45613621280401,55.3552836332696],[-2.45686365921329,55.3549842987914],[-2.45705013196628,55.3546362553507],[-2.45729430589087,55.3545054594114],[-2.4576733015671,55.3543534577569],[-2.45917904776776,55.353838712089],[-2.46133255118568,55.3532516017779],[-2.46169045840762,55.3533771165993],[-2.46229175423914,55.3535143425471],[-2.46692142969269,55.3528967767418],[-2.47122009922221,55.3537707816607],[-2.47343929372992,55.3547349273108],[-2.47405144450851,55.3547568116144],[-2.47523108115987,55.3547630973238],[-2.47611029288509,55.3546080811888],[-2.47715983035048,55.3544056364148],[-2.47744475367712,55.3543390286356],[-2.47751482576309,55.3543245234862],[-2.47864987218362,55.3541102550836],[-2.48033932674052,55.3538436983359],[-2.48091787346511,55.3537585718],[-2.48210729505457,55.3534595809175],[-2.48337829015767,55.3531464239318],[-2.48394510789909,55.3530307253492],[-2.48497977499358,55.3528102896791],[-2.48542329389585,55.3526945199016],[-2.4861677022206,55.3524735571092],[-2.48663611972975,55.3523447185623],[-2.48834335988414,55.3518715584175],[-2.48892177498824,55.3515954042803],[-2.48996148394924,55.3509888591575],[-2.49091431088674,55.3504309771982],[-2.49100934524483,55.3503650547495],[-2.49151579743056,55.3499031402907],[-2.4922097313216,55.3492756157436],[-2.49240222240443,55.3491368432988],[-2.49359706226947,55.3484262690907],[-2.49490764970769,55.3475675419226],[-2.49517152626011,55.3473515778963],[-2.49559427616769,55.3469457340915],[-2.49790478786252,55.3439199626426],[-2.49860161449407,55.3426002602251],[-2.50028360836583,55.3411529759367],[-2.50089151483897,55.3408421347234],[-2.50154032746493,55.3405329941504],[-2.50214450234551,55.338745034241],[-2.50207682226036,55.3383235120909],[-2.5020603922917,55.3382329286898],[-2.50206311925859,55.3380118729009],[-2.50209765352767,55.3378374207639],[-2.50208079721641,55.3377896521981],[-2.50194246386103,55.3375731946427],[-2.50189037382033,55.3373976500768],[-2.5019573049692,55.3372366610206],[-2.50222655150877,55.3369853688976],[-2.50281468766341,55.3365829716085],[-2.50378481611261,55.3357816363477],[-2.50444413327853,55.3352927879762],[-2.5045891442549,55.3352118461631],[-2.50543673251347,55.3348085286582],[-2.50641004082083,55.3342743052282],[-2.50709802030485,55.333771645995],[-2.50733985796369,55.3335264915396],[-2.5075508493755,55.3333015980167],[-2.50789633157642,55.3329187807065],[-2.50860843498767,55.332130790159],[-2.50984670811702,55.3313092281953],[-2.51216217104244,55.330181840473],[-2.51232597006974,55.3301213677334],[-2.51365116965242,55.3296651150858],[-2.51371228120676,55.3296253765588],[-2.51381778142174,55.3295326727458],[-2.51444086798452,55.3289594257893],[-2.51486579286363,55.3285561287357],[-2.51644163944519,55.3266680647716],[-2.51729900985627,55.3253631268226],[-2.5176163873624,55.3248286848649],[-2.5203860296919,55.3229981738062],[-2.52072033111771,55.3228633246749],[-2.52102538737994,55.3227558441573],[-2.52184018722174,55.3224947269397],[-2.52224534935418,55.3223876106221],[-2.52302351856155,55.322240257672],[-2.52710497241454,55.3221733674378],[-2.52825721295028,55.3224146514336],[-2.52904348179656,55.3225099376414],[-2.52997481136655,55.3226078150017],[-2.53236329189357,55.3222730376015],[-2.53532350312459,55.321365283478],[-2.53616121299039,55.3210872763594],[-2.53680144131224,55.3209119547214],[-2.53802024851514,55.3206823925404],[-2.5428342680955,55.3196435560647],[-2.54389932364374,55.3187088693055],[-2.54429992172072,55.3182634207864],[-2.55042519096258,55.3157855360227],[-2.553943999893,55.3165900743951],[-2.55447153986041,55.3166963541243],[-2.55592575067496,55.3170480477363],[-2.5580876254416,55.317680125607],[-2.55837141319988,55.317794870027],[-2.55917330634797,55.31769886313],[-2.55932531127027,55.3175050665483],[-2.55934758445099,55.3174625804939],[-2.55941706324432,55.3172695284821],[-2.55942677385668,55.3171998964987],[-2.55931259925045,55.3168804575363],[-2.55922907566283,55.3167362737254],[-2.55918448409586,55.3166299123333],[-2.55919140134309,55.3164942209544],[-2.55921206050357,55.3164556412474],[-2.55928261089433,55.3163074386408],[-2.55932170741543,55.3158411020346],[-2.55920327019012,55.3152602798263],[-2.55919565447707,55.3151937203893],[-2.55916373435149,55.3151016970208],[-2.5591329590808,55.3150465710949],[-2.55903850663592,55.3149500626403],[-2.55895469831252,55.3147426993438],[-2.55888904224229,55.3146617426577],[-2.55848647800174,55.3145653886273],[-2.5582782101946,55.3143831207904],[-2.55817381876777,55.3142350725943],[-2.55787806382532,55.3139337950501],[-2.55776573299446,55.313828983598],[-2.55765596971933,55.313721280379],[-2.55741561171667,55.3134904988866],[-2.55724202911833,55.3131966744829],[-2.55720671432367,55.3130466109113],[-2.55711665578367,55.3126793544458],[-2.55695383134887,55.3125531115999],[-2.55691716985695,55.3125123415463],[-2.55702883924311,55.3121222491686],[-2.55710453936996,55.311977229438],[-2.55726712631346,55.3118856709897],[-2.55730241647104,55.3118266459846],[-2.55710133015578,55.3117154835691],[-2.55706770259509,55.3116682317624],[-2.55721393088792,55.3114834542896],[-2.55726513607748,55.3114373491531],[-2.55815912957719,55.3107041971605],[-2.55846276507288,55.3104258583441],[-2.55892403545104,55.3103063869152],[-2.55924177427198,55.3101456599803],[-2.55935745761486,55.3099661767151],[-2.55994160504824,55.3095252755994],[-2.55997454785919,55.3094657834079],[-2.55998959315554,55.3094124764409],[-2.55998931010951,55.3093585092471],[-2.56000767555176,55.3088716778769],[-2.56002886984943,55.3088240064171],[-2.56008276886843,55.308761156212],[-2.56012321143931,55.3087309752683],[-2.56046993152126,55.3085887665162],[-2.5618189762853,55.308062305249],[-2.56242166993788,55.307921555155],[-2.56308911563071,55.3077356401284],[-2.56335000522789,55.3076045982641],[-2.56377173508527,55.3073396286578],[-2.56387289477793,55.3072650251797],[-2.56429289412923,55.3069301506093],[-2.56509252440882,55.3060812332067],[-2.56521385417092,55.3059337387374],[-2.56533388764003,55.3056576241344],[-2.56571208479013,55.3045563325845],[-2.56604799567205,55.3038453165481],[-2.56835625514573,55.3025920751255],[-2.57007016689579,55.3017185636309],[-2.57034613959261,55.3015787980679],[-2.57062860956022,55.3014570602354],[-2.57110806993695,55.3012983995485],[-2.57332952257115,55.3008153868689],[-2.57358026483061,55.2992006656923],[-2.5733606187957,55.2968863336561],[-2.5734266881245,55.2968677416702],[-2.57372018710375,55.2967488614584],[-2.57409354110802,55.2965359163472],[-2.57471472017446,55.2963455420643],[-2.57489184352065,55.2962640388166],[-2.5749384868222,55.2962493735418],[-2.57498660042482,55.2962365191493],[-2.57580815591826,55.2960737124667],[-2.57605700376436,55.2958554359495],[-2.57658155752677,55.2954605635987],[-2.57695407197779,55.2952755432543],[-2.577162917556,55.2951174750658],[-2.57736382548368,55.29491772299],[-2.5776382715966,55.2947887658347],[-2.57822559384847,55.2946250247965],[-2.57834378641117,55.294567797631],[-2.57906613678298,55.2943048329699],[-2.5794785743568,55.294165930932],[-2.5801796965921,55.2940313246726],[-2.58026349367575,55.294022159753],[-2.58055370169817,55.2940335224331],[-2.58066923914829,55.2940097489918],[-2.58083036958349,55.2939365081811],[-2.58099073643766,55.2938637515308],[-2.58181335286857,55.2937198187533],[-2.58275080386489,55.2935253612022],[-2.58313466557088,55.2934266203396],[-2.58347163415507,55.2932107936471],[-2.58411056450304,55.2930552537181],[-2.58421676193226,55.29302815552],[-2.5853157460784,55.2927126154554],[-2.58578230791273,55.2926000205434],[-2.58875479065797,55.2918980282691],[-2.59058033530247,55.2912871049409],[-2.59099408557471,55.2911253963688],[-2.59203219630262,55.2907232720525],[-2.5926563341187,55.2904806639425],[-2.59399663781801,55.2899434861908],[-2.59513703202966,55.2891444315861],[-2.59598992914996,55.2885742707246],[-2.5971067966832,55.2879187151652],[-2.59783489475244,55.2874926489987],[-2.59870958857464,55.287016684418],[-2.60040560552899,55.2863309639515],[-2.60110203483701,55.2860754239754],[-2.60168588040529,55.2858346740272],[-2.60353909461574,55.2855594525404],[-2.6041134434825,55.2855959641514],[-2.60490888849309,55.2854405470644],[-2.60519598422362,55.2853744310666],[-2.605338463232,55.2852916936608],[-2.60558631572137,55.2851508807813],[-2.60644308449243,55.2847329679099],[-2.60666389442271,55.2846562977706],[-2.60716888388893,55.2842368832051],[-2.60720082124867,55.2842184758703],[-2.60728750227656,55.284177008042],[-2.60811132276347,55.2837340357012],[-2.6083912779929,55.2835636023968],[-2.60889268035182,55.2834392842836],[-2.60954750231009,55.2829567375481],[-2.61012833905975,55.2822807190224],[-2.61045754503134,55.2818725063882],[-2.61051564074477,55.2816582834996],[-2.61094791151324,55.2810978457801],[-2.61099003593921,55.2809585609602],[-2.61106931034433,55.2808743773],[-2.61111495376159,55.2808451316369],[-2.61144698661803,55.2806105929995],[-2.61164057464124,55.2804876031308],[-2.61183703867069,55.2803106367254],[-2.61193284611409,55.2801939324787],[-2.61196390361275,55.2801458012949],[-2.61202058780514,55.2799775311002],[-2.61208602355955,55.2799016157431],[-2.6121977229823,55.2798110253025],[-2.61270409730714,55.2795688545924],[-2.61298750048171,55.2794547648942],[-2.61334938537127,55.2792840169756],[-2.61351702439561,55.2788557820764],[-2.61354949227218,55.278774764152],[-2.61387711967367,55.2783127604561],[-2.61432801082094,55.2781836523645],[-2.61498286980788,55.2779104941557],[-2.61507413270117,55.2778750944699],[-2.6154812608657,55.2777255621616],[-2.61605728362434,55.2774729519112],[-2.61687440926415,55.277185728804],[-2.61698455371089,55.2771510580155],[-2.61710862682271,55.2770073604919],[-2.61712303751425,55.2768074170207],[-2.61724505037127,55.2763372134],[-2.61729303192538,55.2762756601691],[-2.61745069274848,55.2761076751942],[-2.61752567258494,55.2759900671522],[-2.61780456987866,55.275741077887],[-2.61821717511529,55.2754244857122],[-2.61832215790293,55.2753289031518],[-2.61834048944939,55.275235940507],[-2.61836735804883,55.2750894741241],[-2.6187011930504,55.2748075292162],[-2.61905522333846,55.2746435982133],[-2.61913860570007,55.2746043993889],[-2.61954217861188,55.2743913253213],[-2.62004871382593,55.2739783099132],[-2.62029022268443,55.2737637509931],[-2.62150437841902,55.2732905695494],[-2.62217034887206,55.2730658529611],[-2.62227903624089,55.2725810390668],[-2.62265283645853,55.2722427671172],[-2.62281914398001,55.2721172520924],[-2.6231721551305,55.2720045084279],[-2.62331947131038,55.2718310899279],[-2.62327811658628,55.2715817503282],[-2.6232561967828,55.2713112153241],[-2.62321710255336,55.270576540382],[-2.62319316381314,55.2703423409906],[-2.62365045084794,55.2695419132718],[-2.62375905157818,55.2695081778159],[-2.6246735462222,55.2692092292025],[-2.62526286282115,55.2689530454924],[-2.6269880131628,55.2683383356469],[-2.62819068459937,55.2679326008198],[-2.62760474245608,55.2669956582798],[-2.62742049416559,55.2666492444808],[-2.62717372603245,55.2662056937337],[-2.62710060304194,55.2660912930612],[-2.62649766857142,55.2649577514482],[-2.62655286101837,55.2642622606468],[-2.62680911140361,55.2634682078398],[-2.62681733392896,55.262862742219],[-2.62759033547478,55.2620820380243],[-2.63155468071792,55.2615715461986],[-2.63316880853492,55.2614748161413],[-2.633380397562,55.2613739412904],[-2.63455660367881,55.2613204798632],[-2.63925901510239,55.261073200853],[-2.63984859057359,55.2609130483637],[-2.64047031672178,55.2607581831449],[-2.64071176971704,55.2607174285761],[-2.64097256187627,55.2609856173027],[-2.64131554233639,55.2609197552502],[-2.64217135235168,55.2607428697825],[-2.6467711919345,55.260043845796],[-2.64685285001745,55.2598777524773],[-2.64440318161723,55.2582510492178],[-2.64406022423608,55.2580937704529],[-2.64292691872351,55.2575965769875],[-2.64154058831288,55.2569397826839],[-2.64019201842126,55.2563856235167],[-2.63912352837899,55.2561470085013],[-2.63860200239601,55.2560234681907],[-2.63824561737777,55.255941008799],[-2.63793487330849,55.2558307876795],[-2.63728763072456,55.2555796344244],[-2.63611860250396,55.2551192557388],[-2.63412713112894,55.2542227386347],[-2.63238614614416,55.2533627362269],[-2.63214676630359,55.2531763198577],[-2.63209042314065,55.2531375447098],[-2.63095719357019,55.2523475794343],[-2.63012161559024,55.2518150114198],[-2.6297508255124,55.2514918503433],[-2.62959220416598,55.2513749376073],[-2.6291970022481,55.2511710781604],[-2.6287726974552,55.2510029686926],[-2.62785343571999,55.2506601017845],[-2.62726497445041,55.2504375317136],[-2.62462027955702,55.2496363663591],[-2.62419849450196,55.2495229539794],[-2.62277342352447,55.2494107278025],[-2.62212464184688,55.249250858688],[-2.62051865742542,55.2490963550164],[-2.61982131374251,55.2489097503727],[-2.61918358791999,55.2487773791188],[-2.61840319205184,55.2485518772531],[-2.61508703786383,55.2482235655764],[-2.61418375277734,55.2480231040458],[-2.61217851095904,55.247709042732],[-2.61170530079542,55.2475792715623],[-2.61150799696232,55.2473408663545],[-2.61148155052858,55.2472924453786],[-2.6118248363557,55.2470112561981],[-2.61209476182744,55.2468599830556],[-2.61338492188683,55.2463572388854],[-2.61414375264552,55.2459686560091],[-2.61432819940866,55.2458538299739],[-2.6150578646044,55.2456751103622],[-2.61525899898227,55.2457568832741],[-2.61533936584417,55.2458107348353],[-2.6154972471875,55.2460087543022],[-2.61605320944972,55.2464571834801],[-2.61610264339512,55.2464685400265],[-2.61633074573468,55.246449806853],[-2.61644652520001,55.2464988249641],[-2.61693819448747,55.2469172619383],[-2.61731852855565,55.2469237037693],[-2.61769592011018,55.2468711209818],[-2.61765244187255,55.2469219596606],[-2.61758340637664,55.2470200534209],[-2.61762739788336,55.2471236539138],[-2.61788069481724,55.2472100674271],[-2.61820182576669,55.2472249421911],[-2.6188737302957,55.2472260191818],[-2.62034699817827,55.2471903272653],[-2.62092184451031,55.2469244469276],[-2.62099947364908,55.2468511598377],[-2.62160880184269,55.2465377332553],[-2.62172371025264,55.2464661921887],[-2.62195257786075,55.2462557381919],[-2.62249423072558,55.2461554206332],[-2.62403988189784,55.2463915087916],[-2.62411241739599,55.2464044575168],[-2.62418725955317,55.2463933606725],[-2.6242898797939,55.2463661572498],[-2.62440519274814,55.2462806241083],[-2.62447791945258,55.2462005171122],[-2.62454649804921,55.2460750524451],[-2.62460062115813,55.2460365465556],[-2.62573111092165,55.2460058079331],[-2.62584152769014,55.2458985220764],[-2.62614081389512,55.2456671328162],[-2.62630170616372,55.2456460723727],[-2.626822493717,55.2456131651774],[-2.62718583271121,55.2455905760795],[-2.627595317245,55.2454260963241],[-2.62796925912206,55.245335507833],[-2.62909216629201,55.2451290934433],[-2.62945200443734,55.2449584565002],[-2.63015464112094,55.2448628013222],[-2.63020148857026,55.244820880826],[-2.63025498607352,55.2447508386726],[-2.63029576986961,55.2446623817507],[-2.63028780037467,55.2445894114544],[-2.63024108676142,55.244501074135],[-2.63012475465764,55.2443477274863],[-2.63006697057801,55.2440979739369],[-2.63023069704161,55.2439548532138],[-2.63043817830513,55.2436598184457],[-2.63048793642742,55.2435191823549],[-2.63062448103558,55.243365502043],[-2.63081270508165,55.2433019751456],[-2.63088184148473,55.2432247340759],[-2.63089676671763,55.2431943204202],[-2.63088215719301,55.2430950907878],[-2.63086554267342,55.2430624221401],[-2.63083135891612,55.2429983675724],[-2.63088924749311,55.242780653862],[-2.63091150895841,55.2427091914191],[-2.63095673861008,55.2425959119066],[-2.63097990129094,55.2424566379312],[-2.63094506626729,55.2423826204738],[-2.63090661515136,55.2422890045453],[-2.6311137521843,55.242129477106],[-2.63129000246754,55.2419663737126],[-2.63130449311019,55.2418934938868],[-2.63129800993699,55.2418032395977],[-2.63123416558056,55.2416369512129],[-2.63109242206454,55.2412895815428],[-2.63108426914518,55.2411408221776],[-2.63109121398725,55.2410808357417],[-2.6311841344591,55.2406633387775],[-2.63119908825912,55.2405981646477],[-2.63147239495905,55.2399650789202],[-2.63188248162294,55.2398867590986],[-2.6319915377411,55.2399684719732],[-2.63207770804073,55.2400326612689],[-2.63211652454791,55.2400533173617],[-2.6322040928343,55.2400778255516],[-2.63233031905472,55.2400567849016],[-2.63295318961703,55.2398773844025],[-2.63297347607966,55.2398474503437],[-2.63294016969913,55.2396363864428],[-2.63287339394837,55.2396058590605],[-2.63223298339093,55.2393656982088],[-2.63181014980411,55.239108718689],[-2.63160346461865,55.2387788534554],[-2.63159171259511,55.2384017963828],[-2.63160463476279,55.238372941247],[-2.63163538426057,55.238164143988],[-2.63186762936713,55.2377013832743],[-2.63239766829015,55.2374103263864],[-2.63254313106519,55.2372433710305],[-2.63255024107775,55.2372040755187],[-2.63252544585267,55.2371474291798],[-2.6324694392239,55.23710465631],[-2.63219816383617,55.2369629697206],[-2.63217130795891,55.2369101071822],[-2.63216054112632,55.2368631288131],[-2.63217159873353,55.2367074647979],[-2.63229251073954,55.2365678149121],[-2.6323368744997,55.2365368090109],[-2.63242607473125,55.2364870596091],[-2.63301101593006,55.236270361445],[-2.63334218787251,55.236038720129],[-2.63348340188745,55.2357484698751],[-2.63355756872392,55.2355314139952],[-2.63354596070127,55.235347117036],[-2.63328774098735,55.234956890421],[-2.63329697184003,55.234801560123],[-2.63327181512709,55.2346749270272],[-2.63323578263132,55.2344210493145],[-2.63324174537614,55.2343604872894],[-2.63367256889491,55.2336013948708],[-2.63367365100505,55.2335517644043],[-2.63372145929614,55.2332341964296],[-2.63375237971367,55.2330746593193],[-2.633769525144,55.2329715356276],[-2.63403490647485,55.2324485772744],[-2.63405390798402,55.2323637491455],[-2.63432629958355,55.2319337150285],[-2.63440823662889,55.2318742530219],[-2.63464861251164,55.2318530959505],[-2.63467763300385,55.2316914504559],[-2.63464891201324,55.231630742596],[-2.63452075564721,55.2314552821615],[-2.63402916998406,55.2313593723553],[-2.6348804375137,55.23048653352],[-2.63492831076909,55.2303921205832],[-2.63521220544685,55.2301286202522],[-2.63528501294035,55.2300302358124],[-2.63541621878961,55.2298625619815],[-2.63580559307755,55.2297659161695],[-2.63564143214984,55.2292449515408],[-2.63530036670265,55.22855987412],[-2.6352790495221,55.2285122284319],[-2.63530039151538,55.228344182453],[-2.63485111243771,55.2272946724074],[-2.6350343019495,55.2262890291233],[-2.63500129453094,55.2262018934706],[-2.63493450510202,55.2261341411568],[-2.63481425313998,55.225972644376],[-2.63465698517739,55.2254649334096],[-2.63449513085395,55.2253607728988],[-2.63411623410909,55.225129189602],[-2.6338633025196,55.2232750853515],[-2.63814766504085,55.2227869578869],[-2.63920987183204,55.222602444259],[-2.6394827210298,55.2224907183869],[-2.63974121991429,55.2223457723934],[-2.6398484527682,55.2222621768583],[-2.64016528167694,55.2218912288926],[-2.64022359439817,55.2218155781871],[-2.64031530851854,55.2216950837643],[-2.64046685475479,55.2215693597424],[-2.64095688950436,55.2212948394506],[-2.64118362812499,55.2211908813892],[-2.64168879360398,55.221024978179],[-2.64254841753279,55.2210018412024],[-2.64387401553705,55.2208945205021],[-2.64638129889618,55.2202198081338],[-2.64718812397873,55.2200920241319],[-2.64780438558004,55.2199085259518],[-2.65191943220199,55.219891654034],[-2.66002302435948,55.2198960244417],[-2.66177139997202,55.2203666045725],[-2.66585830638223,55.2213540330095],[-2.66756052438567,55.2208885252926],[-2.66863340924827,55.2199071327804],[-2.66904703605669,55.2194035412528],[-2.6697809315691,55.2183500361736],[-2.67061082313824,55.2171299597627],[-2.67081839660259,55.2168490049702],[-2.67126281422716,55.216376588011],[-2.6719926449582,55.215566182492],[-2.67265454758588,55.2147954528419],[-2.67288195008879,55.2145270676873],[-2.67408831840399,55.2129918708942],[-2.67415397100883,55.2129073638699],[-2.67549870873057,55.2112743427638],[-2.68094138265832,55.2047943531922],[-2.68146404167957,55.2041385761825],[-2.68209146272927,55.2033753029296],[-2.68313184867717,55.2021518419384],[-2.68329701197744,55.2017600113413],[-2.68327437664972,55.2017370782955],[-2.68313656957698,55.2015646864344],[-2.68285231497758,55.2011528151474],[-2.68280350063084,55.2010269625404],[-2.68281855582904,55.2009781766189],[-2.68287636503915,55.2006859433969],[-2.68276646930268,55.2004372803667],[-2.68273612999157,55.2004060576355],[-2.68265913272767,55.2003287382243],[-2.68263481339139,55.2002749861241],[-2.68262312315899,55.2002291743291],[-2.68262001906048,55.2001976067218],[-2.68264681171887,55.2001103514805],[-2.6826805463433,55.2000632851037],[-2.68271244641942,55.2000268999035],[-2.68278897256101,55.1999728884071],[-2.68270481949635,55.1998873743165],[-2.68269690908154,55.1998241048619],[-2.68267103532768,55.1997245713633],[-2.68251475717046,55.1996370088371],[-2.68220702065112,55.1994471433848],[-2.6821275602119,55.1993208689607],[-2.68184976232137,55.1991536128347],[-2.68161755327483,55.1990699551508],[-2.68149144899667,55.1989288015197],[-2.68148773617771,55.1988976829934],[-2.68134703282303,55.1987289841997],[-2.68126069117271,55.1985932530484],[-2.68131711013839,55.1985308316074],[-2.68131708608576,55.1984825003805],[-2.68131212305868,55.1984421889393],[-2.68144787474115,55.1982942522569],[-2.68148541099217,55.1982449723485],[-2.68151837692076,55.1980338903576],[-2.68159915898993,55.1979904988343],[-2.68160841133174,55.197955782574],[-2.68158457001036,55.1978609587278],[-2.68169240995861,55.1977592528223],[-2.68171098005906,55.1976447468815],[-2.68196604751149,55.1972028703495],[-2.68210255397832,55.1970409338044],[-2.68229243595785,55.196839623409],[-2.68238379378639,55.1968023122873],[-2.68262669947779,55.1967123604007],[-2.68288380630579,55.1965190124156],[-2.68300076646863,55.1964467706186],[-2.68303502505243,55.1964195953451],[-2.68347519373396,55.1962517709531],[-2.68365480589584,55.1961941685227],[-2.68374903301254,55.1962157392367],[-2.68380758861135,55.1962060032035],[-2.68382001089046,55.1961791128775],[-2.68380993111581,55.1961271807261],[-2.68370457929312,55.1960707877834],[-2.68368761023869,55.1960173289055],[-2.68377961875982,55.1957765170835],[-2.68412145945485,55.1958499374666],[-2.68421532221664,55.1958517567577],[-2.68426801433731,55.1958400836812],[-2.68437576430632,55.1957647129903],[-2.68446038000062,55.195733986273],[-2.68465720031666,55.1956473353725],[-2.68467713891236,55.1955370563248],[-2.68467828348176,55.1955081804501],[-2.68496638329901,55.1954894456117],[-2.68512675921271,55.1955098094097],[-2.68519587388323,55.1953677468876],[-2.6853401424655,55.1952770275076],[-2.68542658934899,55.1952486665553],[-2.68557461422155,55.1950179394467],[-2.68562129426992,55.1949879563639],[-2.68559708839321,55.1949503547951],[-2.68557874443136,55.1947922956268],[-2.68567210154,55.1946903179194],[-2.68571709689827,55.1946625126087],[-2.68590853564786,55.1944355961311],[-2.68581237424627,55.1943742334833],[-2.68580548011488,55.1943300097476],[-2.68582235543219,55.1942933424776],[-2.68594607938119,55.1940506959713],[-2.68624494598612,55.1940462390963],[-2.68622390405403,55.1939539352722],[-2.68619225274159,55.1939266692579],[-2.68615386825822,55.1939032934684],[-2.68600795108709,55.1937939048933],[-2.6859676781352,55.1937531319184],[-2.68605580504028,55.1937156240365],[-2.68538686807697,55.1932888764515],[-2.68507669941599,55.1931182226898],[-2.68484998960062,55.1930122999912],[-2.68478125826714,55.1929513394769],[-2.68477777793562,55.1927658062551],[-2.68491033449379,55.1926918501186],[-2.68548922856874,55.1926202333042],[-2.68561141554822,55.1925346250149],[-2.68557089023953,55.1924308737444],[-2.68552252545723,55.1923761378065],[-2.68549455011784,55.1922545981167],[-2.68555845745499,55.1921523296301],[-2.6856675357273,55.1920766419372],[-2.68568957406686,55.1920397452258],[-2.68569770225531,55.1920100059994],[-2.68567993035534,55.1919312624658],[-2.68556655939536,55.1918107011568],[-2.68556962211735,55.1916928202731],[-2.68557964646016,55.191649016209],[-2.68568571316163,55.1916071212787],[-2.68575283063255,55.1915806103271],[-2.68575743000164,55.1915255952379],[-2.68585293990624,55.1913193976225],[-2.68595413163895,55.1911355872193],[-2.68628903475116,55.1911579501171],[-2.68628578018813,55.1910600286371],[-2.68614920335576,55.1907903205647],[-2.68644616952767,55.1906134136195],[-2.68681345525104,55.1905141390053],[-2.68686867604445,55.1904675010438],[-2.68687714589004,55.190198035421],[-2.68742541655158,55.1900312372403],[-2.68734109045209,55.1898337916806],[-2.68732433623597,55.1897080222109],[-2.68771402236453,55.1895499045245],[-2.68815983395759,55.1893798451317],[-2.68899553055478,55.1891622443822],[-2.68903555688615,55.1890244182278],[-2.6891401141445,55.1889678473709],[-2.68956751141327,55.1889297680189],[-2.68979023464989,55.1889842099938],[-2.68999854662065,55.1887232212293],[-2.69001025373793,55.1886643313345],[-2.68999196198659,55.1885597384361],[-2.68996153261539,55.1885052980305],[-2.68991587091532,55.1884257424902],[-2.68993144519497,55.1883513315589],[-2.69004107564438,55.188272594046],[-2.69040053495792,55.1881258498566],[-2.69059546016914,55.1880021106676],[-2.69085209990077,55.1878202633743],[-2.69088485860014,55.1877945500351],[-2.6913913190584,55.1872148810716],[-2.69146751923122,55.1871250113188],[-2.69178681649681,55.1868567388356],[-2.6919775734049,55.1866393755626],[-2.69204874782165,55.1865317056401],[-2.69250851904332,55.1864121162582],[-2.69273095038022,55.1862685018189],[-2.69283703138611,55.1861433518551],[-2.69288467139351,55.1859799363587],[-2.69285660775054,55.1859031995669],[-2.69284726091056,55.1858576439855],[-2.69288297572958,55.1858166486653],[-2.69317728315847,55.1857585250174],[-2.69337251850796,55.1855940295403],[-2.69339288944827,55.1855422222004],[-2.69349532465651,55.1853407827749],[-2.69381858683002,55.1844660463025],[-2.69419246924239,55.1842339173664],[-2.69446026334532,55.1838720042825],[-2.6952955533188,55.1828758751283],[-2.69537273621868,55.182789214224],[-2.69549494841293,55.182704378284],[-2.69574874972628,55.1826081557896],[-2.69607502724467,55.1824761621136],[-2.69630114661738,55.1822917186667],[-2.69636943819762,55.182153305061],[-2.69644183619562,55.1819524399414],[-2.69647102653638,55.1817579448968],[-2.6964601050223,55.1816027676473],[-2.6965837897854,55.1811996365761],[-2.69696879385321,55.1810469395065],[-2.69755687596045,55.1808264747419],[-2.69764310231733,55.1806427263001],[-2.69751943798553,55.1803420857003],[-2.69757611692565,55.1801126766106],[-2.69788665501923,55.1797201073538],[-2.69791694335681,55.1796868363451],[-2.69858189963602,55.1791768828156],[-2.69906382135145,55.1785017381803],[-2.69928602852689,55.178278518544],[-2.69944056190749,55.1781847216797],[-2.69983856389038,55.1774642373998],[-2.69969813972162,55.1770498172832],[-2.69991549427396,55.1767816130318],[-2.70005378968209,55.1766749138761],[-2.70026861023403,55.1765595389452],[-2.70046611836024,55.1764696515407],[-2.70071066045143,55.1760869811954],[-2.70073571837831,55.1759434794695],[-2.7008550721387,55.1758276892845],[-2.70089147338564,55.1758040549444],[-2.70107966146689,55.1756117995209],[-2.70099495241258,55.1755553503154],[-2.70113564615821,55.1753153213236],[-2.70166056611191,55.1751436203927],[-2.70289321042347,55.1742345161612],[-2.70294655305532,55.1741606609071],[-2.70303920894048,55.1740015093409],[-2.70358439160817,55.173131624725],[-2.7037252122312,55.1730939405174],[-2.70417574210121,55.1730783638287],[-2.70512432178568,55.1724940877586],[-2.70535142215846,55.1723574749446],[-2.70575778555501,55.1722517894458],[-2.70595466772499,55.1722914553325],[-2.70616912835755,55.172382299884],[-2.7062124911833,55.1723986341175],[-2.70649049726894,55.1724248160655],[-2.7066866488362,55.1724290456943],[-2.70695819784822,55.1724089138153],[-2.7070096271926,55.1723936517102],[-2.70735458215775,55.1721635364991],[-2.70744641010198,55.1721049630237],[-2.70785421309602,55.172032416308],[-2.70802972356237,55.1721312874419],[-2.71307798330862,55.172086347339],[-2.71362818950427,55.1721382253771],[-2.71407307362611,55.1719391312176],[-2.71645349120703,55.1713139581197],[-2.71656165014007,55.17126597602],[-2.71747040201468,55.1711139596545],[-2.71788516167019,55.1709904985861],[-2.72038345430903,55.1698573468139],[-2.72060407236509,55.16973218521],[-2.7210309399113,55.1696060365681],[-2.72116674620979,55.1695822006263],[-2.72217172172447,55.1694963433371],[-2.72303266790052,55.1692885907049],[-2.73377179158602,55.1667074125844],[-2.73381929644204,55.166659963628],[-2.73392724354069,55.1661125813876],[-2.73398070931711,55.1659073988127],[-2.73421008855604,55.1657463650636],[-2.73449385153851,55.1657353395059],[-2.73460239128735,55.1657204820957],[-2.73494810917674,55.1656487471739],[-2.73496635156127,55.1649561939131],[-2.73497082602065,55.1646541634654],[-2.73510453603321,55.1645026599823],[-2.73535881638162,55.1645730776851],[-2.73573340786728,55.1645018644305],[-2.73602585069869,55.1642525549176],[-2.73572044137152,55.1640625282707],[-2.73627862278655,55.1635188919091],[-2.7365072881682,55.1635213589443],[-2.73657403827587,55.1635260382731],[-2.73711342070705,55.1632928981755],[-2.7382924842647,55.1627607843645],[-2.73912288482897,55.1627416913463],[-2.74022226987725,55.16260402848],[-2.74044054035354,55.1625096877953],[-2.74141628449924,55.16215161091],[-2.74098543119446,55.1615986381129],[-2.74064219686998,55.1615281010825],[-2.74062836883966,55.1614957555583],[-2.74065505030052,55.1613807733696],[-2.74076834242781,55.1613035480962],[-2.74163240444553,55.1611644828676],[-2.74277334171013,55.1610846477831],[-2.74324613708109,55.1606425030358],[-2.74362004167109,55.1600243328597],[-2.74412608356466,55.159731888786],[-2.74436826386102,55.1600374788676],[-2.744411998719,55.1600675881276],[-2.7448498278078,55.1602730625099],[-2.74543380053861,55.1599528017125],[-2.74559514737058,55.1589544877046],[-2.74564666010272,55.1587314579662],[-2.74586776473948,55.1584567021398],[-2.74639930325257,55.1582014530611],[-2.74648730888091,55.1581876924784],[-2.74666733225121,55.1581904409591],[-2.74705796189532,55.158214202484],[-2.74716669132815,55.1582208168564],[-2.74850541973038,55.1582387437492],[-2.74875592505464,55.1581357643327],[-2.74891353474239,55.1578402346426],[-2.7486935538285,55.157488072623],[-2.74886719649769,55.1572993075184],[-2.74980268069977,55.1574626784563],[-2.75027312183605,55.1574131804168],[-2.75084679112904,55.1572299034704],[-2.75093474499532,55.1571676687294],[-2.75092441742133,55.157108175072],[-2.75070046833688,55.1569719766973],[-2.75047828859294,55.1568039899218],[-2.75143649105028,55.1564090895163],[-2.75159462122203,55.1564038683367],[-2.75194865408589,55.1566132644499],[-2.75204436243368,55.1566629095198],[-2.75219416855669,55.1567055523805],[-2.75241702933778,55.1567238021379],[-2.75258440108381,55.1567072542487],[-2.75295648194702,55.1565754724072],[-2.75309511498782,55.1565513616165],[-2.75337870874728,55.1565808031219],[-2.75358128677807,55.1566385561915],[-2.75379768025208,55.1566392452473],[-2.75426541048824,55.156510544336],[-2.7540583128547,55.1561568554558],[-2.75395109265447,55.1559011178094],[-2.7549763045362,55.1556020896202],[-2.75694627145368,55.1550194233261],[-2.75787564903479,55.1548413146329],[-2.7586044939053,55.1547762706497],[-2.75936409932825,55.1547588694572],[-2.75977023812473,55.1547985066662],[-2.76043206912295,55.1546546523631],[-2.7604290853292,55.1545015300087],[-2.76030979497632,55.1543366198167],[-2.76137112300394,55.1533942166914],[-2.76142554540545,55.1533726322412],[-2.76222418849228,55.1532764031055],[-2.76295176168284,55.1531032368114],[-2.76380671730868,55.1528935266278],[-2.76488141696664,55.1527806699305],[-2.76521171388351,55.1527358470168],[-2.76602424416019,55.1521671202489],[-2.76611384196477,55.1520736045117],[-2.76651322268036,55.1516850188816],[-2.76645982496479,55.1513300060713],[-2.76624737176317,55.1513097648913],[-2.76610984840213,55.1509862228462],[-2.76646095148424,55.1509724741357],[-2.7685303699954,55.1509333476357],[-2.76886926115941,55.1508622807977],[-2.76898501677792,55.1508282182745],[-2.76944005961983,55.1505770721414],[-2.77091814073656,55.1498400914609],[-2.77116666622476,55.1497283427448],[-2.77144332293213,55.1496320556973],[-2.7716582742849,55.1496558673153],[-2.77195418852598,55.1496835278774],[-2.77296673157562,55.149572403785],[-2.77428378315224,55.1493910167286],[-2.77501818459887,55.1490522707563],[-2.77477653445791,55.148913270561],[-2.77472812689639,55.1488564387908],[-2.77587275344436,55.1478379545139],[-2.77835376247538,55.1469859713301],[-2.77916823657115,55.1468844344481],[-2.77942879925892,55.1467827603529],[-2.77951345897164,55.1467318840518],[-2.77966534066862,55.1465729802965],[-2.77969171318982,55.1465058991293],[-2.77974119381873,55.1464139955035],[-2.78080145858572,55.1459945383778],[-2.78162478472109,55.1458503867025],[-2.78178169217519,55.145805024079],[-2.78201465144062,55.1456627778658],[-2.7828901857014,55.1449094342947],[-2.78322523720101,55.1443652631629],[-2.78323132817705,55.144329268284],[-2.78406682598438,55.1435906756199],[-2.78435496876139,55.1434270732291],[-2.78422277165983,55.1430429983232],[-2.78410816742883,55.1426060226436],[-2.78420677769637,55.1424182473961],[-2.78451346904077,55.1420321454789],[-2.78505871247858,55.141734612575],[-2.78531446764691,55.1416814972451],[-2.78761826664982,55.1416875352253],[-2.78894204186887,55.1417704816309],[-2.79061552083388,55.1412411652086],[-2.79070607413651,55.1407445079109],[-2.79068447468972,55.1401249759149],[-2.79066908358885,55.1400661947656],[-2.79115106932021,55.1399195029325],[-2.79153554032571,55.1401224435159],[-2.79283032720325,55.1402537602079],[-2.79293656852629,55.1401803462788],[-2.7932748247206,55.1396977347923],[-2.79339584629826,55.1396056240982],[-2.79356943583726,55.139622781868],[-2.79396884164231,55.1397815294362],[-2.79416198239495,55.1397809706869],[-2.79505968218506,55.1396356471293],[-2.79513954568876,55.1395819901155],[-2.79561401515026,55.1392704780914],[-2.79567688454206,55.1392452367188],[-2.79617162326245,55.1390804004434],[-2.79694207914562,55.1388442838442],[-2.79892550945032,55.1385368830083],[-2.79961846346862,55.1384210707468],[-2.80076436366412,55.1384991718227],[-2.80117179520655,55.1386597284204],[-2.80158530824786,55.1388131239016],[-2.80191028793829,55.1388615357531],[-2.80273842745089,55.138369038368],[-2.80281717321596,55.1383445468429],[-2.80378551237875,55.1376877192101],[-2.80909304418502,55.1370995390648],[-2.80934639004669,55.137108665675],[-2.80974069803356,55.1370803307532],[-2.81114721836035,55.1366690008201],[-2.81198995842286,55.136595906528],[-2.8133330448811,55.136248176131],[-2.81355416848696,55.1367768314892],[-2.8135522220753,55.1368327997908],[-2.81387968556406,55.1370559717202],[-2.81428921400058,55.137120001396],[-2.81489232542128,55.1373215686557],[-2.81545231313361,55.1377193554011],[-2.81570545405653,55.1377908901042],[-2.81662346334642,55.1378985469095],[-2.81670029019986,55.1379034346431],[-2.81694008988631,55.1378964379886],[-2.81812759100638,55.1374006068308],[-2.81958285945071,55.1384843644997],[-2.82109383483607,55.1381318507877],[-2.82161019030388,55.1381784356198],[-2.82330802012271,55.1379139049425],[-2.82550153347386,55.1383139894875],[-2.82914712144875,55.1350550200376],[-2.82947713169041,55.1348431045841],[-2.83035386061456,55.1342895683301],[-2.83063893137018,55.134159094863],[-2.83093673939657,55.1340178943189],[-2.83177644234082,55.1335646933472],[-2.83263838265032,55.1330041774],[-2.83275518350119,55.132929291314],[-2.83294797613476,55.1326965366318],[-2.82673764289704,55.1269599237753],[-2.82672035993292,55.1266301877746],[-2.8267785846362,55.1261752154156],[-2.82678346204858,55.1261426084651],[-2.82698764583541,55.1256635232143],[-2.82758383184684,55.1248612591843],[-2.82763132934863,55.1248179063031],[-2.82810053213559,55.1244614073564],[-2.82823151672403,55.1243561579948],[-2.82967215694234,55.1232653942513],[-2.83063619887542,55.1226678180475],[-2.83066745455281,55.1226448429933],[-2.83355337363419,55.1213510912935],[-2.83397381738678,55.1213113348927],[-2.83420260684268,55.1213070494311],[-2.83433743096388,55.1213079522416],[-2.83549393720812,55.1213332353015],[-2.8359311208512,55.1214045889264],[-2.83716423118542,55.1217701462423],[-2.83786770449585,55.1219183844377],[-2.84034805409736,55.1225382980802],[-2.84116887793552,55.1225251302482],[-2.84153694844307,55.1223055687363],[-2.84192284736598,55.1218332644154],[-2.84220984114966,55.1213335823293],[-2.84217079380864,55.1210275530121],[-2.84005395462383,55.119720066214],[-2.83987401665319,55.1196207658503],[-2.83802525965686,55.1179612616442],[-2.8380642337386,55.1171323554514],[-2.83816542993833,55.1170198586024],[-2.83828963750613,55.116955165269],[-2.83850834645981,55.1168904585305],[-2.83902024969676,55.1168627765796],[-2.83975826224218,55.1173201313345],[-2.840580241252,55.1178407131881],[-2.84095434284269,55.1180480234407],[-2.84375305433824,55.1166763576747],[-2.84446745185781,55.1162192901519],[-2.84465989284019,55.1160861373821],[-2.84485069909427,55.1159050748951],[-2.84538658951791,55.1155748929483],[-2.84548792238037,55.1154968679023],[-2.84580306256016,55.1152100458336],[-2.84616353369994,55.1149116232051],[-2.84623616798652,55.1148526130768],[-2.84641626557413,55.1145076403339],[-2.84647667419185,55.1142457084367],[-2.84646764560922,55.1141596149848],[-2.84641985533729,55.1139849783358],[-2.84623267184451,55.113463816842],[-2.84618169969981,55.1133445994787],[-2.84607154114344,55.1132106666656],[-2.84542671747886,55.1128445779543],[-2.84525911055703,55.1127540510689],[-2.84495830951127,55.1125852784155],[-2.84465258503902,55.1123881714786],[-2.84461050293411,55.112345949472],[-2.84453600625379,55.1121558737651],[-2.84450362351478,55.1119939878761],[-2.84449977532374,55.1119628611503],[-2.84452067983283,55.1118937470537],[-2.8448284031509,55.1116221034338],[-2.84486935461165,55.1115859518648],[-2.84495016907982,55.1115627380327],[-2.84641337539704,55.1115296811546],[-2.84851717983011,55.111502941696],[-2.84924213531108,55.1113131812161],[-2.84997735061773,55.1110988528986],[-2.85031387527171,55.1109608611492],[-2.85062810003976,55.1107456007396],[-2.85086152440486,55.1105083035421],[-2.85095996045109,55.110377318553],[-2.85108147860876,55.1101929567529],[-2.85171869379818,55.1087915662159],[-2.85199676455942,55.1085424747041],[-2.85208048154857,55.108494599203],[-2.85854010897943,55.1083487948877],[-2.8603068730462,55.1082373303103],[-2.8614761914866,55.1080613738009],[-2.86152537692778,55.1080531171785],[-2.86188516485788,55.1079668680625],[-2.86232946020467,55.1078138710717],[-2.86335615732396,55.106968753092],[-2.86356119065031,55.1067640345363],[-2.87014310253298,55.1066116083788],[-2.87043419165076,55.1064962669873],[-2.87073579640187,55.1063398256981],[-2.87191430897143,55.1026447323944],[-2.87194153425997,55.1026172390676],[-2.87202964883956,55.1011305427511],[-2.87173942186622,55.1008486363361],[-2.87130678395449,55.1003817512674],[-2.87130591041655,55.1003313535852],[-2.8713224418276,55.1002886611329],[-2.87152967479394,55.1000281873881],[-2.87295369594918,55.0990993012694],[-2.87301741746518,55.0990549439863],[-2.87450716579972,55.0974477502517],[-2.87467441711535,55.097341924037],[-2.87576975845725,55.0967827442101],[-2.87581907860872,55.0967516574497],[-2.87613314517312,55.0965370146076],[-2.87618945556983,55.0964681000298],[-2.87764643124441,55.0949120797003],[-2.87943085980388,55.0948654548785],[-2.88031642712731,55.0950584399171],[-2.88084033997316,55.0951928073176],[-2.88369841488682,55.0954451506768],[-2.88540747747588,55.0952684579717],[-2.88570570717722,55.0951516115211],[-2.88590950276476,55.0950595119199],[-2.88654459074803,55.0943694234518],[-2.88653518250828,55.0942025753599],[-2.88626217257078,55.0937502857215],[-2.88601974014985,55.0935844830483],[-2.88577334926028,55.0934705433449],[-2.88278766785009,55.0933431435115],[-2.88260802370466,55.0932806868368],[-2.8825680304193,55.0932557296789],[-2.88237664847848,55.093079994],[-2.88233406188859,55.092990030832],[-2.88226251277624,55.092668988564],[-2.88229315606938,55.0923376221615],[-2.88234512970644,55.0921504469484],[-2.88277781480517,55.0911350920636],[-2.88284997799692,55.0910041071821],[-2.88624014043391,55.0891141305168],[-2.88621176657864,55.0890557940431],[-2.88608894983038,55.0888984418634],[-2.88600998475809,55.0888417359352],[-2.88557020826586,55.0885887630934],[-2.88436196830058,55.08842605914],[-2.88396341020772,55.0874043052976],[-2.88398884428873,55.0873815220073],[-2.88411881585877,55.0872733067059],[-2.88475335199342,55.0868940906468],[-2.88481554943313,55.0868667276208],[-2.88856444954093,55.0870594990578],[-2.88888543967608,55.0870987778527],[-2.8896889992068,55.0871580526145],[-2.88977911978594,55.0873059951123],[-2.88979909052201,55.0874313202238],[-2.88978688512073,55.0875397201753],[-2.88995389538481,55.0876839807913],[-2.88999432854498,55.0877152442937],[-2.89005637829847,55.0880595586729],[-2.89007463570368,55.088085766754],[-2.89028858882332,55.0881420711974],[-2.89082681447591,55.0882599127631],[-2.89201745599486,55.088150976856],[-2.89311216760494,55.087943205994],[-2.89317680196982,55.0879130296802],[-2.89359400575451,55.0860740933891],[-2.89347425116041,55.0859440362766],[-2.8933949125295,55.0858606449576],[-2.89287599091168,55.0855385847532],[-2.89281234858798,55.0854914994249],[-2.89262763789143,55.0850194959136],[-2.89393268230724,55.0829754926256],[-2.89396271397088,55.0829314334611],[-2.89487117888589,55.081539659252],[-2.89533735528655,55.0807663733634],[-2.89559737315741,55.0802657570173],[-2.89576452039973,55.0799087340843],[-2.89611439349169,55.0788359007249],[-2.89644035491157,55.0782845223383],[-2.89693920778262,55.0779218591687],[-2.89704736694534,55.0778718023282],[-2.90150090748612,55.0769620641879],[-2.90242854883038,55.0770301841489],[-2.90303229310562,55.077081435074],[-2.90861459760537,55.0772584209758],[-2.91117332998404,55.0777356543583],[-2.91270197737792,55.0789992707083],[-2.91674950214164,55.0758211100394],[-2.9169564319588,55.0755049275266],[-2.9172164528656,55.0751990780725],[-2.91799888047061,55.0745807923368],[-2.91815775472988,55.0744631030483],[-2.91848031988041,55.0742241801253],[-2.92028069217799,55.0729670497692],[-2.92107685916923,55.0725826996926],[-2.92169953718357,55.0723131181067],[-2.92174634292637,55.0722972920747],[-2.9260537107748,55.0706154605227],[-2.92619804314257,55.0705601222178],[-2.9272255087107,55.0703494421671],[-2.92990327114139,55.0704232085114],[-2.93040085460551,55.0705520087268],[-2.93104755935881,55.0707249455398],[-2.93210662770437,55.0710751405099],[-2.932202487895,55.071121671355],[-2.93248893686491,55.0711832742013],[-2.93501936383884,55.0710856207813],[-2.93733658874784,55.0704843743052],[-2.93763991156543,55.0703904889394],[-2.93893863339007,55.0699202533658],[-2.93923584910811,55.0697966851124],[-2.94291790323022,55.0658235807508],[-2.94312321408843,55.0650428826351],[-2.94313257520859,55.0645922151536],[-2.94310351103862,55.0644726527328],[-2.94305774233992,55.0643078213891],[-2.94277174658573,55.0637398880024],[-2.94125827384097,55.0622174868091],[-2.94093571958381,55.0620301523739],[-2.93790739760665,55.0608586000128],[-2.93776264935027,55.0608135653337],[-2.93738944543786,55.0606637397607],[-2.93715273344707,55.060534479342],[-2.93723845076996,55.0591277071537],[-2.93823508728795,55.0592240282579],[-2.93952252358986,55.0591513499767],[-2.93982929975791,55.0590888707344],[-2.94080802742351,55.0588684140571],[-2.94136922514185,55.0587103967505],[-2.94208198657101,55.0585396818982],[-2.94283642556828,55.0583713971135],[-2.94377918858067,55.0581639336217],[-2.94482955025871,55.0577082285286],[-2.94565938164568,55.0570587027931],[-2.94607645759873,55.0566456348763],[-2.94772220112663,55.0556363767512],[-2.95185576682856,55.055301515491],[-2.95483179142639,55.0549389042129],[-2.95502547471001,55.0548842915867],[-2.95549649839478,55.0547062891436],[-2.95617351447579,55.05399351002],[-2.95625863656913,55.0538809704083],[-2.95641655387446,55.0536635220436],[-2.95668347767202,55.0532161853537],[-2.95674552535133,55.0531018901048],[-2.95739532312267,55.0516924507071],[-2.9578573671426,55.0507367914239],[-2.95849963340204,55.0494946301267],[-2.95924222632424,55.0492589326401],[-2.95929342892753,55.0492913422681],[-2.95978152055682,55.0495899616968],[-2.96005139821895,55.0495473544002],[-2.9619599410084,55.0495685727259],[-2.96216291157651,55.049597462471],[-2.96300554579106,55.0497380716524],[-2.96354135418009,55.0498937512663],[-2.96428886029613,55.05004050349],[-2.96973479459146,55.0501351574668],[-2.97254706807211,55.0502589192492],[-2.9765079292913,55.0505858203155],[-2.99366246963222,55.0519761245583],[-2.99427183942423,55.0519815107138],[-2.99450735448282,55.0519961465961],[-2.99587448406319,55.0521180708731],[-2.99796659711021,55.0522978219896],[-2.99931612799359,55.0524084095335],[-3.00042752408794,55.0525072508739],[-3.00189852918642,55.0527216065801],[-3.00369198056919,55.0528996021791],[-3.00547874809484,55.0530927707471],[-3.00770978197561,55.0534288864436],[-3.00977182301604,55.0536067521294],[-3.01003339680859,55.0536356062618],[-3.02027050665609,55.0547645172368],[-3.02175250506713,55.0549171600725],[-3.02316762099886,55.0550419660794],[-3.02610750740516,55.0552034279242],[-3.02867313158673,55.0553068073413],[-3.03349143744848,55.0553944367081],[-3.03446853239869,55.0554104406962],[-3.03868539228694,55.0552212461613],[-3.0394541189564,55.0552140822807],[-3.04116682420936,55.0554459792168],[-3.04167250216675,55.0554982365709],[-3.0424731930386,55.0555725522554],[-3.0436230510357,55.0549728699935],[-3.04412004166621,55.0547543890887],[-3.04506853455735,55.0543437640191],[-3.04805769231832,55.0530574312353],[-3.0491303432158,55.0530481327785],[-3.04992532422264,55.0529398560142],[-3.05075889322296,55.0528663037233],[-3.05098537521999,55.0527724504626],[-3.05105356865868,55.0527348503404],[-3.05117773094252,55.0526450553567],[-3.05132950082444,55.0521391146076],[-3.05145921553048,55.0510921689939],[-3.05218008083918,55.0505408625779],[-3.05243369854306,55.0502736250016],[-3.0527616408622,55.0501127981765],[-3.0529154926883,55.0500496394895],[-3.05317830681354,55.0498584526379],[-3.0534536897852,55.0493026582686],[-3.05345667827808,55.0492138866049],[-3.0533792267117,55.0488856169428],[-3.05363091510408,55.0485031072385],[-3.05363173119621,55.0483559264927],[-3.05371303562589,55.0476036392204],[-3.05346077166936,55.0473159693435],[-3.05293330534178,55.0471913207194],[-3.0516925088536,55.047605356958],[-3.05165049865618,55.0476403146695],[-3.05160222801546,55.0477213996156],[-3.05152988827262,55.0478232852177],[-3.05147169394738,55.0479038915065],[-3.05133582689218,55.0482471402732],[-3.05100059884349,55.0487242491139],[-3.05095765518829,55.0487597286582],[-3.0509194766907,55.0487846563668],[-3.05002535447413,55.0486596932019],[-3.04846584134931,55.0482144087331],[-3.04841596925044,55.0481923981385],[-3.04750087757621,55.0477127267678],[-3.0465237327062,55.0473390672922],[-3.04611957254385,55.0473078312066],[-3.04490139441076,55.0472595836196],[-3.04322549035855,55.0472588939327],[-3.04315567395634,55.0471506915913],[-3.04314200710247,55.0471220275762],[-3.04334906518014,55.0466033772893],[-3.04388550500977,55.0448337894511],[-3.04311105724881,55.0447346947412],[-3.04185358056864,55.0445632522028],[-3.04070612007519,55.0447898966083],[-3.04027951702045,55.0448154583675],[-3.03981366766494,55.0447253756253],[-3.03963088545589,55.044655768682],[-3.03898388969595,55.0443111295535],[-3.03870311824821,55.0439842108198],[-3.03869558028215,55.0431416250283],[-3.04021765021291,55.0415785384686],[-3.04028999509086,55.0415063279184],[-3.04032759494067,55.0414399591062],[-3.04028508158291,55.0412494013568],[-3.04014765127655,55.0411364529921],[-3.03970759239655,55.0410766042637],[-3.03950856577559,55.0411176272382],[-3.03814689832564,55.0413449598708],[-3.03785415656843,55.0412045026931],[-3.03781345897481,55.0411800371955],[-3.0374688439282,55.040964859289],[-3.0369901949812,55.0406445008149],[-3.03661094826599,55.0403618160733],[-3.03637407947886,55.0400739498608],[-3.03604198136089,55.0393445987251],[-3.03438793087553,55.0389209145387],[-3.03427884690354,55.0389425361539],[-3.03394563230005,55.0391195281481],[-3.03392505538173,55.0392900549128],[-3.03390675988278,55.0394418137243],[-3.03229519999777,55.0398714921397],[-3.02657230472635,55.0366186640192],[-3.02612962422822,55.0366405957095],[-3.0260391829307,55.0366210886018],[-3.02795756026291,55.0342723237299],[-3.03000517118956,55.0341052825431],[-3.03036938528682,55.0336961163592],[-3.03135378164646,55.0331750780656],[-3.03180940840806,55.0325446666862],[-3.03194334063771,55.031594347917],[-3.03221333264385,55.0311194711547],[-3.03302330764744,55.0304627285387],[-3.03372328682587,55.0302715330344],[-3.03427244141442,55.0299758139998],[-3.03431555865331,55.0299050208811],[-3.03433944194835,55.0298205583336],[-3.03402907520837,55.0291188554577],[-3.03387740978166,55.0290280156046],[-3.03258461317967,55.0285769163975],[-3.03222609743864,55.0281806562394],[-3.03223885725271,55.0280203424145],[-3.03233369301446,55.0278585133998],[-3.03186173622062,55.0272733743429],[-3.03168103875998,55.0267962960666],[-3.03179045054846,55.0265595920575],[-3.03215694242361,55.0243470238542],[-3.03297179914409,55.0243046506231],[-3.03438616752121,55.0238577597971],[-3.03434083522747,55.02300525517],[-3.03448672761725,55.0228951354278],[-3.03503050347374,55.0226956004385],[-3.03656263215475,55.0219494297399],[-3.03703006174693,55.0219291616252],[-3.03798535838357,55.0221836427623],[-3.03805803505009,55.0222334001777],[-3.03910924752216,55.0228576615794],[-3.03919097912025,55.0228701330766],[-3.0393791682932,55.0228716451849],[-3.03976174397236,55.0227981832055],[-3.04012659207881,55.022635132899],[-3.04017023205207,55.0225906474534],[-3.04026996889051,55.0224082024814],[-3.04086833236091,55.0217064832488],[-3.04126960363457,55.0212514198874],[-3.04114912575873,55.0209262809718],[-3.04112171099785,55.020899359198],[-3.0408772337529,55.0209185584335],[-3.04076718470431,55.0209921815533],[-3.0407446829942,55.0210149905371],[-3.03965534326077,55.0205031016021],[-3.03966688997912,55.0204698883781],[-3.03968163931403,55.0204430542856],[-3.03976234857677,55.0203712124729],[-3.03994891593411,55.0202938132035],[-3.04153812872153,55.0202936207917],[-3.04174184089017,55.0201746673311],[-3.04233001675943,55.0196624229338],[-3.04189503414763,55.0194134095088],[-3.04184998721404,55.0192459041914],[-3.04065687976651,55.0187690986817],[-3.04055666332123,55.0186529898784],[-3.04057278249898,55.0184247436963],[-3.0405799313925,55.0183812676149],[-3.04057211035974,55.018001934078],[-3.04062567805242,55.0178764441005],[-3.03926125936026,55.0165183898274],[-3.03974338488481,55.0161772003168],[-3.03978866451529,55.0161513560888],[-3.04179058246592,55.0157479358258],[-3.04189752635657,55.0155304821878],[-3.04250438136698,55.014399059673],[-3.04199372208317,55.0142081926258],[-3.04523829801996,55.0124462692767],[-3.04508948790477,55.0122170677047],[-3.04773137453706,55.0100963414815],[-3.04772379624205,55.0099786682863],[-3.0494851329202,55.0085066505338],[-3.04961432863419,55.0081811911211],[-3.04973157331912,55.0080071030643],[-3.04973286079355,55.0079650482233],[-3.04973571227725,55.0078656670501],[-3.04758962587421,55.0069720647895],[-3.04728716128571,55.0070902137175],[-3.0449421707011,55.0075247860385],[-3.04529286878788,55.0070807891797],[-3.0451564229387,55.0067530222269],[-3.04502013323419,55.0061345584018],[-3.04505593237029,55.0060604898118],[-3.0453026646252,55.0057693240964],[-3.04538247610857,55.0056867748305],[-3.04679939059878,55.0048097171558],[-3.04680285422528,55.0046407610674],[-3.04672667044371,55.0042314791529],[-3.04643498028374,55.0020419909392],[-3.04644727832596,55.0006681937258],[-3.04612005483801,55.0001385880551],[-3.04561536424261,54.9994262984017],[-3.04410765584011,54.9989813156767],[-3.04512502781061,54.9980777914029],[-3.04863334160213,54.9972848672693],[-3.04875080715695,54.9972365858433],[-3.04994109804417,54.9963954236952],[-3.04999780635304,54.9963315525683],[-3.05273477989285,54.9945560113395],[-3.05201069173803,54.9935494002271],[-3.05330879834406,54.9928462634803],[-3.0539380265989,54.9926541515078],[-3.05548205341358,54.9922798161801],[-3.05615987517011,54.9921362111777],[-3.05695541352292,54.9919691030536],[-3.0576986112288,54.9917975823217],[-3.05809762968761,54.9916939764883],[-3.05814746513238,54.9916623036694],[-3.05822483500387,54.9915856487454],[-3.05831798029082,54.9914973752094],[-3.05838802371511,54.991373446095],[-3.0582601965618,54.9910099431281],[-3.0580469009682,54.9908524062058],[-3.05793940482291,54.9907178116517],[-3.05787983231607,54.9906220707211],[-3.0578005544884,54.990417238403],[-3.05775209285413,54.9902580658614],[-3.05777795331098,54.9896883093546],[-3.05764424371116,54.9892181983561],[-3.05717860663287,54.9885308935946],[-3.05696894869357,54.9883802715484],[-3.05664535818371,54.9881835797844],[-3.05634861255728,54.9879097106378],[-3.05627058884159,54.9878363781877],[-3.05734177658678,54.9868948242608],[-3.06258585855712,54.9851485449588],[-3.06671735824517,54.984582333513],[-3.0687864187876,54.9836898583558],[-3.06976187455329,54.9827583215728],[-3.0815301966297,54.9788369349989],[-3.10215495984262,54.9757525475234],[-3.11899966381881,54.9761940520092],[-3.14906231459383,54.9637393258736],[-3.20808351851556,54.9762691739706],[-3.24106134844087,54.9680453624335],[-3.25127211584421,54.9718850669202],[-3.25372479559998,54.9728071441547],[-3.26759517103938,54.9656156402719],[-3.33147114172402,54.9794717653647],[-3.3702429217604,54.9706758803529],[-3.40853916391649,54.9744290080155],[-3.43749776562413,54.989954987121],[-3.4705295017826,54.968323402203],[-3.52249459329706,54.9654406662888],[-3.56031401597331,54.9785860819514],[-3.56425655056432,54.9855327713989],[-3.57684881370353,55.0077027776859],[-3.59098088506144,54.9983564181254],[-3.57621588928454,54.9792105648352],[-3.58706317130597,54.976453554762],[-3.57786399204067,54.9621070893084],[-3.58971651406892,54.926156164581],[-3.5777304199396,54.9244374083886],[-3.57257794001264,54.9236981504987],[-3.56302165671308,54.9074751083267],[-3.59493361446315,54.8839543788702],[-3.59492159633829,54.8727605503164],[-3.6884068925415,54.8795002315932],[-3.69472266570317,54.8858393608701],[-3.72747879483163,54.8805760602576],[-3.74404740613414,54.8633526405588],[-3.78801629027489,54.8531037053658],[-3.79394077862401,54.8644567361448],[-3.81225674685613,54.8713866631929],[-3.81997570792457,54.8867103573033],[-3.82621079961908,54.8614709209599],[-3.80722983232502,54.8453235112236],[-3.84705646244945,54.8608052931901],[-3.83528710522794,54.8459902561551],[-3.86371240639782,54.8458331341218],[-3.82759642529521,54.8254386119987],[-3.83106985397819,54.8213800349643],[-3.84949742720845,54.8150629166317],[-3.85796083648637,54.8142588657924],[-3.86244944005359,54.8106199184051],[-3.86862041175065,54.80850224022],[-3.9155679622411,54.79237376041],[-3.93819391288876,54.7874419402706],[-3.97345312959657,54.7724452240335],[-3.98483067475377,54.7685226719043],[-4.00598938214401,54.7745707991021],[-4.04533819511395,54.7699426632537],[-4.05231158104225,54.7740502883219],[-4.06404574278685,54.783911918865],[-4.04565050047442,54.8154241685468],[-4.05516999109162,54.8255467400751],[-4.07327144909413,54.8144430477944],[-4.06387445452058,54.8334637215716],[-4.09136960977286,54.8142493846477],[-4.08989308895258,54.7818855203594],[-4.10621258854506,54.7784177001404],[-4.09017526236736,54.7749650491155],[-4.09488862924471,54.7658580755408],[-4.10368443168315,54.7673762180581],[-4.10925608326475,54.7686546805457],[-4.1115939418915,54.7775125381426],[-4.12065198391318,54.7776980835997],[-4.12406793615998,54.7806438166773],[-4.12235510656514,54.7878904891536],[-4.13882218914272,54.7759091656316],[-4.15600011395438,54.779526776979],[-4.17932535437367,54.7924066943158],[-4.18050769061807,54.8086157501257],[-4.20919213692464,54.8135663321482],[-4.21302782171434,54.8184995546078],[-4.21300324554183,54.8185951830111],[-4.21309021237068,54.8185797870272],[-4.22109483682882,54.8288704682456],[-4.21252161091208,54.8369432096553],[-4.22516861570312,54.841053472461],[-4.20255833280851,54.8679322950108],[-4.22653605991314,54.8648631890273],[-4.23292050172353,54.8532729781989],[-4.26121829349243,54.8376760059771],[-4.29519288969645,54.8430581902614],[-4.331513821335,54.8521088498054],[-4.3833959671619,54.8777197073065],[-4.38806496790296,54.8977179170743],[-4.40021761221405,54.9043386187321],[-4.39906614848341,54.91099720872],[-4.39781003938186,54.9182585251276],[-4.40167100933998,54.9109457971639],[-4.40934475894802,54.8964032933639],[-4.39626432293131,54.8937802439406],[-4.42060515512838,54.8867582491159],[-4.43070504665911,54.8675370550801],[-4.42226708266512,54.8639501056532],[-4.41247872038706,54.8281786675012],[-4.35449320282933,54.813361373496],[-4.34123033050053,54.7991191184857],[-4.34819181130193,54.7903553331928],[-4.36906992106839,54.793408267363],[-4.36018233940222,54.7776559283928],[-4.37121693531842,54.7731655219509],[-4.36048645703917,54.7696651144744],[-4.36599424360527,54.7292659136993],[-4.36540422612205,54.7286685198666],[-4.36694254019306,54.7228616666842],[-4.35589161909303,54.7190341107922],[-4.35049769996472,54.7135687153982],[-4.34968483518995,54.7086398515303],[-4.34984016260752,54.7084122795505],[-4.35976851144593,54.6961716283056],[-4.36550361857414,54.6974835163301],[-4.36487741066026,54.6911005393728],[-4.39322923174905,54.6777352563111],[-4.40494916597629,54.6804409280518],[-4.48460847713493,54.7028867704629],[-4.51117974555888,54.7103563581177],[-4.53034283843233,54.7212151215801],[-4.5343724969029,54.7202152800472],[-4.54322924465765,54.7242147437714],[-4.54404312994872,54.7282630542921],[-4.54503453018024,54.7331931407438],[-4.57125638714232,54.7378535633057],[-4.60081163756151,54.7769587866454],[-4.67231737210259,54.8003066287662],[-4.70903677993212,54.8240847514672],[-4.77725277374182,54.8319512914975],[-4.78433628217757,54.8353927248345],[-4.80579360467379,54.8580366470693],[-4.81215792180859,54.8647472071968],[-4.85607924930262,54.870341953146],[-4.85390121970771,54.8575052671508],[-4.93356853891868,54.8338211552587],[-4.96103555419543,54.8035787224119],[-4.91750248110781,54.7432215647192],[-4.91104261408354,54.720001280783],[-4.90581514839352,54.7011900486903],[-4.86692185741318,54.6820078654478],[-4.88208024076466,54.6693027929192],[-4.88373364755782,54.6535456204181],[-4.87727182505229,54.6391890089301],[-4.86048019859433,54.638020332117],[-4.85323770875095,54.6372690035971],[-4.8537634851781,54.6370200386163],[-4.86749590396162,54.6345703607287],[-4.91714196659471,54.6420173596491],[-4.91931320237098,54.642466882991],[-4.9648706928063,54.664077695626],[-4.97259564325604,54.6897101715021],[-4.94785185440317,54.700065743609],[-4.96689846093954,54.7175899392627],[-4.96597883777413,54.7186681587014],[-4.9573947682184,54.7285847190148],[-4.99246038751681,54.7352034837875],[-4.99142961176803,54.7386243403053],[-4.98674454747065,54.7499380958198],[-5.00434506963778,54.7551222749961],[-4.99879332951191,54.7647383162746],[-5.01033649683525,54.783138992886],[-5.04234382615676,54.7921797572908],[-5.05362248149941,54.8098776207447],[-5.05538550513635,54.8102958445627],[-5.12480679154186,54.8447591028412],[-5.14173491973944,54.8551150795766],[-5.14495538122582,54.8595704147282],[-5.14500416818583,54.8711102283989],[-5.16616346691603,54.8934186366334],[-5.18003202542131,54.9080245109739],[-5.18274931683547,54.911772622263],[-5.18549338165692,54.9236278705499],[-5.18274904977346,54.9487813592597],[-5.17773275952172,54.9669434915166],[-5.18038364669096,54.9704411257815],[-5.17857389349043,54.9869998804848],[-5.16828659781058,55.0007751967546],[-5.1570388663266,55.0086235330368],[-5.13786285358744,55.0070162350588],[-5.12921716328679,55.0094380427783],[-5.09828833296665,55.0180943887702],[-5.06082339187959,54.9676951553011],[-5.07504871816301,54.9637325580771],[-5.06472622772482,54.9280214291055],[-5.03021634845769,54.9062496893834],[-5.02017377187195,54.9091712354063],[-5.01117515279269,54.9071641817859],[-4.99283651419055,54.9156260485595],[-4.99274765632651,54.9289263937787],[-4.99610633986171,54.9342800033722],[-4.99586582588737,54.9347038790643],[-5.00059147176407,54.9414266876989],[-5.01806276115324,54.9692395568749],[-5.0209097389081,54.970303835568],[-5.03919125973324,54.9962468386831],[-5.03973585740385,54.9977458607467],[-5.03975241602786,54.9977914381557],[-5.06026890369319,55.025545731017],[-5.05247825562584,55.051251454805],[-5.0251081322437,55.0768204858099],[-5.01118171460448,55.0898157725347],[-4.99181704166215,55.1434472651054],[-4.94153296256246,55.1640249170759],[-4.91083200037919,55.1983590420991],[-4.85988874513251,55.2275282868122],[-4.86496621848385,55.2453585740109],[-4.85946725740907,55.2516292022753],[-4.85269521517031,55.2607769080003],[-4.83611545629901,55.2831540301073],[-4.83753924933971,55.2895623555888],[-4.83756127779571,55.2901264557424],[-4.83783758826703,55.2909048548299],[-4.8454121512732,55.3249575782831],[-4.82908536216691,55.3338073019161],[-4.77459774989946,55.3600464488153],[-4.76961986466888,55.400655508719],[-4.75358618450371,55.4161957573461],[-4.71298173990783,55.4328872588273],[-4.65201137991127,55.4410745028545],[-4.6511357753027,55.4451019837582],[-4.64582153625993,55.4695290560856],[-4.62912499493134,55.4764193998649],[-4.62074199321504,55.4941459147702],[-4.62951120979718,55.5191124408068],[-4.68593991215464,55.5466707444525],[-4.6854455096084,55.54751235764],[-4.67599655695201,55.5500915570577],[-4.65922110267111,55.5480153587337],[-4.65832474543623,55.5683660874841],[-4.65824426750503,55.5701925952],[-4.6707890864358,55.5886834863846],[-4.69565791093564,55.604136906112],[-4.70543103930238,55.6075808590983],[-4.71575268876799,55.6136635867204],[-4.74977808282867,55.6241350731246],[-4.75633620177088,55.6311811788795],[-4.77045400751685,55.630490788515],[-4.77862708545959,55.6330016224543],[-4.78580432228884,55.6297382292361],[-4.78920568103073,55.6295712100266],[-4.79857447411873,55.6388051256021],[-4.82176481025883,55.6374401948544],[-4.81533802602775,55.6475092348794],[-4.8624764254677,55.6841046590478],[-4.86473814389287,55.6847878093083],[-4.89725386356667,55.6946018398052],[-4.90277887007776,55.697439703592],[-4.90305401456628,55.7222000031914],[-4.87338037048988,55.7303348751514],[-4.86902269007865,55.743222273705],[-4.86890729574664,55.7435634413037],[-4.86905396509906,55.7436475155474],[-4.87449318559372,55.7467650231815],[-4.87380835115416,55.7471047242903],[-4.87481803881781,55.7498677189145],[-4.87244468594496,55.7494614581956],[-4.87137273489588,55.747942852871],[-4.87002609983692,55.7490473974095],[-4.86944369964123,55.7489476823412],[-4.85738855082021,55.7468829421173],[-4.85566597628301,55.7581485382753],[-4.85487772164266,55.7747858011228],[-4.88838229275529,55.8186306523352],[-4.88973469834522,55.8744461584777],[-4.88984772525542,55.8746788054994],[-4.89840102759365,55.8922758489229],[-4.88086743979723,55.9036822456319],[-4.87296323439744,55.9088185216598],[-4.87119885409599,55.9099675902676],[-4.88169230702962,55.9147912747269],[-4.88238466541292,55.915109517954],[-4.88192902485196,55.9179795923722],[-4.87795222421336,55.9430130653691],[-4.81959525271134,55.9622119305702],[-4.80776100947248,55.9586262940837],[-4.80628761676398,55.9579620697045],[-4.8061571453632,55.9581402049244],[-4.80232611805712,55.9569789988572],[-4.79873484455682,55.9626066419163],[-4.7835135938659,55.9622854858168],[-4.76274571434518,55.9567677083354],[-4.74533050060304,55.9442641062492],[-4.72949693252284,55.9469499347885],[-4.70408738783697,55.9409777698706],[-4.70541847747362,55.9387890246152],[-4.69407979506516,55.9386236547615],[-4.67046180551088,55.9330635351204],[-4.63346030748633,55.9324583739755],[-4.61322728091628,55.9332697785736],[-4.58189376554888,55.9345197276322],[-4.56325119525153,55.9352595884016],[-4.60721190768642,55.9460957799721],[-4.60955599821491,55.9467953629997],[-4.65463670271336,55.960235808942],[-4.66643700057998,55.9583630011768],[-4.69190097124866,55.9835268689625],[-4.70017546749627,55.9916955331232],[-4.72040516102436,55.9971177182594],[-4.72130062758874,55.9986111390472],[-4.76903946330679,56.0135893346292],[-4.78087178973335,56.013295573529],[-4.78756479141745,56.0150836039063],[-4.78837632214303,56.0131086694336],[-4.79080211047056,56.0130481565002],[-4.78811181614905,56.0246027124302],[-4.81911576077507,56.0528519013163],[-4.82957459833712,56.0779251921609],[-4.84134299969004,56.0591776455724],[-4.82580694491641,56.0335780446844],[-4.79224191112741,56.0036987149218],[-4.79322404649709,56.0013072005995],[-4.77101397570399,56.0010401498373],[-4.76779983914094,55.9878605487139],[-4.82321023379985,55.9846152897126],[-4.84811582024243,55.9879481761253],[-4.85225740583174,55.9895029644668],[-4.8716296896575,56.0294968334107],[-4.87880960139172,56.0531459127436],[-4.83909601046242,56.1134863203507],[-4.74867712668979,56.2032613896468],[-4.78965860703372,56.1819972555224],[-4.8615618825872,56.0998313908103],[-4.88696257564295,56.109110979648],[-4.88295551453261,56.1418658943765],[-4.90179301224341,56.1690290035254],[-4.91667300533759,56.164541800757],[-4.89976234658076,56.1465895230266],[-4.90867874020891,56.1120903727056],[-4.87400339490442,56.0863557917826],[-4.87415189687082,56.0862102563302],[-4.89324042663296,56.0695777680551],[-4.91448920480769,56.0508651762308],[-4.90894150185443,56.0395588612715],[-4.89786066589628,55.9895123032589],[-4.89759235534613,55.9840431444239],[-4.95944145304487,56.0013640791722],[-4.94530095941946,55.9923544497246],[-4.95274792378795,55.9895603514728],[-4.90872273684976,55.9671414816699],[-4.91198998108903,55.9620552994223],[-4.93107064661248,55.9436194941315],[-4.93363762141402,55.9430487700369],[-4.93621920321896,55.9363011433326],[-4.96460187853745,55.8874720085122],[-4.97178887605731,55.8818430532112],[-4.97780194250247,55.8647199518921],[-4.97946061730225,55.8618590770627],[-5.04506266562142,55.8710905026034],[-5.04052154202981,55.8818167245972],[-5.06847708028221,55.9521704613751],[-5.07370063529498,55.9542937114616],[-5.10606340833191,55.9716384132499],[-5.12133973172906,56.0082945231616],[-5.12867678423278,55.9962682304287],[-5.10515825480422,55.9670708005982],[-5.118101164166,55.9723230000233],[-5.0824356419143,55.9385128142323],[-5.08125283905805,55.9327156514693],[-5.07685083434775,55.9005784204771],[-5.11173356068448,55.9015293853445],[-5.17303461879597,55.9302628564883],[-5.17212813489859,55.9309655489974],[-5.17372964510532,55.9307714291329],[-5.17368788511317,55.9305686599832],[-5.17865161599426,55.9328920518082],[-5.19328288651143,55.9602332021244],[-5.19408760083124,55.9575787674375],[-5.19911318713912,55.97047858549],[-5.19720026592554,55.9473080311538],[-5.20373261701984,55.9257365340999],[-5.2239111905523,55.9093143401187],[-5.23620322986219,55.9043624827708],[-5.24022327679855,55.8960265874799],[-5.2421890520495,55.8944245235549],[-5.20321767286014,55.8416101926188],[-5.20241792187049,55.8370309967584],[-5.20391479390644,55.8283313957291],[-5.21573482975801,55.8268166381734],[-5.22541836544317,55.8378689074202],[-5.22913497327027,55.8382990563763],[-5.25319675834276,55.8465098370299],[-5.25662456365673,55.8518661093365],[-5.28506092280918,55.8483269054237],[-5.28998258904799,55.8549478426709],[-5.29022233243842,55.8561632010783],[-5.29081375833455,55.8560657348219],[-5.29196783001952,55.8576178006321],[-5.31245065721331,55.8527172777064],[-5.31116516681298,55.8758046057293],[-5.31585448928139,55.8773459621302],[-5.31580809038761,55.8776655373022],[-5.33315082912236,55.8830285424692],[-5.34787263503812,55.8878620180196],[-5.35032108806976,55.9051076466352],[-5.34757960256212,55.9123332068456],[-5.33679099615664,55.9197462555876],[-5.34308004983576,55.9241868212411],[-5.3352289567588,55.9448528350794],[-5.32853573778868,55.9539577948836],[-5.33099498006663,55.9559885669493],[-5.3306280141303,55.9569534243991],[-5.33533413109901,55.9595710650172],[-5.34496488327096,55.9675194534551],[-5.34677395416415,55.9690120424788],[-5.34665903409813,55.9696245841088],[-5.33810252523963,55.997749243622],[-5.31818797784379,56.0118439498551],[-5.31518521145022,56.0119632131776],[-5.31234934202562,56.0159737767863],[-5.3015065466058,56.0236401432628],[-5.29257855142111,56.0439096768253],[-5.28465240490239,56.0550973082142],[-5.21021886772347,56.1051043751967],[-5.20317308823538,56.1285710646857],[-5.10085588104523,56.1568348447908],[-5.0831082617825,56.1671945448297],[-5.06078294943929,56.2078428334444],[-5.03030176058508,56.2245336547411],[-4.98125511888758,56.2363046605774],[-4.91697856168995,56.272503926089],[-4.99732390855479,56.2422038488456],[-5.04559823263047,56.2336573058036],[-5.05293759608191,56.2464366293679],[-5.07150357144884,56.2383898807379],[-5.07406757725322,56.2242257924222],[-5.10530038523236,56.194609841226],[-5.11070937190466,56.1994808436781],[-5.10518675587127,56.1867245177724],[-5.11750883722199,56.1707140685097],[-5.14599856320464,56.1566330332312],[-5.19253465044116,56.1493864761536],[-5.23609504003477,56.1284393634635],[-5.25671127341276,56.0972331018863],[-5.28224913501258,56.0890808962598],[-5.29487614482052,56.0695135451919],[-5.30556623429882,56.0614253123129],[-5.3167252826531,56.0580393654266],[-5.33310647735537,56.0663910178923],[-5.32577070292064,56.0581391977123],[-5.33501512371095,56.052486336876],[-5.34112392839015,56.0506306701146],[-5.34546093018736,56.022261161697],[-5.35824983920631,56.02543561281],[-5.36098982796691,56.023060394233],[-5.36232159139049,56.0231345693225],[-5.38047440075942,56.006159788525],[-5.38453224524881,56.0026378602441],[-5.39427634959992,56.0073549288516],[-5.40008715292135,56.0038303972558],[-5.40672000459555,56.0011271089885],[-5.41349919422554,56.0044638661822],[-5.4283183327882,56.0172828163947],[-5.43058867416586,56.0349775233106],[-5.44076571709666,56.0373828848152],[-5.44338542527521,56.0208394928847],[-5.44604973857872,56.0207581198161],[-5.44831430301656,55.9896785346941],[-5.45112084056744,55.9719161856906],[-5.44473013520637,55.964767680556],[-5.42866241445367,55.9467811098968],[-5.42864426989403,55.9466814588006],[-5.41954982465154,55.8966150033141],[-5.41951301458609,55.8964589946892],[-5.40255748262811,55.8882654497063],[-5.41305174234428,55.8898865728998],[-5.40164943821984,55.8768937456973],[-5.40160075135165,55.8768661035702],[-5.39593803768736,55.8704235669907],[-5.39753403438629,55.8699330720492],[-5.40636604267824,55.8710415206968],[-5.4133205070343,55.8650796819482],[-5.41395162280044,55.8648855851935],[-5.41357978432842,55.8648573692652],[-5.4150666480275,55.863582428697],[-5.38519705226224,55.8624757391546],[-5.339676576221,55.8271299773505],[-5.33513649290655,55.8208067574622],[-5.31815744456688,55.7910593270042],[-5.31782603573403,55.7884473486747],[-5.31667604121761,55.7793810611224],[-5.32330488634877,55.7687408448028],[-5.32792511152172,55.7644800414945],[-5.35073235664414,55.7661377860922],[-5.39426720452862,55.7520635212985],[-5.45103167791493,55.7071039271014],[-5.44877728895775,55.687679568832],[-5.46024932220504,55.6827843096566],[-5.46525125454376,55.6657224842109],[-5.48185370165903,55.6435678752083],[-5.48360311225856,55.6425847538653],[-5.46906656613649,55.6044476178403],[-5.45840894057645,55.5764364200758],[-5.46675286948765,55.5711701458777],[-5.46687083319475,55.5712669106162],[-5.47020629857354,55.5823739445327],[-5.48969456131068,55.5797746814392],[-5.48973744184268,55.572272459159],[-5.4927715651217,55.5704845665266],[-5.48995947141968,55.5335473858888],[-5.48998027639959,55.5299287520797],[-5.49322261910756,55.5293010377379],[-5.50356184766624,55.5280894732372],[-5.50368056078435,55.5272756739612],[-5.50422343637622,55.5271705067445],[-5.51032689570934,55.4876881413986],[-5.51378791749743,55.4855710932173],[-5.54351235415436,55.4677718639319],[-5.5435994037392,55.4673225574921],[-5.5455549199168,55.4661246924518],[-5.55052787042733,55.4342664965006],[-5.58007091677781,55.4240272005287],[-5.58037287688404,55.4239245593637],[-5.6036826608813,55.4251821936992],[-5.57893908415107,55.4138698793269],[-5.56193090624558,55.420152872684],[-5.5530243404445,55.4182493337488],[-5.54221250405266,55.4081510314899],[-5.5265144156134,55.3920005429289],[-5.52149474197635,55.3598163921296],[-5.56184879434418,55.3236636315415],[-5.60351639947055,55.307537316903],[-5.63275832085336,55.3072593442761],[-5.68607855800556,55.3077950910062],[-5.68985512249905,55.3066963787289],[-5.69079796878026,55.3066868582642],[-5.69232794533391,55.305976867613],[-5.74435110034287,55.290822327548],[-5.75552348976764,55.2895604451616],[-5.77376332802381,55.2936983406488],[-5.78218002014421,55.2970473566584],[-5.78343665550024,55.2975472744707],[-5.79984369026302,55.3040719878442],[-5.7991924580114,55.3244170184084],[-5.79678494903195,55.3340690241058],[-5.79863749499383,55.3417500013539],[-5.79737835015389,55.3810597606988],[-5.79223377866613,55.3934662867158],[-5.75685794513321,55.4135659257717],[-5.75440453269128,55.4148172880048],[-5.75379747823678,55.4162073029739],[-5.75008669824214,55.4247018577175],[-5.72774306774466,55.4261366477618],[-5.72227846112034,55.4266908920967],[-5.72142706333917,55.436012589117],[-5.71668228700484,55.4434283767718],[-5.71502317047237,55.5060198062786],[-5.71367899705645,55.5206898885925],[-5.70382348440385,55.5326154149742],[-5.70468218518659,55.5360521977636],[-5.70426298311941,55.5366791031846],[-5.70639656070329,55.5429116886986],[-5.71453347519622,55.5754329806227],[-5.69558686748036,55.5862539629454],[-5.6927291485157,55.5873710265666],[-5.68794287497989,55.5980527975892],[-5.67232799333438,55.6328614511222],[-5.66307152421374,55.6678373227137],[-5.67654944935665,55.6824409100662],[-5.61999767747144,55.7097220470452],[-5.61922291511028,55.7109963989448],[-5.61866019241443,55.7112729962796],[-5.57842934061691,55.7596704873473],[-5.56982585161062,55.7669257124282],[-5.55344208292935,55.7670504933651],[-5.54933455314192,55.769606773057],[-5.48175167533439,55.8046327657712],[-5.44063157950233,55.8555195482351],[-5.53883485434697,55.7860194969687],[-5.57631607628803,55.7762217120427],[-5.58079245937616,55.7723024152401],[-5.61516846273738,55.7612801130224],[-5.60747142219985,55.773769751314],[-5.6003661777331,55.7775336121697],[-5.6121721186749,55.7801404806311],[-5.62097755515302,55.7820838591008],[-5.60800401370581,55.7950013483815],[-5.60796830621177,55.7950368877275],[-5.64024342104364,55.7869024325932],[-5.66583248576061,55.8006470831357],[-5.66662436052232,55.8025406894987],[-5.67124591562913,55.814529620489],[-5.65180623723474,55.8634113657581],[-5.62541890587744,55.8834027108156],[-5.61609481913904,55.8980004300948],[-5.5902088899988,55.9224801308081],[-5.57110896824166,55.9334863318444],[-5.57775257300542,55.940301833272],[-5.60910113879277,55.9291720683528],[-5.67884973239839,55.886360539406],[-5.67898319115699,55.8867007695142],[-5.68112665390113,55.9072561254182],[-5.6877345843272,55.9089967215586],[-5.68847423973413,55.9108798711015],[-5.67216134061807,55.9382892038964],[-5.66429807384203,55.9500461096882],[-5.65434821040977,55.9587218270029],[-5.59608310679483,56.0094358163037],[-5.57752949398051,56.0132496676993],[-5.57559024218395,56.0160463520096],[-5.57253433861333,56.0170315589309],[-5.56560600397038,56.0300221214453],[-5.59817875165412,56.0159255967402],[-5.56617643007811,56.041275876952],[-5.56716344479974,56.0408771833715],[-5.56644215612806,56.0414569928553],[-5.56861094279327,56.0402924567382],[-5.60906396086857,56.02393741734],[-5.58032355900796,56.0526664643286],[-5.61204101764108,56.0242682582047],[-5.62475450763234,56.0246860183876],[-5.62464569108006,56.0246151692704],[-5.61260143772953,56.0167505496036],[-5.64818368098237,55.9831764472633],[-5.65808995944286,55.98403118251],[-5.63571382423287,56.0129169266264],[-5.65402986718155,55.99783517456],[-5.66072220640131,55.9842581581915],[-5.66535406607552,55.9846574141684],[-5.66175529342417,55.982161475264],[-5.66333826476849,55.9789483897806],[-5.65779605473048,55.9794150314677],[-5.65474547074162,55.9772985406096],[-5.66826347562591,55.9639450475144],[-5.682213360217,55.9578909683765],[-5.68733697731197,55.9556665431946],[-5.68564086342291,55.957788472659],[-5.67647050207012,55.9692568798779],[-5.69772617328934,55.9574256313805],[-5.70687908179305,55.9523276971516],[-5.7135983611662,55.9492968987048],[-5.71247376971698,55.9519818874823],[-5.67182427628472,56.0055766538728],[-5.65608367719547,56.0234497377445],[-5.63582372463209,56.0290946653961],[-5.63264984718339,56.052537665325],[-5.58425826436096,56.0919962366887],[-5.58338099232362,56.0919702650838],[-5.56717529117639,56.0914893675965],[-5.56744792011521,56.0893709830409],[-5.56501856358581,56.0909949005321],[-5.56545462986606,56.0914381821082],[-5.55330168292686,56.091075971161],[-5.55426574860121,56.0922726567338],[-5.54382749219889,56.0922836630025],[-5.5509374347312,56.107916771279],[-5.5628396053167,56.1048267631007],[-5.56786955967915,56.1123658030932],[-5.56258618271405,56.1207066889531],[-5.50833585458764,56.1796937036918],[-5.50141350536816,56.1860014651843],[-5.50823302349647,56.1912932169672],[-5.51903162953017,56.1868510159085],[-5.52578355998219,56.1876501487052],[-5.53114809855642,56.1816684369123],[-5.53353333734749,56.1806478967211],[-5.53309768129024,56.1811933355766],[-5.53584237766,56.1796598648907],[-5.54576301910104,56.1745361056336],[-5.5794168868094,56.1571388167722],[-5.59238970851651,56.1403700418776],[-5.59827073680563,56.1327631295035],[-5.61466064967193,56.1315601107916],[-5.60471537811358,56.1400106863089],[-5.59110342326364,56.1515710999704],[-5.6004847926422,56.1498151253064],[-5.59749007238846,56.1594490648431],[-5.602389632563,56.1590912015927],[-5.60205570719002,56.1606122915394],[-5.58588430505149,56.1688525170734],[-5.58559968321391,56.1692034932276],[-5.58552365888701,56.169236156181],[-5.58537327086035,56.1694826835252],[-5.54867113927923,56.2146829057755],[-5.54095253563138,56.2178219028742],[-5.54843587085207,56.2304596128075],[-5.55101519062145,56.231331612486],[-5.55114654849828,56.2313760189146],[-5.56558379951044,56.236820359017],[-5.5516781635027,56.2384825846781],[-5.5429594171003,56.2395239217808],[-5.53313960483522,56.2455746996906],[-5.5217110377954,56.2483715440796],[-5.51143439057356,56.2467236098911],[-5.50526948790423,56.2523925820489],[-5.48704106822671,56.2568470796086],[-5.48727916539678,56.2570199264053],[-5.48133380406921,56.2569800233591],[-5.50520498383558,56.2701105552655],[-5.51743315001548,56.2594726302223],[-5.55372043661754,56.2605067936274],[-5.56184498360334,56.2607369237413],[-5.58168252090287,56.2481510786305],[-5.58879893220973,56.2484804180186],[-5.59592508663285,56.2489957846683],[-5.57919234589282,56.2838852086466],[-5.5847509403122,56.2873502212281],[-5.58858936778728,56.2844103854915],[-5.5776490802928,56.3334779702569],[-5.55274239077865,56.3471916535896],[-5.542715486591,56.3446561978463],[-5.54032468206672,56.3478508267697],[-5.53102570127446,56.3462503232634],[-5.52044661050026,56.3404415134963],[-5.52485899154369,56.3451884852047],[-5.51299497023067,56.3431446056006],[-5.49925377810148,56.3524651842981],[-5.4770458423313,56.3524124378587],[-5.46357690654964,56.3566379303176],[-5.44909182198209,56.3616579996887],[-5.45209567994726,56.3675582525938],[-5.47464774249942,56.356977718527],[-5.47807633013656,56.3553682928113],[-5.49782082387443,56.3587720499137],[-5.52046781935463,56.3450943983158],[-5.53803677066301,56.3593574669475],[-5.53811195905532,56.3594382769282],[-5.51403446069909,56.3956560416233],[-5.47281568448972,56.4128747465313],[-5.4834876348178,56.436089215474],[-5.44104242055974,56.4556703866262],[-5.43729266626789,56.4473478656196],[-5.41480928548699,56.4552220749626],[-5.41473178895766,56.455144615453],[-5.41424647775698,56.449741444358],[-5.35837994599784,56.458410043813],[-5.35927377823324,56.4573978194381],[-5.35674023843311,56.4580337027812],[-5.35822675572745,56.4584337740673],[-5.35045866141952,56.4596368102025],[-5.34261609920086,56.4562982141385],[-5.33044353432305,56.4505477081397],[-5.3298324508316,56.4508538334966],[-5.32933159403114,56.4506404667688],[-5.32258871016837,56.4544820265346],[-5.31607340639787,56.4577444223848],[-5.28610744956703,56.4486670561219],[-5.26930412657559,56.4505181378578],[-5.26684243750377,56.4578396380045],[-5.26662860464874,56.4576842277681],[-5.24860345032334,56.4374206098751],[-5.2456460048589,56.4371222731514],[-5.2371844315769,56.4362697504665],[-5.22764796816104,56.4455345038398],[-5.18944863078004,56.4487012758838],[-5.15694804587504,56.4721013424048],[-5.13553926475961,56.4769897009105],[-5.14446143070842,56.4823416171738],[-5.13128493612671,56.4926707484483],[-5.11834570134566,56.4894549230982],[-5.12919642362335,56.4930605258792],[-5.09591964962591,56.5284855850715],[-5.06466950064399,56.5629050734719],[-5.07865713599322,56.5598823253823],[-5.09763185027787,56.5357445787104],[-5.13433573929928,56.5034435356817],[-5.15591205181656,56.5012696772157],[-5.18355553757527,56.46133082309],[-5.2302264355425,56.4466359839037],[-5.24742173724961,56.4579210326703],[-5.25674511872124,56.4640364375941],[-5.28819886522039,56.4604429968141],[-5.34648134420375,56.4717815358882],[-5.36195523225453,56.4701268851354],[-5.36673767509804,56.4589819782504],[-5.40702789569784,56.4589400324412],[-5.4065790322256,56.4657532131693],[-5.40098522206033,56.4706960268355],[-5.40589270587836,56.4761674423095],[-5.40535553178037,56.484315656774],[-5.42016375560628,56.4920681061691],[-5.42220526502271,56.494341493682],[-5.42333980611622,56.4937301946002],[-5.42704480822028,56.4956688040067],[-5.4212376406353,56.5048453339695],[-5.41952551241497,56.507549975521],[-5.42252241965164,56.5048098314785],[-5.45081832577115,56.4789154717906],[-5.45363251606175,56.4773972498719],[-5.451632225487,56.4879781775556],[-5.47368473703142,56.4811103135306],[-5.4658480661128,56.4895347176326],[-5.43533288069381,56.5184895371739],[-5.42622762068248,56.5187168890366],[-5.42030435518049,56.5265578101135],[-5.41167942011525,56.5207296601152],[-5.40101304885504,56.5252568170008],[-5.3981901222328,56.5214750924896],[-5.40062648505842,56.5172284886375],[-5.39313406513168,56.5146996591991],[-5.38977762048812,56.5102003236993],[-5.38539417731127,56.5120864678944],[-5.38163306247551,56.5108163105464],[-5.33369197834001,56.5210000302814],[-5.29643022669865,56.5464496649231],[-5.24970131465711,56.5485425920102],[-5.24589723885444,56.5530361114846],[-5.26111652171617,56.5540622044231],[-5.23147773606963,56.5638901542382],[-5.28209515096912,56.5483378437301],[-5.3199645018236,56.547787825815],[-5.36147338980524,56.5262457939701],[-5.38279681948985,56.5241580159943],[-5.39322024192541,56.5437377520151],[-5.41672182041716,56.539020609157],[-5.40508481268094,56.5490379095062],[-5.41492916819108,56.5481088597439],[-5.41264063722203,56.5562278275943],[-5.40827274843197,56.5606796523706],[-5.39106492389176,56.5687787196322],[-5.39035530399892,56.5595475065598],[-5.36939555673662,56.5659083689338],[-5.38643519256419,56.5745990492296],[-5.36687819561853,56.5974537504647],[-5.3607932562713,56.6039023142895],[-5.3250231295763,56.6206810155965],[-5.29591998168234,56.6389488982904],[-5.2983439363592,56.642968897336],[-5.29774021799012,56.6434636852561],[-5.29870955402804,56.6435751745408],[-5.30092862373273,56.6472544417843],[-5.3264164100779,56.6471190891971],[-5.27788279857882,56.6697892745646],[-5.27608706079142,56.6701275179492],[-5.25548454306972,56.667315283882],[-5.25249028204701,56.6655439582837],[-5.22356337717065,56.6862809846742],[-5.18129317555952,56.688275501448],[-5.1468566086083,56.6771039610949],[-5.11632382607423,56.6808791431108],[-5.10627722143024,56.6918800458647],[-5.05109889334199,56.7048869097683],[-4.96946755517091,56.7145423184186],[-5.01288139917847,56.7140197516221],[-5.16257398768359,56.6848720181139],[-5.16807057441075,56.6925140261907],[-5.18860978988949,56.6918313255948],[-5.18561212208446,56.699618026472],[-5.18604508186063,56.6996313398973],[-5.18528007462909,56.6999033434789],[-5.24739781899531,56.7030113449706],[-5.22920370673545,56.7292670896277],[-5.11349650602406,56.8175139937938],[-5.11360452673752,56.81790156243],[-5.10216812374704,56.8266349666341],[-5.11115634131947,56.839125761094],[-5.12266191357709,56.8271348182085],[-5.2087713886342,56.7713391833988],[-5.2187855282217,56.765635549098],[-5.24024015825848,56.7668168658456],[-5.23358559195941,56.7560051682316],[-5.25338813800022,56.7343032569629],[-5.25652073675889,56.7319910696318],[-5.2448171937971,56.722079808129],[-5.24270854521894,56.7202435421016],[-5.26944223915636,56.7135670865836],[-5.27396968877163,56.7124356071235],[-5.28427482886695,56.700620829893],[-5.28768796302918,56.7097502401443],[-5.29845009367718,56.7121866187055],[-5.30469985493006,56.7080344712318],[-5.30804390436768,56.7078930068226],[-5.32768222854247,56.6947488897961],[-5.35004357737429,56.6865835360335],[-5.36082917833447,56.6826424431989],[-5.35575567000271,56.6759380412926],[-5.39908335196063,56.6468573352995],[-5.43416774671209,56.6427600291432],[-5.47027110124841,56.6152813552546],[-5.48429683767007,56.6171769446429],[-5.48932369692043,56.6102524969697],[-5.51892322114797,56.6165742748205],[-5.49213600341033,56.6063774082754],[-5.49219413013926,56.6062973066534],[-5.54778297178615,56.5535932763395],[-5.579516681489,56.5360033373471],[-5.5986757594636,56.5253718126799],[-5.68494861962494,56.49728862768],[-5.69135363516441,56.5061349642903],[-5.69515091803292,56.5118722044714],[-5.74569153000614,56.5250919951797],[-5.75474881784016,56.5187979595966],[-5.76400343228925,56.5262079531187],[-5.771402438687,56.5325410578588],[-5.74043687600257,56.5622552202746],[-5.74816959333399,56.5648633348382],[-5.78426038243033,56.5323959647567],[-5.90450182577322,56.5511249779475],[-5.90665524357663,56.5523491182286],[-5.95962099578074,56.5824204378489],[-5.97835202557177,56.6103765644605],[-6.00097056284958,56.6198111403994],[-6.00480400901282,56.6476080419365],[-6.00248599225131,56.6499494338951],[-6.00061261837778,56.6501715229126],[-5.97252017197738,56.6494184450122],[-5.95013531760382,56.6560666173707],[-5.92838303539811,56.6511493983999],[-5.92417187197808,56.6524030664181],[-5.92357476926534,56.6523173454455],[-5.91931731180833,56.6538479960595],[-5.9172276695375,56.6544698731623],[-5.90607853094601,56.6577869257556],[-5.89147396358448,56.6393486454446],[-5.87927227710743,56.6391120979617],[-5.83281163092171,56.6234539156509],[-5.84109147311411,56.6345365565541],[-5.8689008375993,56.6425068209008],[-5.87660666767279,56.6501399506905],[-5.87659708403032,56.6537460699978],[-5.85059939501875,56.6597185873803],[-5.83977671368727,56.6605807449089],[-5.8322777399398,56.6639233769557],[-5.81914625275587,56.6669348213716],[-5.8055300980521,56.6734803154789],[-5.74681710189959,56.7019443530255],[-5.72106375112112,56.6967878613289],[-5.70410820185871,56.6821576697906],[-5.68770016422818,56.6847537297153],[-5.65956609332674,56.676567079901],[-5.54462169950064,56.687794443954],[-5.61601628581773,56.6890884834223],[-5.66390016116278,56.6800717407235],[-5.71803990671795,56.7098568469898],[-5.77087253486692,56.7081091871014],[-5.77702167234092,56.7150580866047],[-5.77901215892544,56.705816682725],[-5.8392687552979,56.6722674605169],[-5.83969343189799,56.6724293848853],[-5.86079405018137,56.6804713077157],[-5.88914826330412,56.6736083124487],[-5.9194641874553,56.6759855481812],[-5.92739021924372,56.676605813877],[-5.9344002034098,56.6859784378026],[-5.94574001761493,56.6789027315501],[-5.94792563722477,56.6864939463941],[-5.97447086266253,56.6721108132131],[-5.98635571645631,56.6834832335761],[-5.98652159603203,56.6834697379392],[-5.98658076296934,56.6835254878798],[-6.02994206628137,56.6799292130613],[-6.06750017850163,56.6938622206381],[-6.09779438420094,56.6873920731445],[-6.11782383457517,56.6953166925121],[-6.14361996776929,56.6825415866267],[-6.18498785335476,56.6874441323399],[-6.1977276866796,56.6946897780786],[-6.22633154790075,56.7145662976376],[-6.22693140165462,56.7279950560655],[-6.22664652940013,56.7279604577623],[-6.21222630724962,56.7262076934938],[-6.2056184173263,56.735338264719],[-6.18385600292252,56.7369512395406],[-6.19172969763974,56.7526811583157],[-6.16817760267681,56.7524191938612],[-6.16579497828495,56.7534688042379],[-6.16196640644531,56.7534633832574],[-6.14547148136425,56.7624176612474],[-6.07731795294639,56.7610424005062],[-6.06495303627125,56.7586252508983],[-6.04972056331418,56.766607946922],[-6.01742553062754,56.7638945174036],[-6.01376690527068,56.7722503394148],[-5.98788258584955,56.7683161718853],[-5.98420479200822,56.7692384249153],[-5.98235873207817,56.7690369907983],[-5.9813319633425,56.7699587219926],[-5.97096536187826,56.7725571448867],[-5.96645572500784,56.7833073109977],[-5.96530802526707,56.7843366985956],[-5.92838393825096,56.7615062772993],[-5.90945849560118,56.7497890615013],[-5.88622700328104,56.7633207763867],[-5.86969355573816,56.7554778112747],[-5.87704202575767,56.7454751554766],[-5.85243845255287,56.7525780702553],[-5.84937072947899,56.760224142876],[-5.88959984778618,56.7664839579392],[-5.88700899353314,56.7852167297776],[-5.86217462124797,56.7785996627482],[-5.8617165683079,56.7787322822907],[-5.85800560473152,56.7777802419172],[-5.83691628944754,56.7780765357147],[-5.8237093156336,56.7857337813423],[-5.81386289340376,56.785314757429],[-5.80380176380591,56.7839925809005],[-5.8017369394788,56.7866361108723],[-5.79283759841169,56.7926079783457],[-5.79750317887041,56.7920552385809],[-5.79523941212025,56.7949521369171],[-5.86500348839501,56.8106616729454],[-5.86282670974799,56.8206666272378],[-5.85798748309481,56.8300764063094],[-5.82909304730051,56.8347841169996],[-5.81664168462254,56.8280087236755],[-5.81378311329915,56.8315453608525],[-5.79522832343258,56.8370235898837],[-5.78593186601035,56.8366778926678],[-5.75672830052409,56.848376942075],[-5.71918019317329,56.8436282454955],[-5.70599753251163,56.8563070060804],[-5.69851363884211,56.8635004728838],[-5.67572694630905,56.8708744779104],[-5.67627673582386,56.8729034241534],[-5.66621441770109,56.8754619208905],[-5.67748714786644,56.8773694962649],[-5.67812841725484,56.8797351273642],[-5.68869467653359,56.879575101238],[-5.68900855128386,56.879317891336],[-5.69035190713529,56.8795449841537],[-5.71851346710469,56.8559341293183],[-5.72623237906256,56.8494563011664],[-5.73541686479434,56.8509475885429],[-5.75798839184786,56.8547507686429],[-5.75925188927572,56.8549635166784],[-5.75831591772655,56.8548937784815],[-5.7589670614455,56.8554945414112],[-5.76010071517919,56.8551064330926],[-5.78863921386467,56.8599074324168],[-5.78482504420373,56.862514189672],[-5.75691642426951,56.8789144336847],[-5.72569638398681,56.8853634960997],[-5.73561765620908,56.8869262486098],[-5.74332678292413,56.8881398983764],[-5.73995575677078,56.8922674386438],[-5.7371950504935,56.8956469652668],[-5.80509516616846,56.8899798315634],[-5.8099734377567,56.8874106991864],[-5.82388529885996,56.8800811338161],[-5.82741446937076,56.8883259613122],[-5.85052852216687,56.8803720334356],[-5.8638171750826,56.8838250151967],[-5.88730466612864,56.8739931056778],[-5.90842071942151,56.883197805407],[-5.92191213574363,56.8813792345744],[-5.92205482918786,56.8814096970095],[-5.92319571276784,56.8853107293847],[-5.92438288295848,56.892713483799],[-5.8988691279262,56.8968134709185],[-5.8937081670078,56.9059247464814],[-5.87914998444305,56.8992444887785],[-5.85113130224077,56.899694259467],[-5.85236913518366,56.9093399556683],[-5.87558600995496,56.9089223209832],[-5.90230912924179,56.9203856365803],[-5.89086552344755,56.9276350468968],[-5.8748192586879,56.9252128712528],[-5.8593327958558,56.9413314271285],[-5.85979727998887,56.95737525723],[-5.83721456982852,56.9697779319373],[-5.84837210016801,56.972893653139],[-5.8468708911943,56.9856986426931],[-5.83190415526656,56.9942363218844],[-5.83143138522541,57.0014673799483],[-5.82677768384067,57.0062173910059],[-5.82313182433229,57.0044816073852],[-5.80953384033324,57.0131743707218],[-5.73537170399527,57.0179243457861],[-5.72731762534109,57.0183173948199],[-5.70876782234123,56.9910876639892],[-5.63477284604039,56.969866581022],[-5.62379290015782,56.9754119783846],[-5.60351809958839,56.9844660621551],[-5.5892946254905,56.9803218126465],[-5.52294800408844,56.9945873621898],[-5.52757808741208,57.0000818513954],[-5.55169885213473,56.998908782307],[-5.61269687905597,56.9837920730671],[-5.6226554934302,56.9860128525511],[-5.66243253328631,56.9948725322009],[-5.68432284272633,57.0185758588784],[-5.6838226076762,57.021647446442],[-5.6789626930623,57.0258190150258],[-5.66431690607267,57.0279880095671],[-5.67348854678759,57.0338279712055],[-5.68305077651909,57.0359629521234],[-5.68404119640554,57.0372819636429],[-5.69601240489283,57.0388553496569],[-5.70631611014331,57.0411533407344],[-5.74397166417539,57.0349928307135],[-5.74528525630995,57.034777685228],[-5.7326803219364,57.0311851658011],[-5.74021426784719,57.0280559336393],[-5.74415348919372,57.029215561233],[-5.75471771742684,57.0326142748797],[-5.7555105468698,57.0346468310794],[-5.7620707154328,57.0514555221236],[-5.78160849352078,57.0442804265447],[-5.7966911173212,57.0659352037255],[-5.72549637714359,57.1012171315048],[-5.72418699984548,57.1074534434924],[-5.72192509071269,57.1182214644731],[-5.68182973511722,57.1188897683208],[-5.64489103916098,57.1277112408214],[-5.63636900268262,57.1263568850484],[-5.59194371906859,57.119285581758],[-5.58413354851961,57.1119925512038],[-5.56720996531995,57.0960063395212],[-5.56023417699618,57.0988704680892],[-5.5196994885026,57.0815784504321],[-5.50970349015473,57.0976095902517],[-5.49411643867507,57.0980096306065],[-5.42445869926525,57.109182484205],[-5.39177463940687,57.1089646860765],[-5.42669720223366,57.1151874285745],[-5.47564802147935,57.1033058142877],[-5.48685955547045,57.1005808278665],[-5.48736171009277,57.1011721924898],[-5.48796951611783,57.1018879482346],[-5.49092791944389,57.1053713345898],[-5.52387072841521,57.1020849187627],[-5.55280820122323,57.1124809120524],[-5.56150498876246,57.1335968818898],[-5.57759174137282,57.1328255171947],[-5.61032395157856,57.1456815952411],[-5.63809269398094,57.1439107507821],[-5.6605150464225,57.1424762611586],[-5.68209134075314,57.1528737859827],[-5.68886686605035,57.1640712963739],[-5.68806206466637,57.1676282797507],[-5.69090743607566,57.1674421726608],[-5.69137206612252,57.168209614473],[-5.68278599527791,57.177375167188],[-5.66605508016894,57.1880538062513],[-5.64323776487092,57.1961782233583],[-5.63165205361516,57.2003006046056],[-5.62384039611506,57.2123193555577],[-5.62361548385176,57.2183442179702],[-5.62355228808224,57.2200370056279],[-5.64613155603812,57.2254993388526],[-5.65518443378802,57.2276877851083],[-5.65370414046679,57.2360399137104],[-5.65299398147531,57.2381429157032],[-5.64776099972708,57.2419825600882],[-5.63688220452939,57.2499615579841],[-5.5974191238441,57.2590881449188],[-5.58424911225468,57.2556486847004],[-5.5659599348714,57.2616542231811],[-5.5382791937617,57.2692285761643],[-5.52613646301313,57.2690637371711],[-5.51162413783803,57.2602867615386],[-5.48136224108992,57.2358367349522],[-5.45532035095673,57.2230946283347],[-5.4330322366883,57.2121777695349],[-5.424518603185,57.2207701501642],[-5.40783736646594,57.2258842885982],[-5.40638971763224,57.2329874902334],[-5.41536308838624,57.2286038744401],[-5.41645284149776,57.2289063750602],[-5.41536491700472,57.2300034961165],[-5.43372539205727,57.2336990451563],[-5.45542716527717,57.2397155182354],[-5.5142483008485,57.2744444242903],[-5.51631223133068,57.2752177463966],[-5.49081728766274,57.2937680443505],[-5.48643572461794,57.2970506098687],[-5.48652047808518,57.3060955511205],[-5.46310120667714,57.313005625446],[-5.48836511765194,57.3074188695115],[-5.48883337069549,57.2997807012025],[-5.49770401677956,57.2945110197779],[-5.51503997749563,57.2895566874815],[-5.52229603734415,57.2774593754537],[-5.5257883330789,57.2787673836333],[-5.52608569716261,57.2805743812364],[-5.52944094150872,57.2801352334662],[-5.5348667026702,57.282166722829],[-5.5621454434713,57.276792580179],[-5.55772893012108,57.2829826807729],[-5.59238845448527,57.2708257444403],[-5.5925251372791,57.2707987566531],[-5.60025004212276,57.2808829648417],[-5.6181683941264,57.274332550637],[-5.64794358444143,57.2871361895779],[-5.65212160037568,57.2860064251112],[-5.65763834303978,57.2845143419064],[-5.70082336623774,57.2808603960988],[-5.73006888420419,57.2814266570203],[-5.73055401699903,57.2816524513506],[-5.71812886047023,57.2835385840559],[-5.72944961504079,57.2966303919898],[-5.71649738522251,57.3030787950017],[-5.72658246131037,57.3044359771494],[-5.72545501047127,57.3064837350378],[-5.71649877941816,57.3152746567332],[-5.7016808254987,57.3180013041671],[-5.69746969027388,57.326638556888],[-5.6881125097604,57.3227852058148],[-5.67094965987613,57.3273112782433],[-5.68140427158771,57.3282913328172],[-5.68491248574643,57.3370695650127],[-5.68578696087338,57.341406332648],[-5.66182883787011,57.3399645078931],[-5.6576327986769,57.3414571824208],[-5.6483436560974,57.3447607295626],[-5.64828896378355,57.3437010851911],[-5.65727129521526,57.3378261233683],[-5.66164162646949,57.3349667772189],[-5.65696405198603,57.3347393885646],[-5.65042393642568,57.3344211604379],[-5.63582460694773,57.3367049598404],[-5.61558174120514,57.3385645961638],[-5.61034047809934,57.3406867607057],[-5.58743928568599,57.3442598713231],[-5.57825512530919,57.3532431572987],[-5.57750955048204,57.3537042158188],[-5.53532725750717,57.3526350230421],[-5.51965636113927,57.360408851746],[-5.50518058482017,57.3670565875646],[-5.48698646660977,57.3765987751323],[-5.45735820642297,57.3912618917393],[-5.45406403490147,57.4029213790136],[-5.45390460138601,57.4034855064472],[-5.45516068754853,57.4034624644378],[-5.45258936718279,57.4079604111922],[-5.45828712004908,57.4034050592548],[-5.45975778287934,57.4033780289211],[-5.47259330037231,57.4088373494772],[-5.48263231871092,57.4023900993812],[-5.4833977279273,57.4021118326264],[-5.4851768673464,57.4014649849811],[-5.50565815800453,57.3940151154603],[-5.50137841498039,57.3903428845798],[-5.50879436073997,57.3855740988141],[-5.51807827569318,57.3833346403958],[-5.55202695578959,57.3581856758202],[-5.60163723964829,57.355248146173],[-5.6129804952446,57.3591058341142],[-5.61281416683283,57.3593510375377],[-5.59958826964202,57.3651412594663],[-5.63570699332949,57.3666279142354],[-5.63394241779642,57.380060938483],[-5.6300457544425,57.3811284033507],[-5.60268342734101,57.3880079115933],[-5.60313602524179,57.3884951241223],[-5.59405289931426,57.3909797232433],[-5.61237785035523,57.3984404880581],[-5.61700256971186,57.4034149325969],[-5.65307531403387,57.3886483866809],[-5.66208295292204,57.3860827228028],[-5.68876199682927,57.3784778127949],[-5.71672955069189,57.3625371771746],[-5.73844337601442,57.3536144410603],[-5.78843854263526,57.3463828892149],[-5.78931612515738,57.347039991707],[-5.80886266860715,57.3735704973136],[-5.81322069213202,57.3621770232079],[-5.81778739756946,57.3623529201258],[-5.82202168409999,57.3636090885482],[-5.83136388804039,57.3905362681109],[-5.82874166300646,57.3900977142171],[-5.82255771327312,57.3868680327728],[-5.82243933122833,57.3890434122556],[-5.81915407755206,57.3884936785529],[-5.81955350343313,57.3923518193793],[-5.82049256510567,57.4014186212741],[-5.82021411800883,57.4013736587844],[-5.80801972835206,57.3927015853711],[-5.8060054532073,57.3912686091683],[-5.80702289886871,57.3927317679857],[-5.81212510256126,57.4000671505816],[-5.80778049938372,57.3993651702519],[-5.8149279183619,57.4040953426919],[-5.82344303668397,57.4163272148195],[-5.82093945619402,57.4237279548124],[-5.80613781285736,57.4390153936343],[-5.8281223425845,57.4405819715575],[-5.8287944906429,57.4410991230807],[-5.84476709321583,57.441765395793],[-5.85386066034581,57.4424109755468],[-5.87287766554969,57.4741414203253],[-5.87087098496124,57.4819602554863],[-5.8441430007203,57.5586263522293],[-5.83866253775055,57.5559934832324],[-5.83702602569247,57.5716406544534],[-5.83625397220527,57.5790187937454],[-5.8289252678092,57.5782100352269],[-5.82395371406081,57.5767264456735],[-5.82283234325551,57.5775372908142],[-5.82025154416141,57.5772522374592],[-5.81447147347899,57.5835814628599],[-5.81183217619305,57.5854889175662],[-5.79859998660382,57.5743366631254],[-5.79175087208469,57.57429161443],[-5.76954031618756,57.560761845969],[-5.76827367762323,57.5594361685487],[-5.74330647727819,57.553971650277],[-5.74261578229185,57.5495727885373],[-5.74272260385945,57.5439735197554],[-5.74177188592407,57.544196714281],[-5.74161390984396,57.5431901192129],[-5.72713545288895,57.5476178489012],[-5.70660686237837,57.5397046194537],[-5.71136142058928,57.5550055514497],[-5.7097574119155,57.555822646236],[-5.70825798277317,57.5547735008112],[-5.6991774495214,57.5324743378052],[-5.64995781181167,57.5106515303365],[-5.65057860127159,57.5143548093529],[-5.64729815220108,57.5120524481348],[-5.65142211192029,57.5193850211435],[-5.65582362172263,57.545606086404],[-5.62160726580687,57.5211427435686],[-5.62314012324843,57.5322867768335],[-5.58066404635071,57.5347005366756],[-5.57379320782282,57.5294881445419],[-5.57737763194975,57.5362996450296],[-5.5625385711472,57.5319822606682],[-5.5619281096839,57.5386519551106],[-5.53491055104343,57.5308201430153],[-5.52269438344507,57.5445161916686],[-5.53377268749503,57.5522276755161],[-5.59008052984126,57.5564877173599],[-5.63439961857099,57.5555166580331],[-5.66653293151523,57.5462245816114],[-5.66960089099161,57.5516685931042],[-5.67048822962188,57.5521986258651],[-5.67067804250948,57.5529735370061],[-5.67310030427955,57.5537587634949],[-5.6792925332756,57.5574564913704],[-5.70145210759518,57.570680444288],[-5.68145070867654,57.5675569187223],[-5.68555005714838,57.5761569298276],[-5.68608540816992,57.5772797291785],[-5.72781861874219,57.5855104685402],[-5.73332887146897,57.6067448360739],[-5.75562155760823,57.6235971331024],[-5.76283872050224,57.6263306882187],[-5.78393472484889,57.6357566717241],[-5.7889675870262,57.6362202307817],[-5.80108367810141,57.6408023523997],[-5.81889248961737,57.6390188623053],[-5.80495256279484,57.66716798585],[-5.78742621831019,57.683413388239],[-5.7889820716525,57.6974128896687],[-5.73813539654897,57.7084157887878],[-5.72876026733241,57.7000084865967],[-5.73087030854828,57.6985296688454],[-5.72636857250313,57.6987024886794],[-5.68675050163255,57.6903087407935],[-5.68385962223626,57.6890105392737],[-5.68786223218324,57.6991623628381],[-5.67169438686067,57.7014582321591],[-5.67791385863069,57.7125835398856],[-5.69382049221855,57.7116727110545],[-5.68666454397636,57.7183134868269],[-5.69644158241533,57.7301335098756],[-5.69683366691624,57.7301414697702],[-5.75987747351378,57.7314051968673],[-5.77221151098762,57.7406801044055],[-5.8129827502134,57.7498884306565],[-5.81234118271671,57.7522048763747],[-5.80091161494898,57.7934115349644],[-5.80300185290981,57.7973959472575],[-5.81413815517001,57.8574399905189],[-5.81414187640805,57.858169422907],[-5.80775651707069,57.8586003512497],[-5.77938863907669,57.8588550924885],[-5.76101519706691,57.8702755998514],[-5.73907769873651,57.8652024714993],[-5.71110491432473,57.8691868197668],[-5.70050541821121,57.8706947237248],[-5.6908109404604,57.8676252705233],[-5.69160908743187,57.867695306831],[-5.68977955075079,57.8671282652281],[-5.69037754137669,57.8674880183898],[-5.68942640718853,57.8671756945954],[-5.68936799814751,57.8671682995762],[-5.68466150588756,57.8656775875035],[-5.68351938570343,57.8650633916132],[-5.6925587413236,57.8437628677038],[-5.6916853447079,57.8436897682239],[-5.68282132869669,57.8377421559892],[-5.6848661449122,57.8345031720175],[-5.67648821125767,57.8290756470887],[-5.67215824980597,57.8305839157611],[-5.66205690191236,57.823799257753],[-5.66137489313385,57.8227213926114],[-5.66884246078373,57.8000677222757],[-5.62348365563513,57.768318204052],[-5.62284276353174,57.7682201256954],[-5.6224715853634,57.7679561613168],[-5.60315526642898,57.7652064456752],[-5.59629543668519,57.7732066287951],[-5.62226260640275,57.7897895435686],[-5.6085512080315,57.7964381048182],[-5.60445853675167,57.7873116204724],[-5.60474400365099,57.7869723702133],[-5.57909416213667,57.7905104730541],[-5.58048814579875,57.7988486173697],[-5.59768640441666,57.801876036986],[-5.58182376854777,57.836020107864],[-5.58614484193861,57.8367371107833],[-5.59663453026227,57.8392846513709],[-5.60500093387568,57.850557279285],[-5.64266811665854,57.8560309264393],[-5.63847205943748,57.863055715938],[-5.65561756438939,57.8787487783143],[-5.65401121768068,57.8799083079323],[-5.64362872771598,57.8831367213184],[-5.64717161936042,57.8848443627708],[-5.64683402434679,57.8850879551061],[-5.65587728877053,57.8890393085656],[-5.65211450185106,57.8941744083793],[-5.62061937534611,57.9226121946622],[-5.61840170743542,57.9243381784736],[-5.58144790374098,57.9195510302599],[-5.57912728099206,57.9138650091368],[-5.57771050468365,57.9103095796544],[-5.5614487550971,57.9177834210298],[-5.54050673759108,57.8695370270017],[-5.53661635620792,57.8686214379187],[-5.53628072817246,57.867955982009],[-5.508021898345,57.8618866864639],[-5.46840564574467,57.8525411786634],[-5.45209645738908,57.8530268669616],[-5.45679713944505,57.8651958229613],[-5.441709179915,57.8698177404426],[-5.42230845703936,57.9092379334398],[-5.37603212067451,57.8940054709346],[-5.34531487939075,57.8838778870113],[-5.31040358996947,57.8608288328104],[-5.23150965925256,57.8471061699312],[-5.2474584311833,57.8670947206032],[-5.31120329879049,57.8788748308834],[-5.34021582703671,57.9065089403578],[-5.39366783664992,57.912414436852],[-5.39402390115034,57.9126233026207],[-5.40439032767356,57.9313381578339],[-5.37943348925427,57.9301901168202],[-5.37182231305047,57.9298390166893],[-5.37185137979105,57.9301275696637],[-5.37133215898526,57.9301081842732],[-5.36552460115691,57.9383029242142],[-5.36356050051519,57.9385969063903],[-5.35922788594438,57.9355780195715],[-5.35541969208785,57.9267231400814],[-5.33157660700117,57.9147026302185],[-5.32874414636118,57.9143186579833],[-5.32868815455089,57.9142795786666],[-5.32508512273654,57.9138225294382],[-5.29920456059638,57.910309949891],[-5.23945072061855,57.9175539373046],[-5.15122132879943,57.8756076832549],[-5.12705545363444,57.8748962716693],[-5.08590203426519,57.8297790422701],[-5.07107506008314,57.827179646062],[-5.10332436969157,57.8718768803405],[-5.13282484816315,57.8799730978567],[-5.1523387975596,57.8959517601068],[-5.1655573847989,57.8926916935775],[-5.18734078928884,57.9047954633077],[-5.1666125244291,57.9016469547581],[-5.22347818112779,57.924848339266],[-5.199701580198,57.9286634894591],[-5.19961327362313,57.9292888582074],[-5.19833844188525,57.9295013416248],[-5.19938873456143,57.9308788921735],[-5.19865302134669,57.9360878650787],[-5.19412912812496,57.9372479665817],[-5.18667123041559,57.9372628214647],[-5.18517950827016,57.9395423062354],[-5.1794557508207,57.9410091765606],[-5.17654598817476,57.9495216514042],[-5.17424925808792,57.9562357359769],[-5.18485225501346,57.9493136203834],[-5.19247956973119,57.9443312502835],[-5.19255605617979,57.9443513494881],[-5.19243870313016,57.9491231680617],[-5.19223375508645,57.9574556037761],[-5.22560418287202,57.9580235355444],[-5.24614524484442,57.9708700525815],[-5.31074120702977,57.9792740905797],[-5.31001488232546,57.9819017357948],[-5.30754302036067,57.9883954443783],[-5.33085368118795,58.0068086387558],[-5.35495137952386,58.0064015057082],[-5.34727408518177,58.0135527119079],[-5.35704003068615,58.0263824386818],[-5.38881376041841,58.0295425520694],[-5.41957107958648,58.0325934713049],[-5.41961920408115,58.032659090784],[-5.4132861955711,58.0521196520245],[-5.41257283549653,58.0528452321237],[-5.41784920136248,58.0543959879416],[-5.45123980005702,58.0685726872158],[-5.45751590138636,58.0741969446492],[-5.45722186881677,58.0748816758721],[-5.44631288032437,58.0803438178011],[-5.45359712533446,58.083320737388],[-5.45021461293709,58.0911922974997],[-5.44668807180113,58.0971473961732],[-5.4366464320266,58.0962683511803],[-5.42740398418286,58.1061760685328],[-5.3948499519768,58.0931348560405],[-5.38057515172559,58.0874106913784],[-5.3570305251317,58.0575764377966],[-5.35174204183546,58.0786636080017],[-5.34530960512924,58.0794989623028],[-5.34588147965314,58.0789526886957],[-5.34241450031427,58.0792550473074],[-5.34441056397931,58.0796156883582],[-5.3393285533019,58.080275371374],[-5.32390568429936,58.0679787111416],[-5.30058039444517,58.064186302562],[-5.29958741596303,58.0654178269987],[-5.28226327670072,58.0737875056791],[-5.27919601569482,58.0737274880652],[-5.28620292073088,58.080890961193],[-5.28745580341886,58.0830861364504],[-5.27510784025803,58.0843499039434],[-5.27518931508226,58.0844815807657],[-5.27721830797576,58.0969985712411],[-5.26669957852382,58.1018043687485],[-5.27447644284839,58.1108802683777],[-5.28581704057476,58.1078017172197],[-5.28412260911407,58.1094659159403],[-5.27896107104926,58.1142207930082],[-5.2792199657549,58.1142801004847],[-5.27887064783081,58.1146230596073],[-5.2802658583203,58.1145196840241],[-5.30291467216814,58.11970493441],[-5.26218256964144,58.121105252207],[-5.26245828026289,58.1212217821948],[-5.26220514968611,58.1212384622649],[-5.2745413279903,58.1267966922458],[-5.29713547709059,58.1369694650129],[-5.26901979623738,58.1375092560187],[-5.25801696643579,58.1374218355422],[-5.25643242751546,58.1400501463359],[-5.24668063829172,58.1479683432151],[-5.2396843539612,58.1466670911342],[-5.2375077029709,58.1554132961265],[-5.23769375941303,58.1553683913419],[-5.23765436006638,58.155471192712],[-5.26950338745512,58.14758702857],[-5.30966476715357,58.1549923935114],[-5.27876052102049,58.1668918238233],[-5.30997438669577,58.1623457335431],[-5.31807414413173,58.1698739356551],[-5.30413529672388,58.1757459493065],[-5.33223909395531,58.1806273847908],[-5.34033795479287,58.1988191607106],[-5.34876983997695,58.200676471449],[-5.36201615563338,58.2173516722739],[-5.40420041271859,58.2351454732497],[-5.4035395554943,58.2369457334361],[-5.37574275689578,58.2648552738531],[-5.36687833694615,58.2520651810354],[-5.33822722526643,58.2517643347134],[-5.33918422391819,58.2490379287094],[-5.34349653479533,58.242816134949],[-5.31978013513035,58.2398075897842],[-5.31025877077731,58.2242024490901],[-5.30705039965066,58.2258654206196],[-5.24274761083511,58.2497605989544],[-5.28010108676875,58.2577762012719],[-5.262254137371,58.2685566729578],[-5.25796588310813,58.2599923890715],[-5.24010334198229,58.2615882758026],[-5.2416885496905,58.2493650625771],[-5.2400513658744,58.2549566654991],[-5.23793448165643,58.254121510642],[-5.23729708282636,58.2537367869225],[-5.237206892271,58.2538344448776],[-5.22737029781703,58.249952600773],[-5.2271502108397,58.2582402871686],[-5.22713539560823,58.2587980744867],[-5.22326836407001,58.2568141140234],[-5.22277116895783,58.2563737830638],[-5.22252706732796,58.2564337565441],[-5.20356688620429,58.2467010122357],[-5.18069473011727,58.2521668625512],[-5.17323582963531,58.2417557943885],[-5.17331973791901,58.2415743353004],[-5.1587047778221,58.2329583829386],[-5.17192716172434,58.2445112883708],[-5.16552815888792,58.2583588660819],[-5.15408149435074,58.2527419188622],[-5.15253384654503,58.2536731668839],[-5.15172901161768,58.2533213283961],[-5.12599350707335,58.2584523644474],[-5.1220030627385,58.2503130876641],[-5.1202823829905,58.2577877620995],[-5.12509330069013,58.260137135729],[-5.13258971607835,58.2602544034423],[-5.13140217289721,58.2632075901205],[-5.10911046750203,58.2700988520974],[-5.0569604817273,58.246481569065],[-5.05576768603306,58.2466157913948],[-5.05395432463823,58.2458165466673],[-5.05319727433748,58.2469049925646],[-5.02639130816436,58.2499176195258],[-5.02371813380017,58.2497358707914],[-5.02563178368672,58.2502010763601],[-5.02084290207334,58.2576091329769],[-5.00746691691962,58.2548963323251],[-4.99824542549959,58.2389861725078],[-4.93572351145841,58.2144122361325],[-4.95036799491362,58.2323238767905],[-4.99506673122053,58.2507932517807],[-4.9231123363327,58.256383909398],[-5.00907467961525,58.2638993362791],[-5.03181236792049,58.262166161484],[-5.02226810225753,58.2586268833171],[-5.030562264924,58.2553207502544],[-5.05463528808749,58.2572467420737],[-5.06081313541289,58.2587462736856],[-5.10882256015735,58.2745577939176],[-5.10914763250189,58.2746867726403],[-5.11026871205284,58.2821316364669],[-5.12234924138724,58.2799232402988],[-5.12319074732437,58.2802569265975],[-5.13425692728029,58.2778746421921],[-5.13542071665144,58.2858259418522],[-5.13371272398535,58.2870246654355],[-5.1267335942735,58.2854006183077],[-5.12211537102921,58.2831801064257],[-5.12286735520949,58.2845007123668],[-5.11965971869851,58.2837539786347],[-5.12290677866478,58.2933899807684],[-5.1370477326202,58.2912057086788],[-5.13951848924267,58.291075449465],[-5.13429537629707,58.2981574449048],[-5.14004721632734,58.3045273867986],[-5.12835953696545,58.3103820071438],[-5.14674646120196,58.3119432555454],[-5.12754789433704,58.3199392618477],[-5.14312050899636,58.3274688034589],[-5.14452091278148,58.3263476381193],[-5.14636131487361,58.3271194733468],[-5.1590620988387,58.320564779782],[-5.16960623524194,58.3220286083982],[-5.15837608440378,58.3352939122276],[-5.17504349841953,58.3460322599973],[-5.17468067040192,58.3505562983628],[-5.18230114540406,58.3507054239256],[-5.18287558554719,58.3510752312403],[-5.15459599984873,58.3528750703762],[-5.17592895538552,58.3619521436687],[-5.14446097368815,58.3852836194888],[-5.14598430568525,58.3879370358997],[-5.14555929822706,58.3880067430776],[-5.14605520757782,58.3880605262384],[-5.15334777109503,58.400757034596],[-5.14226712292414,58.4121564021573],[-5.11635558019858,58.3958752605325],[-5.08913887150109,58.3945581239835],[-5.09136200273191,58.3899973077076],[-5.07555556571555,58.3933328000764],[-5.07140533792389,58.3923653292468],[-5.06575572389795,58.3824846103845],[-5.01966942539957,58.3767173665977],[-5.04493455141183,58.3861902575896],[-5.04478427300461,58.3862794214434],[-5.04451764153663,58.3862181624183],[-5.03224517556842,58.392858916084],[-5.06023375802264,58.3998989922021],[-5.05481997944826,58.4040096319992],[-5.07039365519355,58.4024523456626],[-5.07095700020349,58.4025938896941],[-5.05244239972211,58.4114537145108],[-5.03248127511527,58.4098387402418],[-5.06658611551707,58.4146834836999],[-5.06883534141432,58.4078622901334],[-5.08865809492558,58.4070395319873],[-5.10454352452459,58.4110261043756],[-5.11013708339438,58.4134730970781],[-5.08322171700808,58.4148411582583],[-5.07242781650294,58.4153881780249],[-5.08355189686781,58.4186156297995],[-5.09213185505168,58.421106291536],[-5.1157042942839,58.4279352526295],[-5.10279719056066,58.438728593496],[-5.08344134910899,58.4375192823138],[-5.10026978517763,58.4405528745735],[-5.08601129703164,58.4466989651762],[-5.08138241760387,58.4492121021026],[-5.07704971437805,58.451061349876],[-5.05210378304878,58.4500233414876],[-5.03065101405101,58.4481637426157],[-4.99309477396367,58.4231173362397],[-5.00097372217014,58.4356950911504],[-4.99099992228873,58.4402510965787],[-5.01559388261999,58.4451535783552],[-5.01651579441245,58.4522925978628],[-5.07707163332099,58.4569665798788],[-5.05644775183191,58.4636818023072],[-5.05636178790957,58.4637083508919],[-5.05574865349108,58.4639093298985],[-5.08637666237973,58.4692495338906],[-5.0862642008938,58.4773118172632],[-5.08877373555625,58.4781829742999],[-5.10185189489625,58.4827214080928],[-5.11491219313746,58.4785526869667],[-5.12581507059038,58.4890584902853],[-5.12544439694711,58.4900378980022],[-5.12342931059806,58.4953613284164],[-5.10562653078486,58.5270677469142],[-5.1011235550535,58.530130936702],[-5.07440728996743,58.538484542385],[-5.05058256977149,58.5407710980217],[-5.04396289076894,58.5510358479166],[-5.01706115492881,58.576299985566],[-5.01394067375724,58.5777998558894],[-5.01578441354104,58.57984140891],[-5.01579486987337,58.5889851516707],[-5.01066207395103,58.5911995484481],[-5.0158230431103,58.6132100427846],[-5.01582562890533,58.6154053084721],[-5.01267707568926,58.6190960706264],[-5.00532006763532,58.6252061556216],[-4.96862969902137,58.6149443309332],[-4.95619537715849,58.6104874987778],[-4.95467801473135,58.6110378723925],[-4.94612881124016,58.6086429143265],[-4.93629251046971,58.6169155002404],[-4.92890077473635,58.616675646963],[-4.92812497740975,58.6165717031244],[-4.9281255305888,58.6166504665903],[-4.87638745688277,58.6149593071463],[-4.84891094107847,58.5994595782966],[-4.8256994933287,58.5970282687059],[-4.82464703077798,58.5966461661161],[-4.82038537465456,58.5626129314833],[-4.81739695963134,58.5643588105307],[-4.81895945007905,58.562203978334],[-4.78669398227807,58.5450668757611],[-4.82676668598851,58.5224655095881],[-4.79170752820802,58.539058595352],[-4.81291209098042,58.5108356526575],[-4.77956413978002,58.5470618311458],[-4.81548001751404,58.5654785913415],[-4.81521458644842,58.5656336349879],[-4.80656191816465,58.5632978637396],[-4.80188445398475,58.5734175904637],[-4.79671552688677,58.5764346297218],[-4.79598585329571,58.580299812954],[-4.76949777707528,58.5812075073675],[-4.79101400275723,58.599601674942],[-4.77991190718789,58.6029864025818],[-4.77405668280362,58.604070003802],[-4.76416578027958,58.5899076768373],[-4.764133406785,58.589760792002],[-4.7640489534912,58.5897403236093],[-4.76266771079105,58.5877615690158],[-4.7541035459529,58.5861980837769],[-4.74247620630452,58.5840742296611],[-4.7396202472241,58.5778208686429],[-4.73568823608568,58.5684571772596],[-4.73536096509563,58.5684903985891],[-4.73438743979671,58.5663570284952],[-4.71773861090645,58.5702778008548],[-4.70523518917999,58.5582474874342],[-4.70517748254859,58.5579155955821],[-4.70475985851687,58.5577899512504],[-4.70465259283837,58.5576866990192],[-4.70424171637686,58.5576340629119],[-4.67835119743294,58.5498401681364],[-4.65440028197153,58.5512380733578],[-4.70625312800554,58.4995732200789],[-4.71167989800282,58.4961965070729],[-4.75346679232575,58.4511788324224],[-4.73633505086985,58.4495528540301],[-4.72475202489269,58.4654440184092],[-4.66432238209766,58.48281237222],[-4.66968583183923,58.4976348760711],[-4.6438576421477,58.5189516477041],[-4.63554937343266,58.5215280346475],[-4.6179094887958,58.5237984174144],[-4.62078699330169,58.5095319861093],[-4.59482117258345,58.5341446606666],[-4.5932611216058,58.5346274922323],[-4.59456394828086,58.5369744457903],[-4.5987102492643,58.5635866381248],[-4.59182569341592,58.5742065317985],[-4.58494905485074,58.5778421848232],[-4.54065209001883,58.5784958850634],[-4.50935100867328,58.5773967095255],[-4.49702819070997,58.5737022343115],[-4.4923221157883,58.5680970337682],[-4.45674937574682,58.5616125093334],[-4.45540798376744,58.5477179236968],[-4.45054965359877,58.5499888900021],[-4.45004101659636,58.549894143219],[-4.45030632427277,58.5501026194759],[-4.43686017952611,58.5563843944313],[-4.43397288524257,58.5548660933306],[-4.43425976379391,58.5548214610612],[-4.43420455985118,58.55452151852],[-4.43386800803544,58.5548109391467],[-4.42402474726076,58.5496332065197],[-4.430641760235,58.5295827735167],[-4.42059186250803,58.5261022207877],[-4.4204186084727,58.5248990613274],[-4.41909319363464,58.5255830637694],[-4.40906230426028,58.5221073936348],[-4.43936169149268,58.504927061462],[-4.45033534985454,58.4969940603909],[-4.45562989358278,58.4938073971806],[-4.46055356105294,58.4768573333009],[-4.4799202125727,58.4493538919531],[-4.47750033608391,58.4407840562384],[-4.44560708668932,58.4649237968453],[-4.44507323459397,58.4706933048919],[-4.43284669619965,58.4774174915554],[-4.42316022442555,58.4738811805462],[-4.43079530757982,58.4785120862866],[-4.43581902422228,58.4918581119365],[-4.42078766387573,58.4933233347586],[-4.41043780923492,58.500859680569],[-4.41053720848627,58.5008633212091],[-4.40198364991641,58.5066744874595],[-4.38325511691103,58.5104177968671],[-4.35242423204674,58.5373396930843],[-4.32685455085443,58.5408991332794],[-4.31875182308105,58.5375663313081],[-4.30547009263062,58.5432643812885],[-4.29551620353294,58.5418021934956],[-4.2612244930655,58.5304062373299],[-4.26256540686467,58.5257123834285],[-4.23796554172277,58.5261840907794],[-4.24055309348507,58.5374127015111],[-4.21338958757637,58.5300682426626],[-4.21441540554327,58.5512134450668],[-4.21401721516495,58.5512673968641],[-4.17601399092034,58.5410628012856],[-4.15664013374643,58.5480237647415],[-4.15599686773981,58.5506354522065],[-4.15009229433897,58.5632187194597],[-4.13282871791747,58.562022992421],[-4.12722789878788,58.5681638168397],[-4.12684964292809,58.5679032478479],[-4.12704559706216,58.5683636560623],[-4.12609790450663,58.5694024733388],[-4.09395802616628,58.5567334198615],[-4.09040430119181,58.5593790394792],[-4.08118464219195,58.5567496695577],[-4.07353053723144,58.5505311863934],[-4.0728850898891,58.5543817939164],[-4.07201598766215,58.5541337880497],[-4.07119427084388,58.5640859540511],[-4.06826604265487,58.5650459115877],[-4.06753380393909,58.5650240802098],[-4.06766545367054,58.5652427866022],[-4.06466566296611,58.5662260561563],[-4.05728286387882,58.568645454474],[-4.05738796115831,58.5683429348444],[-4.05631968907368,58.568746334983],[-4.0571465636216,58.5686901145234],[-4.0474229224446,58.5718754555546],[-4.04350411921795,58.5910889642978],[-4.02563754859945,58.5908542785473],[-4.01893493174164,58.6017204429055],[-4.0045962032388,58.563616891879],[-4.00443656336751,58.5636529727836],[-3.95698571240808,58.5742168623565],[-3.9457567310126,58.5685704406255],[-3.94477868237207,58.5677568759174],[-3.94439265637034,58.5678843272244],[-3.94290274209447,58.567134868092],[-3.93854524345472,58.5698146661612],[-3.93107652565494,58.5722795386873],[-3.90476453109896,58.552135341602],[-3.90699465300081,58.562516944013],[-3.89463342413858,58.5682915330175],[-3.89340010598159,58.5686861786208],[-3.87680874241107,58.5658661580808],[-3.86356851327587,58.5633777031721],[-3.86286682187499,58.5634945029829],[-3.85907905448694,58.5628498507962],[-3.80077439332954,58.573629355837],[-3.79807079419084,58.5724005814221],[-3.7839847338533,58.5657188083086],[-3.78368988260508,58.5658620939048],[-3.77935296007319,58.5638894483668],[-3.77704245283805,58.5690919803328],[-3.71956991732554,58.5969780769178],[-3.71884443270995,58.5972924340702],[-3.67257144311791,58.6066593852084],[-3.6699737752696,58.6094243288943],[-3.65794019369247,58.619561828875],[-3.63115964273199,58.6147208345984],[-3.60484296001218,58.6175571158311],[-3.53713615635825,58.6231330931282],[-3.53582553354947,58.6230148738424],[-3.53802011860479,58.6208268361812],[-3.55205377993004,58.6084378255634],[-3.52465126461065,58.5969089495307],[-3.5129657853359,58.5993419979142],[-3.51488989290685,58.5948084208255],[-3.4972564025285,58.6045300235246],[-3.46496581732946,58.6117157404712],[-3.4597516339021,58.6123735516933],[-3.37810945270838,58.5959282657963],[-3.37062591641378,58.5944174563757],[-3.35483991309058,58.6023399973044],[-3.34931349121458,58.6191164841157],[-3.37941624824926,58.6290993851218],[-3.40589459560989,58.6378697942333],[-3.41311790795283,58.6407501890452],[-3.40406053447928,58.66110746189],[-3.38773233480887,58.6680851824711],[-3.38105417956018,58.6705891825673]]],[[[-6.52624544133602,58.0869638144579],[-6.50825034399807,58.0940114044849],[-6.50749090828838,58.0940538225897],[-6.47345962604477,58.0904427397303],[-6.47195781448147,58.0960333503161],[-6.47080999420124,58.0960971265076],[-6.43867271756561,58.0911125012242],[-6.43204161937589,58.0897166887764],[-6.43216325106603,58.0901016884082],[-6.43186638307024,58.0900555799375],[-6.42371354501579,58.0973137743293],[-6.43530928317816,58.1004761759286],[-6.41523015013515,58.1064567135606],[-6.39978488403542,58.1110535784008],[-6.39802158991342,58.1078108243121],[-6.39702921385489,58.1035945909453],[-6.3963426730368,58.1047226480631],[-6.39379526245502,58.1000358640756],[-6.4024282138425,58.1034986669743],[-6.40315434031088,58.0989940490358],[-6.39901818362216,58.0977313407023],[-6.40009462858246,58.0972563153365],[-6.38375360309948,58.0930693265898],[-6.38345105128225,58.0929768918769],[-6.39878976511103,58.0922562904075],[-6.39870675720127,58.0919379591695],[-6.40066168421528,58.0918048616958],[-6.39701642176333,58.0844171703445],[-6.37880083462774,58.0913500765041],[-6.38122756336225,58.0790976427808],[-6.36895271165287,58.0760989536863],[-6.3715679644758,58.0742371553466],[-6.38124419609478,58.0678817485743],[-6.36902832125794,58.0652887919822],[-6.36778788730339,58.0650012636991],[-6.36976618845114,58.0586152824676],[-6.37345674519582,58.0492342510531],[-6.40812824990986,58.0490202178937],[-6.4399724083999,58.048815345868],[-6.42397725199488,58.0471451429903],[-6.36080175417826,58.0396996950124],[-6.36204402470028,58.0344030317983],[-6.37815183124796,58.012878228708],[-6.38844451405897,58.008494811957],[-6.38869925997444,58.0000086066385],[-6.40266349126473,58.0046702660978],[-6.40959757704749,58.0069840292892],[-6.43843179003901,58.0170667115693],[-6.44959019961787,58.0058810114381],[-6.44989570522072,58.0058762716098],[-6.46012598480999,58.0187727049288],[-6.45688913109513,58.0117443921386],[-6.46740814787762,58.0183188824821],[-6.47024372243096,58.0091398077136],[-6.4983908989788,58.0162988469837],[-6.48881955036877,58.0093793891101],[-6.51120014022054,58.0074161145888],[-6.5273033735514,58.0150581949124],[-6.52591943479271,58.0053668716956],[-6.57087059629687,58.004494884107],[-6.5598151954069,58.004123391846],[-6.57896633243423,58.0038082441375],[-6.47381159037838,58.0007004307397],[-6.45109421721256,57.9886690376295],[-6.44889243084415,57.9656404305326],[-6.46836292804334,57.9613049199133],[-6.47188870601255,57.9375130884597],[-6.48813012643717,57.9390278929796],[-6.50180568310387,57.9403941691835],[-6.51927193155063,57.9269382905595],[-6.54846033851711,57.9585482440839],[-6.54793868271731,57.9558458924425],[-6.54857182483781,57.9564935434145],[-6.54245802741507,57.9274255487568],[-6.54034825203303,57.9164714554633],[-6.56603316243841,57.9197537760381],[-6.57300746548034,57.9246111835773],[-6.57627356935493,57.9164162841464],[-6.58627400305881,57.9196890511406],[-6.6121954734276,57.9501306603879],[-6.64154144106623,57.9615763935759],[-6.60653431320402,57.9177297306038],[-6.60633955410736,57.9172565587202],[-6.62386366941024,57.9168344260052],[-6.63368240455249,57.9269683864161],[-6.64065471291929,57.9231485183566],[-6.64665362854933,57.9240560945863],[-6.64694408604464,57.9197017965368],[-6.64920517687261,57.9184624340653],[-6.66373596028053,57.9281099405964],[-6.69313014840686,57.9528698176312],[-6.70239230502209,57.9615880022782],[-6.71435013844262,58.0099839279227],[-6.66547312037298,58.0424710865883],[-6.66505097013073,58.053460325],[-6.63256762682031,58.054968207835],[-6.62146717575783,58.0470749214178],[-6.58786523684662,58.0530697768168],[-6.68938825047386,58.0576770970361],[-6.66963570217361,58.053422320904],[-6.66974792714346,58.045911961332],[-6.72372294766782,58.0130446938155],[-6.75563957724602,58.0038669665588],[-6.7566362290453,57.9951904319439],[-6.73967789983042,57.9917002317914],[-6.72128843670909,57.9613273165923],[-6.72374252482478,57.9535774212258],[-6.74415595046659,57.9529476331807],[-6.72390881713904,57.9530521642171],[-6.70653562505794,57.9530504751661],[-6.70336383001767,57.9500564894357],[-6.67379833718058,57.9173045392027],[-6.6737970596197,57.9172115442759],[-6.7137875590398,57.915744126478],[-6.71235067458558,57.915226362344],[-6.71273671405155,57.9152075050281],[-6.69123579373024,57.9076142178705],[-6.67850006220285,57.9030195578552],[-6.67038160239836,57.9000893673554],[-6.66551053397413,57.8822922722775],[-6.69736569945331,57.8806257175861],[-6.72558906409038,57.8839179275325],[-6.744549682806,57.8861257502088],[-6.77332588905433,57.8994781373911],[-6.80498707673759,57.8980385651019],[-6.79037210418238,57.8838934152077],[-6.79001010824439,57.8818087431166],[-6.80138831328095,57.8856618829197],[-6.81288233438889,57.8820725992742],[-6.80391698586153,57.8672009869029],[-6.77407204568926,57.8674976915836],[-6.75559185575285,57.8426364868601],[-6.75057947706462,57.842351861207],[-6.73762832445515,57.8282868245932],[-6.73721744251606,57.8265923162842],[-6.75008264512067,57.8220879008457],[-6.75521744687366,57.8299561137753],[-6.75733610709212,57.8271084855409],[-6.75954068778422,57.8287914965198],[-6.76022144536212,57.8232296396045],[-6.7609300595005,57.8222769078508],[-6.76355798195236,57.8280880575035],[-6.76536766814165,57.8338201667305],[-6.76714930946121,57.8313875324879],[-6.77298135128402,57.8258006208836],[-6.79762590357381,57.8345148325512],[-6.79750519519846,57.8339428803166],[-6.79780152118538,57.8340485379774],[-6.79160243137019,57.8048121135118],[-6.80686244971877,57.8155845514411],[-6.80960381368698,57.8123189493799],[-6.83309657124756,57.822510710648],[-6.84478135730422,57.8344908035834],[-6.84686070483551,57.8284774539041],[-6.85979571910877,57.8340816766488],[-6.85438113152656,57.8300866160553],[-6.86275502672287,57.8336396974091],[-6.8335510092165,57.8147072269926],[-6.8462633565322,57.8027680982937],[-6.85302878017735,57.8136400469576],[-6.85304586179334,57.813667628621],[-6.85771885323908,57.8073369802236],[-6.86300686246423,57.8126366368972],[-6.85595439556859,57.7984905858311],[-6.87084098384063,57.7978793463434],[-6.8695053896478,57.7977193648837],[-6.87130933366863,57.7976166111605],[-6.88365670658088,57.8005321229149],[-6.88152338823574,57.7952712044642],[-6.88309916965716,57.7957064514697],[-6.87284991984125,57.7738637761401],[-6.92290355841956,57.781431065985],[-6.90624188380603,57.7774534587765],[-6.91529452749314,57.7754642842705],[-6.92156985609302,57.7760860555493],[-6.91889573906056,57.7746727370462],[-6.91942481960535,57.7745564337387],[-6.89900429149938,57.7641531581211],[-6.93706251070378,57.7583150871332],[-6.94460171232203,57.7387490628402],[-6.97877361298995,57.7436384931775],[-6.96702813138545,57.7295311120114],[-6.97450519363754,57.7290557239283],[-6.9747567514862,57.7290934904893],[-7.0026169660503,57.7528181792525],[-7.00899842611348,57.7537304744471],[-7.02111513443759,57.7624636941212],[-7.0201941970759,57.7634519081008],[-7.023117111144,57.7639694689727],[-7.02434434379297,57.7672891019694],[-7.01566248951859,57.7696712929387],[-7.0141265987187,57.7693995492707],[-7.01521879923032,57.7697930122416],[-7.01430051314596,57.7700449208459],[-7.03142064875979,57.7756472408581],[-7.03080980650466,57.7726264950463],[-7.03128565599051,57.7686754165665],[-7.04816184085037,57.7755240978979],[-7.05441947133195,57.7780623124373],[-7.08379509319278,57.8070039151639],[-7.12034207591907,57.8167529564359],[-7.13354336765265,57.8373893767077],[-7.10533890472191,57.8412747230394],[-7.08371380688197,57.8330670278716],[-7.08253492689599,57.829453894847],[-7.07944549286279,57.8166834195441],[-7.07898582645444,57.818571469078],[-7.07595171436714,57.8092623662851],[-7.05431353321808,57.8194281475678],[-6.99830832516468,57.8456968065344],[-6.99285535537699,57.8684974401061],[-6.98367630493241,57.8632389630483],[-6.96187421092736,57.8693397741475],[-6.95133127773334,57.8646491510205],[-6.93914252976851,57.87201922929],[-6.9203832505478,57.8652643574006],[-6.90553206178458,57.8687707015335],[-6.96005255826882,57.8868092348918],[-6.95654699072843,57.8924465112238],[-6.94890810727777,57.9047243893443],[-6.94683072308847,57.9051416141746],[-6.94099861128734,57.9028200154546],[-6.91913873682697,57.9106991661165],[-6.91843039358872,57.9108412236698],[-6.87499040035134,57.9004471105678],[-6.85134865191409,57.8995507172227],[-6.84497744537045,57.905241596195],[-6.81358440694903,57.9008435750289],[-6.81806478499245,57.9023845396],[-6.86422893041955,57.9225332531513],[-6.86574768127366,57.9242183220009],[-6.84268885323867,57.9275653905536],[-6.84297437515408,57.927837211991],[-6.83959901755775,57.9282141859439],[-6.84945177664587,57.934550387046],[-6.8528429214074,57.9323545589354],[-6.85841055630812,57.9293432009218],[-6.91361202862513,57.9362577966789],[-6.90209568710721,57.9485881128387],[-6.9045958068184,57.9475087692061],[-6.90175576851009,57.9508907658824],[-6.92187989093414,57.9403006288294],[-6.94387474443061,57.9506904009678],[-6.9698228457812,57.9500088619976],[-6.99983704400302,57.9655583513146],[-7.00803139500508,57.9638918285266],[-6.99547667407206,57.9543223084977],[-7.02274104533133,57.9522690839628],[-7.02649297643966,57.9533285674147],[-7.05520868548421,57.9614315972607],[-7.05582767055985,57.9616061495459],[-7.05738253571548,57.9662279609183],[-7.05848739357874,57.9705157329896],[-7.07524373922121,57.9678396243266],[-7.07894179205645,57.9672486698933],[-7.07994814227536,57.9671193774397],[-7.09022369785269,57.9949062838739],[-7.09167784408949,57.9939480833926],[-7.11391326170142,57.9886372926202],[-7.11402721779999,57.9886597060407],[-7.09241966557173,57.999501306806],[-7.09112817836906,58.0021970359828],[-7.08931232934334,58.0032699116756],[-7.08805950268605,58.0086007071415],[-7.08263568903247,58.0199136211712],[-7.08234139000233,58.0205272748672],[-7.05606099343365,58.0087918164277],[-7.05459641118134,58.0108270017373],[-7.05234624412265,58.01003291893],[-7.03116789644626,58.0294954570883],[-7.02001098274556,58.0329548205516],[-6.90933675251917,58.0510143560319],[-6.9804826753358,58.047501965698],[-7.03380858557394,58.0347892259671],[-7.03982889231455,58.0338511590701],[-7.05987647675328,58.0403058485817],[-7.06109157755491,58.0407352920321],[-7.06066101431814,58.0466802080321],[-7.06011387640499,58.0468081265832],[-7.02134757796592,58.0539359647293],[-7.05713793835516,58.0551029137725],[-7.05699951492809,58.058476529865],[-7.05494146888683,58.0614175257452],[-7.02535579234767,58.0696749655772],[-7.02050633153072,58.0710274526463],[-7.02438472759441,58.0739915747953],[-7.02895008149311,58.0807342021132],[-7.03185894945682,58.0797020953257],[-7.03366088145644,58.0810784758553],[-7.03605405693352,58.0782133932005],[-7.06691875571955,58.0672525945436],[-7.06950332765048,58.0667108549592],[-7.06647560563241,58.0612349478389],[-7.0859676323532,58.0638965365748],[-7.0882502211135,58.0643332966836],[-7.0781564645479,58.0675758289436],[-7.077630189679,58.0677448545192],[-7.07837723405086,58.0678237925868],[-7.07767531613903,58.0680624299244],[-7.0896332973161,58.0690480138599],[-7.09115835888378,58.0691736297117],[-7.10039813230491,58.070148610901],[-7.10981986722262,58.109862663246],[-7.11255689650471,58.1112497084859],[-7.11334397634599,58.1140083253436],[-7.12854982263247,58.1193510051478],[-7.13544865000091,58.1228438408567],[-7.13017178415422,58.1361721726596],[-7.12996804161854,58.1362645787993],[-7.13014764552124,58.1362331199915],[-7.12949507074972,58.1378807299762],[-7.11792413130946,58.1364483741372],[-7.10863589613708,58.1439163423857],[-7.11617070011977,58.1505775899472],[-7.10606647688067,58.1512698957164],[-7.1060456895194,58.1510023381237],[-7.10529536006431,58.1513226964143],[-7.10144097300953,58.151586543947],[-7.09415653913253,58.1590462319713],[-7.0925965398948,58.1595895816166],[-7.09294629591543,58.1602852729108],[-7.08935033548306,58.1639662351075],[-7.10454373421032,58.1833363568277],[-7.09066972000469,58.187374791322],[-7.09061346385088,58.1872233229173],[-7.09006691685986,58.187510598164],[-7.09022469408592,58.1875042897568],[-7.08439677002401,58.1891999334187],[-7.08398810465021,58.1890619103897],[-7.08123358279592,58.1832253490496],[-7.05694377937035,58.1801168724165],[-7.05308409840311,58.1854416737932],[-7.04365118476784,58.1709230208319],[-7.03740927858976,58.1837622611786],[-7.01817617613393,58.1840419745129],[-7.03138369743328,58.2007168008602],[-7.04222332709224,58.1881196911955],[-7.05964085123387,58.1937439502163],[-7.06441941091047,58.1962294541706],[-7.05091864152138,58.2089983033547],[-7.05836171547897,58.2118716971907],[-7.05265002861159,58.2247541545872],[-7.04882300662141,58.2324693493716],[-7.02419597208125,58.2442840496449],[-7.02668866930615,58.2322828159522],[-6.99458955551943,58.2331312426162],[-6.99279021166338,58.2321371816226],[-6.97621442218748,58.2202200342323],[-6.97442569545927,58.2219867509816],[-6.96970561270741,58.2193764696328],[-6.95853261983351,58.2346042845387],[-6.95556598146639,58.2324950671359],[-6.94208518782423,58.218890848206],[-6.93621395658134,58.2187281304391],[-6.93447931738877,58.217493435166],[-6.90985694097765,58.2138788007651],[-6.90861164931366,58.2128986455377],[-6.91082648642053,58.2035927984413],[-6.94395639671577,58.204280082611],[-6.94519695494871,58.1987144236406],[-6.96279398912994,58.2033840323371],[-6.93332763497517,58.1861635086045],[-6.89319484255776,58.1870782393132],[-6.89231087327764,58.1587690315025],[-6.86369160477285,58.115958004313],[-6.88357770143685,58.1692432882621],[-6.88204383517164,58.1728065895911],[-6.87266568766228,58.1727148841121],[-6.8706928367027,58.171793088791],[-6.87118601887539,58.1727003521859],[-6.86913731598981,58.1726802027184],[-6.87571819604529,58.1866081727046],[-6.86170888674453,58.1823608786419],[-6.85913048408476,58.1811813276278],[-6.86076634410026,58.1877420586318],[-6.86063436353443,58.1876908899612],[-6.85518730966318,58.1961378403204],[-6.84767274434631,58.1985036138725],[-6.84188419431302,58.1967757734274],[-6.8287042744137,58.2044089407758],[-6.82623204805845,58.2042160786531],[-6.81833810219845,58.2024853467604],[-6.81825570096583,58.2015040079972],[-6.81753117938472,58.202308392724],[-6.79023058574349,58.1963174326311],[-6.7828629403827,58.1896687039479],[-6.77058927425716,58.1907676082857],[-6.76615524969037,58.1893023714208],[-6.7588296661257,58.1868809989211],[-6.75037596075358,58.1922249428508],[-6.73414445239498,58.1663253062411],[-6.73267247558797,58.175469589154],[-6.71547466195106,58.1693658848218],[-6.72504437983564,58.1822385367364],[-6.71757029067716,58.1834079406199],[-6.7068280163964,58.1841056584307],[-6.70834895904266,58.1848500153259],[-6.7082436290015,58.184866482816],[-6.70841833040303,58.1848839654121],[-6.73510281349527,58.1979352734303],[-6.73966155952779,58.1957511137612],[-6.73967723811266,58.1958797983297],[-6.7515593604317,58.1949599304191],[-6.75696149346824,58.1973119165443],[-6.75751923032723,58.2077064510532],[-6.75695479487248,58.2091872636553],[-6.73671397433008,58.2048394530048],[-6.7398867814038,58.2133108435897],[-6.75223368514492,58.2153235931752],[-6.75826265344178,58.2169449362913],[-6.77213598706138,58.2338013450275],[-6.77584487915596,58.2383046114374],[-6.77668096499027,58.2367031453812],[-6.78642967470744,58.2353385142511],[-6.78899193777471,58.2360661023566],[-6.80136107633832,58.2461534061619],[-6.79166506569012,58.2496433582651],[-6.80916824034344,58.2533188096507],[-6.81129221507751,58.2578724825762],[-6.81777771132188,58.2717691045067],[-6.79213332799172,58.2776359014469],[-6.79381151437976,58.2778185746019],[-6.77676006853999,58.2804562381223],[-6.8193694411995,58.2805976824931],[-6.82477869423643,58.2811851593041],[-6.8033906888441,58.2927092513644],[-6.79535962018498,58.2966871379108],[-6.8043330742925,58.3043466037676],[-6.760226076928,58.3064187143534],[-6.75711608821855,58.3056783893905],[-6.75652704632696,58.3066540035042],[-6.7458460166486,58.314066883133],[-6.74111328352661,58.3137910154156],[-6.74129435814506,58.3137287255877],[-6.7407658964626,58.3137393611301],[-6.74077184131616,58.3137711055671],[-6.73619612983631,58.3135042060966],[-6.74135191258363,58.3171846886115],[-6.73448066071211,58.3219502698613],[-6.70258073700015,58.3371393406165],[-6.68864328469241,58.3312554909105],[-6.65134099394686,58.3546503479958],[-6.63920923448231,58.3432296680644],[-6.62602302160521,58.3478556966855],[-6.61979279677864,58.3461642218417],[-6.58473857494713,58.361979261618],[-6.58441365057502,58.3615664033001],[-6.58427320825849,58.3620661280694],[-6.58448005253381,58.3620958093491],[-6.58132654525618,58.3635173788848],[-6.54713528377871,58.365073528447],[-6.51862218268693,58.3971932487719],[-6.51753380655873,58.3972708619292],[-6.49707307585996,58.398240961524],[-6.4549013517451,58.4232638164241],[-6.4358620625102,58.4345450052934],[-6.37285005402925,58.4535227232002],[-6.35458194819342,58.4590151450917],[-6.33326869849627,58.4785606307242],[-6.33187111224793,58.4786406571473],[-6.33141332975586,58.4784553544172],[-6.33156821324624,58.4786579985465],[-6.30016193272888,58.4804521673771],[-6.27199668901339,58.4982856448608],[-6.27335740233704,58.507908185843],[-6.28133384267621,58.5083068445733],[-6.28225570744493,58.509457927433],[-6.27444164183934,58.5132782256341],[-6.26796637506628,58.5148424244318],[-6.22342451855439,58.5013456505365],[-6.22327802969414,58.5012844654096],[-6.22447875838038,58.4925363377111],[-6.22430567463719,58.4923775639436],[-6.22505598191494,58.4891158160539],[-6.21557932753413,58.4843704773368],[-6.20662151746076,58.4762343602008],[-6.1887165202024,58.4709082459745],[-6.18366531583689,58.4683750377348],[-6.18878480773619,58.4596792832219],[-6.19638314717522,58.4467650600945],[-6.16710128628982,58.4299402442449],[-6.16819492504868,58.4173179257155],[-6.18964841944673,58.4086479246314],[-6.21851577637338,58.3682003284778],[-6.18643226330438,58.3479755552019],[-6.1621219651888,58.34255642673],[-6.19443549129737,58.3394671743652],[-6.19595070690726,58.3385986507206],[-6.19845275250876,58.3383055335031],[-6.21344174419253,58.3285684367343],[-6.23314141670984,58.317262143628],[-6.23395632381505,58.315230469872],[-6.24674683191965,58.3069078209567],[-6.23823425777137,58.3045613231192],[-6.24017270270378,58.2997248222924],[-6.24221233498756,58.2957073300293],[-6.24381647121017,58.2954705998768],[-6.27659670227189,58.2940453684648],[-6.28185398496971,58.2872037244429],[-6.28109960137271,58.2767724467824],[-6.28068516097411,58.2710380916617],[-6.28098694925164,58.2699308843484],[-6.31863556502221,58.2699954005842],[-6.32839243472744,58.2616240602133],[-6.31910968008467,58.2443918402015],[-6.34349055897646,58.237990632348],[-6.34598078267027,58.2351017235037],[-6.36373636625142,58.2378755680884],[-6.36194428642821,58.2268969521928],[-6.37891817780381,58.2250324617475],[-6.35894735163664,58.2169352901774],[-6.33468458290274,58.2224482854927],[-6.33776722139665,58.2277535670722],[-6.31611817555863,58.21935456654],[-6.30365576301229,58.2110124653564],[-6.28913898592083,58.2088767835612],[-6.28407732704432,58.2069096678822],[-6.27384674695416,58.2119193014566],[-6.22786386459009,58.2268737926329],[-6.22447053780134,58.2273280000006],[-6.20330650726285,58.2474284903429],[-6.1723226882305,58.251389887487],[-6.15934899159021,58.2624172919206],[-6.15742863690434,58.2637826955377],[-6.13567094333622,58.2589929965736],[-6.16518433633776,58.2285818499841],[-6.15360384056773,58.2209701534485],[-6.16490480243317,58.2191420697871],[-6.16142087370205,58.2156519340962],[-6.16619558866272,58.2124076753525],[-6.2077604726803,58.1989226034652],[-6.20743437280098,58.1888934244887],[-6.24435493221507,58.1811938991616],[-6.25874788742768,58.1849971239698],[-6.28873722461846,58.205698978265],[-6.30922657700618,58.205193716344],[-6.31516198475825,58.202706278092],[-6.31593393845157,58.2026303647507],[-6.3160819998043,58.2023206587431],[-6.32607371884952,58.1981317356261],[-6.32847017146148,58.1949003592384],[-6.3294755597001,58.1957598260289],[-6.33939943751111,58.1898163613806],[-6.34657883654704,58.1892296764439],[-6.35919544477761,58.2019393950819],[-6.35997680844883,58.2036037630549],[-6.36428746789275,58.2031767902527],[-6.36512533028691,58.203522775758],[-6.36535239300556,58.2030712846612],[-6.36665783967569,58.2029419371843],[-6.3805993554663,58.2022569888094],[-6.38480025752305,58.2041538064333],[-6.38970627801113,58.2112910351219],[-6.38870798933119,58.2059179381465],[-6.391630149097,58.2072369411365],[-6.3962606353783,58.1990517548704],[-6.3843399454971,58.1888533663752],[-6.37153336240497,58.1909062839662],[-6.38728858081157,58.1797605502593],[-6.38726767802514,58.179732077987],[-6.38769336652621,58.1794543243917],[-6.36747166867044,58.1527434303372],[-6.40875273707964,58.1417497595182],[-6.40873496737858,58.1416469867119],[-6.4230982820662,58.1469636691301],[-6.42180098823629,58.1391801140359],[-6.37089474063601,58.1427583288536],[-6.36934752249475,58.1425255273596],[-6.37018803334506,58.1316913913415],[-6.37108292226724,58.1315395678621],[-6.40026246600784,58.1344149266328],[-6.40136232820193,58.1348938237715],[-6.4150053272422,58.130815410067],[-6.41813956349677,58.1299178108033],[-6.42213977163519,58.1287720355251],[-6.42379074827526,58.1289089717877],[-6.48762243349196,58.1416282644556],[-6.46642309793118,58.128894565473],[-6.42941017735172,58.1252665113379],[-6.4582423981193,58.1051734110908],[-6.62751261003235,58.0830563016923],[-6.57976267577593,58.0890487264363],[-6.56540526163424,58.0817960048773],[-6.56286852776232,58.0881802313731],[-6.52624544133602,58.0869638144579]]],[[[-6.35229146212348,57.7072304561356],[-6.33073138740964,57.6996048773782],[-6.32237421636806,57.7018328303698],[-6.2984501057121,57.7072294023252],[-6.2972159996095,57.7057112860526],[-6.30162333271827,57.6925855729157],[-6.30320888453081,57.6915908910594],[-6.30121399178388,57.6915860986425],[-6.25578879492781,57.6757245662091],[-6.25106953934252,57.6734747101942],[-6.23535390961252,57.6373616026179],[-6.1913090733899,57.6332517947219],[-6.15059408415623,57.5865193305654],[-6.13723707077036,57.587736048082],[-6.14880197816466,57.5656224599848],[-6.14681197103716,57.5618336973075],[-6.13876785343159,57.5465097975467],[-6.14848057624835,57.4999694620135],[-6.1371968210495,57.4741014075792],[-6.14263377015606,57.4443762004498],[-6.14590277563493,57.429784382226],[-6.17340817362039,57.4128394958242],[-6.17960209692261,57.4126601154337],[-6.18483940841611,57.4147464679115],[-6.19135286567896,57.4123189592764],[-6.19774202647357,57.4121330015648],[-6.19822668735526,57.4097564421262],[-6.19992007258167,57.4091250475144],[-6.19848196679372,57.4085045512773],[-6.20214368150295,57.3905390134676],[-6.18705645171441,57.4035734508983],[-6.18397078576634,57.4022413077308],[-6.18242111989138,57.4075759049314],[-6.17569522515298,57.402278059941],[-6.17332842188921,57.4025026788468],[-6.17318798838545,57.4024242888714],[-6.17007286585751,57.4028115659317],[-6.14001735768679,57.4056589369954],[-6.13871909475697,57.4048221883527],[-6.12629255718544,57.3902044333708],[-6.12854070407667,57.3844602036193],[-6.13112037836064,57.3825010266357],[-6.14621318724907,57.3710332956141],[-6.11685851741097,57.341691734569],[-6.10383165614243,57.3385542849792],[-6.10395608471329,57.3414413330134],[-6.09789172282107,57.3411462336645],[-6.09629539965717,57.3399819866185],[-6.0990373633361,57.3379146151479],[-6.10711559478135,57.3352330816089],[-6.10676681740672,57.3320852340256],[-6.10685128843056,57.332021515105],[-6.1067514474731,57.3319464983843],[-6.1052671075981,57.3185424108133],[-6.13191396008146,57.3162539044606],[-6.16842197223191,57.2953864352134],[-6.14973119350765,57.3020975877959],[-6.15344317868167,57.2991580840656],[-6.12269296455763,57.3117968776975],[-6.11743743578804,57.313680913251],[-6.05739941375868,57.3136883369022],[-6.04164425162039,57.2932672164307],[-6.04612396536437,57.2905035589383],[-6.07780702413142,57.276154424014],[-6.07556091509098,57.2723289492975],[-6.08304556475568,57.2677039545168],[-6.07019508922004,57.2668427314076],[-6.02064670192267,57.287682981603],[-6.00816388535738,57.2796368664785],[-5.99786428417016,57.2727430283099],[-5.9972836736249,57.2726197921096],[-5.99387234657391,57.270418937549],[-5.98225802592833,57.26808134756],[-5.93663470539389,57.2588854642915],[-5.93647743779679,57.2613670321303],[-5.92521873112133,57.2629691129778],[-5.92204147731009,57.2627484684192],[-5.90468877552901,57.2528828188705],[-5.91423630935517,57.2413251671422],[-5.88579207821571,57.2379700197274],[-5.85172973167396,57.2540647557516],[-5.84534447398312,57.2513789103947],[-5.86366278166854,57.2416116603475],[-5.81299951285996,57.2568425781846],[-5.81141748409309,57.2568735933573],[-5.75345843099078,57.2747009006536],[-5.71425216879478,57.2719103677417],[-5.7112730157731,57.271271071244],[-5.73186978757116,57.2607480495604],[-5.72940881202168,57.2608792203539],[-5.72961470511847,57.2607611958326],[-5.72332827160295,57.2612031049721],[-5.66463116689628,57.264314246075],[-5.6527697842527,57.2583531846522],[-5.64915590681454,57.256078361931],[-5.64757249665842,57.2550815315418],[-5.64892353355125,57.253730169879],[-5.66723037739462,57.235407955471],[-5.66838718646132,57.2187039576418],[-5.66855374073193,57.2170370832194],[-5.66936634070445,57.2089029557495],[-5.67469707042963,57.206116971687],[-5.76184944177553,57.170525789645],[-5.76514571725185,57.169530296649],[-5.78124817757898,57.1668427180069],[-5.78660843643576,57.1686935820076],[-5.80051785844526,57.1743543865703],[-5.8005353589301,57.1735005008703],[-5.80839493563098,57.1762120071561],[-5.80068056798928,57.166415203433],[-5.80096288468024,57.152643900552],[-5.80579388328342,57.145743902715],[-5.79120881453223,57.1399719687775],[-5.79817463502334,57.137532430711],[-5.80608510321955,57.1368797671922],[-5.80256107341728,57.1348040691454],[-5.80429684932254,57.1210819750972],[-5.8281424475756,57.1075282329413],[-5.82853159868124,57.1075379629644],[-5.85327288863796,57.1115604432402],[-5.8600150345266,57.1018274554599],[-5.87927280295998,57.0839827694156],[-5.88852701087123,57.0812814455923],[-5.89018049750154,57.0738666994509],[-5.89638867300616,57.0681062502746],[-5.89283370255109,57.0619632347218],[-5.89287785006736,57.0617651083989],[-5.90214016288791,57.0635741630506],[-5.9230149591707,57.0434992565223],[-5.95531033678059,57.0352974513265],[-5.95696612370115,57.0328791269648],[-5.96697795153149,57.0299165676474],[-5.97268626195256,57.0320354181498],[-5.98359612576449,57.027586954884],[-6.0018225093397,57.0201507675834],[-6.00939483190962,57.0247929134135],[-6.00972163488396,57.0245460195881],[-6.01075767748949,57.0251223814572],[-6.01719146199245,57.018901587689],[-6.01682210224973,57.0265239360419],[-6.01659688471735,57.0311708910769],[-6.01841683038444,57.0318683043704],[-6.03400049010407,57.0438142403324],[-6.03659146269115,57.0515967251298],[-6.02395982753981,57.0704792215893],[-5.99947588193752,57.0739220505634],[-6.00817030168344,57.0901052690604],[-5.99999962019821,57.1040121164524],[-5.98498751940154,57.1073863558962],[-6.00504479068109,57.114767128134],[-5.99775576708873,57.1241098897976],[-5.97532071311756,57.1303397849508],[-5.96924682590254,57.1397102502376],[-5.96848167226949,57.1401205005021],[-5.96577497544207,57.1415716275112],[-5.94002326411787,57.1464984006722],[-5.92007484140864,57.161851838346],[-5.87383671244429,57.1704933259686],[-5.86641699131343,57.1713692585718],[-5.83802601851981,57.1897541555592],[-5.87797776231813,57.1760921084239],[-5.89758993163055,57.1796682475025],[-5.90133349540241,57.172012965094],[-5.91874778454325,57.1736547818634],[-5.93539849398983,57.1760104419446],[-5.9718152600702,57.1711904113134],[-5.99167680199871,57.1685566223077],[-6.00293279935032,57.1996108492536],[-6.00476070850221,57.2003002169911],[-6.03288266743971,57.2223459967533],[-6.03712670111999,57.2277836770095],[-6.03334659692284,57.2058337578911],[-6.02968841132876,57.1845611573828],[-6.03657716071844,57.1824700685315],[-6.04994992704729,57.1805849511013],[-6.04976788700913,57.1757351235025],[-6.07387520880254,57.1384093419742],[-6.0837771211497,57.1267505174356],[-6.1126669467609,57.1372117894951],[-6.1019494338937,57.170111528691],[-6.11072341975611,57.1801731708369],[-6.11032455910874,57.1863291840239],[-6.11903413535152,57.1896977599187],[-6.12338835352911,57.1946856784529],[-6.13069970490598,57.1843732797198],[-6.15812152675817,57.1946018885397],[-6.16496158256808,57.1986751423623],[-6.16534763908478,57.1972953361316],[-6.16840523459972,57.1984347769084],[-6.16713586813953,57.1909027760436],[-6.1713474802937,57.1758385370387],[-6.17354362096894,57.174509880123],[-6.20967556006562,57.1778060140947],[-6.30199685968396,57.1633565428524],[-6.32235559719649,57.1601595300491],[-6.30326003401181,57.1742078112674],[-6.28660747982499,57.1864479584196],[-6.28537082559034,57.1968439018568],[-6.28445624076077,57.1977452109267],[-6.28525070412427,57.1978534608012],[-6.28483384089321,57.2013566346283],[-6.29375125652456,57.2051568986883],[-6.30612866967626,57.1988248523463],[-6.31045576501898,57.1966104066501],[-6.31819259356783,57.1926499685314],[-6.33531513233365,57.1866601699228],[-6.34345302866005,57.1860974748391],[-6.35125910426937,57.1885381371439],[-6.35930046942699,57.1949210650272],[-6.37147967761845,57.2045831417822],[-6.38386973227381,57.2227325008679],[-6.38196089521943,57.2255361409014],[-6.35295952692339,57.2283955433937],[-6.35243606251855,57.2296825763211],[-6.34921194356003,57.2299421205283],[-6.35227887190883,57.2300690429529],[-6.34597765863989,57.2455546712408],[-6.36235795706993,57.2347421820376],[-6.39796754919333,57.2319508378327],[-6.40500684927701,57.2322392662258],[-6.45148651204019,57.2624245599238],[-6.4585690417727,57.2862651349329],[-6.4738128696389,57.2896967749349],[-6.48188501495271,57.2923088092072],[-6.48278322003845,57.3109793403367],[-6.4782280513847,57.3125950509787],[-6.43344325956613,57.3250132092426],[-6.42685584464899,57.3230651557516],[-6.43065389794058,57.3399847273602],[-6.43028376827673,57.3398716687142],[-6.33080839342086,57.2980752762658],[-6.36209868490898,57.3241795117804],[-6.40243956763394,57.3397187904583],[-6.40263586997993,57.3398808121617],[-6.39533753281392,57.3446198395288],[-6.40296960850342,57.3449927002972],[-6.40292508856041,57.3563671170867],[-6.41475194267947,57.3490272231441],[-6.4465508924777,57.3482108324196],[-6.4578012061235,57.3391975597908],[-6.45452322285272,57.3598859551384],[-6.4730117835984,57.3641260966536],[-6.47986089006683,57.3666321056694],[-6.47552943170899,57.3707080043041],[-6.4678084006829,57.3779709106911],[-6.48589825088235,57.3805148473135],[-6.48622184644952,57.383182691826],[-6.4826290867589,57.3956294725389],[-6.48836910283925,57.4008741462044],[-6.48871086677011,57.4036880428316],[-6.490048324346,57.4024081109148],[-6.4920658266328,57.4042508882819],[-6.49407313446396,57.3985558065852],[-6.5241820131907,57.3697081936547],[-6.52463495543939,57.3694293047806],[-6.51655463909367,57.3932078379631],[-6.53840658157899,57.4134660733501],[-6.53517538927871,57.3983715990854],[-6.5419618150488,57.3932121065403],[-6.54218958568802,57.3972552648802],[-6.55215661366717,57.3854580401938],[-6.57297990487452,57.3884914317453],[-6.56897998505467,57.3673437008789],[-6.5635552895247,57.3386188297946],[-6.5821255065377,57.3330044088312],[-6.62464506256501,57.3508250751621],[-6.62942387718017,57.3514310142021],[-6.65624565278302,57.357905899829],[-6.66594710743376,57.3560553414515],[-6.67503052305529,57.3572035816158],[-6.68527504716665,57.36305996097],[-6.70049676714351,57.3717565046492],[-6.71962203936104,57.3718082714224],[-6.73892549044533,57.3893247851551],[-6.72913583436631,57.3953068348761],[-6.7431224627655,57.4176193823036],[-6.76722869544341,57.4289326476646],[-6.78965217680833,57.4210411089892],[-6.78017596712902,57.4577776116207],[-6.7384564967459,57.4522873843062],[-6.71997616509914,57.4497364207806],[-6.74295194014673,57.4646007706686],[-6.74953499405074,57.4836479012811],[-6.74812450481583,57.5000910577379],[-6.71667295128773,57.5137557187546],[-6.66676672715259,57.4682365268913],[-6.66677772671812,57.4595204205245],[-6.65711720193326,57.4594194139468],[-6.6430676742467,57.4465726262273],[-6.63967623903887,57.4427334155045],[-6.61995858704109,57.431991547545],[-6.61407966128658,57.4412119274921],[-6.60375219055916,57.4459739775737],[-6.60178314082772,57.4455765372621],[-6.5969025338951,57.4416804877068],[-6.5849381486753,57.4214524181853],[-6.58186870649707,57.4319334835809],[-6.57386324508816,57.4301677835416],[-6.59518571954833,57.4518099220687],[-6.59644091821592,57.4542035725631],[-6.59776327607433,57.4544240782862],[-6.60391219873497,57.4606585091649],[-6.61477365346041,57.4606922684679],[-6.61372571960109,57.4570845141295],[-6.6214794259748,57.4583759274263],[-6.62351806619828,57.4591989227476],[-6.61338445024059,57.467403899583],[-6.63747060770744,57.5025079681097],[-6.61854676884131,57.5015659814594],[-6.5984775038307,57.509914103268],[-6.56792075010685,57.4933230155612],[-6.56058045474925,57.5080262625937],[-6.6287384255342,57.5450550042307],[-6.64165153482433,57.5520575634433],[-6.64231108294084,57.5513152540719],[-6.65380995240894,57.5451672490099],[-6.65444574305828,57.5455300200185],[-6.65228284505148,57.5496329834752],[-6.64071255136128,57.5612308866087],[-6.63903895031624,57.5747373420336],[-6.63474527382721,57.5828689033115],[-6.635387040446,57.6041807463738],[-6.63484919180389,57.6085139216758],[-6.58268555594103,57.5883566110397],[-6.56551349586683,57.5482264506858],[-6.56290944526916,57.5474560440132],[-6.55042560322582,57.5437614960133],[-6.5408844263838,57.5479373535862],[-6.50431943305217,57.5340497402017],[-6.46332344498762,57.500832214622],[-6.46555589924871,57.4980417888394],[-6.46211491283718,57.4998518186458],[-6.46175179982896,57.4995572373059],[-6.42709926063039,57.5182554816286],[-6.4482339268131,57.486036384784],[-6.4384020264862,57.4786540170342],[-6.42170557121728,57.5031607086569],[-6.41897541998803,57.5053737456006],[-6.39981355318985,57.5088418197338],[-6.39961048332586,57.5287025608569],[-6.37551268001997,57.5032733176645],[-6.35062642841931,57.4971287270236],[-6.34358311249545,57.4855967500771],[-6.33512912476507,57.4903569768411],[-6.3117899162271,57.4551680890539],[-6.32717965192252,57.4822135357154],[-6.32100191474378,57.4872821417674],[-6.30692615282302,57.4831356027609],[-6.36516042480862,57.5151663763511],[-6.37618382195675,57.5301390790482],[-6.36705976672698,57.5314359718655],[-6.38982613579678,57.5492761685947],[-6.39501236829954,57.5566476702917],[-6.39459258695386,57.5693303598917],[-6.39450798263224,57.569470801029],[-6.38258467575064,57.563108300995],[-6.3594274555276,57.588946300534],[-6.39460840392228,57.5851735579045],[-6.39423759307559,57.6127239729685],[-6.42759184884131,57.6421943410477],[-6.40639341264901,57.6504712081739],[-6.40626847848498,57.6505198650475],[-6.40912789652705,57.6602420738961],[-6.40914520072728,57.6603008939403],[-6.38279555305665,57.6596642815994],[-6.36170393353543,57.6679956463274],[-6.35357224956251,57.6712057928805],[-6.34235050632713,57.6850235786586],[-6.34594528233549,57.6919701372247],[-6.35229146212348,57.7072304561356]]],[[[-1.32808392810147,60.6228063965337],[-1.32717292361649,60.6225250256514],[-1.30911426593818,60.6377146434172],[-1.30436417729848,60.5951226617201],[-1.31897050254792,60.5833101239109],[-1.33577234033418,60.5830353757562],[-1.313701832677,60.5710543762477],[-1.31545393996085,60.5413979689944],[-1.34168223840377,60.5367619982469],[-1.35322912134205,60.541711674676],[-1.36690087711846,60.526414670855],[-1.32371072006115,60.5254849262371],[-1.36301879743717,60.5169237417049],[-1.33756062779443,60.5194847375262],[-1.32412573372675,60.5107979064819],[-1.34408748851989,60.5030409605682],[-1.33440085019056,60.5020323737438],[-1.33440685431209,60.5020056864855],[-1.33734562960867,60.4889380760404],[-1.35721135312641,60.4791224359605],[-1.33192528238749,60.4783520071288],[-1.32730088074397,60.4950787302141],[-1.31035574302695,60.4954951693053],[-1.31194453603719,60.4819050457831],[-1.33113826909494,60.4784109047191],[-1.32051973815336,60.4511245411365],[-1.3399108373948,60.4505477103954],[-1.36329098376643,60.429363993376],[-1.35595709931355,60.4133015742716],[-1.37062629127341,60.414458013306],[-1.38371561908227,60.3975040658096],[-1.37539114964524,60.3938289793341],[-1.32758008970999,60.4110067369183],[-1.34674780052114,60.4135262173209],[-1.33037667237769,60.437158373568],[-1.29549942101844,60.4438927225014],[-1.28178560296961,60.4365826982086],[-1.27467435840538,60.4566058357188],[-1.30416018381906,60.468167534338],[-1.27402268694158,60.485846301555],[-1.26173409840971,60.4760790337878],[-1.228988072304,60.4950009522877],[-1.20318731366387,60.4782924655387],[-1.20814904632495,60.456422446478],[-1.18892261565673,60.4642084206139],[-1.17685929856838,60.4536292600688],[-1.20285991352304,60.4452302147834],[-1.18213169095538,60.4440967512556],[-1.17105020686926,60.4425861106371],[-1.18919037106067,60.4334023908442],[-1.19382695230524,60.4316670748125],[-1.19230308901856,60.4318257609028],[-1.19493092090014,60.4304945547696],[-1.19537494114458,60.4311421736366],[-1.25754070188788,60.4030977410833],[-1.2391714291638,60.4080589313523],[-1.25916689079398,60.3979034926063],[-1.19408928911895,60.4198639310792],[-1.19085739435158,60.4137567258208],[-1.22434370682906,60.4021232401413],[-1.21354591904729,60.4045489536845],[-1.22049647245869,60.4017263579507],[-1.16957861832943,60.4144133266284],[-1.16394175274724,60.3774554572323],[-1.15137718249018,60.403400675144],[-1.12175845957201,60.4043959836885],[-1.1368824667235,60.4118665825123],[-1.11903677752997,60.4290661821927],[-1.11080400823932,60.4154664020344],[-1.11039941949566,60.4157784374457],[-1.11006513167474,60.4152639420565],[-1.07124045475374,60.4457076689371],[-1.05170299187418,60.4497633844688],[-1.04784983948803,60.4401970585338],[-1.10300581679533,60.4062214521698],[-1.12164633221108,60.4015488739446],[-1.14136375450428,60.3829918665213],[-1.1407007556374,60.3829474376584],[-1.14098869087631,60.3827694884767],[-1.13252169555661,60.3823990612024],[-1.12728024724308,60.3820473659834],[-1.12792684948966,60.3773745396395],[-1.12926382628993,60.3697543903643],[-1.12892729387858,60.3701419491966],[-1.12903263221583,60.3693802249015],[-1.10792547198659,60.3938972819275],[-1.07522988312102,60.3883551149071],[-1.07560571702455,60.3567066612964],[-1.11819280306818,60.3453067802433],[-1.19356598188128,60.3528790076573],[-1.18585979080228,60.3504329697604],[-1.17548654887068,60.3464661294519],[-1.16806757620848,60.3222707428229],[-1.15595434116525,60.3378596478793],[-1.13588656226423,60.321286577986],[-1.13391547129891,60.3196576758741],[-1.13180535973485,60.3212600029547],[-1.12337092898841,60.3276623426951],[-1.11180826357844,60.3246777871237],[-1.10702680046403,60.3219353778519],[-1.10363249586523,60.3225657060026],[-1.09891372433757,60.3213463318221],[-1.0851751957415,60.3257689654619],[-1.08755406670321,60.3209636430437],[-1.0927615283522,60.3104394181322],[-1.08179165009754,60.3050073337811],[-1.0874678892881,60.2995688735477],[-1.11646790778108,60.3028411481281],[-1.15986903319074,60.2807106918686],[-1.14348707146296,60.2802820612409],[-1.15418710345286,60.272858060973],[-1.15428274145468,60.2727928523677],[-1.14586483573221,60.2733772278127],[-1.14859195599057,60.2651395974191],[-1.14557790251048,60.2733971791191],[-1.13238429292351,60.2743138733831],[-1.13213322918585,60.2739817393475],[-1.13193054497447,60.2743453759194],[-1.10795211551433,60.2760079503873],[-1.10798614107544,60.2758735154453],[-1.11669590490287,60.2712265745702],[-1.11125453059996,60.2662293185129],[-1.11037151256032,60.2664462860235],[-1.11050374845067,60.2659235162568],[-1.09618722291227,60.269930313804],[-1.10210845251095,60.2589800640458],[-1.14409165343367,60.2594545805039],[-1.16594618173184,60.2418235023566],[-1.17145209831209,60.2402796581768],[-1.1780494456967,60.2524768429995],[-1.16903091251997,60.2577652907083],[-1.16488188405034,60.2598115735175],[-1.16548512597872,60.2598438568092],[-1.16492699594635,60.26017100244],[-1.1683711521361,60.2599982658787],[-1.19002077702096,60.2611542207862],[-1.19927745712292,60.2701968273436],[-1.19742200388159,60.261994536194],[-1.20079927388425,60.268574406565],[-1.19371051345304,60.2455748896779],[-1.23130783897134,60.2302040390242],[-1.2302825103224,60.230249719827],[-1.23038698596913,60.230207730078],[-1.22587774237933,60.2304458688113],[-1.18527287464745,60.2322471253275],[-1.22201175484835,60.1988667764843],[-1.16799883592173,60.222448834673],[-1.18070696992684,60.2122202831683],[-1.1809535050612,60.2120237517294],[-1.18088873153677,60.2120040167081],[-1.17056600313743,60.2086463118534],[-1.18738437745321,60.2041725632991],[-1.1929541232812,60.1982351226595],[-1.21845627775564,60.1724600845939],[-1.21593644719537,60.1737098388191],[-1.21876508030581,60.1706884715678],[-1.1541409848423,60.2038404321975],[-1.15921620929727,60.190348624037],[-1.15845749093345,60.1903727243402],[-1.15886003491288,60.1891161894136],[-1.14497103733082,60.1889376057846],[-1.16477677689638,60.1694256826269],[-1.13204007296377,60.1489283828859],[-1.13736813610167,60.144164101398],[-1.15998054715268,60.1486195548306],[-1.1599577259552,60.1485161818729],[-1.16064074572079,60.1486479909374],[-1.15872241400111,60.1418475988871],[-1.15569574263301,60.129200090499],[-1.17134469290887,60.1404517094915],[-1.17215744568178,60.1410488762681],[-1.17245728867051,60.1412513083355],[-1.17498499545598,60.1191688183942],[-1.20389706733547,60.1306596494656],[-1.1994089280397,60.1064665122517],[-1.22561460213183,60.1005638638129],[-1.20683811918379,60.0898022109537],[-1.21688819553747,60.0740484896775],[-1.21674480099642,60.0739276037984],[-1.21713779969701,60.0732975256732],[-1.19979425445489,60.0571838090995],[-1.20351991735574,60.0478393037388],[-1.2034570067637,60.0478264192656],[-1.2036087488932,60.0476521606506],[-1.17156541812557,60.0406758148071],[-1.17440601561811,60.0350994159949],[-1.20772687170647,60.0355972099621],[-1.20872588294976,60.0440255184356],[-1.2084160849904,60.0450661866738],[-1.20877852521461,60.0444695749047],[-1.20902662408501,60.0465621854097],[-1.21084237291013,60.0410718527516],[-1.21477983038144,60.0345874419385],[-1.23131844587036,60.0334391785],[-1.23275595287327,60.0334932059796],[-1.23269966871354,60.0333431835713],[-1.23333480395271,60.033299036413],[-1.22337258326077,60.0075507880813],[-1.19799895891302,59.9909665636923],[-1.20867123353466,59.9892171718776],[-1.20475781881318,59.9725074680387],[-1.2047366953359,59.9724127965038],[-1.22054283329932,59.994953892065],[-1.22063879112814,59.9948563269207],[-1.22066964167019,59.9948998430253],[-1.23414727425583,59.9811150928289],[-1.25252082257207,59.9968086787535],[-1.25301914567319,59.9962741073717],[-1.25336383759624,59.996551248328],[-1.25658329126577,59.9924501493501],[-1.25994655825911,59.9888408053577],[-1.26023164222177,59.9888614953724],[-1.27693398915026,59.990639939584],[-1.27651679739722,59.9900423427882],[-1.27750817875652,59.9901141612746],[-1.26731251986501,59.9766697347465],[-1.26718290894987,59.9766662945662],[-1.26716278425464,59.9766374423589],[-1.25467908129171,59.9763337914062],[-1.25405703563878,59.9763172180523],[-1.25406579029964,59.9762725099832],[-1.26328606270572,59.9650709246343],[-1.25746828421907,59.9588878965421],[-1.25860085955245,59.9530970742726],[-1.26516567542592,59.9511828013658],[-1.25824411227385,59.9357253550143],[-1.27026838201205,59.9330544804081],[-1.27156854913123,59.9204183580651],[-1.28636503586609,59.921694380586],[-1.29202275304529,59.9221818325559],[-1.28642849008332,59.9187457429176],[-1.26921839594628,59.9081296136491],[-1.2718308402806,59.8868010761275],[-1.27194952571334,59.8868233107168],[-1.27184595355659,59.8866776035215],[-1.27193374886382,59.8861494072956],[-1.271969345529,59.8856694983099],[-1.27243932410312,59.8855857015816],[-1.29840546452992,59.8837097056019],[-1.28719478673124,59.882953750972],[-1.28367959318756,59.8726952199835],[-1.26880041667254,59.8755423722977],[-1.26901881593668,59.8746380492438],[-1.27390344961454,59.8525902611708],[-1.2875544448688,59.8661267159507],[-1.29681456005844,59.8755380765235],[-1.29694226544826,59.8756669643353],[-1.31351769887364,59.855193939615],[-1.31225014991208,59.8598492504391],[-1.31218140660498,59.8599207906761],[-1.31223471885441,59.8599059138715],[-1.30631128510377,59.8816430996293],[-1.31885312950372,59.8975124475333],[-1.34435435444515,59.8970759972453],[-1.35028895662244,59.8834836056642],[-1.35870705853514,59.8928632775529],[-1.38263223144876,59.8909404652739],[-1.38266681664895,59.891019868506],[-1.38498456411456,59.8963842306491],[-1.38469253994828,59.8961747431809],[-1.38501444370896,59.8971325608188],[-1.3850414610935,59.8965158937832],[-1.39032494975011,59.9087376653591],[-1.39025120163507,59.9088571262014],[-1.39039928933584,59.908909562638],[-1.39220402953772,59.913082150956],[-1.36401678233409,59.9201053655648],[-1.36403513019597,59.9407561438891],[-1.36270062176056,59.9405502378024],[-1.36350366662306,59.9411377750627],[-1.36403534217779,59.9409731038172],[-1.36404011149433,59.9458411266907],[-1.33010287696342,59.9465312905759],[-1.3299138016903,59.9465326794095],[-1.33135513178872,59.9632432384926],[-1.33179161466825,59.9690645045304],[-1.36134974506931,59.9694350930584],[-1.35472153614595,59.980651709061],[-1.33048558615117,59.9717428001255],[-1.34693589360984,59.998924121093],[-1.32082449284514,60.0083834644574],[-1.31876666298756,60.0121683100867],[-1.31759703103484,60.0127173416708],[-1.31660154625235,60.0161495099598],[-1.28299899032901,60.0778087811371],[-1.27194319939924,60.0980429578877],[-1.27138158955778,60.1148717490882],[-1.26698380172896,60.1422772704276],[-1.27074160169278,60.1339751124437],[-1.28178726231597,60.1335678967102],[-1.30558541729776,60.1326949505813],[-1.29516042051807,60.1426431922611],[-1.29051729985643,60.1470717840545],[-1.28327500508881,60.1952247622317],[-1.29145726670903,60.1983305933201],[-1.29445720249321,60.1936420329791],[-1.2967255359042,60.1932844699998],[-1.31717227080978,60.1631151360249],[-1.3173377586655,60.1645464282835],[-1.30897559864161,60.1853606357186],[-1.30020293639844,60.1983363541212],[-1.29543138031936,60.2041176199162],[-1.28143348607445,60.2107486867523],[-1.26865722625624,60.2365163001327],[-1.29289282752949,60.2071924477892],[-1.29488512929623,60.206196589202],[-1.29830861020844,60.211054427196],[-1.32838094484398,60.1642038060511],[-1.29200197505594,60.2534560397335],[-1.34767618067182,60.2006927981027],[-1.34801712541145,60.215967414771],[-1.34802036134121,60.2161116677539],[-1.36127305568909,60.2173618783216],[-1.36742295377224,60.2398562662886],[-1.35224089933004,60.2377178603559],[-1.35261300135508,60.2383866608036],[-1.35248087138039,60.2383700411227],[-1.35632978778313,60.2450655065332],[-1.38638738988405,60.2513484678061],[-1.39396411094337,60.2441193175386],[-1.39391974871527,60.2440046667143],[-1.41102537338969,60.2549896558832],[-1.43074125514751,60.2549741431499],[-1.38888890589809,60.2353729585808],[-1.38879985695007,60.2353815317525],[-1.38863225579772,60.2350978720615],[-1.37641581614328,60.2365675464278],[-1.37085780706093,60.2222990075621],[-1.36097653822814,60.1946545762113],[-1.37297282611282,60.1900814298484],[-1.37335057832204,60.1899736955854],[-1.36872537642798,60.2096838420155],[-1.39454225401575,60.1998719574198],[-1.39827164251222,60.2172160742804],[-1.39832915344226,60.2165200896058],[-1.39851314739906,60.217328535288],[-1.40141622507552,60.17911760559],[-1.42225417732914,60.1647444806936],[-1.43876713353324,60.172187156066],[-1.43875472737378,60.1730726789714],[-1.43633464313874,60.1869008935845],[-1.43858040546213,60.1855075734929],[-1.43853324193859,60.1888694171815],[-1.44136388422188,60.1837804237895],[-1.45327747693832,60.1763853083549],[-1.45222122053674,60.1642455191963],[-1.46183179319853,60.1469336323399],[-1.46242125904608,60.1466265742596],[-1.46985740487576,60.1603099729354],[-1.49035253583999,60.1624749953129],[-1.49027891820071,60.1628242032208],[-1.49072928259277,60.162514760585],[-1.51055411537475,60.1646056298892],[-1.51188211227297,60.1830893752997],[-1.51395614000886,60.1826357722397],[-1.53473900712814,60.1798862947348],[-1.54191062220381,60.1838092759453],[-1.54641294295017,60.1888005618949],[-1.54272572382881,60.2042757083439],[-1.48667038919582,60.2045485587757],[-1.50422039070626,60.2086068276393],[-1.50414392616759,60.2086150921566],[-1.50355869461482,60.2089445483936],[-1.47054865053237,60.2206502335075],[-1.50433259550516,60.2152597737744],[-1.50655323626485,60.2151786704111],[-1.50554427599118,60.2284010825125],[-1.50563462966714,60.2284088819349],[-1.50561893126514,60.2285952708647],[-1.49138661468477,60.2307611869342],[-1.51595423646385,60.2324035896543],[-1.51346521164556,60.2412531767336],[-1.53233425914036,60.2469713463156],[-1.53025977103115,60.2340181491526],[-1.51446596707384,60.2292608999995],[-1.5145679331077,60.2291797304908],[-1.51467461048216,60.2291889320018],[-1.55441052965312,60.2013104534381],[-1.55677526354137,60.2018490337372],[-1.55086864611189,60.2208310131987],[-1.56390230027419,60.228811791949],[-1.56478557982677,60.2280149816887],[-1.56539223325421,60.2283614589428],[-1.57081819318714,60.2225717319273],[-1.57454066845991,60.2192118824711],[-1.61205677186008,60.2201435816294],[-1.5978342238521,60.2106130313149],[-1.60280077415013,60.2098155671985],[-1.62524182764309,60.207359885921],[-1.6409252074912,60.2147718379814],[-1.65177076663648,60.2198944011363],[-1.64079212455381,60.227033887066],[-1.63716634667509,60.2293908709059],[-1.64077288578758,60.2287942229133],[-1.65499959634302,60.2264430299827],[-1.69004588421118,60.2346860487225],[-1.69794660862117,60.2472279293323],[-1.6976933547701,60.2473765336773],[-1.68647969738239,60.2537591969251],[-1.68677752835904,60.2537799974353],[-1.68674308890457,60.2538001941278],[-1.70324402111665,60.2549289409076],[-1.69124926162217,60.2663752204274],[-1.68916213424366,60.2662370275756],[-1.68886031741542,60.2666179214021],[-1.6912198217503,60.2664033024676],[-1.68022057181052,60.2768915886163],[-1.68112056111994,60.2773553167553],[-1.68054486079258,60.2779384389775],[-1.69845452471164,60.2862830616843],[-1.68933853068454,60.2990524147737],[-1.63995413166747,60.3035400896812],[-1.60133699307856,60.3068999341636],[-1.59549304986563,60.3030070703789],[-1.57320426303409,60.2875550501469],[-1.57334748999498,60.2882443913348],[-1.57220149311097,60.2874799872864],[-1.57269588771697,60.2888216880577],[-1.5722129242122,60.2886832114232],[-1.57206203110238,60.2891586075924],[-1.57270542388927,60.2888475661102],[-1.5744649591832,60.2936217630109],[-1.57613029017371,60.3016323253204],[-1.57527692888289,60.3014327715897],[-1.56928325853435,60.2948557330851],[-1.54036410699453,60.2932617582109],[-1.53609473114167,60.2922616319928],[-1.53695598085534,60.293073473489],[-1.53623031782163,60.2930333719977],[-1.54886020464986,60.3042901595933],[-1.55066115475417,60.3059863438593],[-1.50524462484758,60.319522379694],[-1.48415122599348,60.2863623176151],[-1.4749586670324,60.2878257729682],[-1.47801785304233,60.2745958827856],[-1.45974656450839,60.2890370915321],[-1.4782229258577,60.2887499806423],[-1.48817359928713,60.3067436980765],[-1.4449475620172,60.2972986129155],[-1.46635261770463,60.3054367545597],[-1.44686053485824,60.3080209560224],[-1.43638943010042,60.3092503111373],[-1.46054266770292,60.3130958392331],[-1.43454545421509,60.3256677788153],[-1.42708369041577,60.3288115037779],[-1.42355231999184,60.3228431698787],[-1.4189523586124,60.3150654195412],[-1.41128263550794,60.3203202925224],[-1.38763936118318,60.3137128786384],[-1.37462114300803,60.2843359892339],[-1.37202141618745,60.2890596181706],[-1.36995299589879,60.2857864892746],[-1.36837088868124,60.2956902271073],[-1.36628861783899,60.2994711158311],[-1.33918033456044,60.3011172323776],[-1.35269839413851,60.3029698773799],[-1.34627128709966,60.3044618956945],[-1.35912882938561,60.3038506026461],[-1.36439148317313,60.3045711188526],[-1.37582633959374,60.3226278021057],[-1.37611753797733,60.3230873588782],[-1.35613610915003,60.3448391619279],[-1.35591670689297,60.345063987],[-1.33919046382263,60.3339086599614],[-1.33060799469308,60.3374305554318],[-1.34002913057468,60.359597257954],[-1.30076953430547,60.3606628764834],[-1.30062044546772,60.3606667547988],[-1.26353919271796,60.3511137835217],[-1.26630317334443,60.3524370667368],[-1.26155617781735,60.3512976605197],[-1.27685475642658,60.3583023005144],[-1.30192209332848,60.3697694014645],[-1.36402781810754,60.3693386489687],[-1.3436646503277,60.3826596209635],[-1.35330512630673,60.3944869626602],[-1.35433748662658,60.393738755],[-1.35458783218847,60.3944060904482],[-1.3640703508008,60.3866827326269],[-1.37764733254299,60.3768335149889],[-1.40488979078854,60.3837072152908],[-1.40497299084348,60.3837291104512],[-1.40966149487093,60.3956998789647],[-1.38624752329578,60.3979602145949],[-1.41575597899858,60.4044631179488],[-1.40777092438372,60.41399399273],[-1.39035971782993,60.4083541462005],[-1.3957362427298,60.4149550829147],[-1.3989779208512,60.4189643654435],[-1.39934574202109,60.4193849690157],[-1.45273836121022,60.4161588327772],[-1.44939780462025,60.4442923495729],[-1.43266135939137,60.4484589585268],[-1.42214135690903,60.4509148927751],[-1.42272923777207,60.4509301051804],[-1.42183546766566,60.451152422842],[-1.46527092625811,60.4520874517328],[-1.46443797991611,60.4646094280945],[-1.46442135884504,60.4646566128927],[-1.43208297389336,60.4712009861145],[-1.46273253398018,60.4694500860082],[-1.45544516333218,60.4901175712223],[-1.45697080672008,60.4894467477083],[-1.45659114645696,60.4901500276265],[-1.47663886990642,60.4807946990017],[-1.48863342535216,60.4755146250376],[-1.48836205286574,60.4753202055267],[-1.488607356607,60.4752056236707],[-1.48086162518708,60.4699455339505],[-1.48074723043848,60.4698635432025],[-1.48216252947516,60.46835074275],[-1.49735225501915,60.4532261015161],[-1.50714430396167,60.4605018514931],[-1.50673278987612,60.4604896297824],[-1.50734848359173,60.4606535204783],[-1.50738765906784,60.4605785210978],[-1.51517001308038,60.4662821602772],[-1.51482922163581,60.4664463519513],[-1.49382370356081,60.476288579153],[-1.49627655896019,60.4841182511598],[-1.49807274048149,60.4839113834848],[-1.49813930546039,60.4840291881628],[-1.53621128298732,60.4795125977882],[-1.53756425471468,60.4793563262566],[-1.53844171665159,60.479936641119],[-1.5385362258278,60.4800869803081],[-1.5385491908177,60.4800077181245],[-1.53898809313542,60.4802979786428],[-1.55401644938601,60.4902799873111],[-1.55404779754831,60.4902533996314],[-1.55445170053403,60.4905202978965],[-1.5711686691778,60.4764158356633],[-1.58446994740426,60.4817911655688],[-1.61284220174323,60.4734429684512],[-1.6255744040058,60.4819907993666],[-1.63300969779206,60.487239473106],[-1.61990260734918,60.4907701370855],[-1.6136424242159,60.5031037538164],[-1.61071490349959,60.5088686010919],[-1.58840962396197,60.5045639494403],[-1.58435399128615,60.506473114979],[-1.5632421872148,60.5041321300503],[-1.57910048811908,60.508945651829],[-1.56562721408552,60.515284114781],[-1.566501224106,60.5377646639396],[-1.53344870362176,60.5563016342408],[-1.51824243567341,60.5316512391177],[-1.44986983134791,60.5046177343274],[-1.39548412715459,60.5126209842249],[-1.45534083063631,60.5111406372522],[-1.48542825309857,60.5297395284371],[-1.49308293278731,60.5423756254036],[-1.48117317702611,60.5531949053138],[-1.43456451222214,60.5737832599935],[-1.4360738042414,60.5757960186286],[-1.44402241308484,60.5887662970676],[-1.41916001059284,60.6020623708935],[-1.42045421231155,60.6021585732648],[-1.41854687033306,60.6031550809543],[-1.43474428242452,60.6032199298106],[-1.43480129074041,60.603224160351],[-1.41885182490916,60.6131135197786],[-1.42236325094921,60.6137341283082],[-1.42122562562076,60.6146950047995],[-1.37526067899575,60.6058454074588],[-1.37519676754937,60.6058285449518],[-1.34962705805301,60.6099716399194],[-1.33532405103591,60.5998930508945],[-1.33868698813698,60.6031098242023],[-1.33333293838049,60.5997502842645],[-1.3489797497639,60.6191757806235],[-1.3444138810184,60.6268087788375],[-1.34369218252195,60.6276254101986],[-1.32948320737938,60.6217060491357],[-1.32808392810147,60.6228063965337]]],[[[-6.14030807300175,56.6516365676862],[-6.13420092639366,56.6500849613526],[-6.12713965600441,56.6561200343377],[-6.11344809897213,56.6441369674964],[-6.06359554127362,56.6354527194135],[-6.0618728686611,56.6330794643016],[-6.06988080873651,56.621150303667],[-6.06789594002543,56.6205712990188],[-6.0681832787101,56.6203533998125],[-6.0571471467465,56.6174348824353],[-6.0325083624941,56.6102399269261],[-6.01223015392344,56.587970494138],[-5.98937150637521,56.5796877522993],[-5.98827605403617,56.5658082072904],[-5.96716546050129,56.5433717524191],[-5.96340819966237,56.5370761940296],[-5.97526402991681,56.5315261940786],[-5.95138580033913,56.5179974571787],[-5.94561211215149,56.5216506350558],[-5.93283296994829,56.5217213164182],[-5.92025339709589,56.5164538148094],[-5.90311650746494,56.5180181943358],[-5.86374370547513,56.5216030124757],[-5.84590118983303,56.5146018958213],[-5.83109538678142,56.5084371646075],[-5.83089856282236,56.5087110730965],[-5.8245914042601,56.5062334531158],[-5.82361831656141,56.517226153762],[-5.79705266528562,56.5151019765426],[-5.77438007271499,56.4946013129397],[-5.76855445367162,56.4893294143421],[-5.74152743340619,56.4819038028579],[-5.72046363752347,56.4853906239151],[-5.71763135121108,56.4834310415846],[-5.71195363988866,56.4740218505391],[-5.6935487664184,56.4667580214994],[-5.68042151441091,56.4576613778688],[-5.68416201590405,56.4521925044382],[-5.66156011417667,56.4481851476998],[-5.65593801192001,56.4555205423402],[-5.65311851490603,56.4560410201018],[-5.65148471654953,56.4545635152866],[-5.65222657664937,56.4250130567987],[-5.67033609559579,56.428714726217],[-5.68115111683036,56.4366607250507],[-5.66930516961749,56.4255621924769],[-5.6663068430992,56.417157524234],[-5.6541352098037,56.4168034892753],[-5.652908122106,56.4159009091227],[-5.65547003303089,56.4116114633906],[-5.6788913605327,56.3839589667263],[-5.67939239577029,56.3837088602858],[-5.68629402222842,56.3845506643144],[-5.71267353018161,56.3896020798562],[-5.71716149078506,56.3938550074378],[-5.71208138836822,56.4097855099724],[-5.71010126147979,56.4140464326087],[-5.71079185524865,56.4138272951577],[-5.71069374884242,56.4141347579536],[-5.73416821819364,56.4112647315525],[-5.74819372351007,56.4134957707181],[-5.73176788694594,56.3960601445872],[-5.75419778036694,56.394411019559],[-5.75814020333524,56.3812132937601],[-5.79398237451215,56.3664445823663],[-5.78891638560375,56.3669330314276],[-5.79128128115608,56.3658529933341],[-5.78446463190424,56.3673620769094],[-5.75620047504118,56.3700821507643],[-5.74034109416094,56.3771183850002],[-5.71454179601649,56.3828134339988],[-5.69986313381929,56.3833614880642],[-5.69441997001829,56.3828639824638],[-5.70348881981277,56.365849072816],[-5.72446207535739,56.353874917256],[-5.82840053888023,56.3131099275093],[-5.83409605790918,56.310871166319],[-5.84313015083622,56.3126528720604],[-5.88290627716871,56.3204876374446],[-5.88895821582134,56.3216782828539],[-5.88334585514765,56.3248121367978],[-5.8461682964348,56.3455525898332],[-5.85235278957767,56.3539007381609],[-5.87667548619935,56.3562281459298],[-5.8861893633551,56.3527468152839],[-5.90222944024617,56.346874351865],[-5.93442378128907,56.321535169261],[-5.98680362166133,56.3228530746877],[-6.01610161399686,56.3071558775789],[-6.04297275415249,56.2927417754968],[-6.07838496487184,56.3021137431634],[-6.12668832358879,56.296149134135],[-6.14252223927559,56.283986777971],[-6.17068183501373,56.2872338664773],[-6.17015657279543,56.2881567396205],[-6.17180352774043,56.2873674477803],[-6.20321139822203,56.2909760919827],[-6.20331284835063,56.2909399977389],[-6.219886479124,56.2850413010621],[-6.22011168311693,56.2851838478856],[-6.220276032958,56.2849026077086],[-6.22605253880674,56.2828457485326],[-6.22828676080531,56.2832958398728],[-6.22882144424742,56.2838185490864],[-6.2291043442715,56.2834605314035],[-6.23242192470366,56.2841287452061],[-6.23249379372006,56.2841874711258],[-6.23252002441049,56.2841485024785],[-6.24516246157301,56.2866938399763],[-6.24653607281892,56.2852963832024],[-6.2499798588782,56.2857080322803],[-6.25837788301624,56.2732442370992],[-6.26572757037502,56.2657597378074],[-6.26857005344675,56.2694029438054],[-6.26946301606265,56.273995535977],[-6.32061653229593,56.2697738762989],[-6.32531305780322,56.2711672375563],[-6.33034872344969,56.2779586446222],[-6.33018017696224,56.2789124221015],[-6.32303280270514,56.282633319113],[-6.32955282111106,56.2824621609728],[-6.32915426540078,56.284716973922],[-6.34874498408417,56.2848689814223],[-6.34699995887062,56.2959628714679],[-6.34561283264685,56.3047772869133],[-6.36584323499854,56.3035373654993],[-6.3652893276961,56.3107996537443],[-6.3768749157334,56.3087462409073],[-6.37365934045382,56.3167711693358],[-6.35721560234214,56.3429834913556],[-6.3518240655874,56.346705543353],[-6.29448147193416,56.3442032099507],[-6.28652766230615,56.3329172691801],[-6.28585405150032,56.3364012478655],[-6.27279210414602,56.3367590359603],[-6.26738253093208,56.3242978436149],[-6.29785111703624,56.3243766802652],[-6.23644437264729,56.3157052540016],[-6.24855991039108,56.3430772395092],[-6.20822544124913,56.3355540477359],[-6.19029855517613,56.3322051027783],[-6.17654959734188,56.3343240356441],[-6.18495652473521,56.3377119373647],[-6.17774689726189,56.3410331358472],[-6.17502838058213,56.3407498572517],[-6.1575482923707,56.3370371854492],[-6.15057381400413,56.3381987159394],[-6.14193101870422,56.337295838438],[-6.13832076153788,56.3402382434123],[-6.1295087817361,56.341704136629],[-6.13053135468756,56.346584924869],[-6.13033012865967,56.3467488479673],[-6.10313456631448,56.342276956636],[-6.07085920060511,56.356490883527],[-6.01865004495004,56.3645059214198],[-6.00329503073272,56.3784114446552],[-6.01377122445,56.3870957947996],[-5.99970558056642,56.3886216276999],[-6.00945086900048,56.3907356763956],[-6.0032353360503,56.3937007191296],[-6.02272770488944,56.3946551643115],[-6.02415536015744,56.3939236121048],[-6.02463133327959,56.3940267646935],[-6.04674112756539,56.3823444907502],[-6.05941786655802,56.3758406536536],[-6.05972518317721,56.3760287601446],[-6.06585316549809,56.3799081919211],[-6.06599050816926,56.3798631441496],[-6.07251176444007,56.3838529783635],[-6.07831820072742,56.3758186524492],[-6.10414060770596,56.3673401046994],[-6.14455405558715,56.3675554832989],[-6.16195963526312,56.3614620636946],[-6.19392847470263,56.3588148852624],[-6.19485365724839,56.3588455856558],[-6.20935439064146,56.3722839720879],[-6.20599342527824,56.3852228269015],[-6.15116265426718,56.413078563838],[-6.13060906686985,56.4459842329885],[-6.12520896837058,56.44858017518],[-6.05476027723942,56.4513704681862],[-5.9968070714426,56.4824924437708],[-5.99953863459388,56.4853858376857],[-6.00011568704809,56.4926821094085],[-6.0079092310363,56.494249128442],[-6.01326853878663,56.4999213446643],[-6.03593673447648,56.4881570006389],[-6.04880198128109,56.4859442489354],[-6.12989469620673,56.4719603753204],[-6.13643692685368,56.4809249597994],[-6.15023417982748,56.4816039200211],[-6.1492290806995,56.4826229863541],[-6.14135026068306,56.4906091741402],[-6.15022282686521,56.5000591782676],[-6.22965835042749,56.5287153540155],[-6.22994783713451,56.528819593955],[-6.28714485347699,56.5228916995108],[-6.2990139955854,56.5257332649488],[-6.3407830990473,56.5361595868945],[-6.33683450170439,56.5530008551369],[-6.30521604942152,56.5584430558882],[-6.27971816023661,56.577343241182],[-6.28425557845634,56.5773108061794],[-6.28296774672505,56.5784695916025],[-6.29936387711621,56.5772016121749],[-6.31520300488865,56.5770851561414],[-6.3237672962503,56.6061611782546],[-6.27456818670154,56.6027433785304],[-6.2728593356679,56.6036190892664],[-6.27109697762202,56.6035238637787],[-6.2684838958934,56.6058610211143],[-6.25391394463117,56.6133235131657],[-6.25376459242586,56.6132595770441],[-6.23830630864111,56.6059782932986],[-6.18828797402476,56.5823852651258],[-6.20284610718994,56.5914385152469],[-6.18958967016401,56.5857498020636],[-6.22359095189758,56.6046847368328],[-6.21190739210465,56.6031388039503],[-6.2269776048525,56.6141787044531],[-6.22725176282151,56.6330914903483],[-6.19460463691191,56.6237371696514],[-6.1946331005927,56.6237614615484],[-6.20815966694916,56.6355067112438],[-6.20279516588398,56.6335792002925],[-6.20018552765772,56.6324805279459],[-6.20015761043931,56.6326313439798],[-6.19852987880398,56.6320463342831],[-6.19825546106919,56.6423393788414],[-6.16617546512216,56.6417535331045],[-6.1642954128165,56.6428650652242],[-6.14030807300175,56.6516365676862]]],[[[-6.16253298655214,55.9334580510422],[-6.12661101817343,55.9364646260835],[-6.12377561022033,55.9302203302647],[-6.13108571398094,55.8945978047806],[-6.13216912134105,55.8920197991585],[-6.13175498697012,55.8913335038756],[-6.13208477847133,55.8897247929969],[-6.1173270700587,55.8674072036006],[-6.1032298867638,55.8439979271844],[-6.10476942846728,55.8147324282496],[-6.10339223952002,55.8126009702829],[-6.10341050576005,55.8123721267014],[-6.09723872311265,55.8030741099364],[-6.08403902855099,55.7826209574301],[-6.05229637485168,55.7663975283846],[-6.04691219949702,55.7636435540616],[-6.05135617259881,55.7461294265284],[-6.05252731229207,55.7423855208684],[-6.05234169711325,55.7422434271519],[-6.05251951587171,55.7415421965229],[-6.02875422763756,55.7236560876555],[-6.04029161792902,55.7096514320293],[-6.03587723154467,55.6914284421071],[-6.02484032651182,55.6958022958381],[-6.03082373247734,55.6836403569398],[-6.02911063653782,55.6838182615818],[-6.02094387020114,55.6842611118803],[-6.04983045651675,55.671574342124],[-6.05778252146686,55.6594807105453],[-6.0733734819709,55.6633114918623],[-6.07339015981444,55.663202258691],[-6.07419307364649,55.6423589463602],[-6.07419490425406,55.642312138959],[-6.08631609435773,55.6489841887872],[-6.1323454758663,55.6318997607879],[-6.14939238447841,55.6255645089763],[-6.16556715961013,55.6308117478689],[-6.18598335526798,55.6233653072129],[-6.18605130436781,55.6233561140454],[-6.19400084572818,55.6329764529888],[-6.21782864624019,55.6305023657584],[-6.21150551147052,55.6202601843524],[-6.23659373786771,55.5959769280153],[-6.25870280042336,55.5894433423887],[-6.26771245081808,55.579211907318],[-6.26783881470159,55.579068366161],[-6.26858708144156,55.5791813857191],[-6.31359596146471,55.585969879237],[-6.31392348833344,55.5883265371573],[-6.33758636729922,55.5909189347766],[-6.32781307676393,55.6093190465548],[-6.33354742568058,55.6193467128981],[-6.33351837049383,55.619492183943],[-6.33289945458327,55.6201524243988],[-6.30608285760213,55.6458826311849],[-6.27344786556322,55.6495299319196],[-6.26875468299748,55.6521657980345],[-6.26719051186196,55.6522151575777],[-6.26697093730952,55.6531674786885],[-6.25909186382301,55.6575911565492],[-6.26412723364349,55.6654971837896],[-6.26383900574399,55.6667464926748],[-6.27266949426587,55.6789012842113],[-6.28753651090304,55.7022064406831],[-6.31147117931222,55.7194230901009],[-6.34131769049466,55.7161354827777],[-6.33986384982304,55.7300108184573],[-6.33202415699069,55.741737761869],[-6.27821261927335,55.7587274556222],[-6.26220054087466,55.763775563238],[-6.25079501827725,55.774314585853],[-6.25858558886391,55.784193284578],[-6.29401161580522,55.7841891109627],[-6.29487892511176,55.7844981228789],[-6.30069649367901,55.7841871758468],[-6.3472981642755,55.7841635835522],[-6.34908184476403,55.7815901635695],[-6.35025832893982,55.7815267764274],[-6.35624399720668,55.771253362486],[-6.36708491046052,55.7555963706261],[-6.37943863083703,55.7377386412604],[-6.4075079285378,55.7125568737585],[-6.41723038480394,55.7048669514997],[-6.48448283180692,55.6727903809847],[-6.49931663896988,55.6739835460444],[-6.50676881666735,55.67597898819],[-6.52569733620499,55.6929383519452],[-6.52055154052502,55.6961241949813],[-6.49948723486236,55.7059704365177],[-6.49794632038362,55.7101108958696],[-6.49312183633671,55.7130941896657],[-6.49633669774612,55.714435093849],[-6.49611663091515,55.7150262266822],[-6.50699660452415,55.7188799958019],[-6.49776732477612,55.7355149462267],[-6.46386119863711,55.7506697274976],[-6.46131961979147,55.7518048826902],[-6.46240564316688,55.7521651642922],[-6.46409661468584,55.7527260999499],[-6.46687330285878,55.7536471072042],[-6.47061425481578,55.7555541477087],[-6.46553406061477,55.7652815607251],[-6.4565603324709,55.7824524834765],[-6.46793098937412,55.7861954028805],[-6.48672516007126,55.7926232502395],[-6.46974165295144,55.8019683306931],[-6.45654290321454,55.8092262351012],[-6.45535289189414,55.8251992922005],[-6.45819150113083,55.825940404915],[-6.45740883095308,55.8355097912706],[-6.45130286327032,55.8418201191278],[-6.45699065778871,55.8406213146273],[-6.45633461460212,55.8486386414964],[-6.45522746589717,55.8520712878433],[-6.42953841189826,55.8601857975481],[-6.41921488007179,55.854618174276],[-6.4150348661331,55.8517777057138],[-6.39209025952471,55.8580779235449],[-6.38820169587138,55.861177264986],[-6.35981377308255,55.8754561283634],[-6.35621828980787,55.8756035349744],[-6.32758885208232,55.8916129975184],[-6.32172155353962,55.8864274259063],[-6.33791568025902,55.8685158804954],[-6.34609240855856,55.8345117173373],[-6.33475045197404,55.8234448743738],[-6.32119962802354,55.8224055777259],[-6.32776086640046,55.8356582688466],[-6.30537643046021,55.866851523667],[-6.31630380736001,55.8734683075458],[-6.27965058862164,55.8767109265524],[-6.24227859255268,55.8994037960711],[-6.21468371487046,55.9125521852419],[-6.20564594869699,55.9216119976359],[-6.19688705699696,55.9269167909498],[-6.17369950087797,55.9257948494538],[-6.16431591883465,55.9322347497453],[-6.16253298655214,55.9334580510422]]],[[[-3.25961517822679,59.1453945784614],[-3.19824838661582,59.1541741988466],[-3.17823987772024,59.1423150941583],[-3.09531017380783,59.1182630183742],[-3.07379682396993,59.1235646648129],[-3.069513753701,59.1135477253505],[-3.0493223095586,59.1063225681477],[-3.04573681090536,59.1050389107809],[-3.06105634569231,59.0981411327668],[-3.05997956038844,59.0976588203603],[-3.06292144182793,59.0961338514641],[-3.048835587286,59.0903701973728],[-3.00411552329495,59.0720485572854],[-3.00629256478287,59.0630508748907],[-3.01208912886616,59.0390708697171],[-3.03865020312442,59.0482280512382],[-3.04754969640393,59.0482087249524],[-3.06614292601944,59.0481663592947],[-3.05799646258595,59.0405600568123],[-3.06002488422774,59.0255961943789],[-3.06154733051965,59.0232902630882],[-3.08113605631603,59.0237120158066],[-3.0926537512295,59.0159725584839],[-3.09558231277618,59.0162834374817],[-3.09743721386599,59.0127569487397],[-3.10197582428208,59.0097052238092],[-3.12321671423491,59.0107172174969],[-3.12235111208033,59.0102585655716],[-3.12321503165061,59.010293273996],[-3.12035386999329,59.0092002299787],[-3.1116112180245,59.0045664117374],[-3.1047370370542,59.003231846855],[-3.10444618110661,59.0031206504436],[-3.10428356527261,59.0031437922105],[-3.08674918066113,58.999737430318],[-3.08732623696806,58.9991431698137],[-3.08267018583467,58.9989445749425],[-3.05473540247571,58.9935103067931],[-3.04617144980493,59.0028883646748],[-3.04158176341232,59.0079120995019],[-3.04025193056102,59.0088379958899],[-3.00655121777814,59.0100689302722],[-2.96037308552113,58.9847518907448],[-2.96022751775469,58.9849048548981],[-2.9599220576644,58.9847372397298],[-2.93171158039483,59.0143095364394],[-2.92825437018537,59.0072575808879],[-2.92805540803889,59.0063022628617],[-2.92779865911436,59.0063278034096],[-2.92758837750621,59.0058987510773],[-2.91886802072353,59.0072158431359],[-2.90277086303962,59.0088148333085],[-2.9036830065853,59.0076965422118],[-2.91164141074773,59.0055055493367],[-2.9065596058712,59.004169302554],[-2.9155857296035,58.9930965370848],[-2.91307065192281,58.9924755380584],[-2.91324850840048,58.9923101701569],[-2.91236309007011,58.9923008206469],[-2.90151319264987,58.9896209601821],[-2.91980491070404,58.9822984482485],[-2.91917452141236,58.9653646731637],[-2.8875145661575,58.9601613105472],[-2.88674848317289,58.9607788296984],[-2.88588560001377,58.9606412543787],[-2.87651482951114,58.9690253454379],[-2.85593446217122,58.9855950727251],[-2.83674352420689,58.9828298809377],[-2.82531678392521,58.9807264387664],[-2.80178562522115,58.9907772255343],[-2.79271921707154,58.9684470985947],[-2.79192223677457,58.9654162072493],[-2.82001115723562,58.9668397407549],[-2.84839471443365,58.9580798349372],[-2.82808800382886,58.9375003727079],[-2.82847080277553,58.9286255968039],[-2.83063725209566,58.9249653135819],[-2.84311275500049,58.9260969642073],[-2.82491049095459,58.9206551623281],[-2.81941376410253,58.9274378105577],[-2.80948950516667,58.9285861393826],[-2.80136845083334,58.9285899092424],[-2.80580931686946,58.9226707134663],[-2.78857603495373,58.9156731523911],[-2.77918144448913,58.9279712678858],[-2.791954928594,58.9269685401731],[-2.78605241275858,58.9402425556695],[-2.80335966399845,58.9470964441058],[-2.70796811511205,58.9727464511645],[-2.70794257279044,58.9721194049766],[-2.71013869506804,58.945292794206],[-2.7191834265193,58.9372641340114],[-2.71190402260578,58.9236998412951],[-2.71204824811794,58.9219345777094],[-2.74735382115277,58.9239023588718],[-2.7621533204604,58.9131285168727],[-2.78486339657969,58.914968249327],[-2.78737488820299,58.9125184597708],[-2.82963332846046,58.8746703142119],[-2.84416129347004,58.8845886956663],[-2.8545651525801,58.8916869417037],[-2.88350077304031,58.9002308386078],[-2.8969616776318,58.89564742835],[-2.89658715011851,58.8954803165885],[-2.89701962314372,58.8953398804407],[-2.89066530290446,58.8928376625386],[-2.88366461931284,58.8897127071777],[-2.89144013029499,58.8842705720234],[-2.89806125952055,58.8796346690074],[-2.91331860317013,58.869482622559],[-2.91230411962902,58.8696569275378],[-2.9130628657066,58.869125187368],[-2.88535788527414,58.8735538809771],[-2.88857180591819,58.8551114704484],[-2.85788653482155,58.8531116676683],[-2.89965268018129,58.8416535899579],[-2.90538219636334,58.8401172066007],[-2.90534612148569,58.8400900224932],[-2.90633770856824,58.8398176666646],[-2.87781217617035,58.8192154789931],[-2.89628938752612,58.8190003871592],[-2.93059453109724,58.7942923145523],[-2.92154283493178,58.7836980380585],[-2.93173262112976,58.7740884134258],[-2.93979403228729,58.76738747709],[-2.93531861644355,58.7655301173949],[-2.90982934851394,58.7541004978363],[-2.92361530841774,58.7392912708475],[-2.91905561021231,58.7367218737846],[-2.92014597167339,58.7348488569242],[-2.96084657546953,58.7295704093318],[-2.96538433584515,58.7413094056055],[-2.96665768205449,58.7410189166941],[-2.96669665200373,58.7410983642697],[-2.96729224500956,58.7408741467498],[-2.97643996147937,58.7387867066932],[-2.99246337666099,58.7540091050001],[-2.97984252402388,58.7610528199878],[-2.97914753383717,58.7861162026529],[-2.99407907517381,58.7869817803927],[-3.02194033379691,58.8071999826786],[-3.01014327989822,58.8131993395598],[-2.99932618694625,58.7997325604009],[-2.98992530556136,58.8070710926932],[-2.984112805878,58.8113420166968],[-2.98429232978565,58.8114665046879],[-2.98338336111317,58.8121756432342],[-3.00361471839936,58.8267896390844],[-3.00693634287934,58.8253886561733],[-3.03619509787218,58.8194212127123],[-3.03647238156833,58.8194850885286],[-3.01368022525805,58.8328481408023],[-3.00440852365627,58.8310968094416],[-2.99073549816662,58.8279283652651],[-2.96387209832357,58.8360574463624],[-2.95794545737163,58.8260069921691],[-2.9056026378363,58.8425417134971],[-2.90268572758082,58.8430271564314],[-2.90432862069095,58.8429437094183],[-2.90255255011481,58.8435040826472],[-2.93114721379902,58.8422033008257],[-2.96332228813939,58.8496209380045],[-2.9389374319358,58.8607541212621],[-2.91402758225414,58.8557390860698],[-2.91433074393874,58.856389389435],[-2.91388815789969,58.8563014283163],[-2.92166041887901,58.8721046518214],[-2.92409353015804,58.8773183628593],[-2.90622091674295,58.8798906786954],[-2.90198702704015,58.8841972495895],[-2.89580591477364,58.8904822792202],[-2.89614089170644,58.8906207970951],[-2.89586657691106,58.8907476742454],[-2.89661928146502,58.8908186149259],[-2.91001322497937,58.8963554799945],[-2.91405509434452,58.8924605966445],[-2.93172441263688,58.8941220036954],[-2.93277208674274,58.9025518281422],[-2.97297258450732,58.9401113785361],[-2.97194902761328,58.9473699116823],[-2.96983510265994,58.9592709759137],[-2.97026162205704,58.959329858634],[-2.97007840683664,58.9606280006592],[-2.9834795021499,58.9626194399157],[-3.03119414501689,58.9392209547893],[-3.07596455651011,58.9393061012748],[-3.07616084325065,58.938859605341],[-3.0908019816379,58.943041936182],[-3.07959629772143,58.9310430956088],[-3.08010865972321,58.9298770640737],[-3.11399874463353,58.9310965846859],[-3.13013498352486,58.9169993494642],[-3.1569834976633,58.9206417578193],[-3.18068455614449,58.9120567259596],[-3.18725579268177,58.9186607780863],[-3.19877649357335,58.9137591670523],[-3.22843220805841,58.9346936747058],[-3.23034418683295,58.967045174978],[-3.25084673408218,58.9756263126336],[-3.25073458585569,58.9788673029552],[-3.2481739621407,58.9820172894901],[-3.25061567484462,58.9823031718838],[-3.25060337786476,58.9826584379638],[-3.2507993968833,58.9823246804975],[-3.25604009299787,58.9829380994223],[-3.26416518614995,58.9623360425539],[-3.29000650011483,58.9616947008624],[-3.29455720800512,58.9522685749687],[-3.30300201145984,58.9503589447544],[-3.3528204570942,58.9636846788558],[-3.35545604341963,58.9644749162805],[-3.36133783108749,58.9804872737949],[-3.36459623142126,59.0020194758456],[-3.35726816071352,59.0094632701603],[-3.36614661593357,59.0146420743031],[-3.36555188568514,59.0164030891507],[-3.36524188709368,59.0165090591448],[-3.36552519319922,59.0164821188253],[-3.34785990414105,59.0376306675847],[-3.35599038142154,59.0472834455888],[-3.35580376185164,59.0473437251685],[-3.33432446290642,59.0543489793808],[-3.3461430642051,59.0599661102078],[-3.34923212880626,59.0614337930639],[-3.34682334892021,59.0983729072324],[-3.35750071170888,59.1038295486917],[-3.31974273185831,59.1231076541681],[-3.32175203309937,59.1279212439736],[-3.31916001218289,59.1296663816188],[-3.32296415035491,59.1308243436846],[-3.3251198317804,59.1359860857378],[-3.31629038402175,59.1372564921454],[-3.29326390363919,59.1378898309256],[-3.25961517822679,59.1453945784614]]],[[[-5.28329088285174,55.7188361926166],[-5.25888948470559,55.7204786782666],[-5.21255911841678,55.7060976244624],[-5.20145136701181,55.7023823105868],[-5.18356088016309,55.6919539038422],[-5.16113729671871,55.6788714098119],[-5.16054930168172,55.6779698817888],[-5.13212466937413,55.6195448091664],[-5.13055714141951,55.6135657291785],[-5.12903824945255,55.6077702300043],[-5.13649760080849,55.6019666272993],[-5.1602739655754,55.5836958712974],[-5.13472446916812,55.5777935382004],[-5.10900708154266,55.5718451937875],[-5.08582622938678,55.5548633168997],[-5.0829344258844,55.5527299278819],[-5.11743886351084,55.5407625374043],[-5.12933021320958,55.52820837247],[-5.07991415920035,55.510208256059],[-5.0793278237768,55.5099453023511],[-5.09477098963002,55.491677218736],[-5.09329499667313,55.4891889902709],[-5.0834462594397,55.4563570271827],[-5.08484972004003,55.4534709400801],[-5.09029852899433,55.4505580161378],[-5.11236126215757,55.4398627944709],[-5.13789749140061,55.4439063010739],[-5.15501486463245,55.4411648636455],[-5.15823215935052,55.44142275682],[-5.16240191580642,55.4399809156896],[-5.16321419971569,55.4398506964213],[-5.20044846391985,55.4338750152911],[-5.25142232992456,55.4394244327782],[-5.26112520749669,55.4433569026051],[-5.26308949708727,55.4460812915356],[-5.30087158908271,55.4594492404446],[-5.30995221040947,55.4631220411452],[-5.32728822249848,55.4981286609204],[-5.35536144139919,55.5066853256289],[-5.35478630993937,55.5126755998667],[-5.34892975233671,55.5373245651177],[-5.33759016005287,55.5495198574284],[-5.34753715555329,55.5685844589221],[-5.38630463361902,55.606763424183],[-5.39564417476817,55.6159480111083],[-5.39551142959917,55.620248397853],[-5.36481326230405,55.6783151218804],[-5.33793119605605,55.6864572608152],[-5.33089830164021,55.6885196117077],[-5.33082805570399,55.6886071538956],[-5.32872378022079,55.689243929453],[-5.31614360757931,55.7058801257479],[-5.28348332821684,55.7037452337316],[-5.29485996578687,55.7124507393826],[-5.29207801530017,55.7149859744251],[-5.28751306635248,55.7182922595433],[-5.28329088285174,55.7188361926166]]],[[[-5.72241477541188,56.1468479667867],[-5.71789526366369,56.1478488175293],[-5.70745134586691,56.1484469737157],[-5.68972817449435,56.1318963863103],[-5.68739968219202,56.1291824137779],[-5.69477407528867,56.1213098796713],[-5.68755634716674,56.1114266675297],[-5.7559518086963,56.0390798953365],[-5.76664282113641,56.0275703266284],[-5.76664010506852,56.0279544008257],[-5.76696883058883,56.0272192378828],[-5.7771821918896,56.016216566423],[-5.79306080408654,56.0132107461451],[-5.82037918979996,55.9730798804137],[-5.83643691274107,55.9707955167841],[-5.84146055414804,55.9530227596549],[-5.84480672806491,55.9411762449597],[-5.84504413733436,55.9403355073031],[-5.87615450799653,55.9052064239865],[-5.8728647876541,55.8898083365276],[-5.88693014117793,55.879022179113],[-5.88166648495744,55.8914990540686],[-5.89739482363536,55.8898863784916],[-5.90148901061342,55.8700459670002],[-5.90235108982691,55.8671624273163],[-5.91714575758352,55.8725685592353],[-5.92209606539045,55.8712481541983],[-5.92359052268844,55.8716076589467],[-5.92951794593538,55.8692679652505],[-5.93651927989359,55.8673993915729],[-5.95113127954214,55.8346161783248],[-5.95089903516178,55.8344404470028],[-5.95093963210859,55.834349865471],[-5.94622229267433,55.8309012633132],[-5.9396471222837,55.8259239954035],[-5.95137016982823,55.8097980760002],[-5.95157147471939,55.8100348450251],[-5.95207242436186,55.809054703702],[-5.95185104520201,55.8091362931716],[-5.96412535425111,55.7922363720104],[-6.03589272286178,55.7954338851078],[-6.06465588607751,55.8060891538686],[-6.08736639977303,55.8312940462908],[-6.0928221702702,55.8830626390366],[-6.08834475478361,55.8958178950852],[-6.06652442735352,55.9172565364589],[-6.03281069254862,55.9435368093356],[-6.01994062923064,55.9473204445643],[-6.01476748388887,55.9488407001004],[-5.98935619830785,55.9510616236032],[-5.97927800975504,55.9492726045467],[-5.96909823921186,55.9528282223396],[-5.91635573863032,55.9574112300716],[-5.88326321881164,55.9690417923861],[-5.89476546177171,55.9783472876596],[-5.94034073692494,55.9602909736184],[-5.94051805077276,55.9603406682525],[-5.94037301113508,55.9603717516392],[-5.9943783413081,55.9757163023986],[-6.00634059135645,55.9730283653753],[-5.95541792870873,56.0343199308226],[-5.93280413331551,56.0460866119016],[-5.88175406133529,56.0703686856404],[-5.85842454985693,56.0778009679731],[-5.82135753387667,56.0895949637123],[-5.81698699640738,56.0946005223284],[-5.80226381419518,56.1100111133846],[-5.78430062455318,56.1089198829865],[-5.74551429805796,56.1296207988518],[-5.7416664208907,56.135932889437],[-5.74039955502123,56.1380106065973],[-5.7243673704227,56.1385803733882],[-5.72189651518897,56.1381179222073],[-5.72241477541188,56.1468479667867]]],[[[-7.33815407227377,57.6578818588653],[-7.31378343156636,57.6578385031696],[-7.31621400941961,57.6513732354754],[-7.29245084232274,57.6532882984587],[-7.2919086285991,57.6457821217249],[-7.29212164144434,57.6449044444528],[-7.29188853224165,57.6455038405013],[-7.29157785326378,57.6412008588016],[-7.27934413410781,57.6473747689683],[-7.28690241895933,57.6525131869711],[-7.26856282938788,57.6475152393637],[-7.2537982191186,57.6526772848735],[-7.26371496004909,57.6559948806806],[-7.2427934388235,57.6557939473766],[-7.27658610113146,57.6653220255036],[-7.26140889394176,57.668903247335],[-7.25836805278928,57.6683150557668],[-7.25654661723009,57.670050007763],[-7.23707094109583,57.6746407339607],[-7.22407672250218,57.6882309305332],[-7.21924031152864,57.6881117671442],[-7.20789321477435,57.6829724526187],[-7.19350875421074,57.6972021782314],[-7.19312857368767,57.6970631897708],[-7.19364265575777,57.6896830834552],[-7.19178767728733,57.689147647957],[-7.1714741602427,57.6818679236653],[-7.18318105988548,57.6812496060817],[-7.15740107395493,57.6768265238818],[-7.15612828855251,57.6763704255704],[-7.15874791393187,57.6686697717571],[-7.16651914679559,57.6639202422853],[-7.17363792282604,57.6695613008703],[-7.16732420973812,57.6574065617215],[-7.19241340287607,57.6572394894635],[-7.17904592238778,57.6537522766992],[-7.18509760644651,57.6519808258487],[-7.17080460702338,57.6516013003203],[-7.16796363656919,57.650859623937],[-7.1671942549096,57.6515051762252],[-7.13506330702589,57.6506451166217],[-7.13492503148344,57.6506263253989],[-7.13865075382912,57.6394265943853],[-7.13214383121629,57.6416815584393],[-7.13201182307761,57.6411544556122],[-7.13182667190389,57.641791453907],[-7.11813989854169,57.6465325407674],[-7.12849370455594,57.6494414746669],[-7.099998813133,57.6487920589986],[-7.10447230886491,57.6506313732337],[-7.09965394240682,57.650869492778],[-7.12066087555474,57.6596692441343],[-7.11586198128947,57.6623336063441],[-7.10692336519808,57.6594801759823],[-7.10559356408887,57.6590555758153],[-7.09748576196234,57.6556822863677],[-7.0936134186813,57.6467578861575],[-7.07984747772759,57.6483397458865],[-7.06375754181146,57.6416368679088],[-7.1003752583074,57.6079258995842],[-7.13347757544142,57.6260325103601],[-7.11375741152347,57.6322486196658],[-7.14389773219179,57.6276172115345],[-7.1456640276311,57.6221886476988],[-7.15187205106809,57.6263441622653],[-7.16628904217785,57.6330652585771],[-7.15251392597328,57.6258020837771],[-7.15941145444079,57.6199757154947],[-7.18763166304167,57.6328143132591],[-7.18753573547874,57.6330658797605],[-7.18858310046823,57.6333512179645],[-7.18849206648355,57.633205506365],[-7.19728815625563,57.6372038230712],[-7.16893975620355,57.6341848480993],[-7.17554973754483,57.6398298626547],[-7.16559139058743,57.6370061458696],[-7.16497192634611,57.6437861376962],[-7.16506433928274,57.6437812369366],[-7.16506109344953,57.64382295325],[-7.21506208875298,57.6417970138872],[-7.21358359966084,57.6411987924039],[-7.21747151145625,57.6409910375643],[-7.19115841083568,57.6321206271325],[-7.18860350556662,57.6310857984896],[-7.1978515488657,57.622074622433],[-7.20018484299354,57.6200985916078],[-7.19980624851141,57.6201693197724],[-7.20124357578394,57.6187681722814],[-7.18202403384036,57.6165009690761],[-7.18343951103854,57.6161387023058],[-7.17470665774926,57.6156369334445],[-7.15288005855315,57.6130568839484],[-7.15650032982115,57.6090726644942],[-7.18233396555549,57.6114960588127],[-7.15652729937451,57.6090429799742],[-7.16302802095058,57.6018863955547],[-7.15509047468466,57.5972255028269],[-7.15574422404218,57.5964345627649],[-7.18235083449099,57.5930076901607],[-7.15725815421273,57.5949638410604],[-7.15710305422734,57.594790465248],[-7.16310544856332,57.5875260674435],[-7.15147065106885,57.5862341136431],[-7.14289771870488,57.5884369893821],[-7.10196979384115,57.5937878679537],[-7.10167989377387,57.5937250797505],[-7.10988286253954,57.5790634582175],[-7.11772848576192,57.5661180801291],[-7.1452286456037,57.5571651068058],[-7.17027251791748,57.5622387813402],[-7.18489313899688,57.5651978349279],[-7.17990267679223,57.5579617757276],[-7.20286960713817,57.5617526307232],[-7.25879662137624,57.553579872706],[-7.2698274880538,57.5604049552292],[-7.24841690611644,57.559120463618],[-7.25456660943485,57.5706080720576],[-7.25395462257215,57.5640772398416],[-7.28907989488913,57.5628761521825],[-7.27095948828899,57.5547208160365],[-7.29980288617146,57.5533258231967],[-7.16573532148793,57.5475525663817],[-7.16049786009004,57.5558674160846],[-7.15879163160198,57.5557462431292],[-7.1346709591951,57.5530401111808],[-7.14034884016464,57.5396835537645],[-7.13846575626572,57.5390902986062],[-7.14742383098644,57.5151002395429],[-7.16868355246337,57.5133246026651],[-7.14876013657452,57.5094083953717],[-7.15712122061834,57.5090134433472],[-7.17666786207018,57.5080903933478],[-7.22422645758427,57.5184951950542],[-7.19638433776332,57.506780418723],[-7.23615013688528,57.5140718555446],[-7.22158919733315,57.507617648988],[-7.24952361696127,57.5061673910909],[-7.271213811919,57.5154346081175],[-7.26961900578564,57.5160286496976],[-7.27157748564089,57.5163308738939],[-7.27172321457168,57.5156521501266],[-7.27638317861757,57.5176408574143],[-7.25931762388983,57.5049438316895],[-7.26284547392349,57.502312916242],[-7.24755889243685,57.5034304234838],[-7.22344277044326,57.5018267598874],[-7.22045956405089,57.4989866164823],[-7.20418613493825,57.4727146229702],[-7.23011441123089,57.4779452047363],[-7.23024305741524,57.4779711395535],[-7.23031405391233,57.48420138227],[-7.24328640662479,57.4783099102967],[-7.24394017838482,57.4784560738667],[-7.2621497431852,57.4825261506955],[-7.26938565468015,57.4928794329098],[-7.2722306476555,57.4861084020878],[-7.29212264219162,57.4906102764979],[-7.30442585012246,57.5046259072059],[-7.27682500507501,57.5048274637921],[-7.30510107917904,57.5053947609115],[-7.30515739724598,57.5054588856611],[-7.29120668576151,57.5115765586524],[-7.32589811530083,57.5089996544881],[-7.32754810263373,57.5174261686736],[-7.32897134716304,57.5246910091427],[-7.31874856983332,57.5250298142027],[-7.34609232000556,57.5416849919483],[-7.32934829637991,57.5266105751638],[-7.34086988701857,57.5168614333937],[-7.34607755487904,57.5124531180815],[-7.35822680602026,57.5021638685868],[-7.37272351025064,57.5155048250205],[-7.39757927788089,57.5383513873713],[-7.39699226133552,57.559265542466],[-7.4104690023038,57.5502550846742],[-7.43716433610291,57.5690067923554],[-7.42616312243207,57.5703906141233],[-7.41631523238393,57.5724759450562],[-7.38574517635323,57.5570149807416],[-7.33995887211545,57.5542102263213],[-7.38502567377746,57.5575722269353],[-7.41648626100979,57.5732892821426],[-7.41850326718749,57.5828853006808],[-7.44230552420236,57.5878149862661],[-7.42974539672255,57.5784510827215],[-7.44357491066055,57.5702039244312],[-7.44554785671347,57.5699209377254],[-7.4832621097124,57.5681807182487],[-7.4938881175491,57.5824353946073],[-7.4907877839672,57.5856369517717],[-7.50084855177832,57.5838617778772],[-7.50797705533107,57.5848734881584],[-7.53264511670191,57.5956877149803],[-7.53467532593675,57.5988751794468],[-7.54208294910572,57.5999157278374],[-7.54641198957475,57.6035623921118],[-7.5432342285076,57.6063126140063],[-7.53708329991683,57.6098839991539],[-7.53419409617445,57.6084193168075],[-7.53092304483393,57.6025366275662],[-7.52076524495105,57.6044149796649],[-7.51762284138418,57.6116879624149],[-7.51652350664405,57.6123158395833],[-7.51706472126105,57.6129794210561],[-7.51433163259861,57.6193023656456],[-7.5238963182139,57.621353251506],[-7.52480948879673,57.6224722360849],[-7.50005421941817,57.6273460723877],[-7.50093032969586,57.630123854475],[-7.49910841441537,57.630568846507],[-7.50344019054971,57.6380789633649],[-7.50358406759314,57.6385348702716],[-7.48568487938326,57.6506389114608],[-7.48847736902471,57.6533054680541],[-7.48821498022625,57.6533673802179],[-7.48864291912984,57.6536322538816],[-7.4886520099302,57.6534722173992],[-7.49466903084575,57.6592162253303],[-7.49232938982325,57.660001419444],[-7.47606639394352,57.6612636456995],[-7.46091813539108,57.6579670761387],[-7.44951849743002,57.6631048576803],[-7.43229555539954,57.654600154728],[-7.43254930242956,57.6533893026218],[-7.43047644889403,57.6537014878156],[-7.40925652520143,57.6432131632849],[-7.41284910321901,57.6374298688399],[-7.38265053428498,57.630857346048],[-7.37023315851651,57.650457175105],[-7.37590895163194,57.6588281607189],[-7.36799383955854,57.6611075226881],[-7.33879990934573,57.669508009527],[-7.34543017966919,57.6803802827395],[-7.31496192904467,57.6940593682795],[-7.31143613846331,57.6894496578342],[-7.31210237554714,57.6853575743225],[-7.32364284067387,57.6792519792858],[-7.32077239163053,57.6742493693721],[-7.33815407227377,57.6578818588653]]],[[[-7.30045721046074,57.3719463456948],[-7.24455050782579,57.3543435088879],[-7.24106193272419,57.3525682439966],[-7.24186916211099,57.3499212023646],[-7.2704599550814,57.3497811211105],[-7.27366114597407,57.3500518239748],[-7.27007389048055,57.3446908800717],[-7.26177107740371,57.3422876479494],[-7.261025648125,57.3417762165189],[-7.26046457394934,57.3419094008674],[-7.25849662821605,57.341339617118],[-7.23865223615507,57.345379517614],[-7.23392254372673,57.3418666651673],[-7.23567834618525,57.3459845986465],[-7.22075301596556,57.3490200362003],[-7.22628070717815,57.3417034836276],[-7.23084133588759,57.335664684239],[-7.23090212169635,57.3356490151103],[-7.26456158389967,57.3327264411272],[-7.26342567207475,57.3291040146594],[-7.26625759638909,57.3289560355901],[-7.29408739612146,57.3371424792516],[-7.29004495144076,57.3348394232755],[-7.29096540279961,57.3351684890064],[-7.27184844718268,57.323037521007],[-7.24684345639116,57.3233395184695],[-7.24562856591788,57.3225888372547],[-7.24545683546267,57.3233561190328],[-7.22705303738154,57.3235749913237],[-7.2205623875142,57.3007784085695],[-7.20074831139542,57.3058288961788],[-7.1986150181967,57.3062718223239],[-7.19214020398972,57.2995737540604],[-7.20328720764311,57.2808904639691],[-7.22713060948118,57.2822108999008],[-7.2531450283964,57.2603636558956],[-7.25301050846988,57.2601970144165],[-7.24266383591488,57.2488614010054],[-7.25749028943778,57.2434708124805],[-7.26759061695123,57.2241448222445],[-7.30449483883874,57.2263422898812],[-7.30466904335102,57.2263526354509],[-7.30404538613132,57.2276270283657],[-7.29734246312744,57.2325148609304],[-7.28748872402224,57.2279002039986],[-7.29599501243082,57.233497236775],[-7.29532318834617,57.2339870149281],[-7.29648666042208,57.2338206636705],[-7.30233362220999,57.2376664372419],[-7.32049200138328,57.2303855985556],[-7.34752584761174,57.2366460712312],[-7.3468273745718,57.2291523058705],[-7.36075631316621,57.2416332443046],[-7.34983387272738,57.2274832189244],[-7.32093711915652,57.2239323577968],[-7.31284194525095,57.2278674236286],[-7.30347074447525,57.2192255038913],[-7.29909090857581,57.2151848209136],[-7.26670718962801,57.2107065869701],[-7.2618795881667,57.207201917928],[-7.26505194603035,57.1968334752208],[-7.26698629809164,57.1933404074479],[-7.26484404562599,57.192067134878],[-7.24460369694355,57.1636804993458],[-7.24957256098179,57.1607594704643],[-7.26836501007192,57.1497061476103],[-7.29451080736614,57.1568343502291],[-7.3009625203721,57.1585920220656],[-7.32118132198517,57.1640971047945],[-7.31325181035792,57.1580704863854],[-7.30002655125855,57.1480133254988],[-7.32866985384304,57.1585194317173],[-7.32535556429341,57.1533811927231],[-7.33520779669953,57.1554673608174],[-7.35408029151886,57.1505271427381],[-7.3389379125641,57.1464442395147],[-7.345223430419,57.1431431605558],[-7.33482465923305,57.136728304305],[-7.33501898268841,57.1365559284439],[-7.33463398762965,57.1366106527355],[-7.33347379959345,57.1358947504996],[-7.29232339883517,57.14156422558],[-7.28485459368577,57.1425916212697],[-7.25566435543177,57.137671848645],[-7.24630582133827,57.1357812313703],[-7.2439939038124,57.118835378925],[-7.24127741071114,57.1206498003202],[-7.24096895102524,57.119575002112],[-7.2301434777389,57.1253227935545],[-7.21190854682457,57.1174683947448],[-7.21206599952177,57.1171674004752],[-7.23198745616245,57.104787475067],[-7.23399964842711,57.104078556477],[-7.22937576496667,57.095926148359],[-7.2314566885533,57.0963613789941],[-7.27963640116601,57.1081255468009],[-7.28353080305263,57.1072380441894],[-7.28753388950944,57.1080729909502],[-7.30157365757561,57.1110000231048],[-7.31503696563679,57.1028370434345],[-7.32142630169714,57.1029741988796],[-7.35150433925211,57.1036154525402],[-7.3746442778638,57.1041038653864],[-7.39212641336263,57.1137947570811],[-7.39105439980147,57.126099025679],[-7.40403894173742,57.1310050055233],[-7.40647540846847,57.1364310900836],[-7.40468295993637,57.1376296164839],[-7.40812826517606,57.140111049994],[-7.41241286467648,57.1496466037318],[-7.41311177166833,57.1537912916514],[-7.41339301090856,57.1554587913651],[-7.40900122471893,57.1606008146343],[-7.4162150080832,57.1721805081214],[-7.42389501598748,57.2175960251594],[-7.43549300645046,57.2365044342086],[-7.45824034923316,57.2410888132257],[-7.45775039990361,57.241220476464],[-7.43873036053428,57.2430732181378],[-7.43362809122119,57.2476993005336],[-7.42698285533803,57.2494828931133],[-7.42055757950315,57.2886274660162],[-7.39670038822233,57.3014595366387],[-7.40024986343958,57.3103357920902],[-7.39990716621627,57.334351273795],[-7.39971299507164,57.3479767128967],[-7.43165138943003,57.3874344239762],[-7.37756651939886,57.4022668380943],[-7.36536272235388,57.4168553700042],[-7.36224496289354,57.4167247226216],[-7.36167036939295,57.4163521261256],[-7.36051855975012,57.4102795919473],[-7.35035724705955,57.4090139909561],[-7.32892846141316,57.3951033642463],[-7.31776395528325,57.3878500405794],[-7.2965833873528,57.386498154722],[-7.27916463256974,57.3816449816667],[-7.26803567611485,57.3754451771814],[-7.26729486161494,57.3740016937971],[-7.30045721046074,57.3719463456948]]],[[[-1.04200287009347,60.7226189484518],[-1.04167596026963,60.7321160936744],[-1.01060274420685,60.7234760029189],[-1.01100192950991,60.7229329615953],[-1.0097478538532,60.7230009370742],[-1.00982232734246,60.7232588510241],[-1.00003076547521,60.7205337008172],[-1.00636549896049,60.7087615547646],[-1.00391399435838,60.7077227532074],[-1.00445365470185,60.7059414946131],[-0.986913184794295,60.7003186967388],[-1.00665015838947,60.7023222119546],[-1.00624757140504,60.7012793613271],[-1.00831321103812,60.7013818285295],[-1.00323300290367,60.6934683432515],[-0.994133709438434,60.6698681070068],[-0.995895004247581,60.65115959266],[-0.998701109245432,60.6491510409116],[-0.996216855919829,60.6477391109827],[-0.996742467396518,60.6421517754376],[-0.984007315776415,60.6380378031126],[-0.996475313903295,60.6336493313846],[-0.997688718862376,60.6333505998542],[-1.0322906425329,60.6428410240041],[-1.06694142293569,60.6668917427409],[-1.01949435166575,60.6176179999038],[-1.01920812781547,60.6167193211503],[-1.04621581658585,60.6005228875207],[-1.06918998014629,60.6106496577446],[-1.08487511606278,60.6061497423237],[-1.03434248973069,60.5979781183963],[-1.03141578594042,60.5973506247188],[-1.02936839402115,60.5868932257242],[-1.01802059693286,60.5907881283953],[-1.01772402790619,60.582453454021],[-1.01644907634687,60.5823613185342],[-1.00329308823725,60.5800477110169],[-1.00422453617269,60.5660504900243],[-1.0241582333495,60.5612201419863],[-1.01436939891932,60.5488116384937],[-1.04850859093425,60.5499921549827],[-1.0436910613056,60.5338044204298],[-1.03959623825737,60.5334739055154],[-1.03831373488962,60.5310227696283],[-1.02533412890559,60.5323217058571],[-1.02137352946516,60.5320014460946],[-1.03746432879838,60.5018965328554],[-1.03610089204871,60.5013357523926],[-1.03665049437897,60.5001901768778],[-1.04166728023043,60.4899989760181],[-1.05361030571615,60.4922191361311],[-1.03941981385898,60.4988711876382],[-1.06591739451699,60.4901615354879],[-1.06864685182283,60.4897050138016],[-1.06939767812152,60.4900141978797],[-1.08963717298299,60.4990110435623],[-1.09102809743601,60.4989171086693],[-1.09511738399518,60.5005992844635],[-1.11733998682665,60.5097355802496],[-1.11921626240421,60.5007598516383],[-1.12014549650611,60.4963126046175],[-1.11687176240063,60.4947599636269],[-1.11700125178301,60.4935873932621],[-1.11294090558405,60.4928953645648],[-1.098916617671,60.486240269913],[-1.11163784764826,60.4827788407376],[-1.14081517622623,60.4889766775197],[-1.14686039210135,60.4839872339366],[-1.16791606622692,60.4991418236753],[-1.1685467669296,60.5010759293751],[-1.17561665413283,60.5227410725545],[-1.18817031226129,60.5223690219478],[-1.17655109601151,60.5264820255255],[-1.18992994256098,60.5463889024804],[-1.18065515491607,60.572191445854],[-1.19006907615198,60.5616267629241],[-1.20255290934732,60.5675828754528],[-1.18683574982107,60.5830668981563],[-1.20324063969778,60.6067704735928],[-1.18848479868091,60.6349061821864],[-1.18468898742572,60.6348160317197],[-1.15780983320257,60.6575321944091],[-1.15776193660656,60.6571645533208],[-1.15316112911733,60.6212871801234],[-1.13736818166897,60.6220242430709],[-1.11057751688613,60.6053836750798],[-1.13652086391911,60.622150687773],[-1.13687613263652,60.622135500864],[-1.14625162594128,60.6282290518821],[-1.1296930444864,60.6804057575236],[-1.12586618448749,60.692439072644],[-1.11907223640496,60.719213963031],[-1.12797884966045,60.7268368823846],[-1.12726991903673,60.7268776302187],[-1.08718960700683,60.7289224386084],[-1.08613666984882,60.7280138902568],[-1.07467956527809,60.7071577843532],[-1.07740793071791,60.726740422236],[-1.07612180365091,60.7312629662962],[-1.04519297548764,60.7236435283233],[-1.04200287009347,60.7226189484518]]],[[[-3.2596700351022,58.7870497352011],[-3.23687178251936,58.7833227559049],[-3.22441387807627,58.7862411771767],[-3.21072944780423,58.7992366918374],[-3.20895311246211,58.8003078157631],[-3.16506132473243,58.8009578466254],[-3.15259377558574,58.8065011620105],[-3.14774309987445,58.8049733898239],[-3.13920163342543,58.8014247145599],[-3.15388497697992,58.786752415966],[-3.14797186252087,58.7870254207712],[-3.13652963522691,58.7866270762969],[-3.18817387437046,58.7770344308731],[-3.22494119391505,58.7847092752654],[-3.22812329195577,58.7837692410155],[-3.2319530915313,58.7844278601682],[-3.23016300278485,58.7831666151364],[-3.23506243937349,58.7817188769625],[-3.22024994374385,58.77609087226],[-3.23017066408541,58.7718451982526],[-3.2500151434596,58.781628767971],[-3.29698666560561,58.7780655117962],[-3.32221950867855,58.7964199024436],[-3.32844120492646,58.8174857748586],[-3.370366313986,58.8377416060918],[-3.3792496731423,58.8678708721446],[-3.38893329106294,58.8684789557414],[-3.42280138152542,58.8706001562999],[-3.43465435751703,58.8717628139088],[-3.43499343811323,58.8730075526636],[-3.4110587757887,58.9106426244155],[-3.40268331094166,58.9222330950989],[-3.3910968124562,58.9223882026079],[-3.37839882581396,58.9225569712019],[-3.35407705246718,58.9323255833686],[-3.3256692248314,58.9276799024604],[-3.32615356354819,58.9181723587315],[-3.31813976785139,58.9171812232691],[-3.31432635957035,58.9114722618146],[-3.31658841055587,58.9070610136628],[-3.30438423987507,58.9063096265982],[-3.23440156952554,58.8851000141519],[-3.22534005263439,58.8815350692142],[-3.21400840576,58.8773315652023],[-3.21917894113537,58.8737880358322],[-3.23118687654221,58.8704630354599],[-3.22459572148303,58.8696618463958],[-3.21806963630216,58.865426774704],[-3.22096082701745,58.8610305188259],[-3.19821934858203,58.8525365749397],[-3.21488812922565,58.8406185521549],[-3.21432916628857,58.8405098974001],[-3.21438744738935,58.8404732757369],[-3.19093939136059,58.8359604282463],[-3.20546501474303,58.8268912710421],[-3.17038808666841,58.8208732198727],[-3.2035504421023,58.804695533174],[-3.23176348235944,58.8011469156363],[-3.24654573426781,58.7996429550712],[-3.24683851733323,58.7992480299709],[-3.2495204272501,58.7989100045655],[-3.2596700351022,58.7870497352011]]],[[[-5.06226146120577,55.842283517978],[-5.05919502516797,55.8412108564736],[-5.05888898437035,55.8391968744583],[-5.05489033412969,55.8397048163705],[-5.05113526018892,55.8383908438836],[-5.02685664588193,55.8431530101955],[-5.02472210608172,55.8434519381892],[-5.02231602608452,55.809330936966],[-5.01523559229774,55.7962488774491],[-5.00103562137571,55.7699837577671],[-5.03178410773733,55.757099872686],[-5.00653915107014,55.7332128782744],[-5.00428780255029,55.7305779907608],[-5.02915573897762,55.7217300035616],[-5.04281532044864,55.7280437990713],[-5.05375517605611,55.7332426944367],[-5.06081987577235,55.7583391002525],[-5.09323082413311,55.7777131035227],[-5.09732588536638,55.7768599053435],[-5.09864542733948,55.7775468816936],[-5.12018544005266,55.7723526814014],[-5.12392206052515,55.7935328554802],[-5.12673669842475,55.8094702615103],[-5.13809702174875,55.8021074819532],[-5.14303179340752,55.8127285838576],[-5.12923553124809,55.8452216939668],[-5.16925846167641,55.8517295148129],[-5.19847095105001,55.8741572731967],[-5.21244551923599,55.8848742309259],[-5.22140621555301,55.9012142055367],[-5.21607543528224,55.9050957827877],[-5.18323495666779,55.9251275238673],[-5.16949628609037,55.9236254253133],[-5.1609417677379,55.9222141864305],[-5.11338108078503,55.8922419251047],[-5.07841451625562,55.8814192495936],[-5.0868932955662,55.8663445664224],[-5.09209571054712,55.8629254717895],[-5.06191205735055,55.8590817775884],[-5.06226146120577,55.842283517978]]],[[[-0.89793187613334,60.8411595982287],[-0.876413376983188,60.8456626893736],[-0.869746278498843,60.838449431],[-0.880390516618757,60.8058154821125],[-0.874350837532677,60.8057485878722],[-0.874567379534668,60.8050539977443],[-0.873858379972831,60.8057431214754],[-0.867234874738409,60.8056694246787],[-0.83949434028053,60.8391035391516],[-0.835088267065264,60.84337522941],[-0.82646760732062,60.831026621039],[-0.798523009188775,60.8352150909494],[-0.798180152207843,60.8352619421176],[-0.797705319145908,60.8296454776765],[-0.797657754368137,60.8290842374964],[-0.777591320211562,60.8292874189904],[-0.779781532132387,60.8244925239516],[-0.782058062810699,60.8197404699519],[-0.766312788353128,60.8174408749239],[-0.799204430040251,60.8108299449113],[-0.80436086820836,60.8101354520433],[-0.80385593357567,60.8098941593698],[-0.804010827718697,60.8098629942761],[-0.802521610978687,60.8092565019638],[-0.777264021125778,60.7971788766613],[-0.780730707911236,60.7802423091124],[-0.835802766682046,60.7865721386045],[-0.802805346508669,60.7584920102116],[-0.841604656205332,60.7606279997428],[-0.865625410838537,60.7573850599462],[-0.859215981881028,60.7546819975188],[-0.812625789570474,60.749240875268],[-0.870727994907258,60.7022247885537],[-0.842683426156755,60.6904207101718],[-0.833925734577248,60.6966122692904],[-0.833728076894007,60.6944794929614],[-0.832729146940226,60.6836923350847],[-0.841814083747525,60.6799698447106],[-0.845978635551196,60.6782641813722],[-0.856712075120171,60.6738667097577],[-0.872790191865882,60.6784920863636],[-0.903286819765053,60.6872564448512],[-0.91329974334785,60.6901314883575],[-0.913584320328495,60.6899517928568],[-0.913642131373043,60.6899681279736],[-0.940701606425509,60.6743412316363],[-0.955937817474419,60.6753384622133],[-0.965939575322324,60.6839585408512],[-0.965910535828754,60.6844416606325],[-0.966483290450876,60.6844269924043],[-0.966801168262098,60.6847008597853],[-0.981477608823186,60.6840850070097],[-0.96515921787794,60.6959289771762],[-0.983061691222353,60.7196057134005],[-0.963874263733833,60.7185042767894],[-0.952382553024516,60.7172176905246],[-0.952796182423732,60.7178670613886],[-0.952279953825076,60.7178373447136],[-0.953111689616556,60.7183623680013],[-0.961596782294131,60.7316770042288],[-0.960933937259974,60.7318820963647],[-0.961945548665743,60.7322240416346],[-0.96515607452493,60.7372589380313],[-0.9389984436359,60.7506717393234],[-0.946856624009667,60.7612428801721],[-0.932241471513976,60.7818596771127],[-0.954933939265994,60.7913489285669],[-0.925772298204438,60.8094810097858],[-0.925274955521557,60.80978853704],[-0.938197178904417,60.8129526747925],[-0.913027320747424,60.8161529743316],[-0.912952262003805,60.8161992462581],[-0.898492559070253,60.8274374728712],[-0.895115826249245,60.8300641206958],[-0.896075649774415,60.8320042819628],[-0.898188884362394,60.8362764029715],[-0.900354102558182,60.8406524132146],[-0.898617277888167,60.8410160889572],[-0.897850107469444,60.8406610909783],[-0.89793187613334,60.8411595982287]]],[[[-6.36376758606604,57.0518654672787],[-6.35124331515399,57.048959860314],[-6.32996685811678,57.0603739523409],[-6.28791200888649,57.0418299160032],[-6.28325329105301,57.0397736094159],[-6.26020786596429,57.0367614569202],[-6.24753329333484,57.0201147679884],[-6.25291901481001,57.0187129983156],[-6.27963813931035,57.0117537290318],[-6.24133096702231,57.0053083826972],[-6.23832410753359,57.004754077094],[-6.26042421373943,56.961224254341],[-6.27770634647069,56.9531674023292],[-6.3149266943541,56.9357959969278],[-6.36158693737698,56.9496012028572],[-6.36954912853985,56.9522056712926],[-6.37127791056574,56.956549544143],[-6.37583260868048,56.9731801776622],[-6.37969888905671,56.9735928186604],[-6.44478482259514,57.0009802261839],[-6.45880220496673,57.0081042774561],[-6.45744489578415,57.0088748816921],[-6.4460923391808,57.0094072795547],[-6.44214791884388,57.0121287236357],[-6.39778877033697,57.0426992663865],[-6.36376758606604,57.0518654672787]]],[[[-7.26614914615318,57.4664545785022],[-7.25983985447029,57.466697077649],[-7.25892358279234,57.4675146911882],[-7.25768551536238,57.4667781694281],[-7.25844186718479,57.4679445218505],[-7.24860174443246,57.4767219773489],[-7.2368759531689,57.4645313001252],[-7.23456467895034,57.4726955310633],[-7.2009456049377,57.4605039723606],[-7.21173884957209,57.4545446882736],[-7.23550845323663,57.4613991934793],[-7.24111644677222,57.4509702281135],[-7.22880410663715,57.4483643377756],[-7.21800837475055,57.4460781162817],[-7.2266403854865,57.4463535819128],[-7.24244575058153,57.446856461925],[-7.24997483894492,57.4540110587618],[-7.25026537659812,57.4396551877121],[-7.26493085316805,57.4509289327733],[-7.26326410455917,57.4399393434261],[-7.27543252567825,57.4388622405058],[-7.27389059384936,57.438531326166],[-7.28357312726901,57.4380694261721],[-7.24790014411087,57.429342511092],[-7.24670751867062,57.4326934282104],[-7.23283002851219,57.4297100446795],[-7.24571606310276,57.4354786829727],[-7.24485029516875,57.4379105248908],[-7.21534030534257,57.4361556099832],[-7.20141914164979,57.4261118820235],[-7.20085056649951,57.4239246568491],[-7.22044654661151,57.4257618460331],[-7.20571493233546,57.4156649902454],[-7.23518360645531,57.4136981274947],[-7.19726123523022,57.4133829708439],[-7.24158518016802,57.4106596466666],[-7.23372765198196,57.4035729797634],[-7.23423827205626,57.4029527914315],[-7.23335303519996,57.4032350272903],[-7.22866491151809,57.3990051312153],[-7.31374976603715,57.4178847486141],[-7.26808022768286,57.4076238194794],[-7.26178818021217,57.3989246921788],[-7.26196317947982,57.3989643059457],[-7.26166721909064,57.3987574104031],[-7.26046030377836,57.3970881192797],[-7.28521434937318,57.4022273645874],[-7.28339071879519,57.3995049459093],[-7.2902582611345,57.4002278815337],[-7.30591133867344,57.3964106118447],[-7.33124962160463,57.4110328486802],[-7.34295531925985,57.4177826122601],[-7.40330535787553,57.4254131312574],[-7.39391129362234,57.4334508426593],[-7.39495524171477,57.4343196628331],[-7.39429241750134,57.4350264536005],[-7.41264117111796,57.4490307982703],[-7.40241429617947,57.4591588005823],[-7.40273911737584,57.4592504653232],[-7.40231114658864,57.4596915175883],[-7.41435875706696,57.4625286496116],[-7.41103893493693,57.4712677074669],[-7.38051116285676,57.4755330003065],[-7.38046244979624,57.4755388692757],[-7.36711211870078,57.4917219576066],[-7.3370499702594,57.496645910002],[-7.33324875716732,57.4942798886272],[-7.33284612126508,57.4926518983711],[-7.32925687907156,57.4917947235205],[-7.30916312479315,57.4792779660917],[-7.25819095784582,57.4796403372291],[-7.26614914615318,57.4664545785022]]],[[[-6.74154317242017,56.5439907218903],[-6.73179259830214,56.5434779499596],[-6.72619406157701,56.5403993741741],[-6.7251997493798,56.5263403839168],[-6.7592876082218,56.5242772291336],[-6.75884453817811,56.5236930884765],[-6.76102043745181,56.5235215574819],[-6.75253547726243,56.5153730086897],[-6.76374554627692,56.5158152412101],[-6.76203236517992,56.5109963991413],[-6.77502553183847,56.525068265644],[-6.77531262627316,56.5250299262476],[-6.77545088864878,56.5251760731027],[-6.77974230897819,56.5244382873484],[-6.80142657508843,56.5215395425534],[-6.80229310625008,56.520558429447],[-6.80365978930045,56.5203231359214],[-6.80845289412107,56.5135825587366],[-6.80829137404267,56.5134879371168],[-6.80835012843302,56.5134012132317],[-6.79455574551948,56.5054387334661],[-6.81106430009417,56.487162987532],[-6.87553332180411,56.4885691127027],[-6.89703549227727,56.4722477610591],[-6.89456628931509,56.4649701740595],[-6.8940917822352,56.4457408185154],[-6.90062671189764,56.4437606257518],[-6.92705617131062,56.442477203379],[-6.9331887503874,56.443306885277],[-6.93427465898654,56.4443382444219],[-6.94209916065156,56.4555102700788],[-6.94683162308408,56.4562594223695],[-6.94903908031218,56.4583541703718],[-6.95378827762736,56.4573602766295],[-6.9569681641707,56.4578633220883],[-6.97763540763714,56.4523661557366],[-6.97915769278596,56.4520471575229],[-6.98011426810409,56.4518466930554],[-6.98008576394571,56.4520098002055],[-6.97373364129164,56.4883305073157],[-6.98642189910857,56.503808663299],[-6.98769709724227,56.5037206308618],[-6.98769566733585,56.503968826843],[-6.99892490554057,56.5029449419429],[-6.99559421536632,56.5047496301009],[-6.98395763223154,56.5072143113958],[-6.97736603219402,56.514621703312],[-6.95061516033003,56.5290954503148],[-6.92275060979398,56.5262401710933],[-6.91264764050345,56.5307668600576],[-6.91207457708637,56.5304261343612],[-6.90694195347321,56.5239727089155],[-6.89237610788388,56.5265222713896],[-6.87966774935889,56.5206875325985],[-6.87504391221288,56.5185638161338],[-6.87228843965101,56.5208706119088],[-6.82204665197104,56.5420172308281],[-6.81797683576402,56.5431719126377],[-6.79765789341677,56.5350817847711],[-6.79602308149725,56.5363079562362],[-6.79565781743677,56.5361937001547],[-6.79500265191778,56.5370732661344],[-6.78978436322008,56.5409863236508],[-6.78095822674121,56.5379057519395],[-6.78049088186961,56.5374261757942],[-6.78021159991559,56.5376451050205],[-6.77856542583462,56.5370703987599],[-6.75482949064766,56.5561375808727],[-6.74154317242017,56.5439907218903]]],[[[-6.47289747096001,56.6512557066894],[-6.49908754106507,56.6211547777422],[-6.50666826722862,56.6163411568361],[-6.52310672561472,56.6242457862456],[-6.52421023146201,56.6064608071704],[-6.53096205485682,56.6101543989595],[-6.53134025230297,56.6099021950069],[-6.56243345703396,56.5891478052857],[-6.56652989935686,56.5864112317014],[-6.60265015912168,56.5854608424292],[-6.6106019242542,56.5748121526135],[-6.62654832677568,56.5880623615497],[-6.63933418782127,56.5719016253197],[-6.65290331967347,56.5823185621248],[-6.67815562708955,56.580433656014],[-6.68177460467269,56.5647796754025],[-6.69672920448806,56.5598223486966],[-6.7111926210098,56.5770787458135],[-6.69916138322545,56.5848137726532],[-6.69609844332941,56.5827694454738],[-6.67796319151482,56.5984320095897],[-6.67401463966115,56.5926167209515],[-6.65750186942883,56.5942359525043],[-6.65742305140273,56.5943283664024],[-6.65735708325357,56.5943351676169],[-6.65727868676239,56.5943432492183],[-6.65718642380499,56.5944521119029],[-6.65037855669381,56.6024828928506],[-6.64871965506362,56.6019054516206],[-6.64992793755506,56.6030143285574],[-6.63646160582085,56.6188882820919],[-6.61918175271414,56.6222759157459],[-6.61207869344807,56.6393204632684],[-6.585290793691,56.6471580081867],[-6.57157762999478,56.6511667324458],[-6.55888850500139,56.6593605893894],[-6.55134696632625,56.6607111997255],[-6.53168643286608,56.676909947951],[-6.49627600965909,56.6848295904377],[-6.49602879443939,56.6858645211756],[-6.48039134982366,56.6897869497841],[-6.45341959264149,56.6880992990928],[-6.45539576120502,56.6713421926729],[-6.47289747096001,56.6512557066894]]],[[[-5.99206966129111,57.4936126864462],[-5.99096022153159,57.5054119261782],[-5.97839008774895,57.4945851002423],[-5.9835970853467,57.4786047406732],[-6.01841116572477,57.4431673688271],[-6.03236334537596,57.4342908823733],[-6.031128853108,57.4302029341981],[-6.03168386365407,57.4296369220275],[-6.02519701286486,57.4105461035524],[-6.01865339064318,57.3888351573992],[-6.01498926773634,57.3862633096796],[-5.99343726615841,57.3711261512368],[-5.99323227471999,57.3692421455497],[-5.994586673621,57.3558758033333],[-6.02113609430075,57.3333388702474],[-6.05026874919396,57.3283824761461],[-6.06766181258403,57.3344216271996],[-6.06600401091998,57.3460339646663],[-6.07621927364805,57.3482228930067],[-6.0773778955354,57.3502757106237],[-6.0830124318456,57.3496779225968],[-6.08796087711569,57.3507375258823],[-6.07433042797177,57.3788737619117],[-6.07584779921708,57.384305507258],[-6.08468103100623,57.418729486438],[-6.08231375532035,57.4259684756285],[-6.06636435540537,57.4510220640193],[-6.0572130383975,57.4598367091772],[-6.01782930824837,57.454610655977],[-6.01131469014164,57.4650950981704],[-6.02944423562961,57.469435433258],[-6.01920158246681,57.4729317294283],[-6.03012206271754,57.4851984722498],[-6.03041865609984,57.492089277121],[-6.02205857630068,57.491001521737],[-6.01998764894014,57.4799247739558],[-5.99334512766352,57.4929833105368],[-5.99340405236039,57.4933340500845],[-5.99206966129111,57.4936126864462]]],[[[-7.44952760101298,57.0233742410193],[-7.41549381044666,57.0131102697102],[-7.39885643658573,57.0058835714242],[-7.39580412803099,57.0036633979315],[-7.42858152742869,57.0121355866627],[-7.41714703038343,57.0073491182401],[-7.40675859806532,57.0027487711926],[-7.43114812070289,57.0019218852835],[-7.41063146910879,56.9949817659232],[-7.40149386425238,57.0000438721138],[-7.37900461756191,56.9900892219139],[-7.37845095595354,56.980051868786],[-7.38394875077674,56.9803149055165],[-7.39886417914293,56.9827648282037],[-7.41021987374104,56.993875564913],[-7.42122395009772,56.9917501248676],[-7.4068650957695,56.9881992230831],[-7.4054486884214,56.9778320681396],[-7.42273909672767,56.9758558810622],[-7.42278130337671,56.9756967897546],[-7.42284407730105,56.9756829985131],[-7.42340286589936,56.9733537503966],[-7.42653794240547,56.9615316282587],[-7.43174753683364,56.961004058077],[-7.43978606903071,56.960189559485],[-7.44052789738501,56.9601143667284],[-7.4422267986502,56.9601513735974],[-7.44196386798117,56.9599688025119],[-7.44407477013456,56.9597547880348],[-7.43865123105256,56.956894025418],[-7.43401361166268,56.9544472734407],[-7.43126426243938,56.9525373432706],[-7.44831946770393,56.9469069524575],[-7.45536997709459,56.9445782353296],[-7.48260082713147,56.946165695415],[-7.48418144665027,56.9479743602565],[-7.48199218842675,56.9534409640821],[-7.48815451276574,56.952519780816],[-7.49086128297679,56.9556157676876],[-7.50121923965461,56.950640328133],[-7.50124982716327,56.9507023432797],[-7.50371634346325,56.9580019629066],[-7.50433238464635,56.9569507313927],[-7.50473391511699,56.9577644635459],[-7.5065874521363,56.9531021089856],[-7.51094136102978,56.9456691631137],[-7.51182835096923,56.9457811911662],[-7.51754282447928,56.9469182179393],[-7.55860958462458,56.9550793457745],[-7.5625220126871,56.9562102147372],[-7.55453103919941,56.9675831606118],[-7.5517814391322,56.9714947839785],[-7.51937174478901,56.973923319478],[-7.51422342210433,56.9796129121955],[-7.51384251226002,56.9796930414805],[-7.51404481773446,56.97981026056],[-7.51305734098229,56.9809013272141],[-7.52409564362495,56.9879234011648],[-7.52131431249497,56.9879795847569],[-7.50810139055924,56.9867812985028],[-7.51475324730706,56.9987140383798],[-7.50150007614634,57.0041348704305],[-7.52867345322685,57.0130541013925],[-7.52847030385773,57.0130798954354],[-7.48565816471555,57.0134541766746],[-7.46285865624793,57.0213917470683],[-7.46225543972968,57.0214679856096],[-7.46220556843142,57.0216190076832],[-7.45751763939184,57.0232501290628],[-7.44743909543342,57.0410462422019],[-7.45248952136829,57.0510201855178],[-7.45016255857777,57.0580554502572],[-7.44544373831727,57.0581966856855],[-7.44317203662418,57.0576223164182],[-7.44352315397816,57.0486309840215],[-7.41993297432554,57.0419714798687],[-7.42473969869349,57.0312260155308],[-7.44952760101298,57.0233742410193]]],[[[-2.41254903261545,59.2861399858847],[-2.41200129786885,59.2848848159786],[-2.4078767108431,59.2845709728866],[-2.39042716993493,59.2787084726232],[-2.42284646631519,59.2750419155447],[-2.43296021889215,59.2814145607079],[-2.4341284866807,59.2824707489733],[-2.43455629528051,59.2824199523846],[-2.43644383162262,59.2836088385366],[-2.4790548973525,59.277055933536],[-2.51189231415484,59.2455540806821],[-2.51641586182783,59.2412028622308],[-2.50725127814098,59.2229958436473],[-2.50804031302428,59.2235187987438],[-2.52274326707789,59.235883327944],[-2.51659240939062,59.2455353759891],[-2.5289302503894,59.2454854950332],[-2.52910200233224,59.2454847955496],[-2.52429480977569,59.2382125416187],[-2.52545885347767,59.2381658509458],[-2.52986031448605,59.2418646247029],[-2.5287248244934,59.2380347931674],[-2.56537347285829,59.2365584809892],[-2.56852748259507,59.2262992716763],[-2.57104374288698,59.2211295958521],[-2.58112862147011,59.2255958488598],[-2.57660572167348,59.2374789923599],[-2.56077389758283,59.2385360923091],[-2.57020217952017,59.2449609016314],[-2.60202464065634,59.2292365465184],[-2.60431502515329,59.2361766751026],[-2.62817968701194,59.2380571546185],[-2.63093054270096,59.2350899449622],[-2.63730630972773,59.2345993212953],[-2.64462031266738,59.2203149781203],[-2.65388610167748,59.2103065855691],[-2.66835267176125,59.2085716710973],[-2.67464726578551,59.1920564077442],[-2.67742902108813,59.1933574535105],[-2.68817638096255,59.2040678342697],[-2.68881429549982,59.1965165695431],[-2.69245515821389,59.1885935524543],[-2.69510242616387,59.1927704341286],[-2.69699145131841,59.2173451650623],[-2.6957425657402,59.2210993622756],[-2.67865381335085,59.2198874460183],[-2.67423711081933,59.2242059771737],[-2.67220431142869,59.2244461917737],[-2.66650575970189,59.2317624591443],[-2.65637976436107,59.2416536161679],[-2.64631597597536,59.2449548382841],[-2.60283947841213,59.2592001087241],[-2.60343831182376,59.2600913528906],[-2.60206905559267,59.2605587585374],[-2.60521606793156,59.2627368933662],[-2.6087237006227,59.2679554193306],[-2.59331977966412,59.2684576110096],[-2.59407341288754,59.2689707845187],[-2.59391828915351,59.2689775194727],[-2.59550061961903,59.2699425625876],[-2.61430200486113,59.2827376003633],[-2.615263172416,59.2944613041165],[-2.61034933018378,59.291991348918],[-2.60862247970674,59.2897886667368],[-2.60747402032469,59.2905458154731],[-2.60531653595948,59.2894610405239],[-2.57539216671295,59.2943742625533],[-2.56789259923968,59.2991955052959],[-2.56722957620174,59.2991669417755],[-2.56710979894705,59.299698641246],[-2.55808896069599,59.3054952623602],[-2.5294327960135,59.3028401924552],[-2.55636586428713,59.2874345124987],[-2.5528570188284,59.2758560111191],[-2.57007372545465,59.2776585557047],[-2.58343947033299,59.2644342393964],[-2.55746370211498,59.2602466295969],[-2.55369622950278,59.2689735808644],[-2.54551018840414,59.2652095539187],[-2.53727797256677,59.2683263299398],[-2.53306495739862,59.2673418786602],[-2.51916519667653,59.2751801255945],[-2.48556659851674,59.2878797325518],[-2.45074859010995,59.2899359514419],[-2.4471393480477,59.3036699511563],[-2.423132171043,59.3103732011897],[-2.4171919628763,59.2967757331144],[-2.41665121241626,59.2875172824701],[-2.41254903261545,59.2861399858847]]],[[[-6.13580986694764,56.1236284875698],[-6.13549383495686,56.1233545873536],[-6.13309136189476,56.1212722411296],[-6.16726690070519,56.0785728515664],[-6.19564391593467,56.0607476762366],[-6.1804975983032,56.0520766358636],[-6.18121886935862,56.0497272014159],[-6.18491422629255,56.0432706725699],[-6.22093370045698,56.028954478157],[-6.21380153987769,56.0289655250069],[-6.21403343278883,56.028862475691],[-6.20871331606422,56.0256609991778],[-6.20951522670464,56.0167180103674],[-6.2107421484757,56.016826638624],[-6.21437967374871,56.0209992611471],[-6.23068257289492,56.0185903135199],[-6.23144716620257,56.0096168799572],[-6.25421531072265,55.9997207140455],[-6.25522924796155,56.0004387803182],[-6.25503690529623,56.013878274219],[-6.27638005911519,56.0153249473559],[-6.27672689207568,56.0161718424103],[-6.26164436965254,56.0177790047215],[-6.26631651812305,56.0187105705467],[-6.26112418791187,56.0186523218703],[-6.27992765688032,56.0214232226765],[-6.23006936955158,56.0283397840861],[-6.26446623482835,56.0274099453093],[-6.23349333260691,56.0321748509018],[-6.25488426822198,56.0316221903655],[-6.25387754818484,56.0410689485029],[-6.26352700638033,56.0395837486021],[-6.28224868019476,56.0366997224403],[-6.26928359923518,56.0432467733832],[-6.25627229328739,56.0498136204174],[-6.25359817543632,56.0635811890694],[-6.26337613940915,56.0640380941406],[-6.2439889764303,56.0722857356293],[-6.25539547727554,56.0728630401257],[-6.24838113836106,56.0828400300554],[-6.21515185855424,56.1047568517737],[-6.21276359396797,56.1062012175401],[-6.18126795808655,56.1048583989779],[-6.18129393691362,56.1179840833777],[-6.17234602149647,56.1221133065402],[-6.14808415796404,56.1333018964039],[-6.13580986694764,56.1236284875698]]],[[[-2.96925302383147,59.3410537042068],[-2.95448281416822,59.3381402664338],[-2.95372708904193,59.3328246627724],[-2.95554023212797,59.3277380946228],[-2.98381349138732,59.3256866339862],[-2.98805957756697,59.3175935739465],[-2.98825823360814,59.3175372119457],[-2.98808946753245,59.3175365888913],[-2.98880870333948,59.3161653243055],[-2.97995984797951,59.3175063127386],[-2.97131340481263,59.3174735418948],[-2.9603377314488,59.310217837703],[-2.9602798679398,59.3094322419504],[-2.95932726589575,59.3095496446863],[-2.95671115016934,59.3078195227459],[-2.94159099667134,59.3110728894072],[-2.93967565265904,59.3032825815933],[-2.93557500995178,59.303550612428],[-2.93493679842188,59.3027419568069],[-2.93214200325181,59.3037749031157],[-2.92392658825644,59.3043112667139],[-2.91514791675881,59.2978623962372],[-2.90402089231775,59.3038043513192],[-2.89719300311931,59.2902730005138],[-2.88264168108077,59.2859181217648],[-2.88084471767838,59.2662537284538],[-2.85610119939098,59.2684543109954],[-2.85595155860437,59.2684665260212],[-2.83907928450279,59.2488537913655],[-2.85630498342805,59.2507112652569],[-2.85961818913251,59.2514070215981],[-2.86884550469698,59.2436585721609],[-2.88196843345735,59.2326320273838],[-2.87713901600749,59.2521014971026],[-2.87541630516558,59.2563846776929],[-2.89098384426476,59.2545727283967],[-2.91219329438308,59.2771019231818],[-2.95686166076434,59.2899290297695],[-2.96711970514471,59.2871231930914],[-2.94823871394849,59.2727761450645],[-2.97706870846282,59.2682073568414],[-2.98340765934447,59.2594035387453],[-3.02480346771422,59.2777384076842],[-3.02491959267436,59.2777961440263],[-3.02310233578271,59.3051518720224],[-3.02317229205102,59.305189061571],[-3.02859838300924,59.3081860191802],[-3.05600522373435,59.3232606892431],[-3.06620844638604,59.3288710561541],[-3.04196546232322,59.3251626920635],[-3.03402767016546,59.3234206414226],[-3.03338281694998,59.3238485631888],[-3.03270373926292,59.3237445579946],[-3.02928144663392,59.3265698870054],[-3.02458867644337,59.3296829258711],[-3.01470549016386,59.328738043168],[-3.00677987934602,59.3276017740465],[-3.00585051609205,59.3278907831854],[-3.00244864623008,59.3275651147086],[-2.97963469371713,59.3356326165833],[-2.97591547347286,59.3540168142015],[-2.95425995667387,59.3592808700968],[-2.94970175355879,59.356320501896],[-2.94411031665811,59.349015417394],[-2.95228661984012,59.3464272398261],[-2.95561070546945,59.3460704351138],[-2.95551600463027,59.3454047412018],[-2.96925302383147,59.3410537042068]]],[[[-3.04974426059117,59.1835089810442],[-3.03654538649423,59.1785767575152],[-3.03264853776779,59.1785241686189],[-3.03012235825696,59.1777109457665],[-3.00732093918839,59.1781794334286],[-2.99386465942584,59.1779942121448],[-2.96813564728387,59.1875374046735],[-2.95348040012719,59.1793519262887],[-2.96323913048232,59.1724053736719],[-2.97875378749211,59.1631738310459],[-2.96406315241303,59.1361756869951],[-2.97068440295414,59.1344194230606],[-3.03090928694651,59.126767194325],[-3.04245375928751,59.1267275720857],[-3.05002226125164,59.1291841705611],[-3.05037042262908,59.1292971575244],[-3.07868130718602,59.1393360473936],[-3.11836600596709,59.1726348874585],[-3.08937378551519,59.1912402944939],[-3.07408096831226,59.1996583965635],[-3.05211706602513,59.1974470746691],[-3.0509803199926,59.1973325181556],[-3.05086990044205,59.1973161324446],[-3.04974426059117,59.1835089810442]]],[[[-0.897588340016211,60.6204243805456],[-0.86180150650616,60.6327441362721],[-0.831550266929251,60.6282283602391],[-0.824507729384276,60.606773593608],[-0.818049019520371,60.6019271586065],[-0.814554491535814,60.6034961737932],[-0.812143041581961,60.5999838201203],[-0.808205503070491,60.5999338553318],[-0.808125517187203,60.5989424284179],[-0.806974909729201,60.599918216142],[-0.800329705799747,60.5998335682818],[-0.780432573788282,60.6140670823318],[-0.776068506828102,60.6145305827689],[-0.773443047422991,60.6119809911443],[-0.771491969840772,60.5975299880803],[-0.800961863620178,60.5683094387081],[-0.831020266855177,60.5882434700639],[-0.83141529681444,60.5881087290472],[-0.831497840433017,60.5881623523691],[-0.846253235301062,60.5830459764312],[-0.84657247063149,60.5829370165985],[-0.859363184234027,60.5934087345843],[-0.893066277007366,60.5923629242532],[-0.895410009047746,60.5860070008147],[-0.860210891792456,60.5689683133102],[-0.889488619179414,60.563587721724],[-0.907003936465482,60.5775401379795],[-0.94795273463861,60.6101033019175],[-0.936991546246469,60.630007321379],[-0.936104395828428,60.6308286029301],[-0.90948897554274,60.6297794062043],[-0.90534948766148,60.6265260974623],[-0.897588340016211,60.6204243805456]]],[[[-2.67317667468753,59.1539495602976],[-2.65224553537798,59.1519690861507],[-2.63033836946659,59.1616954417459],[-2.61679466058625,59.1536610420168],[-2.63490413420676,59.1559284048314],[-2.63457993577656,59.1555224348919],[-2.63589922768464,59.1556604069561],[-2.62487295481461,59.1431862400307],[-2.59395929194379,59.1425859046083],[-2.5744249715457,59.141975719186],[-2.60521982619659,59.1372356021242],[-2.60725409249461,59.125605365628],[-2.59612537643621,59.1175930752831],[-2.59553320722093,59.1163227042401],[-2.59450150404348,59.1164235494821],[-2.59178825150874,59.1144692166854],[-2.53833202786266,59.1219006355302],[-2.53699693842227,59.1220305033262],[-2.54301216283516,59.1176881754786],[-2.5524526452038,59.1113236467852],[-2.55231569104524,59.1109693452884],[-2.55287698385454,59.11056388518],[-2.54806792760486,59.0981014421174],[-2.52722877042306,59.0929547590844],[-2.53811251260899,59.0760253166718],[-2.54690658268516,59.0782849112631],[-2.56744857162714,59.0841611256719],[-2.57634876021453,59.0757250281358],[-2.60582247280486,59.0722677905935],[-2.60474807348311,59.0971309166611],[-2.6312830366029,59.1076552995287],[-2.65770494164714,59.1003125451107],[-2.64414316394917,59.087403786069],[-2.65104073658573,59.0759729018512],[-2.65855956906388,59.0755279542636],[-2.6867085649311,59.077646886599],[-2.68873587697644,59.0786292834948],[-2.67726637529451,59.0979139558829],[-2.66992224660845,59.1086827077173],[-2.62958978157797,59.1101511458658],[-2.6292086331614,59.1104799457603],[-2.62034908040332,59.1181613713797],[-2.67344906346358,59.1538949440012],[-2.67317667468753,59.1539495602976]]],[[[-6.13660592905929,56.9427944247431],[-6.11642570716679,56.9285648278812],[-6.11171762346698,56.9245064244031],[-6.11711753623111,56.8880275974736],[-6.12677468418866,56.8893513775646],[-6.13908599677346,56.871984363891],[-6.16842142551222,56.8736826773986],[-6.18488646484963,56.8786553575907],[-6.20753482072407,56.8877749559213],[-6.20908023078342,56.8969798891017],[-6.20786698902714,56.9050826840716],[-6.2014064546384,56.9096719922361],[-6.18639872812889,56.915119995481],[-6.15859229503418,56.9150483560833],[-6.16289239629642,56.9351749063495],[-6.15107317292228,56.9418994935161],[-6.13660592905929,56.9427944247431]]],[[[-2.81281283216207,59.0829418221519],[-2.80659751486163,59.0862489128736],[-2.80293811694355,59.0847180683881],[-2.80185420740223,59.0788654065121],[-2.81199089962073,59.064412799892],[-2.82422127527109,59.0469579152803],[-2.80578545506444,59.0285169299869],[-2.82519665365666,59.0193268898339],[-2.85044833186556,59.0247081114797],[-2.87873508580107,59.0324863256831],[-2.88320602340511,59.0316789690261],[-2.90219771507529,59.0357153756294],[-2.9067020889861,59.0322015199688],[-2.91206575857825,59.029320613123],[-2.93394833988665,59.0303711531575],[-2.91142322118937,59.063752385849],[-2.90229814905711,59.077255859138],[-2.89320355163227,59.0638785871205],[-2.89250612596512,59.0628419035012],[-2.88968526253173,59.0624879294945],[-2.88874909199932,59.0613912543966],[-2.86739312886071,59.0584629364473],[-2.86695809419085,59.0579496917954],[-2.86459559590971,59.0580790430392],[-2.85643864549143,59.0569593044815],[-2.85281714968677,59.0587232779254],[-2.8447207538257,59.0591654893201],[-2.84352571259759,59.06324771098],[-2.83820021124417,59.065840101268],[-2.84011511355521,59.0748929277719],[-2.83947423562835,59.0770802431722],[-2.82002774843842,59.079351031342],[-2.8195639556645,59.0793485806834],[-2.81942785450971,59.0794210303671],[-2.8161221662273,59.0798067071472],[-2.81281283216207,59.0829418221519]]],[[[-2.7363068274299,59.2196060941648],[-2.74596940550341,59.2091259655693],[-2.75677555912971,59.2091016036389],[-2.75459885789269,59.1997603521673],[-2.76014919909532,59.1937335219392],[-2.76654291126659,59.1922687823733],[-2.75764572251976,59.1597934310184],[-2.75674716338328,59.1592037262414],[-2.75665638357542,59.1587035935811],[-2.75264182715588,59.1565091384069],[-2.73963753086262,59.1479699210844],[-2.74878656939677,59.1457154848043],[-2.78828153797887,59.1380574865275],[-2.79707277669541,59.162664631349],[-2.82386342000817,59.17152294414],[-2.8259156360633,59.1922011729481],[-2.80298322879871,59.1834451598497],[-2.77923126814223,59.1900379355012],[-2.78988068331215,59.2359898260662],[-2.7722627550675,59.2442681191413],[-2.75942220725274,59.2502975779621],[-2.76035239127772,59.2443385026593],[-2.76053127075537,59.2431923027082],[-2.76257484300529,59.2315817975952],[-2.7336961628867,59.2231357904613],[-2.7363068274299,59.2196060941648]]],[[[-1.08012123293841,60.188547978834],[-1.07962512103768,60.1878938923758],[-1.07418348466575,60.1657100570355],[-1.07631592481542,60.1625530723515],[-1.07337096175666,60.1623952462377],[-1.07238188629897,60.1583592359951],[-1.06554927012305,60.1619757354057],[-1.05734553838623,60.1615352141705],[-1.05100201240001,60.1696718110254],[-1.04546610373476,60.1664114657971],[-1.05755279814869,60.1411665984608],[-1.06597803926411,60.123545357889],[-1.06630024517006,60.1240327561921],[-1.06696792055682,60.123332565947],[-1.06604404588611,60.1234072251597],[-1.07549253779827,60.1036219708967],[-1.12206146133028,60.1198179019686],[-1.12233348952573,60.1199169387425],[-1.11811772363188,60.1415836933451],[-1.1172724725649,60.1459241801694],[-1.11336948379689,60.1492813096003],[-1.11624019791683,60.1512234914976],[-1.11495568540012,60.1578152668089],[-1.11904105159341,60.1531181291985],[-1.12557366085667,60.1575359675544],[-1.14304602371613,60.1761955561539],[-1.12970255149491,60.1843394538361],[-1.07962714843956,60.1707562741894],[-1.0801259077894,60.1714683472654],[-1.07890426482334,60.1711508548132],[-1.08923198347859,60.1844634834244],[-1.09011675593906,60.1857255759767],[-1.07998600202978,60.1893640423209],[-1.07981631583264,60.188672791605],[-1.08012123293841,60.188547978834]]],[[[-5.92907280438941,57.280907449135],[-5.98092541388374,57.2739459729933],[-5.98306029623806,57.2754994577034],[-6.01954220039318,57.3020198172809],[-6.02240300980608,57.3057857384637],[-6.01687902519231,57.3197208277833],[-6.00957592017833,57.3223086983908],[-5.99788082795331,57.3250291160556],[-5.98917025646728,57.3241869313034],[-5.94273113532833,57.3119013956114],[-5.92447961842778,57.302522418216],[-5.92402027273382,57.2914444880807],[-5.92907280438941,57.280907449135]]],[[[-5.45607353342649,56.5497621477418],[-5.43111225445588,56.5598323461164],[-5.42826746662981,56.5605702912486],[-5.50129278388693,56.5026116707683],[-5.50700116648429,56.4980719301615],[-5.57344735820864,56.4716145955104],[-5.59626460510897,56.4625127469053],[-5.57974703085067,56.4734396140976],[-5.57636019102563,56.4755521422301],[-5.57461480440262,56.4840153482587],[-5.57423924969355,56.4858359334815],[-5.57230385046699,56.4941719527201],[-5.57252465689645,56.4941457734563],[-5.57181189133587,56.4975992484043],[-5.53303026000149,56.5079232404006],[-5.52859550392786,56.5107906370359],[-5.52236432399771,56.5125114352453],[-5.46783028743999,56.5491412735615],[-5.46994827545658,56.553484806611],[-5.47026225851622,56.5567000844842],[-5.45607353342649,56.5497621477418]]],[[[-0.913714567679803,60.377210439469],[-0.927742818604001,60.3725267571853],[-0.978936480029336,60.3313411258841],[-1.0051020565772,60.3263972716131],[-1.0338447431381,60.3384827406674],[-1.02942224188686,60.3428620296857],[-1.01535314586237,60.3464885409133],[-1.02035192383567,60.3518395357321],[-1.00331040188153,60.3686915674116],[-1.0027662835493,60.3691314460611],[-0.975743184605513,60.3704888607738],[-0.975712081629542,60.3705177310898],[-0.961834913811265,60.382517517501],[-0.936131231169744,60.3767065774725],[-0.934679932491393,60.3772515448629],[-0.934370894056862,60.3771863774105],[-0.93299571095271,60.3778839329242],[-0.914467723796158,60.3848377643594],[-0.913467908757933,60.3846164919444],[-0.900062712876064,60.3816487216923],[-0.913714567679803,60.377210439469]]],[[[-6.89030732635333,58.2591029870295],[-6.8495358317331,58.2567904532719],[-6.83962971253381,58.2378804915982],[-6.83689100312718,58.2321260296932],[-6.83393697352587,58.2392539567699],[-6.81858978614988,58.2286265353027],[-6.81883387198236,58.2299226361103],[-6.81790305095418,58.2293451726516],[-6.81753453494054,58.2356833382101],[-6.79829854514584,58.2195134190318],[-6.79555049630039,58.2199285909075],[-6.78531613509557,58.2188701015394],[-6.78339706562838,58.2011581873412],[-6.80433121555061,58.2073103909182],[-6.86723982881623,58.2074616109191],[-6.87555295280203,58.2201715255654],[-6.85893692534631,58.2153683751027],[-6.85373106354309,58.2259101928361],[-6.8597321521165,58.224111354984],[-6.86148115070712,58.2373516765771],[-6.87292752859126,58.2395773956808],[-6.8612182907074,58.2236658128025],[-6.86179023290837,58.2234943376609],[-6.87695184763459,58.2298772582741],[-6.88840316988048,58.254939367418],[-6.89030732635333,58.2591029870295]]],[[[-6.23112175360176,56.4988711314534],[-6.22704499037711,56.4997055811598],[-6.22639528628618,56.4994685644419],[-6.17860975006175,56.4820185025643],[-6.17781905680833,56.482973520751],[-6.17756600145879,56.4828720342137],[-6.17335596379272,56.4883631983997],[-6.1659766300162,56.482061422249],[-6.16205973750041,56.4787154308737],[-6.15456880241713,56.482444175224],[-6.15416135070426,56.4826469570918],[-6.1539414234984,56.4824651960323],[-6.14796857455619,56.4775280118334],[-6.14155382954713,56.4720666746231],[-6.1591062310568,56.4637646588602],[-6.15989505294789,56.4634242924941],[-6.18827935471062,56.4666193726126],[-6.20358327828939,56.4601610648952],[-6.20814346148834,56.4725834872584],[-6.21150027655729,56.4718649032269],[-6.22205520110694,56.4710715979216],[-6.22431321073446,56.4691210424255],[-6.24094573516372,56.4655567400167],[-6.24469481059047,56.467224077926],[-6.24706620956523,56.4722721534012],[-6.26475124860428,56.4761393446585],[-6.26864937695525,56.4778712179548],[-6.26790370988108,56.4785938188566],[-6.25121820982632,56.4947552326813],[-6.24570225917642,56.4958853489299],[-6.23283486741914,56.4940825253054],[-6.23112175360176,56.4988711314534]]],[[[-1.42778087641855,60.3903945762152],[-1.41423497471423,60.3814885746516],[-1.38235021102521,60.3761369921107],[-1.37874958470234,60.3677879029267],[-1.39189274129234,60.3514708588239],[-1.43167164651408,60.3451278445373],[-1.43337866228148,60.3457174441145],[-1.43319279934356,60.3456954804396],[-1.4338246775269,60.3463491371427],[-1.43472002083413,60.3461807156117],[-1.46342435901763,60.3560881164813],[-1.47565564015495,60.3743099788598],[-1.45878897444783,60.373901276388],[-1.45866147085113,60.3740716271704],[-1.45819156849282,60.3738449857965],[-1.45789309421803,60.3750981795859],[-1.45087846943413,60.3844665232803],[-1.43788565634211,60.3886312136047],[-1.42778087641855,60.3903945762152]]],[[[-5.73085293744993,55.7108292841538],[-5.72940173559746,55.7091897949427],[-5.7330964203909,55.7063864701108],[-5.72196018792752,55.6995885730074],[-5.731474577871,55.6874233629187],[-5.73141844088059,55.687414164686],[-5.73414248300729,55.6839063677754],[-5.72420378802909,55.6862317880577],[-5.72116917340691,55.6857343080682],[-5.73652749974844,55.6771301409742],[-5.73617426066766,55.6763072233479],[-5.73460420282583,55.6611390956174],[-5.76372121945165,55.6458239266593],[-5.75969619896291,55.6681885389926],[-5.77049883001285,55.6677586587201],[-5.7743422641699,55.6768482481781],[-5.74659622129247,55.7088296920672],[-5.73979503632096,55.7077596916449],[-5.73857595965649,55.7074829108343],[-5.7385861672008,55.7075694593754],[-5.73692695947766,55.7073083372899],[-5.74005128697658,55.7247909719056],[-5.72302121199989,55.7298807229125],[-5.71113301022647,55.7230436975707],[-5.71149106561742,55.7227722885496],[-5.73085293744993,55.7108292841538]]],[[[-5.67625054583579,56.1921718269443],[-5.67370016048998,56.1833390053372],[-5.67233193264456,56.1699609833998],[-5.70057619938837,56.1596286980317],[-5.70745455346111,56.1596910453901],[-5.74101913402215,56.1605354611083],[-5.74422518845081,56.1628786585905],[-5.74394669701022,56.1760743818775],[-5.73869260263857,56.1810980038659],[-5.69145901266783,56.2004593231951],[-5.69020300106793,56.2008459054436],[-5.67625054583579,56.1921718269443]]],[[[-6.99688780004404,57.9192535251223],[-6.98914873247926,57.907008893186],[-6.98827375711933,57.9043616949517],[-7.00174172922775,57.8906707153679],[-7.0115048621735,57.8807387682189],[-7.0304740213093,57.889532514457],[-7.04320861280813,57.8954319439552],[-7.04508831106104,57.8931432240833],[-7.04742504733658,57.8940538502326],[-7.0525586974883,57.8840442500393],[-7.05423614399754,57.8820004377679],[-7.06282598091415,57.8799656444019],[-7.07851082992467,57.8762480827943],[-7.08254456330998,57.8846773480258],[-7.08271483705819,57.8851147504153],[-7.08220541665138,57.8855101219674],[-7.08280861280855,57.8853556408659],[-7.08360873864531,57.8874108352848],[-7.08606496619911,57.8937182667928],[-7.06505567888976,57.8957863663837],[-7.04929723891974,57.8973351527605],[-7.04919709234334,57.8975456566587],[-7.04740944395985,57.8977298325095],[-7.03364970839824,57.915076206859],[-7.01752798825499,57.9195528526691],[-7.00303180385854,57.9206870796641],[-6.99688780004404,57.9192535251223]]],[[[-5.61150337482049,56.3094687979597],[-5.59207383929549,56.3201985469156],[-5.58563395014561,56.3237529317614],[-5.58888605346311,56.3052544214095],[-5.58964632523237,56.3032693570423],[-5.59022813329114,56.3017501256409],[-5.61131739920698,56.2928636497038],[-5.60656173127094,56.2917789023275],[-5.59918046707103,56.2801388373001],[-5.59916074541919,56.2799609605861],[-5.62607399922892,56.2660193442594],[-5.63454821984878,56.2730526952321],[-5.63724853112426,56.2756680447076],[-5.63358562982932,56.2908221699559],[-5.65328723842234,56.2984055377995],[-5.62301340408583,56.3192959740568],[-5.61909675953427,56.3219964781733],[-5.61648557247986,56.3194872361343],[-5.61171798813491,56.3149047675182],[-5.60863717714346,56.3159288253354],[-5.60630504051448,56.3145755526315],[-5.61150337482049,56.3094687979597]]],[[[-5.51452962446162,56.4163479612821],[-5.49804903823982,56.4251001757426],[-5.4887026130304,56.4217012475048],[-5.55159088668905,56.3727542105226],[-5.56004742577577,56.370438890103],[-5.5538357877452,56.3786218205315],[-5.56434280050014,56.3820554628721],[-5.56443994244547,56.382048974643],[-5.56460381054379,56.3821091076417],[-5.56504806377957,56.3820781434299],[-5.58902079062857,56.3804048031397],[-5.5670949467842,56.403943939664],[-5.56292991952988,56.4084117845138],[-5.52285901908397,56.411196447821],[-5.51452962446162,56.4163479612821]]],[[[-2.04766810648521,60.1298954215966],[-2.06495540076861,60.1098802562866],[-2.09307098903196,60.1290960359177],[-2.11598388491129,60.1332363850159],[-2.11244694592246,60.1444663078658],[-2.08179870544171,60.1552017638582],[-2.07367067767955,60.157683778543],[-2.05241041122738,60.1565544931255],[-2.04513440123004,60.1445063061721],[-2.04766810648521,60.1298954215966]]],[[[-7.19904034712408,57.7347106457731],[-7.16275060016472,57.7388128001628],[-7.14385969353048,57.7293088940051],[-7.15285705808601,57.7173593291054],[-7.16021140453849,57.7180853733585],[-7.16532859337264,57.7206676325729],[-7.16498682254222,57.7185565709999],[-7.17265160137965,57.7193124776614],[-7.16618477619142,57.7115923674187],[-7.17751415890986,57.7106057474365],[-7.17881424530855,57.706514587198],[-7.17975431149734,57.7035558134742],[-7.18009029681459,57.7024982248329],[-7.18285973616557,57.7025430811156],[-7.18840188127126,57.7026326675495],[-7.22079489030648,57.7044592338542],[-7.2282577689949,57.7049669684416],[-7.19904034712408,57.7347106457731]]],[[[-5.63363373015246,56.195652896256],[-5.63532446816893,56.1902947005934],[-5.66187561441124,56.2153807774188],[-5.66568452353931,56.2189787962991],[-5.66499061188826,56.2212241428366],[-5.63885460163911,56.2703109356341],[-5.63348569979496,56.2548800067639],[-5.63337385395658,56.2548293860606],[-5.63333650319353,56.2547198332707],[-5.61777052200248,56.2477649009007],[-5.61773600901253,56.2477273764505],[-5.63439319288439,56.2190136205631],[-5.63363373015246,56.195652896256]]],[[[-4.9080596498578,55.7917191446732],[-4.90334838604383,55.7917125990114],[-4.89365055289204,55.7657786946314],[-4.90990200455561,55.7470737848956],[-4.9112250354939,55.7461406620711],[-4.9177944932045,55.7545935982449],[-4.94698586871144,55.7433850561593],[-4.94775271395608,55.7453108374386],[-4.94859798399114,55.7568027319565],[-4.94690308528825,55.7593200528558],[-4.91947855961301,55.7880306019404],[-4.9080596498578,55.7917191446732]]],[[[-6.54671995661197,57.0700551344183],[-6.49652739519174,57.0684038411237],[-6.48834713665201,57.0663934879221],[-6.48809179697802,57.0573931732691],[-6.48851149945634,57.0560041789961],[-6.49791400092497,57.0559080020427],[-6.549691950963,57.0581205265189],[-6.55568173650781,57.0540152295277],[-6.59212679668653,57.0425537702941],[-6.61195633421638,57.0510397284149],[-6.59935850397928,57.0581551949981],[-6.59389393721736,57.0603331035884],[-6.56009144241724,57.0626841306721],[-6.55668333900959,57.0696848922898],[-6.54671995661197,57.0700551344183]]],[[[-7.10989333138828,58.0297903938227],[-7.10749876616511,58.0287310175859],[-7.1068920659016,58.027503907503],[-7.10424328474771,58.008822651425],[-7.10969902594674,58.0055323578316],[-7.13100935123779,58.0107295354222],[-7.13290368674322,58.0116500534861],[-7.1534275581637,58.0088433624208],[-7.15842532014992,58.0145106250676],[-7.1581271024065,58.0155087213025],[-7.15885154745328,58.0149938540626],[-7.1693779551042,58.0269232406298],[-7.14588435453345,58.0340255000335],[-7.12846649306118,58.0373041887019],[-7.10989333138828,58.0297903938227]]],[[[-5.96635070159518,57.5764493963591],[-5.96650861935455,57.5825361555028],[-5.96178211664881,57.5779455177466],[-5.95386899993442,57.5685977697093],[-5.9541340581552,57.5680226486875],[-5.97875191459171,57.5145306334819],[-5.99788918473626,57.5275383796921],[-5.9804429916159,57.5404406754835],[-5.99841109605537,57.5393280184337],[-6.00042201176862,57.5410742158222],[-5.99974376563348,57.5435777944213],[-5.9799021924278,57.5467123608755],[-5.98081778235543,57.5488654299227],[-5.97635198913422,57.5496873193832],[-5.98704882589097,57.5669866840298],[-5.98928874489943,57.5706068915365],[-5.97876807515557,57.577148454628],[-5.96623193346377,57.5718691531102],[-5.96626146470941,57.5730082171956],[-5.96546084971472,57.5727026209287],[-5.96635070159518,57.5764493963591]]],[[[-6.18716133073883,57.1640449220308],[-6.18274916584159,57.1604866112184],[-6.18215069299941,57.1558086820568],[-6.1890649451653,57.1486270556723],[-6.21054985724801,57.1505999441574],[-6.20407504686258,57.1361745806614],[-6.20942957849831,57.1337348327097],[-6.22556188438113,57.1321709912173],[-6.24459314880266,57.1367436719398],[-6.25480109396104,57.1475995911988],[-6.25595589238709,57.1495461939215],[-6.22718055644171,57.1579984622444],[-6.21465997449387,57.1528358668729],[-6.21522396334607,57.1625312696921],[-6.21038848831454,57.164704358413],[-6.18716133073883,57.1640449220308]]],[[[-2.39770107041678,59.3866408568269],[-2.39664649973982,59.3873254063703],[-2.38363950009604,59.392115499872],[-2.37309688864631,59.3838066899226],[-2.39227871773637,59.3805815176003],[-2.40431734121317,59.3803748638136],[-2.40541253971086,59.3783712530631],[-2.40842138328573,59.3778646746319],[-2.41197918322094,59.3673827719262],[-2.39793940364807,59.3559769207221],[-2.41368398140712,59.3496328659524],[-2.41858306764146,59.3481869064838],[-2.43087491716611,59.3575782658106],[-2.43965201153093,59.3570989522862],[-2.4486320877983,59.3574007692743],[-2.43233908459935,59.3863545577111],[-2.41102440097228,59.3897820068087],[-2.40393342135873,59.3846406909731],[-2.39804787125197,59.3868091648609],[-2.39770107041678,59.3866408568269]]],[[[-7.5424914833505,56.9395142830802],[-7.49422488848668,56.9329348928616],[-7.49099590149112,56.932220526758],[-7.51771387456999,56.9337868500242],[-7.53183181886423,56.9233234533831],[-7.5336686590645,56.9220209704872],[-7.53358994921697,56.9220199203124],[-7.53416182674533,56.9215958871184],[-7.50326234558415,56.9216114150738],[-7.50383695910221,56.9170045253994],[-7.54914650340399,56.9092580923772],[-7.56169178639642,56.9219316567966],[-7.54511031828661,56.9208166900373],[-7.54161459906207,56.9269807746262],[-7.54655750358937,56.9280779010781],[-7.54657036726905,56.9284712727303],[-7.55127959271267,56.9291257679321],[-7.55319817266239,56.9295514448651],[-7.57327432820568,56.9340033484205],[-7.56124849292959,56.9424428151177],[-7.56516756413515,56.9446922153435],[-7.56762275173917,56.9476845477308],[-7.55916887633592,56.9472786507425],[-7.53829275074991,56.9426729008983],[-7.5424914833505,56.9395142830802]]],[[[-1.61252444600035,59.5404520913032],[-1.59743178125444,59.5396087023549],[-1.6005508922512,59.5323934355607],[-1.61595904690434,59.533099655208],[-1.60920261790607,59.5233195550695],[-1.62569395331772,59.5268266550212],[-1.6272428350852,59.5219587562319],[-1.62803590520889,59.5217022518571],[-1.62738240225438,59.5216644783409],[-1.62725740108246,59.5219201996877],[-1.629490143703,59.5149108068159],[-1.64839241532698,59.5126911510506],[-1.65318923847814,59.517338350579],[-1.64820598721435,59.5303920196091],[-1.64661714216148,59.5343383385319],[-1.64601221476058,59.5341306476179],[-1.64642518974035,59.5347825481892],[-1.63944876762943,59.5521302287538],[-1.60818201700092,59.5535406931584],[-1.61293915014219,59.5405296520297],[-1.6125072150423,59.540504044168],[-1.61252444600035,59.5404520913032]]],[[[-3.11095299617027,58.8333801374189],[-3.10849960075238,58.8333221974004],[-3.10188355650768,58.8286644819444],[-3.07706622534288,58.8315549157504],[-3.08061932723409,58.8142540325368],[-3.10147572021521,58.8203483447585],[-3.10189912935056,58.819817813703],[-3.10216766137685,58.8198879896967],[-3.10416391874261,58.8169797419722],[-3.10610990343643,58.814540778883],[-3.13894223637655,58.8168138682393],[-3.13987353364307,58.818114744001],[-3.142711484468,58.8319128961444],[-3.13532035841308,58.8357241075122],[-3.10076545792003,58.8439411882656],[-3.06802600276593,58.8455404652571],[-3.06785646818157,58.8451024064749],[-3.11355639050923,58.8368811372614],[-3.10916169532489,58.8337882290604],[-3.11095299617027,58.8333801374189]]],[[[-7.30670904043199,57.0885266287455],[-7.2849346184033,57.0898602702397],[-7.26874135067267,57.0908495553965],[-7.2777919783194,57.067808815999],[-7.28177293516375,57.0676862203198],[-7.29561993076059,57.0672588048527],[-7.29848496526949,57.0673604232615],[-7.29780313643761,57.0671912755014],[-7.29937897629526,57.0671425089696],[-7.28109802466263,57.0629492026202],[-7.27787016222271,57.0622084125859],[-7.28072613502041,57.0603383555414],[-7.29265402331098,57.0525254409439],[-7.29344175479406,57.0528664290353],[-7.30912426994275,57.0605287935293],[-7.31387633493863,57.086543591648],[-7.30925398600041,57.0883606628831],[-7.30670904043199,57.0885266287455]]],[[[-2.8887949004472,59.3542269584325],[-2.88068912998723,59.3295599809989],[-2.88228639643895,59.3278022062919],[-2.88637264867843,59.3254842487201],[-2.89724892899902,59.3301057511474],[-2.89753405897347,59.3298467822035],[-2.89834696675408,59.3302913064841],[-2.90513602236558,59.3232843524271],[-2.91119414339842,59.3492407235216],[-2.9073220533154,59.3554250699409],[-2.87956622435846,59.3858253887111],[-2.87887003946955,59.3859593521297],[-2.87752348776258,59.3846294218969],[-2.86860278286211,59.3743158163717],[-2.87597420453682,59.3669851986012],[-2.88314286071322,59.3619598060849],[-2.8816118462009,59.361376351079],[-2.8887949004472,59.3542269584325]]],[[[-1.73528607355069,60.3338717670661],[-1.71865875341011,60.3464019189274],[-1.70982531322095,60.3403853100741],[-1.70955172900609,60.3405115165571],[-1.70948035361005,60.3404653400092],[-1.70009328158368,60.3443507490587],[-1.69909441620413,60.3421931648446],[-1.69964770383629,60.3420418042903],[-1.69906855212679,60.3419821390679],[-1.69902011213558,60.3420326546202],[-1.69633674348198,60.3362326609993],[-1.69626450419354,60.3363009506299],[-1.69085834477683,60.3423566720623],[-1.68770327475782,60.3315003515856],[-1.68705464193435,60.3328306555981],[-1.68654547209863,60.3315550599647],[-1.68394626699572,60.3392041268331],[-1.68229675428095,60.3425852815255],[-1.66899924325217,60.3426902305291],[-1.67633717610152,60.3287796145761],[-1.66393977755946,60.3253185281238],[-1.664512867919,60.3236797595016],[-1.66456784150722,60.3236682826673],[-1.70437223382275,60.3153496657989],[-1.70411212501907,60.3162795205826],[-1.70318406611271,60.3166353799233],[-1.70407957237401,60.3164834994309],[-1.70220142750996,60.323757793095],[-1.70110743858782,60.3279933310276],[-1.70383139566572,60.3265324021915],[-1.70372675045808,60.3286950463642],[-1.71819852684652,60.3198767023789],[-1.72167075950953,60.3222005853415],[-1.73528607355069,60.3338717670661]]],[[[-8.61535336955404,57.8280037285125],[-8.59848458205134,57.8198150813254],[-8.59337823295842,57.8269551358199],[-8.5647895047336,57.8253682882871],[-8.54958617697016,57.8124430794271],[-8.56905934547369,57.8106657106659],[-8.57358213818298,57.802719192994],[-8.55110170782361,57.7937450199432],[-8.61023575800784,57.8093497570632],[-8.61535336955404,57.8280037285125]]],[[[-6.40706532498744,56.3144734923934],[-6.42132043472016,56.3067689881422],[-6.44045263376043,56.3096687780043],[-6.42782702144272,56.3224593918253],[-6.42188420622291,56.3251342529553],[-6.42626409977075,56.3373814956726],[-6.41502754452065,56.341280145523],[-6.38744330995436,56.3473337503149],[-6.39397912410546,56.331937258651],[-6.40706532498744,56.3144734923934]]],[[[-6.70309773817905,57.8782416169608],[-6.70027336357114,57.8789410269216],[-6.65782708788812,57.872394685365],[-6.64172388766144,57.856363483896],[-6.64254244635466,57.8561768264778],[-6.67098618182359,57.8497669193972],[-6.67136690124519,57.8598497593264],[-6.67169082779322,57.8596031226672],[-6.68186191940182,57.8594855361882],[-6.67707576877605,57.8555024274322],[-6.67991964572201,57.8533363241302],[-6.68698070385312,57.8608533035296],[-6.68367424527244,57.862401279323],[-6.69963585052874,57.870789814585],[-6.69995768097063,57.8702386327253],[-6.70105491606294,57.8707713023779],[-6.70482295100671,57.8619042206434],[-6.70499390775252,57.8616112953495],[-6.71366215720308,57.8749808629025],[-6.70126965190111,57.8732145655877],[-6.70170155980899,57.874402419095],[-6.69249016690238,57.8736633949462],[-6.70227786318468,57.8759872425342],[-6.70309773817905,57.8782416169608]]],[[[-7.22955065563483,57.7854390076894],[-7.21459731302165,57.7847878448616],[-7.20080550385987,57.7730743086087],[-7.23515731141783,57.7594762872845],[-7.26584687933978,57.7735803908749],[-7.2654161295271,57.7740044863728],[-7.22989436634508,57.7853850422059],[-7.22955065563483,57.7854390076894]]],[[[-2.9263949624148,59.1700204156832],[-2.9261473913835,59.1700761364214],[-2.90777801476571,59.1615787154898],[-2.9201689752267,59.1249938117574],[-2.92466523030604,59.1285958222022],[-2.93963933915862,59.1476225550979],[-2.94210088339698,59.164055455858],[-2.9263949624148,59.1700204156832]]],[[[-5.87700493620925,56.8109182807743],[-5.83399807198231,56.7958437919506],[-5.80906350158292,56.7944371556244],[-5.85130853754103,56.7859360902377],[-5.87769775013391,56.7907944984603],[-5.88697976933344,56.7925017325425],[-5.8846486711213,56.797644132509],[-5.87700493620925,56.8109182807743]]],[[[-7.62793224083441,56.8286632394647],[-7.62481480870957,56.8292720420967],[-7.62393472539303,56.8278212219821],[-7.62287918665055,56.8153977868662],[-7.62908622459707,56.811189785904],[-7.62211863564732,56.8025491165908],[-7.64177985582274,56.7963887795704],[-7.66611986289304,56.7998721753854],[-7.64822647637904,56.8126394299411],[-7.65550593750309,56.8232741632926],[-7.65394487173476,56.8235794652085],[-7.6328546513105,56.8241784942579],[-7.62793224083441,56.8286632394647]]],[[[-7.18902575316509,57.5017344180793],[-7.16914366643599,57.5021256920986],[-7.16030879493083,57.4938502350026],[-7.1653655732908,57.49167115718],[-7.17058404313562,57.4919481868749],[-7.16826250731764,57.4904225988263],[-7.17526185952978,57.4874053098981],[-7.16105159519188,57.4856828668923],[-7.15988107279147,57.4849133231986],[-7.1742426857771,57.4813375014297],[-7.17665707770401,57.471550745984],[-7.1790707861205,57.4699731665977],[-7.19170558058935,57.4721207877077],[-7.18897222800014,57.4841230245532],[-7.189816029817,57.4842693337017],[-7.20457215601993,57.4889929877769],[-7.20415083136597,57.4980079429449],[-7.20407415241394,57.4981632074984],[-7.17721159491429,57.4910187236773],[-7.17756015838899,57.4912179162574],[-7.17721719976564,57.4911175033485],[-7.17763527014246,57.4912608383516],[-7.19365901623105,57.5004143508679],[-7.18902575316509,57.5017344180793]]],[[[-1.32116274097285,60.1051721059644],[-1.31586612607573,60.1183478482479],[-1.31013821700231,60.1052153273617],[-1.33105788290831,60.082068898568],[-1.33254162092978,60.0784611635624],[-1.33269525472181,60.0783687614898],[-1.33263379478376,60.0782370139036],[-1.33894234719064,60.0628883710541],[-1.34334352149668,60.0598020545644],[-1.34337728239409,60.059847330461],[-1.35557287325377,60.0786718797076],[-1.33087858626447,60.0925839213324],[-1.32628307150456,60.0949497644065],[-1.32648550130825,60.095057139539],[-1.32596923927981,60.0953477501637],[-1.34870167492822,60.1068560842053],[-1.32118991440988,60.1051035681752],[-1.32116274097285,60.1051721059644]]],[[[-6.26588835143108,56.847707268598],[-6.26562400782475,56.8475262045992],[-6.25498022062076,56.8402336683497],[-6.22371179183188,56.8455286502567],[-6.22221804722215,56.8439855711505],[-6.21882679963408,56.8318756765394],[-6.21991351257752,56.8306882050553],[-6.22874750998189,56.8349032710678],[-6.23580519128156,56.8229633372735],[-6.24767817473878,56.8327844444618],[-6.24849217292423,56.8323790101305],[-6.24861031942595,56.8324694177124],[-6.26396747177206,56.8285539544392],[-6.277259252763,56.8351176513677],[-6.27744320028734,56.8353352723842],[-6.26776887952116,56.8383391630932],[-6.26468583398634,56.8392961995769],[-6.26242753293171,56.8399971415872],[-6.2655616997014,56.8469796901653],[-6.26588835143108,56.847707268598]]],[[[-5.60932596527292,56.2291987177105],[-5.59129462195232,56.2230389026609],[-5.58883029091109,56.2086934986481],[-5.61129218480276,56.1953881409573],[-5.61649696079706,56.2051244926848],[-5.61853398944372,56.2091222039955],[-5.61589991723116,56.2160037967765],[-5.60932596527292,56.2291987177105]]],[[[-6.30074899148824,56.4971774984552],[-6.28022240463954,56.4978251640819],[-6.27969284081715,56.4973534110461],[-6.27240906590036,56.4896133225826],[-6.25400766705052,56.4941836069431],[-6.27312643459727,56.4784138447441],[-6.27852800219122,56.4739556415679],[-6.27999405806236,56.4781768851893],[-6.28170447502576,56.4831004279729],[-6.30655404787907,56.4800629853535],[-6.30238377098468,56.4923592689653],[-6.30122890588194,56.4910135620786],[-6.30092020464141,56.4966729310061],[-6.30074899148824,56.4971774984552]]],[[[-7.51774782889723,56.9011165300751],[-7.50801853842973,56.8998186512465],[-7.49208356989258,56.8875220694745],[-7.51623592908464,56.8800512349338],[-7.53926785186704,56.8983345470173],[-7.51774782889723,56.9011165300751]]],[[[-7.21890998920279,57.3902099176878],[-7.21611163697344,57.3894837822148],[-7.21903016551904,57.3888302290699],[-7.21918256977041,57.3888559288462],[-7.23368292455621,57.3915247891396],[-7.23301238035032,57.3924077281616],[-7.21766906658918,57.4051425674897],[-7.20514784368945,57.4076390554676],[-7.19020155514225,57.4096277385192],[-7.19482137633096,57.4042083941385],[-7.19744284413045,57.4017496533719],[-7.19022407030638,57.395276904821],[-7.20154845307461,57.3927436049248],[-7.21890998920279,57.3902099176878]]],[[[-3.31082515252372,58.9410414194251],[-3.28259102375652,58.9326250832711],[-3.27302407661509,58.9372598323523],[-3.2646657610194,58.92268396579],[-3.30780462703051,58.9247991415092],[-3.31082515252372,58.9410414194251]]],[[[-1.32831333494023,60.0758974517534],[-1.32327095430412,60.0840356569684],[-1.30617402126823,60.0943094546751],[-1.30021433499146,60.0932233898527],[-1.29893331021364,60.0889736122756],[-1.33685583117667,60.0402522009483],[-1.32415327747116,60.060624506193],[-1.32831333494023,60.0758974517534]]],[[[-1.49091120654644,60.3270599345351],[-1.47431463417283,60.3413711098042],[-1.47392555056877,60.3308097365856],[-1.46131891615492,60.3353564812925],[-1.43816469036149,60.3272140670782],[-1.45486752101969,60.3229753655748],[-1.46885850643476,60.3194223871152],[-1.47295572040365,60.3111205325382],[-1.48217621650264,60.3210582373111],[-1.47939918945612,60.3221541934839],[-1.4661270620359,60.3268414723768],[-1.46748830313668,60.3268533404984],[-1.46623099945951,60.3273492371324],[-1.49091120654644,60.3270599345351]]],[[[-5.18083181011582,58.3897688650154],[-5.18029381401682,58.389817537423],[-5.16661442497398,58.3823331088647],[-5.17200552947859,58.3740613490863],[-5.20353912045599,58.376668471618],[-5.20688182350435,58.379932166487],[-5.20248644112691,58.3841938049923],[-5.18083181011582,58.3897688650154]]],[[[-5.39461323506862,58.0016513436386],[-5.39845568886007,58.0001945521096],[-5.41690872419615,58.0043256149144],[-5.42165108584658,58.0055107825877],[-5.40960584046398,58.0233070351775],[-5.40385547370748,58.0215475737404],[-5.39773893602286,58.0189494726943],[-5.40348714794603,58.0098567288298],[-5.38666686564557,58.0068571243114],[-5.38574128023528,58.0066919826854],[-5.39461323506862,58.0016513436386]]],[[[-7.41322397784947,57.6652963218284],[-7.39132091518415,57.66810870539],[-7.37971429408632,57.6678540681774],[-7.39200188377769,57.6589110401713],[-7.38971867034686,57.6570529174087],[-7.39439951511411,57.6535539099536],[-7.39840696615135,57.659864655805],[-7.41376747290728,57.655536112911],[-7.43836352290837,57.6603405848594],[-7.41240792462494,57.6642932490852],[-7.41322397784947,57.6652963218284]]],[[[-0.993000457579941,60.6177080488976],[-0.973435940577335,60.6135265119093],[-0.969228981594134,60.611905185353],[-0.980128341638708,60.6029597870683],[-1.0023691860662,60.6060985042045],[-1.00222416241382,60.6039850040194],[-1.0030545801633,60.5973535102994],[-1.00572074909357,60.5980590406343],[-1.01248842925074,60.6015335164289],[-1.00817976448482,60.6072514000669],[-0.993000457579941,60.6177080488976]]],[[[-1.28670251413347,60.1063055524222],[-1.31046878968968,60.0992907168025],[-1.29779032613658,60.1086254402644],[-1.29872249118291,60.126445011301],[-1.2818543628685,60.1307213208203],[-1.28670251413347,60.1063055524222]]],[[[-5.69842842523821,56.2237617890642],[-5.69120723635268,56.2123847882477],[-5.68558359469241,56.2032454199982],[-5.69793253964795,56.2022203276972],[-5.70355772798081,56.2132049498274],[-5.70366069088707,56.2131343530123],[-5.70386539598031,56.2135509005552],[-5.71531185127585,56.2116200552126],[-5.69437829400048,56.2329818868429],[-5.69072633720134,56.2366907610751],[-5.69842842523821,56.2237617890642]]],[[[-6.741128276392,58.001094150839],[-6.72570113683818,58.0082881584548],[-6.71234197348543,57.9940336195772],[-6.72378445763644,57.9852651619559],[-6.741128276392,58.001094150839]]],[[[-1.03896013573194,60.1517976218232],[-1.00577527039076,60.1509803879682],[-1.00573394616503,60.1507907990101],[-1.00925480291285,60.1368601913943],[-1.01466054660166,60.1344612321314],[-1.03454666341134,60.1476549896452],[-1.0380028284551,60.1468036580041],[-1.0411580439199,60.1491867980611],[-1.03896013573194,60.1517976218232]]],[[[-7.62495742137373,56.7808399118828],[-7.63635290693661,56.778145032577],[-7.65326359422613,56.7831266982763],[-7.66076941965839,56.7853366299136],[-7.6547690470786,56.7870329946601],[-7.64416841132949,56.7899414511661],[-7.61604567602887,56.7848132426525],[-7.61193222130772,56.7840624913338],[-7.62495742137373,56.7808399118828]]],[[[-5.15367489786186,55.7927726033495],[-5.14755857569814,55.7848650815874],[-5.14748268615378,55.7847555114605],[-5.15816780173195,55.7764125261994],[-5.16799143318212,55.7910197141656],[-5.16227712563674,55.8038879529984],[-5.15367489786186,55.7927726033495]]],[[[-1.37571916016414,60.3327981280678],[-1.3918128747018,60.3230387452203],[-1.4038777586022,60.333411722258],[-1.38637874641071,60.3428479568397],[-1.38632405943037,60.3428096550847],[-1.3740613329925,60.334050024923],[-1.37571916016414,60.3327981280678]]],[[[-7.37480106124799,57.0507283129367],[-7.39321009954689,57.0436994202834],[-7.39813082671215,57.0443682749999],[-7.39941322268405,57.0469538829143],[-7.39032318345187,57.0617016499368],[-7.3896372141067,57.0620722356653],[-7.38296248378637,57.0587984342607],[-7.37220796506357,57.0525454775873],[-7.37480106124799,57.0507283129367]]],[[[-6.35572851845876,56.2956556815979],[-6.36227389941129,56.2844653958811],[-6.37173498011578,56.2916188031604],[-6.38483794426944,56.2875586488915],[-6.38509991464517,56.2875955556842],[-6.37948760096298,56.2948160828432],[-6.37530051028758,56.3002011000196],[-6.37126460385443,56.300482133609],[-6.35424820063313,56.2981855790511],[-6.35572851845876,56.2956556815979]]],[[[-5.69904893946201,55.9470780660656],[-5.69273015781899,55.953916364664],[-5.67375082962252,55.9550976074136],[-5.69826883725275,55.9328543904324],[-5.69915323826389,55.9331152926539],[-5.69904893946201,55.9470780660656]]],[[[-6.51288179719508,57.0512980223377],[-6.49746078114916,57.0555216666031],[-6.46685329757095,57.044800710071],[-6.46717326631351,57.0442839337288],[-6.47208309596142,57.0442640979002],[-6.48533541539822,57.0490277862079],[-6.51119172984062,57.0440993187805],[-6.51288179719508,57.0512980223377]]],[[[-7.36062115315013,57.0132407919368],[-7.35369041266257,57.0177094216135],[-7.3504838488624,57.0189317163908],[-7.33626844220018,57.0104982273336],[-7.33207665453339,57.0133575940797],[-7.32994138616621,57.0126381715369],[-7.32981661902088,57.0097711275165],[-7.33152481431644,57.0064309450396],[-7.3405471024069,57.0080876225651],[-7.36062115315013,57.0132407919368]]],[[[-7.30896932306491,57.662122829181],[-7.28793913352551,57.6678451294291],[-7.28312032616343,57.6554395281503],[-7.3022216517469,57.6593919979841],[-7.30896932306491,57.662122829181]]],[[[-0.759477333027333,60.4250472821992],[-0.755900323254937,60.4239045074286],[-0.753347109869681,60.4187339862554],[-0.776111061389587,60.420267593115],[-0.799048245079737,60.4099557304847],[-0.759438871848456,60.4310677628112],[-0.757078264662431,60.4262894373945],[-0.759477333027333,60.4250472821992]]],[[[-5.82555733844737,59.1346385514339],[-5.81298109862978,59.1190073435549],[-5.8411061002132,59.1157495632664],[-5.82264797718857,59.1260447431841],[-5.82555733844737,59.1346385514339]]],[[[-1.36116201437827,60.0530930383909],[-1.34468990547659,60.0588577590291],[-1.36777890623443,60.0426534900163],[-1.37335012826843,60.0449701389971],[-1.3758872866638,60.0479361766175],[-1.36253655423727,60.0526118082213],[-1.36273439979063,60.0522406323404],[-1.36044731674617,60.0525797952254],[-1.36116201437827,60.0530930383909]]],[[[-8.64999581283993,57.8279585540869],[-8.62481413147069,57.8336649791964],[-8.63132385653106,57.8245939662245],[-8.64999581283993,57.8279585540869]]],[[[-6.72172122079295,56.5664764627195],[-6.71205112098473,56.5688645060891],[-6.70817949934538,56.5642368863743],[-6.73207914010119,56.5602567867227],[-6.7313274318993,56.5615135298794],[-6.72172122079295,56.5664764627195]]],[[[-8.4997075998925,57.8669294797974],[-8.4906897432617,57.8767873648255],[-8.48722524405328,57.8629545267899],[-8.4997075998925,57.8669294797974]]],[[[-5.61666778729252,56.2606643091827],[-5.61095850516209,56.2646646970136],[-5.61048981868946,56.264037886746],[-5.61877936489601,56.251354800618],[-5.6213845587408,56.2516937852277],[-5.62356277822233,56.2540613128762],[-5.61666778729252,56.2606643091827]]],[[[-6.01068644418256,57.5152611706305],[-6.00921457980418,57.5153809512008],[-6.00316872710033,57.5158727773355],[-5.99291426635752,57.5070867435693],[-6.00898209391833,57.5132665252336],[-6.01290178736512,57.5147734280685],[-6.01068644418256,57.5152611706305]]],[[[-7.14374885863169,57.5007697771165],[-7.15193147149477,57.4962346272071],[-7.16008456986619,57.4978273718224],[-7.16279514563347,57.4991518056512],[-7.16226760272324,57.4996844360409],[-7.1435963182457,57.5008984164032],[-7.14374885863169,57.5007697771165]]],[[[-4.71364056432221,58.4756854379055],[-4.71097796190825,58.4848713063139],[-4.7036914160262,58.4874019286844],[-4.71364056432221,58.4756854379055]]],[[[-6.68240118237996,56.9698051922054],[-6.67818103154879,56.9757384657281],[-6.67641798358692,56.9647851998593],[-6.68240118237996,56.9698051922054]]],[[[-7.69861831062328,57.5268699231034],[-7.69142644361112,57.5308500422629],[-7.69122752275024,57.5234239328352],[-7.69861831062328,57.5268699231034]]],[[[-1.32327095430412,60.0840356569684],[-1.32950910562418,60.0802849088762],[-1.32989565576887,60.0817029649628],[-1.32007658882298,60.0891890440648],[-1.32327095430412,60.0840356569684]]],[[[-4.78609231115812,58.5438758199211],[-4.78612247820287,58.5500979500343],[-4.78080212803828,58.5460905873576],[-4.78609231115812,58.5438758199211]]],[[[-7.69170227485071,57.699897322036],[-7.6821722406535,57.7034998340215],[-7.68948174772532,57.6978056617807],[-7.69170227485071,57.699897322036]]],[[[-7.58744200597303,58.2820713089426],[-7.58440210806546,58.2850577265631],[-7.57588451429743,58.2846340855235],[-7.58744200597303,58.2820713089426]]],[[[-4.41308526857343,59.0825436076541],[-4.40496597779998,59.0867633756676],[-4.40760912828007,59.0821108856479],[-4.41308526857343,59.0825436076541]]],[[[-5.08160760251904,58.4052692272674],[-5.0749950990502,58.4071212861882],[-5.07470288299542,58.4035349711247],[-5.08160760251904,58.4052692272674]]],[[[-6.15270307111526,59.0951772836187],[-6.15906559153549,59.0931656854674],[-6.15064355053197,59.099460760786],[-6.15270307111526,59.0951772836187]]],[[[-7.59540345179189,58.2874059164325],[-7.59212689676039,58.2896513623131],[-7.58751341148618,58.2861454450072],[-7.59540345179189,58.2874059164325]]],[[[-7.27196588177537,57.5544339241801],[-7.26567211359608,57.5553406531443],[-7.26218451753583,57.5533348641594],[-7.27196588177537,57.5544339241801]]],[[[-5.05993451195965,58.3855043472124],[-5.05594933138164,58.3864174270337],[-5.05408549727689,58.3830738012771],[-5.05993451195965,58.3855043472124]]],[[[-6.93513607313118,57.7549212622415],[-6.93112539508332,57.754778237209],[-6.93359329038892,57.7518439755458],[-6.93513607313118,57.7549212622415]]],[[[-7.65025466155679,58.2803323748009],[-7.64439749837942,58.282294928412],[-7.64439779587363,58.2805199303454],[-7.65025466155679,58.2803323748009]]],[[[-6.68606898347409,56.9679988950146],[-6.6838692116347,56.9714592394639],[-6.68411202665601,56.9665161462083],[-6.68606898347409,56.9679988950146]]],[[[-5.24390823786656,56.0994224169186],[-5.24104254754786,56.1029471830906],[-5.23967772957207,56.1012165170569],[-5.24390823786656,56.0994224169186]]],[[[-8.49799959958928,57.8790149192558],[-8.49590775099712,57.8818426008893],[-8.4939871939449,57.8796399293144],[-8.49799959958928,57.8790149192558]]],[[[-5.06339208966282,58.4108416036232],[-5.05746374065516,58.4120294571544],[-5.05806127324864,58.410191707351],[-5.06339208966282,58.4108416036232]]],[[[-4.75008473869893,58.4539670152951],[-4.74930437926068,58.4514252222206],[-4.75306111469609,58.4512522498811],[-4.75008473869893,58.4539670152951]]],[[[-4.45196601749996,58.481747879252],[-4.44744201330543,58.4784919267381],[-4.4513478931519,58.4794011593776],[-4.45196601749996,58.481747879252]]],[[[-5.13137036171978,56.6837374215543],[-5.12849138843332,56.6855527775921],[-5.12692773268433,56.6840891340593],[-5.13137036171978,56.6837374215543]]],[[[-4.19353069824009,57.8626726043318],[-4.18912155054451,57.8631985268985],[-4.18742240043024,57.8618717907128],[-4.19353069824009,57.8626726043318]]],[[[-7.65012492091563,58.2841185424327],[-7.64716613370514,58.2853883174693],[-7.64767322529424,58.2831065961205],[-7.65012492091563,58.2841185424327]]],[[[-7.58727349455337,58.2757602956694],[-7.58712110898984,58.2756786299781],[-7.58565897837329,58.2748950149814],[-7.59088982248184,58.2739410775307],[-7.58727349455337,58.2757602956694]]],[[[-7.39036148014781,57.6587417776036],[-7.38638333789249,57.6595456287133],[-7.38905980267402,57.6575453654437],[-7.39036148014781,57.6587417776036]]],[[[-5.15507823079682,56.6849436215504],[-5.15240782696747,56.6855299569701],[-5.15288262277033,56.6833372016941],[-5.15507823079682,56.6849436215504]]],[[[-4.44971116887802,58.4785609043471],[-4.44552481349167,58.4780568009359],[-4.44517026853836,58.4766574268907],[-4.44971116887802,58.4785609043471]]],[[[-6.63620583402751,56.1285337373199],[-6.63307403972493,56.1298957142681],[-6.63211724398358,56.1286127455941],[-6.63620583402751,56.1285337373199]]],[[[-5.46033407294457,55.8359597901873],[-5.46023063636657,55.8379406848141],[-5.45756474054695,55.8387754571104],[-5.46033407294457,55.8359597901873]]],[[[-6.63580141956851,56.1318336544784],[-6.63197276985078,56.1318533948356],[-6.63323389592447,56.1304870898045],[-6.63580141956851,56.1318336544784]]],[[[-6.64131877389231,56.1314029611002],[-6.63794462084579,56.1318781074505],[-6.63759785977007,56.130472363714],[-6.64131877389231,56.1314029611002]]],[[[-5.1270034363099,56.6848440961918],[-5.12445481782233,56.6870816191926],[-5.12326241005592,56.6863322144052],[-5.1270034363099,56.6848440961918]]],[[[-7.68920686301763,57.5280520045028],[-7.68653667997291,57.5287938184403],[-7.68676286412576,57.5270283388644],[-7.68920686301763,57.5280520045028]]],[[[-5.91395735677159,55.9676984409857],[-5.91400031492088,55.9691538410448],[-5.91140806878974,55.970634577282],[-5.91395735677159,55.9676984409857]]],[[[-6.60034527321152,57.9267753806966],[-6.59741091165999,57.9255247311618],[-6.59847100035294,57.92463328633],[-6.60034527321152,57.9267753806966]]],[[[-7.68371129280972,57.5315750757754],[-7.68353037317445,57.5315059934404],[-7.68338647672921,57.5305847534784],[-7.68689911579644,57.530096127877],[-7.68371129280972,57.5315750757754]]],[[[-7.590479256908,58.2724244900065],[-7.5889924270004,58.2738262980376],[-7.58660306023818,58.2735170465987],[-7.590479256908,58.2724244900065]]],[[[-4.7494052085643,58.4513038084109],[-4.74930437926068,58.4514252222206],[-4.74800830905757,58.4528434085396],[-4.74683656939142,58.4514487699637],[-4.7494052085643,58.4513038084109]]],[[[-5.91948609655025,55.9671942442741],[-5.91652212778378,55.9674226056515],[-5.91792329593237,55.966169424577],[-5.91948609655025,55.9671942442741]]],[[[-5.68698036407482,57.5286376896022],[-5.68474404415997,57.5287525281557],[-5.68503501018283,57.5271662247157],[-5.68698036407482,57.5286376896022]]],[[[-7.72084981377611,57.688006641463],[-7.71529922918428,57.6869170453072],[-7.7182072452424,57.6868662535736],[-7.72084981377611,57.688006641463]]],[[[-7.68370519931452,57.5302179564265],[-7.68327003833651,57.5298392699959],[-7.68319202705383,57.5293397903847],[-7.68659155620262,57.5289308583028],[-7.68370519931452,57.5302179564265]]],[[[-8.61813608016274,57.8284434476593],[-8.62138684801352,57.8279396916519],[-8.61827571448972,57.8294315642481],[-8.61813608016274,57.8284434476593]]],[[[-7.15114712406232,57.6524619926405],[-7.15055606074707,57.652749418222],[-7.14816152152333,57.652424321456],[-7.1469715569011,57.6516255748042],[-7.15114712406232,57.6524619926405]]],[[[-8.51230028869797,57.8663263075792],[-8.50993932957989,57.8668217383975],[-8.50940890728074,57.8655745233093],[-8.51230028869797,57.8663263075792]]],[[[-7.71758770204402,57.688901687471],[-7.71426642570942,57.687454424306],[-7.71713297069478,57.6877791021921],[-7.71758770204402,57.688901687471]]],[[[-5.81247712313303,59.1140059205792],[-5.81080066029284,59.1142574981106],[-5.81116119675616,59.1123905269898],[-5.81247712313303,59.1140059205792]]],[[[-7.30804073378263,57.2321679891592],[-7.31021412591059,57.231856972936],[-7.31098045719399,57.2321436702038],[-7.30676687339369,57.2327857223316],[-7.30804073378263,57.2321679891592]]],[[[-5.68899132011669,57.531995173262],[-5.68686501513521,57.5318775735897],[-5.68658208356638,57.5306496814749],[-5.68899132011669,57.531995173262]]],[[[-5.69831697925342,56.6958839246761],[-5.69636450856597,56.696719685784],[-5.69794712394183,56.694780043511],[-5.69831697925342,56.6958839246761]]],[[[-5.01631839369159,58.2607447306246],[-5.01484766232023,58.2614768599263],[-5.01319167352871,58.2605714216081],[-5.01631839369159,58.2607447306246]]],[[[-4.50722703262449,59.0238503026676],[-4.50632910629694,59.0252636803018],[-4.50620908477787,59.0226818282323],[-4.50722703262449,59.0238503026676]]],[[[-7.59854347101552,58.2877540626954],[-7.59614041436205,58.2882286217136],[-7.59580301627864,58.2873388710048],[-7.59854347101552,58.2877540626954]]],[[[-5.8455507586776,59.1180449993938],[-5.8446461409607,59.1185527958635],[-5.84204422268981,59.117411840076],[-5.8455507586776,59.1180449993938]]],[[[-6.88389735497823,58.1586288963994],[-6.8852275619847,58.1584995757722],[-6.88388229581716,58.16029103336],[-6.88389735497823,58.1586288963994]]],[[[-5.45434714009585,57.1065524760832],[-5.4536443024798,57.1075202849124],[-5.45182069656696,57.1070087339846],[-5.45434714009585,57.1065524760832]]],[[[-7.30135456671097,57.2331245257894],[-7.30084927894401,57.2341566814488],[-7.29927872424311,57.2334214105853],[-7.30135456671097,57.2331245257894]]],[[[-4.40355323919335,59.0870555062009],[-4.40178561141395,59.0874404440069],[-4.4031788771743,59.0859717862466],[-4.40355323919335,59.0870555062009]]],[[[-7.58848106952234,58.2845369155606],[-7.58739962581446,58.2857499069252],[-7.58610700135602,58.2853565382909],[-7.58848106952234,58.2845369155606]]],[[[-7.59064968895178,58.2717734704526],[-7.58650419236043,58.2730533519837],[-7.58900686797518,58.2718095353682],[-7.59064968895178,58.2717734704526]]],[[[-7.26094951793577,57.440553675956],[-7.26034855057516,57.4415956804129],[-7.25885493236659,57.441131762836],[-7.26094951793577,57.440553675956]]],[[[-8.51180064517746,57.7914282045209],[-8.51163752888348,57.7922518144085],[-8.50941250428783,57.7922134690881],[-8.51180064517746,57.7914282045209]]],[[[-6.88621413022816,58.1565014713532],[-6.88521498209103,58.1582841547592],[-6.88491233461428,58.1570228387308],[-6.88621413022816,58.1565014713532]]],[[[-0.875452600916104,60.8605946903865],[-0.873199981486029,60.8607823726561],[-0.874448638011117,60.8598275927087],[-0.875452600916104,60.8605946903865]]],[[[-6.43148918346039,58.0940168027561],[-6.43091824578764,58.0950259646033],[-6.42999294880753,58.0937577655983],[-6.43148918346039,58.0940168027561]]],[[[-5.94751874360355,55.9578945683445],[-5.94557999097094,55.9588470211741],[-5.94636536088046,55.9576662937489],[-5.94751874360355,55.9578945683445]]],[[[-6.48430514333464,58.1003278255112],[-6.48188858470344,58.1013069784196],[-6.4811418761272,58.1009618556441],[-6.48430514333464,58.1003278255112]]],[[[-7.27439494755107,57.561281898459],[-7.2721310807721,57.5620434888144],[-7.27190773123486,57.5614382286632],[-7.27439494755107,57.561281898459]]],[[[-7.71619825045773,57.6892032044895],[-7.71498985457767,57.6893209722032],[-7.71374860340146,57.6881664999686],[-7.71619825045773,57.6892032044895]]],[[[-1.00554545462891,60.708497787252],[-1.00461309706305,60.7097344483069],[-1.00391853002311,60.7088493658818],[-1.00554545462891,60.708497787252]]],[[[-7.73272846731823,57.5409469188706],[-7.73219884992175,57.5415696551063],[-7.73094310164591,57.5401865989557],[-7.73272846731823,57.5409469188706]]],[[[-6.48114304859795,58.1387420985604],[-6.48104789052536,58.139539582639],[-6.47922129057203,58.1391605043872],[-6.48114304859795,58.1387420985604]]],[[[-7.24269707395023,57.5521104112349],[-7.24101774761204,57.5524214741555],[-7.24056826785632,57.5516483139733],[-7.24269707395023,57.5521104112349]]],[[[-7.25826405591347,57.4431721842261],[-7.25795851301164,57.4437743783829],[-7.25617525747246,57.4428636126591],[-7.25826405591347,57.4431721842261]]],[[[-7.59312866367211,58.274540376443],[-7.59160443079773,58.2753273165321],[-7.58955916433578,58.275520551366],[-7.59312866367211,58.274540376443]]],[[[-6.02951506582156,57.4710835763805],[-6.02952558552321,57.471328344206],[-6.02793769291348,57.4717084294143],[-6.02803980448908,57.4711206907337],[-6.02951506582156,57.4710835763805]]],[[[-6.47619159698794,58.1011700999887],[-6.47548940409259,58.1019046686377],[-6.4739973875099,58.1016596697263],[-6.47619159698794,58.1011700999887]]],[[[-7.26458750673881,57.3493133625745],[-7.25806128987768,57.3489129922706],[-7.25879694162128,57.3487941286828],[-7.26446519265226,57.3492739529886],[-7.26458750673881,57.3493133625745]]],[[[-7.2026667364318,57.4149274120753],[-7.20108235770534,57.4147500565052],[-7.20133448893749,57.4140017563247],[-7.2026667364318,57.4149274120753]]],[[[-7.7136491440223,57.6896652592033],[-7.7126449645764,57.689990689661],[-7.71210709735874,57.688947468313],[-7.7136491440223,57.6896652592033]]],[[[-5.48986986209612,56.3556835803507],[-5.48817720140871,56.3555020544651],[-5.48832048239252,56.3548552002731],[-5.48986986209612,56.3556835803507]]],[[[-1.81993856738669,57.4256922852996],[-1.81846322540309,57.4250885542355],[-1.819107719401,57.4245966959996],[-1.81993856738669,57.4256922852996]]],[[[-7.6558918018324,58.2814954521732],[-7.65461499132261,58.2815791194296],[-7.65560255252599,58.2806486930109],[-7.6558918018324,58.2814954521732]]],[[[-5.22187398505794,56.4487258486214],[-5.22011074645243,56.4494683450357],[-5.21967823603554,56.449057071748],[-5.22187398505794,56.4487258486214]]],[[[-7.72279778553674,57.5357595017991],[-7.72258150432072,57.5365659765568],[-7.72154798863761,57.5355282935358],[-7.72279778553674,57.5357595017991]]],[[[-8.64533911435867,57.8336899661834],[-8.64361602253799,57.8338707300714],[-8.64501024180609,57.8331442318527],[-8.64533911435867,57.8336899661834]]],[[[-5.47523250366423,55.8173947805331],[-5.47407710203018,55.8177610269618],[-5.47506866005715,55.8166324933599],[-5.47523250366423,55.8173947805331]]],[[[-8.49217859438078,57.862916379117],[-8.49144089720994,57.8638369787622],[-8.49036869750238,57.863842499668],[-8.49217859438078,57.862916379117]]],[[[-5.9361507318755,55.9602326628006],[-5.93597680433377,55.9612813520209],[-5.93501838895021,55.9617886101026],[-5.9361507318755,55.9602326628006]]],[[[-7.59066794960674,58.2729157441393],[-7.59254765428668,58.2724867372962],[-7.5906961750947,58.2734185387992],[-7.59066794960674,58.2729157441393]]],[[[-6.163960736923,57.1967784472109],[-6.16292308902484,57.1970522375915],[-6.16259445092614,57.1962692133887],[-6.163960736923,57.1967784472109]]],[[[-7.58737412899228,58.285967038879],[-7.58526525202177,58.2863024870584],[-7.58553126278801,58.2858227994875],[-7.58737412899228,58.285967038879]]],[[[-7.57068226383228,58.2852395837244],[-7.56912141194937,58.2854202985267],[-7.57045703793913,58.2846778961555],[-7.57068226383228,58.2852395837244]]],[[[-7.2909047972042,57.3856719584698],[-7.29069395597154,57.3860003004652],[-7.28808747791367,57.385894113853],[-7.2909047972042,57.3856719584698]]],[[[-4.9844258394723,58.2359579681688],[-4.98339024061263,58.2364090592746],[-4.9833363840736,58.2355655502235],[-4.9844258394723,58.2359579681688]]],[[[-4.78746580110059,58.59110310473],[-4.78591074561679,58.5916760040264],[-4.78657635709198,58.5908483376842],[-4.78746580110059,58.59110310473]]],[[[-7.26202463865418,57.4429788061812],[-7.26116401591958,57.443086823372],[-7.260578324581,57.4421484804188],[-7.26202463865418,57.4429788061812]]],[[[-7.58712110898984,58.2756786299781],[-7.58596340497826,58.276065244834],[-7.58521625778482,58.2755534594145],[-7.58712110898984,58.2756786299781]]],[[[-1.79798814081954,57.4534971707329],[-1.79581000556764,57.453817052646],[-1.79543614451843,57.4536086164307],[-1.79559489192001,57.4534886722019],[-1.79798814081954,57.4534971707329]]],[[[-6.86733708753305,58.2345328200225],[-6.86644089355785,58.2345895349468],[-6.86657363901443,58.233630887652],[-6.86733708753305,58.2345328200225]]],[[[-5.93938195012975,55.9596121725405],[-5.93914673331267,55.9604515074536],[-5.93829053620076,55.9601506938024],[-5.93938195012975,55.9596121725405]]],[[[-6.15899443366359,59.087606082486],[-6.15784505155303,59.0878543048611],[-6.15851210756819,59.0870145709162],[-6.15899443366359,59.087606082486]]],[[[-5.0164541758813,58.2597349787605],[-5.01568172483122,58.2604766805468],[-5.01518499832077,58.259949193155],[-5.0164541758813,58.2597349787605]]],[[[-7.2532688344375,57.5654736265725],[-7.25301018248815,57.5661755035835],[-7.25233360648872,57.5650851978098],[-7.2532688344375,57.5654736265725]]],[[[-6.66922289174814,58.046048194579],[-6.66846224316991,58.0464584338322],[-6.66836412513697,58.0455130792284],[-6.66922289174814,58.046048194579]]],[[[-4.9490551536174,58.2240261672556],[-4.94872197684846,58.2245883519528],[-4.94788223827918,58.2237270508131],[-4.9490551536174,58.2240261672556]]],[[[-8.56747026931103,57.8259946000029],[-8.56653195298155,57.8264036944151],[-8.56554930376464,57.8261079732557],[-8.56747026931103,57.8259946000029]]],[[[-5.00923650543864,56.7124854636514],[-5.00868770069291,56.7130829847053],[-5.00821653425002,56.7124022497571],[-5.00923650543864,56.7124854636514]]],[[[-7.24643943305833,57.4442152261971],[-7.24598822592706,57.4448504614566],[-7.24517183409854,57.4445695816674],[-7.24643943305833,57.4442152261971]]],[[[-7.64646080004965,58.2832728356728],[-7.64524130520787,58.2834483775029],[-7.6463319065206,58.2827546899886],[-7.64646080004965,58.2832728356728]]],[[[-7.65128691339879,58.2833694385341],[-7.64997999524371,58.2836929194192],[-7.64958481997064,58.2833053940806],[-7.65128691339879,58.2833694385341]]],[[[-8.56134460609997,57.7933480866503],[-8.56127302309207,57.793973346671],[-8.56030433540299,57.7937489604958],[-8.56134460609997,57.7933480866503]]],[[[-5.19783806828215,58.3879378061016],[-5.19724844327402,58.3882825060028],[-5.19715689422889,58.3882908006415],[-5.19702617677808,58.3874772536451],[-5.19783806828215,58.3879378061016]]],[[[-5.14618007008691,56.481515989239],[-5.14486867176751,56.4813739517274],[-5.14543765955571,56.4809864774758],[-5.14618007008691,56.481515989239]]],[[[-7.71221051165505,57.6900814770903],[-7.71186690458138,57.6906731342253],[-7.7112548692483,57.6900437370902],[-7.71221051165505,57.6900814770903]]],[[[-5.19945163889057,56.4551181796621],[-5.1979829917265,56.4555111479838],[-5.19821406893032,56.4550736965695],[-5.19945163889057,56.4551181796621]]],[[[-4.79062679599508,58.5914612833652],[-4.79014886726219,58.592051259425],[-4.78938895796241,58.5918026834031],[-4.79062679599508,58.5914612833652]]],[[[-7.68781433635337,57.5294741692635],[-7.6878287364719,57.5298875788844],[-7.68652034774061,57.5295461660293],[-7.68781433635337,57.5294741692635]]],[[[-3.07568349022417,58.9387231999776],[-3.07483737940356,58.9390442414942],[-3.07386754957175,58.9389804501276],[-3.07543433370835,58.9386520014261],[-3.07568349022417,58.9387231999776]]],[[[-7.48783052568575,56.9521491653501],[-7.48735931209012,56.9524192190813],[-7.48700033710015,56.9517492209439],[-7.48765592738883,56.9519494357437],[-7.48783052568575,56.9521491653501]]],[[[-3.75755252939981,58.5792755394678],[-3.75920743711695,58.5790759241129],[-3.75751726220408,58.5796012025165],[-3.75755252939981,58.5792755394678]]],[[[-1.50658392938022,60.5290588170678],[-1.5059538794657,60.529155254775],[-1.50645144242182,60.5281874042698],[-1.50658392938022,60.5290588170678]]],[[[-7.25610711153912,57.562750127333],[-7.25586850674222,57.563358490102],[-7.25535976456776,57.5625608484001],[-7.25610711153912,57.562750127333]]],[[[-1.73327002011458,60.3309257565016],[-1.73242868636978,60.3308342836619],[-1.73282270772057,60.3302604369477],[-1.73327002011458,60.3309257565016]]],[[[-2.08038863909084,57.0928138793077],[-2.07910445355918,57.0929640332365],[-2.0794540376513,57.0925558478629],[-2.08038863909084,57.0928138793077]]],[[[-7.65354427522172,58.2810280607274],[-7.65246412573877,58.2815935355607],[-7.65204304627217,58.2813646856336],[-7.65354427522172,58.2810280607274]]],[[[-2.8920638348437,59.3768434582661],[-2.89084864799442,59.3769451626064],[-2.89111284313303,59.3765509104863],[-2.8920638348437,59.3768434582661]]],[[[-7.68467532735689,57.5319293784049],[-7.68367089308576,57.5324055560425],[-7.68360927771713,57.5320111215596],[-7.68467532735689,57.5319293784049]]],[[[-8.62259178985875,57.8281557568116],[-8.62161533910877,57.8286303710735],[-8.62215439547124,57.8279354696031],[-8.62259178985875,57.8281557568116]]],[[[-5.10798463940076,58.5248834696061],[-5.10731802856044,58.5254073962865],[-5.10706640356924,58.5249910963595],[-5.10798463940076,58.5248834696061]]],[[[-7.09780353382706,57.9915563474255],[-7.09677767052195,57.9916695435011],[-7.09723223072247,57.9912329019315],[-7.09780353382706,57.9915563474255]]],[[[-5.3986143655273,58.2482038152927],[-5.39834280217231,58.2487503599129],[-5.39769684728455,58.2485922847645],[-5.3986143655273,58.2482038152927]]],[[[-7.56038216946104,58.2868998946759],[-7.55926391270099,58.2870701773236],[-7.55936043764692,58.2867059508805],[-7.56038216946104,58.2868998946759]]],[[[-2.75507536370995,57.6906548333252],[-2.75551292589778,57.690644136174],[-2.75508767554914,57.6914883423796],[-2.75507536370995,57.6906548333252]]],[[[-6.74163330101954,56.5485302220506],[-6.74153165409516,56.548831497265],[-6.74056380319438,56.548299574974],[-6.74163330101954,56.5485302220506]]],[[[-1.2804342272775,60.2155955869083],[-1.27971316861611,60.2161358110473],[-1.2803633689191,60.2151229017209],[-1.2804342272775,60.2155955869083]]],[[[-4.78140030130082,58.5903629808743],[-4.78138260680773,58.590790194503],[-4.78056602669169,58.5901519056496],[-4.78140030130082,58.5903629808743]]],[[[-5.14708190683556,56.4808324129874],[-5.14699428534476,56.4814414028886],[-5.1464056818501,56.4816900502375],[-5.14708190683556,56.4808324129874]]],[[[-1.35425720599448,60.0744312652249],[-1.35381966542138,60.0747264589313],[-1.35328441633377,60.07453079173],[-1.35417225406033,60.0743174463226],[-1.35425720599448,60.0744312652249]]],[[[-7.58313233464001,58.2888665912449],[-7.58310180608564,58.2892684536809],[-7.58229131673487,58.2892229463774],[-7.58313233464001,58.2888665912449]]],[[[-2.75490096530584,57.690737615647],[-2.75468659510483,57.6915599022112],[-2.75451649120342,57.6907201480591],[-2.75490096530584,57.690737615647]]],[[[-0.768977052896963,60.605439338478],[-0.768361615889366,60.6060128476042],[-0.768270178039728,60.6055360984431],[-0.768977052896963,60.605439338478]]],[[[-5.68180950027287,56.6878323429899],[-5.68171264727659,56.6882622782682],[-5.6810856190413,56.687948177101],[-5.68180950027287,56.6878323429899]]],[[[-3.54331465476371,58.6236849553907],[-3.54235644026637,58.6236038238845],[-3.54180298876758,58.6232403315224],[-3.54331465476371,58.6236849553907]]],[[[-8.49362970081192,57.8772443656562],[-8.49344000938215,57.8776909580614],[-8.49284491881995,57.8775323728379],[-8.49362970081192,57.8772443656562]]],[[[-0.823269429173972,60.6147048971203],[-0.822428737401917,60.6149596896765],[-0.822756750179408,60.6144848870553],[-0.823269429173972,60.6147048971203]]],[[[-7.587132105671,58.2722157715606],[-7.58600730720836,58.2727196128686],[-7.58662172953663,58.2721859454066],[-7.587132105671,58.2722157715606]]],[[[-5.94737307520668,55.9574091507579],[-5.9468031421859,55.957557828194],[-5.94704436244653,55.9570150348245],[-5.94737307520668,55.9574091507579]]],[[[-1.25490147756695,59.9720044054855],[-1.25549705238213,59.9719424081036],[-1.25579104574876,59.9722529600182],[-1.25488129427113,59.9721075024825],[-1.25490147756695,59.9720044054855]]],[[[-8.6256952350084,57.8255696360265],[-8.6249250879462,57.8258803073894],[-8.62456460822483,57.8256650014128],[-8.6256952350084,57.8255696360265]]],[[[-3.36387702719188,59.0202624896226],[-3.36370406196472,59.0206451315371],[-3.36303548691679,59.0204761281328],[-3.36387702719188,59.0202624896226]]],[[[-4.79159204128034,58.5936373596929],[-4.79064741960213,58.5929075667542],[-4.79106337241403,58.5929434567321],[-4.79159204128034,58.5936373596929]]],[[[-1.48267244063595,60.2896499950244],[-1.4818538576673,60.2897168402835],[-1.48265432737721,60.2893078319922],[-1.48267244063595,60.2896499950244]]],[[[-0.771156322606094,60.4192207915738],[-0.770591894596553,60.4192595883139],[-0.770820215610816,60.4187911612779],[-0.771156322606094,60.4192207915738]]],[[[-6.15941774783524,59.0977990269351],[-6.15870877048877,59.0979341925647],[-6.15906088163675,59.0975227219994],[-6.15941774783524,59.0977990269351]]],[[[-3.36236543912758,59.0224276979728],[-3.36202415258041,59.0228713860555],[-3.3616208064769,59.0227148551042],[-3.36236543912758,59.0224276979728]]],[[[-4.51273630462837,58.5780500006241],[-4.51224690170152,58.5782646320759],[-4.51189318642672,58.5781586267668],[-4.51173927294757,58.5780605155375],[-4.51273630462837,58.5780500006241]]],[[[-6.86703966593324,58.2378196316218],[-6.86706452804383,58.2382118084696],[-6.86646818885642,58.2377820796112],[-6.86703966593324,58.2378196316218]]],[[[-6.78883134028066,58.3060978262696],[-6.78825682701123,58.3062723081629],[-6.78835408763398,58.3058548666777],[-6.78883134028066,58.3060978262696]]],[[[-4.49203425611779,58.5694907963046],[-4.49194492159798,58.5696857062842],[-4.49076556623238,58.5697894471589],[-4.49203425611779,58.5694907963046]]],[[[-6.1580403263803,59.096890031618],[-6.15751846315743,59.0972709765443],[-6.157263891131,59.0970453396246],[-6.1580403263803,59.096890031618]]],[[[-1.43032379376904,60.6068868453973],[-1.42962736923117,60.6070230485551],[-1.42970619888177,60.6066956704455],[-1.43032379376904,60.6068868453973]]],[[[-1.34380146886484,60.0561027565644],[-1.34427106922662,60.0560474821688],[-1.34395725177779,60.0564769351375],[-1.34374265933021,60.0561440914032],[-1.34380146886484,60.0561027565644]]],[[[-5.10013773856088,58.4389270443778],[-5.09992304014775,58.4391164796692],[-5.09910646867157,58.4388935915867],[-5.10013773856088,58.4389270443778]]],[[[-7.65266668595223,58.2835017645826],[-7.65131789266177,58.2837236050174],[-7.65165272940079,58.2835197341478],[-7.65266668595223,58.2835017645826]]],[[[-8.55606159338354,57.7944423204814],[-8.55555282714434,57.7942885893827],[-8.55591082385211,57.7940312875498],[-8.55606159338354,57.7944423204814]]],[[[-8.57938536342299,57.7997594121523],[-8.57927309358912,57.8000220002236],[-8.57853305426477,57.8001731738221],[-8.57938536342299,57.7997594121523]]],[[[-6.15129477833991,59.0971153370724],[-6.15063689721644,59.097311768377],[-6.15042806469923,59.0971026385928],[-6.15129477833991,59.0971153370724]]],[[[-8.49451650262692,57.8770997307577],[-8.49420794758458,57.8775434239344],[-8.49414151451244,57.8770829662347],[-8.49451650262692,57.8770997307577]]],[[[-7.64922946523937,58.2821510199661],[-7.64886480619909,58.2822751969335],[-7.64807328583035,58.2820807568392],[-7.64922946523937,58.2821510199661]]],[[[-1.28591609589338,60.2098085155375],[-1.28550989699163,60.2101511279208],[-1.28542018339946,60.2097959699938],[-1.28591609589338,60.2098085155375]]],[[[-2.07366718329743,60.1580475931396],[-2.07277870458138,60.1579856198869],[-2.07266213126625,60.1577831050792],[-2.07366718329743,60.1580475931396]]],[[[-4.48738123270843,58.5679052996787],[-4.48682339547117,58.5681631881097],[-4.48677122093667,58.567912619786],[-4.48738123270843,58.5679052996787]]],[[[-7.26946689075808,57.2121559490188],[-7.26934253044076,57.2126193819725],[-7.26908517655539,57.2124325999187],[-7.26946689075808,57.2121559490188]]],[[[-6.15740757434202,59.0968608785083],[-6.15689881061917,59.0970615499264],[-6.15724876352388,59.0966321687175],[-6.15740757434202,59.0968608785083]]],[[[-1.42610410705984,60.608987752907],[-1.42563184741267,60.6093538458918],[-1.42575789720008,60.6089413773089],[-1.42610410705984,60.608987752907]]],[[[-3.36360080762661,59.0221790360565],[-3.36294223028128,59.0223892970536],[-3.36262935442844,59.0222740310019],[-3.36360080762661,59.0221790360565]]],[[[-7.65044160229726,58.2813952019698],[-7.65102263479276,58.2812884278589],[-7.65043631987739,58.2816294616397],[-7.65044160229726,58.2813952019698]]],[[[-8.57170381273055,57.805415869387],[-8.57133726228993,57.8055340411656],[-8.57131794804424,57.8051972375549],[-8.57170381273055,57.805415869387]]],[[[-4.19614066096125,58.5478528361451],[-4.19587603579049,58.5482930880241],[-4.19578771466526,58.5479801568958],[-4.19614066096125,58.5478528361451]]],[[[-6.17438362400786,58.3411230279069],[-6.17501816421179,58.3410488125477],[-6.17518664262383,58.341104974022],[-6.17430983871537,58.3412100646579],[-6.17438362400786,58.3411230279069]]],[[[-8.6321371574348,57.833307580093],[-8.63110665914224,57.8331229772335],[-8.63195027195116,57.8331642511835],[-8.6321371574348,57.833307580093]]],[[[-7.23521172028959,57.3346320768391],[-7.23390519892398,57.3348869682794],[-7.23500714096881,57.3345907066158],[-7.23521172028959,57.3346320768391]]],[[[-1.83408290143817,57.4131634389305],[-1.83456869403324,57.4131536410734],[-1.83380161796308,57.4133782749604],[-1.83408290143817,57.4131634389305]]],[[[-7.65038878446765,58.2841869522047],[-7.65040186504552,58.2844077971668],[-7.6499557378933,58.2844500798158],[-7.65038878446765,58.2841869522047]]],[[[-0.768113315645741,60.606297903146],[-0.767805603456546,60.6065049263625],[-0.767600020214371,60.6063051880433],[-0.768113315645741,60.606297903146]]],[[[-6.15857592120619,59.0983521133311],[-6.15841481112002,59.0986090753222],[-6.15820756913257,59.0983414544576],[-6.15857592120619,59.0983521133311]]],[[[-2.07240266288582,57.1018548724141],[-2.072826790796,57.1018159974551],[-2.07239810375152,57.1020578927301],[-2.07240266288582,57.1018548724141]]],[[[-8.57344831980126,57.7989382225953],[-8.57324021869472,57.7991382235937],[-8.57316992505737,57.7987995861877],[-8.57344831980126,57.7989382225953]]],[[[-7.64926691898131,58.281775819305],[-7.64972087519927,58.281697187338],[-7.64926734902562,58.2819603201353],[-7.64926691898131,58.281775819305]]],[[[-7.65092192075551,58.2828500639428],[-7.65006347270517,58.2828251214998],[-7.65073508845378,58.2827503369944],[-7.65092192075551,58.2828500639428]]],[[[-7.11515433564385,58.1131302244008],[-7.11465944256959,58.1133066913337],[-7.11418900874484,58.1133220163117],[-7.11515433564385,58.1131302244008]]],[[[-2.70929478707169,58.9527936909873],[-2.70893897460954,58.9530731500356],[-2.70866773164341,58.9530692482423],[-2.70929478707169,58.9527936909873]]],[[[-7.64854016394356,58.2831311785898],[-7.6480903979872,58.2830971078949],[-7.64842675925745,58.2829561852551],[-7.64854016394356,58.2831311785898]]],[[[-6.17022103957178,59.1011881709683],[-6.17016393570148,59.1014373052483],[-6.16993754683264,59.1012287690781],[-6.17022103957178,59.1011881709683]]],[[[-6.15960288951684,59.0999018336736],[-6.15939121504231,59.0999580880541],[-6.15944677924875,59.0996235803771],[-6.15960288951684,59.0999018336736]]],[[[-6.2692487228627,58.5152240140878],[-6.26898504544014,58.5151507913139],[-6.26901548621168,58.5149277210176],[-6.2692487228627,58.5152240140878]]],[[[-4.46824126377807,58.5643840877782],[-4.4678220463161,58.5645359022826],[-4.46796302163595,58.5643400179423],[-4.46824126377807,58.5643840877782]]],[[[-6.15853237248958,59.095974985516],[-6.15827610882601,59.0960236772355],[-6.15811619353286,59.0958579516426],[-6.15853237248958,59.095974985516]]],[[[-7.09073187027734,58.0030241703895],[-7.09058942647816,58.0033214572052],[-7.09049295371057,58.0033485206016],[-7.09068829034838,58.0029942856712],[-7.09073187027734,58.0030241703895]]],[[[-1.15645596718361,60.1966189952976],[-1.15687708883414,60.1964801921683],[-1.15642084618855,60.1967285803483],[-1.15645596718361,60.1966189952976]]],[[[-6.50825034399807,58.0940114044849],[-6.50800330596574,58.0941081180601],[-6.50787730330183,58.0940947666201],[-6.50825034399807,58.0940114044849]]],[[[-3.36380976133427,59.0215605406978],[-3.3637700969809,59.0216779493231],[-3.36363972302207,59.021703844291],[-3.36380976133427,59.0215605406978]]],[[[-6.27214704209699,58.5143998095019],[-6.27202760338736,58.5144581874782],[-6.2719973027482,58.5143634274986],[-6.27214704209699,58.5143998095019]]],[[[-7.20900283008642,57.5072002044884],[-7.20892944441432,57.5072380279315],[-7.20877651557097,57.5071926869631],[-7.20900283008642,57.5072002044884]]],[[[-1.79758619631458,57.4520557108534],[-1.79745367327486,57.4520841633939],[-1.797580758886,57.4519881319187],[-1.79758619631458,57.4520557108534]]],[[[-4.38248228114889,57.6125643234388],[-4.3825742943558,57.6125056211581],[-4.38243338201247,57.6126690652421],[-4.38248228114889,57.6125643234388]]],[[[-1.46301258909462,60.3761700047808],[-1.46295975655203,60.376144528025],[-1.46299581440753,60.3761181187216],[-1.46301258909462,60.3761700047808]]]]},"properties":{"OBJECTID":11,"nuts118cd":"UKM","nuts118nm":"Scotland","bng_e":277746,"bng_n":700060,"long":-3.97091007,"lat":56.1774292,"Shape__Area":78634565219.474045,"Shape__Length":9423683.2786756717,"GlobalID":"e25e289f-756d-4e60-8388-b4ece419d1c1"}},{"type":"Feature","id":12,"geometry":{"type":"MultiPolygon","coordinates":[[[[-6.45399014526928,55.2390593281559],[-6.40833975915402,55.2322753906297],[-6.36716569646988,55.245834335294],[-6.33158670345044,55.2396438268103],[-6.31168406746003,55.2298107083334],[-6.28844188827341,55.2302439864763],[-6.2351929626793,55.2026696379479],[-6.17705792581471,55.2138241227768],[-6.14494726093343,55.2280179816124],[-6.11512460942795,55.2095286389194],[-6.06121005883078,55.1988724443934],[-6.05010857530795,55.175746489597],[-6.02587100816646,55.1612123400818],[-6.02446493946386,55.1404311458853],[-6.04017429537785,55.1309979061013],[-6.03494997246955,55.103226247223],[-6.05771663320081,55.0812093530357],[-6.05180096329203,55.0657205107712],[-6.06123660491585,55.0600625620779],[-6.04145018899737,55.0529391451181],[-5.97590354333218,55.0562700021859],[-5.9621639163852,55.0441524100336],[-5.98905238604302,54.9844787537099],[-5.91795708385798,54.9617139314567],[-5.87702080352962,54.9075930992005],[-5.8572464906275,54.8986953848436],[-5.84325739258643,54.9007058707923],[-5.83616051962079,54.8806250865994],[-5.79656094707268,54.8521001753795],[-5.78228487162704,54.851029430827],[-5.7787607189518,54.8586290092968],[-5.76485347712802,54.852223784765],[-5.76157075115592,54.8592915297078],[-5.7240964283047,54.8479625204094],[-5.6885926493058,54.803644393867],[-5.68699220422701,54.766892626514],[-5.70905790223661,54.745861970765],[-5.75383747696543,54.721274933537],[-5.78920155393036,54.7208560482733],[-5.86722564084698,54.6887952944474],[-5.89467858647885,54.6739847800826],[-5.91184136912388,54.6479033298752],[-5.85407507900208,54.6335952695827],[-5.80436275588989,54.6589711078562],[-5.7399694194253,54.6775467214389],[-5.71961600539992,54.6669513600847],[-5.67896271402309,54.668767488423],[-5.67147791698377,54.6628937433199],[-5.6549572101221,54.670896001969],[-5.63806374523376,54.6671268133154],[-5.6315120836497,54.679561234155],[-5.58283614149589,54.6775975142798],[-5.52911797405732,54.6448920907629],[-5.53300318111132,54.6223597449069],[-5.52054400107039,54.5975284153562],[-5.47617413292028,54.5639606985375],[-5.48469187954643,54.5465264920084],[-5.46249009692641,54.4983416581419],[-5.43170607951455,54.4872244654118],[-5.44092826859282,54.4755156125592],[-5.43454614507425,54.4570035968366],[-5.47897573299077,54.4283264514751],[-5.46316643202047,54.4144954414892],[-5.45911335732845,54.3862366540529],[-5.48862268592555,54.3762788297025],[-5.4919589924562,54.3651919379222],[-5.48020739005507,54.3565593876511],[-5.4971062743937,54.3513700640426],[-5.49569822019622,54.3331617986239],[-5.51490847966119,54.3242177409883],[-5.53056953033563,54.3156825111228],[-5.52472110216589,54.3102266432342],[-5.54948236936865,54.3062278052278],[-5.55926322432424,54.2863575554057],[-5.58952364372857,54.2636643446316],[-5.60692065437598,54.2652938640186],[-5.60771239549741,54.248584508804],[-5.61712462992559,54.2460439220854],[-5.62297466061269,54.2556544215744],[-5.63333174399876,54.2523024021596],[-5.63875859300921,54.2628613431388],[-5.63530900113052,54.2421399618871],[-5.65913666923487,54.2254830669269],[-5.67605696661596,54.2464645293329],[-5.69171349186621,54.2511837994435],[-5.82054727709447,54.2427285948883],[-5.83280867413413,54.2565360190147],[-5.81483571189594,54.2590205789635],[-5.81335736763534,54.2863570867096],[-5.84906920351547,54.2531929166069],[-5.83229619489813,54.2511237580132],[-5.82870354193806,54.2418164575534],[-5.89185092750616,54.205293388635],[-5.87075857414589,54.1674667047148],[-5.8959124878704,54.1045596242888],[-5.95093880958097,54.0776461107461],[-5.96204037826188,54.0625749350636],[-5.99515431281385,54.0611462265392],[-5.98716204464949,54.0574480989982],[-6.01270160777577,54.0417391479511],[-6.06172882352078,54.0225825356532],[-6.10658359743884,54.0400224881226],[-6.09751999655646,54.0484149756146],[-6.0720838437474,54.04575377485],[-6.09396030447528,54.0624938137388],[-6.15840587267517,54.0648088901011],[-6.18221519376471,54.0735024389026],[-6.1971218124484,54.0980266017775],[-6.25311577206751,54.0962102656687],[-6.28991688609432,54.1125338753302],[-6.30805932990213,54.1065667599929],[-6.31705056904692,54.0908183721138],[-6.33539524966495,54.0945791901184],[-6.33898809141767,54.111766629042],[-6.36543459050162,54.1135023402504],[-6.36257024190801,54.0724599674163],[-6.39031748112506,54.0586882671236],[-6.41104512462706,54.0629282686692],[-6.44258042064509,54.0563180658107],[-6.4550949638495,54.0723985862454],[-6.47681610113269,54.0769655566702],[-6.47032900794155,54.0661487427712],[-6.50959062353914,54.0525234766778],[-6.53103235213245,54.0595058826313],[-6.55701055251128,54.0491324027036],[-6.58568657935843,54.057406318334],[-6.59401621718255,54.0444479846687],[-6.6229154036758,54.0363381759942],[-6.66806145151987,54.0726630399327],[-6.65724673036817,54.0760587778894],[-6.65796508666033,54.0959916118323],[-6.64415249189155,54.0958079381211],[-6.66030385498903,54.1225272097586],[-6.64762667954289,54.1214739653075],[-6.62882700619394,54.1531706262005],[-6.64313340064798,54.1796232755126],[-6.69094439882469,54.2001004300985],[-6.70918907468219,54.1979115862719],[-6.72012276636606,54.1818617022284],[-6.73989506449205,54.1817831351456],[-6.75503910258014,54.1989081552375],[-6.77467787488861,54.1987721932046],[-6.80011587263615,54.2130688081902],[-6.79950415479204,54.2209791693393],[-6.81526859468093,54.2228826819704],[-6.82684387257752,54.2613264185002],[-6.87712686239092,54.2789440298793],[-6.87412292995985,54.2872149706262],[-6.86056771192104,54.2809957925529],[-6.85005670181737,54.2918642483781],[-6.86302925729044,54.3299799693099],[-6.8751492212222,54.346462980701],[-6.90548186204931,54.3503210906443],[-6.91029980539034,54.374594962499],[-6.93183251853031,54.3777318728208],[-6.92286506562939,54.3827708472931],[-6.95876628819763,54.3921445338869],[-6.97791480260443,54.4084887112886],[-6.99494538429207,54.4052680702016],[-7.02819901589706,54.4212264600404],[-7.05644641234929,54.4109239389382],[-7.07153105232375,54.3882474063394],[-7.10884167217322,54.3682103414154],[-7.10263712108676,54.3557950142342],[-7.1518621836705,54.335116221676],[-7.18797754207551,54.3375396996704],[-7.17829498885529,54.30957724138],[-7.19701571938616,54.3109525077025],[-7.21134400959968,54.2994880095245],[-7.17205299641766,54.2859502073403],[-7.17844201002377,54.2724600975931],[-7.1597895553481,54.2734990857568],[-7.14138547704894,54.2555017207364],[-7.15813515765725,54.243545841346],[-7.145182939943,54.2396287324176],[-7.14409401361263,54.2245920226207],[-7.17025550285982,54.2174678306661],[-7.18742136956873,54.2247494349882],[-7.19793578330568,54.2154870020723],[-7.2199986040518,54.2156869372385],[-7.23100849905716,54.2054438864423],[-7.24721743384455,54.2042913195754],[-7.24836912679144,54.1977728337298],[-7.23213104686953,54.1976704169082],[-7.25821589759215,54.1921149643423],[-7.25740536954369,54.1772475319867],[-7.23942481650247,54.169554810958],[-7.25730060792783,54.1643563131729],[-7.25167482326407,54.1555511952051],[-7.27866640958921,54.1222442259564],[-7.29986901346381,54.1213525733955],[-7.30810035683082,54.1319781321736],[-7.28460216177805,54.1362258970487],[-7.30049350289378,54.1441935725827],[-7.28296129355631,54.1537205327456],[-7.27892511533076,54.1674966776225],[-7.30937807595234,54.1671790786905],[-7.33866284373468,54.1465569436601],[-7.30449259117858,54.123220057179],[-7.31799323330239,54.1132097427795],[-7.32623144090814,54.1244590489782],[-7.34534167172197,54.1163663288693],[-7.36269149602869,54.1313051598223],[-7.39107293916772,54.1200659936745],[-7.37195607704319,54.1393886494188],[-7.41956772076111,54.1367202168268],[-7.40873011876975,54.1560819591828],[-7.4415210374105,54.1537714413249],[-7.46768688577915,54.1406520938451],[-7.47851490633903,54.1221132748956],[-7.52733341926808,54.1356227600313],[-7.54658235713745,54.1219764935531],[-7.56492568216989,54.1264521683542],[-7.57376781820609,54.1413654540135],[-7.60960727715478,54.1436648067093],[-7.6277074795269,54.169111536067],[-7.65532894327095,54.185536608714],[-7.67574617074967,54.1818492438434],[-7.68463989871435,54.2076377632733],[-7.73841212547158,54.2033983758256],[-7.76721832994981,54.2093001765766],[-7.81070026246633,54.2007620744871],[-7.85947720465922,54.217431104052],[-7.85969955199014,54.260142961589],[-7.87203974416854,54.2660923313938],[-7.87244360977272,54.2794053267118],[-7.86112042309041,54.293373811547],[-7.88017480239697,54.2917801087234],[-7.90074020037182,54.3013167040187],[-7.910128779475,54.2958872619622],[-7.96089910598746,54.3123243670246],[-7.99954079228722,54.3579907879362],[-8.03060837812869,54.3565775134184],[-8.05665407562483,54.3656377965998],[-8.0834006758973,54.397297567129],[-8.16080210444164,54.4415210337181],[-8.14232687132523,54.4508270045419],[-8.17675965572391,54.4646850898953],[-8.11401700905013,54.4689671447096],[-8.11244970951367,54.4762896700739],[-8.09037750275501,54.476256491064],[-8.0978789211804,54.4841238692823],[-8.08830185260923,54.4870011407551],[-8.04186371130852,54.4876345622325],[-8.04101295550197,54.5064058286984],[-8.00521842973538,54.5458601923142],[-7.96956467406045,54.5472083369009],[-7.94896897200887,54.5335618221673],[-7.8497443335386,54.5329199500197],[-7.82313790567135,54.5443226516338],[-7.83247216844618,54.5522609775021],[-7.79581657430998,54.5715452317225],[-7.79326657999598,54.5815107082654],[-7.76151393267233,54.5857911875384],[-7.75069431433649,54.5987234905079],[-7.7026949762984,54.6083846474277],[-7.69269532696689,54.6190382275688],[-7.70560945830529,54.6195082387418],[-7.70758147998588,54.634831205864],[-7.74081260494904,54.6178726064459],[-7.7571009686568,54.6249522883881],[-7.77168560785034,54.6214293530796],[-7.81248642120295,54.6438141267773],[-7.82756344926215,54.6329695715052],[-7.85375984465655,54.6318525220465],[-7.85582191772847,54.6504063599821],[-7.892519551762,54.656454858872],[-7.90910276032884,54.6681128615425],[-7.9131074236103,54.6758858106019],[-7.89727945894457,54.6879039356071],[-7.92025416787657,54.6959016139487],[-7.91735400787768,54.7026543461898],[-7.87870766013261,54.7026062681526],[-7.83590422911754,54.7363709388111],[-7.81692506601333,54.7337498451708],[-7.80393481040722,54.7185913897786],[-7.78789699220703,54.7195558228282],[-7.7491656106587,54.7041912448271],[-7.73451945707399,54.7168521303623],[-7.71082341295264,54.7260366783334],[-7.69624328547015,54.7237099901519],[-7.63582459262118,54.751443987017],[-7.61679924623216,54.7433025239512],[-7.5877484899233,54.7436368656744],[-7.57847965778885,54.7503825331115],[-7.57759782878047,54.7416937962289],[-7.54252305356494,54.7426156900879],[-7.53339952317264,54.7470305743167],[-7.54674012449226,54.755291245846],[-7.54849797229535,54.7893014244378],[-7.52744662612269,54.8076432663819],[-7.48320942149765,54.8237643060562],[-7.44227366038266,54.8712996667349],[-7.44651720837292,54.9350072145024],[-7.39125548038196,54.9453993836848],[-7.40662917346322,54.9636249677364],[-7.40621911539359,54.9829576078982],[-7.39062973046406,54.9978176649877],[-7.40475378118703,55.0032837851623],[-7.39061480278947,55.0223230013473],[-7.34537016470287,55.0504833364662],[-7.31750730214006,55.045064858142],[-7.29859072643852,55.0561052646975],[-7.28835778567771,55.0473907614683],[-7.26401975943335,55.0666170004004],[-7.25353065794253,55.0599920309612],[-7.25470047457693,55.0654322960004],[-7.24468421958303,55.063493359384],[-7.25092138245462,55.0441483718384],[-7.231958383411,55.0481912685703],[-7.22401471497511,55.0610446151877],[-7.15565838285903,55.0590116765577],[-7.14617688829664,55.0467026410883],[-7.10929237888631,55.0424949084229],[-7.05053241054985,55.0495168046576],[-7.04912663086537,55.0568816275244],[-7.04083595868014,55.0530156071488],[-7.04502445695944,55.0582534658243],[-7.01292647649711,55.0770622155924],[-7.01920995665904,55.1004089035421],[-6.98910947936558,55.1095360297535],[-6.96793580863716,55.1478794454856],[-6.96503373734866,55.1947536789764],[-6.91278865913067,55.1744155320224],[-6.87382086986215,55.1680634058975],[-6.7517065173087,55.1685396511054],[-6.72366212349924,55.1732114968682],[-6.72096102444425,55.189896927283],[-6.65856558956281,55.198785865868],[-6.66195807278963,55.2126744965414],[-6.64865953276278,55.2050578167601],[-6.60549961351399,55.2059160628709],[-6.551953691876,55.2200759074877],[-6.54517999780429,55.2160191547556],[-6.52757091316126,55.2249775409085],[-6.52963819371915,55.2337187989269],[-6.47492682288723,55.2521603258642],[-6.45399014526928,55.2390593281559]]],[[[-6.16875486565674,55.301583332589],[-6.18891510400521,55.2584650120413],[-6.19982210797841,55.2753951848468],[-6.19203423901334,55.2926317777914],[-6.28510727416361,55.2934545327653],[-6.26901426544197,55.3069701531525],[-6.2389339970412,55.3120464261878],[-6.16875486565674,55.301583332589]]],[[[-5.52023306589061,54.6763190240722],[-5.52344257020927,54.668881545022],[-5.54434822667889,54.672787669472],[-5.5326502148049,54.6815943055724],[-5.52023306589061,54.6763190240722]]],[[[-5.52111003092877,54.6969527743835],[-5.5234970163007,54.6925014735258],[-5.5246473891356,54.6974400598237],[-5.52111003092877,54.6969527743835]]],[[[-5.51260826102895,54.695988677157],[-5.51693647701437,54.6944035054617],[-5.51254520742018,54.6989876389852],[-5.51260826102895,54.695988677157]]],[[[-5.51079345473088,54.6973366204402],[-5.51245719488749,54.6960944596222],[-5.51119289546158,54.6985916250884],[-5.51079345473088,54.6973366204402]]],[[[-5.51594899711613,54.6973034146019],[-5.51715792636121,54.6962881370764],[-5.5175515961397,54.6971334143781],[-5.51594899711613,54.6973034146019]]],[[[-5.5179173375461,54.6966503506821],[-5.51788522182779,54.6958132565796],[-5.51874726305182,54.6961635845856],[-5.5179173375461,54.6966503506821]]]]},"properties":{"OBJECTID":12,"nuts118cd":"UKN","nuts118nm":"Northern Ireland","bng_e":86601,"bng_n":535325,"long":-6.85481024,"lat":54.61494064,"Shape__Area":14335630127.831614,"Shape__Length":832956.2816808935,"GlobalID":"cdeca05f-0e33-4c34-aaf8-af74e1d91622"}}]}