date,gas_growth,electricity_index,electricity_growth,carbon_growth,month,sin_month,cos_month,winter_dummy,time_index,gas_growth_trend,gas_growth_seasonal,gas_growth_irregular,electricity_growth_trend,electricity_growth_seasonal,electricity_growth_irregular,gas_growth_stable,electricity_growth_stable,electricity_index_mom,electricity_index_trend_3,electricity_index_trend_6,post_2016_electricity_regime,post_2008_regime,low_price_regime,gas_growth_seasonal_outlier,gas_growth_irregular_outlier,electricity_growth_trend_outlier,electricity_growth_seasonal_outlier,electricity_growth_irregular_outlier,electricity_index_mom_outlier,post_2016_electricity_regime_outlier,post_2008_regime_outlier,gas_growth_signed_log,electricity_growth_signed_log,carbon_growth_signed_log,gas_growth_lag1,gas_growth_lag3,gas_growth_lag6,gas_growth_lag12,gas_growth_rm3,gas_growth_rstd3,gas_growth_rm6,gas_growth_rstd6,gas_growth_rm12,gas_growth_rstd12,electricity_growth_lag1,electricity_growth_lag3,electricity_growth_lag6,electricity_growth_lag12,electricity_growth_rm3,electricity_growth_rstd3,electricity_growth_rm6,electricity_growth_rstd6,electricity_growth_rm12,electricity_growth_rstd12,carbon_growth_lag1,carbon_growth_lag3,carbon_growth_lag6,carbon_growth_lag12,carbon_growth_rm3,carbon_growth_rstd3,carbon_growth_rm6,carbon_growth_rstd6,carbon_growth_rm12,carbon_growth_rstd12,month_sin,month_cos,year
2006-05-01,32.5,60.7,21.88755020080322,-13.424952550996336,5,0.49999999999999994,-0.8660254037844387,0,5,54.858505152373226,-9.800267149109544,-12.558238003263682,37.188554261315055,-4.150395920259697,-11.150608140252139,3.5115454388310208,3.130593103370292,,,,0,0,0,False,True,True,False,True,False,False,True,3.5115454388310208,3.130593103370292,-2.668959523029747,,,,,,,,,,,,,,,,,,,,,,,,,,,,,,,0.49999999999999994,-0.8660254037844387,2006
2006-06-01,35.8,62.2,24.6492985971944,-44.39883901044998,6,1.2246467991473532e-16,-1.0,0,6,51.87958285185433,-14.871828909333225,-1.2077539425211086,35.197833781174175,-8.89135683478875,-1.6571783491910281,3.6054978451748854,3.2445162261042735,2.471169686985175,,,0,0,0,True,False,True,True,False,True,False,True,3.6054978451748854,3.2445162261042735,-3.8154865322632725,32.5,,,,,,,,,,21.88755020080322,,,,,,,,,,-13.424952550996336,,,,,,,,,,1.2246467991473532e-16,-1.0,2006
2006-07-01,37.1,62.8,25.85170340681362,-28.247566426120702,7,-0.4999999999999997,-0.8660254037844388,0,7,48.895989376134516,-12.154705926738579,0.3587165506040648,33.20292320831004,-7.312817761978195,-0.03840203951822474,3.6402142821326553,3.290329260537089,0.9646302250803762,61.9,,0,0,0,True,False,False,False,False,True,False,True,3.6402142821326553,3.290329260537089,-3.3757963711096433,35.8,,,,35.13333333333333,2.3713568549109882,,,,,24.6492985971944,,,,24.129517401603746,2.032549391441169,,,,,-44.39883901044998,,,,-28.690452662522343,15.491692023939057,,,,,-0.4999999999999997,-0.8660254037844388,2006
2006-08-01,38.5,63.3,26.6,-37.26079429503892,8,-0.8660254037844384,-0.5000000000000004,0,8,45.908222571260424,-7.163448839688868,-0.24477373157155569,31.204964410078897,-5.122328785509739,0.5173643754308408,3.676300671907076,3.3178157727231046,0.79617834394905,62.76666666666667,,0,0,0,False,False,False,False,False,True,False,True,3.676300671907076,3.3178157727231046,-3.644425724252412,37.1,32.5,,,37.13333333333333,1.350308606701938,,,,,25.85170340681362,21.88755020080322,,,25.700334001336007,0.9841206803095439,,,,,-28.247566426120702,-13.424952550996336,,,-36.63573324386987,8.09375855283521,,,,,-0.8660254037844384,-0.5000000000000004,2006
2006-09-01,39.9,64.1,26.67984189723318,-54.11870821125056,9,-1.0,-1.8369701987210297e-16,0,9,42.91682757836122,-3.18429133949356,0.16746376113233907,29.205419503859357,-2.7222490811531457,0.1966714745269691,3.711130063048756,3.320704418927997,1.2638230647709303,63.4,,0,0,0,False,False,False,False,False,True,False,True,3.711130063048756,3.320704418927997,-4.009489190495556,38.5,35.8,,,38.5,1.3999999999999977,,,,,26.6,24.6492985971944,,,26.3771817680156,0.4568252545635881,,,,,-37.26079429503892,-44.39883901044998,,,-39.87568964413673,13.132298069325987,,,,,-1.0,-1.8369701987210297e-16,2006
2006-10-01,41.5,65.8,27.27272727272727,-66.6118508172026,10,-0.8660254037844386,0.5000000000000001,0,10,39.92239907863411,1.101252341272699,0.4763485800931946,27.20540231260606,-0.8813462644919455,0.9486712246131539,3.7495040759303713,3.3418976393808637,2.6521060842433775,64.39999999999999,63.15,0,0,0,False,False,False,False,False,True,False,True,3.7495040759303713,3.3418976393808637,-4.21378327563106,39.9,37.1,,,39.96666666666667,1.5011106998930235,37.550000000000004,3.18731862229053,,,26.67984189723318,25.85170340681362,,,26.85085638998682,0.3675254595488649,25.49018689579528,1.9819784468388972,,,-54.11870821125056,-28.247566426120702,,,-52.66378444116403,14.729519073085298,-40.677118551843186,18.846662636292766,,,-0.8660254037844386,0.5000000000000001,2006
2006-11-01,40.8,67.1,27.083333333333325,-89.90701341224845,11,-0.5000000000000004,0.8660254037844384,1,11,36.92525867500485,3.533537920855495,0.3412034041396552,25.20544704555983,0.9990182143410646,0.8788680734324323,3.7328963395307104,3.335176280564361,1.9756838905774954,65.66666666666666,64.21666666666667,0,0,0,False,False,False,False,False,True,False,True,3.7328963395307104,3.335176280564361,-4.509837153457378,41.5,38.5,32.5,,40.733333333333334,0.8020806277010549,38.93333333333333,2.207864730155966,,,27.27272727272727,26.6,21.88755020080322,,27.011967501097924,0.30281690611106915,26.35615075121697,0.9696346570359091,,,-66.6118508172026,-37.26079429503892,-13.424952550996336,,-70.21252414690053,18.16381935635623,-53.42412869538521,22.279891621202445,,,-0.5000000000000004,0.8660254037844384,2006
2006-12-01,40.6,67.9,27.39212007504692,-120.85079594913276,12,-2.4492935982947064e-16,1.0,1,12,33.924903614021225,6.204918072170351,0.47017831380842523,23.20467918702373,4.06435935097529,0.12308153704789859,3.728100167267218,3.3461116445211823,1.192250372578263,66.93333333333332,65.16666666666667,0,0,0,False,False,False,False,False,True,False,True,3.728100167267218,3.3461116445211823,-4.802797312254499,40.8,39.9,35.8,,40.96666666666667,0.4725815626252411,39.733333333333334,1.6427619020012247,,,27.083333333333325,26.67984189723318,24.6492985971944,,27.24939356036917,0.15571017809967563,26.813287664192387,0.5669215221920505,,,-89.90701341224845,-54.11870821125056,-44.39883901044998,,-92.45655339286127,27.20920630670233,-66.166121518499,34.562167668384255,,,-2.4492935982947064e-16,1.0,2006
2007-01-01,39.9,68.2,26.765799256505595,-200.0,1,0.49999999999999994,0.8660254037844387,1,13,30.919262924706725,8.575760803092045,0.4049762722012282,21.199766382430475,5.467320254345247,0.09871261972987355,3.711130063048756,3.3238050207552283,0.44182621502208974,67.73333333333333,66.06666666666666,0,0,0,False,False,False,False,False,True,False,True,3.711130063048756,3.3238050207552283,-5.303304908059076,40.6,41.5,37.1,,40.43333333333333,0.4725815626252461,40.199999999999996,1.0276186062932222,,,27.39212007504692,27.27272727272727,25.85170340681362,,27.080417554961944,0.3131705897066368,26.965636972474382,0.33025718948864513,,,-120.85079594913276,-66.6118508172026,-28.247566426120702,,-136.91926978712706,56.77819398822441,-94.79152711414554,59.211357535025904,,,0.49999999999999994,0.8660254037844387,2007
2007-02-01,39.8,68.4,25.73529411764708,-200.0,2,0.8660254037844386,0.5000000000000001,1,14,27.902975762343615,11.223901964770912,0.6731222728854718,19.18343532857536,7.424244225504142,-0.8723854364324239,3.708682081410116,3.285984569561318,0.2932551319648091,68.16666666666667,66.91666666666667,0,0,0,True,False,False,False,False,True,False,True,3.708682081410116,3.285984569561318,-5.303304908059076,39.9,40.8,38.5,,40.1,0.4358898943540584,40.416666666666664,0.6735478206235235,,,26.765799256505595,27.083333333333325,26.6,,26.6310711497332,0.8365893917235221,26.82151932541556,0.6001304564286728,,,-200.0,-89.90701341224845,-37.26079429503892,,-173.61693198304428,45.696814264912824,-121.91472806497241,64.61416822193084,,,0.8660254037844386,0.5000000000000001,2007
2007-03-01,34.3,68.4,22.36135957066192,-200.0,3,1.0,6.123233995736766e-17,1,15,24.863609827445693,10.729526360898712,-1.2931361883444055,17.142229705385112,6.205014841069569,-0.9858849757927608,3.563882963939251,3.151083357065309,0.0,68.33333333333333,67.63333333333333,0,0,0,True,False,False,False,False,False,False,True,3.563882963939251,3.151083357065309,-5.303304908059076,39.8,40.6,39.9,,37.99999999999999,3.2046840717924145,39.483333333333334,2.614893241925314,,,25.73529411764708,27.39212007504692,26.67984189723318,,24.954150981604865,2.3037818225253193,26.101772270987016,1.9269416407241144,,,-200.0,-120.85079594913276,-54.11870821125056,,-200.0,0.0,-146.22827669643064,61.36623041689156,,,1.0,6.123233995736766e-17,2007
2007-04-01,22.5,67.8,16.295025728988,-200.0,4,0.8660254037844387,-0.4999999999999998,0,16,21.777982805533956,0.749972435297204,-0.02795524083115808,15.06252511378333,0.4052857961872377,0.8272148190174331,3.1570004211501135,2.8504189300427236,-0.8771929824561542,68.2,67.96666666666667,0,0,0,False,False,False,False,False,True,False,True,3.1570004211501135,2.8504189300427236,-5.303304908059076,34.3,39.9,41.5,,32.199999999999996,8.839117603018979,36.31666666666666,7.188718012738195,36.93333333333333,5.34063893578514,22.36135957066192,26.765799256505595,27.27272727272727,,21.463893139099003,4.783696406474359,24.272155347030473,4.319297952818781,24.881171121412876,3.266547654998685,-200.0,-200.0,-66.6118508172026,,-200.0,0.0,-168.45963489356356,49.83230761546725,-104.56837672270336,75.78521822883287,0.8660254037844387,-0.4999999999999998,2007
2007-05-01,11.5,67.0,10.378912685337728,-200.0,5,0.49999999999999994,-0.8660254037844387,0,17,18.652226623172965,-8.170838269869883,1.0186116466969182,12.977522138937918,-2.655952900012536,0.057343446412346566,2.5257286443082556,2.4317618780294747,-1.179941002949847,67.73333333333333,67.95,0,0,0,False,False,False,False,False,True,False,True,2.5257286443082556,2.4317618780294747,-5.303304908059076,22.5,39.8,40.8,32.5,22.766666666666666,11.402338941345903,31.433333333333334,11.92537909949476,35.18333333333333,9.066404853617389,16.295025728988,25.73529411764708,27.083333333333325,21.88755020080322,16.345099328329216,5.991380380506412,21.488085239031207,6.810210948489008,23.922117995124086,5.288839090249139,-200.0,-200.0,-89.90701341224845,-13.424952550996336,-200.0,0.0,-186.80846599152213,32.312527245342,-120.11629734345367,74.51455577509451,0.49999999999999994,-0.8660254037844387,2007
2007-06-01,5.3,66.1,6.270096463022501,-200.0,6,1.2246467991473532e-16,-1.0,0,18,15.501279377122355,-11.150684825092533,0.9494054479701788,10.993679486447268,-5.490218490723878,0.7666354672991105,1.840549633397487,1.9837695600987346,-1.3432835820895606,66.96666666666667,67.65,0,0,0,False,False,False,False,False,True,False,True,1.840549633397487,1.9837695600987346,-5.303304908059076,11.5,34.3,40.6,35.8,13.1,8.710912696153013,25.55,14.847996497844402,32.641666666666666,12.50203316798245,10.378912685337728,22.36135957066192,27.39212007504692,24.6492985971944,10.981344959116077,5.0395431519404905,17.967747970360474,8.417455363056993,22.39051781727643,7.32744213979436,-200.0,-200.0,-120.85079594913276,-44.39883901044998,-200.0,0.0,-200.0,0.0,-133.0830607592495,73.67449185924102,1.2246467991473532e-16,-1.0,2007
2007-07-01,1.8,65.3,3.980891719745228,-200.0,7,-0.4999999999999997,-0.8660254037844388,0,19,12.840707407014033,-9.25552279034731,-1.7851846166667222,9.831926909015008,-4.338223631054703,-1.512811558215077,1.0296194171811583,1.605608935197004,-1.2102874432677768,66.13333333333333,67.16666666666667,0,0,0,False,False,False,False,False,True,False,True,1.0296194171811583,1.605608935197004,-5.303304908059076,5.3,22.5,39.9,37.1,6.2,4.912229636326023,19.2,15.611021747470582,29.700000000000003,15.216020265735475,6.270096463022501,16.295025728988,26.765799256505595,25.85170340681362,6.876633622701818,3.2418487878977795,14.170263380900408,8.78599886232521,20.567950176687393,8.93246878804709,-200.0,-200.0,-200.0,-28.247566426120702,-200.0,0.0,-200.0,0.0,-147.39576355707277,67.9146473735594,-0.4999999999999997,-0.8660254037844388,2007
2007-08-01,-0.8,64.9,2.527646129541883,-200.0,8,-0.8660254037844384,-0.5000000000000004,0,20,13.182466395442745,-3.3749982613098797,-10.607468134132866,10.412931586661504,-3.4841482464646556,-4.401137210654966,-0.5877866649021191,1.260630829695987,-0.6125574272587975,65.43333333333334,66.58333333333333,0,0,0,False,True,False,False,False,True,False,True,-0.5877866649021191,1.260630829695987,-5.303304908059076,1.8,11.5,39.8,38.5,2.1,3.061045573002734,12.433333333333332,13.560481800683414,26.425,17.243977868440698,3.980891719745228,10.378912685337728,25.73529411764708,26.6,4.25954477076987,1.8867218307891713,10.302322049549543,7.720151030996756,18.56192068748255,10.083542299877495,-200.0,-200.0,-200.0,-37.26079429503892,-200.0,0.0,-200.0,0.0,-160.9573640324862,59.67097874980888,-0.8660254037844384,-0.5000000000000004,2007
2007-09-01,-3.9,64.9,1.2480499219968966,-200.0,9,-1.0,-1.8369701987210297e-16,0,21,15.475182869977548,-3.1448068449956312,-16.230376024981915,11.302847157281626,-1.6501379789250918,-8.404659256359636,-1.589235205116581,0.8100631390788595,0.0,65.03333333333335,66.0,0,0,0,False,True,False,False,True,False,False,True,-1.589235205116581,0.8100631390788595,-5.303304908059076,-0.8,5.3,34.3,39.9,-0.9666666666666667,2.853652630109862,6.066666666666666,9.64212977856376,22.774999999999995,18.70600900051298,2.527646129541883,6.270096463022501,22.36135957066192,26.67984189723318,2.585529257094669,1.3673400876233046,6.783437108105374,5.661586529312196,16.442604689546194,10.864569401058226,-200.0,-200.0,-200.0,-54.11870821125056,-200.0,0.0,-200.0,0.0,-173.1141383482153,50.00296887458701,-1.0,-1.8369701987210297e-16,2007
2007-10-01,-8.7,64.8,-1.5197568389057723,-200.0,10,-0.8660254037844386,0.5000000000000001,0,22,16.488042207841485,-0.8094788173421271,-24.37856339049936,11.602968715899637,-1.965381437325242,-11.157344117480168,-2.272125885509337,-0.924162404369922,-0.1540832049306773,64.86666666666666,65.5,0,0,0,False,True,False,False,True,True,False,True,-2.272125885509337,-0.924162404369922,-5.303304908059076,-3.9,1.8,22.5,41.5,-4.466666666666666,3.980368492154073,0.8666666666666668,7.079736341606651,18.591666666666665,19.723334511243888,1.2480499219968966,3.980891719745228,16.295025728988,27.27272727272727,0.7519797375443357,2.06879963219665,3.8143066801230776,4.143575962450867,14.043231013576777,11.420470054978951,-200.0,-200.0,-200.0,-66.6118508172026,-200.0,0.0,-200.0,0.0,-184.22981744678177,37.41739787920104,-0.8660254037844386,0.5000000000000001,2007
2007-11-01,-11.6,64.8,-3.427719821162445,-200.0,11,-0.5000000000000004,0.8660254037844384,1,23,16.529261371166765,1.0992015156524106,-29.228462886819173,11.550175195459055,-0.563304609679927,-14.414590406941572,-2.533696813957432,-1.487884738490926,0.0,64.83333333333333,65.13333333333334,0,0,0,False,True,False,False,True,False,False,True,-2.533696813957432,-1.487884738490926,-5.303304908059076,-8.7,-0.8,11.5,40.8,-8.066666666666665,3.8888730158405593,-2.983333333333333,6.387931329207121,14.225,20.155356833628844,-1.5197568389057723,2.527646129541883,10.378912685337728,27.083333333333325,-1.2331422460237735,2.351024588642358,1.5132012623730484,3.5616986891940603,11.500643250702126,11.647517578751183,-200.0,-200.0,-200.0,-89.90701341224845,-200.0,0.0,-200.0,0.0,-193.40423299576105,22.848407132456643,-0.5000000000000004,0.8660254037844384,2007
2007-12-01,-13.2,64.8,-4.565537555228294,122.24376387804558,12,-2.4492935982947064e-16,1.0,1,24,16.28422881219683,3.6531698167122,-33.137398628909025,11.39684428068614,0.16285971151274298,-16.12524154742718,-2.653241964607215,-1.716593575790796,0.0,64.8,64.91666666666667,0,0,0,False,True,False,False,True,False,False,True,-2.653241964607215,-1.716593575790796,4.814164214304339,-11.6,-3.9,5.3,40.6,-11.166666666666666,2.2810816147899695,-6.066666666666666,6.045714735799714,9.741666666666667,19.734393527007303,-3.427719821162445,1.2480499219968966,6.270096463022501,27.39212007504692,-3.1710047384321705,1.5390328190966733,-0.29273774066875075,3.411246321491291,8.837505114845861,11.332923864414738,-200.0,-200.0,-200.0,-120.85079594913276,-92.58541204065148,186.04752381966782,-146.29270602032574,131.55546571585285,-173.1463530101629,93.02376190983395,-2.4492935982947064e-16,1.0,2007
2008-01-01,-13.2,65.1,-4.545454545454552,200.0,1,0.49999999999999994,0.8660254037844387,1,25,16.019383833868268,5.454193813587873,-34.67357764745614,11.24205651741573,1.3552001553124442,-17.142711218182725,-2.653241964607215,-1.7129785913749418,0.4629629629629539,64.89999999999999,64.88333333333334,0,0,0,False,True,False,False,True,True,False,True,-2.653241964607215,-1.7129785913749418,5.303304908059076,-13.2,-8.7,1.8,39.9,-12.666666666666666,0.9237604307031109,-8.566666666666665,5.181762891783622,5.316666666666666,18.255103064041784,-4.565537555228294,-1.5197568389057723,3.980891719745228,26.765799256505595,-4.179570640615097,0.6511993341937105,-1.7137954515353808,3.0294642655277357,6.228233964682514,10.395659599962826,122.24376387804558,-200.0,-200.0,-200.0,40.74792129268186,212.08766882830267,-79.62603935365907,188.0966246098896,-139.81301967682953,141.54066943758252,0.49999999999999994,0.8660254037844387,2008
2008-02-01,-2.2,72.0,5.263157894736836,200.0,2,0.8660254037844386,0.5000000000000001,1,26,15.806465852060391,7.118188424941581,-25.124654277001973,11.119345739525148,7.196469332157391,-13.052657176945702,-1.1631508098056809,1.834684513945088,10.599078341013835,67.3,66.06666666666666,0,0,0,False,True,False,False,True,True,False,True,-1.1631508098056809,1.834684513945088,5.303304908059076,-13.2,-11.6,-0.8,39.8,-9.533333333333333,6.3508529610858435,-8.799999999999999,4.777865632267099,1.8166666666666667,14.728255672397696,-4.545454545454552,-3.427719821162445,2.527646129541883,25.73529411764708,-1.2826114019820034,5.668811391836994,-1.2578768240028884,3.8814726386084124,4.522222612773327,8.389644065028675,200.0,-200.0,-200.0,-200.0,174.08125462601518,44.892583856182625,-12.959372686992404,206.85060587990998,-106.4796863434962,170.2640875392639,0.8660254037844386,0.5000000000000001,2008
2008-03-01,-1.4,72.0,5.263157894736836,200.0,3,1.0,6.123233995736766e-17,1,27,15.66183491301396,11.918931821998353,-28.980766735012313,11.0400179350711,6.1322272523732675,-11.909087292707532,-0.8754687373538999,1.834684513945088,0.0,69.7,67.25,0,0,0,True,True,False,False,True,False,False,True,-0.8754687373538999,1.834684513945088,5.303304908059076,-2.2,-13.2,-3.9,34.3,-5.6000000000000005,6.593936608733779,-8.383333333333333,5.363736259983871,-1.158333333333333,10.596350858439488,5.263157894736836,-4.565537555228294,1.2480499219968966,22.36135957066192,1.99362041467304,5.663005032721225,-0.5886921618795653,4.666616022256254,3.097372473112904,6.2682403327514145,200.0,122.24376387804558,-200.0,-200.0,200.0,0.0,53.70729397967426,198.81483709590518,-73.14635301016285,188.4720549102036,1.0,6.123233995736766e-17,2008
2008-04-01,3.6,73.5,8.407079646017701,200.0,4,0.8660254037844387,-0.4999999999999998,0,28,15.525255262887004,1.5004598277102765,-13.425715090597281,11.005361849808455,0.8128615141350364,-3.411143717925791,1.5260563034950494,2.2414625596296074,2.083333333333326,72.5,68.7,0,0,0,False,True,False,False,False,True,False,True,1.5260563034950494,2.2414625596296074,5.303304908059076,-1.4,-13.2,-8.7,22.5,0.0,3.1432467291002775,-6.333333333333333,7.240626123938854,-2.733333333333333,7.794325830468911,5.263157894736836,-4.545454545454552,-1.5197568389057723,16.295025728988,6.311131811830458,1.8151440694131615,1.0657805856076803,5.874008410783548,2.440043632865379,5.0545134637675275,200.0,200.0,-200.0,-200.0,200.0,0.0,120.37396064634093,160.00262210160844,-39.81301967682953,199.0711657531775,0.8660254037844387,-0.4999999999999998,2008
2008-05-01,7.2,73.5,9.701492537313428,200.0,5,0.49999999999999994,-0.8660254037844387,0,29,15.582928645236475,-6.232732266060545,-2.150196379175931,11.417961650741224,-1.1346889035471834,-0.5817802098806144,2.1041341542702074,2.370383221208654,0.0,73.0,70.14999999999999,0,0,0,False,False,False,False,False,False,False,True,2.1041341542702074,2.370383221208654,5.303304908059076,3.6,-2.2,-11.6,11.5,3.1333333333333333,4.318950489798762,-3.1999999999999997,8.46923845454827,-3.091666666666667,7.1529343417208455,8.407079646017701,5.263157894736836,-3.427719821162445,10.378912685337728,7.790576692689322,2.282489982118419,3.253982645353659,6.295625140227304,2.3835919538633537,4.960699426165447,200.0,200.0,-200.0,-200.0,200.0,0.0,187.0406273130076,31.74385046969316,-6.479686343496202,203.25525863391803,0.49999999999999994,-0.8660254037844387,2008
2008-06-01,10.3,73.5,11.19515885022695,200.0,6,1.2246467991473532e-16,-1.0,0,30,16.7569120198774,-7.576533240679668,1.1196212208022693,11.766354169812704,-2.251608278119102,1.6804129585333474,2.424802725718295,2.501039057431916,0.0,73.5,71.6,0,0,0,False,False,False,False,False,False,False,True,2.424802725718295,2.501039057431916,5.303304908059076,7.2,-1.4,-13.2,5.3,7.033333333333334,3.3531080109851814,0.7166666666666668,8.352823873796567,-2.6749999999999994,7.80234521852825,9.701492537313428,5.263157894736836,-4.565537555228294,6.270096463022501,9.76791034451936,1.395225754518472,5.880765379596201,5.633683301062611,2.7940138194637245,5.487269293891766,200.0,200.0,122.24376387804558,-200.0,200.0,0.0,200.0,0.0,26.85364698983713,201.4244991705585,1.2246467991473532e-16,-1.0,2008
2008-07-01,12.9,73.5,12.55742725880551,200.0,7,-0.4999999999999997,-0.8660254037844388,0,31,16.93677270066739,-6.4846767321921295,2.4479040315247396,11.674030048142777,-1.5504361048123585,2.4338333154750913,2.631888840136646,2.6069345343346177,0.0,73.5,73.0,0,0,0,False,False,False,False,False,False,False,True,2.631888840136646,2.6069345343346177,5.303304908059076,10.3,3.6,-13.2,1.8,10.133333333333333,2.8536526301098784,5.066666666666666,6.165603511957767,-1.75,8.954074745357797,11.19515885022695,8.407079646017701,-4.545454545454552,3.980891719745228,11.151359548781961,1.4284710593713086,8.731245680306209,3.026954308829425,3.5087251143854146,6.1717625547683,200.0,200.0,200.0,-200.0,200.0,0.0,200.0,0.0,60.18698032317047,193.4081568746192,-0.4999999999999997,-0.8660254037844388,2008
2008-08-01,28.2,76.6,18.0277349768875,200.0,8,-0.8660254037844384,-0.5000000000000004,0,32,16.873374325570445,0.1713547419983801,11.155270932431172,11.414427227681246,-1.8298587487759606,8.443166497982217,3.374168709274236,2.9458976504137313,4.217687074829923,74.53333333333333,73.76666666666667,0,0,0,False,True,False,False,True,True,False,True,3.374168709274236,2.9458976504137313,5.303304908059076,12.9,7.2,-2.2,-0.8,17.133333333333336,9.67178025667111,10.133333333333335,10.182272176025643,0.666666666666667,12.460653224766292,12.55742725880551,9.701492537313428,5.263157894736836,2.527646129541883,13.926773695306652,3.616262764100773,10.858675193997987,4.314014470939549,4.800399184997549,7.439545757843211,200.0,200.0,200.0,-200.0,200.0,0.0,200.0,0.0,93.5203136565038,178.37421058247708,-0.8660254037844384,-0.5000000000000004,2008
2008-09-01,51.3,84.5,30.20030816640984,200.0,9,-1.0,-1.8369701987210297e-16,0,33,16.77436072177623,-3.064743730217116,37.59038300844088,11.070981761618885,-0.5221236409606038,19.65145004575156,3.9569963710708773,3.4404279718951787,10.313315926892951,78.2,75.85000000000001,0,0,0,False,True,False,False,True,True,False,True,3.9569963710708773,3.4404279718951787,5.303304908059076,28.2,10.3,-1.4,-3.9,30.8,19.331580380299997,18.916666666666668,17.98437284607573,5.266666666666667,19.06187691480436,18.0277349768875,11.19515885022695,5.263157894736836,1.2480499219968966,20.261823467367616,9.031122588994634,15.014866905943487,8.15106102531285,7.2130873720319615,10.319877868537782,200.0,200.0,200.0,-200.0,200.0,0.0,200.0,0.0,126.85364698983715,154.28467335404386,-1.0,-1.8369701987210297e-16,2008
2008-10-01,51.9,85.1,31.327160493827154,200.0,10,-0.8660254037844386,0.5000000000000001,0,34,16.466444743075222,-2.587965062125554,38.02152031905033,10.676159073736915,-2.792215963520112,23.44321738361035,3.9684033388642534,3.4759077590471033,0.7100591715976323,82.06666666666666,77.78333333333333,0,0,0,False,True,False,False,True,True,False,True,3.9684033388642534,3.4759077590471033,5.303304908059076,51.3,12.9,3.6,-8.7,43.800000000000004,13.513326755466244,26.96666666666667,20.404280596646043,10.316666666666668,22.704578366221178,30.20030816640984,12.55742725880551,8.407079646017701,-1.5197568389057723,26.51840121237483,7.374687036328041,18.834880380578394,9.665112840918002,9.950330483093039,12.010656736865943,200.0,200.0,200.0,-200.0,200.0,0.0,200.0,0.0,160.18698032317047,115.61106970685694,-0.8660254037844386,0.5000000000000001,2008
2008-11-01,51.8,85.1,31.327160493827154,200.0,11,-0.5000000000000004,0.8660254037844384,1,35,15.55228170936757,-1.2204207701004393,37.46813906073287,10.251590826223662,-1.8470322082469808,22.922601875850475,3.966511190712216,3.4759077590471033,0.0,84.89999999999999,79.71666666666667,0,0,0,False,True,False,False,True,False,False,True,3.966511190712216,3.4759077590471033,5.303304908059076,51.9,28.2,7.2,-11.6,51.666666666666664,0.3214550253662605,34.4,19.880241447225927,15.6,24.450395051651377,31.327160493827154,18.0277349768875,9.701492537313428,-3.427719821162445,30.951543051354715,0.650588494571299,22.439158373330685,9.610050998579869,12.846570509342172,12.664024865190937,200.0,200.0,200.0,-200.0,200.0,0.0,200.0,0.0,193.52031365650382,22.446291928089682,-0.5000000000000004,0.8660254037844384,2008
2008-12-01,51.7,85.1,31.327160493827154,-37.18982844690813,12,-2.4492935982947064e-16,1.0,1,36,14.315114353167964,1.277337374090735,36.107548272741305,9.825512701161134,-3.5933421863015345,25.094989978967558,3.9646154555473165,3.4759077590471033,0.0,85.1,81.64999999999999,0,0,0,False,True,False,False,True,False,False,True,3.9646154555473165,3.4759077590471033,-3.642569209132759,51.8,51.3,10.3,-13.2,51.800000000000004,0.09999999999944702,41.300000000000004,16.78654222882127,21.008333333333333,24.677573857961637,31.327160493827154,30.20030816640984,11.19515885022695,-4.565537555228294,31.327160493827154,0.0,25.794491980597385,8.328083521418385,15.837628680096794,12.413871767283819,200.0,200.0,200.0,122.24376387804558,120.93672385103064,136.94161130286358,160.46836192551532,96.83234197886743,180.23418096275762,68.4708056514313,-2.4492935982947064e-16,1.0,2008
2009-01-01,51.3,84.9,30.414746543778826,-50.12727938469991,1,0.49999999999999994,0.8660254037844387,1,37,12.979112549471395,2.526600210980286,35.79428723954832,9.419453229723985,-2.565398079688449,23.56069139374329,3.9569963710708773,3.4472774178223267,-0.235017626321965,85.03333333333333,83.55,0,1,0,False,True,False,False,True,True,False,False,3.9569963710708773,3.4472774178223267,-3.9343181979109123,51.7,51.9,12.9,-13.2,51.6,0.26457513110625264,47.699999999999996,9.556359139337518,26.383333333333336,23.547817244273343,31.327160493827154,31.327160493827154,12.55742725880551,-4.545454545454552,31.023022510477713,0.5267824396727175,28.770711861426268,5.287049021979036,18.75097877086624,11.242441150372661,-37.18982844690813,200.0,200.0,200.0,37.56096405613065,140.824978991556,118.78048202806532,125.8912308411552,159.39024101403265,94.8840633770232,0.49999999999999994,0.8660254037844387,2009
2009-02-01,33.8,84.9,17.91666666666667,-76.05993745140188,2,0.8660254037844386,0.5000000000000001,1,38,11.881950172398273,3.3493479810902205,18.568701846511505,9.063000543577497,7.065716711617153,1.787949411472022,3.5496173867804286,2.9400433676934026,0.0,84.96666666666667,84.93333333333332,0,1,0,False,True,False,False,False,False,False,False,3.5496173867804286,2.9400433676934026,-4.344583527510709,51.3,51.8,28.2,-2.2,45.6,10.221056696839126,48.63333333333333,7.271221813881514,29.38333333333333,21.80387093795017,30.414746543778826,31.327160493827154,18.0277349768875,5.263157894736836,26.552857901424215,7.493061729796302,28.752200476389465,5.332187647184617,19.80543783519373,10.426144894168136,-50.12727938469991,200.0,200.0,200.0,-54.45901509433664,19.79379433557124,72.77049245283168,139.9340374123235,136.38524622641583,115.39249893088287,0.8660254037844386,0.5000000000000001,2009
2009-03-01,27.9,84.5,17.361111111111114,-66.52507512690276,3,1.0,6.123233995736766e-17,1,39,11.354095229840084,12.449589764756253,4.096315005403662,8.672859006664266,6.238998612736135,2.449253491710712,3.3638415951183864,2.9102349013955764,-0.4711425206124886,84.76666666666667,84.93333333333332,0,1,0,True,False,False,False,False,True,False,False,3.3638415951183864,2.9102349013955764,-4.212499012257146,33.8,51.7,51.3,-1.4,37.666666666666664,12.169771293386464,44.73333333333333,10.916531805782748,31.825000000000003,19.569323163842665,17.91666666666667,31.327160493827154,30.20030816640984,5.263157894736836,21.89750810718554,7.38137341103698,26.612334300506348,6.9619948731045564,20.813600603224916,9.429400791534901,-76.05993745140188,-37.18982844690813,200.0,200.0,-64.23743065433484,13.116808930748027,28.349646598347885,133.62957188486857,114.17482329917392,127.09189369736363,1.0,6.123233995736766e-17,2009
2009-04-01,24.0,80.2,9.115646258503409,-53.97146336181278,4,0.8660254037844387,-0.4999999999999998,0,40,11.272688606788694,2.5114127997950644,10.215898593416242,7.93987867869302,1.6011965583145613,-0.42542897850417294,3.2188758248682006,2.3140833596814194,-5.088757396449706,83.2,84.11666666666667,0,1,0,False,True,False,False,False,True,False,False,3.2188758248682006,2.3140833596814194,-4.006814202617248,27.9,51.3,51.9,3.6,28.566666666666666,4.933896364267621,40.083333333333336,12.997140711197453,33.525,17.69037360209835,17.361111111111114,30.414746543778826,31.327160493827154,8.407079646017701,14.79780801209373,4.928730276582471,22.91041526128572,9.423652604313789,20.87264782093206,9.346502150118798,-66.52507512690276,-50.12727938469991,200.0,200.0,-65.51882531337247,11.078563802091498,-13.97893062862091,105.68536609433713,93.01053468568955,132.53059039378388,0.8660254037844387,-0.4999999999999998,2009
2009-05-01,24.0,78.5,6.802721088435382,-57.74949788655714,5,0.49999999999999994,-0.8660254037844387,0,41,10.424920079967498,-3.9125153557788543,17.48759527581136,6.834637898425559,0.7817121163710182,-0.8136289263611953,3.2188758248682006,2.0544725303506355,-2.1197007481296826,81.06666666666666,83.01666666666667,0,1,0,False,True,False,False,False,True,False,False,3.2188758248682006,2.0544725303506355,-4.073282606375953,24.0,33.8,51.8,7.2,25.3,2.2516660498395296,35.449999999999996,12.939976816053402,34.925000000000004,16.001825179988348,9.115646258503409,17.91666666666667,31.327160493827154,9.701492537313428,11.093159486016633,5.5500287288875425,18.82300869372043,10.318924348972256,20.631083533525555,9.692527651807719,-53.97146336181278,-76.05993745140188,200.0,200.0,-59.415345458424234,6.440464128201597,-56.93718027638044,13.441693053988873,71.53140986180979,134.4867480412845,0.49999999999999994,-0.8660254037844387,2009
2009-06-01,24.0,78.5,6.802721088435382,-78.2911418939683,6,1.2246467991473532e-16,-1.0,0,42,8.533309565870816,-3.707355413202188,19.17404584733137,5.620589284046624,1.2550979693731121,-0.07296616498435515,3.2188758248682006,2.0544725303506355,0.0,79.06666666666666,81.91666666666667,0,1,0,False,True,False,False,False,False,False,False,3.2188758248682006,2.0544725303506355,-4.373126418668416,24.0,27.9,51.7,10.3,24.0,0.0,30.833333333333332,10.73660405652859,36.06666666666667,14.503813500614456,6.802721088435382,17.361111111111114,31.327160493827154,11.19515885022695,7.573696145124724,1.335367969554295,14.735602126155129,9.168349314694154,20.265047053376257,10.15325812426697,-57.74949788655714,-66.52507512690276,-37.18982844690813,200.0,-63.33736771411274,13.087394999926614,-63.7873991842238,11.729248388234126,48.34048137064576,134.3138548925445,1.2246467991473532e-16,-1.0,2009
2009-07-01,23.5,78.5,6.802721088435382,-47.92941596827124,7,-0.4999999999999997,-0.8660254037844388,0,43,6.509986598114633,-3.003880397474064,19.99389379935943,4.43574075644375,1.8517864455941933,0.5151938863974381,3.1986731175506815,2.0544725303506355,0.0,78.5,80.85000000000001,0,1,0,False,True,False,False,False,False,False,False,3.1986731175506815,2.0544725303506355,-3.8903787691634006,24.0,24.0,51.3,12.9,23.833333333333332,0.28867513459473854,26.2,4.061034350999691,36.949999999999996,13.23160816172602,6.802721088435382,9.115646258503409,30.414746543778826,12.55742725880551,6.802721088435382,0.0,10.800264550264558,5.375256024672301,19.785488205845414,10.673000145429189,-78.2911418939683,-53.97146336181278,-50.12727938469991,200.0,-61.32335191626557,15.493157353038528,-63.42108861481902,12.2633437275892,27.67969670662315,127.77366176336662,-0.4999999999999997,-0.8660254037844388,2009
2009-08-01,10.3,78.5,2.480417754569197,-52.57572436686012,8,-0.8660254037844384,-0.5000000000000004,0,44,4.525228929471649,6.47764981313149,-0.7028787426031382,3.345887334078601,0.3509136261671253,-1.2163832056765291,2.424802725718295,1.2471523309980646,0.0,78.5,79.78333333333335,0,1,0,False,False,False,False,False,False,False,False,2.424802725718295,1.2471523309980646,-3.981096061881586,23.5,24.0,33.8,28.2,19.26666666666667,7.769384359994894,22.28333333333333,6.090457016239925,35.458333333333336,15.17410823099864,6.802721088435382,6.802721088435382,17.91666666666667,18.0277349768875,5.3619533104799855,2.495482993326895,8.227556398248312,4.966499670042957,18.48987843731889,11.790885401212364,-47.92941596827124,-57.74949788655714,-76.05993745140188,200.0,-59.59876074303322,16.353925530359756,-59.50705310072872,11.116756529029159,6.631719676051477,117.17028504943272,-0.8660254037844384,-0.5000000000000004,2009
2009-09-01,-5.8,78.5,-7.100591715976334,-51.45611529510783,9,-1.0,-1.8369701987210297e-16,0,45,2.6353950879041497,-2.539472918153414,-5.895922169750735,2.4116123596737267,1.920247613700456,-11.432451689350517,-1.916922612182061,-2.0919371103653757,0.0,78.5,78.78333333333335,0,1,0,False,False,False,False,True,False,False,False,-1.916922612182061,-2.0919371103653757,-3.9599769208982774,10.3,24.0,27.9,51.3,9.333333333333336,14.673899731609634,16.666666666666668,12.274472154299186,30.700000000000003,18.37087616062693,2.480417754569197,6.802721088435382,17.361111111111114,30.20030816640984,0.7275157090094139,7.115477912292728,4.150605927067069,5.918306293436397,15.381470113786706,13.249584331547974,-52.57572436686012,-78.2911418939683,-66.52507512690276,200.0,-50.65375187674639,2.4248475673787873,-56.995559795429564,10.91449268892788,-14.322956598540841,100.78390741272253,-1.0,-1.8369701987210297e-16,2009
2009-10-01,-6.0,78.2,-8.108108108108103,-21.01293845252769,10,-0.8660254037844386,0.5000000000000001,0,46,0.9514573984055621,-5.933250563742439,-1.0182068346631235,1.6360979544988155,-8.286524201370234,-1.4576818612366846,-1.9459101490553132,-2.209165017708137,-0.3821656050955413,78.4,78.45,0,1,0,False,False,False,True,False,True,False,False,-1.9459101490553132,-2.209165017708137,-3.0916303919670662,-5.8,23.5,24.0,51.9,-0.49999999999999734,9.353608929178082,11.666666666666666,14.582958090410397,25.875,19.841330829632092,-7.100591715976334,6.802721088435382,9.115646258503409,31.327160493827154,-4.2427606898384145,5.844195292477331,1.2799801992984843,7.089615487521082,12.095197730292101,13.813585354316912,-51.45611529510783,-47.92941596827124,-53.97146336181278,200.0,-41.68159270483188,17.9083313731162,-51.50247231054872,18.44012240767843,-32.74070146958481,74.93707793608448,-0.8660254037844386,0.5000000000000001,2009
2009-11-01,-6.0,78.2,-8.108108108108103,-16.646850169860812,11,-0.5000000000000004,0.8660254037844384,1,47,-0.4707208888409033,-4.3670776368826925,-1.1622014742764042,0.9784361098688805,-7.640265468357937,-1.4462787496190472,-1.9459101490553132,-2.209165017708137,0.0,78.3,78.4,0,1,0,False,False,False,False,False,False,False,False,-1.9459101490553132,-2.209165017708137,-2.8705573068221972,-6.0,10.3,24.0,51.8,-5.933333333333331,0.11547005383751634,6.666666666666667,14.651370811861463,21.058333333333334,19.990836916098846,-8.108108108108103,2.480417754569197,6.802721088435382,31.327160493827154,-7.772269310730849,0.5816898602105229,-1.20515800012543,7.374188805857874,8.8089253467975,13.509850563303429,-21.01293845252769,-52.57572436686012,-57.74949788655714,200.0,-29.70530130583211,18.962835062828763,-44.65203102443266,22.779413352546175,-50.794605650406545,18.951321855184098,-0.5000000000000004,0.8660254037844384,2009
2009-12-01,-5.9,78.2,-8.108108108108103,-22.71970631473922,12,-2.4492935982947064e-16,1.0,1,48,-1.5906778413413878,-3.024294327719225,-1.2850278309393877,0.3966062626479622,-7.107582726886713,-1.3971316438693524,-1.9315214116032138,-2.209165017708137,0.0,78.2,78.35,0,1,0,False,False,False,False,False,False,False,False,-1.9315214116032138,-2.209165017708137,-3.1663061927181038,-6.0,-5.8,24.0,51.7,-5.966666666666664,0.05773502691814427,1.6833333333333336,12.504305925027026,16.258333333333333,18.847061904292723,-8.108108108108103,-7.100591715976334,6.802721088435382,31.327160493827154,-8.108108108108103,0.0,-3.690296199549344,6.60851608452413,5.5226529633028925,12.274129324077352,-16.646850169860812,-51.45611529510783,-78.2911418939683,-37.18982844690813,-20.126498312375904,3.131968635001976,-35.39012509456115,16.90708751847334,-49.588762139392465,20.30749952765083,-2.4492935982947064e-16,1.0,2009
2010-01-01,-5.9,78.2,-7.891637220259129,9.397354399577756,1,0.49999999999999994,0.8660254037844387,1,49,-2.361638632847838,-2.1620122656490297,-1.3763491015031328,-0.12289542860256539,-6.4567555635649425,-1.3119862280916215,-1.9315214116032138,-2.1851111968282777,0.0,78.2,78.30000000000001,0,1,0,False,False,False,False,False,False,False,False,-1.9315214116032138,-2.1851111968282777,2.341551389130077,-5.9,-6.0,23.5,51.3,-5.933333333333331,0.05773502691814427,-3.216666666666667,6.62221010438856,11.491666666666667,16.23058047095796,-8.108108108108103,-8.108108108108103,6.802721088435382,30.414746543778826,-8.03595114549178,0.12497952537266123,-6.139355917665096,4.240823451784799,2.3304543162997304,9.978349422590444,-22.71970631473922,-21.01293845252769,-47.92941596827124,-50.12727938469991,-9.989734028340758,17.06207178870821,-25.835663366586317,23.367524952981135,-44.628375990702665,26.49210290962716,0.49999999999999994,0.8660254037844387,2010
2010-02-01,-8.6,78.2,-7.891637220259129,25.554464721296632,2,0.8660254037844386,0.5000000000000001,1,50,-2.8212418002863835,-4.349840577738986,-1.4289176219746302,-0.5839399334526292,7.173921736500937,-14.481619023307436,-2.2617630984737906,-2.1851111968282777,0.0,78.2,78.25000000000001,0,1,0,False,False,False,False,True,False,False,False,-2.2617630984737906,-2.1851111968282777,3.2791978963108774,-5.9,-6.0,10.3,33.8,-6.799999999999997,1.558845726811959,-6.366666666666667,1.096661600798492,7.958333333333333,15.532807410787193,-7.891637220259129,-8.108108108108103,2.480417754569197,17.91666666666667,-7.963794182875456,0.1249795253726586,-7.86803174680315,0.39063758534987053,0.17976232572258022,9.051857954352325,9.397354399577756,-16.646850169860812,-52.57572436686012,-76.05993745140188,4.077370935378389,24.572862375975163,-12.813965185226857,26.97677806400579,-36.160509142977794,31.33017356168098,0.8660254037844386,0.5000000000000001,2010
2010-03-01,-4.4,78.2,-7.455621301775139,10.439935520111424,3,1.0,6.123233995736766e-17,1,51,-3.076202874634075,13.81510942242076,-15.138906547786686,-0.9815296322921974,6.773376334971713,-13.247468004454655,-1.6863989535702288,-2.134831463006793,0.0,78.2,78.2,0,1,0,True,True,False,False,True,False,False,False,-1.6863989535702288,-2.134831463006793,2.437110349581871,-8.6,-5.9,-5.8,27.9,-6.299999999999998,2.1283796653792537,-6.133333333333334,1.3589211407090231,5.266666666666667,14.52917649755034,-7.891637220259129,-8.108108108108103,-7.100591715976334,17.361111111111114,-7.746298580764467,0.25173390790835276,-7.9272033444362835,0.2542042965387784,-1.8882987086846075,7.465528517081777,25.554464721296632,-22.71970631473922,-51.45611529510783,-66.52507512690276,15.130584880328605,9.042383372342647,-2.4979567160236518,20.237295876931043,-29.746758255726608,32.40838513765521,1.0,6.123233995736766e-17,2010
2010-04-01,-6.6,78.0,-2.7431421446384108,12.921173148000625,4,0.8660254037844387,-0.4999999999999998,0,52,-3.181428499135399,3.6677866665667027,-7.086358167431304,-1.2852323432733945,1.7058735414864103,-3.163783342851427,-2.028148247292285,-1.3199254043268946,-0.2557544757033292,78.13333333333334,78.16666666666667,0,1,0,False,False,False,False,False,True,False,False,-2.028148247292285,-1.3199254043268946,2.633410929228701,-4.4,-5.9,-6.0,24.0,-6.533333333333331,2.100793500878474,-6.233333333333333,1.3691846722286631,2.716666666666667,13.597849651746946,-7.455621301775139,-7.891637220259129,-8.108108108108103,9.115646258503409,-6.030133555557561,2.8549539176465473,-7.03304235052467,2.115075403546005,-2.8765310756130926,6.612659967884767,10.439935520111424,9.397354399577756,-21.01293845252769,-53.97146336181278,16.305191129802893,8.10561111324938,3.157728550731067,18.712376033488123,-24.172371879908827,33.59405836363165,0.8660254037844387,-0.4999999999999998,2010
2010-05-01,-6.6,78.0,-0.6369426751592355,2.494231087291222,5,0.49999999999999994,-0.8660254037844387,0,53,-3.1743948135424778,-1.1003279121624878,-2.325277274295034,-1.4678621589331373,1.3387931302236482,-0.5078736464497464,-2.028148247292285,-0.49283027954691166,0.0,78.06666666666666,78.13333333333334,0,1,0,False,False,False,False,False,False,False,False,-2.028148247292285,-0.49283027954691166,1.2511133478451493,-6.6,-8.6,-6.0,24.0,-5.8666666666666645,1.2701705922171387,-6.333333333333333,1.370644617202399,0.16666666666666682,12.021596727506177,-2.7431421446384108,-7.891637220259129,-8.108108108108103,6.802721088435382,-3.6119020405242632,3.491368266280732,-5.787848111699859,3.2501997579562065,-3.496503055912644,5.936906456698373,12.921173148000625,25.554464721296632,-16.646850169860812,-57.74949788655714,8.618446585134423,5.446893301646378,6.347908760256406,16.111613674996637,-19.15206113208813,32.60704108794143,0.49999999999999994,-0.8660254037844387,2010
2010-06-01,-6.6,78.0,-0.6369426751592355,14.42155579839079,6,1.2246467991473532e-16,-1.0,0,54,-3.082508594497491,-0.9420181462884412,-2.5754732592140677,-1.531961930958358,1.5224930620531183,-0.6274738062539955,-2.028148247292285,-0.49283027954691166,0.0,78.0,78.10000000000001,0,1,0,False,False,False,False,False,False,False,False,-2.028148247292285,-0.49283027954691166,2.735766257882917,-6.6,-4.4,-5.9,24.0,-6.6,0.0,-6.45,1.3560973416385875,-2.3833333333333333,9.484133480650046,-0.6369426751592355,-7.455621301775139,-8.108108108108103,6.802721088435382,-1.3390091649856284,1.2160148306709628,-4.5426538728750465,3.596224702210064,-4.116475036212195,5.091937705385836,2.494231087291222,10.439935520111424,-22.71970631473922,-78.2911418939683,9.94565334456088,6.4965804286938615,12.538119112444742,7.59296755141127,-11.426002991058207,27.975417132756768,1.2246467991473532e-16,-1.0,2010
2010-07-01,-6.2,78.0,-0.6369426751592355,3.0283496587252365,7,-0.4999999999999997,-0.8660254037844388,0,55,-2.8923676798722795,-0.6681964032533934,-2.6394359168743273,-1.495121003300058,1.7272881787902041,-0.8691098506493817,-1.9740810260220096,-0.49283027954691166,0.0,78.0,78.06666666666666,0,1,0,False,False,False,False,False,False,False,False,-1.9740810260220096,-0.49283027954691166,1.393356778120888,-6.6,-6.6,-5.9,23.5,-6.466666666666665,0.23094010767564438,-6.5,1.3371611720354595,-4.858333333333333,4.866856056920844,-0.6369426751592355,-2.7431421446384108,-7.891637220259129,6.802721088435382,-0.6369426751592355,0.0,-3.333538115358398,3.4621174316416767,-4.736447016511747,3.9711693253618874,14.42155579839079,12.921173148000625,9.397354399577756,-47.92941596827124,6.648045514802416,6.7373523923621335,11.476618322302656,8.50971667801454,-7.1795225221418315,25.70621006742042,-0.4999999999999997,-0.8660254037844388,2010
2010-08-01,-6.2,78.0,-0.6369426751592355,2.1920505737622205,8,-0.8660254037844384,-0.5000000000000004,0,56,-2.6137052878393896,4.64366984258058,-8.22996455474119,-1.3636944388522818,0.589741050772193,0.13701071292085332,-1.9740810260220096,-0.49283027954691166,0.0,78.0,78.03333333333333,0,1,0,False,True,False,False,False,False,False,False,-1.9740810260220096,-0.49283027954691166,1.1606635233725189,-6.2,-6.6,-8.6,10.3,-6.333333333333331,0.23094010767564468,-6.1000000000000005,0.8555699854478566,-6.233333333333333,0.9480442388343854,-0.6369426751592355,-0.6369426751592355,-7.891637220259129,2.480417754569197,-0.6369426751592355,0.0,-2.1244223578417487,2.7442623628196183,-4.99622705232245,3.534055288890398,3.0283496587252365,2.494231087291222,25.554464721296632,-52.57572436686012,6.547318676959416,6.832097534671385,7.582882631046918,5.641396333246024,-2.6155412770899704,21.417821252059852,-0.8660254037844384,-0.5000000000000004,2010
2010-09-01,-6.2,78.0,-0.6369426751592355,14.275148122352483,9,-1.0,-1.8369701987210297e-16,0,57,-2.205410189182404,-2.845878384438281,-1.148711426379315,-1.1246518064767517,0.741187566038479,-0.2534784347209629,-1.9740810260220096,-0.49283027954691166,0.0,78.0,78.0,0,1,0,False,False,False,False,False,False,False,False,-1.9740810260220096,-0.49283027954691166,2.7262272020549956,-6.2,-6.6,-4.4,-5.8,-6.2,0.0,-6.3999999999999995,0.219089023000343,-6.266666666666667,0.9384061277534638,-0.6369426751592355,-0.6369426751592355,-7.455621301775139,-7.100591715976334,-0.6369426751592355,0.0,-0.9879759200724315,0.8598523327905776,-4.457589632254358,3.6739681425110757,2.1920505737622205,14.42155579839079,10.439935520111424,-51.45611529510783,6.49851611827998,6.747729472566343,8.222084731420429,6.217699786710273,2.862064007698389,15.33207434564636,-1.0,-1.8369701987210297e-16,2010
2010-10-01,-6.0,77.8,-0.5115089514066584,0.6170742926659675,10,-0.8660254037844386,0.5000000000000001,0,58,-1.6311840523068053,-3.3060737869239327,-1.062742160769262,-0.7847426654113557,0.44481294131468757,-0.1715792273099902,-1.9459101490553132,-0.41310845742073826,-0.2564102564102555,77.93333333333334,77.96666666666667,0,1,0,False,False,False,False,False,True,False,False,-1.9459101490553132,-0.41310845742073826,0.4806185242927686,-6.2,-6.2,-6.6,-6.0,-6.133333333333332,0.11547005383751605,-6.3,0.24494897427677684,-6.266666666666667,0.9384061277534638,-0.6369426751592355,-0.6369426751592355,-2.7431421446384108,-8.108108108108103,-0.5951314339083776,0.0724191941758817,-0.616037054533806,0.051208103285341214,-3.824539702529238,3.6421110520356113,14.275148122352483,3.0283496587252365,12.921173148000625,-21.01293845252769,5.69475766292689,7.472446915077052,6.171401588864653,6.384698848153061,4.6645650697978605,13.422618822322603,-0.8660254037844386,0.5000000000000001,2010
2010-11-01,-6.0,77.8,-0.5115089514066584,11.625980611586185,11,-0.5000000000000004,0.8660254037844384,1,59,-0.8949056846988699,-4.134504896587187,-0.9705894187139428,-0.3733516398573827,-0.026776678506373885,-0.11138063304290186,-1.9459101490553132,-0.41310845742073826,0.0,77.86666666666667,77.93333333333334,0,1,0,False,False,False,False,False,False,False,False,-1.9459101490553132,-0.41310845742073826,2.53575664434994,-6.0,-6.2,-6.6,-6.0,-6.0666666666666655,0.11547005383751636,-6.199999999999999,0.21908902300034416,-6.266666666666667,0.9384061277534638,-0.5115089514066584,-0.6369426751592355,-0.6369426751592355,-8.108108108108103,-0.5533201926575186,0.0724191941758794,-0.5951314339083765,0.0647736964170348,-3.191489772804117,3.4867657582150433,0.6170742926659675,2.1920505737622205,2.494231087291222,-16.646850169860812,8.839401008868212,7.242894075988865,7.6933598429138135,6.421130815722381,7.020634301585111,11.714426989717557,-0.5000000000000004,0.8660254037844384,2010
2010-12-01,-1.5,78.8,0.7672634271099765,13.007294141008185,12,-2.4492935982947064e-16,1.0,1,60,-0.04183776746480636,-2.251695502255193,0.7935332697199996,0.07188264288730097,-6.5902925423396335,7.285673326562309,-0.9162907318741551,0.5694322637823053,1.285347043701801,78.13333333333334,78.06666666666666,0,1,0,False,False,False,False,True,True,False,False,-0.9162907318741551,0.5694322637823053,2.639578204008649,-6.0,-6.2,-6.6,-5.9,-4.499999999999999,2.5980762113532987,-5.3500000000000005,1.8886503117303761,-5.8999999999999995,1.6695127215064653,-0.5115089514066584,-0.6369426751592355,-0.6369426751592355,-8.108108108108103,-0.08525149190111463,0.7382995769690183,-0.3610970835301745,0.5561865286448858,-2.4518754782026106,3.28449704693686,11.625980611586185,14.275148122352483,14.42155579839079,-22.71970631473922,8.416783015086779,6.7899630987646935,7.457649566683378,6.14476241471289,9.99788433956406,7.0998708007826705,-2.4492935982947064e-16,1.0,2010
2011-01-01,-1.0,79.4,1.534526854219953,14.953173397096364,1,0.49999999999999994,0.8660254037844387,1,61,0.8630752391349538,-2.1284334318532014,0.2653581927182477,0.5248399572558466,-6.124656072862111,7.134342969826218,-0.6931471805599453,0.9300069743446239,0.7614213197969733,78.66666666666667,78.3,0,1,0,False,False,False,False,True,True,False,False,-0.6931471805599453,0.9300069743446239,2.7696577685067263,-1.5,-6.0,-6.2,-5.9,-2.8333333333333317,2.7537852736430355,-4.483333333333333,2.5111086528993356,-5.491666666666667,2.188174138546854,0.7672634271099765,-0.5115089514066584,-0.6369426751592355,-7.891637220259129,0.5967604433077559,1.0336194077564966,0.0008145046996902808,0.9250012551353641,-1.6663618053293536,2.9781498885757145,13.007294141008185,0.6170742926659675,3.0283496587252365,9.397354399577756,13.195482716563577,1.671560397639088,9.445120189745234,6.350660888738901,10.460869256023944,7.236974583260327,0.49999999999999994,0.8660254037844387,2011
2011-02-01,2.3,80.6,3.069053708439884,17.37311095889165,2,0.8660254037844386,0.5000000000000001,1,62,1.7764439682388193,-1.6684548310017138,2.1920108627628943,0.9807637268124609,3.918782715517608,-1.830492733890185,1.1939224684724346,1.4034104683524178,1.5113350125944391,79.6,78.73333333333333,0,1,0,False,False,False,False,False,True,False,False,1.1939224684724346,1.4034104683524178,2.910888234855831,-1.0,-6.0,-6.2,-8.6,-0.06666666666666494,2.0647840887931252,-3.066666666666667,3.5370420787242436,-4.583333333333333,2.9204088547302938,1.534526854219953,-0.5115089514066584,-0.6369426751592355,-7.891637220259129,1.79028132992327,1.1720142442343289,0.6184805686328768,1.482998718927861,-0.7529708946044359,2.5445459493848217,14.953173397096364,11.625980611586185,2.1920505737622205,25.554464721296632,15.111192832332065,2.187193802170581,11.975296920600139,5.890496102434982,9.779089775823529,5.9581601376173206,0.8660254037844386,0.5000000000000001,2011
2011-03-01,2.8,81.2,3.836317135549882,28.374040396644823,3,1.0,6.123233995736766e-17,1,63,2.6878362219409,8.927419376338428,-8.815255598279329,1.4456061096164365,3.338003552124112,-0.9472925261906662,1.33500106673234,1.5761535086730938,0.7444168734491496,80.39999999999999,79.26666666666667,0,1,0,False,True,False,False,False,True,False,False,1.33500106673234,1.5761535086730938,3.3801113045824724,2.3,-1.5,-6.2,-4.4,1.3666666666666683,2.064784088793126,-1.5666666666666664,3.8380550630059913,-3.983333333333334,3.617842987027922,3.069053708439884,0.7672634271099765,-0.6369426751592355,-7.455621301775139,2.813299232736572,1.1720142442343349,1.3640238704177297,1.8132733805483152,0.1880239751726492,1.8273736985941067,17.37311095889165,13.007294141008185,14.275148122352483,10.439935520111424,20.233441584210947,7.153043842972604,14.32511229964886,8.988764095394238,11.273598515534646,8.028524088843664,1.0,6.123233995736766e-17,2011
2011-04-01,6.2,81.2,4.10256410256411,5.2870333036429615,4,0.8660254037844387,-0.4999999999999998,0,64,3.580801459815545,3.5466129757341105,-0.9274144355496552,1.933939561674562,1.1366567229307267,1.0319678179588214,1.9740810260220096,1.6297431785948475,0.0,81.0,79.83333333333333,0,1,0,False,False,False,False,False,False,False,False,1.9740810260220096,1.6297431785948475,1.8384893066102057,2.8,-1.0,-6.0,-6.6,3.766666666666668,2.122105872319586,0.4666666666666666,4.231154294830896,-2.9166666666666665,4.544493837868361,3.836317135549882,1.534526854219953,-0.5115089514066584,-2.7431421446384108,3.669311648851291,0.5366135090840668,2.1330360460795244,1.8370357994591664,0.7584994957728594,1.8963798701072876,28.374040396644823,14.953173397096364,0.6170742926659675,12.921173148000625,17.011394886393145,11.547753158770687,15.103438801478362,7.669826763228725,10.637420195171508,8.187001760549574,0.8660254037844387,-0.4999999999999998,2011
2011-05-01,6.2,81.2,4.10256410256411,10.542709133775515,5,0.49999999999999994,-0.8660254037844387,0,65,4.430267924629433,0.5959996533258041,1.173732422044763,2.4603734767516894,1.0814814603126623,0.5607091654997585,1.9740810260220096,1.6297431785948475,0.0,81.2,80.4,0,1,0,False,False,False,False,False,False,False,False,1.9740810260220096,1.6297431785948475,2.446053993820574,6.2,2.3,-6.0,-6.6,5.066666666666668,1.9629909152447127,2.5,3.33946103435858,-1.8499999999999999,5.0728331693084145,4.10256410256411,3.069053708439884,-0.5115089514066584,-0.6369426751592355,4.0138151135593665,0.1537177580773511,2.9020482217413193,1.4290309168193085,1.1534583939164713,2.0653509848434966,5.2870333036429615,17.37311095889165,11.625980611586185,2.494231087291222,14.7345942780211,12.100884262109954,14.922893555176584,7.7800150772777,11.308126699045198,7.778737049080112,0.49999999999999994,-0.8660254037844387,2011
2011-06-01,6.2,81.2,4.10256410256411,-12.837214849918183,6,1.2246467991473532e-16,-1.0,0,66,5.224315940073316,0.31537906274039124,0.6603049971862927,2.998231873895114,1.0681303346558804,0.03620189401311569,1.9740810260220096,1.6297431785948475,0.0,81.2,80.8,0,1,0,False,False,False,False,False,False,False,False,1.9740810260220096,1.6297431785948475,-2.627361690770444,6.2,2.8,-1.5,-6.6,6.2,0.0,3.7833333333333337,2.951892048613219,-0.7833333333333335,5.322821079317203,4.10256410256411,3.836317135549882,0.7672634271099765,-0.6369426751592355,4.10256410256411,0.0,3.457931667650341,1.0237715208220632,1.5484172920600836,2.1435357306539324,10.542709133775515,28.374040396644823,13.007294141008185,14.42155579839079,0.9975091958334316,12.266019084218895,10.615475390022189,13.843945702460532,9.036562478352785,10.34399377997044,1.2246467991473532e-16,-1.0,2011
2011-07-01,6.2,81.2,4.10256410256411,-15.072379316489556,7,-0.4999999999999997,-0.8660254037844388,0,67,6.005239380379348,0.1505261245451311,0.04423449507552135,3.4912475228846396,1.0888405094154145,-0.47752392973594393,1.9740810260220096,1.6297431785948475,0.0,81.2,81.10000000000001,0,1,0,False,False,False,False,False,False,False,False,1.9740810260220096,1.6297431785948475,-2.7771022283098885,6.2,6.2,-1.0,-6.2,6.2,0.0,4.983333333333333,1.8914720898458826,0.24999999999999986,5.378999569031001,4.10256410256411,4.10256410256411,1.534526854219953,-0.6369426751592355,4.10256410256411,0.0,3.8859378757077017,0.41411825587226936,1.943376190203696,2.140903740418143,-12.837214849918183,5.2870333036429615,14.953173397096364,3.0283496587252365,-5.788961677544074,14.187726867441624,5.611216604424534,17.023917190389927,7.528168397084884,12.412675710553646,-0.4999999999999997,-0.8660254037844388,2011
2011-08-01,8.1,82.0,5.128205128205132,-17.00450541717247,8,-0.8660254037844384,-0.5000000000000004,0,68,6.819491459547058,2.678824640973495,-1.398316100520554,3.9350533823013776,0.651500966054842,0.5416507798489127,2.2082744135228043,1.812901905801865,0.9852216748768461,81.46666666666668,81.33333333333333,0,1,0,False,False,False,False,False,True,False,False,2.2082744135228043,1.812901905801865,-2.8906220275301333,6.2,6.2,2.3,-6.2,6.833333333333336,1.0969655114602639,5.95,1.720174409761779,1.4416666666666664,5.404115995883976,4.10256410256411,4.10256410256411,3.069053708439884,-0.6369426751592355,4.444444444444449,0.5921541222459635,4.22912977900191,0.4531476002822798,2.4238051738173927,2.1560380942184185,-15.072379316489556,10.542709133775515,17.37311095889165,2.1920505737622205,-14.97136652786007,2.085480845169372,-0.11838612491948612,18.02901784159153,5.928455397840327,14.262119733252709,-0.8660254037844384,-0.5000000000000004,2011
2011-09-01,22.4,88.1,12.948717948717947,-36.8518230594326,9,-1.0,-1.8369701987210297e-16,0,69,7.63359113449795,-1.8455901414965679,16.611999006998616,4.353006361154791,0.7054126352762944,7.890298952286861,3.152736022363656,2.635387600726296,7.439024390243887,83.76666666666667,82.48333333333333,0,1,0,False,True,False,False,True,True,False,False,3.152736022363656,2.635387600726296,-3.6336791440982488,8.1,6.2,2.8,-6.2,12.233333333333334,8.8556949661409,9.216666666666667,6.5030505662085965,3.8249999999999993,7.591517395332489,5.128205128205132,4.10256410256411,3.836317135549882,-0.6369426751592355,7.393162393162395,4.838505247131371,5.747863247863253,3.55145946670285,3.5559435591404913,3.5311376809865926,-17.00450541717247,-12.837214849918183,28.374040396644823,14.275148122352483,-22.97623593103154,12.055381223155386,-10.989363367599056,17.051015009858443,1.6678744660249034,18.537782055888417,-1.0,-1.8369701987210297e-16,2011
2011-10-01,24.2,89.4,14.910025706940887,-36.85605511727135,10,-0.8660254037844386,0.5000000000000001,0,70,8.40366294836539,-2.2382375694272247,18.034574621061832,4.749538496855671,-0.41693621013281623,10.577423420218032,3.2268439945173775,2.766949458120916,1.4755959137344066,86.5,83.85000000000001,0,1,0,False,True,False,False,True,True,False,False,3.2268439945173775,2.766949458120916,-3.6337909437667926,22.4,6.2,6.2,-6.0,18.233333333333334,8.82175341603546,12.216666666666667,8.635372989435139,6.341666666666666,8.926717643052644,12.948717948717947,4.10256410256411,4.10256410256411,-0.5115089514066584,10.995649594621321,5.175119366302098,7.549106848592717,4.996712165257529,4.8410714473361205,4.569768581450596,-36.8518230594326,-15.072379316489556,5.2870333036429615,0.6170742926659675,-30.237461197958805,11.460076068671967,-18.01321143775144,17.673955796762257,-1.4548863181365397,21.629341076882096,-0.8660254037844386,0.5000000000000001,2011
2011-11-01,25.4,89.9,15.552699228791788,-56.96592803095624,11,-0.5000000000000004,0.8660254037844384,1,71,9.116860813363157,-3.126276736892437,19.409415923529277,5.124328618248289,-1.2449627888414985,11.673333399384997,3.2733640101522705,2.806549183919738,0.5592841163311046,89.13333333333334,85.3,0,1,0,False,True,False,False,True,True,False,False,3.2733640101522705,2.806549183919738,-4.059855390189256,24.2,8.1,6.2,-6.0,24.0,1.5099668870541518,15.416666666666666,9.476374130787892,8.958333333333334,9.55980775133181,14.910025706940887,5.128205128205132,4.10256410256411,-0.5115089514066584,14.47048096148354,1.3564952319076797,9.457462702963996,5.57070128437816,6.179755462352657,5.172432062622178,-36.85605511727135,-17.00450541717247,10.542709133775515,11.625980611586185,-43.55793540255339,11.611662422755842,-29.264650965206737,17.344438585280294,-7.170878705015075,26.396294840595544,-0.5000000000000004,0.8660254037844384,2011
2011-12-01,19.6,89.9,14.086294416243671,-69.88696568340114,12,-2.4492935982947064e-16,1.0,1,72,9.804527198946264,-2.4857786891543876,12.281251490208124,5.485525007769456,-4.589122475706446,13.18989188418066,3.0252910757955354,2.7137866770996624,0.0,89.73333333333333,86.75,0,1,0,False,True,False,False,True,False,False,False,3.0252910757955354,2.7137866770996624,-4.2610865757825716,25.4,22.4,6.2,-1.5,23.066666666666666,3.0615900008546753,17.65,8.386119484004466,10.716666666666667,9.400467428739246,15.552699228791788,12.948717948717947,4.10256410256411,0.7672634271099765,14.849673117325446,0.7350629870093996,11.121417755243924,5.124494697277265,7.289674711447131,5.3319775215253395,-56.96592803095624,-36.8518230594326,-12.837214849918183,13.007294141008185,-54.56964961054291,16.645325947784908,-38.77294277078723,21.642614752263768,-14.07873369038252,31.068744268913033,-2.4492935982947064e-16,1.0,2011
2012-01-01,19.1,89.9,13.224181360201516,-63.268198481000994,1,0.49999999999999994,0.8660254037844387,1,73,10.492002302864687,-2.3228935600365435,10.930891257171858,5.832334976195904,-4.328817656800573,11.720664040806186,3.0007198150650303,2.654943428985647,0.0,89.9,88.2,0,1,0,False,True,False,False,True,False,False,False,3.0007198150650303,2.654943428985647,-4.163064928509565,19.6,24.2,6.2,-1.0,21.36666666666667,3.5019042438840797,19.8,6.243396511515132,12.391666666666666,8.900404314956518,14.086294416243671,14.910025706940887,4.10256410256411,1.534526854219953,14.287725001745658,1.177255102629821,12.641687298183491,3.810307619958617,8.263812586945596,5.252178200002204,-69.88696568340114,-36.85605511727135,-15.072379316489556,14.953173397096364,-63.373697398452784,6.461164834620964,-46.8055792982058,19.965846905865906,-20.597181346890633,32.59225434190566,0.49999999999999994,0.8660254037844387,2012
2012-02-01,17.5,88.8,10.17369727047146,-60.67896120277345,2,0.8660254037844386,0.5000000000000001,1,74,11.1758011129921,-1.0955726779827113,7.4197715649906115,6.173327427827707,1.9582037677603212,2.04216607488343,2.917770732084279,2.4135625583548883,-1.2235817575083519,89.53333333333335,89.33333333333333,0,1,0,False,True,False,False,False,True,False,False,2.917770732084279,2.4135625583548883,-4.1219428873942725,19.1,25.4,8.1,2.3,18.733333333333338,1.096965511460293,21.366666666666664,3.1168360025298076,13.658333333333331,8.401239987843043,13.224181360201516,15.552699228791788,5.128205128205132,3.069053708439884,12.494724348972214,2.055768653010369,13.482602655227877,1.8967313687287557,8.855866217114894,5.008129245872114,-63.268198481000994,-56.96592803095624,-17.00450541717247,17.37311095889165,-64.61137512239186,4.748676578403553,-54.08465526247263,13.997372989158695,-27.10152069369606,32.1105112902447,0.8660254037844386,0.5000000000000001,2012
2012-03-01,16.5,87.8,8.128078817733986,-88.30805723935299,3,1.0,6.123233995736766e-17,1,75,11.855809147960668,4.191678436904139,0.45251241513519247,6.516947525987562,1.6014143998105312,0.009716891935892313,2.8622008809294686,2.211355247243572,-1.1261261261261257,88.83333333333333,89.28333333333335,0,1,0,False,False,False,False,False,True,False,False,2.8622008809294686,2.211355247243572,-4.492091710456765,17.5,19.6,22.4,2.8,17.700000000000003,1.3114877048604032,20.383333333333336,3.616305665546814,14.799999999999999,7.692499298312944,10.17369727047146,14.086294416243671,12.948717948717947,3.836317135549882,10.508652482802319,2.564509997355615,12.679162800063885,2.9155016195107066,9.21351302396357,4.764392650714678,-60.67896120277345,-69.88696568340114,-36.8518230594326,28.374040396644823,-70.75173897437581,15.259235586575052,-62.66069429245936,16.808404549260537,-36.82502883002921,31.44414557510006,1.0,6.123233995736766e-17,2012
2012-04-01,15.7,87.8,8.128078817733986,-80.31759274363233,4,0.8660254037844387,-0.4999999999999998,0,76,12.585398528848488,2.2672423167656035,0.8473591543859076,6.825106135613747,1.0884404524594662,0.21453222966077323,2.8154087194227095,2.211355247243572,0.0,88.13333333333333,89.01666666666667,0,1,0,False,False,False,False,False,False,False,False,2.8154087194227095,2.211355247243572,-4.398362386054803,16.5,19.1,24.2,6.2,16.566666666666666,0.9018499505645818,18.966666666666665,3.484632931409845,15.591666666666667,7.200057870137785,8.128078817733986,13.224181360201516,14.910025706940887,4.10256410256411,8.809951635313142,1.1810383643473308,11.5488383185294,3.1802692958443197,9.548972583561058,4.506558672720736,-88.30805723935299,-63.268198481000994,-36.85605511727135,5.2870333036429615,-76.43487039525293,14.217889666739085,-69.90428389685286,12.195748728717955,-43.958747667302156,30.723954536050652,0.8660254037844387,-0.4999999999999998,2012
2012-05-01,15.7,87.7,8.004926108374377,-97.90333830289144,5,0.49999999999999994,-0.8660254037844387,0,77,13.10341382213128,1.2160235590052577,1.3805626188634612,6.986261790956703,0.938651012047902,0.08001330536977225,2.8154087194227095,2.1977717729723074,-0.1138952164009055,87.76666666666667,88.64999999999999,0,1,0,False,False,False,False,False,True,False,False,2.8154087194227095,2.1977717729723074,-4.594142992385508,15.7,17.5,25.4,6.2,15.966666666666669,0.4618802153517075,17.35,1.6920401886478011,16.383333333333333,6.568081681107254,8.128078817733986,10.17369727047146,15.552699228791788,4.10256410256411,8.087027914614115,0.07110224990167646,10.290876131793166,2.742413621445899,9.87416941737858,4.208772874327029,-80.31759274363233,-60.67896120277345,-56.96592803095624,10.542709133775515,-88.84299609529226,8.805068506458259,-76.72718560884206,14.703166351239176,-52.99591828702439,29.144061982672344,0.49999999999999994,-0.8660254037844387,2012
2012-06-01,15.7,87.7,8.004926108374377,-48.81310138382922,6,1.2246467991473532e-16,-1.0,0,78,12.946094501678141,1.0809189294635506,1.6729865688583079,6.978646418101052,0.7941022375635665,0.23217745270975865,2.8154087194227095,2.1977717729723074,0.0,87.73333333333333,88.28333333333335,0,1,0,False,False,False,False,False,False,False,False,2.8154087194227095,2.1977717729723074,-3.908278029427704,15.7,16.5,19.6,6.2,15.7,0.0,16.7,1.3740451229851498,17.175,5.750750939106658,8.004926108374377,8.128078817733986,14.086294416243671,4.10256410256411,8.045977011494246,0.07110224990168043,9.277314747148283,2.1100089965887667,10.199366251196103,3.858462565393162,-97.90333830289144,-88.30805723935299,-69.88696568340114,-12.837214849918183,-75.67801081011767,24.8718139784926,-73.21487489224675,18.651032324428115,-55.99390883151698,26.3543319971674,1.2246467991473532e-16,-1.0,2012
2012-07-01,15.7,87.7,8.004926108374377,-56.54129056197487,7,-0.4999999999999997,-0.8660254037844388,0,79,12.385927278744838,1.006286788472984,2.3077859327821777,6.918897139622755,0.7310367949817436,0.3549921737698778,2.8154087194227095,2.1977717729723074,0.0,87.7,87.91666666666667,0,1,0,False,False,False,False,False,False,False,False,2.8154087194227095,2.1977717729723074,-4.052502786825211,15.7,15.7,19.1,6.2,15.7,0.0,16.13333333333333,0.7420691791645375,17.966666666666665,4.651360179039168,8.004926108374377,8.128078817733986,13.224181360201516,4.10256410256411,8.004926108374377,0.0,8.40743887184376,0.8673871551566126,10.524563085013625,3.439616817798548,-48.81310138382922,-80.31759274363233,-63.268198481000994,-15.072379316489556,-67.75257674956516,26.39569176357069,-72.09372357240905,19.549093047664,-59.44965143530742,23.006878676469967,-0.4999999999999997,-0.8660254037844388,2012
2012-08-01,13.7,87.7,6.951219512195128,-46.93807703031448,8,-0.8660254037844384,-0.5000000000000004,0,80,11.791380192836774,1.4793426478161367,0.4292771593470892,6.87470458996669,0.5908912338691323,-0.5143763116406941,2.6878474937846906,2.0733253146624007,0.0,87.7,87.73333333333333,0,1,0,False,False,False,False,False,False,False,False,2.6878474937846906,2.0733253146624007,-3.8699101161932714,15.7,15.7,17.5,8.1,15.033333333333337,1.1547005383792546,15.499999999999998,0.9380831519642877,18.433333333333334,3.768610386126963,8.004926108374377,8.004926108374377,10.17369727047146,5.128205128205132,7.653690576314626,0.6083577869511513,7.870359245464371,0.45430855746178633,10.676480950346125,3.2123590740057155,-56.54129056197487,-97.90333830289144,-60.67896120277345,-17.00450541717247,-50.76415632537286,5.090224854791511,-69.80357621033255,21.826022534060193,-61.94411573640259,19.31264771304385,-0.8660254037844384,-0.5000000000000004,2012
2012-09-01,0.4,87.7,-0.4540295119182636,-29.58453830909419,9,-1.0,-1.8369701987210297e-16,0,81,11.239872702074452,-0.5717640532414685,-10.268108648832984,6.852840258620512,0.6568565934071344,-7.96372636394591,0.33647223662121295,-0.3743386759605471,0.0,87.7,87.71666666666668,0,1,0,False,True,False,False,True,False,False,False,0.33647223662121295,-0.3743386759605471,-3.4204945972428185,13.7,15.7,16.5,22.4,9.933333333333335,8.316449562964554,12.816666666666668,6.135280488018935,16.599999999999998,6.21844762855575,6.951219512195128,8.004926108374377,8.128078817733986,12.948717948717947,4.834038702883746,4.6098073149544625,6.440007857188998,3.4054538484429604,9.55958532862644,4.444276106714254,-46.93807703031448,-48.81310138382922,-88.30805723935299,-36.8518230594326,-44.35463530046118,13.662805399493816,-60.016323055289426,24.82857041357389,-61.338508673874394,20.26165199916189,-1.0,-1.8369701987210297e-16,2012
2012-10-01,-1.0,87.3,-2.3489932885906173,-20.67276491703409,10,-0.8660254037844386,0.5000000000000001,0,82,10.730953906544126,-0.572202993470912,-11.158750913073215,6.849373676130514,0.8938203128880899,-10.092187277609222,-0.6931471805599453,-1.2086597898060636,-0.45610034207526073,87.56666666666668,87.63333333333334,0,1,0,False,True,False,False,True,True,False,False,-0.6931471805599453,-1.2086597898060636,-3.0760563993350027,0.4,15.7,15.7,24.2,4.366666666666669,8.113158036999732,10.033333333333333,8.053736193014137,14.5,7.534405930614064,-0.4540295119182636,8.004926108374377,8.128078817733986,14.910025706940887,1.3827322372287478,4.91464747742117,4.693829172801563,4.776770816256538,8.121333745665483,5.271119531678672,-29.58453830909419,-56.54129056197487,-80.31759274363233,-36.85605511727135,-32.39846008548091,13.356843636305198,-50.07551841752306,26.926366182056622,-59.98990115718795,22.458784949372085,-0.8660254037844386,0.5000000000000001,2012
2012-11-01,-0.1,88.9,-1.1123470522803158,-29.771224681171816,11,-0.5000000000000004,0.8660254037844384,1,83,10.25135936023841,-1.7862267831954937,-8.565132577042917,6.858545846686891,-0.2227325875057271,-7.748160311461479,-0.09531017980432487,-0.7477996763406677,1.8327605956472093,87.96666666666665,87.83333333333333,0,1,0,False,True,False,False,True,True,False,False,-0.09531017980432487,-0.7477996763406677,-3.4265799896849614,-1.0,13.7,15.7,25.4,-0.23333333333333095,0.709459888459775,7.3999999999999995,8.405712343400713,12.375,7.7729279612581434,-2.3489932885906173,6.951219512195128,8.004926108374377,15.552699228791788,-1.3051232842630667,0.9620779258659583,3.174283646025781,4.9594738621648435,6.7325798889094735,5.330220301846508,-20.67276491703409,-46.93807703031448,-97.90333830289144,-56.96592803095624,-26.67617596910003,5.199944340607071,-38.72016614723645,13.973158675847014,-57.72367587803925,24.103492590620906,-0.5000000000000004,0.8660254037844384,2012
2012-12-01,5.3,93.4,3.8932146829810943,-7.753509396475137,12,-2.4492935982947064e-16,1.0,1,84,9.776066043461022,-2.4134110283226717,-2.0626550151383505,6.872507701817091,-2.6597957784026223,-0.3194972404333747,1.840549633397487,1.5878494868771003,5.06186726659168,89.86666666666667,88.78333333333335,0,1,0,False,False,False,False,False,True,False,False,1.840549633397487,1.5878494868771003,-2.169454693843765,-0.1,0.4,15.7,19.6,1.4000000000000021,3.407345007480167,5.666666666666667,7.3589854373185,11.183333333333332,7.659911384881809,-1.1123470522803158,-0.4540295119182636,8.004926108374377,14.086294416243671,0.1439581140367192,3.305301361944905,2.4889984084602337,4.41239084949151,5.883156577804258,4.841584742567689,-29.771224681171816,-29.58453830909419,-48.81310138382922,-69.88696568340114,-19.399166331560348,11.063972460520835,-31.876900816010764,17.620048939603326,-52.54588785412875,27.66376027681946,-2.4492935982947064e-16,1.0,2012
2013-01-01,5.3,93.4,3.8932146829810943,-86.22906449733449,1,0.49999999999999994,0.8660254037844387,1,85,9.271202746855113,-2.159261434598303,-1.8119413122568107,6.885002874447728,-2.6405636945168895,-0.3512244969497438,1.840549633397487,1.5878494868771003,0.0,91.90000000000002,89.73333333333333,0,1,0,False,False,False,False,False,False,False,False,1.840549633397487,1.5878494868771003,-4.468537583835682,5.3,-1.0,15.7,19.1,3.500000000000002,3.1176914536239817,3.933333333333333,5.5174873508387625,10.033333333333333,7.394633598807013,3.8932146829810943,-2.3489932885906173,8.004926108374377,13.224181360201516,2.224694104560623,2.8899624152985166,1.8037131708946867,3.6352341013304645,5.105576021369223,4.2710869027807545,-7.753509396475137,-20.67276491703409,-56.54129056197487,-63.268198481000994,-41.251266191660484,40.47773093824418,-36.8248631385707,27.390736432589133,-54.459293355489876,29.222928350920363,0.49999999999999994,0.8660254037844387,2013
2013-02-01,7.3,94.5,6.4189189189189255,-55.244729845681015,2,0.8660254037844386,0.5000000000000001,1,86,8.725031847652618,-0.8405725597109903,-0.5844592879416286,6.893362316165752,0.6438639677507303,-1.1183073649975563,2.1162555148025524,2.0040333483053616,1.1777301927194728,93.76666666666667,90.86666666666667,0,1,0,False,False,False,False,False,True,False,False,2.1162555148025524,2.0040333483053616,-4.0297123450628565,5.3,-0.1,13.7,17.5,5.966666666666669,1.1547005383792572,2.8666666666666667,3.5023801430835193,9.183333333333332,7.035860525432037,3.8932146829810943,-1.1123470522803158,6.951219512195128,10.17369727047146,4.735116094960371,1.4582160205121721,1.7149964053486528,3.4879998117349023,4.792677825406512,3.9946346953320937,-86.22906449733449,-29.771224681171816,-46.93807703031448,-60.67896120277345,-49.74243457983022,39.52606262950353,-38.20930527446512,28.20204434334341,-54.00644074239884,29.159820880969804,0.8660254037844386,0.5000000000000001,2013
2013-03-01,7.8,94.5,7.630979498861046,-38.7011781067296,3,1.0,6.123233995736766e-17,1,87,8.19787955815825,1.1433710637045198,-1.5412506218627708,6.9119216651659805,0.5262676297993786,0.19279020389568657,2.174751721484161,2.155357997943429,0.0,94.13333333333333,92.0,0,1,0,False,False,False,False,False,False,False,False,2.174751721484161,2.155357997943429,-3.6813808624853275,7.3,5.3,0.4,16.5,6.800000000000002,1.3228756555322998,4.1000000000000005,3.7539312726792273,8.458333333333332,6.651104943518512,6.4189189189189255,3.8932146829810943,-0.4540295119182636,8.128078817733986,5.981037700253687,1.9069678618038037,3.0624979071452043,4.005754215680206,4.7512528821671,3.9593231072025343,-55.244729845681015,-7.753509396475137,-29.58453830909419,-88.30805723935299,-60.058324149915045,24.126811098523888,-39.728745240737695,27.888275932832656,-49.87253414801356,27.3127120872683,1.0,6.123233995736766e-17,2013
2013-04-01,8.5,94.5,7.630979498861046,-89.05552303872801,4,0.8660254037844387,-0.4999999999999998,0,88,7.789963642133543,0.7759871515836421,-0.06595079371718526,6.9593050991462615,0.39353093633511554,0.2781434633796689,2.2512917986064953,2.155357997943429,0.0,94.5,93.2,0,1,0,False,False,False,False,False,False,False,False,2.2512917986064953,2.155357997943429,-4.500426402764249,7.8,5.3,-1.0,15.7,7.86666666666667,0.6027713773341787,5.683333333333334,3.123086080572511,7.858333333333332,6.25117564700404,7.630979498861046,3.8932146829810943,-2.3489932885906173,8.128078817733986,7.2269593055470045,0.6997835021038702,4.725826705053815,3.3231655130253834,4.709827938927689,3.9232166048724606,-38.7011781067296,-86.22906449733449,-20.67276491703409,-80.31759274363233,-61.00047699704621,25.665862197391366,-51.12587159435335,32.185131224347394,-50.6006950059382,28.296914486278215,0.8660254037844387,-0.4999999999999998,2013
2013-05-01,8.5,94.5,7.753705815279366,-47.22389806475548,5,0.49999999999999994,-0.8660254037844387,0,89,7.5632530470693276,0.7026154635501048,0.23413148938056771,7.041605767242068,0.40177074189670114,0.31032930614059673,2.2512917986064953,2.169477132455716,0.0,94.5,94.13333333333333,0,1,0,False,False,False,False,False,False,False,False,2.2512917986064953,2.169477132455716,-3.875854708655261,8.5,7.3,-0.1,15.7,8.266666666666667,0.4041451884327491,7.116666666666667,1.4784000360747398,7.258333333333333,5.756017931195299,7.630979498861046,6.4189189189189255,-1.1123470522803158,8.004926108374377,7.671888271000484,0.07085607182223211,6.203502182980429,1.8547115846798292,4.688892914503104,3.9046612598172894,-89.05552303872801,-55.244729845681015,-29.771224681171816,-97.90333830289144,-58.326866403404374,26.950824529676762,-54.03465049161729,30.61977088171081,-46.37740831942687,24.05995910475398,0.49999999999999994,-0.8660254037844387,2013
2013-06-01,8.5,94.5,7.753705815279366,-67.38229077335424,6,1.2246467991473532e-16,-1.0,0,90,7.476369975080659,0.8371143347670742,0.18651569015226688,7.138272346917792,0.446241368945278,0.16919209941629543,2.2512917986064953,2.169477132455716,0.0,94.5,94.31666666666666,0,1,0,False,False,False,False,False,False,False,False,2.2512917986064953,2.169477132455716,-4.225113884284041,8.5,7.8,5.3,15.7,8.5,0.0,7.6499999999999995,1.2517987058625408,6.658333333333332,5.138174124466073,7.753705815279366,7.630979498861046,3.8932146829810943,8.004926108374377,7.712797043139925,0.07085607182222717,6.846917371696807,1.5350296186225123,4.667957890078521,3.8858942783077492,-47.22389806475548,-38.7011781067296,-7.753509396475137,-48.81310138382922,-67.88723729227925,20.920383367208622,-63.97278072109714,20.646882232026716,-47.924840768553956,24.816116232163555,1.2246467991473532e-16,-1.0,2013
2013-07-01,8.5,94.8,8.095781071835795,-46.76807478295959,7,-0.4999999999999997,-0.8660254037844388,0,91,7.431257189319803,1.0449632094761996,0.023779601203997913,7.214988671902832,0.5471975117236447,0.33359488820931826,2.2512917986064953,2.2078106875389456,0.31746031746031633,94.60000000000001,94.55,0,1,0,False,False,False,False,False,True,False,False,2.2512917986064953,2.2078106875389456,-3.866357524788592,8.5,8.5,5.3,15.7,8.5,0.0,8.183333333333334,0.5154286242204691,6.058333333333333,4.345626502239814,7.753705815279366,7.630979498861046,3.8932146829810943,8.004926108374377,7.867730900798175,0.19749724145648084,7.5473451031725896,0.5784957348707825,4.675529137033639,3.893068954788805,-67.38229077335424,-89.05552303872801,-86.22906449733449,-56.54129056197487,-53.79142120702311,11.772244704932225,-57.395949102034656,18.289888920014175,-47.110406120302684,24.66755529818356,-0.4999999999999997,-0.8660254037844388,2013
2013-08-01,8.5,94.8,8.095781071835795,-56.80572949958111,8,-0.8660254037844384,-0.5000000000000004,0,92,7.362424494837373,1.1044452107172502,0.033130294445377295,7.252107957208763,0.4863411673327648,0.3573319472942673,2.2512917986064953,2.2078106875389456,0.0,94.7,94.60000000000001,0,1,0,False,False,False,False,False,False,False,False,2.2512917986064953,2.2078106875389456,-4.057087897055976,8.5,8.5,7.3,13.7,8.5,0.0,8.383333333333333,0.28577380332320157,5.625,3.730007311715874,8.095781071835795,7.753705815279366,6.4189189189189255,6.951219512195128,7.981755986316983,0.19749724145647532,7.826822128658734,0.21544302638294022,4.770909267003694,3.9672068596264918,-46.76807478295959,-47.22389806475548,-55.244729845681015,-46.93807703031448,-56.985365018631654,10.308281957456218,-57.656115711018,18.264252946320696,-47.93271049274156,24.82525567500075,-0.8660254037844384,-0.5000000000000004,2013
2013-09-01,8.5,94.8,8.095781071835795,-45.72231019431188,9,-1.0,-1.8369701987210297e-16,0,93,7.2547843448348495,1.4555850330387836,-0.21036937787363286,7.246129369613612,0.9737775248945953,-0.12412582267241312,2.2512917986064953,2.2078106875389456,0.0,94.8,94.64999999999999,0,1,0,False,False,False,False,False,False,False,False,2.2512917986064953,2.2078106875389456,-3.8442217849497,8.5,8.5,7.8,0.4,8.5,0.0,8.5,0.0,6.3,3.4183994128032933,8.095781071835795,7.753705815279366,7.630979498861046,-0.4540295119182636,8.095781071835795,0.0,7.904289057487859,0.2145023613766286,5.483393482316532,3.702446551427953,-56.80572949958111,-67.38229077335424,-38.7011781067296,-29.58453830909419,-49.7653714922842,6.119508685088905,-58.82630439228172,16.987199202137308,-49.277524816509704,24.169392087804532,-1.0,-1.8369701987210297e-16,2013
2013-10-01,8.5,94.8,8.59106529209621,-53.91700967751333,10,-0.8660254037844386,0.5000000000000001,0,94,7.109675795182623,1.7122445053423805,-0.32192030052500353,7.199283814529046,1.585522280439187,-0.1937408028720231,2.2512917986064953,2.2608319663648286,0.0,94.8,94.69999999999999,0,1,0,False,False,False,False,False,False,False,False,2.2512917986064953,2.2608319663648286,-4.005823130719523,8.5,8.5,8.5,-1.0,8.5,0.0,8.5,0.0,7.091666666666666,2.568500918764942,8.095781071835795,8.095781071835795,7.630979498861046,-2.3489932885906173,8.260875811922599,0.2859524778930704,8.064303356360387,0.3076986648345402,6.3950650307071015,2.846478151401516,-45.72231019431188,-46.76807478295959,-89.05552303872801,-20.67276491703409,-52.148349790468785,5.749492518571759,-52.96988549874593,8.334678695041532,-52.04787854654964,22.43566330285252,-0.8660254037844386,0.5000000000000001,2013
2013-11-01,6.5,94.8,6.636670416197976,-35.20772346901029,11,-0.5000000000000004,0.8660254037844384,1,95,6.931799400595682,0.05772260856287942,-0.48952200915856103,7.113805791026261,-0.049176214336633245,-0.4279591604916515,2.0149030205422647,2.0329616987877426,0.0,94.8,94.75,0,1,0,False,False,False,False,False,False,False,False,2.0149030205422647,2.0329616987877426,-3.5892724515722,8.5,8.5,8.5,-0.1,7.833333333333336,1.1547005383792572,8.166666666666666,0.8164965809271996,7.641666666666667,1.2638025833556326,8.59106529209621,8.095781071835795,7.753705815279366,-1.1123470522803158,7.774505593376659,1.0160355714879685,7.878130789846822,0.6643938551616047,7.040816486413625,1.5903119819255553,-53.91700967751333,-56.80572949958111,-47.22389806475548,-29.771224681171816,-44.94901444694518,9.378583973211054,-50.967189732788405,11.006794548286967,-52.50092011220284,21.995510744248378,-0.5000000000000004,0.8660254037844384,2013
2013-12-01,8.0,101.0,8.13704496788008,-28.92336631431998,12,-2.4492935982947064e-16,1.0,1,96,6.728297217665202,-2.510529130878858,3.782231913213656,6.993250911709706,-2.1241425989944434,3.2679366551648164,2.1972245773362196,2.212337025519102,6.540084388185652,96.86666666666666,95.83333333333333,0,1,0,False,False,False,False,False,True,False,False,2.1972245773362196,2.212337025519102,-3.398639657282791,6.5,8.5,8.5,5.3,7.666666666666669,1.0408329997330732,8.083333333333334,0.8010409893793241,7.866666666666667,1.0272056829821978,6.636670416197976,8.095781071835795,7.753705815279366,3.8932146829810943,7.788260225391421,1.0228161761427041,7.942020648613609,0.6684548551478378,7.394469010155208,1.265395830217026,-35.20772346901029,-45.72231019431188,-67.38229077335424,-7.753509396475137,-39.34936648694788,13.00136367107803,-44.55736898961604,10.73040006818028,-54.26507485535658,18.679232015895828,-2.4492935982947064e-16,1.0,2013
2014-01-01,6.7,100.8,7.922912205567445,50.77999028494536,1,0.49999999999999994,0.8660254037844387,1,97,6.50744616630707,-1.8067212536876736,1.999275087380604,6.845554625664888,-1.8771055160777348,2.9544630959802918,2.0412203288596382,2.1886223737535553,-0.1980198019801982,98.86666666666667,96.83333333333333,0,1,1,False,False,False,False,False,True,False,False,2.0412203288596382,2.1886223737535553,3.947003786701616,8.0,8.5,8.5,5.3,7.066666666666669,0.8144527815247189,7.783333333333334,0.9389710680664263,7.983333333333333,0.751765598541811,8.13704496788008,8.59106529209621,8.095781071835795,3.8932146829810943,7.565542529881832,0.8115206483255711,7.913209170902217,0.6642140805812959,7.730277137037404,0.6238267423147662,-28.92336631431998,-53.91700967751333,-46.76807478295959,-86.22906449733449,-4.450366499461647,47.93399127040829,-28.299358144965208,40.184810019979935,-42.84765362349993,33.42091041305281,0.49999999999999994,0.8660254037844387,2014
2014-02-01,5.9,101.0,6.878306878306884,38.582913359130536,2,0.8660254037844386,0.5000000000000001,1,98,6.270124037584787,-1.0240305374438918,0.6539064998591053,6.677378748511342,-0.3584536269377358,0.559381756733278,1.9315214116032138,2.064113017624367,0.1984126984126977,100.93333333333332,97.86666666666667,0,1,1,False,False,False,False,False,True,False,False,1.9315214116032138,2.064113017624367,3.6783975443157586,6.7,6.5,8.5,7.3,6.86666666666667,1.0598742063723186,7.3500000000000005,1.1238327277665197,7.866666666666666,0.9499601267546183,7.922912205567445,6.636670416197976,8.095781071835795,6.4189189189189255,7.6460880172514685,0.6734828267768969,7.710296805314066,0.7741513303959858,7.7685594669864,0.5451742300983149,50.77999028494536,-35.20772346901029,-56.80572949958111,-55.244729845681015,20.146512443251964,42.931129991483495,-12.401251001846603,45.206683025953694,-35.0286833564323,40.48584934496694,0.8660254037844386,0.5000000000000001,2014
2014-03-01,5.6,100.8,6.666666666666665,-2.1322769468821305,3,1.0,6.123233995736766e-17,1,99,6.000522045204012,-0.4523124302471224,0.05179038504310984,6.475746606421044,-0.06494082836832377,0.2558608886139453,1.8870696490323797,2.0368819272610397,-0.1980198019801982,100.86666666666666,98.86666666666667,0,1,1,False,False,False,False,False,True,False,False,1.8870696490323797,2.0368819272610397,-1.1417601991497406,5.9,8.0,8.5,7.8,6.066666666666669,0.5686240703077543,6.866666666666667,1.1535452599121547,7.683333333333334,1.1543068233462213,6.878306878306884,8.13704496788008,8.095781071835795,7.630979498861046,7.155961916846997,0.6725752402685333,7.472111071119211,0.8481417917404036,7.688200064303534,0.6315286105495217,38.582913359130536,-28.92336631431998,-45.72231019431188,-38.7011781067296,29.076875565731246,27.707410052190333,-5.1362454606083086,42.18221890890443,-31.98127492644501,41.54667684809284,1.0,6.123233995736766e-17,2014
2014-04-01,5.1,100.2,6.0317460317460325,56.47213919711231,4,0.8660254037844387,-0.4999999999999998,0,100,5.676986117050977,-0.2503564796204563,-0.3266296374305213,6.222112871249271,0.006463771255796988,-0.19683061075903563,1.8082887711792655,1.950435043653603,-0.5952380952380931,100.66666666666667,99.76666666666667,0,1,1,False,False,False,False,False,True,False,False,1.8082887711792655,1.950435043653603,4.051300294675554,5.6,6.7,8.5,8.5,5.533333333333336,0.4041451884327733,6.3,1.017840851999531,7.3999999999999995,1.338248516124148,6.666666666666665,7.922912205567445,8.59106529209621,7.630979498861046,6.525573192239858,0.4405642326915005,7.045557861060847,0.8157977134587697,7.554930608710618,0.7928400641598375,-2.1322769468821305,50.77999028494536,-53.91700967751333,-89.05552303872801,30.974258536453565,30.03394944146687,13.261946018495964,40.69832272890704,-19.853969740124985,44.50645328883495,0.8660254037844387,-0.4999999999999998,2014
2014-05-01,5.1,100.2,6.0317460317460325,25.5850869289994,5,0.49999999999999994,-0.8660254037844387,0,101,5.278809381297767,-0.03006766705087993,-0.14874171424688676,5.901146024606463,0.17528014929420846,-0.04468014215463967,1.8082887711792655,1.950435043653603,0.0,100.39999999999999,100.66666666666667,0,1,1,False,False,False,False,False,False,False,False,1.8082887711792655,1.950435043653603,3.2803504168023534,5.1,5.9,6.5,8.5,5.266666666666668,0.28867513459486516,6.066666666666666,1.1183320914047836,7.116666666666666,1.4402230466986032,6.0317460317460325,6.878306878306884,6.636670416197976,7.753705815279366,6.243386243386243,0.36657159948578666,6.944737130318856,0.9085445625428453,7.411433960082839,0.9019188259913704,56.47213919711231,38.582913359130536,-35.20772346901029,-47.22389806475548,26.641649726409852,29.316490949690035,23.394081084830912,33.07070407593,-13.786554323978747,45.390127845724265,0.49999999999999994,-0.8660254037844387,2014
2014-06-01,5.1,100.2,6.0317460317460325,32.92693243271549,6,1.2246467991473532e-16,-1.0,0,102,4.789527108115313,0.3054872449241191,0.004985646960567358,5.505118918821477,0.32004070796503836,0.2065864049595172,1.8082887711792655,1.950435043653603,0.0,100.2,100.53333333333335,0,1,1,False,False,False,False,False,False,False,False,1.8082887711792655,1.950435043653603,3.5242091660062695,5.1,5.6,8.0,8.5,5.1,0.0,5.583333333333333,0.6400520812135485,6.833333333333333,1.4773030299920245,6.0317460317460325,6.666666666666665,8.13704496788008,7.753705815279366,6.0317460317460325,0.0,6.593853974296515,0.7483992172781767,7.267937311455062,0.976418620832084,25.5850869289994,-2.1322769468821305,-28.92336631431998,-67.38229077335424,38.32805285294239,16.13634332178807,33.702464209336824,20.90234779634588,-5.427452390139603,43.832379710662096,1.2246467991473532e-16,-1.0,2014
2014-07-01,5.1,100.2,5.696202531645578,36.19971825808484,7,-0.4999999999999997,-0.8660254037844388,0,103,4.203621191315377,0.6629754275006614,0.23340338118396087,5.035765119676164,0.47086190480033246,0.18957550716908145,1.8082887711792655,1.9015405793912792,0.0,100.2,100.43333333333334,0,1,1,False,False,False,False,False,False,False,False,1.8082887711792655,1.9015405793912792,3.6163011875430233,5.1,5.1,6.7,8.5,5.1,0.0,5.316666666666666,0.348807492273021,6.55,1.4544602247754697,6.0317460317460325,6.0317460317460325,7.922912205567445,8.095781071835795,5.9198981983792125,0.1937261301084294,6.222735695309538,0.45022585676695287,7.067972433105877,1.0353971591865283,32.92693243271549,56.47213919711231,50.77999028494536,-46.76807478295959,31.570579206599902,5.435749269289499,31.27241887152674,19.30649826278732,1.4865303632807663,43.258408544962585,-0.4999999999999997,-0.8660254037844388,2014
2014-08-01,5.1,100.2,5.696202531645578,33.80408643938396,8,-0.8660254037844384,-0.5000000000000004,0,104,3.530703193707929,0.8589971123554864,0.7102996939365842,4.506795265796647,0.523549080218877,0.6658581856300536,1.8082887711792655,1.9015405793912792,0.0,100.2,100.30000000000001,0,1,1,False,False,False,False,False,False,False,False,1.8082887711792655,1.9015405793912792,3.549734806305566,5.1,5.1,5.9,8.5,5.1,0.0,5.183333333333333,0.2041241452297911,6.266666666666666,1.3686976778429516,5.696202531645578,6.0317460317460325,6.878306878306884,8.095781071835795,5.808050365012395,0.19372613010843404,6.025718304199319,0.3544249123777433,6.868007554756692,1.0504566402540854,36.19971825808484,25.5850869289994,38.582913359130536,-56.80572949958111,34.31024571006142,1.6940866772805592,30.47594771823564,19.041345483383015,9.03734835819452,39.93909869513456,-0.8660254037844384,-0.5000000000000004,2014
2014-09-01,5.1,100.2,5.696202531645578,14.78703280397087,9,-1.0,-1.8369701987210297e-16,0,105,2.7975186774553396,0.9230064968245654,1.3794748257200946,3.9461122335993757,0.8499536060307574,0.9001366920154448,1.8082887711792655,1.9015405793912792,0.0,100.2,100.2,0,1,1,False,False,False,False,False,False,False,False,1.8082887711792655,1.9015405793912792,2.759188894457792,5.1,5.1,5.6,8.5,5.1,0.0,5.1,0.0,5.983333333333333,1.2066733634500895,5.696202531645578,6.0317460317460325,6.666666666666665,8.095781071835795,5.696202531645578,0.0,5.863974281695804,0.18378474402858502,6.668042676407507,1.0235374690331236,33.80408643938396,32.92693243271549,-2.1322769468821305,-45.72231019431188,28.26361250047988,11.73236605250396,33.29583267671114,13.7695273512912,14.079793608051418,36.02495507238627,-1.0,-1.8369701987210297e-16,2014
2014-10-01,5.1,100.2,5.696202531645578,27.826285053528927,10,-0.8660254037844386,0.5000000000000001,0,106,2.040499048094627,1.2287719248060966,1.830729027099276,3.3857341704311152,1.223326933911289,1.0871414273031736,1.8082887711792655,1.9015405793912792,0.0,100.2,100.2,0,1,1,False,False,False,False,False,False,False,False,1.8082887711792655,1.9015405793912792,3.361287646376637,5.1,5.1,5.1,8.5,5.1,0.0,5.1,0.0,5.699999999999999,0.929320377284228,5.696202531645578,5.696202531645578,6.0317460317460325,8.59106529209621,5.696202531645578,0.0,5.808050365012396,0.1732739183749149,6.426804113036622,0.8566331138238855,14.78703280397087,36.19971825808484,56.47213919711231,-53.91700967751333,25.472468098961244,9.724578290843107,28.521523652780576,7.797564039218129,20.89173483563827,29.05221243052139,-0.8660254037844386,0.5000000000000001,2014
2014-11-01,5.1,100.2,5.696202531645578,47.9136112809008,11,-0.5000000000000004,0.8660254037844384,1,107,1.2874137908255827,0.4442005718319346,3.368385637342482,2.8486143293970247,0.4654034712586992,2.382184730989854,1.8082887711792655,1.9015405793912792,0.0,100.2,100.2,0,1,1,False,False,False,False,False,False,False,False,1.8082887711792655,1.9015405793912792,3.890055707051521,5.1,5.1,5.1,6.5,5.1,0.0,5.1,0.0,5.583333333333333,0.9073771725873788,5.696202531645578,5.696202531645578,6.0317460317460325,6.636670416197976,5.696202531645578,0.0,5.752126448328987,0.13698506029136867,6.3484317893239215,0.8784310062799772,27.826285053528927,33.80408643938396,25.5850869289994,-35.20772346901029,30.17564304613352,16.68778483292782,32.242944378097484,10.847548970929378,27.818512731464196,23.915782310053114,-0.5000000000000004,0.8660254037844384,2014
2014-12-01,-1.7,100.2,-0.7920792079207928,40.6155001202102,12,-2.4492935982947064e-16,1.0,1,108,0.5336296564421941,-1.331539968892764,-0.90208968754943,2.33593230593457,-1.3956182741684173,-1.7323932396869453,-0.9932517730102833,-0.5833765144245667,0.0,100.2,100.2,0,1,1,False,False,False,False,False,False,False,False,-0.9932517730102833,-0.5833765144245667,3.728472696912946,5.1,5.1,5.1,8.0,2.8333333333333357,3.925981830489461,3.9666666666666663,2.77608837515411,4.7749999999999995,2.0981052057856298,5.696202531645578,5.696202531645578,6.0317460317460325,8.13704496788008,3.533441951790119,3.7460112089168134,4.6148222417178495,2.6488299282258216,5.604338108007181,2.1241406108459775,47.9136112809008,14.78703280397087,32.92693243271549,-28.92336631431998,38.785132151546634,10.167981801553994,33.524372326013264,11.385307179565096,33.61341826767505,16.04754856673349,-2.4492935982947064e-16,1.0,2014
2015-01-01,-1.0,100.2,-0.5952380952380931,25.25258154672032,1,0.49999999999999994,0.8660254037844387,1,109,-0.23448442087694565,-1.0360363102477075,0.27052073112465314,1.8385734632354043,-1.4279982938519493,-1.005813264621548,-0.6931471805599453,-0.4670230011075964,0.0,100.2,100.2,0,1,1,False,False,False,False,False,False,False,False,-0.6931471805599453,-0.4670230011075964,3.2677643288390805,-1.7,5.1,5.1,6.7,0.8000000000000022,3.7403208418530167,2.9499999999999997,3.3381132395410313,4.133333333333333,2.5783480734528594,-0.7920792079207928,5.696202531645578,5.696202531645578,7.922912205567445,1.4362950761622295,3.690500677804137,3.5662488039039046,3.3002971926681868,4.894492249606721,2.6396296610562007,40.6155001202102,27.826285053528927,36.19971825808484,50.77999028494536,37.92723098261043,11.567223537671733,31.699849540785845,11.742383440703518,31.486134206156294,15.236530000829676,0.49999999999999994,0.8660254037844387,2015
2015-02-01,-1.9,100.2,-0.7920792079207928,0.5649732542119128,2,0.8660254037844386,0.5000000000000001,1,110,-1.01673912478307,-0.7212303240379284,-0.16203055117900167,1.358020053291841,-0.8907950443845355,-1.2593042168280983,-1.0647107369924282,-0.5833765144245667,0.0,100.2,100.2,0,1,1,False,False,False,False,False,False,False,False,-1.0647107369924282,-0.5833765144245667,0.4478687338856424,-1.0,5.1,5.1,5.9,-1.5333333333333308,0.47258156262534345,1.783333333333333,3.6454995085263393,3.4833333333333325,3.035197562338159,-0.5952380952380931,5.696202531645578,5.696202531645578,6.878306878306884,-0.7264655036932274,0.11364626939641707,2.484868513976176,3.5185743700350467,4.255293409087748,3.0172649383578025,25.25258154672032,47.9136112809008,33.80408643938396,38.582913359130536,22.1443516403808,20.20537045995432,26.15999734325717,17.147774074640704,28.317972530746406,17.422496560950222,0.8660254037844386,0.5000000000000001,2015
2015-03-01,-4.3,100.2,-0.5952380952380931,39.97014033914143,3,1.0,6.123233995736766e-17,1,111,-1.797522974416636,-0.2749363165243085,-2.2275407090590553,0.9072820588929007,-0.6064410324693602,-0.8960791216616336,-1.667706820558076,-0.4670230011075964,0.0,100.2,100.2,0,1,1,False,False,False,False,False,False,False,False,-1.667706820558076,-0.4670230011075964,3.7128435169652008,-1.9,-1.7,5.1,5.6,-2.3999999999999972,1.7058722109232225,0.21666666666666665,3.9427993439516773,2.6583333333333328,3.683737808588374,-0.7920792079207928,-0.7920792079207928,5.696202531645578,6.666666666666665,-0.6608517994656609,0.1136462693964126,1.4362950761622304,3.3008841546315604,3.6501346789290174,3.2116420978784936,0.5649732542119128,40.6155001202102,14.78703280397087,-2.1322769468821305,21.929231713357876,19.91168724226981,30.35718193245226,16.887322788854657,31.826507304581707,14.770408921692601,1.0,6.123233995736766e-17,2015
2015-04-01,-3.8,100.0,-0.1996007984031989,31.37287813898817,4,0.8660254037844387,-0.4999999999999998,0,112,-2.5526736541757216,-0.26678949848764894,-0.9805368473366292,0.5062620947285817,-0.1738160956152366,-0.532046797516544,-1.5686159179138452,-0.18198883345034716,-0.1996007984031989,100.13333333333334,100.16666666666667,0,1,1,False,False,False,False,False,True,False,False,-1.5686159179138452,-0.18198883345034716,3.4773209777633816,-4.3,-1.0,5.1,5.1,-3.333333333333331,1.2662279942148742,-1.2666666666666666,3.370855479943596,1.916666666666666,4.027368491918287,-0.5952380952380931,-0.5952380952380931,5.696202531645578,6.0317460317460325,-0.5289727005206961,0.30174657137943767,0.45366118782076786,2.5774060077342775,3.1308557764165816,3.2942605499420314,39.97014033914143,25.25258154672032,27.826285053528927,56.47213919711231,23.969330577447163,20.71958459090789,30.948280780028806,16.843029226130547,29.73490221640469,12.577453285915615,0.8660254037844387,-0.4999999999999998,2015
2015-05-01,-4.4,100.0,-0.1996007984031989,37.12220846859518,5,0.49999999999999994,-0.8660254037844387,0,113,-3.254152314696457,-0.00895251072061827,-1.136895174582925,0.17751148396950925,0.5613990522089646,-0.9385113345816727,-1.6863989535702288,-0.18198883345034716,0.0,100.06666666666666,100.13333333333333,0,1,1,False,False,False,False,False,False,False,False,-1.6863989535702288,-0.18198883345034716,3.6407970117509603,-3.8,-1.9,5.1,5.1,-4.166666666666664,0.3214550253665815,-2.85,1.4869431730900484,1.1249999999999998,4.271070762062441,-0.1996007984031989,-0.7920792079207928,5.696202531645578,6.0317460317460325,-0.3314798973481648,0.22842129982980255,-0.5289727005206949,0.26989033823171865,2.611576873904146,3.286537941638292,31.37287813898817,0.5649732542119128,47.9136112809008,25.5850869289994,36.15507564890825,4.379467861820457,29.149713644644535,15.161293145496266,30.696329011371006,12.67199801894068,0.49999999999999994,-0.8660254037844387,2015
2015-06-01,-4.4,99.9,-0.2994011976047872,24.459848631546933,6,1.2246467991473532e-16,-1.0,0,114,-3.8779175085723234,0.14816289280479938,-0.670245384232476,-0.0597303161761989,0.5303381993595443,-0.7700090807881325,-1.6863989535702288,-0.26190354112370196,-0.09999999999998899,99.96666666666668,100.08333333333333,0,1,1,False,False,False,False,False,True,False,False,-1.6863989535702288,-0.26190354112370196,3.23710264776779,-4.4,-4.3,-1.7,5.1,-4.199999999999998,0.34641016151391485,-3.3000000000000003,1.4778362561525888,0.3333333333333328,4.3470644919265755,-0.1996007984031989,-0.5952380952380931,-0.7920792079207928,6.0317460317460325,-0.23286759813706284,0.057619787347112074,-0.44685969880136067,0.24788172331206507,2.0839812714582444,3.194463945470471,37.12220846859518,39.97014033914143,40.6155001202102,32.92693243271549,30.984978413043418,6.340085867616413,26.457105063200654,14.116329393429297,29.99073869460696,12.771839318223389,1.2246467991473532e-16,-1.0,2015
2015-07-01,-4.4,99.9,-0.2994011976047872,23.75784450978123,7,-0.4999999999999997,-0.8660254037844388,0,115,-4.412354942695709,0.39695691066114897,-0.3846019679654402,-0.20111040895603113,0.7015080473430637,-0.7997988359918198,-1.6863989535702288,-0.26190354112370196,0.0,99.93333333333334,100.03333333333335,0,1,1,False,False,False,False,False,False,False,False,-1.6863989535702288,-0.26190354112370196,3.2091423886868444,-4.4,-3.8,-1.0,5.1,-4.4,0.0,-3.866666666666667,0.9912954487264455,-0.45833333333333376,4.264325233488743,-0.2994011976047872,-0.1996007984031989,-0.5952380952380931,5.696202531645578,-0.2661343978709256,0.05761978734711654,-0.3975535491958097,0.2418131619549491,1.584347627354047,3.043433514208102,24.459848631546933,31.37287813898817,25.25258154672032,36.19971825808484,28.446633869974438,7.521462517948491,26.207982223710804,14.15497463945124,28.953915882248324,12.72690849929789,-0.4999999999999997,-0.8660254037844388,2015
2015-08-01,-4.4,99.9,-0.2994011976047872,23.250399407377355,8,-0.8660254037844384,-0.5000000000000004,0,116,-4.858783783274615,0.5011601096021131,-0.042376326327498326,-0.2663395719739239,0.6037129895913597,-0.6367746152222229,-1.6863989535702288,-0.26190354112370196,0.0,99.9,99.98333333333333,0,1,1,False,False,False,False,False,False,False,False,-1.6863989535702288,-0.26190354112370196,3.18843308765517,-4.4,-4.4,-1.9,5.1,-4.4,0.0,-4.283333333333333,0.24013884872249014,-1.2500000000000004,4.01304690410473,-0.2994011976047872,-0.1996007984031989,-0.7920792079207928,5.696202531645578,-0.2994011976047872,0.0,-0.3154405474764754,0.14553085232730933,1.0847139832498502,2.7884977488897156,23.75784450978123,37.12220846859518,0.5649732542119128,33.80408643938396,23.822697516235163,0.6073271694732921,29.988886582571713,7.310656546413474,28.074441962914438,12.725923623179108,-0.8660254037844384,-0.5000000000000004,2015
2015-09-01,-6.5,99.9,-0.2994011976047872,33.42606618163729,9,-1.0,-1.8369701987210297e-16,0,117,-5.229857111881714,0.6538077049726634,-1.9239505930909502,-0.28789147937421766,0.5808251245136469,-0.5923348427442164,-2.0149030205422647,-0.26190354112370196,0.0,99.9,99.93333333333334,0,1,1,False,False,False,False,False,False,False,False,-2.0149030205422647,-0.26190354112370196,3.53881401527927,-4.4,-4.4,-4.3,5.1,-5.099999999999998,1.2124355652982564,-4.65,0.937549998666255,-2.2166666666666672,3.7316419328695765,-0.2994011976047872,-0.2994011976047872,-0.5952380952380931,5.696202531645578,-0.2994011976047872,0.0,-0.2661343978709244,0.05153670453746492,0.585080339145653,2.3967261669587048,23.250399407377355,24.459848631546933,39.97014033914143,14.78703280397087,26.811436699598612,5.734053323911861,28.898207556321022,5.869919732184877,29.62769474438664,12.077680247902421,-1.0,-1.8369701987210297e-16,2015
2015-10-01,-6.5,99.9,-0.2994011976047872,30.83657366462021,10,-0.8660254037844386,0.5000000000000001,0,118,-5.542338462725304,0.7557222360154017,-1.7133837732900972,-0.29672029282382845,1.023062130764419,-1.0257430355453778,-2.0149030205422647,-0.26190354112370196,0.0,99.9,99.91666666666667,0,1,1,False,False,False,False,False,False,False,False,-2.0149030205422647,-0.26190354112370196,3.460615744149902,-6.5,-4.4,-3.8,5.1,-5.799999999999998,1.2124355652982581,-5.1000000000000005,1.084435336937658,-3.1833333333333336,3.11560101697389,-0.2994011976047872,-0.2994011976047872,-0.1996007984031989,5.696202531645578,-0.2994011976047872,0.0,-0.2827677977378558,0.0407433423580118,0.08544669504145602,1.7799487146740338,33.42606618163729,23.75784450978123,31.37287813898817,27.826285053528927,29.17101308454494,5.28834734199683,28.808823477259697,5.8286382613268035,29.878552128644248,12.068121493192209,-0.8660254037844386,0.5000000000000001,2015
2015-11-01,-6.5,99.9,-0.2994011976047872,19.782574332991988,11,-0.5000000000000004,0.8660254037844384,1,119,-5.803082111764239,0.2659470632209521,-0.9628649514567131,-0.30876737698374696,0.4499646521290655,-0.4405984727501057,-2.0149030205422647,-0.26190354112370196,0.0,99.9,99.9,0,1,1,False,False,False,False,False,False,False,False,-2.0149030205422647,-0.26190354112370196,3.0341148631274995,-6.5,-4.4,-4.4,5.1,-6.5,0.0,-5.45,1.1502173707604533,-4.15,1.8574175621004039,-0.2994011976047872,-0.2994011976047872,-0.1996007984031989,5.696202531645578,-0.2994011976047872,0.0,-0.2994011976047872,0.0,-0.41418694906274106,0.21790598435689054,30.83657366462021,23.250399407377355,37.12220846859518,47.9136112809008,28.015071393083147,7.246162691881423,25.918884454659164,5.140339253028876,27.53429904965185,10.924344204005427,-0.5000000000000004,0.8660254037844384,2015
2015-12-01,-6.5,99.9,-0.2994011976047872,12.556874020150527,12,-2.4492935982947064e-16,1.0,1,120,-6.005300241144437,-0.9454225631888774,0.45072280433331446,-0.321901391685329,-0.995583855628501,1.0180840497090429,-2.0149030205422647,-0.26190354112370196,0.0,99.9,99.9,0,1,1,False,False,False,False,False,False,False,False,-2.0149030205422647,-0.26190354112370196,2.6068937264488183,-6.5,-6.5,-4.4,-1.7,-6.5,0.0,-5.8,1.084435336937656,-4.55,1.7977258361099382,-0.2994011976047872,-0.2994011976047872,-0.2994011976047872,-0.7920792079207928,-0.2994011976047872,0.0,-0.2994011976047872,0.0,-0.37313044820307395,0.18401056602144547,19.782574332991988,33.42606618163729,24.459848631546933,40.6155001202102,21.058674005920896,9.206420452837676,23.93505535275976,7.548728476593673,25.196080207980213,10.872619864975416,-2.4492935982947064e-16,1.0,2015
2016-01-01,-6.1,99.9,-0.2994011976047872,-15.886989575890478,1,0.49999999999999994,0.8660254037844387,1,121,-6.1460763711453374,-0.6589518229381267,0.7050281940834644,-0.332205419492305,-1.2386268560661273,1.271431077953645,-1.9600947840472698,-0.26190354112370196,0.0,99.9,99.9,1,1,1,False,False,False,False,False,False,True,False,-1.9600947840472698,-0.26190354112370196,-2.826543477863759,-6.5,-6.5,-4.4,-1.0,-6.366666666666664,0.23094010767609136,-6.083333333333333,0.8400396816018588,-4.9750000000000005,1.451723114095446,-0.2994011976047872,-0.2994011976047872,-0.2994011976047872,-0.5952380952380931,-0.2994011976047872,0.0,-0.2994011976047872,0.0,-0.34847737340029844,0.17089860865395784,12.556874020150527,30.83657366462021,23.75784450978123,25.25258154672032,5.484152925750667,18.857279366913534,17.32758300514781,17.93726970158227,21.76778261442931,16.08819224772287,0.49999999999999994,0.8660254037844387,2016
2016-02-01,-6.1,99.9,-0.2994011976047872,-35.26588742838423,2,0.8660254037844386,0.5000000000000001,1,122,-6.224280392920293,-0.5910886718916226,0.7153690648119158,-0.3363400430453762,-1.506480279444516,1.543419124885105,-1.9600947840472698,-0.26190354112370196,0.0,99.9,99.9,1,1,1,False,False,False,False,False,False,True,False,-1.9600947840472698,-0.26190354112370196,-3.5908775591731983,-6.1,-6.5,-4.4,-1.9,-6.233333333333331,0.23094010767608983,-6.366666666666666,0.20655911179551148,-5.325,1.108746220655182,-0.2994011976047872,-0.2994011976047872,-0.2994011976047872,-0.7920792079207928,-0.2994011976047872,0.0,-0.2994011976047872,0.0,-0.3074208725406313,0.09847377460067175,-15.886989575890478,19.782574332991988,23.250399407377355,0.5649732542119128,-12.865334328041406,24.054145764680335,7.574868532520881,27.455523897158727,18.7818775575463,22.448774158633753,0.8660254037844386,0.5000000000000001,2016
2016-03-01,-6.1,99.9,-0.2994011976047872,-28.57571440421964,3,1.0,6.123233995736766e-17,1,123,-6.236318262286761,-0.013931486824773104,0.15024974911153421,-0.33131045613568494,-1.2548159456310093,1.286725204161907,-1.9600947840472698,-0.26190354112370196,0.0,99.9,99.9,1,1,1,False,False,False,False,False,False,True,False,-1.9600947840472698,-0.26190354112370196,-3.3869535652521536,-6.1,-6.5,-6.5,-4.3,-6.1,0.0,-6.3,0.21908902299997693,-5.4750000000000005,1.0788251185259818,-0.2994011976047872,-0.2994011976047872,-0.2994011976047872,-0.5952380952380931,-0.2994011976047872,0.0,-0.2994011976047872,0.0,-0.2827677977378558,0.038847252697024964,-35.26588742838423,12.556874020150527,33.42606618163729,39.97014033914143,-26.576197136164794,9.842965634058983,-2.758761565121939,27.447789430627303,13.069722995599543,25.128174323798266,1.0,6.123233995736766e-17,2016
2016-04-01,-7.4,99.7,-0.3000000000000002,-18.042889704281396,4,0.8660254037844387,-0.4999999999999998,0,124,-6.1896775367826,-0.09331081994625892,-1.117011643271141,-0.31450169465838634,-0.3675516318129932,0.38205332647137935,-2.128231705849268,-0.2623642644674912,-0.2002002002002068,99.83333333333333,99.86666666666667,1,1,1,False,False,False,False,False,True,True,False,-2.128231705849268,-0.2623642644674912,-2.9466937880301365,-6.1,-6.1,-6.5,-3.8,-6.533333333333331,0.7505553499465881,-6.45,0.5049752469171965,-5.775000000000001,1.0712142642809384,-0.2994011976047872,-0.2994011976047872,-0.2994011976047872,-0.1996007984031989,-0.2996007984031927,0.0003457191993876046,-0.2995009980039893,0.0002444594458915227,-0.2911343978709226,0.02882612215934799,-28.57571440421964,-15.886989575890478,30.83657366462021,31.37287813898817,-27.294830512295103,8.682649958943346,-10.905338793272207,22.24258718634353,8.951742341993745,25.893440022465725,0.8660254037844387,-0.4999999999999998,2016
2016-05-01,-6.8,99.7,-0.3000000000000002,-18.560563199514466,5,0.49999999999999994,-0.8660254037844387,0,125,-6.094165492507905,0.1680158005547134,-0.8738503080468085,-0.2811719758035946,1.069903893085279,-1.0887319172816845,-2.0541237336955462,-0.2623642644674912,0.0,99.76666666666667,99.83333333333333,1,1,1,False,False,False,False,False,False,True,False,-2.0541237336955462,-0.2623642644674912,-2.9735154576233582,-7.4,-6.1,-6.5,-4.4,-6.766666666666663,0.6506407098648577,-6.5,0.5253570214616754,-5.9750000000000005,1.0136567466351443,-0.3000000000000002,-0.2994011976047872,-0.2994011976047872,-0.1996007984031989,-0.299800399201597,0.00034571919939205547,-0.2996007984031915,0.0003092197463550832,-0.2995009980039894,0.0002330825748213311,-18.042889704281396,-35.26588742838423,19.782574332991988,37.12220846859518,-21.726389102671845,5.937334357834019,-17.295861715356615,16.404177352547336,4.311511369651275,25.370246479732916,0.49999999999999994,-0.8660254037844387,2016
2016-06-01,-6.8,99.7,-0.2002002002002068,-50.90302911473164,6,1.2246467991473532e-16,-1.0,0,126,-5.955375675647863,0.13792823507354934,-0.9825525594256863,-0.22477694798348938,0.8136423306914462,-0.7890655829081636,-2.0541237336955462,-0.18248837637896623,0.0,99.7,99.80000000000001,1,1,1,False,False,False,False,False,False,True,False,-2.0541237336955462,-0.18248837637896623,-3.9493771529144013,-6.8,-6.1,-6.5,-4.4,-6.999999999999997,0.3464101615139385,-6.55,0.539444158369597,-6.175000000000001,0.9056639954896135,-0.3000000000000002,-0.2994011976047872,-0.2994011976047872,-0.2994011976047872,-0.2667334000667369,0.057619441282329015,-0.2830672988357615,0.04059748149630397,-0.2912342482202743,0.028669220528557044,-18.560563199514466,-28.57571440421964,12.556874020150527,24.459848631546933,-29.16882733950918,18.824150487245408,-27.872512237836975,13.509610099011843,-1.9687284425386065,28.997706041192462,1.2246467991473532e-16,-1.0,2016
2016-07-01,-6.8,99.7,-0.2002002002002068,-57.66388423355623,7,-0.4999999999999997,-0.8660254037844388,0,127,-5.776546513164397,0.29276070125016684,-1.3162141880857696,-0.13220153451510705,1.02030528214584,-1.0883039478309398,-2.0541237336955462,-0.18248837637896623,0.0,99.7,99.76666666666667,1,1,1,False,False,False,False,False,False,True,False,-2.0541237336955462,-0.18248837637896623,-4.071824277408197,-6.8,-7.4,-6.1,-4.4,-6.8,0.0,-6.666666666666667,0.49665548085745387,-6.375,0.7250391838933596,-0.2002002002002068,-0.3000000000000002,-0.2994011976047872,-0.2994011976047872,-0.23346680013347246,0.057619441282324546,-0.2665337992683314,0.05138248273257186,-0.2829674984365593,0.03866122708359231,-50.90302911473164,-18.042889704281396,-15.886989575890478,23.75784450978123,-42.375825515934125,20.899816503604143,-34.8353280141146,16.525955922957188,-8.753872504483395,31.819336853246497,-0.4999999999999997,-0.8660254037844388,2016
2016-08-01,-6.8,99.7,-0.2002002002002068,-59.05233253984994,8,-0.8660254037844384,-0.5000000000000004,0,128,-5.558198909029262,0.24203080847962508,-1.4838318994503634,0.016306959206091272,0.704244408717247,-0.9207515681235451,-2.0541237336955462,-0.18248837637896623,0.0,99.7,99.73333333333335,1,1,1,False,False,False,False,False,False,True,False,-2.0541237336955462,-0.18248837637896623,-4.095216391066365,-6.8,-6.8,-6.1,-4.4,-6.8,0.0,-6.783333333333334,0.4119061381743998,-6.575,0.3792936017949154,-0.2002002002002068,-0.3000000000000002,-0.2994011976047872,-0.2994011976047872,-0.2002002002002068,0.0,-0.2500002997009013,0.05455371390301895,-0.2747007486528443,0.044926085397782554,-57.66388423355623,-18.560563199514466,-35.26588742838423,23.250399407377355,-55.87308196271261,4.359818363026874,-38.79973553269222,19.27441236867032,-15.61243350008567,33.13657074721959,-0.8660254037844384,-0.5000000000000004,2016
2016-09-01,-4.7,99.7,-0.2002002002002068,-49.41551828228832,9,-1.0,-1.8369701987210297e-16,0,129,-5.291562039539109,0.37199895946250133,0.21956308007660752,0.2415323842729232,0.3346166152298213,-0.7763491997029514,-1.7404661748405046,-0.18248837637896623,0.0,99.7,99.7,1,1,1,False,False,False,False,False,False,True,False,-1.7404661748405046,-0.18248837637896623,-3.920299030111454,-6.8,-6.8,-6.1,-6.5,-6.099999999999997,1.21243556529826,-6.550000000000001,0.9375499986662486,-6.425,0.6621246792772643,-0.2002002002002068,-0.2002002002002068,-0.2994011976047872,-0.2994011976047872,-0.2002002002002068,0.0,-0.2334668001334713,0.05153639500771213,-0.2664339988691292,0.04891740195875404,-59.05233253984994,-50.90302911473164,-28.57571440421964,33.42606618163729,-55.37724501856485,5.209470840048843,-42.273036179037,18.938300831170302,-22.51589887207947,30.5172613000205,-1.0,-1.8369701987210297e-16,2016
2016-10-01,-4.7,99.7,-0.2002002002002068,-38.02921541836629,10,-0.8660254037844386,0.5000000000000001,0,130,-4.965325016227185,0.252256171831017,0.013068844396167734,0.5627374325335983,0.9743928609579479,-1.737330493691753,-1.7404661748405046,-0.18248837637896623,0.0,99.7,99.7,1,1,1,False,False,False,False,False,False,True,False,-1.7404661748405046,-0.18248837637896623,-3.6643104789757763,-4.7,-6.8,-7.4,-6.5,-5.399999999999998,1.21243556529826,-6.1000000000000005,1.0844353369376554,-6.2749999999999995,0.8269604805325169,-0.2002002002002068,-0.2002002002002068,-0.3000000000000002,-0.2994011976047872,-0.2002002002002068,0.0,-0.21683350016683903,0.04074309765326162,-0.2581672490854142,0.05116998803288388,-49.41551828228832,-57.66388423355623,-18.042889704281396,30.83657366462021,-48.832355413501524,10.523683887999242,-45.604090464717814,15.215982862734828,-28.254714628995014,25.66090800982404,-0.8660254037844386,0.5000000000000001,2016
2016-11-01,-4.7,99.7,-0.2002002002002068,-62.77349153737772,11,-0.5000000000000004,0.8660254037844384,1,131,-4.57694757803723,-0.04686816689297174,-0.07618425506979865,0.988994762356718,0.4594085449051046,-1.6486035074620293,-1.7404661748405046,-0.18248837637896623,0.0,99.7,99.7,1,1,1,False,False,False,False,False,False,True,False,-1.7404661748405046,-0.18248837637896623,-4.155337610865001,-4.7,-6.8,-6.8,-6.5,-4.7,0.0,-5.75,1.1502173707604526,-6.125,0.9382042809144571,-0.2002002002002068,-0.2002002002002068,-0.3000000000000002,-0.2994011976047872,-0.2002002002002068,0.0,-0.2002002002002068,0.0,-0.2499004993016992,0.051910688030908904,-38.02921541836629,-59.05233253984994,-18.560563199514466,19.782574332991988,-50.072741746010784,12.385223339706139,-52.97291185436169,8.89122563666466,-35.13438678485915,22.480921930994917,-0.5000000000000004,0.8660254037844384,2016
2016-12-01,-4.7,99.7,-0.2002002002002068,-22.86330435989813,12,-2.4492935982947064e-16,1.0,1,132,-4.13819461614089,-0.6929994902100659,0.1311941063509554,1.516859713415912,-0.5372602725916942,-1.1797996410244247,-1.7404661748405046,-0.18248837637896623,0.0,99.7,99.7,1,1,1,False,False,False,False,False,False,True,False,-1.7404661748405046,-0.18248837637896623,-3.1723418965989256,-4.7,-4.7,-6.8,-6.5,-4.7,0.0,-5.400000000000001,1.0844353369376576,-5.9750000000000005,1.013656746635145,-0.2002002002002068,-0.2002002002002068,-0.2002002002002068,-0.2994011976047872,-0.2002002002002068,0.0,-0.2002002002002068,0.0,-0.24163374951798414,0.0512051538818596,-62.77349153737772,-49.41551828228832,-50.90302911473164,12.556874020150527,-41.22200377188073,20.14574851521032,-48.29962439522277,15.274395709623244,-38.086068316529875,17.401369799473304,-2.4492935982947064e-16,1.0,2016
2017-01-01,-5.3,99.7,-0.2002002002002068,-5.969376380848393,1,0.49999999999999994,0.8660254037844387,1,133,-3.668757008903991,-0.4144367237701051,-1.2168062673259032,2.1387469462661994,-1.134633105845603,-1.2043140406208033,-1.840549633397487,-0.18248837637896623,0.0,99.7,99.7,1,1,0,False,False,False,False,False,False,True,False,-1.840549633397487,-0.18248837637896623,-1.9415257488683484,-4.7,-4.7,-6.8,-6.1,-4.899999999999998,0.3464101615139374,-5.15,0.8432081593527738,-5.908333333333334,1.0308498994278772,-0.2002002002002068,-0.2002002002002068,-0.2002002002002068,-0.2994011976047872,-0.2002002002002068,0.0,-0.2002002002002068,0.0,-0.2333669997342691,0.04899094234604187,-22.86330435989813,-38.02921541836629,-57.66388423355623,-15.886989575890478,-30.53539075937476,29.168862798707444,-39.68387308643813,22.024120106921256,-37.25960055027637,18.735893108277306,0.49999999999999994,0.8660254037844387,2017
2017-02-01,-4.6,99.7,-0.2002002002002068,10.995914417576548,2,0.8660254037844386,0.5000000000000001,1,134,-3.202309150545676,-0.49872894364352977,-0.8989619058107943,2.9729071326285923,-2.1046526533556507,-1.0684546794731484,-1.7227665977411035,-0.18248837637896623,0.0,99.7,99.7,1,1,0,False,False,False,False,False,False,True,False,-1.7227665977411035,-0.18248837637896623,2.4845661266146104,-5.3,-4.7,-6.8,-6.1,-4.8666666666666645,0.3785938897201664,-4.783333333333333,0.25625508124866975,-5.783333333333334,1.0944764903266502,-0.2002002002002068,-0.2002002002002068,-0.2002002002002068,-0.2994011976047872,-0.2002002002002068,0.0,-0.2002002002002068,0.0,-0.22510024995055408,0.045046126087680154,-5.969376380848393,-62.77349153737772,-59.05233253984994,-35.26588742838423,-5.9455887743900036,16.9296219226205,-28.009165260200387,27.571072359652593,-33.4044503964463,23.36984116433765,0.8660254037844386,0.5000000000000001,2017
2017-03-01,-2.0,100.7,0.800800800800805,-3.1252543504104424,3,1.0,6.123233995736766e-17,1,135,-2.7585293322698363,0.3883901496990799,0.3701391825707563,3.8115106543028756,-1.9082884477810247,-1.1024214057210462,-1.0986122886681098,0.5882314553019818,1.0030090270812364,100.03333333333335,99.86666666666667,1,1,0,False,False,False,False,False,True,True,False,-1.0986122886681098,0.5882314553019818,-1.417127678591263,-4.6,-4.7,-4.7,-6.1,-3.9666666666666637,1.738773514099362,-4.333333333333333,1.1707547423204256,-5.441666666666666,1.5370919019858515,-0.2002002002002068,-0.2002002002002068,-0.2002002002002068,-0.2994011976047872,0.1334668001334626,0.5779281973872976,-0.0333667000333715,0.40865694741091796,-0.13341675008342138,0.29670963056441585,10.995914417576548,-22.86330435989813,-49.41551828228832,-28.57571440421964,0.633761228772559,9.08586383136846,-20.294121271554072,26.850198529193875,-31.283578725295538,24.94936708739202,1.0,6.123233995736766e-17,2017
2017-04-01,-1.2,103.2,3.5105315947843607,-22.23335067174652,4,0.8660254037844387,-0.4999999999999998,0,136,-2.3182589120902497,0.17251316808169137,0.9457457440085584,4.652956439762788,-0.5556942432719267,-0.5867306017064999,-0.7884573603642702,1.5064150168088708,2.482621648460781,101.2,100.45,1,1,0,False,False,False,False,False,True,True,False,-0.7884573603642702,1.5064150168088708,-3.1455887753712544,-2.0,-5.3,-4.7,-7.4,-2.5999999999999974,1.7776388834631491,-3.7499999999999996,1.7026450011670384,-4.925,1.832596270570274,0.800800800800805,-0.2002002002002068,-0.2002002002002068,-0.3000000000000002,1.3703773984616519,1.9198165899454644,0.5850885991307231,1.488049896218893,0.18412754948194202,1.0874908412672173,-3.1252543504104424,-5.969376380848393,-38.02921541836629,-18.042889704281396,-4.78756353486015,16.676884255239013,-17.66147714711745,25.504148529368003,-31.63278380591763,24.7759185693137,0.8660254037844387,-0.4999999999999998,2017
2017-05-01,-0.7,107.4,7.723169508525585,-12.790813507016056,5,0.49999999999999994,-0.8660254037844387,0,137,-1.8770559302398466,0.4266313614467069,0.7504245687931397,5.50204459742918,1.6154078211122633,0.6057170899841413,-0.5306282510621704,2.165982647627928,4.069767441860472,103.76666666666667,101.73333333333333,1,1,0,False,False,False,False,False,True,True,False,-0.5306282510621704,2.165982647627928,-2.624002682597203,-1.2,-4.6,-4.7,-6.8,-1.2999999999999976,0.6557438524302859,-3.0833333333333335,2.011384266286722,-4.416666666666667,2.092772555653379,3.5105315947843607,-0.2002002002002068,-0.2002002002002068,-0.3000000000000002,4.011500634703583,3.4882695732469218,1.9056502172516883,3.19198011006875,0.8527250085257408,2.416750317291541,-22.23335067174652,10.995914417576548,-62.77349153737772,-18.560563199514466,-12.716472843057685,9.554265076764707,-9.331030808723833,12.84180256667378,-31.151971331542764,25.106446611508762,0.49999999999999994,-0.8660254037844387,2017
2017-06-01,-0.7,107.4,7.723169508525585,19.49470494195821,6,1.2246467991473532e-16,-1.0,0,138,-1.434533303063436,0.17317385534361118,0.5613594477198248,6.360983567964371,1.111098390525131,0.2510875500360834,-0.5306282510621704,2.165982647627928,0.0,106.0,103.01666666666667,1,1,0,False,False,False,False,False,False,True,False,-0.5306282510621704,2.165982647627928,3.0201665572660974,-0.7,-2.0,-4.7,-6.8,-0.8666666666666641,0.288675134595008,-2.4166666666666665,2.031173716516089,-3.908333333333333,2.1993628553960787,7.723169508525585,0.800800800800805,-0.2002002002002068,-0.2002002002002068,6.318956870611842,2.4321676334969666,3.2262118353726534,3.738697952911111,1.5130058175862235,3.0911929181299063,-12.790813507016056,-3.1252543504104424,-22.86330435989813,-50.90302911473164,-5.176486412268133,21.88129656017786,-2.2713625917477764,15.31878969049968,-25.285493493485276,28.116098693755234,1.2246467991473532e-16,-1.0,2017
2017-07-01,-0.2,108.7,9.027081243731194,26.184084126789365,7,-0.4999999999999997,-0.8660254037844388,0,139,-0.9913627499056958,0.20678702057720666,0.5845757293284892,7.2299719209062285,1.3580921285761645,0.4390171942488017,-0.18232155679395465,2.3052895570053424,1.2104283054003684,107.83333333333333,104.51666666666667,1,1,0,False,False,False,False,False,True,True,False,-0.18232155679395465,2.3052895570053424,3.3026316596418774,-0.7,-1.2,-5.3,-6.8,-0.5333333333333309,0.2886751345950081,-1.5666666666666664,1.6058227382453478,-3.358333333333334,2.235441113001193,7.723169508525585,3.5105315947843607,-0.2002002002002068,-0.2002002002002068,8.157806753594121,0.7528137913206056,4.764092076027887,3.9397625452109004,2.2819459379138403,3.711667573950656,19.49470494195821,-22.23335067174652,-5.969376380848393,-57.66388423355623,10.962658520577163,20.84124572797503,3.087547492858517,18.95814456167352,-18.29816279678981,29.711566180131676,-0.4999999999999997,-0.8660254037844388,2017
2017-08-01,-0.2,108.7,9.027081243731194,38.27883994371346,8,-0.8660254037844384,-0.5000000000000004,0,140,-0.5485793289022987,-0.05688524751705498,0.40546457641935363,8.108349428123848,0.7826660608760638,0.13606575473128224,-0.18232155679395465,2.3052895570053424,0.0,108.26666666666667,106.01666666666667,1,1,0,False,False,False,False,False,False,True,False,-0.18232155679395465,2.3052895570053424,3.6706859500489726,-0.2,-0.7,-4.6,-6.8,-0.3666666666666643,0.2886751345950082,-0.8333333333333334,0.6831300510633341,-2.8083333333333336,2.1206595600652247,9.027081243731194,7.723169508525585,-0.2002002002002068,-0.2002002002002068,8.592443998662656,0.7528137913206007,6.301972316683121,3.374820575846498,3.0508860582414568,4.087473234982935,26.184084126789365,-12.790813507016056,10.995914417576548,-59.05233253984994,27.985876337487,9.52080738797525,7.634701747214668,23.86998681262614,-10.187231756492862,30.83851970449103,-0.8660254037844384,-0.5000000000000004,2017
2017-09-01,-0.2,108.7,9.027081243731194,42.54258506707025,9,-1.0,-1.8369701987210297e-16,0,141,-0.1073880826237082,0.10243871509330005,-0.19505063246959187,8.995072863813384,0.06408016986350396,-0.03207178994569304,-0.18232155679395465,2.3052895570053424,0.0,108.7,107.35000000000001,1,1,0,False,False,False,False,False,False,True,False,-0.18232155679395465,2.3052895570053424,3.7737394262779835,-0.2,-0.7,-2.0,-4.7,-0.2,0.0,-0.5333333333333333,0.40824829046279637,-2.4333333333333336,2.153362416540414,9.027081243731194,7.723169508525585,0.800800800800805,-0.2002002002002068,9.027081243731194,0.0,7.673019057171518,2.1369036115502973,3.8198261785690737,4.283498273450311,38.27883994371346,19.49470494195821,-3.1252543504104424,-49.41551828228832,35.66850304585768,8.48590197289055,15.246008316794784,26.847990944008323,-2.5240564773796454,31.61996108243645,-1.0,-1.8369701987210297e-16,2017
2017-10-01,-0.1,111.1,11.43430290872618,28.045261293992077,10,-0.8660254037844386,0.5000000000000001,0,142,0.3310279634454564,-0.263298471758805,-0.16772949168665138,9.889031886732612,0.9257537903419837,0.6195172316515833,-0.09531017980432487,2.5204590168763086,2.2079116835326484,109.5,108.66666666666667,1,1,0,False,False,False,False,False,True,True,False,-0.09531017980432487,2.5204590168763086,3.3688553475821017,-0.2,-0.2,-1.2,-4.7,-0.1666666666666643,0.05773502691993986,-0.35000000000000003,0.27386127875099564,-2.0500000000000003,2.1223914470579044,9.027081243731194,9.027081243731194,3.5105315947843607,-0.2002002002002068,9.829488465396187,1.3898100762840162,8.993647609495154,1.3556091563164219,4.789368104312939,4.5961588437220815,42.54258506707025,26.184084126789365,-22.23335067174652,-38.02921541836629,36.28889543492525,7.450705235505646,23.625776977751215,19.707199082382182,2.9821499153168847,30.612072037793222,-0.8660254037844386,0.5000000000000001,2017
2017-11-01,-0.1,111.1,11.43430290872618,55.39854946760301,11,-0.5000000000000004,0.8660254037844384,1,143,0.7657626716600326,-0.4409340023049004,-0.4248286693551323,10.789146982385114,0.40598827857690006,0.23916764776416422,-0.09531017980432487,2.5204590168763086,0.0,110.3,109.28333333333335,1,1,0,False,False,False,False,False,False,True,False,-0.09531017980432487,2.5204590168763086,4.032443439513762,-0.1,-0.2,-0.7,-4.7,-0.13333333333333097,0.057735026919939925,-0.25,0.225831795810801,-1.666666666666667,2.012837586968769,11.43430290872618,9.027081243731194,7.723169508525585,-0.2002002002002068,10.631895687061183,1.3898100762840109,9.612169842861922,1.49904276717189,5.758910030056804,4.674404827687311,28.045261293992077,38.27883994371346,-12.790813507016056,-62.77349153737772,41.99546527622177,13.68484923286659,34.99067080685439,13.040280802491543,12.829819999065279,26.229829974056035,-0.5000000000000004,0.8660254037844384,2017
2017-12-01,-0.1,111.1,11.43430290872618,27.38250377903547,12,-2.4492935982947064e-16,1.0,1,144,1.1962268373265852,-0.4948281398308794,-0.8013986974957058,11.69419675443116,-0.08734824843905376,-0.1725455972659251,-0.09531017980432487,2.5204590168763086,0.0,111.1,109.89999999999999,1,1,0,False,False,False,False,False,False,True,False,-0.09531017980432487,2.5204590168763086,3.3457728912032167,-0.1,-0.2,-0.7,-4.7,-0.1,0.0,-0.15,0.05477225574259387,-1.2833333333333334,1.8104913111854215,11.43430290872618,9.027081243731194,7.723169508525585,-0.2002002002002068,11.43430290872618,0.0,10.230692076228687,1.3184896068328205,6.7284519558006695,4.530398502096364,55.39854946760301,42.54258506707025,19.49470494195821,-22.86330435989813,36.94210484687684,15.987184646126446,36.30530394636727,11.468516056816407,17.016970677309747,23.923055623877048,-2.4492935982947064e-16,1.0,2017
