date,inflation_growth,weather_volatility,gdp_growth,gas_futures_price,gas_futures_log_return,gas_futures_yoy_growth,electricity_demand_mean,electricity_demand_peak,electricity_tsd_mean,england_wales_demand_mean,embedded_wind_generation_mean,embedded_solar_generation_mean,embedded_wind_capacity_mean,embedded_solar_capacity_mean,pump_storage_pumping_mean,interconnector_net_flow_mean,holiday_share,electricity_demand_yoy_growth,electricity_peak_yoy_growth,embedded_wind_generation_mean_yoy_growth,embedded_solar_generation_mean_yoy_growth,embedded_wind_capacity_mean_yoy_growth,embedded_solar_capacity_mean_yoy_growth,pump_storage_pumping_mean_yoy_growth,interconnector_net_flow_mean_yoy_growth,gbp_eur_rate,gbp_eur_yoy_change,gbp_eur_mom_change,inflation_growth_lag1,weather_volatility_lag1,gdp_growth_lag1,gas_futures_log_return_lag1,gas_futures_yoy_growth_lag1,electricity_demand_yoy_growth_lag1,electricity_peak_yoy_growth_lag1,embedded_wind_generation_mean_yoy_growth_lag1,embedded_solar_generation_mean_yoy_growth_lag1,embedded_wind_capacity_mean_yoy_growth_lag1,embedded_solar_capacity_mean_yoy_growth_lag1,pump_storage_pumping_mean_yoy_growth_lag1,interconnector_net_flow_mean_yoy_growth_lag1,holiday_share_lag1,gbp_eur_yoy_change_lag1,gbp_eur_mom_change_lag1,gbp_eur_yoy_change_lag12,post_2016_electricity_regime,winter_dummy
2005-01-01,,,1.0,26.26,-5.518897131779328,,,,,,,,,,,,,,,,,,,,,1.4331,-0.8029348653699753,-0.48607735573917843,0.0,0.0,0.0,0.0,0.0,0.0,0.0,0.0,0.0,0.0,0.0,0.0,0.0,0.0,0.0,0.0,0.0,0,1
2005-02-01,,,-0.1,28.24,7.269254375039101,-8.042982741777926,,,,,,,,,,,,,,,,,,,,1.4499,-1.8613780966562965,1.1722838601632812,0.0,0.0,1.0,-5.518897131779328,0.0,0.0,0.0,0.0,0.0,0.0,0.0,0.0,0.0,0.0,-0.8029348653699753,-0.48607735573917843,0.0,0,1
2005-03-01,,,-0.5,30.7,8.35232419681102,56.552779194288625,,,,,,,,,,,,,,,,,,,,1.444,-3.0221625251847017,-0.40692461549072245,0.0,0.0,-0.1,7.269254375039101,-8.042982741777926,0.0,0.0,0.0,0.0,0.0,0.0,0.0,0.0,0.0,-1.8613780966562965,1.1722838601632812,0.0,0,1
2005-04-01,,,1.5,31.08,1.2301870906295185,43.556581986143186,,,,,,,,,,,,,,,,,,,,1.4652,-2.463054187192115,1.46814404432134,0.0,0.0,-0.5,8.35232419681102,56.552779194288625,0.0,0.0,0.0,0.0,0.0,0.0,0.0,0.0,0.0,-3.0221625251847017,-0.40692461549072245,0.0,0,0
2005-05-01,,,-0.5,31.89,2.5727955522519563,44.49478930675124,,,,,,,,,,,,,,,,,,,,1.4611,-1.900093997582919,-0.2798252798252743,0.0,0.0,1.5,1.2301870906295185,43.556581986143186,0.0,0.0,0.0,0.0,0.0,0.0,0.0,0.0,0.0,-2.463054187192115,1.46814404432134,0.0,0,0
2005-06-01,,0.8128427782699388,0.6,59.18,61.82911659500974,72.18504509746873,,,,,,,,,,,,,,,,,,,,1.4952,-0.6511627906976569,2.333858052152493,0.0,0.0,-0.5,2.5727955522519563,44.49478930675124,0.0,0.0,0.0,0.0,0.0,0.0,0.0,0.0,0.0,-1.900093997582919,-0.2798252798252743,0.0,0,0
2005-07-01,,0.7489850160185719,0.6,62.23,5.0253551609062805,90.88957055214722,,,,,,,,,,,,,,,,,,,,1.4547,-3.1684750049923327,-2.7086677367576195,0.0,0.8128427782699388,0.6,61.82911659500974,72.18504509746873,0.0,0.0,0.0,0.0,0.0,0.0,0.0,0.0,0.0,-0.6511627906976569,2.333858052152493,0.0,0,0
2005-08-01,,0.7107346528263284,0.0,53.43,-15.246481261144645,45.82423580786026,,,,,,,,,,,,,,,,,,,,1.4592,-2.283533114578451,0.309342132398438,0.0,0.7489850160185719,0.6,5.0253551609062805,90.88957055214722,0.0,0.0,0.0,0.0,0.0,0.0,0.0,0.0,0.0,-3.1684750049923327,-2.7086677367576195,0.0,0,0
2005-09-01,,0.7005007618485762,0.5,65.9,20.97660555387817,21.833980403031994,,,,,,,,,,,,,,,,,,,,1.4761,0.5791768874352732,1.1581688596491224,0.0,0.7107346528263284,0.0,-15.246481261144645,45.82423580786026,0.0,0.0,0.0,0.0,0.0,0.0,0.0,0.0,0.0,-2.283533114578451,0.309342132398438,0.0,0,0
2005-10-01,,0.8398670796281879,-0.1,70.22,6.3494729231824625,45.44324772162385,,,,,,,,,,,,,,,,,,,,1.4674,1.5150466966447507,-0.5893909626718985,0.0,0.7005007618485762,0.5,20.97660555387817,21.833980403031994,0.0,0.0,0.0,0.0,0.0,0.0,0.0,0.0,0.0,0.5791768874352732,1.1581688596491224,0.0,0,0
2005-11-01,,0.9022594900920006,1.0,101.8,37.13769333761362,154.18227215980025,,,,,,,,,,,,,,,,,,,,1.4719,2.8509538117531985,0.3066648493934787,0.0,0.8398670796281879,-0.1,6.3494729231824625,45.44324772162385,0.0,0.0,0.0,0.0,0.0,0.0,0.0,0.0,0.0,1.5150466966447507,-0.5893909626718985,0.0,0,1
2005-12-01,,0.8630037695422004,0.8,49.37,-72.3667151845651,77.90990990990989,,,,,,,,,,,,,,,,,,,,1.4725,2.2498437608499344,0.04076363883416256,0.0,0.9022594900920006,1.0,37.13769333761362,154.18227215980025,0.0,0.0,0.0,0.0,0.0,0.0,0.0,0.0,0.0,2.8509538117531985,0.3066648493934787,0.0,0,1
2006-01-01,3.795811518324599,0.7860114067879118,-0.4,48.09,-2.626869698120017,83.13023610053314,,,,,,,,,,,,,,,,,,,,1.4582,1.7514479101248925,-0.9711375212224094,0.0,0.8630037695422004,0.8,-72.3667151845651,77.90990990990989,0.0,0.0,0.0,0.0,0.0,0.0,0.0,0.0,0.0,2.2498437608499344,0.04076363883416256,-0.8029348653699753,0,1
2006-02-01,3.790849673202623,0.7980976502319405,-0.1,43.72,-9.526859198123356,54.81586402266289,,,,,,,,,,,,,,,,,,,,1.4637,0.9517897786054164,0.3771773419284141,3.795811518324599,0.7860114067879118,-0.4,-2.626869698120017,83.13023610053314,0.0,0.0,0.0,0.0,0.0,0.0,0.0,0.0,0.0,1.7514479101248925,-0.9711375212224094,-1.8613780966562965,0,1
2006-03-01,3.9113428943937434,0.9465787223860069,0.4,47.91,9.151858758669288,56.0586319218241,,,,,,,,,,,,,,,,,,,,1.45,0.41551246537396835,-0.9359841497574628,3.790849673202623,0.7980976502319405,-0.1,-9.526859198123356,54.81586402266289,0.0,0.0,0.0,0.0,0.0,0.0,0.0,0.0,0.0,0.9517897786054164,0.3771773419284141,-3.0221625251847017,0,1
2006-04-01,4.263565891472854,0.9538099815037075,-0.4,44.22,-8.014707546573046,42.27799227799227,,,,,,,,,,,,,,,,,,,,1.4402,-1.7062517062517157,-0.6758620689655159,3.9113428943937434,0.9465787223860069,0.4,9.151858758669288,56.0586319218241,0.0,0.0,0.0,0.0,0.0,0.0,0.0,0.0,0.0,0.41551246537396835,-0.9359841497574628,-2.463054187192115,0,0
2006-05-01,4.774193548387107,0.9364854232420471,0.5,40.82,-8.000501804760148,28.002508623392906,,,,,,,,,,,,,,,,,,,,1.4637,0.1779481212784928,1.6317178169698687,4.263565891472854,0.9538099815037075,-0.4,-8.014707546573046,42.27799227799227,0.0,0.0,0.0,0.0,0.0,0.0,0.0,0.0,0.0,-1.7062517062517157,-0.6758620689655159,-1.900093997582919,0,0
2006-06-01,4.890604890604888,0.981534398192457,0.2,68.7,52.057704184660494,16.086515714768513,,,,,,,,,,,,,,,,,,,,1.456,-2.621722846441954,-0.5260640841702524,4.774193548387107,0.9364854232420471,0.5,-8.000501804760148,28.002508623392906,0.0,0.0,0.0,0.0,0.0,0.0,0.0,0.0,0.0,0.1779481212784928,1.6317178169698687,-0.6511627906976569,0,0
2006-07-01,5.006418485237463,1.2283765965987912,-0.5,65.88,-4.1914293918864205,5.865338261288766,,,,,,,,,,,,,,,,,,,,1.454,-0.048119887261988126,-0.13736263736263687,4.890604890604888,0.981534398192457,0.2,52.057704184660494,16.086515714768513,0.0,0.0,0.0,0.0,0.0,0.0,0.0,0.0,0.0,-2.621722846441954,-0.5260640841702524,-3.1684750049923327,0,0
2006-08-01,5.000000000000004,1.2290132905805118,0.3,61.84,-6.328450103027287,15.740220849709917,,,,,,,,,,,,,,,,,,,,1.4785,1.3226425438596312,1.6850068775790872,5.006418485237463,1.2283765965987912,-0.5,-4.1914293918864205,5.865338261288766,0.0,0.0,0.0,0.0,0.0,0.0,0.0,0.0,0.0,-0.048119887261988126,-0.13736263736263687,-2.283533114578451,0,0
2006-09-01,4.987212276214814,1.3440406913563905,0.3,53.66,-14.188255928168855,-18.573596358118373,,,,,,,,,,,,,,,,,,,,1.4811,0.33873043831720295,0.17585390598580108,5.000000000000004,1.2290132905805118,0.3,-6.328450103027287,15.740220849709917,0.0,0.0,0.0,0.0,0.0,0.0,0.0,0.0,0.0,1.3226425438596312,1.6850068775790872,0.5791768874352732,0,0
2006-10-01,5.095541401273884,1.3428470454091468,-0.6,58.68,8.943110827730298,-16.4340643691256,,,,,,,,,,,,,,,,,,,,1.4869,1.32888101403843,0.3916008372155888,4.987212276214814,1.3440406913563905,0.3,-14.188255928168855,-18.573596358118373,0.0,0.0,0.0,0.0,0.0,0.0,0.0,0.0,0.0,0.33873043831720295,0.17585390598580108,1.5150466966447507,0,0
2006-11-01,5.209656925031769,1.2827132026900545,0.5,45.45,-25.5486132651293,-55.35363457760314,,,,,,,,,,,,,,,,,,,,1.4834,0.781303077654738,-0.23538906449660502,5.095541401273884,1.3428470454091468,-0.6,8.943110827730298,-16.4340643691256,0.0,0.0,0.0,0.0,0.0,0.0,0.0,0.0,0.0,1.32888101403843,0.3916008372155888,2.8509538117531985,0,1
2006-12-01,5.189873417721502,1.3001188441136673,0.9,28.31,-47.33977214996796,-42.65748430220781,,,,,,,,,,,,,,,,,,,,1.486,0.9168081494057789,0.17527302143722778,5.209656925031769,1.2827132026900545,0.5,-25.5486132651293,-55.35363457760314,0.0,0.0,0.0,0.0,0.0,0.0,0.0,0.0,0.0,0.781303077654738,-0.23538906449660502,2.2498437608499344,0,1
2007-01-01,5.170239596469117,1.3483340535842383,0.0,22.04,-25.035611483909452,-54.169265959658986,,,,,,,,,,,,,,,,,,,,1.5079,3.408311617062143,1.4737550471063177,5.189873417721502,1.3001188441136673,0.9,-47.33977214996796,-42.65748430220781,0.0,0.0,0.0,0.0,0.0,0.0,0.0,0.0,0.0,0.9168081494057789,0.17527302143722778,1.7514479101248925,0,1
2007-02-01,5.037783375314864,1.2755442115629538,0.5,19.02,-14.73679271674695,-56.49588289112535,,,,,,,,,,,,,,,,,,,,1.4969,2.268224362915894,-0.7294913455799579,5.170239596469117,1.3483340535842383,0.0,-25.035611483909452,-54.169265959658986,0.0,0.0,0.0,0.0,0.0,0.0,0.0,0.0,0.0,3.408311617062143,1.4737550471063177,0.9517897786054164,0,1
2007-03-01,4.767879548306153,0.984279696390433,0.2,20.25,6.266373643530394,-57.73324984345648,,,,,,,,,,,,,,,,,,,,1.4703,1.4000000000000012,-1.7770058120114895,5.037783375314864,1.2755442115629538,0.5,-14.73679271674695,-56.49588289112535,0.0,0.0,0.0,0.0,0.0,0.0,0.0,0.0,0.0,2.268224362915894,-0.7294913455799579,0.41551246537396835,0,1
2007-04-01,4.2131350681536395,0.9139572584597232,0.3,16.39,-21.148340079680985,-62.93532338308457,,,,,,,,,,,,,,,,,,,,1.4713,2.159422302458003,0.068013330612815,4.767879548306153,0.984279696390433,0.2,6.266373643530394,-57.73324984345648,0.0,0.0,0.0,0.0,0.0,0.0,0.0,0.0,0.0,1.4000000000000012,-1.7770058120114895,-1.7062517062517157,0,0
2007-05-01,3.5714285714285587,0.9185186150340996,0.5,21.09,25.212760173494488,-48.33414992650662,,,,,,,,,,,,,,,,,,,,1.4677,0.2732800437247995,-0.24468157411813296,4.2131350681536395,0.9139572584597232,0.3,-21.148340079680985,-62.93532338308457,0.0,0.0,0.0,0.0,0.0,0.0,0.0,0.0,0.0,2.159422302458003,0.068013330612815,0.1779481212784928,0,0
2007-06-01,3.1901840490797584,0.9637140387282807,0.2,36.59,55.09759845404323,-46.73944687045124,,,,,,,,,,,,,,,,,,,,1.4805,1.6826923076923128,0.8721128295973157,3.5714285714285587,0.9185186150340996,0.5,25.212760173494488,-48.33414992650662,0.0,0.0,0.0,0.0,0.0,0.0,0.0,0.0,0.0,0.2732800437247995,-0.24468157411813296,-2.621722846441954,0,0
2007-07-01,2.8117359413202925,1.0742473852410888,0.1,39.79,8.384064540772178,-39.60230722525804,,,,,,,,,,,,,,,,,,,,1.4821,1.932599724896833,0.1080715974333124,3.1901840490797584,0.9637140387282807,0.2,55.09759845404323,-46.73944687045124,0.0,0.0,0.0,0.0,0.0,0.0,0.0,0.0,0.0,1.6826923076923128,0.8721128295973157,-0.048119887261988126,0,0
2007-08-01,2.93040293040292,1.121711889893957,0.7,35.42,-11.633899208414967,-42.72315653298836,,,,,,,,,,,,,,,,,,,,1.4762,-0.15556307067974284,-0.3980838000134934,2.8117359413202925,1.0742473852410888,0.1,8.384064540772178,-39.60230722525804,0.0,0.0,0.0,0.0,0.0,0.0,0.0,0.0,0.0,1.932599724896833,0.1080715974333124,1.3226425438596312,0,0
2007-09-01,2.679658952496955,1.0846778055113264,0.2,47.05,28.393423367670103,-12.318300409988813,,,,,,,,,,,,,,,,,,,,1.4515,-1.9985146175140134,-1.6732150115160493,2.93040293040292,1.121711889893957,0.7,-11.633899208414967,-42.72315653298836,0.0,0.0,0.0,0.0,0.0,0.0,0.0,0.0,0.0,-0.15556307067974284,-0.3980838000134934,0.33873043831720295,0,0
2007-10-01,2.4242424242424176,1.0145183224686511,-0.1,56.59,18.462142512304393,-3.5616905248807007,,,,,,,,,,,,,,,,,,,,1.437,-3.355975519537291,-0.9989665862900399,2.679658952496955,1.0846778055113264,0.2,28.393423367670103,-12.318300409988813,0.0,0.0,0.0,0.0,0.0,0.0,0.0,0.0,0.0,-1.9985146175140134,-1.6732150115160493,1.32888101403843,0,0
2007-11-01,2.2946859903381744,1.0145795127240484,0.6,49.75,-12.882182754983074,9.460946094609458,,,,,,,,,,,,,,,,,,,,1.4106,-4.907644600242689,-1.8371607515657584,2.4242424242424176,1.0145183224686511,-0.1,18.462142512304393,-3.5616905248807007,0.0,0.0,0.0,0.0,0.0,0.0,0.0,0.0,0.0,-3.355975519537291,-0.9989665862900399,0.781303077654738,0,1
2007-12-01,2.166064981949467,0.9859383605124138,0.4,46.57,-6.605390661031592,64.50017661603675,,,,,,,,,,,,,,,,,,,,1.3863,-6.709286675639293,-1.722671203743087,2.2946859903381744,1.0145795127240484,0.6,-12.882182754983074,9.460946094609458,0.0,0.0,0.0,0.0,0.0,0.0,0.0,0.0,0.0,-4.907644600242689,-1.8371607515657584,0.9168081494057789,0,1
2008-01-01,2.1582733812949506,0.9038478663800741,0.0,47.5,1.9773154046309767,115.51724137931036,,,,,,,,,,,,,,,,,,,,1.3383,-11.24743020094171,-3.4624540142826232,2.166064981949467,0.9859383605124138,0.4,-6.605390661031592,64.50017661603675,0.0,0.0,0.0,0.0,0.0,0.0,0.0,0.0,0.0,-6.709286675639293,-1.722671203743087,3.408311617062143,0,1
2008-02-01,3.237410071942426,0.8900065040723044,0.7,52.8,10.578147967162021,177.602523659306,,,,,,,,,,,,,,,,,,,,1.3316,-11.042821831785687,-0.5006351341253934,2.1582733812949506,0.9038478663800741,0.0,1.9773154046309767,115.51724137931036,0.0,0.0,0.0,0.0,0.0,0.0,0.0,0.0,0.0,-11.24743020094171,-3.4624540142826232,2.268224362915894,0,1
2008-03-01,3.3532934131736525,0.9225024469980063,-1.1,58.14,9.634270441851422,187.1111111111111,,,,,,,,,,,,,,,,,,,,1.2897,-12.28320750867169,-3.14659056773805,3.237410071942426,0.8900065040723044,0.7,10.578147967162021,177.602523659306,0.0,0.0,0.0,0.0,0.0,0.0,0.0,0.0,0.0,-11.042821831785687,-0.5006351341253934,1.4000000000000012,0,1
2008-04-01,3.8049940546967864,0.7117381608930086,0.9,62.79,7.6941929995288145,283.0994508846858,,,,,,,,,,,,,,,,,,,,1.258,-14.49738326649902,-2.4579359540978563,3.3532934131736525,0.9225024469980063,-1.1,9.634270441851422,187.1111111111111,0.0,0.0,0.0,0.0,0.0,0.0,0.0,0.0,0.0,-12.28320750867169,-3.14659056773805,2.159422302458003,0,0
2008-05-01,4.042806183115344,0.8324360088913192,-1.0,66.69,6.025919151819674,216.21621621621622,,,,,,,,,,,,,,,,,,,,1.2633,-13.926551747632343,0.42130365659778235,3.8049940546967864,0.7117381608930086,0.9,7.6941929995288145,283.0994508846858,0.0,0.0,0.0,0.0,0.0,0.0,0.0,0.0,0.0,-14.49738326649902,-2.4579359540978563,0.2732800437247995,0,0
2008-06-01,4.161712247324623,0.837902095311482,-0.1,97.64,38.12322288805445,166.84886581033064,,,,,,,,,,,,,,,,,,,,1.2636,-14.650455927051665,0.023747328425538505,4.042806183115344,0.8324360088913192,-1.0,6.025919151819674,216.21621621621622,0.0,0.0,0.0,0.0,0.0,0.0,0.0,0.0,0.0,-13.926551747632343,0.42130365659778235,1.6826923076923128,0,0
2008-07-01,4.399524375743158,0.7543193082164714,-0.6,86.5,-12.114283158692572,117.39130434782608,,,,,,,,,,,,,,,,,,,,1.2615,-14.884285810674037,-0.1661918328584977,4.161712247324623,0.837902095311482,-0.1,38.12322288805445,166.84886581033064,0.0,0.0,0.0,0.0,0.0,0.0,0.0,0.0,0.0,-14.650455927051665,0.023747328425538505,1.932599724896833,0,0
2008-08-01,4.982206405693956,0.715210048444175,-0.3,96.99,11.446346646761764,173.82834556747596,,,,,,,,,,,,,,,,,,,,1.2614,-14.550873865329894,-0.00792707094728895,4.399524375743158,0.7543193082164714,-0.6,-12.114283158692572,117.39130434782608,0.0,0.0,0.0,0.0,0.0,0.0,0.0,0.0,0.0,-14.884285810674037,-0.1661918328584977,-0.15556307067974284,0,0
2008-09-01,6.524317912218258,0.7310164904164432,-1.2,95.17,-1.8943114321199315,102.27417640807653,,,,,,,,,,,,,,,,,,,,1.2531,-13.668618670341015,-0.6579990486760723,4.982206405693956,0.715210048444175,-0.3,11.446346646761764,173.82834556747596,0.0,0.0,0.0,0.0,0.0,0.0,0.0,0.0,0.0,-14.550873865329894,-0.00792707094728895,-1.9985146175140134,0,0
2008-10-01,6.627218934911228,0.8004523854066535,-0.2,77.95,-19.95971705804665,37.745184661600995,,,,,,,,,,,,,,,,,,,,1.2718,-11.496172581767572,1.4922990982363604,6.524317912218258,0.7310164904164432,-1.2,-1.8943114321199315,102.27417640807653,0.0,0.0,0.0,0.0,0.0,0.0,0.0,0.0,0.0,-13.668618670341015,-0.6579990486760723,-3.355975519537291,0,0
2008-11-01,6.493506493506485,0.8022901657957947,-1.3,61.12,-24.32284506455205,22.854271356783904,,,,,,,,,,,,,,,,,,,,1.2041,-14.639160640862048,-5.323164019499926,6.627218934911228,0.8004523854066535,-0.2,-19.95971705804665,37.745184661600995,0.0,0.0,0.0,0.0,0.0,0.0,0.0,0.0,0.0,-11.496172581767572,1.4922990982363604,-4.907644600242689,0,1
2008-12-01,6.24263839811543,0.8564893055906669,-0.5,49.28,-21.53208256330006,5.819196907880619,,,,,,,,,,,,,,,,,,,,1.1043,-20.34191733391041,-8.288348143841862,6.493506493506485,0.8022901657957947,-1.3,-24.32284506455205,22.854271356783904,0.0,0.0,0.0,0.0,0.0,0.0,0.0,0.0,0.0,-14.639160640862048,-5.323164019499926,-6.709286675639293,0,1
2009-01-01,5.98591549295775,0.7572851686814663,-0.9,49.56,0.56657375356773,4.336842105263172,42499.28696236559,58594.0,44154.18010752688,38363.4314516129,594.3844086021505,0.0,1403.0,0.0,431.07862903225805,-21.009408602150536,0.03225806451612903,,,,,,,,,1.0919,-18.41141746992453,-1.1228832744725081,6.24263839811543,0.8564893055906669,-0.5,-21.53208256330006,5.819196907880619,0.0,0.0,0.0,0.0,0.0,0.0,0.0,0.0,0.0,-20.34191733391041,-8.288348143841862,-11.24743020094171,0,1
2009-02-01,4.878048780487809,0.700303471440713,-0.1,33.88,-38.0359186977088,-35.83333333333333,41721.263392857145,56050.0,43317.78943452381,37625.49627976191,450.50223214285717,0.0,1405.0,0.0,492.0096726190476,114.75818452380952,0.0,,,,,,,,,1.1264,-15.410033042955828,3.1596300027475044,5.98591549295775,0.7572851686814663,-0.9,0.56657375356773,4.336842105263172,0.0,0.0,0.0,0.0,0.0,0.0,0.0,0.0,0.03225806451612903,-18.41141746992453,-1.1228832744725081,-11.042821831785687,0,1
2009-03-01,4.2873696407879525,0.7306952229688904,-0.8,32.23,-4.992717395650739,-44.56484348125216,38034.520188425304,51801.0,39532.25504710632,34313.74899057874,677.5491251682369,0.0,1419.0,0.0,443.1985195154778,240.83310901749664,0.0,,,,,,,,,1.0867,-15.740094595642407,-3.524502840909094,4.878048780487809,0.700303471440713,-0.1,-38.0359186977088,-35.83333333333333,0.0,0.0,0.0,0.0,0.0,0.0,0.0,0.0,0.0,-15.410033042955828,3.1596300027475044,-12.28320750867169,0,1
2009-04-01,3.3218785796105488,0.7996918195061651,0.7,28.95,-10.732749180834213,-53.89393215480172,34244.0375,43385.0,35285.63125,30886.11527777778,459.58125,0.0,1612.7305555555556,0.0,246.63333333333333,1017.4215277777778,0.06666666666666667,,,,,,,,,1.1157,-11.311605723370432,2.668629796632005,4.2873696407879525,0.7306952229688904,-0.8,-4.992717395650739,-44.56484348125216,0.0,0.0,0.0,0.0,0.0,0.0,0.0,0.0,0.0,-15.740094595642407,-3.524502840909094,-14.49738326649902,0,0
2009-05-01,2.857142857142847,0.6293058986139889,-1.0,27.9,-3.6943515191684324,-58.1646423751687,32551.792338709678,42291.0,33647.01747311828,29407.081989247312,736.7715053763441,0.0,1672.9193548387098,0.0,372.97983870967744,1505.8057795698924,0.06451612903225806,,,,,,,,,1.1295,-10.591308477796257,1.2368916375369743,3.3218785796105488,0.7996918195061651,0.7,-10.732749180834213,-53.89393215480172,0.0,0.0,0.0,0.0,0.0,0.0,0.0,0.0,0.06666666666666667,-11.311605723370432,2.668629796632005,-13.926551747632343,0,0
2009-06-01,2.7397260273972712,0.6539066907821515,0.4,42.77,42.72102334114974,-56.19623105284719,32576.55486111111,42399.0,33748.30138888889,29573.128472222223,339.6173611111111,0.0,1716.9388888888889,0.0,401.59236111111113,791.9861111111111,0.0,,,,,,,,,1.1682,-7.549857549857563,3.426294820717124,2.857142857142847,0.6293058986139889,-1.0,-3.6943515191684324,-58.1646423751687,0.0,0.0,0.0,0.0,0.0,0.0,0.0,0.0,0.06451612903225806,-10.591308477796257,1.2368916375369743,-14.650455927051665,0,0
2009-07-01,2.505694760820054,0.6510261021821943,0.5,37.03,-14.410852731329602,-57.1907514450867,32090.24865591398,42774.0,33304.45430107527,29226.514784946237,621.8407258064516,0.0,1724.989247311828,0.0,392.92137096774195,794.5241935483871,0.0,,,,,,,,,1.1622,-7.871581450653997,-0.5136106831022058,2.7397260273972712,0.6539066907821515,0.4,42.72102334114974,-56.19623105284719,0.0,0.0,0.0,0.0,0.0,0.0,0.0,0.0,0.0,-7.549857549857563,3.426294820717124,-14.884285810674037,0,0
2009-08-01,1.5819209039548143,0.6663151812273714,-0.6,33.39,-10.347194096995823,-65.57377049180327,31451.002016129034,40946.0,31913.480510752688,28574.33938172043,650.817876344086,0.0,1754.9596774193549,0.0,405.0920698924731,316.2056451612903,0.03225806451612903,,,,,,,,,1.1597,-8.062470271127332,-0.2151092755119599,2.505694760820054,0.6510261021821943,0.5,-14.410852731329602,-57.1907514450867,0.0,0.0,0.0,0.0,0.0,0.0,0.0,0.0,0.0,-7.871581450653997,-0.5136106831022058,-14.550873865329894,0,0
2009-09-01,0.11135857461026522,0.6701634438219402,0.2,38.63,14.577272272262684,-59.409477776610274,32944.92569444444,43914.0,34641.98541666667,29899.597916666666,615.7166666666667,0.0,1737.025,0.0,431.7055555555556,-513.1548611111111,0.0,,,,,,,,,1.1212,-10.525895778469408,-3.3198240924376954,1.5819209039548143,0.6663151812273714,-0.6,-10.347194096995823,-65.57377049180327,0.0,0.0,0.0,0.0,0.0,0.0,0.0,0.0,0.03225806451612903,-8.062470271127332,-0.2151092755119599,-13.668618670341015,0,0
2009-10-01,-0.4439511653718031,0.6483037897367843,0.2,39.93,3.3098744396939868,-48.774855676715845,35012.852348993285,48903.0,37061.9677852349,31654.475838926173,624.3986577181208,0.0,1737.0,0.0,383.7315436241611,-1079.6986577181208,0.0,,,,,,,,,1.0928,-14.074540022016047,-2.5330003567606174,0.11135857461026522,0.6701634438219402,0.2,14.577272272262684,-59.409477776610274,0.0,0.0,0.0,0.0,0.0,0.0,0.0,0.0,0.0,-10.525895778469408,-3.3198240924376954,-11.496172581767572,0,0
2009-11-01,-0.5543237250554278,0.6670378616978134,0.1,30.5,-26.940123746176404,-50.09816753926701,37565.06805555556,53953.0,39682.86875,33868.666666666664,1017.8631944444444,0.0,1740.0,0.0,402.6659722222222,-698.7909722222222,0.0,,,,,,,,,1.1126,-7.599036624865041,1.8118594436310476,-0.4439511653718031,0.6483037897367843,0.2,3.3098744396939868,-48.774855676715845,0.0,0.0,0.0,0.0,0.0,0.0,0.0,0.0,0.0,-14.074540022016047,-2.5330003567606174,-14.639160640862048,0,1
2009-12-01,-0.77605321507761,0.8406106672704524,0.5,32.53,6.443605687189412,-33.989448051948045,40692.99260752688,55726.0,42816.790994623654,36585.68077956989,835.7688172043011,0.0,1773.0,0.0,422.8501344086022,-655.1444892473119,0.06451612903225806,,,,,,,,,1.1127,0.760662863352346,0.008987956138772901,-0.5543237250554278,0.6670378616978134,0.1,-26.940123746176404,-50.09816753926701,0.0,0.0,0.0,0.0,0.0,0.0,0.0,0.0,0.0,-7.599036624865041,1.8118594436310476,-20.34191733391041,0,1
2010-01-01,-0.8859357696566983,1.1808583434555253,-0.8,33.9,4.1252273901144445,-31.598062953995164,43123.19220430108,58536.0,45555.595430107525,38854.95026881721,786.6048387096774,0.0,1786.0,0.0,425.61424731182797,-1222.6666666666667,0.03225806451612903,1.4680369637447566,-0.09898624432536085,32.33941323588605,,27.29864575908767,,-1.2676067316761297,5719.61486789073,1.1327,3.7366059162927012,1.7974296755639552,-0.77605321507761,0.8406106672704524,0.5,6.443605687189412,-33.989448051948045,0.0,0.0,0.0,0.0,0.0,0.0,0.0,0.0,0.06451612903225806,0.760662863352346,0.008987956138772901,-18.41141746992453,0,1
2010-02-01,-1.1074197120708784,1.3381751277784677,1.6,31.01,-8.910528127404687,-8.47107438016529,42269.984375,55433.0,44674.37872023809,38102.40327380953,603.8571428571429,0.0,1824.0,0.0,398.4456845238095,-1084.311011904762,0.0,1.3152070132104399,-1.1008028545941073,34.040876997398726,,29.822064056939503,,-19.01669688670585,-1044.865951308069,1.1415,1.340553977272707,0.7769047408846097,-0.8859357696566983,1.1808583434555253,-0.8,4.1252273901144445,-31.598062953995164,1.4680369637447566,-0.09898624432536085,32.33941323588605,0.0,27.29864575908767,0.0,-1.2676067316761297,5719.61486789073,0.03225806451612903,3.7366059162927012,1.7974296755639552,-15.410033042955828,0,1
2010-03-01,-0.7777777777777772,1.3238362879459278,0.8,30.11,-2.9452390618715207,-6.577722618678239,38842.60901749664,52710.0,41089.82234185733,35116.372139973086,748.5296096904441,0.0,1829.0,0.0,365.5820995962315,-850.5538358008075,0.0,2.124619490578583,1.754792378525516,10.476064669787988,,28.893587033121925,,-17.512788626663212,-453.1714718423597,1.1092,2.0704886353179353,-2.829610162067453,-1.1074197120708784,1.3381751277784677,1.6,-8.910528127404687,-8.47107438016529,1.3152070132104399,-1.1008028545941073,34.040876997398726,0.0,29.822064056939503,0.0,-19.01669688670585,-1044.865951308069,0.0,1.340553977272707,0.7769047408846097,-15.740094595642407,0,1
2010-04-01,-0.8869179600886845,1.263056719510973,-0.3,34.38,13.261765746106077,18.756476683937827,34613.472916666666,44119.0,36170.65555555555,31226.181944444445,638.1993055555556,0.19930555555555557,1882.925,19.0,355.2055555555556,-180.43333333333334,0.06666666666666667,1.0788313634648494,1.6918289731473912,38.86539225774672,,16.753849148183807,,44.021714646123364,-117.73437345359012,1.1436,2.5006722237160606,3.101334294987379,-0.7777777777777772,1.3238362879459278,0.8,-2.9452390618715207,-6.577722618678239,2.124619490578583,1.754792378525516,10.476064669787988,0.0,28.893587033121925,0.0,-17.512788626663212,-453.1714718423597,0.0,2.0704886353179353,-2.829610162067453,-11.311605723370432,0,0
2010-05-01,-0.5555555555555536,1.2458390746369767,0.6,37.74,9.324553998570092,35.26881720430109,33110.15188172043,43196.0,34511.61491935484,29942.441532258064,478.30645161290323,0.6189516129032258,2235.5255376344085,23.419354838709676,353.9032258064516,343.20900537634407,0.06451612903225806,1.7152958497672843,2.139935210801358,-35.080761386315615,,33.630203462493924,,-5.114649888106914,-77.20761800539935,1.1685,3.45285524568395,2.177334732423941,-0.8869179600886845,1.263056719510973,-0.3,13.261765746106077,18.756476683937827,1.0788313634648494,1.6918289731473912,38.86539225774672,0.0,16.753849148183807,0.0,44.021714646123364,-117.73437345359012,0.06666666666666667,2.5006722237160606,3.101334294987379,-10.591308477796257,0,0
2010-06-01,-0.5555555555555536,1.2890573298132604,0.0,51.99,32.03308524552203,21.557166238017288,32270.191666666666,41452.0,33238.830555555556,29296.477777777778,438.875,1.4243055555555555,2056.25,28.5,339.84791666666666,1240.1784722222221,0.0,-0.9404407425850136,-2.233543243944436,29.22631474555719,,19.762561923837318,,-15.374905108656002,56.59093699033721,1.2082,3.4240712206814017,3.3975181857081704,-0.5555555555555536,1.2458390746369767,0.6,9.324553998570092,35.26881720430109,1.7152958497672843,2.139935210801358,-35.080761386315615,0.0,33.630203462493924,0.0,-5.114649888106914,-77.20761800539935,0.06451612903225806,3.45285524568395,2.177334732423941,-7.549857549857563,0,0
2010-07-01,-0.4444444444444473,1.3059550301588252,0.1,47.55,-8.926960340422522,28.409397785579248,31856.380376344085,41977.0,30682.69690860215,29085.301747311827,745.9307795698925,1.9260752688172043,2061.9919354838707,33.74193548387097,358.130376344086,1144.9717741935483,0.0,-0.7287830084382829,-1.8632814326460023,19.955279320522344,,19.53650949982544,,-8.854441930192747,44.107855178083845,1.1959,2.8996730339012178,-1.0180433703029235,-0.5555555555555536,1.2890573298132604,0.0,32.03308524552203,21.557166238017288,-0.9404407425850136,-2.233543243944436,29.22631474555719,0.0,19.762561923837318,0.0,-15.374905108656002,56.59093699033721,0.0,3.4240712206814017,3.3975181857081704,-7.871581450653997,0,0
2010-08-01,-0.33370411568410807,1.29009484194606,0.2,45.65,-4.07781819504218,36.71758011380653,31050.157930107525,40358.0,32173.93010752688,28131.47311827957,735.7251344086021,2.461693548387097,2091.9596774193546,39.774193548387096,325.30913978494624,1433.0047043010752,0.03225806451612903,-1.2745033872559763,-1.4360377082010434,13.046239378284351,,19.20272040070765,,-19.695011588033385,353.1875778404043,1.2132,4.61326205053032,1.4466092482649184,-0.4444444444444473,1.3059550301588252,0.1,-8.926960340422522,28.409397785579248,-0.7287830084382829,-1.8632814326460023,19.955279320522344,0.0,19.53650949982544,0.0,-8.854441930192747,44.107855178083845,0.0,2.8996730339012178,-1.0180433703029235,-8.062470271127332,0,0
2010-09-01,-0.22246941045606095,1.2768630928189448,0.2,50.18,9.461293389729871,29.89904219518509,33044.99513888889,45316.0,34250.1875,29970.63888888889,843.9645833333333,2.946527777777778,2092.0,47.43333333333333,356.55069444444445,462.7611111111111,0.0,0.30374767080236786,3.1926037254634165,37.07028395095144,,20.43580259351476,,-17.40882417285444,-190.17962143223497,1.1901,6.145201569746694,-1.9040553907022861,-0.33370411568410807,1.29009484194606,0.2,-4.07781819504218,36.71758011380653,-1.2745033872559763,-1.4360377082010434,13.046239378284351,0.0,19.20272040070765,0.0,-19.695011588033385,353.1875778404043,0.03225806451612903,4.61326205053032,1.4466092482649184,-10.525895778469408,0,0
2010-10-01,0.11148272017835748,1.2151540593953578,0.4,49.13,-2.1146694757719344,23.04032056098173,35184.69932885906,49407.0,37034.18389261745,31861.541610738255,1058.3322147651006,2.3288590604026846,2120.9610738255033,56.4255033557047,347.53489932885907,-676.7637583892617,0.0,0.4908111403003623,1.0306116189190861,69.4962347665512,,22.10484017417982,,-9.432803973695258,-37.3191998015852,1.1412,4.428989751098089,-4.108898411898155,-0.22246941045606095,1.2768630928189448,0.2,9.461293389729871,29.89904219518509,0.30374767080236786,3.1926037254634165,37.07028395095144,0.0,20.43580259351476,0.0,-17.40882417285444,-190.17962143223497,0.0,6.145201569746694,-1.9040553907022861,-14.074540022016047,0,0
2010-11-01,0.33444816053511683,1.2044032156839455,-0.3,54.0,9.451420038371744,77.04918032786885,39709.84097222222,57373.0,41421.43402777778,35908.325694444444,992.5944444444444,1.4673611111111111,2139.0,65.0,383.2652777777778,22.983333333333334,0.0,5.709487637543265,6.338850480974179,-2.4825290999731853,,22.931034482758616,,-4.81806156536555,-103.28901406099224,1.1701,5.168074779795062,2.532422011917279,0.11148272017835748,1.2151540593953578,0.4,-2.1146694757719344,23.04032056098173,0.4908111403003623,1.0306116189190861,69.4962347665512,0.0,22.10484017417982,0.0,-9.432803973695258,-37.3191998015852,0.0,4.428989751098089,-4.108898411898155,-7.599036624865041,0,1
2010-12-01,1.0055865921787754,1.6434104105160616,-0.9,55.86,3.386451395275637,71.71841377190285,43693.04637096774,59095.0,45489.227150537634,39286.273521505376,734.497311827957,1.1411290322580645,2141.0,73.6774193548387,426.01209677419354,122.78897849462365,0.06451612903225806,7.372408788843776,6.04565193984854,-12.11716724669193,,20.755781161872534,,0.7477737638687643,-118.74227449210395,1.1802,6.066325155028296,0.8631740876848149,0.33444816053511683,1.2044032156839455,-0.3,9.451420038371744,77.04918032786885,5.709487637543265,6.338850480974179,-2.4825290999731853,0.0,22.931034482758616,0.0,-4.81806156536555,-103.28901406099224,0.0,5.168074779795062,2.532422011917279,0.760662863352346,0,1
2011-01-01,1.3407821229050265,1.537958388256575,0.5,51.7,-7.73907790026472,52.50737463126845,41525.792338709674,55113.0,43208.0813172043,37466.82123655914,927.3111559139785,1.586021505376344,1730.0,85.6774193548387,379.50201612903226,277.61155913978496,0.03225806451612903,-3.7042709130241103,-5.847683476834764,17.887802144099616,,-3.135498320268759,,-10.834278099015659,-122.70541650543495,1.1817,4.325946852652951,0.12709710218608006,1.0055865921787754,1.6434104105160616,-0.9,3.386451395275637,71.71841377190285,7.372408788843776,6.04565193984854,-12.11716724669193,0.0,20.755781161872534,0.0,0.7477737638687643,-118.74227449210395,0.06451612903225806,6.066325155028296,0.8631740876848149,3.7366059162927012,0,1
2011-02-01,1.6797312430011146,1.5956764573298303,0.4,54.64,5.530843374815105,76.20122541115768,39913.85119047619,54765.0,41634.70386904762,36053.89360119047,1002.5141369047619,2.738095238095238,1734.0,102.71428571428571,388.9278273809524,32.882440476190474,0.0,-5.574010067335888,-1.2050583587393748,66.01842816023972,,-4.934210526315786,,-2.3887464496527566,-103.0325653908492,1.1815,3.504161191414812,-0.016924769400017414,1.3407821229050265,1.537958388256575,0.5,-7.73907790026472,52.50737463126845,-3.7042709130241103,-5.847683476834764,17.887802144099616,0.0,-3.135498320268759,0.0,-10.834278099015659,-122.70541650543495,0.03225806451612903,4.325946852652951,0.12709710218608006,1.340553977272707,0,1
2011-03-01,2.015677491601342,1.6111352870891358,0.2,65.04,17.42362499770206,116.00797077382934,38564.37685060565,52472.0,40037.99798115747,34823.98586810229,425.89703903095557,8.449528936742935,1737.0,122.15208613728129,354.41184387617767,192.164199192463,0.0,-0.7163065868352358,-0.45152722443558835,-43.10217878928181,,-5.030071077091303,,-3.055471187563852,-122.59283200005065,1.1527,3.921745402091603,-2.4375793482860675,1.6797312430011146,1.5956764573298303,0.4,5.530843374815105,76.20122541115768,-5.574010067335888,-1.2050583587393748,66.01842816023972,0.0,-4.934210526315786,0.0,-2.3887464496527566,-103.0325653908492,0.0,3.504161191414812,-0.016924769400017414,2.0704886353179353,0,1
2011-04-01,2.237136465324374,1.8726246889496223,-0.9,60.74,-6.840000562195249,76.67248400232694,32877.200694444444,43182.0,34097.416666666664,29605.828472222223,459.2104166666667,16.93263888888889,1760.9666666666667,142.63333333333333,328.6145833333333,682.0284722222223,0.1,-5.016174558393393,-2.1238015367528784,-28.045923480452274,8395.818815331011,-6.477068036875244,650.7017543859649,-7.486080047546817,-477.99471950243236,1.1331,-0.9181532004197246,-1.7003556866487468,2.015677491601342,1.6111352870891358,0.2,17.42362499770206,116.00797077382934,-0.7163065868352358,-0.45152722443558835,-43.10217878928181,0.0,-5.030071077091303,0.0,-3.055471187563852,-122.59283200005065,0.0,3.921745402091603,-2.4375793482860675,2.5006722237160606,0,0
2011-05-01,2.2346368715083775,1.8810435130368397,1.0,59.23,-2.5174289328729014,56.94223635400104,32000.649865591397,41246.0,33435.843413978495,28930.87365591398,788.932123655914,21.286290322580644,1785.9663978494623,170.90322580645162,305.45362903225805,-49.71236559139785,0.06451612903225806,-3.350942091997977,-4.514306880266695,64.9428145900073,3339.0879478827364,-20.10977428871876,629.7520661157025,-13.69006927353933,-114.48457494199083,1.1403,-2.4133504492939717,0.6354249404289192,2.237136465324374,1.8726246889496223,-0.9,-6.840000562195249,76.67248400232694,-5.016174558393393,-2.1238015367528784,-28.045923480452274,8395.818815331011,-6.477068036875244,650.7017543859649,-7.486080047546817,-477.99471950243236,0.1,-0.9181532004197246,-1.7003556866487468,3.45285524568395,0,0
2011-06-01,2.346368715083802,1.8447880873983074,0.1,68.26,14.189577318968727,31.29447970763608,32250.932638888888,41944.0,33514.10833333333,29150.859722222223,425.8534722222222,25.879166666666666,1821.95,316.2,346.3152777777778,786.5083333333333,0.0,-0.05968054970578729,1.1869149860079142,-2.967024272920038,1716.9673330082887,-11.394528875379939,1009.4736842105262,1.9030162593153488,-36.58103644356743,1.1261,-6.795232577387833,-1.2452863281592563,2.2346368715083775,1.8810435130368397,1.0,-2.5174289328729014,56.94223635400104,-3.350942091997977,-4.514306880266695,64.9428145900073,3339.0879478827364,-20.10977428871876,629.7520661157025,-13.69006927353933,-114.48457494199083,0.06451612903225806,-2.4133504492939717,0.6354249404289192,3.4240712206814017,0,0
2011-07-01,2.34375,1.8368140262433497,0.1,67.9,-0.5287908913910544,42.797055730809696,31351.915994623654,40539.0,32429.24193548387,28419.013440860213,297.32190860215053,28.98521505376344,1827.991935483871,474.64516129032256,344.0073924731183,1191.1270161290322,0.0,-1.5835583822166988,-3.425685494437425,-60.140817788268784,1404.8848569434751,-11.348250008799809,1306.6921606118547,-3.9435314075113803,4.031124869256542,1.1308,-5.443598963123996,0.4173696829766316,2.346368715083802,1.8447880873983074,0.1,14.189577318968727,31.29447970763608,-0.05968054970578729,1.1869149860079142,-2.967024272920038,1716.9673330082887,-11.394528875379939,1009.4736842105262,1.9030162593153488,-36.58103644356743,0.0,-6.795232577387833,-1.2452863281592563,2.8996730339012178,0,0
2011-08-01,2.6785714285714413,1.8387089402528645,-0.3,74.08,8.710955577327342,62.27820372398685,31514.43077956989,40111.0,32588.342069892475,28487.954301075268,338.1290322580645,27.919354838709676,1828.0,545.4193548387096,355.05913978494624,1121.3266129032259,0.03225806451612903,1.495235066138556,-0.6120223995242591,-54.04139175836873,1034.1523341523339,-12.617818606569697,1271.2895377128953,9.14514729578977,-21.749969868372855,1.1422,-5.852291460600057,1.0081358330385592,2.34375,1.8368140262433497,0.1,-0.5287908913910544,42.797055730809696,-1.5835583822166988,-3.425685494437425,-60.140817788268784,1404.8848569434751,-11.348250008799809,1306.6921606118547,-3.9435314075113803,4.031124869256542,0.0,-5.443598963123996,0.4173696829766316,4.61326205053032,0,0
2011-09-01,3.9018952062430223,1.8747820805193538,0.1,73.87,-0.2838798797277518,47.210043842168204,32667.38611111111,42533.0,33721.69375,29584.163194444445,664.1611111111112,29.485416666666666,1835.9888888888888,654.0,372.5,618.2958333333333,0.0,-1.1427117062377423,-6.141318739518054,-21.30462293951578,900.6834786707518,-12.23762481410665,1278.7772312016866,4.473222406818422,33.610154027155836,1.147,-3.6215444080329284,0.42024163894238686,2.6785714285714413,1.8387089402528645,-0.3,8.710955577327342,62.27820372398685,1.495235066138556,-0.6120223995242591,-54.04139175836873,1034.1523341523339,-12.617818606569697,1271.2895377128953,9.14514729578977,-21.749969868372855,0.03225806451612903,-5.852291460600057,1.0081358330385592,6.145201569746694,0,0
2011-10-01,4.120267260579058,1.9576789267387844,-0.9,68.79,-7.124840600272354,40.01628332994098,33875.94161073826,47794.0,35064.47718120805,30643.558389261743,718.9140939597315,24.208724832214767,1843.9892617449664,809.2778523489933,368.28791946308723,272.0744966442953,0.0,-3.719678562230422,-3.2647195741494106,-32.07103743702102,939.5100864553314,-13.058788088975747,1334.2412636486904,5.971492409627155,-140.20228525414083,1.1487,0.6572029442691862,0.14821272885789938,3.9018952062430223,1.8747820805193538,0.1,-0.2838798797277518,47.210043842168204,-1.1427117062377423,-6.141318739518054,-21.30462293951578,900.6834786707518,-12.23762481410665,1278.7772312016866,4.473222406818422,33.610154027155836,0.0,-3.6215444080329284,0.42024163894238686,4.428989751098089,0,0
2011-11-01,4.0000000000000036,1.9902693628762032,1.3,60.13,-13.454950048644546,11.351851851851858,37111.07083333333,52320.0,38898.38055555556,33639.96944444445,620.2159722222223,13.277777777777779,1845.0,997.8333333333334,386.66319444444446,-222.53819444444446,0.0,-6.54439825308486,-8.807278685095776,-37.51567161255296,804.8745858968292,-13.744740532959332,1435.128205128205,0.8865704418538067,-1068.2590041092578,1.1659,-0.358943680027346,1.4973448245843013,4.120267260579058,1.9576789267387844,-0.9,-7.124840600272354,40.01628332994098,-3.719678562230422,-3.2647195741494106,-32.07103743702102,939.5100864553314,-13.058788088975747,1334.2412636486904,5.971492409627155,-140.20228525414083,0.0,0.6572029442691862,0.14821272885789938,5.168074779795062,0,1
2011-12-01,3.761061946902644,1.257671788133136,0.8,53.99,-10.771004082128172,-3.34765485141425,38429.26814516129,53852.0,39544.961021505376,34666.44690860215,949.2520161290323,12.248655913978494,1846.0,1107.258064516129,396.0725806451613,1580.9475806451612,0.06451612903225806,-12.047176068052835,-8.872155004653525,29.238324067737075,973.3804475853946,-13.778608127043434,1402.84588441331,-7.027855865065169,1187.5321547808,1.1843,0.347398745975247,1.578179946822189,4.0000000000000036,1.9902693628762032,1.3,-13.454950048644546,11.351851851851858,-6.54439825308486,-8.807278685095776,-37.51567161255296,804.8745858968292,-13.744740532959332,1435.128205128205,0.8865704418538067,-1068.2590041092578,0.0,-0.358943680027346,1.4973448245843013,6.066325155028296,0,1
2012-01-01,3.528114663726578,1.1774982074209495,0.4,55.14,2.1076561365455113,6.653771760154736,39334.375,53806.0,40424.403897849465,35589.844758064515,790.7244623655914,23.071908602150536,1866.0,1203.9032258064517,357.7540322580645,1787.0040322580646,0.03225806451612903,-5.27724388937636,-2.3714912996933624,-14.729327117149172,1354.7033898305085,7.861271676300574,1305.1581325301206,-5.7306635924625375,543.7066373588067,1.2034,1.8363374799018395,1.6127670353795587,3.761061946902644,1.257671788133136,0.8,-10.771004082128172,-3.34765485141425,-12.047176068052835,-8.872155004653525,29.238324067737075,973.3804475853946,-13.778608127043434,1402.84588441331,-7.027855865065169,1187.5321547808,0.06451612903225806,0.347398745975247,1.578179946822189,4.325946852652951,0,1
2012-02-01,3.4140969162995694,1.1694189392028698,-0.7,58.65,6.171216950383366,7.338945827232801,40661.40014367816,55505.0,43368.83908045977,36933.2658045977,600.9066091954023,50.298132183908045,1950.0,1347.1724137931035,408.7514367816092,-991.8620689655172,0.0,1.8729060987739077,1.3512279740710342,-40.06003635512943,1736.9752623688153,12.456747404844283,1211.5725864466933,5.096989211121605,-3116.388244308402,1.1941,1.0664409648751594,-0.7728103706165945,3.528114663726578,1.1774982074209495,0.4,2.1076561365455113,6.653771760154736,-5.27724388937636,-2.3714912996933624,-14.729327117149172,1354.7033898305085,7.861271676300574,1305.1581325301206,-5.7306635924625375,543.7066373588067,0.03225806451612903,1.8363374799018395,1.6127670353795587,3.504161191414812,0,1
2012-03-01,3.073545554335899,1.2226734913202773,0.2,62.18,5.844582953112335,-4.3972939729397424,36447.10228802153,50318.0,37822.20323014805,33020.77052489906,410.0242261103634,122.75168236877523,2007.0,1421.6016150740243,387.6810228802153,1162.2180349932705,0.0,-5.490234085166779,-4.105046500991005,-3.7269131893256757,1352.7636189869384,15.544041450777213,1063.796427902467,9.38715214485355,504.8046617826276,1.1981,3.9385789884618605,0.33498031990619737,3.4140969162995694,1.1694189392028698,-0.7,6.171216950383366,7.338945827232801,1.8729060987739077,1.3512279740710342,-40.06003635512943,1736.9752623688153,12.456747404844283,1211.5725864466933,5.096989211121605,-3116.388244308402,0.0,1.0664409648751594,-0.7728103706165945,3.921745402091603,0,1
2012-04-01,3.1728665207877427,1.188345174096694,-0.5,59.83,-3.852619722866732,-1.4981890023049171,34972.819444444445,44330.0,36157.10902777778,31612.63888888889,539.325,159.05416666666667,2018.9833333333333,1454.3,319.8277777777778,1195.2375,0.06666666666666667,6.374079014440293,2.6585151220415826,17.446159848653274,839.3347824303819,14.651990384069347,919.6073849030148,-2.673893978296926,75.24744914323182,1.2161,7.325037507722176,1.502378766380108,3.073545554335899,1.2226734913202773,0.2,5.844582953112335,-4.3972939729397424,-5.490234085166779,-4.105046500991005,-3.7269131893256757,1352.7636189869384,15.544041450777213,1063.796427902467,9.38715214485355,504.8046617826276,0.0,3.9385789884618605,0.33498031990619737,-0.9181532004197246,0,0
2012-05-01,3.1693989071038375,1.1986742908700654,1.5,55.15,-8.14504617024289,-6.888401148066858,33474.76948924731,43894.0,31375.252688172044,30333.674731182797,414.3319892473118,235.46975806451613,2019.0,1514.1290322580646,354.0846774193548,1184.8595430107528,0.03225806451612903,4.606530273127207,6.4200164864471665,-47.4819218506028,1006.2038264822883,13.048039561726398,785.9569648924122,15.920926702089044,-2483.4302168388044,1.244,9.094098044374288,2.2942192253926574,3.1728665207877427,1.188345174096694,-0.5,-3.852619722866732,-1.4981890023049171,6.374079014440293,2.6585151220415826,17.446159848653274,839.3347824303819,14.651990384069347,919.6073849030148,-2.673893978296926,75.24744914323182,0.06666666666666667,7.325037507722176,1.502378766380108,-2.4133504492939717,0,0
2012-06-01,3.0567685589519833,1.2366659286476303,-1.3,62.69,12.81451995863657,-8.159976560210968,31388.45,41122.0,28301.288194444445,28502.024305555555,526.1590277777777,216.83680555555554,2064.936111111111,1662.0,358.84513888888887,1067.2979166666667,0.06666666666666667,-2.6742874339357403,-1.9597558649628088,23.554006741364162,737.8817152364086,13.33659601586823,425.6166982922202,3.618050347507684,35.70077663936597,1.2416,10.256637954000535,-0.19292604501607302,3.1693989071038375,1.1986742908700654,1.5,-8.14504617024289,-6.888401148066858,4.606530273127207,6.4200164864471665,-47.4819218506028,1006.2038264822883,13.048039561726398,785.9569648924122,15.920926702089044,-2483.4302168388044,0.03225806451612903,9.094098044374288,2.2942192253926574,-6.795232577387833,0,0
2012-07-01,3.1624863685932203,1.2582735462183265,1.4,60.91,-2.880458043748389,-10.294550810014735,31265.99193548387,40739.0,32345.87634408602,28508.948924731183,376.8736559139785,238.98991935483872,2084.97311827957,1796.258064516129,370.72244623655916,1680.2459677419354,0.0,-0.2740631837445551,0.4933520807123948,26.756100041815944,724.5235335033619,14.058113594887157,278.4422998504826,7.765837115122021,41.0635427615822,1.2688,12.203749557835142,2.1907216494845283,3.0567685589519833,1.2366659286476303,-1.3,12.81451995863657,-8.159976560210968,-2.6742874339357403,-1.9597558649628088,23.554006741364162,737.8817152364086,13.33659601586823,425.6166982922202,3.618050347507684,35.70077663936597,0.06666666666666667,10.256637954000535,-0.19292604501607302,-5.443598963123996,0,0
2012-08-01,2.934782608695663,1.1991287547247829,0.6,63.66,4.415905700555351,-14.0658747300216,31019.549731182797,39452.0,32235.489919354837,28265.747983870966,442.6337365591398,222.56182795698925,2085.0,1835.6129032258063,357.8346774193548,1568.342741935484,0.03225806451612903,-1.5703315469937529,-1.642940839171303,30.906752846148944,697.159637974196,14.059080962800884,236.55074520936833,0.7817113611241489,39.86493532646023,1.2676,10.978812817369988,-0.09457755359393305,3.1624863685932203,1.2582735462183265,1.4,-2.880458043748389,-10.294550810014735,-0.2740631837445551,0.4933520807123948,26.756100041815944,724.5235335033619,14.058113594887157,278.4422998504826,7.765837115122021,41.0635427615822,0.0,12.203749557835142,2.1907216494845283,-5.852291460600057,0,0
2012-09-01,1.8240343347639465,1.2409004615293124,-1.0,66.08,3.730970735877579,-10.54555299851091,31908.109722222223,43802.0,33089.55694444444,29099.716666666667,704.6868055555556,189.57291666666666,2085.0,1879.2333333333333,362.0208333333333,1781.7173611111111,0.0,-2.324264287036537,2.9835657019255724,6.1017867150708005,542.9378930262135,13.562778762882854,187.34454638124362,-2.813199105145414,188.16583665226779,1.2524,9.189189189189184,-1.1991164405175225,2.934782608695663,1.1991287547247829,0.6,4.415905700555351,-14.0658747300216,-1.5703315469937529,-1.642940839171303,30.906752846148944,697.159637974196,14.059080962800884,236.55074520936833,0.7817113611241489,39.86493532646023,0.03225806451612903,10.978812817369988,-0.09457755359393305,-3.6215444080329284,0,0
2012-10-01,1.497326203208571,1.261390855998962,0.3,66.76,1.0237969580911863,-2.951010321267622,35059.018791946306,49451.0,36241.95637583893,31763.151677852347,520.2080536912752,104.62818791946309,2085.0,1941.551677852349,374.1261744966443,666.0456375838926,0.0,3.4923816872828306,3.4669623802150884,-27.63974749388993,332.1920656483047,13.07007276316594,139.91162889443234,1.5852420687782587,144.80267198827795,1.2393,7.88717680856621,-1.045991695943782,1.8240343347639465,1.2409004615293124,-1.0,3.730970735877579,-10.54555299851091,-2.324264287036537,2.9835657019255724,6.1017867150708005,542.9378930262135,13.562778762882854,187.34454638124362,-2.813199105145414,188.16583665226779,0.0,9.189189189189184,-1.1991164405175225,0.6572029442691862,0,0
2012-11-01,1.7094017094017255,1.0405443518425999,0.3,67.2,0.6569148735469491,11.75785797438882,38093.37222222222,52909.0,39358.86041666667,34524.83611111111,642.0722222222222,57.63611111111111,2085.0,1988.5666666666666,407.8861111111111,1304.2055555555555,0.0,2.6469227829625908,1.1257645259938887,3.523974063694202,334.0794979079498,13.008130081300816,99.28845832637379,5.488734633033698,-686.059197079153,1.244,6.698687709065965,0.37924634874524354,1.497326203208571,1.261390855998962,0.3,1.0237969580911863,-2.951010321267622,3.4923816872828306,3.4669623802150884,-27.63974749388993,332.1920656483047,13.07007276316594,139.91162889443234,1.5852420687782587,144.80267198827795,0.0,7.88717680856621,-1.045991695943782,-0.358943680027346,0,1
2012-12-01,2.3454157782516027,0.9951152709749386,-0.4,60.78,-10.041246004045684,12.576403037599547,38764.85954301075,55765.0,40120.56586021505,35061.85819892473,798.6659946236559,37.2244623655914,2085.0,2017.9032258064517,373.27150537634407,1062.325940860215,0.06451612903225806,0.873270332866638,3.552328604322952,-15.863650426517207,203.90650718753434,12.946912242686892,82.24326292789512,-5.756792159577573,-32.80448043529086,1.231,3.9432576205353564,-1.0450160771704131,1.7094017094017255,1.0405443518425999,0.3,0.6569148735469491,11.75785797438882,2.6469227829625908,1.1257645259938887,3.523974063694202,334.0794979079498,13.008130081300816,99.28845832637379,5.488734633033698,-686.059197079153,0.0,6.698687709065965,0.37924634874524354,0.347398745975247,0,1
2013-01-01,2.2364217252396124,0.948180260039113,-0.2,62.83,3.317187892620853,13.946318462096485,40389.43346774193,55572.0,41840.69758064516,36683.11021505376,756.2251344086021,46.34610215053763,2085.0,2072.1935483870966,340.6807795698925,898.9650537634409,0.03225806451612903,2.682281001647868,3.2821618406869035,-4.3630024868306805,100.87675861466315,11.7363344051447,72.12293346909244,-4.772343886778696,-49.694290693485144,1.2,-0.28253282366628163,-2.5182778229082103,2.3454157782516027,0.9951152709749386,-0.4,-10.041246004045684,12.576403037599547,0.873270332866638,3.552328604322952,-15.863650426517207,203.90650718753434,12.946912242686892,82.24326292789512,-5.756792159577573,-32.80448043529086,0.06451612903225806,3.9432576205353564,-1.0450160771704131,1.8363374799018395,0,1
2013-02-01,2.4494142705005384,0.9661023258287413,0.9,65.72,4.497062675421179,12.054560954816719,40405.13913690476,52574.0,41902.099702380954,36685.45758928572,668.655505952381,90.30729166666667,2085.0,2308.3214285714284,369.6294642857143,956.4077380952381,0.0,-0.6302316345917602,-5.280605350869294,11.274446930728988,79.54402628008286,6.923076923076921,71.34565738858254,-9.571091126658793,-196.42547769698896,1.1594,-2.9059542751863288,-3.383333333333327,2.2364217252396124,0.948180260039113,-0.2,3.317187892620853,13.946318462096485,2.682281001647868,3.2821618406869035,-4.3630024868306805,100.87675861466315,11.7363344051447,72.12293346909244,-4.772343886778696,-49.694290693485144,0.03225806451612903,-0.28253282366628163,-2.5182778229082103,1.0664409648751594,0,1
2013-03-01,2.555910543130979,0.9269827303051981,-0.2,66.59,1.3151122953463825,7.0923126407204995,39649.738896366085,53471.0,40871.48048452221,35944.91588156124,703.2321668909825,156.87550471063258,2113.0,2555.1763122476445,360.46164199192464,1421.5955585464333,0.03230148048452221,8.787081571083121,6.266147303151959,71.50990651506002,27.799066932004468,5.281514698555068,79.73926627218933,-7.021076421556193,22.317458148432934,1.1634,-2.8962523996327483,0.3450060376056552,2.4494142705005384,0.9661023258287413,0.9,4.497062675421179,12.054560954816719,-0.6302316345917602,-5.280605350869294,11.274446930728988,79.54402628008286,6.923076923076921,71.34565738858254,-9.571091126658793,-196.42547769698896,0.0,-2.9059542751863288,-3.383333333333327,3.9385789884618605,0,1
2013-04-01,2.4390243902439046,0.9264637930255684,0.3,64.6,-3.0340005333974984,7.972589002172814,35328.799305555556,46181.0,36555.33611111111,32025.84097222222,791.5763888888889,480.5097222222222,2060.338888888889,2628.534722222222,355.6979166666667,1465.6979166666667,0.03333333333333333,1.017875786871003,4.1755019174374075,46.77168477057225,202.10445428269543,2.048335658485989,80.7422624095594,11.215454498080568,22.628173619608383,1.175,-3.379656278266585,0.9970775313735691,2.555910543130979,0.9269827303051981,-0.2,1.3151122953463825,7.0923126407204995,8.787081571083121,6.266147303151959,71.50990651506002,27.799066932004468,5.281514698555068,79.73926627218933,-7.021076421556193,22.317458148432934,0.03230148048452221,-2.8962523996327483,0.3450060376056552,7.325037507722176,0,0
2013-05-01,2.330508474576254,0.8857603502785367,0.2,65.48,1.3530341714378056,18.7307343608341,31808.733870967742,41891.0,33276.38373655914,28903.99327956989,705.2244623655914,568.190188172043,2090.548387096774,2722.135752688172,359.04099462365593,1501.909946236559,0.06451612903225806,-4.976989068781268,-4.563266050029613,70.20758248638339,141.30070580714028,3.543753694738694,79.78228372178901,1.399754781941942,26.75847994777294,1.1777,-5.329581993569132,0.22978723404254442,2.4390243902439046,0.9264637930255684,0.3,-3.0340005333974984,7.972589002172814,1.017875786871003,4.1755019174374075,46.77168477057225,202.10445428269543,2.048335658485989,80.7422624095594,11.215454498080568,22.628173619608383,0.03333333333333333,-3.379656278266585,0.9970775313735691,9.094098044374288,0,0
2013-06-01,2.4364406779660897,0.9103752818724978,0.2,70.43,7.287455625438488,12.346466741107044,30425.334722222222,39502.0,31823.147916666665,27685.793055555554,530.5534722222222,620.2888888888889,2117.4666666666667,2798.6111111111113,333.09583333333336,1426.4222222222222,0.0,-3.0683747613462264,-3.939497106171874,0.8351932044204036,186.06254703838334,2.543931275786049,68.38815349645675,-7.1756038371550535,33.647990869986444,1.174,-5.444587628865982,-0.3141716905833425,2.330508474576254,0.8857603502785367,0.2,1.3530341714378056,18.7307343608341,-4.976989068781268,-4.563266050029613,70.20758248638339,141.30070580714028,3.543753694738694,79.78228372178901,1.399754781941942,26.75847994777294,0.06451612903225806,-5.329581993569132,0.22978723404254442,10.256637954000535,0,0
2013-07-01,2.4312896405919826,1.2191934619208322,0.2,70.73,0.42505022905795514,16.12214743063538,31036.717741935485,39944.0,32400.75873655914,28319.245967741936,348.567876344086,710.4018817204301,2112.516129032258,2858.603494623656,365.63844086021504,2216.8111559139784,0.0,-0.7333021578892596,-1.9514470163725206,-7.510681398318086,197.25181867008607,1.3210247418161236,59.14213837607451,-1.3713778132279586,31.933728660758366,1.16,-8.575031525851195,-1.1925042589437829,2.4364406779660897,0.9103752818724978,0.2,7.287455625438488,12.346466741107044,-3.0683747613462264,-3.939497106171874,0.8351932044204036,186.06254703838334,2.543931275786049,68.38815349645675,-7.1756038371550535,33.647990869986444,0.0,-5.444587628865982,-0.3141716905833425,12.203749557835142,0,0
2013-08-01,2.428722280887019,1.2464537909309283,0.3,68.79,-2.7811425509975716,8.05843543826581,30184.262768817203,38424.0,31526.916666666668,27485.524865591397,469.03360215053766,570.5974462365591,2212.8064516129034,2919.135752688172,382.48790322580646,1965.5537634408602,0.03225806451612903,-2.692775909399836,-2.6056980634695304,5.964268742057488,156.3770487843175,6.129805832753155,59.02785100051548,6.889557486224285,25.326799486136565,1.1649,-8.10192489744399,0.42241379310345994,2.4312896405919826,1.2191934619208322,0.2,0.42505022905795514,16.12214743063538,-0.7333021578892596,-1.9514470163725206,-7.510681398318086,197.25181867008607,1.3210247418161236,59.14213837607451,-1.3713778132279586,31.933728660758366,0.0,-8.575031525851195,-1.1925042589437829,10.978812817369988,0,0
2013-09-01,2.212855637513167,1.2584788988822009,0.1,70.33,2.2140064782004067,6.4315980629539915,32024.53402777778,42647.0,33172.78958333333,29131.619444444445,566.2986111111111,411.3354166666667,2422.2,2974.9055555555556,359.8673611111111,1863.9576388888888,0.0,0.3648737157076809,-2.6368658965344016,-19.638255371525382,116.98005384911258,16.17266187050359,58.30421389337259,-0.5948475954806076,4.615786968955127,1.1883,-5.11817310763335,2.0087561164048306,2.428722280887019,1.2464537909309283,0.3,-2.7811425509975716,8.05843543826581,-2.692775909399836,-2.6056980634695304,5.964268742057488,156.3770487843175,6.129805832753155,59.02785100051548,6.889557486224285,25.326799486136565,0.03225806451612903,-8.10192489744399,0.42241379310345994,9.189189189189184,0,0
2013-10-01,2.3182297154899834,1.3775069830726958,0.7,70.83,0.7084189445604255,6.096464949071279,33430.41342281879,47035.0,34855.860402684564,30435.941610738257,807.0496644295303,246.69932885906042,2356.5637583892617,3056.3543624161075,354.46778523489934,1381.5785234899329,0.0,-4.645325012637369,-4.885644375240139,55.13978661093266,135.78667829835277,13.02464069013245,57.418130935196096,-5.254481135460165,107.43000862548469,1.1797,-4.809166464939896,-0.7237229655810751,2.212855637513167,1.2584788988822009,0.1,2.2140064782004067,6.4315980629539915,0.3648737157076809,-2.6368658965344016,-19.638255371525382,116.98005384911258,16.17266187050359,58.30421389337259,-0.5948475954806076,4.615786968955127,0.0,-5.11817310763335,2.0087561164048306,7.88717680856621,0,0
2013-11-01,2.1008403361344463,1.3809377772129368,0.0,71.21,0.535061822850209,5.967261904761889,37523.55902777778,51811.0,39021.09027777778,34044.33125,663.0701388888889,175.95277777777778,2424.2,3161.5333333333333,366.775,1639.2888888888888,0.0,-1.4958329000655746,-2.0752612976998264,3.27033563202479,205.2821822738445,16.268585131894486,58.98553396919055,-10.079066188138041,25.692524610554734,1.1938,-4.035369774919618,1.195219123505975,2.3182297154899834,1.3775069830726958,0.7,0.7084189445604255,6.096464949071279,-4.645325012637369,-4.885644375240139,55.13978661093266,135.78667829835277,13.02464069013245,57.418130935196096,-5.254481135460165,107.43000862548469,0.0,-4.809166464939896,-0.7237229655810751,6.698687709065965,0,1
2013-12-01,2.1874999999999867,1.5065839380743118,-0.3,64.78,-9.463634425085004,6.581112207963136,36814.76075268817,51707.0,38609.291666666664,33497.729166666664,1030.2950268817203,110.09475806451613,2434.0,3284.4193548387098,401.65994623655916,1087.16061827957,0.06451612903225806,-5.030583918816712,-7.276965838787774,29.001990045564874,195.75916230366494,16.738609112709835,62.76396770841659,7.605306178298554,2.337764377592544,1.1947,-2.948822095857029,0.07538951248116099,2.1008403361344463,1.3809377772129368,0.0,0.535061822850209,5.967261904761889,-1.4958329000655746,-2.0752612976998264,3.27033563202479,205.2821822738445,16.268585131894486,58.98553396919055,-10.079066188138041,25.692524610554734,0.0,-4.035369774919618,1.195219123505975,3.9432576205353564,0,1
2014-01-01,2.083333333333326,1.5412470966814393,0.6,59.77,-8.049305090702044,-4.870284895750432,38265.165994623654,51208.0,39829.37768817204,34750.77620967742,920.8561827956989,135.5013440860215,2489.1612903225805,3400.032258064516,418.0248655913978,2241.010752688172,0.03225806451612903,-5.259463405979381,-7.852875548837545,21.7701106319145,192.36837144555778,19.38423454784559,64.07889411251908,22.702802934510082,149.28786089140735,1.2097,0.8083333333333442,1.2555453251862358,2.1874999999999867,1.5065839380743118,-0.3,-9.463634425085004,6.581112207963136,-5.030583918816712,-7.276965838787774,29.001990045564874,195.75916230366494,16.738609112709835,62.76396770841659,7.605306178298554,2.337764377592544,0.06451612903225806,-2.948822095857029,0.07538951248116099,-0.28253282366628163,0,1
2014-02-01,1.9750519750519668,1.5298637832881568,0.6,55.76,-6.944709638389448,-15.155203895313452,37507.78422619047,50899.0,38996.92633928572,34100.61681547619,1170.125744047619,277.52901785714283,2524.0,3948.0714285714284,400.4657738095238,2345.1555059523807,0.0,-7.170758405006794,-3.185985468102104,74.99680083856974,207.31628945482106,21.055155875299757,71.03646743923385,8.342492280316115,145.204572541722,1.2122,4.554079696394675,0.20666280896088907,2.083333333333326,1.5412470966814393,0.6,-8.049305090702044,-4.870284895750432,-5.259463405979381,-7.852875548837545,21.7701106319145,192.36837144555778,19.38423454784559,64.07889411251908,22.702802934510082,149.28786089140735,0.03225806451612903,0.8083333333333442,1.2555453251862358,-2.9059542751863288,0,1
2014-03-01,1.869158878504673,1.1060276006049385,0.4,52.45,-6.1196431609962225,-21.23441958251989,35185.30080753701,49461.0,36675.45827725437,32012.991924629878,825.6123822341857,520.9838492597578,2524.0,4508.343203230148,404.6742934051144,1777.907133243607,0.0,-11.259691017128603,-7.499392193899501,17.402533772630303,232.1001900333309,19.45101751064837,76.43961325175297,12.265563450487814,25.06420145695296,1.2021,3.3264569365652363,-0.8331958422702512,1.9750519750519668,1.5298637832881568,0.6,-6.944709638389448,-15.155203895313452,-7.170758405006794,-3.185985468102104,74.99680083856974,207.31628945482106,21.055155875299757,71.03646743923385,8.342492280316115,145.204572541722,0.0,4.554079696394675,0.20666280896088907,-2.8962523996327483,0,1
2014-04-01,1.9668737060041463,0.9837461550570039,0.2,48.61,-7.603106378494213,-24.752321981424142,32213.713194444445,42043.0,33512.04375,29239.906944444443,634.0590277777778,719.6222222222223,2524.0,4591.6625,348.0493055555556,2311.698611111111,0.06666666666666667,-8.817412910552147,-8.960394967627384,-19.899199031468495,49.76226056242361,22.504118793833804,74.68525186983666,-2.1503109106705276,57.71999023976535,1.2125,3.1914893617021267,0.8651526495299766,1.869158878504673,1.1060276006049385,0.4,-6.1196431609962225,-21.23441958251989,-11.259691017128603,-7.499392193899501,17.402533772630303,232.1001900333309,19.45101751064837,76.43961325175297,12.265563450487814,25.06420145695296,0.0,3.3264569365652363,-0.8331958422702512,-3.379656278266585,0,0
2014-05-01,2.0703933747411973,0.8368566677491753,0.2,45.64,-6.304474606348923,-30.299328039095908,30651.46438172043,40994.0,31941.89314516129,27781.95564516129,467.7305107526882,835.3091397849462,2701.5806451612902,4710.2029569892475,351.6747311827957,2256.7271505376343,0.06451612903225806,-3.6382129950276565,-2.14127139481034,-33.676363241322925,47.01224293792661,29.228324100791568,73.0333600129168,-2.0516496865717215,50.25715464448941,1.2267,4.1606521185361345,1.1711340206185472,1.9668737060041463,0.9837461550570039,0.2,-7.603106378494213,-24.752321981424142,-8.817412910552147,-8.960394967627384,-19.899199031468495,49.76226056242361,22.504118793833804,74.68525186983666,-2.1503109106705276,57.71999023976535,0.06666666666666667,3.1914893617021267,0.8651526495299766,-5.329581993569132,0,0
2014-06-01,1.9648397104446547,0.7611601716726901,0.4,54.51,17.759964608231453,-22.6040039755786,29900.120833333334,38721.0,31167.254166666666,27152.23263888889,435.96944444444443,976.6277777777777,3623.0,4862.834722222222,339.17083333333335,2008.1708333333333,0.0,-1.7262386550024655,-1.9771150827806228,-17.827426023924186,57.4472468025651,71.10068635476354,73.75885856079402,1.8237994571131955,40.783759678449584,1.2436,5.928449744463382,1.3776799543490759,2.0703933747411973,0.8368566677491753,0.2,-6.304474606348923,-30.299328039095908,-3.6382129950276565,-2.14127139481034,-33.676363241322925,47.01224293792661,29.228324100791568,73.0333600129168,-2.0516496865717215,50.25715464448941,0.06451612903225806,4.1606521185361345,1.1711340206185472,-5.444587628865982,0,0
2014-07-01,2.063983488132104,0.7168199914688945,0.5,55.62,2.0158677729629373,-21.362929450021216,29983.89314516129,37468.0,31147.73185483871,27316.11827956989,563.991935483871,1025.149193548387,3403.6129032258063,5004.294354838709,363.49663978494624,2571.739247311828,0.0,-3.3921905193978086,-6.198678149409176,61.802613998523135,44.30552901488822,61.11654043488883,75.06080728756474,-0.5857702133916565,16.010749966273742,1.2611,8.715517241379334,1.4072048890318545,1.9648397104446547,0.7611601716726901,0.4,17.759964608231453,-22.6040039755786,-1.7262386550024655,-1.9771150827806228,-17.827426023924186,57.4472468025651,71.10068635476354,73.75885856079402,1.8237994571131955,40.783759678449584,0.0,5.928449744463382,1.3776799543490759,-8.575031525851195,0,0
2014-08-01,2.0618556701030855,0.9011498679111442,0.0,57.91,4.034723243187957,-15.816252362261974,28842.30443548387,36935.0,29988.104838709678,26286.038978494624,906.4737903225806,840.6606182795699,3421.935483870968,5141.82123655914,358.8434139784946,2568.3629032258063,0.03225806451612903,-4.445887393743753,-3.875182177805536,93.2641469963692,47.329894976615016,54.642331297287036,76.14190199356581,-6.181761317913637,30.66866706966489,1.2542,7.665894068160362,-0.5471413845056006,2.063983488132104,0.7168199914688945,0.5,2.0158677729629373,-21.362929450021216,-3.3921905193978086,-6.198678149409176,61.802613998523135,44.30552901488822,61.11654043488883,75.06080728756474,-0.5857702133916565,16.010749966273742,0.0,8.715517241379334,1.4072048890318545,-8.10192489744399,0,0
2014-09-01,2.1649484536082397,0.8675973551154852,0.3,59.46,2.6413736332253275,-15.455708801364986,31120.252083333333,41427.0,32396.63125,28276.397916666665,450.41805555555555,661.9104166666667,3875.2,5304.168055555556,370.2048611111111,2022.3333333333333,0.0,-2.8237161660496946,-2.8606936009566875,-20.462800593522743,60.917438627235484,59.98678886962266,78.29702343491765,2.872586157322621,8.496743227429393,1.2639,6.362029790456969,0.773401371392124,2.0618556701030855,0.9011498679111442,0.0,4.034723243187957,-15.816252362261974,-4.445887393743753,-3.875182177805536,93.2641469963692,47.329894976615016,54.642331297287036,76.14190199356581,-6.181761317913637,30.66866706966489,0.03225806451612903,7.665894068160362,-0.5471413845056006,-5.11817310763335,0,0
2014-10-01,2.162718846549949,0.8643121167206221,0.4,55.4,-7.072422381671357,-21.78455456727375,32364.828187919462,46235.0,33654.95167785235,29487.274496644295,1213.4630872483222,412.59194630872486,3902.53288590604,5472.946308724832,395.33892617449663,1872.5812080536912,0.0,-3.187472501228439,-1.7008610609120844,50.35791980733535,67.24485965036374,65.6026861999043,79.0677931860742,11.530283608851155,35.5392528340309,1.2678,7.4680003390692695,0.30856871587943147,2.1649484536082397,0.8675973551154852,0.3,2.6413736332253275,-15.455708801364986,-2.8237161660496946,-2.8606936009566875,-20.462800593522743,60.917438627235484,59.98678886962266,78.29702343491765,2.872586157322621,8.496743227429393,0.0,6.362029790456969,0.773401371392124,-4.809166464939896,0,0
2014-11-01,2.160493827160481,0.6934219641407177,0.0,58.28,5.067938757376603,-18.15756214014884,35667.69236111111,50424.0,37061.595138888886,32430.902777777777,906.1486111111111,226.54166666666666,3954.5666666666666,5725.5,390.46458333333334,2475.26875,0.0,-4.945870580380751,-2.6770376946980368,36.65954142190002,28.751401101937056,63.12872975277068,81.09883389916286,6.4588871469793085,50.99649407602214,1.2646,5.930641648517332,-0.2524057422306436,2.162718846549949,0.8643121167206221,0.4,-7.072422381671357,-21.78455456727375,-3.187472501228439,-1.7008610609120844,50.35791980733535,67.24485965036374,65.6026861999043,79.0677931860742,11.530283608851155,35.5392528340309,0.0,7.4680003390692695,0.30856871587943147,-4.035369774919618,0,1
2014-12-01,1.3251783893985847,0.6839854012683279,0.1,46.66,-22.237171473372026,-27.971596171657932,36631.04905913978,50904.0,37992.69086021505,33298.55846774193,1404.6344086021506,209.52889784946237,4039.0,5948.322580645161,394.3266129032258,2282.5967741935483,0.06451612903225806,-0.4990163993798924,-1.5529812211112604,36.333222227947836,90.31687024252079,65.94083812654068,81.10728070950822,-1.8257566884735787,109.9594793827019,1.2686,6.185653302084182,0.3163055511624213,2.160493827160481,0.6934219641407177,0.0,5.067938757376603,-18.15756214014884,-4.945870580380751,-2.6770376946980368,36.65954142190002,28.751401101937056,63.12872975277068,81.09883389916286,6.4588871469793085,50.99649407602214,0.0,5.930641648517332,-0.2524057422306436,-2.948822095857029,0,1
2015-01-01,1.4285714285714235,0.7374636366430789,-0.1,43.25,-7.589003321539549,-27.639283921699853,37972.21169354839,52516.0,39288.659274193546,34635.91061827957,1896.0114247311828,256.4193548387097,4053.5806451612902,6075.387096774193,383.89381720430106,2144.8568548387098,0.03225806451612903,-0.7655900437395946,2.554288392438675,105.89658408709752,89.23749913205639,62.849256129801475,78.68616047286079,-8.164836878497672,-4.290648660838514,1.3045,7.836653715797315,2.8298912186662584,1.3251783893985847,0.6839854012683279,0.1,-22.237171473372026,-27.971596171657932,-0.4990163993798924,-1.5529812211112604,36.333222227947836,90.31687024252079,65.94083812654068,81.10728070950822,-1.8257566884735787,109.9594793827019,0.06451612903225806,6.185653302084182,0.3163055511624213,0.8083333333333442,0,1
2015-02-01,1.4271151885830946,0.816148838572665,0.3,47.78,9.960990851977515,-14.311334289813482,38506.00818452381,52192.0,39886.723958333336,35107.796875,1331.5364583333333,432.3497023809524,4098.75,7248.857142857143,378.86830357142856,2113.8058035714284,0.0,2.661378108377588,2.540324957268325,13.79430502292629,55.78540425041356,62.391045958795566,83.60501510683336,-5.39308766206018,-9.865004763809893,1.3503,11.392509486883373,3.5109237255653625,1.4285714285714235,0.7374636366430789,-0.1,-7.589003321539549,-27.639283921699853,-0.7655900437395946,2.554288392438675,105.89658408709752,89.23749913205639,62.849256129801475,78.68616047286079,-8.164836878497672,-4.290648660838514,0.03225806451612903,7.836653715797315,2.8298912186662584,4.554079696394675,0,1
2015-03-01,1.3251783893985847,0.8348006692482295,0.2,45.1,-5.7724895389030815,-14.013346043851293,35321.95356662181,49448.0,36593.757065948856,32170.367429340513,1514.8405114401078,780.3411843876178,4141.85733512786,8440.320323014805,371.9555854643338,2280.9683714670255,0.0,0.3883802495601385,-0.0262833343442348,83.48083725934501,49.782221751474445,64.0989435470626,87.21556772713011,-8.085195544661461,28.2951358266748,1.3825,15.007070959154834,2.384655261793678,1.4271151885830946,0.816148838572665,0.3,9.960990851977515,-14.311334289813482,2.661378108377588,2.540324957268325,13.79430502292629,55.78540425041356,62.391045958795566,83.60501510683336,-5.39308766206018,-9.865004763809893,0.0,11.392509486883373,3.5109237255653625,3.3264569365652363,0,1
2015-04-01,1.2182741116751217,0.7903048872146248,0.3,42.6,-5.702799323330791,-12.363711170541036,31044.95902777778,42097.0,32191.72847222222,28147.5375,979.6409722222222,1618.7284722222223,4005.8,8493.958333333334,332.77430555555554,2548.545833333333,0.06666666666666667,-3.6281261946177312,0.1284399305472972,54.50311868527837,124.94142374085166,58.70839936608559,84.9865562491436,-4.388746007011313,10.245592616780709,1.3856,14.276288659793824,0.22423146473777855,1.3251783893985847,0.8348006692482295,0.2,-5.7724895389030815,-14.013346043851293,0.3883802495601385,-0.0262833343442348,83.48083725934501,49.782221751474445,64.0989435470626,87.21556772713011,-8.085195544661461,28.2951358266748,0.0,15.007070959154834,2.384655261793678,3.1914893617021267,0,0
2015-05-01,1.2170385395537497,0.883685149873256,0.0,42.09,-1.204407049284546,-7.7782646801051625,29167.494623655915,39345.0,30261.99059139785,26529.579973118278,1337.575940860215,1545.6189516129032,3815.8387096774195,8579.619623655914,351.182123655914,2424.375,0.06451612903225806,-4.841431846726085,-4.022539883885445,185.9714964302289,85.03556084766764,41.24467157816811,82.14968021547821,-0.14007475749677756,7.428804559843494,1.3852,12.920844542267872,-0.028868360277134464,1.2182741116751217,0.7903048872146248,0.3,-5.702799323330791,-12.363711170541036,-3.6281261946177312,0.1284399305472972,54.50311868527837,124.94142374085166,58.70839936608559,84.9865562491436,-4.388746007011313,10.245592616780709,0.06666666666666667,14.276288659793824,0.22423146473777855,4.1606521185361345,0,0
2015-06-01,1.3184584178498993,0.8794852536478561,-0.1,46.18,9.273662114387,-15.281599706475868,28697.68125,36738.0,29811.598611111112,26060.180555555555,1010.6340277777778,1758.0631944444444,3888.866666666667,8671.402777777777,337.0416666666667,2564.2659722222224,0.0,-4.021520816039059,-5.121252033780122,131.8130411789817,80.01363819947325,7.338301591682761,78.31991570988689,-0.6277564157688431,27.69162511766168,1.3879,11.603409456416847,0.1949177014149539,1.2170385395537497,0.883685149873256,0.0,-1.204407049284546,-7.7782646801051625,-4.841431846726085,-4.022539883885445,185.9714964302289,85.03556084766764,41.24467157816811,82.14968021547821,-0.14007475749677756,7.428804559843494,0.06451612903225806,12.920844542267872,-0.028868360277134464,5.928449744463382,0,0
2015-07-01,1.2133468149645887,0.8479173812599728,0.4,44.89,-2.8331751132508476,-19.291621718806184,28431.092741935485,37568.0,29414.887096774193,25926.913306451614,1058.0208333333333,1515.5127688172042,3899.7096774193546,8735.59811827957,329.27284946236557,2712.5846774193546,0.0,-5.178781806979571,0.266894416568797,87.59502871714209,47.8333864333935,14.575593297444843,74.56203610071456,-9.415160025365932,5.476660600593508,1.4139,12.116406311949879,1.8733338136753375,1.3184584178498993,0.8794852536478561,-0.1,9.273662114387,-15.281599706475868,-4.021520816039059,-5.121252033780122,131.8130411789817,80.01363819947325,7.338301591682761,78.31991570988689,-0.6277564157688431,27.69162511766168,0.0,11.603409456416847,0.1949177014149539,8.715517241379334,0,0
2015-08-01,1.21212121212122,0.7832816607119139,-0.1,43.13,-3.9996242134088975,-25.522362286306333,28159.56384408602,37238.0,29141.780241935485,25639.961693548386,997.5846774193549,1255.9314516129032,3956.1612903225805,8803.67069892473,326.89784946236557,2708.657258064516,0.03225806451612903,-2.3671499374297356,0.820360092053618,10.051133090604992,49.39815477299199,15.611802413273,71.2169734009669,-8.902368908474244,5.462403878459043,1.4004,11.656833040982306,-0.954805856142571,1.2133468149645887,0.8479173812599728,0.4,-2.8331751132508476,-19.291621718806184,-5.178781806979571,0.266894416568797,87.59502871714209,47.8333864333935,14.575593297444843,74.56203610071456,-9.415160025365932,5.476660600593508,0.0,12.116406311949879,1.8733338136753375,7.665894068160362,0,0
2015-09-01,1.1099899091826515,0.7740561419512988,0.2,42.87,-0.6046530049866137,-27.90110998990919,29997.602777777778,40526.0,30981.449305555554,27219.453472222223,866.0173611111111,1211.8736111111111,3982.366666666667,8876.172222222222,340.3569444444444,2708.4819444444443,0.0,-3.6074556933193946,-2.174910082796244,92.2696815612656,83.08725480013135,2.7654486650151577,67.34334450292103,-8.06254044776259,33.928561617493536,1.3665,8.11773083313554,-2.4207369323050565,1.21212121212122,0.7832816607119139,-0.1,-3.9996242134088975,-25.522362286306333,-2.3671499374297356,0.820360092053618,10.051133090604992,49.39815477299199,15.611802413273,71.2169734009669,-8.902368908474244,5.462403878459043,0.03225806451612903,11.656833040982306,-0.954805856142571,6.362029790456969,0,0
2015-10-01,1.2096774193548487,0.6241348498775221,0.4,39.95,-7.054360839760196,-27.888086642599276,32464.625503355706,46255.0,33623.50201342282,29456.992617449665,911.7536912751677,669.3147651006711,4002.948993288591,8935.899328859061,363.2489932885906,1991.6161073825504,0.0,0.308351136167917,0.0432572726289715,-24.863500105085013,62.221965573669145,2.5731008634213515,63.27401777382096,-8.117068864537258,6.356728285903324,1.3657,7.722038176368495,-0.05854372484450643,1.1099899091826515,0.7740561419512988,0.2,-0.6046530049866137,-27.90110998990919,-3.6074556933193946,-2.174910082796244,92.2696815612656,83.08725480013135,2.7654486650151577,67.34334450292103,-8.06254044776259,33.928561617493536,0.0,8.11773083313554,-2.4207369323050565,7.4680003390692695,0,0
2015-11-01,1.2084592145015227,0.7493556375743764,-0.1,38.72,-3.1272409803907513,-33.562113932738505,34217.45,48677.0,35524.10486111111,31156.638194444444,1851.3472222222222,276.0097222222222,4013.0,9010.366666666667,376.3590277777778,1990.3625,0.0,-4.065983149199559,-3.4646200222116508,104.30944764701647,21.836184170191885,1.4776165951600362,57.37257299216954,-3.612505757920137,-19.590044515368287,1.4168,12.035426221730194,3.7416709379805235,1.2096774193548487,0.6241348498775221,0.4,-7.054360839760196,-27.888086642599276,0.308351136167917,0.0432572726289715,-24.863500105085013,62.221965573669145,2.5731008634213515,63.27401777382096,-8.117068864537258,6.356728285903324,0.0,7.722038176368495,-0.05854372484450643,5.930641648517332,0,1
2015-12-01,1.2072434607645732,1.3611553738330509,0.3,31.1,-21.914844322318775,-33.34762108872695,33152.06384408602,48001.0,34309.76344086022,30239.516129032258,2311.497983870968,205.02755376344086,4013.0,9063.0,334.83131720430106,2259.668010752688,0.06451612903225806,-9.49736713637942,-5.702891717743208,64.56224977225926,-2.1483165960504036,-0.6437236939836555,52.362281586568194,-15.08782155505336,-1.0045034541399045,1.3769,8.536969888065581,-2.8162055335968383,1.2084592145015227,0.7493556375743764,-0.1,-3.1272409803907513,-33.562113932738505,-4.065983149199559,-3.4646200222116508,104.30944764701647,21.836184170191885,1.4776165951600362,57.37257299216954,-3.612505757920137,-19.590044515368287,0.0,12.035426221730194,3.7416709379805235,6.185653302084182,0,1
2016-01-01,1.4084507042253502,1.3669654813017162,0.1,29.65,-4.7745693741454085,-31.445086705202318,36022.51276881721,51102.0,37269.77688172043,32847.229838709674,1743.9637096774193,307.1706989247312,4097.850134408603,9151.677419354839,393.0416666666667,2438.4495967741937,0.03225806451612903,-5.1345413863855605,-2.6925127580166075,-8.019345931700862,19.79232188535245,1.0921082648289282,50.63529736589201,2.382911381325359,13.68822079073253,1.3257,1.625143733231127,-3.7184980753867336,1.2072434607645732,1.3611553738330509,0.3,-21.914844322318775,-33.34762108872695,-9.49736713637942,-5.702891717743208,64.56224977225926,-2.1483165960504036,-0.6437236939836555,52.362281586568194,-15.08782155505336,-1.0045034541399045,0.06451612903225806,8.536969888065581,-2.8162055335968383,7.836653715797315,1,1
2016-02-01,1.306532663316573,1.3548147219182998,0.6,28.4,-4.307298027657414,-40.560904143993305,35941.121408045976,48493.0,37132.505028735635,32647.938936781607,1587.3383620689656,662.3239942528736,4126.0,9290.758620689656,387.61206896551727,2905.0790229885056,0.0,-6.661004080679289,-7.087293071735134,19.211032648389992,53.19173127804908,0.6648368405001603,28.1685986851673,2.3078640550463048,37.433581556080675,1.289,-4.539731911427102,-2.7683487968620524,1.4084507042253502,1.3669654813017162,0.1,-4.7745693741454085,-31.445086705202318,-5.1345413863855605,-2.6925127580166075,-8.019345931700862,19.79232188535245,1.0921082648289282,50.63529736589201,2.382911381325359,13.68822079073253,0.03225806451612903,1.625143733231127,-3.7184980753867336,11.392509486883373,1,1
2016-03-01,1.5090543259557387,1.3595673780582485,-0.2,27.55,-3.0386609568236764,-38.91352549889135,34389.51547779273,49608.0,35565.41049798116,31241.244279946164,1121.9690444145356,979.4192462987887,4185.636608344549,9300.0,397.9078061911171,2887.6191117092867,0.06460296096904442,-2.6398259288529347,0.32357223750201225,-25.934840272530245,25.511669240859035,1.0569961655943372,10.18539159753271,6.9772364607418424,26.59619255711505,1.2809,-7.349005424954802,-0.6283941039565533,1.306532663316573,1.3548147219182998,0.6,-4.307298027657414,-40.560904143993305,-6.661004080679289,-7.087293071735134,19.211032648389992,53.19173127804908,0.6648368405001603,28.1685986851673,2.3078640550463048,37.433581556080675,0.0,-4.539731911427102,-2.7683487968620524,15.007070959154834,1,1
2016-04-01,1.5045135406218657,1.4237868130835825,0.9,29.29,6.124362524071859,-31.24413145539906,31300.13888888889,40166.0,32323.099305555555,28416.313194444443,1122.8895833333333,1406.4659722222223,4240.8,9540.2,401.27916666666664,2587.492361111111,0.0,0.8219687482363458,-4.587025203696227,14.622562262393469,-13.112915701581617,5.866493584302757,12.317480562164285,20.585982741890053,1.5281862805205604,1.2622,-8.905889145496538,-1.4599110000780624,1.5090543259557387,1.3595673780582485,-0.2,-3.0386609568236764,-38.91352549889135,-2.6398259288529347,0.32357223750201225,-25.934840272530245,25.511669240859035,1.0569961655943372,10.18539159753271,6.9772364607418424,26.59619255711505,0.06460296096904442,-7.349005424954802,-0.6283941039565533,14.276288659793824,1,0
2016-05-01,1.603206412825653,1.3895624263800377,-0.3,32.48,10.337835445383497,-22.832026609646007,27875.497983870966,36925.0,28929.4375,25264.45564516129,1105.7432795698924,1783.361559139785,4260.0,10065.483870967742,366.56586021505376,2587.3245967741937,0.06451612903225806,-4.42957702214537,-6.150718007370692,-17.332298990158847,15.381708879720302,11.639938795005534,17.31853290109706,4.380557984839983,6.721303295661496,1.2846,-7.262489171238817,1.7746791316748611,1.5045135406218657,1.4237868130835825,0.9,6.124362524071859,-31.24413145539906,0.8219687482363458,-4.587025203696227,14.622562262393469,-13.112915701581617,5.866493584302757,12.317480562164285,20.585982741890053,1.5281862805205604,0.0,-8.905889145496538,-1.4599110000780624,12.920844542267872,1,0
2016-06-01,1.7017017017016967,1.3734142682801218,0.2,41.85,25.346728164200726,-9.376353399740145,28247.027083333334,36809.0,29223.975,25587.578472222223,783.9569444444444,1525.3138888888889,4260.0,10500.0,389.7048611111111,2614.55,0.0,-1.5703504500617749,0.1932603843431968,-22.429195643823707,-13.238961278016248,9.543483105617746,21.087674844355895,15.625128775703612,1.960952113489256,1.2646,-8.88392535485265,-1.5569048731122526,1.603206412825653,1.3895624263800377,-0.3,10.337835445383497,-22.832026609646007,-4.42957702214537,-6.150718007370692,-17.332298990158847,15.381708879720302,11.639938795005534,17.31853290109706,4.380557984839983,6.721303295661496,0.06451612903225806,-7.262489171238817,1.7746791316748611,11.603409456416847,1,0
2016-07-01,1.598401598401611,1.3309125385985883,0.1,42.48,1.4941579998198922,-5.368678993094234,27026.538306451614,35450.0,27958.017473118278,24526.581989247312,1010.6962365591398,1711.1565860215053,4255.4946236559135,10500.0,372.75604838709677,2356.0510752688174,0.0,-4.940205598964442,-5.637776831345831,-4.472936192106502,12.909413977223894,9.123370088206183,20.197837146701538,13.2058258054772,-13.143685619050583,1.1884,-15.948794115566878,-6.0256207496441565,1.7017017017016967,1.3734142682801218,0.2,25.346728164200726,-9.376353399740145,-1.5703504500617749,0.1932603843431968,-22.429195643823707,-13.238961278016248,9.543483105617746,21.087674844355895,15.625128775703612,1.960952113489256,0.0,-8.88392535485265,-1.5569048731122526,12.116406311949879,1,0
2016-08-01,1.6966067864271572,1.3150353690086434,0.2,37.35,-12.870046535485697,-13.401344771620682,26726.0685483871,36499.0,27720.494623655915,24239.12365591398,1145.997311827957,1710.2083333333333,4305.903225806452,10945.483870967742,382.77150537634407,2413.6969086021504,0.03225806451612903,-5.090616117621371,-1.9845319297491781,14.877196669913761,36.17051560712448,8.840436721814072,24.328637965804532,17.092084272157628,-10.889541250897539,1.1687,-16.545272779205945,-1.657691013126883,1.598401598401611,1.3309125385985883,0.1,1.4941579998198922,-5.368678993094234,-4.940205598964442,-5.637776831345831,-4.472936192106502,12.909413977223894,9.123370088206183,20.197837146701538,13.2058258054772,-13.143685619050583,0.0,-15.948794115566878,-6.0256207496441565,11.656833040982306,1,0
2016-09-01,1.7964071856287456,1.271371636441753,0.5,44.43,17.35820053689908,3.6389083275017553,28237.98888888889,39255.0,29234.10625,25781.6625,1253.9694444444444,1223.18125,4534.2,11366.4,367.7729166666667,1524.0604166666667,0.0,-5.865848354363868,-3.136258204609388,44.79726397581523,0.9330708074847482,13.856919252370869,28.055198969025064,8.055064740040073,-43.730087631088956,1.1722,-14.218807171606308,0.29947805253698334,1.6966067864271572,1.3150353690086434,0.2,-12.870046535485697,-13.401344771620682,-5.090616117621371,-1.9845319297491781,14.877196669913761,36.17051560712448,8.840436721814072,24.328637965804532,17.092084272157628,-10.889541250897539,0.03225806451612903,-16.545272779205945,-1.657691013126883,8.11773083313554,1,0
2016-10-01,1.8924302788844605,1.2797396913189285,-0.3,51.28,14.338589566459751,28.360450563203997,30811.514093959733,44267.0,32327.769127516778,27997.323489932885,1040.308053691275,898.806711409396,4790.770469798657,11433.0,412.9879194630872,630.8261744966443,0.0,-5.092039054093201,-4.297913739055237,14.099681048322687,34.28759655021314,19.68102710853774,27.94459269562708,13.692791196527976,-68.32591521236,1.119,-18.063996485318878,-4.538474663026781,1.7964071856287456,1.271371636441753,0.5,17.35820053689908,3.6389083275017553,-5.865848354363868,-3.136258204609388,44.79726397581523,0.9330708074847482,13.856919252370869,28.055198969025064,8.055064740040073,-43.730087631088956,0.0,-14.218807171606308,0.29947805253698334,7.722038176368495,1,0
2016-11-01,1.8905472636816079,1.369910609696914,0.4,49.02,-4.507243451244799,26.601239669421496,35480.88680555556,49299.0,37107.67222222222,32205.472222222223,1235.4125,531.8201388888889,5045.659027777778,11498.381944444445,403.22291666666666,916.51875,0.0,3.692375690051608,1.2778108757729445,-33.26954094990885,92.68166882205237,25.732843951601737,27.612808333117545,7.1378356585485525,-53.95216951685937,1.1533,-18.59824957651045,3.065236818588035,1.8924302788844605,1.2797396913189285,-0.3,14.338589566459751,28.360450563203997,-5.092039054093201,-4.297913739055237,14.099681048322687,34.28759655021314,19.68102710853774,27.94459269562708,13.692791196527976,-68.32591521236,0.0,-18.063996485318878,-4.538474663026781,12.035426221730194,1,1
2016-12-01,1.988071570576544,0.9983393587852346,0.8,47.9,-2.3112873683097024,54.0192926045016,34672.12096774193,50569.0,36333.23588709677,31749.28360215054,1484.3091397849462,322.6350806451613,5081.611559139785,11503.0,401.77755376344084,584.9576612903226,0.06451612903225806,4.585105563275738,5.349888543988657,-35.785834547896236,57.36181538673335,26.628745555439437,26.922652543307947,19.994018814641468,-74.11311491304092,1.1838,-14.024257389788664,2.6445851036157153,1.8905472636816079,1.369910609696914,0.4,-4.507243451244799,26.601239669421496,3.692375690051608,1.2778108757729445,-33.26954094990885,92.68166882205237,25.732843951601737,27.612808333117545,7.1378356585485525,-53.95216951685937,0.0,-18.59824957651045,3.065236818588035,8.536969888065581,1,1
2017-01-01,1.984126984126977,0.9890518537416825,0.3,46.9,-2.1097828964635927,58.1787521079258,37050.409946236556,49883.0,39018.022849462366,33965.68279569892,1437.3978494623657,397.5329301075269,4786.745967741936,11503.0,428.8850806451613,191.85147849462365,0.03225806451612903,2.8534854967395384,-2.385425227975424,-17.57868346192588,29.417594679151993,16.8111524515953,25.692804421540917,9.119494704588881,-92.13223522239613,1.1613,-12.400995700384708,-1.900658895083629,1.988071570576544,0.9983393587852346,0.8,-2.3112873683097024,54.0192926045016,4.585105563275738,5.349888543988657,-35.785834547896236,57.36181538673335,26.628745555439437,26.922652543307947,19.994018814641468,-74.11311491304092,0.06451612903225806,-14.024257389788664,2.6445851036157153,1.625143733231127,1,1
2017-02-01,1.984126984126977,1.0191546584704492,0.1,42.02,-10.987198003537918,47.957746478873254,35068.30877976191,48771.0,36400.61755952381,32098.450148809523,1860.3683035714287,546.9806547619048,4793.537202380952,11591.39806547619,390.2090773809524,1539.1927083333333,0.0,-2.4284512950357606,0.5732786175324245,17.200487811974185,-17.414942006001223,16.178797924889786,24.762665124710324,0.6700019486922004,-47.01718279766659,1.1732,-8.98370830100853,1.0247136829415249,1.984126984126977,0.9890518537416825,0.3,-2.1097828964635927,58.1787521079258,2.8534854967395384,-2.385425227975424,-17.57868346192588,29.417594679151993,16.8111524515953,25.692804421540917,9.119494704588881,-92.13223522239613,0.03225806451612903,-12.400995700384708,-1.900658895083629,-4.539731911427102,1,1
2017-03-01,1.9821605550049526,1.0703490626514727,0.1,39.99,-4.951627255812737,45.15426497277677,32089.731493943473,46841.0,33229.81897711979,29178.172947510095,1590.6218034993271,1153.0168236877523,4831.0,11750.0,406.8082099596231,2690.985195154778,0.0,-6.687456778314771,-5.57772939848411,41.77056055315174,17.72454217588497,15.418524158758661,26.344086021505376,2.236800492481694,-6.809551708435468,1.1548,-9.844640487157463,-1.568360040913741,1.984126984126977,1.0191546584704492,0.1,-10.987198003537918,47.957746478873254,-2.4284512950357606,0.5732786175324245,17.200487811974185,-17.414942006001223,16.178797924889786,24.762665124710324,0.6700019486922004,-47.01718279766659,0.0,-8.98370830100853,1.0247136829415249,-7.349005424954802,1,1
2017-04-01,2.1739130434782705,0.927187387506042,0.5,39.27,-1.8168554268808712,34.07306247866166,28454.92361111111,37928.0,29427.088194444445,25935.040277777778,1385.1243055555556,1734.8020833333333,5076.7,11775.0,367.8590277777778,2762.2118055555557,0.06666666666666667,-9.090104321510829,-5.571876711646661,23.353562640038938,23.34476038494828,19.710903603093755,23.42508542797843,-8.328401189252421,6.752462232175138,1.1798,-6.528283948661073,2.1648770349844026,1.9821605550049526,1.0703490626514727,0.1,-4.951627255812737,45.15426497277677,-6.687456778314771,-5.57772939848411,41.77056055315174,17.72454217588497,15.418524158758661,26.344086021505376,2.236800492481694,-6.809551708435468,0.0,-9.844640487157463,-1.568360040913741,-8.905889145496538,1,0
2017-05-01,2.268244575936884,0.9603314035820446,0.3,38.17,-2.8411001832779896,17.518472906403957,27604.02889784946,36973.0,28500.770161290322,25074.27553763441,1238.2379032258063,1879.2977150537633,5123.806451612903,12001.677419354839,369.3891129032258,2467.853494623656,0.06451612903225806,-0.9738627312723902,0.12999322951929848,11.982403701106037,5.379512383358409,20.277146751476604,19.235970900233944,0.7701897515812517,-4.617553680720654,1.1696,-8.952203020395455,-0.8645533141210415,2.1739130434782705,0.927187387506042,0.5,-1.8168554268808712,34.07306247866166,-9.090104321510829,-5.571876711646661,23.353562640038938,23.34476038494828,19.710903603093755,23.42508542797843,-8.328401189252421,6.752462232175138,0.06666666666666667,-6.528283948661073,2.1648770349844026,-7.262489171238817,1,0
2017-06-01,2.0669291338582862,0.9699787675143243,0.2,42.93,11.752101547933078,2.580645161290329,26416.974305555555,35302.0,27396.928472222222,24136.670833333334,1510.3493055555555,1915.3069444444445,5143.0,12047.9,350.6277777777778,2163.625,0.0,-6.4787447272905085,-4.094107419381132,92.6571754046867,25.56805247735894,20.727699530516432,14.741904761904756,-10.027353321156497,-17.24675374347403,1.1403,-9.829195002372282,-2.505129958960317,2.268244575936884,0.9603314035820446,0.3,-2.8411001832779896,17.518472906403957,-0.9738627312723902,0.12999322951929848,11.982403701106037,5.379512383358409,20.277146751476604,19.235970900233944,0.7701897515812517,-4.617553680720654,0.06451612903225806,-8.952203020395455,-0.8645533141210415,-8.88392535485265,1,0
2017-07-01,2.163225172074723,0.9802884743932332,0.2,43.81,2.0291219589337897,3.130885122410554,26255.08938172043,35435.0,27171.413306451614,23941.13239247312,1220.646505376344,1879.9690860215053,5246.774193548387,12372.0,373.25,2709.5705645161293,0.0,-2.8544126368822753,-0.042313117066294925,20.772835716888437,9.865403399024665,23.2941093235564,17.828571428571436,0.1325133730332606,15.004746414802428,1.1281,-5.074049141703119,-1.0698938875734476,2.0669291338582862,0.9699787675143243,0.2,11.752101547933078,2.580645161290329,-6.4787447272905085,-4.094107419381132,92.6571754046867,25.56805247735894,20.727699530516432,14.741904761904756,-10.027353321156497,-17.24675374347403,0.0,-9.829195002372282,-2.505129958960317,-15.948794115566878,1,0
2017-08-01,2.158979391560334,1.0356549548561695,0.1,47.44,7.960365286366286,27.01472556894242,26137.77889784946,34877.0,27005.56989247312,23749.317204301075,1217.4805107526881,1720.1626344086021,5305.0,12372.0,262.61895161290323,2656.3333333333335,0.03225806451612903,-2.2011828992825833,-4.443957368695028,6.237641064856403,0.582051957135965,23.202954683367928,13.032919748902172,-31.390151062918292,10.05248106613774,1.0974,-6.10079575596818,-2.7213899476996817,2.163225172074723,0.9802884743932332,0.2,2.0291219589337897,3.130885122410554,-2.8544126368822753,-0.042313117066294925,20.772835716888437,9.865403399024665,23.2941093235564,17.828571428571436,0.1325133730332606,15.004746414802428,0.0,-5.074049141703119,-1.0698938875734476,-16.545272779205945,1,0
2017-09-01,2.1568627450980316,1.007217540144882,0.5,50.05,5.3556751071759585,12.649110961062338,27977.70902777778,39003.0,28838.889583333334,25521.179166666665,1385.8916666666667,1274.5708333333334,5305.0,12372.0,268.93611111111113,2177.129861111111,0.0,-0.9217365377373832,-0.6419564386702326,10.520369759142634,4.201305680031742,16.999691235499093,8.847128378378377,-26.87441110437637,42.850627002884735,1.1186,-4.5725985326736,1.9318388919263851,2.158979391560334,1.0356549548561695,0.1,7.960365286366286,27.01472556894242,-2.2011828992825833,-4.443957368695028,6.237641064856403,0.582051957135965,23.202954683367928,13.032919748902172,-31.390151062918292,10.05248106613774,0.03225806451612903,-6.10079575596818,-2.7213899476996817,-14.218807171606308,1,0
2017-10-01,1.9550342130987275,1.0526487555592108,0.1,51.02,1.9195206952435775,-0.5070202808112323,29180.887919463086,44964.0,30850.354362416107,26849.227516778523,2007.2127516778523,791.8154362416108,5305.0,12372.0,377.8348993288591,1003.3604026845637,0.0,-5.292262397505199,1.5745363363227627,92.94407503198268,-11.90370229879736,10.73375427695984,8.213067436368405,-8.511876129434848,59.054973184201806,1.1227,0.33065236818587973,0.36652959055962775,2.1568627450980316,1.007217540144882,0.5,5.3556751071759585,12.649110961062338,-0.9217365377373832,-0.6419564386702326,10.520369759142634,4.201305680031742,16.999691235499093,8.847128378378377,-26.87441110437637,42.850627002884735,0.0,-4.5725985326736,1.9318388919263851,-18.063996485318878,1,0
2017-11-01,1.953125,0.9097006536469678,0.2,56.02,9.349105711829706,14.279885760913903,33752.220138888886,47307.0,36180.51111111111,30872.15347222222,1774.2125,587.7666666666667,5305.384027777778,12517.444444444445,388.9458333333333,-89.01944444444445,0.0,-4.872106709565105,-4.040649911762917,43.61296328149506,10.519821211484137,5.147494084918169,8.862660024025114,-3.5407420419846347,-109.71277941061702,1.1259,-2.3757912078383847,0.28502716665181893,1.9550342130987275,1.0526487555592108,0.1,1.9195206952435775,-0.5070202808112323,-5.292262397505199,1.5745363363227627,92.94407503198268,-11.90370229879736,10.73375427695984,8.213067436368405,-8.511876129434848,59.054973184201806,0.0,0.33065236818587973,0.36652959055962775,-18.59824957651045,1,1
2017-12-01,1.85185185185186,0.8465785821906264,0.3,46.1,-19.489581982935967,-3.757828810020869,34789.646505376346,48993.0,36577.91330645161,31768.9811827957,2012.8978494623657,363.2782258064516,5733.930107526881,12916.0,376.4831989247312,1130.9314516129032,0.06451612903225806,0.33896264305190993,-3.116533844845659,35.61176681523393,12.597249214195095,12.836843997133872,12.283752064678776,-6.2956117388286215,93.33560810508065,1.133,-4.291265416455481,0.6306066258104703,1.953125,0.9097006536469678,0.2,9.349105711829706,14.279885760913903,-4.872106709565105,-4.040649911762917,43.61296328149506,10.519821211484137,5.147494084918169,8.862660024025114,-3.5407420419846347,-109.71277941061702,0.0,-2.3757912078383847,0.28502716665181893,-14.024257389788664,1,1
2018-01-01,1.7509727626459082,0.8433962048552277,-0.2,42.76,-7.520986384575844,-8.827292110874197,35372.9751344086,47884.0,36574.083333333336,32331.519489247312,2335.2137096774195,415.21975806451616,5770.145833333333,12916.0,385.2264784946237,2885.90188172043,0.03225806451612903,-4.527439276008172,-4.007377262794942,62.46119406334625,4.449147886240579,20.544225079387267,12.283752064678776,-10.179557210258528,1404.2374989053333,1.1331,-2.428313097390855,0.008826125330974044,1.85185185185186,0.8465785821906264,0.3,-19.489581982935967,-3.757828810020869,0.33896264305190993,-3.116533844845659,35.61176681523393,12.597249214195095,12.836843997133872,12.283752064678776,-6.2956117388286215,93.33560810508065,0.06451612903225806,-4.291265416455481,0.6306066258104703,-12.400995700384708,1,1
2018-02-01,1.7509727626459082,1.039058037274478,0.0,43.33,1.3242149594973658,3.1175630652070296,35927.104166666664,47875.0,37272.276041666664,32799.955357142855,1911.235119047619,920.6049107142857,5779.0,12916.0,390.9107142857143,2445.5096726190477,0.0,2.448921595558584,-1.8371573271001251,2.734233612695891,68.30666728332756,20.558154782434322,11.427456179500917,0.1798105029926944,58.88261810095836,1.1311,-3.5884759631776397,-0.17650692789692446,1.7509727626459082,0.8433962048552277,-0.2,-7.520986384575844,-8.827292110874197,-4.527439276008172,-4.007377262794942,62.46119406334625,4.449147886240579,20.544225079387267,12.283752064678776,-10.179557210258528,1404.2374989053333,0.03225806451612903,-2.428313097390855,0.008826125330974044,-8.98370830100853,1,1
2018-03-01,1.7492711370262315,1.0895171694863748,-0.1,45.45,4.776758487166992,13.65341335333834,34734.1467025572,49807.0,35906.74899057874,31720.438761776582,2013.4246298788694,979.2059219380889,5950.0316285329745,12973.017496635262,413.78734858681025,2105.2880215343203,0.03230148048452221,8.240689733140405,6.332059520505551,26.580977668568796,-15.074446285506504,23.16356093009677,10.40865954583201,1.7155845079625642,-21.765157782176882,1.1328,-1.905091790786284,0.15029617186810285,1.7509727626459082,1.039058037274478,0.0,1.3242149594973658,3.1175630652070296,2.448921595558584,-1.8371573271001251,2.734233612695891,68.30666728332756,20.558154782434322,11.427456179500917,0.1798105029926944,58.88261810095836,0.0,-3.5884759631776397,-0.17650692789692446,-9.844640487157463,1,1
2018-04-01,1.837524177949712,1.0988208589306254,0.0,52.89,15.16014644544006,34.682964094728796,29823.570833333335,39647.0,30953.029166666667,27194.209722222222,1671.1979166666667,1411.2736111111112,5978.0,13052.0,392.24583333333334,2283.948611111111,0.03333333333333333,4.80987839196938,4.532271672642896,20.653280717384483,-18.649301573386325,17.753658872889865,10.84501061571126,6.629388900110822,-17.314501135739413,1.1477,-2.720800135616208,1.3153248587570499,1.7492711370262315,1.0895171694863748,-0.1,4.776758487166992,13.65341335333834,8.240689733140405,6.332059520505551,26.580977668568796,-15.074446285506504,23.16356093009677,10.40865954583201,1.7155845079625642,-21.765157782176882,0.03230148048452221,-1.905091790786284,0.15029617186810285,-6.528283948661073,1,0
2018-05-01,1.6393442622950838,1.1045984232508657,0.3,57.97,9.171135027375293,51.873198847262245,26509.5436827957,35322.0,27542.46639784946,24060.932795698925,1247.1377688172042,2310.5389784946237,5862.8387096774195,13052.0,344.51344086021504,2405.3548387096776,0.06451612903225806,-3.964947360053772,-4.465420712411761,0.718752476257789,22.94693703858004,14.42350067364233,8.751464848999602,-6.7342732024502805,-2.5325107851878137,1.1397,-2.55642954856361,-0.6970462664459331,1.837524177949712,1.0988208589306254,0.0,15.16014644544006,34.682964094728796,4.80987839196938,4.532271672642896,20.653280717384483,-18.649301573386325,17.753658872889865,10.84501061571126,6.629388900110822,-17.314501135739413,0.03333333333333333,-2.720800135616208,1.3153248587570499,-8.952203020395455,1,0
2018-06-01,1.8322082931533146,1.1451087507022055,0.3,62.34,7.267763898754957,45.213137665967864,26007.94027777778,33764.0,27045.764583333334,23557.81388888889,1072.7513888888889,2464.222222222222,5862.6,13052.0,343.3486111111111,2264.6194444444445,0.0,-1.5483757641833962,-4.356693671746648,-28.97329214222427,28.659389523437273,13.9918335601789,8.334232521850282,-2.076038217166043,4.667834973456331,1.1378,-0.21924055073228033,-0.1667105378608369,1.6393442622950838,1.1045984232508657,0.3,9.171135027375293,51.873198847262245,-3.964947360053772,-4.465420712411761,0.718752476257789,22.94693703858004,14.42350067364233,8.751464848999602,-6.7342732024502805,-2.5325107851878137,0.06451612903225806,-2.55642954856361,-0.6970462664459331,-9.829195002372282,1,0
2018-07-01,1.8286814244465655,1.2856069932160141,-0.2,62.73,0.6236527769460796,43.18648710340103,26524.255376344085,33530.0,27450.334005376346,24120.7439516129,888.127688172043,2387.2547043010754,5913.0,13052.0,268.1518817204301,2626.6014784946237,0.0,1.0251954990907697,-5.376040637787494,-27.24120502862378,26.983721277732077,12.697817399323696,5.49628192693179,-28.157566853200244,-3.0620751165534643,1.1269,-0.10637354844429403,-0.9579891017753472,1.8322082931533146,1.1451087507022055,0.3,7.267763898754957,45.213137665967864,-1.5483757641833962,-4.356693671746648,-28.97329214222427,28.659389523437273,13.9918335601789,8.334232521850282,-2.076038217166043,4.667834973456331,0.0,-0.21924055073228033,-0.1667105378608369,-5.074049141703119,1,0
2018-08-01,1.8251681075888593,1.2676925683056535,0.3,71.78,13.476608361080944,51.30691399662732,26212.03696236559,34496.0,27185.600806451614,23833.619623655915,1262.5725806451612,1727.1095430107528,5913.0,13052.0,263.4032258064516,2270.8245967741937,0.03225806451612903,0.28410242816094833,-1.0924104710840932,3.703720059107618,0.40385184884212944,11.460885956644674,5.49628192693179,0.298635794839508,-14.512814778233396,1.1157,1.6675779114269984,-0.9938770077203007,1.8286814244465655,1.2856069932160141,-0.2,0.6236527769460796,43.18648710340103,1.0251954990907697,-5.376040637787494,-27.24120502862378,26.983721277732077,12.697817399323696,5.49628192693179,-28.157566853200244,-3.0620751165534643,0.0,-0.10637354844429403,-0.9579891017753472,-6.10079575596818,1,0
2018-09-01,1.9193857965451144,1.270503268162679,0.1,77.19,7.266402924230116,54.22577422577424,26851.8,38349.0,27938.666666666668,24631.925,1810.85625,1436.7277777777779,5911.266666666666,13052.0,243.97708333333333,1702.3444444444444,0.0,-4.024307446545805,-1.6767940927620906,30.66362209648421,12.72247412255323,11.428212378259506,5.49628192693179,-9.280653191071831,-21.80785928976956,1.1195,0.08045771500089227,0.34059334946670017,1.8251681075888593,1.2676925683056535,0.3,13.476608361080944,51.30691399662732,0.28410242816094833,-1.0924104710840932,3.703720059107618,0.40385184884212944,11.460885956644674,5.49628192693179,0.298635794839508,-14.512814778233396,0.03225806451612903,1.6675779114269984,-0.9938770077203007,-4.5725985326736,1,0
2018-10-01,2.1093000958772867,1.2001465177554287,0.1,68.25,-12.30924808966933,33.77107016856134,29520.56711409396,45908.0,30779.942953020134,27023.159731543623,1886.23355704698,1018.531543624161,5911.0,13052.0,281.5046979865772,1653.0939597315437,0.0,1.1640468088851774,2.099457343652711,-6.027223299062068,28.632443497018567,11.423185673892554,5.49628192693179,-25.495315947095254,64.75575030752366,1.133,0.917431192660545,1.205895489057629,1.9193857965451144,1.270503268162679,0.1,7.266402924230116,54.22577422577424,-4.024307446545805,-1.6767940927620906,30.66362209648421,12.72247412255323,11.428212378259506,5.49628192693179,-9.280653191071831,-21.80785928976956,0.0,0.08045771500089227,0.34059334946670017,0.33065236818587973,1,0
2018-11-01,2.011494252873547,1.1961534380089278,0.1,67.08,-1.7291497110060994,19.742948946804706,32913.245833333334,45698.0,34248.972916666666,30137.65625,2090.902777777778,467.71319444444447,5911.0,13052.0,294.3076388888889,1632.901388888889,0.0,-2.485686281089683,-3.4011879848648174,17.849624990116887,-20.42536248322274,11.415120357948737,4.270484745732617,-24.33197281826589,-1934.3199051393267,1.1352,0.8260058619770971,0.1941747572815622,2.1093000958772867,1.2001465177554287,0.1,-12.30924808966933,33.77107016856134,1.1640468088851774,2.099457343652711,-6.027223299062068,28.632443497018567,11.423185673892554,5.49628192693179,-25.495315947095254,64.75575030752366,0.0,0.917431192660545,1.205895489057629,-2.3757912078383847,1,1
2018-12-01,2.0095693779904167,1.2695903532310304,-0.5,54.07,-21.560643356109463,17.288503253796094,32946.844086021505,45647.0,34287.0060483871,30033.13306451613,1867.1975806451612,266.41599462365593,5913.7143817204305,13052.0,295.241935483871,2103.6458333333335,0.06451612903225806,-5.296985179398295,-6.829547078154019,-7.2383339699091165,-26.66337377302712,3.1354458603802593,1.052957572003721,-21.57898776702183,86.01002123808405,1.1128,-1.7828773168579004,-1.973220577871737,2.011494252873547,1.1961534380089278,0.1,-1.7291497110060994,19.742948946804706,-2.485686281089683,-3.4011879848648174,17.849624990116887,-20.42536248322274,11.415120357948737,4.270484745732617,-24.33197281826589,-1934.3199051393267,0.0,0.8260058619770971,0.1941747572815622,-4.291265416455481,1,1
2019-01-01,1.3384321223709472,1.2844771746466501,0.5,49.06,-9.723546456357015,14.73339569691301,35438.55174731183,47081.0,36946.68212365591,32313.648521505376,1670.6202956989248,389.9180107526882,5934.022849462365,13052.0,320.3595430107527,1692.6424731182797,0.03225806451612903,0.18538619568766457,-1.6769693425778942,-28.459639956049244,-6.093579802119297,2.840084477281968,1.052957572003721,-16.838649237548786,-41.347885600697865,1.1298,-0.2912364310299287,1.5276779295470888,2.0095693779904167,1.2695903532310304,-0.5,-21.560643356109463,17.288503253796094,-5.296985179398295,-6.829547078154019,-7.2383339699091165,-26.66337377302712,3.1354458603802593,1.052957572003721,-21.57898776702183,86.01002123808405,0.06451612903225806,-1.7828773168579004,-1.973220577871737,-2.428313097390855,1,1
2019-02-01,1.3384321223709472,1.1778791616815976,0.6,43.97,-10.953645563762452,1.477036695130396,33117.07663690476,45815.0,34240.51190476191,30224.606398809523,2031.3973214285713,988.0825892857143,6192.0,13067.0,297.1748511904762,3550.345238095238,0.0,-7.821469597789232,-4.302872062663187,6.287149141589121,7.329710909218767,7.146565149679884,1.169092598327648,-23.97884214212842,45.17813108025672,1.1473,1.4322341083900625,1.5489467162329573,1.3384321223709472,1.2844771746466501,0.5,-9.723546456357015,14.73339569691301,0.18538619568766457,-1.6769693425778942,-28.459639956049244,-6.093579802119297,2.840084477281968,1.052957572003721,-16.838649237548786,-41.347885600697865,0.03225806451612903,-0.2912364310299287,1.5276779295470888,-3.5884759631776397,1,1
2019-03-01,1.241642788920716,0.9023439222028294,-0.2,37.38,-16.23717811653019,-17.755775577557753,30579.0,43201.0,31721.227456258413,27932.383580080754,2425.202557200538,1319.8532974427994,6188.144010767161,13080.0,265.36608344549126,3456.1453566621803,0.0,-11.96271420783539,-13.263195936314176,20.451618660612205,34.78812452752387,4.001867504238699,0.8246539665307973,-35.86897125980667,64.16496561564836,1.1653,2.8689971751412413,1.5689008977599617,1.3384321223709472,1.1778791616815976,0.6,-10.953645563762452,1.477036695130396,-7.821469597789232,-4.302872062663187,6.287149141589121,7.329710909218767,7.146565149679884,1.169092598327648,-23.97884214212842,45.17813108025672,0.0,1.4322341083900625,1.5489467162329573,-1.905091790786284,1,1
2019-04-01,0.6647673314339908,0.9024514196895193,-0.4,36.76,-1.6725504539930613,-30.49725846095671,28529.799305555556,39835.0,29461.1125,25841.23888888889,1664.9506944444445,1898.8270833333333,6122.0,13080.0,166.60486111111112,2255.001388888889,0.06666666666666667,-4.338083910233015,0.47418467979922774,-0.37381701831479264,34.54705511274783,2.4088323854131843,0.21452650934723483,-57.52539684225808,-1.2674200321932672,1.1603,1.0978478696523686,-0.4290740581824326,1.241642788920716,0.9023439222028294,-0.2,-16.23717811653019,-17.755775577557753,-11.96271420783539,-13.263195936314176,20.451618660612205,34.78812452752387,4.001867504238699,0.8246539665307973,-35.86897125980667,64.16496561564836,0.0,2.8689971751412413,1.5689008977599617,-2.720800135616208,1,0
2019-05-01,0.5692599620493288,0.9564161745893822,0.5,30.75,-17.852030323495942,-46.95532171813006,26732.21572580645,35496.0,27604.516801075268,24115.412634408603,1179.581317204301,2130.6922043010754,6131.8387096774195,13080.0,126.55712365591398,2946.918010752688,0.06451612903225806,0.8399693547168186,0.49261083743843415,-5.416919710239732,-7.783758502560434,4.588221053326591,0.21452650934723483,-63.26496773539119,22.514897316918336,1.1479,0.7194875844520388,-1.0686891321210146,0.6647673314339908,0.9024514196895193,-0.4,-1.6725504539930613,-30.49725846095671,-4.338083910233015,0.47418467979922774,-0.37381701831479264,34.54705511274783,2.4088323854131843,0.21452650934723483,-57.52539684225808,-1.2674200321932672,0.06666666666666667,1.0978478696523686,-0.4290740581824326,-2.55642954856361,1,0
2019-06-01,0.37878787878788955,0.9481813436161988,0.6,45.79,39.817573241647715,-26.547962784728906,25643.74722222222,34872.0,26554.58402777778,23334.088194444445,1510.3729166666667,1951.9708333333333,6137.0,13080.0,187.05972222222223,2564.3381944444445,0.0,-1.4003148717883662,3.281601705959014,40.79431006200309,-20.787548471458205,4.6805171766792775,0.21452650934723483,-45.51901007641245,13.234839554843036,1.1225,-1.3447002988222767,-2.212736301071505,0.5692599620493288,0.9564161745893822,0.5,-17.852030323495942,-46.95532171813006,0.8399693547168186,0.49261083743843415,-5.416919710239732,-7.783758502560434,4.588221053326591,0.21452650934723483,-63.26496773539119,22.514897316918336,0.06451612903225806,0.7194875844520388,-1.0686891321210146,-0.21924055073228033,1,0
2019-07-01,0.1890359168241984,0.8522184963833245,0.1,44.88,-2.007346545456315,-28.455284552845516,25742.460349462366,32881.0,26960.09946236559,23408.308467741936,1211.3158602150538,2103.1633064516127,6137.0,13080.0,144.78629032258064,2099.6202956989246,0.0,-2.947472099740711,-1.935580077542498,36.389831816661555,-11.900338800783183,3.7882631489937424,0.21452650934723483,-46.00586451467381,-20.06323331157669,1.1118,-1.3399591800514754,-0.953229398663713,0.37878787878788955,0.9481813436161988,0.6,39.817573241647715,-26.547962784728906,-1.4003148717883662,3.281601705959014,40.79431006200309,-20.787548471458205,4.6805171766792775,0.21452650934723483,-45.51901007641245,13.234839554843036,0.0,-1.3447002988222767,-2.212736301071505,-0.10637354844429403,1,0
2019-08-01,0.0,0.8483220434116895,-0.2,41.7,-7.3491132409685065,-41.905823349122315,24719.801747311827,33763.0,25916.861559139787,22487.449596774193,1672.0510752688172,1959.8904569892472,6163.935483870968,13080.0,179.63709677419354,2025.1155913978494,0.03225806451612903,-5.692938771589051,-2.124884044526898,32.432075660507124,13.478063097995708,4.243793063943313,0.21452650934723483,-31.801481844345105,-10.820254709473588,1.0925,-2.0794120283230133,-1.7359237272890682,0.1890359168241984,0.8522184963833245,0.1,-2.007346545456315,-28.455284552845516,-2.947472099740711,-1.935580077542498,36.389831816661555,-11.900338800783183,3.7882631489937424,0.21452650934723483,-46.00586451467381,-20.06323331157669,0.0,-1.3399591800514754,-0.953229398663713,1.6675779114269984,1,0
2019-09-01,-0.18832391713747842,0.7974273275517954,0.4,52.48,22.993101583107777,-32.01191864231118,26075.131944444445,38228.0,27316.75,23802.477777777778,1678.7736111111112,1562.2944444444445,6182.0,13080.0,169.40416666666667,1765.7118055555557,0.0,-2.8924245508887836,-0.31552322094448026,-7.293932850213192,8.739767449953796,4.579954662847219,0.21452650934723483,-30.56554150406886,3.72235838157835,1.1223,0.2501116569897377,2.7276887871853672,0.0,0.8483220434116895,-0.2,-7.3491132409685065,-41.905823349122315,-5.692938771589051,-2.124884044526898,32.432075660507124,13.478063097995708,4.243793063943313,0.21452650934723483,-31.801481844345105,-10.820254709473588,0.03225806451612903,-2.0794120283230133,-1.7359237272890682,0.08045771500089227,1,0
2019-10-01,-0.46948356807511304,0.866013594711814,-0.1,45.23,-14.867156114608186,-33.72893772893774,29758.170469798657,43732.0,31064.908724832214,27174.93154362416,1844.0073825503355,823.4926174496644,6231.0,13080.0,232.04093959731543,1661.018120805369,0.0,0.804873953763785,-4.739914611832363,-2.2386503696155358,-19.149031504758796,5.413635594654043,0.21452650934723483,-17.571201739453844,0.479353337853361,1.144,0.9708737864077666,1.9335293593513159,-0.18832391713747842,0.7974273275517954,0.4,22.993101583107777,-32.01191864231118,-2.8924245508887836,-0.31552322094448026,-7.293932850213192,8.739767449953796,4.579954662847219,0.21452650934723483,-30.56554150406886,3.72235838157835,0.0,0.2501116569897377,2.7276887871853672,0.917431192660545,1,0
2019-11-01,-0.46948356807511304,0.9819525627791522,-0.3,42.82,-5.475530032821503,-36.16577221228384,33692.626388888886,44994.0,35007.49166666667,30589.059027777777,1639.7243055555555,456.28333333333336,6258.877777777778,13080.0,234.56319444444443,2653.626388888889,0.0,2.3679844871641986,-1.5405488205173068,-21.578165996878017,-2.4437756400453092,5.8852610011466355,0.21452650934723483,-20.299997876371812,62.50989845103594,1.166,2.7131782945736482,1.9230769230769162,-0.46948356807511304,0.866013594711814,-0.1,-14.867156114608186,-33.72893772893774,0.804873953763785,-4.739914611832363,-2.2386503696155358,-19.149031504758796,5.413635594654043,0.21452650934723483,-17.571201739453844,0.479353337853361,0.0,0.9708737864077666,1.9335293593513159,0.8260058619770971,1,1
2019-12-01,-0.5628517823639712,0.9122763470886703,0.4,28.67,-40.115400326625824,-46.97614203809876,32514.78696236559,45146.0,33904.68951612903,29783.1814516129,2293.3669354838707,381.09610215053766,6463.404569892473,13080.0,260.4475806451613,2518.6478494623657,0.06451612903225806,-1.311376356800209,-1.0975529607641255,22.824009588286742,43.04550396415985,9.295176477767697,0.21452650934723483,-11.785031412182468,19.727751199993616,1.1791,5.957943925233655,1.1234991423670682,-0.46948356807511304,0.9819525627791522,-0.3,-5.475530032821503,-36.16577221228384,2.3679844871641986,-1.5405488205173068,-21.578165996878017,-2.4437756400453092,5.8852610011466355,0.21452650934723483,-20.299997876371812,62.50989845103594,0.0,2.7131782945736482,1.9230769230769162,-1.7828773168579004,1,1
2020-01-01,0.0,0.9713333717922765,-0.1,24.09,-17.405446326849848,-50.89686098654709,32805.594086021505,44208.0,34202.94153225807,30253.672715053763,2527.1760752688174,401.5860215053763,6465.0,13080.0,199.9119623655914,1861.7862903225807,0.03225806451612903,-7.429642385118196,-6.102249315010299,51.27172115501817,2.9924267232910085,8.948013245108122,0.21452650934723483,-37.59762531597772,9.992885082972958,1.1779,4.257390688617457,-0.10177253837673206,-0.5628517823639712,0.9122763470886703,0.4,-40.115400326625824,-46.97614203809876,-1.311376356800209,-1.0975529607641255,22.824009588286742,43.04550396415985,9.295176477767697,0.21452650934723483,-11.785031412182468,19.727751199993616,0.06451612903225806,5.957943925233655,1.1234991423670682,-0.2912364310299287,1,1
2020-02-01,0.0,0.8675376855214466,0.0,22.05,-8.8484214733925,-49.8521719354105,31909.54382183908,44195.0,33032.95761494253,29325.569683908045,3446.885775862069,761.7492816091954,6465.0,13080.0,241.42959770114942,3065.4619252873563,0.0,-3.6462542521643937,-3.535959838480851,69.68053169618543,-22.906314728218767,4.408914728682167,0.09948725797810365,-18.758402087529436,-13.657356687599819,1.1882,3.564891484354571,0.8744375583665809,0.0,0.9713333717922765,-0.1,-17.405446326849848,-50.89686098654709,-7.429642385118196,-6.102249315010299,51.27172115501817,2.9924267232910085,8.948013245108122,0.21452650934723483,-37.59762531597772,9.992885082972958,0.03225806451612903,4.257390688617457,-0.10177253837673206,1.4322341083900625,1,1
2020-03-01,0.0,0.8445774385610574,-7.6,19.3,-13.320750598201508,-48.368111289459605,29663.677658142664,45490.0,30741.161507402423,27120.00269179004,2411.0262449528936,1530.0969044414535,6496.495289367429,13080.0,227.0026917900404,3161.28532974428,0.0,-2.9933037112310323,5.298488460915252,-0.5845413697736057,15.929316341899401,4.982936370965962,0.0,-14.456780292848192,-8.531470655582197,1.1193,-3.947481335278469,-5.798687089715537,0.0,0.8675376855214466,0.0,-8.8484214733925,-49.8521719354105,-3.6462542521643937,-3.535959838480851,69.68053169618543,-22.906314728218767,4.408914728682167,0.09948725797810365,-18.758402087529436,-13.657356687599819,0.0,3.564891484354571,0.8744375583665809,2.8689971751412413,1,1
2020-04-01,0.0,0.8829504154006422,-19.2,17.08,-12.219690755041619,-53.53645266594125,23027.58125,34099.0,24177.984722222223,20917.916666666668,1530.982638888889,2237.258333333333,6541.933333333333,13080.0,148.7888888888889,2420.345138888889,0.06666666666666667,-19.285863165830687,-14.399397514748335,-8.046367739451743,17.823173735540678,6.859414134814323,0.0,-10.693548857701396,7.332312557087617,1.1419,-1.5857967766957026,2.019119092289823,0.0,0.8445774385610574,-7.6,-13.320750598201508,-48.368111289459605,-2.9933037112310323,5.298488460915252,-0.5845413697736057,15.929316341899401,4.982936370965962,0.0,-14.456780292848192,-8.531470655582197,0.0,-3.947481335278469,-5.798687089715537,1.0978478696523686,1,0
2020-05-01,0.0,0.8522760370962198,2.1,11.82,-36.81151763824715,-61.5609756097561,21610.885080645163,29570.0,22610.566532258064,19599.774193548386,1548.0,2650.6377688172042,6527.0,13080.0,131.50604838709677,2489.8985215053763,0.06451612903225806,-19.157898087053493,-16.69483885508226,31.233004238222396,24.402659542591465,6.444417556171644,0.0,3.910427630006841,-15.508388342659796,1.1275,-1.777158289049563,-1.2610561345126503,0.0,0.8829504154006422,-19.2,-12.219690755041619,-53.53645266594125,-19.285863165830687,-14.399397514748335,-8.046367739451743,17.823173735540678,6.859414134814323,0.0,-10.693548857701396,7.332312557087617,0.06666666666666667,-1.5857967766957026,2.019119092289823,0.7194875844520388,1,0
2020-06-01,0.0,0.8302919614436062,9.3,29.69,92.10172767977163,-35.16051539637475,22674.983333333334,31325.0,23983.372916666667,20680.1375,1588.5611111111111,2066.8375,6527.0,13080.0,129.24930555555557,1375.295138888889,0.0,-11.576950369859485,-10.171484285386557,5.176747648322677,5.884650769628141,6.35489652924881,0.0,-30.904791250566145,-46.36841810224481,1.1123,-0.9086859688196003,-1.3481152993347956,0.0,0.8522760370962198,2.1,-36.81151763824715,-61.5609756097561,-19.157898087053493,-16.69483885508226,31.233004238222396,24.402659542591465,6.444417556171644,0.0,3.910427630006841,-15.508388342659796,0.06451612903225806,-1.777158289049563,-1.2610561345126503,-1.3447002988222767,1,0
2020-07-01,0.0,0.8977924442594358,6.7,27.04,-9.349303760090521,-39.75044563279858,23350.02889784946,32207.0,25103.253360215054,21328.790994623654,1543.4905913978494,1947.7728494623657,6527.0,13080.0,114.49798387096774,382.7426075268817,0.0,-9.293717147214608,-2.0498160031629187,27.422635341687183,-7.388416130719621,6.35489652924881,0.0,-20.919319352772437,-81.77086550787632,1.1059,-0.5306709839899115,-0.575384338757523,0.0,0.8302919614436062,9.3,92.10172767977163,-35.16051539637475,-11.576950369859485,-10.171484285386557,5.176747648322677,5.884650769628141,6.35489652924881,0.0,-30.904791250566145,-46.36841810224481,0.0,-0.9086859688196003,-1.3481152993347956,-1.3399591800514754,1,0
2020-08-01,0.0,0.8991860644303231,3.5,35.17,26.28761953111279,-15.659472422062349,24295.801747311827,32907.0,25338.675403225807,22097.192204301075,1251.4744623655913,1693.1236559139784,6527.0,13080.0,159.01747311827958,1869.0369623655913,0.03225806451612903,-1.715224111965652,-2.535319728697094,-25.153335273302545,-13.611311801837733,5.890141405260563,0.0,-11.478488589599689,-7.707146678206344,1.11,1.6018306636155666,0.3707387648069549,0.0,0.8977924442594358,6.7,-9.349303760090521,-39.75044563279858,-9.293717147214608,-2.0498160031629187,27.422635341687183,-7.388416130719621,6.35489652924881,0.0,-20.919319352772437,-81.77086550787632,0.0,-0.5306709839899115,-0.575384338757523,-2.0794120283230133,1,0
2020-09-01,0.0,0.9055906804688937,1.4,40.75,14.72623932009805,-22.351371951219512,25526.786111111112,37185.0,26887.338194444445,23340.296527777777,1428.75625,1592.7388888888888,6527.0,13080.0,161.33055555555555,1157.6645833333334,0.0,-2.1029455747400894,-2.728366642251756,-14.892857467877107,1.9487008068616918,5.580718214170166,0.0,-4.76588697313296,-34.4363797256772,1.0993,-2.0493629154415105,-0.9639639639639763,0.0,0.8991860644303231,3.5,26.28761953111279,-15.659472422062349,-1.715224111965652,-2.535319728697094,-25.153335273302545,-13.611311801837733,5.890141405260563,0.0,-11.478488589599689,-7.707146678206344,0.03225806451612903,1.6018306636155666,0.3707387648069549,0.2501116569897377,1,0
2020-10-01,0.0,0.8631122303871491,0.3,41.14,0.9525044537939472,-9.042670793720974,28757.312080536914,40693.0,29824.844966442954,26417.876510067115,1617.21677852349,733.6926174496645,6527.0,13080.0,188.06577181208053,2507.386577181208,0.0,-3.363306189395976,-6.949144790999728,-12.298790458918074,-10.904772926575623,4.750441341678702,0.0,-18.951469452567093,50.954799696313046,1.1032,-3.566433566433558,0.3547712180478557,0.0,0.9055906804688937,1.4,14.72623932009805,-22.351371951219512,-2.1029455747400894,-2.728366642251756,-14.892857467877107,1.9487008068616918,5.580718214170166,0.0,-4.76588697313296,-34.4363797256772,0.0,-2.0493629154415105,-0.9639639639639763,0.9708737864077666,1,0
2020-11-01,0.0,0.7529321455621281,-2.1,42.63,3.5577346552307856,-0.4437178888369919,30095.516666666666,43012.0,31356.831944444446,27698.304166666665,1742.0569444444445,512.1458333333334,6527.0,13080.0,229.74305555555554,2667.565972222222,0.0,-10.676252069825198,-4.405031782015378,6.240844179852401,12.242941154984122,4.283870555424385,0.0,-2.05494254983406,0.5253031621821558,1.1164,-4.253859348198963,1.1965192168237992,0.0,0.8631122303871491,0.3,0.9525044537939472,-9.042670793720974,-3.363306189395976,-6.949144790999728,-12.298790458918074,-10.904772926575623,4.750441341678702,0.0,-18.951469452567093,50.954799696313046,0.0,-3.566433566433558,0.3547712180478557,2.7131782945736482,1,1
2020-12-01,0.0,0.7491403621186459,1.7,43.58,2.2040098739354783,52.005580746424826,32232.896505376346,45986.0,33462.87432795699,29615.745967741936,1637.125,326.3010752688172,6527.0,13080.0,243.92809139784947,2184.8225806451615,0.06451612903225806,-0.8669607994526318,1.86062995614229,-28.61478140851509,-14.378270093162937,0.9839308280927384,0.0,-6.3427309274253885,-13.254146223278617,1.1039,-6.377745738274953,-1.1196703690433463,0.0,0.7529321455621281,-2.1,3.5577346552307856,-0.4437178888369919,-10.676252069825198,-4.405031782015378,6.240844179852401,12.242941154984122,4.283870555424385,0.0,-2.05494254983406,0.5253031621821558,0.0,-4.253859348198963,1.1965192168237992,5.957943925233655,1,1
2021-01-01,0.0,0.8710268827750206,-3.2,43.64,0.13758314483963266,81.15400581154006,33777.479838709674,46433.0,34877.03629032258,30825.934139784946,1427.0537634408602,362.17405913978496,6527.0,13080.0,257.6081989247312,2701.67876344086,0.03225806451612903,2.962561050227386,5.033025696706472,-43.531684341026235,-9.814077247473051,0.9590100541376545,0.0,28.86082247225763,45.1121848669729,1.1205,-4.873079208761344,1.5037593984962294,0.0,0.7491403621186459,1.7,2.2040098739354783,52.005580746424826,-0.8669607994526318,1.86062995614229,-28.61478140851509,-14.378270093162937,0.9839308280927384,0.0,-6.3427309274253885,-13.254146223278617,0.06451612903225806,-6.377745738274953,-1.1196703690433463,4.257390688617457,1,1
2021-02-01,0.0,0.8478612278203671,1.2,38.6,-12.272188449408487,75.05668934240364,31839.606398809523,46148.0,32924.46205357143,29346.42261904762,2113.217261904762,762.0416666666666,6527.0,13080.0,181.61755952380952,3461.1741071428573,0.0,-0.2191739982872809,4.419051928951245,-38.69198461105824,0.038383371606687255,0.9590100541376545,0.0,-24.774111685915777,12.908729304096877,1.1467,-3.4926780003366353,2.3382418563141494,0.0,0.8710268827750206,-3.2,0.13758314483963266,81.15400581154006,2.962561050227386,5.033025696706472,-43.531684341026235,-9.814077247473051,0.9590100541376545,0.0,28.86082247225763,45.1121848669729,0.03225806451612903,-4.873079208761344,1.5037593984962294,3.564891484354571,1,1
2021-03-01,0.0,0.8572774877997437,2.9,46.1,17.756067353181766,138.86010362694302,29552.405787348587,42475.0,30824.78129205922,27195.56729475101,1859.9703903095558,1223.9118438761777,6527.0,13080.0,198.66621803499328,2855.1339165545087,0.0,-0.3751115154244311,-6.62783029237195,-22.855655586366474,-20.01082805124984,0.4695564188663015,0.0,-12.482880062610057,-9.68439673284841,1.1648,4.065040650406515,1.5784424871370106,0.0,0.8478612278203671,1.2,-12.272188449408487,75.05668934240364,-0.2191739982872809,4.419051928951245,-38.69198461105824,0.038383371606687255,0.9590100541376545,0.0,-24.774111685915777,12.908729304096877,0.0,-3.4926780003366353,2.3382418563141494,-3.947481335278469,1,1
2021-04-01,0.0,1.0033788758547642,3.2,58.12,23.16968886994793,240.28103044496487,27544.989583333332,37842.0,28813.70138888889,24982.049305555556,1278.9673611111111,2190.8194444444443,6527.0,13080.0,249.1013888888889,2113.8284722222224,0.06666666666666667,19.617380932412654,10.976861491539335,-16.46101473499908,-2.075705259289329,-0.2282709494644819,0.0,67.4193488163692,-12.664171805157487,1.1555,1.1909974603730777,-0.7984203296703352,0.0,0.8572774877997437,2.9,17.756067353181766,138.86010362694302,-0.3751115154244311,-6.62783029237195,-22.855655586366474,-20.01082805124984,0.4695564188663015,0.0,-12.482880062610057,-9.68439673284841,0.0,4.065040650406515,1.5784424871370106,-1.5857967766957026,1,0
2021-05-01,0.0,1.0398837468547817,1.4,60.71,4.35985904402605,413.6209813874788,26418.520161290322,34246.0,27652.488575268817,23982.433467741936,1393.456317204301,1920.5362903225807,6527.0,13080.0,191.74395161290323,2770.9522849462364,0.06451612903225806,22.246359011695027,15.813324315184317,-9.983442041065826,-27.544370154372967,0.0,0.0,45.8061845554755,11.287759762632298,1.1596,2.8470066518847092,0.3548247511899527,0.0,1.0033788758547642,3.2,23.16968886994793,240.28103044496487,19.617380932412654,10.976861491539335,-16.46101473499908,-2.075705259289329,-0.2282709494644819,0.0,67.4193488163692,-12.664171805157487,0.06666666666666667,1.1909974603730777,-0.7984203296703352,-1.777158289049563,1,0
2021-06-01,0.0,1.0710870163872057,1.0,91.0,40.475107737450735,206.50050522061298,24992.96736111111,32838.0,25999.299305555556,22795.730555555554,1165.8548611111112,2116.915972222222,6527.0,13080.0,189.3486111111111,3487.4958333333334,0.0,10.2226493122499,4.830007980845963,-26.60937920759877,2.4229515974149907,0.0,0.0,46.49874542631325,153.58163020563768,1.1639,4.639036231232563,0.37081752328389506,0.0,1.0398837468547817,1.4,4.35985904402605,413.6209813874788,22.246359011695027,15.813324315184317,-9.983442041065826,-27.544370154372967,0.0,0.0,45.8061845554755,11.287759762632298,0.06451612903225806,2.8470066518847092,0.3548247511899527,-0.9086859688196003,1,0
2021-07-01,0.0,1.1249345302601599,-0.4,105.85,15.1163491064024,291.45710059171597,25058.620967741936,31791.0,26373.505376344085,22736.887096774193,788.7741935483871,2075.2809139784945,6527.0,13080.0,197.56854838709677,3658.5833333333335,0.0,7.317301735972737,-1.2916446735181775,-48.89672810807092,6.546351878317025,0.0,0.0,72.55198887147611,855.8860867290232,1.1677,5.588208698797348,0.32648852994243693,0.0,1.0710870163872057,1.0,40.475107737450735,206.50050522061298,10.2226493122499,4.830007980845963,-26.60937920759877,2.4229515974149907,0.0,0.0,46.49874542631325,153.58163020563768,0.0,4.639036231232563,0.37081752328389506,-0.5306709839899115,1,0
2021-08-01,0.0,1.1001392251124007,1.0,130.38,20.843026591551904,270.7136764287745,24729.497311827956,32339.0,25734.15927419355,22420.825268817203,1181.8810483870968,1606.2069892473119,6527.0,13080.0,176.30309139784947,3919.1666666666665,0.03225806451612903,1.7850638107224093,-1.7260765186738358,-5.560913631984632,-5.133509673854708,0.0,0.0,10.870263462627516,109.68909366598507,1.173,5.675675675675662,0.4538837030059195,0.0,1.1249345302601599,-0.4,15.1163491064024,291.45710059171597,7.317301735972737,-1.2916446735181775,-48.89672810807092,6.546351878317025,0.0,0.0,72.55198887147611,855.8860867290232,0.0,5.588208698797348,0.32648852994243693,1.6018306636155666,1,0
2021-09-01,0.0,1.2163407795404118,0.6,250.25,65.20071546989367,514.1104294478528,26004.291666666668,35448.0,27044.331944444446,23627.723611111112,1183.74375,1403.43125,6527.0,13080.0,240.6923611111111,2836.6694444444443,0.0,1.870605854873797,-4.6712384025816895,-17.1486563925792,-11.885666898040748,0.0,0.0,49.192048761170135,145.03379349108621,1.1667,6.131174383698723,-0.5370843989769836,0.0,1.1001392251124007,1.0,20.843026591551904,270.7136764287745,1.7850638107224093,-1.7260765186738358,-5.560913631984632,-5.133509673854708,0.0,0.0,10.870263462627516,109.68909366598507,0.03225806451612903,5.675675675675662,0.4538837030059195,-2.0493629154415105,1,0
2021-10-01,0.0,1.2574835907356066,0.1,161.45,-43.82649209910458,292.4404472532815,27250.68724832215,38145.0,28488.54563758389,25098.836241610737,2037.0872483221476,886.6040268456376,6527.0,13080.0,240.43758389261745,2536.079865771812,0.0,-5.2391017213130215,-6.2615191802029795,25.962534854603557,20.841344966438037,0.0,0.0,27.84760436517284,1.144350410572148,1.1806,7.015953589557666,1.1913945315848107,0.0,1.2163407795404118,0.6,65.20071546989367,514.1104294478528,1.870605854873797,-4.6712384025816895,-17.1486563925792,-11.885666898040748,0.0,0.0,49.192048761170135,145.03379349108621,0.0,6.131174383698723,-0.5370843989769836,-3.566433566433558,1,0
2021-11-01,0.0,1.2185797557648002,0.5,230.75,35.713937617867735,441.285479709125,31179.779166666667,45679.0,33059.79722222222,28790.806944444445,2002.1263888888889,562.3215277777778,6527.0,13080.0,269.36319444444445,1595.1569444444444,0.0,3.6027376170647774,6.200595182739699,14.92887160054246,9.797149791861571,0.0,0.0,17.245413052020673,-40.201780909823384,1.1789,5.598351845216776,-0.1439945790276176,0.0,1.2574835907356066,0.1,-43.82649209910458,292.4404472532815,-5.2391017213130215,-6.2615191802029795,25.962534854603557,20.841344966438037,0.0,0.0,27.84760436517284,1.144350410572148,0.0,7.015953589557666,1.1913945315848107,-4.253859348198963,1,1
2021-12-01,0.0,1.2529653069630864,-0.2,154.0,-40.43822709693323,253.37310692978429,32017.905241935485,45093.0,33778.602822580644,29224.177419354837,1918.7788978494623,248.49932795698925,6527.0,13080.0,288.34744623655916,2125.434139784946,0.06451612903225806,-0.666993310405728,-1.9418953594572241,17.20417792468274,-23.8435461016279,0.0,0.0,18.210020249886362,-2.7182271634467625,1.1772,6.64009421143219,-0.14420222241072755,0.0,1.2185797557648002,0.5,35.713937617867735,441.285479709125,3.6027376170647774,6.200595182739699,14.92887160054246,9.797149791861571,0.0,0.0,17.245413052020673,-40.201780909823384,0.0,5.598351845216776,-0.1439945790276176,-6.377745738274953,1,1
2022-01-01,0.0,1.1196597232964125,0.6,197.26,24.757005311221818,352.0164986251145,32762.600134408603,44977.0,34562.527553763444,30281.896505376346,2040.6370967741937,521.3931451612904,6527.0,13681.194220430107,331.19354838709677,2022.1337365591398,0.03225806451612903,-3.0046045742524563,-3.135700902375471,42.996511347539126,43.96203482924024,0.0,4.59628608891518,28.56483208590188,-25.152695282552806,1.1977,6.889781347612667,1.741420319401965,0.0,1.2529653069630864,-0.2,-40.43822709693323,253.37310692978429,-0.666993310405728,-1.9418953594572241,17.20417792468274,-23.8435461016279,0.0,0.0,18.210020249886362,-2.7182271634467625,0.06451612903225806,6.64009421143219,-0.14420222241072755,-4.873079208761344,1,1
2022-02-01,0.0,1.1616354597812972,0.4,237.36,18.505532045671906,514.922279792746,30422.25074404762,42392.0,31893.31324404762,28145.840773809523,3235.296875,829.9233630952381,6533.3921130952385,13710.785714285714,281.7313988095238,2937.0729166666665,0.0,-4.451548919948012,-8.139030943919568,53.09816616223571,8.907872022995878,0.0979334011833588,4.822520751419823,55.12343605332373,-15.142294904916753,1.1933,4.063835353623446,-0.3673707940218707,0.0,1.1196597232964125,0.6,24.757005311221818,352.0164986251145,-3.0046045742524563,-3.135700902375471,42.996511347539126,43.96203482924024,0.0,4.59628608891518,28.56483208590188,-25.152695282552806,0.03225806451612903,6.889781347612667,1.741420319401965,-3.4926780003366353,1,1
2022-03-01,0.0,1.1688304549862818,0.0,305.79,25.33206158658648,563.3188720173537,29263.35060565276,41922.0,30819.964333781965,26643.238896366085,1667.1823687752355,1573.2442799461642,6545.917227456259,13747.42530282638,232.48048452220726,2375.4522207267833,0.0,-0.9781104921737782,-1.3019423190111845,-10.36511239849547,28.542287405572985,0.28983035784064803,5.1026399298652825,17.020642372755045,-16.800672397412143,1.1953,2.6184752747252737,0.16760244699571825,0.0,1.1616354597812972,0.4,18.505532045671906,514.922279792746,-4.451548919948012,-8.139030943919568,53.09816616223571,8.907872022995878,0.0979334011833588,4.822520751419823,55.12343605332373,-15.142294904916753,0.0,4.063835353623446,-0.3673707940218707,4.065040650406515,1,1
2022-04-01,0.0,0.8666985568279939,0.2,199.0,-42.95937671239387,242.39504473503098,25971.95486111111,35866.0,28401.840277777777,23614.7,1578.2590277777779,2045.5305555555556,6545.0,13787.109722222222,208.48125,-70.1763888888889,0.06666666666666667,-5.710783507335282,-5.221711326039847,23.40104022722325,-6.6317144143173135,0.27577753945151606,5.406037631668359,-16.30666897124665,-103.31987149435611,1.1956,3.4703591518822963,0.025098301681580892,0.0,1.1688304549862818,0.0,25.33206158658648,563.3188720173537,-0.9781104921737782,-1.3019423190111845,-10.36511239849547,28.542287405572985,0.28983035784064803,5.1026399298652825,17.020642372755045,-16.800672397412143,0.0,2.6184752747252737,0.16760244699571825,1.1909974603730777,1,0
2022-05-01,0.0,0.5038944687919001,0.5,204.75,2.8484898008686343,237.2591006423983,23845.997311827956,32909.0,27788.600134408603,21869.329973118278,1642.809811827957,2101.5974462365593,6545.0,13834.255376344086,230.99395161290323,-2446.6458333333335,0.03225806451612903,-9.737573617888518,-3.904105588973894,17.89460434066101,9.427635230134968,0.27577753945151606,5.766478412416554,20.47000683455129,-188.2962094520803,1.1759,1.4056571231459092,-1.6477082636333296,0.0,0.8666985568279939,0.2,-42.95937671239387,242.39504473503098,-5.710783507335282,-5.221711326039847,23.40104022722325,-6.6317144143173135,0.27577753945151606,5.406037631668359,-16.30666897124665,-103.31987149435611,0.06666666666666667,3.4703591518822963,0.025098301681580892,2.8470066518847092,1,0
2022-06-01,0.0,0.5113785893488667,-0.7,374.92,60.49229471451063,312.0,22853.75138888889,31287.0,26975.941666666666,20893.213888888888,1500.5097222222223,2401.0833333333335,6545.0,13860.097222222223,162.13125,-2466.771527777778,0.06666666666666667,-8.55927165955822,-4.723186552165171,28.704676051371457,13.423648592570636,0.27577753945151606,5.964046041454307,-14.374206893516517,-170.73188458608274,1.165,0.09450983761492004,-0.9269495705417019,0.0,0.5038944687919001,0.5,2.8484898008686343,237.2591006423983,-9.737573617888518,-3.904105588973894,17.89460434066101,9.427635230134968,0.27577753945151606,5.766478412416554,20.47000683455129,-188.2962094520803,0.03225806451612903,1.4056571231459092,-1.6477082636333296,4.639036231232563,1,0
2022-07-01,0.0,0.515948936059665,0.5,448.1,17.83037519138123,323.3349078885215,23282.50739247312,31165.0,27383.983198924732,21300.557123655915,1288.3487903225807,2261.6693548387098,6545.0,13861.0,180.78494623655914,-1995.0342741935483,0.0,-7.087834472436516,-1.969110754616088,63.33556559790612,8.981359564613944,0.27577753945151606,5.970948012232413,-8.495077929941285,-154.5302400526674,1.1777,0.8563843452941589,1.0901287553648054,0.0,0.5113785893488667,-0.7,60.49229471451063,312.0,-8.55927165955822,-4.723186552165171,28.704676051371457,13.423648592570636,0.27577753945151606,5.964046041454307,-14.374206893516517,-170.73188458608274,0.06666666666666667,0.09450983761492004,-0.9269495705417019,5.588208698797348,1,0
2022-08-01,0.0,0.43939285763939095,0.0,544.68,19.51820444642771,317.76346065347445,23332.897849462366,30850.0,26643.75739247312,21229.18077956989,1078.8514784946237,2162.467741935484,6545.0,13861.0,187.0880376344086,-1280.6505376344087,0.03225806451612903,-5.647504454923169,-4.604347691641674,-8.71742296173348,34.63194696648921,0.27577753945151606,5.970948012232413,6.117275738643513,-132.676603129094,1.1834,0.8866155157715161,0.4839942260338015,0.0,0.515948936059665,0.5,17.83037519138123,323.3349078885215,-7.087834472436516,-1.969110754616088,63.33556559790612,8.981359564613944,0.27577753945151606,5.970948012232413,-8.495077929941285,-154.5302400526674,0.0,0.8563843452941589,1.0901287553648054,5.675675675675662,1,0
2022-09-01,0.0,0.4249451024516523,-0.7,522.86,-4.0884724450331715,108.93506493506493,24102.89652777778,33688.0,28506.946527777778,22046.31111111111,1447.5520833333333,1453.7743055555557,6545.0,13861.0,170.93541666666667,-2999.9041666666667,0.03333333333333333,-7.311851302322426,-4.965019183028662,22.285932519883044,3.5871408418157724,0.27577753945151606,5.970948012232413,-28.981785762715774,-205.75444990751083,1.1447,-1.885660409702583,-3.2702382964340027,0.0,0.43939285763939095,0.0,19.51820444642771,317.76346065347445,-5.647504454923169,-4.604347691641674,-8.71742296173348,34.63194696648921,0.27577753945151606,5.970948012232413,6.117275738643513,-132.676603129094,0.03225806451612903,0.8866155157715161,0.4839942260338015,6.131174383698723,1,0
2022-10-01,0.0,0.4939996981288505,1.0,338.65,-43.43466161451302,109.75534221121089,24697.859060402683,35128.0,28509.358389261746,22769.376510067115,2086.5241610738253,1107.0268456375838,6545.0,13861.0,204.45771812080537,-2011.286577181208,0.0,-9.367940575798306,-7.909293485384716,2.426843169942594,24.861472779022577,0.27577753945151606,5.970948012232413,-14.96432678673113,-179.30691001992983,1.1493,-2.651194307978999,0.40185201362801237,0.0,0.4249451024516523,-0.7,-4.0884724450331715,108.93506493506493,-7.311851302322426,-4.965019183028662,22.285932519883044,3.5871408418157724,0.27577753945151606,5.970948012232413,-28.981785762715774,-205.75444990751083,0.03333333333333333,-1.885660409702583,-3.2702382964340027,7.015953589557666,1,0
2022-11-01,0.0,0.5084003722231227,0.1,369.77,8.79140650689106,60.24702058504874,27986.51875,40516.0,31978.690972222223,25860.852777777778,2153.7569444444443,494.7368055555556,6545.0,13861.0,203.2875,-1343.1930555555555,0.0,-10.241446546486399,-11.30278683859104,7.573475700487875,-12.018875124576557,0.27577753945151606,5.970948012232413,-24.530335178391425,-184.2044452261315,1.1505,-2.4090253626261715,0.10441138084051893,0.0,0.4939996981288505,1.0,-43.43466161451302,109.75534221121089,-9.367940575798306,-7.909293485384716,2.426843169942594,24.861472779022577,0.27577753945151606,5.970948012232413,-14.96432678673113,-179.30691001992983,0.0,-2.651194307978999,0.40185201362801237,5.598351845216776,1,1
2022-12-01,0.0,0.8346335444463492,-0.5,201.4,-60.758821044536134,30.779220779220772,31136.81115591398,46147.0,33280.92943548387,28509.74193548387,1786.8494623655913,329.0376344086022,6545.0,13859.950268817205,278.93682795698925,1702.08938172043,0.06451612903225806,-2.7518792355831323,2.3373916128889283,-6.875697644566314,32.40986891745343,0.27577753945151606,5.962922544474036,-3.26363850361604,-19.918036985486196,1.1512,-2.2086306489976226,0.06084311169056722,0.0,0.5084003722231227,0.1,8.79140650689106,60.24702058504874,-10.241446546486399,-11.30278683859104,7.573475700487875,-12.018875124576557,0.27577753945151606,5.970948012232413,-24.530335178391425,-184.2044452261315,0.0,-2.4090253626261715,0.10441138084051893,6.64009421143219,1,1
2023-01-01,0.0,0.8417490379190982,0.4,147.91,-30.86889996011833,-25.017743080198716,30707.014784946237,44109.0,32795.75067204301,28366.899193548386,2375.6438172043013,520.2056451612904,6545.0,15042.574596774193,318.79905913978496,2654.8252688172042,0.03225806451612903,-6.274182577174359,-1.9298752695822263,16.41677106427599,-0.22775519989481907,0.27577753945151606,9.950742270080038,-3.742370377585136,31.288312974524214,1.1352,-5.218335142356178,-1.3898540653231373,0.0,0.8346335444463492,-0.5,-60.758821044536134,30.779220779220772,-2.7518792355831323,2.3373916128889283,-6.875697644566314,32.40986891745343,0.27577753945151606,5.962922544474036,-3.26363850361604,-19.918036985486196,0.06451612903225806,-2.2086306489976226,0.06084311169056722,6.889781347612667,1,1
2023-02-01,0.0,0.8506187880973763,0.2,116.37,-23.982921056329307,-50.9732052578362,29573.839285714286,40832.0,31181.39136904762,27223.212797619046,1953.7083333333333,834.6071428571429,6545.0,15155.60119047619,218.6376488095238,3592.2648809523807,0.0,-2.7887859628509926,-3.679939611247407,-39.612702981597835,0.5643629243592407,0.17767013985729996,10.537802182154143,-22.395001148827276,22.307650605736494,1.1289,-5.396798793262381,-0.554968287526425,0.0,0.8417490379190982,0.4,-30.86889996011833,-25.017743080198716,-6.274182577174359,-1.9298752695822263,16.41677106427599,-0.22775519989481907,0.27577753945151606,9.950742270080038,-3.742370377585136,31.288312974524214,0.03225806451612903,-5.218335142356178,-1.3898540653231373,4.063835353623446,1,1
2023-03-01,0.0,0.8847456785748727,-0.4,122.32,4.986579150082118,-59.99869191275058,29059.331763122478,42385.0,30762.609017496634,26472.703230148047,1798.514804845222,1027.7092866756393,6545.0,15272.35195154778,258.5370121130552,3862.2812920592196,0.0,-0.697182100845517,1.1044320404560937,7.877508695492463,-34.67579702811269,-0.014012206760138923,11.092452696636123,11.208049417308796,62.591411368296534,1.133,-5.212080649209405,0.363185401718491,0.0,0.8506187880973763,0.2,-23.982921056329307,-50.9732052578362,-2.7887859628509926,-3.679939611247407,-39.612702981597835,0.5643629243592407,0.17767013985729996,10.537802182154143,-22.395001148827276,22.307650605736494,0.0,-5.396798793262381,-0.554968287526425,2.6184752747252737,1,1
2023-04-01,0.0,0.9059071587622616,0.2,97.28,-22.904714340294984,-51.11557788944723,25521.334722222222,35076.0,26963.733333333334,23277.411111111112,1506.9659722222223,1840.557638888889,6545.0,15360.71388888889,152.18333333333334,3149.1208333333334,0.06666666666666667,-1.7350258819509135,-2.2026431718061623,-4.517196119317479,-10.020525780461732,0.0,11.413589928353973,-27.003827282629324,-4587.43642013181,1.1347,-5.0936768149882905,0.15004413062664756,0.0,0.8847456785748727,-0.4,4.986579150082118,-59.99869191275058,-0.697182100845517,1.1044320404560937,7.877508695492463,-34.67579702811269,-0.014012206760138923,11.092452696636123,11.208049417308796,62.591411368296534,0.0,-5.212080649209405,0.363185401718491,3.4703591518822963,1,0
2023-05-01,0.0,0.9035439644087117,-0.3,69.89,-33.06708407288191,-65.86568986568986,22944.262768817203,30606.0,24369.42876344086,20745.682123655915,1098.5940860215053,2383.0336021505377,6541.612903225807,15468.047715053763,97.94825268817205,4280.1606182795695,0.0967741935483871,-3.781492261443309,-6.998085630070805,-33.12712901324238,13.391534921112559,-0.05175090564084606,11.809759862488756,-57.59704875203291,-274.93993449996964,1.1495,-2.2450888681010306,1.3043095091213486,0.0,0.9059071587622616,0.2,-22.904714340294984,-51.11557788944723,-1.7350258819509135,-2.2026431718061623,-4.517196119317479,-10.020525780461732,0.0,11.413589928353973,-27.003827282629324,-4587.43642013181,0.06666666666666667,-5.0936768149882905,0.15004413062664756,1.4056571231459092,1,0
2023-06-01,0.0,1.0244279440761475,0.6,125.66,58.665726948576335,-66.4835164835165,22415.633333333335,29874.0,23975.963888888888,20445.2625,1130.432638888889,2593.4527777777776,6538.0,15574.696527777778,29.329166666666666,2646.75,0.0,-1.917050938816811,-4.516252756736028,-24.66342455850651,8.011777091359207,-0.10695187165775666,12.370759584618906,-81.91023219356745,-207.29611438252485,1.165,0.0,1.3484123531970482,0.0,0.9035439644087117,-0.3,-33.06708407288191,-65.86568986568986,-3.781492261443309,-6.998085630070805,-33.12712901324238,13.391534921112559,-0.05175090564084606,11.809759862488756,-57.59704875203291,-274.93993449996964,0.0967741935483871,-2.2450888681010306,1.3043095091213486,0.09450983761492004,1,0
2023-07-01,0.0,1.080905775392756,-0.4,107.43,-15.674037429634987,-76.02544074983263,21836.773521505376,29284.0,23961.119623655915,20068.879032258064,1793.1908602150538,1966.149193548387,6538.0,15669.17069892473,35.84139784946237,1619.9206989247311,0.0,-6.209528237646456,-6.035616877907913,39.18520152963152,-13.066461755697157,-0.10695187165775666,13.045023439324233,-80.17456729911379,-181.19763754833488,1.1651,-1.0698819733378606,0.008583690987129522,0.0,1.0244279440761475,0.6,58.665726948576335,-66.4835164835165,-1.917050938816811,-4.516252756736028,-24.66342455850651,8.011777091359207,-0.10695187165775666,12.370759584618906,-81.91023219356745,-207.29611438252485,0.0,0.0,1.3484123531970482,0.8563843452941589,1,0
2023-08-01,0.0,1.064334574868258,-0.1,110.09,2.445874040386074,-79.788132481457,22269.49126344086,29785.0,24299.53360215054,20311.25806451613,1440.5477150537633,1897.405241935484,6538.0,15783.45430107527,30.38037634408602,1934.6680107526881,0.03225806451612903,-4.557541857348024,-3.4521880064829813,33.52604540745801,-12.25740827758013,-0.10695187165775666,13.869520965841353,-83.76145437825761,-251.06916007909285,1.1643,-1.6139935778266112,-0.06866363402284748,0.0,1.080905775392756,-0.4,-15.674037429634987,-76.02544074983263,-6.209528237646456,-6.035616877907913,39.18520152963152,-13.066461755697157,-0.10695187165775666,13.045023439324233,-80.17456729911379,-181.19763754833488,0.0,-1.0698819733378606,0.008583690987129522,0.8866155157715161,1,0
2023-09-01,0.0,1.139554378748545,0.0,125.74,13.291806987260312,-75.95149753280037,23804.76875,31851.0,26062.177083333332,21835.761805555554,1610.125,1707.2,6538.0,15889.94236111111,84.23611111111111,1485.5472222222222,0.0,-1.2368960611609414,-5.452980289717402,11.230885474759834,17.43225846515415,-0.10695187165775666,14.637777657536333,-50.72050441402902,-149.51982262396345,1.1605,1.3802743076788637,-0.3263763634801853,0.0,1.064334574868258,-0.1,2.445874040386074,-79.788132481457,-4.557541857348024,-3.4521880064829813,33.52604540745801,-12.25740827758013,-0.10695187165775666,13.869520965841353,-83.76145437825761,-251.06916007909285,0.03225806451612903,-1.6139935778266112,-0.06866363402284748,-1.885660409702583,1,0
2023-10-01,0.0,1.0954254695455121,-0.4,131.95,4.820677999441793,-61.03646833013436,25520.65369127517,37416.0,27595.15369127517,23507.90536912752,1933.246979865772,1050.4993288590604,6502.496644295302,15946.189261744967,192.85906040268458,1992.6510067114093,0.0,3.3314411134188093,6.5133227055340415,-7.346053502163596,-5.106246248795065,-0.6494019206218171,15.043570173472087,-5.672888176942104,-199.07345026406352,1.1523,0.2610284521012973,-0.7065919862128345,0.0,1.139554378748545,0.0,13.291806987260312,-75.95149753280037,-1.2368960611609414,-5.452980289717402,11.230885474759834,17.43225846515415,-0.10695187165775666,14.637777657536333,-50.72050441402902,-149.51982262396345,0.0,1.3802743076788637,-0.3263763634801853,-2.651194307978999,1,0
2023-11-01,0.0,1.0848632530335527,0.3,107.87,-20.14962645619952,-70.82781188306244,29685.265972222223,43674.0,31387.908333333333,27134.49861111111,1890.1263888888889,641.3458333333333,6488.0,15954.0,206.90694444444443,3278.6444444444446,0.0,6.069876848195799,7.794451574686545,-12.24049706423852,29.633741846464368,-0.8708938120702836,15.099920640646424,1.7804559770986605,-344.09331412812963,1.1492,-0.1129943502824915,-0.26902716306518304,0.0,1.0954254695455121,-0.4,4.820677999441793,-61.03646833013436,3.3314411134188093,6.5133227055340415,-7.346053502163596,-5.106246248795065,-0.6494019206218171,15.043570173472087,-5.672888176942104,-199.07345026406352,0.0,0.2610284521012973,-0.7065919862128345,-2.4090253626261715,1,1
2023-12-01,0.0,0.9604779976207664,-0.3,80.8,-28.894983286028804,-59.88083416087389,29538.50873655914,43886.0,31766.083333333332,27146.6935483871,2778.6727150537636,278.8494623655914,6488.0,15795.0,309.2513440860215,1651.6404569892472,0.06451612903225806,-5.133160269211667,-4.899560101415046,55.506816526956214,-15.253018741523828,-0.8708938120702836,13.961447867070387,10.867878706108547,-2.9639409817709073,1.1604,0.7991660875608098,0.9745910198398988,0.0,1.0848632530335527,0.3,-20.14962645619952,-70.82781188306244,6.069876848195799,7.794451574686545,-12.24049706423852,29.633741846464368,-0.8708938120702836,15.099920640646424,1.7804559770986605,-344.09331412812963,0.0,-0.1129943502824915,-0.26902716306518304,-2.2086306489976226,1,1
2024-01-01,0.0,0.9891676182478594,0.5,74.62,-7.956839773403786,-49.55040227165167,31808.836021505376,45202.0,34083.79637096774,29275.450268817203,2304.569892473118,599.6081989247311,6488.049731182796,16758.75940860215,311.6666666666667,2562.4119623655915,0.03225806451612903,3.588174377339004,2.477952345326351,-2.9917752912481665,15.263685525523641,-0.8701339773446004,11.408850265538884,-2.2372689845332694,-3.4809562624355084,1.1653,2.6515151515151603,0.4222681833850217,0.0,0.9604779976207664,-0.3,-28.894983286028804,-59.88083416087389,-5.133160269211667,-4.899560101415046,55.506816526956214,-15.253018741523828,-0.8708938120702836,13.961447867070387,10.867878706108547,-2.9639409817709073,0.06451612903225806,0.7991660875608098,0.9745910198398988,-5.218335142356178,1,1
2024-02-01,0.0,1.0441494226732344,0.2,61.58,-19.207142529665756,-47.08258142132853,29526.081896551725,41216.0,31303.6716954023,27264.670977011494,2317.152298850575,758.1522988505748,6562.0,16889.587643678162,284.83692528735634,4431.802442528736,0.0,-0.16148525289927385,0.940438871473348,18.60277500568108,-9.160578681945776,0.2597402597402487,11.441225137882437,30.278077375184864,23.37070314686196,1.1702,3.6584285587740073,0.42049257701879394,0.0,0.9891676182478594,0.5,-7.956839773403786,-49.55040227165167,3.588174377339004,2.477952345326351,-2.9917752912481665,15.263685525523641,-0.8701339773446004,11.408850265538884,-2.2372689845332694,-3.4809562624355084,0.03225806451612903,2.6515151515151603,0.4222681833850217,-5.396798793262381,1,1
2024-03-01,0.0,1.0152229755581605,0.4,68.69,10.92664857294359,-43.84401569653368,27902.240242261105,40749.0,29604.65410497981,25607.031628532975,2157.156796769852,1394.1049798115746,6562.0,17048.034320323015,242.86339165545087,5390.539703903096,0.03230148048452221,-3.98182425629543,-3.859856081160784,19.941008601010335,35.65168651157429,0.2597402597402487,11.626777423730594,-6.062428094724959,39.568801345100056,1.1693,3.2038834951456208,-0.07690992992650525,0.0,1.0441494226732344,0.2,-19.207142529665756,-47.08258142132853,-0.16148525289927385,0.940438871473348,18.60277500568108,-9.160578681945776,0.2597402597402487,11.441225137882437,30.278077375184864,23.37070314686196,0.0,3.6584285587740073,0.42049257701879394,-5.212080649209405,1,1
2024-04-01,0.0,0.9833390975456971,0.1,72.96,6.030771754028557,-25.00000000000001,25210.95902777778,34206.0,27450.348611111112,23148.774305555555,2361.4069444444444,2060.0381944444443,6562.0,17124.369444444445,184.78055555555557,3349.620138888889,0.03333333333333333,-1.2161420937526035,-2.480328429695522,56.699420423026204,11.924677115140604,0.2597402597402487,11.48159889125524,21.419705764246345,6.3668343060474974,1.1671,2.855380276725117,-0.18814675446848783,0.0,1.0152229755581605,0.4,10.92664857294359,-43.84401569653368,-3.98182425629543,-3.859856081160784,19.941008601010335,35.65168651157429,0.2597402597402487,11.626777423730594,-6.062428094724959,39.568801345100056,0.03230148048452221,3.2038834951456208,-0.07690992992650525,-5.0936768149882905,1,0
2024-05-01,0.0,1.0466622731889408,0.3,83.87,13.935663523024441,20.002861639719562,23120.84005376344,30715.0,24963.53561827957,20986.860887096773,1118.6787634408602,2416.5315860215055,6562.0,17192.96639784946,129.7244623655914,4756.853494623656,0.06451612903225806,0.7695923234727564,0.356139319087756,1.8282164154087566,1.4056865937911223,0.3116524483455674,11.151495745109319,32.441834137237805,11.137266071470364,1.1685,1.6528925619834878,0.11995544512037881,0.0,0.9833390975456971,0.1,6.030771754028557,-25.00000000000001,-1.2161420937526035,-2.480328429695522,56.699420423026204,11.924677115140604,0.2597402597402487,11.48159889125524,21.419705764246345,6.3668343060474974,0.03333333333333333,2.855380276725117,-0.18814675446848783,-2.2450888681010306,1,0
2024-06-01,0.0,1.0087739334111003,-0.2,97.21,14.760560583665743,-22.640458379754904,22103.075,29605.0,24083.11388888889,20293.031944444443,1533.3083333333334,2874.2916666666665,6562.0,17193.0,167.74722222222223,4510.549305555555,0.0,-1.3943765437514632,-0.9004485505791027,35.639071324093585,10.82876431355455,0.36708473539308617,10.3905939312265,471.94677274234033,70.41841146899237,1.1811,1.3819742489270315,1.0783055198972935,0.0,1.0466622731889408,0.3,13.935663523024441,20.002861639719562,0.7695923234727564,0.356139319087756,1.8282164154087566,1.4056865937911223,0.3116524483455674,11.151495745109319,32.441834137237805,11.137266071470364,0.06451612903225806,1.6528925619834878,0.11995544512037881,0.0,1,0
2024-07-01,0.0,1.0129526288804822,-0.1,97.54,0.3388963448928977,-9.205994601135625,22822.988575268817,30261.0,24540.84072580645,20892.037634408603,1199.3319892473119,2487.0530913978496,6562.419354838709,17193.0,127.02284946236558,4706.534274193548,0.0,4.516303898065299,3.336292856167189,-33.11743797849391,26.493609923332762,0.37349885039323905,9.72501563965884,254.40261006525157,190.54102940456565,1.186,1.7938374388464462,0.41486749640164966,0.0,1.0087739334111003,-0.2,14.760560583665743,-22.640458379754904,-1.3943765437514632,-0.9004485505791027,35.639071324093585,10.82876431355455,0.36708473539308617,10.3905939312265,471.94677274234033,70.41841146899237,0.0,1.3819742489270315,1.0783055198972935,-1.0698819733378606,1,0
2024-08-01,0.0,1.002706750180478,0.3,103.01,5.456352061369538,-6.4311018257789065,21699.211693548386,29061.0,24092.852822580644,20107.232526881722,2081.0961021505377,2317.1875,6597.258064516129,17091.29435483871,205.42809139784947,2624.8024193548385,0.03225806451612903,-2.560810945998959,-2.430753735101565,44.46561404409073,22.124016988395656,0.9063637888670595,8.286145914676869,576.1867893642437,35.67198117539823,1.1741,0.8417074637121047,-1.0033726812816224,0.0,1.0129526288804822,-0.1,0.3388963448928977,-9.205994601135625,4.516303898065299,3.336292856167189,-33.11743797849391,26.493609923332762,0.37349885039323905,9.72501563965884,254.40261006525157,190.54102940456565,0.0,1.7938374388464462,0.41486749640164966,-1.6139935778266112,1,0
2024-09-01,0.0,0.9683067452605846,0.0,100.69,-2.2779580968078568,-19.92206139653253,24307.61388888889,33990.0,26160.397222222222,22253.030555555557,1573.2291666666667,1617.15625,6622.0,16795.4,130.91944444444445,3700.476388888889,0.0,2.112371450316619,6.715644720730896,-2.291488756048954,-5.274352741330834,1.2847965738758127,5.698306628883043,55.41962077493818,149.09853645401898,1.1903,2.5678586816027416,1.3797802572182993,0.0,1.002706750180478,0.3,5.456352061369538,-6.4311018257789065,-2.560810945998959,-2.430753735101565,44.46561404409073,22.124016988395656,0.9063637888670595,8.286145914676869,576.1867893642437,35.67198117539823,0.03225806451612903,0.8417074637121047,-1.0033726812816224,1.3802743076788637,1,0
2024-10-01,0.0,0.9645296893069814,0.1,104.6,3.8097061703298976,-20.727548313755207,26694.76979865772,37431.0,28216.844295302013,24639.185906040268,1844.1979865771812,1122.7657718120806,6622.0,17194.0644295302,148.16711409395973,3373.9825503355705,0.0,4.600650600826683,0.04008980115459693,-4.606188149574841,6.879246941690886,1.8378072645303112,7.825538423646439,-23.17337138084633,69.3212980583015,1.1972,3.896554716653644,0.5796857934974531,0.0,0.9683067452605846,0.0,-2.2779580968078568,-19.92206139653253,2.112371450316619,6.715644720730896,-2.291488756048954,-5.274352741330834,1.2847965738758127,5.698306628883043,55.41962077493818,149.09853645401898,0.0,2.5678586816027416,1.3797802572182993,0.2610284521012973,1,0
2024-11-01,0.0,0.9433422719300718,0.1,119.15,13.02396519139287,10.4570316121257,30581.46111111111,43603.0,32492.715277777777,28044.700694444444,1755.8319444444444,537.9013888888888,6622.0,17194.066666666666,174.0701388888889,3380.6,0.0,3.0189897564923074,-0.16256811833127438,-7.105051029068454,-16.129276759591914,2.065351418002459,7.772763361330481,-15.870325495223959,3.109686252448496,1.1998,4.403063000348073,0.21717340461075985,0.0,0.9645296893069814,0.1,3.8097061703298976,-20.727548313755207,4.600650600826683,0.04008980115459693,-4.606188149574841,6.879246941690886,1.8378072645303112,7.825538423646439,-23.17337138084633,69.3212980583015,0.0,3.896554716653644,0.5796857934974531,-0.1129943502824915,1,1
2024-12-01,0.0,0.9818665747938242,0.4,118.32,-0.699038514220682,46.43564356435643,31282.995833333334,41892.0,33393.29583333333,28733.625,2601.4583333333335,375.1125,6622.0,17194.0,242.57083333333333,3068.8708333333334,0.0,5.9058062555984225,-4.543590211001225,-6.37766300292768,34.521507345852775,2.065351418002459,8.857233301677736,-21.56191461342212,85.80743892212087,1.2079,4.093416063426392,0.6751125187531182,0.0,0.9433422719300718,0.1,13.02396519139287,10.4570316121257,3.0189897564923074,-0.16256811833127438,-7.105051029068454,-16.129276759591914,2.065351418002459,7.772763361330481,-15.870325495223959,3.109686252448496,0.0,4.403063000348073,0.21717340461075985,0.7991660875608098,1,1
2025-01-01,0.0,1.0715715275205981,0.0,128.49,8.245826189284504,72.19244170463683,31282.995833333334,41892.0,33393.29583333333,28733.625,2601.4583333333335,375.1125,6622.0,17194.0,242.57083333333333,3068.8708333333334,0.0,5.9058062555984225,-4.543590211001225,-6.37766300292768,34.521507345852775,2.065351418002459,8.857233301677736,-21.56191461342212,85.80743892212087,1.1921,2.299836951857892,-1.3080553025912822,0.0,0.9818665747938242,0.4,-0.699038514220682,46.43564356435643,5.9058062555984225,-4.543590211001225,-6.37766300292768,34.521507345852775,2.065351418002459,8.857233301677736,-21.56191461342212,85.80743892212087,0.0,4.093416063426392,0.6751125187531182,2.6515151515151603,1,1
2025-02-01,0.0,0.9429941584536453,0.2,105.0,-20.1890730137866,70.50990581357584,31282.995833333334,41892.0,33393.29583333333,28733.625,2601.4583333333335,375.1125,6622.0,17194.0,242.57083333333333,3068.8708333333334,0.0,5.9058062555984225,-4.543590211001225,-6.37766300292768,34.521507345852775,2.065351418002459,8.857233301677736,-21.56191461342212,85.80743892212087,1.2039,2.879849598359252,0.9898498448116744,0.0,1.0715715275205981,0.0,8.245826189284504,72.19244170463683,5.9058062555984225,-4.543590211001225,-6.37766300292768,34.521507345852775,2.065351418002459,8.857233301677736,-21.56191461342212,85.80743892212087,0.0,2.299836951857892,-1.3080553025912822,3.6584285587740073,1,1
2025-03-01,0.0,0.9556184927722712,0.3,99.42,-5.460704949099685,44.73722521473287,31282.995833333334,41892.0,33393.29583333333,28733.625,2601.4583333333335,375.1125,6622.0,17194.0,242.57083333333333,3068.8708333333334,0.0,5.9058062555984225,-4.543590211001225,-6.37766300292768,34.521507345852775,2.065351418002459,8.857233301677736,-21.56191461342212,85.80743892212087,1.1941,2.1209270503720123,-0.8140210980978502,0.0,0.9429941584536453,0.2,-20.1890730137866,70.50990581357584,5.9058062555984225,-4.543590211001225,-6.37766300292768,34.521507345852775,2.065351418002459,8.857233301677736,-21.56191461342212,85.80743892212087,0.0,2.879849598359252,0.9898498448116744,3.2038834951456208,1,1
2025-04-01,0.0,1.0224243628527485,-0.2,78.66,-23.421853366286317,7.8125,31282.995833333334,41892.0,33393.29583333333,28733.625,2601.4583333333335,375.1125,6622.0,17194.0,242.57083333333333,3068.8708333333334,0.0,5.9058062555984225,-4.543590211001225,-6.37766300292768,34.521507345852775,2.065351418002459,8.857233301677736,-21.56191461342212,85.80743892212087,1.1709,0.3255933510410536,-1.942885855455978,0.0,0.9556184927722712,0.3,-5.460704949099685,44.73722521473287,5.9058062555984225,-4.543590211001225,-6.37766300292768,34.521507345852775,2.065351418002459,8.857233301677736,-21.56191461342212,85.80743892212087,0.0,2.1209270503720123,-0.8140210980978502,2.855380276725117,1,0
2025-05-01,0.0,0.9330022641050271,-0.1,81.55,3.6081562063359414,-2.7661857636818943,31282.995833333334,41892.0,33393.29583333333,28733.625,2601.4583333333335,375.1125,6622.0,17194.0,242.57083333333333,3068.8708333333334,0.0,5.9058062555984225,-4.543590211001225,-6.37766300292768,34.521507345852775,2.065351418002459,8.857233301677736,-21.56191461342212,85.80743892212087,1.1852,1.4291827128797507,1.2212827739345844,0.0,1.0224243628527485,-0.2,-23.421853366286317,7.8125,5.9058062555984225,-4.543590211001225,-6.37766300292768,34.521507345852775,2.065351418002459,8.857233301677736,-21.56191461342212,85.80743892212087,0.0,0.3255933510410536,-1.942885855455978,1.6528925619834878,1,0
2025-06-01,0.0,0.9739805291129577,0.4,87.54,7.087950269572647,-9.947536261701462,31282.995833333334,41892.0,33393.29583333333,28733.625,2601.4583333333335,375.1125,6622.0,17194.0,242.57083333333333,3068.8708333333334,0.0,5.9058062555984225,-4.543590211001225,-6.37766300292768,34.521507345852775,2.065351418002459,8.857233301677736,-21.56191461342212,85.80743892212087,1.1768,-0.36406739480144834,-0.7087411407357358,0.0,0.9330022641050271,-0.1,3.6081562063359414,-2.7661857636818943,5.9058062555984225,-4.543590211001225,-6.37766300292768,34.521507345852775,2.065351418002459,8.857233301677736,-21.56191461342212,85.80743892212087,0.0,1.4291827128797507,1.2212827739345844,1.3819742489270315,1,0
2025-07-01,0.0,0.9361731111152832,-0.1,92.81,5.845856084455205,-4.8492925979085495,31282.995833333334,41892.0,33393.29583333333,28733.625,2601.4583333333335,375.1125,6622.0,17194.0,242.57083333333333,3068.8708333333334,0.0,5.9058062555984225,-4.543590211001225,-6.37766300292768,34.521507345852775,2.065351418002459,8.857233301677736,-21.56191461342212,85.80743892212087,1.1559,-2.5379426644182135,-1.776002719238623,0.0,0.9739805291129577,0.4,7.087950269572647,-9.947536261701462,5.9058062555984225,-4.543590211001225,-6.37766300292768,34.521507345852775,2.065351418002459,8.857233301677736,-21.56191461342212,85.80743892212087,0.0,-0.36406739480144834,-0.7087411407357358,1.7938374388464462,1,0
2025-08-01,0.0,0.9273706228914923,-0.2,82.31,-12.00617856227488,-20.095136394524804,31282.995833333334,41892.0,33393.29583333333,28733.625,2601.4583333333335,375.1125,6622.0,17194.0,242.57083333333333,3068.8708333333334,0.0,5.9058062555984225,-4.543590211001225,-6.37766300292768,34.521507345852775,2.065351418002459,8.857233301677736,-21.56191461342212,85.80743892212087,1.155,-1.6267779575845243,-0.077861406696067,0.0,0.9361731111152832,-0.1,5.845856084455205,-4.8492925979085495,5.9058062555984225,-4.543590211001225,-6.37766300292768,34.521507345852775,2.065351418002459,8.857233301677736,-21.56191461342212,85.80743892212087,0.0,-2.5379426644182135,-1.776002719238623,0.8417074637121047,1,0
2025-09-01,0.0,0.9020101435867841,0.1,84.23,2.3058545342719645,-16.347204290396256,31282.995833333334,41892.0,33393.29583333333,28733.625,2601.4583333333335,375.1125,6622.0,17194.0,242.57083333333333,3068.8708333333334,0.0,5.9058062555984225,-4.543590211001225,-6.37766300292768,34.521507345852775,2.065351418002459,8.857233301677736,-21.56191461342212,85.80743892212087,1.1506,-3.335293623456259,-0.3809523809523818,0.0,0.9273706228914923,-0.2,-12.00617856227488,-20.095136394524804,5.9058062555984225,-4.543590211001225,-6.37766300292768,34.521507345852775,2.065351418002459,8.857233301677736,-21.56191461342212,85.80743892212087,0.0,-1.6267779575845243,-0.077861406696067,2.5678586816027416,1,0
2025-10-01,0.0,0.9028325234436534,-0.1,81.53,-3.25801016524529,-22.055449330783937,31282.995833333334,41892.0,33393.29583333333,28733.625,2601.4583333333335,375.1125,6622.0,17194.0,242.57083333333333,3068.8708333333334,0.0,5.9058062555984225,-4.543590211001225,-6.37766300292768,34.521507345852775,2.065351418002459,8.857233301677736,-21.56191461342212,85.80743892212087,1.1473,-4.168058803875718,-0.2868068833652093,0.0,0.9020101435867841,0.1,2.3058545342719645,-16.347204290396256,5.9058062555984225,-4.543590211001225,-6.37766300292768,34.521507345852775,2.065351418002459,8.857233301677736,-21.56191461342212,85.80743892212087,0.0,-3.335293623456259,-0.3809523809523818,3.896554716653644,1,0
2025-11-01,0.0,0.8726824720973074,0.2,74.06,-9.609547518935274,-37.84305497272346,31282.995833333334,41892.0,33393.29583333333,28733.625,2601.4583333333335,375.1125,6622.0,17194.0,242.57083333333333,3068.8708333333334,0.0,5.9058062555984225,-4.543590211001225,-6.37766300292768,34.521507345852775,2.065351418002459,8.857233301677736,-21.56191461342212,85.80743892212087,1.1368,-5.250875145857636,-0.9151921903599702,0.0,0.9028325234436534,-0.1,-3.25801016524529,-22.055449330783937,5.9058062555984225,-4.543590211001225,-6.37766300292768,34.521507345852775,2.065351418002459,8.857233301677736,-21.56191461342212,85.80743892212087,0.0,-4.168058803875718,-0.2868068833652093,4.403063000348073,1,1
2025-12-01,0.0,0.8490649586052731,0.1,65.99,-11.537236009013647,-44.227518593644355,31282.995833333334,41892.0,33393.29583333333,28733.625,2601.4583333333335,375.1125,6622.0,17194.0,242.57083333333333,3068.8708333333334,0.0,5.9058062555984225,-4.543590211001225,-6.37766300292768,34.521507345852775,2.065351418002459,8.857233301677736,-21.56191461342212,85.80743892212087,1.1429,-5.381240168888146,0.5365939479240023,0.0,0.8726824720973074,0.2,-9.609547518935274,-37.84305497272346,5.9058062555984225,-4.543590211001225,-6.37766300292768,34.521507345852775,2.065351418002459,8.857233301677736,-21.56191461342212,85.80743892212087,0.0,-5.250875145857636,-0.9151921903599702,4.093416063426392,1,1
2026-01-01,0.0,0.755024139161336,0.1,80.26,19.576814944344058,-37.535995019067634,31282.995833333334,41892.0,33393.29583333333,28733.625,2601.4583333333335,375.1125,6622.0,17194.0,242.57083333333333,3068.8708333333334,0.0,5.9058062555984225,-4.543590211001225,-6.37766300292768,34.521507345852775,2.065351418002459,8.857233301677736,-21.56191461342212,85.80743892212087,1.1523,-3.3386460867376733,0.8224691574066023,0.0,0.8490649586052731,0.1,-11.537236009013647,-44.227518593644355,5.9058062555984225,-4.543590211001225,-6.37766300292768,34.521507345852775,2.065351418002459,8.857233301677736,-21.56191461342212,85.80743892212087,0.0,-5.381240168888146,0.5365939479240023,2.299836951857892,1,1
2026-02-01,0.0,0.7388338613279785,0.5,77.75,-3.1772813779427214,-25.95238095238095,31282.995833333334,41892.0,33393.29583333333,28733.625,2601.4583333333335,375.1125,6622.0,17194.0,242.57083333333333,3068.8708333333334,0.0,5.9058062555984225,-4.543590211001225,-6.37766300292768,34.521507345852775,2.065351418002459,8.857233301677736,-21.56191461342212,85.80743892212087,1.1483,-4.61832378104493,-0.34713182330989856,0.0,0.755024139161336,0.1,19.576814944344058,-37.535995019067634,5.9058062555984225,-4.543590211001225,-6.37766300292768,34.521507345852775,2.065351418002459,8.857233301677736,-21.56191461342212,85.80743892212087,0.0,-3.3386460867376733,0.8224691574066023,2.879849598359252,1,1
2026-03-01,0.0,0.7430159413714637,0.5,126.14,48.38938501761616,26.875880104606708,31282.995833333334,41892.0,33393.29583333333,28733.625,2601.4583333333335,375.1125,6622.0,17194.0,242.57083333333333,3068.8708333333334,0.0,5.9058062555984225,-4.543590211001225,-6.37766300292768,34.521507345852775,2.065351418002459,8.857233301677736,-21.56191461342212,85.80743892212087,1.1541,-3.3498031990620625,0.5050944875032437,0.0,0.7388338613279785,0.5,-3.1772813779427214,-25.95238095238095,5.9058062555984225,-4.543590211001225,-6.37766300292768,34.521507345852775,2.065351418002459,8.857233301677736,-21.56191461342212,85.80743892212087,0.0,-4.61832378104493,-0.34713182330989856,2.1209270503720123,1,1
