date,inflation_growth,weather_volatility,gdp_growth,gas_futures_price,gas_futures_log_return,gas_futures_yoy_growth,electricity_demand_mean,electricity_demand_peak,electricity_tsd_mean,england_wales_demand_mean,embedded_wind_generation_mean,embedded_solar_generation_mean,embedded_wind_capacity_mean,embedded_solar_capacity_mean,pump_storage_pumping_mean,interconnector_net_flow_mean,holiday_share,electricity_demand_yoy_growth,electricity_peak_yoy_growth,embedded_wind_generation_mean_yoy_growth,embedded_solar_generation_mean_yoy_growth,embedded_wind_capacity_mean_yoy_growth,embedded_solar_capacity_mean_yoy_growth,pump_storage_pumping_mean_yoy_growth,interconnector_net_flow_mean_yoy_growth,gbp_eur_rate,gbp_eur_yoy_change,gbp_eur_mom_change,inflation_growth_lag1,weather_volatility_lag1,gdp_growth_lag1,gas_futures_log_return_lag1,gas_futures_yoy_growth_lag1,electricity_demand_yoy_growth_lag1,electricity_peak_yoy_growth_lag1,embedded_wind_generation_mean_yoy_growth_lag1,embedded_solar_generation_mean_yoy_growth_lag1,embedded_wind_capacity_mean_yoy_growth_lag1,embedded_solar_capacity_mean_yoy_growth_lag1,pump_storage_pumping_mean_yoy_growth_lag1,interconnector_net_flow_mean_yoy_growth_lag1,holiday_share_lag1,gbp_eur_yoy_change_lag1,gbp_eur_mom_change_lag1,gbp_eur_yoy_change_lag12,post_2016_electricity_regime,winter_dummy,month,sin_month,cos_month,time_index,inflation_growth_lag1_lag1,inflation_growth_lag1_lag3,inflation_growth_lag1_rm3,inflation_growth_lag1_rstd3,inflation_growth_lag1_rm6,inflation_growth_lag1_rstd6,weather_volatility_lag1_lag1,weather_volatility_lag1_lag3,weather_volatility_lag1_rm3,weather_volatility_lag1_rstd3,weather_volatility_lag1_rm6,weather_volatility_lag1_rstd6,gdp_growth_lag1_lag1,gdp_growth_lag1_lag3,gdp_growth_lag1_rm3,gdp_growth_lag1_rstd3,gdp_growth_lag1_rm6,gdp_growth_lag1_rstd6,gas_futures_log_return_lag1_lag1,gas_futures_log_return_lag1_lag3,gas_futures_log_return_lag1_rm3,gas_futures_log_return_lag1_rstd3,gas_futures_log_return_lag1_rm6,gas_futures_log_return_lag1_rstd6,gas_futures_yoy_growth_lag1_lag1,gas_futures_yoy_growth_lag1_lag3,gas_futures_yoy_growth_lag1_rm3,gas_futures_yoy_growth_lag1_rstd3,gas_futures_yoy_growth_lag1_rm6,gas_futures_yoy_growth_lag1_rstd6,electricity_demand_yoy_growth_lag1_lag1,electricity_demand_yoy_growth_lag1_lag3,electricity_demand_yoy_growth_lag1_rm3,electricity_demand_yoy_growth_lag1_rstd3,electricity_demand_yoy_growth_lag1_rm6,electricity_demand_yoy_growth_lag1_rstd6,electricity_peak_yoy_growth_lag1_lag1,electricity_peak_yoy_growth_lag1_lag3,electricity_peak_yoy_growth_lag1_rm3,electricity_peak_yoy_growth_lag1_rstd3,electricity_peak_yoy_growth_lag1_rm6,electricity_peak_yoy_growth_lag1_rstd6,embedded_wind_generation_mean_yoy_growth_lag1_lag1,embedded_wind_generation_mean_yoy_growth_lag1_lag3,embedded_wind_generation_mean_yoy_growth_lag1_rm3,embedded_wind_generation_mean_yoy_growth_lag1_rstd3,embedded_wind_generation_mean_yoy_growth_lag1_rm6,embedded_wind_generation_mean_yoy_growth_lag1_rstd6,embedded_solar_generation_mean_yoy_growth_lag1_lag1,embedded_solar_generation_mean_yoy_growth_lag1_lag3,embedded_solar_generation_mean_yoy_growth_lag1_rm3,embedded_solar_generation_mean_yoy_growth_lag1_rstd3,embedded_solar_generation_mean_yoy_growth_lag1_rm6,embedded_solar_generation_mean_yoy_growth_lag1_rstd6,embedded_wind_capacity_mean_yoy_growth_lag1_lag1,embedded_wind_capacity_mean_yoy_growth_lag1_lag3,embedded_wind_capacity_mean_yoy_growth_lag1_rm3,embedded_wind_capacity_mean_yoy_growth_lag1_rstd3,embedded_wind_capacity_mean_yoy_growth_lag1_rm6,embedded_wind_capacity_mean_yoy_growth_lag1_rstd6,embedded_solar_capacity_mean_yoy_growth_lag1_lag1,embedded_solar_capacity_mean_yoy_growth_lag1_lag3,embedded_solar_capacity_mean_yoy_growth_lag1_rm3,embedded_solar_capacity_mean_yoy_growth_lag1_rstd3,embedded_solar_capacity_mean_yoy_growth_lag1_rm6,embedded_solar_capacity_mean_yoy_growth_lag1_rstd6,pump_storage_pumping_mean_yoy_growth_lag1_lag1,pump_storage_pumping_mean_yoy_growth_lag1_lag3,pump_storage_pumping_mean_yoy_growth_lag1_rm3,pump_storage_pumping_mean_yoy_growth_lag1_rstd3,pump_storage_pumping_mean_yoy_growth_lag1_rm6,pump_storage_pumping_mean_yoy_growth_lag1_rstd6,interconnector_net_flow_mean_yoy_growth_lag1_lag1,interconnector_net_flow_mean_yoy_growth_lag1_lag3,interconnector_net_flow_mean_yoy_growth_lag1_rm3,interconnector_net_flow_mean_yoy_growth_lag1_rstd3,interconnector_net_flow_mean_yoy_growth_lag1_rm6,interconnector_net_flow_mean_yoy_growth_lag1_rstd6,holiday_share_lag1_lag1,holiday_share_lag1_lag3,holiday_share_lag1_rm3,holiday_share_lag1_rstd3,holiday_share_lag1_rm6,holiday_share_lag1_rstd6,gbp_eur_yoy_change_lag1_lag1,gbp_eur_yoy_change_lag1_lag3,gbp_eur_yoy_change_lag1_rm3,gbp_eur_yoy_change_lag1_rstd3,gbp_eur_yoy_change_lag1_rm6,gbp_eur_yoy_change_lag1_rstd6,gbp_eur_mom_change_lag1_lag1,gbp_eur_mom_change_lag1_lag3,gbp_eur_mom_change_lag1_rm3,gbp_eur_mom_change_lag1_rstd3,gbp_eur_mom_change_lag1_rm6,gbp_eur_mom_change_lag1_rstd6,post_2016_electricity_regime_lag1,post_2016_electricity_regime_lag3,post_2016_electricity_regime_rm3,post_2016_electricity_regime_rstd3,post_2016_electricity_regime_rm6,post_2016_electricity_regime_rstd6,month_sin,month_cos,year,electricity_growth_lag12
2005-01-01,0.0,0.0,1.0,26.26,-5.518897131779328,0.0,0.0,0.0,0.0,0.0,0.0,0.0,0.0,0.0,0.0,0.0,0.0,0.0,0.0,0.0,0.0,0.0,0.0,0.0,0.0,1.4331,-0.8029348653699753,-0.4860773557391784,0.0,0.0,0.0,0.0,0.0,0.0,0.0,0.0,0.0,0.0,0.0,0.0,0.0,0.0,0.0,0.0,0.0,0,1,1,0.49999999999999994,0.8660254037844387,1,,,,,,,,,,,,,,,,,,,,,,,,,,,,,,,,,,,,,,,,,,,,,,,,,,,,,,,,,,,,,,,,,,,,,,,,,,,,,,,,,,,,,,,,,,,,,,,,,,,,,,,0.49999999999999994,0.8660254037844387,2005,0.0
2005-02-01,0.0,0.0,-0.1,28.24,7.269254375039101,-8.042982741777926,0.0,0.0,0.0,0.0,0.0,0.0,0.0,0.0,0.0,0.0,0.0,0.0,0.0,0.0,0.0,0.0,0.0,0.0,0.0,1.4499,-1.8613780966562965,1.1722838601632812,0.0,0.0,1.0,-5.518897131779328,0.0,0.0,0.0,0.0,0.0,0.0,0.0,0.0,0.0,0.0,-0.8029348653699753,-0.4860773557391784,0.0,0,1,2,0.8660254037844386,0.5000000000000001,2,0.0,,,,,,0.0,,,,,,0.0,,,,,,0.0,,,,,,0.0,,,,,,0.0,,,,,,0.0,,,,,,0.0,,,,,,0.0,,,,,,0.0,,,,,,0.0,,,,,,0.0,,,,,,0.0,,,,,,0.0,,,,,,0.0,,,,,,0.0,,,,,,0.0,,,,,,0.8660254037844386,0.5000000000000001,2005,0.0
2005-03-01,0.0,0.0,-0.5,30.7,8.35232419681102,56.55277919428863,0.0,0.0,0.0,0.0,0.0,0.0,0.0,0.0,0.0,0.0,0.0,0.0,0.0,0.0,0.0,0.0,0.0,0.0,0.0,1.444,-3.0221625251847017,-0.4069246154907224,0.0,0.0,-0.1,7.269254375039101,-8.042982741777926,0.0,0.0,0.0,0.0,0.0,0.0,0.0,0.0,0.0,-1.8613780966562965,1.1722838601632812,0.0,0,1,3,1.0,6.123233995736766e-17,3,0.0,,0.0,0.0,,,0.0,,0.0,0.0,,,1.0,,0.3,0.6082762530298219,,,-5.518897131779328,,0.5834524144199245,6.414009454331584,,,0.0,,-2.6809942472593087,4.643618251053001,,,0.0,,0.0,0.0,,,0.0,,0.0,0.0,,,0.0,,0.0,0.0,,,0.0,,0.0,0.0,,,0.0,,0.0,0.0,,,0.0,,0.0,0.0,,,0.0,,0.0,0.0,,,0.0,,0.0,0.0,,,0.0,,0.0,0.0,,,-0.8029348653699753,,-0.8881043206754239,0.9336072417059137,,,-0.4860773557391784,,0.22873550147470093,0.8525141804266562,,,0.0,,0.0,0.0,,,1.0,6.123233995736766e-17,2005,0.0
2005-04-01,0.0,0.0,1.5,31.08,1.2301870906295185,43.55658198614319,0.0,0.0,0.0,0.0,0.0,0.0,0.0,0.0,0.0,0.0,0.0,0.0,0.0,0.0,0.0,0.0,0.0,0.0,0.0,1.4652,-2.463054187192115,1.46814404432134,0.0,0.0,-0.5,8.35232419681102,56.55277919428863,0.0,0.0,0.0,0.0,0.0,0.0,0.0,0.0,0.0,-3.0221625251847017,-0.4069246154907224,0.0,0,0,4,0.8660254037844387,-0.4999999999999998,4,0.0,0.0,0.0,0.0,,,0.0,0.0,0.0,0.0,,,-0.1,0.0,0.13333333333333333,0.7767453465154028,,,7.269254375039101,0.0,3.3675604800235974,7.714927525549795,,,-8.042982741777926,0.0,16.169932150836903,35.20302748837447,,,0.0,0.0,0.0,0.0,,,0.0,0.0,0.0,0.0,,,0.0,0.0,0.0,0.0,,,0.0,0.0,0.0,0.0,,,0.0,0.0,0.0,0.0,,,0.0,0.0,0.0,0.0,,,0.0,0.0,0.0,0.0,,,0.0,0.0,0.0,0.0,,,0.0,0.0,0.0,0.0,,,-1.8613780966562965,0.0,-1.8954918290703244,1.1100070547415897,,,1.1722838601632812,0.0,0.09309396297779347,0.9354434321286497,,,0.0,0.0,0.0,0.0,,,0.8660254037844387,-0.4999999999999998,2005,0.0
2005-05-01,0.0,0.0,-0.5,31.89,2.5727955522519563,44.49478930675124,0.0,0.0,0.0,0.0,0.0,0.0,0.0,0.0,0.0,0.0,0.0,0.0,0.0,0.0,0.0,0.0,0.0,0.0,0.0,1.4611,-1.900093997582919,-0.2798252798252743,0.0,0.0,1.5,1.2301870906295185,43.55658198614319,0.0,0.0,0.0,0.0,0.0,0.0,0.0,0.0,0.0,-2.463054187192115,1.46814404432134,0.0,0,0,5,0.49999999999999994,-0.8660254037844387,5,0.0,0.0,0.0,0.0,,,0.0,0.0,0.0,0.0,,,-0.5,1.0,0.3,1.0583005244258363,,,8.35232419681102,-5.518897131779328,5.6172552208265465,3.837712227871067,,,56.55277919428863,0.0,30.688792812884632,34.166330117248755,,,0.0,0.0,0.0,0.0,,,0.0,0.0,0.0,0.0,,,0.0,0.0,0.0,0.0,,,0.0,0.0,0.0,0.0,,,0.0,0.0,0.0,0.0,,,0.0,0.0,0.0,0.0,,,0.0,0.0,0.0,0.0,,,0.0,0.0,0.0,0.0,,,0.0,0.0,0.0,0.0,,,-3.0221625251847017,-0.8029348653699753,-2.4488649363443713,0.5805222851090376,,,-0.4069246154907224,-0.4860773557391784,0.7445010963312996,1.0080769759924824,,,0.0,0.0,0.0,0.0,,,0.49999999999999994,-0.8660254037844387,2005,0.0
2005-06-01,0.0,0.8128427782699388,0.6,59.18,61.82911659500974,72.18504509746873,0.0,0.0,0.0,0.0,0.0,0.0,0.0,0.0,0.0,0.0,0.0,0.0,0.0,0.0,0.0,0.0,0.0,0.0,0.0,1.4952,-0.6511627906976569,2.333858052152493,0.0,0.0,-0.5,2.5727955522519563,44.49478930675124,0.0,0.0,0.0,0.0,0.0,0.0,0.0,0.0,0.0,-1.900093997582919,-0.2798252798252743,0.0,0,0,6,1.2246467991473532e-16,-1.0,6,0.0,0.0,0.0,0.0,0.0,0.0,0.0,0.0,0.0,0.0,0.0,0.0,1.5,-0.1,0.16666666666666666,1.1547005383792517,0.2333333333333333,0.8286535263104036,1.2301870906295185,7.269254375039101,4.051768946564166,3.7844062897136705,2.3176106804920447,5.078707037080919,43.55658198614319,-8.042982741777926,48.20138349572769,7.24771797392581,22.760194624234188,28.396160866399484,0.0,0.0,0.0,0.0,0.0,0.0,0.0,0.0,0.0,0.0,0.0,0.0,0.0,0.0,0.0,0.0,0.0,0.0,0.0,0.0,0.0,0.0,0.0,0.0,0.0,0.0,0.0,0.0,0.0,0.0,0.0,0.0,0.0,0.0,0.0,0.0,0.0,0.0,0.0,0.0,0.0,0.0,0.0,0.0,0.0,0.0,0.0,0.0,0.0,0.0,0.0,0.0,0.0,0.0,-2.463054187192115,-1.8613780966562965,-2.4617702366532455,0.5610353656903879,-1.6749372786643348,1.1033950289273209,1.46814404432134,1.1722838601632812,0.2604647163351144,1.0478098967444407,0.2446001089049077,0.8545036137666997,0.0,0.0,0.0,0.0,0.0,0.0,1.2246467991473532e-16,-1.0,2005,0.0
2005-07-01,0.0,0.7489850160185719,0.6,62.23,5.0253551609062805,90.88957055214722,0.0,0.0,0.0,0.0,0.0,0.0,0.0,0.0,0.0,0.0,0.0,0.0,0.0,0.0,0.0,0.0,0.0,0.0,0.0,1.4547,-3.1684750049923327,-2.7086677367576195,0.0,0.8128427782699388,0.6,61.82911659500974,72.18504509746873,0.0,0.0,0.0,0.0,0.0,0.0,0.0,0.0,0.0,-0.6511627906976569,2.333858052152493,0.0,0,0,7,-0.4999999999999997,-0.8660254037844388,7,0.0,0.0,0.0,0.0,0.0,0.0,0.0,0.0,0.27094759275664626,0.4692949968429924,0.13547379637832313,0.33184167464459935,-0.5,-0.5,0.5333333333333333,1.0016652800877812,0.3333333333333333,0.8310635755865292,2.5727955522519563,8.35232419681102,21.877366412630405,34.60574238976445,12.622463446327002,24.60924379023704,44.49478930675124,56.55277919428863,53.41213879678772,16.264580119840847,34.79103547381231,31.900007383803207,0.0,0.0,0.0,0.0,0.0,0.0,0.0,0.0,0.0,0.0,0.0,0.0,0.0,0.0,0.0,0.0,0.0,0.0,0.0,0.0,0.0,0.0,0.0,0.0,0.0,0.0,0.0,0.0,0.0,0.0,0.0,0.0,0.0,0.0,0.0,0.0,0.0,0.0,0.0,0.0,0.0,0.0,0.0,0.0,0.0,0.0,0.0,0.0,0.0,0.0,0.0,0.0,0.0,0.0,-1.900093997582919,-3.0221625251847017,-1.6714369918242304,0.9273352295068684,-1.7834644104472774,0.9229770781618979,-0.2798252798252743,-0.4069246154907224,1.174058938882853,1.3314276836896457,0.6335764509303232,1.1872856523950541,0.0,0.0,0.0,0.0,0.0,0.0,-0.4999999999999997,-0.8660254037844388,2005,0.0
2005-08-01,0.0,0.7107346528263284,0.0,53.43,-15.246481261144645,45.82423580786026,0.0,0.0,0.0,0.0,0.0,0.0,0.0,0.0,0.0,0.0,0.0,0.0,0.0,0.0,0.0,0.0,0.0,0.0,0.0,1.4592,-2.283533114578451,0.309342132398438,0.0,0.7489850160185719,0.6,5.0253551609062805,90.88957055214722,0.0,0.0,0.0,0.0,0.0,0.0,0.0,0.0,0.0,-3.1684750049923327,-2.7086677367576195,0.0,0,0,8,-0.8660254037844384,-0.5000000000000004,8,0.0,0.0,0.0,0.0,0.0,0.0,0.8128427782699388,0.0,0.5206092647628369,0.4519899980836017,0.26030463238141843,0.40376748917429717,0.6,1.5,0.2333333333333333,0.6350852961085884,0.26666666666666666,0.7814516406449389,61.82911659500974,1.2301870906295185,23.142422436055995,33.52609417856217,14.37983882844127,23.401501152319998,72.18504509746873,43.55658198614319,69.1898016521224,23.341969586448872,49.93929723250351,33.60911435360843,0.0,0.0,0.0,0.0,0.0,0.0,0.0,0.0,0.0,0.0,0.0,0.0,0.0,0.0,0.0,0.0,0.0,0.0,0.0,0.0,0.0,0.0,0.0,0.0,0.0,0.0,0.0,0.0,0.0,0.0,0.0,0.0,0.0,0.0,0.0,0.0,0.0,0.0,0.0,0.0,0.0,0.0,0.0,0.0,0.0,0.0,0.0,0.0,0.0,0.0,0.0,0.0,0.0,0.0,-0.6511627906976569,-2.463054187192115,-1.9065772644243026,1.2586686301886583,-2.177721100384337,0.9255938166315888,2.333858052152493,1.46814404432134,-0.21821165481013352,2.521827464765684,0.263144720760583,1.7967687477781216,0.0,0.0,0.0,0.0,0.0,0.0,-0.8660254037844384,-0.5000000000000004,2005,0.0
2005-09-01,0.0,0.7005007618485762,0.5,65.9,20.97660555387817,21.833980403031997,0.0,0.0,0.0,0.0,0.0,0.0,0.0,0.0,0.0,0.0,0.0,0.0,0.0,0.0,0.0,0.0,0.0,0.0,0.0,1.4761,0.5791768874352732,1.1581688596491224,0.0,0.7107346528263284,0.0,-15.246481261144645,45.82423580786026,0.0,0.0,0.0,0.0,0.0,0.0,0.0,0.0,0.0,-2.283533114578451,0.309342132398438,0.0,0,0,9,-1.0,-1.8369701987210297e-16,9,0.0,0.0,0.0,0.0,0.0,0.0,0.7489850160185719,0.0,0.7575208157049463,0.051586453915892366,0.37876040785247317,0.41619202390114685,0.6,-0.5,0.39999999999999997,0.3464101615137755,0.2833333333333333,0.7730890418746516,5.0253551609062805,2.5727955522519563,17.202663498257124,39.954687772251376,10.627216222410645,26.38490725074491,90.88957055214722,44.49478930675124,69.6329504858254,22.640803631579494,58.917166990776536,19.074794391044893,0.0,0.0,0.0,0.0,0.0,0.0,0.0,0.0,0.0,0.0,0.0,0.0,0.0,0.0,0.0,0.0,0.0,0.0,0.0,0.0,0.0,0.0,0.0,0.0,0.0,0.0,0.0,0.0,0.0,0.0,0.0,0.0,0.0,0.0,0.0,0.0,0.0,0.0,0.0,0.0,0.0,0.0,0.0,0.0,0.0,0.0,0.0,0.0,0.0,0.0,0.0,0.0,0.0,0.0,-3.1684750049923327,-1.900093997582919,-2.0343903034228137,1.2770157795901314,-2.248080270038029,0.9126927606535674,-2.7086677367576195,-0.2798252798252743,-0.02182251740222944,2.5375222367329293,0.1193210994664425,1.7431797662178155,0.0,0.0,0.0,0.0,0.0,0.0,-1.0,-1.8369701987210297e-16,2005,0.0
2005-10-01,0.0,0.8398670796281879,-0.1,70.22,6.349472923182463,45.44324772162385,0.0,0.0,0.0,0.0,0.0,0.0,0.0,0.0,0.0,0.0,0.0,0.0,0.0,0.0,0.0,0.0,0.0,0.0,0.0,1.4674,1.515046696644751,-0.5893909626718985,0.0,0.7005007618485762,0.5,20.97660555387817,21.833980403031997,0.0,0.0,0.0,0.0,0.0,0.0,0.0,0.0,0.0,0.5791768874352732,1.1581688596491224,0.0,0,0,10,-0.8660254037844386,0.5000000000000001,10,0.0,0.0,0.0,0.0,0.0,0.0,0.7107346528263284,0.8128427782699388,0.7200734768978255,0.02555564422752821,0.4955105348272359,0.3858374942215675,0.0,0.6,0.3666666666666667,0.32145502536643195,0.44999999999999996,0.6715653356152327,-15.246481261144645,61.82911659500974,3.585159817879935,18.154438205896817,12.73126311525517,26.66904309867334,45.82423580786026,72.18504509746873,52.84926225434649,35.05969024593654,53.1307005255671,24.44549912861067,0.0,0.0,0.0,0.0,0.0,0.0,0.0,0.0,0.0,0.0,0.0,0.0,0.0,0.0,0.0,0.0,0.0,0.0,0.0,0.0,0.0,0.0,0.0,0.0,0.0,0.0,0.0,0.0,0.0,0.0,0.0,0.0,0.0,0.0,0.0,0.0,0.0,0.0,0.0,0.0,0.0,0.0,0.0,0.0,0.0,0.0,0.0,0.0,0.0,0.0,0.0,0.0,0.0,0.0,-2.283533114578451,-0.6511627906976569,-1.6242770773785036,1.9588740563503535,-1.647857034601367,1.3709567811823888,0.309342132398438,2.333858052152493,-0.41371891490335305,2.0322940915186196,0.38017001198975,1.7656384495187134,0.0,0.0,0.0,0.0,0.0,0.0,-0.8660254037844386,0.5000000000000001,2005,0.0
2005-11-01,0.0,0.9022594900920006,1.0,101.8,37.13769333761362,154.18227215980025,0.0,0.0,0.0,0.0,0.0,0.0,0.0,0.0,0.0,0.0,0.0,0.0,0.0,0.0,0.0,0.0,0.0,0.0,0.0,1.4719,2.8509538117531985,0.3066648493934787,0.0,0.8398670796281879,-0.1,6.349472923182463,45.44324772162385,0.0,0.0,0.0,0.0,0.0,0.0,0.0,0.0,0.0,1.515046696644751,-0.5893909626718985,0.0,0,1,11,-0.5000000000000004,0.8660254037844384,11,0.0,0.0,0.0,0.0,0.0,0.0,0.7005007618485762,0.7489850160185719,0.7503674981010308,0.07767763160195054,0.6354883814319339,0.31617742307692914,0.5,0.6,0.13333333333333333,0.321455025366432,0.18333333333333326,0.45350486950711655,20.97660555387817,5.0253551609062805,4.026532405305329,18.22292633166711,13.584477420680662,26.30693424715241,21.833980403031997,90.88957055214722,37.70048797750537,13.742119011949312,53.44514481481389,24.30947170044713,0.0,0.0,0.0,0.0,0.0,0.0,0.0,0.0,0.0,0.0,0.0,0.0,0.0,0.0,0.0,0.0,0.0,0.0,0.0,0.0,0.0,0.0,0.0,0.0,0.0,0.0,0.0,0.0,0.0,0.0,0.0,0.0,0.0,0.0,0.0,0.0,0.0,0.0,0.0,0.0,0.0,0.0,0.0,0.0,0.0,0.0,0.0,0.0,0.0,0.0,0.0,0.0,0.0,0.0,0.5791768874352732,-3.1684750049923327,-0.06310317683280897,1.9790641491056535,-0.9848402206285559,1.7944067722355759,1.1581688596491224,-2.7086677367576195,0.29270667645855397,0.8738986708671757,0.03724751082421022,1.7110336998329072,0.0,0.0,0.0,0.0,0.0,0.0,-0.5000000000000004,0.8660254037844384,2005,0.0
2005-12-01,0.0,0.8630037695422004,0.8,49.37,-72.3667151845651,77.90990990990989,0.0,0.0,0.0,0.0,0.0,0.0,0.0,0.0,0.0,0.0,0.0,0.0,0.0,0.0,0.0,0.0,0.0,0.0,0.0,1.4725,2.2498437608499344,0.0407636388341625,0.0,0.9022594900920006,1.0,37.13769333761362,154.18227215980025,0.0,0.0,0.0,0.0,0.0,0.0,0.0,0.0,0.0,2.8509538117531985,0.3066648493934787,0.0,0,1,12,-2.4492935982947064e-16,1.0,12,0.0,0.0,0.0,0.0,0.0,0.0,0.8398670796281879,0.7107346528263284,0.8142091105229216,0.1032976022933551,0.785864963113934,0.07935169549341688,-0.1,0.0,0.4666666666666666,0.5507570547286103,0.4333333333333333,0.41311822359545797,6.349472923182463,-15.246481261144645,21.487923938224753,15.400477717899758,19.34529371824094,27.18326236268475,45.44324772162385,45.82423580786026,73.81983342815204,70.58994648675984,71.7263919569887,46.941214409799485,0.0,0.0,0.0,0.0,0.0,0.0,0.0,0.0,0.0,0.0,0.0,0.0,0.0,0.0,0.0,0.0,0.0,0.0,0.0,0.0,0.0,0.0,0.0,0.0,0.0,0.0,0.0,0.0,0.0,0.0,0.0,0.0,0.0,0.0,0.0,0.0,0.0,0.0,0.0,0.0,0.0,0.0,0.0,0.0,0.0,0.0,0.0,0.0,0.0,0.0,0.0,0.0,0.0,0.0,1.515046696644751,-2.283533114578451,1.6483924652777409,1.1417435872274915,-0.19299891907253638,2.2896737244747847,-0.5893909626718985,0.309342132398438,0.2918142487902342,0.8738745553003463,0.13499586569400238,1.7060424210606504,0.0,0.0,0.0,0.0,0.0,0.0,-2.4492935982947064e-16,1.0,2005,0.0
2006-01-01,3.795811518324599,0.7860114067879118,-0.4,48.09,-2.626869698120017,83.13023610053314,0.0,0.0,0.0,0.0,0.0,0.0,0.0,0.0,0.0,0.0,0.0,0.0,0.0,0.0,0.0,0.0,0.0,0.0,0.0,1.4582,1.7514479101248923,-0.9711375212224094,0.0,0.8630037695422004,0.8,-72.3667151845651,77.90990990990989,0.0,0.0,0.0,0.0,0.0,0.0,0.0,0.0,0.0,2.2498437608499344,0.0407636388341625,-0.8029348653699753,0,1,1,0.49999999999999994,0.8660254037844387,13,0.0,0.0,0.0,0.0,0.0,0.0,0.9022594900920006,0.7005007618485762,0.8683767797541296,0.03154132447955273,0.7942251283259775,0.08519001897024062,1.0,0.5,0.5666666666666668,0.5859465277082315,0.4666666666666666,0.43665394383500855,37.13769333761362,20.97660555387817,-9.626516307923003,56.47325070670494,-3.0206782450215335,38.20849623575316,154.18227215980025,21.833980403031997,92.51180993044466,55.820744101981035,72.68053609239557,47.01053336586998,0.0,0.0,0.0,0.0,0.0,0.0,0.0,0.0,0.0,0.0,0.0,0.0,0.0,0.0,0.0,0.0,0.0,0.0,0.0,0.0,0.0,0.0,0.0,0.0,0.0,0.0,0.0,0.0,0.0,0.0,0.0,0.0,0.0,0.0,0.0,0.0,0.0,0.0,0.0,0.0,0.0,0.0,0.0,0.0,0.0,0.0,0.0,0.0,0.0,0.0,0.0,0.0,0.0,0.0,2.8509538117531985,0.5791768874352732,2.205281423082628,0.6690674902502852,0.2905021728520622,2.472567702328321,0.3066648493934787,1.1581688596491224,-0.08065415814808576,0.4602018205657745,-0.2471865365257194,1.3304441497812491,0.0,0.0,0.0,0.0,0.0,0.0,0.49999999999999994,0.8660254037844387,2006,0.0
2006-02-01,3.790849673202623,0.7980976502319405,-0.1,43.72,-9.526859198123356,54.81586402266289,0.0,0.0,0.0,0.0,0.0,0.0,0.0,0.0,0.0,0.0,0.0,0.0,0.0,0.0,0.0,0.0,0.0,0.0,0.0,1.4637,0.9517897786054164,0.3771773419284141,3.795811518324599,0.7860114067879118,-0.4,-2.626869698120017,83.13023610053314,0.0,0.0,0.0,0.0,0.0,0.0,0.0,0.0,0.0,1.7514479101248923,-0.9711375212224094,-1.8613780966562965,0,1,2,0.8660254037844386,0.5000000000000001,14,0.0,0.0,1.2652705061081997,2.191512801897789,0.6326352530540998,1.5496335632790577,0.8630037695422004,0.8398670796281879,0.850424888807371,0.05913607527029906,0.8003961934542009,0.0825578607423513,0.8,-0.1,0.46666666666666673,0.7571877794400365,0.3,0.551361950083609,-72.3667151845651,6.349472923182463,-12.61863051502383,55.43176286764397,-4.29604905485925,38.01342639219624,77.90990990990989,45.44324772162385,105.07413939008109,42.60891314596512,71.38731368379324,46.513533483993356,0.0,0.0,0.0,0.0,0.0,0.0,0.0,0.0,0.0,0.0,0.0,0.0,0.0,0.0,0.0,0.0,0.0,0.0,0.0,0.0,0.0,0.0,0.0,0.0,0.0,0.0,0.0,0.0,0.0,0.0,0.0,0.0,0.0,0.0,0.0,0.0,0.0,0.0,0.0,0.0,0.0,0.0,0.0,0.0,0.0,0.0,0.0,0.0,0.0,0.0,0.0,0.0,0.0,0.0,2.2498437608499344,1.515046696644751,2.2840818275760086,0.550551987407846,1.1104893253715997,1.8277593365435418,0.0407636388341625,-0.5893909626718985,-0.20790301099825603,0.6742188455109037,0.04240183273014895,0.7499939954338766,0.0,0.0,0.0,0.0,0.0,0.0,0.8660254037844386,0.5000000000000001,2006,0.0
2006-03-01,3.911342894393744,0.9465787223860068,0.4,47.91,9.151858758669288,56.0586319218241,0.0,0.0,0.0,0.0,0.0,0.0,0.0,0.0,0.0,0.0,0.0,0.0,0.0,0.0,0.0,0.0,0.0,0.0,0.0,1.45,0.4155124653739683,-0.9359841497574628,3.790849673202623,0.7980976502319405,-0.1,-9.526859198123356,54.81586402266289,0.0,0.0,0.0,0.0,0.0,0.0,0.0,0.0,0.0,0.9517897786054164,0.3771773419284141,-3.0221625251847017,0,1,3,1.0,6.123233995736766e-17,15,3.795811518324599,0.0,2.5288870638424075,2.1900818457831335,1.2644435319212037,1.9588681249620619,0.7860114067879118,0.9022594900920006,0.8157042755206841,0.04140592857509357,0.814956693021803,0.07038898265921943,-0.4,1.0,0.10000000000000005,0.6244997998398398,0.28333333333333327,0.5636192568273967,-2.626869698120017,37.13769333761362,-28.173481360269488,38.42764500540839,-3.3427787110223677,37.754734785280625,83.13023610053314,154.18227215980025,71.95200334436863,15.068125448237048,72.88591838626033,45.662262499547,0.0,0.0,0.0,0.0,0.0,0.0,0.0,0.0,0.0,0.0,0.0,0.0,0.0,0.0,0.0,0.0,0.0,0.0,0.0,0.0,0.0,0.0,0.0,0.0,0.0,0.0,0.0,0.0,0.0,0.0,0.0,0.0,0.0,0.0,0.0,0.0,0.0,0.0,0.0,0.0,0.0,0.0,0.0,0.0,0.0,0.0,0.0,0.0,0.0,0.0,0.0,0.0,0.0,0.0,1.7514479101248923,2.8509538117531985,1.651027149860081,0.6548276735327697,1.649709807568911,0.8324380835044888,-0.9711375212224094,0.3066648493934787,-0.18439884681994423,0.7017918860016897,0.05370770098514497,0.7553152385546467,0.0,0.0,0.0,0.0,0.0,0.0,1.0,6.123233995736766e-17,2006,0.0
2006-04-01,4.263565891472854,0.9538099815037075,-0.4,44.22,-8.014707546573046,42.27799227799227,0.0,0.0,0.0,0.0,0.0,0.0,0.0,0.0,0.0,0.0,0.0,0.0,0.0,0.0,0.0,0.0,0.0,0.0,0.0,1.4402,-1.7062517062517155,-0.6758620689655159,3.911342894393744,0.9465787223860068,0.4,9.151858758669288,56.0586319218241,0.0,0.0,0.0,0.0,0.0,0.0,0.0,0.0,0.0,0.4155124653739683,-0.9359841497574628,-2.463054187192115,0,0,4,0.8660254037844387,-0.4999999999999998,16,3.790849673202623,0.0,3.832668028640322,0.06817958530778462,1.916334014320161,2.0996815586344524,0.7980976502319405,0.8630037695422004,0.8435625931352865,0.08941902193883595,0.8559696864447081,0.061489591078778216,-0.1,0.8,-0.03333333333333329,0.4041451884327379,0.2666666666666666,0.5573747990954263,-9.526859198123356,-72.3667151845651,-1.0006233791913566,9.444952829142348,-5.313569843557181,36.519801209429,54.81586402266289,77.90990990990989,64.66824401500669,16.000624420232064,78.59002697272568,39.766435978607284,0.0,0.0,0.0,0.0,0.0,0.0,0.0,0.0,0.0,0.0,0.0,0.0,0.0,0.0,0.0,0.0,0.0,0.0,0.0,0.0,0.0,0.0,0.0,0.0,0.0,0.0,0.0,0.0,0.0,0.0,0.0,0.0,0.0,0.0,0.0,0.0,0.0,0.0,0.0,0.0,0.0,0.0,0.0,0.0,0.0,0.0,0.0,0.0,0.0,0.0,0.0,0.0,0.0,0.0,0.9517897786054164,2.2498437608499344,1.0395833847014255,0.6722809428274547,1.6224324038920266,0.8760712094603073,0.3771773419284141,0.0407636388341625,-0.5099814430171526,0.7685030723171574,-0.2953178005826192,0.6133919223344061,0.0,0.0,0.0,0.0,0.0,0.0,0.8660254037844387,-0.4999999999999998,2006,0.0
2006-05-01,4.774193548387107,0.9364854232420472,0.5,40.82,-8.000501804760148,28.002508623392902,0.0,0.0,0.0,0.0,0.0,0.0,0.0,0.0,0.0,0.0,0.0,0.0,0.0,0.0,0.0,0.0,0.0,0.0,0.0,1.4637,0.1779481212784928,1.6317178169698687,4.263565891472854,0.9538099815037075,-0.4,-8.014707546573046,42.27799227799227,0.0,0.0,0.0,0.0,0.0,0.0,0.0,0.0,0.0,-1.7062517062517155,-0.6758620689655159,-1.900093997582919,0,0,5,0.49999999999999994,-0.8660254037844387,17,3.911342894393744,3.795811518324599,3.9885861530230735,0.24564211061355865,2.6269283295656365,2.042097401392707,0.9465787223860068,0.7860114067879118,0.8994954513738849,0.08788747541272822,0.874960170090628,0.07218649130063838,0.4,-0.4,-0.03333333333333329,0.4041451884327379,0.21666666666666665,0.6080021929785014,9.151858758669288,-2.626869698120017,-2.7965693286756994,10.375227755242916,-7.7075999218497655,36.07037759740892,56.0586319218241,83.13023610053314,51.050829407493076,7.622868324217459,78.06248439878708,40.3113687044975,0.0,0.0,0.0,0.0,0.0,0.0,0.0,0.0,0.0,0.0,0.0,0.0,0.0,0.0,0.0,0.0,0.0,0.0,0.0,0.0,0.0,0.0,0.0,0.0,0.0,0.0,0.0,0.0,0.0,0.0,0.0,0.0,0.0,0.0,0.0,0.0,0.0,0.0,0.0,0.0,0.0,0.0,0.0,0.0,0.0,0.0,0.0,0.0,0.0,0.0,0.0,0.0,0.0,0.0,0.4155124653739683,1.7514479101248923,-0.11298315409077693,1.4056232954282044,1.0855493367426157,1.6233699189327193,-0.9359841497574628,-0.9711375212224094,-0.41155629226485485,0.6953354827057765,-0.30972965163155547,0.6226294176730548,0.0,0.0,0.0,0.0,0.0,0.0,0.49999999999999994,-0.8660254037844387,2006,0.0
2006-06-01,4.890604890604888,0.981534398192457,0.2,68.7,52.057704184660494,16.086515714768513,0.0,0.0,0.0,0.0,0.0,0.0,0.0,0.0,0.0,0.0,0.0,0.0,0.0,0.0,0.0,0.0,0.0,0.0,0.0,1.456,-2.621722846441954,-0.5260640841702524,4.774193548387107,0.9364854232420472,0.5,-8.000501804760148,28.002508623392902,0.0,0.0,0.0,0.0,0.0,0.0,0.0,0.0,0.0,0.1779481212784928,1.6317178169698687,-0.6511627906976569,0,0,6,1.2246467991473532e-16,-1.0,18,4.263565891472854,3.790849673202623,4.3163674447512355,0.43384192489390594,3.422627254296821,1.7182539848491531,0.9538099815037075,0.7980976502319405,0.9456247090439205,0.008701590994361673,0.8806644922823024,0.07602541125741577,-0.4,-0.1,0.1666666666666667,0.4932882862316247,0.1333333333333333,0.5046450898073486,-8.014707546573046,-9.526859198123356,-2.2877835308879635,9.907023379176286,-15.230632445578726,28.82627292580688,42.27799227799227,54.81586402266289,42.11304427440308,14.028788954044114,57.03252380938587,20.896199968656752,0.0,0.0,0.0,0.0,0.0,0.0,0.0,0.0,0.0,0.0,0.0,0.0,0.0,0.0,0.0,0.0,0.0,0.0,0.0,0.0,0.0,0.0,0.0,0.0,0.0,0.0,0.0,0.0,0.0,0.0,0.0,0.0,0.0,0.0,0.0,0.0,0.0,0.0,0.0,0.0,0.0,0.0,0.0,0.0,0.0,0.0,0.0,0.0,0.0,0.0,0.0,0.0,0.0,0.0,-1.7062517062517155,0.9517897786054164,-0.3709303731997515,1.162506559669292,0.6400483883301648,1.3923296954517863,-0.6758620689655159,0.3771773419284141,0.006623866082296666,1.413369603514034,-0.08888749036882378,1.0034924504008236,0.0,0.0,0.0,0.0,0.0,0.0,1.2246467991473532e-16,-1.0,2006,0.0
2006-07-01,5.006418485237463,1.2283765965987912,-0.5,65.88,-4.1914293918864205,5.865338261288766,0.0,0.0,0.0,0.0,0.0,0.0,0.0,0.0,0.0,0.0,0.0,0.0,0.0,0.0,0.0,0.0,0.0,0.0,0.0,1.454,-0.0481198872619881,-0.1373626373626368,4.890604890604888,0.981534398192457,0.2,52.057704184660494,16.086515714768513,0.0,0.0,0.0,0.0,0.0,0.0,0.0,0.0,0.0,-2.621722846441954,-0.5260640841702524,-3.1684750049923327,0,0,7,-0.4999999999999997,-0.8660254037844388,19,4.774193548387107,3.911342894393744,4.6427881101549495,0.3335341339441344,4.237728069397636,0.4931995069801098,0.9364854232420472,0.9465787223860068,0.9572766009794039,0.022723679806816038,0.9004195970573452,0.08534701821022123,0.5,0.4,0.10000000000000003,0.4582575694955839,0.0333333333333333,0.3932768321000703,-8.000501804760148,9.151858758669288,12.01416494444244,34.6787229668703,5.50677078262554,23.823177763593222,28.002508623392902,56.0586319218241,28.789005538717884,13.113439449238241,46.72862477686231,23.609083770912964,0.0,0.0,0.0,0.0,0.0,0.0,0.0,0.0,0.0,0.0,0.0,0.0,0.0,0.0,0.0,0.0,0.0,0.0,0.0,0.0,0.0,0.0,0.0,0.0,0.0,0.0,0.0,0.0,0.0,0.0,0.0,0.0,0.0,0.0,0.0,0.0,0.0,0.0,0.0,0.0,0.0,0.0,0.0,0.0,0.0,0.0,0.0,0.0,0.0,0.0,0.0,0.0,0.0,0.0,0.1779481212784928,0.4155124653739683,-1.383342143805059,1.4274951211873899,-0.17187937955181662,1.6604373007878492,1.6317178169698687,-0.9359841497574628,0.14326388794470013,1.2912130665327963,-0.1833587775362263,1.015455612454534,0.0,0.0,0.0,0.0,0.0,0.0,-0.4999999999999997,-0.8660254037844388,2006,0.0
2006-08-01,5.000000000000004,1.2290132905805118,0.3,61.84,-6.328450103027287,15.740220849709916,0.0,0.0,0.0,0.0,0.0,0.0,0.0,0.0,0.0,0.0,0.0,0.0,0.0,0.0,0.0,0.0,0.0,0.0,0.0,1.4785,1.3226425438596312,1.6850068775790872,5.006418485237463,1.2283765965987912,-0.5,-4.1914293918864205,5.865338261288766,0.0,0.0,0.0,0.0,0.0,0.0,0.0,0.0,0.0,-0.0481198872619881,-0.1373626373626368,-2.283533114578451,0,0,8,-0.8660254037844384,-0.5000000000000004,20,4.890604890604888,4.263565891472854,4.890405641409819,0.11611259664208823,4.439495897216447,0.5229841197708603,0.981534398192457,0.9538099815037075,1.0487988060110984,0.15714162303568274,0.9741471286924916,0.14019460304042455,0.2,-0.4,0.06666666666666672,0.5131601439446883,0.016666666666666646,0.41673332800085344,52.057704184660494,-8.014707546573046,13.288590996004645,33.629010708579216,5.246010833664473,23.938295672114172,16.086515714768513,42.27799227799227,16.651454199816715,11.079392787022378,33.851141803654905,20.67219221104866,0.0,0.0,0.0,0.0,0.0,0.0,0.0,0.0,0.0,0.0,0.0,0.0,0.0,0.0,0.0,0.0,0.0,0.0,0.0,0.0,0.0,0.0,0.0,0.0,0.0,0.0,0.0,0.0,0.0,0.0,0.0,0.0,0.0,0.0,0.0,0.0,0.0,0.0,0.0,0.0,0.0,0.0,0.0,0.0,0.0,0.0,0.0,0.0,0.0,0.0,0.0,0.0,0.0,0.0,-2.621722846441954,-1.7062517062517155,-0.8306315374751497,1.5552436284755127,-0.4718073457829634,1.3828700581319682,-0.5260640841702524,-0.6758620689655159,0.32276369847899317,1.150127326396192,-0.04439629689293082,0.9403624167388784,0.0,0.0,0.0,0.0,0.0,0.0,-0.8660254037844384,-0.5000000000000004,2006,0.0
2006-09-01,4.987212276214814,1.3440406913563905,0.3,53.66,-14.188255928168855,-18.573596358118373,0.0,0.0,0.0,0.0,0.0,0.0,0.0,0.0,0.0,0.0,0.0,0.0,0.0,0.0,0.0,0.0,0.0,0.0,0.0,1.4811,0.3387304383172029,0.175853905985801,5.000000000000004,1.2290132905805118,0.3,-6.328450103027287,15.740220849709916,0.0,0.0,0.0,0.0,0.0,0.0,0.0,0.0,0.0,1.3226425438596312,1.6850068775790872,0.5791768874352732,0,0,9,-1.0,-1.8369701987210297e-16,21,5.006418485237463,4.774193548387107,4.965674458614118,0.06509131485078705,4.641020951682676,0.4510677970120714,1.2283765965987912,0.9364854232420472,1.14630809512392,0.14269856251957402,1.04596640208392,0.142329144615411,-0.5,0.5,5.551115123125783e-17,0.4358898943540672,0.0833333333333333,0.42622372841814765,-4.1914293918864205,-8.000501804760148,13.845941563248934,33.10960308364162,5.779079016180483,23.576409757651586,5.865338261288766,28.002508623392902,12.564024941922389,5.803816198620275,27.338534608162746,18.81860366358739,0.0,0.0,0.0,0.0,0.0,0.0,0.0,0.0,0.0,0.0,0.0,0.0,0.0,0.0,0.0,0.0,0.0,0.0,0.0,0.0,0.0,0.0,0.0,0.0,0.0,0.0,0.0,0.0,0.0,0.0,0.0,0.0,0.0,0.0,0.0,0.0,0.0,0.0,0.0,0.0,0.0,0.0,0.0,0.0,0.0,0.0,0.0,0.0,0.0,0.0,0.0,0.0,0.0,0.0,-0.0481198872619881,0.1779481212784928,-0.44906672994810365,2.002516756745675,-0.40999855157392756,1.4650698044811088,-0.1373626373626368,1.6317178169698687,0.34052671868206597,1.1804627808357209,0.17357529238218136,1.1789358505544765,0.0,0.0,0.0,0.0,0.0,0.0,-1.0,-1.8369701987210297e-16,2006,0.0
2006-10-01,5.095541401273884,1.3428470454091468,-0.6,58.68,8.943110827730298,-16.4340643691256,0.0,0.0,0.0,0.0,0.0,0.0,0.0,0.0,0.0,0.0,0.0,0.0,0.0,0.0,0.0,0.0,0.0,0.0,0.0,1.4869,1.32888101403843,0.3916008372155888,4.987212276214814,1.3440406913563905,0.3,-14.188255928168855,-18.573596358118373,0.0,0.0,0.0,0.0,0.0,0.0,0.0,0.0,0.0,0.3387304383172029,0.175853905985801,1.515046696644751,0,0,10,-0.8660254037844386,0.5000000000000001,22,5.000000000000004,4.890604890604888,4.997876920484093,0.009777536306641606,4.820332515319522,0.2869889657375833,1.2290132905805118,0.981534398192457,1.2671435261785644,0.06659565942383863,1.1122100635789842,0.17545880539584804,0.3,0.2,0.03333333333333338,0.4618802153517005,0.06666666666666664,0.4131182235954581,-6.328450103027287,52.057704184660494,-8.236045141027516,5.264344624061293,1.8890599017074596,24.802261246209554,15.740220849709916,16.086515714768513,1.010654250960093,17.66452604722728,14.899829894839,20.617714469470766,0.0,0.0,0.0,0.0,0.0,0.0,0.0,0.0,0.0,0.0,0.0,0.0,0.0,0.0,0.0,0.0,0.0,0.0,0.0,0.0,0.0,0.0,0.0,0.0,0.0,0.0,0.0,0.0,0.0,0.0,0.0,0.0,0.0,0.0,0.0,0.0,0.0,0.0,0.0,0.0,0.0,0.0,0.0,0.0,0.0,0.0,0.0,0.0,0.0,0.0,0.0,0.0,0.0,0.0,1.3226425438596312,-2.621722846441954,0.537751031638282,0.706720813382499,-0.4227955560833884,1.4567286460604885,1.6850068775790872,-0.5260640841702524,0.5744993820674171,0.9743953632625145,0.35888163500605863,1.0499810561483407,0.0,0.0,0.0,0.0,0.0,0.0,-0.8660254037844386,0.5000000000000001,2006,0.0
2006-11-01,5.209656925031769,1.2827132026900545,0.5,45.45,-25.5486132651293,-55.35363457760314,0.0,0.0,0.0,0.0,0.0,0.0,0.0,0.0,0.0,0.0,0.0,0.0,0.0,0.0,0.0,0.0,0.0,0.0,0.0,1.4834,0.781303077654738,-0.235389064496605,5.095541401273884,1.3428470454091468,-0.6,8.943110827730298,-16.4340643691256,0.0,0.0,0.0,0.0,0.0,0.0,0.0,0.0,0.0,1.32888101403843,0.3916008372155888,2.8509538117531985,0,1,11,-0.5000000000000004,0.8660254037844384,23,4.987212276214814,5.006418485237463,5.0275845591629,0.05919865507064847,4.9589951002863595,0.11153503031438035,1.3440406913563905,1.2283765965987912,1.3053003424486829,0.06606922059260681,1.1770495742298908,0.17709140040796367,0.3,-0.5,3.700743415417188e-17,0.5196152422706631,0.033333333333333305,0.46332134277050835,-14.188255928168855,-4.1914293918864205,-3.857865067821944,11.761924791934142,4.715362964091351,24.411095450310302,-18.573596358118373,5.865338261288766,-6.4224799591780295,19.223251016443466,5.114487120319354,18.884820913638883,0.0,0.0,0.0,0.0,0.0,0.0,0.0,0.0,0.0,0.0,0.0,0.0,0.0,0.0,0.0,0.0,0.0,0.0,0.0,0.0,0.0,0.0,0.0,0.0,0.0,0.0,0.0,0.0,0.0,0.0,0.0,0.0,0.0,0.0,0.0,0.0,0.0,0.0,0.0,0.0,0.0,0.0,0.0,0.0,0.0,0.0,0.0,0.0,0.0,0.0,0.0,0.0,0.0,0.0,0.3387304383172029,-0.0481198872619881,0.9967513320717547,0.5698713469641201,0.08305989729830247,1.44886606833613,0.175853905985801,-0.1373626373626368,0.750820540260159,0.8161891748907134,0.536792119369576,0.9222542232982802,0.0,0.0,0.0,0.0,0.0,0.0,-0.5000000000000004,0.8660254037844384,2006,0.0
2006-12-01,5.189873417721502,1.3001188441136673,0.9,28.31,-47.33977214996796,-42.65748430220781,0.0,0.0,0.0,0.0,0.0,0.0,0.0,0.0,0.0,0.0,0.0,0.0,0.0,0.0,0.0,0.0,0.0,0.0,0.0,1.486,0.9168081494057788,0.1752730214372277,5.209656925031769,1.2827132026900545,0.5,-25.5486132651293,-55.35363457760314,0.0,0.0,0.0,0.0,0.0,0.0,0.0,0.0,0.0,0.781303077654738,-0.235389064496605,2.2498437608499344,0,1,12,-2.4492935982947064e-16,1.0,24,5.095541401273884,5.000000000000004,5.097470200840156,0.11123486705008041,5.031572329727137,0.10888096834312166,1.3428470454091468,1.2290132905805118,1.323200313151864,0.035067945232388736,1.234754204137892,0.13425465820910487,-0.6,0.3,0.06666666666666672,0.5859465277082314,0.033333333333333305,0.46332134277050835,8.943110827730298,-6.328450103027287,-10.264586121855949,17.577432869626243,1.7906777206964914,27.138165904004367,-16.4340643691256,15.740220849709916,-30.120431768282383,21.878763500143677,-8.778203413179986,27.414132911668673,0.0,0.0,0.0,0.0,0.0,0.0,0.0,0.0,0.0,0.0,0.0,0.0,0.0,0.0,0.0,0.0,0.0,0.0,0.0,0.0,0.0,0.0,0.0,0.0,0.0,0.0,0.0,0.0,0.0,0.0,0.0,0.0,0.0,0.0,0.0,0.0,0.0,0.0,0.0,0.0,0.0,0.0,0.0,0.0,0.0,0.0,0.0,0.0,0.0,0.0,0.0,0.0,0.0,0.0,1.32888101403843,1.3226425438596312,0.8163048433367903,0.49600240256567124,0.18361905669434334,1.4774255525414808,0.3916008372155888,1.6850068775790872,0.11068855956826158,0.3185341049127325,0.22560763912516382,0.783473174389417,0.0,0.0,0.0,0.0,0.0,0.0,-2.4492935982947064e-16,1.0,2006,0.0
2007-01-01,5.170239596469117,1.3483340535842383,0.0,22.04,-25.03561148390945,-54.169265959658986,0.0,0.0,0.0,0.0,0.0,0.0,0.0,0.0,0.0,0.0,0.0,0.0,0.0,0.0,0.0,0.0,0.0,0.0,0.0,1.5079,3.408311617062143,1.4737550471063177,5.189873417721502,1.3001188441136673,0.9,-47.33977214996796,-42.65748430220781,0.0,0.0,0.0,0.0,0.0,0.0,0.0,0.0,0.0,0.9168081494057788,0.1752730214372277,1.7514479101248923,0,1,1,0.49999999999999994,0.8660254037844387,25,5.209656925031769,4.987212276214814,5.165023914675718,0.06098123926135183,5.081450417579906,0.09953471757844384,1.2827132026900545,1.3440406913563905,1.3085596974042895,0.030942782086399286,1.287851611791427,0.05168718234375487,0.5,0.3,0.2666666666666668,0.7767453465154028,0.15,0.585662018573853,-25.5486132651293,-14.188255928168855,-21.315091529122316,28.379266353929108,-14.775568335074917,19.610121610276504,-55.35363457760314,-18.573596358118373,-38.14839441631219,19.847724176904297,-18.56887008267604,27.247318802920667,0.0,0.0,0.0,0.0,0.0,0.0,0.0,0.0,0.0,0.0,0.0,0.0,0.0,0.0,0.0,0.0,0.0,0.0,0.0,0.0,0.0,0.0,0.0,0.0,0.0,0.0,0.0,0.0,0.0,0.0,0.0,0.0,0.0,0.0,0.0,0.0,0.0,0.0,0.0,0.0,0.0,0.0,0.0,0.0,0.0,0.0,0.0,0.0,0.0,0.0,0.0,0.0,0.0,0.0,0.781303077654738,0.3387304383172029,1.008997413699649,0.2851921184777776,0.7733742226689655,0.5467517597463419,-0.235389064496605,0.175853905985801,0.11049493138540382,0.31847485760313776,0.3424971567264105,0.696375661999287,0.0,0.0,0.0,0.0,0.0,0.0,0.49999999999999994,0.8660254037844387,2007,0.0
2007-02-01,5.037783375314864,1.2755442115629538,0.5,19.02,-14.73679271674695,-56.49588289112535,0.0,0.0,0.0,0.0,0.0,0.0,0.0,0.0,0.0,0.0,0.0,0.0,0.0,0.0,0.0,0.0,0.0,0.0,0.0,1.4969,2.268224362915894,-0.7294913455799579,5.170239596469117,1.3483340535842383,0.0,-25.03561148390945,-54.169265959658986,0.0,0.0,0.0,0.0,0.0,0.0,0.0,0.0,0.0,3.408311617062143,1.4737550471063177,0.9517897786054164,0,1,2,0.8660254037844386,0.5000000000000001,26,5.189873417721502,5.095541401273884,5.18992331307413,0.019708711650256967,5.108753936118515,0.09727963269498215,1.3001188441136673,1.3428470454091468,1.31038870012932,0.03399450654084803,1.3078445212890015,0.04707520333502585,0.9,-0.6,0.4666666666666668,0.45092497528228936,0.2333333333333333,0.5046450898073485,-47.33977214996796,8.943110827730298,-32.641332299668896,12.731806361688404,-18.249598683745422,19.202164018232384,-42.65748430220781,-16.4340643691256,-50.726794946489996,7.0132740543373115,-28.574637452833997,27.501808213087696,0.0,0.0,0.0,0.0,0.0,0.0,0.0,0.0,0.0,0.0,0.0,0.0,0.0,0.0,0.0,0.0,0.0,0.0,0.0,0.0,0.0,0.0,0.0,0.0,0.0,0.0,0.0,0.0,0.0,0.0,0.0,0.0,0.0,0.0,0.0,0.0,0.0,0.0,0.0,0.0,0.0,0.0,0.0,0.0,0.0,0.0,0.0,0.0,0.0,0.0,0.0,0.0,0.0,0.0,0.9168081494057788,1.32888101403843,1.7021409480408867,1.4791396722381898,1.3494461400563207,1.0743906933359764,0.1752730214372277,0.3916008372155888,0.47121300134898014,0.892176413238639,0.6110167708045696,0.7799432808634537,0.0,0.0,0.0,0.0,0.0,0.0,0.8660254037844386,0.5000000000000001,2007,0.0
2007-03-01,4.767879548306153,0.984279696390433,0.2,20.25,6.266373643530394,-57.73324984345648,0.0,0.0,0.0,0.0,0.0,0.0,0.0,0.0,0.0,0.0,0.0,0.0,0.0,0.0,0.0,0.0,0.0,0.0,0.0,1.4703,1.4000000000000012,-1.7770058120114895,5.037783375314864,1.2755442115629538,0.5,-14.73679271674695,-56.49588289112535,0.0,0.0,0.0,0.0,0.0,0.0,0.0,0.0,0.0,2.268224362915894,-0.7294913455799579,0.4155124653739683,0,1,3,1.0,6.123233995736766e-17,27,5.170239596469117,5.209656925031769,5.132632129835161,0.08272597179713781,5.1150511653376585,0.08976425345407632,1.3483340535842383,1.2827132026900545,1.3079990364202865,0.03702922289844554,1.3155996747860752,0.033312059329842034,0.0,0.5,0.46666666666666673,0.45092497528228936,0.2666666666666666,0.5163977794943223,-25.03561148390945,-25.5486132651293,-29.03739211687478,16.665810906059793,-19.650989119365367,18.450247512027758,-54.169265959658986,-55.35363457760314,-51.10754438433073,7.409853111234106,-40.61398807630655,18.589571134313978,0.0,0.0,0.0,0.0,0.0,0.0,0.0,0.0,0.0,0.0,0.0,0.0,0.0,0.0,0.0,0.0,0.0,0.0,0.0,0.0,0.0,0.0,0.0,0.0,0.0,0.0,0.0,0.0,0.0,0.0,0.0,0.0,0.0,0.0,0.0,0.0,0.0,0.0,0.0,0.0,0.0,0.0,0.0,0.0,0.0,0.0,0.0,0.0,0.0,0.0,0.0,0.0,0.0,0.0,3.408311617062143,0.781303077654738,2.197781376461272,1.247244580301479,1.507043109899031,1.1371887240247414,1.4737550471063177,-0.235389064496605,0.3065122409878625,1.1074707518857856,0.20860040027806206,0.7366724178163766,0.0,0.0,0.0,0.0,0.0,0.0,1.0,6.123233995736766e-17,2007,0.0
2007-04-01,4.21313506815364,0.9139572584597232,0.3,16.39,-21.148340079680985,-62.93532338308457,0.0,0.0,0.0,0.0,0.0,0.0,0.0,0.0,0.0,0.0,0.0,0.0,0.0,0.0,0.0,0.0,0.0,0.0,0.0,1.4713,2.159422302458003,0.068013330612815,4.767879548306153,0.984279696390433,0.2,6.266373643530394,-57.73324984345648,0.0,0.0,0.0,0.0,0.0,0.0,0.0,0.0,0.0,1.4000000000000012,-1.7770058120114895,-1.7062517062517155,0,0,4,0.8660254037844387,-0.4999999999999998,28,5.037783375314864,5.189873417721502,4.991967506696711,0.2050554131261903,5.078495710686215,0.16520027149027516,1.2755442115629538,1.3001188441136673,1.2027193205125417,0.19264343309681448,1.2556395089584156,0.13633867699814886,0.5,0.9,0.2333333333333334,0.25166114784235805,0.25,0.5167204273105527,-14.73679271674695,-47.33977214996796,-11.168676852375327,15.95312371749816,-16.241884190748824,21.32695208629148,-56.49588289112535,-42.65748430220781,-56.13279956474694,1.8095213199674856,-47.14059699052956,15.99732032331871,0.0,0.0,0.0,0.0,0.0,0.0,0.0,0.0,0.0,0.0,0.0,0.0,0.0,0.0,0.0,0.0,0.0,0.0,0.0,0.0,0.0,0.0,0.0,0.0,0.0,0.0,0.0,0.0,0.0,0.0,0.0,0.0,0.0,0.0,0.0,0.0,0.0,0.0,0.0,0.0,0.0,0.0,0.0,0.0,0.0,0.0,0.0,0.0,0.0,0.0,0.0,0.0,0.0,0.0,2.268224362915894,0.9168081494057788,2.358845326659346,1.0072179541236541,1.6839213701794975,0.9924494128452306,-0.7294913455799579,0.1752730214372277,-0.3442473701617099,1.659268281876119,-0.11687621938815303,1.0972129030917819,0.0,0.0,0.0,0.0,0.0,0.0,0.8660254037844387,-0.4999999999999998,2007,0.0
2007-05-01,3.5714285714285587,0.9185186150340996,0.5,21.09,25.212760173494488,-48.33414992650662,0.0,0.0,0.0,0.0,0.0,0.0,0.0,0.0,0.0,0.0,0.0,0.0,0.0,0.0,0.0,0.0,0.0,0.0,0.0,1.4677,0.2732800437247995,-0.2446815741181329,4.21313506815364,0.9139572584597232,0.3,-21.148340079680985,-62.93532338308457,0.0,0.0,0.0,0.0,0.0,0.0,0.0,0.0,0.0,2.159422302458003,0.068013330612815,0.1779481212784928,0,0,5,0.49999999999999994,-0.8660254037844387,29,4.767879548306153,5.170239596469117,4.672932663924886,0.420443088617534,4.931427988499507,0.38864910783995466,0.984279696390433,1.3483340535842383,1.0579270554710367,0.19171393086648597,1.1841578778001782,0.18516211197856855,0.2,0.0,0.3333333333333333,0.15275252316519425,0.3999999999999999,0.3098386676965935,6.266373643530394,-25.03561148390945,-9.872919717632506,14.339964349503981,-21.257126008650705,17.39579178314049,-57.73324984345648,-54.169265959658986,-59.054818705888806,3.417090378668442,-54.89080682618938,6.719509042186156,0.0,0.0,0.0,0.0,0.0,0.0,0.0,0.0,0.0,0.0,0.0,0.0,0.0,0.0,0.0,0.0,0.0,0.0,0.0,0.0,0.0,0.0,0.0,0.0,0.0,0.0,0.0,0.0,0.0,0.0,0.0,0.0,0.0,0.0,0.0,0.0,0.0,0.0,0.0,0.0,0.0,0.0,0.0,0.0,0.0,0.0,0.0,0.0,0.0,0.0,0.0,0.0,0.0,0.0,1.4000000000000012,3.408311617062143,1.942548888457966,0.4729999411894314,1.8223449182494262,0.9909450232411037,-1.7770058120114895,1.4737550471063177,-0.8128279423262108,0.9253284013962113,-0.17080747048861533,1.0749478613487327,0.0,0.0,0.0,0.0,0.0,0.0,0.49999999999999994,-0.8660254037844387,2007,21.88755020080322
2007-06-01,3.1901840490797584,0.9637140387282808,0.2,36.59,55.09759845404323,-46.73944687045124,0.0,0.0,0.0,0.0,0.0,0.0,0.0,0.0,0.0,0.0,0.0,0.0,0.0,0.0,0.0,0.0,0.0,0.0,0.0,1.4805,1.6826923076923128,0.8721128295973157,3.5714285714285587,0.9185186150340996,0.5,25.212760173494488,-48.33414992650662,0.0,0.0,0.0,0.0,0.0,0.0,0.0,0.0,0.0,0.2732800437247995,-0.2446815741181329,-2.621722846441954,0,0,6,1.2246467991473532e-16,-1.0,30,4.21313506815364,5.037783375314864,4.184147729296117,0.5987519806884745,4.658389929565639,0.645000624600498,0.9139572584597232,1.2755442115629538,0.938918523294752,0.039350076390162095,1.123458779857519,0.20502186296795835,0.3,0.5,0.3333333333333333,0.15275252316519425,0.39999999999999997,0.3098386676965935,-21.148340079680985,-14.73679271674695,3.443597912447973,23.30909589178092,-12.796897102213407,25.395466047406963,-62.93532338308457,-56.49588289112535,-56.3342410510159,7.400438215286176,-53.72089271767331,7.215571424148702,0.0,0.0,0.0,0.0,0.0,0.0,0.0,0.0,0.0,0.0,0.0,0.0,0.0,0.0,0.0,0.0,0.0,0.0,0.0,0.0,0.0,0.0,0.0,0.0,0.0,0.0,0.0,0.0,0.0,0.0,0.0,0.0,0.0,0.0,0.0,0.0,0.0,0.0,0.0,0.0,0.0,0.0,0.0,0.0,0.0,0.0,0.0,0.0,0.0,0.0,0.0,0.0,0.0,0.0,2.159422302458003,2.268224362915894,1.2775674487276012,0.9490128830806789,1.7376744125944363,1.1119963578970526,0.068013330612815,-0.7294913455799579,-0.6512246851722692,0.9874117099881458,-0.17235622209220328,1.075066205608226,0.0,0.0,0.0,0.0,0.0,0.0,1.2246467991473532e-16,-1.0,2007,24.6492985971944
2007-07-01,2.8117359413202925,1.0742473852410888,0.1,39.79,8.384064540772178,-39.60230722525804,0.0,0.0,0.0,0.0,0.0,0.0,0.0,0.0,0.0,0.0,0.0,0.0,0.0,0.0,0.0,0.0,0.0,0.0,0.0,1.4821,1.932599724896833,0.1080715974333124,3.1901840490797584,0.9637140387282808,0.2,55.09759845404323,-46.73944687045124,0.0,0.0,0.0,0.0,0.0,0.0,0.0,0.0,0.0,1.6826923076923128,0.8721128295973157,-0.0481198872619881,0,0,7,-0.4999999999999997,-0.8660254037844388,31,3.5714285714285587,4.767879548306153,3.6582492295539857,0.5169725010714576,4.325108368125348,0.8107802714434645,0.9185186150340996,0.984279696390433,0.9320633040740346,0.027505058563189102,1.067391312293288,0.19267488677838945,0.5,0.2,0.3333333333333334,0.15275252316519425,0.2833333333333333,0.19407902170679553,25.212760173494488,6.266373643530394,19.720672849285585,38.41852486893094,4.275997998455125,31.280020161081033,-48.33414992650662,-57.73324984345648,-52.66964006001415,8.926027113247363,-54.40121981238054,6.064435101483096,0.0,0.0,0.0,0.0,0.0,0.0,0.0,0.0,0.0,0.0,0.0,0.0,0.0,0.0,0.0,0.0,0.0,0.0,0.0,0.0,0.0,0.0,0.0,0.0,0.0,0.0,0.0,0.0,0.0,0.0,0.0,0.0,0.0,0.0,0.0,0.0,0.0,0.0,0.0,0.0,0.0,0.0,0.0,0.0,0.0,0.0,0.0,0.0,0.0,0.0,0.0,0.0,0.0,0.0,0.2732800437247995,1.4000000000000012,1.3717982179583716,0.9807520106114607,1.865321772308859,1.04058810477992,-0.2446815741181329,-1.7770058120114895,0.23181486203066592,0.576134221613039,-0.05621625406552196,1.154813862762763,0.0,0.0,0.0,0.0,0.0,0.0,-0.4999999999999997,-0.8660254037844388,2007,25.85170340681362
2007-08-01,2.93040293040292,1.121711889893957,0.7,35.42,-11.633899208414968,-42.72315653298836,0.0,0.0,0.0,0.0,0.0,0.0,0.0,0.0,0.0,0.0,0.0,0.0,0.0,0.0,0.0,0.0,0.0,0.0,0.0,1.4762,-0.1555630706797428,-0.3980838000134934,2.8117359413202925,1.0742473852410888,0.1,8.384064540772178,-39.60230722525804,0.0,0.0,0.0,0.0,0.0,0.0,0.0,0.0,0.0,1.932599724896833,0.1080715974333124,1.3226425438596312,0,0,8,-0.8660254037844384,-0.5000000000000004,32,3.1901840490797584,4.21313506815364,3.191116187276203,0.37984717284906117,3.9320244256005448,0.8872184214359625,0.9637140387282808,0.9139572584597232,0.9854933463344896,0.0801162664344727,1.0217102009027632,0.13727028680692455,0.2,0.3,0.2666666666666667,0.20816659994661293,0.29999999999999993,0.1673320053068155,55.09759845404323,-21.148340079680985,29.56480772276997,23.658905322730956,9.84594400256873,27.79841101834849,-46.73944687045124,-62.93532338308457,-44.8919680074053,4.649855143108448,-51.973393356647044,8.572920492773106,0.0,0.0,0.0,0.0,0.0,0.0,0.0,0.0,0.0,0.0,0.0,0.0,0.0,0.0,0.0,0.0,0.0,0.0,0.0,0.0,0.0,0.0,0.0,0.0,0.0,0.0,0.0,0.0,0.0,0.0,0.0,0.0,0.0,0.0,0.0,0.0,0.0,0.0,0.0,0.0,0.0,0.0,0.0,0.0,0.0,0.0,0.0,0.0,0.0,0.0,0.0,0.0,0.0,0.0,1.6826923076923128,2.159422302458003,1.2961906921046484,0.8946357220791733,1.6193697902813071,0.7314194988049346,0.8721128295973157,0.068013330612815,0.2451676176374984,0.570879955953445,-0.28383016234435615,0.8992558097042385,0.0,0.0,0.0,0.0,0.0,0.0,-0.8660254037844384,-0.5000000000000004,2007,26.6
2007-09-01,2.679658952496955,1.0846778055113264,0.2,47.05,28.393423367670103,-12.318300409988812,0.0,0.0,0.0,0.0,0.0,0.0,0.0,0.0,0.0,0.0,0.0,0.0,0.0,0.0,0.0,0.0,0.0,0.0,0.0,1.4515,-1.9985146175140132,-1.6732150115160491,2.93040293040292,1.121711889893957,0.7,-11.633899208414968,-42.72315653298836,0.0,0.0,0.0,0.0,0.0,0.0,0.0,0.0,0.0,-0.1555630706797428,-0.3980838000134934,0.3387304383172029,0,0,9,-1.0,-1.8369701987210297e-16,33,2.8117359413202925,3.5714285714285587,2.97744097360099,0.19355923046348542,3.5807943514485543,0.771511504970903,1.0742473852410888,0.9185186150340996,1.0532244379544422,0.08106974452719941,0.996071480624597,0.08466431027123306,0.1,0.5,0.3333333333333333,0.3214550253664316,0.3333333333333333,0.22509257354845535,8.384064540772178,25.212760173494488,17.282587928800154,34.24413794993424,10.36309292062406,27.27352686200217,-39.60230722525804,-48.33414992650662,-43.021636876232556,3.577919572213487,-49.67793896362422,8.955156429216231,0.0,0.0,0.0,0.0,0.0,0.0,0.0,0.0,0.0,0.0,0.0,0.0,0.0,0.0,0.0,0.0,0.0,0.0,0.0,0.0,0.0,0.0,0.0,0.0,0.0,0.0,0.0,0.0,0.0,0.0,0.0,0.0,0.0,0.0,0.0,0.0,0.0,0.0,0.0,0.0,0.0,0.0,0.0,0.0,0.0,0.0,0.0,0.0,0.0,0.0,0.0,0.0,0.0,0.0,1.932599724896833,0.2732800437247995,1.1532429873031342,1.1403260070492869,1.2154052180153678,0.9407574147222924,0.1080715974333124,-0.2446815741181329,0.1940335423390449,0.6394466056268093,-0.2285955714166121,0.8762921772676132,0.0,0.0,0.0,0.0,0.0,0.0,-1.0,-1.8369701987210297e-16,2007,26.67984189723318
2007-10-01,2.4242424242424176,1.0145183224686511,-0.1,56.59,18.462142512304396,-3.5616905248807007,0.0,0.0,0.0,0.0,0.0,0.0,0.0,0.0,0.0,0.0,0.0,0.0,0.0,0.0,0.0,0.0,0.0,0.0,0.0,1.437,-3.355975519537291,-0.99896658629004,2.679658952496955,1.0846778055113264,0.2,28.393423367670103,-12.318300409988812,0.0,0.0,0.0,0.0,0.0,0.0,0.0,0.0,0.0,-1.9985146175140132,-1.6732150115160491,1.32888101403843,0,0,10,-0.8660254037844386,0.5000000000000001,34,2.93040293040292,3.1901840490797584,2.8072659414067225,0.12543173955764528,3.232757585480354,0.574847146877138,1.121711889893957,0.9637140387282808,1.0935456935487906,0.024943924694583564,1.0128044988114127,0.09151207397626153,0.7,0.2,0.3333333333333334,0.3214550253664316,0.3333333333333333,0.22509257354845535,-11.633899208414968,55.09759845404323,8.381196233342445,20.013661442197,14.050934541314012,28.092472264791425,-42.72315653298836,-46.73944687045124,-31.547921389411744,16.726286717606822,-42.108780724712936,16.661787144073894,0.0,0.0,0.0,0.0,0.0,0.0,0.0,0.0,0.0,0.0,0.0,0.0,0.0,0.0,0.0,0.0,0.0,0.0,0.0,0.0,0.0,0.0,0.0,0.0,0.0,0.0,0.0,0.0,0.0,0.0,0.0,0.0,0.0,0.0,0.0,0.0,0.0,0.0,0.0,0.0,0.0,0.0,0.0,0.0,0.0,0.0,0.0,0.0,0.0,0.0,0.0,0.0,0.0,0.0,-0.1555630706797428,1.6826923076923128,-0.07382598776564102,1.9668313873638343,0.6489861150963653,1.5997090011335626,-0.3980838000134934,0.8721128295973157,-0.65440907136541,0.9178902327379922,-0.21129710466737203,0.8398804119069508,0.0,0.0,0.0,0.0,0.0,0.0,-0.8660254037844386,0.5000000000000001,2007,27.27272727272727
2007-11-01,2.2946859903381744,1.0145795127240484,0.6,49.75,-12.882182754983074,9.460946094609458,0.0,0.0,0.0,0.0,0.0,0.0,0.0,0.0,0.0,0.0,0.0,0.0,0.0,0.0,0.0,0.0,0.0,0.0,0.0,1.4106,-4.907644600242689,-1.8371607515657584,2.4242424242424176,1.0145183224686511,-0.1,18.462142512304396,-3.5616905248807007,0.0,0.0,0.0,0.0,0.0,0.0,0.0,0.0,0.0,-3.355975519537291,-0.99896658629004,0.781303077654738,0,1,11,-0.5000000000000004,0.8660254037844384,35,2.679658952496955,2.8117359413202925,2.6781014357140975,0.253083847554661,2.9346088114951505,0.40285154094515874,1.0846778055113264,1.0742473852410888,1.0736360059579784,0.05444314674385476,1.029564676146234,0.0779987659104928,0.2,0.1,0.26666666666666666,0.40414518843273783,0.2666666666666666,0.28751811537130456,28.393423367670103,8.384064540772178,11.740555557186518,20.843018892398973,20.652681639978244,22.20318185815337,-12.318300409988812,-39.60230722525804,-19.534382489285967,20.55380707818897,-32.21317524834563,19.24926487677748,0.0,0.0,0.0,0.0,0.0,0.0,0.0,0.0,0.0,0.0,0.0,0.0,0.0,0.0,0.0,0.0,0.0,0.0,0.0,0.0,0.0,0.0,0.0,0.0,0.0,0.0,0.0,0.0,0.0,0.0,0.0,0.0,0.0,0.0,0.0,0.0,0.0,0.0,0.0,0.0,0.0,0.0,0.0,0.0,0.0,0.0,0.0,0.0,0.0,0.0,0.0,0.0,0.0,0.0,-1.9985146175140132,1.932599724896833,-1.836684402577016,1.606331760425132,-0.2702468552361836,2.0728583713247866,-1.6732150115160491,0.1080715974333124,-1.0234217992731942,0.6379172710614862,-0.38912709081784785,0.8808704105261559,0.0,0.0,0.0,0.0,0.0,0.0,-0.5000000000000004,0.8660254037844384,2007,27.083333333333325
2007-12-01,2.166064981949467,0.9859383605124138,0.4,46.57,-6.605390661031592,64.50017661603675,0.0,0.0,0.0,0.0,0.0,0.0,0.0,0.0,0.0,0.0,0.0,0.0,0.0,0.0,0.0,0.0,0.0,0.0,0.0,1.3863,-6.709286675639293,-1.722671203743087,2.2946859903381744,1.0145795127240484,0.6,-12.882182754983074,9.460946094609458,0.0,0.0,0.0,0.0,0.0,0.0,0.0,0.0,0.0,-4.907644600242689,-1.8371607515657584,0.9168081494057788,0,1,12,-2.4492935982947064e-16,1.0,36,2.4242424242424176,2.93040293040292,2.4661957890258486,0.19588544869598215,2.7218183813134194,0.3297665924692029,1.0145183224686511,1.121711889893957,1.0379252135680088,0.04048894387515406,1.0455748257612254,0.057921352725747804,-0.1,0.7,0.23333333333333336,0.35118845842842444,0.28333333333333327,0.30605010483034767,18.462142512304396,-11.633899208414968,11.324461041663815,21.543648432434686,14.303524485231982,25.7946833957456,-3.5616905248807007,-42.72315653298836,-2.1396816134200276,10.959036298198011,-22.580659244826283,23.549120447553005,0.0,0.0,0.0,0.0,0.0,0.0,0.0,0.0,0.0,0.0,0.0,0.0,0.0,0.0,0.0,0.0,0.0,0.0,0.0,0.0,0.0,0.0,0.0,0.0,0.0,0.0,0.0,0.0,0.0,0.0,0.0,0.0,0.0,0.0,0.0,0.0,0.0,0.0,0.0,0.0,0.0,0.0,0.0,0.0,0.0,0.0,0.0,0.0,0.0,0.0,0.0,0.0,0.0,0.0,-3.355975519537291,-0.1555630706797428,-3.4207115790979983,1.4556450055416372,-1.1337342958974317,2.764781442800687,-0.99896658629004,-0.3980838000134934,-1.5031141164572823,0.44423316012023567,-0.6545402870591187,1.051944427014364,0.0,0.0,0.0,0.0,0.0,0.0,-2.4492935982947064e-16,1.0,2007,27.39212007504692
2008-01-01,2.1582733812949506,0.903847866380074,0.0,47.5,1.9773154046309769,115.51724137931036,0.0,0.0,0.0,0.0,0.0,0.0,0.0,0.0,0.0,0.0,0.0,0.0,0.0,0.0,0.0,0.0,0.0,0.0,0.0,1.3383,-11.24743020094171,-3.4624540142826232,2.166064981949467,0.9859383605124138,0.4,-6.605390661031592,64.50017661603675,0.0,0.0,0.0,0.0,0.0,0.0,0.0,0.0,0.0,-6.709286675639293,-1.722671203743087,3.408311617062143,0,1,1,0.49999999999999994,0.8660254037844387,37,2.2946859903381744,2.679658952496955,2.2949977988433528,0.12908900358145167,2.551131870125038,0.30279437217232325,1.0145795127240484,1.0846778055113264,1.0050120652350378,0.016518341168106597,1.0492788793919143,0.0520526943814207,0.6,0.2,0.3,0.3605551275463988,0.3166666666666666,0.30605010483034767,-12.882182754983074,28.393423367670103,-0.3418103012367493,16.584360428068507,4.019692966052844,17.119062911067303,9.460946094609458,-12.318300409988812,23.466477395255158,36.12783718875241,-4.0407219970782835,39.26793777383964,0.0,0.0,0.0,0.0,0.0,0.0,0.0,0.0,0.0,0.0,0.0,0.0,0.0,0.0,0.0,0.0,0.0,0.0,0.0,0.0,0.0,0.0,0.0,0.0,0.0,0.0,0.0,0.0,0.0,0.0,0.0,0.0,0.0,0.0,0.0,0.0,0.0,0.0,0.0,0.0,0.0,0.0,0.0,0.0,0.0,0.0,0.0,0.0,0.0,0.0,0.0,0.0,0.0,0.0,-4.907644600242689,-1.9985146175140132,-4.9909689318064245,1.678207715267223,-2.5323974597860324,3.1507794521990613,-1.8371607515657584,-1.6732150115160491,-1.519599513866295,0.45450076798354005,-1.0870042926158525,0.8026230257847299,0.0,0.0,0.0,0.0,0.0,0.0,0.49999999999999994,0.8660254037844387,2008,26.765799256505595
2008-02-01,3.237410071942426,0.8900065040723044,0.7,52.8,10.57814796716202,177.602523659306,0.0,0.0,0.0,0.0,0.0,0.0,0.0,0.0,0.0,0.0,0.0,0.0,0.0,0.0,0.0,0.0,0.0,0.0,0.0,1.3316,-11.042821831785687,-0.5006351341253934,2.1582733812949506,0.903847866380074,0.0,1.9773154046309769,115.51724137931036,0.0,0.0,0.0,0.0,0.0,0.0,0.0,0.0,0.0,-11.24743020094171,-3.4624540142826232,2.268224362915894,0,1,2,0.8660254037844386,0.5000000000000001,38,2.166064981949467,2.4242424242424176,2.2063414511941972,0.07660773758324349,2.4422214434541476,0.30779102754715354,0.9859383605124138,1.0145183224686511,0.968121913205512,0.057475592397914284,1.0208789595817451,0.07646546351365892,0.4,-0.1,0.3333333333333333,0.3055050463303892,0.3,0.32249030993194217,-6.605390661031592,18.462142512304396,-5.836752670461222,7.459509009264911,2.951901443362644,16.991727806265068,64.50017661603675,-3.5616905248807007,63.159454696652176,53.04085777801634,21.81253610368312,57.84287202633009,0.0,0.0,0.0,0.0,0.0,0.0,0.0,0.0,0.0,0.0,0.0,0.0,0.0,0.0,0.0,0.0,0.0,0.0,0.0,0.0,0.0,0.0,0.0,0.0,0.0,0.0,0.0,0.0,0.0,0.0,0.0,0.0,0.0,0.0,0.0,0.0,0.0,0.0,0.0,0.0,0.0,0.0,0.0,0.0,0.0,0.0,0.0,0.0,0.0,0.0,0.0,0.0,0.0,0.0,-6.709286675639293,-3.355975519537291,-7.621453825607898,3.266842060433751,-4.729069114092456,3.9166427833334176,-1.722671203743087,-0.99896658629004,-2.340761989863823,0.9730990249577485,-1.6820918945685086,1.030611282764024,0.0,0.0,0.0,0.0,0.0,0.0,0.8660254037844386,0.5000000000000001,2008,25.73529411764708
2008-03-01,3.3532934131736525,0.9225024469980064,-1.1,58.14,9.634270441851422,187.1111111111111,0.0,0.0,0.0,0.0,0.0,0.0,0.0,0.0,0.0,0.0,0.0,0.0,0.0,0.0,0.0,0.0,0.0,0.0,0.0,1.2897,-12.28320750867169,-3.14659056773805,3.237410071942426,0.8900065040723044,0.7,10.57814796716202,177.602523659306,0.0,0.0,0.0,0.0,0.0,0.0,0.0,0.0,0.0,-11.042821831785687,-0.5006351341253934,1.4000000000000012,0,1,3,1.0,6.123233995736766e-17,39,2.1582733812949506,2.2946859903381744,2.5205828117289477,0.6208028414875948,2.4933893003773986,0.4127884388830453,0.903847866380074,1.0145795127240484,0.9265975769882641,0.05185452988484642,0.9822613952781363,0.07382040055574947,0.0,0.6,0.3666666666666667,0.3511884584284245,0.29999999999999993,0.32249030993194217,1.9773154046309769,-12.882182754983074,1.9833575702538084,8.591770907530035,6.653909305958808,15.535629702789848,115.51724137931036,9.460946094609458,119.2066472182177,56.641363094978104,58.533482802398844,75.82095523146444,0.0,0.0,0.0,0.0,0.0,0.0,0.0,0.0,0.0,0.0,0.0,0.0,0.0,0.0,0.0,0.0,0.0,0.0,0.0,0.0,0.0,0.0,0.0,0.0,0.0,0.0,0.0,0.0,0.0,0.0,0.0,0.0,0.0,0.0,0.0,0.0,0.0,0.0,0.0,0.0,0.0,0.0,0.0,0.0,0.0,0.0,0.0,0.0,0.0,0.0,0.0,0.0,0.0,0.0,-11.24743020094171,-4.907644600242689,-9.666512902788897,2.5630755675727284,-6.543612240943447,3.895935542511496,-3.4624540142826232,-1.8371607515657584,-1.8952534507170347,1.4884324787143992,-1.6991837835871584,1.0056051486239634,0.0,0.0,0.0,0.0,0.0,0.0,1.0,6.123233995736766e-17,2008,22.36135957066192
2008-04-01,3.8049940546967855,0.7117381608930086,0.9,62.79,7.6941929995288145,283.0994508846858,0.0,0.0,0.0,0.0,0.0,0.0,0.0,0.0,0.0,0.0,0.0,0.0,0.0,0.0,0.0,0.0,0.0,0.0,0.0,1.258,-14.49738326649902,-2.4579359540978563,3.3532934131736525,0.9225024469980064,-1.1,9.634270441851422,187.1111111111111,0.0,0.0,0.0,0.0,0.0,0.0,0.0,0.0,0.0,-12.28320750867169,-3.14659056773805,2.159422302458003,0,0,4,0.8660254037844387,-0.4999999999999998,40,3.237410071942426,2.166064981949467,2.916325622137009,0.6590444879353654,2.6056617104901814,0.5442572207780955,0.8900065040723044,0.9859383605124138,0.9054522724834616,0.01630727340378341,0.9552321688592497,0.05647263765883432,0.7,0.4,-0.13333333333333333,0.9073771725877465,0.08333333333333326,0.6615638039272304,10.57814796716202,-6.605390661031592,7.396577937881479,4.716887851000482,3.5273838183223614,11.699607364548475,177.602523659306,64.50017661603675,160.07695871657583,38.88161025105437,91.77171805591549,82.00931152200725,0.0,0.0,0.0,0.0,0.0,0.0,0.0,0.0,0.0,0.0,0.0,0.0,0.0,0.0,0.0,0.0,0.0,0.0,0.0,0.0,0.0,0.0,0.0,0.0,0.0,0.0,0.0,0.0,0.0,0.0,0.0,0.0,0.0,0.0,0.0,0.0,0.0,0.0,0.0,0.0,0.0,0.0,0.0,0.0,0.0,0.0,0.0,0.0,0.0,0.0,0.0,0.0,0.0,0.0,-11.042821831785687,-6.709286675639293,-11.524486513799696,0.6649882008177391,-8.257727722803061,3.756260344463397,-0.5006351341253934,-1.722671203743087,-2.3698932387153557,1.6265106287378508,-1.9447463762908253,1.1652222684763778,0.0,0.0,0.0,0.0,0.0,0.0,0.8660254037844387,-0.4999999999999998,2008,16.295025728988
2008-05-01,4.042806183115344,0.8324360088913192,-1.0,66.69,6.025919151819674,216.21621621621625,0.0,0.0,0.0,0.0,0.0,0.0,0.0,0.0,0.0,0.0,0.0,0.0,0.0,0.0,0.0,0.0,0.0,0.0,0.0,1.2633,-13.926551747632343,0.4213036565977823,3.8049940546967855,0.7117381608930086,0.9,7.6941929995288145,283.0994508846858,0.0,0.0,0.0,0.0,0.0,0.0,0.0,0.0,0.0,-14.49738326649902,-2.4579359540978563,0.2732800437247995,0,0,5,0.49999999999999994,-0.8660254037844387,41,3.3532934131736525,2.1582733812949506,3.4652325132709545,0.2998927574446876,2.8357869822325763,0.7167731694358931,0.9225024469980064,0.903847866380074,0.8414157039877731,0.11347332490051643,0.9047688085966427,0.10624591620616224,-1.1,0.0,0.16666666666666666,1.1015141094572205,0.24999999999999992,0.7286974680894673,9.634270441851422,1.9773154046309769,9.302203802847425,1.4703741882216583,1.7327255661930978,9.585348762319342,187.1111111111111,115.51724137931036,215.93769521836762,58.35777049347253,139.5485749575099,97.41633344255966,0.0,0.0,0.0,0.0,0.0,0.0,0.0,0.0,0.0,0.0,0.0,0.0,0.0,0.0,0.0,0.0,0.0,0.0,0.0,0.0,0.0,0.0,0.0,0.0,0.0,0.0,0.0,0.0,0.0,0.0,0.0,0.0,0.0,0.0,0.0,0.0,0.0,0.0,0.0,0.0,0.0,0.0,0.0,0.0,0.0,0.0,0.0,0.0,0.0,0.0,0.0,0.0,0.0,0.0,-12.28320750867169,-11.24743020094171,-12.607804202318798,1.7500059819032387,-10.114629013963347,3.599030177367781,-3.14659056773805,-3.4624540142826232,-2.0350538853204334,1.3727315732641219,-2.187907937592128,1.0772941601062436,0.0,0.0,0.0,0.0,0.0,0.0,0.49999999999999994,-0.8660254037844387,2008,10.378912685337728
2008-06-01,4.161712247324623,0.837902095311482,-0.1,97.64,38.12322288805445,166.84886581033064,0.0,0.0,0.0,0.0,0.0,0.0,0.0,0.0,0.0,0.0,0.0,0.0,0.0,0.0,0.0,0.0,0.0,0.0,0.0,1.2636,-14.650455927051665,0.0237473284255385,4.042806183115344,0.8324360088913192,-1.0,6.025919151819674,216.21621621621625,0.0,0.0,0.0,0.0,0.0,0.0,0.0,0.0,0.0,-13.926551747632343,0.4213036565977823,1.6826923076923128,0,0,6,1.2246467991473532e-16,-1.0,42,3.8049940546967855,3.237410071942426,3.733697883661927,0.35024180644427133,3.1271403476954376,0.802944985486208,0.7117381608930086,0.8900065040723044,0.8222255389274448,0.1057524767889593,0.8744115579578544,0.09389913815004984,0.9,0.7,-0.39999999999999997,1.1269427669584644,-0.01666666666666672,0.8565434412022935,7.6941929995288145,10.57814796716202,7.784794197733311,1.8058810013135977,4.884075883993556,6.3975693423480715,283.0994508846858,177.602523659306,228.80892607067105,49.21760456615762,174.00778664444434,76.52479666023561,0.0,0.0,0.0,0.0,0.0,0.0,0.0,0.0,0.0,0.0,0.0,0.0,0.0,0.0,0.0,0.0,0.0,0.0,0.0,0.0,0.0,0.0,0.0,0.0,0.0,0.0,0.0,0.0,0.0,0.0,0.0,0.0,0.0,0.0,0.0,0.0,0.0,0.0,0.0,0.0,0.0,0.0,0.0,0.0,0.0,0.0,0.0,0.0,0.0,0.0,0.0,0.0,0.0,0.0,-14.49738326649902,-11.042821831785687,-13.569047507601018,1.1495653669399688,-11.617780205194956,2.7794380118486677,-2.4579359540978563,-0.5006351341253934,-1.7277409550793748,1.8927112435487747,-1.8114972028982048,1.525625435327283,0.0,0.0,0.0,0.0,0.0,0.0,1.2246467991473532e-16,-1.0,2008,6.270096463022501
2008-07-01,4.399524375743158,0.7543193082164714,-0.6,86.5,-12.114283158692572,117.39130434782608,0.0,0.0,0.0,0.0,0.0,0.0,0.0,0.0,0.0,0.0,0.0,0.0,0.0,0.0,0.0,0.0,0.0,0.0,0.0,1.2615,-14.884285810674037,-0.1661918328584977,4.161712247324623,0.837902095311482,-0.1,38.12322288805445,166.84886581033064,0.0,0.0,0.0,0.0,0.0,0.0,0.0,0.0,0.0,-14.650455927051665,0.0237473284255385,1.932599724896833,0,0,7,-0.4999999999999997,-0.8660254037844388,43,4.042806183115344,3.3532934131736525,4.003170828378917,0.18163201327611633,3.459748225257963,0.7357320713610265,0.8324360088913192,0.9225024469980064,0.7940254216986032,0.07131524727120957,0.8497388470910324,0.0765865496444214,-1.0,-1.1,-0.06666666666666662,0.9504384952922168,-0.10000000000000005,0.8318653737234171,6.025919151819674,9.634270441851422,17.281111679800986,18.06906151742921,12.33884480884123,12.9925828162212,216.21621621621625,187.1111111111111,222.0548443037442,58.344809674818684,191.06590151016005,55.84564498006205,0.0,0.0,0.0,0.0,0.0,0.0,0.0,0.0,0.0,0.0,0.0,0.0,0.0,0.0,0.0,0.0,0.0,0.0,0.0,0.0,0.0,0.0,0.0,0.0,0.0,0.0,0.0,0.0,0.0,0.0,0.0,0.0,0.0,0.0,0.0,0.0,0.0,0.0,0.0,0.0,0.0,0.0,0.0,0.0,0.0,0.0,0.0,0.0,0.0,0.0,0.0,0.0,0.0,0.0,-13.926551747632343,-12.28320750867169,-14.358130313727676,0.38151389737050656,-12.941308413763686,1.6260276811624548,0.4213036565977823,-3.14659056773805,-0.6709616563581785,1.5602790180298238,-1.5204274475367672,1.7023259183422312,0.0,0.0,0.0,0.0,0.0,0.0,-0.4999999999999997,-0.8660254037844388,2008,3.980891719745228
2008-08-01,4.982206405693956,0.715210048444175,-0.3,96.99,11.446346646761764,173.82834556747596,0.0,0.0,0.0,0.0,0.0,0.0,0.0,0.0,0.0,0.0,0.0,0.0,0.0,0.0,0.0,0.0,0.0,0.0,0.0,1.2614,-14.550873865329894,-0.0079270709472889,4.399524375743158,0.7543193082164714,-0.6,-12.114283158692572,117.39130434782608,0.0,0.0,0.0,0.0,0.0,0.0,0.0,0.0,0.0,-14.884285810674037,-0.1661918328584977,-0.1555630706797428,0,0,8,-0.8660254037844384,-0.5000000000000004,44,4.161712247324623,3.8049940546967855,4.201347602061041,0.18163201327610265,3.833290057665998,0.4601412488238022,0.837902095311482,0.7117381608930086,0.8082191374730908,0.04675856307252556,0.8248174207304321,0.07972218688886815,-0.1,0.9,-0.5666666666666665,0.4509249752822891,-0.20000000000000004,0.853229160308062,38.12322288805445,7.6941929995288145,10.67828629372719,25.439833794004258,9.990245048287305,16.134030444823498,166.84886581033064,283.0994508846858,166.81879545812433,49.41246279652863,191.37824533824596,55.341559760562475,0.0,0.0,0.0,0.0,0.0,0.0,0.0,0.0,0.0,0.0,0.0,0.0,0.0,0.0,0.0,0.0,0.0,0.0,0.0,0.0,0.0,0.0,0.0,0.0,0.0,0.0,0.0,0.0,0.0,0.0,0.0,0.0,0.0,0.0,0.0,0.0,0.0,0.0,0.0,0.0,0.0,0.0,0.0,0.0,0.0,0.0,0.0,0.0,0.0,0.0,0.0,0.0,0.0,0.0,-14.650455927051665,-14.49738326649902,-14.487097828452681,0.4993275830163838,-13.547451015385741,1.544105873543481,0.0237473284255385,-2.4579359540978563,0.0929530507216077,0.2997996189653351,-0.9710504172994128,1.4656850853645504,0.0,0.0,0.0,0.0,0.0,0.0,-0.8660254037844384,-0.5000000000000004,2008,2.527646129541883
2008-09-01,6.524317912218258,0.7310164904164432,-1.2,95.17,-1.8943114321199317,102.27417640807651,0.0,0.0,0.0,0.0,0.0,0.0,0.0,0.0,0.0,0.0,0.0,0.0,0.0,0.0,0.0,0.0,0.0,0.0,0.0,1.2531,-13.668618670341017,-0.6579990486760723,4.982206405693956,0.715210048444175,-0.3,11.446346646761764,173.82834556747596,0.0,0.0,0.0,0.0,0.0,0.0,0.0,0.0,0.0,-14.550873865329894,-0.0079270709472889,-1.9985146175140132,0,0,9,-1.0,-1.8369701987210297e-16,45,4.399524375743158,4.042806183115344,4.514481009587246,0.42215392539703844,4.124089446624587,0.5506723080042225,0.7543193082164714,0.8324360088913192,0.7691438173240428,0.06267502807205048,0.7956846781257437,0.08300601753395538,-0.6,-1.0,-0.33333333333333326,0.25166114784235777,-0.3666666666666667,0.7312090444371343,-12.114283158692572,6.025919151819674,12.485095458707889,25.134856330800364,10.134944828220595,16.144247680444202,117.39130434782608,216.21621621621625,152.68950524187755,30.767686363906314,190.7492156562743,55.55050960666911,0.0,0.0,0.0,0.0,0.0,0.0,0.0,0.0,0.0,0.0,0.0,0.0,0.0,0.0,0.0,0.0,0.0,0.0,0.0,0.0,0.0,0.0,0.0,0.0,0.0,0.0,0.0,0.0,0.0,0.0,0.0,0.0,0.0,0.0,0.0,0.0,0.0,0.0,0.0,0.0,0.0,0.0,0.0,0.0,0.0,0.0,0.0,0.0,0.0,0.0,0.0,0.0,0.0,0.0,-14.884285810674037,-13.926551747632343,-14.695205201018533,0.1711512619437932,-14.132126354309776,0.9595762919466848,-0.1661918328584977,0.4213036565977823,-0.050123858460082694,0.10175779038787036,-0.8889324067697286,1.5104317053759928,0.0,0.0,0.0,0.0,0.0,0.0,-1.0,-1.8369701987210297e-16,2008,1.2480499219968966
2008-10-01,6.627218934911228,0.8004523854066535,-0.2,77.95,-19.95971705804665,37.745184661601,0.0,0.0,0.0,0.0,0.0,0.0,0.0,0.0,0.0,0.0,0.0,0.0,0.0,0.0,0.0,0.0,0.0,0.0,0.0,1.2718,-11.496172581767572,1.4922990982363604,6.524317912218258,0.7310164904164432,-1.2,-1.8943114321199317,102.27417640807651,0.0,0.0,0.0,0.0,0.0,0.0,0.0,0.0,0.0,-13.668618670341017,-0.6579990486760723,-3.355975519537291,0,0,10,-0.8660254037844386,0.5000000000000001,46,4.982206405693956,4.161712247324623,5.302016231218457,1.097905112720633,4.652593529798687,1.0007268079037117,0.715210048444175,0.837902095311482,0.7335152823590297,0.019674006223010947,0.7637703520288165,0.057337731857437776,-0.3,-0.1,-0.6999999999999998,0.4582575694955836,-0.3833333333333333,0.7521081482517438,11.446346646761764,38.12322288805445,-0.8540826480169063,11.814710159367978,8.213514515892037,16.884813475443575,173.82834556747596,166.84886581033064,131.16460877445954,37.713097421778045,176.60972653910187,66.39930939117359,0.0,0.0,0.0,0.0,0.0,0.0,0.0,0.0,0.0,0.0,0.0,0.0,0.0,0.0,0.0,0.0,0.0,0.0,0.0,0.0,0.0,0.0,0.0,0.0,0.0,0.0,0.0,0.0,0.0,0.0,0.0,0.0,0.0,0.0,0.0,0.0,0.0,0.0,0.0,0.0,0.0,0.0,0.0,0.0,0.0,0.0,0.0,0.0,0.0,0.0,0.0,0.0,0.0,0.0,-14.550873865329894,-14.650455927051665,-14.367926115448315,0.628143342248729,-14.363028214587997,0.46483927570580824,-0.0079270709472889,0.0237473284255385,-0.2773726508272863,0.3389974554037399,-0.4741671535927323,1.0325839661413332,0.0,0.0,0.0,0.0,0.0,0.0,-0.8660254037844386,0.5000000000000001,2008,-1.5197568389057723
2008-11-01,6.493506493506485,0.8022901657957947,-1.3,61.12,-24.32284506455205,22.854271356783904,0.0,0.0,0.0,0.0,0.0,0.0,0.0,0.0,0.0,0.0,0.0,0.0,0.0,0.0,0.0,0.0,0.0,0.0,0.0,1.2041,-14.639160640862048,-5.323164019499926,6.627218934911228,0.8004523854066535,-0.2,-19.95971705804665,37.745184661601,0.0,0.0,0.0,0.0,0.0,0.0,0.0,0.0,0.0,-11.496172581767572,1.4922990982363604,-4.907644600242689,0,1,11,-0.5000000000000004,0.8660254037844384,47,6.524317912218258,4.399524375743158,6.044581084274481,0.9214809403262916,5.122964343167761,1.1713666486793703,0.7310164904164432,0.7543193082164714,0.7488929747557572,0.04534578835962697,0.7785560561144241,0.05246827204944675,-1.2,-0.6,-0.5666666666666665,0.5507570547286099,-0.5666666666666667,0.45018514709691054,-1.8943114321199317,-12.114283158692572,-3.469227281134932,15.762153384174061,3.604529506296126,20.452332170546924,102.27417640807651,117.39130434782608,104.61590221238448,68.07179614451553,135.7173488352544,63.17360479207908,0.0,0.0,0.0,0.0,0.0,0.0,0.0,0.0,0.0,0.0,0.0,0.0,0.0,0.0,0.0,0.0,0.0,0.0,0.0,0.0,0.0,0.0,0.0,0.0,0.0,0.0,0.0,0.0,0.0,0.0,0.0,0.0,0.0,0.0,0.0,0.0,0.0,0.0,0.0,0.0,0.0,0.0,0.0,0.0,0.0,0.0,0.0,0.0,0.0,0.0,0.0,0.0,0.0,0.0,-13.668618670341017,-14.884285810674037,-13.238555039146162,1.5721056033570673,-13.86282643379942,1.247395428212667,-0.6579990486760723,-0.1661918328584977,0.2754576595376664,1.1028035678477763,0.18420535512963712,0.7296674502727575,0.0,0.0,0.0,0.0,0.0,0.0,-0.5000000000000004,0.8660254037844384,2008,-3.427719821162445
2008-12-01,6.24263839811543,0.8564893055906669,-0.5,49.28,-21.53208256330006,5.819196907880619,0.0,0.0,0.0,0.0,0.0,0.0,0.0,0.0,0.0,0.0,0.0,0.0,0.0,0.0,0.0,0.0,0.0,0.0,0.0,1.1043,-20.34191733391041,-8.288348143841862,6.493506493506485,0.8022901657957947,-1.3,-24.32284506455205,22.854271356783904,0.0,0.0,0.0,0.0,0.0,0.0,0.0,0.0,0.0,-14.639160640862048,-5.323164019499926,-6.709286675639293,0,1,12,-2.4492935982947064e-16,1.0,48,6.627218934911228,4.982206405693956,6.54834778021199,0.07002021253509626,5.531414394899618,1.1463991098008075,0.8004523854066535,0.715210048444175,0.7779196805396303,0.04062974639335299,0.7735317489318367,0.047483459297761064,-0.2,-0.3,-0.9,0.6082762530298216,-0.6166666666666667,0.5192943930629975,-19.95971705804665,11.446346646761764,-15.392291184906204,11.891417684837199,-1.4535978630991615,23.28972590550089,37.745184661601,173.82834556747596,54.29121080882047,42.216212117354054,103.49035802534901,63.21559095737726,0.0,0.0,0.0,0.0,0.0,0.0,0.0,0.0,0.0,0.0,0.0,0.0,0.0,0.0,0.0,0.0,0.0,0.0,0.0,0.0,0.0,0.0,0.0,0.0,0.0,0.0,0.0,0.0,0.0,0.0,0.0,0.0,0.0,0.0,0.0,0.0,0.0,0.0,0.0,0.0,0.0,0.0,0.0,0.0,0.0,0.0,0.0,0.0,0.0,0.0,0.0,0.0,0.0,0.0,-11.496172581767572,-14.550873865329894,-13.267983964323548,1.6093398058371264,-13.981594582671041,1.2879421895367371,1.4922990982363604,-0.0079270709472889,-1.4962879899798793,3.4842044485276835,-0.773205924219981,2.342526696412703,0.0,0.0,0.0,0.0,0.0,0.0,-2.4492935982947064e-16,1.0,2008,-4.565537555228294
2009-01-01,5.98591549295775,0.7572851686814663,-0.9,49.56,0.56657375356773,4.336842105263172,42499.28696236559,58594.0,44154.18010752688,38363.4314516129,594.3844086021505,0.0,1403.0,0.0,431.0786290322581,-21.009408602150536,0.032258064516129,0.0,0.0,0.0,0.0,0.0,0.0,0.0,0.0,1.0919,-18.41141746992453,-1.122883274472508,6.24263839811543,0.8564893055906669,-0.5,-21.53208256330006,5.819196907880619,0.0,0.0,0.0,0.0,0.0,0.0,0.0,0.0,0.0,-20.34191733391041,-8.288348143841862,-11.24743020094171,0,1,1,0.49999999999999994,0.8660254037844387,49,6.493506493506485,6.524317912218258,6.45445460884438,0.195241733736133,5.8782354200314195,0.9464883796009693,0.8022901657957947,0.7310164904164432,0.8197439522643717,0.03183567342612738,0.7766296173117008,0.05282845543300392,-1.3,-1.2,-0.6666666666666666,0.5686240703077324,-0.6833333333333332,0.46224091842530235,-24.32284506455205,-1.8943114321199317,-21.93821489529958,2.2097350754353102,-11.396148771658247,13.82571198483694,22.854271356783904,102.27417640807651,22.13955097542184,15.974989590930017,76.65207987494068,65.09170586376574,0.0,0.0,0.0,0.0,0.0,0.0,0.0,0.0,0.0,0.0,0.0,0.0,0.0,0.0,0.0,0.0,0.0,0.0,0.0,0.0,0.0,0.0,0.0,0.0,0.0,0.0,0.0,0.0,0.0,0.0,0.0,0.0,0.0,0.0,0.0,0.0,0.0,0.0,0.0,0.0,0.0,0.0,0.0,0.0,0.0,0.0,0.0,0.0,0.0,0.0,0.0,0.0,0.0,0.0,-14.639160640862048,-13.668618670341017,-15.492416852180009,4.484176030959326,-14.930171483814163,2.929215478437056,-5.323164019499926,-0.6579990486760723,-4.039737688368476,5.01504261986618,-2.158555169597881,3.7885149998715164,0.0,0.0,0.0,0.0,0.0,0.0,0.49999999999999994,0.8660254037844387,2009,-4.545454545454552
2009-02-01,4.878048780487809,0.700303471440713,-0.1,33.88,-38.0359186977088,-35.83333333333333,41721.263392857145,56050.0,43317.78943452381,37625.49627976191,450.5022321428572,0.0,1405.0,0.0,492.0096726190476,114.75818452380952,0.0,0.0,0.0,0.0,0.0,0.0,0.0,0.0,0.0,1.1264,-15.410033042955828,3.1596300027475044,5.98591549295775,0.7572851686814663,-0.9,0.56657375356773,4.336842105263172,0.0,0.0,0.0,0.0,0.0,0.0,0.0,0.0,0.032258064516129,-18.41141746992453,-1.122883274472508,-11.042821831785687,0,1,2,0.8660254037844386,0.5000000000000001,50,6.24263839811543,6.627218934911228,6.240686794859887,0.25380112790524506,6.142633939567184,0.6139658698018078,0.8564893055906669,0.8004523854066535,0.8053548800226427,0.04967302638196789,0.7771239273892,0.05259129255561458,-0.5,-0.2,-0.9,0.39999999999999947,-0.7333333333333334,0.4676180777800053,-21.53208256330006,-19.95971705804665,-15.096117958094787,13.635872637111813,-9.282672619614864,14.639275145884039,5.819196907880619,37.745184661601,11.003436789975899,10.289851985699077,57.809669501180196,67.26699263702614,0.0,0.0,0.0,0.0,0.0,0.0,0.0,0.0,0.0,0.0,0.0,0.0,0.0,0.0,0.0,0.0,0.0,0.0,0.0,0.0,0.0,0.0,0.0,0.0,0.0,0.0,0.0,0.0,0.0,0.0,0.0,0.0,0.0,0.0,0.0,0.0,0.0,0.0,0.0,0.0,0.0,0.0,0.0,0.0,0.0,0.0,0.0,0.0,0.0,0.0,0.010752688172043,0.01862420223192339,0.0053763440860215,0.013169299692382664,-20.34191733391041,-11.496172581767572,-17.797498481565665,2.9005225164145254,-15.51802676035591,3.2540756524530376,-8.288348143841862,1.4922990982363604,-4.911465145938099,3.6004296508070603,-2.318003743200216,3.7071496070238052,0.0,0.0,0.0,0.0,0.0,0.0,0.8660254037844386,0.5000000000000001,2009,5.263157894736836
2009-03-01,4.2873696407879525,0.7306952229688904,-0.8,32.23,-4.992717395650739,-44.56484348125216,38034.5201884253,51801.0,39532.25504710632,34313.74899057874,677.5491251682369,0.0,1419.0,0.0,443.1985195154778,240.83310901749664,0.0,0.0,0.0,0.0,0.0,0.0,0.0,0.0,0.0,1.0867,-15.740094595642407,-3.524502840909094,4.878048780487809,0.700303471440713,-0.1,-38.0359186977088,-35.83333333333333,0.0,0.0,0.0,0.0,0.0,0.0,0.0,0.0,0.0,-15.410033042955828,3.1596300027475044,-12.28320750867169,0,1,3,1.0,6.123233995736766e-17,51,5.98591549295775,6.493506493506485,5.70220089052033,0.725187346732862,6.12527433536616,0.6535359017608845,0.7572851686814663,0.8022901657957947,0.7713593152376155,0.07903837611086029,0.774639497888623,0.05632093743858565,-0.9,-1.3,-0.5,0.39999999999999963,-0.7000000000000001,0.5099019513592788,0.56657375356773,-24.32284506455205,-19.66714250248037,19.36870173593348,-17.529716843693294,14.563765815630706,4.336842105263172,22.854271356783904,-8.559098106729847,23.63180641291056,22.866056351045312,46.057754343692466,0.0,0.0,0.0,0.0,0.0,0.0,0.0,0.0,0.0,0.0,0.0,0.0,0.0,0.0,0.0,0.0,0.0,0.0,0.0,0.0,0.0,0.0,0.0,0.0,0.0,0.0,0.0,0.0,0.0,0.0,0.0,0.0,0.0,0.0,0.0,0.0,0.0,0.0,0.0,0.0,0.0,0.0,0.0,0.0,0.0,0.0,0.0,0.0,0.032258064516129,0.0,0.010752688172043,0.01862420223192339,0.0053763440860215,0.013169299692382664,-18.41141746992453,-14.639160640862048,-18.054455948930258,2.485243813078317,-15.661219956626901,3.2217477843968227,-1.122883274472508,-5.323164019499926,-2.083867138522288,5.784173960162328,-1.7900775642510836,4.282769476981521,0.0,0.0,0.0,0.0,0.0,0.0,1.0,6.123233995736766e-17,2009,5.263157894736836
2009-04-01,3.3218785796105488,0.7996918195061651,0.7,28.95,-10.732749180834212,-53.89393215480172,34244.0375,43385.0,35285.63125,30886.11527777778,459.58125,0.0,1612.7305555555556,0.0,246.63333333333333,1017.4215277777778,0.0666666666666666,0.0,0.0,0.0,0.0,0.0,0.0,0.0,0.0,1.1157,-11.311605723370432,2.668629796632005,4.2873696407879525,0.7306952229688904,-0.8,-4.992717395650739,-44.56484348125216,0.0,0.0,0.0,0.0,0.0,0.0,0.0,0.0,0.0,-15.740094595642407,-3.524502840909094,-14.49738326649902,0,0,4,0.8660254037844387,-0.4999999999999998,52,4.878048780487809,6.24263839811543,5.050444638077837,0.8622962088322447,5.752449623461108,0.9508116711247566,0.700303471440713,0.8564893055906669,0.72942795436369,0.028511978752746848,0.7745859533140308,0.05637083516319368,-0.1,-0.5,-0.6,0.435889894354067,-0.6333333333333334,0.4546060565661956,-38.0359186977088,-21.53208256330006,-14.154020779930597,20.86828252724283,-18.046117837615093,13.940063174315164,-35.83333333333333,5.819196907880619,-25.353778236440775,26.080826665813376,-1.6071136305094658,32.416798433665925,0.0,0.0,0.0,0.0,0.0,0.0,0.0,0.0,0.0,0.0,0.0,0.0,0.0,0.0,0.0,0.0,0.0,0.0,0.0,0.0,0.0,0.0,0.0,0.0,0.0,0.0,0.0,0.0,0.0,0.0,0.0,0.0,0.0,0.0,0.0,0.0,0.0,0.0,0.0,0.0,0.0,0.0,0.0,0.0,0.0,0.0,0.0,0.0,0.0,0.0,0.010752688172043,0.01862420223192339,0.0053763440860215,0.013169299692382664,-15.410033042955828,-20.34191733391041,-16.520515036174256,1.6458642616001171,-16.006465944177133,3.0730729409626334,3.1596300027475044,-8.288348143841862,-0.49591870421136514,3.3858856148996312,-2.2678281962899205,4.291100726881752,0.0,0.0,0.0,0.0,0.0,0.0,0.8660254037844387,-0.4999999999999998,2009,8.407079646017701
2009-05-01,2.857142857142847,0.6293058986139889,-1.0,27.9,-3.694351519168432,-58.1646423751687,32551.79233870968,42291.0,33647.01747311828,29407.081989247312,736.7715053763441,0.0,1672.9193548387098,0.0,372.97983870967744,1505.8057795698924,0.064516129032258,0.0,0.0,0.0,0.0,0.0,0.0,0.0,0.0,1.1295,-10.591308477796256,1.2368916375369745,3.3218785796105488,0.7996918195061651,0.7,-10.732749180834212,-53.89393215480172,0.0,0.0,0.0,0.0,0.0,0.0,0.0,0.0,0.0666666666666666,-11.311605723370432,2.668629796632005,-13.926551747632343,0,0,5,0.49999999999999994,-0.8660254037844387,53,4.2873696407879525,5.98591549295775,4.16243233362877,0.7855720346121916,5.201559564244329,1.252340950110788,0.7306952229688904,0.7572851686814663,0.7435635046385896,0.050928434470759884,0.7744591923306161,0.056301849140065294,-0.8,-0.9,-0.0666666666666667,0.7505553499465135,-0.4833333333333334,0.7054549359574055,-4.992717395650739,0.56657375356773,-17.920461758064576,17.65533055883518,-16.50828985807969,14.193384489156815,-44.56484348125216,4.336842105263172,-44.76403632312907,9.031946954488522,-16.880299766576584,31.748797852781593,0.0,0.0,0.0,0.0,0.0,0.0,0.0,0.0,0.0,0.0,0.0,0.0,0.0,0.0,0.0,0.0,0.0,0.0,0.0,0.0,0.0,0.0,0.0,0.0,0.0,0.0,0.0,0.0,0.0,0.0,0.0,0.0,0.0,0.0,0.0,0.0,0.0,0.0,0.0,0.0,0.0,0.0,0.0,0.0,0.0,0.0,0.0,0.0,0.0,0.032258064516129,0.0222222222222222,0.03849001794597501,0.0164874551971326,0.027763321478189336,-15.740094595642407,-18.41141746992453,-14.153911120656224,2.4670346847420688,-15.975704801110943,3.1276884529238083,-3.524502840909094,-1.122883274472508,0.7679189861568059,3.7254441556283147,-2.071773079890647,4.518122659558253,0.0,0.0,0.0,0.0,0.0,0.0,0.49999999999999994,-0.8660254037844387,2009,9.701492537313428
2009-06-01,2.7397260273972712,0.6539066907821515,0.4,42.77,42.72102334114974,-56.19623105284719,32576.55486111111,42399.0,33748.30138888889,29573.128472222223,339.6173611111111,0.0,1716.9388888888889,0.0,401.59236111111113,791.9861111111111,0.0,0.0,0.0,0.0,0.0,0.0,0.0,0.0,0.0,1.1682,-7.549857549857563,3.426294820717124,2.857142857142847,0.6293058986139889,-1.0,-3.694351519168432,-58.1646423751687,0.0,0.0,0.0,0.0,0.0,0.0,0.0,0.0,0.064516129032258,-10.591308477796256,1.2368916375369745,-14.650455927051665,0,0,6,1.2246467991473532e-16,-1.0,54,3.3218785796105488,4.878048780487809,3.488797025847116,0.7295776099459755,4.595498958183723,1.3758702959085434,0.7996918195061651,0.700303471440713,0.7198976470296814,0.08570461623617795,0.7456284811336484,0.07893940362959623,0.7,-0.1,-0.3666666666666667,0.9291573243177568,-0.4333333333333334,0.6439461675223069,-10.732749180834212,-38.0359186977088,-6.473272698551121,3.7455030923288817,-13.070207600515749,14.418516576298314,-53.89393215480172,-35.83333333333333,-52.20780600374086,6.954919017264608,-30.383452055235352,28.53587530588787,0.0,0.0,0.0,0.0,0.0,0.0,0.0,0.0,0.0,0.0,0.0,0.0,0.0,0.0,0.0,0.0,0.0,0.0,0.0,0.0,0.0,0.0,0.0,0.0,0.0,0.0,0.0,0.0,0.0,0.0,0.0,0.0,0.0,0.0,0.0,0.0,0.0,0.0,0.0,0.0,0.0,0.0,0.0,0.0,0.0,0.0,0.0,0.0,0.0666666666666666,0.0,0.0437275985663082,0.037884473868742066,0.0272401433691756,0.032234160797013744,-11.311605723370432,-15.410033042955828,-12.547669598936366,2.7880799935063885,-15.30106277393331,3.831101606013284,2.668629796632005,3.1596300027475044,0.1270061977532959,3.2423151040000784,-0.9784304703844965,4.365100059189377,0.0,0.0,0.0,0.0,0.0,0.0,1.2246467991473532e-16,-1.0,2009,11.19515885022695
2009-07-01,2.505694760820054,0.6510261021821943,0.5,37.03,-14.410852731329602,-57.1907514450867,32090.24865591398,42774.0,33304.45430107527,29226.51478494624,621.8407258064516,0.0,1724.989247311828,0.0,392.921370967742,794.5241935483871,0.0,0.0,0.0,0.0,0.0,0.0,0.0,0.0,0.0,1.1622,-7.871581450653997,-0.5136106831022058,2.7397260273972712,0.6539066907821515,0.4,42.72102334114974,-56.19623105284719,0.0,0.0,0.0,0.0,0.0,0.0,0.0,0.0,0.0,-7.549857549857563,3.426294820717124,-14.884285810674037,0,0,7,-0.4999999999999997,-0.8660254037844388,55,2.857142857142847,4.2873696407879525,2.9729158213835554,0.30786024905616166,4.011680229730696,1.2767814492483411,0.6293058986139889,0.7306952229688904,0.6943014696341018,0.09209584208009476,0.711864711998896,0.06393740535221362,-1.0,-0.8,0.033333333333333326,0.9073771725877466,-0.2833333333333334,0.7250287350627331,-3.694351519168432,-4.992717395650739,9.43130754704904,29.043736737030482,-2.3613566164407835,26.047837864247636,-58.1646423751687,-44.56484348125216,-56.08493519427253,2.137529303351374,-40.71935671535666,23.605775200743373,0.0,0.0,0.0,0.0,0.0,0.0,0.0,0.0,0.0,0.0,0.0,0.0,0.0,0.0,0.0,0.0,0.0,0.0,0.0,0.0,0.0,0.0,0.0,0.0,0.0,0.0,0.0,0.0,0.0,0.0,0.0,0.0,0.0,0.0,0.0,0.0,0.0,0.0,0.0,0.0,0.0,0.0,0.0,0.0,0.0,0.0,0.0,0.0,0.064516129032258,0.0,0.0437275985663082,0.037884473868742066,0.0272401433691756,0.032234160797013744,-10.591308477796256,-15.740094595642407,-9.817590583674752,1.9966639339144334,-13.169052809924503,4.019573768177117,1.2368916375369745,-3.524502840909094,2.443938751628702,1.1118615578876438,0.9740100237086678,2.7700201383084866,0.0,0.0,0.0,0.0,0.0,0.0,-0.4999999999999997,-0.8660254037844388,2009,12.55742725880551
2009-08-01,1.5819209039548143,0.6663151812273714,-0.6,33.39,-10.347194096995825,-65.57377049180327,31451.002016129038,40946.0,31913.480510752688,28574.33938172043,650.817876344086,0.0,1754.9596774193549,0.0,405.0920698924731,316.2056451612903,0.032258064516129,0.0,0.0,0.0,0.0,0.0,0.0,0.0,0.0,1.1597,-8.062470271127332,-0.2151092755119599,2.505694760820054,0.6510261021821943,0.5,-14.410852731329602,-57.1907514450867,0.0,0.0,0.0,0.0,0.0,0.0,0.0,0.0,0.0,-7.871581450653997,-0.5136106831022058,-14.550873865329894,0,0,8,-0.8660254037844384,-0.5000000000000004,56,2.7397260273972712,3.3218785796105488,2.7008545484533903,0.17891949309310956,3.4316434410410803,0.9489558099642075,0.6539066907821515,0.7996918195061651,0.6447462305261116,0.013449064459560803,0.6941548675823506,0.06355540266490727,0.4,0.7,-0.033333333333333326,0.8386497083606083,-0.050000000000000044,0.7120393247567162,42.72102334114974,-10.732749180834212,8.20527303021724,30.367970202213726,-4.857594363923672,26.426046431617483,-56.19623105284719,-53.89393215480172,-57.18387495770086,0.9842236778380983,-50.97395564041497,8.90469664431832,0.0,0.0,0.0,0.0,0.0,0.0,0.0,0.0,0.0,0.0,0.0,0.0,0.0,0.0,0.0,0.0,0.0,0.0,0.0,0.0,0.0,0.0,0.0,0.0,0.0,0.0,0.0,0.0,0.0,0.0,0.0,0.0,0.0,0.0,0.0,0.0,0.0,0.0,0.0,0.0,0.0,0.0,0.0,0.0,0.0,0.0,0.0,0.0,0.0,0.0666666666666666,0.021505376344086,0.037248404463846765,0.0218637992831541,0.03387807856176941,-7.549857549857563,-11.311605723370432,-8.670915826102608,1.6708702880819588,-11.412413473379415,3.5454475432807215,3.426294820717124,2.668629796632005,1.3831919250506317,1.9740229672806202,1.0755554556037181,2.687721817752562,0.0,0.0,0.0,0.0,0.0,0.0,-0.8660254037844384,-0.5000000000000004,2009,18.0277349768875
2009-09-01,0.1113585746102652,0.6701634438219402,0.2,38.63,14.577272272262684,-59.409477776610274,32944.92569444444,43914.0,34641.98541666667,29899.597916666666,615.7166666666667,0.0,1737.025,0.0,431.7055555555556,-513.1548611111111,0.0,0.0,0.0,0.0,0.0,0.0,0.0,0.0,0.0,1.1212,-10.525895778469408,-3.3198240924376954,1.5819209039548143,0.6663151812273714,-0.6,-10.347194096995825,-65.57377049180327,0.0,0.0,0.0,0.0,0.0,0.0,0.0,0.0,0.032258064516129,-8.062470271127332,-0.2151092755119599,-13.668618670341017,0,0,9,-1.0,-1.8369701987210297e-16,57,2.505694760820054,2.857142857142847,2.2757805640573796,0.6121875361130544,2.8822887949522475,0.8967973618909305,0.6510261021821943,0.6293058986139889,0.6570826580639056,0.008124288316092722,0.6884901525467936,0.0644067618621285,0.5,-1.0,0.10000000000000002,0.6082762530298221,-0.1333333333333334,0.7474400756359448,-14.410852731329602,-3.694351519168432,5.9876588376081115,31.876847102350606,-0.24280693047150947,21.41605272372029,-57.1907514450867,-58.1646423751687,-59.653584329912384,5.151089287347443,-55.93069516682663,6.82596016820552,0.0,0.0,0.0,0.0,0.0,0.0,0.0,0.0,0.0,0.0,0.0,0.0,0.0,0.0,0.0,0.0,0.0,0.0,0.0,0.0,0.0,0.0,0.0,0.0,0.0,0.0,0.0,0.0,0.0,0.0,0.0,0.0,0.0,0.0,0.0,0.0,0.0,0.0,0.0,0.0,0.0,0.0,0.0,0.0,0.0,0.0,0.0,0.0,0.0,0.064516129032258,0.010752688172043,0.018624202231923348,0.027240143369175598,0.032234160797013744,-7.871581450653997,-10.591308477796256,-7.827969757212965,0.25907418890239525,-10.187819678074664,3.133508221308434,-0.5136106831022058,1.2368916375369745,0.8991916207009867,2.1936188616603802,0.5130989092271409,2.5117144494881503,0.0,0.0,0.0,0.0,0.0,0.0,-1.0,-1.8369701987210297e-16,2009,30.20030816640984
2009-10-01,-0.4439511653718031,0.6483037897367843,0.2,39.93,3.3098744396939868,-48.774855676715845,35012.852348993285,48903.0,37061.9677852349,31654.475838926173,624.3986577181208,0.0,1737.0,0.0,383.7315436241611,-1079.6986577181208,0.0,0.0,0.0,0.0,0.0,0.0,0.0,0.0,0.0,1.0928,-14.074540022016048,-2.5330003567606174,0.1113585746102652,0.6701634438219402,0.2,14.577272272262684,-59.409477776610274,0.0,0.0,0.0,0.0,0.0,0.0,0.0,0.0,0.0,-10.525895778469408,-3.3198240924376954,-11.496172581767572,0,0,10,-0.8660254037844386,0.5000000000000001,58,1.5819209039548143,2.7397260273972712,1.3996580797950442,1.2075289834829763,2.1862869505893,1.1677772253305005,0.6663151812273714,0.6539066907821515,0.6625015757438353,0.010122605956305833,0.6784015226889686,0.06113112535644494,-0.6,0.4,0.03333333333333335,0.5686240703077329,0.0333333333333333,0.6772493386240158,-10.347194096995825,42.72102334114974,-3.3935915186875736,15.695295136402,3.0188580141807275,22.0294299527105,-65.57377049180327,-56.19623105284719,-60.72466657116675,4.343505871803987,-58.40480088271965,3.9789649517635235,0.0,0.0,0.0,0.0,0.0,0.0,0.0,0.0,0.0,0.0,0.0,0.0,0.0,0.0,0.0,0.0,0.0,0.0,0.0,0.0,0.0,0.0,0.0,0.0,0.0,0.0,0.0,0.0,0.0,0.0,0.0,0.0,0.0,0.0,0.0,0.0,0.0,0.0,0.0,0.0,0.0,0.0,0.0,0.0,0.0,0.0,0.0,0.0,0.032258064516129,0.0,0.010752688172043,0.018624202231923348,0.027240143369175598,0.032234160797013744,-8.062470271127332,-7.549857549857563,-8.819982500083581,1.4804440956939855,-9.318786541879165,1.6643074237417326,-0.2151092755119599,3.426294820717124,-1.349514683683953,1.7128529263340067,0.547212033972374,2.4464519611529956,0.0,0.0,0.0,0.0,0.0,0.0,-0.8660254037844386,0.5000000000000001,2009,31.327160493827154
2009-11-01,-0.5543237250554278,0.6670378616978134,0.1,30.5,-26.940123746176404,-50.09816753926701,37565.06805555556,53953.0,39682.86875,33868.666666666664,1017.8631944444444,0.0,1740.0,0.0,402.6659722222222,-698.7909722222222,0.0,0.0,0.0,0.0,0.0,0.0,0.0,0.0,0.0,1.1126,-7.599036624865041,1.811859443631048,-0.4439511653718031,0.6483037897367843,0.2,3.3098744396939868,-48.774855676715845,0.0,0.0,0.0,0.0,0.0,0.0,0.0,0.0,0.0,-14.074540022016048,-2.5330003567606174,-14.639160640862048,0,1,11,-0.5000000000000004,0.8660254037844384,59,0.1113585746102652,2.505694760820054,0.4164427710644252,1.0468269606357992,1.5586486597589084,1.4201072842609836,0.6701634438219402,0.6510261021821943,0.661594138262032,0.011669503168113491,0.6531701843940717,0.014559445529793694,0.2,0.5,-0.06666666666666665,0.46188021535170076,-0.05000000000000004,0.6058052492344386,14.577272272262684,-14.410852731329602,2.513317538320289,12.481311354217517,5.359295284268761,20.99805243649764,-59.409477776610274,-57.1907514450867,-57.9193679817098,8.498011834645911,-57.55162146970533,5.425517998536017,0.0,0.0,0.0,0.0,0.0,0.0,0.0,0.0,0.0,0.0,0.0,0.0,0.0,0.0,0.0,0.0,0.0,0.0,0.0,0.0,0.0,0.0,0.0,0.0,0.0,0.0,0.0,0.0,0.0,0.0,0.0,0.0,0.0,0.0,0.0,0.0,0.0,0.0,0.0,0.0,0.0,0.0,0.0,0.0,0.0,0.0,0.0,0.0,0.0,0.0,0.010752688172043,0.018624202231923348,0.0161290322580645,0.026989033114002404,-10.525895778469408,-7.871581450653997,-10.887635357204262,3.022314893340067,-9.779275591653434,2.498926084843317,-3.3198240924376954,-0.5136106831022058,-2.0226445749034236,1.6140510498945944,-0.31972632492639647,2.4659050399666,0.0,0.0,0.0,0.0,0.0,0.0,-0.5000000000000004,0.8660254037844384,2009,31.327160493827154
2009-12-01,-0.77605321507761,0.8406106672704524,0.5,32.53,6.443605687189412,-33.989448051948045,40692.99260752688,55726.0,42816.79099462365,36585.68077956989,835.7688172043011,0.0,1773.0,0.0,422.8501344086022,-655.1444892473119,0.064516129032258,0.0,0.0,0.0,0.0,0.0,0.0,0.0,0.0,1.1127,0.760662863352346,0.0089879561387729,-0.5543237250554278,0.6670378616978134,0.1,-26.940123746176404,-50.09816753926701,0.0,0.0,0.0,0.0,0.0,0.0,0.0,0.0,0.0,-7.599036624865041,1.811859443631048,-20.34191733391041,0,1,12,-2.4492935982947064e-16,1.0,60,-0.4439511653718031,1.5819209039548143,-0.29563877193898885,0.3567641455589022,0.9900708960591956,1.4779989561675047,0.6483037897367843,0.6663151812273714,0.6618350317521793,0.011822148652532057,0.6594588449080425,0.0094383483970718,0.2,-0.6,0.16666666666666666,0.05773502691896465,0.13333333333333328,0.38815804341359045,3.3098744396939868,-10.347194096995825,-3.0176590114065704,21.469788138662963,1.484999913100766,24.802475651249388,-48.774855676715845,-65.57377049180327,-52.76083366419772,5.795786398024689,-56.207208997055055,6.188937537980434,0.0,0.0,0.0,0.0,0.0,0.0,0.0,0.0,0.0,0.0,0.0,0.0,0.0,0.0,0.0,0.0,0.0,0.0,0.0,0.0,0.0,0.0,0.0,0.0,0.0,0.0,0.0,0.0,0.0,0.0,0.0,0.0,0.0,0.0,0.0,0.0,0.0,0.0,0.0,0.0,0.0,0.0,0.0,0.0,0.0,0.0,0.0,0.0,0.0,0.032258064516129,0.0,0.0,0.0053763440860215,0.013169299692382648,-14.074540022016048,-8.062470271127332,-10.733157475116833,3.2427232567398323,-9.280563616164898,2.6009583089585546,-2.5330003567606174,-0.2151092755119599,-1.3469883351890877,2.7637858754024127,-0.22389835724405086,2.548291142784734,0.0,0.0,0.0,0.0,0.0,0.0,-2.4492935982947064e-16,1.0,2009,31.327160493827154
2010-01-01,-0.8859357696566983,1.180858343455525,-0.8,33.9,4.1252273901144445,-31.598062953995164,43123.19220430108,58536.0,45555.595430107525,38854.95026881721,786.6048387096774,0.0,1786.0,0.0,425.614247311828,-1222.6666666666667,0.032258064516129,1.4680369637447566,-0.0989862443253608,32.33941323588605,0.0,27.29864575908767,0.0,-1.2676067316761297,5719.61486789073,1.1327,3.736605916292701,1.7974296755639552,-0.77605321507761,0.8406106672704524,0.5,6.443605687189412,-33.989448051948045,0.0,0.0,0.0,0.0,0.0,0.0,0.0,0.0,0.064516129032258,0.760662863352346,0.0089879561387729,-18.41141746992453,0,1,1,0.49999999999999994,0.8660254037844387,61,-0.5543237250554278,0.1113585746102652,-0.5914427018349473,0.16913399032294557,0.4041076889800488,1.3356787479914036,0.6670378616978134,0.6701634438219402,0.7186507729016833,0.10603491518783237,0.6905761743227593,0.07405516766935709,0.1,0.2,0.26666666666666666,0.2081665999466139,0.14999999999999994,0.4037325847637271,-26.940123746176404,14.577272272262684,-5.728881206430995,18.43617843922137,-4.561236362559289,15.366523983072227,-50.09816753926701,-59.409477776610274,-44.287490422643636,8.942876834267057,-52.5060784969052,10.981378039835818,0.0,0.0,0.0,0.0,0.0,0.0,0.0,0.0,0.0,0.0,0.0,0.0,0.0,0.0,0.0,0.0,0.0,0.0,0.0,0.0,0.0,0.0,0.0,0.0,0.0,0.0,0.0,0.0,0.0,0.0,0.0,0.0,0.0,0.0,0.0,0.0,0.0,0.0,0.0,0.0,0.0,0.0,0.0,0.0,0.0,0.0,0.0,0.0,0.0,0.0,0.021505376344086,0.037248404463846765,0.0161290322580645,0.026989033114002404,-7.599036624865041,-10.525895778469408,-6.97097126117625,7.437517108438124,-7.895476880629913,4.90193869321064,1.811859443631048,-3.3198240924376954,-0.23738431899693158,2.182882531134354,-0.7934495013404428,1.857575490043585,0.0,0.0,0.0,0.0,0.0,0.0,0.49999999999999994,0.8660254037844387,2010,30.414746543778826
2010-02-01,-1.1074197120708784,1.3381751277784677,1.6,31.01,-8.910528127404687,-8.47107438016529,42269.984375,55433.0,44674.37872023809,38102.40327380953,603.8571428571429,0.0,1824.0,0.0,398.4456845238095,-1084.311011904762,0.0,1.31520701321044,-1.100802854594107,34.040876997398726,0.0,29.822064056939503,0.0,-19.01669688670585,-1044.865951308069,1.1415,1.340553977272707,0.7769047408846097,-0.8859357696566983,1.180858343455525,-0.8,4.1252273901144445,-31.598062953995164,1.4680369637447566,-0.0989862443253608,32.33941323588605,0.0,27.29864575908767,0.0,-1.2676067316761297,5719.61486789073,0.032258064516129,3.736605916292701,1.7974296755639552,-15.410033042955828,0,1,2,0.8660254037844386,0.5000000000000001,62,-0.77605321507761,-0.4439511653718031,-0.7387709032632457,0.16892044018359584,-0.16116406609940995,0.9220129664253285,0.8406106672704524,0.6483037897367843,0.8961689574745969,0.2613769587707329,0.7788815478683144,0.20949759066574905,0.5,0.2,-0.06666666666666665,0.6658328118479394,-0.06666666666666672,0.5125101625008688,6.443605687189412,3.3098744396939868,-5.457096889624175,18.640924109914586,-1.4718896756519484,14.844700258441087,-33.989448051948045,-48.774855676715845,-38.56189284840341,10.062003079852929,-48.24063041505659,13.483233941057387,0.0,0.0,0.4893456545815855,0.8475715361983561,0.24467282729079276,0.5993235807865569,0.0,0.0,-0.03299541477512027,0.05714973480731712,-0.016497707387560134,0.0404109650252668,0.0,0.0,10.779804411962017,18.671168937173356,5.389902205981008,13.202510168154904,0.0,0.0,0.0,0.0,0.0,0.0,0.0,0.0,9.099548586362557,15.7608804775215,4.549774293181279,11.144625463126124,0.0,0.0,0.0,0.0,0.0,0.0,0.0,0.0,-0.42253557722537655,0.7318530877597953,-0.21126778861268827,0.5174982811872646,0.0,0.0,1906.53828929691,3302.2211836376987,953.269144648455,2335.022991928084,0.064516129032258,0.0,0.032258064516129,0.03225806451612898,0.021505376344086,0.026338599384765325,0.760662863352346,-14.074540022016048,-1.0339226150733327,5.877040133839356,-5.960778986138798,6.826294138186213,0.0089879561387729,-2.5330003567606174,1.2060923584445926,1.0367479284120062,-0.40827610822941596,2.14462711885368,0.0,0.0,0.0,0.0,0.0,0.0,0.8660254037844386,0.5000000000000001,2010,17.91666666666667
2010-03-01,-0.7777777777777772,1.3238362879459278,0.8,30.11,-2.9452390618715207,-6.577722618678239,38842.60901749664,52710.0,41089.82234185733,35116.372139973086,748.5296096904441,0.0,1829.0,0.0,365.5820995962315,-850.5538358008075,0.0,2.124619490578583,1.754792378525516,10.476064669787988,0.0,28.893587033121925,0.0,-17.512788626663212,-453.1714718423597,1.1092,2.0704886353179357,-2.829610162067453,-1.1074197120708784,1.3381751277784677,1.6,-8.910528127404687,-8.47107438016529,1.31520701321044,-1.100802854594107,34.040876997398726,0.0,29.822064056939503,0.0,-19.01669688670585,-1044.865951308069,0.0,1.340553977272707,0.7769047408846097,-15.740094595642407,0,1,3,1.0,6.123233995736766e-17,63,-0.8859357696566983,-0.5543237250554278,-0.9231362322683959,0.16878638762140596,-0.6093875021036921,0.42477490379852073,1.180858343455525,0.6670378616978134,1.1198813795014815,0.25432506893727075,0.8908582056268305,0.2981112855318072,-0.8,0.1,0.43333333333333335,1.2013880860626736,0.3,0.7745966692414834,4.1252273901144445,-26.940123746176404,0.5527683166330633,8.277028704365467,-1.232445347386759,14.683623127424255,-31.598062953995164,-50.09816753926701,-24.68619512870284,14.093519302818374,-38.72351439645027,18.147808936447216,1.4680369637447566,0.0,0.9277479923183988,0.8070789932733942,0.4638739961591994,0.7202537759210458,-0.0989862443253608,0.0,-0.39992969963982267,0.6089884675780727,-0.19996484981991133,0.4430913120942853,32.33941323588605,0.0,22.126763411094924,19.181214482426864,11.063381705547462,17.147760592086524,0.0,0.0,0.0,0.0,0.0,0.0,27.29864575908767,0.0,19.04023660534239,16.537529061714405,9.520118302671195,14.770075490092985,0.0,0.0,0.0,0.0,0.0,0.0,-1.2676067316761297,0.0,-6.76143453946066,10.63227624295014,-3.38071726973033,7.6767974020410525,5719.61486789073,0.0,1558.249638860887,3641.518452662938,779.1248194304435,2456.1565987405806,0.032258064516129,0.0,0.032258064516129,0.03225806451612898,0.0161290322580645,0.026989033114002404,3.736605916292701,-7.599036624865041,1.9459409189725836,1.577634075275865,-4.393608278072124,7.3095508879964255,1.7974296755639552,1.811859443631048,0.8611074575291132,0.8971892325829881,-0.24294043882998761,2.200020559585896,0.0,0.0,0.0,0.0,0.0,0.0,1.0,6.123233995736766e-17,2010,17.361111111111114
2010-04-01,-0.8869179600886845,1.263056719510973,-0.3,34.38,13.261765746106075,18.756476683937827,34613.472916666666,44119.0,36170.65555555555,31226.181944444445,638.1993055555556,0.1993055555555555,1882.925,19.0,355.2055555555556,-180.4333333333333,0.0666666666666666,1.0788313634648494,1.6918289731473912,38.86539225774672,0.0,16.753849148183807,0.0,44.02171464612336,-117.73437345359012,1.1436,2.500672223716061,3.101334294987379,-0.7777777777777772,1.3238362879459278,0.8,-2.9452390618715207,-6.577722618678239,2.124619490578583,1.754792378525516,10.476064669787988,0.0,28.893587033121925,0.0,-17.512788626663212,-453.1714718423597,0.0,2.0704886353179357,-2.829610162067453,-11.311605723370432,0,0,4,0.8660254037844387,-0.4999999999999998,64,-1.1074197120708784,-0.77605321507761,-0.9237110865017849,0.16803625243731532,-0.7575768941683658,0.23634229278961572,1.3381751277784677,0.8406106672704524,1.2809565863933068,0.08698358616060403,0.9998036796474952,0.3199690100088492,1.6,0.5,0.5333333333333333,1.2220201853215575,0.39999999999999997,0.7974960814950754,-8.910528127404687,6.443605687189412,-2.576846599720581,6.525681208330638,-4.152863903075793,12.488853947372347,-8.47107438016529,-33.989448051948045,-15.548953317612904,13.931139052986358,-29.918221870128264,18.904806982240828,1.31520701321044,0.0,1.6359544891779265,0.4300399529584527,0.8179772445889633,0.9364175733371446,-1.100802854594107,0.0,0.185001093202016,1.448824571768713,0.092500546601008,0.9219027482604119,34.040876997398726,0.0,25.618784967690925,13.14154588502914,12.809392483845462,16.308793157850964,0.0,0.0,0.0,0.0,0.0,0.0,29.822064056939503,0.0,28.6714322830497,1.2762932759432815,14.33571614152485,15.724721891306649,0.0,0.0,0.0,0.0,0.0,0.0,-19.01669688670585,0.0,-12.599030748348397,9.842068517230963,-6.299515374174199,9.293395386966814,-1044.865951308069,0.0,1407.1924815801005,3746.3670025402407,703.5962407900503,2491.618648821205,0.0,0.064516129032258,0.010752688172043,0.018624202231923348,0.0161290322580645,0.026989033114002404,1.340553977272707,0.760662863352346,2.3825495096277804,1.2281297633298507,-2.294210875774233,6.998320557427559,0.7769047408846097,0.0089879561387729,-0.08509191520629544,2.43097780555293,-0.16123811710161387,2.0680448706942225,0.0,0.0,0.0,0.0,0.0,0.0,0.8660254037844387,-0.4999999999999998,2010,9.115646258503409
2010-05-01,-0.5555555555555536,1.2458390746369767,0.6,37.74,9.324553998570092,35.26881720430109,33110.15188172043,43196.0,34511.61491935484,29942.441532258064,478.3064516129032,0.6189516129032258,2235.5255376344085,23.41935483870968,353.9032258064516,343.20900537634407,0.064516129032258,1.7152958497672843,2.139935210801358,-35.080761386315615,0.0,33.630203462493924,0.0,-5.114649888106914,-77.20761800539935,1.1685,3.45285524568395,2.177334732423941,-0.8869179600886845,1.263056719510973,-0.3,13.261765746106075,18.756476683937827,1.0788313634648494,1.6918289731473912,38.86539225774672,0.0,16.753849148183807,0.0,44.02171464612336,-117.73437345359012,0.0666666666666666,2.500672223716061,3.101334294987379,-10.591308477796256,0,0,5,0.49999999999999994,-0.8660254037844387,65,-0.7777777777777772,-0.8859357696566983,-0.924038483312447,0.16792677316146334,-0.8314046932878462,0.18163322759811024,1.3238362879459278,1.180858343455525,1.3083560450784562,0.03988009847765543,1.1022625012765266,0.2809498056388995,0.8,-0.8,0.7000000000000002,0.9539392014169461,0.3166666666666666,0.8471520918150807,-2.9452390618715207,4.1252273901144445,0.4686661856099625,11.473609531547456,-2.4942153520071115,14.219195031672742,-6.577722618678239,-31.598062953995164,1.2358932283647615,15.202773717021282,-18.66299981001932,24.65981400683383,2.124619490578583,1.4680369637447566,1.5062192890846242,0.5484363854213079,0.9977824718331049,0.8472742104509484,1.754792378525516,-0.0989862443253608,0.7819394990262666,1.6308066026329395,0.37447204212557317,1.1244350497345932,10.476064669787988,32.33941323588605,27.794111308311145,15.19062346991986,19.28695786013658,17.84917443757792,0.0,0.0,0.0,0.0,0.0,0.0,28.893587033121925,27.29864575908767,25.15650007941508,7.291702434961984,17.128024332888817,14.07044485813338,0.0,0.0,0.0,0.0,0.0,0.0,-17.512788626663212,-1.2676067316761297,2.497409710918099,35.96896384770612,1.0374370668463608,22.809616652490828,-453.1714718423597,5719.61486789073,-538.5905988680063,469.43110368839217,683.9738452144519,2498.7214143701267,0.0,0.032258064516129,0.0222222222222222,0.038490017945974994,0.027240143369175598,0.032234160797013744,2.0704886353179357,3.736605916292701,1.9705716121022334,0.5864777447430651,0.4683244985144515,4.08185232710276,-2.829610162067453,1.7974296755639552,0.34954295793484585,2.9884785607917363,0.7778176581897188,2.054858441062414,0.0,0.0,0.0,0.0,0.0,0.0,0.49999999999999994,-0.8660254037844387,2010,6.802721088435382
2010-06-01,-0.5555555555555536,1.2890573298132604,0.0,51.99,32.03308524552203,21.557166238017288,32270.191666666666,41452.0,33238.83055555556,29296.477777777774,438.875,1.4243055555555555,2056.25,28.5,339.84791666666666,1240.178472222222,0.0,-0.9404407425850136,-2.233543243944436,29.22631474555719,0.0,19.76256192383732,0.0,-15.374905108656002,56.59093699033721,1.2082,3.4240712206814017,3.3975181857081704,-0.5555555555555536,1.2458390746369767,0.6,9.324553998570092,35.26881720430109,1.7152958497672843,2.139935210801358,-35.080761386315615,0.0,33.630203462493924,0.0,-5.114649888106914,-77.20761800539935,0.064516129032258,3.45285524568395,2.177334732423941,-7.549857549857563,0,0,6,1.2246467991473532e-16,-1.0,66,-0.8869179600886845,-1.1074197120708784,-0.7400837644740054,0.16886648502203366,-0.8316099983712003,0.18125770481196432,1.263056719510973,1.3381751277784677,1.2775773606979592,0.040975945216083005,1.1987293700997206,0.18440312973530418,-0.3,1.6,0.3666666666666667,0.5859465277082319,0.39999999999999997,0.8461678320522472,13.261765746106075,-8.910528127404687,6.547026894268222,8.452972484445969,3.5498976054506373,8.170931401434101,18.756476683937827,-8.47107438016529,15.815857089853553,21.077681477972828,-4.435169019424637,27.373038693296834,1.0788313634648494,1.31520701321044,1.6395822346035722,0.526989198507789,1.2836651134609856,0.7236366790301214,1.6918289731473912,-1.100802854594107,1.862185520824755,0.2425897057085827,0.7311279105924662,1.30653598066827,38.86539225774672,34.040876997398726,4.7535651804063646,37.30373520161617,13.440164295750643,28.184099500145543,0.0,0.0,0.0,0.0,0.0,0.0,16.753849148183807,29.822064056939503,26.425879881266553,8.704597502241098,22.73305824330447,12.492728766646197,0.0,0.0,0.0,0.0,0.0,0.0,44.02171464612336,-19.01669688670585,7.131425377117743,32.54379422882811,0.18499541882854173,22.95127454771051,-117.73437345359012,-1044.865951308069,-216.03782110044972,206.36104456129675,671.1059088802186,2503.143105356076,0.0666666666666666,0.0,0.0437275985663082,0.03788447386874206,0.037992831541218595,0.03209036456716755,2.500672223716061,1.340553977272707,2.6746720349059814,0.7074187671275778,2.3103064769392834,1.164071710343063,3.101334294987379,0.7769047408846097,0.816352955114623,3.1911172160848884,0.8387302063218677,2.0966334758341523,0.0,0.0,0.0,0.0,0.0,0.0,1.2246467991473532e-16,-1.0,2010,6.802721088435382
2010-07-01,-0.4444444444444473,1.3059550301588252,0.1,47.55,-8.926960340422522,28.409397785579248,31856.380376344085,41977.0,30682.69690860215,29085.301747311827,745.9307795698925,1.9260752688172045,2061.9919354838707,33.74193548387097,358.130376344086,1144.9717741935483,0.0,-0.7287830084382829,-1.8632814326460023,19.955279320522344,0.0,19.53650949982544,0.0,-8.854441930192747,44.107855178083845,1.1959,2.8996730339012178,-1.0180433703029237,-0.5555555555555536,1.2890573298132604,0.0,32.03308524552203,21.557166238017288,-0.9404407425850136,-2.233543243944436,29.22631474555719,0.0,19.76256192383732,0.0,-15.374905108656002,56.59093699033721,0.0,3.4240712206814017,3.3975181857081704,-7.871581450653997,0,0,7,-0.4999999999999997,-0.8660254037844388,67,-0.5555555555555536,-0.7777777777777772,-0.6660096903999309,0.19131217345650825,-0.7948603884508576,0.21414391143389883,1.2458390746369767,1.3238362879459278,1.2659843746537367,0.021757361250777332,1.2734704805235217,0.05729800126788608,0.6,0.8,0.10000000000000002,0.45825756949558416,0.31666666666666665,0.8588752334691383,9.324553998570092,-2.9452390618715207,18.206468330066073,12.134945841713234,7.814810865172741,14.335983543755797,35.26881720430109,-6.577722618678239,25.194153375418733,8.836577614852994,4.822600028902919,24.634628444584273,1.7152958497672843,2.124619490578583,0.6178954902157067,1.3865715349110954,1.1269249896968165,1.0742156350737384,2.139935210801358,1.754792378525516,0.5327403133347711,2.4061262102207097,0.35887070326839354,1.7865304814847993,-35.080761386315615,10.476064669787988,11.003648538996098,40.200218686527386,18.311216753343512,27.92102770540493,0.0,0.0,0.0,0.0,0.0,0.0,33.630203462493924,28.893587033121925,23.382204844838352,9.001621792332646,26.026818563944023,6.43863540164411,0.0,0.0,0.0,0.0,0.0,0.0,-5.114649888106914,-17.512788626663212,7.8440532164534815,31.748001499111233,-2.3774887659474584,23.817990455782727,-77.20761800539935,-453.1714718423597,-46.11701815621742,91.22662722352479,680.5377317119415,2500.213542220328,0.064516129032258,0.0,0.0437275985663082,0.03788447386874206,0.0272401433691756,0.032234160797013744,3.45285524568395,2.0704886353179357,3.1258662300271367,0.5416251371283555,2.7542078698274595,0.9414988719832739,2.177334732423941,-2.829610162067453,2.892062404373164,0.6364416375977282,1.403485244583434,2.277041671213067,0.0,0.0,0.0,0.0,0.0,0.0,-0.4999999999999997,-0.8660254037844388,2010,6.802721088435382
2010-08-01,-0.333704115684108,1.29009484194606,0.2,45.65,-4.07781819504218,36.71758011380653,31050.157930107525,40358.0,32173.93010752688,28131.47311827957,735.7251344086021,2.461693548387097,2091.959677419354,39.774193548387096,325.30913978494624,1433.0047043010752,0.032258064516129,-1.2745033872559763,-1.4360377082010434,13.046239378284351,0.0,19.20272040070765,0.0,-19.695011588033385,353.1875778404043,1.2132,4.61326205053032,1.4466092482649184,-0.4444444444444473,1.3059550301588252,0.1,-8.926960340422522,28.409397785579248,-0.7287830084382829,-1.8632814326460023,19.955279320522344,0.0,19.53650949982544,0.0,-8.854441930192747,44.107855178083845,0.0,2.8996730339012178,-1.0180433703029237,-8.062470271127332,0,0,8,-0.8660254037844384,-0.5000000000000004,68,-0.5555555555555536,-0.8869179600886845,-0.5185185185185185,0.06415002990990978,-0.7212785009154824,0.2495191045725955,1.2890573298132604,1.263056719510973,1.2802838115363542,0.031003435201484707,1.2943199283074052,0.035455171532015606,0.0,-0.3,0.23333333333333336,0.3214550253664322,0.46666666666666673,0.6860515043833565,32.03308524552203,13.261765746106075,10.810226301223205,20.520398393886424,5.639446243416579,15.911522430551578,21.557166238017288,18.756476683937827,28.411793742632536,6.855825797141525,14.823843485498655,18.243068301387876,-0.9404407425850136,1.0788313634648494,0.015357366247995921,1.475988782111309,0.76078832766631,1.2878396341929397,-2.233543243944436,1.6918289731473912,-0.6522964885963601,2.4252199590073475,0.06482150521495329,2.008382102678938,29.22631474555719,38.86539225774672,4.7002775599213065,34.761851492614376,16.247194434116228,27.122944003173103,0.0,0.0,0.0,0.0,0.0,0.0,19.76256192383732,16.753849148183807,24.309758295385564,8.07253358676231,24.733129187400323,6.895576890907747,0.0,0.0,0.0,0.0,0.0,0.0,-15.374905108656002,44.02171464612336,-9.78133230898522,5.192547893705421,-3.6419612990335613,23.948315540760017,56.59093699033721,-117.73437345359012,7.8303913876739015,73.90909358147859,-265.3801037401662,424.15093500693126,0.0,0.0666666666666666,0.021505376344086,0.03724840446384676,0.0218637992831541,0.03387807856176941,3.4240712206814017,2.500672223716061,3.2588665000888555,0.311403419438126,2.6147190560955456,0.82114700840363,3.3975181857081704,3.101334294987379,1.5189365159430632,2.28022194584862,0.9342397369389541,2.462196352915409,0.0,0.0,0.0,0.0,0.0,0.0,-0.8660254037844384,-0.5000000000000004,2010,2.480417754569197
2010-09-01,-0.2224694104560609,1.2768630928189448,0.2,50.18,9.461293389729873,29.89904219518509,33044.99513888889,45316.0,34250.1875,29970.63888888889,843.9645833333333,2.946527777777778,2092.0,47.43333333333333,356.55069444444445,462.7611111111111,0.0,0.3037476708023678,3.1926037254634165,37.07028395095144,0.0,20.43580259351476,0.0,-17.40882417285444,-190.17962143223497,1.1901,6.145201569746694,-1.904055390702286,-0.333704115684108,1.29009484194606,0.2,-4.07781819504218,36.71758011380653,-1.2745033872559763,-1.4360377082010434,13.046239378284351,0.0,19.20272040070765,0.0,-19.695011588033385,353.1875778404043,0.032258064516129,4.61326205053032,1.4466092482649184,-10.525895778469408,0,0,9,-1.0,-1.8369701987210297e-16,69,-0.4444444444444473,-0.5555555555555536,-0.44456803856136995,0.11092577157668121,-0.5923259015176874,0.20622082800715338,1.3059550301588252,1.2458390746369767,1.2950357339727152,0.009470606092351137,1.286306547335337,0.028265290121689428,0.1,0.6,0.10000000000000002,0.10000000000000074,0.2333333333333333,0.4033195589934447,-8.926960340422522,9.324553998570092,6.34276890335245,22.380187894811897,6.444897898810331,15.130853842728444,28.409397785579248,35.26881720430109,28.894714712467685,7.5918500124109904,22.355285901160624,15.876992544336613,-0.7287830084382829,1.7152958497672843,-0.9812423794264243,0.2751386253162845,0.329169927588574,1.4839083693562656,-1.8632814326460023,2.139935210801358,-1.8442874615971607,0.39909190431214164,0.008949029613797252,2.0514951221458926,19.955279320522344,-35.080761386315615,20.742611148121295,8.118720852309176,12.748088164263828,25.68438811019873,0.0,0.0,0.0,0.0,0.0,0.0,19.53650949982544,33.630203462493924,19.500597274790138,0.28164321167967876,22.963238578028342,6.687869465214789,0.0,0.0,0.0,0.0,0.0,0.0,-8.854441930192747,-5.114649888106914,-14.641452875627374,5.457375904244142,-3.755013749254817,24.036848088925275,44.107855178083845,-77.20761800539935,151.29545666960846,174.9550750221781,-32.371182215420646,264.1169905223177,0.0,0.064516129032258,0.010752688172043,0.018624202231923338,0.027240143369175598,0.032234160797013744,2.8996730339012178,3.45285524568395,3.6456687683709794,0.8780238802757614,3.160170401638481,0.8896051345890762,-1.0180433703029237,2.177334732423941,1.2753613545567222,2.212756277712343,1.0458571548356723,2.4688082926316945,0.0,0.0,0.0,0.0,0.0,0.0,-1.0,-1.8369701987210297e-16,2010,-7.100591715976334
2010-10-01,0.1114827201783574,1.2151540593953578,0.4,49.13,-2.1146694757719344,23.04032056098173,35184.69932885906,49407.0,37034.18389261745,31861.54161073825,1058.3322147651006,2.3288590604026846,2120.9610738255037,56.4255033557047,347.53489932885907,-676.7637583892617,0.0,0.4908111403003623,1.030611618919086,69.4962347665512,0.0,22.10484017417982,0.0,-9.432803973695258,-37.3191998015852,1.1412,4.428989751098089,-4.108898411898155,-0.2224694104560609,1.2768630928189448,0.2,9.461293389729873,29.89904219518509,0.3037476708023678,3.1926037254634165,37.07028395095144,0.0,20.43580259351476,0.0,-17.40882417285444,-190.17962143223497,0.0,6.145201569746694,-1.904055390702286,-14.074540022016048,0,0,10,-0.8660254037844386,0.5000000000000001,70,-0.333704115684108,-0.5555555555555536,-0.33353932352820576,0.11098760874922933,-0.499774506964068,0.22962665842139984,1.29009484194606,1.2890573298132604,1.2909709883079434,0.014565745050717975,1.27847768148084,0.02148294061722016,0.2,0.0,0.16666666666666666,0.05773502691896422,0.1333333333333333,0.294392028877595,-4.07781819504218,32.03308524552203,-1.1811617152449359,9.530211586453845,8.512653307410563,14.422094057996945,36.71758011380653,21.557166238017288,31.675340031523618,4.429774136713788,28.434746703471177,7.18922355193082,-1.2745033872559763,-0.9404407425850136,-0.5665129082972972,0.8015408845563613,0.025691290959204777,1.2028575729307622,-1.4360377082010434,-2.233543243944436,-0.035571805127876534,2.8038317071911933,0.24858425410344734,2.3573841078411792,13.046239378284351,29.22631474555719,23.35726754991938,12.368056530518066,17.18045804445774,27.448026025832903,0.0,0.0,0.0,0.0,0.0,0.0,19.20272040070765,19.76256192383732,19.725010831349284,0.6377871804482768,21.55360783809382,6.048711215423248,0.0,0.0,0.0,0.0,0.0,0.0,-19.695011588033385,-15.374905108656002,-15.319425897026855,5.714339550017746,-3.7376863402866882,24.02498157469384,353.1875778404043,56.59093699033721,69.03860386208437,272.5401529753134,11.46079285293348,192.4017104499877,0.032258064516129,0.0,0.010752688172043,0.018624202231923338,0.027240143369175598,0.032234160797013744,4.61326205053032,3.4240712206814017,4.552712218059409,1.6236112776480771,3.839289224043274,1.335123735875847,1.4466092482649184,3.3975181857081704,-0.49182983758009646,1.7362067538809343,1.2001162833965333,2.1915763166409197,0.0,0.0,0.0,0.0,0.0,0.0,-0.8660254037844386,0.5000000000000001,2010,-8.108108108108103
2010-11-01,0.3344481605351168,1.2044032156839457,-0.3,54.0,9.451420038371744,77.04918032786885,39709.84097222222,57373.0,41421.43402777778,35908.325694444444,992.5944444444444,1.4673611111111111,2139.0,65.0,383.2652777777778,22.98333333333333,0.0,5.709487637543265,6.338850480974179,-2.4825290999731853,0.0,22.931034482758616,0.0,-4.81806156536555,-103.28901406099224,1.1701,5.168074779795062,2.532422011917279,0.1114827201783574,1.2151540593953578,0.4,-2.1146694757719344,23.04032056098173,0.4908111403003623,1.030611618919086,69.4962347665512,0.0,22.10484017417982,0.0,-9.432803973695258,-37.3191998015852,0.0,4.428989751098089,-4.108898411898155,-7.599036624865041,0,1,11,-0.5000000000000004,0.8660254037844384,71,-0.2224694104560609,-0.4444444444444473,-0.14823026865393746,0.2316925060029793,-0.33337439358622767,0.25348111145903335,1.2768630928189448,1.3059550301588252,1.2607039980534542,0.03999834346642403,1.2704939047949042,0.0337556353598582,0.2,0.1,0.26666666666666666,0.11547005383792627,0.25,0.21679483388678805,9.461293389729873,-8.926960340422522,1.0896019063052598,7.316242337684428,5.949914103764229,14.77135140950682,29.89904219518509,28.409397785579248,29.885647623324445,6.8386396147001705,29.148720682978496,6.177330267574793,0.3037476708023678,-0.7287830084382829,-0.1599815253844154,0.9697254358051015,-0.07231207956820973,1.121065225748258,3.1926037254634165,-1.8632814326460023,0.9290592120604861,2.315991159064069,0.13838136173206314,2.290940530649406,37.07028395095144,19.955279320522344,39.87091936526233,28.329016288546914,22.28559846259182,34.28498223316463,0.0,0.0,0.0,0.0,0.0,0.0,20.43580259351476,19.53650949982544,20.581121056134076,1.4565070842869383,22.44543967575982,5.575455609811037,0.0,0.0,0.0,0.0,0.0,0.0,-17.40882417285444,-8.854441930192747,-15.512213244861025,5.3875853625796655,-12.646772776923124,5.6787631362259265,-190.17962143223497,44.107855178083845,41.89625220219471,280.2111599998669,24.863321794934304,184.22943354120272,0.0,0.0,0.010752688172043,0.018624202231923338,0.0161290322580645,0.026989033114002404,6.145201569746694,2.8996730339012178,5.062484457125033,0.9421763792185409,4.160675478606946,1.1703754475213746,-1.904055390702286,-1.0180433703029237,-1.5221148514451734,2.7973782854985205,-0.0015891677510554796,2.825649126047232,0.0,0.0,0.0,0.0,0.0,0.0,-0.5000000000000004,0.8660254037844384,2010,-8.108108108108103
2010-12-01,1.0055865921787754,1.6434104105160616,-0.9,55.86,3.386451395275637,71.71841377190285,43693.04637096774,59095.0,45489.227150537634,39286.273521505376,734.497311827957,1.1411290322580645,2141.0,73.6774193548387,426.0120967741936,122.78897849462363,0.064516129032258,7.372408788843776,6.04565193984854,-12.11716724669193,0.0,20.75578116187253,0.0,0.7477737638687643,-118.74227449210396,1.1802,6.066325155028296,0.8631740876848149,0.3344481605351168,1.2044032156839457,-0.3,9.451420038371744,77.04918032786885,5.709487637543265,6.338850480974179,-2.4825290999731853,0.0,22.931034482758616,0.0,-4.81806156536555,-103.28901406099224,0.0,5.168074779795062,2.532422011917279,0.760662863352346,0,1,12,-2.4492935982947064e-16,1.0,72,0.1114827201783574,-0.333704115684108,0.0744871567524708,0.2802959132855373,-0.18504044090444927,0.34230632342463313,1.2151540593953578,1.29009484194606,1.2321401226327495,0.03910247059756347,1.2635879283027323,0.042827976982157526,0.4,0.2,0.09999999999999999,0.3605551275463991,0.09999999999999998,0.23664319132398484,-2.1146694757719344,-4.07781819504218,5.599347984109901,6.6805369095071825,5.971058443731169,14.777237760877343,23.04032056098173,36.71758011380653,43.32951436134522,29.40276211998316,36.112114536906454,20.769508300127914,0.4908111403003623,-1.2745033872559763,2.1680154828819984,3.0684306985959435,0.593386551727787,2.602255715928816,1.030611618919086,-1.4360377082010434,3.5206886084522266,2.6692844962634323,0.8382005734275332,3.398327838465956,69.4962347665512,13.046239378284351,34.69466320584315,36.0481385425331,27.718637176982224,24.587612638281225,0.0,0.0,0.0,0.0,0.0,0.0,22.10484017417982,19.20272040070765,21.82389241681773,1.271119300872238,20.662244845803936,1.5156968580111292,0.0,0.0,0.0,0.0,0.0,0.0,-9.432803973695258,-19.695011588033385,-10.553229903971749,6.369720673503815,-12.597341389799565,5.758175701319526,-37.3191998015852,353.1875778404043,-110.26261176493746,76.66844477343925,20.516422452335483,187.39988908470616,0.0,0.032258064516129,0.0,0.0,0.0053763440860215,0.013169299692382648,4.428989751098089,4.61326205053032,5.247422033546614,0.8608529152101048,4.446545400958797,1.1723828415386073,-4.108898411898155,1.4466092482649184,-1.1601772635610532,3.382573021233444,0.05759204549783411,2.88353788661006,0.0,0.0,0.0,0.0,0.0,0.0,-2.4492935982947064e-16,1.0,2010,-8.108108108108103
2011-01-01,1.3407821229050263,1.537958388256575,0.5,51.7,-7.73907790026472,52.50737463126845,41525.79233870968,55113.0,43208.0813172043,37466.82123655914,927.3111559139784,1.586021505376344,1730.0,85.6774193548387,379.50201612903226,277.61155913978496,0.032258064516129,-3.7042709130241103,-5.847683476834764,17.887802144099616,0.0,-3.135498320268759,0.0,-10.83427809901566,-122.70541650543495,1.1817,4.325946852652951,0.12709710218608,1.0055865921787754,1.6434104105160616,-0.9,3.386451395275637,71.71841377190285,7.372408788843776,6.04565193984854,-12.11716724669193,0.0,20.75578116187253,0.0,0.7477737638687643,-118.74227449210396,0.064516129032258,6.066325155028296,0.8631740876848149,3.736605916292701,0,1,1,0.49999999999999994,0.8660254037844387,73,0.3344481605351168,-0.2224694104560609,0.48383915763074964,0.4653962677025385,0.07514991705127223,0.5403675124889219,1.2044032156839457,1.2768630928189448,1.3543225618651216,0.2504151220241071,1.3226467750865325,0.16239453275447246,-0.3,0.2,-0.26666666666666666,0.6506407098647711,-0.050000000000000044,0.476445169982864,9.451420038371744,9.461293389729873,3.574400652625156,5.785334938860456,1.196619468690104,7.516822821203243,77.04918032786885,29.89904219518509,57.2693048869178,29.762758508031975,44.47232245922072,23.636691567764814,5.709487637543265,0.3037476708023678,4.524235855562467,3.590642406189462,1.9788614736325851,3.631637256736759,6.338850480974179,3.1926037254634165,4.471704679913935,2.983677669747476,2.2180664373930292,3.5777345157883675,-2.4825290999731853,37.07028395095144,18.298846139962034,44.59917056057268,20.828056844940704,29.40235063666632,0.0,0.0,0.0,0.0,0.0,0.0,22.931034482758616,20.43580259351476,21.930551939603657,1.0980501099859767,20.82778138547647,1.4506267909747703,0.0,0.0,0.0,0.0,0.0,0.0,-4.81806156536555,-17.40882417285444,-4.50103059173068,5.09768793143802,-9.91022824437877,7.652930327017673,-103.28901406099224,-190.17962143223497,-86.45016278489379,43.24453095177384,-8.70577946140471,194.1965930247939,0.0,0.0,0.021505376344086,0.03724840446384676,0.0161290322580645,0.026989033114002404,5.168074779795062,6.145201569746694,5.221129895307148,0.8199560599217107,4.88692105668328,1.2072328962633172,2.532422011917279,-1.904055390702286,-0.2377674374320197,3.454828277098867,-0.3647986375060585,2.4493805824200092,0.0,0.0,0.0,0.0,0.0,0.0,0.49999999999999994,0.8660254037844387,2011,-7.891637220259129
2011-02-01,1.6797312430011146,1.5956764573298303,0.4,54.64,5.530843374815105,76.20122541115768,39913.85119047619,54765.0,41634.70386904762,36053.89360119047,1002.514136904762,2.738095238095238,1734.0,102.71428571428572,388.9278273809524,32.882440476190474,0.0,-5.574010067335888,-1.2050583587393748,66.01842816023972,0.0,-4.934210526315786,0.0,-2.3887464496527566,-103.0325653908492,1.1815,3.504161191414812,-0.0169247694000174,1.3407821229050263,1.537958388256575,0.5,-7.73907790026472,52.50737463126845,-3.7042709130241103,-5.847683476834764,17.887802144099616,0.0,-3.135498320268759,0.0,-10.83427809901566,-122.70541650543495,0.032258064516129,4.325946852652951,0.12709710218608,1.340553977272707,0,1,2,0.8660254037844386,0.5000000000000001,74,1.0055865921787754,0.1114827201783574,0.8936056252063059,0.5124273740520174,0.37268767827618454,0.6724075410991489,1.6434104105160616,1.2151540593953578,1.4619240048188609,0.22916751488192208,1.3613140014361573,0.18383115698838037,-0.9,0.4,-0.2333333333333334,0.7023769168568492,0.016666666666666625,0.5269408568963568,3.386451395275637,-2.1146694757719344,1.6995978444608941,8.718509678895133,1.3945998753830706,7.206077552958709,71.71841377190285,23.04032056098173,67.09165624368005,12.90853286129534,48.48865193350225,22.375097948428174,7.372408788843776,0.4908111403003623,3.125875171120977,5.973231816774945,1.4829468228682805,4.229302847054436,6.04565193984854,1.030611618919086,2.178939647995985,6.9528052207134605,1.5539994300282356,4.68516664865377,-12.11716724669193,69.4962347665512,1.096035265811506,15.31924081753502,20.483477315536916,29.42672955526504,0.0,0.0,0.0,0.0,0.0,0.0,20.75578116187253,22.10484017417982,13.517105774787462,14.46253259676599,17.04911341546077,9.974196627707336,0.0,0.0,0.0,0.0,0.0,0.0,0.7477737638687643,-9.432803973695258,-4.968188633504147,5.792485212849227,-10.240200939182587,7.64097643587087,-118.74227449210396,-37.3191998015852,-114.91223501951038,10.259194546498518,-36.507991408657844,197.0433673177377,0.064516129032258,0.0,0.032258064516129,0.032258064516128976,0.021505376344086,0.026338599384765325,6.066325155028296,4.428989751098089,5.186782262492102,0.87033995442952,5.124633359808569,0.8140701257625227,0.8631740876848149,-4.108898411898155,1.1742310672627252,1.2324627027831039,-0.17394189209122454,2.432858448075403,0.0,0.0,0.0,0.0,0.0,0.0,0.8660254037844386,0.5000000000000001,2011,-7.891637220259129
2011-03-01,2.015677491601342,1.6111352870891358,0.2,65.04,17.42362499770206,116.00797077382934,38564.37685060565,52472.0,40037.99798115747,34823.98586810229,425.8970390309556,8.449528936742935,1737.0,122.15208613728127,354.41184387617767,192.164199192463,0.0,-0.7163065868352358,-0.4515272244355883,-43.10217878928181,0.0,-5.030071077091303,0.0,-3.055471187563852,-122.59283200005063,1.1527,3.921745402091603,-2.4375793482860675,1.6797312430011146,1.5956764573298303,0.4,5.530843374815105,76.20122541115768,-5.574010067335888,-1.2050583587393748,66.01842816023972,0.0,-4.934210526315786,0.0,-2.3887464496527566,-103.0325653908492,0.0,3.504161191414812,-0.0169247694000174,2.0704886353179357,0,1,3,1.0,6.123233995736766e-17,75,1.3407821229050263,0.3344481605351168,1.3420333193616385,0.33707406704984494,0.708260238057055,0.7475800108191912,1.537958388256575,1.2044032156839457,1.5923484187008226,0.05280472640295658,1.412244270666786,0.2016232672630045,0.5,-0.3,-1.850371707708594e-17,0.7810249675906655,0.049999999999999954,0.5468089245796928,-7.73907790026472,9.451420038371744,0.39273895660868136,7.12351305787922,2.9960434703592855,6.803105022238183,52.50737463126845,77.04918032786885,66.80900460477632,12.586753551754667,55.06925948306077,23.97009496706656,-3.7042709130241103,5.709487637543265,-0.6352907305054076,6.997601004660846,0.7663623761882956,5.070525853085805,-5.847683476834764,6.338850480974179,-0.3356966319085332,5.994138736506863,1.592495988271847,4.656546327742854,17.887802144099616,-2.4825290999731853,23.929687685882474,39.41663485222873,29.312175445862817,34.29316502695316,0.0,0.0,0.0,0.0,0.0,0.0,-3.135498320268759,22.931034482758616,4.228690771762662,14.34110801061731,13.026291594290198,13.258604209295243,0.0,0.0,0.0,0.0,0.0,0.0,-10.83427809901566,-4.81806156536555,-4.15841692826655,5.990390766952848,-7.35582341611915,6.546093422643522,-122.70541650543495,-103.28901406099224,-114.8267521294627,10.404506440671193,-112.54468194720009,48.99766407167129,0.032258064516129,0.0,0.032258064516129,0.032258064516128976,0.0161290322580645,0.026989033114002404,4.325946852652951,5.168074779795062,4.632144399698685,1.3082387960431832,4.939783216622651,1.0462277790486871,0.12709710218608,2.532422011917279,0.3244488068236264,0.47207443380572894,-0.4178642283687139,2.3080502976909973,0.0,0.0,0.0,0.0,0.0,0.0,1.0,6.123233995736766e-17,2011,-7.455621301775139
2011-04-01,2.237136465324374,1.8726246889496223,-0.9,60.74,-6.840000562195249,76.67248400232694,32877.200694444444,43182.0,34097.416666666664,29605.828472222223,459.2104166666667,16.93263888888889,1760.9666666666667,142.63333333333333,328.6145833333333,682.0284722222223,0.1,-5.016174558393393,-2.1238015367528784,-28.045923480452277,8395.818815331011,-6.477068036875244,650.7017543859649,-7.486080047546817,-477.9947195024324,1.1331,-0.9181532004197246,-1.7003556866487468,2.015677491601342,1.6111352870891358,0.2,17.42362499770206,116.00797077382934,-0.7163065868352358,-0.4515272244355883,-43.10217878928181,0.0,-5.030071077091303,0.0,-3.055471187563852,-122.59283200005063,0.0,3.921745402091603,-2.4375793482860675,2.500672223716061,0,0,4,0.8660254037844387,-0.4999999999999998,76,1.6797312430011146,1.0055865921787754,1.6787302858358275,0.3374487977580752,1.0812847217332886,0.7486758933736971,1.5956764573298303,1.6434104105160616,1.5815900442251802,0.038568574076623695,1.467956303045151,0.20291195100176992,0.4,-0.9,0.36666666666666664,0.15275252316519608,0.049999999999999954,0.5468089245796928,5.530843374815105,3.386451395275637,5.0717968240841556,12.587630717678353,4.323098738354649,8.800004407048075,76.20122541115768,71.71841377190285,81.57219027208515,32.08920184841216,69.42074757950148,30.714891162490012,-5.574010067335888,7.372408788843776,-3.331529189065078,2.450208781043363,0.5963533332486949,5.1061147377285625,-1.2050583587393748,6.04565193984854,-2.501423020003242,2.9223358082717024,0.9851408299553461,4.6437382119482535,66.01842816023972,-12.11716724669193,13.601350505019184,54.68644225032949,15.950098322490604,44.70455381555623,0.0,0.0,0.0,0.0,0.0,0.0,-4.934210526315786,20.75578116187253,-4.366593307891949,1.0672363668427602,8.781979315855853,14.43606031620349,0.0,0.0,0.0,0.0,0.0,0.0,-2.3887464496527566,0.7477737638687643,-5.426165245410755,4.695412010359738,-4.963597918570718,4.412492347367393,-103.0325653908492,-118.74227449210396,-116.11027129877827,11.325765434573103,-101.28021704183602,32.60769202325193,0.0,0.064516129032258,0.010752688172043,0.018624202231923338,0.0161290322580645,0.026989033114002404,3.504161191414812,6.066325155028296,3.917284482053121,0.4109109917121317,4.569207188680135,0.9200403098906823,-0.0169247694000174,0.8631740876848149,-0.775802338500001,1.4409416010247997,-0.5067848879660107,2.385729430415887,0.0,0.0,0.0,0.0,0.0,0.0,0.8660254037844387,-0.4999999999999998,2011,-2.7431421446384108
2011-05-01,2.234636871508377,1.88104351303684,1.0,59.23,-2.5174289328729014,56.94223635400104,32000.6498655914,41246.0,33435.843413978495,28930.87365591398,788.932123655914,21.286290322580644,1785.9663978494625,170.90322580645162,305.45362903225805,-49.71236559139785,0.064516129032258,-3.350942091997977,-4.514306880266695,64.9428145900073,3339.0879478827364,-20.10977428871876,629.7520661157025,-13.69006927353933,-114.48457494199084,1.1403,-2.413350449293972,0.6354249404289192,2.237136465324374,1.8726246889496223,-0.9,-6.840000562195249,76.67248400232694,-5.016174558393393,-2.1238015367528784,-28.045923480452277,8395.818815331011,-6.477068036875244,650.7017543859649,-7.486080047546817,-477.9947195024324,0.1,-0.9181532004197246,-1.7003556866487468,3.45285524568395,0,0,5,0.49999999999999994,-0.8660254037844387,77,2.015677491601342,1.3407821229050263,1.9775150666422767,0.2806553464257897,1.4355603459242914,0.69928363203518,1.6111352870891358,1.537958388256575,1.6931454777895294,0.15562562219431894,1.5775347413041951,0.21618012057778913,0.2,0.5,-0.09999999999999998,0.7000000000000001,-0.16666666666666674,0.6314005596027508,17.42362499770206,-7.73907790026472,5.371489270107311,12.132597686634988,3.535543557284097,9.6607334634184,116.00797077382934,52.50737463126845,89.62722672910463,22.847609578025683,78.35944148639236,20.683640268470157,-0.7163065868352358,-3.7042709130241103,-3.7688304041881726,2.6582365123121554,-0.32147761653359774,5.599944407580179,-0.4515272244355883,-5.847683476834764,-1.2601290399759473,0.8374962261753612,0.45940530401001883,4.813036274389797,-43.10217878928181,17.887802144099616,-1.7098913698314497,59.13557859492649,-0.30692805200997536,38.665750804534085,0.0,0.0,2798.6062717770037,4847.328253098684,1399.3031358885019,3427.5786784032207,-5.030071077091303,-3.135498320268759,-5.480449880094111,0.8644264712038204,4.018327947346676,13.864954711529057,0.0,0.0,216.90058479532163,375.68283305689863,108.45029239766082,265.64787882990663,-3.055471187563852,-10.83427809901566,-4.310099228254474,2.7706084336152936,-4.639143930879311,4.076958046508397,-122.59283200005063,-122.70541650543495,-234.54003896444408,211.06465150362516,-174.72613699197723,148.84441110717455,0.0,0.032258064516129,0.03333333333333333,0.05773502691896257,0.032795698924731165,0.04183196486866001,3.921745402091603,4.325946852652951,2.1692511310288958,2.681910377443179,3.6780166967605,2.431399227270218,-2.4375793482860675,0.12709710218608,-1.38495326811161,1.2407663606758486,-0.1053611004244428,1.7855569240273772,0.0,0.0,0.0,0.0,0.0,0.0,0.49999999999999994,-0.8660254037844387,2011,-0.6369426751592355
2011-06-01,2.346368715083802,1.8447880873983076,0.1,68.26,14.189577318968729,31.29447970763608,32250.932638888888,41944.0,33514.10833333333,29150.859722222223,425.8534722222222,25.879166666666663,1821.95,316.2,346.3152777777778,786.5083333333333,0.0,-0.0596805497057872,1.1869149860079142,-2.967024272920038,1716.9673330082887,-11.39452887537994,1009.4736842105262,1.9030162593153488,-36.58103644356743,1.1261,-6.795232577387833,-1.2452863281592563,2.234636871508377,1.88104351303684,1.0,-2.5174289328729014,56.94223635400104,-3.350942091997977,-4.514306880266695,64.9428145900073,3339.0879478827364,-20.10977428871876,629.7520661157025,-13.69006927353933,-114.48457494199084,0.064516129032258,-2.413350449293972,0.6354249404289192,3.4240712206814017,0,0,6,1.2246467991473532e-16,-1.0,78,2.237136465324374,1.6797312430011146,2.1624836094780306,0.12714397027319999,1.7522584644198351,0.5038406592439449,1.8726246889496223,1.5956764573298303,1.788267829691866,0.1534590251058377,1.690308124196344,0.14849420624284673,-0.9,0.4,0.10000000000000002,0.9539392014169458,0.04999999999999993,0.7816648898345122,-6.840000562195249,5.530843374815105,2.6887318342113105,12.942525401839873,1.54073539540999,9.427769397552044,76.67248400232694,76.20122541115768,83.20756371005244,30.070262648140638,75.00828415741438,22.48850031680823,-5.016174558393393,-5.574010067335888,-3.027807745742202,2.168070108992217,-1.8315492381238048,4.814978756716761,-2.1238015367528784,-1.2050583587393748,-2.363211880485054,2.041943343355358,-1.3494542561967933,4.156072442697459,-28.045923480452277,66.01842816023972,-2.0684292265755886,58.51967877872624,10.930629229653439,46.84079619171568,8395.818815331011,0.0,3911.635587737916,4227.091375271459,1955.817793868958,3426.0164169681193,-6.477068036875244,-4.934210526315786,-10.538971134228435,8.320075409328162,-3.155140181232887,13.243170502811562,650.7017543859649,0.0,426.8179401672225,369.78356899150936,213.40897008361125,330.67812351744186,-7.486080047546817,-2.3887464496527566,-8.077206836216666,5.3418856476688585,-6.117811882241608,5.511377670621152,-477.9947195024324,-103.0325653908492,-238.35737548149132,207.57162244677997,-176.59206380547698,147.8365223870838,0.1,0.0,0.05483870967741933,0.050697527888715184,0.043548387096774166,0.03996616675278666,-0.9181532004197246,3.504161191414812,0.19674725079263458,3.311436564943652,2.414445825245661,3.3125012768305964,-1.7003556866487468,-0.0169247694000174,-1.1675033648352977,1.604302819688866,-0.42152727900583614,1.336575141202768,0.0,0.0,0.0,0.0,0.0,0.0,1.2246467991473532e-16,-1.0,2011,-0.6369426751592355
2011-07-01,2.34375,1.8368140262433497,0.1,67.9,-0.5287908913910544,42.797055730809696,31351.91599462365,40539.0,32429.24193548387,28419.013440860213,297.32190860215053,28.98521505376344,1827.991935483871,474.64516129032256,344.0073924731183,1191.1270161290322,0.0,-1.5835583822166988,-3.425685494437425,-60.140817788268784,1404.8848569434751,-11.348250008799807,1306.692160611855,-3.94353140751138,4.031124869256542,1.1308,-5.443598963123996,0.4173696829766316,2.346368715083802,1.8447880873983076,0.1,14.189577318968729,31.29447970763608,-0.0596805497057872,1.1869149860079142,-2.967024272920038,1716.9673330082887,-11.39452887537994,1009.4736842105262,1.9030162593153488,-36.58103644356743,0.0,-6.795232577387833,-1.2452863281592563,2.8996730339012178,0,0,7,-0.4999999999999997,-0.8660254037844388,79,2.234636871508377,2.015677491601342,2.2727140173055176,0.06379908205391639,1.9757221515706727,0.39118001938611585,1.88104351303684,1.6111352870891358,1.86615209646159,0.018974583320724717,1.723871070343385,0.15821408394734815,1.0,0.2,0.06666666666666668,0.950438495292217,0.2166666666666666,0.6306081720582652,-2.5174289328729014,17.42362499770206,1.6107159413001995,11.10594307304005,3.3412563826921726,10.784706380502435,56.94223635400104,116.00797077382934,54.96973335465467,22.753217234142156,68.27096181336991,28.831883776853875,-3.350942091997977,-0.7163065868352358,-2.808932400032386,2.522308286902596,-3.0702307945487326,2.242355254442078,-4.514306880266695,-0.4515272244355883,-1.8170644770038866,2.862961475463744,-2.1592437485035645,2.6144104458044595,64.9428145900073,-43.10217878928181,11.309955612211668,48.11029482308828,12.45565305861542,46.08316526402755,3339.0879478827364,0.0,4483.958032074012,3483.5054059077056,2241.979016037006,3299.346580039084,-20.10977428871876,-5.030071077091303,-12.660457066991313,6.903955429824294,-8.513525187441632,6.3370253614954,629.7520661157025,0.0,763.3091682373979,213.44191025398158,381.65458411869895,439.3350037451238,-13.69006927353933,-3.055471187563852,-6.424377687256931,7.850572465439331,-5.925271466333844,5.811220286357674,-114.48457494199084,-122.59283200005063,-209.68677696266354,235.60370190234124,-162.89852413072092,157.74003819190906,0.064516129032258,0.0,0.05483870967741933,0.050697527888715184,0.032795698924731165,0.04183196486866001,-2.413350449293972,3.921745402091603,-3.375578742367177,3.0544112307920916,0.270852869842973,4.44466720092629,0.6354249404289192,-2.4375793482860675,-0.7700723581263608,1.2382806719171693,-0.7729373483131813,1.2016116418400549,0.0,0.0,0.0,0.0,0.0,0.0,-0.4999999999999997,-0.8660254037844388,2011,-0.6369426751592355
2011-08-01,2.6785714285714413,1.8387089402528645,-0.3,74.08,8.710955577327342,62.27820372398685,31514.43077956989,40111.0,32588.342069892475,28487.954301075268,338.1290322580645,27.91935483870968,1828.0,545.4193548387096,355.05913978494624,1121.326612903226,0.032258064516129,1.495235066138556,-0.6120223995242591,-54.04139175836873,1034.152334152334,-12.617818606569696,1271.2895377128953,9.14514729578977,-21.74996986837285,1.1422,-5.852291460600057,1.0081358330385592,2.34375,1.8368140262433497,0.1,-0.5287908913910544,42.797055730809696,-1.5835583822166988,-3.425685494437425,-60.140817788268784,1404.8848569434751,-11.348250008799807,1306.692160611855,-3.94353140751138,4.031124869256542,0.0,-5.443598963123996,0.4173696829766316,4.61326205053032,0,0,8,-0.8660254037844384,-0.5000000000000004,80,2.346368715083802,2.237136465324374,2.308251862197393,0.06376589651046971,2.142883464419835,0.25680625692200815,1.8447880873983076,1.8726246889496223,1.8542152088928325,0.02357360473619841,1.773680343341181,0.133015251504321,0.1,-0.9,0.4000000000000001,0.5196152422706637,0.1499999999999999,0.6156297588648555,14.189577318968729,-6.840000562195249,3.7144524982349316,9.12605338152654,4.542970884171116,9.644565414692675,31.29447970763608,76.67248400232694,43.6779239308156,12.846548246012274,66.65257532996013,30.13669448366006,-0.0596805497057872,-5.016174558393393,-1.6647270079734877,1.6471314137913597,-2.7167787060808295,2.2890785548914185,1.1869149860079142,-2.1238015367528784,-2.2510257962320686,3.0266898993889133,-1.7555774181040078,2.058995770961173,-2.967024272920038,-28.045923480452277,0.611657509606168,62.61855950683764,-0.5491169301126462,54.48721994144246,1716.9673330082887,8395.818815331011,2153.6467126115,1038.413241285824,2476.126492194252,3155.1147603651884,-11.39452887537994,-6.477068036875244,-14.284184390966168,5.045161907805383,-9.88231713553014,5.807932430857971,1009.4736842105262,650.7017543859649,981.9726369793613,339.30694596960876,599.4366108873414,527.3587880795025,1.9030162593153488,-7.486080047546817,-5.243528140578452,7.877409011738513,-4.776813684416464,5.305970636232788,-36.58103644356743,-477.9947195024324,-49.01149550543391,60.227734556469414,-141.775767234939,172.03638853761882,0.0,0.1,0.021505376344086,0.037248404463846745,0.027419354838709664,0.04393496281250398,-6.795232577387833,-0.9181532004197246,-4.884060663268602,2.2438883835611914,-1.3574047661198516,4.4514978962681795,-1.2452863281592563,-1.7003556866487468,-0.06416390158456793,1.0286761704948204,-0.7245585848480894,1.2499662777174232,0.0,0.0,0.0,0.0,0.0,0.0,-0.8660254037844384,-0.5000000000000004,2011,-0.6369426751592355
2011-09-01,3.9018952062430223,1.8747820805193536,0.1,73.87,-0.2838798797277518,47.21004384216821,32667.38611111111,42533.0,33721.69375,29584.163194444445,664.1611111111112,29.485416666666666,1835.9888888888888,654.0,372.5,618.2958333333333,0.0,-1.1427117062377423,-6.141318739518054,-21.30462293951578,900.6834786707518,-12.23762481410665,1278.7772312016866,4.473222406818422,33.61015402715584,1.147,-3.621544408032928,0.4202416389423868,2.6785714285714413,1.8387089402528645,-0.3,8.710955577327342,62.27820372398685,1.495235066138556,-0.6120223995242591,-54.04139175836873,1034.152334152334,-12.617818606569696,1271.2895377128953,9.14514729578977,-21.74996986837285,0.032258064516129,-5.852291460600057,1.0081358330385592,6.145201569746694,0,0,9,-1.0,-1.8369701987210297e-16,81,2.34375,2.234636871508377,2.456230047885081,0.19255773573480336,2.309356828681556,0.21721813766422132,1.8368140262433497,1.88104351303684,1.8401036846315073,0.004165980885373714,1.8141857571616866,0.1011577869986553,0.1,1.0,-0.03333333333333329,0.23094010767585066,0.03333333333333325,0.625033332444492,-0.5287908913910544,-2.5174289328729014,7.457247334968346,7.438845942863131,5.0729895845898225,9.795906242908645,42.797055730809696,56.94223635400104,45.45657972081087,15.662138722741126,64.33207171543165,29.78842647214212,-1.5835583822166988,-3.350942091997977,-0.04933462192797666,1.5394227986732543,-1.5385711838350893,2.342974789667468,-3.425685494437425,-4.514306880266695,-0.9502643026512568,2.324828270394265,-1.6567380915681549,2.104440519242814,-60.140817788268784,64.9428145900073,-39.04974460651918,31.39701863996168,-20.55908691654739,46.63062877237041,1404.8848569434751,3339.0879478827364,1385.3348413680326,341.8270512955542,2648.4852145529744,3018.065196361639,-11.348250008799807,-20.10977428871876,-11.786865830249814,0.7199981393920228,-11.162918482239126,5.325785689150673,1306.692160611855,629.7520661157025,1195.8184608450922,162.34721513247825,811.3182005061573,492.59226821357873,-3.94353140751138,-13.69006927353933,2.368210715864581,6.556727992022033,-2.854498060176043,7.83215130375126,4.031124869256542,-114.48457494199084,-18.09996048089458,20.550640817789287,-128.22866798119296,178.76610856677263,0.0,0.064516129032258,0.010752688172043,0.018624202231923306,0.032795698924731165,0.04183196486866001,-5.443598963123996,-2.413350449293972,-6.030374333703963,0.693190802789275,-2.9168135414556633,4.026358555011946,0.4173696829766316,0.6354249404289192,0.06007306261864542,1.168427796371591,-0.5537151511083266,1.423968955634339,0.0,0.0,0.0,0.0,0.0,0.0,-1.0,-1.8369701987210297e-16,2011,-0.6369426751592355
2011-10-01,4.120267260579058,1.9576789267387844,-0.9,68.79,-7.124840600272354,40.01628332994098,33875.94161073826,47794.0,35064.47718120805,30643.558389261743,718.9140939597315,24.208724832214767,1843.9892617449664,809.2778523489933,368.2879194630872,272.0744966442953,0.0,-3.719678562230422,-3.2647195741494106,-32.07103743702102,939.5100864553314,-13.058788088975747,1334.2412636486904,5.971492409627155,-140.20228525414083,1.1487,0.6572029442691862,0.1482127288578993,3.9018952062430223,1.8747820805193536,0.1,-0.2838798797277518,47.21004384216821,-1.1427117062377423,-6.141318739518054,-21.30462293951578,900.6834786707518,-12.23762481410665,1278.7772312016866,4.473222406818422,33.61015402715584,0.0,-3.621544408032928,0.4202416389423868,4.428989751098089,0,0,10,-0.8660254037844386,0.5000000000000001,82,2.6785714285714413,2.346368715083802,2.974738878271488,0.820207589352175,2.6237264477885027,0.6469744945707073,1.8387089402528645,1.8447880873983076,1.8501016823385228,0.02139484086291307,1.8581268894000562,0.020109558651398605,-0.3,0.1,-0.03333333333333329,0.23094010767585066,0.016666666666666583,0.6210206652492869,8.710955577327342,14.189577318968729,2.632761602069519,5.265294564557019,2.121738771684854,7.793554552132997,62.27820372398685,31.29447970763608,50.761767765654916,10.214687411003519,52.8657505601548,15.941505126019294,1.495235066138556,-0.0596805497057872,-0.41034500743862834,1.664936338284813,-1.6096387037355069,2.3193937323922436,-0.6120223995242591,1.1869149860079142,-3.3930088778265795,2.7647929985483635,-2.605036677415233,2.6610771729263965,-54.04139175836873,-2.967024272920038,-45.16227749538442,20.885198350839865,-16.926160941586385,45.35472108716978,1034.152334152334,1716.9673330082887,1113.2402232555203,261.239216265717,2798.599127664766,2879.1915359085056,-12.617818606569696,-11.39452887537994,-12.067897809825382,0.6515800396706968,-12.36417743840835,4.397840469141139,1271.2895377128953,1009.4736842105262,1285.5863098421455,18.657681822253355,1024.4477390397717,316.5347485670216,9.14514729578977,1.9030162593153488,3.224946098365605,6.633025166260538,-1.5997157944456637,8.377603428933499,-21.74996986837285,-36.58103644356743,5.29710300934651,27.701766278001767,-102.19483697665852,190.72497863769362,0.032258064516129,0.0,0.010752688172043,0.01862420223192331,0.032795698924731165,0.04183196486866001,-5.852291460600057,-6.795232577387833,-4.9724782772523275,1.1876548861627847,-4.174028509809752,2.249668258993067,1.0081358330385592,-1.2452863281592563,0.6152490516525265,0.3402529636515442,-0.07741165323691758,1.1114760740584806,0.0,0.0,0.0,0.0,0.0,0.0,-0.8660254037844386,0.5000000000000001,2011,-0.5115089514066584
2011-11-01,4.000000000000004,1.9902693628762032,1.3,60.13,-13.454950048644546,11.351851851851858,37111.07083333333,52320.0,38898.38055555556,33639.96944444445,620.2159722222223,13.27777777777778,1845.0,997.8333333333334,386.66319444444446,-222.53819444444449,0.0,-6.54439825308486,-8.807278685095776,-37.51567161255296,804.8745858968292,-13.744740532959332,1435.128205128205,0.8865704418538067,-1068.2590041092578,1.1659,-0.358943680027346,1.4973448245843013,4.120267260579058,1.9576789267387844,-0.9,-7.124840600272354,40.01628332994098,-3.719678562230422,-3.2647195741494106,-32.07103743702102,939.5100864553314,-13.058788088975747,1334.2412636486904,5.971492409627155,-140.20228525414083,0.0,0.6572029442691862,0.1482127288578993,5.168074779795062,0,1,11,-0.5000000000000004,0.8660254037844384,83,3.9018952062430223,2.34375,3.566911298464507,0.7770343505019359,2.9375815803309506,0.8475886157319344,1.8747820805193536,1.8368140262433497,1.8903899825036674,0.06100138829878569,1.87230259569825,0.04586216261356718,0.1,0.1,-0.36666666666666664,0.5033222956847165,0.01666666666666659,0.6210206652492869,-0.2838798797277518,-0.5287908913910544,0.4340783657757526,7.942273489142445,2.074265432005337,7.859648830208301,47.21004384216821,42.797055730809696,49.834843632032005,11.360697837736728,46.75638378142381,11.35834499129014,-1.1427117062377423,-1.5835583822166988,-1.1223850674432028,2.6075162352362518,-1.3935560377083451,1.973097452906226,-6.141318739518054,-3.425685494437425,-3.339353571063908,2.765403619544311,-2.795189683647988,2.66057527126405,-21.30462293951578,-60.140817788268784,-35.8056840449685,16.68486431288683,-17.597013267681174,45.58129338348235,900.6834786707518,1404.8848569434751,958.1152997594724,68.65201612086548,1555.8810061854863,928.4366813805182,-12.23762481410665,-11.348250008799807,-12.63807716988403,0.4109563091604695,-13.4611307804251,3.325946211320011,1278.7772312016866,1306.692160611855,1294.7693441877575,34.38808962261938,1138.3709905835594,275.4582213849704,4.473222406818422,-3.94353140751138,6.529954037411784,2.3855041572649416,0.643212948416665,8.287469210057749,33.61015402715584,4.031124869256542,-42.78070036511928,88.79419874715498,-45.8960979352766,67.9438204607685,0.0,0.0,0.010752688172043,0.01862420223192331,0.0161290322580645,0.02698903311400241,-3.621544408032928,-5.443598963123996,-2.9388776414546007,3.3080061649578063,-3.9114691523615996,2.7434097474890273,0.4202416389423868,0.4173696829766316,0.5255300669462823,0.4395238060441758,0.2306830826808568,0.7777300488510667,0.0,0.0,0.0,0.0,0.0,0.0,-0.5000000000000004,0.8660254037844384,2011,-0.5115089514066584
2011-12-01,3.761061946902644,1.257671788133136,0.8,53.99,-10.771004082128172,-3.34765485141425,38429.26814516129,53852.0,39544.961021505376,34666.44690860215,949.2520161290324,12.248655913978494,1846.0,1107.258064516129,396.0725806451613,1580.9475806451612,0.064516129032258,-12.047176068052837,-8.872155004653525,29.238324067737075,973.3804475853946,-13.778608127043434,1402.84588441331,-7.027855865065169,1187.5321547808,1.1843,0.347398745975247,1.578179946822189,4.000000000000004,1.9902693628762032,1.3,-13.454950048644546,11.351851851851858,-6.54439825308486,-8.807278685095776,-37.51567161255296,804.8745858968292,-13.744740532959332,1435.128205128205,0.8865704418538067,-1068.2590041092578,0.0,-0.358943680027346,1.4973448245843013,6.066325155028296,0,1,12,-2.4492935982947064e-16,1.0,84,4.120267260579058,2.6785714285714413,4.007387488940695,0.10937330466517603,3.231808768412888,0.8610709742109177,1.9576789267387844,1.8387089402528645,1.9409101233781136,0.059541772489191326,1.8905069040048106,0.06688507049400762,-0.9,-0.3,0.16666666666666674,1.1015141094572207,0.0666666666666666,0.7201851613763415,-7.124840600272354,8.710955577327342,-6.954556842881543,6.587186027975498,0.25134524604339575,10.089648625682162,40.01628332994098,62.27820372398685,32.859393007987016,18.970194846494092,39.157986364398944,17.019843908716275,-3.719678562230422,1.495235066138556,-3.8022628405176753,2.701790056585162,-1.9257987312228257,2.8448440887579483,-3.2647195741494106,-0.6120223995242591,-6.071105666254414,2.7719465689883855,-3.5106849844528347,3.6197113957630727,-32.07103743702102,-54.04139175836873,-30.297110663029912,8.249826478145197,-34.67342763477455,21.083537341813898,939.5100864553314,1034.152334152334,881.6893836743042,69.29834944794474,1133.5121125211683,353.2093172753379,-13.058788088975747,-12.617818606569696,-13.013717812013908,0.7545680518693836,-12.400291821131864,0.9416251068233635,1334.2412636486904,1271.2895377128953,1349.3822333261942,79.267543698692,1272.600347085643,141.88211431927107,5.971492409627155,9.14514729578977,3.7770950860997963,2.612958627604751,3.0726529009821877,4.530207550541562,-140.20228525414083,-21.74996986837285,-391.6170451120809,592.3984693758771,-204.85850279648776,427.08057073130266,0.0,0.032258064516129,0.0,0.0,0.0053763440860215,0.013169299692382674,0.6572029442691862,-5.852291460600057,-1.1077617145970302,2.2355013001294988,-3.569068024150496,3.0758456268346848,0.1482127288578993,1.0081358330385592,0.6885997307948631,0.7134783823121685,0.37433639670675384,0.9317852213503055,0.0,0.0,0.0,0.0,0.0,0.0,-2.4492935982947064e-16,1.0,2011,0.7672634271099765
2012-01-01,3.528114663726578,1.1774982074209497,0.4,55.14,2.1076561365455118,6.653771760154736,39334.375,53806.0,40424.403897849465,35589.844758064515,790.7244623655914,23.071908602150536,1866.0,1203.9032258064517,357.7540322580645,1787.0040322580646,0.032258064516129,-5.27724388937636,-2.3714912996933624,-14.729327117149172,1354.7033898305085,7.861271676300574,1305.1581325301206,-5.7306635924625375,543.7066373588067,1.2034,1.8363374799018397,1.612767035379559,3.761061946902644,1.257671788133136,0.8,-10.771004082128172,-3.34765485141425,-12.047176068052837,-8.872155004653525,29.238324067737075,973.3804475853946,-13.778608127043434,1402.84588441331,-7.027855865065169,1187.5321547808,0.064516129032258,0.347398745975247,1.578179946822189,4.325946852652951,0,1,1,0.49999999999999994,0.8660254037844387,85,4.000000000000004,3.9018952062430223,3.9604430691605685,0.18284057926628092,3.467590973716028,0.7575963914934012,1.9902693628762032,1.8747820805193536,1.7352066925827077,0.41387827057922855,1.7926541874606154,0.26955786471660853,1.3,0.1,0.4000000000000001,1.15325625946708,0.18333333333333326,0.7808115436305145,-13.454950048644546,-0.2838798797277518,-10.45026491034835,3.1772199513612613,-3.908751654139421,8.15333650757412,11.351851851851858,47.21004384216821,16.00682677679286,22.053557021781472,33.38429727122389,24.46735505584503,-6.54439825308486,-1.1427117062377423,-7.43708429445604,4.234910855462467,-3.923714650947334,4.80573747597767,-8.807278685095776,-6.141318739518054,-6.981384421299571,3.21888962590225,-5.187196649563075,3.3264190974265095,-37.51567161255296,-21.30462293951578,-13.449461660612293,37.068804918940174,-29.305869577998365,32.02851744555157,804.8745858968292,900.6834786707518,905.9217066458517,89.13299501037852,1009.580964950686,208.25594292752373,-13.744740532959332,-12.23762481410665,-13.527378916326171,0.40616471546609945,-12.797638363075777,0.9353267128363201,1435.128205128205,1278.7772312016866,1390.738451063402,51.521706076319255,1338.1623804527737,67.21703620528723,0.8865704418538067,4.473222406818422,-0.05659767119473447,6.550796780452754,1.5841742135854353,6.1639713967114185,-1068.2590041092578,33.61015402715584,-6.976378194199545,1133.781414058987,-0.8396375924265082,717.311832183509,0.0,0.0,0.021505376344086,0.037248404463846745,0.0161290322580645,0.02698903311400241,-0.358943680027346,-3.621544408032928,0.21521933673902818,0.5208090222786416,-2.378629470256649,2.957425979934006,1.4973448245843013,0.4202416389423868,1.0745791667547973,0.8032743380646037,0.8449141092036614,0.6063859686525385,0.0,0.0,0.0,0.0,0.0,0.0,0.49999999999999994,0.8660254037844387,2012,1.534526854219953
2012-02-01,3.4140969162995694,1.1694189392028698,-0.7,58.65,6.171216950383366,7.338945827232801,40661.40014367816,55505.0,43368.83908045977,36933.2658045977,600.9066091954023,50.298132183908045,1950.0,1347.1724137931035,408.7514367816092,-991.8620689655172,0.0,1.872906098773908,1.3512279740710342,-40.06003635512943,1736.9752623688153,12.456747404844284,1211.572586446693,5.096989211121605,-3116.388244308402,1.1941,1.0664409648751594,-0.7728103706165945,3.528114663726578,1.1774982074209497,0.4,2.1076561365455118,6.653771760154736,-5.27724388937636,-2.3714912996933624,-14.729327117149172,1354.7033898305085,7.861271676300574,1305.1581325301206,-5.7306635924625375,543.7066373588067,0.032258064516129,1.8363374799018397,1.612767035379559,3.504161191414812,0,1,2,0.8660254037844386,0.5000000000000001,86,3.761061946902644,4.120267260579058,3.7630588702097416,0.23594900598328616,3.664985084337124,0.5247131474284311,1.257671788133136,1.9576789267387844,1.4751464528100964,0.44790697708037985,1.682768217656882,0.36532846656451234,0.8,-0.9,0.8333333333333334,0.4509249752822911,0.23333333333333325,0.7840068026915754,-10.771004082128172,-7.124840600272354,-7.372765998075728,8.319236405810155,-3.4693438161499928,8.437997789597738,-3.34765485141425,40.01628332994098,4.885989586864111,7.507507222040457,27.360416609448066,26.082390458159473,-12.047176068052837,-3.719678562230422,-7.956272736838019,3.5990328693101357,-4.5393289021406105,4.68096972943963,-8.872155004653525,-3.2647195741494106,-6.683641663147554,3.734572639806116,-5.011497617105731,3.4631019108952916,29.238324067737075,-32.07103743702102,-7.668891553988344,33.932451982979416,-21.737287799478434,28.450344908116744,973.3804475853946,939.5100864553314,1044.3194744375774,281.6952032904277,1001.2173870985249,189.35538722017242,-13.778608127043434,-13.058788088975747,-6.554025661234063,12.484025182233168,-9.596051415559048,8.573949659488363,1402.84588441331,1334.2412636486904,1381.0440740238785,67.67232924157702,1337.906709105818,67.36343699395503,-7.027855865065169,5.971492409627155,-3.957316338557965,4.244773999179564,1.2863188494269084,6.517541448812088,1187.5321547808,-140.20228525414083,220.99326267678296,1162.0053269157734,89.10628115583184,751.0854324764672,0.064516129032258,0.0,0.032258064516129,0.03225806451612896,0.021505376344086,0.026338599384765328,0.347398745975247,0.6572029442691862,0.6082641819499127,1.1206484393197087,-1.165306729752343,2.941796665200183,1.578179946822189,0.1482127288578993,1.5627639355953502,0.059235223793025586,1.0441470012708158,0.6335867932720534,0.0,0.0,0.0,0.0,0.0,0.0,0.8660254037844386,0.5000000000000001,2012,3.069053708439884
2012-03-01,3.073545554335899,1.2226734913202773,0.2,62.18,5.844582953112335,-4.3972939729397424,36447.10228802153,50318.0,37822.20323014805,33020.77052489906,410.0242261103634,122.75168236877523,2007.0,1421.6016150740245,387.6810228802153,1162.2180349932703,0.0,-5.490234085166779,-4.105046500991005,-3.726913189325676,1352.7636189869384,15.544041450777213,1063.796427902467,9.38715214485355,504.8046617826276,1.1981,3.938578988461861,0.3349803199061973,3.4140969162995694,1.1694189392028698,-0.7,6.171216950383366,7.338945827232801,1.872906098773908,1.3512279740710342,-40.06003635512943,1736.9752623688153,12.456747404844284,1211.572586446693,5.096989211121605,-3116.388244308402,0.0,1.0664409648751594,-0.7728103706165945,3.921745402091603,0,1,3,1.0,6.123233995736766e-17,87,3.528114663726578,4.000000000000004,3.5677578423095966,0.17684702237097538,3.7875726656251456,0.2743669504459998,1.1774982074209497,1.9902693628762032,1.2015296449189852,0.04878805004550841,1.5712198841485492,0.4078912185586916,0.4,1.3,0.16666666666666677,0.7767453465154033,0.1666666666666666,0.852447456836295,2.1076561365455118,-13.454950048644546,-0.8307103317330912,8.845067071822971,-3.8926335873073223,7.739569841826622,6.653771760154736,11.351851851851858,3.548354245324424,5.981937142119704,18.203873626655724,20.396123254147838,-5.27724388937636,-6.54439825308486,-5.1505046195517625,6.960906479381026,-4.476383730034719,4.779841229396682,-2.3714912996933624,-8.807278685095776,-3.2974727767586174,5.17421212884819,-4.684289221506515,4.011281016828205,-14.729327117149172,-37.51567161255296,-8.517013134847167,35.064373986789,-19.407061898938547,25.716527341441566,1354.7033898305085,804.8745858968292,1355.0196999282396,381.7975056624771,1118.3545418012718,356.98895656874055,7.861271676300574,-13.744740532959332,2.1798036513671426,14.010095615658496,-5.416957080323385,12.16526979476349,1305.1581325301206,1435.128205128205,1306.5255344633745,95.6439803113184,1327.9538838947844,81.99667537621406,-5.7306635924625375,0.8865704418538067,-2.5538434154686986,6.6574850249999775,0.6116258353155478,5.699482305636366,543.7066373588067,-1068.2590041092578,-461.7164840562652,2321.441242037166,-426.66676458417305,1515.745471410706,0.032258064516129,0.0,0.032258064516129,0.03225806451612897,0.0161290322580645,0.02698903311400241,1.8363374799018397,-0.358943680027346,1.0833923969174144,0.7446140957791146,-0.012184658839806795,1.9134036134405306,1.612767035379559,1.4973448245843013,0.8060455371950517,1.3674386823172382,0.747322633994957,0.9776062786224412,0.0,0.0,0.0,0.0,0.0,0.0,1.0,6.123233995736766e-17,2012,3.836317135549882
2012-04-01,3.1728665207877427,1.188345174096694,-0.5,59.83,-3.852619722866732,-1.4981890023049171,34972.819444444445,44330.0,36157.10902777778,31612.63888888889,539.325,159.05416666666667,2018.9833333333331,1454.3,319.8277777777778,1195.2375,0.0666666666666666,6.374079014440293,2.6585151220415826,17.446159848653274,839.3347824303819,14.651990384069348,919.6073849030148,-2.673893978296926,75.24744914323182,1.2161,7.325037507722176,1.502378766380108,3.073545554335899,1.2226734913202773,0.2,5.844582953112335,-4.3972939729397424,-5.490234085166779,-4.105046500991005,-3.726913189325676,1352.7636189869384,15.544041450777213,1063.796427902467,9.38715214485355,504.8046617826276,0.0,3.938578988461861,0.3349803199061973,-0.9181532004197246,0,0,4,0.8660254037844387,-0.4999999999999998,88,3.4140969162995694,3.761061946902644,3.3385857114540145,0.23650523323171257,3.649514390307292,0.3895614625564207,1.1694189392028698,1.257671788133136,1.1898635459813656,0.028699965654877115,1.4625351192820368,0.3975767958747267,-0.7,0.8,-0.033333333333333236,0.5859465277082319,0.18333333333333326,0.8518607084885809,6.171216950383366,-10.771004082128172,4.7078186800137445,2.257721502175253,-2.8712231151673087,8.660661789956125,7.338945827232801,-3.34765485141425,3.1984745381492607,6.587043367936998,9.602650657471065,16.15907092559405,1.872906098773908,-12.047176068052837,-2.9648572919230762,4.190979261956769,-5.200970793189558,4.494413772651748,1.3512279740710342,-8.872155004653525,-1.708436608871111,2.787913902736133,-4.344910515085341,3.949009917802491,-40.06003635512943,29.238324067737075,-19.505425553868086,18.63148670807799,-16.477443607240193,26.447946000240147,1736.9752623688153,973.3804475853946,1481.4807570620876,221.26685779659294,1193.7012318539696,349.48812772152127,12.456747404844284,-13.778608127043434,11.954020177307358,3.8659783821024036,-0.7866793695094071,14.171619998486335,1211.572586446693,1402.84588441331,1193.5090489597603,121.69053642374178,1292.123750011581,136.5835284984737,5.096989211121605,-7.027855865065169,2.9178259211708735,7.790934003703414,1.430614124988069,6.640692370196601,-3116.388244308402,1187.5321547808,-689.2923150556559,2102.016728827906,-348.13434662492773,1556.0335345241517,0.0,0.064516129032258,0.010752688172043,0.018624202231923327,0.0161290322580645,0.02698903311400241,1.0664409648751594,0.347398745975247,2.2804524777462856,1.4866818103131296,1.2478359072426581,1.5073627019185951,-0.7728103706165945,1.578179946822189,0.39164566155638786,1.1937977679272431,0.7331124141555921,0.9839108500861535,0.0,0.0,0.0,0.0,0.0,0.0,0.8660254037844387,-0.4999999999999998,2012,4.10256410256411
2012-05-01,3.169398907103837,1.1986742908700654,1.5,55.15,-8.14504617024289,-6.888401148066858,33474.76948924731,43894.0,31375.252688172044,30333.6747311828,414.3319892473118,235.46975806451613,2019.0,1514.1290322580646,354.0846774193548,1184.8595430107528,0.032258064516129,4.606530273127207,6.420016486447167,-47.4819218506028,1006.2038264822884,13.048039561726398,785.9569648924122,15.920926702089044,-2483.4302168388044,1.244,9.094098044374288,2.294219225392657,3.1728665207877427,1.188345174096694,-0.5,-3.852619722866732,-1.4981890023049171,6.374079014440293,2.6585151220415826,17.446159848653274,839.3347824303819,14.651990384069348,919.6073849030148,-2.673893978296926,75.24744914323182,0.0666666666666666,7.325037507722176,1.502378766380108,-2.413350449293972,0,0,5,0.49999999999999994,-0.8660254037844387,89,3.073545554335899,3.528114663726578,3.2201696638077366,0.1751342286319624,3.4916142670087402,0.35065107972676196,1.2226734913202773,1.1774982074209497,1.193479201539947,0.026995935039314838,1.3343128271750215,0.32301812392154944,0.2,0.4,-0.33333333333333326,0.47258156262526085,0.24999999999999992,0.7609204951898721,5.844582953112335,2.1076561365455118,2.721060060209663,5.695315782277884,-2.3258529689330376,8.439438597603766,-4.3972939729397424,6.653771760154736,0.4811542839960425,6.113360863351047,2.683571935430081,6.581421617511232,-5.490234085166779,-5.27724388937636,0.9189170093491411,5.9894117172250825,-3.5186778637444394,6.5697133905803575,-4.105046500991005,-2.3714912996933624,-0.031767801626129355,3.5876105479604306,-3.3577047323868414,4.899124478843922,-3.726913189325676,-14.729327117149172,-8.780263231933935,29.084238178897408,-8.224577392961146,28.27175670720831,1352.7636189869384,1354.7033898305085,1309.6912212620452,450.36766246074205,1177.0053478498114,366.060018006173,15.544041450777213,7.861271676300574,14.217593079896949,1.588827207382031,3.8317837093314417,13.884817110653335,1063.796427902467,1305.1581325301206,1064.9921330840584,145.9862733659265,1223.0181035539686,200.8065319506544,9.38715214485355,-5.7306635924625375,3.9367491258927445,6.113658985232953,-0.010283606332611125,6.391623726710008,504.8046617826276,543.7066373588067,-845.4453777941809,1978.3872161337633,-312.226057558699,1564.2558469968146,0.0,0.032258064516129,0.0222222222222222,0.03849001794597498,0.027240143369175598,0.03223416079701375,3.938578988461861,1.8363374799018397,4.110019153686398,3.132818454558666,2.359141667818156,2.8472527323954533,0.3349803199061973,1.612767035379559,0.35484957188990424,1.1377246998539357,0.9588067537426269,0.9782063457021725,0.0,0.0,0.0,0.0,0.0,0.0,0.49999999999999994,-0.8660254037844387,2012,4.10256410256411
2012-06-01,3.0567685589519837,1.2366659286476305,-1.3,62.69,12.81451995863657,-8.159976560210968,31388.45,41122.0,28301.288194444445,28502.024305555555,526.1590277777777,216.83680555555557,2064.936111111111,1662.0,358.84513888888887,1067.2979166666669,0.0666666666666666,-2.6742874339357403,-1.9597558649628088,23.55400674136416,737.8817152364086,13.33659601586823,425.6166982922202,3.618050347507684,35.70077663936597,1.2416,10.256637954000537,-0.192926045016073,3.169398907103837,1.1986742908700654,1.5,-8.14504617024289,-6.888401148066858,4.606530273127207,6.420016486447167,-47.4819218506028,1006.2038264822884,13.048039561726398,785.9569648924122,15.920926702089044,-2483.4302168388044,0.032258064516129,9.094098044374288,2.294219225392657,-6.795232577387833,0,0,6,1.2246467991473532e-16,-1.0,90,3.1728665207877427,3.4140969162995694,3.138603660742492,0.056368643704465884,3.353180751526045,0.2627411478866288,1.188345174096694,1.1694189392028698,1.2032309854290122,0.017611954457919618,1.2023803151739987,0.03281844412352004,-0.5,-0.7,0.4000000000000001,1.0148891565092224,0.28333333333333327,0.8183316361150086,-3.852619722866732,6.171216950383366,-2.0510276466657555,7.166709932669912,-1.4408689891994284,7.23087335045827,-1.4981890023049171,7.338945827232801,-4.261294707770511,2.6976783711499093,-0.35647023122303834,5.960000105516718,6.374079014440293,1.872906098773908,1.8301250674669076,6.40092186570733,-1.6601897760424278,7.098532605152806,2.6585151220415826,1.3512279740710342,1.657828369165915,5.333410560365746,-0.8198222037963513,5.427116967408803,17.446159848653274,-40.06003635512943,-11.254225063758392,33.11207130832423,-9.885619099302788,30.538754632569994,839.3347824303819,1736.9752623688153,1066.1007426332028,261.90269753335156,1210.5602212807212,332.84710076471015,14.651990384069348,12.456747404844284,14.414690465524322,1.264808205239984,8.29724705844573,11.138255886311187,919.6073849030148,1211.572586446693,923.1202592326314,138.95303888713772,1114.8228968480028,235.54653195649854,-2.673893978296926,5.096989211121605,7.544728289548558,9.433330974839961,2.4954424370399284,9.160692179087903,75.24744914323182,-3116.388244308402,-634.4593686376484,1615.5957872735084,-548.0879263469568,1791.2698586440952,0.0666666666666666,0.0,0.0329749103942652,0.03333911384726441,0.032616487455197095,0.029342560484438646,7.325037507722176,1.0664409648751594,6.785904846852774,2.6197026937194954,3.9346486218850956,3.566862965484623,1.502378766380108,-0.7728103706165945,1.377192770559655,0.9856002852856214,1.0916191538773528,1.1110271542833938,0.0,0.0,0.0,0.0,0.0,0.0,1.2246467991473532e-16,-1.0,2012,4.10256410256411
2012-07-01,3.1624863685932203,1.2582735462183263,1.4,60.91,-2.880458043748389,-10.294550810014735,31265.99193548387,40739.0,32345.87634408602,28508.948924731183,376.8736559139785,238.98991935483872,2084.97311827957,1796.258064516129,370.7224462365592,1680.2459677419354,0.0,-0.2740631837445551,0.4933520807123948,26.756100041815944,724.5235335033619,14.058113594887155,278.4422998504826,7.765837115122021,41.0635427615822,1.2688,12.203749557835142,2.1907216494845283,3.0567685589519837,1.2366659286476305,-1.3,12.81451995863657,-8.159976560210968,-2.6742874339357403,-1.9597558649628088,23.55400674136416,737.8817152364086,13.33659601586823,425.6166982922202,3.618050347507684,35.70077663936597,0.0666666666666666,10.256637954000537,-0.192926045016073,-5.443598963123996,0,0,7,-0.4999999999999997,-0.8660254037844388,91,3.169398907103837,3.073545554335899,3.133011328947854,0.06605093541089849,3.235798520200935,0.1918260373064444,1.1986742908700654,1.2226734913202773,1.2078951312047967,0.025445859239793003,1.1988793385930812,0.026191856217513524,1.5,0.2,-0.09999999999999994,1.4422205101855958,-0.06666666666666672,0.9852241707685957,-8.14504617024289,5.844582953112335,0.27228468850898935,11.071900486364466,2.490051684261362,7.548238419755622,-6.888401148066858,-4.3972939729397424,-5.51552223686092,3.536728819868536,-1.1585238493558245,6.718568178490466,4.606530273127207,-5.490234085166779,2.768773951210587,4.795961329085408,-0.09804167035624516,5.107698020377211,6.420016486447167,-4.105046500991005,2.3729252478419802,4.197179689690182,0.3322443194854347,3.892655506498954,-47.4819218506028,-3.726913189325676,-2.1605850868617815,39.368059679840904,-10.83300532036494,29.13835299414317,1006.2038264822884,1352.7636189869384,861.1401080496929,135.48355256223536,1171.31043255589,377.3230477916289,13.048039561726398,15.544041450777213,13.67887532055466,0.8550034514176458,12.816447748931006,2.676427746210218,785.9569648924122,1063.796427902467,710.3936826958824,255.5172339134582,951.9513658278214,319.46704764159585,15.920926702089044,9.38715214485355,5.621694357099936,9.457948034421026,4.269760139135403,7.890110571113208,-2483.4302168388044,504.8046617826276,-790.827330352069,1465.970457865353,-740.0598227038623,1621.7614782827661,0.032258064516129,0.0,0.0551971326164874,0.019865815714051584,0.0329749103942652,0.02981940994883513,9.094098044374288,3.938578988461861,8.891924502032333,1.4762201394345817,5.5861884898893095,3.856066412868188,2.294219225392657,0.3349803199061973,1.2012239822522313,1.2706272278018615,0.7964348219043091,1.1884796095423844,0.0,0.0,0.0,0.0,0.0,0.0,-0.4999999999999997,-0.8660254037844388,2012,4.10256410256411
2012-08-01,2.934782608695663,1.1991287547247829,0.6,63.66,4.415905700555351,-14.0658747300216,31019.5497311828,39452.0,32235.48991935484,28265.74798387097,442.6337365591398,222.56182795698925,2085.0,1835.6129032258063,357.8346774193548,1568.342741935484,0.032258064516129,-1.5703315469937529,-1.642940839171303,30.906752846148944,697.159637974196,14.059080962800884,236.55074520936836,0.7817113611241489,39.86493532646023,1.2676,10.978812817369988,-0.094577553593933,3.1624863685932203,1.2582735462183263,1.4,-2.880458043748389,-10.294550810014735,-0.2740631837445551,0.4933520807123948,26.756100041815944,724.5235335033619,14.058113594887155,278.4422998504826,7.765837115122021,41.0635427615822,0.0,12.203749557835142,2.1907216494845283,-5.852291460600057,0,0,8,-0.8660254037844384,-0.5000000000000004,92,3.0567685589519837,3.1728665207877427,3.1295512782163466,0.06312637297365155,3.174860471012042,0.12777434149110536,1.2366659286476305,1.188345174096694,1.231204588578674,0.03017262809282347,1.2123418950593106,0.032903322720317395,-1.3,-0.5,0.5333333333333333,1.5885003409925145,0.09999999999999992,1.1506519890914022,12.81451995863657,-3.852619722866732,0.5963385815484372,10.903758029137206,1.6586993208790453,7.866750079651704,-8.159976560210968,-1.4981890023049171,-8.447642839430857,1.721199522438429,-3.9832442777174033,6.328610349677304,-2.6742874339357403,6.374079014440293,0.5527265518156379,3.7101566774182366,0.7358217805823889,4.460443335715213,-1.9597558649628088,2.6585151220415826,1.6512042340655846,4.30820291677774,0.8097182162197276,3.6636516193906523,23.55400674136416,17.446159848653274,0.9427283108591086,41.96752801656511,-3.918767460537422,32.72961192360174,737.8817152364086,839.3347824303819,822.8696917406863,158.91244122437837,1066.2804565013657,402.90475130997885,13.33659601586823,14.651990384069348,13.480916390827261,0.5202726843565822,13.849254735362104,1.1317375966485346,425.6166982922202,919.6073849030148,496.67198767837164,261.11190018930023,780.8320603812149,364.2703705695506,3.618050347507684,-2.673893978296926,9.101604721572919,6.259264970654454,6.519176923732831,6.214886134234588,35.70077663936597,75.24744914323182,-802.2219658126187,1455.9715235209835,-823.8336718033999,1553.740036399013,0.0666666666666666,0.0666666666666666,0.0329749103942652,0.03333911384726441,0.0275985663082437,0.032739537081615755,10.256637954000537,7.325037507722176,10.518161852069987,1.5712349269725707,7.314090502878194,4.151219112361878,-0.192926045016073,1.502378766380108,1.4306716099537047,1.4070287651545075,0.8927605909218039,1.2871973013983158,0.0,0.0,0.0,0.0,0.0,0.0,-0.8660254037844384,-0.5000000000000004,2012,5.128205128205132
2012-09-01,1.8240343347639465,1.2409004615293124,-1.0,66.08,3.730970735877579,-10.54555299851091,31908.109722222223,43802.0,33089.55694444444,29099.716666666667,704.6868055555556,189.57291666666663,2085.0,1879.2333333333331,362.0208333333333,1781.7173611111111,0.0,-2.324264287036537,2.9835657019255724,6.1017867150708005,542.9378930262135,13.562778762882854,187.3445463812436,-2.813199105145414,188.16583665226776,1.2524,9.189189189189184,-1.1991164405175223,2.934782608695663,1.1991287547247829,0.6,4.415905700555351,-14.0658747300216,-1.5703315469937529,-1.642940839171303,30.906752846148944,697.159637974196,14.059080962800884,236.55074520936836,0.7817113611241489,39.86493532646023,0.032258064516129,10.978812817369988,-0.094577553593933,-3.621544408032928,0,0,9,-1.0,-1.8369701987210297e-16,93,3.1624863685932203,3.169398907103837,3.0513458454136217,0.11394869430786493,3.0949747530780574,0.09353539154678331,1.2582735462183263,1.1986742908700654,1.2313560765302467,0.02992778787906807,1.2172935309796293,0.026826248259897816,1.4,1.5,0.23333333333333336,1.386842937514315,0.3166666666666666,1.0907184176801394,-2.880458043748389,-8.14504617024289,4.783322538481184,7.853937227494901,1.3661474459077094,7.696163149839604,-10.294550810014735,-6.888401148066858,-10.840134033415772,2.9905106734938833,-7.550714370593137,4.412775445769641,-0.2740631837445551,4.606530273127207,-1.5062273882246824,1.2013954886631215,0.16194883962111217,4.506155240668911,0.4933520807123948,6.420016486447167,-1.036448207807239,1.3342824409426495,0.310690080679338,3.777296522252302,26.756100041815944,-47.4819218506028,27.072286543109694,3.6865565570130907,7.90903073967564,29.743510784970578,724.5235335033619,1006.2038264822884,719.8549622379888,20.758578043345974,892.9778524355958,252.14166404523846,14.058113594887155,13.048039561726398,13.817930191185425,0.4168479041525181,14.11631032835487,0.9034587074152316,278.4422998504826,785.9569648924122,313.536581117357,99.2984898526141,618.3284201749942,350.92012343061236,7.765837115122021,15.920926702089044,4.055199607917952,3.5125244118471177,5.799963948733254,6.647049536136743,41.0635427615822,-2483.4302168388044,38.87641824246946,2.8147272759389357,-297.7914751975895,1086.3136714532593,0.0,0.032258064516129,0.0329749103942652,0.03333911384726441,0.0329749103942652,0.02981940994883513,12.203749557835142,9.094098044374288,11.146400109735223,0.9843144948991923,8.966152478294,2.9726860871315886,2.1907216494845283,2.294219225392657,0.6344060169581747,1.3487056266938553,1.0057993937589143,1.1321155260529097,0.0,0.0,0.0,0.0,0.0,0.0,-1.0,-1.8369701987210297e-16,2012,12.948717948717947
2012-10-01,1.497326203208571,1.261390855998962,0.3,66.76,1.0237969580911863,-2.951010321267622,35059.018791946306,49451.0,36241.95637583893,31763.151677852347,520.2080536912752,104.62818791946307,2085.0,1941.551677852349,374.1261744966443,666.0456375838926,0.0,3.4923816872828306,3.4669623802150884,-27.63974749388993,332.1920656483047,13.07007276316594,139.91162889443234,1.585242068778259,144.80267198827795,1.2393,7.88717680856621,-1.045991695943782,1.8240343347639465,1.2409004615293124,-1.0,3.730970735877579,-10.54555299851091,-2.324264287036537,2.9835657019255724,6.1017867150708005,542.9378930262135,13.562778762882854,187.3445463812436,-2.813199105145414,188.16583665226776,0.0,9.189189189189184,-1.1991164405175223,0.6572029442691862,0,0,10,-0.8660254037844386,0.5000000000000001,94,2.934782608695663,3.0567685589519837,2.6404344373509425,0.7161313400458892,2.886722883149399,0.528840549831813,1.1991287547247829,1.2366659286476305,1.2327675874908073,0.03039957763354244,1.2203313593478018,0.02853492865963437,0.6,-1.3,0.3333333333333333,1.2220201853215575,0.11666666666666659,1.2188792666489436,4.415905700555351,12.81451995863657,1.7554727975615207,4.029413735336144,1.01387874303525,7.4959466555091945,-14.0658747300216,-8.159976560210968,-11.635326179515753,2.1086548358911745,-8.575424208188332,4.244708526372175,-1.5703315469937529,-2.6742874339357403,-1.3895530059249477,1.0369868859673022,0.689610472642819,3.8494336821709667,-1.642940839171303,-1.9597558649628088,0.6113256478222214,2.315508370877872,1.4921254478321009,3.1815292691563006,30.906752846148944,23.55400674136416,21.25487986767857,13.286051096704185,9.547147390408385,29.240904746452237,697.159637974196,737.8817152364086,654.8736881679238,97.90001210488894,758.0068981088084,154.72502365572507,14.059080962800884,13.33659601586823,13.893324440190298,0.28626136228997806,13.786099880372477,0.5822260001618224,236.55074520936836,425.6166982922202,234.11253048036482,45.597794245808196,472.25310658812356,308.2213604756649,0.7817113611241489,3.618050347507684,1.9114497903669199,5.3792409805021215,3.7665720737334265,7.175331368148823,39.86493532646023,35.70077663936597,89.69810491343674,85.2776630207884,-350.5646127193161,1046.486587540686,0.032258064516129,0.0666666666666666,0.010752688172043,0.018624202231923313,0.0329749103942652,0.02981940994883513,10.978812817369988,10.256637954000537,10.790583854798106,1.516069312668769,9.84125417841522,1.6948595887885387,-0.094577553593933,-0.192926045016073,0.2990092184576916,1.728853226696148,0.7501166003549611,1.444149665581205,0.0,0.0,0.0,0.0,0.0,0.0,-0.8660254037844386,0.5000000000000001,2012,14.910025706940887
2012-11-01,1.7094017094017255,1.0405443518426,0.3,67.2,0.6569148735469491,11.75785797438882,38093.37222222222,52909.0,39358.86041666667,34524.83611111111,642.0722222222222,57.63611111111111,2085.0,1988.5666666666664,407.8861111111111,1304.2055555555555,0.0,2.6469227829625908,1.1257645259938889,3.523974063694202,334.0794979079498,13.008130081300816,99.2884583263738,5.488734633033698,-686.059197079153,1.244,6.698687709065965,0.3792463487452435,1.497326203208571,1.261390855998962,0.3,1.0237969580911863,-2.951010321267622,3.4923816872828306,3.4669623802150884,-27.63974749388993,332.1920656483047,13.07007276316594,139.91162889443234,1.585242068778259,144.80267198827795,0.0,7.88717680856621,-1.045991695943782,-0.358943680027346,0,1,11,-0.5000000000000004,0.8660254037844384,95,1.8240343347639465,3.1624863685932203,2.085381048889393,0.753522931407597,2.6074661635528704,0.7455200461373094,1.2409004615293124,1.2582735462183263,1.2338066907510192,0.031731427665009186,1.2325056396648466,0.027729761553077253,-1.0,1.4,-0.033333333333333236,0.8504900548115385,0.24999999999999992,1.1811011811017718,3.730970735877579,-2.880458043748389,3.0568911315080456,1.7937078677826805,1.8266148565282367,7.117585720207478,-10.54555299851091,-10.294550810014735,-9.187479349933382,5.680521607428511,-8.817561094682114,3.775784531735589,-2.324264287036537,-0.2740631837445551,-0.13407138224915252,3.1631432220602322,0.20932758478324218,3.106413119076946,2.9835657019255724,0.4933520807123948,1.602529080989786,2.8210324952308055,1.6268666575276853,3.2570301603869467,6.1017867150708005,26.756100041815944,3.1229306891099475,29.386703846026936,2.032829499984518,32.424785165443254,542.9378930262135,724.5235335033619,524.0965322162381,183.21184424114597,673.4831119784621,224.2933743874821,13.562778762882854,14.058113594887155,13.563977496283227,0.49450518951530953,13.522446943555243,0.45624265866986957,187.3445463812436,278.4422998504826,187.93564016168145,48.32226965307795,342.3038139200266,238.33007814655076,-2.813199105145414,7.765837115122021,-0.1487485584143343,2.3421972454337276,4.476428081579291,6.598213781405016,188.16583665226776,41.0635427615822,124.27781465566864,76.2511748099866,-338.9720755784751,1052.5148362602322,0.0,0.0,0.010752688172043,0.018624202231923313,0.0218637992831541,0.027046092444320376,9.189189189189184,12.203749557835142,9.35172627170846,1.5522135903697374,9.934944061889224,1.5360436449809929,-1.1991164405175223,2.1907216494845283,-0.7798952300184118,0.5984204500725725,0.32538818996764596,1.5495536514139192,0.0,0.0,0.0,0.0,0.0,0.0,-0.5000000000000004,0.8660254037844384,2012,15.552699228791788
2012-12-01,2.3454157782516027,0.9951152709749386,-0.4,60.78,-10.041246004045684,12.576403037599547,38764.85954301075,55765.0,40120.56586021505,35061.85819892473,798.6659946236559,37.2244623655914,2085.0,2017.903225806452,373.27150537634407,1062.325940860215,0.064516129032258,0.873270332866638,3.552328604322952,-15.863650426517207,203.90650718753437,12.946912242686892,82.24326292789512,-5.756792159577573,-32.80448043529086,1.231,3.943257620535357,-1.0450160771704131,1.7094017094017255,1.0405443518426,0.3,0.6569148735469491,11.75785797438882,2.6469227829625908,1.1257645259938889,3.523974063694202,334.0794979079498,13.008130081300816,99.2884583263738,5.488734633033698,-686.059197079153,0.0,6.698687709065965,0.3792463487452435,0.347398745975247,0,1,12,-2.4492935982947064e-16,1.0,96,1.497326203208571,2.934782608695663,1.676920749124747,0.16575828905816478,2.3641332972691846,0.7634771442047175,1.261390855998962,1.1991287547247829,1.1809452231236248,0.12202158644573112,1.2061506498269357,0.08412105717823044,0.3,0.6,-0.13333333333333325,0.7505553499465137,0.04999999999999991,1.0173494974687904,1.0237969580911863,4.415905700555351,1.8038941891719118,1.6789486676599041,3.2936083638265434,5.335201723217878,-2.951010321267622,-14.0658747300216,-0.5795684484632423,11.339238848951842,-5.709851240939503,9.305501520159325,3.4923816872828306,-1.5703315469937529,1.2716800610696286,3.1427395701411722,-0.11727366357752726,2.615931227960305,3.4669623802150884,-1.642940839171303,2.5254308693781833,1.2360086940419954,0.744491330785472,2.264797036762782,-27.63974749388993,30.906752846148944,-6.004662238374967,18.78081374771733,10.533812152367352,21.78874085204766,332.1920656483047,697.159637974196,403.06981886082264,121.13298158711655,561.4623905494058,190.12494637889435,13.07007276316594,14.059080962800884,13.213660535783205,0.30392741950837,13.515795363484314,0.46475387630694504,139.91162889443234,236.55074520936836,142.18154453401658,44.07190770364609,227.8590628256868,116.31755595353215,1.585242068778259,0.7817113611241489,1.4202591988888489,4.15342514785048,2.7377294034033994,3.730734588360305,144.80267198827795,39.86493532646023,-117.69689614620245,492.6934846877581,-39.41023895186648,323.1972738915962,0.0,0.032258064516129,0.0,0.0,0.0164874551971326,0.02776332147818934,7.88717680856621,10.978812817369988,7.925017902273786,1.2456818883261394,9.535709006004504,2.030130625027218,-1.045991695943782,-0.094577553593933,-0.6219539292386863,0.8704385643608051,0.006226043859743707,1.2264583804773834,0.0,0.0,0.0,0.0,0.0,0.0,-2.4492935982947064e-16,1.0,2012,14.086294416243671
2013-01-01,2.2364217252396124,0.948180260039113,-0.2,62.83,3.317187892620853,13.946318462096484,40389.43346774193,55572.0,41840.69758064516,36683.11021505376,756.2251344086021,46.34610215053763,2085.0,2072.1935483870966,340.6807795698925,898.9650537634409,0.032258064516129,2.682281001647868,3.2821618406869035,-4.3630024868306805,100.87675861466316,11.7363344051447,72.12293346909244,-4.772343886778696,-49.69429069348514,1.2,-0.2825328236662816,-2.5182778229082103,2.3454157782516027,0.9951152709749386,-0.4,-10.041246004045684,12.576403037599547,0.873270332866638,3.552328604322952,-15.863650426517207,203.90650718753437,12.946912242686892,82.24326292789512,-5.756792159577573,-32.80448043529086,0.064516129032258,3.943257620535357,-1.0450160771704131,1.8363374799018397,0,1,1,0.49999999999999994,0.8660254037844387,97,1.7094017094017255,1.8240343347639465,1.8507145636206326,0.4413513044047698,2.245574500485788,0.6856757774106315,1.0405443518426,1.2409004615293124,1.0990168262721667,0.1424427762099857,1.165892206881487,0.11769626741682612,0.3,-1.0,0.06666666666666676,0.4041451884327387,0.19999999999999996,0.8270429251254134,0.6569148735469491,3.730970735877579,-2.7868447241358427,6.285173351901898,-0.5156859632871656,5.3371927252034554,11.75785797438882,-10.54555299851091,7.127750230240243,8.738052683298227,-2.2537879746377496,11.74461182299021,2.6469227829625908,-2.324264287036537,2.337524934370687,1.3366867034735361,0.47398596422286915,2.304812844869605,1.1257645259938889,2.9835657019255724,2.715018503510643,1.376996006473592,1.6631720756664323,2.0568752748531502,3.523974063694202,6.1017867150708005,-13.326474618904305,15.73602018105941,3.964202624387125,22.98733602206202,334.0794979079498,542.9378930262135,290.0593569145963,74.61652455859652,472.4665225412601,214.4473458200953,13.008130081300816,13.562778762882854,13.008371695717884,0.06158061573467649,13.45084806795409,0.5188810113067738,99.2884583263738,187.3445463812436,107.14778338290041,29.62662402416981,170.63015693163263,77.58074747073731,5.488734633033698,-2.813199105145414,0.4390615140781291,5.709708014322092,1.1752556522225237,5.026447833698949,-686.059197079153,188.16583665226776,-191.353668508722,437.5342788246574,-50.82778179764262,321.2171224979825,0.0,0.0,0.021505376344086,0.037248404463846745,0.0161290322580645,0.026989033114002407,6.698687709065965,9.189189189189184,6.176374046055844,2.023174068723403,8.483478950426974,2.9906453211633113,0.3792463487452435,-1.1991164405175223,-0.5705871414563166,0.8225800765210267,-0.135788961499313,1.3011871246871156,0.0,0.0,0.0,0.0,0.0,0.0,0.49999999999999994,0.8660254037844387,2013,13.224181360201516
2013-02-01,2.4494142705005384,0.9661023258287412,0.9,65.72,4.497062675421179,12.05456095481672,40405.13913690476,52574.0,41902.09970238096,36685.45758928572,668.655505952381,90.30729166666669,2085.0,2308.3214285714284,369.6294642857143,956.407738095238,0.0,-0.6302316345917602,-5.280605350869294,11.274446930728988,79.54402628008286,6.923076923076921,71.34565738858254,-9.571091126658793,-196.42547769698896,1.1594,-2.9059542751863288,-3.383333333333327,2.2364217252396124,0.948180260039113,-0.2,3.317187892620853,13.946318462096484,2.682281001647868,3.2821618406869035,-4.3630024868306805,100.87675861466316,11.7363344051447,72.12293346909244,-4.772343886778696,-49.69429069348514,0.032258064516129,-0.2825328236662816,-2.5182778229082103,1.0664409648751594,0,1,2,0.8660254037844386,0.5000000000000001,98,2.3454157782516027,1.497326203208571,2.0970797376309798,0.3401332328320646,2.0912303932601866,0.5229111085921216,0.9951152709749386,1.261390855998962,0.9946132942855507,0.0461840919486079,1.114209992518285,0.13572024835711868,-0.4,0.3,-0.09999999999999991,0.36055512754639946,-0.06666666666666675,0.5853773711604053,-10.041246004045684,1.0237969580911863,-2.0223810792926202,7.07077853882294,0.5172550261077079,5.387487418215759,12.576403037599547,-2.951010321267622,12.760193158028278,1.1057458717241835,1.7863569040474534,12.566085246454017,0.873270332866638,3.4923816872828306,2.0674913724923663,1.0343768508240765,0.9667099951216063,2.425742726266332,3.552328604322952,3.4669623802150884,2.6534183236679145,1.329865449661842,2.1279737023288505,2.054754739976025,-15.863650426517207,-27.63974749388993,-5.567559616551219,9.749780215596152,-1.2223144637206467,20.152221153025494,203.90650718753437,332.1920656483047,212.9542545700491,116.8643474417935,368.5253933931436,218.93468731783014,12.946912242686892,13.07007276316594,12.563792243044139,0.7172529268444914,13.063884869663681,0.7769852119887025,82.24326292789512,139.91162889443234,84.5515515744538,13.729077993387847,136.24359586806762,64.929905765319,-5.756792159577573,1.585242068778259,-1.6801338044408558,6.227904190481596,-0.914441181427596,4.290992151992202,-32.80448043529086,144.80267198827795,-256.185989402643,372.37688895956893,-65.95408737348718,318.1467075045759,0.064516129032258,0.0,0.032258064516129,0.03225806451612896,0.021505376344086,0.026338599384765325,3.943257620535357,7.88717680856621,3.4531375019783463,3.516322415482025,6.402431886843403,4.043211716719216,-1.0450160771704131,-1.045991695943782,-1.0613491837777926,1.4488311354700987,-0.9206222068981028,1.0033206746076253,0.0,0.0,0.0,0.0,0.0,0.0,0.8660254037844386,0.5000000000000001,2013,10.17369727047146
2013-03-01,2.555910543130979,0.926982730305198,-0.2,66.59,1.3151122953463823,7.0923126407205,39649.738896366085,53471.0,40871.48048452221,35944.91588156124,703.2321668909825,156.87550471063258,2113.0,2555.1763122476445,360.46164199192464,1421.5955585464333,0.0323014804845222,8.787081571083121,6.266147303151959,71.50990651506002,27.799066932004468,5.281514698555068,79.73926627218933,-7.021076421556193,22.317458148432934,1.1634,-2.8962523996327483,0.3450060376056552,2.4494142705005384,0.9661023258287412,0.9,4.497062675421179,12.05456095481672,-0.6302316345917602,-5.280605350869294,11.274446930728988,79.54402628008286,6.923076923076921,71.34565738858254,-9.571091126658793,-196.42547769698896,0.0,-2.9059542751863288,-3.383333333333327,3.938578988461861,0,1,3,1.0,6.123233995736766e-17,99,2.2364217252396124,1.7094017094017255,2.343750591330584,0.1065060360721317,2.0103356702276662,0.38590976922254505,0.948180260039113,1.0405443518426,0.9697992856142643,0.023684899126395292,1.0753722543689446,0.13983876029255043,-0.2,0.3,0.10000000000000013,0.7000000000000004,-0.016666666666666736,0.6615638039272305,3.317187892620853,0.6569148735469491,-0.7423318120012103,8.074675224987462,0.530781188585346,5.399322133544178,13.946318462096484,11.75785797438882,12.859094151504245,0.9770477552264772,6.139762851520508,10.295264918328597,2.682281001647868,2.6469227829625908,0.9751065666409159,1.6586027116804736,1.1233933138552719,2.2533301435096553,3.2821618406869035,1.1257645259938889,0.5179616980468538,5.023522905852573,1.5216962837125185,3.4517212652679303,-4.3630024868306805,3.523974063694202,-2.984068660872957,13.621496830933062,-4.494365449623972,14.766274142273073,100.87675861466316,334.0794979079498,128.10909736076013,66.50343502068499,265.58945811079144,174.1246161501811,11.7363344051447,13.008130081300816,10.535441190302839,3.1864174827751253,11.87455086304302,2.500021791724509,72.12293346909244,99.2884583263738,75.23728459519003,6.079789373311492,108.70941456460332,46.218815828756796,-4.772343886778696,5.488734633033698,-6.700075724338352,2.534626536735725,-2.6399082627247528,5.408517415653186,-49.69429069348514,-686.059197079153,-92.97474960858831,89.988089651649,-105.33582287739539,317.05085682268316,0.032258064516129,0.0,0.032258064516129,0.03225806451612897,0.0161290322580645,0.026989033114002404,-0.2825328236662816,6.698687709065965,0.25159017389424826,3.455704187356918,4.088304038084018,4.802280067818507,-2.5182778229082103,0.3792463487452435,-2.3155424111373164,1.1822682153414803,-1.4687481701880019,1.3124942494118652,0.0,0.0,0.0,0.0,0.0,0.0,1.0,6.123233995736766e-17,2013,8.128078817733986
2013-04-01,2.4390243902439046,0.9264637930255684,0.3,64.6,-3.0340005333974984,7.972589002172814,35328.79930555556,46181.0,36555.33611111111,32025.84097222222,791.5763888888889,480.5097222222222,2060.338888888889,2628.534722222222,355.6979166666667,1465.6979166666667,0.0333333333333333,1.017875786871003,4.175501917437408,46.77168477057225,202.10445428269543,2.048335658485989,80.7422624095594,11.215454498080568,22.628173619608383,1.175,-3.379656278266585,0.9970775313735692,2.555910543130979,0.926982730305198,-0.2,1.3151122953463823,7.0923126407205,8.787081571083121,6.266147303151959,71.50990651506002,27.799066932004468,5.281514698555068,79.73926627218933,-7.021076421556193,22.317458148432934,0.0323014804845222,-2.8962523996327483,0.3450060376056552,7.325037507722176,0,0,4,0.8660254037844387,-0.4999999999999998,100,2.4494142705005384,2.3454157782516027,2.413915512957043,0.16267574351992273,2.1323150382888385,0.4285561122791911,0.9661023258287412,0.9951152709749386,0.9470884387243507,0.01958263883694122,1.0230526324982587,0.12326410742043085,0.9,-0.4,0.16666666666666682,0.6350852961085888,0.11666666666666659,0.4792355023020174,4.497062675421179,-10.041246004045684,3.0431209544628115,1.6085821614881297,0.12813811516347984,5.199319782200113,12.05456095481672,12.576403037599547,11.031064019211229,3.539775195228445,9.079407124725742,6.334365541401949,-0.6302316345917602,0.873270332866638,3.6130436460464104,4.777152533528783,2.9752842902085477,3.214226417645122,-5.280605350869294,3.552328604322952,1.422567930989856,5.993783558406449,2.0687932172502497,3.95344815110428,11.274446930728988,-15.863650426517207,26.140450319652786,40.0614917679299,6.4069878503742315,34.76074842053837,79.54402628008286,203.90650718753437,69.4066172755835,37.57875132850517,179.73298709508992,131.90225459979536,6.923076923076921,12.946912242686892,7.98030867559223,3.3547695293476223,10.494340185655057,3.476741811986651,71.34565738858254,82.24326292789512,74.4026190432881,4.637983641560719,90.77520121309426,26.10311923162453,-9.571091126658793,-5.756792159577573,-7.12150381166456,2.400949398379121,-3.3412211487932155,5.700418744478632,-196.42547769698896,-32.80448043529086,-74.60077008068039,111.47810337535248,-132.97721929470117,292.63427150441163,0.0,0.064516129032258,0.0215198483335504,0.018636747985118933,0.021512612338818196,0.02634215000824357,-2.9059542751863288,3.943257620535357,-2.02824649949512,1.5118401734572213,2.074063773280362,4.769307821677741,-3.383333333333327,-1.0450160771704131,-1.8522017062119602,1.9513768629222463,-1.2113944238341388,1.5121390892220177,0.0,0.0,0.0,0.0,0.0,0.0,0.8660254037844387,-0.4999999999999998,2013,8.128078817733986
2013-05-01,2.330508474576254,0.8857603502785367,0.2,65.48,1.3530341714378056,18.7307343608341,31808.733870967742,41891.0,33276.38373655914,28903.99327956989,705.2244623655914,568.190188172043,2090.548387096774,2722.135752688172,359.04099462365593,1501.909946236559,0.064516129032258,-4.976989068781268,-4.563266050029613,70.20758248638339,141.30070580714028,3.543753694738694,79.78228372178901,1.399754781941942,26.75847994777294,1.1777,-5.329581993569132,0.2297872340425444,2.4390243902439046,0.9264637930255684,0.3,-3.0340005333974984,7.972589002172814,1.017875786871003,4.175501917437408,46.77168477057225,202.10445428269543,2.048335658485989,80.7422624095594,11.215454498080568,22.628173619608383,0.0333333333333333,-3.379656278266585,0.9970775313735692,9.094098044374288,0,0,5,0.49999999999999994,-0.8660254037844387,101,2.555910543130979,2.2364217252396124,2.4814497346251403,0.06469386683024435,2.2892647361280605,0.3037638118171539,0.926982730305198,0.948180260039113,0.9398496163865024,0.0227369938375358,0.9672314553360266,0.044268438195455,-0.2,-0.2,0.3333333333333335,0.5507570547286109,0.11666666666666659,0.4792355023020174,1.3151122953463823,3.317187892620853,0.926058145790028,3.7805754340140627,-0.548161466751301,5.3219782094763755,7.0923126407205,13.946318462096484,9.039820865903339,2.6476810553584893,10.900007011965814,2.728645553953104,8.787081571083121,2.682281001647868,3.0582419077874547,5.0292909474380565,2.5628666401399105,3.292409018994672,6.266147303151959,3.2821618406869035,1.7203479565733577,6.152455602598571,2.1868831401206363,4.013687446157872,71.50990651506002,-4.3630024868306805,43.18534607212043,30.277450632094222,18.808893227784594,33.43301715877716,27.799066932004468,100.87675861466316,103.14918249826093,89.51812422594568,158.05171853415501,110.83976841811672,5.281514698555068,11.7363344051447,4.750975760039327,2.4802982226210735,8.65738400154173,4.580236111033525,79.73926627218933,72.12293346909244,77.27572869011043,5.16002030447063,80.9136401322821,10.095872247117358,-7.021076421556193,-4.772343886778696,-1.7922376833781382,11.336916938248523,-1.736185743909498,8.180999981183705,22.317458148432934,-49.69429069348514,-50.49328197631587,126.38108421325245,-153.33963568947942,273.03394902056243,0.0323014804845222,0.032258064516129,0.0218782712726185,0.018954161692992667,0.027068167894373746,0.02433637649810976,-2.8962523996327483,-0.2825328236662816,-3.060620984361888,0.2763352504928055,0.19625825880822964,4.207739141822501,0.3450060376056552,-2.5182778229082103,-0.6804165881180336,2.3633913148101575,-0.8708828859479136,1.7656231078975768,0.0,0.0,0.0,0.0,0.0,0.0,0.49999999999999994,-0.8660254037844387,2013,8.004926108374377
2013-06-01,2.4364406779660897,0.9103752818724978,0.2,70.43,7.287455625438488,12.346466741107044,30425.334722222226,39502.0,31823.147916666665,27685.793055555558,530.5534722222222,620.2888888888889,2117.4666666666667,2798.6111111111118,333.09583333333336,1426.4222222222222,0.0,-3.0683747613462264,-3.939497106171874,0.8351932044204036,186.06254703838331,2.543931275786049,68.38815349645675,-7.1756038371550535,33.647990869986444,1.174,-5.444587628865982,-0.3141716905833425,2.330508474576254,0.8857603502785367,0.2,1.3530341714378056,18.7307343608341,-4.976989068781268,-4.563266050029613,70.20758248638339,141.30070580714028,3.543753694738694,79.78228372178901,1.399754781941942,26.75847994777294,0.064516129032258,-5.329581993569132,0.2297872340425444,10.256637954000537,0,0,6,1.2246467991473532e-16,-1.0,102,2.4390243902439046,2.4494142705005384,2.441814469317045,0.1127269334858276,2.3927825303238155,0.1118271708972962,0.9264637930255684,0.9661023258287412,0.9130689578697678,0.02365137121612675,0.941434121742016,0.037598454072116545,0.3,0.9,0.1000000000000001,0.26457513110645997,0.09999999999999991,0.4732863826479696,-3.0340005333974984,4.497062675421179,-0.12195135553776344,2.5219798428767213,-0.4321415837694915,5.360948283651818,7.972589002172814,12.05456095481672,11.265212001242466,6.480296265935693,12.062153076373361,4.2357623749218,1.017875786871003,-0.6302316345917602,1.6093227630576192,6.901070010442182,1.2922146648492672,4.502328414590218,4.175501917437408,-5.280605350869294,1.9594610568532513,5.744752058648898,1.2387113774500527,4.890660442192062,46.77168477057225,11.274446930728988,62.8297245906719,13.921906985641172,29.922827964899458,38.09438912307052,202.10445428269543,79.54402628008286,123.73474234061341,88.47041493770051,125.92191985068678,70.04019538861787,2.048335658485989,6.923076923076921,3.624534683926585,1.618102546949949,7.079987937114709,4.40871789897639,80.7422624095594,71.34565738858254,80.0879374678459,0.5670700759237939,77.66261103151798,4.687516709903247,11.215454498080568,-9.571091126658793,1.8647109528221069,9.127151975087653,-2.4176823857581238,7.60909752798637,22.628173619608383,-196.42547769698896,23.901370571938088,2.479201789614478,-34.536689518325105,85.67151993985078,0.0333333333333333,0.0,0.0433836476167045,0.018308536483275597,0.03782085606641675,0.024237319851683554,-3.379656278266585,-2.9059542751863288,-3.868496890489489,1.2882146895220754,-1.8084533582976199,3.2454723280529056,0.9970775313735692,-3.383333333333327,0.5239569343405902,0.4137646283531784,-0.8957927383983635,1.7453969978672579,0.0,0.0,0.0,0.0,0.0,0.0,1.2246467991473532e-16,-1.0,2013,8.004926108374377
2013-07-01,2.4312896405919826,1.2191934619208322,0.2,70.73,0.4250502290579551,16.12214743063538,31036.717741935485,39944.0,32400.75873655914,28319.245967741936,348.567876344086,710.4018817204301,2112.516129032258,2858.603494623656,365.63844086021504,2216.8111559139784,0.0,-0.7333021578892596,-1.9514470163725208,-7.510681398318086,197.25181867008607,1.3210247418161236,59.14213837607451,-1.3713778132279586,31.93372866075837,1.16,-8.575031525851195,-1.1925042589437829,2.4364406779660897,0.9103752818724978,0.2,7.287455625438488,12.346466741107044,-3.0683747613462264,-3.939497106171874,0.8351932044204036,186.06254703838331,2.543931275786049,68.38815349645675,-7.1756038371550535,33.647990869986444,0.0,-5.444587628865982,-0.3141716905833425,12.203749557835142,0,0,7,-0.4999999999999997,-0.8660254037844388,103,2.330508474576254,2.555910543130979,2.4019911809287486,0.06191931744533784,2.4079533469428966,0.11027972011826193,0.8857603502785367,0.926982730305198,0.9075331417255343,0.020500021544514378,0.9273107902249426,0.02812256579791932,0.2,-0.2,0.23333333333333348,0.05773502691896787,0.19999999999999993,0.404969134626332,1.3530341714378056,1.3151122953463823,1.8688297544929384,5.18002394997528,2.45597535447787,3.490238075508304,18.7307343608341,7.0923126407205,13.016596701371313,5.410289133886416,12.023830360291276,4.231216939319976,-4.976989068781268,8.787081571083121,-2.34249601441883,3.0626420172482405,0.6352738158137896,4.84983719066715,-4.563266050029613,6.266147303151959,-1.4424204129213596,4.875249778861398,-0.00992624096575175,5.132236175756992,70.20758248638339,71.50990651506002,39.27148682045869,35.289117665935166,32.705968570055724,34.52282165757172,141.30070580714028,27.799066932004468,176.48923570940633,31.51206395208865,122.94792649249491,66.34813668497786,3.543753694738694,5.281514698555068,2.7120068763369116,0.7617452536200254,5.34615777596457,3.6139168398003023,79.78228372178901,79.73926627218933,76.30423320926839,6.8723088029921975,75.35342612627825,5.346087274679519,1.399754781941942,-7.021076421556193,1.8132018142891535,9.202497514747142,-2.654150998687704,7.754282481038242,26.75847994777294,22.317458148432934,27.678214812455924,5.567183059898632,-23.46127763411222,90.12015118156464,0.064516129032258,0.0323014804845222,0.0326164874551971,0.03226403767876069,0.027068167894373746,0.02433637649810976,-5.329581993569132,-2.8962523996327483,-4.717941966900567,1.1604150172844871,-3.3730942331978433,1.9034778698954433,0.2297872340425444,0.3450060376056552,0.30423102494425763,0.6587867932977235,-0.7739853406338516,1.7583541501271225,0.0,0.0,0.0,0.0,0.0,0.0,-0.4999999999999997,-0.8660254037844388,2013,8.004926108374377
2013-08-01,2.428722280887019,1.2464537909309283,0.3,68.79,-2.781142550997572,8.05843543826581,30184.262768817203,38424.0,31526.916666666668,27485.5248655914,469.03360215053766,570.5974462365591,2212.8064516129034,2919.135752688172,382.48790322580646,1965.55376344086,0.032258064516129,-2.692775909399836,-2.6056980634695304,5.964268742057488,156.3770487843175,6.129805832753155,59.02785100051548,6.889557486224285,25.326799486136565,1.1649,-8.10192489744399,0.4224137931034599,2.4312896405919826,1.2191934619208322,0.2,0.4250502290579551,16.12214743063538,-0.7333021578892596,-1.9514470163725208,-7.510681398318086,197.25181867008607,1.3210247418161236,59.14213837607451,-1.3713778132279586,31.93372866075837,0.0,-8.575031525851195,-1.1925042589437829,10.978812817369988,0,0,8,-0.8660254037844384,-0.5000000000000004,104,2.4364406779660897,2.4390243902439046,2.399412931044775,0.05972856425052581,2.440431332834958,0.071555085491248,0.9103752818724978,0.9264637930255684,1.0051096980239556,0.1858100298356719,0.9724796572052291,0.12367133340883825,0.2,0.3,0.2,0.0,0.26666666666666655,0.355902608401044,7.287455625438488,-3.0340005333974984,3.021846675311423,3.7231509955790996,1.973952410550721,3.546764786027219,12.346466741107044,7.972589002172814,15.733116177525503,3.209864054285051,12.386468521714425,4.512808164075015,-3.0683747613462264,1.017875786871003,-2.9262219960055837,2.125411773266432,0.06600995589093499,4.761155271644613,-3.939497106171874,4.175501917437408,-3.484736724191336,1.3640032697569542,-0.8821943838089892,4.900322224601261,0.8351932044204036,46.77168477057225,21.17736476416191,42.66597113786922,32.18135541814116,35.215749549626125,186.06254703838331,202.10445428269543,174.87169050520322,29.606725758008636,139.01043650173207,71.40907894982134,2.543931275786049,2.048335658485989,2.4695699041136234,1.113228731994274,3.610272832076474,2.1255368256010048,68.38815349645675,80.7422624095594,69.10419186477343,10.338686240546814,73.18996027744193,8.56959166564816,-7.1756038371550535,11.215454498080568,-2.3824089561470223,4.376166340587882,-2.087323319762581,7.69253518948447,33.647990869986444,22.628173619608383,30.78006649283925,3.586717508195016,-9.856607741738303,91.51843719807836,0.0,0.0333333333333333,0.021505376344086002,0.03724840446384675,0.021691823808352245,0.02643337412104045,-5.444587628865982,-3.379656278266585,-6.449733716095437,1.8414599260238906,-4.755177350228661,2.19835389881751,-0.3141716905833425,0.9970775313735692,-0.42562957182819305,0.7176666477021165,-0.5530230799731138,1.5683559853421687,0.0,0.0,0.0,0.0,0.0,0.0,-0.8660254037844384,-0.5000000000000004,2013,6.951219512195128
2013-09-01,2.212855637513167,1.2584788988822009,0.1,70.33,2.2140064782004067,6.431598062953992,32024.53402777778,42647.0,33172.78958333333,29131.619444444445,566.2986111111111,411.3354166666667,2422.2,2974.905555555556,359.8673611111111,1863.9576388888888,0.0,0.3648737157076809,-2.6368658965344016,-19.638255371525386,116.98005384911258,16.17266187050359,58.30421389337259,-0.5948475954806076,4.615786968955127,1.1883,-5.11817310763335,2.00875611640483,2.428722280887019,1.2464537909309283,0.3,-2.781142550997572,8.05843543826581,-2.692775909399836,-2.6056980634695304,5.964268742057488,156.3770487843175,6.129805832753155,59.02785100051548,6.889557486224285,25.326799486136565,0.032258064516129,-8.10192489744399,0.4224137931034599,9.189189189189184,0,0,9,-1.0,-1.8369701987210297e-16,105,2.4312896405919826,2.330508474576254,2.4321508664816966,0.003930610117715324,2.4369826678993713,0.07153418803297794,1.2191934619208322,0.8857603502785367,1.1253408449080862,0.18666393961566247,1.0192049013889268,0.16636986413813315,0.2,0.2,0.23333333333333348,0.05773502691896787,0.1666666666666666,0.18618986725025313,0.4250502290579551,1.3530341714378056,1.6437877678329638,5.143749430225697,0.7609182061475955,3.750035547440826,16.12214743063538,18.7307343608341,12.175683203336073,4.034567887215014,11.720447602289275,4.853604684695715,-0.7333021578892596,-4.976989068781268,-2.1648176095451066,1.2538723980704618,-0.2777474232437443,4.894080708110554,-1.9514470163725208,-4.563266050029613,-2.832214062004642,1.013196877749856,-0.4363765025756952,4.5276420778124296,-7.510681398318086,70.20758248638339,-0.23707315061338866,6.801168037440664,31.29632572002924,35.9062173657738,197.25181867008607,141.30070580714028,179.8971381642623,21.123349716420215,151.81594025243785,65.23456522730446,1.3210247418161236,3.543753694738694,3.331587283451777,2.4992789730134355,3.478060983689179,1.8898692941024056,59.14213837607451,79.78228372178901,62.18604762434891,5.371485207688018,71.13699254609742,10.383307118349386,-1.3713778132279586,1.399754781941942,-0.5524747213862412,7.068248896901009,0.6561181157179319,7.420165377741595,31.93372866075837,26.75847994777294,30.30283967229379,4.39379172010782,27.102105122115955,4.740715227882317,0.0,0.064516129032258,0.010752688172043,0.018624202231923324,0.027068167894373746,0.02433637649810976,-8.575031525851195,-5.329581993569132,-7.373848017387057,1.6874512453691808,-5.6211724539382715,2.34287034928779,-1.1925042589437829,0.2297872340425444,-0.3614207188078879,0.8084951649256288,0.0812681077663507,0.7517408571856157,0.0,0.0,0.0,0.0,0.0,0.0,-1.0,-1.8369701987210297e-16,2013,-0.4540295119182636
2013-10-01,2.318229715489984,1.3775069830726958,0.7,70.83,0.7084189445604255,6.096464949071279,33430.41342281879,47035.0,34855.860402684564,30435.941610738257,807.0496644295303,246.6993288590604,2356.5637583892617,3056.3543624161075,354.46778523489934,1381.5785234899329,0.0,-4.645325012637369,-4.885644375240139,55.13978661093266,135.78667829835277,13.02464069013245,57.418130935196096,-5.254481135460165,107.43000862548467,1.1797,-4.809166464939896,-0.7237229655810751,2.212855637513167,1.2584788988822009,0.1,2.2140064782004067,6.431598062953992,0.3648737157076809,-2.6368658965344016,-19.638255371525386,116.98005384911258,16.17266187050359,58.30421389337259,-0.5948475954806076,4.615786968955127,0.0,-5.11817310763335,2.00875611640483,7.88717680856621,0,0,10,-0.8660254037844386,0.5000000000000001,106,2.428722280887019,2.4364406779660897,2.3576225196640554,0.12537836918597925,2.379806850296403,0.09171732859052684,1.2464537909309283,0.9103752818724978,1.2413753839113204,0.02012905990610514,1.0744542628184275,0.18375354357046456,0.3,0.2,0.20000000000000015,0.1000000000000029,0.2166666666666666,0.07527726527090949,-2.781142550997572,7.287455625438488,-0.047361947913063286,2.530861198226216,0.9107339032899331,3.794298328138213,8.05843543826581,12.346466741107044,10.204060310618388,5.189360878904677,11.610328505994858,4.985317063367598,-2.692775909399836,-3.0683747613462264,-1.0204014505271377,1.548910846483727,-1.6814487324729843,2.288217774869623,-2.6056980634695304,-3.939497106171874,-2.398003658792151,0.3870432593668231,-1.9202120358567552,3.1370506783124235,5.964268742057488,0.8351932044204036,-7.0615560092619845,12.807169689590625,16.104965405598342,34.75289089842015,156.3770487843175,186.06254703838331,156.86964043450538,40.13814945620379,166.67943807195584,34.016334931092224,6.129805832753155,2.543931275786049,7.874497481690956,7.577977504780338,5.293252179013932,5.585498396102072,59.02785100051548,68.38815349645675,58.824734423320855,0.4543914791832879,67.56448381629463,10.518265223067242,6.889557486224285,-7.1756038371550535,1.6411106925052408,4.561841196780459,1.7271562533971963,6.496724317045281,25.326799486136565,33.647990869986444,20.625438371950022,14.252879772600007,24.15182659220298,10.420064312252379,0.032258064516129,0.0,0.010752688172043,0.018624202231923324,0.021684587813620048,0.026429894630381017,-8.10192489744399,-5.444587628865982,-7.265043176976178,1.874232053786483,-5.991492571938372,1.9723186592998894,0.4224137931034599,-0.3141716905833425,0.41288855018816967,1.6006514440638582,0.3585597875662132,1.0963466473248915,0.0,0.0,0.0,0.0,0.0,0.0,-0.8660254037844386,0.5000000000000001,2013,-2.3489932885906173
2013-11-01,2.1008403361344463,1.3809377772129368,0.0,71.21,0.535061822850209,5.967261904761889,37523.55902777778,51811.0,39021.09027777778,34044.33125,663.0701388888889,175.95277777777778,2424.2,3161.5333333333333,366.775,1639.2888888888888,0.0,-1.4958329000655746,-2.0752612976998264,3.27033563202479,205.2821822738445,16.268585131894486,58.98553396919055,-10.07906618813804,25.69252461055473,1.1938,-4.035369774919618,1.195219123505975,2.318229715489984,1.3775069830726958,0.7,0.7084189445604255,6.096464949071279,-4.645325012637369,-4.885644375240139,55.13978661093266,135.78667829835277,13.02464069013245,57.418130935196096,-5.254481135460165,107.43000862548467,0.0,-4.809166464939896,-0.7237229655810751,6.698687709065965,0,1,11,-0.5000000000000004,0.8660254037844384,107,2.212855637513167,2.4312896405919826,2.3199358779633896,0.10794343506284937,2.3596744045040827,0.08934593003709015,1.2584788988822009,1.2191934619208322,1.2941465576286084,0.0724421921463868,1.1496281278262819,0.20241538286217195,0.1,0.2,0.36666666666666675,0.3055050463303905,0.28333333333333327,0.21369760566432852,2.2140064782004067,0.4250502290579551,0.04709429058776019,2.5623994964560497,1.5344704829495868,3.290264933292368,6.431598062953992,16.12214743063538,6.862166150097021,1.0494635336029212,11.297641163811269,5.307538666735311,0.3648737157076809,-0.7333021578892596,-2.3244090687765073,2.525330358850248,-2.625315532391046,2.1134145572324665,-2.6368658965344016,-1.9514470163725208,-3.3760694450813573,1.3074231184958411,-3.4304030846363465,1.196447502207583,-19.638255371525386,-7.510681398318086,13.82193332715493,38.00323749671183,17.499649045658412,36.36046166971678,116.98005384911258,197.25181867008607,136.38126031059429,19.705226421126817,155.62647540789874,30.828487285954854,16.17266187050359,1.3210247418161236,11.775702797796399,5.136596513541784,7.12263635095501,6.085293223134988,58.30421389337259,59.14213837607451,58.25006527636139,0.806224984383102,63.67712857056741,8.85206145267516,-0.5948475954806076,-1.3713778132279586,0.34674291842783855,6.126529444404274,-1.0178330188595925,4.990847516785856,4.615786968955127,31.93372866075837,45.79086502685879,54.376231273868335,38.285465759849025,35.43237008447947,0.0,0.0,0.010752688172043,0.018624202231923324,0.0161290322580645,0.026989033114002407,-5.11817310763335,-8.575031525851195,-6.00975482333908,1.8184479620110732,-6.229744269717258,1.654438118425373,2.00875611640483,-1.1925042589437829,0.5691489813090723,1.3721366167280569,0.07175970474043918,1.1207127356332367,0.0,0.0,0.0,0.0,0.0,0.0,-0.5000000000000004,0.8660254037844384,2013,-1.1123470522803158
2013-12-01,2.1874999999999867,1.5065839380743118,-0.3,64.78,-9.463634425085004,6.581112207963136,36814.76075268817,51707.0,38609.29166666666,33497.729166666664,1030.2950268817203,110.09475806451611,2434.0,3284.4193548387098,401.6599462365592,1087.16061827957,0.064516129032258,-5.030583918816712,-7.276965838787774,29.001990045564877,195.7591623036649,16.738609112709835,62.76396770841659,7.605306178298554,2.337764377592544,1.1947,-2.948822095857029,0.0753895124811609,2.1008403361344463,1.3809377772129368,0.0,0.535061822850209,5.967261904761889,-1.4958329000655746,-2.0752612976998264,3.27033563202479,205.2821822738445,16.268585131894486,58.98553396919055,-10.07906618813804,25.69252461055473,0.0,-4.035369774919618,1.195219123505975,3.943257620535357,0,1,12,-2.4492935982947064e-16,1.0,108,2.318229715489984,2.428722280887019,2.2106418963791987,0.10871159575458013,2.321396381430448,0.1394752001243457,1.3775069830726958,1.2464537909309283,1.3389745530559445,0.06973238374494375,1.2321576989820153,0.17197157048575948,0.7,0.3,0.2666666666666668,0.3785938897200191,0.24999999999999992,0.2428991560298228,0.7084189445604255,-2.781142550997572,1.1524957485370206,0.923372592621517,1.3981417581849875,3.3161303371200024,6.096464949071279,8.05843543826581,6.165108305595713,0.23965798493399298,9.170395754465899,4.167993854953337,-4.645325012637369,-2.692775909399836,-1.925428065665087,2.5325751378996575,-2.0451228376050974,1.7921063958414631,-4.885644375240139,-2.6056980634695304,-3.1992571898247886,1.4872041674591445,-3.015735625914715,1.1557481805393217,55.13978661093266,5.964268742057488,12.923955623810697,38.31231100954261,6.343441236598644,25.643701529742845,135.78667829835277,156.3770487843175,152.68297147376995,46.51268658534422,166.29005481901612,35.5813662926562,13.02464069013245,6.129805832753155,15.155295897510177,1.845824755377195,9.243441590480975,6.767674000870026,57.418130935196096,59.02785100051548,58.23595959925308,0.7859275112696158,60.211003611801,4.058222859571014,-5.254481135460165,6.889557486224285,-5.3094649730262695,4.74234836290231,-2.9309698472062564,5.980693192408841,107.43000862548467,25.326799486136565,45.91277340166484,54.30777927321995,38.107806536979325,35.504325474788395,0.0,0.032258064516129,0.0,0.0,0.0053763440860215,0.013169299692382666,-4.809166464939896,-8.10192489744399,-4.654236449164288,0.557779747458728,-6.014042233275672,1.8661002399315196,-0.7237229655810751,0.4224137931034599,0.8267507581099106,1.4030100447237905,0.23266501965101094,1.213410929771898,0.0,0.0,0.0,0.0,0.0,0.0,-2.4492935982947064e-16,1.0,2013,3.8932146829810943
2014-01-01,2.083333333333326,1.541247096681439,0.6,59.77,-8.049305090702044,-4.870284895750432,38265.16599462365,51208.0,39829.37768817204,34750.77620967742,920.8561827956988,135.5013440860215,2489.1612903225805,3400.032258064516,418.0248655913978,2241.010752688172,0.032258064516129,-5.259463405979381,-7.852875548837545,21.7701106319145,192.36837144555776,19.38423454784559,64.07889411251908,22.70280293451008,149.28786089140735,1.2097,0.8083333333333442,1.2555453251862358,2.1874999999999867,1.5065839380743118,-0.3,-9.463634425085004,6.581112207963136,-5.030583918816712,-7.276965838787774,29.001990045564877,195.7591623036649,16.738609112709835,62.76396770841659,7.605306178298554,2.337764377592544,0.064516129032258,-2.948822095857029,0.0753895124811609,-0.2825328236662816,0,1,1,0.49999999999999994,0.8660254037844387,109,2.1008403361344463,2.212855637513167,2.2021900172081383,0.10943666213080934,2.279906268436098,0.13537439284127445,1.3809377772129368,1.2584788988822009,1.4216762327866481,0.0735522358601057,1.3315258083489843,0.10990251595227014,0.0,0.1,0.13333333333333344,0.5131601439446889,0.16666666666666655,0.3326659986633243,0.535061822850209,2.2140064782004067,-2.740051219224783,5.823438976885207,-1.393706583568928,4.278113208229535,5.967261904761889,6.431598062953992,6.2149463539320955,0.32362235885932933,8.209503332275247,3.94811197319706,-1.4958329000655746,0.3648737157076809,-3.7239139438398845,1.9391660474073562,-2.372157697183512,2.1578901381577267,-2.0752612976998264,-2.6368658965344016,-4.745957170575913,2.6036641334000636,-3.5719804146840324,2.10366667267402,3.27033563202479,-19.638255371525386,29.137370762840785,25.934990498692837,11.03790737678939,26.977168511274872,205.2821822738445,116.98005384911258,178.94267429195406,37.67627861118516,167.9061573632297,36.85640855817944,16.268585131894486,16.17266187050359,15.343944978245593,2.0222783985594894,11.609221229968272,6.4299249579471,58.98553396919055,58.30421389337259,59.72254420426774,2.748068551758626,59.27363931379431,1.8289777674503154,-10.07906618813804,-0.5948475954806076,-2.5760803817665487,9.141369123207767,-0.4674848446306548,6.861881665230561,25.69252461055473,4.615786968955127,45.153432537877315,55.1827885602018,32.889435454913674,38.468177021788954,0.0,0.0,0.021505376344086,0.03724840446384675,0.0161290322580645,0.026989033114002407,-4.035369774919618,-5.11817310763335,-3.931119445238848,0.9345434132898598,-5.598081311107514,2.2558725823543235,1.195219123505975,2.00875611640483,0.18229522346868754,0.963927543230681,0.2975918868284282,1.1884647770511558,0.0,0.0,0.0,0.0,0.0,0.0,0.49999999999999994,0.8660254037844387,2014,3.8932146829810943
2014-02-01,1.9750519750519668,1.5298637832881568,0.6,55.76,-6.944709638389448,-15.155203895313452,37507.78422619047,50899.0,38996.92633928572,34100.61681547619,1170.125744047619,277.52901785714283,2524.0,3948.071428571429,400.4657738095238,2345.1555059523807,0.0,-7.170758405006794,-3.185985468102104,74.99680083856974,207.31628945482103,21.05515587529976,71.03646743923385,8.342492280316115,145.204572541722,1.2122,4.554079696394675,0.206662808960889,2.083333333333326,1.541247096681439,0.6,-8.049305090702044,-4.870284895750432,-5.259463405979381,-7.852875548837545,21.7701106319145,192.36837144555776,19.38423454784559,64.07889411251908,22.70280293451008,149.28786089140735,0.032258064516129,0.8083333333333442,1.2555453251862358,-2.9059542751863288,0,1,2,0.8660254037844386,0.5000000000000001,110,2.1874999999999867,2.318229715489984,2.123891223155919,0.05577796299142543,2.221913550559655,0.13204256334619496,1.5065839380743118,1.3775069830726958,1.4762562706562292,0.08434805887144019,1.3852014141424187,0.1220416763611608,-0.3,0.7,0.1000000000000001,0.45825756949558455,0.23333333333333325,0.37771241264574146,-9.463634425085004,0.7084189445604255,-5.659292564312273,5.410878077710047,-2.806099136862261,4.909811847906697,6.581112207963136,6.096464949071279,2.5593630723248584,6.441580143553627,4.710764611210945,4.7531427160889805,-5.030583918816712,-4.645325012637369,-3.928626741620556,2.109967028543781,-3.1265179051985323,2.2591494009269444,-7.276965838787774,-4.885644375240139,-5.735034228441715,3.1825102398854415,-4.555551836761537,2.5307123720094196,29.001990045564877,55.13978661093266,18.014145436501398,13.27064299973174,15.918039381828153,25.56197963879267,195.7591623036649,135.78667829835277,197.80323867435573,6.6951709226749605,167.09224949247502,36.12542501667677,16.738609112709835,13.02464069013245,17.463809597483305,1.6796590809196552,14.619756197639852,4.624793945443592,62.76396770841659,57.418130935196096,61.942798596708734,2.6441101373923885,60.096431936535055,2.673464170433821,7.605306178298554,-5.254481135460165,6.7430143082235325,16.407936989320305,3.5448786133256847,11.617899552803813,2.337764377592544,107.43000862548467,59.10604995985154,78.96790787120058,52.44845749335517,61.07593835041032,0.064516129032258,0.0,0.032258064516129,0.03225806451612897,0.021505376344086,0.026338599384765325,-2.948822095857029,-4.809166464939896,-2.0586195124811013,2.541596039856004,-4.03418716791009,2.9308746888180113,0.0753895124811609,-0.7237229655810751,0.8420513203911245,0.6646334015328335,0.7056001508500979,0.9757772734402816,0.0,0.0,0.0,0.0,0.0,0.0,0.8660254037844386,0.5000000000000001,2014,6.4189189189189255
2014-03-01,1.869158878504673,1.1060276006049383,0.4,52.45,-6.119643160996223,-21.23441958251989,35185.30080753701,49461.0,36675.45827725437,32012.99192462988,825.6123822341857,520.9838492597578,2524.0,4508.343203230148,404.6742934051144,1777.907133243607,0.0,-11.259691017128604,-7.499392193899501,17.402533772630303,232.1001900333309,19.45101751064837,76.43961325175297,12.265563450487814,25.06420145695296,1.2021,3.3264569365652363,-0.8331958422702512,1.9750519750519668,1.5298637832881568,0.6,-6.944709638389448,-15.155203895313452,-7.170758405006794,-3.185985468102104,74.99680083856974,207.31628945482103,21.05515587529976,71.03646743923385,8.342492280316115,145.204572541722,0.0,4.554079696394675,0.206662808960889,-2.8962523996327483,0,1,3,1.0,6.123233995736766e-17,111,2.083333333333326,2.1008403361344463,2.0819617694617594,0.10623065337591296,2.1463018329204795,0.11920082896659118,1.541247096681439,1.3809377772129368,1.5258982726813024,0.017668548240746956,1.4324364128686236,0.11203595968906022,0.6,0.0,0.3000000000000001,0.5196152422706638,0.28333333333333327,0.4070217029430579,-8.049305090702044,0.535061822850209,-8.152549718058824,1.2626322148850762,-3.500026984760907,5.191714953902273,-4.870284895750432,5.967261904761889,-4.481458861033588,10.873373381767996,0.8418247222810686,9.017754243142118,-5.259463405979381,-1.4958329000655746,-5.820268576600962,1.1751440496303847,-3.872848321133025,2.7692769685034793,-7.852875548837545,-2.0752612976998264,-6.105275618575807,2.5445253458203103,-4.652266404200298,2.451129764203455,21.7701106319145,3.27033563202479,41.92296717201638,28.87012080015466,27.42346139791353,34.24630813963554,192.36837144555776,205.2821822738445,198.48127440134792,7.836930770837762,175.58212293755892,38.97671566762065,19.38423454784559,16.268585131894486,19.0593331786184,2.1765373103167094,17.107314538064283,2.7982504541213933,64.07889411251908,58.98553396919055,65.95977642005651,4.445430422235332,62.097868009654796,5.103823798050817,22.70280293451008,-10.07906618813804,12.883533797708251,8.511721072906678,3.78703441234099,11.716282120571302,149.28786089140735,25.69252461055473,98.94339927024062,83.68784159418755,72.42808633595274,69.46128469959825,0.032258064516129,0.0,0.032258064516129,0.03225806451612897,0.0161290322580645,0.026989033114002407,0.8083333333333442,-4.035369774919618,0.8045303112903296,3.7514523418638785,-1.9248530689369792,3.833176950193342,1.2555453251862358,1.195219123505975,0.5125325488760959,0.6468068946078291,0.6696416534930028,0.9921383284136677,0.0,0.0,0.0,0.0,0.0,0.0,1.0,6.123233995736766e-17,2014,7.630979498861046
2014-04-01,1.9668737060041463,0.983746155057004,0.2,48.61,-7.603106378494213,-24.752321981424146,32213.713194444445,42043.0,33512.04375,29239.906944444443,634.0590277777778,719.6222222222223,2524.0,4591.6625,348.0493055555556,2311.698611111111,0.0666666666666666,-8.817412910552147,-8.960394967627384,-19.89919903146849,49.76226056242361,22.504118793833804,74.68525186983666,-2.150310910670528,57.71999023976535,1.2125,3.1914893617021267,0.8651526495299766,1.869158878504673,1.1060276006049383,0.4,-6.119643160996223,-21.23441958251989,-11.259691017128604,-7.499392193899501,17.402533772630303,232.1001900333309,19.45101751064837,76.43961325175297,12.265563450487814,25.06420145695296,0.0,3.3264569365652363,-0.8331958422702512,-3.379656278266585,0,0,4,0.8660254037844387,-0.4999999999999998,112,1.9750519750519668,2.1874999999999867,1.9758480622966548,0.10708944668578617,2.0890190397523973,0.15731184701054707,1.5298637832881568,1.5065839380743118,1.3923794935248448,0.24805332065921315,1.4070278631557465,0.16441910532369816,0.6,-0.3,0.5333333333333334,0.11547005383792919,0.33333333333333326,0.39832984656772435,-6.944709638389448,-9.463634425085004,-7.037885963362565,0.9681994429818558,-4.888968591293679,4.413768879079811,-15.155203895313452,6.581112207963136,-13.753302791194598,8.271651651331517,-3.7691782186312452,12.125562797883543,-7.170758405006794,-5.030583918816712,-7.896637609371592,3.0652664339166935,-5.810275776605739,3.2382056983446925,-3.185985468102104,-7.276965838787774,-6.179417736946384,2.5984062772540413,-5.4626874537611485,2.4553524388756465,74.99680083856974,29.001990045564877,38.05648174770486,32.065703061162175,33.59692625527281,26.53673642740687,207.31628945482103,195.7591623036649,210.5949503112366,20.067799202483293,194.76881230159532,32.08500252596425,21.05515587529976,16.738609112709835,19.963469311264575,0.9460177887341429,17.65370714475508,2.897555064215203,71.03646743923385,62.76396770841659,70.51832493450196,6.19662796607202,65.12043456938486,7.303745343247251,8.342492280316115,7.605306178298554,14.436952888438006,7.422319690613597,5.930436253335728,11.928754081231151,145.204572541722,2.337764377592544,106.51887829669413,70.57135817904526,75.83615541728572,65.87790281544521,0.0,0.064516129032258,0.010752688172043,0.018624202231923327,0.0161290322580645,0.026989033114002407,4.554079696394675,-2.948822095857029,2.896289988764418,1.90956452007573,-0.5174147282372145,3.9739123157056513,0.206662808960889,0.0753895124811609,0.20967076395895848,1.0443738324957241,0.19598299371382258,0.8989850000446971,0.0,0.0,0.0,0.0,0.0,0.0,0.8660254037844387,-0.4999999999999998,2014,7.630979498861046
2014-05-01,2.0703933747411973,0.8368566677491753,0.2,45.64,-6.304474606348923,-30.299328039095908,30651.46438172043,40994.0,31941.89314516129,27781.95564516129,467.7305107526882,835.3091397849462,2701.5806451612902,4710.202956989248,351.6747311827957,2256.7271505376343,0.064516129032258,-3.638212995027657,-2.14127139481034,-33.676363241322925,47.01224293792661,29.228324100791568,73.0333600129168,-2.051649686571721,50.25715464448941,1.2267,4.160652118536135,1.1711340206185472,1.9668737060041463,0.983746155057004,0.2,-7.603106378494213,-24.752321981424146,-8.817412910552147,-8.960394967627384,-19.89919903146849,49.76226056242361,22.504118793833804,74.68525186983666,-2.150310910670528,57.71999023976535,0.0666666666666666,3.1914893617021267,0.8651526495299766,-5.329581993569132,0,0,5,0.49999999999999994,-0.8660254037844387,113,1.869158878504673,2.083333333333326,1.9370281865202614,0.05891861547121652,2.030459704838091,0.11449179926973264,1.1060276006049383,1.541247096681439,1.2065458463166998,0.28659911768344987,1.3414010584864646,0.23984281022400408,0.4,0.6,0.4000000000000001,0.200000000000002,0.24999999999999992,0.3563705936241095,-6.119643160996223,-8.049305090702044,-6.889153059293288,0.743290440896275,-6.274222811802786,3.5193465233878922,-21.23441958251989,-4.870284895750432,-20.38064848641917,4.8551892551255245,-8.91064270704715,13.560972165525868,-11.259691017128604,-5.259463405979381,-9.082620777562516,2.0573268787826335,-6.505623759591535,3.3827382777624,-7.499392193899501,-7.852875548837545,-6.548590876542995,3.0023272016665805,-6.141812552492357,2.802766195571447,17.402533772630303,21.7701106319145,24.16671185991053,47.80824486143477,21.09042864820595,31.560283886892275,232.1001900333309,192.36837144555776,163.05958001685852,98.89778753157889,180.4314093456071,65.51622411285626,19.45101751064837,19.38423454784559,21.00343072659398,1.5272077395049062,19.233620162038644,2.4124930185146454,76.43961325175297,64.07889411251908,74.0537775202745,2.7563682731447807,67.99828805849161,7.059624418965078,12.265563450487814,22.70280293451008,6.152581606711135,7.453263712492152,6.4477979574673325,11.402332994518613,25.06420145695296,149.28786089140735,75.99625474614676,62.1203957998126,67.55115235299915,64.21474382468993,0.0,0.032258064516129,0.0222222222222222,0.03849001794597498,0.027240143369175598,0.032234160797013744,3.3264569365652363,0.8083333333333442,3.690675331554012,0.7507691952162138,0.816027909536456,3.567304765059097,-0.8331958422702512,1.2555453251862358,0.07953987207353874,0.8562809589802626,0.4607955962323312,0.8027508756162929,0.0,0.0,0.0,0.0,0.0,0.0,0.49999999999999994,-0.8660254037844387,2014,7.753705815279366
2014-06-01,1.9648397104446549,0.7611601716726901,0.4,54.51,17.759964608231453,-22.6040039755786,29900.12083333333,38721.0,31167.254166666666,27152.23263888889,435.9694444444444,976.6277777777776,3623.0,4862.834722222222,339.1708333333333,2008.1708333333331,0.0,-1.7262386550024655,-1.9771150827806228,-17.827426023924186,57.4472468025651,71.10068635476354,73.75885856079402,1.8237994571131957,40.783759678449584,1.2436,5.928449744463382,1.377679954349076,2.0703933747411973,0.8368566677491753,0.2,-6.304474606348923,-30.299328039095908,-3.638212995027657,-2.14127139481034,-33.676363241322925,47.01224293792661,29.228324100791568,73.0333600129168,-2.051649686571721,50.25715464448941,0.064516129032258,4.160652118536135,1.1711340206185472,-5.444587628865982,0,0,6,1.2246467991473532e-16,-1.0,114,1.9668737060041463,1.9750519750519668,1.9688086530833384,0.10063120109610975,2.0253852112725492,0.11138098789351812,0.983746155057004,1.5298637832881568,0.9755434744703725,0.13477281161352347,1.2507208735758375,0.31346048636630186,0.2,0.6,0.2666666666666668,0.11547005383792813,0.28333333333333327,0.3371448748930745,-7.603106378494213,-6.944709638389448,-6.675741381946447,0.808421327906476,-7.41414555000264,1.2463558560357961,-24.752321981424146,-15.155203895313452,-25.42868986767999,4.570147313784296,-14.955074364356783,13.685121268054779,-8.817412910552147,-7.170758405006794,-7.905105640902803,3.891781112297203,-6.862687108751882,2.813313558914469,-8.960394967627384,-3.185985468102104,-6.200352852112409,3.5903675277010616,-6.152814235344109,2.783675841741989,-19.89919903146849,74.99680083856974,-12.057676166720356,26.426890484301875,14.932645502648,38.56058509479718,49.76226056242361,207.31628945482103,109.6248978445604,106.07562654435317,154.05308612295414,83.03023008951271,22.504118793833804,21.05515587529976,23.72782013509125,5.002200992449323,21.39357665685482,4.294433945428875,74.68525186983666,71.03646743923385,74.71940837816881,1.7033834802576246,70.33959239911266,5.664335122568371,-2.150310910670528,8.342492280316115,2.6878676177485232,8.294674593233829,7.7857007077283855,9.364074516373382,57.71999023976535,145.204572541722,44.347115447069235,17.111299124896483,71.64525735865494,61.74792966218407,0.0666666666666666,0.0,0.0437275985663082,0.037884473868742045,0.037992831541218595,0.032090364567167545,3.1914893617021267,4.554079696394675,3.5595328056011653,0.5249403612351844,2.182031558445748,2.8313591163166363,0.8651526495299766,0.206662808960889,0.4010302759594248,1.0797646655885311,0.4567814124177599,0.7983922493649188,0.0,0.0,0.0,0.0,0.0,0.0,1.2246467991473532e-16,-1.0,2014,7.753705815279366
2014-07-01,2.063983488132104,0.7168199914688945,0.5,55.62,2.0158677729629373,-21.362929450021216,29983.89314516129,37468.0,31147.73185483871,27316.11827956989,563.991935483871,1025.149193548387,3403.6129032258063,5004.294354838709,363.49663978494624,2571.739247311828,0.0,-3.3921905193978086,-6.198678149409176,61.802613998523135,44.30552901488822,61.11654043488883,75.06080728756474,-0.5857702133916565,16.010749966273742,1.2611,8.715517241379334,1.4072048890318545,1.9648397104446549,0.7611601716726901,0.4,17.759964608231453,-22.6040039755786,-1.7262386550024655,-1.9771150827806228,-17.827426023924186,57.4472468025651,71.10068635476354,73.75885856079402,1.8237994571131957,40.783759678449584,0.0,5.928449744463382,1.377679954349076,-8.575031525851195,0,0,7,-0.4999999999999997,-0.8660254037844388,115,2.0703933747411973,1.869158878504673,2.0007022637299987,0.0603628403901743,1.9882751630133273,0.07893065459785335,0.8368566677491753,1.1060276006049383,0.8605876648262898,0.11317464453884979,1.1264835791755674,0.3384912772048785,0.2,0.4,0.2666666666666668,0.11547005383792813,0.3999999999999999,0.17888543819998368,-6.304474606348923,-6.119643160996223,1.28412787446278,14.283259718224588,-2.876879044449898,10.136880271116238,-30.299328039095908,-21.23441958251989,-25.885217998699556,3.970779917107132,-19.81926039494707,8.822127615097651,-3.638212995027657,-11.259691017128604,-4.727288186860757,3.668889704085203,-6.311962898116174,3.486556570205972,-2.14127139481034,-7.499392193899501,-4.359593815072782,3.985255983962083,-5.269505776009583,3.1697192159146432,-33.676363241322925,17.402533772630303,-23.800996098905188,8.614825476865718,7.127742824399824,39.860683410906894,47.01224293792661,232.1001900333309,51.40725010097179,5.408495109550491,131.00110020610416,88.17598609114485,29.228324100791568,19.45101751064837,40.94437641646297,26.331654070218686,30.45392286386377,20.24252753929695,73.0333600129168,76.43961325175297,73.8258234811825,0.8279794085050466,72.17207420784223,4.349179602131899,-2.051649686571721,12.265563450487814,-0.7927203800430167,2.2665095528056005,6.822116254197493,9.678535137946104,50.25715464448941,25.06420145695296,49.58696818756812,8.48798202285294,78.05292324213111,54.71122088041882,0.064516129032258,0.0,0.0437275985663082,0.037884473868742045,0.0272401433691756,0.032234160797013744,4.160652118536135,3.3264569365652363,4.426863741567214,1.387764211016721,3.6615768651658165,1.7122287430465462,1.1711340206185472,-0.8331958422702512,1.1379888748325337,0.25786626391047796,0.6738298193957458,0.8493627254116769,0.0,0.0,0.0,0.0,0.0,0.0,-0.4999999999999997,-0.8660254037844388,2014,8.095781071835795
2014-08-01,2.061855670103085,0.9011498679111442,0.0,57.91,4.034723243187957,-15.816252362261974,28842.30443548387,36935.0,29988.10483870968,26286.038978494624,906.4737903225806,840.6606182795699,3421.935483870968,5141.82123655914,358.8434139784946,2568.3629032258063,0.032258064516129,-4.445887393743753,-3.875182177805536,93.2641469963692,47.329894976615016,54.64233129728704,76.14190199356581,-6.181761317913637,30.66866706966489,1.2542,7.665894068160362,-0.5471413845056006,2.063983488132104,0.7168199914688945,0.5,2.0158677729629373,-21.362929450021216,-3.3921905193978086,-6.198678149409176,61.802613998523135,44.30552901488822,61.11654043488883,75.06080728756474,-0.5857702133916565,16.010749966273742,0.0,8.715517241379334,1.4072048890318545,-8.10192489744399,0,0,8,-0.8660254037844384,-0.5000000000000004,116,1.9648397104446549,1.9668737060041463,2.0330721911059846,0.05917791162662682,1.9850501888131238,0.07454332052220479,0.7611601716726901,0.983746155057004,0.7716122769635866,0.06069708223516235,0.989079061640143,0.3017937026258018,0.4,0.2,0.36666666666666675,0.1527525231651972,0.3833333333333333,0.1602081978759728,17.759964608231453,-7.603106378494213,4.490452591615163,12.221578711303474,-1.1993502338390678,9.940644555636299,-22.6040039755786,-24.752321981424146,-24.75542048823191,4.841100049977006,-22.568034487325534,4.954314683097341,-1.7262386550024655,-8.817412910552147,-2.918880723142644,1.0401577244110947,-6.00075075035258,3.6774061821701682,-1.9771150827806228,-8.960394967627384,-3.43902154233338,2.391341729119365,-4.993806209438188,2.9654375713872176,-17.827426023924186,-19.89919903146849,3.4329415777586925,51.16699323402514,13.799826718834597,45.72135779228986,57.4472468025651,49.76226056242361,49.58833958512665,6.939264518257703,106.3239598009926,88.28525941410817,71.10068635476354,22.504118793833804,53.81518363014798,21.870208928461714,37.40930717837098,22.698870002773997,73.75885856079402,74.68525186983666,73.95100862042518,1.0272910228745114,74.00239307034984,1.8612698878909852,1.8237994571131957,-2.150310910670528,-0.27120681428339277,1.9567802930747848,2.9406873962138707,6.010954078733121,40.783759678449584,57.71999023976535,35.683888096404246,17.68362451420912,55.84007142127552,46.43476856394006,0.0,0.0666666666666666,0.021505376344086,0.037248404463846745,0.0218637992831541,0.03387807856176941,5.928449744463382,3.1914893617021267,6.268206368126283,2.296361250830442,4.979440849840148,2.0803537259005203,1.377679954349076,0.8651526495299766,1.318672954666493,0.12862244453046512,0.6991064133700156,0.8720891952619065,0.0,0.0,0.0,0.0,0.0,0.0,-0.8660254037844384,-0.5000000000000004,2014,8.095781071835795
2014-09-01,2.16494845360824,0.8675973551154852,0.3,59.46,2.6413736332253275,-15.455708801364986,31120.252083333333,41427.0,32396.63125,28276.397916666665,450.4180555555556,661.9104166666667,3875.2,5304.168055555556,370.2048611111111,2022.3333333333333,0.0,-2.8237161660496946,-2.8606936009566875,-20.462800593522743,60.91743862723549,59.98678886962266,78.29702343491765,2.872586157322621,8.496743227429393,1.2639,6.362029790456969,0.773401371392124,2.061855670103085,0.9011498679111442,0.0,4.034723243187957,-15.816252362261974,-4.445887393743753,-3.875182177805536,93.2641469963692,47.329894976615016,54.64233129728704,76.14190199356581,-6.181761317913637,30.66866706966489,0.032258064516129,7.665894068160362,-0.5471413845056006,-5.11817310763335,0,0,9,-1.0,-1.8369701987210297e-16,117,2.063983488132104,2.0703933747411973,2.030226289559947,0.05663643216778295,1.9995174713216437,0.08040750869298435,0.7168199914688945,0.8368566677491753,0.7930433436842429,0.09621215271701039,0.8842934090773077,0.1447759819629986,0.5,0.2,0.3000000000000001,0.2645751311064604,0.28333333333333327,0.18348478592697232,2.0158677729629373,-6.304474606348923,7.936851874794122,8.566743966220672,0.6305552464238331,9.678606480096123,-21.362929450021216,-30.299328039095908,-19.927728595953937,3.6143110145161224,-22.678209231816954,4.760038729428253,-3.3921905193978086,-3.638212995027657,-3.1881055227146766,1.3712623125929186,-5.5466055818087385,3.672268407522032,-6.198678149409176,-2.14127139481034,-4.016991803331778,2.1143512382760496,-5.108672327722093,2.8938914454256253,61.802613998523135,-33.676363241322925,45.746444990322736,57.259801095058954,16.844384411801176,50.92367888976046,44.30552901488822,47.01224293792661,49.69422359802278,6.882494022886597,79.65956072129157,74.81489572937717,61.11654043488883,29.228324100791568,62.28651936231315,8.2913208126,43.00716974870219,21.98952459838853,75.06080728756474,73.0333600129168,74.98718928064152,1.1932261762026117,74.85329882940516,1.3234929464338137,-0.5857702133916565,-2.051649686571721,-1.6479106913973647,4.10711061780975,0.5199784631755785,6.317253023082409,16.010749966273742,50.25715464448941,29.154392238129407,12.455732565668555,36.75075384259933,15.76142075285117,0.0,0.064516129032258,0.010752688172043,0.018624202231923313,0.027240143369175598,0.032234160797013744,8.715517241379334,4.160652118536135,7.4366203513343585,1.4076083034750302,5.498076578467763,2.32643756819945,1.4072048890318545,1.1711340206185472,0.7459144862917771,1.1199165344768607,0.5734723811256006,1.0018609915852825,0.0,0.0,0.0,0.0,0.0,0.0,-1.0,-1.8369701987210297e-16,2014,8.095781071835795
2014-10-01,2.162718846549949,0.8643121167206221,0.4,55.4,-7.072422381671357,-21.78455456727375,32364.828187919466,46235.0,33654.95167785235,29487.27449664429,1213.4630872483222,412.59194630872486,3902.53288590604,5472.946308724832,395.33892617449663,1872.5812080536912,0.0,-3.187472501228439,-1.7008610609120844,50.35791980733535,67.24485965036374,65.6026861999043,79.0677931860742,11.530283608851157,35.5392528340309,1.2678,7.468000339069269,0.3085687158794314,2.16494845360824,0.8675973551154852,0.3,2.6413736332253275,-15.455708801364986,-2.8237161660496946,-2.8606936009566875,-20.462800593522743,60.91743862723549,59.98678886962266,78.29702343491765,2.872586157322621,8.496743227429393,0.0,6.362029790456969,0.773401371392124,-4.809166464939896,0,0,10,-0.8660254037844386,0.5000000000000001,118,2.061855670103085,1.9648397104446549,2.096929203947809,0.05891600500434152,2.0488157338389046,0.07499196267177574,0.9011498679111442,0.7611601716726901,0.8285224048318414,0.09818102995006026,0.8445550348290655,0.0963725074540213,0.0,0.4,0.2666666666666668,0.2516611478423597,0.2666666666666666,0.17511900715418316,4.034723243187957,17.759964608231453,2.8973215497920823,1.0334777957993835,2.090724712127425,9.100140216683672,-15.816252362261974,-22.6040039755786,-17.544963537882733,3.311366137187194,-21.715090768291137,5.617904313817386,-4.445887393743753,-1.7262386550024655,-3.5539313597304196,0.823091700579759,-4.140609773295588,2.46339654064348,-3.875182177805536,-1.9771150827806228,-4.311517976057133,1.7112354917000059,-4.335555895564958,2.7431606318611483,93.2641469963692,-17.827426023924186,44.86798680045655,58.72427820571002,10.533495350775667,53.13879177438309,47.329894976615016,57.4472468025651,50.85095420624625,8.848009878834594,51.12910215360901,6.565704745605984,54.64233129728704,71.10068635476354,58.58188686726618,3.4582015870277467,49.76313164186458,19.376547633330645,76.14190199356581,73.75885856079402,76.4999109053494,1.647544088191485,75.16286719326594,1.8722189069093451,-6.181761317913637,1.8237994571131957,-1.2983151246608895,4.569036248325345,-1.0455177523519537,3.2375841194204753,30.66866706966489,40.783759678449584,18.392053421122675,11.27614767210144,33.98951080434541,19.27733773747755,0.032258064516129,0.0,0.010752688172043,0.018624202231923313,0.027240143369175598,0.032234160797013744,7.665894068160362,5.928449744463382,7.581147033332221,1.179030254211695,6.004005387449717,2.076355379915059,-0.5471413845056006,1.377679954349076,0.5444882919727932,0.9970798552118821,0.8412385834026631,0.7279685306724857,0.0,0.0,0.0,0.0,0.0,0.0,-0.8660254037844386,0.5000000000000001,2014,8.59106529209621
2014-11-01,2.160493827160481,0.6934219641407177,0.0,58.28,5.067938757376603,-18.15756214014884,35667.69236111111,50424.0,37061.595138888886,32430.902777777777,906.1486111111112,226.54166666666663,3954.5666666666666,5725.5,390.4645833333333,2475.26875,0.0,-4.945870580380751,-2.6770376946980368,36.65954142190002,28.751401101937056,63.12872975277068,81.09883389916286,6.4588871469793085,50.99649407602214,1.2646,5.930641648517332,-0.2524057422306436,2.162718846549949,0.8643121167206221,0.4,-7.072422381671357,-21.78455456727375,-3.187472501228439,-1.7008610609120844,50.35791980733535,67.24485965036374,65.6026861999043,79.0677931860742,11.530283608851157,35.5392528340309,0.0,7.468000339069269,0.3085687158794314,-4.035369774919618,0,1,11,-0.5000000000000004,0.8660254037844384,119,2.16494845360824,2.063983488132104,2.1298409900870907,0.05888756733733302,2.0814565905965385,0.07481422633053657,0.8675973551154852,0.7168199914688945,0.8776864465824171,0.02038620374576439,0.8246493617730019,0.07081957410285533,0.3,0.5,0.2333333333333334,0.20816659994661488,0.29999999999999993,0.1788854381999837,2.6413736332253275,2.0158677729629373,-0.13210850175268232,6.050729158352681,2.179172044931234,8.988979093106485,-15.455708801364986,-21.362929450021216,-17.685505243633575,3.5544552231034903,-21.220462865932742,5.424322180745364,-2.8237161660496946,-3.3921905193978086,-3.485692020340629,0.8512115096580197,-3.202286371741636,0.904974123563702,-2.8606936009566875,-6.198678149409176,-2.8122456132247695,1.0879698918070408,-3.1256335777790745,1.6966826220467617,-20.462800593522743,61.802613998523135,41.05308873672728,57.4316076996624,22.243015157242976,52.831457915811995,60.91743862723549,44.30552901488822,58.497397751404755,10.175652454241215,54.0428686682657,9.191861247642532,59.98678886962266,61.11654043488883,60.077268788938,5.480737620036349,56.94622620954299,14.66635341639087,78.29702343491765,75.06080728756474,77.83557287151922,1.516546169161131,75.89329074597221,2.4226117060310512,2.872586157322621,-0.5857702133916565,2.7403694827533815,8.85676265961266,1.2345813342349938,5.969034353016591,8.496743227429393,16.010749966273742,24.90155437704173,14.414195192980731,30.292721236722997,15.59068490287628,0.0,0.0,0.010752688172043,0.018624202231923313,0.0161290322580645,0.026989033114002404,6.362029790456969,8.715517241379334,7.165308065895533,0.7026609942548141,6.716757217010908,1.5963209024838694,0.773401371392124,1.4072048890318545,0.17827623425531888,0.669843556820769,0.7484745944609056,0.7591080644532036,0.0,0.0,0.0,0.0,0.0,0.0,-0.5000000000000004,0.8660254037844384,2014,6.636670416197976
2014-12-01,1.325178389398585,0.6839854012683279,0.1,46.66,-22.237171473372022,-27.97159617165793,36631.04905913978,50904.0,37992.69086021505,33298.55846774193,1404.6344086021506,209.5288978494624,4039.0,5948.322580645161,394.3266129032258,2282.5967741935483,0.064516129032258,-0.4990163993798924,-1.5529812211112604,36.33322222794784,90.3168702425208,65.94083812654068,81.10728070950822,-1.8257566884735787,109.9594793827019,1.2686,6.185653302084182,0.3163055511624213,2.160493827160481,0.6934219641407177,0.0,5.067938757376603,-18.15756214014884,-4.945870580380751,-2.6770376946980368,36.65954142190002,28.751401101937056,63.12872975277068,81.09883389916286,6.4588871469793085,50.99649407602214,0.0,5.930641648517332,-0.2524057422306436,-2.948822095857029,0,1,12,-2.4492935982947064e-16,1.0,120,2.162718846549949,2.061855670103085,2.16272037577289,0.0022273136186356755,2.096473332666419,0.08094111077990804,0.8643121167206221,0.9011498679111442,0.8084438119922751,0.09962538486860055,0.8007435778382589,0.08799971922396964,0.4,0.0,0.2333333333333334,0.20816659994661488,0.2666666666666666,0.2160246899469291,-7.072422381671357,4.034723243187957,0.2122966696435329,6.424360148519004,4.074574272218822,7.985313277228923,-21.78455456727375,-15.816252362261974,-18.46594183626253,3.1756724815213624,-19.196835216108227,3.146474548931132,-3.187472501228439,-4.445887393743753,-3.6523530825529615,1.1348877943372682,-3.420229302633819,1.1541187085018894,-1.7008610609120844,-3.875182177805536,-2.412864118855603,0.623412895973916,-3.2149279610936907,1.6479131067799924,50.35791980733535,93.2641469963692,22.184886878570893,37.56368362708413,33.9656659344468,45.19325354329549,67.24485965036374,47.329894976615016,52.30456645984543,20.64153005432346,50.99939502893411,13.835489212299501,65.6026861999043,54.64233129728704,62.90606827409922,2.814562009732596,62.596293818206185,5.548175944025346,79.0677931860742,76.14190199356581,79.48788350671823,1.4473743041338663,77.23753639367987,2.735753459088263,11.530283608851157,-6.181761317913637,6.9539189710510305,4.350025709198012,2.653004139826832,6.04267114623797,35.5392528340309,30.66866706966489,31.677496712494143,21.511440579451737,30.415944475311786,15.781785598549126,0.0,0.032258064516129,0.0,0.0,0.0053763440860215,0.013169299692382648,7.468000339069269,7.665894068160362,6.586890592681189,0.7929626227866469,7.011755472007774,1.1227967499424494,0.3085687158794314,-0.5471413845056006,0.2765214483469712,0.5136539001185269,0.5112179673193737,0.8205609645492375,0.0,0.0,0.0,0.0,0.0,0.0,-2.4492935982947064e-16,1.0,2014,8.13704496788008
2015-01-01,1.4285714285714235,0.7374636366430789,-0.1,43.25,-7.589003321539549,-27.639283921699853,37972.21169354839,52516.0,39288.659274193546,34635.91061827957,1896.0114247311828,256.4193548387097,4053.58064516129,6075.387096774193,383.89381720430106,2144.8568548387098,0.032258064516129,-0.7655900437395946,2.554288392438675,105.89658408709752,89.23749913205639,62.84925612980148,78.68616047286079,-8.164836878497672,-4.290648660838514,1.3045,7.836653715797315,2.8298912186662584,1.325178389398585,0.6839854012683279,0.1,-22.237171473372022,-27.97159617165793,-0.4990163993798924,-1.5529812211112604,36.33322222794784,90.3168702425208,65.94083812654068,81.10728070950822,-1.8257566884735787,109.9594793827019,0.064516129032258,6.185653302084182,0.3163055511624213,0.8083333333333442,0,1,1,0.49999999999999994,0.8660254037844387,121,2.160493827160481,2.16494845360824,1.8827970210363378,0.4829131820938369,1.989863112492074,0.3292814485539692,0.6934219641407177,0.8675973551154852,0.7472398273765558,0.10149730478641056,0.7878811161041984,0.09979250586952253,0.0,0.3,0.16666666666666674,0.20816659994661474,0.2166666666666666,0.21369760566432852,5.067938757376603,2.6413736332253275,-8.08055169922225,13.680442416786537,-2.5916150747150906,10.556663428886802,-18.15756214014884,-15.455708801364986,-22.637904293026846,4.962355318669969,-20.091433915454783,4.692276639535449,-4.945870580380751,-2.8237161660496946,-2.877453160329694,2.2395785363701175,-3.2156922600300564,1.5538866154042594,-2.6770376946980368,-2.8606936009566875,-1.9769599922404606,0.6107771310908419,-3.144238984148797,1.719185428831799,36.65954142190002,-20.462800593522743,41.116894485727755,8.004625712675741,42.99244064309213,37.54020726499453,28.751401101937056,60.91743862723549,62.10437699827387,31.102976851857594,56.47766560226005,21.360356656887266,63.12872975277068,59.98678886962266,64.89075135973854,1.5352937142250707,61.73631911350237,4.203218452269295,81.09883389916286,78.29702343491765,80.42463593158175,1.1750678758838784,78.46227341846559,2.501822210716013,6.4588871469793085,2.872586157322621,5.387804689118965,6.742133662987746,2.0447447822290363,6.320145795510365,50.99649407602214,8.496743227429393,65.49840876425164,39.27240350558981,41.94523109268717,36.51700819463746,0.0,0.0,0.021505376344086,0.037248404463846745,0.0161290322580645,0.026989033114002404,5.930641648517332,6.362029790456969,6.52809842989026,0.823904991502405,7.05462273161124,1.077147213017158,-0.2524057422306436,0.773401371392124,0.1241561749370703,0.3261351295871067,0.33432223345493134,0.7022938635297791,0.0,0.0,0.0,0.0,0.0,0.0,0.49999999999999994,0.8660254037844387,2015,7.922912205567445
2015-02-01,1.4271151885830946,0.816148838572665,0.3,47.78,9.960990851977517,-14.311334289813482,38506.00818452381,52192.0,39886.723958333336,35107.796875,1331.5364583333333,432.3497023809524,4098.75,7248.857142857143,378.86830357142856,2113.8058035714284,0.0,2.661378108377588,2.540324957268325,13.79430502292629,55.78540425041356,62.391045958795566,83.60501510683336,-5.39308766206018,-9.865004763809893,1.3503,11.392509486883371,3.5109237255653625,1.4285714285714235,0.7374636366430789,-0.1,-7.589003321539549,-27.639283921699853,-0.7655900437395946,2.554288392438675,105.89658408709752,89.23749913205639,62.84925612980148,78.68616047286079,-8.164836878497672,-4.290648660838514,0.032258064516129,7.836653715797315,2.8298912186662584,4.554079696394675,0,1,2,0.8660254037844386,0.5000000000000001,122,1.325178389398585,2.162718846549949,1.6380812150434958,0.4553665920020052,1.883961102565294,0.39607940414095494,0.6839854012683279,0.8643121167206221,0.7049570006840415,0.028544232617814504,0.7913217236332294,0.0971740019329848,0.1,0.4,7.401486830834377e-17,0.10000000000000238,0.11666666666666659,0.19407902170679567,-22.237171473372022,-7.072422381671357,-8.25274534584498,13.664650609673664,-4.1924269237988385,10.445909375395043,-27.97159617165793,-21.78455456727375,-24.589480744502215,5.572682527978212,-21.137492994067888,5.6369353651839695,-0.4990163993798924,-3.187472501228439,-2.0701590078334124,2.4940034409216167,-2.777925514087021,1.8381963420294785,-1.5529812211112604,-1.7008610609120844,-0.5585768411235409,2.7537834356923048,-1.685411227174155,2.2428793009816754,36.33322222794784,50.35791980733535,59.62978257898181,40.06855765307281,50.34143565785453,45.44314707828753,90.3168702425208,67.24485965036374,69.43525682550477,35.23738565643589,63.96632728845474,23.957836476793034,65.94083812654068,65.6026861999043,63.97294133637095,1.7099677508815527,62.02510506265447,4.211634980211467,81.10728070950822,79.0677931860742,80.29742502717728,1.395402427224589,79.06649894934826,1.8753770015972442,-1.8257566884735787,11.530283608851157,-1.1772354733306465,7.333400365328206,0.7815670047113672,7.5823934788655185,109.9594793827019,35.5392528340309,52.22177493262851,57.13491860826442,38.56166465483512,40.15950092241221,0.064516129032258,0.0,0.032258064516129,0.03225806451612896,0.021505376344086,0.026338599384765325,6.185653302084182,7.468000339069269,6.65098288879961,1.0347073104790983,6.9081454773475715,0.8397022048443913,0.3163055511624213,0.3085687158794314,0.964597009199346,1.6402286425103312,0.571436621727332,1.2004608550314375,0.0,0.0,0.0,0.0,0.0,0.0,0.8660254037844386,0.5000000000000001,2015,6.878306878306884
2015-03-01,1.325178389398585,0.8348006692482295,0.2,45.1,-5.7724895389030815,-14.013346043851293,35321.95356662181,49448.0,36593.757065948856,32170.367429340517,1514.8405114401078,780.3411843876178,4141.85733512786,8440.320323014805,371.9555854643338,2280.968371467025,0.0,0.3883802495601385,-0.0262833343442348,83.48083725934501,49.782221751474445,64.0989435470626,87.21556772713011,-8.085195544661461,28.2951358266748,1.3825,15.007070959154834,2.384655261793678,1.4271151885830946,0.816148838572665,0.3,9.960990851977517,-14.311334289813482,2.661378108377588,2.540324957268325,13.79430502292629,55.78540425041356,62.391045958795566,83.60501510683336,-5.39308766206018,-9.865004763809893,0.0,11.392509486883371,3.5109237255653625,3.3264569365652363,0,1,3,1.0,6.123233995736766e-17,123,1.4285714285714235,2.160493827160481,1.3936216688510337,0.05927809068604725,1.7781710223119622,0.42292007221365213,0.7374636366430789,0.6934219641407177,0.7458659588280239,0.06648114622656465,0.7771548854101494,0.08314313175195027,-0.1,0.0,0.10000000000000007,0.20000000000000137,0.1666666666666666,0.19663841605003549,-7.589003321539549,5.067938757376603,-6.621727980978011,16.120860103317476,-3.2047156556672447,11.596248591377964,-27.639283921699853,-18.15756214014884,-23.307404794390425,7.792597208270988,-20.886673315326473,5.946067259675607,-0.7655900437395946,-4.945870580380751,0.4655905550860336,1.906273225788854,-1.5933812637334641,2.6563089254959533,2.554288392438675,-2.6770376946980368,1.1805440428652465,2.3673126158111812,-0.6161600379951782,2.5041764572319463,105.89658408709752,36.65954142190002,52.008037112657235,48.01023139348578,37.09646199561404,41.87160309090339,89.23749913205639,28.751401101937056,78.44659120833025,19.63258277085757,65.37557883408785,23.013606086046067,62.84925612980148,63.12872975277068,63.72704673837925,1.9308400692256715,63.31655750623923,2.205031238659854,78.68616047286079,81.09883389916286,81.13281876306745,2.45952675741282,80.31035113489284,2.017277694898777,-8.164836878497672,6.4588871469793085,-5.1278937430104765,3.1778499453112183,0.9130126140202766,7.443093517855115,-4.290648660838514,50.99649407602214,31.9346086526845,67.62897826239967,31.80605268258933,44.88416360604719,0.032258064516129,0.0,0.032258064516129,0.03225806451612896,0.0161290322580645,0.026989033114002404,7.836653715797315,5.930641648517332,8.471605501588288,2.6608665242745415,7.52924804713474,2.036969621475319,2.8298912186662584,-0.2524057422306436,2.219040165131348,1.6826320385811968,1.2477808067391591,1.5394966879029146,0.0,0.0,0.0,0.0,0.0,0.0,1.0,6.123233995736766e-17,2015,6.666666666666665
2015-04-01,1.2182741116751217,0.7903048872146248,0.3,42.6,-5.702799323330791,-12.363711170541036,31044.95902777778,42097.0,32191.72847222222,28147.5375,979.6409722222222,1618.7284722222223,4005.8,8493.958333333334,332.77430555555554,2548.545833333333,0.0666666666666666,-3.6281261946177312,0.1284399305472972,54.50311868527837,124.94142374085166,58.70839936608559,84.9865562491436,-4.388746007011313,10.245592616780709,1.3856,14.276288659793824,0.2242314647377785,1.325178389398585,0.8348006692482295,0.2,-5.7724895389030815,-14.013346043851293,0.3883802495601385,-0.0262833343442348,83.48083725934501,49.782221751474445,64.0989435470626,87.21556772713011,-8.085195544661461,28.2951358266748,0.0,15.007070959154834,2.384655261793678,3.1914893617021267,0,0,4,0.8660254037844387,-0.4999999999999998,124,1.4271151885830946,1.325178389398585,1.393621668851034,0.05927809068604725,1.6382093449436865,0.40801393474468517,0.816148838572665,0.6839854012683279,0.7961377148213243,0.05166196167816819,0.7716887710989401,0.07684767715622602,0.3,0.1,0.13333333333333341,0.20816659994661466,0.1499999999999999,0.18708286933869758,9.960990851977517,-22.237171473372022,-1.133500669488363,9.650944884856386,-4.6070261843553135,11.251513327492297,-14.311334289813482,-27.97159617165793,-18.654654751788215,7.782343492759661,-20.646279522407525,6.231839158030037,2.661378108377588,-0.4990163993798924,0.7613894380660439,1.743668423163876,-1.0580318611318251,2.6823104356083016,2.540324957268325,-1.5529812211112604,1.6894433384542549,1.485879287221722,-0.14375832689310272,2.2505795695824706,13.79430502292629,36.33322222794784,67.72390878978963,48.0303867181978,54.420401637758665,34.07017457385314,55.78540425041356,90.3168702425208,64.93504171131481,21.259506756835354,63.51970935479432,23.87778292587226,62.391045958795566,65.94083812654068,63.113081878553224,0.8839861776527607,64.00191661914589,1.484404249451193,83.60501510683336,81.10728070950822,83.16891443560809,4.281394033797533,81.79677518359493,3.184928116443059,-5.39308766206018,-1.8257566884735787,-7.21437336173977,1.5777822680606648,-0.9132843363104038,8.174519727400718,-9.865004763809893,109.9594793827019,4.713160800675465,20.611902413031874,35.105784782463566,43.53530510144416,0.0,0.064516129032258,0.010752688172043,0.018624202231923313,0.0161290322580645,0.026989033114002404,11.392509486883371,6.185653302084182,11.412078053945173,3.5852486744398258,8.970088241917717,3.5452937942422706,3.5109237255653625,0.3163055511624213,2.9084900686751,0.5672331950253605,1.5163231218060849,1.5801903738668026,0.0,0.0,0.0,0.0,0.0,0.0,0.8660254037844387,-0.4999999999999998,2015,6.0317460317460325
2015-05-01,1.2170385395537495,0.883685149873256,0.0,42.09,-1.204407049284546,-7.778264680105162,29167.494623655915,39345.0,30261.99059139785,26529.57997311828,1337.575940860215,1545.6189516129032,3815.83870967742,8579.619623655914,351.182123655914,2424.375,0.064516129032258,-4.841431846726085,-4.022539883885445,185.9714964302289,85.03556084766764,41.24467157816811,82.14968021547821,-0.1400747574967775,7.428804559843494,1.3852,12.920844542267872,-0.0288683602771344,1.2182741116751217,0.7903048872146248,0.3,-5.702799323330791,-12.363711170541036,-3.6281261946177312,0.1284399305472972,54.50311868527837,124.94142374085166,58.70839936608559,84.9865562491436,-4.388746007011313,10.245592616780709,0.0666666666666666,14.276288659793824,0.2242314647377785,4.160652118536135,0,0,5,0.49999999999999994,-0.8660254037844387,125,1.325178389398585,1.4285714285714235,1.3235225632189331,0.10443038432983008,1.4808018891312151,0.342037891094581,0.8348006692482295,0.7374636366430789,0.8137514650118397,0.02234455648893116,0.7593542328479406,0.06384740878598716,0.2,-0.1,0.2666666666666667,0.05773502691896854,0.13333333333333328,0.16329931618554577,-5.7724895389030815,-7.589003321539549,-0.504766003418777,9.0636782874693,-4.378755674631885,11.205290327362228,-14.013346043851293,-27.639283921699853,-13.562797168068608,1.0490732437624242,-19.07613895628541,7.024134345228081,0.3883802495601385,-0.7655900437395946,-0.19278927889333497,3.1847738710858793,-1.1314741433633737,2.757261365749392,-0.0262833343442348,2.554288392438675,0.8808271844904625,1.4392478819041743,0.16112517168346088,2.1174201886233437,83.48083725934501,105.89658408709752,50.59275365584991,35.00744791871993,55.11126811741585,34.01330116879363,49.782221751474445,89.23749913205639,76.83634991424657,41.7682073583012,73.13580336987565,34.7984978297394,64.0989435470626,62.84925612980148,61.73279629064791,2.754897658893944,62.85286881350944,2.389739583255112,87.21556772713011,78.68616047286079,85.26904636103569,1.8217774431122393,82.7832356941065,3.0856950596291646,-8.085195544661461,-8.164836878497672,-5.955676404577651,1.9113645298591972,-3.566455938954149,5.461032817490207,28.2951358266748,-4.290648660838514,9.558574559881873,19.089344614936028,30.8901747462552,44.69413161361973,0.0,0.032258064516129,0.0222222222222222,0.03849001794597497,0.027240143369175598,0.032234160797013744,15.007070959154834,7.836653715797315,13.558623035277343,1.9111636823325726,10.104802962038477,4.025408557349086,2.384655261793678,2.8298912186662584,2.0399368173656067,1.6702423802528337,1.502266913282476,1.5934021947737145,0.0,0.0,0.0,0.0,0.0,0.0,0.49999999999999994,-0.8660254037844387,2015,6.0317460317460325
2015-06-01,1.3184584178498993,0.8794852536478561,-0.1,46.18,9.273662114387,-15.281599706475868,28697.68125,36738.0,29811.598611111112,26060.180555555555,1010.6340277777778,1758.0631944444444,3888.866666666667,8671.402777777777,337.0416666666667,2564.2659722222224,0.0,-4.021520816039059,-5.121252033780122,131.8130411789817,80.01363819947325,7.338301591682761,78.31991570988689,-0.6277564157688431,27.69162511766168,1.3879,11.603409456416848,0.1949177014149539,1.2170385395537495,0.883685149873256,0.0,-1.204407049284546,-7.778264680105162,-4.841431846726085,-4.022539883885445,185.9714964302289,85.03556084766764,41.24467157816811,82.14968021547821,-0.1400747574967775,7.428804559843494,0.064516129032258,12.920844542267872,-0.0288683602771344,5.928449744463382,0,0,6,1.2246467991473532e-16,-1.0,126,1.2182741116751217,1.4271151885830946,1.2534970135424848,0.06208096643164347,1.3235593411967599,0.09400878192484782,0.7903048872146248,0.816148838572665,0.8362635687787034,0.04670731655559852,0.7910647638033637,0.07135856539203919,0.3,0.3,0.16666666666666674,0.15275252316519666,0.13333333333333328,0.16329931618554577,-5.702799323330791,9.960990851977517,-4.226565303839465,2.617497768521919,-5.4241466424087434,10.412224127945334,-12.363711170541036,-14.311334289813482,-11.385107298165837,3.230682444530826,-17.346256046278125,8.432502914298736,-3.6281261946177312,2.661378108377588,-2.693725930594559,2.737254378144348,-1.1140676877542628,2.7285453732382474,0.1284399305472972,2.540324957268325,-1.306794429227461,2.353176545235454,-0.06312519318110714,2.5125085775049114,54.50311868527837,13.79430502292629,107.98515079161746,69.07481178395048,79.99659395213733,61.4048528483365,124.94142374085166,55.78540425041356,86.58640211333125,37.60359347713016,82.51649666083075,27.19677142480747,58.70839936608559,62.391045958795566,54.68400483043877,11.946809211708269,59.205525784409,9.116728556350887,84.9865562491436,83.60501510683336,84.78393473058397,2.5390147062938855,82.95837674682572,2.999590199100695,-4.388746007011313,-5.39308766206018,-4.204672103056517,3.975757598527204,-4.666282923033497,3.2585047125650193,10.245592616780709,-9.865004763809893,15.323177667766332,11.321985143749911,23.628893160225427,44.311717538099124,0.0666666666666666,0.0,0.0437275985663082,0.03788447386874204,0.037992831541218595,0.03209036456716755,14.276288659793824,11.392509486883371,14.068068053738841,1.0585849192289225,11.269836777663565,3.5603992761734125,0.2242314647377785,3.5109237255653625,0.8600061220847746,1.3264354977785215,1.5395231436080612,1.5460804448212269,0.0,0.0,0.0,0.0,0.0,0.0,1.2246467991473532e-16,-1.0,2015,6.0317460317460325
2015-07-01,1.2133468149645887,0.8479173812599728,0.4,44.89,-2.833175113250848,-19.291621718806184,28431.092741935485,37568.0,29414.887096774197,25926.913306451614,1058.0208333333333,1515.5127688172042,3899.709677419354,8735.59811827957,329.2728494623656,2712.584677419354,0.0,-5.178781806979571,0.266894416568797,87.59502871714209,47.8333864333935,14.575593297444843,74.56203610071456,-9.415160025365932,5.476660600593508,1.4139,12.11640631194988,1.8733338136753372,1.3184584178498993,0.8794852536478561,-0.1,9.273662114387,-15.281599706475868,-4.021520816039059,-5.121252033780122,131.8130411789817,80.01363819947325,7.338301591682761,78.31991570988689,-0.6277564157688431,27.69162511766168,0.0,11.603409456416848,0.1949177014149539,8.715517241379334,0,0,7,-0.4999999999999997,-0.8660254037844388,127,1.2170385395537495,1.325178389398585,1.2512570230262563,0.05820139396356058,1.3224393459386456,0.0940256636888137,0.883685149873256,0.8348006692482295,0.8511584302452456,0.052742535553476494,0.8236480725332851,0.05557406836060028,0.0,0.2,0.06666666666666674,0.20816659994661454,0.09999999999999992,0.18973665961010328,-1.204407049284546,-5.7724895389030815,0.7888185805905623,7.684615189295754,-0.17234104444890677,7.873132318270994,-7.778264680105162,-14.013346043851293,-11.807858519040694,3.782424917578753,-15.231256635414448,6.634171311807378,-4.841431846726085,0.3883802495601385,-4.163692952460958,0.6190212747883828,-1.7011517571974573,2.9404689642088533,-4.022539883885445,-0.0262833343442348,-3.005117329039423,2.768786362544607,-0.6578369952925841,3.2498116913563795,185.9714964302289,83.48083725934501,124.09588543149634,66.07306150274454,95.90989711064297,60.186102440729385,85.03556084766764,49.782221751474445,96.66354092933085,24.61775617308539,80.79929132032282,26.929714395221392,41.24467157816811,64.0989435470626,35.76379084531215,26.11994978065176,49.43843636193268,22.307137854254098,82.14968021547821,87.21556772713011,81.8187173915029,3.345620467389134,82.4938159135555,3.5151549171459853,-0.1400747574967775,-8.085195544661461,-1.7188590600923106,2.325011953076791,-4.46661621091604,3.495459085560336,7.428804559843494,28.2951358266748,15.122007431428628,10.976340023955482,9.917584116052057,15.831470273439203,0.064516129032258,0.0,0.0437275985663082,0.03788447386874204,0.0272401433691756,0.032234160797013744,12.920844542267872,15.007070959154834,12.933514219492848,1.3364846424490728,12.17279613671901,2.5593964336500137,-0.0288683602771344,2.384655261793678,0.13009360195853326,0.13844314088599524,1.5192918353168163,1.5659546858698545,0.0,0.0,0.0,0.0,0.0,0.0,-0.4999999999999997,-0.8660254037844388,2015,5.696202531645578
2015-08-01,1.21212121212122,0.7832816607119139,-0.1,43.13,-3.9996242134088975,-25.522362286306333,28159.56384408602,37238.0,29141.780241935485,25639.961693548383,997.5846774193548,1255.9314516129032,3956.161290322581,8803.67069892473,326.8978494623656,2708.657258064516,0.032258064516129,-2.367149937429736,0.820360092053618,10.051133090604992,49.39815477299199,15.611802413273,71.2169734009669,-8.902368908474244,5.462403878459043,1.4004,11.656833040982306,-0.954805856142571,1.2133468149645887,0.8479173812599728,0.4,-2.833175113250848,-19.291621718806184,-5.178781806979571,0.266894416568797,87.59502871714209,47.8333864333935,14.575593297444843,74.56203610071456,-9.415160025365932,5.476660600593508,0.0,12.11640631194988,1.8733338136753372,7.665894068160362,0,0,8,-0.8660254037844384,-0.5000000000000004,128,1.3184584178498993,1.2182741116751217,1.249614590789412,0.05964907041072568,1.286568577004173,0.08616381621917854,0.8794852536478561,0.7903048872146248,0.8703625949270283,0.019551227442155233,0.8420570299694341,0.036249936396594316,-0.1,0.3,0.10000000000000009,0.26457513110646014,0.18333333333333326,0.19407902170679567,9.273662114387,-5.702799323330791,1.7453599839505436,6.570366890585301,0.6202969902658767,7.186578751949146,-15.281599706475868,-12.363711170541036,-14.117162035129077,5.844337763424148,-13.839979601598836,3.7676161624116338,-4.021520816039059,-3.6281261946177312,-4.680578156581571,0.5951627361596333,-2.4366837177374534,3.2001368752283676,-5.121252033780122,0.1284399305472972,-2.9589658336989237,2.8471780525240264,-1.0390693246042304,2.9145061430878547,131.8130411789817,54.50311868527837,135.12652210878426,49.271865367876295,92.85963788231707,60.04234050485622,80.01363819947325,124.94142374085166,70.9608618268448,20.185762688760285,73.89860587054568,29.515685195910528,7.338301591682761,58.70839936608559,21.052855489098572,17.857118343665576,41.392825889873244,25.040841234781436,78.31991570988689,84.9865562491436,78.34387734202656,3.7938788095682283,81.80646185153113,4.633826234604105,-0.6277564157688431,-4.388746007011313,-3.3943303995438505,5.21988988268299,-4.67500340206075,3.7852838610316866,27.69162511766168,10.245592616780709,13.532363426032893,12.30106642722265,11.545468992957394,14.526700403650166,0.0,0.0666666666666666,0.021505376344086,0.037248404463846745,0.0218637992831541,0.03387807856176941,11.603409456416848,14.276288659793824,12.2135534368782,0.6640685011874853,12.886088236077773,1.4765422802396884,0.1949177014149539,0.2242314647377785,0.6797943849377196,1.0396741442949264,1.3598656011516628,1.450258254584497,0.0,0.0,0.0,0.0,0.0,0.0,-0.8660254037844384,-0.5000000000000004,2015,5.696202531645578
2015-09-01,1.1099899091826515,0.7740561419512988,0.2,42.87,-0.6046530049866137,-27.90110998990919,29997.602777777774,40526.0,30981.449305555558,27219.453472222223,866.0173611111111,1211.8736111111111,3982.366666666667,8876.172222222222,340.3569444444444,2708.4819444444443,0.0,-3.607455693319394,-2.174910082796244,92.2696815612656,83.08725480013135,2.7654486650151577,67.34334450292103,-8.06254044776259,33.928561617493536,1.3665,8.11773083313554,-2.4207369323050565,1.21212121212122,0.7832816607119139,-0.1,-3.9996242134088975,-25.522362286306333,-2.367149937429736,0.820360092053618,10.051133090604992,49.39815477299199,15.611802413273,71.2169734009669,-8.902368908474244,5.462403878459043,0.032258064516129,11.656833040982306,-0.954805856142571,6.362029790456969,0,0,9,-1.0,-1.8369701987210297e-16,129,1.2133468149645887,1.2170385395537495,1.2479754816452353,0.06104308926985832,1.2507362475938606,0.05514769488046779,0.8479173812599728,0.883685149873256,0.8368947652065809,0.04903984473813556,0.8365791669926422,0.04283353171742188,0.4,0.0,0.06666666666666675,0.2886751345948138,0.11666666666666659,0.21369760566432855,-2.833175113250848,-1.204407049284546,0.8136209292424262,7.349787310975165,-1.7064721872985256,5.654140996929565,-19.291621718806184,-7.778264680105162,-20.031861237196136,5.160355652719004,-15.70848426768098,6.103813391039319,-5.178781806979571,-4.841431846726085,-3.8558175201494556,1.4131212365429318,-3.2747717253720072,2.049616140327219,0.266894416568797,-4.022539883885445,-1.3446658417192356,3.282306127257731,-1.3257301354733484,2.5543726469716974,87.59502871714209,185.9714964302289,76.48640099557628,61.63636729012206,92.23577589359684,61.039331007953244,47.8333864333935,85.03556084766764,59.081726468619586,18.144443268399336,72.8340642909754,30.401522663592765,14.575593297444843,41.24467157816811,12.508565767466868,4.5074556091521405,33.596285298952814,24.471364093775207,74.56203610071456,82.14968021547821,74.69964173718945,3.553469972168269,79.74178823388671,6.175547535411144,-9.415160025365932,-0.1400747574967775,-6.31509511653634,4.9320487432026034,-5.259883609796428,4.169996031626047,5.476660600593508,7.428804559843494,12.876896532238076,12.829933285363289,14.100037100002217,10.904728410225298,0.0,0.064516129032258,0.010752688172043,0.0186242022319233,0.027240143369175598,0.032234160797013744,12.11640631194988,12.920844542267872,11.792216269783012,0.2820246574809676,12.930142161760928,1.4261508960199545,1.8733338136753372,-0.0288683602771344,0.371148552982574,1.4222821389522564,0.6155773375336738,1.2588175252515283,0.0,0.0,0.0,0.0,0.0,0.0,-1.0,-1.8369701987210297e-16,2015,5.696202531645578
2015-10-01,1.2096774193548487,0.6241348498775221,0.4,39.95,-7.054360839760196,-27.88808664259928,32464.625503355703,46255.0,33623.50201342282,29456.992617449665,911.7536912751676,669.3147651006711,4002.948993288591,8935.899328859061,363.2489932885906,1991.6161073825504,0.0,0.308351136167917,0.0432572726289715,-24.863500105085013,62.221965573669145,2.5731008634213515,63.27401777382096,-8.117068864537258,6.356728285903324,1.3657,7.722038176368495,-0.0585437248445064,1.1099899091826515,0.7740561419512988,0.2,-0.6046530049866137,-27.90110998990919,-3.607455693319394,-2.174910082796244,92.2696815612656,83.08725480013135,2.7654486650151577,67.34334450292103,-8.06254044776259,33.928561617493536,0.0,8.11773083313554,-2.4207369323050565,7.468000339069269,0,0,10,-0.8660254037844386,0.5000000000000001,130,1.21212121212122,1.3184584178498993,1.1784859787561528,0.05932250151374549,1.2148715008912052,0.06596447561613664,0.7832816607119139,0.8794852536478561,0.8017517279743952,0.040245847072246134,0.8264550791098205,0.04992902937225208,-0.1,-0.1,0.16666666666666674,0.25166114784235954,0.11666666666666659,0.21369760566432855,-3.9996242134088975,9.273662114387,-2.479150777215445,1.7249513904405491,-0.8451660983124477,5.292957044964801,-25.522362286306333,-15.281599706475868,-24.23836466500724,4.446044252049992,-18.023111592023962,7.744989607017388,-2.367149937429736,-4.021520816039059,-3.717795812576234,1.4090598457501111,-3.9407443825185964,1.0035447537731297,0.820360092053618,-5.121252033780122,-0.36255185805794304,1.5937574516115547,-1.6838345935486831,2.4854460313833426,10.051133090604992,131.8130411789817,63.30528112300425,46.17863474374036,93.70058327725029,60.892491958483625,49.39815477299199,80.01363819947325,60.10626533550561,19.917493129631133,78.38490313241823,28.32007239190531,15.611802413273,7.338301591682761,10.984281458577668,7.1365497055183145,23.374036151944907,21.851317418668835,71.2169734009669,78.31991570988689,71.04078466820083,3.61256957675862,76.42975102985186,6.674330246570571,-8.902368908474244,-0.6277564157688431,-8.793356460534255,0.6828672753787463,-5.256107760313283,4.166935247847191,5.462403878459043,27.69162511766168,14.955875365515361,16.430829818485943,15.038941398472005,12.497566303041058,0.032258064516129,0.0,0.010752688172043,0.0186242022319233,0.027240143369175598,0.032234160797013744,11.656833040982306,11.603409456416848,10.630323395355907,2.188068311465839,11.781918807424377,2.054492649238114,-0.954805856142571,0.1949177014149539,-0.5007363249240961,2.182749469649886,-0.18532136148278186,1.4257659763093402,0.0,0.0,0.0,0.0,0.0,0.0,-0.8660254037844386,0.5000000000000001,2015,5.696202531645578
2015-11-01,1.2084592145015227,0.7493556375743764,-0.1,38.72,-3.1272409803907517,-33.562113932738505,34217.45,48677.0,35524.10486111111,31156.638194444444,1851.3472222222224,276.0097222222222,4013.0,9010.366666666669,376.3590277777778,1990.3625,0.0,-4.065983149199559,-3.4646200222116508,104.30944764701648,21.836184170191885,1.4776165951600362,57.37257299216954,-3.612505757920137,-19.590044515368287,1.4168,12.035426221730194,3.741670937980524,1.2096774193548487,0.6241348498775221,0.4,-7.054360839760196,-27.88808664259928,0.308351136167917,0.0432572726289715,-24.863500105085013,62.221965573669145,2.5731008634213515,63.27401777382096,-8.117068864537258,6.356728285903324,0.0,7.722038176368495,-0.0585437248445064,5.930641648517332,0,1,11,-0.5000000000000004,0.8660254037844384,131,1.1099899091826515,1.2133468149645887,1.1772628468862394,0.0582728851287357,1.2134387188378264,0.06596914999140732,0.7740561419512988,0.8479173812599728,0.7271575508469116,0.08933943829782307,0.7987600728869699,0.09745675803629461,0.2,0.4,0.16666666666666674,0.25166114784235954,0.13333333333333328,0.23380903889000285,-0.6046530049866137,-2.833175113250848,-3.8862126860518935,3.226349240145547,-1.0704263510506817,5.562913213395489,-27.90110998990919,-19.291621718806184,-27.103852972938274,1.3696265899203646,-20.610507504033666,8.062822508885118,-3.607455693319394,-5.178781806979571,-1.8887514981937379,2.0012582495676305,-3.2846648273876546,2.0203935588730406,-2.174910082796244,0.266894416568797,-0.4370975727045516,1.5543379420714118,-1.6980317032017378,2.4732370646822655,92.2696815612656,87.59502871714209,25.819104848928546,60.137486327988775,80.47281347885637,77.47339563926266,83.08725480013135,47.8333864333935,64.90245838226416,17.0037538923664,67.93166010455448,17.01905815244107,2.7654486650151577,14.575593297444843,6.983450647236503,7.472990704399509,14.018153068167537,14.466283283011961,67.34334450292103,74.56203610071456,67.27811189256964,3.971879591897273,72.81099461729809,6.98592063086845,-8.06254044776259,-9.415160025365932,-8.360659406924697,0.4699257655317635,-5.877494903234273,4.287955152266007,33.928561617493536,5.476660600593508,15.24923126061863,16.182953715898176,14.390797343325774,12.890538430851723,0.0,0.0,0.010752688172043,0.0186242022319233,0.0161290322580645,0.026989033114002404,8.11773083313554,12.11640631194988,9.16553401682878,2.1665805524988495,10.689543726853492,2.200261352974543,-2.4207369323050565,1.8733338136753372,-1.1446955044307108,1.1924901451326197,-0.232450559746496,1.414146751912197,0.0,0.0,0.0,0.0,0.0,0.0,-0.5000000000000004,0.8660254037844384,2015,5.696202531645578
2015-12-01,1.2072434607645732,1.3611553738330509,0.3,31.1,-21.91484432231877,-33.34762108872695,33152.06384408602,48001.0,34309.76344086022,30239.516129032258,2311.497983870968,205.0275537634409,4013.0,9063.0,334.83131720430106,2259.668010752688,0.064516129032258,-9.49736713637942,-5.702891717743208,64.56224977225926,-2.148316596050404,-0.6437236939836555,52.362281586568194,-15.08782155505336,-1.0045034541399045,1.3769,8.536969888065581,-2.8162055335968383,1.2084592145015227,0.7493556375743764,-0.1,-3.1272409803907517,-33.562113932738505,-4.065983149199559,-3.4646200222116508,104.30944764701648,21.836184170191885,1.4776165951600362,57.37257299216954,-3.612505757920137,-19.590044515368287,0.0,12.035426221730194,3.741670937980524,6.185653302084182,0,1,12,-2.4492935982947064e-16,1.0,132,1.2096774193548487,1.21212121212122,1.176042181013007,0.057206188181279996,1.2120088313291217,0.0659684970837856,0.6241348498775221,0.7832816607119139,0.7158488764677324,0.08038112797267565,0.7763718208371566,0.08911815189183236,0.4,-0.1,0.16666666666666674,0.25166114784235954,0.11666666666666659,0.24832774042918937,-7.054360839760196,-3.9996242134088975,-3.5954182750458457,3.2502423406428624,-1.3908986729017159,5.627190020541035,-27.88808664259928,-25.522362286306333,-29.783770188415662,3.272148146032962,-24.907815712805895,6.592754207364937,0.308351136167917,-2.367149937429736,-2.4550292354503456,2.4041142164283387,-3.1554233777999,1.9233650364623038,0.0432572726289715,0.820360092053618,-1.8654242774596412,1.7742989817652477,-1.6050450595894385,2.376978115256674,-24.863500105085013,10.051133090604992,57.238543034399044,71.35683644618902,66.86247201498763,60.559722282722646,62.221965573669145,49.39815477299199,55.71513484799746,31.139645917988407,57.39843065830851,22.868308409510465,2.5731008634213515,15.611802413273,2.2720553745321816,0.6946935654086036,7.3903105709995245,6.305215745295091,63.27401777382096,71.2169734009669,62.66331175630384,5.013361398154781,68.68147674674664,7.652865369498038,-8.117068864537258,-8.902368908474244,-6.597371690073328,2.5851135007491224,-6.456233403304833,3.525205053046301,6.356728285903324,5.462403878459043,6.898415129342855,26.763414749932167,9.887655830790479,19.05459773494642,0.0,0.032258064516129,0.0,0.0,0.0053763440860215,0.013169299692382648,7.722038176368495,11.656833040982306,9.291731743744743,2.3843317116229614,10.541974006763878,2.0448855975036615,-0.0585437248445064,-0.954805856142571,0.4207967602769876,3.109042162056794,0.3959726566297804,2.1624873046189252,0.0,0.0,0.0,0.0,0.0,0.0,-2.4492935982947064e-16,1.0,2015,-0.7920792079207928
2016-01-01,1.4084507042253502,1.3669654813017162,0.1,29.65,-4.7745693741454085,-31.44508670520232,36022.51276881721,51102.0,37269.77688172043,32847.229838709674,1743.9637096774193,307.1706989247312,4097.850134408603,9151.67741935484,393.0416666666667,2438.4495967741937,0.032258064516129,-5.1345413863855605,-2.6925127580166075,-8.019345931700862,19.79232188535245,1.0921082648289282,50.63529736589201,2.382911381325359,13.68822079073253,1.3257,1.625143733231127,-3.7184980753867336,1.2072434607645732,1.3611553738330509,0.3,-21.91484432231877,-33.34762108872695,-9.49736713637942,-5.702891717743208,64.56224977225926,-2.148316596050404,-0.6437236939836555,52.362281586568194,-15.08782155505336,-1.0045034541399045,0.064516129032258,8.536969888065581,-2.8162055335968383,7.836653715797315,1,1,1,0.49999999999999994,0.8660254037844387,133,1.2084592145015227,1.1099899091826515,1.2084600315403142,0.0012169795018396408,1.193473005148234,0.04096082570064082,0.7493556375743764,0.7740561419512988,0.9115486204283164,0.3943725851884402,0.8566501742013558,0.25783016297492006,-0.1,0.2,0.2000000000000001,0.26457513110646025,0.18333333333333326,0.23166067138525442,-3.1272409803907517,-0.6046530049866137,-10.698815380823232,9.909845937743542,-6.588983079019344,7.793655585309011,-33.562113932738505,-27.90110998990919,-31.599273888021585,3.215771271867357,-27.91881927651441,5.319614001270214,-4.065983149199559,-3.607455693319394,-4.418333049803688,4.912345727805,-4.068064431189961,3.2548213169970484,-3.4646200222116508,-2.174910082796244,-3.0414181557752955,2.896356663069172,-1.7019850069166196,2.5543052452717507,104.30944764701648,92.2696815612656,48.002732438063596,66.15947262862612,55.654006780533905,51.71138413341861,21.836184170191885,83.08725480013135,27.303277715936883,32.53152533359942,43.70477152572124,30.08011749102743,1.4776165951600362,2.7654486650151577,1.135664588199244,1.635447473805628,6.059973023388455,7.109190413360396,57.37257299216954,67.34334450292103,57.66962411751956,5.461929712297535,64.35520439286019,8.413662365083313,-3.612505757920137,-8.06254044776259,-8.939132059170252,5.781657122569731,-8.866244259852254,3.682923007211154,-19.590044515368287,33.928561617493536,-4.745939894534959,13.371892711088842,5.104967735490213,17.203497628226675,0.0,0.0,0.021505376344086,0.037248404463846745,0.0161290322580645,0.026989033114002404,12.035426221730194,8.11773083313554,9.431478095388089,2.291601581251189,10.030900745372,2.108744013176956,3.741670937980524,-2.4207369323050565,0.288973893179727,3.2927211125822518,-0.10588121587218498,2.5356765759011908,0.0,0.0,0.3333333333333333,0.5773502691896258,0.16666666666666666,0.408248290463863,0.49999999999999994,0.8660254037844387,2016,-0.5952380952380931
2016-02-01,1.306532663316573,1.3548147219182998,0.6,28.4,-4.307298027657414,-40.560904143993305,35941.121408045976,48493.0,37132.50502873564,32647.938936781607,1587.3383620689656,662.3239942528736,4126.0,9290.758620689656,387.61206896551727,2905.0790229885056,0.0,-6.661004080679289,-7.087293071735134,19.211032648389992,53.19173127804908,0.6648368405001603,28.1685986851673,2.3078640550463048,37.43358155608068,1.289,-4.539731911427102,-2.7683487968620524,1.4084507042253502,1.3669654813017162,0.1,-4.7745693741454085,-31.44508670520232,-5.1345413863855605,-2.6925127580166075,-8.019345931700862,19.79232188535245,1.0921082648289282,50.63529736589201,2.382911381325359,13.68822079073253,0.032258064516129,1.625143733231127,-3.7184980753867336,11.392509486883371,1,1,2,0.8660254037844386,0.5000000000000001,134,1.2072434607645732,1.2096774193548487,1.2747177931638147,0.11581769355342046,1.2259903200250277,0.09784184625556391,1.3611553738330509,0.6241348498775221,1.1591588309030478,0.35491186551590714,0.9431581908749798,0.33100622169195615,0.3,0.4,0.10000000000000009,0.20000000000000137,0.13333333333333325,0.20655911179772932,-21.91484432231877,-7.054360839760196,-9.93888489228497,10.404139844868425,-6.912548789168437,7.645432256139482,-33.34762108872695,-27.88808664259928,-32.784940575555936,1.165293134989946,-29.944396774247096,3.312995765029689,-9.49736713637942,0.308351136167917,-6.232630557321514,2.8773829905912063,-4.060691027757625,3.2518506371758606,-5.702891717743208,0.0432572726289715,-3.953341499323822,1.5635638400571155,-2.195219536014187,2.3777028269918103,64.56224977225926,-24.863500105085013,53.61745049585832,56.958589695611764,39.718277672393405,54.55404372726818,-2.148316596050404,62.221965573669145,13.160063153164648,13.296774464859451,39.0312607677144,31.457199211901138,-0.6437236939836555,2.5731008634213515,0.6420003886684363,1.1300305220303408,3.81272551795247,5.90874107014962,52.362281586568194,63.27401777382096,53.456717314876585,3.4994375101400874,60.36741460372311,8.277562477809484,-15.08782155505336,-8.117068864537258,-5.439138643882714,8.877447161691634,-6.899899025403705,5.845728731660472,-1.0045034541399045,6.356728285903324,-2.30210905959189,16.677037227122007,6.4735611005133835,17.561876003739748,0.064516129032258,0.0,0.032258064516129,0.032258064516128955,0.021505376344086,0.026338599384765325,8.536969888065581,7.722038176368495,7.399179947675633,5.297586227134686,8.282356982252209,3.746918528476584,-2.8162055335968383,-0.0585437248445064,-0.9310108903343487,4.071731764156429,-1.0378531973825302,2.6859097632798457,1.0,0.0,0.6666666666666666,0.5773502691896258,0.3333333333333333,0.5163977794943223,0.8660254037844386,0.5000000000000001,2016,-0.7920792079207928
2016-03-01,1.5090543259557387,1.3595673780582485,-0.2,27.55,-3.0386609568236764,-38.91352549889135,34389.51547779273,49608.0,35565.41049798116,31241.244279946164,1121.9690444145356,979.4192462987888,4185.636608344549,9300.0,397.9078061911171,2887.6191117092867,0.0646029609690444,-2.6398259288529347,0.3235722375020122,-25.934840272530245,25.511669240859035,1.0569961655943372,10.18539159753271,6.977236460741842,26.59619255711505,1.2809,-7.349005424954802,-0.6283941039565533,1.306532663316573,1.3548147219182998,0.6,-4.307298027657414,-40.560904143993305,-6.661004080679289,-7.087293071735134,19.211032648389992,53.19173127804908,0.6648368405001603,28.1685986851673,2.3078640550463048,37.43358155608068,0.0,-4.539731911427102,-2.7683487968620524,15.007070959154834,1,1,3,1.0,6.123233995736766e-17,135,1.4084507042253502,1.2084592145015227,1.3074089427688316,0.10060648390900287,1.24172556189092,0.1026394312950575,1.3669654813017162,0.7493556375743764,1.3609785256843556,0.006077309836534064,1.038413701076044,0.3570110685414581,0.1,-0.1,0.3333333333333334,0.25166114784235977,0.24999999999999992,0.24289915602982273,-4.7745693741454085,-3.1272409803907517,-10.332237241373859,10.033552497569252,-6.963827758209857,7.622986247742867,-31.44508670520232,-33.562113932738505,-35.1178706459742,4.808832448270323,-32.450820417194926,4.697714072765488,-5.1345413863855605,-4.065983149199559,-7.097637534481424,2.213944152623726,-4.776333384965884,3.2769908599349957,-2.6925127580166075,-3.4646200222116508,-5.160899182498317,2.246962490264989,-3.513161729978979,2.5567239543334193,-8.019345931700862,104.30944764701648,25.251312162982817,36.66586615905978,41.244927598690914,53.67893833867513,19.79232188535245,21.836184170191885,23.61191218911705,27.86704464494244,39.66352351855725,31.74405395637723,1.0921082648289282,1.4776165951600362,0.37107380378181104,0.9044339050550256,1.3215645891569965,1.2666330230470833,50.63529736589201,57.37257299216954,43.7220592125425,13.497341197650204,53.19268548442317,13.804206574232248,2.382911381325359,-3.612505757920137,-3.4656820395605656,10.065138012639448,-5.031526864816947,6.792508375426027,13.68822079073253,-19.590044515368287,16.70576629755777,19.39589596992285,11.802090713450324,21.58350529695958,0.032258064516129,0.0,0.032258064516129,0.032258064516128955,0.0161290322580645,0.026989033114002404,1.625143733231127,12.035426221730194,1.8741272366232007,6.541905462243769,5.5829294901839726,5.991567649823784,-3.7184980753867336,3.741670937980524,-3.1010174686152077,0.5352889795399336,-1.3401103541691104,2.775251992463701,1.0,0.0,1.0,0.0,0.5,0.5477225575051662,1.0,6.123233995736766e-17,2016,-0.5952380952380931
2016-04-01,1.5045135406218657,1.4237868130835825,0.9,29.29,6.124362524071859,-31.24413145539906,31300.13888888889,40166.0,32323.099305555555,28416.313194444443,1122.8895833333331,1406.4659722222225,4240.8,9540.2,401.2791666666666,2587.492361111111,0.0,0.8219687482363458,-4.587025203696227,14.622562262393467,-13.112915701581615,5.866493584302757,12.317480562164285,20.585982741890053,1.5281862805205604,1.2622,-8.905889145496538,-1.4599110000780624,1.5090543259557387,1.3595673780582485,-0.2,-3.0386609568236764,-38.91352549889135,-2.6398259288529347,0.3235722375020122,-25.934840272530245,25.511669240859035,1.0569961655943372,10.18539159753271,6.977236460741842,26.59619255711505,0.0646029609690444,-7.349005424954802,-0.6283941039565533,14.276288659793824,1,0,4,0.8660254037844387,-0.4999999999999998,136,1.306532663316573,1.2072434607645732,1.40801256449922,0.10126154222778923,1.3082362980197677,0.12668273920499803,1.3548147219182998,1.3611553738330509,1.3604491937594216,0.0061231885155192105,1.135998907093869,0.3502576325726867,0.6,0.3,0.16666666666666674,0.4041451884327388,0.18333333333333324,0.3060501048303477,-4.307298027657414,-21.91484432231877,-4.040176119542159,0.8982539138117597,-7.369495750182701,7.2736514684825115,-40.560904143993305,-33.34762108872695,-36.973172116029,4.857804064814276,-34.28622300202529,4.715868184284105,-6.661004080679289,-9.49736713637942,-4.811790465305928,2.0299247646094556,-4.615061757554808,3.3685511219406483,-7.087293071735134,-5.702891717743208,-3.152077864083244,3.7267453928259098,-3.0967480099292697,2.9857459584456567,19.211032648389992,64.56224977225926,-4.914384518613686,22.732532843494077,21.544173959724933,52.89238061661987,53.19173127804908,-2.148316596050404,32.83190746808686,17.862518095795068,30.067592592011863,23.666803784743028,0.6648368405001603,-0.6437236939836555,0.9379804236411419,0.2371998685377409,1.036822505920193,1.0507638153077383,28.1685986851673,52.362281586568194,29.663095882864003,20.266323311627485,43.66636000019179,20.28625894119872,2.3078640550463048,-15.08782155505336,3.889337299037835,2.6744623665205176,-2.5248973800662076,8.099568570948923,37.43358155608068,-1.0045034541399045,25.90599830130942,11.887717003306323,10.580029203387243,20.246296615462285,0.0,0.064516129032258,0.0322870084950578,0.03230149021032006,0.0268961924195719,0.031736493812574054,-4.539731911427102,8.536969888065581,-3.421197867716927,4.590444105263261,3.005140113835582,7.751569504304828,-2.7683487968620524,-2.8162055335968383,-2.3717469920684455,1.5827682654881232,-1.0413865494443597,2.7317938743161476,1.0,1.0,1.0,0.0,0.6666666666666666,0.5163977794943223,0.8660254037844387,-0.4999999999999998,2016,-0.1996007984031989
2016-05-01,1.603206412825653,1.3895624263800377,-0.3,32.48,10.337835445383496,-22.832026609646007,27875.49798387097,36925.0,28929.4375,25264.45564516129,1105.7432795698924,1783.361559139785,4260.0,10065.483870967742,366.56586021505376,2587.3245967741937,0.064516129032258,-4.42957702214537,-6.150718007370692,-17.332298990158847,15.381708879720302,11.639938795005534,17.31853290109706,4.380557984839983,6.721303295661496,1.2846,-7.262489171238817,1.7746791316748611,1.5045135406218657,1.4237868130835825,0.9,6.124362524071859,-31.24413145539906,0.8219687482363458,-4.587025203696227,14.622562262393467,-13.112915701581615,5.866493584302757,12.317480562164285,20.585982741890053,1.5281862805205604,0.0,-8.905889145496538,-1.4599110000780624,12.920844542267872,1,0,5,0.49999999999999994,-0.8660254037844387,137,1.5090543259557387,1.4084507042253502,1.4400335099647252,0.11563741489974141,1.3573756515642705,0.13752485525284155,1.3595673780582485,1.3669654813017162,1.3793896376867103,0.03852244569743348,1.269274234294879,0.25598641940456957,-0.2,0.1,0.4333333333333334,0.5686240703077334,0.2666666666666666,0.4226897995772631,-3.0386609568236764,-4.7745693741454085,-0.4071988201364034,5.691953109367636,-5.173041856210691,9.138582726972732,-38.91352549889135,-31.44508670520232,-36.906187032761245,4.972184542123684,-34.84556380415858,3.9405091793922855,-2.6398259288529347,-5.1345413863855605,-2.826287087098626,3.744969480813322,-4.52945882221007,3.5217331622151224,0.3235722375020122,-2.6925127580166075,-3.7835820126431163,3.7701952043429823,-3.8684617559834695,2.583077038980723,-25.934840272530245,-8.019345931700862,2.63291821275109,24.84655174819659,28.125184354304682,48.212857094282484,25.511669240859035,19.79232188535245,21.863494939108843,33.30252895164535,17.51177904613674,23.174770241728567,1.0569961655943372,1.0921082648289282,2.5294421967990846,2.8966154743411527,1.5857212927337603,2.2216370199673277,10.18539159753271,50.63529736589201,16.89049028162143,9.825133470266154,35.17360379824901,21.086450912209934,6.977236460741842,2.382911381325359,9.9570277525594,9.49640841527366,2.258944554338344,11.777475038029287,26.59619255711505,13.68822079073253,21.852653464572096,18.41671047755065,9.775272202490116,20.54155018436569,0.0646029609690444,0.032258064516129,0.021534320323014805,0.03729853690592463,0.0268961924195719,0.031736493812574054,-7.349005424954802,1.625143733231127,-6.931542160626148,2.212812448209756,0.2338188935247434,8.64842542602769,-0.6283941039565533,-3.7184980753867336,-1.618884633632222,1.0787983982404254,-1.2749477619832859,2.6905526018515618,1.0,1.0,1.0,0.0,0.8333333333333334,0.4082482904638631,0.49999999999999994,-0.8660254037844387,2016,-0.1996007984031989
2016-06-01,1.7017017017016969,1.3734142682801218,0.2,41.85,25.346728164200726,-9.376353399740143,28247.02708333333,36809.0,29223.975,25587.578472222223,783.9569444444444,1525.3138888888889,4260.0,10500.0,389.7048611111111,2614.55,0.0,-1.5703504500617749,0.1932603843431968,-22.429195643823707,-13.238961278016248,9.543483105617746,21.08767484435589,15.625128775703612,1.960952113489256,1.2646,-8.88392535485265,-1.5569048731122526,1.603206412825653,1.3895624263800377,-0.3,10.337835445383496,-22.832026609646007,-4.42957702214537,-6.150718007370692,-17.332298990158847,15.381708879720302,11.639938795005534,17.31853290109706,4.380557984839983,6.721303295661496,0.064516129032258,-7.262489171238817,1.7746791316748611,11.603409456416848,1,0,6,1.2246467991473532e-16,-1.0,138,1.5045135406218657,1.306532663316573,1.5389247598010851,0.055715822434412206,1.4231668512849591,0.1461856321615352,1.4237868130835825,1.3548147219182998,1.390972205840623,0.03213292030517928,1.3759753657624891,0.026413435211458232,0.9,0.6,0.13333333333333347,0.6658328118479397,0.23333333333333328,0.4633213427705083,6.124362524071859,-4.307298027657414,4.4745123375439,6.839164293102983,-2.928862451914984,11.169175775662554,-31.24413145539906,-40.560904143993305,-30.996561187978813,8.043607394022795,-33.057215916976496,6.3423460379000325,0.8219687482363458,-6.661004080679289,-2.0824780675873193,2.669767915652329,-4.590057801034372,3.5152853536045394,-4.587025203696227,-7.087293071735134,-3.4713903245216358,3.3782524226938127,-4.316144753509977,2.7278020456023353,14.622562262393467,19.211032648389992,-9.548192333431857,21.369837679014594,7.851559914775462,32.91996256691983,-13.112915701581615,53.19173127804908,9.260154139665913,20.026725014850175,16.436033164391475,23.083514562600275,5.866493584302757,0.6648368405001603,6.187809514967543,5.298783031963518,3.2794416593746765,4.659223671762322,12.317480562164285,28.1685986851673,13.273801686931352,3.66146675296598,28.497930449736927,18.877572385763255,20.585982741890053,2.3078640550463048,10.647925729157292,8.703988606842728,3.5911218447983644,11.427368272151512,1.5281862805205604,37.43358155608068,11.6152273777657,13.231179250558576,14.160496837661746,15.108938741171189,0.0,0.0,0.0430396966671008,0.03727349597023794,0.0376488805916149,0.031730609335776955,-8.905889145496538,-4.539731911427102,-7.8391279138967205,0.9248545342227664,-2.982500338636759,6.76497973982873,-1.4599110000780624,-2.7683487968620524,-0.10454199078658426,1.679719949117356,-1.6027797297008963,1.9841514424056392,1.0,1.0,1.0,0.0,1.0,0.0,1.2246467991473532e-16,-1.0,2016,-0.2994011976047872
2016-07-01,1.598401598401611,1.3309125385985885,0.1,42.48,1.4941579998198922,-5.368678993094234,27026.538306451614,35450.0,27958.01747311828,24526.581989247312,1010.6962365591398,1711.1565860215053,4255.4946236559135,10500.0,372.7560483870968,2356.0510752688174,0.0,-4.940205598964442,-5.637776831345831,-4.472936192106502,12.909413977223894,9.123370088206183,20.197837146701534,13.2058258054772,-13.143685619050585,1.1884,-15.948794115566878,-6.0256207496441565,1.7017017017016969,1.3734142682801218,0.2,25.346728164200726,-9.376353399740143,-1.5703504500617749,0.1932603843431968,-22.429195643823707,-13.238961278016248,9.543483105617746,21.08767484435589,15.625128775703612,1.960952113489256,0.0,-8.88392535485265,-1.5569048731122526,12.11640631194988,1,0,7,-0.4999999999999997,-0.8660254037844388,139,1.603206412825653,1.5090543259557387,1.6031405517164046,0.09859409703820228,1.5055765581078129,0.13932823755680154,1.3895624263800377,1.3595673780582485,1.3955878359145804,0.025721148643451125,1.3780185148370012,0.02549599226949593,-0.3,-0.2,0.26666666666666683,0.6027713773341714,0.2166666666666666,0.4622409184253021,10.337835445383496,-3.0386609568236764,13.9363087112187,10.103791000629387,4.948066295838266,11.751748088365556,-22.832026609646007,-38.91352549889135,-21.150837154928407,11.030400163179706,-29.0620046354787,11.541710459164683,-4.42957702214537,-2.6398259288529347,-1.7259862413235993,2.629229947959067,-3.268888353314764,2.696300090923108,-6.150718007370692,0.3235722375020122,-3.5148276089079076,3.305105326662911,-3.333452736495575,3.156646510226475,-17.332298990158847,-25.934840272530245,-8.379644123863011,20.08284623382568,-6.647014321238366,19.277912547066446,15.381708879720302,25.511669240859035,-3.6567226999591824,16.487885844834935,14.587592384063834,25.214956125431282,11.639938795005534,1.0569961655943372,9.016638494975345,2.9225573275929255,4.977309459308244,4.797755403763396,17.31853290109706,10.18539159753271,16.90789610253908,4.399493592535786,23.28549599270154,14.860696424060365,4.380557984839983,6.977236460741842,13.530556500811215,8.303274814804318,8.709946899924526,7.637066252759133,6.721303295661496,26.59619255711505,3.4034805632237712,2.881454897787065,14.654739432266608,14.551880652308338,0.064516129032258,0.0646029609690444,0.021505376344086,0.037248404463846745,0.0268961924195719,0.031736493812574054,-7.262489171238817,-7.349005424954802,-8.350767890529335,0.9425409965461394,-5.88598287912313,4.0092920108704435,1.7746791316748611,-0.6283941039565533,-0.41404558050515067,1.8961115083591826,-1.3928962862867988,1.8947126797481595,1.0,1.0,1.0,0.0,1.0,0.0,-0.4999999999999997,-0.8660254037844388,2016,-0.2994011976047872
2016-08-01,1.6966067864271572,1.3150353690086434,0.2,37.35,-12.870046535485695,-13.401344771620682,26726.0685483871,36499.0,27720.494623655915,24239.12365591398,1145.997311827957,1710.2083333333333,4305.903225806452,10945.483870967742,382.77150537634407,2413.6969086021504,0.032258064516129,-5.090616117621371,-1.984531929749178,14.87719666991376,36.17051560712448,8.840436721814072,24.32863796580453,17.092084272157628,-10.88954125089754,1.1687,-16.545272779205945,-1.657691013126883,1.598401598401611,1.3309125385985885,0.1,1.4941579998198922,-5.368678993094234,-4.940205598964442,-5.637776831345831,-4.472936192106502,12.909413977223894,9.123370088206183,20.197837146701534,13.2058258054772,-13.143685619050585,0.0,-15.948794115566878,-6.0256207496441565,11.656833040982306,1,0,8,-0.8660254037844384,-0.5000000000000004,140,1.7017017017016969,1.5045135406218657,1.6344365709763196,0.058302829425695236,1.537235040470523,0.13433636029274473,1.3734142682801218,1.4237868130835825,1.3646297444195827,0.030295680035056255,1.3720096910531465,0.03203247032771682,0.2,0.9,1.3877787807814457e-16,0.26457513110645986,0.2166666666666666,0.4622409184253021,25.346728164200726,6.124362524071859,12.392907203134712,12.058348386441956,5.992854191499148,10.966934515411007,-9.376353399740143,-31.24413145539906,-12.525686334160133,9.147723812129058,-24.715936683460683,14.889057469159312,-1.5703504500617749,0.8219687482363458,-3.6467110237238622,1.8162159314794788,-3.236499055411244,2.6704500219119423,0.1932603843431968,-4.587025203696227,-3.8650781514577752,3.523969482826263,-3.824330082050446,3.2642128613325996,-22.429195643823707,14.622562262393467,-14.744810275363001,9.253547252877649,-6.055946031305974,19.281787843371905,-13.238961278016248,-13.112915701581615,5.0173871929759875,15.858712278801727,13.440441066042409,25.087054026896404,9.543483105617746,5.866493584302757,10.102263996276488,1.348130771413778,6.315853096537786,4.613829658234305,21.08767484435589,12.317480562164285,19.534681630718165,1.9701368415837395,18.212585956169796,6.501030619897585,15.625128775703612,20.585982741890053,11.070504188673597,5.918597120355242,10.5137659706165,7.103279158053523,1.960952113489256,1.5281862805205604,-1.4871434032999449,10.37166660492004,10.182755030636088,18.4965540721175,0.0,0.0,0.021505376344086,0.037248404463846745,0.0215198483335504,0.03333841699145526,-8.88392535485265,-8.905889145496538,-10.698402880552782,4.618681620865151,-8.814972520589464,3.8403483492185315,-1.5569048731122526,-1.4599110000780624,-1.9359488303605155,3.9139398693351395,-1.7774167319963692,2.573567839669475,1.0,1.0,1.0,0.0,1.0,0.0,-0.8660254037844384,-0.5000000000000004,2016,-0.2994011976047872
2016-09-01,1.7964071856287456,1.271371636441753,0.5,44.43,17.35820053689908,3.6389083275017553,28237.98888888889,39255.0,29234.10625,25781.6625,1253.9694444444444,1223.18125,4534.2,11366.4,367.7729166666667,1524.0604166666667,0.0,-5.865848354363868,-3.136258204609388,44.79726397581523,0.9330708074847482,13.856919252370869,28.055198969025064,8.055064740040073,-43.73008763108896,1.1722,-14.218807171606308,0.2994780525369833,1.6966067864271572,1.3150353690086434,0.2,-12.870046535485695,-13.401344771620682,-5.090616117621371,-1.984531929749178,14.87719666991376,36.17051560712448,8.840436721814072,24.32863796580453,17.092084272157628,-10.88954125089754,0.032258064516129,-16.545272779205945,-1.657691013126883,8.11773083313554,1,0,9,-1.0,-1.8369701987210297e-16,141,1.598401598401611,1.603206412825653,1.6655700288434876,0.05822532160869145,1.602247394322287,0.08607835749851664,1.3309125385985885,1.3895624263800377,1.3397873919624512,0.030184370735696,1.365379798901537,0.03954002874483258,0.1,-0.3,0.16666666666666682,0.057735026918967654,0.14999999999999994,0.4230839160261238,1.4941579998198922,10.337835445383496,4.656946542844982,19.3037014750427,4.565729440194436,12.952714318552202,-5.368678993094234,-22.832026609646007,-9.382125721485025,4.016336000280137,-20.189343454731915,13.133444943011268,-4.940205598964442,-4.42957702214537,-3.8670573888825293,1.9904278191261422,-2.9747677282349243,2.3218963062198625,-5.637776831345831,-6.150718007370692,-2.4763494589172708,2.9464660381863115,-2.973869891719453,2.88699368123929,-4.472936192106502,-17.332298990158847,-4.008311722005465,18.65753557655142,-6.778252027718678,18.19660742126795,12.909413977223894,15.381708879720302,11.946989435444046,24.718794413656944,10.603571787554975,20.174269008054374,9.123370088206183,11.639938795005534,9.169096638546,0.3537467208293712,7.678453076756772,3.7346107185212105,20.197837146701534,17.31853290109706,21.871383318953985,2.174057975381342,17.57259250294267,5.424819787011971,13.2058258054772,4.380557984839983,15.30767961777948,1.9624810045861156,12.977802673468387,6.19340711041367,-13.143685619050585,6.721303295661496,-7.357424918819624,8.148276173145419,2.12890122947305,14.302862095871854,0.0,0.064516129032258,0.010752688172043,0.018624202231923313,0.0268961924195719,0.03173649381257405,-15.948794115566878,-7.262489171238817,-13.792664083208493,4.261541226656077,-10.815895998552605,4.270809488864561,-6.0256207496441565,1.7746791316748611,-3.080072211961097,2.5514175672339197,-1.592307101373841,2.527570041181436,1.0,1.0,1.0,0.0,1.0,0.0,-1.0,-1.8369701987210297e-16,2016,-0.2994011976047872
2016-10-01,1.8924302788844605,1.2797396913189285,-0.3,51.28,14.338589566459753,28.360450563204,30811.514093959733,44267.0,32327.769127516774,27997.323489932885,1040.308053691275,898.806711409396,4790.770469798657,11433.0,412.9879194630872,630.8261744966443,0.0,-5.092039054093201,-4.297913739055237,14.099681048322688,34.28759655021314,19.68102710853774,27.94459269562708,13.692791196527976,-68.32591521236,1.119,-18.06399648531888,-4.538474663026781,1.7964071856287456,1.271371636441753,0.5,17.35820053689908,3.6389083275017553,-5.865848354363868,-3.136258204609388,44.79726397581523,0.9330708074847482,13.856919252370869,28.055198969025064,8.055064740040073,-43.73008763108896,0.0,-14.218807171606308,0.2994780525369833,7.722038176368495,1,0,10,-0.8660254037844386,0.5000000000000001,142,1.6966067864271572,1.7017017017016969,1.6971385234858374,0.09900386457870314,1.6501395376011214,0.10227272401746788,1.3150353690086434,1.3734142682801218,1.3057731813496616,0.03083213984765092,1.3506805086321212,0.055361367273884105,0.2,0.2,0.26666666666666683,0.20816659994661488,0.2666666666666666,0.4033195589934448,-12.870046535485695,25.346728164200726,1.9941040004110995,15.120323732311908,7.965206355814895,13.231371393327912,-13.401344771620682,-9.376353399740143,-5.043705145737725,8.52477345280402,-13.097271150333059,12.472710472910947,-5.090616117621371,-1.5703504500617749,-5.298890023649894,0.4967264263205431,-3.5124381324867464,2.5871852148751238,-1.984531929749178,0.1932603843431968,-3.586188988568132,1.8677199630902261,-3.5505082987380194,2.4013261682446694,14.87719666991376,-22.429195643823707,18.400508151207514,24.823344838929913,5.010432013672234,24.959179303421728,36.17051560712448,-13.238961278016248,16.671000130611045,17.917352672584887,6.507138715325926,19.003095990304015,8.840436721814072,9.543483105617746,10.606908687463708,2.818144660314455,9.811773591219525,2.7114571819126607,24.32863796580453,21.08767484435589,24.193891360510378,3.9304136151472346,20.550893731524727,5.463258742996072,17.092084272157628,15.625128775703612,12.784324939224966,4.533230386948916,13.157440720018093,5.997072504112361,-10.88954125089754,1.960952113489256,-22.587771500345696,18.344438945791776,-9.592145468560952,18.455135983699034,0.032258064516129,0.0,0.010752688172043,0.01862420223192331,0.016129032258064502,0.0269890331140024,-16.545272779205945,-8.88392535485265,-15.570958022126376,1.2083793448108888,-11.960862956327857,4.071703492320815,-1.657691013126883,-1.5569048731122526,-2.461277903411352,3.238214420327367,-1.4376617419582516,2.6248536433189713,1.0,1.0,1.0,0.0,1.0,0.0,-0.8660254037844386,0.5000000000000001,2016,-0.2994011976047872
2016-11-01,1.890547263681608,1.369910609696914,0.4,49.02,-4.507243451244799,26.601239669421496,35480.88680555556,49299.0,37107.67222222222,32205.472222222223,1235.4125,531.8201388888889,5045.659027777778,11498.381944444443,403.22291666666666,916.51875,0.0,3.692375690051608,1.2778108757729445,-33.26954094990885,92.68166882205236,25.732843951601737,27.612808333117545,7.1378356585485525,-53.95216951685937,1.1533,-18.59824957651045,3.065236818588035,1.8924302788844605,1.2797396913189285,-0.3,14.338589566459753,28.360450563204,-5.092039054093201,-4.297913739055237,14.099681048322688,34.28759655021314,19.68102710853774,27.94459269562708,13.692791196527976,-68.32591521236,0.0,-18.06399648531888,-4.538474663026781,12.035426221730194,1,1,11,-0.5000000000000004,0.8660254037844384,143,1.7964071856287456,1.598401598401611,1.7951480836467872,0.09791781785200071,1.714792327311554,0.1137686454179234,1.271371636441753,1.3309125385985885,1.288715565589775,0.02317444982330203,1.3266726550046788,0.04807121909813293,0.5,0.1,0.1333333333333335,0.4041451884327387,0.06666666666666662,0.3141125063837268,17.35820053689908,1.4941579998198922,6.275581189291053,16.64919842920385,9.334244196212877,13.426329838247645,3.6389083275017553,-5.368678993094234,6.199338039695019,20.998303208360728,-3.163174147232551,17.74913509920272,-5.865848354363868,-4.940205598964442,-5.349501175359481,0.4471703401796981,-4.498106099541671,1.5064159250720477,-3.136258204609388,-5.637776831345831,-3.1395679578046014,1.1566944560931707,-3.5023230546311885,2.3791659682727873,44.79726397581523,-4.472936192106502,24.591380564683913,17.5031261765899,4.923285144660437,24.91978727893406,0.9330708074847482,12.909413977223894,23.797060988274126,19.823165269048086,14.40722409062505,19.067918054444046,13.856919252370869,9.123370088206183,14.126127694240893,5.425306891970297,12.114195845258692,4.166294312395154,28.055198969025064,20.197837146701534,26.776143210152224,2.120323059451914,23.155412420435194,4.36835362153044,8.055064740040073,13.2058258054772,12.946646736241894,4.564480164562028,12.008575462457747,4.837528467713842,-43.73008763108896,-13.143685619050585,-40.981848031448834,28.816642398648348,-21.23449571737438,29.03683259274608,0.0,0.0,0.010752688172043,0.018624202231923313,0.016129032258064502,0.0269890331140024,-14.218807171606308,-15.948794115566878,-16.27602547871038,1.9366829364122238,-13.487214179631579,4.400698403513517,0.2994780525369833,-6.0256207496441565,-1.96556254120556,2.4336259527418775,-1.9507556857830382,2.9149352176357204,1.0,1.0,1.0,0.0,1.0,0.0,-0.5000000000000004,0.8660254037844384,2016,-0.2994011976047872
2016-12-01,1.988071570576544,0.9983393587852346,0.8,47.9,-2.3112873683097024,54.0192926045016,34672.12096774193,50569.0,36333.23588709677,31749.28360215054,1484.3091397849462,322.6350806451613,5081.611559139785,11503.0,401.7775537634408,584.9576612903226,0.064516129032258,4.585105563275738,5.349888543988657,-35.78583454789624,57.36181538673335,26.62874555543944,26.922652543307947,19.994018814641468,-74.11311491304092,1.1838,-14.024257389788664,2.6445851036157157,1.890547263681608,1.369910609696914,0.4,-4.507243451244799,26.601239669421496,3.692375690051608,1.2778108757729445,-33.26954094990885,92.68166882205236,25.732843951601737,27.612808333117545,7.1378356585485525,-53.95216951685937,0.0,-18.59824957651045,3.065236818588035,8.536969888065581,1,1,12,-2.4492935982947064e-16,1.0,144,1.8924302788844605,1.6966067864271572,1.8597949093982706,0.054903452351176114,1.7626824691208798,0.1178084128174465,1.2797396913189285,1.3150353690086434,1.3070073124858652,0.05463629458174316,1.3233973522241582,0.04336874971774467,-0.3,0.2,0.20000000000000015,0.43588989435406805,0.18333333333333326,0.27868739954771327,14.338589566459753,-12.870046535485695,9.06318221737135,11.848917765930185,6.860064380108162,14.527090933506864,28.360450563204,-13.401344771620682,19.533532853375746,13.793223784020965,5.075703565945365,18.258920672774657,-5.092039054093201,-5.090616117621371,-2.421837239468487,5.309180258658526,-3.144447314175508,3.6723667508725133,-4.297913739055237,-1.984531929749178,-2.052120355963894,2.9417158940403216,-2.264234907440582,2.6435076897394683,14.099681048322688,14.87719666991376,8.54246802474304,39.3289774882318,2.26707815136877,28.376142502099693,34.28759655021314,36.17051560712448,42.63411205991675,46.440279394883135,27.290550747680395,37.2773012369449,19.68102710853774,8.840436721814072,19.756930104170113,5.938326179489353,14.463013371358059,6.912756835831826,27.94459269562708,24.32863796580453,27.87086666592323,0.23022600409321262,24.871124992438606,3.5651020976808283,13.692791196527976,17.092084272157628,9.628563865038867,3.5494767429158753,12.468121741409176,4.031842439462728,-68.32591521236,-10.88954125089754,-55.336057453436105,12.356174285199788,-31.346741186127854,27.896460940291682,0.0,0.032258064516129,0.0,0.0,0.005376344086021504,0.013169299692382647,-18.06399648531888,-16.545272779205945,-16.960351077811882,2.389226618301711,-15.376507580510186,3.5437165875348957,-4.538474663026781,-1.657691013126883,-0.39125326396725413,3.848628247520146,-1.7356627379641756,3.270717443700565,1.0,1.0,1.0,0.0,1.0,0.0,-2.4492935982947064e-16,1.0,2016,-0.2994011976047872
2017-01-01,1.984126984126977,0.9890518537416824,0.3,46.9,-2.1097828964635927,58.1787521079258,37050.40994623656,49883.0,39018.022849462366,33965.68279569892,1437.3978494623657,397.5329301075269,4786.745967741936,11503.0,428.8850806451613,191.85147849462365,0.032258064516129,2.8534854967395384,-2.385425227975424,-17.57868346192588,29.417594679151996,16.8111524515953,25.69280442154092,9.11949470458888,-92.13223522239612,1.1613,-12.400995700384708,-1.900658895083629,1.988071570576544,0.9983393587852346,0.8,-2.3112873683097024,54.0192926045016,4.585105563275738,5.349888543988657,-35.78583454789624,57.36181538673335,26.62874555543944,26.922652543307947,19.994018814641468,-74.11311491304092,0.064516129032258,-14.024257389788664,2.6445851036157157,1.625143733231127,1,1,1,0.49999999999999994,0.8660254037844387,145,1.890547263681608,1.7964071856287456,1.9236830377142036,0.05577005298267262,1.810410780600021,0.1433929938406265,1.369910609696914,1.271371636441753,1.2159965532670258,0.1938135427738355,1.2608848673083435,0.1335053443462792,0.4,0.5,0.30000000000000016,0.5567764362830029,0.28333333333333327,0.3763863263545406,-4.507243451244799,17.35820053689908,2.5066862489684243,10.305387322434386,2.250395124689756,11.576221370662498,26.601239669421496,3.6389083275017553,36.32699427904236,15.347207262885997,15.641644566652323,25.23378379366253,3.692375690051608,-5.865848354363868,1.0618140664113815,5.348053181130002,-2.118537978619256,4.865894670532502,1.2778108757729445,-3.136258204609388,0.7765952269021211,4.843390864691953,-1.4047968808330056,4.060651549284892,-33.26954094990885,44.79726397581523,-18.318564816494117,28.103201456090357,0.04097166735668031,31.094733449763336,92.68166882205236,0.9330708074847482,61.44369358633295,29.410256992234718,39.057346858471995,32.79902622098061,25.732843951601737,13.856919252370869,24.0142055385263,3.779283847573144,17.310557112995006,7.925695738958726,27.612808333117545,28.055198969025064,27.49335119068419,0.5213376296344887,25.843621275597283,3.090939694618729,7.1378356585485525,8.055064740040073,13.608215223239332,6.428508859540836,13.19627008123215,4.995397893998914,-53.95216951685937,-43.73008763108896,-65.46373321408676,10.38075113654929,-44.02575235721622,27.003996030644167,0.0,0.0,0.021505376344086,0.037248404463846745,0.016129032258064502,0.0269890331140024,-18.59824957651045,-14.218807171606308,-16.895501150539335,2.500877274397721,-16.233229586332854,1.9005660900724877,3.065236818588035,0.2994780525369833,0.3904490863923235,4.273751743143024,-1.0354144085095143,3.733644156173172,1.0,1.0,1.0,0.0,1.0,0.0,0.49999999999999994,0.8660254037844387,2017,-0.2994011976047872
2017-02-01,1.984126984126977,1.0191546584704492,0.1,42.02,-10.987198003537918,47.95774647887325,35068.30877976191,48771.0,36400.61755952381,32098.450148809523,1860.368303571429,546.9806547619048,4793.537202380952,11591.39806547619,390.2090773809524,1539.1927083333333,0.0,-2.4284512950357606,0.5732786175324245,17.200487811974185,-17.414942006001223,16.178797924889786,24.762665124710324,0.6700019486922004,-47.01718279766659,1.1732,-8.98370830100853,1.0247136829415249,1.984126984126977,0.9890518537416824,0.3,-2.1097828964635927,58.1787521079258,2.8534854967395384,-2.385425227975424,-17.57868346192588,29.417594679151996,16.8111524515953,25.69280442154092,9.11949470458888,-92.13223522239612,0.032258064516129,-12.400995700384708,-1.900658895083629,-4.539731911427102,1,1,2,0.8660254037844386,0.5000000000000001,146,1.988071570576544,1.8924302788844605,1.9542486061283757,0.05520222561371964,1.874698344887582,0.11246317967415563,0.9983393587852346,1.2797396913189285,1.1191006074079437,0.21725746793523157,1.2039080864988594,0.16651100627587326,0.8,-0.3,0.5000000000000001,0.2645751311064607,0.3166666666666666,0.36560452221856715,-2.3112873683097024,14.338589566459753,-2.976104572006024,1.3298273247607946,1.6497383086425088,11.715963743850086,54.0192926045016,28.360450563204,46.26642812728297,17.157068620616883,26.232883083488996,27.851912123572426,4.585105563275738,-5.092039054093201,3.710322250022294,0.8659495210281359,-0.8195894626685926,5.000405193998881,5.349888543988657,-4.297913739055237,1.4140913972620588,3.869457206519704,-0.8627382802712709,3.570014077245831,-35.78583454789624,14.099681048322688,-28.87801965324364,9.86606213953327,-2.143319544279883,31.924480749690787,57.36181538673335,34.28759655021314,59.82035962931258,31.703613345074093,41.808710308793344,30.79828251161004,26.62874555543944,19.68102710853774,23.057580652878826,5.428080588594941,18.591854173559863,6.891332315673468,26.922652543307947,27.94459269562708,26.74275509932214,0.9725616029663559,26.75944915473718,1.4754635913480656,19.994018814641468,13.692791196527976,12.083783059259632,6.921749448151039,12.515214897750761,5.265111390633664,-74.11311491304092,-68.32591521236,-73.39917321743214,19.100042902488884,-57.19051062444047,28.166453430795496,0.064516129032258,0.0,0.032258064516129,0.03225806451612896,0.021505376344086002,0.026338599384765325,-14.024257389788664,-18.06399648531888,-15.007834222227942,3.213573780119596,-15.64192985046916,2.47257186214887,2.6445851036157157,-4.538474663026781,1.2697210090400408,2.7536736405537754,-0.3479207660827597,2.9227075484493366,1.0,1.0,1.0,0.0,1.0,0.0,0.8660254037844386,0.5000000000000001,2017,-0.2994011976047872
2017-03-01,1.9821605550049528,1.070349062651473,0.1,39.99,-4.951627255812737,45.15426497277677,32089.731493943476,46841.0,33229.81897711979,29178.17294751009,1590.6218034993271,1153.0168236877523,4831.0,11750.0,406.8082099596231,2690.985195154778,0.0,-6.687456778314771,-5.57772939848411,41.77056055315174,17.72454217588497,15.41852415875866,26.344086021505376,2.236800492481694,-6.809551708435468,1.1548,-9.844640487157465,-1.568360040913741,1.984126984126977,1.0191546584704492,0.1,-10.987198003537918,47.95774647887325,-2.4284512950357606,0.5732786175324245,17.200487811974185,-17.414942006001223,16.178797924889786,24.762665124710324,0.6700019486922004,-47.01718279766659,0.0,-8.98370830100853,1.0247136829415249,-7.349005424954802,1,1,3,1.0,6.123233995736766e-17,147,1.984126984126977,1.890547263681608,1.9854418462768322,0.0022774080491990284,1.922618377837552,0.0770971860128153,0.9890518537416824,1.369910609696914,1.002181956999122,0.0154148916281969,1.1545946347424936,0.17077659860794464,0.3,0.4,0.40000000000000013,0.3605551275464,0.3,0.3741657386773943,-2.1097828964635927,-4.507243451244799,-5.1360894227703975,5.068210209826685,1.9635463973004716,11.265843835020393,58.1787521079258,26.601239669421496,53.38526373043354,5.139915707201713,36.45939829190465,20.747303616256335,2.8534854967395384,3.692375690051608,1.670046588326505,3.6534765208841145,-0.37589532557099087,4.651576964974715,-2.385425227975424,1.2778108757729445,1.1792473111818855,3.903097274082045,-0.43643652239100383,3.5619749287384086,-17.57868346192588,-33.26954094990885,-12.05467673261596,26.921619138995307,-1.756104353936479,32.18523777418253,29.417594679151996,92.68166882205236,23.12148935329471,37.78387974055254,32.877800706605726,39.34401073708629,16.8111524515953,25.732843951601737,19.872898643974846,5.859272026473875,19.81491437407248,5.27654709145655,25.69280442154092,27.612808333117545,25.7927073631864,1.083453671883772,26.831787014554816,1.3365530949065243,9.11949470458888,7.1378356585485525,9.927838489307517,9.68733563548785,9.778201177173193,6.527187168716457,-92.13223522239612,-53.95216951685937,-71.0875109777012,22.70919853716269,-63.21178421556865,18.487443925712384,0.032258064516129,0.0,0.032258064516129,0.03225806451612896,0.016129032258064502,0.026989033114002404,-12.400995700384708,-18.59824957651045,-11.802987130393968,2.572934990713355,-14.381669104102924,3.5931713270943635,-1.900658895083629,3.065236818588035,0.589546630491204,2.3036576404886673,0.09914668326197495,2.8872308003981315,1.0,1.0,1.0,0.0,1.0,0.0,1.0,6.123233995736766e-17,2017,-0.2994011976047872
2017-04-01,2.1739130434782705,0.927187387506042,0.5,39.27,-1.8168554268808712,34.07306247866166,28454.92361111111,37928.0,29427.088194444445,25935.040277777774,1385.1243055555556,1734.8020833333333,5076.7,11775.0,367.8590277777778,2762.211805555556,0.0666666666666666,-9.090104321510829,-5.571876711646661,23.353562640038938,23.34476038494828,19.710903603093755,23.42508542797843,-8.328401189252421,6.752462232175138,1.1798,-6.528283948661073,2.164877034984402,1.9821605550049528,1.070349062651473,0.1,-4.951627255812737,45.15426497277677,-6.687456778314771,-5.57772939848411,41.77056055315174,17.72454217588497,15.41852415875866,26.344086021505376,2.236800492481694,-6.809551708435468,0.0,-9.844640487157465,-1.568360040913741,-8.905889145496538,1,0,4,0.8660254037844387,-0.4999999999999998,148,1.984126984126977,1.988071570576544,1.9834715077529683,0.0011353183843454053,1.9535772727335867,0.048135573621672374,1.0191546584704492,0.9983393587852346,1.0261851916212015,0.041102072227783074,1.1210908724441135,0.1628181002976585,0.1,0.8,0.16666666666666682,0.11547005383792747,0.2333333333333333,0.36696957185394374,-10.987198003537918,-2.3112873683097024,-6.016202718604742,4.533444102755817,-1.7547582348181645,8.51429035359701,47.95774647887325,54.0192926045016,50.4302545198586,6.855238018695086,43.37862439945048,13.140890702355154,-2.4284512950357606,4.585105563275738,-2.0874741922036644,4.779601857108132,-0.5128300628961414,4.85323723477656,0.5732786175324245,5.349888543988657,-2.4632920029757037,3.07624321685747,-0.8433483880367909,4.039522711617653,17.200487811974185,-35.78583454789624,13.797454967733367,29.82060807050286,-2.2605549243803935,31.321798434073422,-17.414942006001223,57.36181538673335,9.909064949678585,24.374841256845716,35.67637926800576,37.15351700279504,16.178797924889786,26.62874555543944,16.136158178414583,0.697292622566333,20.075181858470444,4.95245095112048,24.762665124710324,26.922652543307947,25.599851855918875,0.7947975506239977,26.546601523301533,1.198749493369865,0.6700019486922004,19.994018814641468,4.008765715254258,4.494816739425994,8.808490469246797,7.228863723172138,-47.01718279766659,-74.11311491304092,-48.65298990949939,42.68485655574803,-57.05836156179307,29.269149568700474,0.0,0.064516129032258,0.010752688172043,0.018624202231923313,0.016129032258064502,0.026989033114002404,-8.98370830100853,-14.024257389788664,-10.409781496183568,1.7773580288017037,-13.65264132336145,4.047804752223946,1.0247136829415249,2.6445851036157157,-0.8147684176852815,1.6016792534760032,-0.21215966564647912,2.9610634790314623,1.0,1.0,1.0,0.0,1.0,0.0,0.8660254037844387,-0.4999999999999998,2017,-0.3000000000000002
2017-05-01,2.268244575936884,0.9603314035820446,0.3,38.17,-2.8411001832779896,17.518472906403957,27604.02889784946,36973.0,28500.77016129032,25074.27553763441,1238.2379032258063,1879.2977150537636,5123.806451612903,12001.67741935484,369.3891129032258,2467.853494623656,0.064516129032258,-0.9738627312723902,0.1299932295192984,11.982403701106035,5.379512383358409,20.277146751476604,19.235970900233944,0.7701897515812517,-4.617553680720654,1.1696,-8.952203020395455,-0.8645533141210415,2.1739130434782705,0.927187387506042,0.5,-1.8168554268808712,34.07306247866166,-9.090104321510829,-5.571876711646661,23.353562640038938,23.34476038494828,19.710903603093755,23.42508542797843,-8.328401189252421,6.752462232175138,0.0666666666666666,-6.528283948661073,2.164877034984402,-7.262489171238817,1,0,5,0.49999999999999994,-0.8660254037844387,149,1.9821605550049528,1.984126984126977,2.0467335275367327,0.1101450800863074,2.0004910668325553,0.09293937786723591,1.070349062651473,0.9890518537416824,1.0055637028759878,0.07254206960853063,1.0623321551419658,0.15764660574175732,0.1,0.3,0.23333333333333348,0.23094010767585157,0.36666666666666664,0.26583202716502535,-4.951627255812737,-2.1097828964635927,-5.918560228743835,4.6610101130460775,-4.447332400374935,3.4633503984724916,45.15426497277677,58.1787521079258,42.39502464343722,7.3420819828382,44.330726385360094,11.991863828385469,-6.687456778314771,2.8534854967395384,-6.06867079828712,3.3736593378844937,-1.1791742741324127,5.791475621298146,-5.57772939848411,-2.385425227975424,-3.525442497532783,3.5495978149357716,-1.0556755501353616,4.283530788695437,41.77056055315174,-17.57868346192588,27.44153700172164,12.784982182741505,-0.7182413257610184,32.4943951961752,17.72454217588497,29.417594679151996,7.884786851610681,22.089679114481108,33.85257324046162,37.50227093035302,15.41852415875866,16.8111524515953,17.102741895580735,2.2904987817653004,20.08016127422978,4.951990388303044,26.344086021505376,25.69280442154092,24.843945524731378,1.4611967672094814,25.793350312026757,1.5211943223013662,2.236800492481694,9.11949470458888,-1.8071995826928422,5.70160216204635,5.138291738283396,9.4897509283753,-6.809551708435468,-92.13223522239612,-15.691424091308974,27.963537409036324,-44.54529865437055,38.18067204861795,0.0,0.032258064516129,0.0222222222222222,0.03849001794597497,0.0272401433691756,0.032234160797013744,-9.844640487157465,-12.400995700384708,-8.45221091227569,1.720878344996854,-11.730022567251815,4.267112675102116,-1.568360040913741,-1.900658895083629,0.5404102256707288,1.9131589440656651,0.9050656173553847,2.1579449787233393,1.0,1.0,1.0,0.0,1.0,0.0,0.49999999999999994,-0.8660254037844387,2017,-0.3000000000000002
2017-06-01,2.0669291338582862,0.9699787675143244,0.2,42.93,11.752101547933078,2.580645161290329,26416.974305555555,35302.0,27396.928472222226,24136.670833333334,1510.3493055555557,1915.3069444444443,5143.0,12047.9,350.6277777777778,2163.625,0.0,-6.4787447272905085,-4.094107419381132,92.6571754046867,25.56805247735894,20.727699530516432,14.741904761904756,-10.027353321156497,-17.24675374347403,1.1403,-9.829195002372282,-2.505129958960317,2.268244575936884,0.9603314035820446,0.3,-2.8411001832779896,17.518472906403957,-0.9738627312723902,0.1299932295192984,11.982403701106035,5.379512383358409,20.277146751476604,19.235970900233944,0.7701897515812517,-4.617553680720654,0.064516129032258,-8.952203020395455,-0.8645533141210415,-8.88392535485265,1,0,6,1.2246467991473532e-16,-1.0,150,2.1739130434782705,1.984126984126977,2.141439391473369,0.1457803838451886,2.063440618875101,0.12571162632309682,0.927187387506042,1.0191546584704492,0.9859559512465198,0.07494184004858462,0.9940689541228208,0.04919902731067626,0.5,0.1,0.30000000000000016,0.20000000000000162,0.3499999999999999,0.26645825188948474,-1.8168554268808712,-10.987198003537918,-3.2031942886571922,1.5984469683816618,-4.169641855713801,3.523853012900979,34.07306247866166,47.95774647887325,32.24860011928079,13.907938307295622,42.81693192485718,14.898568963427028,-9.090104321510829,-2.4284512950357606,-5.5838079436993295,4.169157582820552,-1.9568806776864125,5.298813822654474,-5.571876711646661,0.5732786175324245,-3.673204293537158,3.2936669705698614,-1.246978491177636,4.182923636695981,23.353562640038938,17.200487811974185,25.702175631432254,15.03231716662547,6.82374944940813,28.424841683242796,23.34476038494828,-17.414942006001223,15.482938314730559,9.190001351592354,19.30221383401263,24.946649390855576,19.710903603093755,16.178797924889786,18.468858171109673,2.656795252922278,19.170878407542258,4.140923903345844,23.42508542797843,24.762665124710324,23.001714116572582,3.572920037375683,24.397210739879487,2.8129601440903578,-8.328401189252421,0.6700019486922004,-1.7738036483964918,5.7236176023802505,4.077017420455513,9.577068271909468,6.752462232175138,-47.01718279766659,-1.558214385660328,7.2802282396625895,-36.32286268168076,40.96072135528858,0.0666666666666666,0.0,0.0437275985663082,0.03788447386874204,0.0379928315412186,0.03209036456716755,-6.528283948661073,-8.98370830100853,-8.441709152071331,1.7161026090546383,-10.12234814123265,2.6861604469508835,2.164877034984402,1.0247136829415249,-0.0893454400167933,1.9836771920526877,0.2501005952372053,1.9583140258294445,1.0,1.0,1.0,0.0,1.0,0.0,1.2246467991473532e-16,-1.0,2017,-0.2002002002002068
2017-07-01,2.163225172074723,0.9802884743932332,0.2,43.81,2.0291219589337897,3.130885122410554,26255.08938172043,35435.0,27171.413306451614,23941.13239247312,1220.646505376344,1879.9690860215053,5246.774193548387,12372.0,373.25,2709.5705645161293,0.0,-2.8544126368822758,-0.0423131170662949,20.77283571688844,9.865403399024665,23.2941093235564,17.828571428571436,0.1325133730332606,15.004746414802428,1.1281,-5.074049141703119,-1.0698938875734476,2.0669291338582862,0.9699787675143244,0.2,11.752101547933078,2.580645161290329,-6.4787447272905085,-4.094107419381132,92.6571754046867,25.56805247735894,20.727699530516432,14.741904761904756,-10.027353321156497,-17.24675374347403,0.0,-9.829195002372282,-2.505129958960317,-15.948794115566878,1,0,7,-0.4999999999999997,-0.8660254037844388,151,2.268244575936884,1.9821605550049528,2.16969558442448,0.10072396450439049,2.0765835460887248,0.12025998673282133,0.9603314035820446,1.070349062651473,0.9524991862008036,0.02244511689840308,0.9893421889110026,0.05006149881940984,0.3,0.1,0.3333333333333335,0.15275252316519686,0.24999999999999992,0.15165750888103147,-2.8411001832779896,-4.951627255812737,2.364715312591413,8.145829275086916,-1.8257437030066705,7.472255089218937,17.518472906403957,45.15426497277677,18.057393515451977,15.753123934318689,34.24382401765529,20.79573801711271,-0.9738627312723902,-6.687456778314771,-5.514237260024576,4.143193258657855,-3.8008557261141203,4.418944359608768,0.1299932295192984,-5.57772939848411,-3.1786636338361647,2.959114428315103,-2.820977818405934,2.7278891441408812,11.982403701106035,41.77056055315174,42.66438058194391,43.66675468299953,28.230917774838616,36.992046042640425,5.379512383358409,17.72454217588497,18.097441748555216,11.070006885070063,14.003253349116896,17.515308443650426,20.277146751476604,15.41852415875866,20.23858329502893,0.5094937140283939,18.187370736721757,2.312420353153067,19.235970900233944,26.344086021505376,19.134320363372378,4.3424827279247245,22.367086109645626,4.509597875671733,0.7701897515812517,2.236800492481694,-5.861854919609222,5.805998792380583,-0.926544602177481,7.1269871133935325,-4.617553680720654,-6.809551708435468,-5.0372817306731825,12.005112268818268,-26.84513582008628,36.839474479049095,0.064516129032258,0.0,0.0437275985663082,0.03788447386874204,0.0272401433691756,0.032234160797013744,-8.952203020395455,-9.844640487157465,-8.43656065714294,1.7098007869963947,-9.423171076663252,1.8976428171262532,-0.8645533141210415,-1.568360040913741,-0.401602079365652,2.369173741031731,-0.6081852485254668,1.822788025366644,1.0,1.0,1.0,0.0,1.0,0.0,-0.4999999999999997,-0.8660254037844388,2017,-0.2002002002002068
2017-08-01,2.158979391560334,1.0356549548561695,0.1,47.44,7.960365286366286,27.01472556894242,26137.77889784946,34877.0,27005.56989247312,23749.317204301075,1217.480510752688,1720.162634408602,5305.0,12372.0,262.61895161290323,2656.333333333333,0.032258064516129,-2.2011828992825837,-4.443957368695028,6.237641064856403,0.582051957135965,23.202954683367928,13.032919748902172,-31.39015106291829,10.05248106613774,1.0974,-6.10079575596818,-2.7213899476996817,2.163225172074723,0.9802884743932332,0.2,2.0291219589337897,3.130885122410554,-2.8544126368822758,-0.0423131170662949,20.77283571688844,9.865403399024665,23.2941093235564,17.828571428571436,0.1325133730332606,15.004746414802428,0.0,-5.074049141703119,-1.0698938875734476,-16.545272779205945,1,0,8,-0.8660254037844384,-0.5000000000000004,152,2.0669291338582862,2.1739130434782705,2.1661329606232975,0.10068921605867893,2.1064332440800158,0.11482582525510153,0.9699787675143244,0.927187387506042,0.970199548496534,0.009980367078505175,0.9878816256862611,0.05019931135521044,0.2,0.5,0.2333333333333335,0.0577350269189676,0.23333333333333328,0.1505545305418167,11.752101547933078,-1.8168554268808712,3.646707774529633,7.4298601665891155,-1.1359262271071067,7.63016648179633,2.580645161290329,34.07306247866166,7.743334396701608,8.469987642647258,25.069179520069422,20.26032167786214,-6.4787447272905085,-9.090104321510829,-3.4356733651483915,2.7980938999950467,-4.752172081717756,3.1247664497348286,-4.094107419381132,-5.571876711646661,-1.3354757689760428,2.3905980018043427,-2.4304591332544123,2.9605113854310265,92.6571754046867,23.353562640038938,41.80413827422708,44.258800964327435,34.62283763797434,30.179532592124065,25.56805247735894,23.34476038494828,13.604322753247343,10.600892709326848,10.744554802429008,15.80971432785933,20.727699530516432,19.710903603093755,21.432985201849814,1.627447909757015,19.267863548715273,2.96366170045484,14.741904761904756,23.42508542797843,17.268815696903378,2.2987284467593487,21.056380610817378,4.492491175141233,-10.027353321156497,-8.328401189252421,-3.0415500655139946,6.058278892214234,-2.4243748241034173,5.304855367903294,-17.24675374347403,6.752462232175138,-2.286520336464086,16.251618471782454,-8.988972213886521,21.733321061362396,0.0,0.0666666666666666,0.021505376344086,0.037248404463846745,0.0218637992831541,0.03387807856176941,-9.829195002372282,-6.528283948661073,-7.951815721490287,2.5305007607028407,-8.202013316882988,1.9547534768780708,-2.505129958960317,2.164877034984402,-1.4798590535516019,0.8938268903342687,-0.4697244139404366,1.7343839973397144,1.0,1.0,1.0,0.0,1.0,0.0,-0.8660254037844384,-0.5000000000000004,2017,-0.2002002002002068
2017-09-01,2.156862745098032,1.007217540144882,0.5,50.05,5.355675107175959,12.649110961062338,27977.70902777778,39003.0,28838.889583333334,25521.179166666665,1385.8916666666669,1274.5708333333334,5305.0,12372.0,268.9361111111112,2177.129861111111,0.0,-0.9217365377373832,-0.6419564386702326,10.520369759142634,4.201305680031742,16.999691235499093,8.847128378378377,-26.87441110437637,42.850627002884735,1.1186,-4.5725985326736,1.9318388919263847,2.158979391560334,1.0356549548561695,0.1,7.960365286366286,27.01472556894242,-2.2011828992825837,-4.443957368695028,6.237641064856403,0.582051957135965,23.202954683367928,13.032919748902172,-31.39015106291829,10.05248106613774,0.032258064516129,-6.10079575596818,-2.7213899476996817,-14.218807171606308,1,0,9,-1.0,-1.8369701987210297e-16,153,2.163225172074723,2.268244575936884,2.12971123249778,0.054412320252237814,2.135575311985575,0.09862207297357474,0.9802884743932332,0.9603314035820446,0.9953073989212423,0.03532019912774097,0.9906316750838812,0.052647442621662446,0.2,0.3,0.16666666666666685,0.0577350269189671,0.23333333333333328,0.1505545305418167,2.0291219589337897,-2.8411001832779896,7.247196264411059,4.900565330901246,2.0220009878769276,6.587217024112783,3.130885122410554,17.518472906403957,10.908751950881097,13.950895334815012,21.57867603508095,17.083326005088075,-2.8544126368822758,-0.9738627312723902,-3.8447800878184553,2.3043447146668483,-4.714294015758893,3.159749542419481,-0.0423131170662949,0.1299932295192984,-2.8601259683808187,2.4465589499404397,-3.266665130958988,2.6328475140566563,20.77283571688844,11.982403701106035,39.889217395477196,46.27268108981137,32.79569651345471,31.736954423186067,9.865403399024665,5.379512383358409,12.005169277839862,12.629687407497855,13.744053796285206,10.060542469810725,23.2941093235564,20.277146751476604,22.408254512480255,1.4561167802268926,20.43855634179496,2.885686728971932,17.828571428571436,19.235970900233944,15.20113197979279,2.430583465977407,19.101423048182685,5.07189529994754,0.1325133730332606,0.7701897515812517,-13.761663670347176,16.089698524939976,-7.7677336593718325,12.639933354431037,15.004746414802428,-4.617553680720654,2.603491245822046,17.368229691615788,0.5226384300808684,12.126779806178721,0.0,0.064516129032258,0.010752688172043,0.0186242022319233,0.0272401433691756,0.032234160797013744,-5.074049141703119,-8.952203020395455,-7.001346633347862,2.5022184059593107,-7.721527892709595,2.0748097025927836,-1.0698938875734476,-0.8645533141210415,-2.0988045980778156,0.8975995952123209,-1.0940750190473043,1.7628505117033435,1.0,1.0,1.0,0.0,1.0,0.0,-1.0,-1.8369701987210297e-16,2017,-0.2002002002002068
2017-10-01,1.9550342130987275,1.0526487555592108,0.1,51.02,1.9195206952435773,-0.5070202808112323,29180.887919463086,44964.0,30850.354362416107,26849.227516778523,2007.2127516778523,791.8154362416108,5305.0,12372.0,377.8348993288591,1003.3604026845636,0.0,-5.292262397505199,1.574536336322763,92.94407503198268,-11.90370229879736,10.73375427695984,8.213067436368405,-8.511876129434848,59.054973184201806,1.1227,0.3306523681858797,0.3665295905596277,2.156862745098032,1.007217540144882,0.5,5.355675107175959,12.649110961062338,-0.9217365377373832,-0.6419564386702326,10.520369759142634,4.201305680031742,16.999691235499093,8.847128378378377,-26.87441110437637,42.850627002884735,0.0,-4.5725985326736,1.9318388919263847,-18.06399648531888,1,0,10,-0.8660254037844386,0.5000000000000001,154,2.158979391560334,2.0669291338582862,2.159689102911029,0.0032400442763925344,2.164692343667755,0.06397159421686045,1.0356549548561695,0.9699787675143244,1.0077203231314282,0.027686664348767747,0.9801097546661159,0.037721957151133294,0.1,0.2,0.26666666666666683,0.20816659994661474,0.3,0.16733200530681547,7.960365286366286,11.752101547933078,5.1150541174920185,2.972933853588082,3.73988471504171,5.687394585677333,27.01472556894242,2.580645161290329,14.264907217471768,12.023624943232068,16.16115036646188,12.70457688718237,-2.2011828992825837,-6.4787447272905085,-1.992444024634081,0.9831012991516529,-3.7533406423293285,3.3126913069353856,-4.443957368695028,-4.094107419381132,-1.709408974810519,2.3870922096052936,-2.4440363043233417,2.5356339922648394,6.237641064856403,92.6571754046867,12.510282180295846,7.469122068623988,27.587331381119856,32.523994138687655,0.582051957135965,25.56805247735894,4.882920345397462,4.67905999238081,11.490181046976332,10.495834160122762,23.202954683367928,20.727699530516432,21.165585080807805,3.608057779455796,20.70208418791837,2.3598444031464485,13.032919748902172,14.741904761904756,13.236206518617328,4.494171107967052,16.185263440994856,5.104724885253155,-31.39015106291829,-10.027353321156497,-19.377349598087132,17.046232478386948,-12.619602258848175,13.583594678689627,10.05248106613774,-17.24675374347403,22.635951494608303,17.68066917421632,8.79933488196757,20.308467799367538,0.032258064516129,0.0,0.010752688172043,0.0186242022319233,0.0272401433691756,0.032234160797013744,-6.10079575596818,-9.829195002372282,-5.249147810114967,0.7790002221314333,-6.842854233628952,2.111867474094259,-2.7213899476996817,-2.505129958960317,-0.6198149811155814,2.3590385594582073,-0.5107085302406168,2.117900827996678,1.0,1.0,1.0,0.0,1.0,0.0,-0.8660254037844386,0.5000000000000001,2017,-0.2002002002002068
2017-11-01,1.953125,0.9097006536469678,0.2,56.02,9.349105711829706,14.279885760913904,33752.220138888886,47307.0,36180.51111111111,30872.15347222222,1774.2125,587.7666666666667,5305.384027777778,12517.444444444443,388.9458333333333,-89.01944444444445,0.0,-4.872106709565105,-4.040649911762917,43.61296328149506,10.519821211484135,5.147494084918169,8.862660024025114,-3.5407420419846347,-109.71277941061702,1.1259,-2.3757912078383847,0.2850271666518189,1.9550342130987275,1.0526487555592108,0.1,1.9195206952435773,-0.5070202808112323,-5.292262397505199,1.574536336322763,92.94407503198268,-11.90370229879736,10.73375427695984,8.213067436368405,-8.511876129434848,59.054973184201806,0.0,0.3306523681858797,0.3665295905596277,-18.59824957651045,1,1,11,-0.5000000000000004,0.8660254037844384,155,2.156862745098032,2.163225172074723,2.0902921165856974,0.11714156132574384,2.128212538604498,0.10615901061823926,1.007217540144882,0.9802884743932332,1.0318404168534208,0.022954560737163135,1.0010199826749775,0.03728923208918838,0.5,0.2,0.23333333333333353,0.23094010767585155,0.23333333333333328,0.1505545305418167,5.355675107175959,2.0291219589337897,5.078520362928615,3.029944208680718,4.362614068729118,5.135015071799059,12.649110961062338,3.130885122410554,13.052272083064507,13.765301588498636,10.397803239883062,10.62756478234243,-0.9217365377373832,-2.8544126368822758,-2.805060611508388,2.2469702470698514,-3.12036698832839,2.295775171761959,-0.6419564386702326,-0.0423131170662949,-1.1704591570141663,3.0438549508489,-1.2529674629951042,2.449525229892992,10.520369759142634,20.77283571688844,36.567361951993924,48.87060235504311,39.18575011311049,41.798301913027615,4.201305680031742,9.865403399024665,-2.3734482205432124,8.449500368341443,5.61543726635206,12.251364931072036,16.999691235499093,23.2941093235564,16.97880006527562,6.234626454290224,19.205892633562716,4.749693785778912,8.847128378378377,17.828571428571436,10.031038521216319,2.618964775833287,13.64992710905985,4.535733360932915,-26.87441110437637,0.1325133730332606,-22.258812765576504,12.117412141289217,-12.650181415545248,13.572204086295233,42.850627002884735,15.004746414802428,37.31936041774143,24.96512048780588,17.516420040638682,28.732154020640802,0.0,0.0,0.010752688172043,0.0186242022319233,0.016129032258064502,0.026989033114002404,-4.5725985326736,-5.074049141703119,-3.4475806401519677,3.360078895992081,-5.699698180821126,3.628204213556771,1.9318388919263847,-1.0698938875734476,-0.14100715507122294,2.3677689540168587,-0.8104331043114126,1.7606418868173175,1.0,1.0,1.0,0.0,1.0,0.0,-0.5000000000000004,0.8660254037844384,2017,-0.2002002002002068
2017-12-01,1.85185185185186,0.8465785821906264,0.3,46.1,-19.489581982935967,-3.757828810020869,34789.646505376346,48993.0,36577.91330645161,31768.9811827957,2012.8978494623657,363.2782258064516,5733.930107526881,12916.0,376.4831989247312,1130.9314516129032,0.064516129032258,0.3389626430519099,-3.116533844845659,35.61176681523393,12.597249214195095,12.836843997133872,12.283752064678776,-6.2956117388286215,93.33560810508064,1.133,-4.291265416455481,0.6306066258104703,1.953125,0.9097006536469678,0.2,9.349105711829706,14.279885760913904,-4.872106709565105,-4.040649911762917,43.61296328149506,10.519821211484135,5.147494084918169,8.862660024025114,-3.5407420419846347,-109.71277941061702,0.0,-2.3757912078383847,0.2850271666518189,-14.024257389788664,1,1,12,-2.4492935982947064e-16,1.0,156,1.9550342130987275,2.158979391560334,2.021673986065586,0.11708079133750732,2.075692609281684,0.10084175178555663,1.0526487555592108,1.0356549548561695,0.9898556497836868,0.07303845827893225,0.9925815243524646,0.051398147945944835,0.1,0.1,0.26666666666666683,0.20816659994661474,0.2166666666666666,0.14719601443879798,1.9195206952435773,7.960365286366286,5.541433838083088,3.7182742111429925,6.394315051247067,4.001165968214092,-0.5070202808112323,27.01472556894242,8.80732548038833,8.107566486396179,9.858038715634718,10.269802527458703,-5.292262397505199,-2.2011828992825837,-3.695368548269229,2.4112048021502326,-3.7700743180438425,2.110986121985473,1.574536336322763,-4.443957368695028,-1.0360233380367958,2.8282584201332956,-1.948074653208807,2.567505341074057,92.94407503198268,6.237641064856403,49.02580269087348,41.477595404986864,44.45751004317532,39.618984484533215,-11.90370229879736,0.582051957135965,0.9391415309061776,11.562218120057373,6.472155404373015,12.410263807786485,10.73375427695984,23.202954683367928,10.960313199125702,5.9293457508369105,16.684283855802978,7.363937461606632,8.213067436368405,13.032919748902172,8.6409519462573,0.3706402191003111,11.921041963025042,3.9152053183672706,-8.511876129434848,-31.39015106291829,-12.975676425265284,12.2906127914395,-13.368670047806228,12.812507847796635,59.054973184201806,10.05248106613774,-2.602393074510161,93.11348642700513,0.0005490856559546842,59.97366982563106,0.0,0.032258064516129,0.0,0.0,0.005376344086021504,0.013169299692382648,0.3306523681858797,-6.10079575596818,-2.205912457442036,2.456035716672663,-4.603629545394948,3.4374612779943976,0.3665295905596277,-2.7213899476996817,0.8611318830459439,0.9281545051471625,-0.6188363575159358,1.815276705955957,1.0,1.0,1.0,0.0,1.0,0.0,-2.4492935982947064e-16,1.0,2017,-0.2002002002002068
2018-01-01,1.7509727626459082,0.8433962048552277,-0.2,42.76,-7.520986384575844,-8.827292110874197,35372.9751344086,47884.0,36574.083333333336,32331.519489247312,2335.2137096774195,415.21975806451616,5770.145833333333,12916.0,385.2264784946237,2885.90188172043,0.032258064516129,-4.527439276008172,-4.007377262794942,62.46119406334625,4.449147886240579,20.544225079387267,12.283752064678776,-10.179557210258528,1404.2374989053333,1.1331,-2.428313097390855,0.008826125330974,1.85185185185186,0.8465785821906264,0.3,-19.489581982935967,-3.757828810020869,0.3389626430519099,-3.116533844845659,35.61176681523393,12.597249214195095,12.836843997133872,12.283752064678776,-6.2956117388286215,93.33560810508064,0.064516129032258,-4.291265416455481,0.6306066258104703,-12.400995700384708,1,1,1,0.49999999999999994,0.8660254037844387,157,1.953125,2.156862745098032,1.9200036883168619,0.05902894106988209,2.0398463956139463,0.13650162965714424,0.9097006536469678,1.007217540144882,0.9363093304656017,0.10558051595615489,0.972014826798515,0.07934341595235422,0.2,0.5,0.20000000000000018,0.10000000000000275,0.23333333333333328,0.1505545305418167,9.349105711829706,5.355675107175959,-2.7403185252875537,14.973411540459207,1.1873677961022266,10.570175937522782,14.279885760913904,12.649110961062338,3.338345556693929,9.614047823565864,8.801626387082853,11.428731944086158,-4.872106709565105,-0.9217365377373832,-3.2751354880061316,3.1369430463773273,-2.633789756320106,2.1946182249552475,-4.040649911762917,-0.6419564386702326,-1.8608824734286047,3.010826203067648,-1.7851457241195614,2.431500919829127,43.61296328149506,10.520369759142634,57.38960170957058,31.04988270748397,34.949941944933194,31.815078134007912,10.519821211484135,4.201305680031742,3.7377893756272953,13.585695533438756,4.310354860512374,9.109296773107266,5.147494084918169,16.999691235499093,9.572697453003961,3.9739860630684296,15.369141266905883,7.2001924649975715,8.862660024025114,8.847128378378377,9.786493175024098,2.186942866792387,11.511349846820714,3.6826992636411062,-3.5407420419846347,-26.87441110437637,-6.116076636749367,2.490425298721353,-12.74671311741825,13.094613859019393,-109.71277941061702,42.850627002884735,14.22593395955514,108.69403841303082,18.43094272708173,69.79984626112207,0.0,0.0,0.021505376344086,0.037248404463846745,0.016129032258064502,0.026989033114002404,-2.3757912078383847,-4.5725985326736,-2.1121347520359963,2.3222116714482643,-3.6806412810754807,2.3134516712487865,0.2850271666518189,1.9318388919263847,0.42738779434063917,0.1806490558338761,-0.09621359338747121,1.6025195469730444,1.0,1.0,1.0,0.0,1.0,0.0,0.49999999999999994,0.8660254037844387,2018,-0.2002002002002068
2018-02-01,1.7509727626459082,1.039058037274478,0.0,43.33,1.3242149594973658,3.1175630652070296,35927.104166666664,47875.0,37272.27604166666,32799.955357142855,1911.235119047619,920.6049107142856,5779.0,12916.0,390.9107142857143,2445.509672619048,0.0,2.448921595558584,-1.8371573271001247,2.734233612695891,68.30666728332756,20.55815478243432,11.427456179500917,0.1798105029926944,58.88261810095836,1.1311,-3.58847596317764,-0.1765069278969244,1.7509727626459082,0.8433962048552277,-0.2,-7.520986384575844,-8.827292110874197,-4.527439276008172,-4.007377262794942,62.46119406334625,4.449147886240579,20.544225079387267,12.283752064678776,-10.179557210258528,1404.2374989053333,0.032258064516129,-2.428313097390855,0.008826125330974,-8.98370830100853,1,1,2,0.8660254037844386,0.5000000000000001,158,1.85185185185186,1.9550342130987275,1.8519832048325888,0.10107618268921469,1.9711376607091438,0.1631341695201615,0.8465785821906264,1.0526487555592108,0.8665584802309407,0.03739608571320606,0.9491994485421807,0.09468678474964994,0.3,0.1,0.10000000000000019,0.2645751311064599,0.16666666666666663,0.23380903889000282,-19.489581982935967,1.9195206952435773,-5.887154218560695,14.488600092800066,-0.4043169278160453,11.122672499487596,-3.757828810020869,-0.5070202808112323,0.5649216133396079,12.14495968361383,6.808596848202061,13.474925081116588,0.3389626430519099,-5.292262397505199,-3.0201944475071216,2.9142153625338834,-2.9126275295077555,2.3303423264395478,-3.116533844845659,1.574536336322763,-3.7215203398011725,0.5241977313964854,-2.4459897484076696,2.4017303006083393,35.61176681523393,92.94407503198268,47.22864138669177,13.78505647461104,41.898001669342825,32.64114407272815,12.597249214195095,-11.90370229879736,9.188739437306607,4.233996082860058,3.4076456083816926,8.708247054122703,12.836843997133872,10.73375427695984,12.842854387146437,7.6983672569318795,14.910827226211026,6.662280703676879,12.283752064678776,8.213067436368405,11.143388051127554,1.97516841025512,10.587213286171938,2.1622449310362195,-6.2956117388286215,-8.511876129434848,-6.671970330357261,3.335371201484021,-14.465391547966881,11.664795255448185,93.33560810508064,59.054973184201806,462.6201091999323,821.7600886906646,249.96973480883688,569.7625631056795,0.064516129032258,0.0,0.032258064516129,0.032258064516128955,0.021505376344086002,0.026338599384765325,-4.291265416455481,0.3306523681858797,-3.0317899072282413,1.0910538740033697,-3.239685273690103,2.2459020631770854,0.6306066258104703,0.3665295905596277,0.3081533059310879,0.3115346873665792,0.0835730754299324,1.53031925046175,1.0,1.0,1.0,0.0,1.0,0.0,0.8660254037844386,0.5000000000000001,2018,-0.2002002002002068
2018-03-01,1.7492711370262315,1.0895171694863748,-0.1,45.45,4.776758487166992,13.65341335333834,34734.1467025572,49807.0,35906.74899057874,31720.438761776582,2013.4246298788692,979.2059219380887,5950.031628532975,12973.017496635262,413.7873485868103,2105.2880215343203,0.0323014804845222,8.240689733140405,6.332059520505551,26.5809776685688,-15.074446285506504,23.16356093009677,10.40865954583201,1.7155845079625642,-21.76515778217688,1.1328,-1.905091790786284,0.1502961718681028,1.7509727626459082,1.039058037274478,0.0,1.3242149594973658,3.1175630652070296,2.448921595558584,-1.8371573271001247,2.734233612695891,68.30666728332756,20.55815478243432,11.427456179500917,0.1798105029926944,58.88261810095836,0.0,-3.58847596317764,-0.1765069278969244,-9.844640487157465,1,1,3,1.0,6.123233995736766e-17,159,1.7509727626459082,1.953125,1.7845991257145581,0.05824256930868594,1.9031365558900728,0.15395255845584477,0.8433962048552277,0.9097006536469678,0.9096776081067773,0.11205803616916271,0.9497666289452321,0.09531633361226925,-0.2,0.2,0.0333333333333335,0.25166114784235916,0.14999999999999994,0.2428991560298228,-7.520986384575844,9.349105711829706,-8.562117802671475,10.445884441373105,-1.5103419822941986,10.433114425411892,-8.827292110874197,14.279885760913904,-3.1558526185626836,5.995137429258404,2.8257364309128286,9.14357763235979,-4.527439276008172,-4.872106709565105,-0.5798516791325591,3.5777880836587355,-2.137610113700894,3.218341820931336,-4.007377262794942,-4.040649911762917,-2.987022811580242,1.0908911371557104,-2.0115230748085184,2.194893015479785,62.46119406334625,43.61296328149506,33.60239816375871,29.914137509738325,41.31410042731608,33.42847647701932,4.449147886240579,10.519821211484135,28.451021461254413,34.75560770197238,14.695081496080292,27.635591599051583,20.544225079387267,5.147494084918169,17.979741286318486,4.453885147203757,14.470027242722095,6.0646026066314835,12.283752064678776,8.862660024025114,11.998320102952823,0.4943826584611453,10.319636024605062,1.8799711796440868,-10.179557210258528,-3.5407420419846347,-5.4317861486981505,5.233428211240809,-9.203731286981718,9.40490603908345,1404.2374989053333,-109.71277941061702,518.8185750371241,766.9887581888063,258.108090981307,565.9864825355671,0.032258064516129,0.0,0.032258064516129,0.032258064516128955,0.016129032258064502,0.026989033114002404,-2.428313097390855,-2.3757912078383847,-3.4360181590079932,0.9407871025455475,-2.8209653082250132,1.794665633666207,0.008826125330974,0.2850271666518189,0.15430860774817348,0.42276700044141763,0.5077202453970586,0.7523036830866104,1.0,1.0,1.0,0.0,1.0,0.0,1.0,6.123233995736766e-17,2018,0.800800800800805
2018-04-01,1.837524177949712,1.0988208589306254,0.0,52.89,15.16014644544006,34.6829640947288,29823.57083333333,39647.0,30953.029166666667,27194.209722222226,1671.1979166666667,1411.2736111111112,5978.0,13052.0,392.2458333333333,2283.948611111111,0.0333333333333333,4.80987839196938,4.532271672642896,20.653280717384483,-18.649301573386325,17.753658872889865,10.84501061571126,6.629388900110822,-17.314501135739413,1.1477,-2.720800135616208,1.31532485875705,1.7492711370262315,1.0895171694863748,-0.1,4.776758487166992,13.65341335333834,8.240689733140405,6.332059520505551,26.5809776685688,-15.074446285506504,23.16356093009677,10.40865954583201,1.7155845079625642,-21.76515778217688,0.0323014804845222,-1.905091790786284,0.1502961718681028,-6.528283948661073,1,0,4,0.8660254037844387,-0.4999999999999998,160,1.7509727626459082,1.85185185185186,1.7504055541060153,0.000982434011049731,1.835204621211439,0.10011598554932204,1.039058037274478,0.8465785821906264,0.9906571372053602,0.13000333708550174,0.963483233835481,0.11002431745028665,0.0,0.3,-0.09999999999999983,0.1000000000000015,0.04999999999999993,0.18708286933869772,1.3242149594973658,-19.489581982935967,-0.47333764597048766,6.342872279944404,-1.606828085629027,10.359333639767291,3.1175630652070296,-3.757828810020869,2.6478947692237194,11.24770957899217,2.9931201629588293,9.365862011467662,2.448921595558584,0.3389626430519099,2.0540573508969393,6.393216555643143,-0.6105390685545959,5.367079348741784,-1.8371573271001247,-3.116533844845659,0.16250831020349446,5.452062476231031,-0.849187081612555,4.091974700179398,2.734233612695891,35.61176681523393,30.59213511487033,30.064838087251523,43.990868412220436,31.026233205348753,68.30666728332756,12.597249214195095,19.227122961353878,43.61070895416693,11.482456168490586,30.10916571290615,20.55815478243432,12.836843997133872,21.421980263972785,1.5082691807559374,15.497338858488371,7.024857820677128,11.427456179500917,12.283752064678776,11.373289263337234,0.9387190891453564,10.579891219180666,1.738085613701283,0.1798105029926944,-6.2956117388286215,-2.7613873997677554,6.470052778111076,-4.438732018258562,4.754124778656722,58.88261810095836,93.33560810508064,480.4516530747049,801.0375975299031,247.33879351713006,571.4894373534287,0.0,0.064516129032258,0.0215198483335504,0.01863674798511891,0.0215126123388182,0.026342150008243567,-3.58847596317764,-4.291265416455481,-2.6406269504515945,0.8615413206082244,-2.3763808512437943,1.5930346508428737,-0.1765069278969244,0.6306066258104703,-0.005794876899282357,0.1638914176632075,0.21079645872067831,0.2830052283292554,1.0,1.0,1.0,0.0,1.0,0.0,0.8660254037844387,-0.4999999999999998,2018,3.5105315947843607
2018-05-01,1.6393442622950838,1.1045984232508657,0.3,57.97,9.171135027375293,51.873198847262245,26509.5436827957,35322.0,27542.46639784946,24060.932795698925,1247.1377688172042,2310.538978494624,5862.83870967742,13052.0,344.51344086021504,2405.3548387096776,0.064516129032258,-3.964947360053772,-4.465420712411761,0.718752476257789,22.94693703858004,14.42350067364233,8.751464848999602,-6.7342732024502805,-2.5325107851878137,1.1397,-2.55642954856361,-0.6970462664459331,1.837524177949712,1.0988208589306254,0.0,15.16014644544006,34.6829640947288,4.80987839196938,4.532271672642896,20.653280717384483,-18.649301573386325,17.753658872889865,10.84501061571126,6.629388900110822,-17.314501135739413,0.0333333333333333,-2.720800135616208,1.31532485875705,-8.952203020395455,1,0,5,0.49999999999999994,-0.8660254037844387,161,1.7492711370262315,1.7509727626459082,1.77925602587395,0.05046887201219547,1.8156196153532698,0.08180570559241084,1.0895171694863748,0.8433962048552277,1.075798688563826,0.032156589560965995,0.9711785843973834,0.11877476510817667,-0.1,-0.2,-0.03333333333333316,0.057735026918965676,0.03333333333333327,0.18618986725025322,4.776758487166992,-7.520986384575844,7.087039964034813,7.201479042369952,0.5999428727370534,12.458380618082765,13.65341335333834,-8.827292110874197,17.15131350442472,16.070784506017603,8.858117558882169,15.64738262239383,8.240689733140405,-4.527439276008172,5.166496573556124,2.9123061198053573,1.0731510630245003,5.18615890695425,6.332059520505551,-4.007377262794942,3.0090579553494408,4.292337474758279,-0.3562311922258661,4.5901833252792805,26.5809776685688,62.46119406334625,16.656163999549744,12.415695995737375,31.942402693120737,20.446853736037397,-15.074446285506504,4.449147886240579,11.527639808144912,49.2045563779701,10.358189622725757,31.26095284791786,23.16356093009677,20.544225079387267,20.49179152847365,2.705561518104665,16.667322957810043,6.647243070471581,10.40865954583201,12.283752064678776,10.893708780348064,0.5111411520162293,11.01854841573781,1.2975839596543295,1.7155845079625642,-10.179557210258528,2.841594637022028,3.3690042272460334,-1.915187846667617,6.011849277096045,-21.76515778217688,1404.2374989053333,6.600986394347356,45.331874509816195,234.61054779713984,577.3420831655177,0.0323014804845222,0.032258064516129,0.0218782712726185,0.018954161692992643,0.027068167894373756,0.02433637649810976,-1.905091790786284,-2.428313097390855,-2.7381226298600456,0.8418257655651563,-2.8849562685441423,0.8862842722049002,0.1502961718681028,0.008826125330974,0.42970470090940965,0.7841826091501606,0.36892900342024876,0.5378019271598118,1.0,1.0,1.0,0.0,1.0,0.0,0.49999999999999994,-0.8660254037844387,2018,7.723169508525585
2018-06-01,1.8322082931533143,1.1451087507022055,0.3,62.34,7.267763898754957,45.21313766596786,26007.94027777778,33764.0,27045.764583333334,23557.81388888889,1072.7513888888889,2464.222222222222,5862.6,13052.0,343.3486111111111,2264.6194444444445,0.0,-1.5483757641833962,-4.356693671746648,-28.97329214222427,28.659389523437277,13.9918335601789,8.334232521850282,-2.076038217166043,4.667834973456331,1.1378,-0.2192405507322803,-0.1667105378608369,1.6393442622950838,1.1045984232508657,0.3,9.171135027375293,51.873198847262245,-3.964947360053772,-4.465420712411761,0.718752476257789,22.94693703858004,14.42350067364233,8.751464848999602,-6.7342732024502805,-2.5325107851878137,0.064516129032258,-2.55642954856361,-0.6970462664459331,-9.829195002372282,1,0,6,1.2246467991473532e-16,-1.0,162,1.837524177949712,1.7509727626459082,1.7420465257570086,0.0992872902148875,1.763322825735784,0.07644136498065687,1.0988208589306254,1.039058037274478,1.0976454838892886,0.007609019887125141,1.003661545998033,0.12508212086205853,0.0,0.0,0.06666666666666683,0.20816659994661432,0.04999999999999993,0.20736441353327778,15.16014644544006,1.3242149594973658,9.702679986660788,5.212062106864092,0.5702810919946512,12.433571037835051,34.6829640947288,3.1175630652070296,33.40319209844313,19.142005199880206,15.123669739940226,23.704690243350473,4.80987839196938,2.448921595558584,3.028540255018671,6.294781043158349,1.2243442879430557,4.987592814804023,4.532271672642896,-1.8371573271001247,2.132970160245562,5.784797373772402,-0.42702632566734006,4.661101593073816,20.653280717384483,2.734233612695891,15.984336954070377,13.548540507124375,24.793367558914525,22.901664860144706,-18.649301573386325,68.30666728332756,-3.592270273437594,23.053026724160922,12.429375593908409,31.682636991150417,17.753658872889865,20.55815478243432,18.44690682554299,4.411077857452257,18.213324055930737,3.972826877666191,10.84501061571126,11.427456179500917,10.001711670180958,1.104508215502277,11.00001588656689,1.3347938473778667,6.629388900110822,0.1798105029926944,0.5369000685410364,6.7593519625521665,-2.4474430400785576,6.318117478039323,-17.314501135739413,58.88261810095836,-13.870723234368034,10.068186644153647,252.47392590137807,566.1065411881564,0.0333333333333333,0.0,0.0433836476167045,0.018308536483275573,0.037820856066416754,0.024237319851683554,-2.720800135616208,-3.58847596317764,-2.394107158322035,0.43140056181744363,-2.915062658665013,0.8684171156915157,1.31532485875705,-0.1765069278969244,0.25619158805974007,1.0103562568547126,0.20525009790395668,0.6949350498242459,1.0,1.0,1.0,0.0,1.0,0.0,1.2246467991473532e-16,-1.0,2018,7.723169508525585
2018-07-01,1.8286814244465652,1.285606993216014,-0.2,62.73,0.6236527769460796,43.18648710340103,26524.255376344085,33530.0,27450.334005376342,24120.7439516129,888.127688172043,2387.2547043010754,5913.0,13052.0,268.1518817204301,2626.601478494624,0.0,1.0251954990907697,-5.376040637787494,-27.24120502862378,26.98372127773208,12.697817399323696,5.49628192693179,-28.157566853200244,-3.0620751165534643,1.1269,-0.106373548444294,-0.9579891017753472,1.8322082931533143,1.1451087507022055,0.3,7.267763898754957,45.21313766596786,-1.5483757641833962,-4.356693671746648,-28.97329214222427,28.659389523437277,13.9918335601789,8.334232521850282,-2.076038217166043,4.667834973456331,0.0,-0.2192405507322803,-0.1667105378608369,-5.074049141703119,1,0,7,-0.4999999999999997,-0.8660254037844388,163,1.6393442622950838,1.7492711370262315,1.7696922444660361,0.11291595104246505,1.7600488992860264,0.0721940703803438,1.1045984232508657,1.0895171694863748,1.1161760109612322,0.02522246288643099,1.0534165740832961,0.10835733669509034,0.3,-0.1,0.20000000000000018,0.17320508075688934,0.04999999999999993,0.20736441353327778,9.171135027375293,4.776758487166992,10.533015123856776,4.118672554804385,5.0298387389431385,7.695462126313122,51.873198847262245,13.65341335333834,43.92310020265296,8.667421196893745,23.285497485938347,24.325847147892578,-3.964947360053772,8.240689733140405,-0.23448157742259612,4.532563313964305,0.9097878867371714,5.112549498724486,-4.465420712411761,6.332059520505551,-1.4299475705051707,5.163719504375382,-0.6337196301508381,4.8287025654349796,0.718752476257789,26.5809776685688,-2.5337529828606464,24.972650585564715,14.029191066004827,30.662818612638368,22.94693703858004,-15.074446285506504,10.985674996210333,25.823088613839428,15.106398978782103,32.37077039227336,14.42350067364233,23.16356093009677,15.3896643689037,2.058624938002938,18.405822316438243,3.6771966958765416,8.751464848999602,10.40865954583201,9.310235995520381,1.3454257889049466,10.341762629428809,1.534080268069177,-6.7342732024502805,1.7155845079625642,-0.7269741731684993,6.783203265711728,-1.744180786468128,6.032497240046669,-2.5325107851878137,-21.76515778217688,-5.059725649156966,11.206957054849504,237.695963712774,572.2159741550989,0.064516129032258,0.0323014804845222,0.0326164874551971,0.032264037678760675,0.027068167894373756,0.02433637649810976,-2.55642954856361,-1.905091790786284,-1.8321567449707006,1.399242084022355,-2.2363918477111464,1.1296636511239964,-0.6970462664459331,0.1502961718681028,0.15052268481676015,1.043018252268615,0.07236390395873883,0.6732232486849404,1.0,1.0,1.0,0.0,1.0,0.0,-0.4999999999999997,-0.8660254037844388,2018,9.027081243731194
2018-08-01,1.8251681075888595,1.2676925683056537,0.3,71.78,13.476608361080944,51.30691399662732,26212.03696236559,34496.0,27185.600806451614,23833.619623655915,1262.5725806451612,1727.1095430107528,5913.0,13052.0,263.4032258064516,2270.8245967741937,0.032258064516129,0.2841024281609483,-1.0924104710840932,3.703720059107618,0.4038518488421294,11.460885956644674,5.49628192693179,0.298635794839508,-14.512814778233396,1.1157,1.6675779114269984,-0.9938770077203009,1.8286814244465652,1.285606993216014,-0.2,0.6236527769460796,43.18648710340103,1.0251954990907697,-5.376040637787494,-27.24120502862378,26.98372127773208,12.697817399323696,5.49628192693179,-28.157566853200244,-3.0620751165534643,0.0,-0.106373548444294,-0.9579891017753472,-6.10079575596818,1,0,8,-0.8660254037844384,-0.5000000000000004,164,1.8322082931533143,1.837524177949712,1.7667446599649874,0.11034607240658292,1.7730003429194692,0.07704742291714985,1.1451087507022055,1.0988208589306254,1.1784380557230285,0.0949955658443325,1.1271183721434272,0.08475690780204316,0.3,0.0,0.1333333333333335,0.28867513459481375,0.04999999999999993,0.20736441353327778,7.267763898754957,15.16014644544006,5.687517234358784,4.487510205626464,6.387278599196793,5.4209979209166,45.21313766596786,34.6829640947288,46.75760787221037,4.544643153615703,31.95446068831755,19.352760998643795,-1.5483757641833962,4.80987839196938,-1.4960425417154661,2.495483022041679,1.8352270159203286,4.381827611654608,-4.356693671746648,4.532271672642896,-4.732718340648634,0.5597794885845051,-0.8618301926495967,5.047329560708809,-28.97329214222427,20.653280717384483,-18.4985815648634,16.66521758568716,-0.9212087826568455,23.313267347249646,28.659389523437277,-18.649301573386325,26.196682613249802,2.936426525954249,18.86216121069735,32.193766985036,13.9918335601789,17.753658872889865,13.704383877714976,0.8980346211453623,17.09808770309431,4.1317408569370775,8.334232521850282,10.84501061571126,7.527326432593891,1.7712642491584185,9.210517606470978,2.1815627336494168,-2.076038217166043,6.629388900110822,-12.322626090938854,13.909845434179955,-4.740515726958414,12.284936828502092,4.667834973456331,-17.314501135739413,-0.3089169760949824,4.318119332430537,3.146034709126225,29.047788725400313,0.0,0.0333333333333333,0.021505376344086002,0.037248404463846745,0.021691823808352256,0.02643337412104045,-0.2192405507322803,-2.720800135616208,-0.9606812159133961,1.3831103701144523,-1.8494019228867193,1.412959787183863,-0.1667105378608369,1.31532485875705,-0.6072486353607056,0.40320981180897153,-0.08877196722564802,0.7959835885327958,1.0,1.0,1.0,0.0,1.0,0.0,-0.8660254037844384,-0.5000000000000004,2018,9.027081243731194
2018-09-01,1.9193857965451144,1.270503268162679,0.1,77.19,7.266402924230116,54.22577422577424,26851.8,38349.0,27938.666666666668,24631.925,1810.85625,1436.727777777778,5911.266666666666,13052.0,243.97708333333333,1702.3444444444444,0.0,-4.024307446545805,-1.6767940927620906,30.66362209648421,12.72247412255323,11.428212378259506,5.49628192693179,-9.280653191071831,-21.80785928976956,1.1195,0.0804577150008922,0.3405933494667001,1.8251681075888595,1.2676925683056537,0.3,13.476608361080944,51.30691399662732,0.2841024281609483,-1.0924104710840932,3.703720059107618,0.4038518488421294,11.460885956644674,5.49628192693179,0.298635794839508,-14.512814778233396,0.032258064516129,1.6675779114269984,-0.9938770077203009,-4.5725985326736,1,0,9,-1.0,-1.8369701987210297e-16,165,1.8286814244465652,1.6393442622950838,1.828685941729579,0.003520094956517923,1.7853662337432945,0.07874045559121814,1.285606993216014,1.1045984232508657,1.232802770741291,0.07647164518910626,1.16522412731529,0.08855829457135785,-0.2,0.3,0.1333333333333335,0.28867513459481375,0.09999999999999994,0.22803508501982805,0.6236527769460796,9.171135027375293,7.122675012260667,6.427706037201269,8.412677499460722,5.4211923248462375,43.18648710340103,51.873198847262245,46.56884625533206,4.22655800463084,39.986019176887595,14.342677472116307,1.0251954990907697,-3.964947360053772,-0.07969261231055956,1.3247933368610534,1.4744238213540557,4.410223551470211,-5.376040637787494,-4.465420712411761,-3.6083815935394115,2.2377109009132394,-0.7377057166469249,5.02766628575077,-27.24120502862378,0.718752476257789,-17.503592370580126,18.386478912778852,-0.7596277082548911,23.347005071510548,26.98372127773208,22.94693703858004,18.682320883337166,15.851775569349144,7.545025304949782,21.492686088577283,12.697817399323696,14.42350067364233,12.716845638715759,1.2655810911901733,15.581876232129373,4.274786743989549,5.49628192693179,8.751464848999602,6.4422654585712875,1.6384915395127717,8.221988564376122,2.3157578391714626,-28.157566853200244,-6.7342732024502805,-9.978323091842258,15.788395959279034,-4.720711511650611,12.294547157258496,-3.0620751165534643,-2.5325107851878137,-4.3023516404435105,9.650287333253923,-9.086537437405735,10.259858266851088,0.0,0.064516129032258,0.010752688172043,0.0186242022319233,0.027068167894373756,0.02433637649810976,-0.106373548444294,-2.55642954856361,0.44732127075014017,1.058279000022281,-0.9733929437859464,1.7159659116403125,-0.9579891017753472,-0.6970462664459331,-0.7061922157854948,0.46754929800029277,-0.22500031386287744,0.8795587646664089,1.0,1.0,1.0,0.0,1.0,0.0,-1.0,-1.8369701987210297e-16,2018,9.027081243731194
2018-10-01,2.1093000958772867,1.200146517755429,0.1,68.25,-12.30924808966933,33.77107016856134,29520.56711409396,45908.0,30779.94295302013,27023.159731543623,1886.23355704698,1018.531543624161,5911.0,13052.0,281.5046979865772,1653.0939597315437,0.0,1.1640468088851774,2.099457343652711,-6.027223299062068,28.632443497018567,11.423185673892554,5.49628192693179,-25.495315947095254,64.75575030752366,1.133,0.917431192660545,1.205895489057629,1.9193857965451144,1.270503268162679,0.1,7.266402924230116,54.22577422577424,-4.024307446545805,-1.6767940927620906,30.66362209648421,12.72247412255323,11.428212378259506,5.49628192693179,-9.280653191071831,-21.80785928976956,0.0,0.0804577150008922,0.3405933494667001,0.3306523681858797,1,0,10,-0.8660254037844386,0.5000000000000001,166,1.8251681075888595,1.8322082931533143,1.8577451095268458,0.05341129628554056,1.8137186769964417,0.09255864920103632,1.2676925683056537,1.1451087507022055,1.2746009432281153,0.009634565930719317,1.1953884770946739,0.0884371909720269,0.3,0.3,0.06666666666666685,0.2516611478423592,0.13333333333333328,0.20655911179772937,13.476608361080944,7.267763898754957,7.1222213540857195,6.427690724965888,8.827618238971242,5.1770187279724365,51.30691399662732,45.21313766596786,49.573058441934194,5.720240935130946,46.748079322293584,7.260492204790324,0.2841024281609483,-1.5483757641833962,-0.9050031730980291,2.726691969714816,-0.5697423752603127,3.365482354760019,-1.0924104710840932,-4.356693671746648,-2.7150817338778928,2.3229082570224726,-2.0725146521915314,3.6495796609368982,3.703720059107618,-28.97329214222427,2.3753790423227024,28.975258730334247,-0.07918697026898928,24.341516622339157,0.4038518488421294,28.659389523437277,13.370015749709149,13.301761061349781,12.177845372959737,18.41773670700456,11.460885956644674,13.9918335601789,11.862305244742627,0.7237591526323154,13.625984806823162,2.3743176484614485,5.49628192693179,8.334232521850282,5.49628192693179,0.0,7.4032589612260855,2.2556466727854003,0.298635794839508,-2.076038217166043,-12.37986141647752,14.479042993405775,-6.55341779482301,11.958208367106018,-14.512814778233396,4.667834973456331,-13.127583061518806,9.449352160189532,-9.093654355337849,10.270421317558716,0.032258064516129,0.0,0.010752688172043,0.0186242022319233,0.021684587813620055,0.02642989463038102,1.6675779114269984,-0.2192405507322803,0.5472206926611977,0.9747444298278516,-0.6424680261547503,1.6916362323162897,-0.9938770077203009,-0.1667105378608369,-0.5370909200096492,0.7603086499001167,-0.19328411759644457,0.8990140532461524,1.0,1.0,1.0,0.0,1.0,0.0,-0.8660254037844386,0.5000000000000001,2018,11.43430290872618
2018-11-01,2.011494252873547,1.1961534380089278,0.1,67.08,-1.7291497110060994,19.742948946804702,32913.245833333334,45698.0,34248.972916666666,30137.65625,2090.902777777778,467.71319444444447,5911.0,13052.0,294.3076388888889,1632.901388888889,0.0,-2.485686281089683,-3.401187984864817,17.849624990116887,-20.42536248322274,11.415120357948735,4.270484745732617,-24.33197281826589,-1934.3199051393267,1.1352,0.8260058619770971,0.1941747572815622,2.1093000958772867,1.200146517755429,0.1,-12.30924808966933,33.77107016856134,1.1640468088851774,2.099457343652711,-6.027223299062068,28.632443497018567,11.423185673892554,5.49628192693179,-25.495315947095254,64.75575030752366,0.0,0.917431192660545,1.205895489057629,-2.3757912078383847,1,1,11,-0.5000000000000004,0.8660254037844384,167,1.9193857965451144,1.8286814244465652,1.9512846666704196,0.144726984797723,1.859014663317704,0.15318409366555288,1.270503268162679,1.285606993216014,1.2461141180745872,0.039833907889481074,1.2122760868988078,0.07495581314185779,0.1,-0.2,0.16666666666666685,0.11547005383792745,0.14999999999999994,0.19748417658131548,7.266402924230116,0.6236527769460796,2.81125439854725,13.457854937325456,4.249385816453011,9.109473602469018,54.22577422577424,43.18648710340103,46.43458613032096,11.063607623403113,46.59609700126567,7.566649253735898,-4.024307446545805,1.0251954990907697,-0.8587194031665599,2.7765601512629456,-1.1773809724410131,2.38674316792376,-1.6767940927620906,-5.376040637787494,-0.2232490733978243,2.0326337297154997,-2.477983707023229,2.8068799589028917,30.66362209648421,-27.24120502862378,9.446706285509938,19.007655090974552,-4.525937639676748,22.133456702611298,12.72247412255323,26.98372127773208,13.919589822804644,14.15231999036101,20.05813621802722,11.348233649323918,11.428212378259506,12.697817399323696,11.437428002932245,0.020470066728259687,12.57090594032361,1.3654599090514306,5.49628192693179,5.49628192693179,5.49628192693179,0.0,6.511804179762841,1.5787632346902827,-9.280653191071831,-28.157566853200244,-11.492444447775858,13.038443236780193,-11.907535269357359,12.06651073362967,-21.80785928976956,-3.0620751165534643,9.4783587465069,48.01038358466963,4.584720885205996,30.954716351943294,0.0,0.0,0.010752688172043,0.0186242022319233,0.016129032258064505,0.026989033114002407,0.0804577150008922,-0.106373548444294,0.8884889396961441,0.7939558362911107,-0.03609613810862483,1.4293960772572865,0.3405933494667001,-0.9579891017753472,0.18420394360134287,1.108193572484215,-0.2115223458796814,0.8626630941436197,1.0,1.0,1.0,0.0,1.0,0.0,-0.5000000000000004,0.8660254037844384,2018,11.43430290872618
2018-12-01,2.0095693779904167,1.2695903532310304,-0.5,54.07,-21.560643356109463,17.288503253796094,32946.844086021505,45647.0,34287.0060483871,30033.13306451613,1867.1975806451608,266.41599462365593,5913.714381720431,13052.0,295.241935483871,2103.645833333333,0.064516129032258,-5.296985179398295,-6.829547078154019,-7.2383339699091165,-26.66337377302712,3.1354458603802597,1.052957572003721,-21.57898776702183,86.01002123808405,1.1128,-1.7828773168579004,-1.973220577871737,2.011494252873547,1.1961534380089278,0.1,-1.7291497110060994,19.742948946804702,-2.485686281089683,-3.401187984864817,17.849624990116887,-20.42536248322274,11.415120357948735,4.270484745732617,-24.33197281826589,-1934.3199051393267,0.0,0.8260058619770971,0.1941747572815622,-4.291265416455481,1,1,12,-2.4492935982947064e-16,1.0,168,2.1093000958772867,1.8251681075888595,2.0133933817653156,0.09497139195895538,1.9210396617474477,0.11767682042365527,1.200146517755429,1.2676925683056537,1.222267741309012,0.041820876480571964,1.2275352560251516,0.055426125108605964,0.1,0.3,0.1,0.0,0.1166666666666666,0.18348478592697237,-12.30924808966933,13.476608361080944,-2.2573316254817644,9.798508062739936,2.432671693389446,9.018083134443195,33.77107016856134,51.30691399662732,35.913264447046764,17.340935875841907,41.24105535118941,12.707917490625936,1.1640468088851774,0.2841024281609483,-1.7819823062501037,2.664799135604034,-0.9308374592803315,2.100435618635044,2.099457343652711,-1.0924104710840932,-0.9928415779913989,2.813381957605696,-2.3006115857654055,2.6872480566666623,-6.027223299062068,3.703720059107618,14.162007929179696,18.62131637803978,-1.670792220700232,23.973724885542776,28.632443497018567,0.4038518488421294,6.97651837878302,25.02856542943754,12.829419631060086,19.803810091714034,11.423185673892554,11.460885956644674,11.422172803366934,0.006604519464762415,12.069509221041345,1.0693684923352555,5.49628192693179,5.49628192693179,5.087682866532066,0.7077143315860804,5.764974162551677,1.3508048860169184,-25.495315947095254,0.298635794839508,-19.70264731881099,9.044435472035868,-14.840485205326624,12.680648583226459,64.75575030752366,-14.512814778233396,-630.4573380405242,1130.0073053028182,-317.3798448404838,792.7325370712667,0.0,0.032258064516129,0.0,0.0,0.005376344086021507,0.01316929969238267,0.917431192660545,1.6675779114269984,0.6079649232128436,0.4591160406794069,0.527643096981493,0.7348732592779251,1.205895489057629,-0.9938770077203009,0.580221198601964,0.5467731150461362,-0.06298550859176551,0.8387390034891231,1.0,1.0,1.0,0.0,1.0,0.0,-2.4492935982947064e-16,1.0,2018,11.43430290872618
2019-01-01,1.3384321223709472,1.28447717464665,0.5,49.06,-9.723546456357017,14.73339569691301,35438.55174731183,47081.0,36946.68212365591,32313.648521505376,1670.6202956989248,389.9180107526882,5934.022849462365,13052.0,320.3595430107527,1692.6424731182797,0.032258064516129,0.1853861956876645,-1.6769693425778942,-28.459639956049244,-6.093579802119297,2.840084477281968,1.052957572003721,-16.838649237548786,-41.347885600697865,1.1298,-0.2912364310299287,1.5276779295470888,2.0095693779904167,1.2695903532310304,-0.5,-21.560643356109463,17.288503253796094,-5.296985179398295,-6.829547078154019,-7.2383339699091165,-26.66337377302712,3.1354458603802597,1.052957572003721,-21.57898776702183,86.01002123808405,0.064516129032258,-1.7828773168579004,-1.973220577871737,-2.428313097390855,1,1,1,0.49999999999999994,0.8660254037844387,169,2.011494252873547,1.9193857965451144,2.0434545755804163,0.05703201463394469,1.9505998425536315,0.11308655375516082,1.1961534380089278,1.270503268162679,1.2219634363317957,0.041294413441288785,1.2482821897799556,0.03937554465060493,0.1,0.1,-0.09999999999999983,0.34641016151377585,-0.01666666666666673,0.2857738033247046,-1.7291497110060994,7.266402924230116,-11.866347052261624,9.92316260300343,-2.3720628490879574,12.809506808513078,19.742948946804702,54.22577422577424,23.600840789720706,8.892763919538805,36.58694961582746,15.719026354263642,-2.485686281089683,-4.024307446545805,-2.2062082172009334,3.2395701226477356,-1.5556056951494812,2.7712462613314015,-3.401187984864817,-1.6767940927620906,-2.710425906455375,4.504402754848572,-2.712753820166634,3.205343239403689,17.849624990116887,30.66362209648421,1.528022573715254,14.147887699001982,1.9517008080189608,20.398694610901515,-20.42536248322274,12.72247412255323,-6.15209758641043,30.285333414069804,3.6089590816493557,23.49444997589134,11.415120357948735,11.428212378259506,8.657917297407185,4.782602256294396,10.260111271074903,3.526935680768967,4.270484745732617,5.49628192693179,3.606574748222709,2.2948562467006917,4.551428337577249,1.7826508473241824,-24.33197281826589,-9.280653191071831,-23.80209217746099,2.011215235531493,-18.090976796969255,11.163121237295512,-1934.3199051393267,-21.80785928976956,-594.5180445312398,1160.3511129286967,-303.8228137963792,800.0037867528122,0.0,0.0,0.021505376344086,0.037248404463846745,0.016129032258064505,0.026989033114002407,0.8260058619770971,0.0804577150008922,-0.013146754073420622,1.5333131925384857,0.2670369692938897,1.1894006568709437,0.1941747572815622,0.3405933494667001,-0.1910501105108485,1.624190072259511,-0.36407051526024886,1.149934052947078,1.0,1.0,1.0,0.0,1.0,0.0,0.49999999999999994,0.8660254037844387,2019,11.43430290872618
2019-02-01,1.3384321223709472,1.1778791616815976,0.6,43.97,-10.953645563762452,1.477036695130396,33117.07663690476,45815.0,34240.51190476191,30224.606398809523,2031.3973214285716,988.0825892857144,6192.0,13067.0,297.1748511904762,3550.345238095238,0.0,-7.821469597789232,-4.302872062663187,6.287149141589121,7.329710909218767,7.146565149679884,1.169092598327648,-23.97884214212842,45.17813108025672,1.1473,1.4322341083900625,1.548946716232957,1.3384321223709472,1.28447717464665,0.5,-9.723546456357017,14.73339569691301,0.1853861956876645,-1.6769693425778942,-28.459639956049244,-6.093579802119297,2.840084477281968,1.052957572003721,-16.838649237548786,-41.347885600697865,0.032258064516129,-0.2912364310299287,1.5276779295470888,-3.58847596317764,1,1,2,0.8660254037844386,0.5000000000000001,170,2.0095693779904167,2.1093000958772867,1.7864985844116366,0.38803813226289696,1.8688916255410284,0.2770453622772841,1.2695903532310304,1.200146517755429,1.250073655295536,0.0472857984720689,1.2480938866850615,0.03916347995846506,-0.5,0.1,0.03333333333333351,0.5033222956847171,0.09999999999999994,0.3346640106136306,-21.560643356109463,-12.30924808966933,-11.004446507824184,9.977603106725065,-4.096596054638473,13.020316692310653,17.288503253796094,33.77107016856134,17.25494929917127,2.5049451773986404,31.844767714746116,17.518750733825325,-5.296985179398295,1.1640468088851774,-2.5324284216001045,2.7414845603003384,-1.695573912383332,2.63256530986304,-6.829547078154019,2.099457343652711,-3.9692348018655768,2.622836674293156,-2.0962419376317007,2.9349738607086358,-7.2383339699091165,-6.027223299062068,-5.949449645280471,23.181521133550596,1.7486283201147164,20.750470714724703,-26.66337377302712,28.632443497018567,-17.727438686123055,10.546952195421033,-1.9039244316592072,20.61724687550733,3.1354458603802597,11.423185673892554,5.796883565203655,4.867776502795758,8.617155784067949,4.361535200834492,1.052957572003721,5.49628192693179,2.125466629913353,1.857640179513888,3.8108742784225718,2.1883897149456413,-21.57898776702183,-25.495315947095254,-20.91653660761217,3.7903305562028526,-16.204490527694016,10.019535768524225,86.01002123808405,64.75575030752366,-629.8859231673135,1131.4663137279472,-310.2037822104033,797.2731099876482,0.064516129032258,0.0,0.032258064516129,0.032258064516128955,0.021505376344086002,0.026338599384765328,-1.7828773168579004,0.917431192660545,-0.41603596197024517,1.3089113997494461,0.2362264888629506,1.2033210438906543,-1.973220577871737,1.205895489057629,-0.08378929701436189,1.766924050835886,0.05020732329349046,1.3272496190663459,1.0,1.0,1.0,0.0,1.0,0.0,0.8660254037844386,0.5000000000000001,2019,11.43430290872618
2019-03-01,1.241642788920716,0.9023439222028294,-0.2,37.38,-16.23717811653019,-17.755775577557753,30579.0,43201.0,31721.227456258413,27932.383580080757,2425.202557200538,1319.8532974427994,6188.144010767161,13080.0,265.36608344549126,3456.1453566621803,0.0,-11.96271420783539,-13.263195936314176,20.451618660612205,34.78812452752387,4.001867504238699,0.8246539665307973,-35.86897125980667,64.16496561564836,1.1653,2.8689971751412413,1.5689008977599617,1.3384321223709472,1.1778791616815976,0.6,-10.953645563762452,1.477036695130396,-7.821469597789232,-4.302872062663187,6.287149141589121,7.329710909218767,7.146565149679884,1.169092598327648,-23.97884214212842,45.17813108025672,0.0,1.4322341083900625,1.548946716232957,-1.905091790786284,1,1,3,1.0,6.123233995736766e-17,171,1.3384321223709472,2.011494252873547,1.5621445409107697,0.3874812751950906,1.787768961338043,0.35320274132394597,1.28447717464665,1.1961534380089278,1.2439822298530927,0.05772881498202452,1.2331249855810522,0.04662720685771916,0.5,0.1,0.20000000000000018,0.6082762530298225,0.14999999999999994,0.3885871845545092,-9.723546456357017,-1.7291497110060994,-14.07927845874297,6.508179584121039,-8.168305042112372,9.862778147177185,14.73339569691301,19.742948946804702,11.166311881946498,8.487855081891562,23.53978816449663,18.243469920886998,0.1853861956876645,-2.485686281089683,-4.311022860499954,4.093473609918503,-3.046502583375029,3.3855407380207647,-1.6769693425778942,-3.401187984864817,-4.2697961611317,2.5764481057718305,-2.6313188695615497,3.0071266276024824,-28.459639956049244,17.849624990116887,-9.803608261456393,17.51485975656357,2.179199833861634,20.825818644085107,-6.093579802119297,-20.42536248322274,-8.475747555309214,17.12128774236072,-0.7496145882631008,20.963272390484175,2.840084477281968,11.415120357948735,4.374031829114038,2.4056216134069084,7.898102316240485,4.149422965245895,1.052957572003721,4.270484745732617,1.09166924744503,0.06705057863144899,3.0896760569885475,2.2344081085795917,-16.838649237548786,-24.33197281826589,-20.79882638223301,3.633466322726677,-20.250736850522,6.193709613164756,-41.347885600697865,-1934.3199051393267,29.946755572547634,65.03080199782094,-300.25529123398826,802.058773505258,0.032258064516129,0.0,0.032258064516129,0.032258064516128955,0.016129032258064502,0.026989033114002407,-0.2912364310299287,0.8260058619770971,-0.21395987983259004,1.6089481403120254,0.19700252169012797,1.14998642486219,1.5276779295470888,0.1941747572815622,0.3678013559694364,2.027412356025744,0.47401127728570014,1.3331471550974596,1.0,1.0,1.0,0.0,1.0,0.0,1.0,6.123233995736766e-17,2019,10.327706057596808
2019-04-01,0.6647673314339908,0.9024514196895193,-0.4,36.76,-1.6725504539930611,-30.49725846095671,28529.79930555556,39835.0,29461.1125,25841.23888888889,1664.9506944444445,1898.8270833333331,6122.0,13080.0,166.60486111111112,2255.001388888889,0.0666666666666666,-4.338083910233015,0.4741846797992277,-0.3738170183147926,34.54705511274783,2.4088323854131843,0.2145265093472348,-57.52539684225808,-1.2674200321932672,1.1603,1.0978478696523686,-0.4290740581824326,1.241642788920716,0.9023439222028294,-0.2,-16.23717811653019,-17.755775577557753,-11.96271420783539,-13.263195936314176,20.451618660612205,34.78812452752387,4.001867504238699,0.8246539665307973,-35.86897125980667,64.16496561564836,0.0,2.8689971751412413,1.5689008977599617,-2.720800135616208,1,0,4,0.8660254037844387,-0.4999999999999998,172,1.3384321223709472,2.0095693779904167,1.3061690112208697,0.055881347722193775,1.6748117934006432,0.4069731579729548,1.1778791616815976,1.2695903532310304,1.1215667528436923,0.19719221890751226,1.171765094587744,0.13877985490796207,0.6,-0.5,0.3000000000000001,0.43588989435406805,0.09999999999999994,0.4147288270665547,-10.953645563762452,-21.560643356109463,-12.304790045549879,3.460641979329915,-12.085568548905755,6.650996110313638,1.477036695130396,17.288503253796094,-0.5151143951714516,16.335943866223698,11.542863197274633,17.687609029926968,-7.821469597789232,-5.296985179398295,-6.532932536645653,6.175704953442536,-4.369570376923293,5.006977281909007,-4.302872062663187,-6.829547078154019,-6.41434578051842,6.074858238366182,-4.562385843486897,5.195490876490587,6.287149141589121,-7.2383339699091165,-0.5736240512826191,25.167051107936764,0.47719926121630013,18.29596542099216,7.329710909218767,-26.66337377302712,12.008085211541115,20.838517864963944,2.927993812565339,25.288649044655347,7.146565149679884,3.1354458603802597,4.662839043733517,2.2280274857929694,6.66037817057035,3.990382363087213,1.169092598327648,1.052957572003721,1.0155680456207221,0.17523690801075917,2.3110713969217156,2.0329348211577356,-23.97884214212842,-21.57898776702183,-25.562154213161293,9.613451352319675,-24.68212319531114,6.286073413640248,45.17813108025672,86.01002123808405,22.66507036506907,56.24383406226146,-285.92648708308525,808.768031546679,0.0,0.064516129032258,0.010752688172043,0.018624202231923303,0.016129032258064502,0.026989033114002407,1.4322341083900625,-1.7828773168579004,1.3366649508337904,1.582282910639003,0.6617590983801861,1.5774868981694745,1.548946716232957,-1.973220577871737,1.548508514513336,0.02061497738581386,0.6787292020012438,1.401137612876192,1.0,1.0,1.0,0.0,1.0,0.0,0.8660254037844387,-0.4999999999999998,2019,8.624031007751931
2019-05-01,0.5692599620493288,0.9564161745893822,0.5,30.75,-17.852030323495942,-46.95532171813006,26732.21572580645,35496.0,27604.516801075268,24115.412634408603,1179.581317204301,2130.6922043010754,6131.83870967742,13080.0,126.55712365591398,2946.918010752688,0.064516129032258,0.8399693547168186,0.4926108374384341,-5.416919710239732,-7.783758502560434,4.588221053326591,0.2145265093472348,-63.26496773539119,22.514897316918336,1.1479,0.7194875844520388,-1.0686891321210146,0.6647673314339908,0.9024514196895193,-0.4,-1.6725504539930611,-30.49725846095671,-4.338083910233015,0.4741846797992277,-0.3738170183147926,34.54705511274783,2.4088323854131843,0.2145265093472348,-57.52539684225808,-1.2674200321932672,0.0666666666666666,1.0978478696523686,-0.4290740581824326,-2.55642954856361,1,0,5,0.49999999999999994,-0.8660254037844387,173,1.241642788920716,1.3384321223709472,1.0816140809085508,0.364229259091121,1.4340563326600941,0.512204321624584,0.9023439222028294,1.28447717464665,0.9942248345246488,0.15904932191471455,1.1221492449100923,0.17507323936691585,-0.2,0.5,1.295260195396016e-16,0.5291502622129185,0.01666666666666659,0.4622409184253023,-16.23717811653019,-9.723546456357017,-9.621124711428559,7.373181376008143,-10.312785609626378,7.8829322400520345,-17.755775577557753,14.73339569691301,-15.591999114461359,16.096593866990183,0.8314750923549562,20.73226084657926,-11.96271420783539,0.1853861956876645,-8.040755905285879,3.8170422655861005,-5.286592163442991,4.2351766434132045,-13.263195936314176,-1.6769693425778942,-5.697294439726046,6.974038777654757,-4.833264620795812,4.806501084000766,20.451618660612205,-28.459639956049244,8.788316927962198,10.635627533247401,1.4194336413408462,18.037747284700163,34.78812452752387,-6.093579802119297,25.554963516496823,15.783991987607388,3.9137624151868824,26.573651303557668,4.001867504238699,2.840084477281968,4.519088346443923,2.4108434179988287,5.157985955823788,3.5061080720989226,0.8246539665307973,1.052957572003721,0.7360910247352267,0.4834062982630377,1.4307788273242898,1.4327989553299,-35.86897125980667,-16.838649237548786,-39.124403414731056,17.008562900747503,-30.02047001117161,14.863413173605943,64.16496561564836,-41.347885600697865,36.0252255545706,33.662754381686625,-296.9303488063714,803.474316609498,0.0,0.032258064516129,0.0222222222222222,0.038490017945974966,0.0272401433691756,0.03223416079701375,2.8689971751412413,-0.2912364310299287,1.799693051061223,0.9410164831154663,0.69182854454549,1.585036576017197,1.5689008977599617,1.5276779295470888,0.8962578519368288,1.147814465114187,0.40623427746123336,1.4366444178533773,1.0,1.0,1.0,0.0,1.0,0.0,0.49999999999999994,-0.8660254037844387,2019,4.469273743016755
2019-06-01,0.3787878787878895,0.9481813436161988,0.6,45.79,39.81757324164772,-26.547962784728902,25643.74722222222,34872.0,26554.58402777778,23334.088194444445,1510.3729166666667,1951.9708333333333,6137.0,13080.0,187.05972222222223,2564.3381944444445,0.0,-1.4003148717883662,3.281601705959014,40.79431006200309,-20.787548471458205,4.6805171766792775,0.2145265093472348,-45.51901007641245,13.234839554843036,1.1225,-1.3447002988222767,-2.212736301071505,0.5692599620493288,0.9564161745893822,0.5,-17.852030323495942,-46.95532171813006,0.8399693547168186,0.4926108374384341,-5.416919710239732,-7.783758502560434,4.588221053326591,0.2145265093472348,-63.26496773539119,22.514897316918336,0.064516129032258,0.7194875844520388,-1.0686891321210146,-0.2192405507322803,1,0,6,1.2246467991473532e-16,-1.0,174,0.6647673314339908,1.3384321223709472,0.8252233608013447,0.3637777748683167,1.1936839508560577,0.5252677897550434,0.9024514196895193,1.1778791616815976,0.9204038388272436,0.031187643934906032,1.082193034340168,0.18202474179912928,-0.4,0.6,-0.033333333333333215,0.4725815626252612,0.08333333333333326,0.5036533199202274,-1.6725504539930611,-10.953645563762452,-11.92058629800639,8.91171228820374,-12.999932378374686,7.078699917089564,-30.49725846095671,1.477036695130396,-31.736118585548173,14.639141180754926,-10.284903351800837,25.821015033611335,-4.338083910233015,-7.821469597789232,-5.153609587783863,6.440185416489943,-4.732316224141909,4.848297791539426,0.4741846797992277,-4.302872062663187,-4.098800139692171,7.936604917638183,-4.184298150411936,5.278246382651155,-0.3738170183147926,6.287149141589121,4.886960644019247,13.713210986871017,-2.4583238087185904,16.207184566573336,34.54705511274783,7.329710909218767,20.51714037923709,24.509593769661556,6.020696411963935,24.69250367061007,2.4088323854131843,7.146565149679884,3.6663069809928257,1.1277785199347483,4.020169405053431,1.7244773796606527,0.2145265093472348,1.169092598327648,0.4179023284084223,0.3522572497251415,0.7547857879267261,0.43315232748481836,-57.52539684225808,-23.97884214212842,-52.21977861248532,14.448091373002605,-36.509302497359165,19.620464837845923,-1.2674200321932672,45.17813108025672,28.470814300124474,33.120295639128884,29.20878493633609,46.16315844344964,0.0666666666666666,0.0,0.0437275985663082,0.03788447386874203,0.0379928315412186,0.03209036456716755,1.0978478696523686,1.4322341083900625,1.562110876415215,1.1474985728541847,0.6740754982913136,1.5838292321225285,-0.4290740581824326,1.548946716232957,0.023712569152171643,1.375856856236016,0.19575696256080397,1.5610484643504874,1.0,1.0,1.0,0.0,1.0,0.0,1.2246467991473532e-16,-1.0,2019,6.797020484171323
2019-07-01,0.1890359168241984,0.8522184963833245,0.1,44.88,-2.007346545456315,-28.45528455284552,25742.46034946237,32881.0,26960.09946236559,23408.308467741936,1211.3158602150538,2103.1633064516127,6137.0,13080.0,144.78629032258064,2099.620295698925,0.0,-2.947472099740711,-1.935580077542498,36.38983181666156,-11.900338800783183,3.7882631489937424,0.2145265093472348,-46.00586451467381,-20.06323331157669,1.1118,-1.3399591800514754,-0.953229398663713,0.3787878787878895,0.9481813436161988,0.6,39.81757324164772,-26.547962784728902,-1.4003148717883662,3.281601705959014,40.79431006200309,-20.787548471458205,4.6805171766792775,0.2145265093472348,-45.51901007641245,13.234839554843036,0.0,-1.3447002988222767,-2.212736301071505,-0.106373548444294,1,0,7,-0.4999999999999997,-0.8660254037844388,175,0.5692599620493288,1.241642788920716,0.537605057423736,0.145593909811102,0.9218870343223032,0.43236013919164995,0.9564161745893822,0.9023439222028294,0.9356829792983667,0.029072418644066157,1.0286248660710295,0.16204266064721826,0.5,-0.2,0.23333333333333348,0.5507570547286107,0.2666666666666666,0.445720390678581,-17.852030323495942,-16.23717811653019,6.764330821386248,29.746117697631426,-2.7702296120818204,21.628972134327658,-46.95532171813006,-17.755775577557753,-34.66684765460523,10.823778461886809,-17.590981024888336,22.4390098325223,0.8399693547168186,-11.96271420783539,-1.632809809101521,2.596844108831264,-4.0828711728735865,5.01562889601263,0.4926108374384341,-13.263195936314176,1.4161324077322253,1.6155700720771369,-2.499106686393097,5.848119724032287,-5.416919710239732,20.451618660612205,11.66785777781621,25.349968208808146,5.547116863266777,23.56600736388077,-7.783758502560434,34.78812452752387,1.991916046243065,28.933586851931533,7.000000628892086,23.208955241422675,4.588221053326591,4.001867504238699,3.8925235384730192,1.2857426732614852,4.277681291103267,1.6807474744920423,0.2145265093472348,0.8246539665307973,0.2145265093472348,0.0,0.6150472774839785,0.45253005679051683,-63.26496773539119,-35.86897125980667,-55.43645821802057,9.055523272591135,-40.499306215590934,18.37146132973555,22.514897316918336,64.16496561564836,11.494105613189369,11.986336830466502,17.079587989129255,36.881615912305946,0.064516129032258,0.0,0.0437275985663082,0.03788447386874203,0.0272401433691756,0.03223416079701375,0.7194875844520388,2.8689971751412413,0.15754505176070902,1.3146653362605947,0.747105001297251,1.452543556380695,-1.0686891321210146,1.5689008977599617,-1.2368331637916505,0.9036410021224396,0.15583767536084267,1.6291824006766813,1.0,1.0,1.0,0.0,1.0,0.0,-0.4999999999999997,-0.8660254037844388,2019,7.359705611775524
2019-08-01,0.0,0.8483220434116895,-0.2,41.7,-7.349113240968506,-41.90582334912232,24719.801747311827,33763.0,25916.861559139787,22487.449596774197,1672.0510752688172,1959.8904569892472,6163.935483870968,13080.0,179.63709677419354,2025.1155913978491,0.032258064516129,-5.692938771589051,-2.124884044526898,32.432075660507124,13.478063097995708,4.243793063943313,0.2145265093472348,-31.801481844345105,-10.820254709473588,1.0925,-2.0794120283230133,-1.7359237272890682,0.1890359168241984,0.8522184963833245,0.1,-2.007346545456315,-28.45528455284552,-2.947472099740711,-1.935580077542498,36.38983181666156,-11.900338800783183,3.7882631489937424,0.2145265093472348,-46.00586451467381,-20.06323331157669,0.0,-1.3399591800514754,-0.953229398663713,1.6675779114269984,1,0,8,-0.8660254037844384,-0.5000000000000004,176,0.3787878787878895,0.6647673314339908,0.3790279192204718,0.19011213626804074,0.7303210000645118,0.46433869685011997,0.9481813436161988,0.9024514196895193,0.9189386715296353,0.05792788136082936,0.956581753027142,0.11472285037318666,0.6,-0.4,0.4000000000000002,0.2645751311064603,0.19999999999999993,0.43358966777357627,39.81757324164772,-1.6725504539930611,6.65273212423183,29.79418593893946,-1.4841962935983701,21.360581748616198,-26.547962784728902,-30.49725846095671,-33.98618968523483,11.272012169385716,-24.789094399848093,15.99897843652629,-1.4003148717883662,-4.338083910233015,-1.1692725389374197,1.9042619600288186,-4.605014222111649,4.630722967752924,3.281601705959014,0.4741846797992277,0.6128774886183167,2.610669356901493,-2.5422084755538643,5.841798137123386,40.79431006200309,-0.3738170183147926,23.922407389474994,25.503861338069164,16.355362158718577,19.342637221954718,-20.787548471458205,34.54705511274783,-13.490548591600605,6.646142774029695,6.032207462448105,23.97264798626671,4.6805171766792775,2.4088323854131843,4.352333792999872,0.49067444621328254,4.435711069721896,1.5586895404917673,0.2145265093472348,0.2145265093472348,0.2145265093472348,0.0,0.47530876704123076,0.4184274401498096,-45.51901007641245,-57.52539684225808,-51.59661410882581,10.108022263378198,-45.36050876177844,14.256652562562564,13.234839554843036,-1.2674200321932672,5.228834520061561,22.38964915793071,20.627030037316118,30.63194866504272,0.0,0.0666666666666666,0.021505376344086,0.03724840446384674,0.0218637992831541,0.03387807856176941,-1.3447002988222767,1.0978478696523686,-0.6550572981405723,1.1903931473457665,0.5723178764603264,1.6518955565558255,-2.212736301071505,-0.4290740581824326,-1.4115516106187442,0.6962437925571819,-0.25764687934095765,1.5227241183609792,1.0,1.0,1.0,0.0,1.0,0.0,-0.8660254037844384,-0.5000000000000004,2019,7.359705611775524
2019-09-01,-0.1883239171374784,0.7974273275517954,0.4,52.48,22.993101583107777,-32.01191864231118,26075.131944444445,38228.0,27316.75,23802.477777777774,1678.7736111111112,1562.2944444444445,6182.0,13080.0,169.40416666666667,1765.7118055555557,0.0,-2.892424550888784,-0.3155232209444802,-7.293932850213192,8.739767449953796,4.579954662847219,0.2145265093472348,-30.56554150406886,3.72235838157835,1.1223,0.2501116569897377,2.7276887871853672,0.0,0.8483220434116895,-0.2,-7.349113240968506,-41.90582334912232,-5.692938771589051,-2.124884044526898,32.432075660507124,13.478063097995708,4.243793063943313,0.2145265093472348,-31.801481844345105,-10.820254709473588,0.032258064516129,-2.0794120283230133,-1.7359237272890682,0.0804577150008922,1,0,9,-1.0,-1.8369701987210297e-16,177,0.1890359168241984,0.5692599620493288,0.1892745985373622,0.18939405219245325,0.5072489796693539,0.4342936783619368,0.8522184963833245,0.9564161745893822,0.8829072944704043,0.056562546842897916,0.9016555666488238,0.04572300938738381,0.1,0.5,0.16666666666666685,0.40414518843273856,0.0666666666666666,0.40824829046386335,-2.007346545456315,-17.852030323495942,10.153704485074309,25.828132918636026,-0.8834409064660457,21.089967293976084,-28.45528455284552,-46.95532171813006,-32.30302356223225,8.370770089549694,-32.01957107389021,10.669869396419903,-2.947472099740711,0.8399693547168186,-3.3469085810393757,2.174009455643936,-4.250259084411619,4.4113685725782465,-1.935580077542498,0.4926108374384341,-0.25962080537012727,3.0682489556809354,-2.179210472531149,5.777830829767514,36.38983181666156,-5.416919710239732,36.53873917972394,4.183105437168551,20.712849911871576,19.564527492621764,-11.900338800783183,-7.783758502560434,-6.403274724748559,17.781909884741513,7.056932827244261,24.169799899373512,3.7882631489937424,4.588221053326591,4.237524463205445,0.4461600430280376,3.951915722099135,0.8284105825037117,0.2145265093472348,0.2145265093472348,0.2145265093472348,0.0,0.31621441887782853,0.2490834900266889,-46.00586451467381,-63.26496773539119,-41.108785478477124,8.064036366141881,-46.66428204548121,12.105645842417099,-20.06323331157669,22.514897316918336,-5.882882822069079,17.189346846767613,11.293965739027735,30.183174171839973,0.0,0.064516129032258,0.010752688172043,0.01862420223192329,0.0272401433691756,0.03223416079701375,-1.3399591800514754,0.7194875844520388,-1.5880238357322565,0.4255612604723539,-0.012956479658519463,1.8910702672956623,-0.953229398663713,-1.0686891321210146,-1.6339631423414287,0.6359138148879547,-0.8051252865946287,1.320346173118833,1.0,1.0,1.0,0.0,1.0,0.0,-1.0,-1.8369701987210297e-16,2019,9.291628334866608
2019-10-01,-0.469483568075113,0.866013594711814,-0.1,45.23,-14.867156114608186,-33.72893772893774,29758.170469798657,43732.0,31064.90872483221,27174.93154362416,1844.0073825503357,823.4926174496644,6231.0,13080.0,232.04093959731543,1661.018120805369,0.0,0.804873953763785,-4.739914611832363,-2.238650369615536,-19.1490315047588,5.413635594654043,0.2145265093472348,-17.571201739453844,0.479353337853361,1.144,0.9708737864077666,1.933529359351316,-0.1883239171374784,0.7974273275517954,0.4,22.993101583107777,-32.01191864231118,-2.892424550888784,-0.3155232209444802,-7.293932850213192,8.739767449953796,4.579954662847219,0.2145265093472348,-30.56554150406886,3.72235838157835,0.0,0.2501116569897377,2.7276887871853672,0.917431192660545,1,0,10,-0.8660254037844386,0.5000000000000001,178,0.0,0.3787878787878895,0.0002373332289062243,0.1886800289304416,0.2689211953263215,0.33067857090899444,0.8483220434116895,0.9481813436161988,0.8326559557822698,0.030571028306061464,0.8841694675403181,0.06242024985034552,-0.2,0.6,0.1000000000000002,0.3000000000000007,0.1666666666666666,0.4033195589934449,-7.349113240968506,39.81757324164772,4.5455472655609945,16.197771855457457,5.6549390434736155,21.455923019189754,-41.90582334912232,-26.547962784728902,-34.124342181426336,6.969648368747711,-34.39559491801578,8.147414625937309,-5.692938771589051,-1.4003148717883662,-3.844278474072849,1.6012233541477623,-2.738544141587185,2.2781976031549442,-2.124884044526898,3.281601705959014,-1.4586624476712922,0.994502120027973,-0.021265019969533366,1.9796398884668291,32.432075660507124,40.79431006200309,20.509324875651853,24.15950772627717,16.088591326734015,22.67096254767507,13.478063097995708,-20.787548471458205,3.439163915722109,13.494003079300912,2.7155399809825824,20.207042950689694,4.243793063943313,4.6805171766792775,4.204003625261426,0.397342752353649,4.0482635818672215,0.8680507745617673,0.2145265093472348,0.2145265093472348,0.2145265093472348,0.0,0.2145265093472348,0.0,-31.801481844345105,-45.51901007641245,-36.12429595436259,8.57997290440236,-45.780377086191585,13.196031907419925,-10.820254709473588,13.234839554843036,-9.053709879823975,11.990792447664864,1.2201978666827347,15.544914477632565,0.032258064516129,0.0,0.010752688172043,0.01862420223192329,0.0272401433691756,0.03223416079701375,-2.0794120283230133,-1.3447002988222767,-1.056419850461585,1.1903638366803235,-0.44943739935043675,1.3039316083156895,-1.7359237272890682,-2.212736301071505,0.012845220410862149,2.383471060671442,-0.6119939716903943,1.7514306615715447,1.0,1.0,1.0,0.0,1.0,0.0,-0.8660254037844386,0.5000000000000001,2019,9.090909090909104
2019-11-01,-0.469483568075113,0.9819525627791522,-0.3,42.82,-5.475530032821503,-36.16577221228384,33692.626388888886,44994.0,35007.49166666667,30589.059027777777,1639.7243055555557,456.28333333333336,6258.877777777778,13080.0,234.56319444444443,2653.626388888889,0.0,2.367984487164198,-1.5405488205173068,-21.578165996878017,-2.443775640045309,5.885261001146636,0.2145265093472348,-20.29999787637181,62.50989845103594,1.166,2.713178294573648,1.923076923076916,-0.469483568075113,0.866013594711814,-0.1,-14.867156114608186,-33.72893772893774,0.804873953763785,-4.739914611832363,-2.238650369615536,-19.1490315047588,5.413635594654043,0.2145265093472348,-17.571201739453844,0.479353337853361,0.0,0.9708737864077666,1.933529359351316,0.8260058619770971,1,1,11,-0.5000000000000004,0.8660254037844384,179,-0.1883239171374784,0.1890359168241984,-0.2192691617375309,0.2362666106237873,0.07987937874147089,0.3797020323697066,0.7974273275517954,0.8522184963833245,0.8372543218917663,0.03560744101262451,0.8780964967107008,0.06205732519613245,0.4,0.1,0.03333333333333353,0.3214550253664324,0.2166666666666666,0.33115957885386144,22.993101583107777,-2.007346545456315,0.25894407584370427,20.043993622436858,3.455838100037761,22.97925664860524,-32.01191864231118,-28.45528455284552,-35.88222657345708,5.286759614622976,-34.934208129345954,7.942400203483618,-2.892424550888784,-2.947472099740711,-2.5934964562380167,3.259204052796942,-1.881384497587718,2.5115680357210324,-0.3155232209444802,-1.935580077542498,-2.393440625767914,2.2243879546824896,-0.8902815685747986,2.7233771474157704,-7.293932850213192,36.38983181666156,7.633164146892817,21.624719175857756,15.77778576818389,22.952821235291996,8.739767449953796,-11.900338800783183,1.022933014396904,17.629349841485556,-6.233807788601855,14.324050416838183,4.579954662847219,3.7882631489937424,4.745794440481526,0.6022956172407341,4.5490641167406975,0.5365183626128659,0.2145265093472348,0.2145265093472348,0.2145265093472348,0.0,0.2145265093472348,0.0,-30.56554150406886,-46.00586451467381,-26.646075029289268,7.883329312613214,-39.12134456905755,15.889821212306556,3.72235838157835,-20.06323331157669,-2.2061809966806254,7.634197395516256,1.511326761690506,15.505314586867243,0.0,0.0,0.010752688172043,0.01862420223192329,0.016129032258064502,0.026989033114002404,0.2501116569897377,-1.3399591800514754,-0.28614219497517085,1.5942826076944976,-0.4705997465578704,1.274495452083257,2.7276887871853672,-0.953229398663713,0.9750981397492051,2.381155595897542,-0.21822673543476953,2.0422272316025096,1.0,1.0,1.0,0.0,1.0,0.0,-0.5000000000000004,0.8660254037844384,2019,9.090909090909104
2019-12-01,-0.5628517823639712,0.9122763470886704,0.4,28.67,-40.115400326625824,-46.97614203809876,32514.78696236559,45146.0,33904.68951612903,29783.1814516129,2293.3669354838707,381.09610215053766,6463.404569892473,13080.0,260.4475806451613,2518.6478494623657,0.064516129032258,-1.311376356800209,-1.0975529607641257,22.824009588286746,43.04550396415985,9.295176477767695,0.2145265093472348,-11.785031412182468,19.727751199993616,1.1791,5.957943925233655,1.1234991423670682,-0.469483568075113,0.9819525627791522,-0.3,-5.475530032821503,-36.16577221228384,2.367984487164198,-1.5405488205173068,-21.578165996878017,-2.443775640045309,5.885261001146636,0.2145265093472348,-20.29999787637181,62.50989845103594,0.0,2.713178294573648,1.923076923076916,-1.7828773168579004,1,1,12,-2.4492935982947064e-16,1.0,180,-0.469483568075113,0.0,-0.3757636844292353,0.1623276001541029,-0.09324454294593609,0.3473738923356575,0.866013594711814,0.8483220434116895,0.8817978283475872,0.09326975465030792,0.8823525614089958,0.06899128067863408,-0.1,-0.2,2.0354088784794536e-16,0.3605551275463994,0.08333333333333327,0.3544949458972116,-14.867156114608186,-7.349113240968506,0.8834718118927055,19.71490442736595,5.518588148483501,21.168115806600234,-33.72893772893774,-41.90582334912232,-33.96887619451092,2.0872955518169367,-33.135949878371584,5.5320120519433305,0.804873953763785,-5.692938771589051,0.09347796334639973,2.7013957509579893,-1.626715308846488,2.8914391432375717,-4.739914611832363,-2.124884044526898,-2.198662217764717,2.284435319213054,-1.229141511567422,2.6421739216744347,-2.238650369615536,32.432075660507124,-10.37024973890223,10.030055352489446,13.084244720410842,26.596543478417033,-19.1490315047588,13.478063097995708,-4.284346564950102,14.035207614466142,-5.343810644849333,14.374293225732346,5.413635594654043,4.243793063943313,5.2929504195493005,0.6609688667530846,4.765237441377372,0.7671718422375122,0.2145265093472348,0.2145265093472348,0.2145265093472348,0.0,0.2145265093472348,0.0,-17.571201739453844,-31.801481844345105,-22.81224703996484,6.851770820345937,-31.96051625922098,12.050691847574114,0.479353337853361,-10.820254709473588,22.237203390155884,34.914849935616026,8.17716028404344,29.034977716451,0.0,0.032258064516129,0.0,0.0,0.005376344086021504,0.013169299692382657,0.9708737864077666,-2.0794120283230133,1.3113879126570496,1.266347787113014,-0.13831796153760223,1.7988530200507187,1.933529359351316,-1.7359237272890682,2.1947650232045333,0.4615551072381638,0.2804009404315523,2.155160228031009,1.0,1.0,1.0,0.0,1.0,0.0,-2.4492935982947064e-16,1.0,2019,9.090909090909104
2020-01-01,0.0,0.9713333717922764,-0.1,24.09,-17.405446326849848,-50.89686098654709,32805.594086021505,44208.0,34202.94153225807,30253.672715053763,2527.1760752688174,401.5860215053763,6465.0,13080.0,199.9119623655914,1861.7862903225807,0.032258064516129,-7.429642385118196,-6.102249315010299,51.27172115501817,2.9924267232910085,8.948013245108122,0.2145265093472348,-37.59762531597772,9.992885082972958,1.1779,4.257390688617457,-0.101772538376732,-0.5628517823639712,0.9122763470886704,0.4,-40.115400326625824,-46.97614203809876,-1.311376356800209,-1.0975529607641257,22.824009588286746,43.04550396415985,9.295176477767695,0.2145265093472348,-11.785031412182468,19.727751199993616,0.064516129032258,5.957943925233655,1.1234991423670682,-0.2912364310299287,1,1,1,0.49999999999999994,0.8660254037844387,181,-0.469483568075113,-0.1883239171374784,-0.5006063061713996,0.0539061636534202,-0.2501844864712462,0.3010908774060372,0.9819525627791522,0.7974273275517954,0.9200808348598789,0.058362176117390786,0.8763683953210742,0.06347617973429584,-0.3,0.4,2.0354088784794536e-16,0.3605551275463994,0.049999999999999954,0.30166206257996764,-5.475530032821503,22.993101583107777,-20.152695491351828,17.914598749908595,-7.803574112895423,20.40395116550933,-36.16577221228384,-32.01191864231118,-38.95695065977345,7.050894506830785,-36.54064642059989,6.8060764103620555,2.367984487164198,-2.892424550888784,0.6204940280425914,1.8465971468572646,-1.6118922230151285,2.8930594445592805,-1.5405488205173068,-0.3155232209444802,-2.4593387977045986,1.987418140686039,-1.9590006226879453,1.5086258914396413,-21.578165996878017,-7.293932850213192,-0.3309355927355829,22.262475848979385,10.089194641458116,23.70685121896296,-2.443775640045309,8.739767449953796,7.150898939785249,32.188249343015556,5.295031427753676,22.16758216447866,5.885261001146636,4.579954662847219,6.864691024522792,2.1180302842114545,5.534347324892107,1.9953322154595041,0.2145265093472348,0.2145265093472348,0.2145265093472348,0.0,0.2145265093472348,0.0,-20.29999787637181,-30.56554150406886,-16.552077009336042,4.348002401473624,-26.338186481849316,12.325986788043277,62.50989845103594,3.72235838157835,27.572334329627637,31.750594405713876,9.25931222490187,29.38012719147677,0.0,0.0,0.021505376344086,0.03724840446384674,0.016129032258064502,0.026989033114002404,2.713178294573648,0.2501116569897377,3.2139986687383555,2.530974699157598,1.0787894091383865,2.9325862127682623,1.923076923076916,2.7276887871853672,1.6600351415984338,0.4646831955315441,0.8364401810046478,1.7812120307940966,1.0,1.0,1.0,0.0,1.0,0.0,0.49999999999999994,0.8660254037844387,2020,3.7803780378037777
2020-02-01,0.0,0.8675376855214466,0.0,22.05,-8.8484214733925,-49.8521719354105,31909.54382183908,44195.0,33032.95761494253,29325.569683908045,3446.885775862069,761.7492816091954,6465.0,13080.0,241.42959770114945,3065.4619252873563,0.0,-3.6462542521643937,-3.535959838480851,69.68053169618543,-22.906314728218767,4.408914728682167,0.0994872579781036,-18.75840208752944,-13.65735668759982,1.1882,3.564891484354571,0.8744375583665809,0.0,0.9713333717922764,-0.1,-17.405446326849848,-50.89686098654709,-7.429642385118196,-6.102249315010299,51.27172115501817,2.9924267232910085,8.948013245108122,0.2145265093472348,-37.59762531597772,9.992885082972958,0.032258064516129,4.257390688617457,-0.101772538376732,1.4322341083900625,1,1,2,0.8660254037844386,0.5000000000000001,182,-0.5628517823639712,-0.469483568075113,-0.3441117834796952,0.3016439880174214,-0.28169047260861263,0.2517937782831923,0.9122763470886704,0.866013594711814,0.955187427220033,0.03753947792435926,0.8962208745558996,0.0724106767198877,0.4,-0.1,2.0354088784794536e-16,0.3605551275463994,0.016666666666666618,0.306050104830348,-40.115400326625824,-14.867156114608186,-20.998792228765716,17.59727974918304,-10.369924076461013,20.497262739249148,-46.97614203809876,-33.72893772893774,-44.67959174564323,7.629341488826846,-40.280909159550156,7.594785164981748,-1.311376356800209,0.804873953763785,-2.124344751584736,4.949147531677195,-2.358920603911376,3.756676714307938,-1.0975529607641257,-4.739914611832363,-2.9134503654305774,2.7704494921528746,-2.6534454955992453,2.265047439548652,22.824009588286746,-2.238650369615536,17.505854915475652,36.71496413390535,12.569509531184218,27.486138965287317,43.04550396415985,-19.1490315047588,14.531385015801852,24.843093780454833,7.777159015099375,20.638139364118768,9.295176477767695,5.413635594654043,8.042816908007486,1.87654368346397,6.394305674244504,2.1942601550431053,0.2145265093472348,0.2145265093472348,0.2145265093472348,0.0,0.2145265093472348,0.0,-11.785031412182468,-17.571201739453844,-23.227551534844,13.152962739549874,-24.936813282066634,9.877490309600956,19.727751199993616,0.479353337853361,30.743511578000838,27.937777395540603,14.268665290660145,25.714292183575562,0.064516129032258,0.0,0.032258064516129,0.03225806451612895,0.021505376344086002,0.026338599384765325,5.957943925233655,0.9708737864077666,4.309504302808253,1.623010434675621,2.0116810539165417,2.899370618165577,1.1234991423670682,1.933529359351316,0.9816011756890842,1.0198554358818612,0.9783496577191446,1.638296529823495,1.0,1.0,1.0,0.0,1.0,0.0,0.8660254037844386,0.5000000000000001,2020,3.870387038703882
2020-03-01,0.0,0.8445774385610574,-7.6,19.3,-13.320750598201508,-48.368111289459605,29663.677658142664,45490.0,30741.161507402423,27120.00269179004,2411.0262449528936,1530.0969044414535,6496.495289367429,13080.0,227.0026917900404,3161.28532974428,0.0,-2.9933037112310323,5.298488460915252,-0.5845413697736057,15.9293163418994,4.982936370965962,0.0,-14.456780292848192,-8.531470655582197,1.1193,-3.947481335278469,-5.798687089715537,0.0,0.8675376855214466,0.0,-8.8484214733925,-49.8521719354105,-3.6462542521643937,-3.535959838480851,69.68053169618543,-22.906314728218767,4.408914728682167,0.0994872579781036,-18.75840208752944,-13.65735668759982,0.0,3.564891484354571,0.8744375583665809,2.8689971751412413,1,1,3,1.0,6.123233995736766e-17,183,0.0,-0.469483568075113,-0.18761726078799087,0.3249626280616991,-0.28169047260861263,0.2517937782831923,0.9713333717922764,0.9819525627791522,0.9170491348007977,0.05206218156220712,0.8994234815741926,0.07026153666563706,-0.1,-0.3,0.1000000000000002,0.26457513110645986,0.049999999999999954,0.2880972058177592,-17.405446326849848,-5.475530032821503,-22.123089375622715,16.158530521178598,-10.61980878186501,20.462179340824882,-50.89686098654709,-36.16577221228384,-49.241724986685455,2.030392419233685,-41.60530059059818,8.565610982719571,-7.429642385118196,2.367984487164198,-4.1290909980276,3.0875788719779056,-2.0178065173406,3.475816380026279,-6.102249315010299,-1.5405488205173068,-3.5785873714184255,2.502620472519644,-2.8886247945915713,2.2724347321238714,51.27172115501817,-21.578165996878017,47.92542081316346,23.60681491636306,18.7775855371306,35.81436932129705,2.9924267232910085,-2.443775640045309,7.710538653077365,33.228091012642466,1.7130960440636287,23.740269911516783,8.948013245108122,5.885261001146636,7.550701483852662,2.726398464779032,6.42182595170098,2.1627027842807136,0.2145265093472348,0.2145265093472348,0.17618009222419106,0.06641793256113329,0.19535330078571297,0.04696457063408769,-37.59762531597772,-20.29999787637181,-22.713686271896545,13.353115956393486,-22.762966655930693,9.492307512679691,9.992885082972958,62.50989845103594,5.354426531788917,17.16909521387407,13.795814960972441,26.287606907677656,0.032258064516129,0.0,0.032258064516129,0.03225806451612895,0.016129032258064502,0.026989033114002404,4.257390688617457,2.713178294573648,4.593408699401894,1.2314041066513473,2.9523983060294725,2.116481809538884,-0.101772538376732,1.923076923076916,0.6320547207856392,0.6475992224157741,1.4134098719950863,0.9927669387838687,1.0,1.0,1.0,0.0,1.0,0.0,1.0,6.123233995736766e-17,2020,3.870387038703882
2020-04-01,0.0,0.8829504154006422,-19.2,17.08,-12.21969075504162,-53.53645266594125,23027.58125,34099.0,24177.984722222223,20917.916666666668,1530.982638888889,2237.258333333333,6541.933333333333,13080.0,148.7888888888889,2420.345138888889,0.0666666666666666,-19.285863165830687,-14.399397514748337,-8.046367739451743,17.823173735540678,6.859414134814323,0.0,-10.693548857701396,7.332312557087617,1.1419,-1.5857967766957026,2.019119092289823,0.0,0.8445774385610574,-7.6,-13.320750598201508,-48.368111289459605,-2.9933037112310323,5.298488460915252,-0.5845413697736057,15.9293163418994,4.982936370965962,0.0,-14.456780292848192,-8.531470655582197,0.0,-3.947481335278469,-5.798687089715537,1.0978478696523686,1,0,4,0.8660254037844387,-0.4999999999999998,184,0.0,-0.5628517823639712,0.0,0.0,-0.25030315308569956,0.27630481705085985,0.8675376855214466,0.9122763470886704,0.8944828319582602,0.06753737735287471,0.9072818334090695,0.058168322153139454,0.0,0.4,-2.5666666666666664,4.359281286328439,-1.2833333333333334,3.103170421789088,-8.8484214733925,-40.115400326625824,-13.191539466147944,4.279975493289157,-16.672117478749893,12.25714988892289,-49.8521719354105,-46.97614203809876,-49.70571473713907,1.2707206777335183,-44.33133269845626,7.429180069979561,-3.6462542521643937,-1.311376356800209,-4.689733449504541,2.395185135603925,-2.0346197107309747,3.4811331347175867,-3.535959838480851,-1.0975529607641257,-1.4465735641919661,5.980665239857854,-1.9529561809482825,4.024299076402296,69.68053169618543,22.824009588286746,40.12257049381002,36.43518620222598,19.8958174505372,34.93139127225198,-22.906314728218767,43.04550396415985,-1.3281905543427843,19.77504387854274,2.911354192721229,24.339736852824192,4.408914728682167,9.295176477767695,6.113288114918752,2.471664446126556,6.488989569720772,2.099393452262281,0.0994872579781036,0.2145265093472348,0.10467125577511278,0.1073571601017994,0.1595988825611738,0.09072307770350506,-18.75840208752944,-11.785031412182468,-23.60426923211845,12.307985147187175,-20.078173120727246,9.114640632014128,-13.65735668759982,19.727751199993616,-4.065314086736353,12.441599568502012,11.75351012144568,27.666580872467243,0.0,0.064516129032258,0.010752688172043,0.018624202231923292,0.016129032258064502,0.026989033114002404,3.564891484354571,5.957943925233655,1.2916002792311854,4.550370414548229,2.2527994739847714,3.4573640544991058,0.8744375583665809,1.1234991423670682,-1.6753406899085626,3.6041275903950374,-0.007652774155064564,2.9359301839864567,1.0,1.0,1.0,0.0,1.0,0.0,0.8660254037844387,-0.4999999999999998,2020,14.094558429973247
2020-05-01,0.0,0.8522760370962198,2.1,11.82,-36.81151763824715,-61.5609756097561,21610.885080645163,29570.0,22610.566532258064,19599.774193548383,1548.0,2650.637768817204,6527.0,13080.0,131.50604838709677,2489.8985215053763,0.064516129032258,-19.157898087053493,-16.69483885508226,31.2330042382224,24.402659542591465,6.444417556171644,0.0,3.910427630006841,-15.508388342659796,1.1275,-1.777158289049563,-1.2610561345126503,0.0,0.8829504154006422,-19.2,-12.21969075504162,-53.53645266594125,-19.285863165830687,-14.399397514748337,-8.046367739451743,17.823173735540678,6.859414134814323,0.0,-10.693548857701396,7.332312557087617,0.0666666666666666,-1.5857967766957026,2.019119092289823,0.7194875844520388,1,0,5,0.49999999999999994,-0.8660254037844387,185,0.0,0.0,0.0,0.0,-0.17205589173984737,0.268178138672227,0.8445774385610574,0.9713333717922764,0.8650218464943821,0.019309801200158808,0.9101046368572074,0.05614073311214113,-7.6,-0.1,-8.933333333333332,9.669195071635142,-4.466666666666667,7.8352196310420466,-13.320750598201508,-17.405446326849848,-11.4629542755452,2.3302187718545615,-16.230873252155465,12.382137589257695,-48.368111289459605,-50.89686098654709,-50.58557863027045,2.661081017370102,-47.632585187956835,6.04809770242552,-2.9933037112310323,-7.429642385118196,-8.64180704307537,9.223802586813097,-5.383075897330053,7.521451495331422,5.298488460915252,-6.102249315010299,-4.212289630771313,9.866344027476224,-3.5628699981009446,6.520287491667193,-0.5845413697736057,51.27172115501817,20.349874195653378,42.88420502083377,18.9278645555645,35.73855042316281,15.9293163418994,2.9924267232910085,3.615391783073772,22.987982972850826,9.073388399437809,22.22607343590489,4.982936370965962,8.948013245108122,5.417088411487486,1.2816406791992925,6.729952659747485,2.0332099379655966,0.0,0.2145265093472348,0.03316241932603453,0.057438983396718074,0.12384446433663467,0.10577133140396601,-14.456780292848192,-37.59762531597772,-14.636243746026343,4.0354206413875575,-18.93189764043517,9.892279327285005,-8.531470655582197,9.992885082972958,-4.952171595364801,10.94303842954184,12.895669991318059,27.24632704632254,0.0,0.032258064516129,0.0222222222222222,0.03849001794597496,0.0272401433691756,0.03223416079701375,-3.947481335278469,4.257390688617457,-0.6561288758732013,3.8415033710326107,1.8266877134675266,3.7886380492011704,-5.798687089715537,-0.101772538376732,-0.9683768130197109,4.222143647531569,0.006612181334686477,2.9474336435499646,1.0,1.0,1.0,0.0,1.0,0.0,0.49999999999999994,-0.8660254037844387,2020,13.992869875222812
2020-06-01,0.0,0.8302919614436062,9.3,29.69,92.10172767977164,-35.16051539637475,22674.983333333334,31325.0,23983.372916666667,20680.1375,1588.5611111111111,2066.8375,6527.0,13080.0,129.24930555555557,1375.295138888889,0.0,-11.576950369859484,-10.171484285386557,5.176747648322677,5.884650769628141,6.35489652924881,0.0,-30.904791250566145,-46.36841810224481,1.1123,-0.9086859688196004,-1.3481152993347956,0.0,0.8522760370962198,2.1,-36.81151763824715,-61.5609756097561,-19.157898087053493,-16.69483885508226,31.2330042382224,24.402659542591465,6.444417556171644,0.0,3.910427630006841,-15.508388342659796,0.064516129032258,-1.777158289049563,-1.2610561345126503,-1.3447002988222767,1,0,6,1.2246467991473532e-16,-1.0,186,0.0,0.0,0.0,0.0,-0.09380863039399519,0.22978327793464148,0.8829504154006422,0.8675376855214466,0.8599346303526398,0.020300538807690147,0.8884918825767188,0.04719801940196644,-19.2,0.0,-8.233333333333333,10.664114277957326,-4.066666666666666,8.14559185490328,-12.21969075504162,-8.8484214733925,-20.783986330496752,13.891162768474175,-21.45353785305974,13.496776050423328,-53.53645266594125,-49.8521719354105,-54.48851318838566,6.647761403076335,-51.865119087535554,5.25211633052684,-19.285863165830687,-3.6462542521643937,-13.812354988038402,9.369791708623355,-8.970722993033002,8.189025365178724,-14.399397514748337,-3.535959838480851,-8.598582636305116,12.089818094066871,-6.08858500386177,8.27833498045869,-8.046367739451743,69.68053169618543,7.534031709665702,20.86026575513282,27.729726261414566,29.772676286506755,17.823173735540678,-22.906314728218767,19.38504987334385,4.4473564115562265,13.547794263210605,22.145931189076467,6.859414134814323,4.408914728682167,6.0955893539839785,0.9856738991845294,6.823145418918319,1.999281381612069,0.0,0.0994872579781036,0.0,0.0,0.08809004611209553,0.10524430650519002,-10.693548857701396,-18.75840208752944,-7.079967173514249,9.702167858863632,-14.896826722705399,13.501816863545468,7.332312557087617,-13.65735668759982,-5.5691821470514595,11.704946360491848,-0.10737780763123261,14.439910244819423,0.0666666666666666,0.0,0.0437275985663082,0.03788447386874203,0.0379928315412186,0.03209036456716755,-1.5857967766957026,3.564891484354571,-2.436812133674579,1.3117720398789938,1.078298282863658,4.01522630395113,2.019119092289823,0.8744375583665809,-1.6802080439794544,3.9257215409727606,-0.5240766615969079,2.8171328467163486,1.0,1.0,1.0,0.0,1.0,0.0,1.2246467991473532e-16,-1.0,2020,11.508282476024425
2020-07-01,0.0,0.8977924442594358,6.7,27.04,-9.34930376009052,-39.75044563279858,23350.02889784946,32207.0,25103.25336021505,21328.79099462365,1543.4905913978494,1947.7728494623657,6527.0,13080.0,114.49798387096774,382.7426075268817,0.0,-9.293717147214608,-2.0498160031629187,27.422635341687183,-7.388416130719621,6.35489652924881,0.0,-20.91931935277244,-81.77086550787632,1.1059,-0.5306709839899115,-0.575384338757523,0.0,0.8302919614436062,9.3,92.10172767977164,-35.16051539637475,-11.576950369859484,-10.171484285386557,5.176747648322677,5.884650769628141,6.35489652924881,0.0,-30.904791250566145,-46.36841810224481,0.0,-0.9086859688196004,-1.3481152993347956,-1.3399591800514754,1,0,7,-0.4999999999999997,-0.8660254037844388,187,0.0,0.0,0.0,0.0,0.0,0.0,0.8522760370962198,0.8445774385610574,0.8551728046468227,0.026448471410787218,0.8748278183025414,0.050674560343804145,2.1,-7.6,-2.600000000000001,14.819919028118878,-2.583333333333333,9.770039235676931,-36.81151763824715,-13.320750598201508,14.356839762160964,68.44260504506512,0.5826501480065053,45.921207624181534,-61.5609756097561,-48.368111289459605,-50.08598122402403,13.534230297589627,-49.89584798058155,8.599966807838896,-19.157898087053493,-2.9933037112310323,-16.673570540914554,4.414266263078223,-10.681651995209549,7.291966046280234,-16.69483885508226,5.298488460915252,-13.755240218405717,3.3090395400049206,-7.600906891298841,8.008634227931136,31.2330042382224,-0.5845413697736057,9.454461382364464,19.98602991674252,24.788515938087226,31.192075101073033,24.402659542591465,15.9293163418994,16.036828015920097,9.387355085499149,7.354318730788653,16.796817536271966,6.444417556171644,4.982936370965962,6.552909406744927,0.2691883444917458,6.333098760831838,1.5907907039239093,0.0,0.0,0.0,0.0,0.05233562788755639,0.08886532137098556,3.910427630006841,-14.456780292848192,-12.562637492753566,17.482705330406166,-18.083453362436007,14.813098361301824,-15.508388342659796,-8.531470655582197,-18.181497962605665,26.94997689451642,-11.12340602467097,20.303148916910615,0.064516129032258,0.0,0.0437275985663082,0.03788447386874203,0.0272401433691756,0.032234160797013744,-1.777158289049563,-3.947481335278469,-1.4238803448549566,0.45631539632828516,-0.06614003281188442,3.252351205842456,-1.2610561345126503,-5.798687089715537,-0.19668411385254073,1.9194355187939902,-0.9360124018805518,2.7065688501192784,1.0,1.0,1.0,0.0,1.0,0.0,-0.4999999999999997,-0.8660254037844388,2020,9.597257926306767
2020-08-01,0.0,0.8991860644303231,3.5,35.17,26.28761953111279,-15.659472422062349,24295.801747311827,32907.0,25338.675403225807,22097.192204301075,1251.4744623655913,1693.1236559139784,6527.0,13080.0,159.01747311827958,1869.0369623655915,0.032258064516129,-1.715224111965652,-2.535319728697094,-25.153335273302545,-13.611311801837733,5.890141405260563,0.0,-11.478488589599689,-7.707146678206344,1.11,1.6018306636155666,0.3707387648069549,0.0,0.8977924442594358,6.7,-9.34930376009052,-39.75044563279858,-9.293717147214608,-2.0498160031629187,27.422635341687183,-7.388416130719621,6.35489652924881,0.0,-20.91931935277244,-81.77086550787632,0.0,-0.5306709839899115,-0.575384338757523,-2.0794120283230133,1,0,8,-0.8660254037844384,-0.5000000000000004,188,0.0,0.0,0.0,0.0,0.0,0.0,0.8302919614436062,0.8829504154006422,0.860120147599754,0.034427116453248204,0.862570997047068,0.025108681834925276,9.3,-19.2,6.033333333333334,3.646002377033423,-1.45,10.48403548258017,92.10172767977164,-12.21969075504162,15.313635427144666,67.903251995916,1.9253405757997266,45.404937476997894,-35.16051539637475,-53.53645266594125,-45.490645546309814,14.105264838168896,-48.03811208829013,9.497549277228252,-11.576950369859484,-19.285863165830687,-13.342855201375862,5.163751669953715,-10.992331122225616,7.16429356767142,-10.171484285386557,-14.399397514748337,-9.638713047877244,7.337033288526621,-6.925501339324278,8.324934961229438,5.176747648322677,-8.046367739451743,21.27746240941077,14.073183351514961,20.813668302532058,28.54999015646056,5.884650769628141,17.823173735540678,7.632964727166663,15.967484911124929,5.6241782551202135,17.838313875770062,6.35489652924881,6.859414134814323,6.384736871556423,0.05168498897460384,5.900912641521953,0.9690266921750713,0.0,0.0,0.0,0.0,0.016581209663017266,0.04061549481168594,-30.904791250566145,-10.693548857701396,-15.971227657777249,17.927285767569824,-15.303735701901795,11.644892979817826,-46.36841810224481,7.332312557087617,-47.882557317593644,33.15717770240061,-26.41736445647918,32.25778688601048,0.0,0.0666666666666666,0.021505376344086,0.03724840446384673,0.0218637992831541,0.03387807856176941,-0.9086859688196004,-1.5857967766957026,-1.0721717472863594,0.6391231103935978,-0.8641503115797793,2.4734951184939953,-1.3481152993347956,2.019119092289823,-1.0615185908683227,0.4232489903725274,-1.014947701944017,2.684186523424045,1.0,1.0,1.0,0.0,1.0,0.0,-0.8660254037844384,-0.5000000000000004,2020,9.597257926306767
2020-09-01,0.0,0.9055906804688936,1.4,40.75,14.72623932009805,-22.351371951219512,25526.786111111112,37185.0,26887.338194444445,23340.296527777777,1428.75625,1592.7388888888888,6527.0,13080.0,161.33055555555555,1157.6645833333334,0.0,-2.1029455747400894,-2.728366642251756,-14.892857467877109,1.948700806861692,5.580718214170166,0.0,-4.76588697313296,-34.4363797256772,1.0993,-2.0493629154415105,-0.9639639639639764,0.0,0.8991860644303231,3.5,26.28761953111279,-15.659472422062349,-1.715224111965652,-2.535319728697094,-25.153335273302545,-13.611311801837733,5.890141405260563,0.0,-11.478488589599689,-7.707146678206344,0.032258064516129,1.6018306636155666,0.3707387648069549,0.2501116569897377,1,0,9,-1.0,-1.8369701987210297e-16,189,0.0,0.0,0.0,0.0,0.0,0.0,0.8977924442594358,0.8522760370962198,0.8757568233777885,0.03937989077327569,0.8678457268652141,0.02933014842986531,6.7,2.1,6.5,2.9051678092667963,-0.8666666666666667,10.676453843232157,-9.34930376009052,-36.81151763824715,36.34668115026465,51.46811134621511,7.781347409883942,45.99941636023063,-39.75044563279858,-61.5609756097561,-30.190144483745225,12.791488881945384,-42.339328836065434,16.132240523488104,-9.293717147214608,-19.157898087053493,-7.528630543013247,5.162369537010737,-10.670492765525827,7.590967015483562,-2.0498160031629187,-16.69483885508226,-4.9188733390821895,4.555367140176975,-6.758727987693653,8.415943600416599,27.422635341687183,31.2330042382224,2.482015905569123,26.391368966029688,5.008023807617397,21.455043146444773,-7.388416130719621,24.402659542591465,-5.038359054309735,9.958173293514156,7.173345409517054,15.050865385603919,6.35489652924881,6.444417556171644,6.199978154586063,0.26832649593850133,6.147783754285019,0.6486061702527832,0.0,0.0,0.0,0.0,0.0,0.0,-20.91931935277244,3.910427630006841,-21.10086639764609,9.714423722794617,-14.09041678558017,11.592088693889632,-81.77086550787632,-15.508388342659796,-45.2821434294425,37.04380658378602,-25.42566278824694,32.81517238038599,0.0,0.064516129032258,0.010752688172043,0.01862420223192328,0.0272401433691756,0.032234160797013744,-0.5306709839899115,-1.777158289049563,0.054157903602017075,1.353584892518649,-1.19132711503628,1.811809784808551,-0.575384338757523,-1.2610561345126503,-0.5175869577617876,0.8608833988361111,-1.0988975008706214,2.620395060767565,1.0,1.0,1.0,0.0,1.0,0.0,-1.0,-1.8369701987210297e-16,2020,7.659932659932678
2020-10-01,0.0,0.8631122303871491,0.3,41.14,0.9525044537939472,-9.042670793720974,28757.312080536914,40693.0,29824.844966442957,26417.876510067115,1617.21677852349,733.6926174496645,6527.0,13080.0,188.06577181208053,2507.386577181208,0.0,-3.363306189395976,-6.949144790999728,-12.298790458918074,-10.904772926575625,4.750441341678702,0.0,-18.951469452567093,50.954799696313046,1.1032,-3.566433566433558,0.3547712180478557,0.0,0.9055906804688936,1.4,14.72623932009805,-22.351371951219512,-2.1029455747400894,-2.728366642251756,-14.892857467877109,1.948700806861692,5.580718214170166,0.0,-4.76588697313296,-34.4363797256772,0.0,-2.0493629154415105,-0.9639639639639764,0.9708737864077666,1,0,10,-0.8660254037844386,0.5000000000000001,190,0.0,0.0,0.0,0.0,0.0,0.0,0.8991860644303231,0.8302919614436062,0.9008563963862174,0.004158801344867313,0.8780146005165202,0.030212978563891376,3.5,9.3,3.8666666666666667,2.668957349478136,0.6333333333333332,10.1610366925165,26.28761953111279,92.10172767977164,10.554851697040116,18.180977186117595,12.455845729600535,44.83650054021786,-15.659472422062349,-35.16051539637475,-25.92043000202682,12.4357299378694,-38.00320561302542,17.615937877195993,-1.715224111965652,-11.576950369859484,-4.370628944640116,4.2679245624682824,-10.522099742777336,7.77747274256299,-2.535319728697094,-10.171484285386557,-2.437834124703923,0.34962168795903154,-8.09653717155482,6.5462886743352975,-25.153335273302545,5.176747648322677,-4.207852466497472,27.869071933537583,2.6233044579334797,22.944460569368175,-13.611311801837733,5.884650769628141,-6.350342375231886,7.831774762910859,4.843242820344103,14.49618129078665,5.890141405260563,6.35489652924881,5.941918716226514,0.3896776659379267,6.24741406148572,0.449129498504159,0.0,0.0,0.0,0.0,0.0,0.0,-11.478488589599689,-30.904791250566145,-12.387898305168363,8.115023963857046,-12.475267898960965,12.190512703599426,-7.707146678206344,-46.36841810224481,-41.304797303919955,37.50653252088497,-29.74314763326277,31.837440008146654,0.032258064516129,0.0,0.010752688172043,0.01862420223192328,0.0272401433691756,0.032234160797013744,1.6018306636155666,-0.9086859688196004,-0.326067745271953,1.8341757009368336,-0.8749740450634537,1.33810591818218,0.3707387648069549,-1.3481152993347956,-0.3895365126381812,0.6864855456614459,-0.2931103132453612,1.2935824907593758,1.0,1.0,1.0,0.0,1.0,0.0,-0.8660254037844386,0.5000000000000001,2020,3.300330033003296
2020-11-01,0.0,0.7529321455621281,-2.1,42.63,3.5577346552307856,-0.4437178888369919,30095.516666666663,43012.0,31356.83194444445,27698.304166666665,1742.0569444444443,512.1458333333334,6527.0,13080.0,229.74305555555557,2667.565972222222,0.0,-10.676252069825198,-4.405031782015378,6.240844179852401,12.242941154984122,4.283870555424385,0.0,-2.05494254983406,0.5253031621821558,1.1164,-4.253859348198963,1.1965192168237992,0.0,0.8631122303871491,0.3,0.9525044537939472,-9.042670793720974,-3.363306189395976,-6.949144790999728,-12.298790458918074,-10.904772926575625,4.750441341678702,0.0,-18.951469452567093,50.954799696313046,0.0,-3.566433566433558,0.3547712180478557,2.713178294573648,1,1,11,-0.5000000000000004,0.8660254037844384,191,0.0,0.0,0.0,0.0,0.0,0.0,0.9055906804688936,0.8977924442594358,0.8892963250954553,0.022901089240903116,0.8747082363476046,0.03064717432752434,1.4,6.7,1.7333333333333334,1.6258331197676315,3.8833333333333333,3.452776660409226,14.72623932009805,-9.34930376009052,13.988787768334937,12.68364656116868,14.651211597739795,43.6945897689808,-22.351371951219512,-39.75044563279858,-15.684505055667614,6.65438589198533,-30.587575300988707,19.074001740225263,-2.1029455747400894,-9.293717147214608,-2.3938252920339056,0.8616854942126333,-7.868340246704883,6.850336492950835,-2.728366642251756,-2.0498160031629187,-4.0709437206495265,2.4944634350360704,-6.854828384263385,5.77250194513933,-14.892857467877109,27.422635341687183,-17.44832773336589,6.797621040084363,1.9145673380224242,23.40108765067764,1.948700806861692,-7.388416130719621,-7.522461307183886,8.313153554073105,0.055251709991385546,14.090199432526365,5.580718214170166,6.35489652924881,5.407100320369811,0.5893525587592164,5.895918595963116,0.653249629548679,0.0,0.0,0.0,0.0,0.0,0.0,-4.76588697313296,-20.91931935277244,-11.731948338433249,7.096186930557566,-13.851587998105247,12.413251964027694,-34.4363797256772,-81.77086550787632,2.9370910974765017,43.67937990787885,-22.47273311005853,44.47140277123516,0.0,0.0,0.010752688172043,0.01862420223192328,0.016129032258064502,0.026989033114002404,-2.0493629154415105,-0.5306709839899115,-1.3379886060865018,2.656553941464179,-1.2050801766864294,1.7342146517619446,-0.9639639639639764,-0.575384338757523,-0.07948466036972164,0.7660231520667611,-0.5705016256190224,0.7718093437738519,1.0,1.0,1.0,0.0,1.0,0.0,-0.5000000000000004,0.8660254037844384,2020,3.300330033003296
2020-12-01,0.0,0.7491403621186459,1.7,43.58,2.2040098739354783,52.005580746424826,32232.896505376342,45986.0,33462.87432795699,29615.745967741936,1637.125,326.3010752688172,6527.0,13080.0,243.92809139784947,2184.822580645161,0.064516129032258,-0.8669607994526318,1.86062995614229,-28.61478140851509,-14.378270093162936,0.9839308280927384,0.0,-6.3427309274253885,-13.254146223278616,1.1039,-6.377745738274953,-1.1196703690433465,0.0,0.7529321455621281,-2.1,3.5577346552307856,-0.4437178888369919,-10.676252069825198,-4.405031782015378,6.240844179852401,12.242941154984122,4.283870555424385,0.0,-2.05494254983406,0.5253031621821558,0.0,-4.253859348198963,1.1965192168237992,5.957943925233655,1,1,12,-2.4492935982947064e-16,1.0,192,0.0,0.0,0.0,0.0,0.0,0.0,0.8631122303871491,0.8991860644303231,0.8405450188060568,0.07879160075083246,0.8581509210919226,0.058953525872828,0.3,3.5,-0.13333333333333344,1.7897858344878423,3.183333333333333,4.225833251166767,0.9525044537939472,26.28761953111279,6.412159476374271,7.317086089180638,21.379420313319454,36.73996693121177,-9.042670793720974,-15.659472422062349,-10.612586877925828,11.03788041305185,-20.401365680835525,15.138263614915385,-3.363306189395976,-1.715224111965652,-5.380834611320421,4.629061650553147,-6.454732577166834,4.540398287570178,-6.949144790999728,-2.535319728697094,-4.694181071755621,2.1251935274357896,-4.806527205418905,3.181551965447469,-12.298790458918074,-25.153335273302545,-6.98360124898091,11.525917038868581,-2.250792671705909,18.9372601035671,-10.904772926575625,-13.611311801837733,1.0956230117567323,11.59741234472811,-1.971368021276505,10.23493019879942,4.750441341678702,5.890141405260563,4.871676703757752,0.6568690678214093,5.535827429171906,0.8548133454475285,0.0,0.0,0.0,0.0,0.0,0.0,-18.951469452567093,-11.478488589599689,-8.59076632517804,9.074438378597906,-14.845816361412064,10.84605758827311,50.954799696313046,-7.707146678206344,5.681241044272667,42.928442230656756,-19.800451192584873,45.44466822998816,0.0,0.032258064516129,0.0,0.0,0.005376344086021504,0.013169299692382648,-3.566433566433558,1.6018306636155666,-3.289885276691345,1.1279673523331228,-1.6178636865446627,2.1439655783555573,0.3547712180478557,0.3707387648069549,0.1957754903025598,1.0889819211987157,-0.16090573372961411,0.9609716619797954,1.0,1.0,1.0,0.0,1.0,0.0,-2.4492935982947064e-16,1.0,2020,3.300330033003296
2021-01-01,0.0,0.8710268827750206,-3.2,43.64,0.1375831448396326,81.15400581154006,33777.479838709674,46433.0,34877.03629032258,30825.934139784946,1427.0537634408602,362.17405913978496,6527.0,13080.0,257.6081989247312,2701.67876344086,0.032258064516129,2.962561050227386,5.033025696706472,-43.53168434102624,-9.814077247473053,0.9590100541376544,0.0,28.86082247225763,45.1121848669729,1.1205,-4.873079208761344,1.5037593984962294,0.0,0.7491403621186459,1.7,2.2040098739354783,52.005580746424826,-0.8669607994526318,1.86062995614229,-28.61478140851509,-14.378270093162936,0.9839308280927384,0.0,-6.3427309274253885,-13.254146223278616,0.064516129032258,-6.377745738274953,-1.1196703690433465,4.257390688617457,1,1,1,0.49999999999999994,0.8660254037844387,193,0.0,0.0,0.0,0.0,0.0,0.0,0.7529321455621281,0.9055906804688936,0.7883949126893078,0.06473486370102147,0.8446256545377625,0.07400969448255319,-2.1,1.4,-0.03333333333333344,1.9218047073866122,1.9166666666666667,2.981554404445219,3.5577346552307856,14.72623932009805,2.2380829943200795,1.302949282884655,6.396467345680093,12.395516762391193,-0.4437178888369919,-22.351371951219512,14.173064021288951,33.04481788546216,-5.8736829903689305,31.319154301604332,-10.676252069825198,-2.1029455747400894,-4.968839686224602,5.09792626112137,-4.669734315432359,4.217697205976802,-4.405031782015378,-2.728366642251756,-3.1645155389576054,4.534004100771508,-2.801174831830764,2.903479148805492,6.240844179852401,-14.892857467877109,-11.557575895860237,17.43963038772544,-7.882714181178869,21.17866572155356,12.242941154984122,1.948700806861692,-4.3467006215848105,14.471643180634459,-5.34852149840835,10.464723359947934,4.283870555424385,5.580718214170166,3.339414241731943,2.0532044853330143,4.640666478979227,1.943941305363513,0.0,0.0,0.0,0.0,0.0,0.0,-2.05494254983406,-4.76588697313296,-9.116380976608848,8.783109147118495,-10.752139640888606,7.7723545839719,0.5253031621821558,-34.4363797256772,12.741985545072197,33.80285018098011,-14.281405879423842,43.543834072563044,0.0,0.0,0.021505376344086,0.03724840446384673,0.016129032258064502,0.026989033114002404,-4.253859348198963,-2.0493629154415105,-4.732679550969159,1.4655444796461707,-2.5293736481205547,2.8337742908220935,1.1965192168237992,-0.9639639639639764,0.14387335527610312,1.172408623650949,-0.12283157868103926,0.907567948002672,1.0,1.0,1.0,0.0,1.0,0.0,0.49999999999999994,0.8660254037844387,2021,8.58629661751953
2021-02-01,0.0,0.8478612278203671,1.2,38.6,-12.272188449408487,75.05668934240364,31839.606398809523,46148.0,32924.46205357143,29346.42261904762,2113.217261904762,762.0416666666666,6527.0,13080.0,181.61755952380952,3461.1741071428573,0.0,-0.2191739982872809,4.419051928951245,-38.69198461105824,0.0383833716066872,0.9590100541376544,0.0,-24.774111685915777,12.908729304096877,1.1467,-3.492678000336636,2.3382418563141494,0.0,0.8710268827750206,-3.2,0.1375831448396326,81.15400581154006,2.962561050227386,5.033025696706472,-43.53168434102624,-9.814077247473053,0.9590100541376544,0.0,28.86082247225763,45.1121848669729,0.032258064516129,-4.873079208761344,1.5037593984962294,3.564891484354571,1,1,2,0.8660254037844386,0.5000000000000001,194,0.0,0.0,0.0,0.0,0.0,0.0,0.7491403621186459,0.8631122303871491,0.7910331301519316,0.06930255947266799,0.8401647276236934,0.07090570145839545,1.7,0.3,-1.2000000000000002,2.570992026436489,0.26666666666666644,2.5065248186815707,2.2040098739354783,0.9525044537939472,1.9664425580019749,1.7224075477969873,7.977615163168451,10.435404469720627,52.005580746424826,-9.042670793720974,44.23862288970929,41.349623384400445,14.277058917020844,42.176572419767574,-0.8669607994526318,-3.363306189395976,-2.860217273016815,7.034494250334118,-2.62702128252536,4.489532374707373,1.86062995614229,-6.949144790999728,0.8295412902777949,4.802769005539404,-1.6207012151858657,4.3497127701053815,-28.61478140851509,-12.298790458918074,-21.968540523229624,25.54320922024764,-19.708434128297775,16.899555400343385,-14.378270093162936,-10.904772926575625,-3.9831353952172868,14.236296366779488,-5.75279835120059,10.605202066873142,0.9839308280927384,4.750441341678702,2.0756038125515937,1.9124556902056986,3.741352066460701,2.220718346996782,0.0,0.0,0.0,0.0,0.0,0.0,-6.3427309274253885,-18.951469452567093,6.821049664999393,19.20702921691486,-2.4554493367169266,16.461180291575356,-13.254146223278616,50.954799696313046,10.79444726862548,30.50817335963603,6.865769183051029,33.970224640901975,0.064516129032258,0.0,0.032258064516129,0.03225806451612894,0.021505376344086002,0.026338599384765325,-6.377745738274953,-3.566433566433558,-5.168228098411755,1.0922719440614175,-3.2531083522491273,2.7751315478815224,-1.1196703690433465,0.3547712180478557,0.526869415425561,1.4341963180428616,0.22369237752791948,1.0806404577129531,1.0,1.0,1.0,0.0,1.0,0.0,0.8660254037844386,0.5000000000000001,2021,8.492201039861346
2021-03-01,0.0,0.8572774877997437,2.9,46.1,17.756067353181766,138.86010362694302,29552.405787348587,42475.0,30824.78129205922,27195.56729475101,1859.970390309556,1223.9118438761775,6527.0,13080.0,198.66621803499328,2855.1339165545087,0.0,-0.3751115154244311,-6.62783029237195,-22.855655586366478,-20.01082805124984,0.4695564188663015,0.0,-12.482880062610056,-9.68439673284841,1.1648,4.065040650406515,1.5784424871370106,0.0,0.8478612278203671,1.2,-12.272188449408487,75.05668934240364,-0.2191739982872809,4.419051928951245,-38.69198461105824,0.0383833716066872,0.9590100541376544,0.0,-24.774111685915777,12.908729304096877,0.0,-3.492678000336636,2.3382418563141494,-3.947481335278469,1,1,3,1.0,6.123233995736766e-17,195,0.0,0.0,0.0,0.0,0.0,0.0,0.8710268827750206,0.7529321455621281,0.8226761575713445,0.0647286397355495,0.8316105881887007,0.06523000935847174,-3.2,-2.1,-0.10000000000000016,2.6962937525425543,-0.11666666666666688,2.046867525431649,0.1375831448396326,3.5577346552307856,-3.310198476877783,7.829781482103209,1.5509804997482386,8.619475854652325,81.15400581154006,-0.4437178888369919,69.40542530012284,15.374012485386876,29.396419211098507,45.43283732547838,2.962561050227386,-10.676252069825198,0.6254754174958249,2.049727756552378,-2.3776795969122984,4.590704336473739,5.033025696706472,-4.405031782015378,3.7709025272666694,1.6825863778318855,-0.46163927224447576,4.943309608015571,-43.53168434102624,6.240844179852401,-36.94615012019984,7.6101545205459935,-21.964875684590393,18.591148071688483,-9.814077247473053,12.242941154984122,-8.051321323009764,7.368205725793053,-3.47784915562652,10.030760125076464,0.9590100541376544,4.283870555424385,0.9673169787893503,0.01438801548083617,2.9194968412735505,2.1785043156915656,0.0,0.0,0.0,0.0,0.0,0.0,28.86082247225763,-2.05494254983406,-0.752006713694513,27.251030961477337,-4.6713865194362745,18.665998334247643,45.1121848669729,0.5253031621821558,14.922255982597056,29.235216238232287,10.3017485134349,33.236102591426196,0.032258064516129,0.0,0.032258064516129,0.03225806451612894,0.016129032258064502,0.026989033114002404,-4.873079208761344,-4.253859348198963,-4.914500982457645,1.4429798285579194,-4.102193129574494,1.4606893272863999,1.5037593984962294,1.1965192168237992,0.9074436285890112,1.8044344301329502,0.5516095594457853,1.3887719599179609,1.0,1.0,1.0,0.0,1.0,0.0,1.0,6.123233995736766e-17,2021,8.492201039861346
2021-04-01,0.0,1.0033788758547642,3.2,58.12,23.16968886994793,240.28103044496487,27544.98958333333,37842.0,28813.70138888889,24982.04930555556,1278.9673611111111,2190.8194444444443,6527.0,13080.0,249.1013888888889,2113.8284722222224,0.0666666666666666,19.61738093241265,10.976861491539337,-16.46101473499908,-2.075705259289329,-0.2282709494644819,0.0,67.4193488163692,-12.664171805157489,1.1555,1.1909974603730775,-0.7984203296703352,0.0,0.8572774877997437,2.9,17.756067353181766,138.86010362694302,-0.3751115154244311,-6.62783029237195,-22.855655586366478,-20.01082805124984,0.4695564188663015,0.0,-12.482880062610056,-9.68439673284841,0.0,4.065040650406515,1.5784424871370106,-1.5857967766957026,1,0,4,0.8660254037844387,-0.4999999999999998,196,0.0,0.0,0.0,0.0,0.0,0.0,0.8478612278203671,0.7491403621186459,0.8587218661317104,0.011650174416855813,0.823558389410509,0.05669475964391777,1.2,1.7,0.2999999999999998,3.1480152477394405,0.13333333333333308,2.339800561301472,-12.272188449408487,2.2040098739354783,1.8738206828709802,15.089232161637684,2.0559518385955244,9.580858402778402,75.05668934240364,52.005580746424826,98.35693292696222,35.209010843746036,56.2649984741256,55.30579453049781,-0.2191739982872809,-0.8669607994526318,0.7894251788385586,1.8836052569342678,-2.089707253693022,4.6649772398135845,4.419051928951245,1.86062995614229,0.9414157777619225,6.5623437504866065,-1.1115498805978414,5.5232437088572235,-38.69198461105824,-28.61478140851509,-35.026441512816966,10.814420738979553,-23.292008704338617,18.266725420723223,0.0383833716066872,-14.378270093162936,-9.928840642372066,10.025098385905316,-7.137770631978442,11.546450007023818,0.9590100541376544,0.9839308280927384,0.7958588423805381,0.2825861880761519,2.0676365420562393,1.9128783719265268,0.0,0.0,0.0,0.0,0.0,0.0,-24.774111685915777,-6.3427309274253885,-2.7987230920894017,28.098286650793526,-5.957552034349124,18.937701231772927,12.908729304096877,-13.254146223278616,16.11217247940712,27.538389112069733,14.427079012239696,27.637034393940013,0.0,0.064516129032258,0.010752688172043,0.01862420223192328,0.016129032258064502,0.026989033114002404,-3.492678000336636,-6.377745738274953,-1.4335721862304893,4.811697644228785,-3.0831258685998235,3.658597375735819,2.3382418563141494,-1.1196703690433465,1.80681458064913,0.46174192242288215,0.9753439679626165,1.2102524898578366,1.0,1.0,1.0,0.0,1.0,0.0,0.8660254037844387,-0.4999999999999998,2021,-1.9546520719311955
2021-05-01,0.0,1.0398837468547817,1.4,60.71,4.35985904402605,413.6209813874788,26418.52016129032,34246.0,27652.488575268817,23982.433467741936,1393.456317204301,1920.5362903225807,6527.0,13080.0,191.74395161290323,2770.9522849462364,0.064516129032258,22.246359011695027,15.813324315184316,-9.983442041065826,-27.544370154372967,0.0,0.0,45.8061845554755,11.287759762632298,1.1596,2.847006651884709,0.3548247511899527,0.0,1.0033788758547642,3.2,23.16968886994793,240.28103044496487,19.61738093241265,10.976861491539337,-16.46101473499908,-2.075705259289329,-0.2282709494644819,0.0,67.4193488163692,-12.664171805157489,0.0666666666666666,1.1909974603730775,-0.7984203296703352,-1.777158289049563,1,0,5,0.49999999999999994,-0.8660254037844387,197,0.0,0.0,0.0,0.0,0.0,0.0,0.8572774877997437,0.8710268827750206,0.9028391971582916,0.08719711424291277,0.8469361636551116,0.09334158547256576,2.9,-3.2,2.433333333333333,1.078579312490904,0.6166666666666665,2.6588844778716285,17.756067353181766,0.1375831448396326,9.551189257907078,19.092451005536642,5.758815907954522,12.81615636664617,138.86010362694302,81.15400581154006,151.39927447143717,83.32282896838312,97.81894868057323,83.10244067869866,-0.3751115154244311,2.962561050227386,6.341031806233647,11.497919973519483,1.7404072666084158,9.903201735585265,-6.62783029237195,5.033025696706472,2.9226943760395443,8.897224715957513,1.8761178331586692,6.496558016277256,-22.855655586366478,-43.53168434102624,-26.00288497747458,11.444771515314214,-23.98571275035212,17.839790174648652,-20.01082805124984,-9.814077247473053,-7.349383312977493,11.015964770728754,-5.6662593540973925,11.532949889146224,0.4695564188663015,0.9590100541376544,0.4000985078464925,0.5966802715265497,1.2378511601990418,1.5644810811257241,0.0,0.0,0.0,0.0,0.0,0.0,-12.482880062610056,28.86082247225763,10.054119022614453,50.05842372340695,8.437584343806924,33.95641506469692,-9.68439673284841,45.1121848669729,-3.146613077969674,13.983929316277798,3.823917095327941,22.55716111180246,0.0,0.032258064516129,0.0222222222222222,0.03849001794597496,0.0272401433691756,0.032234160797013744,4.065040650406515,-4.873079208761344,0.5877867034809846,3.81479687714435,-2.2902206974653843,4.0296160121460645,1.5784424871370106,1.5037593984962294,1.039421337926942,1.6363282881860954,0.7831453766762513,1.4044958455404015,1.0,1.0,1.0,0.0,1.0,0.0,0.49999999999999994,-0.8660254037844387,2021,-1.9546520719311955
2021-06-01,0.0,1.0710870163872055,1.0,91.0,40.475107737450735,206.50050522061295,24992.96736111111,32838.0,25999.29930555556,22795.730555555558,1165.8548611111112,2116.915972222222,6527.0,13080.0,189.3486111111111,3487.4958333333334,0.0,10.2226493122499,4.830007980845963,-26.60937920759877,2.4229515974149907,0.0,0.0,46.49874542631325,153.58163020563768,1.1639,4.639036231232563,0.370817523283895,0.0,1.0398837468547817,1.4,4.35985904402605,413.6209813874788,22.246359011695027,15.813324315184316,-9.983442041065826,-27.544370154372967,0.0,0.0,45.8061845554755,11.287759762632298,0.064516129032258,2.847006651884709,0.3548247511899527,-0.9086859688196004,1,0,6,1.2246467991473532e-16,-1.0,198,0.0,0.0,0.0,0.0,0.0,0.0,1.0033788758547642,0.8478612278203671,0.9668467035030965,0.0966292459562182,0.8947614305372206,0.10791824259462271,3.2,1.2,2.5,0.964365076099305,1.2,2.3039097204534764,23.16968886994793,-12.272188449408487,15.095205089051925,9.683107224002965,5.8925033060870655,12.79276676700666,240.28103044496487,75.05668934240364,264.2540384864622,138.94032468240923,166.82973189329255,138.58608967459026,19.61738093241265,-0.2191739982872809,13.829542809561083,12.371622157364175,7.227509113528453,10.733479686498987,10.976861491539337,4.419051928951245,6.720785171450568,11.810461221386579,5.245843849358619,7.7160727547525,-16.46101473499908,-38.69198461105824,-16.43337078747711,6.436151297928437,-26.68976045383849,12.882842579511065,-2.075705259289329,0.0383833716066872,-16.543634488304043,13.083550599382248,-12.297477905656907,10.574673310993312,-0.2282709494644819,0.9590100541376544,0.08042848980060772,0.35579813866082,0.5238727342949777,0.5354354207147614,0.0,0.0,0.0,0.0,0.0,0.0,67.4193488163692,-24.774111685915777,33.580884436411544,41.330194981491246,16.414438861358516,36.52322147190885,-12.664171805157489,12.908729304096877,-3.6869362584578673,13.053769783539831,5.617659862069632,22.67002691626972,0.0666666666666666,0.0,0.0437275985663082,0.037884473868742025,0.0379928315412186,0.03209036456716755,1.1909974603730775,-3.492678000336636,2.7010149208880994,1.4425727897349783,-1.106743030784772,4.366246392263837,-0.7984203296703352,2.3382418563141494,0.37828230288554304,1.1886050248206883,0.6428629657372769,1.3969644661398353,1.0,1.0,1.0,0.0,1.0,0.0,1.2246467991473532e-16,-1.0,2021,-1.9546520719311955
2021-07-01,0.0,1.12493453026016,-0.4,105.85,15.1163491064024,291.457100591716,25058.620967741936,31791.0,26373.505376344085,22736.887096774197,788.7741935483871,2075.2809139784945,6527.0,13080.0,197.5685483870968,3658.5833333333335,0.0,7.317301735972737,-1.2916446735181777,-48.89672810807092,6.546351878317025,0.0,0.0,72.55198887147611,855.8860867290232,1.1677,5.588208698797348,0.3264885299424369,0.0,1.0710870163872055,1.0,40.475107737450735,206.50050522061295,10.2226493122499,4.830007980845963,-26.60937920759877,2.4229515974149907,0.0,0.0,46.49874542631325,153.58163020563768,0.0,4.639036231232563,0.370817523283895,-0.5306709839899115,1,0,7,-0.4999999999999997,-0.8660254037844388,199,0.0,0.0,0.0,0.0,0.0,0.0,1.0398837468547817,0.8572774877997437,1.0381165463655837,0.033888645912259735,0.9484192062486471,0.10083849534353984,1.4,2.9,1.8666666666666665,1.1718930554164704,1.083333333333333,2.2912151070265496,4.35985904402605,17.756067353181766,22.668218550474915,18.062845883413924,12.271019616672943,18.743068752399328,413.6209813874788,138.86010362694302,286.8008390176855,111.12062074218828,192.5788859723239,126.83973526584056,22.246359011695027,-0.3751115154244311,17.36212975211919,6.32115631421927,9.075777465478875,9.989912683655886,15.813324315184316,-6.62783029237195,10.540064595856538,5.504671022967174,5.740740186809231,7.548941725049331,-9.983442041065826,-22.855655586366478,-17.68461199455454,8.380235041844807,-26.35552675368577,12.848880473513736,-27.544370154372967,-20.01082805124984,-9.0657079387491,16.160296913665015,-9.497274290560586,12.03688568594466,0.0,0.4695564188663015,-0.07609031648815945,0.13179229411362184,0.359884262946188,0.5166993958651273,0.0,0.0,0.0,0.0,0.0,0.0,45.8061845554755,-12.482880062610056,53.24142626605265,12.283323085469734,25.221351586981623,36.30849759378293,11.287759762632298,-9.68439673284841,50.73507272103749,89.86926363490511,33.42362260022235,62.39841772682711,0.064516129032258,0.0,0.0437275985663082,0.037884473868742025,0.0272401433691756,0.032234160797013744,2.847006651884709,4.065040650406515,2.892346781163449,1.7244664788941626,0.7293872974664805,4.008061877798301,0.3548247511899527,1.5784424871370106,-0.024259351732162187,0.6704907583341034,0.8912776144584837,1.1273663591430994,1.0,1.0,1.0,0.0,1.0,0.0,-0.4999999999999997,-0.8660254037844388,2021,-2.0328381548084478
2021-08-01,0.0,1.1001392251124007,1.0,130.38,20.843026591551904,270.7136764287745,24729.49731182796,32339.0,25734.15927419355,22420.825268817203,1181.8810483870968,1606.206989247312,6527.0,13080.0,176.30309139784947,3919.1666666666665,0.032258064516129,1.7850638107224093,-1.7260765186738358,-5.560913631984632,-5.133509673854708,0.0,0.0,10.870263462627516,109.68909366598508,1.173,5.675675675675662,0.4538837030059195,0.0,1.12493453026016,-0.4,15.1163491064024,291.457100591716,7.317301735972737,-1.2916446735181777,-48.89672810807092,6.546351878317025,0.0,0.0,72.55198887147611,855.8860867290232,0.0,5.588208698797348,0.3264885299424369,1.6018306636155666,1,0,8,-0.8660254037844384,-0.5000000000000004,200,0.0,0.0,0.0,0.0,0.0,0.0,1.0710870163872055,1.0033788758547642,1.078635097834049,0.04302486594532159,0.9907371474961705,0.1142499450200439,1.0,3.2,0.6666666666666666,0.9451631252505291,1.5499999999999998,1.3262729734108347,40.475107737450735,23.16968886994793,19.983771962626403,18.54310251799703,14.767480610266736,17.776359838953184,206.50050522061295,240.28103044496487,303.8595290666026,104.11574369879573,227.6294017690199,118.68593654964307,10.2226493122499,19.61738093241265,13.262103353305887,7.915042541655603,9.801567579769767,9.60782984182059,4.830007980845963,10.976861491539337,6.4505625408373675,8.666870186956196,4.686628458438455,8.08973761811694,-26.60937920759877,-16.46101473499908,-28.49651645224515,19.525161289173408,-27.249700714859884,14.378850675279603,2.4229515974149907,-2.075705259289329,-6.191688892880315,18.60654065806382,-6.770536102928907,13.690288928670158,0.0,-0.2282709494644819,0.0,0.0,0.20004925392324566,0.4363881109348086,0.0,0.0,0.0,0.0,0.0,0.0,46.49874542631325,67.4193488163692,54.95230628442162,15.245705313751632,32.503212653518034,41.23184560862218,153.58163020563768,-12.664171805157489,340.25182556576436,452.1845915723417,168.5526062438974,342.40813125963524,0.0,0.0666666666666666,0.021505376344086,0.037248404463846724,0.0218637992831541,0.03387807856176941,4.639036231232563,1.1909974603730775,4.358083860638206,1.3920301151218955,2.4729352820595962,3.295559348288366,0.370817523283895,-0.7984203296703352,0.3507102681387619,0.02244908997573578,0.6950658030328517,1.1016018212757903,1.0,1.0,1.0,0.0,1.0,0.0,-0.8660254037844384,-0.5000000000000004,2021,-2.0328381548084478
2021-09-01,0.0,1.2163407795404118,0.6,250.25,65.20071546989367,514.1104294478528,26004.291666666668,35448.0,27044.33194444445,23627.723611111112,1183.74375,1403.43125,6527.0,13080.0,240.6923611111111,2836.6694444444443,0.0,1.870605854873797,-4.6712384025816895,-17.1486563925792,-11.885666898040748,0.0,0.0,49.192048761170135,145.0337934910862,1.1667,6.131174383698723,-0.5370843989769836,0.0,1.1001392251124007,1.0,20.843026591551904,270.7136764287745,1.7850638107224093,-1.7260765186738358,-5.560913631984632,-5.133509673854708,0.0,0.0,10.870263462627516,109.68909366598508,0.032258064516129,5.675675675675662,0.4538837030059195,-2.0493629154415105,1,0,9,-1.0,-1.8369701987210297e-16,201,0.0,0.0,0.0,0.0,0.0,0.0,1.12493453026016,1.0398837468547817,1.0987202572532555,0.026951786395582544,1.032783480378176,0.0961386199152137,-0.4,1.4,0.5333333333333333,0.8082903768654847,1.5166666666666664,1.339278412678515,15.1163491064024,4.35985904402605,25.478161145135022,13.299624583961304,20.286683117093467,11.857434999741875,291.457100591716,413.6209813874788,256.2237607470345,44.293047045899684,260.23889961674837,92.33558763530523,7.317301735972737,22.246359011695027,6.441671619648349,4.286403894800105,10.135607214604715,9.216632219916303,-1.2916446735181777,15.813324315184316,0.6040955962179831,3.6661879887609903,3.662440383834275,8.508545049551792,-48.89672810807092,-9.983442041065826,-27.02234031588475,21.670858467863106,-21.727855551680946,15.429126443440031,6.546351878317025,-27.544370154372967,1.278597933959105,5.923423878943647,-7.6325182771724736,13.334019995926516,0.0,0.0,0.0,0.0,0.040214244900303266,0.2292979476154122,0.0,0.0,0.0,0.0,0.0,0.0,72.55198887147611,45.8061845554755,43.30699925347229,30.96448360746602,38.44394184494192,33.09339658820841,855.8860867290232,11.287759762632298,373.05227020021533,418.7218760451858,184.68266697087878,335.8259862766429,0.0,0.064516129032258,0.010752688172043,0.018624202231923265,0.0272401433691756,0.032234160797013744,5.588208698797348,2.847006651884709,5.30097353523519,0.5749203108549797,4.0009942280616455,1.7299003687791104,0.3264885299424369,0.3548247511899527,0.38372991874408413,0.0646717094048621,0.38100611081481334,0.7528576472123348,1.0,1.0,1.0,0.0,1.0,0.0,-1.0,-1.8369701987210297e-16,2021,-2.0328381548084478
2021-10-01,0.0,1.2574835907356066,0.1,161.45,-43.82649209910458,292.4404472532815,27250.68724832215,38145.0,28488.54563758389,25098.836241610737,2037.087248322148,886.6040268456376,6527.0,13080.0,240.43758389261745,2536.079865771812,0.0,-5.2391017213130215,-6.26151918020298,25.96253485460356,20.84134496643804,0.0,0.0,27.84760436517284,1.144350410572148,1.1806,7.015953589557666,1.191394531584811,0.0,1.2163407795404118,0.6,65.20071546989367,514.1104294478528,1.870605854873797,-4.6712384025816895,-17.1486563925792,-11.885666898040748,0.0,0.0,49.192048761170135,145.0337934910862,0.0,6.131174383698723,-0.5370843989769836,-3.566433566433558,1,0,10,-0.8660254037844386,0.5000000000000001,202,0.0,0.0,0.0,0.0,0.0,0.0,1.1001392251124007,1.0710870163872055,1.1471381783043242,0.06120009642739976,1.092627362334954,0.0743187171510144,1.0,1.0,0.39999999999999997,0.7211102550928074,1.133333333333333,1.1843422928641376,20.843026591551904,40.475107737450735,33.72003038928267,27.413023521917168,28.194124469878783,21.627271383246242,270.7136764287745,206.50050522061295,358.7604021561144,134.93626512601722,322.7806205869,117.36988037072062,1.7850638107224093,10.2226493122499,3.6576571338563144,3.1696337833698345,10.509893442987753,8.737574555401766,-1.7260765186738358,4.830007980845963,-2.562986531591234,1.8386753983975268,3.988539032132652,8.061007180945804,-5.560913631984632,-26.60937920759877,-23.868766044211565,22.43586658397461,-20.77668901938307,15.521330738218305,-5.133509673854708,2.4229515974149907,-3.4909415645261412,9.325146193932223,-6.278324751637624,12.18888121165687,0.0,0.0,0.0,0.0,-0.038045158244080314,0.0931912248735396,0.0,0.0,0.0,0.0,0.0,0.0,10.870263462627516,46.49874542631325,44.20476703175792,31.141829532632553,48.72309664890528,21.743408014836668,109.68909366598508,153.58163020563768,370.2029912953648,420.9849924212793,210.4690320082012,323.63538844748706,0.032258064516129,0.0,0.010752688172043,0.018624202231923265,0.0272401433691756,0.032234160797013744,5.675675675675662,4.639036231232563,5.798352919390577,0.2915308102740603,4.345349850277013,1.9382908560614602,0.4538837030059195,0.370817523283895,0.0810959446571246,0.5391359619536099,0.02841829646248097,0.5471929262485153,1.0,1.0,1.0,0.0,1.0,0.0,-0.8660254037844386,0.5000000000000001,2021,-3.194888178913735
2021-11-01,0.0,1.2185797557648002,0.5,230.75,35.713937617867735,441.285479709125,31179.779166666667,45679.0,33059.79722222222,28790.806944444445,2002.1263888888889,562.3215277777778,6527.0,13080.0,269.36319444444445,1595.1569444444444,0.0,3.6027376170647774,6.200595182739699,14.92887160054246,9.797149791861573,0.0,0.0,17.245413052020673,-40.20178090982338,1.1789,5.598351845216776,-0.1439945790276176,0.0,1.2574835907356066,0.1,-43.82649209910458,292.4404472532815,-5.2391017213130215,-6.26151918020298,25.96253485460356,20.84134496643804,0.0,0.0,27.84760436517284,1.144350410572148,0.0,7.015953589557666,1.191394531584811,-4.253859348198963,1,1,11,-0.5000000000000004,0.8660254037844384,203,0.0,0.0,0.0,0.0,0.0,0.0,1.2163407795404118,1.12493453026016,1.1913211984628063,0.08160145174147444,1.1349781481484278,0.08493186439050221,0.6,-0.4,0.5666666666666668,0.4509249752823051,0.6166666666666666,0.6645800679125744,65.20071546989367,15.1163491064024,14.072416654113674,54.82803905637206,17.028094308370033,36.748706692604124,514.1104294478528,291.457100591716,359.0881843766362,134.6920023342344,331.4738567216194,111.83859236287725,1.870605854873797,7.317301735972737,-0.5278106852389385,4.08032189664902,6.367146334033475,9.421639392575646,-4.6712384025816895,-1.2916446735181777,-4.219611367152836,2.301203004593951,1.115475586842266,8.143700203862336,-17.1486563925792,-48.89672810807092,1.0843216100132622,22.310604345331065,-13.706097421115961,24.78115796302762,-11.885666898040748,6.546351878317025,1.2740561315141967,17.27880207239205,-2.4588163806830625,16.571823893613477,0.0,0.0,0.0,0.0,0.0,0.0,0.0,0.0,0.0,0.0,0.0,0.0,49.192048761170135,72.55198887147611,29.30330552965683,19.20232034226873,42.127805907039225,20.92428318322339,145.0337934910862,855.8860867290232,85.28907918921448,74.98375482298279,212.7704523774895,321.77505799717204,0.0,0.0,0.010752688172043,0.018624202231923265,0.016129032258064502,0.026989033114002404,6.131174383698723,5.588208698797348,6.274267882977349,0.6815005750266507,5.316175871807778,1.436107486334986,-0.5370843989769836,0.3264885299424369,0.36939794520458263,0.8673310992939484,0.360054106671672,0.5488275209567257,1.0,1.0,1.0,0.0,1.0,0.0,-0.5000000000000004,0.8660254037844384,2021,-3.194888178913735
2021-12-01,0.0,1.2529653069630864,-0.2,154.0,-40.43822709693323,253.37310692978429,32017.905241935485,45093.0,33778.602822580644,29224.17741935484,1918.7788978494625,248.49932795698925,6527.0,13080.0,288.3474462365592,2125.434139784946,0.064516129032258,-0.666993310405728,-1.941895359457224,17.20417792468274,-23.8435461016279,0.0,0.0,18.21002024988636,-2.7182271634467625,1.1772,6.64009421143219,-0.1442022224107275,0.0,1.2185797557648002,0.5,35.713937617867735,441.285479709125,3.6027376170647774,6.200595182739699,14.92887160054246,9.797149791861573,0.0,0.0,17.245413052020673,-40.20178090982338,0.0,5.598351845216776,-0.1439945790276176,-6.377745738274953,1,1,12,-2.4492935982947064e-16,1.0,204,0.0,0.0,0.0,0.0,0.0,0.0,1.2574835907356066,1.1001392251124007,1.2308013753469396,0.023134578387525973,1.1647608163000973,0.07575136652164519,0.1,1.0,0.4000000000000001,0.26457513110648506,0.4666666666666665,0.5428320796219415,-43.82649209910458,20.843026591551904,19.02938699621895,56.3960430319196,22.25377407067698,36.8162121883837,292.4404472532815,270.7136764287745,415.9454521367531,112.98664965190272,336.08460644189375,116.3806187326162,-5.2391017213130215,1.7850638107224093,0.07808058354185092,4.685551286422345,3.259876101595099,5.317861125045019,-6.26151918020298,-1.7260765186738358,-1.577387466681657,6.782699227368305,-0.48664593523183647,5.020561500197626,25.96253485460356,-5.560913631984632,7.914250020855626,22.39525372969559,-9.55404514751458,27.47069350867956,20.84134496643804,-5.133509673854708,6.250942620086291,16.649204646864042,3.7647702770226936,11.503497287161943,0.0,0.0,0.0,0.0,0.0,0.0,0.0,0.0,0.0,0.0,0.0,0.0,27.84760436517284,10.870263462627516,31.428355392787882,16.27154623029412,37.36767732313009,23.059827378177573,1.144350410572148,109.68909366598508,35.32545433061166,97.23330398994618,204.18886226541352,328.83240503434104,0.0,0.032258064516129,0.0,0.0,0.005376344086021504,0.013169299692382648,7.015953589557666,5.675675675675662,6.248493272824388,0.716045716207194,5.7747334040297895,0.7788709960892802,1.191394531584811,0.4538837030059195,0.17010518452673687,0.906037443733798,0.27691755163541026,0.586280794414105,1.0,1.0,1.0,0.0,1.0,0.0,-2.4492935982947064e-16,1.0,2021,-3.194888178913735
2022-01-01,0.0,1.1196597232964125,0.6,197.26,24.757005311221818,352.0164986251145,32762.600134408603,44977.0,34562.527553763444,30281.896505376342,2040.6370967741937,521.3931451612904,6527.0,13681.194220430109,331.1935483870968,2022.13373655914,0.032258064516129,-3.0046045742524563,-3.135700902375471,42.996511347539126,43.96203482924024,0.0,4.59628608891518,28.56483208590188,-25.15269528255281,1.1977,6.889781347612667,1.741420319401965,0.0,1.2529653069630864,-0.2,-40.43822709693323,253.37310692978429,-0.666993310405728,-1.941895359457224,17.20417792468274,-23.8435461016279,0.0,0.0,18.21002024988636,-2.7182271634467625,0.064516129032258,6.64009421143219,-0.1442022224107275,-4.873079208761344,1,1,1,0.49999999999999994,0.8660254037844387,205,0.0,0.0,0.0,0.0,0.0,0.0,1.2185797557648002,1.2163407795404118,1.2430095511544978,0.02127709799641303,1.195073864729411,0.0666082781672253,0.5,0.6,0.13333333333333336,0.35118845842844343,0.26666666666666655,0.5278888771954583,35.713937617867735,65.20071546989367,-16.18359385939002,44.97649847426936,8.76821826494632,43.091243001258015,441.285479709125,514.1104294478528,329.03301129739685,99.15657703038407,343.89670672675567,107.14963507169118,3.6027376170647774,1.870605854873797,-0.7677858048846574,4.421781322796141,1.4449356644858284,4.208901865824259,6.200595182739699,-4.6712384025816895,-0.6676064523068351,6.32802755706155,-1.6152964919490345,4.295067366983385,14.92887160054246,-17.1486563925792,19.36519479327627,5.825626715707108,-2.251785625467663,27.850942987825384,9.797149791861573,-11.885666898040748,2.2649828855572403,23.275201957650445,-0.6129793394844546,16.16838121052613,0.0,0.0,0.0,0.0,0.0,0.0,0.0,0.0,0.0,0.0,0.0,0.0,17.245413052020673,49.192048761170135,21.10101255569329,5.862592646973179,32.652889793725606,23.702498959827878,-40.20178090982338,145.0337934910862,-13.92521922089933,22.83797598345568,178.13888603723277,339.65617826077664,0.0,0.0,0.021505376344086,0.037248404463846724,0.016129032258064502,0.026989033114002404,5.598351845216776,6.131174383698723,6.41813321540221,0.7344036282647161,6.108243067396394,0.6041306527698502,-0.1439945790276176,-0.5370843989769836,0.3010659100488222,0.7710472109563477,0.1910809273529732,0.6071149730490972,1.0,1.0,1.0,0.0,1.0,0.0,0.49999999999999994,0.8660254037844387,2022,-3.194888178913735
2022-02-01,0.0,1.1616354597812972,0.4,237.36,18.505532045671902,514.922279792746,30422.25074404762,42392.0,31893.31324404762,28145.840773809523,3235.296875,829.9233630952381,6533.392113095239,13710.785714285714,281.7313988095238,2937.0729166666665,0.0,-4.451548919948012,-8.139030943919568,53.09816616223571,8.907872022995878,0.0979334011833588,4.822520751419823,55.12343605332373,-15.142294904916753,1.1933,4.063835353623446,-0.3673707940218707,0.0,1.1196597232964125,0.6,24.757005311221818,352.0164986251145,-3.0046045742524563,-3.135700902375471,42.996511347539126,43.96203482924024,0.0,4.59628608891518,28.56483208590188,-25.15269528255281,0.032258064516129,6.889781347612667,1.741420319401965,-3.492678000336636,1,1,2,0.8660254037844386,0.5000000000000001,206,0.0,0.0,0.0,0.0,0.0,0.0,1.2529653069630864,1.2574835907356066,1.1970682620080997,0.06920731848519596,1.1941947302354532,0.06774428806260843,-0.2,0.1,0.3,0.4358898943540829,0.4333333333333331,0.42268979957728076,-40.43822709693323,-43.82649209910458,6.677571944052114,41.16961841997071,10.374994299082891,43.552562008807215,253.37310692978429,292.4404472532815,348.8916950880079,93.99515018738789,353.98993973232206,104.0288422446675,-0.666993310405728,-5.2391017213130215,-0.022953422531135637,3.350422845130207,-0.27538205388503706,3.3505534267177657,-1.941895359457224,-6.26151918020298,0.374332973635668,5.080875063953141,-1.9226391967585836,4.333085281346321,17.20417792468274,25.96253485460356,25.04318695758813,15.589600610832614,13.063754283800677,21.64549962478666,-23.8435461016279,20.84134496643804,9.971879506491305,33.90312816242578,5.622967819002748,24.5333911138253,0.0,0.0,0.0,0.0,0.0,0.0,0.0,0.0,1.5320953629717267,2.653667010453154,0.7660476814858633,1.8764259381055146,18.21002024988636,27.84760436517284,21.340088462602967,6.275373062881622,25.321696996129898,13.500652327176185,-2.7182271634467625,1.144350410572148,-22.690901118607652,18.86264889250199,31.299089035303453,76.74143631978285,0.064516129032258,0.0,0.032258064516129,0.032258064516128934,0.021505376344086002,0.026338599384765325,6.64009421143219,7.015953589557666,6.376075801420544,0.685001336154363,6.325171842198947,0.6136590269809136,-0.1442022224107275,1.191394531584811,0.48440783932120696,1.088604745574819,0.4269028922628946,0.8825517513888894,1.0,1.0,1.0,0.0,1.0,0.0,0.8660254037844386,0.5000000000000001,2022,-3.194888178913735
2022-03-01,0.0,1.1688304549862818,0.0,305.79,25.33206158658648,563.3188720173537,29263.35060565276,41922.0,30819.964333781965,26643.238896366085,1667.1823687752355,1573.2442799461642,6545.917227456259,13747.42530282638,232.4804845222073,2375.4522207267837,0.0,-0.9781104921737782,-1.3019423190111843,-10.36511239849547,28.542287405572985,0.289830357840648,5.1026399298652825,17.020642372755045,-16.800672397412143,1.1953,2.6184752747252737,0.1676024469957182,0.0,1.1616354597812972,0.4,18.505532045671902,514.922279792746,-4.451548919948012,-8.139030943919568,53.09816616223571,8.907872022995878,0.0979334011833588,4.822520751419823,55.12343605332373,-15.142294904916753,0.0,4.063835353623446,-0.3673707940218707,4.065040650406515,1,1,3,1.0,6.123233995736766e-17,207,0.0,0.0,0.0,0.0,0.0,0.0,1.1196597232964125,1.2185797557648002,1.1780868300135987,0.06815849430605174,1.204444102680269,0.053906981108252226,0.6,0.5,0.26666666666666666,0.41633319989324274,0.3333333333333332,0.3204163957519678,24.757005311221818,35.713937617867735,0.9414367533201696,35.97190104466884,9.985411874769555,43.450531837563325,352.0164986251145,441.285479709125,373.4372951158816,132.08380047548982,394.69137362631733,112.36960604646441,-3.0046045742524563,3.6027376170647774,-2.707715601535399,1.9096655694179194,-1.314817508996774,3.5452339123565624,-3.135700902375471,6.200595182739699,-4.405542401917422,3.2879317873887635,-2.991464934299539,5.012558209167774,42.996511347539126,14.92887160054246,37.766285144819214,18.509755468349894,22.840267582837402,24.596881411246585,43.96203482924024,9.797149791861573,9.675453583536074,33.909306796690025,7.96319810181118,23.96524616454096,0.0,0.0,0.032644467061120785,0.05654187551756829,0.0163222335305598,0.03998114359402531,4.59628608891518,0.0,3.1396022801116676,2.721327320856967,1.5698011400558338,2.4329775374955234,28.56483208590188,17.245413052020673,33.96609612970399,19.040228636298338,32.69722576124593,15.901240445738498,-25.15269528255281,-40.20178090982338,-14.337739116972108,11.238853253643363,10.493857606819814,67.61790240704676,0.032258064516129,0.0,0.032258064516129,0.032258064516128934,0.016129032258064502,0.026989033114002404,6.889781347612667,5.598351845216776,5.8645703042227675,1.5644713766080176,6.056531788523578,1.1083031697670187,1.741420319401965,-0.1439945790276176,0.40994910098978926,1.1584743229496852,0.29002714275826286,0.9393849976616928,1.0,1.0,1.0,0.0,1.0,0.0,1.0,6.123233995736766e-17,2022,-3.194888178913735
2022-04-01,0.0,0.8666985568279939,0.2,199.0,-42.95937671239387,242.39504473503095,25971.95486111111,35866.0,28401.840277777777,23614.7,1578.259027777778,2045.530555555556,6545.0,13787.109722222222,208.48125,-70.1763888888889,0.0666666666666666,-5.710783507335282,-5.221711326039847,23.40104022722325,-6.6317144143173135,0.275777539451516,5.406037631668359,-16.30666897124665,-103.31987149435612,1.1956,3.4703591518822963,0.0250983016815808,0.0,1.1688304549862818,0.0,25.33206158658648,563.3188720173537,-0.9781104921737782,-1.3019423190111843,-10.36511239849547,28.542287405572985,0.289830357840648,5.1026399298652825,17.020642372755045,-16.800672397412143,0.0,2.6184752747252737,0.1676024469957182,1.1909974603730775,1,0,4,0.8660254037844387,-0.4999999999999998,208,0.0,0.0,0.0,0.0,0.0,0.0,1.1616354597812972,1.2529653069630864,1.1500418793546638,0.02655651603769978,1.196525715254581,0.05528183948865006,0.4,-0.2,0.3333333333333333,0.30550504633041164,0.23333333333333317,0.3141125063837502,18.505532045671902,-40.43822709693323,22.86486631449341,3.786227526239157,3.3406362275516925,35.66963759473831,514.922279792746,253.37310692978429,476.7525501450714,110.70171383646574,402.89278072123415,124.02047062116858,-4.451548919948012,-0.666993310405728,-2.811421328791416,1.744758852285857,-1.7896035668380366,3.2080316790947605,-8.139030943919568,-1.941895359457224,-4.192224721768741,3.53887371234434,-2.429915587037788,4.975329551855671,53.09816616223571,17.20417792468274,28.576521703759806,34.100571951424286,23.970858248518024,22.453715430938136,8.907872022995878,-23.8435461016279,27.137398085936372,17.569259176523072,14.701190485746801,22.929384401807308,0.0979334011833588,0.0,0.12925458634133677,0.1474319217782207,0.0646272931706678,0.11707473275700991,4.822520751419823,0.0,4.840482256733428,0.2536543188464768,2.420241128366714,2.656090500828017,55.12343605332373,18.21002024988636,33.56963683732689,19.538213186366587,27.335324696510085,14.597420466201124,-15.142294904916753,-2.7182271634467625,-19.031887528293897,5.365237147466284,-16.478553374596576,15.098575596070775,0.0,0.064516129032258,0.010752688172043,0.018624202231923268,0.016129032258064502,0.026989033114002404,4.063835353623446,6.64009421143219,4.524030658653795,2.1725212728877907,5.471081937028003,1.783246000076121,-0.3673707940218707,-0.1442022224107275,0.5138839907919378,1.0962131045988472,0.40747495042037984,0.8556087011797344,1.0,1.0,1.0,0.0,1.0,0.0,0.8660254037844387,-0.4999999999999998,2022,5.502392344497609
2022-05-01,0.0,0.5038944687919001,0.5,204.75,2.8484898008686343,237.2591006423983,23845.99731182796,32909.0,27788.600134408603,21869.32997311828,1642.809811827957,2101.59744623656,6545.0,13834.255376344086,230.99395161290323,-2446.645833333333,0.032258064516129,-9.737573617888518,-3.904105588973894,17.89460434066101,9.427635230134968,0.275777539451516,5.766478412416554,20.47000683455129,-188.2962094520803,1.1759,1.4056571231459092,-1.6477082636333296,0.0,0.8666985568279939,0.2,-42.95937671239387,242.39504473503095,-5.710783507335282,-5.221711326039847,23.40104022722325,-6.6317144143173135,0.275777539451516,5.406037631668359,-16.30666897124665,-103.31987149435612,0.0666666666666666,3.4703591518822963,0.0250983016815808,2.847006651884709,1,0,5,0.49999999999999994,-0.8660254037844387,209,0.0,0.0,0.0,0.0,0.0,0.0,1.1688304549862818,1.1196597232964125,1.0657214905318577,0.1723964561528714,1.1313948762699786,0.13776671849021607,0.0,0.6,0.20000000000000004,0.20000000000003337,0.24999999999999986,0.30822070014847297,25.33206158658648,24.757005311221818,0.29273897328818066,37.612624341555346,3.485155458670144,35.441340605306486,563.3188720173537,352.0164986251145,440.21206551504355,173.01513753844978,394.5518803015257,134.19967752181296,-0.9781104921737782,-3.0046045742524563,-3.7134809731523575,2.4511439549065375,-1.8682171978417468,3.313513852710801,-1.3019423190111843,-3.135700902375471,-4.887561529656867,3.430770654099439,-2.2566142780105993,4.831195670612653,-10.36511239849547,42.996511347539126,22.04469799698785,31.753372728001303,23.54394247728797,22.432614906370418,28.542287405572985,43.96203482924024,10.27281500475052,17.62668156556565,10.122347255620909,24.167663717046544,0.289830357840648,0.0,0.22118043282517544,0.10696608588939309,0.11059021641258714,0.13875493710486275,5.1026399298652825,4.59628608891518,5.110399437651155,0.29183581601357184,3.321247400311441,2.586914129619893,17.020642372755045,28.56483208590188,18.612469818277376,35.74164814215379,19.976279140440173,22.99935343958633,-16.800672397412143,-25.15269528255281,-45.08761293222833,50.43743160500946,-33.889257025417955,36.19913565378857,0.0,0.032258064516129,0.0222222222222222,0.03849001794597495,0.0272401433691756,0.032234160797013744,2.6184752747252737,6.889781347612667,3.3842232600770052,0.7265197748931345,4.880149530748775,1.756182682490812,0.1676024469957182,1.741420319401965,-0.058223348448190264,0.2770486693461369,0.21309224543650815,0.7701045933454729,1.0,1.0,1.0,0.0,1.0,0.0,0.49999999999999994,-0.8660254037844387,2022,5.502392344497609
2022-06-01,0.0,0.5113785893488667,-0.7,374.92,60.49229471451063,312.0,22853.75138888889,31287.0,26975.941666666666,20893.213888888888,1500.5097222222223,2401.083333333333,6545.0,13860.097222222224,162.13125,-2466.771527777778,0.0666666666666666,-8.55927165955822,-4.723186552165171,28.704676051371457,13.423648592570636,0.275777539451516,5.964046041454307,-14.374206893516517,-170.73188458608274,1.165,0.09450983761492,-0.926949570541702,0.0,0.5038944687919001,0.5,2.8484898008686343,237.2591006423983,-9.737573617888518,-3.904105588973894,17.89460434066101,9.427635230134968,0.275777539451516,5.766478412416554,20.47000683455129,-188.2962094520803,0.032258064516129,1.4056571231459092,-1.6477082636333296,4.639036231232563,1,0,6,1.2246467991473532e-16,-1.0,210,0.0,0.0,0.0,0.0,0.0,0.0,0.8666985568279939,1.1616354597812972,0.846474493535392,0.3329290104303323,1.0122806617744953,0.2813981965902357,0.2,0.4,0.23333333333333336,0.25166114784238497,0.24999999999999986,0.30822070014847297,-42.95937671239387,18.505532045671902,-4.926275108312908,34.803237827544734,-1.992419177496373,31.8186458537534,242.39504473503095,514.922279792746,347.6576724649276,186.78573078456543,360.5474837904046,145.37328679065118,-5.710783507335282,-4.451548919948012,-5.475489205799192,4.384469308700951,-4.091602403667296,3.383242335352608,-5.221711326039847,-8.139030943919568,-3.475919744674975,1.9946565130515592,-3.9407310732961984,2.484938531008333,23.40104022722325,53.09816616223571,10.310177389796282,18.11576426529064,24.038231267307726,22.23663960408823,-6.6317144143173135,8.907872022995878,10.446069407130217,17.609102962272804,10.060761495333141,24.169128913860085,0.275777539451516,0.0979334011833588,0.2804618122478945,0.008113398352951528,0.15655313965450646,0.1404605116777003,5.406037631668359,4.822520751419823,5.425051991316732,0.33232746017714837,4.2823271357142,2.1385531759492205,-16.30666897124665,55.12343605332373,7.061326745353228,20.310636293721736,20.51371143752861,22.960419986552456,-103.31987149435612,-15.142294904916753,-102.80558444794951,85.74892521653035,-58.57166178246077,73.07286703388935,0.0666666666666666,0.0,0.0329749103942652,0.03333911384726437,0.0326164874551971,0.029342560484438642,3.4703591518822963,4.063835353623446,2.498163849917826,1.0375956563475257,4.1813670770702975,2.1930521877954656,0.0250983016815808,-0.3673707940218707,-0.48500250498534325,1.0094505281353852,-0.03752670199777719,1.0884405189930468,1.0,1.0,1.0,0.0,1.0,0.0,1.2246467991473532e-16,-1.0,2022,5.502392344497609
2022-07-01,0.0,0.515948936059665,0.5,448.1,17.83037519138123,323.3349078885215,23282.50739247312,31165.0,27383.98319892473,21300.557123655915,1288.3487903225807,2261.6693548387098,6545.0,13861.0,180.78494623655916,-1995.0342741935483,0.0,-7.087834472436516,-1.969110754616088,63.33556559790612,8.981359564613944,0.275777539451516,5.970948012232413,-8.495077929941285,-154.5302400526674,1.1777,0.8563843452941589,1.0901287553648054,0.0,0.5113785893488667,-0.7,60.49229471451063,312.0,-8.55927165955822,-4.723186552165171,28.704676051371457,13.423648592570636,0.275777539451516,5.964046041454307,-14.374206893516517,-170.73188458608274,0.0666666666666666,0.09450983761492,-0.926949570541702,5.588208698797348,1,0,7,-0.4999999999999997,-0.8660254037844388,211,0.0,0.0,0.0,0.0,0.0,0.0,0.5038944687919001,1.1688304549862818,0.6273238716562536,0.20733832964729165,0.8886828755054587,0.3153537811183745,0.5,0.0,3.700743415417188e-17,0.6244997998398502,0.16666666666666652,0.4760952285695388,2.8484898008686343,25.33206158658648,6.79380260099514,51.83855900845609,14.829334457744272,34.031050736738194,237.2591006423983,563.3188720173537,263.8847151258097,41.74811324268477,370.31863263544057,138.5385300845875,-9.737573617888518,-0.9781104921737782,-8.002542928260674,2.070318769851995,-5.406982128526045,3.3191089681894184,-3.904105588973894,-1.3019423190111843,-4.616334489059638,0.6652700520312088,-4.40427960541419,2.2892018884393193,17.89460434066101,-10.36511239849547,23.33344020641859,5.405352895027458,25.954980955089184,22.0243889815347,9.427635230134968,28.542287405572985,5.406523136129434,10.615149701666653,16.271960611032895,17.612875583186998,0.275777539451516,0.289830357840648,0.275777539451516,0.0,0.2025160628964258,0.12302504362724762,5.766478412416554,5.1026399298652825,5.712187361846406,0.28293812686084585,5.276334809289918,0.5345266469879373,20.47000683455129,17.020642372755045,-3.4036230100706253,20.69773547731686,15.083006913628127,27.095420175463463,-188.2962094520803,-16.800672397412143,-154.1159885108397,44.858784033476866,-86.57393801956677,79.31426612738073,0.032258064516129,0.0,0.0551971326164874,0.019865815714051528,0.03297491039426521,0.029819409948835123,1.4056571231459092,2.6184752747252737,1.656842037547708,1.7018842628325146,3.0904363481007517,2.3479213502139977,-1.6477082636333296,0.1676024469957182,-0.8498531774978167,0.839063967528959,-0.1679845933529396,1.1490075387796013,1.0,1.0,1.0,0.0,1.0,0.0,-0.4999999999999997,-0.8660254037844388,2022,5.746209098164412
2022-08-01,0.0,0.4393928576393909,0.0,544.68,19.51820444642771,317.76346065347445,23332.89784946237,30850.0,26643.75739247312,21229.18077956989,1078.8514784946235,2162.467741935484,6545.0,13861.0,187.0880376344086,-1280.6505376344087,0.032258064516129,-5.647504454923169,-4.604347691641674,-8.71742296173348,34.63194696648921,0.275777539451516,5.970948012232413,6.117275738643513,-132.676603129094,1.1834,0.8866155157715161,0.4839942260338015,0.0,0.515948936059665,0.5,17.83037519138123,323.3349078885215,-7.087834472436516,-1.969110754616088,63.33556559790612,8.981359564613944,0.275777539451516,5.970948012232413,-8.495077929941285,-154.5302400526674,0.0,0.8563843452941589,1.0901287553648054,5.675675675675662,1,0,8,-0.8660254037844384,-0.5000000000000004,212,0.0,0.0,0.0,0.0,0.0,0.0,0.5113785893488667,0.8666985568279939,0.5104073314001439,0.006085643086663632,0.7880644109660008,0.32313336853068736,-0.7,0.2,0.10000000000000003,0.6928203230275605,0.14999999999999988,0.4593473631142501,60.49229471451063,-42.95937671239387,27.05705323558684,29.909041309093727,13.674896104437506,33.74318686986364,312.0,242.39504473503095,290.86466951030656,46.76844870689395,365.53836751267505,139.785563105701,-8.55927165955822,-5.710783507335282,-8.46155991662775,1.3275692348292303,-6.087520444890054,3.1418935055819937,-4.723186552165171,-5.221711326039847,-3.5321342985850515,1.414215455762121,-4.209847914120958,2.4615507202082916,28.704676051371457,23.40104022722325,36.64494866331288,23.738285255248957,29.344823330150348,26.318498103824915,13.423648592570636,-6.6317144143173135,10.61088112910652,2.4461267536474915,10.441848066928515,11.256449807028961,0.275777539451516,0.275777539451516,0.275777539451516,0.0,0.24847898613834515,0.07396587474740506,5.964046041454307,5.406037631668359,5.900490822034425,0.1161094414923,5.50544512984279,0.4761650317730754,-14.374206893516517,-16.30666897124665,-0.7997593296355033,18.653237087754352,8.906355244320933,27.626325460602374,-170.73188458608274,-103.31987149435612,-171.18611136361014,16.887566841997355,-108.1368621479192,76.82381896454923,0.0666666666666666,0.0666666666666666,0.0329749103942652,0.03333911384726437,0.027598566308243703,0.03273953708161575,0.09450983761492,3.4703591518822963,0.7855171020183288,0.6584401458870571,2.0848701810476675,1.5525887647378205,-0.926949570541702,0.0250983016815808,-0.4948430262700752,1.4191458469272678,-0.27653318735913296,0.9452424995382583,1.0,1.0,1.0,0.0,1.0,0.0,-0.8660254037844384,-0.5000000000000004,2022,5.746209098164412
2022-09-01,0.0,0.4249451024516523,-0.7,522.86,-4.088472445033172,108.93506493506491,24102.89652777778,33688.0,28506.946527777774,22046.31111111111,1447.5520833333333,1453.7743055555557,6545.0,13861.0,170.93541666666667,-2999.9041666666667,0.0333333333333333,-7.311851302322426,-4.965019183028662,22.285932519883044,3.5871408418157724,0.275777539451516,5.970948012232413,-28.981785762715774,-205.75444990751083,1.1447,-1.885660409702583,-3.2702382964340027,0.0,0.4393928576393909,0.0,19.51820444642771,317.76346065347445,-5.647504454923169,-4.604347691641674,-8.71742296173348,34.63194696648921,0.275777539451516,5.970948012232413,6.117275738643513,-132.676603129094,0.032258064516129,0.8866155157715161,0.4839942260338015,6.131174383698723,1,0,9,-1.0,-1.8369701987210297e-16,213,0.0,0.0,0.0,0.0,0.0,0.0,0.515948936059665,0.5038944687919001,0.4889067943493075,0.04294117445585356,0.6676906439423497,0.28884367057333643,0.5,0.5,-0.06666666666666664,0.6027713773341815,0.0833333333333332,0.4445971959725806,17.83037519138123,2.8484898008686343,32.61362478410653,24.158380941504817,13.843674837896808,33.774699382497275,323.3349078885215,237.2591006423983,317.69945618066527,5.6677249968332575,332.6785643227965,119.32167175088493,-7.087834472436516,-9.737573617888518,-7.098203528972635,1.4559112958889888,-6.286846367385915,3.054056328977052,-1.969110754616088,-3.904105588973894,-3.765548332807645,1.5568948737620634,-3.62073403874131,1.6081653885472913,63.33556559790612,17.89460434066101,27.774272895848053,36.035503709782404,19.04222514282215,27.243233408805917,8.981359564613944,9.427635230134968,19.012318374557932,13.708139223258454,14.729193890844071,14.873184650739017,0.275777539451516,0.275777539451516,0.275777539451516,0.0,0.27811967584970465,0.0057370389559451545,5.970948012232413,5.766478412416554,5.968647355306378,0.003984685906367068,5.696849673311554,0.3644608946714689,-8.495077929941285,20.47000683455129,-5.58400302827143,10.551349815467981,0.738661858540897,16.04719543592612,-154.5302400526674,-188.2962094520803,-152.6462425892814,19.097465709421062,-127.72591351861541,61.90528176266766,0.0,0.032258064516129,0.0329749103942652,0.03333911384726437,0.03297491039426521,0.029819409948835123,0.8563843452941589,1.4056571231459092,0.612503232893531,0.44885002961024456,1.5553335414056788,1.256162102134812,1.0901287553648054,-1.6477082636333296,0.2157244702856352,1.0349530132316749,-0.1346390173498542,0.991641432929148,1.0,1.0,1.0,0.0,1.0,0.0,-1.0,-1.8369701987210297e-16,2022,5.746209098164412
2022-10-01,0.0,0.4939996981288505,1.0,338.65,-43.43466161451302,109.75534221121087,24697.859060402683,35128.0,28509.358389261743,22769.376510067115,2086.5241610738253,1107.0268456375838,6545.0,13861.0,204.45771812080537,-2011.286577181208,0.0,-9.367940575798306,-7.909293485384716,2.426843169942594,24.861472779022577,0.275777539451516,5.970948012232413,-14.96432678673113,-179.30691001992983,1.1493,-2.651194307978999,0.4018520136280123,0.0,0.4249451024516523,-0.7,-4.088472445033172,108.93506493506491,-7.311851302322426,-4.965019183028662,22.285932519883044,3.5871408418157724,0.275777539451516,5.970948012232413,-28.981785762715774,-205.75444990751083,0.0333333333333333,-1.885660409702583,-3.2702382964340027,7.015953589557666,1,0,10,-0.8660254037844386,0.5000000000000001,214,0.0,0.0,0.0,0.0,0.0,0.0,0.4393928576393909,0.5113785893488667,0.46009563205023607,0.04890683064835657,0.5437097518532449,0.16291718646759978,0.0,-0.7,-0.06666666666666665,0.6027713773341815,-0.03333333333333346,0.55015149428742,19.51820444642771,60.49229471451063,11.08670239759193,13.16915489037661,8.94025249929353,33.90861001042435,317.76346065347445,312.0,250.01114449235357,122.20722328698119,256.9479298090817,82.02893966016936,-5.647504454923169,-8.55927165955822,-6.682396743227369,0.9032150471021154,-7.342469835744022,1.6011379319105141,-4.604347691641674,-4.723186552165171,-3.846159209762142,1.6355439946389,-4.23124684941089,1.1937279206184284,-8.71742296173348,28.704676051371457,25.634691718685247,36.14303433889519,24.4840659625519,23.14742828077772,34.63194696648921,13.423648592570636,15.733482457639646,16.587295424552703,10.570002796884534,13.679244706044145,0.275777539451516,0.275777539451516,0.275777539451516,0.0,0.275777539451516,0.0,5.970948012232413,5.964046041454307,5.970948012232413,0.0,5.841567687039411,0.22827333525087506,6.117275738643513,-14.374206893516517,-10.453195984671183,17.631270496088554,-6.9284094973709065,17.6241914712522,-132.676603129094,-170.73188458608274,-164.3204310297574,37.509716100854405,-159.2182097702985,37.40260575026774,0.032258064516129,0.0666666666666666,0.0218637992831541,0.01894223693437091,0.03853046594982076,0.02519358892572347,0.8866155157715161,0.09450983761492,-0.047553516212303304,1.5919190289833476,0.8046442606677026,1.7446305501937762,0.4839942260338015,-0.926949570541702,-0.565371771678465,2.3620069759569176,-0.707612474588141,1.5929598298472305,1.0,1.0,1.0,0.0,1.0,0.0,-0.8660254037844386,0.5000000000000001,2022,18.811881188118807
2022-11-01,0.0,0.5084003722231227,0.1,369.77,8.79140650689106,60.24702058504874,27986.51875,40516.0,31978.690972222223,25860.852777777774,2153.7569444444443,494.7368055555556,6545.0,13861.0,203.2875,-1343.1930555555557,0.0,-10.2414465464864,-11.30278683859104,7.573475700487875,-12.018875124576557,0.275777539451516,5.970948012232413,-24.530335178391425,-184.2044452261315,1.1505,-2.4090253626261715,0.1044113808405189,0.0,0.4939996981288505,1.0,-43.43466161451302,109.75534221121087,-9.367940575798306,-7.909293485384716,2.426843169942594,24.861472779022577,0.275777539451516,5.970948012232413,-14.96432678673113,-179.30691001992983,0.0,-2.651194307978999,0.4018520136280123,5.598351845216776,1,1,11,-0.5000000000000004,0.8660254037844384,215,0.0,0.0,0.0,0.0,0.0,0.0,0.4249451024516523,0.515948936059665,0.4527792194066312,0.036421563764567406,0.4815932754033876,0.03926481798145855,-0.7,0.5,0.10000000000000002,0.8544003745317608,0.09999999999999987,0.695701085237054,-4.088472445033172,17.83037519138123,-9.334976537706153,31.80267583423622,8.861038348940339,34.05434372007052,108.93506493506491,323.3349078885215,178.81795593325003,120.3310357936425,234.84131272177834,102.14244071331859,-7.311851302322426,-7.087834472436516,-7.442432111014633,1.8636522591613371,-7.951996013821193,1.5510778097146047,-4.965019183028662,-1.969110754616088,-5.826220120018352,1.8129856495016132,-4.6791772093017014,1.9218787305854157,22.285932519883044,63.33556559790612,5.331784242697405,15.7044905920886,20.988366453005128,24.863812347594198,3.5871408418157724,8.981359564613944,21.02685352910919,15.873664524089785,15.818867329107851,11.650341150451993,0.275777539451516,0.275777539451516,0.275777539451516,0.0,0.275777539451516,0.0,5.970948012232413,5.970948012232413,5.970948012232413,0.0,5.935719417133419,0.08295676906735205,-28.981785762715774,-8.495077929941285,-12.609612270267798,17.667612739404856,-6.704685799951652,17.489336907053797,-205.75444990751083,-154.5302400526674,-172.5793210188449,37.00051706079825,-171.88271619122747,25.734676617137236,0.0333333333333333,0.0,0.0218637992831541,0.01894223693437091,0.027419354838709654,0.025003179356164296,-1.885660409702583,0.8563843452941589,-1.2167464006366893,1.861346032015454,-0.21561464930917995,1.6619201938917958,-3.2702382964340027,1.0901287553648054,-0.794797352257396,2.144188130002634,-0.6448201892637359,1.6345026301543824,1.0,1.0,1.0,0.0,1.0,0.0,-0.5000000000000004,0.8660254037844384,2022,18.811881188118807
2022-12-01,0.0,0.8346335444463492,-0.5,201.4,-60.75882104453613,30.77922077922077,31136.81115591398,46147.0,33280.92943548387,28509.74193548387,1786.8494623655913,329.0376344086022,6545.0,13859.950268817203,278.93682795698925,1702.08938172043,0.064516129032258,-2.7518792355831323,2.3373916128889283,-6.875697644566314,32.40986891745343,0.275777539451516,5.962922544474036,-3.26363850361604,-19.9180369854862,1.1512,-2.208630648997622,0.0608431116905672,0.0,0.5084003722231227,0.1,8.79140650689106,60.24702058504874,-10.2414465464864,-11.30278683859104,7.573475700487875,-12.018875124576557,0.275777539451516,5.970948012232413,-24.530335178391425,-184.2044452261315,0.0,-2.4090253626261715,0.1044113808405189,6.64009421143219,1,1,12,-2.4492935982947064e-16,1.0,216,0.0,0.0,0.0,0.0,0.0,0.0,0.4939996981288505,0.4393928576393909,0.4757817242678752,0.044610721153722596,0.48234425930859137,0.03981588378519537,1.0,0.0,0.13333333333333333,0.8504900548115459,0.0333333333333332,0.668331255192125,-43.43466161451302,19.51820444642771,-12.910575850885037,27.207768729409672,9.851524466610742,33.93069219181434,109.75534221121087,317.76346065347445,92.97914257710814,28.349816071356596,205.33929937888675,124.43512315657564,-9.367940575798306,-5.647504454923169,-8.973746141535711,1.5040525298870924,-8.035974835254173,1.6757203564809877,-7.909293485384716,-4.604347691641674,-8.059033169001474,3.1715360936950203,-5.912290750904558,3.2439526427201097,2.426843169942594,-8.71742296173348,10.762083796771188,10.30637053700225,19.268178346309607,25.47029434239654,24.861472779022577,34.63194696648921,5.476579498753934,18.51263080173208,12.24444893665593,16.346776445027405,0.275777539451516,0.275777539451516,0.275777539451516,0.0,0.275777539451516,0.0,5.970948012232413,5.970948012232413,5.970948012232413,0.0,5.969797683769396,0.002817600545901463,-14.96432678673113,6.117275738643513,-22.82548257594611,7.162554071900574,-14.204742802108774,12.41909218108873,-179.30691001992983,-132.676603129094,-189.75526838452404,14.070423583761215,-171.2007554869027,25.262619523379705,0.0,0.032258064516129,0.0111111111111111,0.019245008972987372,0.022043010752688153,0.027132166679509878,-2.651194307978999,0.8866155157715161,-2.315293360102585,0.3912796999272881,-0.8513950636045268,1.647247500544555,0.4018520136280123,0.4839942260338015,-0.9213249673218235,2.039647789023607,-0.35280024851809433,1.574922462921751,1.0,1.0,1.0,0.0,1.0,0.0,-2.4492935982947064e-16,1.0,2022,18.811881188118807
2023-01-01,0.0,0.8417490379190982,0.4,147.91,-30.86889996011833,-25.01774308019872,30707.01478494624,44109.0,32795.75067204301,28366.899193548383,2375.6438172043013,520.2056451612904,6545.0,15042.574596774191,318.79905913978496,2654.825268817204,0.032258064516129,-6.274182577174359,-1.9298752695822263,16.41677106427599,-0.227755199894819,0.275777539451516,9.950742270080038,-3.742370377585136,31.288312974524214,1.1352,-5.218335142356178,-1.3898540653231373,0.0,0.8346335444463492,-0.5,-60.75882104453613,30.77922077922077,-2.7518792355831323,2.3373916128889283,-6.875697644566314,32.40986891745343,0.275777539451516,5.962922544474036,-3.26363850361604,-19.9180369854862,0.064516129032258,-2.208630648997622,0.0608431116905672,6.889781347612667,1,1,1,0.49999999999999994,0.8660254037844387,217,0.0,0.0,0.0,0.0,0.0,0.0,0.5084003722231227,0.4249451024516523,0.6123445382661075,0.19264253568472572,0.5362200851581718,0.1508480317698044,0.1,-0.7,0.20000000000000004,0.7549834435270838,0.06666666666666653,0.6282250127674648,8.79140650689106,-4.088472445033172,-31.800692050719352,36.20525478397139,-10.356994826563716,33.845197983895964,60.24702058504874,108.93506493506491,66.92719452516009,39.90959135361739,158.4691695087569,129.10024083202836,-10.2414465464864,-7.311851302322426,-7.453755452622613,4.095300128254104,-7.068076097924991,2.685779310048368,-11.30278683859104,-4.965019183028662,-5.624896237028943,7.101230184853613,-4.735527723395542,4.710643410652231,7.573475700487875,22.285932519883044,1.041540408621404,7.32352035528302,13.33811606365331,26.9337721096513,-12.018875124576557,3.5871408418157724,15.084155523966487,23.773415274575566,15.408818990803061,18.337173854519925,0.275777539451516,0.275777539451516,0.275777539451516,0.0,0.275777539451516,0.0,5.970948012232413,5.970948012232413,5.968272856312955,0.004633360818909604,5.969610434272684,0.0032762826784777585,-24.530335178391425,-28.981785762715774,-14.252766822912866,10.65118937259146,-12.352981403792027,13.192984321572885,-184.2044452261315,-205.75444990751083,-127.80979741051586,93.46908814405592,-146.0651142201366,66.76292089449517,0.0,0.0333333333333333,0.021505376344086,0.03724840446384672,0.02168458781362005,0.026429894630381014,-2.4090253626261715,-1.885660409702583,-2.4229501065342647,0.2216101801186742,-1.2352518113732838,1.6510843694682678,0.1044113808405189,-3.2702382964340027,0.1890355020530331,0.18558744359027957,-0.18816813481271613,1.554396011919968,1.0,1.0,1.0,0.0,1.0,0.0,0.49999999999999994,0.8660254037844387,2023,19.224422442244222
2023-02-01,0.0,0.8506187880973763,0.2,116.37,-23.982921056329307,-50.9732052578362,29573.839285714286,40832.0,31181.39136904762,27223.21279761905,1953.7083333333333,834.6071428571429,6545.0,15155.60119047619,218.6376488095238,3592.2648809523807,0.0,-2.788785962850993,-3.679939611247407,-39.61270298159784,0.5643629243592407,0.1776701398572999,10.537802182154143,-22.39500114882728,22.30765060573649,1.1289,-5.396798793262381,-0.554968287526425,0.0,0.8417490379190982,0.4,-30.86889996011833,-25.01774308019872,-6.274182577174359,-1.9298752695822263,16.41677106427599,-0.227755199894819,0.275777539451516,9.950742270080038,-3.742370377585136,31.288312974524214,0.032258064516129,-5.218335142356178,-1.3898540653231373,4.063835353623446,1,1,2,0.8660254037844386,0.5000000000000001,218,0.0,0.0,0.0,0.0,0.0,0.0,0.8346335444463492,0.4939996981288505,0.7282609848628567,0.19043811148133805,0.590520102134744,0.19443338904190183,-0.5,1.0,3.700743415417188e-17,0.45825756949559815,0.04999999999999986,0.6156297588648673,-60.75882104453613,-43.43466161451302,-27.612104832587793,34.889304578779665,-18.473540685146975,31.491038904672763,30.77922077922077,109.75534221121087,22.00283276135689,43.304603920399906,100.4103943473035,117.97980172459322,-2.7518792355831323,-9.367940575798306,-6.42250278641463,3.7469859606741966,-6.9324674487146325,2.705054188215163,2.3373916128889283,-7.909293485384716,-3.631756831761447,6.9775294829773875,-4.728988475889898,4.715276725442453,-6.875697644566314,2.426843169942594,5.704849706732536,11.758128973884359,5.518316974714954,12.409496445929534,32.40986891745343,24.861472779022577,6.721079530994022,23.01506142455025,13.873966530051602,19.34070996702392,0.275777539451516,0.275777539451516,0.275777539451516,0.0,0.275777539451516,0.0,5.962922544474036,5.970948012232413,7.294870942262162,2.3000555391411033,6.6329094772472885,1.6254026487391382,-3.26363850361604,-14.96432678673113,-10.51211468653087,12.142494610688562,-11.560863478399334,13.607120744162264,-19.9180369854862,-179.30691001992983,-57.61138974569783,112.58274219861198,-115.09535538227131,97.89204466073959,0.064516129032258,0.0,0.032258064516129,0.03225806451612893,0.027060931899641552,0.024334515640995716,-2.208630648997622,-2.651194307978999,-3.2786637179933247,1.6827903720249109,-2.2477050593150065,1.947821321866094,0.0608431116905672,0.4018520136280123,-0.40819985759735006,0.8504165368679484,-0.6014986049273733,1.474156605002431,1.0,1.0,1.0,0.0,1.0,0.0,0.8660254037844386,0.5000000000000001,2023,19.224422442244222
2023-03-01,0.0,0.8847456785748727,-0.4,122.32,4.986579150082118,-59.99869191275058,29059.33176312248,42385.0,30762.609017496638,26472.703230148047,1798.514804845222,1027.7092866756393,6545.0,15272.35195154778,258.5370121130552,3862.28129205922,0.0,-0.697182100845517,1.1044320404560937,7.877508695492463,-34.67579702811269,-0.0140122067601389,11.092452696636125,11.208049417308796,62.59141136829653,1.133,-5.212080649209405,0.363185401718491,0.0,0.8506187880973763,0.2,-23.982921056329307,-50.9732052578362,-2.788785962850993,-3.679939611247407,-39.61270298159784,0.5643629243592407,0.1776701398572999,10.537802182154143,-22.39500114882728,22.30765060573649,0.0,-5.396798793262381,-0.554968287526425,2.6184752747252737,1,1,3,1.0,6.123233995736766e-17,219,0.0,0.0,0.0,0.0,0.0,0.0,0.8417490379190982,0.5084003722231227,0.8423337901542746,0.008008648764132716,0.6590577572110748,0.20280489900500662,0.4,0.1,0.033333333333333375,0.4725815626252746,0.08333333333333319,0.6177917664283665,-30.86889996011833,8.79140650689106,-38.536880686994586,19.55032356014746,-25.723728268939812,25.41659658730414,-25.01774308019872,60.24702058504874,-15.07057585293809,41.77408757377526,38.95428336208506,67.24534988684555,-6.274182577174359,-10.2414465464864,-3.938282591869495,2.023032892130003,-6.456014366702604,3.185702808820213,-1.9298752695822263,-11.30278683859104,-1.0908077559802363,3.0951727713534973,-4.574920462490854,4.735223742681856,16.41677106427599,7.573475700487875,-10.02387652062937,28.147091557407393,0.36910363807089297,22.113544686679983,-0.227755199894819,-12.018875124576557,10.915492213972621,18.618889203814117,8.196035856363272,16.87088454155604,0.275777539451516,0.275777539451516,0.2430750729201118,0.05664233354702582,0.2594263061858133,0.040052178147908325,9.950742270080038,5.970948012232413,8.817155665569407,2.489205669670182,7.39405183890091,2.215564792105696,-3.742370377585136,-24.530335178391425,-9.800336676676155,10.909925569239036,-16.312909626311132,10.909985811763393,31.288312974524214,-184.2044452261315,11.225975531591502,27.34273598035947,-89.26464642646624,111.78675652379354,0.032258064516129,0.0,0.032258064516129,0.03225806451612893,0.02168458781362005,0.026429894630381014,-5.218335142356178,-2.4090253626261715,-4.27458819487206,1.7913954769090332,-3.294940777487323,1.5800411064818187,-1.3898540653231373,0.1044113808405189,-0.6279930803863314,0.7281002953769791,-0.7746590238540776,1.37910490396007,1.0,1.0,1.0,0.0,1.0,0.0,1.0,6.123233995736766e-17,2023,19.224422442244222
2023-04-01,0.0,0.9059071587622616,0.2,97.28,-22.904714340294984,-51.11557788944723,25521.334722222226,35076.0,26963.733333333334,23277.411111111112,1506.9659722222225,1840.557638888889,6545.0,15360.71388888889,152.18333333333334,3149.1208333333334,0.0666666666666666,-1.7350258819509137,-2.2026431718061623,-4.517196119317479,-10.020525780461732,0.0,11.413589928353971,-27.003827282629324,-4587.43642013181,1.1347,-5.0936768149882905,0.1500441306266475,0.0,0.8847456785748727,-0.4,4.986579150082118,-59.99869191275058,-0.697182100845517,1.1044320404560937,7.877508695492463,-34.67579702811269,-0.0140122067601389,11.092452696636125,11.208049417308796,62.59141136829653,0.0,-5.212080649209405,0.363185401718491,3.4703591518822963,1,0,4,0.8660254037844387,-0.4999999999999998,220,0.0,0.0,0.0,0.0,0.0,0.0,0.8506187880973763,0.8346335444463492,0.8590378348637824,0.02270105808681249,0.7356911865649449,0.18250443450281095,0.2,-0.5,0.0666666666666667,0.4163331998932423,0.13333333333333316,0.5501514942874203,-23.982921056329307,-60.75882104453613,-16.621747288788498,19.027453980563298,-24.21121966975393,27.17104894566304,-50.9732052578362,30.77922077922077,-45.32988008359521,18.16045248811493,10.798657220782479,67.45017603052756,-2.788785962850993,-2.7518792355831323,-3.253383546956956,2.8173785270373037,-5.353569499789785,3.895712926513861,-3.679939611247407,2.3373916128889283,-1.5017942801245143,2.4207422468237376,-3.563345258576728,5.254995355815471,-39.61270298159784,-6.875697644566314,-5.10614107394311,30.18703134569266,-2.03230033266087,19.93224826825496,0.5643629243592407,32.40986891745343,-11.446396434549419,20.121149364108064,1.8188795447085286,24.47806010268066,0.1776701398572999,0.275777539451516,0.1464784908495602,0.1473913616062889,0.2111280151505375,0.1170690333975369,10.537802182154143,5.962922544474036,10.526999049623436,0.5709318732931826,8.247635952968196,2.5228930260470603,-22.39500114882728,-3.26363850361604,-4.976440703034542,16.835481846792756,-9.614603762973704,13.58556518921838,22.30765060573649,-19.9180369854862,38.729124982852404,21.147567420377584,-44.54033621383169,109.51730374738747,0.0,0.064516129032258,0.010752688172043,0.018624202231923254,0.016129032258064502,0.0269890331140024,-5.396798793262381,-2.208630648997622,-5.2757381949426545,0.10488818341489388,-3.849344150738459,1.5702117705552379,-0.554968287526425,0.0608431116905672,-0.5272123170436901,0.8768492679329013,-0.16908840749532872,0.6893665328875325,1.0,1.0,1.0,0.0,1.0,0.0,0.8660254037844387,-0.4999999999999998,2023,53.59032501889642
2023-05-01,0.0,0.9035439644087117,-0.3,69.89,-33.06708407288191,-65.86568986568986,22944.262768817203,30606.0,24369.42876344086,20745.682123655915,1098.5940860215053,2383.0336021505377,6541.612903225807,15468.047715053764,97.94825268817203,4280.1606182795695,0.0967741935483871,-3.781492261443309,-6.998085630070805,-33.12712901324238,13.39153492111256,-0.051750905640846,11.809759862488756,-57.59704875203291,-274.93993449996964,1.1495,-2.2450888681010306,1.3043095091213486,0.0,0.9059071587622616,0.2,-22.904714340294984,-51.11557788944723,-1.7350258819509137,-2.2026431718061623,-4.517196119317479,-10.020525780461732,0.0,11.413589928353971,-27.003827282629324,-4587.43642013181,0.0666666666666666,-5.0936768149882905,0.1500441306266475,1.4056571231459092,1,0,5,0.49999999999999994,-0.8660254037844387,221,0.0,0.0,0.0,0.0,0.0,0.0,0.8847456785748727,0.8417490379190982,0.880423875144837,0.02789640606529005,0.8043424300038469,0.1475263266812622,-0.4,0.4,1.850371707708594e-17,0.34641016151379417,-1.5728159515523052e-16,0.363318042491719,4.986579150082118,-30.86889996011833,-13.967018748847385,16.42314791434197,-20.78956179071759,25.50783912511382,-59.99869191275058,-25.01774308019872,-54.02915835334471,5.170257796205417,-16.01316279599387,49.95064780773862,-0.697182100845517,-6.274182577174359,-1.7403313152158078,1.0458120240299822,-4.08141705081522,3.553909050236166,1.1044320404560937,-1.9298752695822263,-1.5927169141991595,2.449808269068169,-2.612236872980302,4.808564903589138,7.877508695492463,16.41677106427599,-12.084130135140933,24.632781391543578,-3.1896402142042155,19.8228491283268,-34.67579702811269,-0.227755199894819,-14.71065329473839,18.082178807985517,-3.9947868818721894,21.919376102099942,-0.0140122067601389,0.275777539451516,0.05455264436572152,0.10685281350808264,0.16516509190861817,0.1387412907641916,11.092452696636125,9.950742270080038,11.014614935714746,0.44305200657374405,9.154742938988456,2.5190412539153137,11.208049417308796,-3.742370377585136,-12.730259671382605,20.858866246807278,-11.621187178956736,15.313034994450621,62.59141136829653,31.288312974524214,-1500.8457860525923,2673.141784891788,-779.2285878991452,1867.6783468239826,0.0,0.032258064516129,0.0222222222222222,0.038490017945974946,0.0272401433691756,0.032234160797013744,-5.212080649209405,-5.218335142356178,-5.234185419153359,0.1527651762303966,-4.256424568573341,1.5130326471069881,0.363185401718491,-1.3898540653231373,-0.013912918393761872,0.4805340619676303,-0.21105638799555618,0.654436525175507,1.0,1.0,1.0,0.0,1.0,0.0,0.49999999999999994,-0.8660254037844387,2023,53.59032501889642
2023-06-01,0.0,1.0244279440761477,0.6,125.66,58.665726948576335,-66.4835164835165,22415.63333333333,29874.0,23975.963888888888,20445.2625,1130.432638888889,2593.4527777777776,6538.0,15574.696527777778,29.329166666666666,2646.75,0.0,-1.917050938816811,-4.516252756736028,-24.66342455850651,8.011777091359207,-0.1069518716577566,12.370759584618906,-81.91023219356745,-207.29611438252485,1.165,0.0,1.3484123531970482,0.0,0.9035439644087117,-0.3,-33.06708407288191,-65.86568986568986,-3.781492261443309,-6.998085630070805,-33.12712901324238,13.39153492111256,-0.051750905640846,11.809759862488756,-57.59704875203291,-274.93993449996964,0.0967741935483871,-2.2450888681010306,1.3043095091213486,0.09450983761492,1,0,6,1.2246467991473532e-16,-1.0,222,0.0,0.0,0.0,0.0,0.0,0.0,0.9059071587622616,0.8506187880973763,0.8980656005819486,0.011595749807293077,0.8701996953681116,0.031800162822121746,0.2,0.2,-0.16666666666666666,0.32145502536645143,-0.06666666666666682,0.3777124126457603,-22.904714340294984,-23.982921056329307,-16.995073087698255,19.703127060760856,-27.765976887346422,21.151505603741423,-51.11557788944723,-50.9732052578362,-58.993319889295925,7.426272988996085,-37.03194787111697,36.039586600800476,-1.7350258819509137,-2.788785962850993,-2.0712334147465796,1.569400815764775,-3.004758003308037,1.9152112651620967,-2.2026431718061623,-3.679939611247407,-2.6987655871402922,4.07397855155716,-1.8947866715602633,3.3535975914332847,-4.517196119317479,-39.61270298159784,-9.922272145689114,21.029888576601824,-9.973074333159259,22.221815580839706,-10.020525780461732,0.5643629243592407,-10.434929295820616,24.036345352076374,0.2402814590759966,22.505904177001053,0.0,0.1776701398572999,-0.02192103746699378,0.026766607161770276,0.11057701772655783,0.15045532107477966,11.413589928353971,10.537802182154143,11.438600829159617,0.3593070415082626,10.127878247364512,2.1428231356145995,-27.003827282629324,-22.39500114882728,-24.464275539117818,34.47277731510278,-17.132306107896984,24.237757148416843,-4587.43642013181,22.30765060573649,-1599.928314421161,2592.756325539682,-794.3511694447848,1862.25633019322,0.0666666666666666,0.0,0.05448028673835123,0.04952466078685551,0.04336917562724011,0.0393123142170502,-5.0936768149882905,-5.396798793262381,-4.183615444099575,1.6798567889492397,-4.229101819485819,1.5539914564895076,0.1500441306266475,-0.554968287526425,0.605846347155496,0.6142030542321909,-0.011073366615417912,0.9053497073890832,1.0,1.0,1.0,0.0,1.0,0.0,1.2246467991473532e-16,-1.0,2023,53.59032501889642
2023-07-01,0.0,1.080905775392756,-0.4,107.43,-15.674037429634987,-76.02544074983263,21836.773521505376,29284.0,23961.119623655915,20068.879032258064,1793.1908602150538,1966.149193548387,6538.0,15669.17069892473,35.84139784946237,1619.9206989247311,0.0,-6.209528237646456,-6.035616877907913,39.18520152963152,-13.066461755697157,-0.1069518716577566,13.045023439324233,-80.17456729911379,-181.19763754833488,1.1651,-1.0698819733378606,0.0085836909871295,0.0,1.0244279440761477,0.6,58.665726948576335,-66.4835164835165,-1.917050938816811,-4.516252756736028,-24.66342455850651,8.011777091359207,-0.1069518716577566,12.370759584618906,-81.91023219356745,-207.29611438252485,0.0,0.0,1.3484123531970482,0.8563843452941589,1,0,7,-0.4999999999999997,-0.8660254037844388,223,0.0,0.0,0.0,0.0,0.0,0.0,0.9035439644087117,0.8847456785748727,0.9446263557490404,0.0691203030703301,0.9018320953064114,0.06568713881816765,-0.3,-0.4,0.16666666666666666,0.4509249752823042,0.11666666666666649,0.39200340134580636,-33.06708407288191,4.986579150082118,0.8979761784664836,50.2857157791713,-7.861885555161009,35.33215390650765,-65.86568986568986,-59.99869191275058,-61.15492807955123,8.699818481559765,-53.24240408157318,15.405362498056617,-3.781492261443309,-0.697182100845517,-2.4778563607370114,1.1326443402672934,-2.865619953846984,1.9668845190885045,-6.998085630070805,1.1044320404560937,-4.572327186204332,2.398212949023051,-3.0370607331644224,2.7336823238927077,-33.12712901324238,7.877508695492463,-20.769249897022107,14.697125986713393,-12.937695485482623,22.902070711949847,13.39153492111256,-34.67579702811269,3.794262077336683,12.262614780035413,-3.826067178606374,17.08145926894474,-0.051750905640846,-0.0140122067601389,-0.05290092576619968,0.05348520936126043,0.046788782541679064,0.14751134861368048,11.809759862488756,11.092452696636125,11.864703125153879,0.48094439176018505,11.195851087388656,0.8716329177375289,-57.59704875203291,11.208049417308796,-55.503702742743236,27.512995078633807,-30.24007172288889,34.381108208623324,-274.93993449996964,62.59141136829653,-1689.8908230047682,2509.5760174126526,-825.580849010958,1848.1898387574904,0.0967741935483871,0.0,0.05448028673835123,0.04952466078685551,0.03261648745519712,0.04115157392912615,-2.2450888681010306,-5.212080649209405,-2.4462552276964407,2.5527900035180684,-3.860996711319548,2.2389478537504,1.3043095091213486,0.363185401718491,0.9342553309816818,0.6795047242555351,0.2035215069689956,1.064426056356881,1.0,1.0,1.0,0.0,1.0,0.0,-0.4999999999999997,-0.8660254037844388,2023,54.0377358490566
2023-08-01,0.0,1.064334574868258,-0.1,110.09,2.445874040386074,-79.788132481457,22269.49126344086,29785.0,24299.53360215054,20311.25806451613,1440.547715053763,1897.405241935484,6538.0,15783.45430107527,30.38037634408602,1934.668010752688,0.032258064516129,-4.557541857348024,-3.4521880064829813,33.52604540745801,-12.25740827758013,-0.1069518716577566,13.869520965841351,-83.76145437825761,-251.06916007909285,1.1643,-1.6139935778266112,-0.0686636340228474,0.0,1.080905775392756,-0.4,-15.674037429634987,-76.02544074983263,-6.209528237646456,-6.035616877907913,39.18520152963152,-13.066461755697157,-0.1069518716577566,13.045023439324233,-80.17456729911379,-181.19763754833488,0.0,-1.0698819733378606,0.0085836909871295,0.8866155157715161,1,0,8,-0.8660254037844384,-0.5000000000000004,224,0.0,0.0,0.0,0.0,0.0,0.0,1.0244279440761477,0.9059071587622616,1.0029592279592052,0.09060895280085027,0.941691551552021,0.08999861402496301,0.6,0.2,-0.033333333333333305,0.5507570547286219,-0.016666666666666847,0.41190613817553284,58.665726948576335,-22.904714340294984,3.3082018153531503,48.72341541333202,-5.329408466747118,33.8674825229913,-66.4835164835165,-51.11557788944723,-69.4582156996797,5.695766943700446,-61.74368702651216,9.751208842066216,-1.917050938816811,-1.7350258819509137,-3.9693571459688584,2.152396397360472,-2.854844230592333,1.944525665204677,-4.516252756736028,-2.2026431718061623,-5.84998508823825,1.2512865274560958,-3.7213510012187037,2.909331727957664,-24.66342455850651,-4.517196119317479,-6.201784014039103,39.53343415174427,-9.142957074590036,29.635234649519578,8.011777091359207,-10.020525780461732,2.778950085591541,13.983678196082812,-5.96585160457343,17.34270009133306,-0.1069518716577566,0.0,-0.08855154965211855,0.03187029255684488,-0.0169994526431997,0.10543689498811662,12.370759584618906,11.413589928353971,12.408514295477298,0.6184966356994991,11.711564615596023,0.9024521569132236,-81.91023219356745,-27.003827282629324,-73.22728274823805,13.56397044521086,-42.97877120981033,36.68237149483083,-207.29611438252485,-4587.43642013181,-221.14456214360976,48.38118630713727,-860.9951740981013,1830.4375606044096,0.0,0.0666666666666666,0.03225806451612903,0.0558726066957702,0.02724014336917562,0.043260921203195996,0.0,-5.0936768149882905,-1.104990280479631,1.1229561217342299,-3.169587849816495,2.372514026963278,1.3484123531970482,0.1500441306266475,0.8871018511018424,0.7611385441904669,0.43659446635404003,0.7534230098159715,1.0,1.0,1.0,0.0,1.0,0.0,-0.8660254037844384,-0.5000000000000004,2023,54.0377358490566
2023-09-01,0.0,1.139554378748545,0.0,125.74,13.291806987260312,-75.95149753280037,23804.76875,31851.0,26062.17708333333,21835.761805555558,1610.125,1707.2,6538.0,15889.94236111111,84.23611111111111,1485.5472222222222,0.0,-1.2368960611609414,-5.452980289717402,11.230885474759834,17.43225846515415,-0.1069518716577566,14.637777657536333,-50.72050441402902,-149.51982262396345,1.1605,1.3802743076788635,-0.3263763634801853,0.0,1.064334574868258,-0.1,2.445874040386074,-79.788132481457,-4.557541857348024,-3.4521880064829813,33.52604540745801,-12.25740827758013,-0.1069518716577566,13.869520965841351,-83.76145437825761,-251.06916007909285,0.032258064516129,-1.6139935778266112,-0.0686636340228474,-1.885660409702583,1,0,9,-1.0,-1.8369701987210297e-16,225,0.0,0.0,0.0,0.0,0.0,0.0,1.080905775392756,0.9035439644087117,1.0565560981123874,0.02903127422345478,0.9773108493471678,0.08903191484455052,-0.4,-0.3,0.033333333333333354,0.5131601439447011,-0.06666666666666686,0.3983298465677423,-15.674037429634987,-33.06708407288191,15.145854519775812,38.76296260716738,-0.9246092839612211,32.65308504052139,-76.02544074983263,-65.86568986568986,-74.09902990493542,6.858315811529552,-66.54617489711563,10.456058197727302,-6.209528237646456,-3.781492261443309,-4.228040344603763,2.1651255795952244,-3.1496368796751724,2.062973562162214,-6.035616877907913,-6.998085630070805,-4.668019213708975,1.298383986548064,-3.683392400424632,2.9114650675828453,39.18520152963152,-33.12712901324238,16.015940792861027,35.34281519695778,3.0468343235859385,29.63757053082982,-13.066461755697157,13.39153492111256,-5.770697647306022,11.942826270357585,-8.102813471563325,17.166167771168855,-0.1069518716577566,-0.051750905640846,-0.1069518716577566,0.0,-0.06443645456237578,0.04955454905344252,13.045023439324233,11.809759862488756,13.095101329928164,0.7506345745240385,12.26685107954389,1.0489135803040086,-80.17456729911379,-57.59704875203291,-81.94875129031296,1.793753751283012,-53.20651341471538,38.314167837128984,-181.19763754833488,-274.93993449996964,-213.18763733665085,35.306372615024976,-906.557975878906,1807.3095122511663,0.0,0.0967741935483871,0.010752688172043,0.01862420223192324,0.03261648745519712,0.04115157392912615,-1.0698819733378606,-2.2450888681010306,-0.8946251837214912,0.821145555943759,-2.539120313910533,2.1549284493988274,0.0085836909871295,1.3043095091213486,0.42944413672044374,0.7967864986782408,0.5176452419379697,0.6435689306325618,1.0,1.0,1.0,0.0,1.0,0.0,-1.0,-1.8369701987210297e-16,2023,54.0377358490566
2023-10-01,0.0,1.095425469545512,-0.4,131.95,4.820677999441793,-61.03646833013436,25520.65369127517,37416.0,27595.15369127517,23507.90536912752,1933.246979865772,1050.4993288590604,6502.496644295302,15946.189261744968,192.85906040268455,1992.6510067114093,0.0,3.3314411134188093,6.5133227055340415,-7.346053502163596,-5.106246248795065,-0.6494019206218171,15.043570173472087,-5.672888176942104,-199.07345026406352,1.1523,0.2610284521012973,-0.7065919862128345,0.0,1.139554378748545,0.0,13.291806987260312,-75.95149753280037,-1.2368960611609414,-5.452980289717402,11.230885474759834,17.43225846515415,-0.1069518716577566,14.637777657536333,-50.72050441402902,-149.51982262396345,0.0,1.3802743076788635,-0.3263763634801853,-2.651194307978999,1,0,10,-0.8660254037844386,0.5000000000000001,226,0.0,0.0,0.0,0.0,0.0,0.0,1.064334574868258,1.0244279440761477,1.0949315763365197,0.03952274083400834,1.0197789660427798,0.096505767374717,-0.1,0.6,-0.16666666666666663,0.20816659994664352,-1.8041124150158794e-16,0.363318042491719,2.445874040386074,58.665726948576335,0.021214532670471204,14.634352257350326,0.45959535556847797,33.126388337115536,-79.788132481457,-66.4835164835165,-77.25502358803004,2.1940481761608592,-69.2049758337906,10.486381559879462,-4.557541857348024,-1.917050938816811,-4.001322052051807,2.5325487250016763,-3.2395892063944096,1.942925323372678,-3.4521880064829813,-4.516252756736028,-4.980261724702767,1.3550362780051222,-4.776294455453549,1.756400478745903,33.52604540745801,-24.66342455850651,27.980710803949805,14.779174483798494,3.6057304534638335,29.77816993672795,-12.25740827758013,8.011777091359207,-2.6305371893743748,17.379599218307902,0.581862443981148,13.905117395462906,-0.1069518716577566,-0.1069518716577566,-0.1069518716577566,0.0,-0.07992639871197874,0.04495240230571488,13.869520965841351,12.370759584618906,13.850774020900639,0.7965425817443845,12.857738573027257,1.2367935633287446,-83.76145437825761,-81.91023219356745,-71.55217536380015,18.129680792812774,-63.52793905327169,22.616943462349916,-251.06916007909285,-207.29611438252485,-193.9288734171304,51.957966275195,-941.9098482109493,1786.5159426540522,0.032258064516129,0.0,0.010752688172043,0.01862420223192324,0.03261648745519712,0.04115157392912615,-1.6139935778266112,0.0,-0.4345337478285367,1.5950424973290103,-1.4403944877624886,2.199651322802631,-0.0686636340228474,1.3484123531970482,-0.1288187688386341,0.17539538108428823,0.4027182810715236,0.7321434603335231,1.0,1.0,1.0,0.0,1.0,0.0,-0.8660254037844386,0.5000000000000001,2023,65.69444444444443
2023-11-01,0.0,1.084863253033553,0.3,107.87,-20.14962645619952,-70.82781188306244,29685.265972222223,43674.0,31387.908333333333,27134.49861111111,1890.1263888888889,641.3458333333333,6488.0,15954.0,206.90694444444443,3278.6444444444446,0.0,6.069876848195799,7.794451574686545,-12.24049706423852,29.633741846464368,-0.8708938120702836,15.099920640646424,1.7804559770986603,-344.09331412812963,1.1492,-0.1129943502824915,-0.269027163065183,0.0,1.095425469545512,-0.4,4.820677999441793,-61.03646833013436,3.3314411134188093,6.5133227055340415,-7.346053502163596,-5.106246248795065,-0.6494019206218171,15.043570173472087,-5.672888176942104,-199.07345026406352,0.0,0.2610284521012973,-0.7065919862128345,-2.4090253626261715,1,1,11,-0.5000000000000004,0.8660254037844384,227,0.0,0.0,0.0,0.0,0.0,0.0,1.139554378748545,1.080905775392756,1.0997714743874385,0.03779775843236166,1.0513653511733219,0.08165319629761322,0.0,-0.4,-0.16666666666666663,0.20816659994664352,-0.10000000000000019,0.3794733192202245,13.291806987260312,-15.674037429634987,6.852786342362731,5.7013738353182575,5.080494078857941,31.086330968784356,-75.95149753280037,-76.02544074983263,-72.25869944813061,9.906250318945848,-70.85845757390511,7.388033253255236,-1.2368960611609414,-6.209528237646456,-0.8209989350300518,3.960901525272405,-2.3951780404994554,3.332006645405432,-5.452980289717402,-6.035616877907913,-0.7972818635554484,6.409718934115332,-3.3236334758968478,4.971823496291476,11.230885474759834,39.18520152963152,12.470292460018102,20.464217907748132,3.134254222989481,29.95437504135838,17.43225846515415,-13.066461755697157,0.02286797959298899,15.495158514820423,1.400909032592259,13.286687845066295,-0.1069518716577566,-0.1069518716577566,-0.2877685546457756,0.3131836817880007,-0.18816005214894826,0.22703770206324472,14.637777657536333,13.045023439324233,14.51695626561659,0.5962769832133336,13.462735280546944,1.276280531262044,-50.72050441402902,-80.17456729911379,-46.718282323076245,39.19782365251022,-59.97278253565715,29.98330202621302,-149.51982262396345,-181.19763754833488,-199.8874776557066,50.77956247192251,-210.5160198996582,45.861534575384866,0.0,0.0,0.010752688172043,0.01862420223192324,0.02150537634408602,0.0390664561819031,1.3802743076788635,-1.0698819733378606,0.009103060651182604,1.5129474031456454,-0.547943609914224,1.338796963783409,-0.3263763634801853,0.0085836909871295,-0.3672106612386221,0.3209185652732068,0.2599455949316099,0.8630864424725423,1.0,1.0,1.0,0.0,1.0,0.0,-0.5000000000000004,0.8660254037844384,2023,65.34722222222223
2023-12-01,0.0,0.9604779976207664,-0.3,80.8,-28.894983286028804,-59.88083416087389,29538.50873655914,43886.0,31766.08333333333,27146.6935483871,2778.672715053764,278.8494623655914,6488.0,15795.0,309.2513440860215,1651.6404569892472,0.064516129032258,-5.133160269211667,-4.899560101415046,55.50681652695621,-15.253018741523828,-0.8708938120702836,13.961447867070389,10.867878706108549,-2.9639409817709077,1.1604,0.7991660875608098,0.9745910198398988,0.0,1.084863253033553,0.3,-20.14962645619952,-70.82781188306244,6.069876848195799,7.794451574686545,-12.24049706423852,29.633741846464368,-0.8708938120702836,15.099920640646424,1.7804559770986603,-344.09331412812963,0.0,-0.1129943502824915,-0.269027163065183,-2.208630648997622,1,1,12,-2.4492935982947064e-16,1.0,228,0.0,0.0,0.0,0.0,0.0,0.0,1.095425469545512,1.064334574868258,1.1066143671092032,0.02901160766849671,1.0815852326107953,0.037756382155969916,-0.4,-0.1,-0.033333333333333305,0.35118845842844293,-1.8503717077085943e-16,0.39496835316264833,4.820677999441793,2.445874040386074,-0.679047156499133,17.3858448250727,7.23340368163834,28.23229006059541,-61.03646833013436,-79.788132481457,-69.27192591533243,7.578265625295731,-71.68547791013388,6.98404769037243,3.3314411134188093,-4.557541857348024,2.7214739668178893,3.6913788111187933,-0.7532831888929378,4.670582754906931,6.5133227055340415,-3.4521880064829813,2.9515979968343937,7.306710951305474,-0.8582106084372896,6.280692660172398,-7.346053502163596,33.52604540745801,-2.785221697214073,12.382541727681513,6.615359547823457,25.826766804365914,-5.106246248795065,-12.25740827758013,13.986584687607822,17.62444875876977,4.107943520150894,17.274431363479177,-0.6494019206218171,-0.1069518716577566,-0.5424158681166179,0.39304749541398226,-0.32468386988718784,0.34450428317136694,15.043570173472087,13.869520965841351,14.927089490551614,0.25213061098679695,14.01109541023989,1.1214557639062444,-5.672888176942104,-83.76145437825761,-18.20431220462416,28.405371879608662,-50.07653174746855,39.28153683297501,-199.07345026406352,-251.06916007909285,-230.89552900538555,101.11475866852878,-222.04158317101817,68.42780557154344,0.0,0.032258064516129,0.0,0.0,0.005376344086021504,0.013169299692382619,0.2610284521012973,-1.6139935778266112,0.5094361364992225,0.7770087544315117,-0.19259452361113405,1.050059764339913,-0.7065919862128345,-0.0686636340228474,-0.43399850425273395,0.23780798452195742,-0.002277183766145339,0.7072683387983292,1.0,1.0,1.0,0.0,1.0,0.0,-2.4492935982947064e-16,1.0,2023,65.34722222222223
2024-01-01,0.0,0.9891676182478594,0.5,74.62,-7.956839773403786,-49.55040227165167,31808.836021505376,45202.0,34083.79637096774,29275.450268817203,2304.569892473118,599.6081989247311,6488.049731182796,16758.75940860215,311.6666666666667,2562.4119623655915,0.032258064516129,3.588174377339004,2.477952345326351,-2.9917752912481665,15.26368552552364,-0.8701339773446004,11.408850265538884,-2.2372689845332694,-3.4809562624355084,1.1653,2.6515151515151603,0.4222681833850217,0.0,0.9604779976207664,-0.3,-28.894983286028804,-59.88083416087389,-5.133160269211667,-4.899560101415046,55.50681652695621,-15.253018741523828,-0.8708938120702836,13.961447867070389,10.867878706108549,-2.9639409817709077,0.064516129032258,0.7991660875608098,0.9745910198398988,-5.218335142356178,1,1,1,0.49999999999999994,0.8660254037844387,229,0.0,0.0,0.0,0.0,0.0,0.0,1.084863253033553,1.139554378748545,1.0469222400666105,0.07504895331340507,1.070926908201565,0.05974299863006715,0.3,0.0,-0.1333333333333333,0.378593889720035,-0.15000000000000016,0.2738612787526091,-20.14962645619952,13.291806987260312,-14.74131058092884,17.49639575553133,-7.360048024129184,16.537681109800378,-70.82781188306244,-75.95149753280037,-63.91503812469028,6.014457860782597,-70.58503085636012,8.353537211995302,6.069876848195799,-1.2368960611609414,1.4227192308009806,5.840327437943057,-1.2893014106254137,5.003534570899517,7.794451574686545,-5.452980289717402,3.136071392935179,6.988480015682154,-0.9220951658837927,6.327120156963954,-12.24049706423852,11.230885474759834,11.973421986851385,37.78036824309555,19.977066395400577,27.114241235645654,29.633741846464368,17.43225846515415,3.091492285381829,23.539488244793123,0.2304775480037211,18.769274805453293,-0.8708938120702836,-0.1069518716577566,-0.7970631815874603,0.1278784031428638,-0.45200752662260907,0.38654526309783566,15.099920640646424,14.637777657536333,14.701646227062966,0.6416494771727411,14.276210123981803,0.7972908554681816,1.7804559770986603,-50.72050441402902,2.3251488354216967,8.283825203508618,-34.61351326418922,42.382549988311354,-344.09331412812963,-149.51982262396345,-182.04356845798802,171.20112429991158,-187.9862209375592,113.34090272534414,0.0,0.0,0.021505376344086,0.03724840446384672,0.016129032258064502,0.02698903311400239,-0.1129943502824915,1.3802743076788635,0.31573339645987125,0.45853422914151565,-0.059400175684332424,1.127224875245152,-0.269027163065183,-0.3263763634801853,-0.0003427098127059362,0.8722027152702517,-0.06458073932567025,0.5670557960333785,1.0,1.0,1.0,0.0,1.0,0.0,0.49999999999999994,0.8660254037844387,2024,66.71280276816609
2024-02-01,0.0,1.0441494226732344,0.2,61.58,-19.20714252966576,-47.08258142132853,29526.081896551725,41216.0,31303.6716954023,27264.67097701149,2317.152298850575,758.1522988505748,6562.0,16889.587643678162,284.83692528735634,4431.802442528736,0.0,-0.1614852528992738,0.940438871473348,18.60277500568108,-9.160578681945776,0.2597402597402487,11.441225137882435,30.278077375184864,23.37070314686196,1.1702,3.6584285587740073,0.4204925770187939,0.0,0.9891676182478594,0.5,-7.956839773403786,-49.55040227165167,3.588174377339004,2.477952345326351,-2.9917752912481665,15.26368552552364,-0.8701339773446004,11.408850265538884,-2.2372689845332694,-3.4809562624355084,0.032258064516129,2.6515151515151603,0.4222681833850217,-5.396798793262381,1,1,2,0.8660254037844386,0.5000000000000001,230,0.0,0.0,0.0,0.0,0.0,0.0,0.9604779976207664,1.095425469545512,1.011502956300726,0.06513120170453837,1.0556372153440823,0.06786528550565275,-0.3,-0.4,0.1666666666666667,0.41633319989324247,-1.7578531223231644e-16,0.3464101615137964,-28.894983286028804,4.820677999441793,-19.000483171877363,10.516266502649508,-6.073848414757317,16.05479595879992,-59.88083416087389,-61.03646833013436,-60.086349438529375,10.64019348226152,-66.17252444332995,11.357325235973358,-5.133160269211667,3.3314411134188093,1.5082969854410457,5.883997589861726,0.3436490252054962,4.663877491712071,-4.899560101415046,6.5133227055340415,1.7909479395326156,6.374830538801467,0.4968330379885845,5.890574211330761,55.50681652695621,-7.346053502163596,13.42484805715653,36.73627316874229,12.947570258587298,26.60091248957658,-15.253018741523828,-5.106246248795065,9.881469543488064,22.922292766620483,4.952168761540521,18.313115100201973,-0.8708938120702836,-0.6494019206218171,-0.870640533828388,0.00043868838150548634,-0.579204544237083,0.37570681073062945,13.961447867070389,15.043570173472087,13.490072924418564,1.8901444070716102,14.003514595017577,1.3739081728626732,10.867878706108549,-5.672888176942104,3.470355232891308,6.714018440503962,-21.62396354509247,37.25974732875109,-2.9639409817709077,-199.07345026406352,-116.84607045744536,196.80205573911778,-158.366774056576,136.35471328866657,0.064516129032258,0.0,0.032258064516129,0.03225806451612893,0.021505376344086002,0.02633859938476531,0.7991660875608098,0.2610284521012973,1.1125622962644923,1.4086486730567662,0.5608326784578378,1.4403496300946679,0.9745910198398988,-0.7065919862128345,0.37594401338657946,0.6231019120156468,0.004366676073978448,0.6018152112093971,1.0,1.0,1.0,0.0,1.0,0.0,0.8660254037844386,0.5000000000000001,2024,66.71280276816609
2024-03-01,0.0,1.0152229755581603,0.4,68.69,10.92664857294359,-43.84401569653368,27902.240242261105,40749.0,29604.65410497981,25607.03162853297,2157.156796769852,1394.1049798115746,6562.0,17048.034320323015,242.86339165545087,5390.539703903096,0.0323014804845222,-3.98182425629543,-3.859856081160784,19.94100860101033,35.65168651157429,0.2597402597402487,11.626777423730594,-6.062428094724959,39.568801345100056,1.1693,3.2038834951456208,-0.0769099299265052,0.0,1.0441494226732344,0.2,-19.20714252966576,-47.08258142132853,-0.1614852528992738,0.940438871473348,18.60277500568108,-9.160578681945776,0.2597402597402487,11.441225137882435,30.278077375184864,23.37070314686196,0.0,3.6584285587740073,0.4204925770187939,-5.212080649209405,1,1,3,1.0,6.123233995736766e-17,231,0.0,0.0,0.0,0.0,0.0,0.0,0.9891676182478594,1.084863253033553,0.9979316795139535,0.04251862438960028,1.0522730233115782,0.06784821806559853,0.5,0.3,0.1333333333333334,0.4041451884327544,0.04999999999999982,0.35071355833502443,-7.956839773403786,-20.14962645619952,-18.686321863032777,10.478783520233401,-9.682684509765956,16.189737009758257,-49.55040227165167,-70.82781188306244,-52.171272617951395,6.789737795041429,-60.721599266641874,11.364064530110804,3.588174377339004,6.069876848195799,-0.5688237149239787,4.374912910134877,1.0763251259469546,4.044041771510201,2.477952345326351,7.794451574686545,-0.49372296153845,3.8922406911580882,1.2289375176479729,5.565617302815086,-2.9917752912481665,-12.24049706423852,23.705938747129732,29.581295125589843,10.46035852495781,24.93765463880673,15.26368552552364,29.633741846464368,-3.0499706326486504,16.149983216077302,5.46830702747958,17.766556389165725,-0.8701339773446004,-0.8708938120702836,-0.4937625098915439,0.6525526509157703,-0.5180891890040821,0.48252944275714915,11.408850265538884,15.099920640646424,12.270507756830568,1.4644865564649328,13.59879862369109,1.7322079091205276,-2.2372689845332694,1.7804559770986603,12.969562365586711,16.359240290321978,-2.617374919518723,26.8577566917626,-3.4809562624355084,-344.09331412812963,5.641935300885181,15.35573942220675,-112.6267968522502,144.8067293590055,0.032258064516129,0.0,0.032258064516129,0.03225806451612893,0.016129032258064502,0.02698903311400239,2.6515151515151603,-0.1129943502824915,2.3697032659499917,1.4503133881876131,1.4395697012246076,1.456378642126469,0.4222681833850217,-0.269027163065183,0.6057839267479052,0.31939754559279904,0.08589271124758534,0.6227127933473956,1.0,1.0,1.0,0.0,1.0,0.0,1.0,6.123233995736766e-17,2024,66.71280276816609
2024-04-01,0.0,0.9833390975456971,0.1,72.96,6.030771754028557,-25.00000000000001,25210.95902777778,34206.0,27450.348611111112,23148.774305555555,2361.4069444444444,2060.0381944444443,6562.0,17124.369444444445,184.7805555555556,3349.620138888889,0.0333333333333333,-1.2161420937526035,-2.480328429695522,56.69942042302621,11.924677115140604,0.2597402597402487,11.48159889125524,21.419705764246345,6.3668343060474974,1.1671,2.855380276725117,-0.1881467544684878,0.0,1.0152229755581603,0.4,10.92664857294359,-43.84401569653368,-3.98182425629543,-3.859856081160784,19.94100860101033,35.65168651157429,0.2597402597402487,11.626777423730594,-6.062428094724959,39.568801345100056,0.0323014804845222,3.2038834951456208,-0.0769099299265052,-5.0936768149882905,1,0,4,0.8660254037844387,-0.4999999999999998,232,0.0,0.0,0.0,0.0,0.0,0.0,1.0441494226732344,0.9604779976207664,1.0161800054930847,0.027503393139559247,1.0315511227798477,0.05328262669035729,0.2,-0.3,0.3666666666666667,0.15275252316523946,0.11666666666666649,0.37638632635456,-19.20714252966576,-28.894983286028804,-5.412444576708647,15.227173136917107,-10.076877578818744,15.533981741579842,-47.08258142132853,-59.88083416087389,-46.82566646317133,2.861855326178173,-55.37035229393076,10.264480251949909,-0.1614852528992738,-5.133160269211667,-0.18504504395189944,3.785054309534102,0.6188370934245397,4.488863561343419,0.940438871473348,-4.899560101415046,-0.1471549547870293,3.3059188073669494,1.4944582190740758,5.209707612842568,18.60277500568108,55.50681652695621,11.850669438481104,12.871337982323896,11.912045712666227,25.243128706087273,-9.160578681945776,-15.253018741523828,13.91826445171739,22.436407830640597,8.504878368549603,21.40480459928755,0.2597402597402487,-0.8708938120702836,-0.1168844859546998,0.6523331949297698,-0.4569738337710812,0.5617379377227913,11.441225137882435,13.961447867070389,11.492284275717305,0.1175939492447334,13.096965251390136,1.8056074313698887,30.278077375184864,10.867878706108549,7.3261267653088735,19.96877532932873,4.825637800365288,13.944620229277199,23.37070314686196,-2.9639409817709077,19.819516076508837,21.743472692363877,-81.1120261907396,155.36297144379844,0.0,0.064516129032258,0.0215198483335504,0.018636747985118864,0.0215126123388182,0.026342150008243557,3.6584285587740073,0.7991660875608098,3.171275735144929,0.5042480559590123,1.7435045658024002,1.6223577012791839,0.4204925770187939,0.9745910198398988,0.2552836101591038,0.28768941456097324,0.1274704501731987,0.5974985815454208,1.0,1.0,1.0,0.0,1.0,0.0,0.8660254037844387,-0.4999999999999998,2024,17.273622047244096
2024-05-01,0.0,1.0466622731889408,0.3,83.87,13.93566352302444,20.00286163971956,23120.84005376344,30715.0,24963.53561827957,20986.860887096773,1118.6787634408602,2416.531586021505,6562.0,17192.96639784946,129.7244623655914,4756.853494623656,0.064516129032258,0.7695923234727564,0.356139319087756,1.8282164154087568,1.4056865937911225,0.3116524483455674,11.15149574510932,32.441834137237805,11.137266071470364,1.1685,1.6528925619834878,0.1199554451203788,0.0,0.9833390975456971,0.1,6.030771754028557,-25.00000000000001,-1.2161420937526035,-2.480328429695522,56.69942042302621,11.924677115140604,0.2597402597402487,11.48159889125524,21.419705764246345,6.3668343060474974,0.0333333333333333,2.855380276725117,-0.1881467544684878,-2.2450888681010306,1,0,5,0.49999999999999994,-0.8660254037844387,233,0.0,0.0,0.0,0.0,0.0,0.0,1.0152229755581603,0.9891676182478594,1.0142371652590307,0.030417146101959423,1.0128700607798784,0.04548794625585506,0.4,0.5,0.2333333333333334,0.15275252316523855,0.19999999999999984,0.2828427124746452,10.92664857294359,-7.956839773403786,-0.7499074008978651,16.170793082142463,-9.875195286387614,15.772115229599438,-43.84401569653368,-49.55040227165167,-38.64219903928744,11.924943310519891,-49.364274238908365,15.495892101566433,-3.98182425629543,3.588174377339004,-1.7864838676491022,1.9729964088933554,-0.139093441104029,4.3199920425584875,-3.859856081160784,2.477952345326351,-1.7999152131276535,2.4714225694994516,-0.004483636797518065,4.750457559070166,19.94100860101033,-2.9917752912481665,31.747734676572563,21.619150850143217,22.58629136686453,28.766213378619614,35.65168651157429,15.26368552552364,12.805261648256376,22.41910680164181,11.343365595872214,20.341674224845203,0.2597402597402487,-0.8701339773446004,0.2597402597402487,0.0,-0.30545013704407026,0.6191351213741809,11.626777423730594,11.408850265538884,11.516533817622758,0.09758456931499927,12.503303371020662,1.6128621867132806,-6.062428094724959,-2.2372689845332694,15.211785014902077,18.94892594514891,9.341070123896696,14.248308223625612,39.568801345100056,-3.4809562624355084,23.102112932669836,16.602613027567457,-46.871978762387755,146.55485857266402,0.0323014804845222,0.032258064516129,0.0218782712726185,0.018954161692992598,0.027068167894373756,0.024336376498109748,3.2038834951456208,2.6515151515151603,3.239230776881581,0.4026893449917081,2.175896536573037,1.4884204933434289,-0.0769099299265052,0.4222681833850217,0.05181196420793393,0.32409482174276766,0.21387798879725647,0.4783679066227511,1.0,1.0,1.0,0.0,1.0,0.0,0.49999999999999994,-0.8660254037844387,2024,17.273622047244096
2024-06-01,0.0,1.0087739334111003,-0.2,97.21,14.760560583665743,-22.640458379754904,22103.075,29605.0,24083.11388888889,20293.031944444443,1533.3083333333334,2874.2916666666665,6562.0,17193.0,167.74722222222223,4510.549305555555,0.0,-1.3943765437514632,-0.9004485505791027,35.639071324093585,10.82876431355455,0.3670847353930861,10.3905939312265,471.94677274234033,70.41841146899237,1.1811,1.3819742489270317,1.0783055198972935,0.0,1.0466622731889408,0.3,13.93566352302444,20.00286163971956,0.7695923234727564,0.356139319087756,1.8282164154087568,1.4056865937911225,0.3116524483455674,11.15149574510932,32.441834137237805,11.137266071470364,0.064516129032258,1.6528925619834878,0.1199554451203788,0.0,1,0,6,1.2246467991473532e-16,-1.0,234,0.0,0.0,0.0,0.0,0.0,0.0,0.9833390975456971,1.0441494226732344,1.0150747820975994,0.03166184793030771,1.0065032308057764,0.034817929341038396,0.1,0.2,0.2666666666666668,0.15275252316523877,0.19999999999999982,0.2828427124746452,6.030771754028557,-19.20714252966576,10.297694616665533,3.9898014711543275,-4.194313623183622,17.38710244192173,-25.00000000000001,-47.08258142132853,-16.280384685604748,32.80441593476292,-34.22582865177804,28.902229129089275,-1.2161420937526035,-0.1614852528992738,-1.476124675525092,2.3863535123159894,-1.0224741952245362,3.1907329773478925,-2.480328429695522,0.940438871473348,-1.9946817305895177,2.14954503116207,-1.244202346063983,2.9298286201547032,56.69942042302621,18.60277500568108,26.156215146481788,27.9586096151712,24.931076946805742,25.777818090332666,11.924677115140604,-9.160578681945776,16.32735007350201,17.54237083394862,6.638689720426673,18.44090182909096,0.2597402597402487,0.2597402597402487,0.27704432260868944,0.029971516031154798,-0.10835909364142841,0.5907048785180812,11.48159889125524,11.441225137882435,11.419957353365051,0.24356298274887947,11.84523255509781,1.0481642606559955,21.419705764246345,30.278077375184864,15.933037268919724,19.829831085769303,14.45129981725322,16.33932166760495,6.3668343060474974,23.37070314686196,19.02430057420597,17.951229449575013,12.333117937545586,16.641648322067148,0.0333333333333333,0.0,0.0433836476167045,0.018308536483275527,0.037820856066416754,0.024237319851683543,2.855380276725117,3.6584285587740073,2.570718777951408,0.8137366560200506,2.4702110219507003,1.0575219518015646,-0.1881467544684878,0.4204925770187939,-0.04836707975820442,0.15602167179484627,0.2787084234948501,0.42298591403736835,1.0,1.0,1.0,0.0,1.0,0.0,1.2246467991473532e-16,-1.0,2024,17.273622047244096
2024-07-01,0.0,1.0129526288804822,-0.1,97.54,0.3388963448928977,-9.205994601135624,22822.988575268817,30261.0,24540.84072580645,20892.037634408603,1199.331989247312,2487.0530913978496,6562.419354838709,17193.0,127.02284946236558,4706.534274193548,0.0,4.516303898065299,3.336292856167189,-33.11743797849391,26.49360992333276,0.373498850393239,9.72501563965884,254.4026100652516,190.54102940456565,1.186,1.7938374388464462,0.4148674964016496,0.0,1.0087739334111003,-0.2,14.760560583665743,-22.640458379754904,-1.3943765437514632,-0.9004485505791027,35.639071324093585,10.82876431355455,0.3670847353930861,10.3905939312265,471.94677274234033,70.41841146899237,0.0,1.3819742489270317,1.0783055198972935,-1.0698819733378606,1,0,7,-0.4999999999999997,-0.8660254037844388,235,0.0,0.0,0.0,0.0,0.0,0.0,1.0466622731889408,1.0152229755581603,1.012925101381913,0.03186503240273006,1.0145525534374988,0.026681549616158446,0.3,0.4,0.06666666666666672,0.25166114784238425,0.21666666666666648,0.2483277404292189,13.93566352302444,10.92664857294359,11.57566528690625,4.819698850382408,3.081610355098802,13.733800731097112,20.00286163971956,-43.84401569653368,-9.21253224667849,25.328764066125714,-28.019099354924872,26.15949085297156,0.7695923234727564,-3.98182425629543,-0.613642104677103,1.2012264533408954,-0.3993435743145021,2.522487082121551,0.356139319087756,-3.859856081160784,-1.008212553728957,1.421301211127675,-0.5776837542579922,2.324242795852227,1.8282164154087568,19.94100860101033,31.388902720842868,27.68140544080871,21.619786079661967,22.074768116387002,1.4056865937911225,35.65168651157429,8.053042674162098,5.782798921064506,10.985653562939737,15.001783621790354,0.3116524483455674,0.2597402597402487,0.3128258144929686,0.05368185636064667,0.09797066426913321,0.47619682722302387,11.15149574510932,11.626777423730594,11.00789618919702,0.5594985064386644,11.250090232457163,0.4484822317156091,32.441834137237805,-6.062428094724959,175.2694375479415,256.9892074426569,91.29778215662519,187.1853856022228,11.137266071470364,39.568801345100056,29.307503948836743,35.68289916270019,24.563510012672797,26.933728540854137,0.064516129032258,0.0323014804845222,0.0326164874551971,0.03226403767876065,0.027068167894373756,0.024336376498109748,1.6528925619834878,3.2038834951456208,1.9634156958785447,0.7842511034106189,2.5673457155117374,0.8862302863209575,0.1199554451203788,-0.0769099299265052,0.33670473684972846,0.6604623625994391,0.29599417350441587,0.4577981133925898,1.0,1.0,1.0,0.0,1.0,0.0,-0.4999999999999997,-0.8660254037844388,2024,6.663400293973543
2024-08-01,0.0,1.002706750180478,0.3,103.01,5.456352061369538,-6.4311018257789065,21699.211693548383,29061.0,24092.852822580644,20107.23252688172,2081.0961021505377,2317.1875,6597.258064516129,17091.29435483871,205.42809139784947,2624.8024193548385,0.032258064516129,-2.560810945998959,-2.430753735101565,44.46561404409073,22.124016988395656,0.9063637888670596,8.286145914676869,576.1867893642437,35.67198117539823,1.1741,0.8417074637121047,-1.0033726812816224,0.0,1.0129526288804822,-0.1,0.3388963448928977,-9.205994601135624,4.516303898065299,3.336292856167189,-33.11743797849391,26.49360992333276,0.373498850393239,9.72501563965884,254.4026100652516,190.54102940456565,0.0,1.7938374388464462,0.4148674964016496,-1.6139935778266112,1,0,8,-0.8660254037844384,-0.5000000000000004,236,0.0,0.0,0.0,0.0,0.0,0.0,1.0087739334111003,0.9833390975456971,1.0227962784935078,0.02077389349779287,1.0185167218762692,0.023763006902064857,-0.2,0.1,5.551115123125783e-17,0.26457513110648345,0.11666666666666649,0.2316606713852858,14.760560583665743,6.030771754028557,9.678373483861032,8.098733772149016,4.464233041481583,12.785082233230707,-22.640458379754904,-25.00000000000001,-3.9478637803903607,21.80250307572249,-21.295031409838863,24.66030078988453,-1.3943765437514632,-1.2161420937526035,1.2971732259288646,2.9904501379886197,-0.24465532086011965,2.8261077587652177,-0.9004485505791027,-2.480328429695522,0.9306612082252799,2.176017230568997,-0.4346270024511858,2.563982542795569,35.639071324093585,56.69942042302621,1.449949920336164,34.37981540126659,16.598842298454343,30.5799032788388,10.82876431355455,11.924677115140604,12.909353610226148,12.672711356026605,12.857307629241257,16.28768969814092,0.3670847353930861,0.2597402597402487,0.35074534471063207,0.03400700112344729,0.3052428022254398,0.054287826413132706,10.3905939312265,11.48159889125524,10.422368438664888,0.7137706816369925,10.969451128143822,0.7528319181727395,471.94677274234033,21.419705764246345,252.93040564827655,219.75616784052443,134.0710953315893,190.82394194157413,70.41841146899237,6.3668343060474974,90.69890231500945,91.4051492326119,56.900507623839665,69.44794458206083,0.0,0.0333333333333333,0.021505376344086002,0.03724840446384672,0.021691823808352256,0.026433374121040434,1.3819742489270317,2.855380276725117,1.6095680832523211,0.20932171326806212,2.4243994300669516,0.9376192531022844,1.0783055198972935,-0.1881467544684878,0.5377094871397743,0.49084247215638915,0.29476072567385386,0.4573996449699258,1.0,1.0,1.0,0.0,1.0,0.0,-0.8660254037844384,-0.5000000000000004,2024,6.663400293973543
2024-09-01,0.0,0.9683067452605846,0.0,100.69,-2.2779580968078568,-19.92206139653253,24307.61388888889,33990.0,26160.397222222226,22253.03055555556,1573.2291666666667,1617.15625,6622.0,16795.4,130.91944444444445,3700.476388888889,0.0,2.112371450316619,6.715644720730896,-2.291488756048954,-5.274352741330834,1.2847965738758127,5.698306628883043,55.41962077493818,149.09853645401898,1.1903,2.5678586816027416,1.379780257218299,0.0,1.002706750180478,0.3,5.456352061369538,-6.4311018257789065,-2.560810945998959,-2.430753735101565,44.46561404409073,22.124016988395656,0.9063637888670596,8.286145914676869,576.1867893642437,35.67198117539823,0.032258064516129,0.8417074637121047,-1.0033726812816224,1.3802743076788635,1,0,9,-1.0,-1.8369701987210297e-16,237,0.0,0.0,0.0,0.0,0.0,0.0,1.0129526288804822,1.0466622731889408,1.008144437490687,0.0051518643633630705,1.0116096097941432,0.020640121880079076,-0.1,0.3,5.551115123125783e-17,0.26457513110648345,0.13333333333333316,0.24221202832782973,0.3388963448928977,13.93566352302444,6.851936329976065,7.311418565645342,8.574815473320799,5.59572318289602,-9.205994601135624,20.00286163971956,-12.759184935556513,8.66917995764046,-14.519784810580594,21.546076410512097,4.516303898065299,0.7695923234727564,0.18703880277162602,3.7943437512543285,-0.6445429363767338,2.9776710466457215,3.336292856167189,0.356139319087756,0.001696856828839503,2.987491648280626,-0.9964924368803381,2.5717539375116845,-33.11743797849391,1.8282164154087568,15.662415796563488,42.47449310861714,20.909315471522618,32.67020835589983,26.49360992333276,1.4056865937911225,19.815463741760993,8.08355803862445,18.071406907631495,12.364528098879001,0.373498850393239,0.3116524483455674,0.5489824582177961,0.30951792652161625,0.4130133904132416,0.24670824940469033,9.72501563965884,11.15149574510932,9.467251828520736,1.0756425981704048,10.443604590942895,1.2768906102977915,254.4026100652516,32.441834137237805,434.1787240572785,164.18307963334516,225.05588066309915,251.83041653190264,190.54102940456565,11.137266071470364,98.8771406829854,81.26210664392588,58.9507206285957,68.43430037646847,0.0,0.064516129032258,0.010752688172043,0.018624202231923254,0.027068167894373756,0.024336376498109748,1.7938374388464462,1.6528925619834878,1.3391730504951935,0.4775058421920747,1.954945914223301,0.900601539814285,0.4148674964016496,0.1199554451203788,0.16326677833910722,1.0634017229217982,0.05744984929045116,0.6895673002115356,1.0,1.0,1.0,0.0,1.0,0.0,-1.0,-1.8369701987210297e-16,2024,6.663400293973543
2024-10-01,0.0,0.9645296893069814,0.1,104.6,3.8097061703298976,-20.727548313755207,26694.76979865772,37431.0,28216.844295302013,24639.185906040268,1844.1979865771807,1122.7657718120806,6622.0,17194.0644295302,148.16711409395973,3373.9825503355705,0.0,4.600650600826683,0.0400898011545969,-4.606188149574841,6.879246941690886,1.8378072645303112,7.825538423646439,-23.17337138084633,69.3212980583015,1.1972,3.896554716653644,0.5796857934974531,0.0,0.9683067452605846,0.0,-2.2779580968078568,-19.92206139653253,2.112371450316619,6.715644720730896,-2.291488756048954,-5.274352741330834,1.2847965738758127,5.698306628883043,55.41962077493818,149.09853645401898,0.0,2.5678586816027416,1.379780257218299,0.2610284521012973,1,0,10,-0.8660254037844386,0.5000000000000001,238,0.0,0.0,0.0,0.0,0.0,0.0,1.002706750180478,1.0087739334111003,0.9946553747738484,0.02338658195426443,1.0037902380778807,0.026926935869375262,0.3,-0.2,0.06666666666666672,0.2081665999466446,0.0666666666666665,0.20655911179776432,5.456352061369538,14.760560583665743,1.1724301031515314,3.9339512325829387,6.374047695028891,6.924621174478694,-6.4311018257789065,-22.640458379754904,-11.853052607815727,7.124372576092681,-10.532792427247069,16.703679050484663,-2.560810945998959,-1.3943765437514632,1.3559548007943203,3.5986821532020064,0.3711563480586077,2.6308129701301386,-2.430753735101565,-0.9004485505791027,2.5403946139321723,4.624850450253296,0.7660910301016086,3.625123360259247,44.46561404409073,35.639071324093585,3.018895769849309,39.06318763419646,17.203899245346072,34.03431095892756,22.124016988395656,10.82876431355455,14.447758056799197,17.219017868461815,11.250400365480639,12.010072911400496,0.9063637888670596,0.3670847353930861,0.8548864043787049,0.457824558143638,0.5838561094358355,0.4161044724934572,8.286145914676869,10.3905939312265,7.903156061072917,2.0404919220609155,9.455526125134968,2.163904278023984,576.1867893642437,471.94677274234033,295.33634006814447,262.7856325202975,235.302888808043,241.58790301808963,35.67198117539823,70.41841146899237,125.10384901132761,80.17427451468821,77.2056764800822,76.37771502765418,0.032258064516129,0.0,0.010752688172043,0.018624202231923254,0.021684587813620055,0.026429894630381003,0.8417074637121047,1.3819742489270317,1.734467861387097,0.8646057291054353,1.8489417786328213,0.7488406220795212,-1.0033726812816224,1.0783055198972935,0.2637583574461091,1.1987409899461614,0.30023154714791855,0.866529024116007,1.0,1.0,1.0,0.0,1.0,0.0,-0.8660254037844386,0.5000000000000001,2024,-15.590947191953052
2024-11-01,0.0,0.9433422719300718,0.1,119.15,13.02396519139287,10.4570316121257,30581.46111111111,43603.0,32492.715277777777,28044.700694444444,1755.8319444444444,537.9013888888888,6622.0,17194.066666666666,174.0701388888889,3380.6,0.0,3.0189897564923074,-0.1625681183312743,-7.105051029068454,-16.129276759591914,2.065351418002459,7.772763361330481,-15.87032549522396,3.109686252448496,1.1998,4.403063000348073,0.2171734046107598,0.0,0.9645296893069814,0.1,3.8097061703298976,-20.727548313755207,4.600650600826683,0.0400898011545969,-4.606188149574841,6.879246941690886,1.8378072645303112,7.825538423646439,-23.17337138084633,69.3212980583015,0.0,3.896554716653644,0.5796857934974531,-0.1129943502824915,1,1,11,-0.5000000000000004,0.8660254037844384,239,0.0,0.0,0.0,0.0,0.0,0.0,0.9683067452605846,1.0129526288804822,0.9785143949160148,0.021036137427054975,1.0006553367047613,0.030625072334860462,0.0,-0.1,0.1333333333333334,0.15275252316523785,0.06666666666666649,0.20655911179776432,-2.2779580968078568,0.3388963448928977,2.329366711630531,4.074118566077829,6.003870097745781,7.005536559217108,-19.92206139653253,-9.205994601135624,-15.693570512022253,8.031637250037523,-9.820717146206269,16.041540540142368,2.112371450316619,4.516303898065299,1.3840703683814481,3.6358561194203753,1.3406217971551555,2.977778036318181,6.715644720730896,3.336292856167189,1.4416602622613082,4.731537910267516,1.186160735243295,3.305652250854666,-2.291488756048954,-33.11743797849391,12.522645712822332,27.687621379957978,6.98629781657923,28.56942091670591,-5.274352741330834,26.49360992333276,7.909637062918574,13.728217066065138,10.409495336572354,12.129458868384024,1.2847965738758127,0.373498850393239,1.3429892090910622,0.46844052363332844,0.846867276900846,0.6193557669411586,5.698306628883043,9.72501563965884,7.269996989068783,1.3804701210386574,8.846182713866837,1.9867813829661674,55.41962077493818,254.4026100652516,202.81101291944518,325.73197176638485,227.87070928386086,250.02244369688077,149.09853645401898,190.54102940456565,84.69727189590624,58.25556873968987,87.69808710545787,68.63126771724217,0.0,0.0,0.010752688172043,0.018624202231923254,0.016129032258064505,0.026989033114002386,2.5678586816027416,1.7938374388464462,2.4353736206561627,1.531726853336282,2.0224708519542425,1.0773056803120895,1.379780257218299,0.4148674964016496,0.3186977898113769,1.212823373629162,0.4282036384755754,0.8361438777552115,1.0,1.0,1.0,0.0,1.0,0.0,-0.5000000000000004,0.8660254037844384,2024,-15.413691726165467
2024-12-01,0.0,0.9818665747938242,0.4,118.32,-0.699038514220682,46.43564356435643,31282.99583333333,41892.0,33393.29583333333,28733.625,2601.458333333333,375.1125,6622.0,17194.0,242.57083333333333,3068.8708333333334,0.0,5.905806255598423,-4.543590211001225,-6.37766300292768,34.521507345852775,2.065351418002459,8.857233301677736,-21.56191461342212,85.80743892212087,1.2079,4.093416063426392,0.6751125187531182,0.0,0.9433422719300718,0.1,13.02396519139287,10.4570316121257,3.0189897564923074,-0.1625681183312743,-7.105051029068454,-16.129276759591914,2.065351418002459,7.772763361330481,-15.87032549522396,3.109686252448496,0.0,4.403063000348073,0.2171734046107598,0.7991660875608098,1,1,12,-2.4492935982947064e-16,1.0,240,0.0,0.0,0.0,0.0,0.0,0.0,0.9645296893069814,1.002706750180478,0.9587262354992127,0.013456087441782017,0.9834353364949497,0.028560301200898412,0.1,0.3,0.06666666666666675,0.05773502691907561,0.033333333333333166,0.17511900715422427,3.8097061703298976,5.456352061369538,4.8519044216383085,7.704014990624666,5.851920375807186,6.806137939936396,-20.727548313755207,-6.4311018257789065,-10.064192699387384,17.776464432671567,-11.41168881747191,12.595310337250524,4.600650600826683,-2.560810945998959,3.244003935878537,1.2593080712873546,1.7155213693250808,3.032601404066522,0.0400898011545969,-2.430753735101565,2.197722134518072,3.9139476145372054,1.0997094956734565,3.338322185953637,-4.606188149574841,44.46561404409073,-4.667575978230729,2.407368228623346,5.497419909166363,29.119473970486172,6.879246941690886,22.124016988395656,-4.841460853077283,11.510368685154285,7.487001444341847,16.17164735822496,1.8378072645303112,0.9063637888670596,1.729318418802862,0.40142725169805243,1.139150438510328,0.7216203766890817,7.825538423646439,8.286145914676869,7.098869471286655,1.21321000123565,8.283060649903694,1.6535793600159279,-23.17337138084633,576.1867893642437,5.45864129962263,43.4212876640196,219.8186826784506,258.2186467938281,69.3212980583015,35.67198117539823,73.84317358825632,73.09939544569197,86.3601571356209,70.47574397510797,0.0,0.032258064516129,0.0,0.0,0.005376344086021507,0.013169299692382608,3.896554716653644,0.8417074637121047,3.622492132868152,0.9478008481525039,2.4808325916816734,1.4193657458220121,0.5796857934974531,-1.0033726812816224,0.7255464851088376,0.594869884470968,0.44440663172397216,0.829894512633342,1.0,1.0,1.0,0.0,1.0,0.0,-2.4492935982947064e-16,1.0,2024,-15.413691726165467
2025-01-01,0.0,1.071571527520598,0.0,128.49,8.245826189284504,72.19244170463683,31282.99583333333,41892.0,33393.29583333333,28733.625,2601.458333333333,375.1125,6622.0,17194.0,242.57083333333333,3068.8708333333334,0.0,5.905806255598423,-4.543590211001225,-6.37766300292768,34.521507345852775,2.065351418002459,8.857233301677736,-21.56191461342212,85.80743892212087,1.1921,2.299836951857892,-1.3080553025912822,0.0,0.9818665747938242,0.4,-0.699038514220682,46.43564356435643,5.905806255598423,-4.543590211001225,-6.37766300292768,34.521507345852775,2.065351418002459,8.857233301677736,-21.56191461342212,85.80743892212087,0.0,4.093416063426392,0.6751125187531182,2.6515151515151603,1,1,1,0.49999999999999994,0.8660254037844387,241,0.0,0.0,0.0,0.0,0.0,0.0,0.9433422719300718,0.9683067452605846,0.9632461786769593,0.01929419672950417,0.9789507767254036,0.025761222350914124,0.1,0.0,0.2000000000000001,0.17320508075692626,0.13333333333333316,0.18618986725029207,13.02396519139287,-2.2779580968078568,5.378210949167367,6.994666761683485,3.2753205261594487,5.573787932846746,10.4570316121257,-19.92206139653253,12.055042287575603,33.610099886836935,0.10099483987997715,25.370007884522032,3.0189897564923074,2.112371450316619,4.508482204305805,1.44561358421461,2.9322185025500622,2.9996088843086457,-0.1625681183312743,6.715644720730896,-1.555356176059302,2.589869599762019,0.4925192189364361,4.0337598902892875,-7.105051029068454,-2.291488756048954,-6.029634060523637,1.2852711897442166,-1.5053691453371816,25.211040987979796,-16.129276759591914,-5.274352741330834,8.423825842650587,25.360693515949446,11.435791949724885,19.665962183052592,2.065351418002459,1.2847965738758127,1.9895033668450777,0.13137267825210863,1.42219488561189,0.6906167809337656,7.772763361330481,5.698306628883043,8.151845028884885,0.6114538101963428,8.027500544978901,1.3540853295224433,-15.87032549522396,55.41962077493818,-20.20187049649747,3.836783783568005,137.5672347858235,239.78680640406128,3.109686252448496,149.09853645401898,52.74614107762361,43.76964068683183,88.92499504447562,70.0583304479299,0.0,0.0,0.0,0.0,0.005376344086021507,0.013169299692382608,4.403063000348073,2.5678586816027416,4.131011260142702,0.2553384214620216,2.9327395607648996,1.431126265968956,0.2171734046107598,1.379780257218299,0.49065723895377733,0.24160219516482295,0.37720779819994305,0.7833170261158956,1.0,1.0,1.0,0.0,1.0,0.0,0.49999999999999994,0.8660254037844387,2025,-12.992943129929436
2025-02-01,0.0,0.9429941584536452,0.2,105.0,-20.1890730137866,70.50990581357584,31282.99583333333,41892.0,33393.29583333333,28733.625,2601.458333333333,375.1125,6622.0,17194.0,242.57083333333333,3068.8708333333334,0.0,5.905806255598423,-4.543590211001225,-6.37766300292768,34.521507345852775,2.065351418002459,8.857233301677736,-21.56191461342212,85.80743892212087,1.2039,2.879849598359252,0.9898498448116744,0.0,1.071571527520598,0.0,8.245826189284504,72.19244170463683,5.905806255598423,-4.543590211001225,-6.37766300292768,34.521507345852775,2.065351418002459,8.857233301677736,-21.56191461342212,85.80743892212087,0.0,2.299836951857892,-1.3080553025912822,3.6584285587740073,1,1,2,0.8660254037844386,0.5000000000000001,242,0.0,0.0,0.0,0.0,0.0,0.0,0.9818665747938242,0.9645296893069814,0.9989267914148314,0.06579493704451134,0.9887205931654229,0.045095420018724255,0.4,0.1,0.16666666666666674,0.2081665999466452,0.14999999999999983,0.1643167672515947,-0.699038514220682,3.8097061703298976,6.856917622152236,6.96613292522924,4.593142166891383,5.674486336504534,46.43564356435643,-20.727548313755207,43.028372293706276,31.008423661264764,13.667400890842053,38.01173218906215,5.905806255598423,4.600650600826683,4.943534089229718,1.6667042828599896,3.1638022288055825,3.193724432236224,-4.543590211001225,0.0400898011545969,-3.083249513444576,2.5293842845286787,-0.820794625591633,4.201968215673628,-6.37766300292768,-4.606188149574841,-6.620125678307917,0.4199576726924162,2.9512600172571894,20.411908431369863,34.521507345852775,6.879246941690886,17.637912644037883,29.243243837941613,12.773774853478221,21.11502558201889,2.065351418002459,1.8378072645303112,2.065351418002459,0.0,1.7041703135467603,0.49428408626125964,8.857233301677736,7.825538423646439,8.495743321561983,0.6261190109160347,7.882870155315384,1.1703953734808183,-21.56191461342212,-23.17337138084633,-19.6647182406894,3.286040509506619,91.5731473393779,239.36056793839234,85.80743892212087,69.3212980583015,58.241521365563415,47.745569765214555,71.46939663073483,49.79269333340183,0.0,0.0,0.0,0.0,0.005376344086021507,0.013169299692382608,4.093416063426392,3.896554716653644,3.5987720052107846,1.1355150862087873,3.017072812933474,1.363921334260463,0.6751125187531182,0.5796857934974531,-0.1385897930758011,1.0383468791907096,0.09005399836778767,1.0403727653573789,1.0,1.0,1.0,0.0,1.0,0.0,0.8660254037844386,0.5000000000000001,2025,-12.992943129929436
2025-03-01,0.0,0.9556184927722712,0.3,99.42,-5.460704949099685,44.73722521473287,31282.99583333333,41892.0,33393.29583333333,28733.625,2601.458333333333,375.1125,6622.0,17194.0,242.57083333333333,3068.8708333333334,0.0,5.905806255598423,-4.543590211001225,-6.37766300292768,34.521507345852775,2.065351418002459,8.857233301677736,-21.56191461342212,85.80743892212087,1.1941,2.1209270503720123,-0.8140210980978502,0.0,0.9429941584536452,0.2,-20.1890730137866,70.50990581357584,5.905806255598423,-4.543590211001225,-6.37766300292768,34.521507345852775,2.065351418002459,8.857233301677736,-21.56191461342212,85.80743892212087,0.0,2.879849598359252,0.9898498448116744,3.2038834951456208,1,1,3,1.0,6.123233995736766e-17,243,0.0,0.0,0.0,0.0,0.0,0.0,1.071571527520598,0.9433422719300718,0.998810753589356,0.0659421250441277,0.9787684945442843,0.04789365965331379,0.0,0.1,0.2000000000000001,0.20000000000003337,0.1333333333333332,0.1505545305418651,8.245826189284504,13.02396519139287,-4.214095112907588,14.539690173493529,0.3189046543653606,11.530805661136393,72.19244170463683,10.4570316121257,63.04599702752299,14.409566731330933,26.490902164067847,42.57916477593082,5.905806255598423,3.0189897564923074,5.905806255598423,0.0,4.57490509573848,1.661294737288833,-4.543590211001225,-0.1625681183312743,-4.543590211001225,0.0,-1.1729340382415765,4.445355105465919,-6.37766300292768,-7.105051029068454,-6.37766300292768,0.0,-5.522619490579211,1.7875927961607592,34.521507345852775,-16.129276759591914,34.521507345852775,0.0,14.840023246387743,22.75584352511525,2.065351418002459,2.065351418002459,2.065351418002459,0.0,1.8973349184026598,0.3135809119302979,8.857233301677736,7.772763361330481,8.857233301677736,0.0,7.978051386482195,1.2313831291380286,-21.56191461342212,-15.87032549522396,-21.56191461342212,0.0,-8.051636656899744,31.196096254428422,85.80743892212087,3.109686252448496,85.80743892212087,0.0,79.82530625518861,46.69423668189977,0.0,0.0,0.0,0.0,0.0,0.0,2.299836951857892,4.403063000348073,3.0910342045478445,0.9152489884079762,3.356763168707999,0.8826874431464345,-1.3080553025912822,0.2171734046107598,0.11896902032450374,1.2458184898886964,0.42225775271667043,0.9342132636153665,1.0,1.0,1.0,0.0,1.0,0.0,1.0,6.123233995736766e-17,2025,-12.992943129929436
2025-04-01,0.0,1.0224243628527483,-0.2,78.66,-23.42185336628632,7.8125,31282.99583333333,41892.0,33393.29583333333,28733.625,2601.458333333333,375.1125,6622.0,17194.0,242.57083333333333,3068.8708333333334,0.0,5.905806255598423,-4.543590211001225,-6.37766300292768,34.521507345852775,2.065351418002459,8.857233301677736,-21.56191461342212,85.80743892212087,1.1709,0.3255933510410536,-1.942885855455978,0.0,0.9556184927722712,0.3,-5.460704949099685,44.73722521473287,5.905806255598423,-4.543590211001225,-6.37766300292768,34.521507345852775,2.065351418002459,8.857233301677736,-21.56191461342212,85.80743892212087,0.0,2.1209270503720123,-0.8140210980978502,2.855380276725117,1,0,4,0.8660254037844387,-0.4999999999999998,244,0.0,0.0,0.0,0.0,0.0,0.0,0.9429941584536452,0.9818665747938242,0.9900613929155049,0.07087150334762003,0.976653785796232,0.048720951551405434,0.2,0.4,0.16666666666666674,0.15275252316523813,0.1833333333333332,0.14719601443884772,-20.1890730137866,-0.699038514220682,-5.801317257867255,14.22050933443904,-0.21155315434994426,11.745375890737149,70.50990581357584,46.43564356435643,62.47985757764847,15.388582914952483,37.267449932612074,36.18532186570856,5.905806255598423,5.905806255598423,5.905806255598423,0.0,5.207144229952114,1.1923396350212023,-4.543590211001225,-4.543590211001225,-4.543590211001225,0.0,-3.0494731935302632,2.3155631305978788,-6.37766300292768,-6.37766300292768,-6.37766300292768,0.0,-6.203648531725666,0.8349287729505284,34.521507345852775,34.521507345852775,34.521507345852775,0.0,21.472666594251677,21.48470628610052,2.065351418002459,2.065351418002459,2.065351418002459,0.0,2.027427392423768,0.09289451165239518,8.857233301677736,8.857233301677736,8.857233301677736,0.0,8.50453916528131,0.5466462195035615,-21.56191461342212,-21.56191461342212,-21.56191461342212,0.0,-20.881892554959794,2.538361660734423,85.80743892212087,85.80743892212087,85.80743892212087,0.0,69.27678999987225,33.07910825418046,0.0,0.0,0.0,0.0,0.0,0.0,2.879849598359252,4.093416063426392,2.4335378668630514,0.39673392779747124,3.2822745635028774,0.9764542917329485,0.9898498448116744,0.6751125187531182,-0.37740885195915236,1.2095721172067198,0.05662419349731226,0.9135842339000912,1.0,1.0,1.0,0.0,1.0,0.0,0.8660254037844387,-0.4999999999999998,2025,-21.06588334032733
2025-05-01,0.0,0.9330022641050272,-0.1,81.55,3.608156206335941,-2.7661857636818943,31282.99583333333,41892.0,33393.29583333333,28733.625,2601.458333333333,375.1125,6622.0,17194.0,242.57083333333333,3068.8708333333334,0.0,5.905806255598423,-4.543590211001225,-6.37766300292768,34.521507345852775,2.065351418002459,8.857233301677736,-21.56191461342212,85.80743892212087,1.1852,1.4291827128797507,1.2212827739345844,0.0,1.0224243628527483,-0.2,-23.42185336628632,7.8125,5.905806255598423,-4.543590211001225,-6.37766300292768,34.521507345852775,2.065351418002459,8.857233301677736,-21.56191461342212,85.80743892212087,0.0,0.3255933510410536,-1.942885855455978,1.6528925619834878,1,0,5,0.49999999999999994,-0.8660254037844387,245,0.0,0.0,0.0,0.0,0.0,0.0,0.9556184927722712,1.071571527520598,0.9736790046928884,0.04268402407044293,0.9863028980538598,0.05149364116979096,0.3,0.0,0.10000000000000007,0.2645751311064839,0.1333333333333332,0.21602468994696275,-5.460704949099685,8.245826189284504,-16.35721044305753,9.574084352394662,-4.750146410452647,14.756177086084252,44.73722521473287,72.19244170463683,41.01987700943619,31.51357139706043,42.02412465157128,27.98323112247492,5.905806255598423,5.905806255598423,5.905806255598423,0.0,5.4246701724140705,1.1785379006429242,-4.543590211001225,-4.543590211001225,-4.543590211001225,0.0,-3.8134198622229003,1.7885447798169358,-6.37766300292768,-6.37766300292768,-6.37766300292768,0.0,-6.498894340617806,0.2969549181742761,34.521507345852775,34.521507345852775,34.521507345852775,0.0,26.07970999494533,20.678096021779538,2.065351418002459,2.065351418002459,2.065351418002459,0.0,2.065351418002459,0.0,8.857233301677736,8.857233301677736,8.857233301677736,0.0,8.67648831161986,0.44273299846219477,-21.56191461342212,-21.56191461342212,-21.56191461342212,0.0,-20.61331642705576,2.323581527515732,85.80743892212087,85.80743892212087,85.80743892212087,0.0,72.02448014384215,33.76121615261723,0.0,0.0,0.0,0.0,0.0,0.0,2.1209270503720123,2.299836951857892,1.775456666590772,1.3117044574877799,2.6871143359007785,1.48368759687961,-0.8140210980978502,-1.3080553025912822,-0.5890190362473843,1.479257961879471,-0.3638044146615929,1.169364483236426,1.0,1.0,1.0,0.0,1.0,0.0,0.49999999999999994,-0.8660254037844387,2025,-21.06588334032733
2025-06-01,0.0,0.9739805291129576,0.4,87.54,7.087950269572647,-9.947536261701462,31282.99583333333,41892.0,33393.29583333333,28733.625,2601.458333333333,375.1125,6622.0,17194.0,242.57083333333333,3068.8708333333334,0.0,5.905806255598423,-4.543590211001225,-6.37766300292768,34.521507345852775,2.065351418002459,8.857233301677736,-21.56191461342212,85.80743892212087,1.1768,-0.3640673948014483,-0.7087411407357358,0.0,0.9330022641050272,-0.1,3.608156206335941,-2.7661857636818943,5.905806255598423,-4.543590211001225,-6.37766300292768,34.521507345852775,2.065351418002459,8.857233301677736,-21.56191461342212,85.80743892212087,0.0,1.4291827128797507,1.2212827739345844,1.3819742489270317,1,0,6,1.2246467991473532e-16,-1.0,246,0.0,0.0,0.0,0.0,0.0,0.0,1.0224243628527483,0.9429941584536452,0.970348373243349,0.04649521448633433,0.9845795634163523,0.05335822016030617,-0.2,0.2,6.47630097698008e-17,0.2645751311064835,0.09999999999999983,0.23664319132401565,-23.42185336628632,-20.1890730137866,-8.424800703016682,13.756625752807473,-6.319447907962135,12.86770956493681,7.8125,70.50990581357584,16.594513150350284,24.939653764151284,39.82025508893668,31.291706307289573,5.905806255598423,5.905806255598423,5.905806255598423,0.0,5.905806255598423,0.0,-4.543590211001225,-4.543590211001225,-4.543590211001225,0.0,-4.543590211001225,0.0,-6.37766300292768,-6.37766300292768,-6.37766300292768,0.0,-6.37766300292768,0.0,34.521507345852775,34.521507345852775,34.521507345852775,0.0,34.521507345852775,0.0,2.065351418002459,2.065351418002459,2.065351418002459,0.0,2.065351418002459,0.0,8.857233301677736,8.857233301677736,8.857233301677736,0.0,8.857233301677736,0.0,-21.56191461342212,-21.56191461342212,-21.56191461342212,0.0,-21.56191461342212,0.0,85.80743892212087,85.80743892212087,85.80743892212087,0.0,85.80743892212087,0.0,0.0,0.0,0.0,0.0,0.0,0.0,0.3255933510410536,2.879849598359252,1.291901038097605,0.905505641429924,2.1914676213227247,1.2783241045069673,-1.942885855455978,0.9898498448116744,-0.5118747265397476,1.6035772825745316,-0.19645285310762217,1.3299619070719224,1.0,1.0,1.0,0.0,1.0,0.0,1.2246467991473532e-16,-1.0,2025,-21.06588334032733
2025-07-01,0.0,0.9361731111152832,-0.1,92.81,5.845856084455205,-4.8492925979085495,31282.99583333333,41892.0,33393.29583333333,28733.625,2601.458333333333,375.1125,6622.0,17194.0,242.57083333333333,3068.8708333333334,0.0,5.905806255598423,-4.543590211001225,-6.37766300292768,34.521507345852775,2.065351418002459,8.857233301677736,-21.56191461342212,85.80743892212087,1.1559,-2.537942664418213,-1.776002719238623,0.0,0.9739805291129576,0.4,7.087950269572647,-9.947536261701462,5.905806255598423,-4.543590211001225,-6.37766300292768,34.521507345852775,2.065351418002459,8.857233301677736,-21.56191461342212,85.80743892212087,0.0,-0.3640673948014483,-0.7087411407357358,1.7938374388464462,1,0,7,-0.4999999999999997,-0.8660254037844388,247,0.0,0.0,0.0,0.0,0.0,0.0,0.9330022641050272,0.9556184927722712,0.9764690520235778,0.044762958970767104,0.9832652224695413,0.05353524551457724,-0.1,0.3,0.0333333333333334,0.32145502536645204,0.09999999999999983,0.23664319132401565,3.608156206335941,-5.460704949099685,-4.241915630125905,16.701190087921233,-5.021616443996581,13.899301222164976,-2.7661857636818943,44.73722521473287,-1.6337406751278234,8.934010628669986,30.423058451260363,36.87568380780311,5.905806255598423,5.905806255598423,5.905806255598423,0.0,5.905806255598423,0.0,-4.543590211001225,-4.543590211001225,-4.543590211001225,0.0,-4.543590211001225,0.0,-6.37766300292768,-6.37766300292768,-6.37766300292768,0.0,-6.37766300292768,0.0,34.521507345852775,34.521507345852775,34.521507345852775,0.0,34.521507345852775,0.0,2.065351418002459,2.065351418002459,2.065351418002459,0.0,2.065351418002459,0.0,8.857233301677736,8.857233301677736,8.857233301677736,0.0,8.857233301677736,0.0,-21.56191461342212,-21.56191461342212,-21.56191461342212,0.0,-21.56191461342212,0.0,85.80743892212087,85.80743892212087,85.80743892212087,0.0,85.80743892212087,0.0,0.0,0.0,0.0,0.0,0.0,0.0,1.4291827128797507,2.1209270503720123,0.4635695563731181,0.9045521334355799,1.448553711618085,1.2467868670817877,1.2212827739345844,-0.8140210980978502,-0.47678140741904285,1.5947867466263594,-0.42709512968909785,1.267093627562384,1.0,1.0,1.0,0.0,1.0,0.0,-0.4999999999999997,-0.8660254037844388,2025,-19.47634359209921
2025-08-01,0.0,0.9273706228914924,-0.2,82.31,-12.00617856227488,-20.095136394524804,31282.99583333333,41892.0,33393.29583333333,28733.625,2601.458333333333,375.1125,6622.0,17194.0,242.57083333333333,3068.8708333333334,0.0,5.905806255598423,-4.543590211001225,-6.37766300292768,34.521507345852775,2.065351418002459,8.857233301677736,-21.56191461342212,85.80743892212087,1.155,-1.6267779575845245,-0.077861406696067,0.0,0.9361731111152832,-0.1,5.845856084455205,-4.8492925979085495,5.905806255598423,-4.543590211001225,-6.37766300292768,34.521507345852775,2.065351418002459,8.857233301677736,-21.56191461342212,85.80743892212087,0.0,-2.537942664418213,-1.776002719238623,0.8417074637121047,1,0,8,-0.8660254037844384,-0.5000000000000004,248,0.0,0.0,0.0,0.0,0.0,0.0,0.9739805291129576,1.0224243628527483,0.9477186347777561,0.022798659790540268,0.9606988197353221,0.033747061523588,0.4,-0.2,0.06666666666666675,0.2886751345948355,0.08333333333333316,0.24832774042921849,7.087950269572647,-23.42185336628632,5.51398752012127,1.7634750462173112,-5.421611461468131,13.469000121520684,-9.947536261701462,7.8125,-5.854338207764006,3.694663212293754,17.58276940083613,32.58619190774856,5.905806255598423,5.905806255598423,5.905806255598423,0.0,5.905806255598423,0.0,-4.543590211001225,-4.543590211001225,-4.543590211001225,0.0,-4.543590211001225,0.0,-6.37766300292768,-6.37766300292768,-6.37766300292768,0.0,-6.37766300292768,0.0,34.521507345852775,34.521507345852775,34.521507345852775,0.0,34.521507345852775,0.0,2.065351418002459,2.065351418002459,2.065351418002459,0.0,2.065351418002459,0.0,8.857233301677736,8.857233301677736,8.857233301677736,0.0,8.857233301677736,0.0,-21.56191461342212,-21.56191461342212,-21.56191461342212,0.0,-21.56191461342212,0.0,85.80743892212087,85.80743892212087,85.80743892212087,0.0,85.80743892212087,0.0,0.0,0.0,0.0,0.0,0.0,0.0,-0.3640673948014483,0.3255933510410536,-0.4909424487799708,1.9866036089999777,0.6422571089054009,1.9513673355572667,-0.7087411407357358,-1.942885855455978,-0.42115369534659114,1.5191971517731715,-0.505086365796988,1.3442169740404748,1.0,1.0,1.0,0.0,1.0,0.0,-0.8660254037844384,-0.5000000000000004,2025,-19.47634359209921
2025-09-01,0.0,0.902010143586784,0.1,84.23,2.3058545342719645,-16.347204290396256,31282.99583333333,41892.0,33393.29583333333,28733.625,2601.458333333333,375.1125,6622.0,17194.0,242.57083333333333,3068.8708333333334,0.0,5.905806255598423,-4.543590211001225,-6.37766300292768,34.521507345852775,2.065351418002459,8.857233301677736,-21.56191461342212,85.80743892212087,1.1506,-3.335293623456259,-0.3809523809523818,0.0,0.9273706228914924,-0.2,-12.00617856227488,-20.095136394524804,5.905806255598423,-4.543590211001225,-6.37766300292768,34.521507345852775,2.065351418002459,8.857233301677736,-21.56191461342212,85.80743892212087,0.0,-1.6267779575845245,-0.077861406696067,2.5678586816027416,1,0,9,-1.0,-1.8369701987210297e-16,249,0.0,0.0,0.0,0.0,0.0,0.0,0.9361731111152832,0.9330022641050272,0.9458414210399111,0.024763440837081742,0.9580948971416299,0.035919220492384545,-0.1,-0.1,0.033333333333333416,0.32145502536645204,0.0166666666666665,0.26394443859774963,5.845856084455205,3.608156206335941,0.3092092639176632,10.683505158576276,-4.057795719549509,12.009899785643622,-4.8492925979085495,-2.7661857636818943,-11.630655084711643,7.761031181292362,2.4819290328193593,22.62489802227851,5.905806255598423,5.905806255598423,5.905806255598423,0.0,5.905806255598423,0.0,-4.543590211001225,-4.543590211001225,-4.543590211001225,0.0,-4.543590211001225,0.0,-6.37766300292768,-6.37766300292768,-6.37766300292768,0.0,-6.37766300292768,0.0,34.521507345852775,34.521507345852775,34.521507345852775,0.0,34.521507345852775,0.0,2.065351418002459,2.065351418002459,2.065351418002459,0.0,2.065351418002459,0.0,8.857233301677736,8.857233301677736,8.857233301677736,0.0,8.857233301677736,0.0,-21.56191461342212,-21.56191461342212,-21.56191461342212,0.0,-21.56191461342212,0.0,85.80743892212087,85.80743892212087,85.80743892212087,0.0,85.80743892212087,0.0,0.0,0.0,0.0,0.0,0.0,0.0,-2.537942664418213,1.4291827128797507,-1.509596005601396,1.091664842964903,-0.10884748375189517,1.777409560052757,-1.776002719238623,1.2212827739345844,-0.8542017555568083,0.8583647663953936,-0.6830382410482784,1.1655283813747093,1.0,1.0,1.0,0.0,1.0,0.0,-1.0,-1.8369701987210297e-16,2025,-19.47634359209921
2025-10-01,0.0,0.9028325234436534,-0.1,81.53,-3.25801016524529,-22.055449330783937,31282.99583333333,41892.0,33393.29583333333,28733.625,2601.458333333333,375.1125,6622.0,17194.0,242.57083333333333,3068.8708333333334,0.0,5.905806255598423,-4.543590211001225,-6.37766300292768,34.521507345852775,2.065351418002459,8.857233301677736,-21.56191461342212,85.80743892212087,1.1473,-4.168058803875718,-0.2868068833652093,0.0,0.902010143586784,0.1,2.3058545342719645,-16.347204290396256,5.905806255598423,-4.543590211001225,-6.37766300292768,34.521507345852775,2.065351418002459,8.857233301677736,-21.56191461342212,85.80743892212087,0.0,-3.335293623456259,-0.3809523809523818,3.896554716653644,1,0,10,-0.8660254037844386,0.5000000000000001,250,0.0,0.0,0.0,0.0,0.0,0.0,0.9273706228914924,0.9739805291129576,0.9218512925311866,0.017737653263809237,0.949160172277382,0.04268803850310088,-0.2,0.4,-0.06666666666666658,0.1527525231652364,-0.01666666666666683,0.23166067138528534,-12.00617856227488,7.087950269572647,-1.2848226478492306,9.452169445511908,-2.7633691389875676,12.244697738350485,-20.095136394524804,-9.947536261701462,-13.76387776094324,7.944439579734126,-7.698809218035495,10.065502182009745,5.905806255598423,5.905806255598423,5.905806255598423,0.0,5.905806255598423,0.0,-4.543590211001225,-4.543590211001225,-4.543590211001225,0.0,-4.543590211001225,0.0,-6.37766300292768,-6.37766300292768,-6.37766300292768,0.0,-6.37766300292768,0.0,34.521507345852775,34.521507345852775,34.521507345852775,0.0,34.521507345852775,0.0,2.065351418002459,2.065351418002459,2.065351418002459,0.0,2.065351418002459,0.0,8.857233301677736,8.857233301677736,8.857233301677736,0.0,8.857233301677736,0.0,-21.56191461342212,-21.56191461342212,-21.56191461342212,0.0,-21.56191461342212,0.0,85.80743892212087,85.80743892212087,85.80743892212087,0.0,85.80743892212087,0.0,0.0,0.0,0.0,0.0,0.0,0.0,-1.6267779575845245,-0.3640673948014483,-2.500004748486333,0.8548894134512571,-1.018217596056607,1.8040099741022417,-0.077861406696067,-0.7087411407357358,-0.7449388356290236,0.9056961873233091,-0.6108601215240335,1.1691982989510736,1.0,1.0,1.0,0.0,1.0,0.0,-0.8660254037844386,0.5000000000000001,2025,-6.256206554121146
2025-11-01,0.0,0.8726824720973074,0.2,74.06,-9.609547518935274,-37.84305497272346,31282.99583333333,41892.0,33393.29583333333,28733.625,2601.458333333333,375.1125,6622.0,17194.0,242.57083333333333,3068.8708333333334,0.0,5.905806255598423,-4.543590211001225,-6.37766300292768,34.521507345852775,2.065351418002459,8.857233301677736,-21.56191461342212,85.80743892212087,1.1368,-5.250875145857636,-0.9151921903599702,0.0,0.9028325234436534,-0.1,-3.25801016524529,-22.055449330783937,5.905806255598423,-4.543590211001225,-6.37766300292768,34.521507345852775,2.065351418002459,8.857233301677736,-21.56191461342212,85.80743892212087,0.0,-4.168058803875718,-0.2868068833652093,4.403063000348073,1,1,11,-0.5000000000000004,0.8660254037844384,251,0.0,0.0,0.0,0.0,0.0,0.0,0.902010143586784,0.9361731111152832,0.9107377633073099,0.014410346651511308,0.929228199042533,0.02648113003555734,0.1,-0.1,-0.06666666666666658,0.1527525231652364,-1.6190752442450199e-16,0.21908902300209956,2.3058545342719645,5.845856084455205,-4.319444731082728,7.214814990166448,0.5972713945192706,7.146626951512719,-16.347204290396256,-4.8492925979085495,-19.49926333856837,2.90039891814863,-12.67680077316615,8.04240850755517,5.905806255598423,5.905806255598423,5.905806255598423,0.0,5.905806255598423,0.0,-4.543590211001225,-4.543590211001225,-4.543590211001225,0.0,-4.543590211001225,0.0,-6.37766300292768,-6.37766300292768,-6.37766300292768,0.0,-6.37766300292768,0.0,34.521507345852775,34.521507345852775,34.521507345852775,0.0,34.521507345852775,0.0,2.065351418002459,2.065351418002459,2.065351418002459,0.0,2.065351418002459,0.0,8.857233301677736,8.857233301677736,8.857233301677736,0.0,8.857233301677736,0.0,-21.56191461342212,-21.56191461342212,-21.56191461342212,0.0,-21.56191461342212,0.0,85.80743892212087,85.80743892212087,85.80743892212087,0.0,85.80743892212087,0.0,0.0,0.0,0.0,0.0,0.0,0.0,-3.335293623456259,-2.537942664418213,-3.043376794972168,1.2955457000799266,-1.767159621876069,2.0504851503001102,-0.3809523809523818,-1.776002719238623,-0.24854022367121908,0.15512668243084157,-0.33484695950890536,0.9704371863259529,1.0,1.0,1.0,0.0,1.0,0.0,-0.5000000000000004,0.8660254037844384,2025,-6.256206554121146
2025-12-01,0.0,0.8490649586052731,0.1,65.99,-11.537236009013649,-44.22751859364436,31282.99583333333,41892.0,33393.29583333333,28733.625,2601.458333333333,375.1125,6622.0,17194.0,242.57083333333333,3068.8708333333334,0.0,5.905806255598423,-4.543590211001225,-6.37766300292768,34.521507345852775,2.065351418002459,8.857233301677736,-21.56191461342212,85.80743892212087,1.1429,-5.381240168888146,0.5365939479240023,0.0,0.8726824720973074,0.2,-9.609547518935274,-37.84305497272346,5.905806255598423,-4.543590211001225,-6.37766300292768,34.521507345852775,2.065351418002459,8.857233301677736,-21.56191461342212,85.80743892212087,0.0,-5.250875145857636,-0.9151921903599702,4.093416063426392,1,1,12,-2.4492935982947064e-16,1.0,252,0.0,0.0,0.0,0.0,0.0,0.0,0.9028325234436534,0.9273706228914924,0.8925083797092483,0.017174662635238137,0.9191749003745797,0.03487983378350933,-0.1,-0.2,0.06666666666666675,0.15275252316523732,0.04999999999999984,0.22583179581275664,-3.25801016524529,-12.00617856227488,-3.5205677166361937,5.962038566903076,-1.6056792263592652,8.017071289121601,-22.055449330783937,-20.095136394524804,-25.415236197967925,11.134811403158666,-18.522945641339746,11.432036342353708,5.905806255598423,5.905806255598423,5.905806255598423,0.0,5.905806255598423,0.0,-4.543590211001225,-4.543590211001225,-4.543590211001225,0.0,-4.543590211001225,0.0,-6.37766300292768,-6.37766300292768,-6.37766300292768,0.0,-6.37766300292768,0.0,34.521507345852775,34.521507345852775,34.521507345852775,0.0,34.521507345852775,0.0,2.065351418002459,2.065351418002459,2.065351418002459,0.0,2.065351418002459,0.0,8.857233301677736,8.857233301677736,8.857233301677736,0.0,8.857233301677736,0.0,-21.56191461342212,-21.56191461342212,-21.56191461342212,0.0,-21.56191461342212,0.0,85.80743892212087,85.80743892212087,85.80743892212087,0.0,85.80743892212087,0.0,0.0,0.0,0.0,0.0,0.0,0.0,-4.168058803875718,-1.6267779575845245,-4.251409191063205,0.960506953397228,-2.8805025983323005,1.7609611460641406,-0.2868068833652093,-0.077861406696067,-0.5276504848925202,0.3389059955008697,-0.6909261202246645,0.6104503731687945,1.0,1.0,1.0,0.0,1.0,0.0,-2.4492935982947064e-16,1.0,2025,-6.156901688182725
2026-01-01,0.0,0.755024139161336,0.1,80.26,19.576814944344054,-37.535995019067634,31282.99583333333,41892.0,33393.29583333333,28733.625,2601.458333333333,375.1125,6622.0,17194.0,242.57083333333333,3068.8708333333334,0.0,5.905806255598423,-4.543590211001225,-6.37766300292768,34.521507345852775,2.065351418002459,8.857233301677736,-21.56191461342212,85.80743892212087,1.1523,-3.3386460867376733,0.8224691574066023,0.0,0.8490649586052731,0.1,-11.537236009013649,-44.22751859364436,5.905806255598423,-4.543590211001225,-6.37766300292768,34.521507345852775,2.065351418002459,8.857233301677736,-21.56191461342212,85.80743892212087,0.0,-5.381240168888146,0.5365939479240023,2.299836951857892,1,1,1,0.49999999999999994,0.8660254037844387,253,0.0,0.0,0.0,0.0,0.0,0.0,0.8726824720973074,0.902010143586784,0.8748599847154113,0.026949840965447475,0.898355638623299,0.032845429082607305,0.2,0.1,0.06666666666666675,0.15275252316523732,-1.6190752442450199e-16,0.15491933384834353,-9.609547518935274,2.3058545342719645,-8.134931231064732,4.332120155347915,-4.709876939456982,7.571096696474464,-37.84305497272346,-16.347204290396256,-34.70867429905062,11.413519198954384,-24.23627602999689,14.455392312329238,5.905806255598423,5.905806255598423,5.905806255598423,0.0,5.905806255598423,0.0,-4.543590211001225,-4.543590211001225,-4.543590211001225,0.0,-4.543590211001225,0.0,-6.37766300292768,-6.37766300292768,-6.37766300292768,0.0,-6.37766300292768,0.0,34.521507345852775,34.521507345852775,34.521507345852775,0.0,34.521507345852775,0.0,2.065351418002459,2.065351418002459,2.065351418002459,0.0,2.065351418002459,0.0,8.857233301677736,8.857233301677736,8.857233301677736,0.0,8.857233301677736,0.0,-21.56191461342212,-21.56191461342212,-21.56191461342212,0.0,-21.56191461342212,0.0,85.80743892212087,85.80743892212087,85.80743892212087,0.0,85.80743892212087,0.0,0.0,0.0,0.0,0.0,0.0,0.0,-5.250875145857636,-3.335293623456259,-4.933391372873834,0.6659949066503269,-3.716698060680083,1.4987211845738149,-0.9151921903599702,-0.3809523809523818,-0.22180170860039214,0.728072800197901,-0.4833702721147081,0.7888294939660453,1.0,1.0,1.0,0.0,1.0,0.0,0.49999999999999994,0.8660254037844387,2026,-8.778625954198471
2026-02-01,0.0,0.7388338613279785,0.5,77.75,-3.1772813779427214,-25.95238095238095,31282.99583333333,41892.0,33393.29583333333,28733.625,2601.458333333333,375.1125,6622.0,17194.0,242.57083333333333,3068.8708333333334,0.0,5.905806255598423,-4.543590211001225,-6.37766300292768,34.521507345852775,2.065351418002459,8.857233301677736,-21.56191461342212,85.80743892212087,1.1483,-4.61832378104493,-0.3471318233098985,0.0,0.755024139161336,0.1,19.576814944344054,-37.535995019067634,5.905806255598423,-4.543590211001225,-6.37766300292768,34.521507345852775,2.065351418002459,8.857233301677736,-21.56191461342212,85.80743892212087,0.0,-3.3386460867376733,0.8224691574066023,2.879849598359252,1,1,2,0.8660254037844386,0.5000000000000001,254,0.0,0.0,0.0,0.0,0.0,0.0,0.8490649586052731,0.9028325234436534,0.8255905232879722,0.06224273180393456,0.868164143297641,0.06170690436319177,0.1,-0.1,0.13333333333333341,0.05773502691907662,0.03333333333333317,0.15055453054186457,-11.537236009013649,-3.25801016524529,-0.523322861201617,17.43389372974786,-2.421383796142173,12.112838013623536,-44.22751859364436,-22.055449330783937,-39.868856195145185,3.777833358138379,-29.684059766856745,11.556376138282817,5.905806255598423,5.905806255598423,5.905806255598423,0.0,5.905806255598423,0.0,-4.543590211001225,-4.543590211001225,-4.543590211001225,0.0,-4.543590211001225,0.0,-6.37766300292768,-6.37766300292768,-6.37766300292768,0.0,-6.37766300292768,0.0,34.521507345852775,34.521507345852775,34.521507345852775,0.0,34.521507345852775,0.0,2.065351418002459,2.065351418002459,2.065351418002459,0.0,2.065351418002459,0.0,8.857233301677736,8.857233301677736,8.857233301677736,0.0,8.857233301677736,0.0,-21.56191461342212,-21.56191461342212,-21.56191461342212,0.0,-21.56191461342212,0.0,85.80743892212087,85.80743892212087,85.80743892212087,0.0,85.80743892212087,0.0,0.0,0.0,0.0,0.0,0.0,0.0,-5.381240168888146,-4.168058803875718,-4.656920467161153,1.1435183716792299,-3.8501486310666597,1.4055198773278128,0.5365939479240023,-0.2868068833652093,0.1479569716568784,0.9317434004982339,-0.050291626007170555,0.6356469370338506,1.0,1.0,1.0,0.0,1.0,0.0,0.8660254037844386,0.5000000000000001,2026,-8.778625954198471
2026-03-01,0.0,0.7430159413714637,0.5,126.14,48.38938501761616,26.875880104606708,31282.99583333333,41892.0,33393.29583333333,28733.625,2601.458333333333,375.1125,6622.0,17194.0,242.57083333333333,3068.8708333333334,0.0,5.905806255598423,-4.543590211001225,-6.37766300292768,34.521507345852775,2.065351418002459,8.857233301677736,-21.56191461342212,85.80743892212087,1.1541,-3.3498031990620625,0.5050944875032437,0.0,0.7388338613279785,0.5,-3.1772813779427214,-25.95238095238095,5.905806255598423,-4.543590211001225,-6.37766300292768,34.521507345852775,2.065351418002459,8.857233301677736,-21.56191461342212,85.80743892212087,0.0,-4.61832378104493,-0.3471318233098985,2.1209270503720123,1,1,3,1.0,6.123233995736766e-17,255,0.0,0.0,0.0,0.0,0.0,0.0,0.755024139161336,0.8726824720973074,0.780974319698196,0.05952127858303833,0.836741349703722,0.07257447636107305,0.1,0.2,0.2333333333333334,0.23094010767587927,0.14999999999999983,0.1974841765813523,19.576814944344054,-9.609547518935274,1.6207658524625668,16.10239064862533,-0.9499009320868129,11.218874660601685,-37.535995019067634,-37.84305497272346,-35.905298188364355,9.246055540988275,-30.660267193166096,10.807490337226577,5.905806255598423,5.905806255598423,5.905806255598423,0.0,5.905806255598423,0.0,-4.543590211001225,-4.543590211001225,-4.543590211001225,0.0,-4.543590211001225,0.0,-6.37766300292768,-6.37766300292768,-6.37766300292768,0.0,-6.37766300292768,0.0,34.521507345852775,34.521507345852775,34.521507345852775,0.0,34.521507345852775,0.0,2.065351418002459,2.065351418002459,2.065351418002459,0.0,2.065351418002459,0.0,8.857233301677736,8.857233301677736,8.857233301677736,0.0,8.857233301677736,0.0,-21.56191461342212,-21.56191461342212,-21.56191461342212,0.0,-21.56191461342212,0.0,85.80743892212087,85.80743892212087,85.80743892212087,0.0,85.80743892212087,0.0,0.0,0.0,0.0,0.0,0.0,0.0,-3.3386460867376733,-5.250875145857636,-4.446070012223584,1.0321342774870446,-4.348739601643394,0.898063338692519,0.8224691574066023,-0.9151921903599702,0.33731042734023564,0.6097352332819818,-0.09517002877614249,0.6473800624856322,1.0,1.0,1.0,0.0,1.0,0.0,1.0,6.123233995736766e-17,2026,-8.8263358778626
