spec,model,term,label,coef,se,z,p,OR,OR_ci_low,OR_ci_high,sd_in_sample,OR_per_sd,n
primary,main,tenure_security,Tenure security,0.7097714111998339,0.0716736770133912,9.902818451287539,4.047058249809654e-23,2.0335263641622485,1.7670183632479428,2.3402300506611606,0.24028348242956052,1.18595261530871,221877
primary,main,jbstat_security,Employment-status security,-1.7478203722379286,0.06417339889266255,-27.235901516785187,2.441306894731861e-163,0.17415311904262315,0.15357013314700851,0.1974948399845473,0.2642833869632245,0.6300728144530312,221877
primary,main,health_good,No long-standing illness/disability,0.22554591898660714,0.028679854224676192,7.864263089334222,3.7127651833098015e-15,1.2530065695872852,1.1845162194786432,1.3254571255427237,0.4124506985866788,1.0974908972434765,221877
primary,main,sf1_good,Self-rated general health,0.025902710054746425,0.05686999569306635,0.4554723407145345,0.6487694619335698,1.0262411006759258,0.9179976637453309,1.1472477962740264,0.23486507457214167,1.006102184861971,221877
primary,main,qfhigh_band,Highest qualification band,-0.6010525761294174,0.037788993680398356,-15.90549304416093,5.804453384115718e-57,0.5482342739784235,0.5090965255666758,0.5903808100636606,0.36775435600352346,0.8016848503176286,221877
primary,main,dvage,Age (mean of adults),0.0029209058533946966,0.0011732701487429528,2.4895424608937415,0.012790763892753692,1.0029251758553093,1.000621531688547,1.0052341235022377,16.702954206683504,1.049997472171989,221877
primary,main,heatch,Has central heating,0.08368546123140563,0.03593353919906006,2.328895597169417,0.019864597243472105,1.0872868461523242,1.013345282442142,1.166623762205521,,,221877
primary,main,hsbeds,Bedrooms,0.2887850525556824,0.01933969253014983,14.932246317022761,2.0330040819289506e-50,1.3348047848135456,1.2851557943334113,1.3863718480025025,1.0152325982880686,1.340689453595848,221877
primary,main,hsrooms,Rooms,0.13923054165155643,0.01969047095919543,7.0709604630627645,1.5386497755139956e-12,1.1493890515114689,1.1058761621773532,1.1946140417145237,1.0539687845227173,1.1580582090302067,221877
primary,main,ncars,Cars,-0.15562763614903727,0.019584530317808414,-7.946457414274748,1.9192081471547403e-15,0.8558778290069446,0.8236475178216838,0.8893693507666586,1.0569182230822372,0.8483299009874229,221877
primary,main,bill_security,Bill-payment security,-0.5331561643809521,0.06334970859926246,-8.416079192306803,3.892941949418344e-17,0.586750164213776,0.5182387105647753,0.6643188711813947,0.13388065545784578,0.9311086586547469,221877
primary,main,lone_parent,Lone-parent household,0.4045374563679102,0.04244047273082999,9.53187913182792,1.5446155912952717e-21,1.4986091675934086,1.3789959450805451,1.6285975641964874,,,221877
primary,main,large_family,Large family (3+ children),0.6746167885073765,0.0622424762405349,10.838527469574514,2.2608064703154903e-27,1.9632804801532953,1.737806658123,2.2180086753230395,,,221877
primary,main,ieqmoecd_dv,OECD equivalence scale,-1.2902301394345321,0.03879038634722342,-33.26159548619411,1.3876736509808112e-242,0.27520743971657247,0.2550596346936116,0.2969467707672832,0.5886951061086152,0.4678759095117984,221877
primary,main,workless_household,Workless household,0.04530001195187248,0.04540364710297104,0.9977174707823905,0.3184163790117279,1.0463417278483935,0.9572511367235783,1.1437239084239519,,,221877
primary,main,finnow,Current financial difficulty (1-5),0.4999461650416593,0.012968563125656432,38.550621236718804,0.0,1.648632514248326,1.6072557930931046,1.6910744255623966,0.9336148387124976,1.5948140689335168,221877
primary,main,scghq1_dv,"Psychological distress, GHQ-12 (0-36)",-0.009044354073810733,0.002161254039273977,-4.18477139172819,2.854532283066551e-05,0.9909964230695886,0.9868074604086008,0.9952031677284627,4.975766304091182,0.9559950036587828,221877
primary,main,finfut_risk,Financial expectations: worse off (0-1),-0.20071129967475987,0.03638378544199653,-5.516504048066583,3.458095277852763e-08,0.81814859722778,0.7618373414375242,0.878622103089281,0.2783726370170744,0.945659667881472,221877
primary,main,fes_delta_growth3,FES Delta (growth-only),-0.02876710681751881,0.004907194244390964,-5.862231121256363,4.56688749336612e-09,0.971642727085017,0.9623423381071147,0.9810329980432866,2.459319815994217,0.9316971011882352,221877
primary,main_twoway_cluster,tenure_security,Tenure security,0.7097714111998339,0.0709836301478666,9.999085841641278,1.5381032651990848e-23,2.0335263641622485,1.7694098140944774,2.3370671061069035,0.24028348242956052,1.18595261530871,221877
primary,main_twoway_cluster,jbstat_security,Employment-status security,-1.7478203722379286,0.06956921845807089,-25.123472865967777,2.7558101969791442e-139,0.17415311904262315,0.15195459272335832,0.19959455208761112,0.2642833869632245,0.6300728144530312,221877
primary,main_twoway_cluster,health_good,No long-standing illness/disability,0.22554591898660714,0.029421339688736264,7.666065562369877,1.7735256029236997e-14,1.2530065695872852,1.182796030321192,1.3273847926278135,0.4124506985866788,1.0974908972434765,221877
primary,main_twoway_cluster,sf1_good,Self-rated general health,0.025902710054746425,0.05661384474263298,0.4575331382721023,0.6472878891673108,1.0262411006759258,0.9184586570960039,1.1466719689337639,0.23486507457214167,1.006102184861971,221877
primary,main_twoway_cluster,qfhigh_band,Highest qualification band,-0.6010525761294174,0.037667121260951085,-15.95695545633638,2.548642584849668e-57,0.5482342739784235,0.5092181457145505,0.5902398052663521,0.36775435600352346,0.8016848503176286,221877
primary,main_twoway_cluster,dvage,Age (mean of adults),0.0029209058533946966,0.0012164513841758512,2.401169410788757,0.016342768481728845,1.0029251758553093,1.0005368490033386,1.0053192037518317,16.702954206683504,1.049997472171989,221877
primary,main_twoway_cluster,heatch,Has central heating,0.08368546123140563,0.03762905015746701,2.2239589062494396,0.026151209193205533,1.0872868461523242,1.009983382906821,1.1705070655849936,,,221877
primary,main_twoway_cluster,hsbeds,Bedrooms,0.2887850525556824,0.020840475334155104,13.856932144076264,1.1550642710122873e-43,1.3348047848135456,1.2813810882866083,1.3904558369466267,1.0152325982880686,1.340689453595848,221877
primary,main_twoway_cluster,hsrooms,Rooms,0.13923054165155643,0.01935921565294422,7.191951582520946,6.387168232700581e-13,1.1493890515114689,1.1065943837104768,1.1938386921002826,1.0539687845227173,1.1580582090302067,221877
primary,main_twoway_cluster,ncars,Cars,-0.15562763614903727,0.019890472809929238,-7.824230104341644,5.107730728808776e-15,0.8558778290069446,0.8231537769469431,0.8899028088075652,1.0569182230822372,0.8483299009874229,221877
primary,main_twoway_cluster,bill_security,Bill-payment security,-0.5331561643809521,0.06288780798113192,-8.477893911343099,2.29306909404844e-17,0.586750164213776,0.5187080889479306,0.6637177297604326,0.13388065545784578,0.9311086586547469,221877
primary,main_twoway_cluster,lone_parent,Lone-parent household,0.4045374563679102,0.04566856032911553,8.8581171259301,8.1377192229993455e-19,1.4986091675934086,1.3702986693393564,1.6389342611547308,,,221877
primary,main_twoway_cluster,large_family,Large family (3+ children),0.6746167885073765,0.06106456933678823,11.047597581286059,2.251597837962531e-28,1.9632804801532953,1.7418232890655905,2.212893964587362,,,221877
primary,main_twoway_cluster,ieqmoecd_dv,OECD equivalence scale,-1.2902301394345321,0.038863601186444136,-33.1989342224048,1.115358949183727e-241,0.27520743971657247,0.25502303665782744,0.29698938522551,0.5886951061086152,0.4678759095117984,221877
primary,main_twoway_cluster,workless_household,Workless household,0.04530001195187248,0.050110548691499446,0.904001515344752,0.3659945978723804,1.0463417278483935,0.9484607621994631,1.154323990059292,,,221877
primary,main_twoway_cluster,finnow,Current financial difficulty (1-5),0.4999461650416593,0.01337239785328861,37.38642616878991,6.49345275918343e-306,1.648632514248326,1.6059841510065551,1.692413443391237,0.9336148387124976,1.5948140689335168,221877
primary,main_twoway_cluster,scghq1_dv,"Psychological distress, GHQ-12 (0-36)",-0.009044354073810733,0.0022976004178834903,-3.9364347270367555,8.270110093389367e-05,0.9909964230695886,0.9865437871449152,0.9954691553822136,4.975766304091182,0.9559950036587828,221877
primary,main_twoway_cluster,finfut_risk,Financial expectations: worse off (0-1),-0.20071129967475987,0.03592227417646789,-5.587377310488951,2.305245100646215e-08,0.81814859722778,0.7625267697077366,0.8778277087928876,0.2783726370170744,0.945659667881472,221877
primary,main_twoway_cluster,fes_delta_growth3,FES Delta (growth-only),-0.02876710681751881,0.00718694339741542,-4.002690048715854,6.26263247927177e-05,0.971642727085017,0.9580519671383473,0.9854262832079523,2.459319815994217,0.9316971011882352,221877
primary,ni_a_regionFE_filled,tenure_security,Tenure security,0.6902314504725614,0.07110923556371264,9.70663578367575,2.825078418454183e-22,1.9941770330505186,1.7347441001287325,2.2924084531263493,0.2402543330880732,1.1803737159989276,221778
primary,ni_a_regionFE_filled,jbstat_security,Employment-status security,-1.7410351369317538,0.06423426508171812,-27.104461064773268,8.723617383374209e-162,0.17533880697140147,0.15459724192403881,0.19886316759299155,0.2642813026834878,0.6312059809288564,221778
primary,ni_a_regionFE_filled,health_good,No long-standing illness/disability,0.2208764657996363,0.028691813944804304,7.6982398611864,1.3795323635777019e-14,1.2471693529785968,1.1789704337169928,1.319313318235788,0.4124473675986449,1.0953784465915495,221778
primary,ni_a_regionFE_filled,sf1_good,Self-rated general health,0.05190736438133359,0.05690122923405061,0.912236257108333,0.3616443614179198,1.0532781669193263,0.9421253026341893,1.1775449548027848,0.234859474011093,1.0122655486496654,221778
primary,ni_a_regionFE_filled,qfhigh_band,Highest qualification band,-0.5223124276115046,0.03819953243988675,-13.673267557225973,1.4665870569263442e-42,0.5931473505611742,0.5503602938937324,0.6392608321880013,0.3677494775712959,0.8252407455875662,221778
primary,ni_a_regionFE_filled,dvage,Age (mean of adults),0.004546223093913891,0.0011783530723949494,3.8581162135673797,0.0001142643174586625,1.0045565728442714,1.0022391967758761,1.0068793071463693,16.702640771862935,1.07889129075649,221778
primary,ni_a_regionFE_filled,heatch,Has central heating,0.06048316095430082,0.03572608680899936,1.692969097837639,0.09046134944098465,1.0623497084644182,0.990506666427811,1.1394036419205533,,,221778
primary,ni_a_regionFE_filled,hsbeds,Bedrooms,0.26947901685580816,0.019506408806722796,13.814896402813696,2.0725217896428192e-43,1.3092821590815822,1.2601706623828013,1.3603076339263342,1.0151670119752483,1.3146443967427965,221778
primary,ni_a_regionFE_filled,hsrooms,Rooms,0.14187774789938445,0.020167513381572067,7.034964857344501,1.993112311388575e-12,1.152435752233211,1.1077712877435861,1.1989010526988326,1.054028384869543,1.1613036072330394,221778
primary,ni_a_regionFE_filled,ncars,Cars,-0.15239551400704202,0.019980575117359532,-7.627183557626311,2.3993784196567822e-14,0.8586486060216881,0.8256727902738045,0.8929414137269762,1.0569840851331196,0.8512242829063827,221778
primary,ni_a_regionFE_filled,bill_security,Bill-payment security,-0.5804285198600885,0.06308992257690663,-9.200019530100802,3.5788471004285483e-20,0.5596584903952198,0.49456212893705626,0.6333231105759011,0.13387213984296276,0.9252389893465433,221778
primary,ni_a_regionFE_filled,lone_parent,Lone-parent household,0.41483660640149783,0.04225276982978778,9.81797425524142,9.421777093795013e-23,1.5141233224210915,1.3937844860689736,1.6448521693374862,,,221778
primary,ni_a_regionFE_filled,large_family,Large family (3+ children),0.6818536710259406,0.06206535593893177,10.98605914218618,4.459764392466134e-28,1.9775400455047631,1.7510363430725062,2.2333429269166514,,,221778
primary,ni_a_regionFE_filled,ieqmoecd_dv,OECD equivalence scale,-1.277812902709829,0.039075010522761,-32.70153700830124,1.4851325673135093e-234,0.27864606054569446,0.25810249228437776,0.30082478619418734,0.5886659479703827,0.4713261585121571,221778
primary,ni_a_regionFE_filled,workless_household,Workless household,0.03707677890393736,0.04549903774723268,0.8148914952864564,0.4151344217578833,1.037772696829599,0.9492342268788942,1.134569466406716,,,221778
primary,ni_a_regionFE_filled,finnow,Current financial difficulty (1-5),0.5087158732627137,0.013000873268398097,39.12936175597343,0.0,1.6631541224267357,1.6213102682364458,1.706077910648038,0.9335403267849457,1.6078643095152354,221778
primary,ni_a_regionFE_filled,scghq1_dv,"Psychological distress, GHQ-12 (0-36)",-0.00892051882300339,0.0021563001246978817,-4.136956039110391,3.519435034972586e-05,0.9911191509590512,0.9869392521590766,0.9953167525243579,4.97528979343185,0.9565883118387472,221778
primary,ni_a_regionFE_filled,finfut_risk,Financial expectations: worse off (0-1),-0.21925727312705073,0.036609672433629746,-5.989053125906704,2.110662170154411e-09,0.8031150716466057,0.7475075207358884,0.86285930296857,0.27837282650070005,0.9407900604878626,221778
primary,ni_a_regionFE_filled,fes_delta_growth3,FES Delta (growth-only),-0.028188433825444656,0.004935307949067356,-5.711585602428626,1.1192837132251741e-08,0.9722051532038343,0.9628463247103627,0.9816549491430159,2.459358548536132,0.9330229636857009,221778
primary,ni_a_regionFE_filled,region_Northern Ireland,Northern Ireland (vs South East),0.9255205866047242,0.06573586326479476,14.079385903499535,5.084973471217053e-45,2.5231814529789562,2.218165853124718,2.8701391447752305,,,221778
primary,ni_b_oil_filled,tenure_security,Tenure security,0.7050625209613439,0.07026238276240933,10.03470837795947,1.072759256270038e-23,2.0239732217182613,1.763588724948679,2.3228021047547847,0.2402543330880732,1.1845871600696367,221778
primary,ni_b_oil_filled,jbstat_security,Employment-status security,-1.7277739807843182,0.06409460946378734,-26.956619210863423,4.771036374931629e-160,0.177679488035655,0.15670392110358763,0.2014627346034527,0.2642813026834878,0.6334220341480883,221778
primary,ni_b_oil_filled,health_good,No long-standing illness/disability,0.2248535957575829,0.02870928887427036,7.832085174324873,4.798442636468395e-15,1.2521393842539528,1.183628148707949,1.3246162144008993,0.4124473675986449,1.0971767325670683,221778
primary,ni_b_oil_filled,sf1_good,Self-rated general health,0.032637794894299486,0.05687656426927086,0.5738355562368763,0.5660790853842754,1.0331762497478676,0.9241894252791849,1.1550155561676168,0.234859474011093,1.007694748926808,221778
primary,ni_b_oil_filled,qfhigh_band,Highest qualification band,-0.5266036289952432,0.037917043089737874,-13.8883094799596,7.457470617458854e-44,0.5906074892553628,0.5483071436941246,0.6361711868541925,0.3677494775712959,0.8239394708722269,221778
primary,ni_b_oil_filled,dvage,Age (mean of adults),0.003662230694416032,0.0011711785066291784,3.126962007658818,0.0017662275013510882,1.003668944855012,1.0013676974481809,1.0059754807683936,16.702640771862935,1.063078478183696,221778
primary,ni_b_oil_filled,heatch,Has central heating,0.05966565629598253,0.035809968503418735,1.6661744980391793,0.09567866376696092,1.0614815875237902,0.9895345556069977,1.1386597408524677,,,221778
primary,ni_b_oil_filled,hsbeds,Bedrooms,0.2552739439966811,0.019302655520878655,13.22480959785895,6.309681211398947e-40,1.2908151835128456,1.2428926365856074,1.3405854930194023,1.0151670119752483,1.2958225755316404,221778
primary,ni_b_oil_filled,hsrooms,Rooms,0.11989295089313078,0.01953659116316482,6.136840858869095,8.417863564931216e-10,1.1273761605084671,1.0850238147529923,1.1713816692329038,1.054028384869543,1.1347025809601508,221778
primary,ni_b_oil_filled,ncars,Cars,-0.18260680446308133,0.02000441228650257,-9.128326383589398,6.956637527815632e-20,0.8330956608417681,0.801063762007335,0.8664084097053776,1.0569840851331196,0.8244716795940726,221778
primary,ni_b_oil_filled,bill_security,Bill-payment security,-0.5681726017410412,0.06319326221619703,-8.99103135073494,2.4492117258254355e-19,0.5665598237304651,0.5005593430362774,0.6412626960840333,0.13387213984296276,0.9267582990427047,221778
primary,ni_b_oil_filled,lone_parent,Lone-parent household,0.404914526639639,0.04222389012263766,9.58970207301081,8.833972595296157e-22,1.499174355110457,1.3801017422396646,1.6285203316775148,,,221778
primary,ni_b_oil_filled,large_family,Large family (3+ children),0.6753723871945029,0.062027342585689364,10.888301175590286,1.310622181946801e-27,1.964764492894994,1.7398537007622588,2.2187494907472174,,,221778
primary,ni_b_oil_filled,ieqmoecd_dv,OECD equivalence scale,-1.2636445931582443,0.03906986188437164,-32.343206047107,1.7286635267505356e-229,0.28262210458551157,0.2617880386767506,0.30511422295719104,0.5886659479703827,0.4752736467872073,221778
primary,ni_b_oil_filled,workless_household,Workless household,0.04310701804701558,0.04531638978892454,0.9512456364639855,0.3414796966739254,1.0440496210235768,0.9553175565286133,1.1410233212089262,,,221778
primary,ni_b_oil_filled,finnow,Current financial difficulty (1-5),0.5096183699249043,0.012911306419975871,39.47070523680257,0.0,1.6646557909944435,1.6230590552536455,1.7073185929505705,0.9335403267849457,1.609219533395666,221778
primary,ni_b_oil_filled,scghq1_dv,"Psychological distress, GHQ-12 (0-36)",-0.00897016951710339,0.0021530818000523298,-4.166200056535415,3.097189308978863e-05,0.9910699424268994,0.9868964762829997,0.9952610576556552,4.97528979343185,0.9563520382726447,221778
primary,ni_b_oil_filled,finfut_risk,Financial expectations: worse off (0-1),-0.21997728443319642,0.03660984344344436,-6.008692300829471,1.8702569193922134e-09,0.8025370278388949,0.7469692502190449,0.8622385471204046,0.27837282650070005,0.9406015153431609,221778
primary,ni_b_oil_filled,fes_delta_growth3,FES Delta (growth-only),-0.027440085623305487,0.004910140071910906,-5.58845271650804,2.2910173826838855e-08,0.9729329734798758,0.9636146708427842,0.9823413855420975,2.459358548536132,0.9347417330838832,221778
primary,ni_b_oil_filled,oil,Uses heating oil,0.7531204169800167,0.052227438436682636,14.420014450700164,3.872614440764116e-47,2.1236162567567254,1.9169905196453054,2.3525134630273863,,,221778
primary,ni_b_oil_filled,region_Northern Ireland,Northern Ireland (vs South East),0.38261170351082896,0.076067319666851,5.029909101392532,4.90712418050108e-07,1.4661086346928454,1.2630412416585561,1.7018244993317462,,,221778
primary,ni_b_oil_rural_filled,tenure_security,Tenure security,0.7136586662096244,0.07028822349188771,10.153317735964562,3.202860308700839e-24,2.0414465836920326,1.7787240468150405,2.342973977065272,0.2402543330880732,1.1870361699547154,221778
primary,ni_b_oil_rural_filled,jbstat_security,Employment-status security,-1.7291258922623842,0.06414995271646289,-26.95443751774795,5.060437574983314e-160,0.17743944339247697,0.15647524049831243,0.2012123833212552,0.2642813026834878,0.633195762427296,221778
primary,ni_b_oil_rural_filled,health_good,No long-standing illness/disability,0.2259337713329141,0.028686612047032038,7.875930798746572,3.3821540468625763e-15,1.253492645381963,1.1849600309738448,1.3259888696291002,0.4124473675986449,1.0976656507895641,221778
primary,ni_b_oil_rural_filled,sf1_good,Self-rated general health,0.02534803707963408,0.05682713388249139,0.4460551737845763,0.6555573917871405,1.0256720303099978,0.9175656956993723,1.1465153053246964,0.234859474011093,1.005970982326568,221778
primary,ni_b_oil_rural_filled,qfhigh_band,Highest qualification band,-0.5280359188339706,0.03788335365096322,-13.938468164645839,3.697919128506677e-44,0.5897621736628034,0.5475585252320119,0.6352187126227218,0.3677494775712959,0.8235055965862612,221778
primary,ni_b_oil_rural_filled,dvage,Age (mean of adults),0.003271414550617407,0.0011681550915623835,2.800496761300725,0.005102401947864115,1.0032767714671704,1.0009823548375465,1.0055764472780826,16.702640771862935,1.0561616614428897,221778
primary,ni_b_oil_rural_filled,heatch,Has central heating,0.05735827571266023,0.03575103887998359,1.6043806700334564,0.10863016915597705,1.059035169013863,0.9873679892630508,1.1359042438122038,,,221778
primary,ni_b_oil_rural_filled,hsbeds,Bedrooms,0.25446550714086363,0.01929780875713983,13.186238414074662,1.0531029711735041e-39,1.2897720626499332,1.2419000397712,1.3394894277471303,1.0151670119752483,1.2947595322604912,221778
primary,ni_b_oil_rural_filled,hsrooms,Rooms,0.11770087255727991,0.01944125897839963,6.054179551234435,1.4113512171023788e-09,1.1249075703107154,1.0828502716593327,1.168598350908906,1.054028384869543,1.1320838625925758,221778
primary,ni_b_oil_rural_filled,ncars,Cars,-0.19395666576942283,0.020281627434677728,-9.563170726516443,1.1420313782400296e-21,0.8236935976234836,0.7915929865852679,0.8570959498929751,1.0569840851331196,0.8146398958849117,221778
primary,ni_b_oil_rural_filled,bill_security,Bill-payment security,-0.5702165927015062,0.06316731456594553,-9.02708301943421,1.763086552291623e-19,0.5654029632811184,0.4995626545371992,0.639920754651337,0.13387213984296276,0.9265047416703334,221778
primary,ni_b_oil_rural_filled,lone_parent,Lone-parent household,0.39967207417482375,0.042211747790996346,9.468266420848671,2.8452636211887803e-21,1.491335569999454,1.3729182292930404,1.6199666774698207,,,221778
primary,ni_b_oil_rural_filled,large_family,Large family (3+ children),0.6763881129123644,0.06205971680730874,10.898988066808364,1.1654620685029104e-27,1.9667611685857294,1.7415113062994205,2.221145208914106,,,221778
primary,ni_b_oil_rural_filled,ieqmoecd_dv,OECD equivalence scale,-1.2599841878438955,0.03906481837232368,-32.25368094214816,3.1238042017740406e-228,0.2836585117169774,0.26275064224292943,0.3062300840928043,0.5886659479703827,0.47629884964663166,221778
primary,ni_b_oil_rural_filled,workless_household,Workless household,0.04157029064297138,0.04532837824418745,0.917091946661516,0.3590944607660722,1.042446433506362,0.953828208980381,1.1392979956965033,,,221778
primary,ni_b_oil_rural_filled,finnow,Current financial difficulty (1-5),0.5095389768786028,0.012903221048483087,39.48928526947189,0.0,1.6645236341463898,1.62295591960467,1.7071559955286986,0.9335403267849457,1.6091002679183106,221778
primary,ni_b_oil_rural_filled,scghq1_dv,"Psychological distress, GHQ-12 (0-36)",-0.00894166687560122,0.0021530648889243184,-4.15299460856868,3.2815247312560476e-05,0.9910981909407486,0.9869246385521602,0.9952893926399935,4.97528979343185,0.9564876671209591,221778
primary,ni_b_oil_rural_filled,finfut_risk,Financial expectations: worse off (0-1),-0.2205729227605004,0.03662252201432077,-6.0228763784822945,1.7134431552077912e-09,0.8020591483618283,0.7465059086241073,0.8617465314595731,0.27837282650070005,0.9404455675820981,221778
primary,ni_b_oil_rural_filled,fes_delta_growth3,FES Delta (growth-only),-0.0275654136351248,0.004914438103801059,-5.609067212344053,2.03420017253e-08,0.9728110453653399,0.963485794072739,0.9822265525934253,2.459358548536132,0.9344536652923235,221778
primary,ni_b_oil_rural_filled,oil,Uses heating oil,0.6538522718136562,0.05522924753299579,11.838877062792195,2.4572086988157724e-32,1.9229342445373407,1.7256519752730823,2.1427704785197146,,,221778
primary,ni_b_oil_rural_filled,rural,Rural location,0.16612201697396212,0.033429530872602815,4.969319420216796,6.718830980322739e-07,1.1807171604693167,1.105835701906436,1.2606692030500926,,,221778
primary,ni_b_oil_rural_filled,region_Northern Ireland,Northern Ireland (vs South East),0.39989018942189036,0.07588205810960622,5.2698911888272395,1.3650465527475045e-07,1.4916608885029368,1.285521006180659,1.7308563575325007,,,221778
primary,ni_c_ni_x_oil_filled,tenure_security,Tenure security,0.70614338284523,0.07035488450316633,10.036877863305282,1.0494324418276585e-23,2.0261620399196123,1.7651758957748134,2.325735708173827,0.2402543330880732,1.1848948156822077,221778
primary,ni_c_ni_x_oil_filled,jbstat_security,Employment-status security,-1.7274376062539283,0.06407719591940747,-26.95869539026954,4.510995279362523e-160,0.17773926494315387,0.15676199136070315,0.20152363483213503,0.2642813026834878,0.633478346285754,221778
primary,ni_c_ni_x_oil_filled,health_good,No long-standing illness/disability,0.22475224338305302,0.028702065452586124,7.8305250803057564,4.858366046656573e-15,1.252012483385077,1.1835249470726366,1.3244632167908696,0.4124473675986449,1.0971308687732975,221778
primary,ni_c_ni_x_oil_filled,sf1_good,Self-rated general health,0.03282290321595059,0.0568770979819446,0.577084703343516,0.5638822371644204,1.0333675169714593,0.9243595493334257,1.1552305873854025,0.234859474011093,1.0077385588470893,221778
primary,ni_c_ni_x_oil_filled,qfhigh_band,Highest qualification band,-0.5268871871002198,0.03792606330790259,-13.892482929817637,7.035353979654493e-44,0.5904400414566368,0.5481419979468153,0.6360020649049783,0.3677494775712959,0.8238535563074441,221778
primary,ni_c_ni_x_oil_filled,dvage,Age (mean of adults),0.003656143702605121,0.0011713678274905789,3.1212601343488124,0.0018007888363893903,1.0036628355489574,1.001361230582518,1.0059697306996578,16.702640771862935,1.0629704017246395,221778
primary,ni_c_ni_x_oil_filled,heatch,Has central heating,0.05928230518639281,0.03583149889126212,1.6544746109085995,0.09803111778998586,1.0610747453660825,0.9891135488674576,1.1382713506885407,,,221778
primary,ni_c_ni_x_oil_filled,hsbeds,Bedrooms,0.25510242814290635,0.019298504646103,13.218766573938666,6.837599370609385e-40,1.2905938072298937,1.2426895890152434,1.3403446765656624,1.0151670119752483,1.2955969701268928,221778
primary,ni_c_ni_x_oil_filled,hsrooms,Rooms,0.11964976262864079,0.019537141322268393,6.1242205630290565,9.11285897621949e-10,1.1271020291906764,1.0847588120889835,1.1710981003780332,1.054028384869543,1.1344117629469945,221778
primary,ni_c_ni_x_oil_filled,ncars,Cars,-0.18266465411783064,0.020002754734865506,-9.13197489740949,6.726091451261082e-20,0.8330474679394,0.8010200243884352,0.8663554751581625,1.0569840851331196,0.8244212678544666,221778
primary,ni_c_ni_x_oil_filled,bill_security,Bill-payment security,-0.5685029534334164,0.06320163230891229,-8.995067574437467,2.3608693551271817e-19,0.5663726906454315,0.5003858007841836,0.6410614054320402,0.13387213984296276,0.926717314167047,221778
primary,ni_c_ni_x_oil_filled,lone_parent,Lone-parent household,0.4049421725102808,0.04222022580817311,9.591189169620474,8.707554945890907e-22,1.4992158016636583,1.380149808977275,1.6285536579710633,,,221778
primary,ni_c_ni_x_oil_filled,large_family,Large family (3+ children),0.6754085315222011,0.06202131451115801,10.88994222140666,1.2872191075050888e-27,1.964835509270087,1.739937144644622,2.2188034725111616,,,221778
primary,ni_c_ni_x_oil_filled,ieqmoecd_dv,OECD equivalence scale,-1.2632724045268442,0.03911124711952883,-32.29946620382947,7.11659557282503e-229,0.28272731289727493,0.26186424973710903,0.3052525632588708,0.5886659479703827,0.4753777881672129,221778
primary,ni_c_ni_x_oil_filled,workless_household,Workless household,0.043021809222375314,0.045311993206359834,0.9494574433405618,0.3423880065290452,1.0439606625725797,0.9552443899529299,1.1409162686133991,,,221778
primary,ni_c_ni_x_oil_filled,finnow,Current financial difficulty (1-5),0.5096464077408475,0.01290894533630271,39.48009651165018,0.0,1.664702464961435,1.6231120740819638,1.7073585620488316,0.9335403267849457,1.609261654353931,221778
primary,ni_c_ni_x_oil_filled,scghq1_dv,"Psychological distress, GHQ-12 (0-36)",-0.008971725700003028,0.0021530634383658616,-4.166958362737521,3.086908537180438e-05,0.9910684001420026,0.9868949760093914,0.9952594730309802,4.97528979343185,0.9563446337830488,221778
primary,ni_c_ni_x_oil_filled,finfut_risk,Financial expectations: worse off (0-1),-0.21997773263367135,0.03660991063681624,-6.008693515150344,1.870242913694563e-09,0.8025366681414985,0.7469688170538955,0.8622382742185969,0.27837282650070005,0.940601397987296,221778
primary,ni_c_ni_x_oil_filled,fes_delta_growth3,FES Delta (growth-only),-0.027430786778405738,0.0049100752974241876,-5.586632610867669,2.3151477619477205e-08,0.9729420206747583,0.9636237537252957,0.9823503955097994,2.459358548536132,0.9347631101180693,221778
primary,ni_c_ni_x_oil_filled,oil,Uses heating oil,0.7624470642250565,0.057311454370535045,13.303572079947871,2.2066868428765342e-40,2.1435151270954753,1.9157681745934678,2.398336688656044,,,221778
primary,ni_c_ni_x_oil_filled,ni_x_oil,Northern Ireland x heating oil,-0.05826125992365614,0.13075343784342258,-0.4455810943450992,0.6558998695182765,0.9434034417260068,0.7301295542930878,1.218975521025421,,,221778
primary,ni_c_ni_x_oil_filled,region_Northern Ireland,Northern Ireland (vs South East),0.4222572863025311,0.11338538477430497,3.724089194943771,0.00019602161871907435,1.525400938967169,1.2214345343087907,1.9050124744660861,,,221778
primary,ni_c_ni_x_oil_rural_filled,tenure_security,Tenure security,0.7139919343454036,0.07036254833888593,10.147329100512627,3.4055617518538404e-24,2.0421270461712053,1.7790577562739824,2.344096394845593,0.2402543330880732,1.1871312186939584,221778
primary,ni_c_ni_x_oil_rural_filled,jbstat_security,Employment-status security,-1.729016226446217,0.06413608439277828,-26.95855605804498,4.52799470492414e-160,0.1774589035008917,0.15649665516694833,0.2012289808887222,0.2642813026834878,0.6332141143684182,221778
primary,ni_c_ni_x_oil_rural_filled,health_good,No long-standing illness/disability,0.22589937571141908,0.028679214484885036,7.876763006548734,3.359712961853391e-15,1.253449531464855,1.1849364544542986,1.3259240375493582,0.4124473675986449,1.0976500789940944,221778
primary,ni_c_ni_x_oil_rural_filled,sf1_good,Self-rated general health,0.025419252247275308,0.05682725889840915,0.44730737924061487,0.6546531397224682,1.0257450763165423,0.9176308177769564,1.1465972384586696,0.234859474011093,1.005987807892094,221778
primary,ni_c_ni_x_oil_rural_filled,qfhigh_band,Highest qualification band,-0.5281267571355702,0.03789370323647415,-13.93705845638301,3.771672629775167e-44,0.5897086031017664,0.5474976822028421,0.6351738973086586,0.3677494775712959,0.8234780872335834,221778
primary,ni_c_ni_x_oil_rural_filled,dvage,Age (mean of adults),0.0032701942992474646,0.0011682768897394724,2.7991603086291668,0.005123569371236045,1.0032755472180626,1.0009808944339738,1.0055754602737799,16.702640771862935,1.056140135587545,221778
primary,ni_c_ni_x_oil_rural_filled,heatch,Has central heating,0.05723774835512437,0.035773841681799486,1.5999888651669467,0.10960105359107257,1.0589075339953147,0.9872048697720492,1.135818106135304,,,221778
primary,ni_c_ni_x_oil_rural_filled,hsbeds,Bedrooms,0.2544120480709999,0.01929664928864686,13.184260348281432,1.081090928641237e-39,1.2897031144780966,1.2418364728154268,1.3394147779566161,1.0151670119752483,1.2946892677172288,221778
primary,ni_c_ni_x_oil_rural_filled,hsrooms,Rooms,0.1176264378957732,0.01945780865701605,6.045204779694436,1.492203496993455e-09,1.1248238413127014,1.082734552079983,1.168549273277461,1.054028384869543,1.1319950470266207,221778
primary,ni_c_ni_x_oil_rural_filled,ncars,Cars,-0.19395341439320551,0.020279653716947066,-9.563941135302757,1.1335585632488773e-21,0.823696275765611,0.7915986225826536,0.8570954210311243,1.0569840851331196,0.8146426955242965,221778
primary,ni_c_ni_x_oil_rural_filled,bill_security,Bill-payment security,-0.5703203271726502,0.06317867495773047,-9.027101748401998,1.7627849231163672e-19,0.5653443145457395,0.49949971339335797,0.639868623382962,0.13387213984296276,0.9264918752441353,221778
primary,ni_c_ni_x_oil_rural_filled,lone_parent,Lone-parent household,0.3996913766611032,0.04220939561936848,9.469251354968424,2.8185647517446213e-21,1.491364356761659,1.3729510598095893,1.6199904787047403,,,221778
primary,ni_c_ni_x_oil_rural_filled,large_family,Large family (3+ children),0.6764015487538613,0.06205716760774609,10.899652285603695,1.1569857645589483e-27,1.9667875938545751,1.741543406446571,2.2211639543530057,,,221778
primary,ni_c_ni_x_oil_rural_filled,ieqmoecd_dv,OECD equivalence scale,-1.2598707897520587,0.0391031478211443,-32.21916546244921,9.514108599141187e-228,0.2836906798748088,0.26276069888845804,0.3062878207748838,0.5886659479703827,0.47633064536847664,221778
primary,ni_c_ni_x_oil_rural_filled,workless_household,Workless household,0.04154312156440232,0.04532598731867585,0.9165409078090868,0.3593832617413333,1.042418111582048,0.9538067643488748,1.1392617037016768,,,221778
primary,ni_c_ni_x_oil_rural_filled,finnow,Current financial difficulty (1-5),0.5095481328484225,0.012901493400012603,39.49528299165155,0.0,1.6645388745443184,1.6229762750054861,1.707165845575839,0.9335403267849457,1.6091140217086228,221778
primary,ni_c_ni_x_oil_rural_filled,scghq1_dv,"Psychological distress, GHQ-12 (0-36)",-0.008942190603345411,0.002153030293054669,-4.153304592225891,3.277080652141503e-05,0.9910976718752648,0.9869241885925101,0.9952888038922512,4.97528979343185,0.9564851748068743,221778
primary,ni_c_ni_x_oil_rural_filled,finfut_risk,Financial expectations: worse off (0-1),-0.22057135461479263,0.036622300538940195,-6.022869982738001,1.7135108904510552e-09,0.8020604061084254,0.7465074033017387,0.8617475087340691,0.27837282650070005,0.9404459781140947,221778
primary,ni_c_ni_x_oil_rural_filled,fes_delta_growth3,FES Delta (growth-only),-0.02756220323011318,0.004914216370554957,-5.608667008490024,2.0389088790061594e-08,0.9728141684878086,0.9634893059792592,0.9822292790772278,2.459358548536132,0.9344610433349484,221778
primary,ni_c_ni_x_oil_rural_filled,oil,Uses heating oil,0.6570335723039148,0.06072750811291201,10.819373175699512,2.7867675508740257e-27,1.9290614172133498,1.7125951360889622,2.17288831023976,,,221778
primary,ni_c_ni_x_oil_rural_filled,ni_x_oil,Northern Ireland x heating oil,-0.018801926381107482,0.13121897064325894,-0.14328664741795386,0.886063800833794,0.9813737272385217,0.7588232636401501,1.2691946052022305,,,221778
primary,ni_c_ni_x_oil_rural_filled,rural,Rural location,0.16583980268189902,0.03349965688180357,4.950492575700986,7.402588134605167e-07,1.1803839922263792,1.1053717256468336,1.2604867093818235,,,221778
primary,ni_c_ni_x_oil_rural_filled,region_Northern Ireland,Northern Ireland (vs South East),0.41262968386453674,0.11363968863791465,3.631034973875028,0.0002822869239226746,1.5107854541002723,1.2091286629279823,1.8877004228762664,,,221778
primary,ni_b_oil_observed_only,tenure_security,Tenure security,0.7039285017580287,0.07028391392622255,10.015499456916226,1.303020752536432e-23,2.0216792981403633,1.7615155769622264,2.320267409487096,0.24026225308127278,1.18427106209579,221611
primary,ni_b_oil_observed_only,jbstat_security,Employment-status security,-1.7278659323271608,0.06414794482600532,-26.935639746741987,8.403559347960137e-160,0.1776631508837233,0.15667313385565954,0.20146526979547255,0.26429915518318636,0.6333871032799,221611
primary,ni_b_oil_observed_only,health_good,No long-standing illness/disability,0.2245375977600577,0.028731207589257114,7.815111740865865,5.491429225708234e-15,1.2517437732253445,1.1832033522923255,1.3242545930695684,0.4124681859488221,1.0970388721512379,221611
primary,ni_b_oil_observed_only,sf1_good,Self-rated general health,0.033231642958400205,0.05692171018465668,0.5838131505640854,0.5593460296660253,1.033789981677378,0.9246565950982419,1.1558039296772278,0.23487574255775737,1.007835847631951,221611
primary,ni_b_oil_observed_only,qfhigh_band,Highest qualification band,-0.5245608938341316,0.03793605600857406,-13.827502092351766,1.739569429833632e-43,0.5918151770132539,0.5494078608684326,0.6374957999137598,0.36773791105572645,0.8245636618242672,221611
primary,ni_b_oil_observed_only,dvage,Age (mean of adults),0.003690829822089363,0.0011721746720918344,3.148702927954242,0.001639968161067872,1.003697649321767,1.0013943809275314,1.0060062153743448,16.70266029704601,1.063586488479256,221611
primary,ni_b_oil_observed_only,heatch,Has central heating,0.060046234136320084,0.035843289041682734,1.675243420504501,0.09388648148807255,1.061885640775908,0.9898465761264117,1.1391675652389759,,,221611
primary,ni_b_oil_observed_only,hsbeds,Bedrooms,0.2553031604776175,0.01931008219113216,13.221236344341468,6.616731990073813e-40,1.2908528971409743,1.2429108581152466,1.3406441750650002,1.01509523167141,1.295837262298476,221611
primary,ni_b_oil_observed_only,hsrooms,Rooms,0.1196765383631323,0.01954473532594779,6.123211001187031,9.170811843916695e-10,1.1271322085793907,1.0847717118579827,1.1711468889994232,1.0537307539358738,1.1344033716710649,221611
primary,ni_b_oil_observed_only,ncars,Cars,-0.18245417478031892,0.020015664543592205,-9.115569177478527,7.825859525214986e-20,0.83322282567251,0.8011683682694306,0.8665597703530458,1.0567955036416365,0.8246330730445587,221611
primary,ni_b_oil_observed_only,bill_security,Bill-payment security,-0.5684199097987298,0.06319224442002658,-8.995089745832622,2.360392883433617e-19,0.5664197262452264,0.500436564275356,0.6411028473594622,0.13391596124526534,0.9267045332216189,221611
primary,ni_b_oil_observed_only,lone_parent,Lone-parent household,0.404650357448044,0.04226100360431394,9.5750295292736,1.0182820410709105e-21,1.4987783717386138,1.3796368500944773,1.628208616954253,,,221611
primary,ni_b_oil_observed_only,large_family,Large family (3+ children),0.6763051193879427,0.06205098494175599,10.89918427600714,1.1629517922374782e-27,1.9665979469179171,1.7413965803891607,2.2209228663797367,,,221611
primary,ni_b_oil_observed_only,ieqmoecd_dv,OECD equivalence scale,-1.2635616797259241,0.039098917283055104,-32.31705038219903,4.030022905761393e-229,0.28264553872574133,0.261794836326342,0.30515689951187214,0.588582271139041,0.4753471008490729,221611
primary,ni_b_oil_observed_only,workless_household,Workless household,0.042907206147196064,0.04535172294586785,0.9460987005589714,0.3440982464999285,1.0438410283256399,0.9550605499106025,1.1408743587178012,,,221611
primary,ni_b_oil_observed_only,finnow,Current financial difficulty (1-5),0.5095994051146175,0.01291839263352506,39.44758605587934,0.0,1.664624221412531,1.623005732904309,1.7073099264749483,0.9336103597334267,1.6092484743969797,221611
primary,ni_b_oil_observed_only,scghq1_dv,"Psychological distress, GHQ-12 (0-36)",-0.008996661935183618,0.002154342044561907,-4.176060137661715,2.9660143769034455e-05,0.9910436869354251,0.9868678937551568,0.9952371493992871,4.975942930104087,0.9562203734342246,221611
primary,ni_b_oil_observed_only,finfut_risk,Financial expectations: worse off (0-1),-0.22031991357979386,0.03661796762555141,-6.0167160513315405,1.7799089102700606e-09,0.8022621023633637,0.7467014707223419,0.8619568945884848,0.27842126290028824,0.9405017697029734,221611
primary,ni_b_oil_observed_only,fes_delta_growth3,FES Delta (growth-only),-0.027562374994951296,0.004910744757318733,-5.612666989843788,1.9923178821235662e-08,0.9728140013925547,0.9634956963163658,0.9822224270679585,2.4601035837575895,0.93444145969294,221611
primary,ni_b_oil_observed_only,oil,Uses heating oil,0.7521949296202762,0.05228434421851243,14.386618802688263,6.279150584110229e-47,2.1216517859408306,1.9150035913255952,2.3505994041870033,,,221611
primary,ni_b_oil_observed_only,region_Northern Ireland,Northern Ireland (vs South East),0.3831847637543212,0.07628838490554016,5.022845407315653,5.091152332655891e-07,1.466949044043623,1.2632178023290679,1.7035379756783384,,,221611
primary,ni_b_oil_rural_observed_only,tenure_security,Tenure security,0.7126085700628557,0.07030915714684138,10.135359304259124,3.849557147481616e-24,2.039303993660318,1.7767842943542644,2.340610951916557,0.24026225308127278,1.1867434279854325,221611
primary,ni_b_oil_rural_observed_only,jbstat_security,Employment-status security,-1.7292513428095806,0.0642048550167092,-26.933342382901515,8.940743352614327e-160,0.17741718491340755,0.15643877708512147,0.20120879291629248,0.26429915518318636,0.6331552229275299,221611
primary,ni_b_oil_rural_observed_only,health_good,No long-standing illness/disability,0.22565088362878685,0.028708393337214387,7.860101433690404,3.838225180141594e-15,1.2531380978763,1.1845742965592858,1.3256704091168314,0.4124681859488221,1.0975427425976578,221611
primary,ni_b_oil_rural_observed_only,sf1_good,Self-rated general health,0.025928001161353215,0.05687096468012388,0.4559092905701127,0.6484552084216801,1.0262670557772224,0.9180191377307084,1.1472789906942018,0.23487574255775737,1.0061084394134197,221611
primary,ni_b_oil_rural_observed_only,qfhigh_band,Highest qualification band,-0.5260036144938006,0.037902140533814264,-13.877939532848503,8.618602542034507e-44,0.5909619686493301,0.5486522597120035,0.6365344208610597,0.36773791105572645,0.8241263113050329,221611
primary,ni_b_oil_rural_observed_only,dvage,Age (mean of adults),0.0033002995127484197,0.00116911786085886,2.82289718020726,0.004759183187291803,1.0033057514972628,1.0010093796929227,1.0056073913076482,16.70266029704601,1.0566714030998814,221611
primary,ni_b_oil_rural_observed_only,heatch,Has central heating,0.05775133761967176,0.03578450508453495,1.6138643662457763,0.10655684933664557,1.059451517216937,0.9876913749646427,1.136425350857651,,,221611
primary,ni_b_oil_rural_observed_only,hsbeds,Bedrooms,0.2544915505792237,0.019305472592638123,13.1823527944232,1.1087814209031657e-39,1.2898056531865498,1.2419137288100484,1.3395444340453306,1.01509523167141,1.2947701117303478,221611
primary,ni_b_oil_rural_observed_only,hsrooms,Rooms,0.1174953385361869,0.019449450556159976,6.041062095657716,1.5310303814990792e-09,1.1246763872932328,1.0826103502968802,1.1683769472443062,1.0537307539358738,1.1317990560038165,221611
primary,ni_b_oil_rural_observed_only,ncars,Cars,-0.1938078253299829,0.02029385648978476,-9.550073709624348,1.296040446277943e-21,0.8238162056648087,0.7916918405026651,0.857244076540003,1.0567955036416365,0.8147978458755077,221611
primary,ni_b_oil_rural_observed_only,bill_security,Bill-payment security,-0.5704568875011169,0.06316627718692024,-9.031035433876111,1.7005501258105674e-19,0.5652671162116832,0.49944364213138076,0.6397657027060918,0.13391596124526534,0.9264517776878801,221611
primary,ni_b_oil_rural_observed_only,lone_parent,Lone-parent household,0.3994017059954531,0.0422487118658481,9.453583040914223,3.2742642710486112e-21,1.4909324148191845,1.3724476510259902,1.6196460855150459,,,221611
primary,ni_b_oil_rural_observed_only,large_family,Large family (3+ children),0.6772954411287762,0.062083105165665516,10.909496864266837,1.0382940102689821e-27,1.968546476296482,1.7430122436031843,2.2232633439960625,,,221611
primary,ni_b_oil_rural_observed_only,ieqmoecd_dv,OECD equivalence scale,-1.259880194827126,0.0390947421919856,-32.22633336831163,7.550276280211475e-228,0.28368801175521563,0.26276255652260533,0.306279894208229,0.588582271139041,0.47637822666728,221611
primary,ni_b_oil_rural_observed_only,workless_household,Workless household,0.04136854647371195,0.04536467686511317,0.9119109697775812,0.3618155864031479,1.042236147229365,0.9535679560680501,1.1391492128894392,,,221611
primary,ni_b_oil_rural_observed_only,finnow,Current financial difficulty (1-5),0.5095357089896781,0.012910459134477041,39.466892980511936,0.0,1.6645181946769287,1.6229275923300484,1.7071746352113855,0.9336103597334267,1.6091527794806046,221611
primary,ni_b_oil_rural_observed_only,scghq1_dv,"Psychological distress, GHQ-12 (0-36)",-0.008968829437290424,0.002154296487662865,-4.163228918885001,3.1377849894633174e-05,0.9910712705406123,0.9868954492557455,0.9952647608535574,4.975942930104087,0.9563528123576898,221611
primary,ni_b_oil_rural_observed_only,finfut_risk,Financial expectations: worse off (0-1),-0.22090857176119713,0.03663059604247329,-6.0307119082925364,1.6323896485193557e-09,0.8017899831852193,0.7462435774558516,0.8614709681359862,0.27842126290028824,0.9403476388394054,221611
primary,ni_b_oil_rural_observed_only,fes_delta_growth3,FES Delta (growth-only),-0.02768893473435768,0.004915102426839218,-5.633440024191675,1.7664996956817673e-08,0.9726908900966786,0.963365536248061,0.9821065131329825,2.4601035837575895,0.9341505665676277,221611
primary,ni_b_oil_rural_observed_only,oil,Uses heating oil,0.6528907848751546,0.05528892484278145,11.808708285279604,3.519263280099987e-32,1.9210862569279605,1.7237919450603134,2.140961626565875,,,221611
primary,ni_b_oil_rural_observed_only,rural,Rural location,0.16626445728462974,0.03343953704100746,4.9720920801247,6.623423099809658e-07,1.1808853541669615,1.1059715384786244,1.260873513620696,,,221611
primary,ni_b_oil_rural_observed_only,region_Northern Ireland,Northern Ireland (vs South East),0.4012043502451939,0.07611194771731626,5.271240091441199,1.3550507365181715e-07,1.493622459431789,1.2866316429411153,1.733913559143802,,,221611
primary,ni_c_ni_x_oil_observed_only,tenure_security,Tenure security,0.7050889906088674,0.07038050982081913,10.018242158289913,1.267369300683382e-23,2.024026796285084,1.7632271291037136,2.3234014520650526,0.24026225308127278,1.184601308564089,221611
primary,ni_c_ni_x_oil_observed_only,jbstat_security,Employment-status security,-1.7275008099590008,0.06412973676479605,-26.937593963543453,7.972060637788126e-160,0.17772803151807337,0.156735942524355,0.20153165048521646,0.26429915518318636,0.6334482290559477,221611
primary,ni_c_ni_x_oil_observed_only,health_good,No long-standing illness/disability,0.224418481599178,0.028723200603978916,7.813143273737055,5.577912888069796e-15,1.2515946791926034,1.183080988465938,1.3240760829184235,0.4124681859488221,1.0969849741708502,221611
primary,ni_c_ni_x_oil_observed_only,sf1_good,Self-rated general health,0.03343613899484997,0.05692209417460898,0.5874017721885696,0.5569339038849855,1.0340014092484657,0.9248450069976658,1.1560411812122282,0.23487574255775737,1.0078842563177546,221611
primary,ni_c_ni_x_oil_observed_only,qfhigh_band,Highest qualification band,-0.5248632292373746,0.03794604692624514,-13.831828919031782,1.638021951014497e-43,0.5916362773782757,0.5492310254698098,0.6373155711853802,0.36773791105572645,0.8244719917760274,221611
primary,ni_c_ni_x_oil_observed_only,dvage,Age (mean of adults),0.00368410411999077,0.0011723740389759734,3.1424306556708665,0.00167551396015955,1.0036908987730817,1.0013872545758298,1.0059998423952698,16.70266029704601,1.0634670149498036,221611
primary,ni_c_ni_x_oil_observed_only,heatch,Has central heating,0.059632652609342925,0.035863857199517776,1.6627506706151156,0.09636235472441634,1.0614465552962014,0.9893973922815605,1.138742429017386,,,221611
primary,ni_c_ni_x_oil_observed_only,hsbeds,Bedrooms,0.2551177202381135,0.019305547786297676,13.214736150568394,7.2138829501087686e-40,1.29061354326417,1.242691437882842,1.34038367633296,1.01509523167141,1.2955933574933869,221611
primary,ni_c_ni_x_oil_observed_only,hsrooms,Rooms,0.11941374454246606,0.01954276071370122,6.11038257551536,9.939258580166073e-10,1.126836044116702,1.0844908751642015,1.1708346279338913,1.0537307539358738,1.1340892830640874,221611
primary,ni_c_ni_x_oil_observed_only,ncars,Cars,-0.18251733428724293,0.020013442917883997,-9.11973692063476,7.530691117286561e-20,0.8331702013915621,0.8011212567880748,0.8665012675733926,1.0567955036416365,0.8245780333591777,221611
primary,ni_c_ni_x_oil_observed_only,bill_security,Bill-payment security,-0.5687739753233362,0.06320000693515394,-8.999587229585654,2.2656789671532364e-19,0.5662192120473831,0.5002517972911108,0.6408856456441487,0.13391596124526534,0.9266605945446273,221611
primary,ni_c_ni_x_oil_observed_only,lone_parent,Lone-parent household,0.40467965626325547,0.042257063708117826,9.576615617651498,1.0027704590320416e-21,1.4988222848124677,1.3796879263961956,1.628243748800744,,,221611
primary,ni_c_ni_x_oil_observed_only,large_family,Large family (3+ children),0.6763427498749902,0.062044669842267225,10.900900135248031,1.1412265561432917e-27,1.9666719523489078,1.7414836660736273,2.2209789523184305,,,221611
primary,ni_c_ni_x_oil_observed_only,ieqmoecd_dv,OECD equivalence scale,-1.2631565272578575,0.03914049836647283,-32.27236698498093,1.7084819642894822e-228,0.2827600764644011,0.261879581258445,0.30530544022540373,0.588582271139041,0.47546046827815847,221611
primary,ni_c_ni_x_oil_observed_only,workless_household,Workless household,0.04281270808948631,0.045346817416214616,0.9441171515198289,0.3451097855831893,1.0437423920364477,0.9549794845680876,1.1407555853691163,,,221611
primary,ni_c_ni_x_oil_observed_only,finnow,Current financial difficulty (1-5),0.5096286614825795,0.012916017267747222,39.45710592654446,0.0,1.6646729229836832,1.6230607732069045,1.7073519280733553,0.9336103597334267,1.6092924300877043,221611
primary,ni_c_ni_x_oil_observed_only,scghq1_dv,"Psychological distress, GHQ-12 (0-36)",-0.008998189562512957,0.0021543346230950156,-4.176783618501078,2.9566003255069064e-05,0.9910421729911607,0.9868664005447123,0.9952356145724737,4.975942930104087,0.9562131048612994,221611
primary,ni_c_ni_x_oil_observed_only,finfut_risk,Financial expectations: worse off (0-1),-0.22032601013885497,0.03661832060067056,-6.016824543690852,1.7787169055058152e-09,0.8022572113399834,0.7466964018480224,0.8619522359477021,0.27842126290028824,0.9405001732856458,221611
primary,ni_c_ni_x_oil_observed_only,fes_delta_growth3,FES Delta (growth-only),-0.027552072667636148,0.004910681457241382,-5.610641396217495,2.015780912789507e-08,0.9728240236924403,0.9635057421537003,0.9822324244354945,2.4601035837575895,0.934465143217824,221611
primary,ni_c_ni_x_oil_observed_only,oil,Uses heating oil,0.7622452806559036,0.05731003094194205,13.300381593374055,2.3029000410801196e-40,2.143082644597995,1.915386986723593,2.3978461028564553,,,221611
primary,ni_c_ni_x_oil_observed_only,ni_x_oil,Northern Ireland x heating oil,-0.06305381557561297,0.13108853583157917,-0.4810017533235987,0.6305152525945028,0.9388929452652489,0.7261616543193864,1.2139445224425693,,,221611
primary,ni_c_ni_x_oil_observed_only,region_Northern Ireland,Northern Ireland (vs South East),0.42596779509666516,0.11358024988661036,3.750368532574264,0.00017657486391663984,1.531071466330687,1.2255069510285304,1.9128245931568175,,,221611
primary,ni_c_ni_x_oil_rural_observed_only,tenure_security,Tenure security,0.7130115662307804,0.07038738503994199,10.129820362358613,4.073971912053949e-24,2.0401259909747558,1.777227963585702,2.341913442917771,0.24026225308127278,1.1868583397047392,221611
primary,ni_c_ni_x_oil_rural_observed_only,jbstat_security,Employment-status security,-1.7291171414340856,0.06419040426023762,-26.937315029579544,8.03226942355745e-160,0.1774409961413734,0.15646420425997373,0.20123009771185973,0.26429915518318636,0.6331776809047983,221611
primary,ni_c_ni_x_oil_rural_observed_only,health_good,No long-standing illness/disability,0.22560530262128975,0.028700250709089024,7.860743270435727,3.818607229212139e-15,1.2530809798810236,1.1845392079157488,1.3255888295183123,0.4124681859488221,1.0975221082028028,221611
primary,ni_c_ni_x_oil_rural_observed_only,sf1_good,Self-rated general health,0.026016677000841662,0.056870760429811505,0.45747017982906707,0.6473331313382646,1.0263580649050286,0.9181009149949718,1.1473802718096235,0.23487574255775737,1.0061293946606682,221611
primary,ni_c_ni_x_oil_rural_observed_only,qfhigh_band,Highest qualification band,-0.5261127178154289,0.03791351322917644,-13.876654337866995,8.774498874565653e-44,0.5908974962527347,0.5485801751647759,0.636479163638887,0.36773791105572645,0.8240932468442141,221611
primary,ni_c_ni_x_oil_rural_observed_only,dvage,Age (mean of adults),0.0032987682058039872,0.0011692475611632717,2.8212743950665833,0.004783326911756877,1.0033042151293743,1.0010075923773862,1.0056061070482551,16.70266029704601,1.0566443770670073,221611
primary,ni_c_ni_x_oil_rural_observed_only,heatch,Has central heating,0.057604817432170066,0.03580648454016826,1.6087817101270612,0.1076640815301141,1.0592962975536702,0.9875041272918438,1.1363078036830212,,,221611
primary,ni_c_ni_x_oil_rural_observed_only,hsbeds,Bedrooms,0.25442638910471765,0.01930403138639501,13.17996142940541,1.1444932281693874e-39,1.2897216102865714,1.2418363143422022,1.3394533666228599,1.01509523167141,1.2946844718615236,221611
primary,ni_c_ni_x_oil_rural_observed_only,hsrooms,Rooms,0.1174047518253378,0.019463962592678137,6.031903897590852,1.6203913762809025e-09,1.1245745111729193,1.0824814950942663,1.1683043423016473,1.0537307539358738,1.1316910264092046,221611
primary,ni_c_ni_x_oil_rural_observed_only,ncars,Cars,-0.19380374760214747,0.020291527057197205,-9.550969084576963,1.284886911942022e-21,0.823819564969931,0.7916986833875076,0.8572436583111733,1.0567955036416365,0.8148013571113454,221611
primary,ni_c_ni_x_oil_rural_observed_only,bill_security,Bill-payment security,-0.5705820777695642,0.0631771567829849,-9.031461794482581,1.6939365104192847e-19,0.5651963546990791,0.49937047206342966,0.6396992558353577,0.13391596124526534,0.9264362458770564,221611
primary,ni_c_ni_x_oil_rural_observed_only,lone_parent,Lone-parent household,0.39942513659587625,0.042246090553358547,9.4547242446348,3.2387450692438024e-21,1.490967348670113,1.3724868600527689,1.6196757138461184,,,221611
primary,ni_c_ni_x_oil_rural_observed_only,large_family,Large family (3+ children),0.6773111966988744,0.06208018292364919,10.91026419061751,1.0295670299424384e-27,1.968577492112816,1.7430496892406295,2.223285639172732,,,221611
primary,ni_c_ni_x_oil_rural_observed_only,ieqmoecd_dv,OECD equivalence scale,-1.25974096265783,0.039133324857887515,-32.191002610500725,2.358558293585101e-227,0.28372751300235394,0.262779271783461,0.30634570637229225,0.588582271139041,0.4764172672655934,221611
primary,ni_c_ni_x_oil_rural_observed_only,workless_household,Workless household,0.04133450555003328,0.04536195461713297,0.9112152661609837,0.36218196188577845,1.0422006691520787,0.9535405838963582,1.1391043581414038,,,221611
primary,ni_c_ni_x_oil_rural_observed_only,finnow,Current financial difficulty (1-5),0.5095465084441521,0.012908724893116208,39.473031818648195,0.0,1.6645361706624584,1.6229506356393049,1.7071872690399037,0.9336103597334267,1.609169003817257,221611
primary,ni_c_ni_x_oil_rural_observed_only,scghq1_dv,"Psychological distress, GHQ-12 (0-36)",-0.008969410293202251,0.002154269961937275,-4.16354981115566,3.133376293867627e-05,0.9910706948711729,0.9868949273199956,0.9952641310050523,4.975942930104087,0.9563500482095392,221611
primary,ni_c_ni_x_oil_rural_observed_only,finfut_risk,Financial expectations: worse off (0-1),-0.22090877579413687,0.0366306739688998,-6.030704648833187,1.6324629850363251e-09,0.8017898195936687,0.7462433112216158,0.8614709239425695,0.27842126290028824,0.9403475854209763,221611
primary,ni_c_ni_x_oil_rural_observed_only,fes_delta_growth3,FES Delta (growth-only),-0.02768491967647103,0.004914881618127062,-5.632876196725377,1.7722868903711737e-08,0.9726947955147485,0.9633698211485497,0.9821100313205536,2.4601035837575895,0.9341597936464611,221611
primary,ni_c_ni_x_oil_rural_observed_only,oil,Uses heating oil,0.6567589885257006,0.06072884368216065,10.81461376019294,2.935264835483739e-27,1.9285318009563481,1.7121204680334743,2.1722974386094536,,,221611
primary,ni_c_ni_x_oil_rural_observed_only,ni_x_oil,Northern Ireland x heating oil,-0.022943257672501806,0.13156598846158424,-0.1743859331790828,0.8615621686376871,0.9773179374944547,0.7551734230940935,1.2648092765698464,,,221611
primary,ni_c_ni_x_oil_rural_observed_only,rural,Rural location,0.16591604630952367,0.03351041310129235,4.951178781592668,7.376529732899972e-07,1.1804739924148635,1.1054327016500796,1.2606093927633781,,,221611
primary,ni_c_ni_x_oil_rural_observed_only,region_Northern Ireland,Northern Ireland (vs South East),0.41670237777420377,0.11384307068598298,3.66032271673001,0.0002518977893846156,1.5169509674200798,1.2135792601027902,1.8961598250795828,,,221611
sens_composite,main,tenure_security,Tenure security,0.49429447817352473,0.0682230388842987,7.245272070213877,4.3157198627919737e-13,1.6393412399351543,1.434160669867577,1.8738763078757927,0.24132729463182498,1.1266929502388416,233980
sens_composite,main,jbstat_security,Employment-status security,-1.876088684858768,0.06153905407000292,-30.486147588889626,3.9773856488783275e-204,0.15318810246235204,0.13578221806995805,0.17282524228559554,0.2680932330774798,0.6047339431500836,233980
sens_composite,main,health_good,No long-standing illness/disability,0.25669632503707684,0.027429402543329557,9.358436613104494,8.092520782569181e-21,1.2926525209437223,1.22499367894037,1.3640482956185922,0.4148627009009542,1.1123709526546655,233980
sens_composite,main,sf1_good,Self-rated general health,-0.02005105390444768,0.053012751929954686,-0.3782307685317105,0.7052591702868204,0.9801486316147713,0.8834203550171537,1.0874679699197722,0.2379585050422145,0.9952400458479886,233980
sens_composite,main,qfhigh_band,Highest qualification band,-0.6500856654039293,0.03675670603595541,-17.68617853754402,5.3588762602360866e-70,0.522001057414158,0.4857177984168158,0.5609946862759756,0.36962840519493967,0.786399671604017,233980
sens_composite,main,dvage,Age (mean of adults),-0.0012699089042089923,0.0010856863741636304,-1.1696830083064087,0.2421285585420595,0.9987308970888881,0.996607950945142,1.0008583654726235,16.801494174867237,0.9788896429580782,233980
sens_composite,main,heatch,Has central heating,0.09722335467970875,0.034664212471232865,2.8047184040425686,0.005036055600189224,1.1021065067783176,1.0297157020181913,1.1795865110170451,,,233980
sens_composite,main,hsbeds,Bedrooms,0.273561740843045,0.017866824441909,15.311156256809117,6.440864741941292e-53,1.3146385235972002,1.269398807435528,1.3614905241776074,1.0166743745485607,1.3206489066770342,233980
sens_composite,main,hsrooms,Rooms,0.11914758384670103,0.01770342454148407,6.730199773919726,1.6943030028259646e-11,1.1265361645610328,1.0881179030565031,1.1663108625444443,1.0481538799364916,1.1330181510864994,233980
sens_composite,main,ncars,Cars,-0.1972766259704309,0.018999647682339013,-10.383172849768577,2.9577846346762225e-25,0.8209635020734571,0.7909541708412469,0.8521114074408119,1.0525328677898087,0.8124993759171123,233980
sens_composite,main,bill_security,Bill-payment security,-0.8790615799062548,0.05852949994038475,-15.019119944671036,5.503351859927949e-51,0.41517233499319756,0.3701757849068743,0.4656384203711941,0.13644116491896996,0.8869734885646103,233980
sens_composite,main,lone_parent,Lone-parent household,0.4260868891420622,0.040770170444844725,10.450946966691912,1.4506941411595569e-25,1.5312538186837286,1.413655387916726,1.6586349666794622,,,233980
sens_composite,main,large_family,Large family (3+ children),0.6554440590484291,0.06102536213707282,10.740518959579394,6.567417425840972e-27,1.925997584166741,1.7088772007696482,2.1707040696344033,,,233980
sens_composite,main,ieqmoecd_dv,OECD equivalence scale,-1.2728683843403568,0.037405345981223345,-34.02904988445525,8.286502292365303e-254,0.28002724293753983,0.2602320579930543,0.3013281968099906,0.5925091177856339,0.47039330105071947,233980
sens_composite,main,workless_household,Workless household,-0.053040145690378175,0.04368432712942465,-1.214168768886718,0.2246832839051267,0.9483419398761869,0.8705240837785123,1.0331160868341371,,,233980
sens_composite,main,financial_strain_score,Strain composite (no bill arrears),1.5594922162650335,0.06938528580577792,22.47583472712553,7.154597421089703e-112,4.756405406525646,4.151623883890101,5.449287561672883,0.14785566301177624,1.2593299018893678,233980
sens_composite,main,fes_delta_growth3,FES Delta (growth-only),-0.02753503203765764,0.004820963359992428,-5.711520702721309,1.1197107255187767e-08,0.9728406013679087,0.9636916057574538,0.9820764547658344,2.416903984944782,0.935616574875945,233980
sens_composite,ni_a_regionFE_filled,tenure_security,Tenure security,0.47811506624840244,0.06773941578114505,7.058151605456915,1.6873191727371003e-12,1.6130310781402901,1.4124817321781047,1.8420551570845722,0.24129714022670964,1.1222861364764274,233873
sens_composite,ni_a_regionFE_filled,jbstat_security,Employment-status security,-1.872110292999733,0.06165612971039955,-30.36373352970879,1.6551801514987474e-202,0.15379875867149975,0.13629221117115115,0.17355399817521677,0.26808636167477473,0.6053870719967994,233873
sens_composite,ni_a_regionFE_filled,health_good,No long-standing illness/disability,0.25159853072862687,0.027450670514788295,9.165478511466052,4.932763534373693e-20,1.2860796121825413,1.218714000897039,1.3571689236803406,0.41485775965426597,1.1100195222590887,233873
sens_composite,ni_a_regionFE_filled,sf1_good,Self-rated general health,0.005192757936413173,0.05308194432092606,0.09782531523371638,0.9220710051432998,1.0052062636711236,0.9058822564417652,1.1154204923856095,0.23795185586308057,1.00123639008882,233873
sens_composite,ni_a_regionFE_filled,qfhigh_band,Highest qualification band,-0.5790148328762826,0.03713338658114047,-15.592836694575984,8.143561287947551e-55,0.5604502318238854,0.5211095799214887,0.6027608672992932,0.3696210035248572,0.8073354323653492,233873
sens_composite,ni_a_regionFE_filled,dvage,Age (mean of adults),5.324359872686509e-06,0.001091260847258512,0.004879089986653947,0.996107064874444,1.0000053243740472,0.9978687667111372,1.0021464566652039,16.801292962520513,1.000089460131378,233873
sens_composite,ni_a_regionFE_filled,heatch,Has central heating,0.07266223498724501,0.03458564155998361,2.1009364496310776,0.035646545238980615,1.0753672541317423,1.004887528338548,1.1507902114884694,,,233873
sens_composite,ni_a_regionFE_filled,hsbeds,Bedrooms,0.2552461666683824,0.018012156082669265,14.170772532554961,1.3896332861869039e-45,1.2907793286136993,1.2460056931080865,1.3371618479691032,1.0165822584594086,1.296254205058997,233873
sens_composite,ni_a_regionFE_filled,hsrooms,Rooms,0.12049649256629566,0.018505861076762813,6.511261057589968,7.452249845025964e-11,1.1280567843744396,1.0878743681900136,1.1697234037146995,1.048215274549904,1.13462961132169,233873
sens_composite,ni_a_regionFE_filled,ncars,Cars,-0.19209169366822076,0.01937040877121863,-9.916759937128363,3.5199737294460724e-23,0.8252311965468747,0.7944883175828927,0.8571636771526648,1.0525960220677408,0.8169356486656405,233873
sens_composite,ni_a_regionFE_filled,bill_security,Bill-payment security,-0.9275397923829775,0.058473275082901975,-15.862627688767805,1.1498067774312788e-56,0.39552558943712046,0.35269722642627094,0.4435546417099042,0.13643657446706173,0.8811297818197328,233873
sens_composite,ni_a_regionFE_filled,lone_parent,Lone-parent household,0.4359458364009789,0.04066352509104313,10.720807785968457,8.12902457591226e-27,1.546425032535588,1.4279599134906213,1.6747181476592627,,,233873
sens_composite,ni_a_regionFE_filled,large_family,Large family (3+ children),0.6655664606281821,0.06075168133797586,10.95552330355237,6.251598470935649e-28,1.9455923106897246,1.7271892101929085,2.191612486388912,,,233873
sens_composite,ni_a_regionFE_filled,ieqmoecd_dv,OECD equivalence scale,-1.2638253775952875,0.03764338954950284,-33.57363384966429,4.0700505742582134e-247,0.2825710155256307,0.26247352337566027,0.30420736456875924,0.5924786930461247,0.47293864761791676,233873
sens_composite,ni_a_regionFE_filled,workless_household,Workless household,-0.061044452041396254,0.04377457943543811,-1.3945182987178435,0.16316114765908785,0.9407814191919207,0.8634312078871986,1.0250610246790994,,,233873
sens_composite,ni_a_regionFE_filled,financial_strain_score,Strain composite (no bill arrears),1.5721604822789894,0.06954167763553715,22.60745693422249,3.6602913154903847e-113,4.817044098058923,4.203263715697647,5.520451585273179,0.1478393308456485,1.26165853583257,233873
sens_composite,ni_a_regionFE_filled,fes_delta_growth3,FES Delta (growth-only),-0.026926724902868095,0.0048465459163667835,-5.555858825547604,2.7625008286400425e-08,0.9734325672770228,0.9642296560297979,0.9827233140050323,2.416951490731012,0.9369919501263018,233873
sens_composite,ni_a_regionFE_filled,region_Northern Ireland,Northern Ireland (vs South East),0.8884281210074618,0.06435119380311079,13.805930682897673,2.3472137481685602e-43,2.431304928934778,2.1432044140169864,2.7581333907311056,,,233873
sens_composite,ni_b_oil_filled,tenure_security,Tenure security,0.4897297328699305,0.06683021257237619,7.327969102889805,2.3366657086518493e-13,1.6318751181455908,1.4315316044230877,1.8602567997762725,0.24129714022670964,1.1254358513229614,233873
sens_composite,ni_b_oil_filled,jbstat_security,Employment-status security,-1.8624955534512082,0.06147631004983961,-30.296150695141915,1.2883104872229433e-201,0.15528462534303106,0.13765745261984697,0.17516897493749606,0.26808636167477473,0.6069495187362703,233873
sens_composite,ni_b_oil_filled,health_good,No long-standing illness/disability,0.25561978316196565,0.027475413438176704,9.303582773636649,1.3579112700315268e-20,1.2912616751611476,1.2235652858202644,1.3627035133006375,0.41485775965426597,1.1118728553374242,233873
sens_composite,ni_b_oil_filled,sf1_good,Self-rated general health,-0.01344055925294436,0.052993055228307856,-0.25362869143964123,0.7997824286862725,0.9866493617498956,0.8893138764300913,1.0946382248630089,0.23795185586308057,0.9968069027949944,233873
sens_composite,ni_b_oil_filled,qfhigh_band,Highest qualification band,-0.5833577213768801,0.03684720432368995,-15.831804124195807,1.8775945212482833e-56,0.5580215365505632,0.5191424752090956,0.599812286846368,0.3696210035248572,0.806040518707918,233873
sens_composite,ni_b_oil_filled,dvage,Age (mean of adults),-0.0008086804569704143,0.0010853497608124946,-0.7450874235831911,0.45621887141948814,0.9991916464369468,0.9970683787198942,1.0013194356751856,16.801292962520513,0.986505007732193,233873
sens_composite,ni_b_oil_filled,heatch,Has central heating,0.07348512770008096,0.034643549751968025,2.1211777726647782,0.033906845038903906,1.0762525302024477,1.0056006431776432,1.1518683054009835,,,233873
sens_composite,ni_b_oil_filled,hsbeds,Bedrooms,0.2410304219473696,0.017657241651263523,13.650513863252353,2.0046000253183078e-42,1.2725597484650537,1.229272909665414,1.317370862629857,1.0165822584594086,1.2776561297552622,233873
sens_composite,ni_b_oil_filled,hsrooms,Rooms,0.09931035347541343,0.016927782092569704,5.866707932104396,4.445327017467901e-09,1.1044090035489733,1.0683682775191008,1.141665540605898,1.048215274549904,1.109709899577426,233873
sens_composite,ni_b_oil_filled,ncars,Cars,-0.22163561157584077,0.019385331478597473,-11.433160780383833,2.8552280437095995e-30,0.801207261800953,0.7713368018685169,0.8322344724218225,1.0525960220677408,0.7919216941382948,233873
sens_composite,ni_b_oil_filled,bill_security,Bill-payment security,-0.9170034108977628,0.058585260443146006,-15.652459406366686,3.1962465430469427e-55,0.3997150299487075,0.35635480136503933,0.4483512065920792,0.13643657446706173,0.8823973588795785,233873
sens_composite,ni_b_oil_filled,lone_parent,Lone-parent household,0.42658982347094465,0.04066514143096119,10.490307139228397,9.571673890539439e-26,1.532024132487768,1.4146577242423262,1.6591277892198097,,,233873
sens_composite,ni_b_oil_filled,large_family,Large family (3+ children),0.6593305964182921,0.06069527211179209,10.86296466722974,1.7303857706108356e-27,1.9334976108781512,1.7166419863957136,2.1777476264114597,,,233873
sens_composite,ni_b_oil_filled,ieqmoecd_dv,OECD equivalence scale,-1.2487809298625379,0.037619054548285,-33.195436324953256,1.2528260097365147e-241,0.2868542792807919,0.26646485455650887,0.3088038671315747,0.5924786930461247,0.47717303682988377,233873
sens_composite,ni_b_oil_filled,workless_household,Workless household,-0.05703631788767561,0.04358099273947618,-1.3087429703273243,0.19062143079294847,0.9445597643281601,0.8672278845958679,1.0287874320409283,,,233873
sens_composite,ni_b_oil_filled,financial_strain_score,Strain composite (no bill arrears),1.576064932036268,0.06936499423872611,22.721330107980595,2.7573124461828927e-114,4.835888769815271,4.22116873675086,5.54012920412798,0.1478393308456485,1.2623870147831309,233873
sens_composite,ni_b_oil_filled,fes_delta_growth3,FES Delta (growth-only),-0.02623698457805777,0.004822789283758487,-5.440209603686191,5.3217920970092754e-08,0.9741042145766431,0.9649398821448621,0.9833555835072507,2.416951490731012,0.9385552830015362,233873
sens_composite,ni_b_oil_filled,oil,Uses heating oil,0.75267549850972,0.05146541480589103,14.624879666248496,1.949151956133592e-48,2.122671630816619,1.9190017693479775,2.347957633100362,,,233873
sens_composite,ni_b_oil_filled,region_Northern Ireland,Northern Ireland (vs South East),0.34747486735839883,0.07432886308508993,4.674830919458809,2.9419589903268455e-06,1.415488735196561,1.223594664387839,1.6374771954982004,,,233873
sens_composite,ni_b_oil_rural_filled,tenure_security,Tenure security,0.4976000987327259,0.06682550250850314,7.446260485200382,9.602312377783561e-14,1.644769246563875,1.442856054619156,1.874938158786987,0.24129714022670964,1.1275751936850544,233873
sens_composite,ni_b_oil_rural_filled,jbstat_security,Employment-status security,-1.8631495427837719,0.06152635879404878,-30.28213564564116,1.9705194859668506e-201,0.15518310405508365,0.13755396170221484,0.17507162633603135,0.26808636167477473,0.6068431142631271,233873
sens_composite,ni_b_oil_rural_filled,health_good,No long-standing illness/disability,0.25640386956941896,0.027447529888887958,9.341600887489086,9.488838536829661e-21,1.2922745329212166,1.2245919659901656,1.363697880449887,0.41485775965426597,1.1122345889845848,233873
sens_composite,ni_b_oil_rural_filled,sf1_good,Self-rated general health,-0.020927377080175183,0.05297554443733991,-0.39503845222257844,0.6928145102321166,0.9792900808921207,0.882710902045385,1.086436182346356,0.23795185586308057,0.9950326699772589,233873
sens_composite,ni_b_oil_rural_filled,qfhigh_band,Highest qualification band,-0.5845607376478839,0.036820444566381665,-15.875982610530672,9.294387009029167e-57,0.5573506311984636,0.5185455099228091,0.5990597163662025,0.3696210035248572,0.8056821843397008,233873
sens_composite,ni_b_oil_rural_filled,dvage,Age (mean of adults),-0.0011934164897892693,0.001082488640874785,-1.1024748387427334,0.2702552913819919,0.9988072953484685,0.9966904334892216,1.0009286531916042,16.801292962520513,0.9801487431882282,233873
sens_composite,ni_b_oil_rural_filled,heatch,Has central heating,0.07117693947394164,0.03456828425348046,2.0590243632579277,0.03949190463738997,1.073771201572301,1.0034302171052318,1.149043125940772,,,233873
sens_composite,ni_b_oil_rural_filled,hsbeds,Bedrooms,0.2402699475592043,0.017656811878877833,13.607776375905665,3.600320344325932e-42,1.2715923672498763,1.2283394691458747,1.3163683078363408,1.0165822584594086,1.2766687749623982,233873
sens_composite,ni_b_oil_rural_filled,hsrooms,Rooms,0.09722618272014186,0.01677386088881321,5.79629122744089,6.779749048676433e-09,1.1021096235844874,1.0664656171990718,1.138944943755096,1.048215274549904,1.1072882074191208,233873
sens_composite,ni_b_oil_rural_filled,ncars,Cars,-0.23243078063047434,0.019650710694955963,-11.82811065912928,2.793589905386124e-32,0.7926046110394696,0.7626580861714238,0.8237270158567787,1.0525960220677408,0.7829740579904455,233873
sens_composite,ni_b_oil_rural_filled,bill_security,Bill-payment security,-0.918559230478399,0.05858588746689563,-15.67884810138683,2.1104685175110574e-55,0.3990936289976678,0.3558003713965343,0.447654745500582,0.13643657446706173,0.8822100716582604,233873
sens_composite,ni_b_oil_rural_filled,lone_parent,Lone-parent household,0.4213943136569918,0.040644051160241265,10.367921051856348,3.4699151916779247e-25,1.5240851275196627,1.4073850909936803,1.6504619032780823,,,233873
sens_composite,ni_b_oil_rural_filled,large_family,Large family (3+ children),0.6597386768612885,0.06072699441056675,10.864010038120563,1.710684079065194e-27,1.9342867944539706,1.7172358856631786,2.1787719639658603,,,233873
sens_composite,ni_b_oil_rural_filled,ieqmoecd_dv,OECD equivalence scale,-1.2453121520905375,0.037615283557282754,-33.10654697562238,2.3923192284577073e-240,0.2878510408012131,0.26739274317886447,0.3098746088068519,0.5924786930461247,0.478154720263451,233873
sens_composite,ni_b_oil_rural_filled,workless_household,Workless household,-0.058187193673357986,0.043583429121857004,-1.335076079274754,0.18185144760967686,0.9434733186691835,0.8662262506984753,1.0276090136068758,,,233873
sens_composite,ni_b_oil_rural_filled,financial_strain_score,Strain composite (no bill arrears),1.576947979204117,0.06932418415518034,22.747443744511454,1.5211014320307897e-114,4.840160973698646,4.225235821547321,5.544580052039836,0.1478393308456485,1.2625518290327342,233873
sens_composite,ni_b_oil_rural_filled,fes_delta_growth3,FES Delta (growth-only),-0.026343256604944524,0.00482665962554399,-5.457864993323514,4.8189383488147855e-08,0.9740007000478079,0.9648300225081655,0.9832585445749756,2.416951490731012,0.9383142419671223,233873
sens_composite,ni_b_oil_rural_filled,oil,Uses heating oil,0.6583720326980578,0.05420750214618423,12.145404356072175,6.06818488673808e-34,1.9316451182231753,1.7369440582810276,2.1481710046828284,,,233873
sens_composite,ni_b_oil_rural_filled,rural,Rural location,0.15736043583425804,0.032988620272480514,4.770142992780148,1.8409518882771233e-06,1.1704173982546195,1.0971368558934536,1.2485925331726764,,,233873
sens_composite,ni_b_oil_rural_filled,region_Northern Ireland,Northern Ireland (vs South East),0.3653709952953849,0.07411868580238391,4.929539580201695,8.242363612042013e-07,1.4410485312158172,1.246202641215638,1.6663589055577468,,,233873
sens_composite,ni_c_ni_x_oil_filled,tenure_security,Tenure security,0.49010878011320036,0.06688544707980822,7.327584721507488,2.343375299059573e-13,1.632493793156606,1.431919300780474,1.8611635329185474,0.24129714022670964,1.125538791787577,233873
sens_composite,ni_c_ni_x_oil_filled,jbstat_security,Employment-status security,-1.8623162017074584,0.06146080536190279,-30.300875342285007,1.1163074049131521e-201,0.1553124784090372,0.13768632797345956,0.1751950705970414,0.26808636167477473,0.6069787026368038,233873
sens_composite,ni_c_ni_x_oil_filled,health_good,No long-standing illness/disability,0.25559360321863356,0.02747153578856245,9.303943004345898,1.3533165931727686e-20,1.2912278704461697,1.2235425523233534,1.3626574819576283,0.41485775965426597,1.1118607794045803,233873
sens_composite,ni_c_ni_x_oil_filled,sf1_good,Self-rated general health,-0.013384051927193528,0.052990007051581446,-0.25257690405976446,0.8005951793319237,0.9867051162420356,0.8893694439576152,1.0946935416240897,0.23795185586308057,0.9968203059736777,233873
sens_composite,ni_c_ni_x_oil_filled,qfhigh_band,Highest qualification band,-0.5834617773484134,0.03685242732477372,-15.83238390802514,1.8603709833406808e-56,0.5579634740983658,0.5190831443185892,0.5997560156506293,0.3696210035248572,0.8060095179599525,233873
sens_composite,ni_c_ni_x_oil_filled,dvage,Age (mean of adults),-0.0008113371315391622,0.001085549711201103,-0.7473974919503785,0.45482365887372633,0.9991889919134366,0.9970653390916514,1.0013171679105148,16.801292962520513,0.986460975503808,233873
sens_composite,ni_c_ni_x_oil_filled,heatch,Has central heating,0.07333773811851355,0.034663471527168366,2.115706675860012,0.03436976244825401,1.0760939134818737,1.0054131809505744,1.1517435145796637,,,233873
sens_composite,ni_c_ni_x_oil_filled,hsbeds,Bedrooms,0.2409655974941814,0.0176549619233694,13.648604768454454,2.0578078325273253e-42,1.2724772581489339,1.2291987175784709,1.3172795816904685,1.0165822584594086,1.2775719357711233,233873
sens_composite,ni_c_ni_x_oil_filled,hsrooms,Rooms,0.09922935490467606,0.016929819702099794,5.861217464257384,4.594857553384003e-09,1.1043195516209643,1.0682774783945945,1.141577630116309,1.048215274549904,1.109615684835392,233873
sens_composite,ni_c_ni_x_oil_filled,ncars,Cars,-0.22166494569444956,0.01938984962533325,-11.432009529606646,2.8933433492053282e-30,0.8011837594368174,0.7713073454460719,0.8322174295048148,1.0525960220677408,0.7918972423682091,233873
sens_composite,ni_c_ni_x_oil_filled,bill_security,Bill-payment security,-0.9171178835444386,0.058594397604023137,-15.651972219976685,3.220812281978896e-55,0.39966927613014347,0.3563076298279677,0.4483079140334894,0.13643657446706173,0.8823835774795465,233873
sens_composite,ni_c_ni_x_oil_filled,lone_parent,Lone-parent household,0.42659504299783196,0.04066320500004624,10.490935060267553,9.50827055486016e-26,1.5320321289497882,1.4146704772436016,1.6591301521380757,,,233873
sens_composite,ni_c_ni_x_oil_filled,large_family,Large family (3+ children),0.6593280890170125,0.06069372796147924,10.863199726921884,1.7259361749497025e-27,1.9334927628298455,1.7166428774665536,2.1777355750501615,,,233873
sens_composite,ni_c_ni_x_oil_filled,ieqmoecd_dv,OECD equivalence scale,-1.2486315450151724,0.03766711866572265,-33.149112256134316,5.832644312872924e-241,0.2868971341643738,0.26647955873488827,0.30887909745309267,0.5924786930461247,0.4772152720147115,233873
sens_composite,ni_c_ni_x_oil_filled,workless_household,Workless household,-0.05703542687367048,0.04358060830177472,-1.3087340699498184,0.1906244467104089,0.9445606059445137,0.8672293107516093,1.0287875735300283,,,233873
sens_composite,ni_c_ni_x_oil_filled,financial_strain_score,Strain composite (no bill arrears),1.576131529922827,0.06935657396433956,22.72504882858274,2.5334759063207622e-114,4.836210840511469,4.221519536025194,5.540406740816055,0.1478393308456485,1.2623994440379582,233873
sens_composite,ni_c_ni_x_oil_filled,fes_delta_growth3,FES Delta (growth-only),-0.02623263098660038,0.004822724103628687,-5.43938040470998,5.346618562311975e-08,0.9741084554376618,0.9649442063803313,0.983359739020128,2.416951490731012,0.9385651589257785,233873
sens_composite,ni_c_ni_x_oil_filled,oil,Uses heating oil,0.7560922583230809,0.05692209421383169,13.282931149419227,2.9078470125137176e-40,2.1299366943624922,1.9050857177095806,2.381326089330015,,,233873
sens_composite,ni_c_ni_x_oil_filled,ni_x_oil,Northern Ireland x heating oil,-0.020372408187643104,0.12723550662026398,-0.16011574700169837,0.8727898968977899,0.9798337072576895,0.7635708069178194,1.257347825742213,,,233873
sens_composite,ni_c_ni_x_oil_filled,region_Northern Ireland,Northern Ireland (vs South East),0.36119609251167184,0.11033413283662193,3.2736568750353583,0.0010616544177139938,1.4350448348360159,1.1559761816008862,1.7814845243070443,,,233873
sens_composite,ni_c_ni_x_oil_rural_filled,tenure_security,Tenure security,0.49729668594706056,0.06686549566153212,7.437269118056602,1.0278801488723741e-13,1.6442702782455099,1.4423052803200291,1.8745162933340065,0.24129714022670964,1.127492643953036,233873
sens_composite,ni_c_ni_x_oil_rural_filled,jbstat_security,Employment-status security,-1.8632997574992287,0.061512831166831046,-30.291237163929424,1.495323416773619e-201,0.15515979501998817,0.13753694718464335,0.17504068894538316,0.26808636167477473,0.6068186768695154,233873
sens_composite,ni_c_ni_x_oil_rural_filled,health_good,No long-standing illness/disability,0.2564273747745437,0.027443253937819413,9.343912910457108,9.283823266249477e-21,1.2923049084561806,1.2246310138483056,1.363718505847677,0.41485775965426597,1.1122454347892297,233873
sens_composite,ni_c_ni_x_oil_rural_filled,sf1_good,Self-rated general health,-0.020986877522885347,0.05297076851134184,-0.396197338884969,0.6919594542953336,0.9792318144322232,0.8826666442070584,1.0863613717471392,0.23795185586308057,0.9950185821648754,233873
sens_composite,ni_c_ni_x_oil_rural_filled,qfhigh_band,Highest qualification band,-0.5844736673391877,0.03682629352365215,-15.871096746779637,1.0046979337282792e-56,0.5573991620027395,0.5185847168487564,0.5991187470570389,0.3696210035248572,0.8057081140386716,233873
sens_composite,ni_c_ni_x_oil_rural_filled,dvage,Age (mean of adults),-0.0011919086366071995,0.001082612269042962,-1.1009561508672505,0.27091574186577383,0.9988088014043625,0.9966916948480347,1.0009304049783678,16.801292962520513,0.9801735744764012,233873
sens_composite,ni_c_ni_x_oil_rural_filled,heatch,Has central heating,0.0712978298170711,0.034589715149503875,2.0612436242653978,0.03927980358636124,1.0739010179879191,1.0035093773843222,1.149230313563691,,,233873
sens_composite,ni_c_ni_x_oil_rural_filled,hsbeds,Bedrooms,0.24032275704443798,0.017659032917769952,13.609055386187412,3.537868843213972e-42,1.271659521161384,1.2283989914094149,1.316443557076667,1.0165822584594086,1.2767373150025207,233873
sens_composite,ni_c_ni_x_oil_rural_filled,hsrooms,Rooms,0.0972901157173482,0.016804050006299778,5.789682587285475,7.051956097390688e-09,1.1021800870084182,1.066470697228644,1.1390851594466636,1.048215274549904,1.1073624154274662,233873
sens_composite,ni_c_ni_x_oil_rural_filled,ncars,Cars,-0.2324269198366336,0.01965279202271192,-11.826661553637132,2.8422256713087973e-32,0.7926076711283773,0.7626579195050242,0.8237335563751543,1.0525960220677408,0.7829772398909213,233873
sens_composite,ni_c_ni_x_oil_rural_filled,bill_security,Bill-payment security,-0.9184654331402158,0.05859610753295752,-15.674512724648523,2.2595114739370128e-55,0.39913106467340964,0.35582661846885383,0.447705704179278,0.13643657446706173,0.8822213617146593,233873
sens_composite,ni_c_ni_x_oil_rural_filled,lone_parent,Lone-parent household,0.4213802679850728,0.04064367474714953,10.3676714914816,3.4789870948443114e-25,1.5240637208703207,1.4073663617559926,1.6504375039736852,,,233873
sens_composite,ni_c_ni_x_oil_rural_filled,large_family,Large family (3+ children),0.6597383821980322,0.06072885756469593,10.863671879471745,1.7170327558340807e-27,1.934286224490809,1.7172291088142062,2.1787792782283377,,,233873
sens_composite,ni_c_ni_x_oil_rural_filled,ieqmoecd_dv,OECD equivalence scale,-1.2454310718810169,0.03766012927197212,-33.07028138132034,7.951243380939741e-240,0.28781681165105377,0.26733744785932134,0.3098649954665893,0.5924786930461247,0.4781210318917738,233873
sens_composite,ni_c_ni_x_oil_rural_filled,workless_household,Workless household,-0.05818786768188766,0.043583982275508346,-1.3350745995183153,0.18185193187277549,0.9434726827603335,0.8662247277270112,1.0276094350835787,,,233873
sens_composite,ni_c_ni_x_oil_rural_filled,financial_strain_score,Strain composite (no bill arrears),1.5768924238527173,0.06931611422881956,22.74929057112513,1.458402319251904e-114,4.839892084324112,4.225067919984781,5.544184337748487,0.1478393308456485,1.2625414594013384,233873
sens_composite,ni_c_ni_x_oil_rural_filled,fes_delta_growth3,FES Delta (growth-only),-0.026347073852246907,0.004826381766219976,-5.458970120567554,4.789043379230392e-08,0.9739969820533594,0.9648268649594314,0.9832542557663352,2.416951490731012,0.9383055850245676,233873
sens_composite,ni_c_ni_x_oil_rural_filled,oil,Uses heating oil,0.6553398682018426,0.06006916039131401,10.909755753746222,1.0353414302883944e-27,1.9257969233016174,1.7119044722670627,2.166413985055241,,,233873
sens_composite,ni_c_ni_x_oil_rural_filled,ni_x_oil,Northern Ireland x heating oil,0.017107549628597642,0.12759767295041696,0.13407415067236725,0.8933439398439746,1.017254721809718,0.7921699761326954,1.3062943562895495,,,233873
sens_composite,ni_c_ni_x_oil_rural_filled,rural,Rural location,0.15762693872623904,0.033045197485250394,4.770040753927867,1.8418865108098923e-06,1.1707293594435124,1.0973075985857774,1.249063831171379,,,233873
sens_composite,ni_c_ni_x_oil_rural_filled,region_Northern Ireland,Northern Ireland (vs South East),0.3539009135155766,0.11052268379763375,3.2020658687909416,0.0013644579438566275,1.424614019491282,1.147149802992459,1.7691892543039107,,,233873
sens_composite_v1,main,tenure_security,Tenure security,0.48504124630922324,0.06811446066941425,7.120973161092995,1.0716766112932895e-12,1.6242420014504662,1.4212536817361123,1.8562218083778024,0.24134550839904903,1.1241897187874001,234102
sens_composite_v1,main,jbstat_security,Employment-status security,-1.8816894420291843,0.06151108024874861,-30.591064803604482,1.609230454294874e-205,0.15233253125883622,0.13503126375739574,0.17185057322292416,0.2681259101938836,0.6037894742655873,234102
sens_composite_v1,main,health_good,No long-standing illness/disability,0.2570136308120709,0.02739217789995201,9.382738084966993,6.428130780963373e-21,1.2930627521345994,1.2254718440737142,1.3643816371984554,0.41491116921067966,1.112531251682073,234102
sens_composite_v1,main,sf1_good,Self-rated general health,-0.04173176534026314,0.05302942600022874,-0.7869548755832871,0.43130828204105376,0.959127017180153,0.8644450570975108,1.0641794149111878,0.2380439039941962,0.9901151867767093,234102
sens_composite_v1,main,qfhigh_band,Highest qualification band,-0.6520409167910469,0.03674617016225461,-17.744459188860407,1.9022259822245563e-70,0.5209814112796745,0.48477903641566433,0.5598873105276692,0.3696555577609093,0.7858176202525943,234102
sens_composite_v1,main,dvage,Age (mean of adults),-0.0011955824476059674,0.0010850458543476534,-1.101872739124717,0.2705170016462266,0.9988051319763426,0.996683279266856,1.000931501927178,16.804275623689193,0.9801095802563503,234102
sens_composite_v1,main,heatch,Has central heating,0.0983318301218169,0.034635349050017555,2.839059885893284,0.004524666436544134,1.1033288421148615,1.0309160680126195,1.18082797583054,,,234102
sens_composite_v1,main,hsbeds,Bedrooms,0.2738484342839551,0.017867121820825456,15.326947285083401,5.05176163892847e-53,1.3150154758713737,1.269762047836913,1.3618817043138784,1.016730359746139,1.3210541509675597,234102
sens_composite_v1,main,hsrooms,Rooms,0.1197340368457443,0.017739509369378518,6.749568680429578,1.4828530525363416e-11,1.127197018834315,1.0886792206967437,1.1670775882502957,1.0480685757639092,1.1337032440032597,234102
sens_composite_v1,main,ncars,Cars,-0.200389824144295,0.019002177435006862,-10.5456243017248,5.321822484355889e-26,0.8184116542630074,0.7884916932232982,0.8494669526516216,1.0525231910949933,0.8098429514837167,234102
sens_composite_v1,main,bill_security,Bill-payment security,-0.3646418612019995,0.0664440886869703,-5.487950371625849,4.0662426325354296e-08,0.6944453141574264,0.6096502285955144,0.791034386169596,0.1364708459188845,0.9514549085227056,234102
sens_composite_v1,main,lone_parent,Lone-parent household,0.42736637557961515,0.04067455325515255,10.506971592256578,8.02285462865378e-26,1.53321429110867,1.4157305903428106,1.6604473185047466,,,234102
sens_composite_v1,main,large_family,Large family (3+ children),0.6577507390647371,0.06093746385204939,10.793864684977637,3.6798225661598784e-27,1.9304453721452806,1.7131186897680986,2.1753421739515293,,,234102
sens_composite_v1,main,ieqmoecd_dv,OECD equivalence scale,-1.2714497473028392,0.037406987859272434,-33.98963188605609,3.1701536344986086e-253,0.2804247818709407,0.2606006561953403,0.3017569465689273,0.5925621550024284,0.47075711271236953,234102
sens_composite_v1,main,workless_household,Workless household,-0.054846996221560855,0.043629348426841866,-1.2571124300315613,0.2087129267710578,0.9466299748366049,0.8690462371654982,1.0311399680895221,,,234102
sens_composite_v1,main,financial_strain_score_v1,"Strain composite, v1 (incl. bill arrears)",2.0169013339579807,0.09482765934600605,21.269124935360207,2.1933394256045815e-100,7.51500233530948,6.240389104337375,9.049958128484949,0.1213860744323079,1.277396133700667,234102
sens_composite_v1,main,fes_delta_growth3,FES Delta (growth-only),-0.027473467477485598,0.00481925337928841,-5.700772571028878,1.1926566583695007e-08,0.9729004957153151,0.963754166850881,0.9821336261050488,2.4164771708600337,0.9357667736879475,234102
sens_composite_v1,ni_a_regionFE_filled,tenure_security,Tenure security,0.46943009182738216,0.06764335616515284,6.939781206024988,3.9270767441289624e-12,1.599082603236468,1.4005311393884323,1.8257824478576812,0.24131538905464972,1.119946263617783,233995
sens_composite_v1,ni_a_regionFE_filled,jbstat_security,Employment-status security,-1.8767798415041521,0.06163559121221408,-30.449612060056594,1.2121508208628928e-203,0.15308226206770076,0.13566273262938128,0.1727385148859145,0.2681190576464273,0.6045925961880234,233995
sens_composite_v1,ni_a_regionFE_filled,health_good,No long-standing illness/disability,0.25154689879108005,0.02740982264170591,9.17725379252671,4.422251300903481e-20,1.2860132111145477,1.2187486475060836,1.356990206754584,0.41490624723631553,1.1100092845862084,233995
sens_composite_v1,ni_a_regionFE_filled,sf1_good,Self-rated general health,-0.016155619172184093,0.05307507419037491,-0.3043918339941556,0.760829388351929,0.9839741828922627,0.8867600489440761,1.091845752130356,0.23803729438244856,0.9961617451264905,233995
sens_composite_v1,ni_a_regionFE_filled,qfhigh_band,Highest qualification band,-0.5819662960747845,0.03712517402971784,-15.6757863440299,2.2146709809173714e-55,0.5587985222690701,0.519582174956414,0.6009747900152475,0.3696481662950051,0.8064424237841317,233995
sens_composite_v1,ni_a_regionFE_filled,dvage,Age (mean of adults),7.21094448971543e-05,0.001090870390320886,0.06610266951690098,0.9472960855350078,1.0000721120448457,0.997936175388822,1.0022126203613735,16.80407545593621,1.0012124669976477,233995
sens_composite_v1,ni_a_regionFE_filled,heatch,Has central heating,0.07371586016324938,0.03455061516080575,2.133561437912478,0.03287869743295853,1.0765008852504168,1.0060159222155811,1.1519242691435234,,,233995
sens_composite_v1,ni_a_regionFE_filled,hsbeds,Bedrooms,0.25568752103177883,0.018012884513166145,14.194701622879409,9.880609106709903e-46,1.2913491454388861,1.2465539648291273,1.3377540503465706,1.0166383260732894,1.2968545211341918,233995
sens_composite_v1,ni_a_regionFE_filled,hsrooms,Rooms,0.1211861023294907,0.01851864998265744,6.544003069499152,5.989356686766947e-11,1.1288349716383104,1.0885975488056407,1.1705596752369445,1.0481299049001842,1.1354383387400502,233995
sens_composite_v1,ni_a_regionFE_filled,ncars,Cars,-0.19468616538964728,0.01936499733251732,-10.053508505407027,8.865366506738552e-24,0.823092932575936,0.7924381164943274,0.854933604977978,1.0525863148792727,0.8147092373491452,233995
sens_composite_v1,ni_a_regionFE_filled,bill_security,Bill-payment security,-0.4076441978547851,0.06629259349606477,-6.149166541191113,7.789115929689191e-10,0.665215521830558,0.5841629602534795,0.7575141195057751,0.13646627297673014,0.9458893486406296,233995
sens_composite_v1,ni_a_regionFE_filled,lone_parent,Lone-parent household,0.4371554204529734,0.04056927246788399,10.775530194657556,4.4918671556159925e-27,1.5482966953310806,1.4299523292637086,1.6764353662107676,,,233995
sens_composite_v1,ni_a_regionFE_filled,large_family,Large family (3+ children),0.667907647773566,0.0606710147920422,11.008677703231212,3.4705991638512823e-28,1.950152642609913,1.7315113569722838,2.196402185965739,,,233995
sens_composite_v1,ni_a_regionFE_filled,ieqmoecd_dv,OECD equivalence scale,-1.2631345604508646,0.037636693603171276,-33.561252052822,6.169691866435164e-247,0.2827662878686482,0.2626583542865665,0.3044135937430739,0.5925317735366883,0.4731005369809155,233995
sens_composite_v1,ni_a_regionFE_filled,workless_household,Workless household,-0.06237606637871875,0.04372728536680081,-1.4264792761655565,0.15373004473361804,0.9395294948910047,0.8623621483595934,1.0236020602820637,,,233995
sens_composite_v1,ni_a_regionFE_filled,financial_strain_score_v1,"Strain composite, v1 (incl. bill arrears)",2.035815079277093,0.09499033699024471,21.431812369358855,6.7500886805357235e-102,7.658491860202992,6.357514123728038,9.225696778853827,0.12137416484376264,1.2803011901080263,233995
sens_composite_v1,ni_a_regionFE_filled,fes_delta_growth3,FES Delta (growth-only),-0.026858296299945385,0.004845047930365871,-5.543453168257346,2.9656401847145983e-08,0.9734991801867291,0.9642984703504116,0.9827876772218186,2.4165244673407544,0.9371576790547151,233995
sens_composite_v1,ni_a_regionFE_filled,region_Northern Ireland,Northern Ireland (vs South East),0.8898275846620282,0.06430804577121381,13.83695576487789,1.5253071165350719e-43,2.434709833780571,2.1463873596837515,2.761762432099497,,,233995
sens_composite_v1,ni_b_oil_filled,tenure_security,Tenure security,0.48103798593353114,0.06673984748851418,7.207657854122561,5.692243571754543e-13,1.617752735582446,1.4193943811935879,1.843831389048978,0.24131538905464972,1.1230878141377134,233995
sens_composite_v1,ni_b_oil_filled,jbstat_security,Employment-status security,-1.8670578073694895,0.061454276474540465,-30.38125114275785,9.716892495359012e-203,0.15457779105736877,0.13703677261043284,0.17436409974497927,0.2681190576464273,0.6061706209107611,233995
sens_composite_v1,ni_b_oil_filled,health_good,No long-standing illness/disability,0.2555640569334683,0.027435152033980923,9.315204691300016,1.21717615535445e-20,1.2911897200229006,1.2235936541110122,1.3625200551600443,0.41490624723631553,1.111860928591301,233995
sens_composite_v1,ni_b_oil_filled,sf1_good,Self-rated general health,-0.034790269672043815,0.052982780719741655,-0.6566335175209251,0.5114165918147993,0.9658079542366305,0.8705460577110714,1.0714941457770986,0.23803729438244856,0.9917528145152481,233995
sens_composite_v1,ni_b_oil_filled,qfhigh_band,Highest qualification band,-0.5863309868658383,0.03683803798351722,-15.916455353246166,4.872079224368234e-57,0.5563648544721317,0.5176105183707566,0.598020790354334,0.3696481662950051,0.8051423586645613,233995
sens_composite_v1,ni_b_oil_filled,dvage,Age (mean of adults),-0.0007424302816966372,0.0010849448941459006,-0.684302295630507,0.4937842976797798,0.9992578452514727,0.9971352281134076,1.001384980837375,16.80407545593621,0.9876016463668275,233995
sens_composite_v1,ni_b_oil_filled,heatch,Has central heating,0.07455978469481872,0.0346086234177381,2.1543701347163173,0.031211156739964392,1.0774097542101992,1.006750813949767,1.1530279016245248,,,233995
sens_composite_v1,ni_b_oil_filled,hsbeds,Bedrooms,0.24147278520771367,0.017666599227367217,13.66832303716098,1.5697108133172554e-42,1.273122806673318,1.2297942598672174,1.317977920182154,1.0166383260732894,1.2782481250231839,233995
sens_composite_v1,ni_b_oil_filled,hsrooms,Rooms,0.09994775265400649,0.016981818072201973,5.885574337745017,3.96674039029554e-09,1.1051131773367222,1.0689362561451836,1.1425144649199654,1.0481299049001842,1.1104421046276851,233995
sens_composite_v1,ni_b_oil_filled,ncars,Cars,-0.2242825646166041,0.019382114713724852,-11.571625074419007,5.738532659455108e-31,0.7990893081016351,0.7693026595651049,0.8300292666131242,1.0525863148792727,0.7897200541310792,233995
sens_composite_v1,ni_b_oil_filled,bill_security,Bill-payment security,-0.3958128720307139,0.06640708827304649,-5.960400950019784,2.516197831695261e-09,0.6731326460977445,0.5909827951837139,0.7667017769979202,0.13646627297673014,0.9474177933340844,233995
sens_composite_v1,ni_b_oil_filled,lone_parent,Lone-parent household,0.427784135521779,0.0405727741671209,10.543625480469215,5.436192620362625e-26,1.533854940431743,1.4166047102934365,1.6608097948506213,,,233995
sens_composite_v1,ni_b_oil_filled,large_family,Large family (3+ children),0.6617590679872338,0.060616269939414394,10.917185578206283,9.540647583905559e-28,1.938198760848899,1.7210823428696274,2.1827046521740843,,,233995
sens_composite_v1,ni_b_oil_filled,ieqmoecd_dv,OECD equivalence scale,-1.2480925776073621,0.0376142436576363,-33.18138173845692,1.998254173382396e-241,0.2870518040463511,0.26665085366893754,0.3090135923906231,0.5925317735366883,0.4773360596695885,233995
sens_composite_v1,ni_b_oil_filled,workless_household,Workless household,-0.05835642948740841,0.04353549552890489,-1.3404333355678317,0.18010450405396228,0.9433136627041983,0.8661610369728535,1.0273385990142367,,,233995
sens_composite_v1,ni_b_oil_filled,financial_strain_score_v1,"Strain composite, v1 (incl. bill arrears)",2.041009411420733,0.09470466188461056,21.55130878253413,5.147133631717237e-103,7.6983761069801275,6.394202273049142,9.268551752627207,0.12137416484376264,1.2811086203833348,233995
sens_composite_v1,ni_b_oil_filled,fes_delta_growth3,FES Delta (growth-only),-0.02616465086927728,0.0048213580408819345,-5.426821789093095,5.736635420705409e-08,0.9741746776956207,0.9650123893837029,0.9834239571467552,2.4165244673407544,0.9387298705045268,233995
sens_composite_v1,ni_b_oil_filled,oil,Uses heating oil,0.7535552021740057,0.05140419561769904,14.659410445371277,1.1728690134844837e-48,2.1245397744142314,1.9209211375046087,2.3497420924482086,,,233995
sens_composite_v1,ni_b_oil_filled,region_Northern Ireland,Northern Ireland (vs South East),0.34825829579051637,0.07426519925780062,4.689387482575646,2.740240604307549e-06,1.4165981038157747,1.2247064467097026,1.6385560744991463,,,233995
sens_composite_v1,ni_b_oil_rural_filled,tenure_security,Tenure security,0.48879538759187696,0.06673590465134885,7.324323992392266,2.401059619562087e-13,1.6303510954271665,1.4304590661007746,1.8581759921351744,0.24131538905464972,1.1251921815651598,233995
sens_composite_v1,ni_b_oil_rural_filled,jbstat_security,Employment-status security,-1.867750283913217,0.0615026166518663,-30.368631215897054,1.4262161440892864e-202,0.15447078661618907,0.13692893676077278,0.17425990796607094,0.2681190576464273,0.6060580859875608,233995
sens_composite_v1,ni_b_oil_rural_filled,health_good,No long-standing illness/disability,0.2563190668102566,0.02740775212858981,9.352064540268623,8.595329652731775e-21,1.2921649491217997,1.2245835900772233,1.3634759352227244,0.41490624723631553,1.1122092828314485,233995
sens_composite_v1,ni_b_oil_rural_filled,sf1_good,Self-rated general health,-0.04229131985803433,0.052968774349076486,-0.798419830886113,0.4246268989904538,0.9585904834485093,0.8640641978360322,1.0634576889765077,0.23803729438244856,0.989983590389645,233995
sens_composite_v1,ni_b_oil_rural_filled,qfhigh_band,Highest qualification band,-0.5875060652651274,0.03681127361037402,-15.959949429719229,2.4292815389422377e-57,0.5557114661159734,0.517029763878347,0.5972871489182323,0.3696481662950051,0.8047927084840386,233995
sens_composite_v1,ni_b_oil_rural_filled,dvage,Age (mean of adults),-0.0011218975795362052,0.001082240627316493,-1.0366433778392197,0.29990208940480867,0.9988787315122725,0.9967622027755969,1.0009997544942963,16.80407545593621,0.9813241443880154,233995
sens_composite_v1,ni_b_oil_rural_filled,heatch,Has central heating,0.07228946571595987,0.034533343452304535,2.0933236834076583,0.03632026987658815,1.0749664649696387,1.0046159772351033,1.150243403444195,,,233995
sens_composite_v1,ni_b_oil_rural_filled,hsbeds,Bedrooms,0.24072542648470308,0.01766583780210642,13.626606854501954,2.7821841171311937e-42,1.2721716826979572,1.2288773396953083,1.3169913204354702,1.0166383260732894,1.2772772892434565,233995
sens_composite_v1,ni_b_oil_rural_filled,hsrooms,Rooms,0.0978906086477254,0.016832317684959904,5.815634571535749,6.04042955745011e-09,1.1028421371169799,1.0670521774575563,1.1398325265580802,1.0481299049001842,1.1080503996425068,233995
sens_composite_v1,ni_b_oil_rural_filled,ncars,Cars,-0.23494423972222148,0.01964543453327747,-11.959228457087503,5.809922075850522e-33,0.7906149333079622,0.7607514502472337,0.8216507146537988,1.0525863148792727,0.7809070959316817,233995
sens_composite_v1,ni_b_oil_rural_filled,bill_security,Bill-payment security,-0.3973481133797447,0.06639218763945397,-5.984862489206759,2.1657275258341055e-09,0.6721000178956522,0.5900934233196974,0.7655032511870694,0.13646627297673014,0.9472193218884546,233995
sens_composite_v1,ni_b_oil_rural_filled,lone_parent,Lone-parent household,0.42266252999298254,0.04055308211700649,10.422451461851606,1.9583915865365723e-25,1.5260192233425538,1.409422364072615,1.6522617558600285,,,233995
sens_composite_v1,ni_b_oil_rural_filled,large_family,Large family (3+ children),0.6621947996260028,0.0606463655432386,10.918952746704706,9.3568439352265e-28,1.9390434793931566,1.7217308747786657,2.1837847424676435,,,233995
sens_composite_v1,ni_b_oil_rural_filled,ieqmoecd_dv,OECD equivalence scale,-1.2446730373821229,0.03760933998320944,-33.094785442600234,3.532241103731118e-240,0.2880350694366613,0.2675668093549724,0.31006910545215016,0.5925317735366883,0.4783042119200034,233995
sens_composite_v1,ni_b_oil_rural_filled,workless_household,Workless household,-0.05950944533869324,0.04353784805700467,-1.3668439758615711,0.17167421549260253,0.9422266338995169,0.8651589259583713,1.026159475435305,,,233995
sens_composite_v1,ni_b_oil_rural_filled,financial_strain_score_v1,"Strain composite, v1 (incl. bill arrears)",2.041348646284752,0.0946449860609039,21.568481662315925,3.551611221704007e-103,7.7009881075677304,6.397119956517779,9.27061212483218,0.12137416484376264,1.2811613702818525,233995
sens_composite_v1,ni_b_oil_rural_filled,fes_delta_growth3,FES Delta (growth-only),-0.02626933874765113,0.004825164215486144,-5.4442372475823495,5.202783897885544e-08,0.97407269875352,0.964904171393587,0.9833283455357148,2.4165244673407544,0.9384924198890666,233995
sens_composite_v1,ni_b_oil_rural_filled,oil,Uses heating oil,0.6603452299725648,0.05413157319105814,12.198892273865146,3.150810677501423e-34,1.9354603980177125,1.7406337935867544,2.1520936604223055,,,233995
sens_composite_v1,ni_b_oil_rural_filled,rural,Rural location,0.15545599069724952,0.03298935764710727,4.712307294982477,2.4492765984035803e-06,1.1681905236855217,1.0950478246955957,1.2462187210937639,,,233995
sens_composite_v1,ni_b_oil_rural_filled,region_Northern Ireland,Northern Ireland (vs South East),0.36593603949432835,0.07405450718817794,4.941441829657418,7.754695372923492e-07,1.4418630174174578,1.2470638552858448,1.667091025198262,,,233995
sens_composite_v1,ni_c_ni_x_oil_filled,tenure_security,Tenure security,0.4813793560207151,0.06679460521094013,7.206859813011831,5.725689534881221e-13,1.6183050822467844,1.4197266249603306,1.8446588893822766,0.24131538905464972,1.1231803355140724,233995
sens_composite_v1,ni_c_ni_x_oil_filled,jbstat_security,Employment-status security,-1.8668990433184212,0.06143909941365921,-30.38617201643698,8.366116932332315e-203,0.15460233440193108,0.13706260792199426,0.17438659722664607,0.2681190576464273,0.6061964247295586,233995
sens_composite_v1,ni_c_ni_x_oil_filled,health_good,No long-standing illness/disability,0.255540157699565,0.027431121889345753,9.315702023795708,1.2114869004474116e-20,1.291158861946512,1.223574076407519,1.3624767302014797,0.41490624723631553,1.111849903498094,233995
sens_composite_v1,ni_c_ni_x_oil_filled,sf1_good,Self-rated general health,-0.03474069222723294,0.052979602479218464,-0.6557371252617489,0.5119932773663947,0.96585583771414,0.870594641353514,1.0715405941347602,0.23803729438244856,0.9917645185377825,233995
sens_composite_v1,ni_c_ni_x_oil_filled,qfhigh_band,Highest qualification band,-0.5864251726177964,0.03684263750983081,-15.917024736932017,4.827952977644204e-57,0.5563124552976167,0.5175571033810142,0.5979698585866531,0.3696481662950051,0.8051143276458669,233995
sens_composite_v1,ni_c_ni_x_oil_filled,dvage,Age (mean of adults),-0.0007448198809646558,0.0010851406751427426,-0.6863809439883728,0.49247291791498693,0.9992554574285101,0.9971324627392092,1.0013829721857248,16.80407545593621,0.9875619900125937,233995
sens_composite_v1,ni_c_ni_x_oil_filled,heatch,Has central heating,0.07442783268639855,0.03462786133854774,2.149362675295961,0.03160566177042048,1.077267597208397,1.006580025470452,1.152919238043453,,,233995
sens_composite_v1,ni_c_ni_x_oil_filled,hsbeds,Bedrooms,0.24141434462635736,0.01766451526920517,13.666627187173304,1.6067157352587315e-42,1.2730484068103647,1.229727414866133,1.3178955161041366,1.0166383260732894,1.2781721828066648,233995
sens_composite_v1,ni_c_ni_x_oil_filled,hsrooms,Rooms,0.09987483078966114,0.016985697015653518,5.879937143446009,4.104223065033904e-09,1.1050325933617209,1.0688501841025002,1.142439839140852,1.0481299049001842,1.1103572350190447,233995
sens_composite_v1,ni_c_ni_x_oil_filled,ncars,Cars,-0.2243087658508432,0.019386691935064215,-11.570244505982048,5.8316244916625005e-31,0.7990683712497825,0.7692756018022298,0.8300149652944959,1.0525863148792727,0.7896982746941843,233995
sens_composite_v1,ni_c_ni_x_oil_filled,bill_security,Bill-payment security,-0.39589700721589305,0.06641873429045361,-5.9606225780306,2.5127872959775343e-09,0.6730760143403101,0.5909195864771722,0.7666547724048715,0.13646627297673014,0.9474069155100449,233995
sens_composite_v1,ni_c_ni_x_oil_filled,lone_parent,Lone-parent household,0.42778907817380313,0.04057094584372043,10.544222454700703,5.401781662566979e-26,1.533862521761705,1.4166167884584049,1.6608120522314835,,,233995
sens_composite_v1,ni_c_ni_x_oil_filled,large_family,Large family (3+ children),0.6617576656039816,0.06061482825296601,10.917422100781097,9.515840770664051e-28,1.9381960427533234,1.7210847924366905,2.1826954236380702,,,233995
sens_composite_v1,ni_c_ni_x_oil_filled,ieqmoecd_dv,OECD equivalence scale,-1.2479590490502945,0.03766151686767719,-33.13618655974393,8.95535418454944e-241,0.28709013621871193,0.266661753183462,0.30908349371487664,0.5925317735366883,0.47737382795106764,233995
sens_composite_v1,ni_c_ni_x_oil_filled,workless_household,Workless household,-0.0583568329743164,0.043535124656480365,-1.340454022695207,0.18009778245773722,0.943313282089562,0.8661613170977687,1.027337437728289,,,233995
sens_composite_v1,ni_c_ni_x_oil_filled,financial_strain_score_v1,"Strain composite, v1 (incl. bill arrears)",2.041082472805835,0.09469395859937321,21.55451628589266,4.802615945088123e-103,7.698938581548878,6.394803608515913,9.269034502252353,0.12137416484376264,1.2811199810033778,233995
sens_composite_v1,ni_c_ni_x_oil_filled,fes_delta_growth3,FES Delta (growth-only),-0.02616076089319005,0.004821282907883188,-5.4260995243434245,5.759885042433894e-08,0.9741784672191923,0.9650162853724531,0.9834276378323029,2.4165244673407544,0.938738694815551,233995
sens_composite_v1,ni_c_ni_x_oil_filled,oil,Uses heating oil,0.7566254468778628,0.05685937290884505,13.306960808218165,2.1088702985406524e-40,2.1310726550440413,1.9063360928060642,2.3823032455895876,,,233995
sens_composite_v1,ni_c_ni_x_oil_filled,ni_x_oil,Northern Ireland x heating oil,-0.018315686543253672,0.1271636854358142,-0.14403236647697276,0.8854749113511431,0.9818510262720265,0.7652505900215875,1.2597591564930863,,,233995
sens_composite_v1,ni_c_ni_x_oil_filled,region_Northern Ireland,Northern Ireland (vs South East),0.3605974016453646,0.1102785668070208,3.269877475614848,0.0010759407684979771,1.4341859437314424,1.1554101422287664,1.78022439480161,,,233995
sens_composite_v1,ni_c_ni_x_oil_rural_filled,tenure_security,Tenure security,0.488462621159876,0.06677544066488802,7.315004083780165,2.5737356434029696e-13,1.6298086595674606,1.4298723326295915,1.8577017025821363,0.24131538905464972,1.1251018303917562,233995
sens_composite_v1,ni_c_ni_x_oil_rural_filled,jbstat_security,Employment-status security,-1.8679122344710226,0.0614893288001514,-30.37782768034416,1.0783115416495793e-202,0.15444577201175114,0.13691032844524023,0.17422715118126714,0.2681190576464273,0.6060317702859419,233995
sens_composite_v1,ni_c_ni_x_oil_rural_filled,health_good,No long-standing illness/disability,0.2563451356575821,0.027403302364162767,9.35453443716414,8.39686950215922e-21,1.2921986348116494,1.2246261943573744,1.3634995882848238,0.41490624723631553,1.1122213126940428,233995
sens_composite_v1,ni_c_ni_x_oil_rural_filled,sf1_good,Self-rated general health,-0.042355405107221085,0.052963840570696745,-0.7997041878163008,0.4238822060270685,0.9585290539068941,0.8640171808707594,1.0633792562524025,0.23803729438244856,0.989968488622622,233995
sens_composite_v1,ni_c_ni_x_oil_rural_filled,qfhigh_band,Highest qualification band,-0.5874101001405185,0.036816535255335237,-15.955061932542783,2.6271293205566623e-57,0.555764797595006,0.5170740506616293,0.597350630631325,0.3696481662950051,0.8048212576696158,233995
sens_composite_v1,ni_c_ni_x_oil_rural_filled,dvage,Age (mean of adults),-0.0011202448927159286,0.0010823609564510413,-1.0350012036549296,0.3006683490781996,0.9988803823473512,0.9967636150351874,1.0010016449117356,16.80407545593621,0.9813513979769787,233995
sens_composite_v1,ni_c_ni_x_oil_rural_filled,heatch,Has central heating,0.07242118728369891,0.034554097513155406,2.095878419516724,0.03609297754363857,1.075108070563722,1.0047074460135108,1.150441721097492,,,233995
sens_composite_v1,ni_c_ni_x_oil_rural_filled,hsbeds,Bedrooms,0.24078340555482503,0.017668103905352943,13.628140679084096,2.7243310129031814e-42,1.2722454441674456,1.228943132586892,1.31707353032495,1.0166383260732894,1.2773525789689348,233995
sens_composite_v1,ni_c_ni_x_oil_rural_filled,hsrooms,Rooms,0.09796069994551405,0.016863567040316777,5.809014173058008,6.284176998099647e-09,1.1029194394627058,1.0670616141744864,1.1399822407497995,1.0481299049001842,1.1081318053173908,233995
sens_composite_v1,ni_c_ni_x_oil_rural_filled,ncars,Cars,-0.23494016705400086,0.01964760422878789,-11.957700507309887,5.9178022341860606e-33,0.7906181532268326,0.7607513134208962,0.8216575550832796,1.0525863148792727,0.7809104435585981,233995
sens_composite_v1,ni_c_ni_x_oil_rural_filled,bill_security,Bill-payment security,-0.3972650370449434,0.06640396738176137,-5.9825497287087845,2.196714120283343e-09,0.6721558558211318,0.5901288231796376,0.7655845245456016,0.13646627297673014,0.9472300606863465,233995
sens_composite_v1,ni_c_ni_x_oil_rural_filled,lone_parent,Lone-parent household,0.42264694294351085,0.040552808580658926,10.42213739901325,1.9648705700073712e-25,1.5259954373908016,1.4094011511176137,1.6522351163761884,,,233995
sens_composite_v1,ni_c_ni_x_oil_rural_filled,large_family,Large family (3+ children),0.6621936943852407,0.060648306790618084,10.918585026147472,9.394798999278421e-28,1.939041336284448,1.7217224210737743,2.1837906376771694,,,233995
sens_composite_v1,ni_c_ni_x_oil_rural_filled,ieqmoecd_dv,OECD equivalence scale,-1.2448024186173865,0.037653467875179716,-33.059436191744005,1.1384472648280377e-239,0.28799780551425647,0.2675090558576141,0.3100558062048377,0.5925317735366883,0.47826754533229815,233995
sens_composite_v1,ni_c_ni_x_oil_rural_filled,workless_household,Workless household,-0.05950898733171375,0.043538379302534125,-1.3668167783234428,0.17168274236356418,0.9422270654459903,0.8651584213847471,1.026161013884589,,,233995
sens_composite_v1,ni_c_ni_x_oil_rural_filled,financial_strain_score_v1,"Strain composite, v1 (incl. bill arrears)",2.0412730088159066,0.09463442285464611,21.570089902182875,3.430268493365763e-103,7.700405646347889,6.396768547006111,9.269719028064404,0.12137416484376264,1.2811496087176533,233995
sens_composite_v1,ni_c_ni_x_oil_rural_filled,fes_delta_growth3,FES Delta (growth-only),-0.026273490603081217,0.004824879841010308,-5.445418636079373,5.168368439393345e-08,0.9740686545528918,0.9649007030597857,0.983323714837932,2.4165244673407544,0.9384830039853261,233995
sens_composite_v1,ni_c_ni_x_oil_rural_filled,oil,Uses heating oil,0.657027587643603,0.05998715035772836,10.952805454592758,6.442090432393952e-28,1.929049872470593,1.7150717790358239,2.1697245887695775,,,233995
sens_composite_v1,ni_c_ni_x_oil_rural_filled,ni_x_oil,Northern Ireland x heating oil,0.01872606859824012,0.12752516393000443,0.14684214488458466,0.8832566184216168,1.0189025009951496,0.7935659260746096,1.3082243987836806,,,233995
sens_composite_v1,ni_c_ni_x_oil_rural_filled,rural,Rural location,0.1557480155210665,0.03304482592632802,4.713234558060612,2.438152685533196e-06,1.1685317141330012,1.0952485752101324,1.2467182316787162,,,233995
sens_composite_v1,ni_c_ni_x_oil_rural_filled,region_Northern Ireland,Northern Ireland (vs South East),0.35337726321982244,0.11046809204774478,3.198907998402754,0.0013794918390806084,1.423868215225994,1.1466719397953822,1.7680738701015364,,,233995
sens_lagged_components,main,tenure_security,Tenure security,0.7120031204506044,0.08354050649446962,8.522848978629774,1.5567571827535372e-17,2.0380696715457223,1.7302514356433052,2.400649928968351,0.2341640874155421,1.1814299902743923,183078
sens_lagged_components,main,jbstat_security,Employment-status security,-1.9295495184082205,0.07231358362501687,-26.683085275014545,7.397328149452239e-157,0.14521359980506024,0.12602417341824101,0.16732495835034783,0.25851312676469823,0.6072505051404111,183078
sens_lagged_components,main,health_good,No long-standing illness/disability,0.23784845347343755,0.03229604670784432,7.364630588537855,1.776380861625958e-13,1.268516938921594,1.1907095204085623,1.3514087161903907,0.41222800986357183,1.1030155020604246,183078
sens_lagged_components,main,sf1_good,Self-rated general health,-0.06532642477417543,0.06249270403021027,-1.0453448252550455,0.2958636273780967,0.9367616312605888,0.8287722634347351,1.0588220582639023,0.23334675736496976,0.9848718878245237,183078
sens_lagged_components,main,qfhigh_band,Highest qualification band,-0.5981570190250366,0.042437611414177644,-14.094973753051594,4.0779945104192536e-45,0.5498240181120326,0.5059420160807395,0.5975120493740885,0.3682130809653282,0.8023188040032788,183078
sens_lagged_components,main,dvage,Age (mean of adults),0.0017162619376985355,0.0013674782522628706,1.2550561113922696,0.20945839125788135,1.0017177355581368,0.9990365182605008,1.0044061487150493,16.50749539822355,1.0287363311199713,183078
sens_lagged_components,main,heatch,Has central heating,0.06285836394839779,0.04078824127673375,1.5410903236039546,0.12329480456913543,1.064876003717072,0.9830600030583814,1.1535012102665092,,,183078
sens_lagged_components,main,hsbeds,Bedrooms,0.2625240279301716,0.021601219810866684,12.15320385740932,5.516080000492227e-34,1.300207709093205,1.24630903973152,1.3564373144156736,1.006587085505609,1.3024580621341832,183078
sens_lagged_components,main,hsrooms,Rooms,0.14144713396058883,0.02329086182526745,6.073074282169229,1.2548437250964794e-09,1.1519396041665362,1.1005366050323482,1.205743494200588,1.06026031011204,1.1618002968878252,183078
sens_lagged_components,main,ncars,Cars,-0.16446822205657236,0.02211463120004822,-7.4370773163159845,1.029373091614465e-13,0.8483447151663644,0.8123596625271844,0.8859237957628365,1.0618855753306962,0.8397538778800449,183078
sens_lagged_components,main,bill_security,Bill-payment security,-0.8295301075740238,0.07277544782347069,-11.398488534020307,4.254410858209391e-30,0.4362542307256711,0.37826231679475814,0.503136964418562,0.12663451232458822,0.9002820817203387,183078
sens_lagged_components,main,lone_parent,Lone-parent household,0.4085339163177784,0.04993210339091334,8.181788640454581,2.796612707053354e-16,1.5046102827330279,1.364337266926343,1.659305332915297,,,183078
sens_lagged_components,main,large_family,Large family (3+ children),0.7383117984915246,0.07321978173939567,10.083501766221168,6.535456019468399e-24,2.0924001380507096,1.8126750154374882,2.415291378999874,,,183078
sens_lagged_components,main,ieqmoecd_dv,OECD equivalence scale,-1.3446654639123525,0.04457683778309801,-30.16511557987191,6.796081198767142e-200,0.26062688237521753,0.2388225526089684,0.2844219319933467,0.5812184349841272,0.4576986153727219,183078
sens_lagged_components,main,workless_household,Workless household,-0.06490505100880649,0.051487119830397096,-1.260607531021529,0.20745028396369436,0.9371564412118424,0.8472004516855269,1.0366639837803677,,,183078
sens_lagged_components,main,finnow_lag1,"Current financial difficulty, previous wave",0.40660642843205697,0.014160525430713656,28.714077766503117,2.5456417231951547e-181,1.5017129578166806,1.4606073006547355,1.5439754454627388,0.9349089493338656,1.4624893072247198,183078
sens_lagged_components,main,scghq1_dv_lag1,"GHQ-12 distress, previous wave",-0.011534383783059496,0.0024725485054848655,-4.664977757755903,3.08650422465551e-06,0.9885318821977782,0.983752940872573,0.9933340389861763,4.88987835285739,0.9451593573636644,183078
sens_lagged_components,main,finfut_risk_lag1,"Financial expectations, previous wave",-0.005685669392570146,0.040888959092339645,-0.13905145835897126,0.8894094860927357,0.9943304634358597,0.9177533957054244,1.0772970987011385,0.2762507923946112,0.9984305621826378,183078
sens_lagged_components,main,fes_delta_growth3,FES Delta (growth-only),-0.028413158827670492,0.005518727389365889,-5.148498344458941,2.625801034617624e-07,0.9719866989456027,0.9615298533096474,0.9825572650451275,2.4077313376298854,0.9338763352327684,183078
sens_lagged_components,ni_a_regionFE_filled,tenure_security,Tenure security,0.7040792467689669,0.08302598677458932,8.48022738567987,2.247542580995017e-17,2.0219840791798087,1.7183272746880816,2.379302055365889,0.23414500234276361,1.1792240493585961,183013
sens_lagged_components,ni_a_regionFE_filled,jbstat_security,Employment-status security,-1.9255749943586435,0.07249050065015235,-26.56313554312025,1.8109951503546833e-155,0.1457919032289638,0.12648219080772682,0.16804958003482856,0.25850912739515053,0.6078794367332779,183013
sens_lagged_components,ni_a_regionFE_filled,health_good,No long-standing illness/disability,0.23261495945908925,0.03234150382935719,7.192459592677904,6.36344034726802e-13,1.2618955048455682,1.1843887002885283,1.3444743813931461,0.4122193828878527,1.10063622067634,183013
sens_lagged_components,ni_a_regionFE_filled,sf1_good,Self-rated general health,-0.04073839859624535,0.06256791091159108,-0.6511069013285261,0.5149774818431343,0.9600802554415165,0.8492775342953033,1.085339079001404,0.23333669442336977,0.990539273686569,183013
sens_lagged_components,ni_a_regionFE_filled,qfhigh_band,Highest qualification band,-0.5221605711564614,0.04303707052257301,-12.132809338929967,7.077889141294208e-34,0.5932374306545973,0.5452495608119798,0.6454487530546137,0.3682110542869527,0.8250879482312377,183013
sens_lagged_components,ni_a_regionFE_filled,dvage,Age (mean of adults),0.0032710982860659136,0.0013770891393124196,2.3753714938883133,0.01753129574952362,1.0032764541663424,1.0005722168231315,1.005988000226991,16.50755505794269,1.0554823170937373,183013
sens_lagged_components,ni_a_regionFE_filled,heatch,Has central heating,0.039570711114368634,0.040856526518229325,0.9685285188576424,0.3327804831453888,1.0403640615862209,0.9603028174700219,1.1271000781729625,,,183013
sens_lagged_components,ni_a_regionFE_filled,hsbeds,Bedrooms,0.24217968544461288,0.02170417000699918,11.15820993691602,6.529300149483009e-29,1.2740230956567147,1.2209634911659706,1.3293885198128985,1.0065566067754321,1.2760476945666375,183013
sens_lagged_components,ni_a_regionFE_filled,hsrooms,Rooms,0.14409497586411407,0.023993213775681043,6.0056554828918065,1.9056044706695762e-09,1.1549937998500042,1.1019365599723048,1.210605697414631,1.0603448438574694,1.1650807112761548,183013
sens_lagged_components,ni_a_regionFE_filled,ncars,Cars,-0.15894426754701324,0.022584539038828996,-7.03774680872364,1.9537327742997597e-12,0.8530438998733789,0.816107534136449,0.8916519755955571,1.0619680020070104,0.844683121382794,183013
sens_lagged_components,ni_a_regionFE_filled,bill_security,Bill-payment security,-0.8820411869471186,0.0726146238298843,-12.146880895692496,5.9596115313029715e-34,0.4139371257136679,0.35902500740698695,0.47724793679861754,0.12662243589058406,0.8943248493497693,183013
sens_lagged_components,ni_a_regionFE_filled,lone_parent,Lone-parent household,0.4159631363509356,0.049834669550497944,8.34686253772459,7.010022623870108e-17,1.5158299888158548,1.3747734842914596,1.6713593775615334,,,183013
sens_lagged_components,ni_a_regionFE_filled,large_family,Large family (3+ children),0.7475842033041638,0.07301609815932418,10.23862164851515,1.3311928154385126e-24,2.1118919474799784,1.830291567418194,2.4368180880176196,,,183013
sens_lagged_components,ni_a_regionFE_filled,ieqmoecd_dv,OECD equivalence scale,-1.3338261850914839,0.04482396072408994,-29.75699075995843,1.4081501520350578e-194,0.263467255811753,0.24130839077330157,0.2876609249372848,0.5811490758997135,0.46063382619470467,183013
sens_lagged_components,ni_a_regionFE_filled,workless_household,Workless household,-0.07483369854442981,0.051621063047547905,-1.4496737208898791,0.14714952730644879,0.927897784250354,0.8386103326925689,1.026691735662591,,,183013
sens_lagged_components,ni_a_regionFE_filled,finnow_lag1,"Current financial difficulty, previous wave",0.4142293158253596,0.01420547729288953,29.15983090780763,6.270066868533876e-187,1.5132040887454996,1.4716542260737964,1.5559270470108892,0.9348014127891937,1.472883655523953,183013
sens_lagged_components,ni_a_regionFE_filled,scghq1_dv_lag1,"GHQ-12 distress, previous wave",-0.011438627444040833,0.0024737171000722364,-4.624064507500396,3.7629275828765083e-06,0.9886265449240265,0.9838448925588122,0.9934314369274343,4.889561602994606,0.9456054455265213,183013
sens_lagged_components,ni_a_regionFE_filled,finfut_risk_lag1,"Financial expectations, previous wave",-0.017494602809389092,0.041129783199540276,-0.42535120412656674,0.6705806717543459,0.9826575392408055,0.9065514473425801,1.0651528297234023,0.27624394720124823,0.9951788809479846,183013
sens_lagged_components,ni_a_regionFE_filled,fes_delta_growth3,FES Delta (growth-only),-0.02823760787243129,0.005548110115814169,-5.0895903799644575,3.5883780089804155e-07,0.972157347117369,0.96164328385896,0.9827863651912041,2.4080424712197592,0.9342629409227099,183013
sens_lagged_components,ni_a_regionFE_filled,region_Northern Ireland,Northern Ireland (vs South East),0.9578793352548515,0.0737346662265936,12.990895385776858,1.3780532571932905e-38,2.606163809323219,2.2554782732618412,3.011374519340187,,,183013
sens_lagged_components,ni_b_oil_filled,tenure_security,Tenure security,0.7212118706836438,0.0820585376123407,8.788992488396252,1.5090715571018784e-18,2.056924427234658,1.7513380439783306,2.4158317772528077,0.23414500234276361,1.1839640290742441,183013
sens_lagged_components,ni_b_oil_filled,jbstat_security,Employment-status security,-1.9153989502648658,0.0723723887889431,-26.465879906916882,2.3956015868205616e-154,0.14728306224702656,0.12780543305609213,0.16972909450055249,0.25850912739515053,0.6094806296750949,183013
sens_lagged_components,ni_b_oil_filled,health_good,No long-standing illness/disability,0.2372750608799381,0.0323569417203786,7.33304967232119,2.2497350319812145e-13,1.2677897891951442,1.1898849484303549,1.3507952610945597,0.4122193828878527,1.1027525574651398,183013
sens_lagged_components,ni_b_oil_filled,sf1_good,Self-rated general health,-0.0627467197987485,0.06252023530153418,-1.0036225790917452,0.3155605670820594,0.9391813196006716,0.8308681763222331,1.061614316474641,0.23333669442336977,0.9854655477248572,183013
sens_lagged_components,ni_b_oil_filled,qfhigh_band,Highest qualification band,-0.527836697720792,0.04270183833942387,-12.360982998558033,4.249284405493155e-35,0.5898796784438791,0.5425197639755907,0.6413739335341703,0.3682110542869527,0.8233653048676389,183013
sens_lagged_components,ni_b_oil_filled,dvage,Age (mean of adults),0.0023086373143729297,0.0013676588553862806,1.6880213258450916,0.09140713528548852,1.0023113042694467,0.9996281443701277,1.0050016661939245,16.50755505794269,1.0388454555265139,183013
sens_lagged_components,ni_b_oil_filled,heatch,Has central heating,0.039673770233255516,0.04088778905239031,0.9703085237115843,0.3318927298579628,1.0404712861148673,0.960342945212583,1.1272853126336908,,,183013
sens_lagged_components,ni_b_oil_filled,hsbeds,Bedrooms,0.2263752543739755,0.021209788108143463,10.67315020875004,1.3593797358829068e-26,1.2540461633023914,1.202983635184714,1.3072761205533572,1.0065566067754321,1.2559088677636856,183013
sens_lagged_components,ni_b_oil_filled,hsrooms,Rooms,0.1200936801597511,0.022719838561178207,5.285850946360037,1.2512174529478954e-07,1.1276024806121456,1.0784918336269804,1.1789494501841868,1.0603448438574694,1.1358039367760173,183013
sens_lagged_components,ni_b_oil_filled,ncars,Cars,-0.191717356868339,0.022558523459408314,-8.498666023656831,1.9178180763415694e-17,0.8255401687783829,0.789834972910104,0.8628594499375359,1.0619680020070104,0.8157904989835085,183013
sens_lagged_components,ni_b_oil_filled,bill_security,Bill-payment security,-0.8655055102825763,0.07271158605128222,-11.903268203669086,1.1380136002899902e-32,0.4208387605268022,0.3649417233499666,0.48529738045846105,0.12662243589058406,0.8961993373870601,183013
sens_lagged_components,ni_b_oil_filled,lone_parent,Lone-parent household,0.4052859698254921,0.04982593552307684,8.134036332098255,4.152280154085934e-16,1.4997313166424477,1.3601961682469756,1.6535806191961684,,,183013
sens_lagged_components,ni_b_oil_filled,large_family,Large family (3+ children),0.7389822054835646,0.07300339815221257,10.122572704667553,4.3872913785788304e-24,2.093803368048449,1.8146600943824938,2.415886345670071,,,183013
sens_lagged_components,ni_b_oil_filled,ieqmoecd_dv,OECD equivalence scale,-1.318293652082753,0.04479786431856018,-29.427600447831427,2.436244688277778e-190,0.2675915168519495,0.2450983175699197,0.2921489653665215,0.5811490758997135,0.46481066066912,183013
sens_lagged_components,ni_b_oil_filled,workless_household,Workless household,-0.0709595234112064,0.05144350603335315,-1.3793679490896311,0.16778133602209577,0.9314995952906192,0.8421585822787485,1.0303184154209422,,,183013
sens_lagged_components,ni_b_oil_filled,finnow_lag1,"Current financial difficulty, previous wave",0.4145597873162048,0.014093796324274542,29.414344991078455,3.599862795964306e-190,1.5137042421953366,1.4724629193410426,1.5561006683044774,0.9348014127891937,1.4733387367155657,183013
sens_lagged_components,ni_b_oil_filled,scghq1_dv_lag1,"GHQ-12 distress, previous wave",-0.011360110614333981,0.0024687115615194275,-4.601635440692038,4.1918643507961645e-06,0.9887041717935658,0.9839317969614406,0.9934996941259636,4.889561602994606,0.9459685453272977,183013
sens_lagged_components,ni_b_oil_filled,finfut_risk_lag1,"Financial expectations, previous wave",-0.01709429086414012,0.0410127148349607,-0.4168046649174352,0.6768212900304851,0.9830509875376249,0.9071225385513664,1.065334839592873,0.27624394720124823,0.9952889376475482,183013
sens_lagged_components,ni_b_oil_filled,fes_delta_growth3,FES Delta (growth-only),-0.027433221648416845,0.005523933712879229,-4.966247437845861,6.826085059015908e-07,0.9729396516902936,0.9624627327614904,0.9835306174559295,2.4080424712197592,0.9360743584684609,183013
sens_lagged_components,ni_b_oil_filled,oil,Uses heating oil,0.7962014637443403,0.05837107414900826,13.640342847072105,2.3047449151251004e-42,2.217103166305544,1.9774265174923953,2.485830146687598,,,183013
sens_lagged_components,ni_b_oil_filled,region_Northern Ireland,Northern Ireland (vs South East),0.3823743745612484,0.08513566331490582,4.491353678033787,7.07719143985051e-06,1.4657607259566432,1.2404962989916173,1.731931411245157,,,183013
sens_lagged_components,ni_b_oil_rural_filled,tenure_security,Tenure security,0.7322011763603975,0.08204554545863667,8.924325778655922,4.48422228854448e-19,2.079653256810972,1.770735261255465,2.4424643046290577,0.23414500234276361,1.1870143990225843,183013
sens_lagged_components,ni_b_oil_rural_filled,jbstat_security,Employment-status security,-1.9158272965934962,0.07246761340612509,-26.437013812732612,5.146271793680738e-154,0.14721998759790522,0.127726859031771,0.16968807432222385,0.25850912739515053,0.6094131447463983,183013
sens_lagged_components,ni_b_oil_rural_filled,health_good,No long-standing illness/disability,0.23896842145931427,0.03230779265152284,7.396618643584443,1.3969599286369464e-13,1.2699384331481562,1.1920163815291906,1.3529542454088335,0.4122193828878527,1.1035225872308319,183013
sens_lagged_components,ni_b_oil_rural_filled,sf1_good,Self-rated general health,-0.0723994361226834,0.062507757319328,-1.1582472196662348,0.24676316356761863,0.9301592823810005,0.8229067503977926,1.0513904402671415,0.23333669442336977,0.9832484489904574,183013
sens_lagged_components,ni_b_oil_rural_filled,qfhigh_band,Highest qualification band,-0.5294679705113443,0.042657226429343,-12.412151816488814,2.2453597594349812e-35,0.5889182081980694,0.5416828491421973,0.6402725441583617,0.3682110542869527,0.8228708967941895,183013
sens_lagged_components,ni_b_oil_rural_filled,dvage,Age (mean of adults),0.0018375713296702055,0.0013646604765259064,1.3465410344030884,0.17812809602588875,1.001839260698486,0.9991632362267762,1.0045224522743423,16.50755505794269,1.0307985672934723,183013
sens_lagged_components,ni_b_oil_rural_filled,heatch,Has central heating,0.03663447879438402,0.04083725135290908,0.8970848326150709,0.3696736514784199,1.0373137913465538,0.9575234540988573,1.1237530497155535,,,183013
sens_lagged_components,ni_b_oil_rural_filled,hsbeds,Bedrooms,0.22533461837062502,0.021208309532499473,10.624826935184236,2.284354811295251e-26,1.2527418364974192,1.20173590081764,1.3059126450688212,1.0065566067754321,1.2545940433937328,183013
sens_lagged_components,ni_b_oil_rural_filled,hsrooms,Rooms,0.11748223423872556,0.02250262596467152,5.220823312939979,1.7812942927288346e-07,1.1246616492958719,1.0761371299281244,1.1753742067067152,1.0603448438574694,1.132663208344146,183013
sens_lagged_components,ni_b_oil_rural_filled,ncars,Cars,-0.2053211105032305,0.02287586685666891,-8.97544612362412,2.8220580252924395e-19,0.8143857665971299,0.778678532114538,0.8517303989811801,1.0619680020070104,0.804089699494363,183013
sens_lagged_components,ni_b_oil_rural_filled,bill_security,Bill-payment security,-0.8688470692102003,0.07266581105737437,-11.9567518282317,5.9857818926780705e-33,0.4194348499407902,0.36375691812023536,0.4836350446720663,0.12662243589058406,0.8958202210223204,183013
sens_lagged_components,ni_b_oil_rural_filled,lone_parent,Lone-parent household,0.39933317303860105,0.049811368915662,8.016908222593342,1.0844008437954716e-15,1.4908302403135307,1.3521618526352095,1.6437195008140149,,,183013
sens_lagged_components,ni_b_oil_rural_filled,large_family,Large family (3+ children),0.7400905645315304,0.07308276439199646,10.126745624479693,4.204091293961659e-24,2.096125340507975,1.8163899338859013,2.4189417487686167,,,183013
sens_lagged_components,ni_b_oil_rural_filled,ieqmoecd_dv,OECD equivalence scale,-1.3147879350426506,0.0448146060738086,-29.338379832620326,3.3617801352166005e-189,0.2685312632724232,0.24595100023447547,0.2931845745125609,0.5811490758997135,0.4657586052980647,183013
sens_lagged_components,ni_b_oil_rural_filled,workless_household,Workless household,-0.07324624940440146,0.05145213951114104,-1.4235802456483135,0.1545680176279053,0.9293719445576795,0.8402207788004216,1.027982445951965,,,183013
sens_lagged_components,ni_b_oil_rural_filled,finnow_lag1,"Current financial difficulty, previous wave",0.41468692383326194,0.01409407747407689,29.422778794567567,2.808075401559705e-190,1.5138967015145883,1.472649323554786,1.5562993756887347,0.9348014127891937,1.4735138495931486,183013
sens_lagged_components,ni_b_oil_rural_filled,scghq1_dv_lag1,"GHQ-12 distress, previous wave",-0.011331459863581698,0.0024687445949912665,-4.589968474896766,4.433129592584647e-06,0.9887324993161601,0.9839599240440425,0.9935282233712428,4.889561602994606,0.946101074975415,183013
sens_lagged_components,ni_b_oil_rural_filled,finfut_risk_lag1,"Financial expectations, previous wave",-0.01791083084103396,0.0410413483640358,-0.4364094152600765,0.6625397090246163,0.9822486147362908,0.9063312736988564,1.0645250463595248,0.27624394720124823,0.9950644613862768,183013
sens_lagged_components,ni_b_oil_rural_filled,fes_delta_growth3,FES Delta (growth-only),-0.02752128314542325,0.005527539096076403,-4.978939572758265,6.393359823484642e-07,0.9728539769404476,0.9623711800400343,0.9834509595450202,2.4080424712197592,0.9358758794932908,183013
sens_lagged_components,ni_b_oil_rural_filled,oil,Uses heating oil,0.678347681877012,0.061765409027169135,10.982646963102324,4.6315065762143585e-28,1.9706189512937358,1.7459340849880782,2.224218591404921,,,183013
sens_lagged_components,ni_b_oil_rural_filled,rural,Rural location,0.19722114137633484,0.03769066281982027,5.23262597739785,1.6711867991642713e-07,1.2180133640772666,1.1312789418901696,1.3113976581160929,,,183013
sens_lagged_components,ni_b_oil_rural_filled,region_Northern Ireland,Northern Ireland (vs South East),0.4043911320770759,0.08484998997166843,4.765953799312208,1.8796232983800349e-06,1.4983899007121493,1.2688211076095548,1.7694947546908681,,,183013
sens_lagged_components,ni_c_ni_x_oil_filled,tenure_security,Tenure security,0.7213386542060527,0.08217599405258975,8.777972965491859,1.6644726818776926e-18,2.0571852278911353,1.751156917932536,2.4166943684578146,0.23414500234276361,1.1839991764302373,183013
sens_lagged_components,ni_c_ni_x_oil_filled,jbstat_security,Employment-status security,-1.9153444610841366,0.07235164378110814,-26.472715214028838,1.9986083284534938e-154,0.14729108779907457,0.12781759414892185,0.16973144182136599,0.25850912739515053,0.6094892148495784,183013
sens_lagged_components,ni_c_ni_x_oil_filled,health_good,No long-standing illness/disability,0.23726230976721052,0.032347690370977074,7.334752714836374,2.2213124422227123e-13,1.2677736235676922,1.1898913514551677,1.350753544555462,0.4122193828878527,1.1027467611308255,183013
sens_lagged_components,ni_c_ni_x_oil_filled,sf1_good,Self-rated general health,-0.06271639719833767,0.06252113288442138,-1.0031231729961974,0.3158014352268578,0.9392097984523134,0.830891909056548,1.06164837555158,0.23333669442336977,0.9854725202881647,183013
sens_lagged_components,ni_c_ni_x_oil_filled,qfhigh_band,Highest qualification band,-0.5278718107800805,0.0427116398052553,-12.358968496337862,4.3571174831243545e-35,0.5898589663273919,0.5424902931606503,0.6413637341411083,0.3682110542869527,0.8233546596327773,183013
sens_lagged_components,ni_c_ni_x_oil_filled,dvage,Age (mean of adults),0.002307828664769739,0.0013678036665471982,1.687251409842674,0.09155501982917523,1.002310493751136,0.9996270523027038,1.0050011387441207,16.50755505794269,1.0388315882499242,183013
sens_lagged_components,ni_c_ni_x_oil_filled,heatch,Has central heating,0.03961886041541936,0.0409335987888507,0.967881192655129,0.33310370814351564,1.0404141555946105,0.9602039982013859,1.127324628088686,,,183013
sens_lagged_components,ni_c_ni_x_oil_filled,hsbeds,Bedrooms,0.22635348496700036,0.021207991655421074,10.673027821054479,1.3611719380689672e-26,1.2540188637582455,1.2029616828291645,1.3072430594490052,1.0065566067754321,1.25588134841373,183013
sens_lagged_components,ni_c_ni_x_oil_filled,hsrooms,Rooms,0.12006497118674143,0.02275249133496921,5.27700327050378,1.3131354371625568e-07,1.1275701087676475,1.078391854267063,1.1789910552045206,1.0603448438574694,1.1357693618272486,183013
sens_lagged_components,ni_c_ni_x_oil_filled,ncars,Cars,-0.19172386329211774,0.02256131503456208,-8.497902848234357,1.9304657135642827e-17,0.8255347974816725,0.7898255124730982,0.8628585568465268,1.0619680020070104,0.8157848622056435,183013
sens_lagged_components,ni_c_ni_x_oil_filled,bill_security,Bill-payment security,-0.8655561166758876,0.07273481317317164,-11.900162781955828,1.1811653008126491e-32,0.42081746393384273,0.3649066429270999,0.4852949141490118,0.12662243589058406,0.8961935946454304,183013
sens_lagged_components,ni_c_ni_x_oil_filled,lone_parent,Lone-parent household,0.4052810240173625,0.0498275030554405,8.133681183390369,4.1644690168970225e-16,1.499723899277452,1.3601852620812542,1.653577521213875,,,183013
sens_lagged_components,ni_c_ni_x_oil_filled,large_family,Large family (3+ children),0.7389850166308223,0.07300033104657165,10.123036512798494,4.366544809399458e-24,2.0938092540463185,1.8146761044076682,2.415878614195453,,,183013
sens_lagged_components,ni_c_ni_x_oil_filled,ieqmoecd_dv,OECD equivalence scale,-1.3182458830002337,0.044869539771306595,-29.37952761983158,1.003020900673085e-189,0.26760429975851086,0.2450755950132822,0.2922039676996881,0.5811490758997135,0.4648235644375341,183013
sens_lagged_components,ni_c_ni_x_oil_filled,workless_household,Workless household,-0.07096450209721364,0.051442537570058296,-1.379490698734853,0.16774351205716886,0.931494957658163,0.8421559879855846,1.0303113301112519,,,183013
sens_lagged_components,ni_c_ni_x_oil_filled,finnow_lag1,"Current financial difficulty, previous wave",0.41455962601900437,0.014093638397490288,29.414663149923495,3.5662921989080063e-190,1.5137039980390996,1.4724631376095512,1.5560999356488692,0.9348014127891937,1.4733385145643143,183013
sens_lagged_components,ni_c_ni_x_oil_filled,scghq1_dv_lag1,"GHQ-12 distress, previous wave",-0.011360260582009292,0.0024687352284543307,-4.601652073123258,4.1915295582582556e-06,0.9887040235199107,0.9839316037625004,0.993499591217944,4.889561602994606,0.9459678516713442,183013
sens_lagged_components,ni_c_ni_x_oil_filled,finfut_risk_lag1,"Financial expectations, previous wave",-0.01709412363432299,0.04101245769295466,-0.4168032006835696,0.676822361121785,0.9830511519330755,0.9071231474293522,1.065334480831568,0.27624394720124823,0.9952889836261408,183013
sens_lagged_components,ni_c_ni_x_oil_filled,fes_delta_growth3,FES Delta (growth-only),-0.02743155388698581,0.005523709247408438,-4.966147322083596,6.829608076844401e-07,0.9729412743228726,0.9624647613517868,0.9835318250524724,2.4080424712197592,0.9360781177884111,183013
sens_lagged_components,ni_c_ni_x_oil_filled,oil,Uses heating oil,0.7972735094951477,0.06458025588402225,12.345468418814374,5.15334318934172e-35,2.2194812768279637,1.9556028984511364,2.5189659629219316,,,183013
sens_lagged_components,ni_c_ni_x_oil_filled,ni_x_oil,Northern Ireland x heating oil,-0.006677824528021913,0.1441222934192471,-0.04633443147200231,0.9630436964231339,0.9933444225938542,0.7488981178127813,1.317579946361934,,,183013
sens_lagged_components,ni_c_ni_x_oil_filled,region_Northern Ireland,Northern Ireland (vs South East),0.38694012830658475,0.1251608220276788,3.0915435200722357,0.001991187917015659,1.4724683294615781,1.1521496114101066,1.8818415245688216,,,183013
sens_lagged_components,ni_c_ni_x_oil_rural_filled,tenure_security,Tenure security,0.7314889833715187,0.0821390506132536,8.905495959719417,5.314789041417455e-19,2.0781726696366563,1.7691503488651295,2.4411727627305178,0.23414500234276361,1.1868164732433295,183013
sens_lagged_components,ni_c_ni_x_oil_rural_filled,jbstat_security,Employment-status security,-1.9161456953346772,0.07245106272255225,-26.44744774376136,3.903925729037897e-154,0.14717312040080158,0.127690339481301,0.16962855182698236,0.25850912739515053,0.6093629866358605,183013
sens_lagged_components,ni_c_ni_x_oil_rural_filled,health_good,No long-standing illness/disability,0.2390485136084424,0.03229812008220681,7.401313543946335,1.3484391817238405e-13,1.2700401493198066,1.192134456643015,1.3530369597959624,0.4122193828878527,1.1035590212222954,183013
sens_lagged_components,ni_c_ni_x_oil_rural_filled,sf1_good,Self-rated general health,-0.07260664559462256,0.06250964587172823,-1.1615270664564903,0.24542762261084639,0.9299665645344501,0.8227332086411958,1.0511764956957927,0.23333669442336977,0.9832009104968065,183013
sens_lagged_components,ni_c_ni_x_oil_rural_filled,qfhigh_band,Highest qualification band,-0.5292604126306834,0.04266725485746162,-12.404369917839388,2.474516062436719e-35,0.5890404554995022,0.5417846422793632,0.6404180390852641,0.3682110542869527,0.8229337871929259,183013
sens_lagged_components,ni_c_ni_x_oil_rural_filled,dvage,Age (mean of adults),0.0018407340959931812,0.001364731868806416,1.3487880938862173,0.17740504002573199,1.0018424292869716,0.9991662565419626,1.0045257699087122,16.50755505794269,1.0308523862166095,183013
sens_lagged_components,ni_c_ni_x_oil_rural_filled,heatch,Has central heating,0.036954771350090856,0.040885530791084035,0.9038594005033593,0.36606995955695887,1.0376460884451568,0.9577395595400098,1.1242194124075486,,,183013
sens_lagged_components,ni_c_ni_x_oil_rural_filled,hsbeds,Bedrooms,0.22545902975884213,0.021214049088242596,10.627816916092538,2.2123040475185335e-26,1.252897701543868,1.2018718994293671,1.3060898181238825,1.0065566067754321,1.2547511624110208,183013
sens_lagged_components,ni_c_ni_x_oil_rural_filled,hsrooms,Rooms,0.11764183433163705,0.022567955021928068,5.212782204560884,1.8602925935821292e-07,1.124841159724153,1.07617109065451,1.1757123431368721,1.0603448438574694,1.1328549064453302,183013
sens_lagged_components,ni_c_ni_x_oil_rural_filled,ncars,Cars,-0.20533159914780647,0.022880068344974285,-8.974256372486252,2.852722254442591e-19,0.8143772248390722,0.7786639527333497,0.8517284792862403,1.0619680020070104,0.8040807431067578,183013
sens_lagged_components,ni_c_ni_x_oil_rural_filled,bill_security,Bill-payment security,-0.8685572713267522,0.07269586057441939,-11.947822949803346,6.664829865437878e-33,0.41955641888690826,0.36384091998595947,0.4838037146453997,0.12662243589058406,0.8958530936713427,183013
sens_lagged_components,ni_c_ni_x_oil_rural_filled,lone_parent,Lone-parent household,0.39934113108258557,0.049816108320460024,8.016305258405177,1.0897348186485067e-15,1.4908421044533642,1.3521600528836584,1.643747850464099,,,183013
sens_lagged_components,ni_c_ni_x_oil_rural_filled,large_family,Large family (3+ children),0.7400671035200603,0.07308516680144587,10.126091735285186,4.2322894807867926e-24,2.0960761638641876,1.8163387675424731,2.418896388290006,,,183013
sens_lagged_components,ni_c_ni_x_oil_rural_filled,ieqmoecd_dv,OECD equivalence scale,-1.315056602114132,0.04488276567052635,-29.299812132069757,1.0428611700751613e-188,0.26845912745501194,0.24585208451426316,0.2931449747774059,0.5811490758997135,0.4656858894662224,183013
sens_lagged_components,ni_c_ni_x_oil_rural_filled,workless_household,Workless household,-0.07321893546753466,0.051452951430269796,-1.4230269291113964,0.15472834893549295,0.9293973297109815,0.8402423917452743,1.028012160490665,,,183013
sens_lagged_components,ni_c_ni_x_oil_rural_filled,finnow_lag1,"Current financial difficulty, previous wave",0.41468854412088124,0.014095027567781875,29.420910468367428,2.9669434956153e-190,1.513899154464658,1.472648967377177,1.5563047954127986,0.9348014127891937,1.4735160814483999,183013
sens_lagged_components,ni_c_ni_x_oil_rural_filled,scghq1_dv_lag1,"GHQ-12 distress, previous wave",-0.01133064323785055,0.002468702312321789,-4.58971629803117,4.438488542808573e-06,0.98873330674089,0.983960809114661,0.9935289523760451,4.889561602994606,0.9461048527095044,183013
sens_lagged_components,ni_c_ni_x_oil_rural_filled,finfut_risk_lag1,"Financial expectations, previous wave",-0.01791183261538217,0.04104293116035152,-0.43641699335269313,0.6625342118077535,0.9822476307453178,0.9063275541246438,1.064527282342895,0.27624394720124823,0.9950641860180466,183013
sens_lagged_components,ni_c_ni_x_oil_rural_filled,fes_delta_growth3,FES Delta (growth-only),-0.027531004273557643,0.005527087727235945,-4.981104992760028,6.322222487462443e-07,0.9728445197482491,0.9623626761217607,0.9834405293212526,2.4080424712197592,0.9358539719347376,183013
sens_lagged_components,ni_c_ni_x_oil_rural_filled,oil,Uses heating oil,0.6716858258948094,0.06847990793852664,9.808509475476683,1.0348580099502553e-22,1.9575346030568055,1.7116668685719119,2.238719339915631,,,183013
sens_lagged_components,ni_c_ni_x_oil_rural_filled,ni_x_oil,Northern Ireland x heating oil,0.03926740872012066,0.1445571971264944,0.2716392507649399,0.785899416087582,1.0400485645233781,0.783441024909204,1.3807050973524164,,,183013
sens_lagged_components,ni_c_ni_x_oil_rural_filled,rural,Rural location,0.1978086831375505,0.037754833097493605,5.239294334231404,1.6119177436205794e-07,1.2187292080679075,1.1318014535692467,1.3123334290778539,,,183013
sens_lagged_components,ni_c_ni_x_oil_rural_filled,region_Northern Ireland,Northern Ireland (vs South East),0.37767120224709677,0.12535777325119998,3.0127465768739756,0.0025889501660595828,1.458883186495241,1.1410792002576913,1.8651993230249595,,,183013
sens_lagged_composite,main,tenure_security,Tenure security,0.5280709278751416,0.0791673651784958,6.670310761063213,2.5526232832406643e-11,1.6956581047630308,1.4519474777129393,1.9802757691879906,0.23540786405483502,1.1323691707673094,194151
sens_lagged_composite,main,jbstat_security,Employment-status security,-1.9242011993377217,0.06972133903225816,-27.598454448034143,1.1612614016087128e-167,0.1459923290601928,0.1273453600569466,0.16736974268154317,0.26255431353677094,0.6033804666039129,194151
sens_lagged_composite,main,health_good,No long-standing illness/disability,0.267313313330713,0.030801593500754454,8.678554676859996,4.008298383878836e-18,1.3064497103235246,1.22991283301151,1.387749440279601,0.41493722268008293,1.1173035566483178,194151
sens_lagged_composite,main,sf1_good,Self-rated general health,-0.10616852252587296,0.05915152651657003,-1.794856849486921,0.07267651044288996,0.8992730875334393,0.8008325666774374,1.0098141854009455,0.23613320214372066,0.9752417273837951,194151
sens_lagged_composite,main,qfhigh_band,Highest qualification band,-0.6487777462334016,0.041123042287103104,-15.77650169226097,4.515298515405519e-56,0.5226842392801249,0.48220910652182225,0.5665567288067782,0.3701034729772199,0.7865374850211727,194151
sens_lagged_composite,main,dvage,Age (mean of adults),-0.0006783176413118181,0.001276608807305095,-0.5313433821154172,0.5951808481374588,0.999321912364091,0.9968246272679181,1.0018254537591964,16.628315969931137,0.9887840925221946,194151
sens_lagged_composite,main,heatch,Has central heating,0.06940546558311741,0.039550125001635524,1.7548734822013148,0.07928095093319815,1.0718707277408759,0.99192145326941,1.1582639464051465,,,194151
sens_lagged_composite,main,hsbeds,Bedrooms,0.25946588812474847,0.020036055258287125,12.949948718944096,2.3511106595246273e-38,1.296237565863368,1.2463209125610915,1.3481534412374139,1.0086224876509648,1.2991408086474994,194151
sens_lagged_composite,main,hsrooms,Rooms,0.12113723772401443,0.020729078923418173,5.843831178970648,5.101372828936322e-09,1.1287798129104392,1.0838385898753904,1.1755845177837918,1.0538680966352647,1.1361696741029814,194151
sens_lagged_composite,main,ncars,Cars,-0.2029004450184337,0.021379886854932386,-9.490248774241017,2.3048354731795636e-21,0.8163595100361684,0.7828577651096261,0.851294934186632,1.0569018725614365,0.8069885006778564,194151
sens_lagged_composite,main,bill_security,Bill-payment security,-1.0206740176411486,0.06879824614636368,-14.835756357360227,8.602878028512164e-50,0.3603519747127942,0.3148949769403025,0.41237096552361885,0.12924498320374742,0.876413737672668,194151
sens_lagged_composite,main,lone_parent,Lone-parent household,0.43340560640736514,0.04815967698637161,8.999346206786473,2.27065812741377e-19,1.5425017424243463,1.4035635198995822,1.695193407101641,,,194151
sens_lagged_composite,main,large_family,Large family (3+ children),0.6957695346735352,0.07103216374788911,9.795133612190037,1.1814111946149431e-22,2.005251590983303,1.744641432939367,2.304791040280662,,,194151
sens_lagged_composite,main,ieqmoecd_dv,OECD equivalence scale,-1.3094309950203864,0.04309497381532727,-30.384772958248572,8.729838223275251e-203,0.2699736290280253,0.24810689644998762,0.29376757120999186,0.5853600902075566,0.4646417291238324,194151
sens_lagged_composite,main,workless_household,Workless household,-0.10672164259175926,0.049466396425924035,-2.157457391333832,0.030970043627726398,0.8987758190812705,0.8157282568627676,0.9902782773174265,,,194151
sens_lagged_composite,main,financial_strain_score_lag1,"Strain composite, previous wave",1.3991126137016126,0.07647921251530142,18.294024842654963,9.23386447376048e-75,4.051603034127315,3.4876079902197286,4.7068039734349405,0.14685338464738493,1.2280952880235745,194151
sens_lagged_composite,main,fes_delta_growth3,FES Delta (growth-only),-0.027702809279087505,0.005413710710593864,-5.117157299313582,3.1017493361225583e-07,0.9726773945470383,0.9624111899159314,0.9830531105373562,2.3623316710828663,0.9366522248621488,194151
sens_lagged_composite,ni_a_regionFE_filled,tenure_security,Tenure security,0.5208216138929295,0.07873238021471779,6.615087877091388,3.713310913618262e-11,1.6834101948655549,1.4426893619811374,1.964296652389357,0.23538628177084187,1.1304256725481499,194079
sens_lagged_composite,ni_a_regionFE_filled,jbstat_security,Employment-status security,-1.9164507734086194,0.06986878354461515,-27.42928495649073,1.227496082764788e-165,0.14712822795689198,0.12829909350736027,0.1687207202324726,0.26254753275100257,0.6046173972764768,194079
sens_lagged_composite,ni_a_regionFE_filled,health_good,No long-standing illness/disability,0.2600530463475228,0.030834645593419956,8.4337939140451,3.3463578788939674e-17,1.2969988858946195,1.220936578486916,1.377799747876021,0.41492665330374445,1.113939621385139,194079
sens_lagged_composite,ni_a_regionFE_filled,sf1_good,Self-rated general health,-0.08174518268821218,0.059298607661312154,-1.378534604979346,0.16803829129019832,0.9215067446527818,0.8203958444762712,1.0350792073827093,0.2361229921019254,0.9808831721041005,194079
sens_lagged_composite,ni_a_regionFE_filled,qfhigh_band,Highest qualification band,-0.5758277659429154,0.04164129214906682,-13.82828764971021,1.7206786785472926e-43,0.5622392736091539,0.51817451142047,0.6100512352913492,0.37009707330926417,0.8080654906946882,194079
sens_lagged_composite,ni_a_regionFE_filled,dvage,Age (mean of adults),0.0006774502765998457,0.0012848015850813056,0.5272800753565189,0.5979991085336461,1.0006776797978654,0.998160978518619,1.0032007265318683,16.62855382692009,1.0113287076380046,194079
sens_lagged_composite,ni_a_regionFE_filled,heatch,Has central heating,0.04186037715732653,0.03954728872293955,1.058489178628452,0.28983248169511655,1.0427488770239317,0.9649771232258717,1.1267885987802437,,,194079
sens_lagged_composite,ni_a_regionFE_filled,hsbeds,Bedrooms,0.23899540559126056,0.020184387966290247,11.840607007277333,2.4070449531123207e-32,1.2699727017967528,1.220712533520699,1.3212206961268136,1.00858679966582,1.272581623080573,194079
sens_lagged_composite,ni_a_regionFE_filled,hsrooms,Rooms,0.12219594717522574,0.021987766224977286,5.5574516267330365,2.737418134886787e-08,1.1299754955953,1.0823133242284189,1.1797365809536777,1.0539553398786292,1.137450177674184,194079
sens_lagged_composite,ni_a_regionFE_filled,ncars,Cars,-0.19630413609648456,0.021828968997708316,-8.992826739416474,2.4095191684770704e-19,0.8217622690995734,0.7873454912248566,0.8576834876708832,1.0569822235407895,0.8126213823608175,194079
sens_lagged_composite,ni_a_regionFE_filled,bill_security,Bill-payment security,-1.077537833300888,0.06861122813715557,-15.704978070744671,1.3982603153695611e-55,0.3404326966436975,0.29759750214607833,0.38943344654556944,0.12923697402112824,0.8700037743852309,194079
sens_lagged_composite,ni_a_regionFE_filled,lone_parent,Lone-parent household,0.4429644886565632,0.048109597948755495,9.207403668772955,3.341082442943694e-20,1.5573170309399105,1.4171834406208565,1.711307277054424,,,194079
sens_lagged_composite,ni_a_regionFE_filled,large_family,Large family (3+ children),0.7060454225805171,0.0707143702999362,9.984468780331543,1.7825330314199116e-23,2.0259635662712547,1.763759840726526,2.3271469715331583,,,194079
sens_lagged_composite,ni_a_regionFE_filled,ieqmoecd_dv,OECD equivalence scale,-1.2978370161057773,0.04327610380819906,-29.98969181370459,1.3373658678744938e-197,0.273121912892811,0.2509110911914972,0.29729885174863135,0.585299857338926,0.4678423866847784,194079
sens_lagged_composite,ni_a_regionFE_filled,workless_household,Workless household,-0.11558208304340951,0.04957031332822937,-2.3316794928868783,0.01971755842551506,0.8908474457663355,0.8083678114330081,0.9817426676373455,,,194079
sens_lagged_composite,ni_a_regionFE_filled,financial_strain_score_lag1,"Strain composite, previous wave",1.4135354258702901,0.07671657283822689,18.42542456701016,8.214368181262981e-76,4.110461979120554,3.536627912553352,4.777403249525697,0.14683917756412224,1.2306744831724294,194079
sens_lagged_composite,ni_a_regionFE_filled,fes_delta_growth3,FES Delta (growth-only),-0.02747781798430795,0.005448707358990819,-5.0429975724365645,4.582950678468029e-07,0.972896263114278,0.9625617219545238,0.9833417610454753,2.362650368614632,0.9371419849537442,194079
sens_lagged_composite,ni_a_regionFE_filled,region_Northern Ireland,Northern Ireland (vs South East),0.9460435166113415,0.07096045243867943,13.331982591695933,1.5083517241800385e-40,2.575499553377017,2.2410927584471425,2.9598051773820235,,,194079
sens_lagged_composite,ni_b_oil_filled,tenure_security,Tenure security,0.5345876115173159,0.07762744334875711,6.88658016361008,5.714956222870313e-12,1.7067442554323322,1.4658578267046813,1.9872158816382457,0.23538628177084187,1.1340945623626697,194079
sens_lagged_composite,ni_b_oil_filled,jbstat_security,Employment-status security,-1.9076689574611243,0.0697057642508268,-27.36744913371346,6.695448065752682e-165,0.14842597090516782,0.1294721155576015,0.17015454443038408,0.26254753275100257,0.6060130381246467,194079
sens_lagged_composite,ni_b_oil_filled,health_good,No long-standing illness/disability,0.26480245722672163,0.03085378375741973,8.582495401817349,9.283684454020932e-18,1.3031735178389516,1.2267030854228103,1.3844109775034967,0.41492665330374445,1.1161369788852733,194079
sens_lagged_composite,ni_b_oil_filled,sf1_good,Self-rated general health,-0.10454278534667814,0.05922343449280835,-1.7652266580279643,0.0775256800270906,0.9007362582693582,0.8020225261884093,1.0115997749051868,0.2361229921019254,0.9756172266741091,194079
sens_lagged_composite,ni_b_oil_filled,qfhigh_band,Highest qualification band,-0.5811054493877983,0.041334039437751706,-14.0587626395173,6.806591308948622e-45,0.5592797692358674,0.5157574521304493,0.6064747275768124,0.37009707330926417,0.8064886730405931,194079
sens_lagged_composite,ni_b_oil_filled,dvage,Age (mean of adults),-0.0002229732953561991,0.0012780338897428278,-0.17446587069852024,0.8614993506304409,0.9997770515613416,0.9972758435763152,1.0022845326767407,16.62855382692009,0.996299141675496,194079
sens_lagged_composite,ni_b_oil_filled,heatch,Has central heating,0.04318741163941817,0.039573800138476715,1.0913132296695465,0.2751350783733828,1.044133559297262,0.9662083243304599,1.1283435075000416,,,194079
sens_lagged_composite,ni_b_oil_filled,hsbeds,Bedrooms,0.22330601257087515,0.0195625503340011,11.414974466941228,3.52007328626422e-30,1.2502030930677626,1.2031752675842713,1.2990690683447965,1.00858679966582,1.2526026372967352,194079
sens_lagged_composite,ni_b_oil_filled,hsrooms,Rooms,0.09961546348728764,0.019377524945123847,5.140773332476336,2.7360997235941893e-07,1.1047460212042761,1.0635753589055035,1.1475103866853638,1.0539553398786292,1.1106997806211931,194079
sens_lagged_composite,ni_b_oil_filled,ncars,Cars,-0.22831150407145795,0.021803608392633563,-10.47127154185148,1.1705991060202614e-25,0.7958763025089919,0.762581576038877,0.8306246948498166,1.0569822235407895,0.7855892536220908,194079
sens_lagged_composite,ni_b_oil_filled,bill_security,Bill-payment security,-1.063043270748194,0.06869849920674626,-15.474039215165304,5.194298308502841e-54,0.34540305422038287,0.301890818540649,0.39518681105137626,0.12923697402112824,0.8716350218937337,194079
sens_lagged_composite,ni_b_oil_filled,lone_parent,Lone-parent household,0.43261150300302575,0.04815698159433387,8.983360017188591,2.62621501943913e-19,1.5412773227617422,1.4024567967360508,1.6938388342430282,,,194079
sens_lagged_composite,ni_b_oil_filled,large_family,Large family (3+ children),0.6977038181856815,0.07072277503029034,9.865334298418821,5.883812478859236e-23,2.00913406977029,1.74907963413812,2.3078535885536287,,,194079
sens_lagged_composite,ni_b_oil_filled,ieqmoecd_dv,OECD equivalence scale,-1.2814372390262014,0.04324333294157236,-29.633174685161247,5.587771606890042e-193,0.27763798142142926,0.2550762869223314,0.30219527521677064,0.585299857338926,0.4723547280469671,194079
sens_lagged_composite,ni_b_oil_filled,workless_household,Workless household,-0.11214648296322896,0.04938992934047254,-2.270634610350224,0.023169106470412548,0.8939133048396618,0.8114366457126649,0.9847731191232469,,,194079
sens_lagged_composite,ni_b_oil_filled,financial_strain_score_lag1,"Strain composite, previous wave",1.4171572504739054,0.0764257612227901,18.542926204460365,9.301994470958918e-77,4.12537634375174,3.5514838816619743,4.792005410882588,0.14683917756412224,1.2313291616196158,194079
sens_lagged_composite,ni_b_oil_filled,fes_delta_growth3,FES Delta (growth-only),-0.026732782129463242,0.005430483652234137,-4.92272582727787,8.534698685938499e-07,0.9736213757972753,0.9633135389992931,0.9840395105358056,2.362650368614632,0.9387930505145962,194079
sens_lagged_composite,ni_b_oil_filled,oil,Uses heating oil,0.7898061410575162,0.05683953878738366,13.89536505586187,6.757808314760939e-44,2.2029693195554345,1.9707273585350837,2.4625800224897714,,,194079
sens_lagged_composite,ni_b_oil_filled,region_Northern Ireland,Northern Ireland (vs South East),0.375083380080228,0.08192988899298025,4.578101895296906,4.6921413224182286e-06,1.455112736976947,1.239246766154175,1.708580675891892,,,194079
sens_lagged_composite,ni_b_oil_rural_filled,tenure_security,Tenure security,0.5443529591407688,0.07757774005266133,7.016870545226647,2.2689264702073794e-12,1.7234928512229024,1.4803867669199906,2.006521319017566,0.23538628177084187,1.1367044232636077,194079
sens_lagged_composite,ni_b_oil_rural_filled,jbstat_security,Employment-status security,-1.907947993677484,0.06979734359955907,-27.335538793908153,1.6044834294397062e-164,0.14838456046161239,0.129412762518792,0.17013760741092804,0.26254753275100257,0.6059686430719737,194079
sens_lagged_composite,ni_b_oil_rural_filled,health_good,No long-standing illness/disability,0.26559454995759235,0.03081128972879494,8.620040001421259,6.693072723546126e-18,1.3042061610300866,1.2277773862939991,1.3853926041129512,0.41492665330374445,1.1165038691833513,194079
sens_lagged_composite,ni_b_oil_rural_filled,sf1_good,Self-rated general health,-0.11367784609101457,0.05925360889352275,-1.9184965812848769,0.055048075194206805,0.8925454465763583,0.7946823646580409,1.0024601144219314,0.2361229921019254,0.9735150903552258,194079
sens_lagged_composite,ni_b_oil_rural_filled,qfhigh_band,Highest qualification band,-0.5824656735153703,0.041306346692171904,-14.101118112819092,3.737998502340031e-45,0.5585195405576004,0.5150843396762731,0.6056174749570677,0.37009707330926417,0.8060827767462379,194079
sens_lagged_composite,ni_b_oil_rural_filled,dvage,Age (mean of adults),-0.00067812858175487,0.0012746896845071663,-0.5319950337693798,0.5947294351175267,0.9993221012954667,0.9968285652026009,1.0018218748924166,16.62855382692009,0.9887870415201989,194079
sens_lagged_composite,ni_b_oil_rural_filled,heatch,Has central heating,0.04057314388465423,0.039502427078064804,1.0271050891246118,0.3043709825763842,1.041407479505365,0.9638205140128044,1.125240148556652,,,194079
sens_lagged_composite,ni_b_oil_rural_filled,hsbeds,Bedrooms,0.22221055330295375,0.01954447726375036,11.369480508700702,5.933969971315157e-30,1.248834296370075,1.2019005333946065,1.297600805105973,1.00858679966582,1.2512194437976862,194079
sens_lagged_composite,ni_b_oil_rural_filled,hsrooms,Rooms,0.0972146782290452,0.019101922857062737,5.089261377322602,3.594608698632425e-07,1.102096944447069,1.0615982943900946,1.1441405674614271,1.0539553398786292,1.1078929069030081,194079
sens_lagged_composite,ni_b_oil_rural_filled,ncars,Cars,-0.24124487944448225,0.02208788490882015,-10.922045294981965,9.043599327501643e-28,0.7856492134873682,0.7523630153288188,0.8204080664219713,1.0569822235407895,0.7749230467359641,194079
sens_lagged_composite,ni_b_oil_rural_filled,bill_security,Bill-payment security,-1.0655717268139886,0.06869880480189001,-15.510775331344236,2.933155471994628e-54,0.3445308209392494,0.3011282847015987,0.39418909683193554,0.12923697402112824,0.8713502442390711,194079
sens_lagged_composite,ni_b_oil_rural_filled,lone_parent,Lone-parent household,0.42650504164985054,0.04814709261694615,8.858375832640311,8.118860038539896e-19,1.5318942501977617,1.3939458606311974,1.683494359477021,,,194079
sens_lagged_composite,ni_b_oil_rural_filled,large_family,Large family (3+ children),0.6986748280980575,0.07079926148100854,9.868391470234087,5.707245203806818e-23,2.011085906340299,1.7505163918474334,2.3104419595935304,,,194079
sens_lagged_composite,ni_b_oil_rural_filled,ieqmoecd_dv,OECD equivalence scale,-1.2778002199556524,0.04325235607857431,-29.542904382696264,8.100783056468434e-192,0.2786495945675932,0.25600116592557715,0.30330173017749706,0.585299857338926,0.47336132264826886,194079
sens_lagged_composite,ni_b_oil_rural_filled,workless_household,Workless household,-0.11405820943526965,0.0494022077268043,-2.308767455616862,0.020956488861224434,0.8922060195622882,0.8098673927789775,0.9829159544399989,,,194079
sens_lagged_composite,ni_b_oil_rural_filled,financial_strain_score_lag1,"Strain composite, previous wave",1.4184241732042362,0.07633612122380756,18.581297431206927,4.553619826640903e-77,4.130606189018199,3.5566109990111614,4.797237452591564,0.14683917756412224,1.2315582518842045,194079
sens_lagged_composite,ni_b_oil_rural_filled,fes_delta_growth3,FES Delta (growth-only),-0.02684175506763573,0.005436022676389441,-4.937756272470848,7.902652103099441e-07,0.9735152831960033,0.9631981127993483,0.9839429646117095,2.362650368614632,0.9385513753191798,194079
sens_lagged_composite,ni_b_oil_rural_filled,oil,Uses heating oil,0.6787930243212417,0.06005487292449879,11.302880037305595,1.269839231375671e-29,1.971496746999485,1.7525776311016426,2.2177616297580904,,,194079
sens_lagged_composite,ni_b_oil_rural_filled,rural,Rural location,0.18609835547958856,0.036919663431705926,5.040629794034653,4.640023015096014e-07,1.2045407277325375,1.1204575681107785,1.294933789606016,,,194079
sens_lagged_composite,ni_b_oil_rural_filled,region_Northern Ireland,Northern Ireland (vs South East),0.3965748543002636,0.08166197857531741,4.8562974008093605,1.1960103040280632e-06,1.4867237214735696,1.2668332941001537,1.744781601719945,,,194079
sens_lagged_composite,ni_c_ni_x_oil_filled,tenure_security,Tenure security,0.5343646927567692,0.0777045834910733,6.876874809040795,6.11798293884519e-12,1.7063638325216184,1.465309536230887,1.987073349994957,0.23538628177084187,1.1340350556934045,194079
sens_lagged_composite,ni_c_ni_x_oil_filled,jbstat_security,Employment-status security,-1.9077871487348923,0.06968377765470736,-27.37778020859085,5.044320453071614e-165,0.1484084292872598,0.12946239278209204,0.17012710340201762,0.26254753275100257,0.6059942333304723,194079
sens_lagged_composite,ni_c_ni_x_oil_filled,health_good,No long-standing illness/disability,0.26481759027864393,0.030848990689828833,8.584319433373114,9.137574691161444e-18,1.3031932389806808,1.2267331734962967,1.3844189224007195,0.41492665330374445,1.116143987250334,194079
sens_lagged_composite,ni_c_ni_x_oil_filled,sf1_good,Self-rated general health,-0.10458611401654129,0.05922060346426013,-1.76604269288913,0.07738868660940476,0.900697231410887,0.8019922263851298,1.0115503317630148,0.2361229921019254,0.9756072452875945,194079
sens_lagged_composite,ni_c_ni_x_oil_filled,qfhigh_band,Highest qualification band,-0.5810437231566409,0.041341434664777695,-14.054754699930182,7.20310657887738e-45,0.5593142925336705,0.5157818128856663,0.6065209552120949,0.37009707330926417,0.806507097240811,194079
sens_lagged_composite,ni_c_ni_x_oil_filled,dvage,Age (mean of adults),-0.00022142810940199134,0.001278203127898149,-0.17323389731184838,0.8624675802186683,0.9997785964039925,0.9972770537565907,1.0022864138529584,16.62855382692009,0.9963247411215627,194079
sens_lagged_composite,ni_c_ni_x_oil_filled,heatch,Has central heating,0.04328224985744573,0.039604000839345,1.0928756928629932,0.2744483819302722,1.0442325877591756,0.9662427663405592,1.1285173202051146,,,194079
sens_lagged_composite,ni_c_ni_x_oil_filled,hsbeds,Bedrooms,0.22334540566554736,0.0195675173570054,11.414090075437551,3.556059529345306e-30,1.2502523434066226,1.2032109517753913,1.2991328909425917,1.00858679966582,1.252652405885828,194079
sens_lagged_composite,ni_c_ni_x_oil_filled,hsrooms,Rooms,0.09966251716569254,0.01941657733074341,5.132857118329038,2.8537655155934113e-07,1.1047980047912767,1.063543997092802,1.1476522219365048,1.0539553398786292,1.1107548643388376,194079
sens_lagged_composite,ni_c_ni_x_oil_filled,ncars,Cars,-0.22829597303038154,0.021810329976057443,-10.467332373283497,1.2203353602331222e-25,0.7958886633925264,0.7625833734302487,0.8306485383590401,1.0569822235407895,0.7856021499881015,194079
sens_lagged_composite,ni_c_ni_x_oil_filled,bill_security,Bill-payment security,-1.0629702054939831,0.06871756765454708,-15.468682052858515,5.64509803137609e-54,0.3454282921043397,0.30190159375461073,0.39523045738906015,0.12923697402112824,0.8716432525488211,194079
sens_lagged_composite,ni_c_ni_x_oil_filled,lone_parent,Lone-parent household,0.43261370159992774,0.04815904172050179,8.983021383827904,2.6343131312554976e-19,1.5412807114130143,1.4024542173732737,1.6938493976816487,,,194079
sens_lagged_composite,ni_c_ni_x_oil_filled,large_family,Large family (3+ children),0.6977003850574778,0.07072293114451741,9.865263978267182,5.887936816324387e-23,2.00912717216729,1.749073094155377,2.3078463715606996,,,194079
sens_lagged_composite,ni_c_ni_x_oil_filled,ieqmoecd_dv,OECD equivalence scale,-1.2815267613137118,0.043323169707945655,-29.580632487254835,2.6521692703732982e-192,0.27761312774672814,0.2550135460072888,0.3022155093483481,0.585299857338926,0.47232997854420117,194079
sens_lagged_composite,ni_c_ni_x_oil_filled,workless_household,Workless household,-0.11215303005018815,0.04939079243656968,-2.270727488209895,0.023163479913309117,0.8939074523306795,0.8114299605374538,0.9847683376185156,,,194079
sens_lagged_composite,ni_c_ni_x_oil_filled,financial_strain_score_lag1,"Strain composite, previous wave",1.4171256559787921,0.07642007928972638,18.543891463474377,9.136504644552066e-77,4.125246006627986,3.551411225753905,4.791800648652729,0.14683917756412224,1.2313234491155707,194079
sens_lagged_composite,ni_c_ni_x_oil_filled,fes_delta_growth3,FES Delta (growth-only),-0.026735179469693747,0.005430187093828397,-4.923436155649083,8.503762899795991e-07,0.9736190416983795,0.9633117895305968,0.9840365794958047,2.362650368614632,0.9387877331337372,194079
sens_lagged_composite,ni_c_ni_x_oil_filled,oil,Uses heating oil,0.787861096476536,0.06340268445255147,12.426305026030024,1.8813103235578447e-35,2.198688610452953,1.9417587186882543,2.489614986253945,,,194079
sens_lagged_composite,ni_c_ni_x_oil_filled,ni_x_oil,Northern Ireland x heating oil,0.011269386779954982,0.13843755469331329,0.08140411613684266,0.9351205757732675,1.0113331255263251,0.7710028302629843,1.326577089785749,,,194079
sens_lagged_composite,ni_c_ni_x_oil_filled,region_Northern Ireland,Northern Ireland (vs South East),0.36748632300929945,0.11981359175550949,3.0671505429800376,0.0021610998745061885,1.4441000474515628,1.1418571299787608,1.8263449010371342,,,194079
sens_lagged_composite,ni_c_ni_x_oil_rural_filled,tenure_security,Tenure security,0.5433073673798513,0.07763301268239162,6.998406330082846,2.5889035406693777e-12,1.7216917230841269,1.4786794981347828,2.0046415690996473,0.23538628177084187,1.136424694317979,194079
sens_lagged_composite,ni_c_ni_x_oil_rural_filled,jbstat_security,Employment-status security,-1.9085255927257536,0.06977760414515251,-27.351549485069846,1.035028363960402e-164,0.14829887842802447,0.12934303942042197,0.1700327860050085,0.26254753275100257,0.6058767565882488,194079
sens_lagged_composite,ni_c_ni_x_oil_rural_filled,health_good,No long-standing illness/disability,0.26567372187806787,0.03080588605337296,8.624122072573174,6.4586197492378845e-18,1.3043094216241673,1.2278876001356809,1.3854876188582617,0.41492665330374445,1.1165405475408132,194079
sens_lagged_composite,ni_c_ni_x_oil_rural_filled,sf1_good,Self-rated general health,-0.1139331821030821,0.05924985250166234,-1.9229276916746003,0.05448913148125023,0.8923175766743744,0.7944853288267291,1.0021968043360554,0.2361229921019254,0.9734563982152036,194079
sens_lagged_composite,ni_c_ni_x_oil_rural_filled,qfhigh_band,Highest qualification band,-0.5821593567222806,0.041313939558919606,-14.091112175154292,4.3072429945659435e-45,0.5586906506777557,0.5152344751817004,0.6058120296485552,0.37009707330926417,0.806174165071089,194079
sens_lagged_composite,ni_c_ni_x_oil_rural_filled,dvage,Age (mean of adults),-0.0006729924723893019,0.0012747364277366118,-0.5279463720859139,0.597536557965257,0.9993272339362513,0.9968335937113186,1.0018271121547777,16.62855382692009,0.9888714935428231,194079
sens_lagged_composite,ni_c_ni_x_oil_rural_filled,heatch,Has central heating,0.04103614717862467,0.039535139680499896,1.0379664144418117,0.2992856914661921,1.041889766240299,0.9642050469172653,1.12583344016598,,,194079
sens_lagged_composite,ni_c_ni_x_oil_rural_filled,hsbeds,Bedrooms,0.2223987333745553,0.019557656201084798,11.37144098903935,5.802170359758572e-30,1.2490693242104687,1.2020956775811482,1.2978785347793385,1.00858679966582,1.2514569427008355,194079
sens_lagged_composite,ni_c_ni_x_oil_rural_filled,hsrooms,Rooms,0.09743288409469011,0.01919003375429582,5.077264862698801,3.829069268819531e-07,1.1023374547042768,1.0616466106118738,1.1445878994928078,1.0539553398786292,1.108147728569459,194079
sens_lagged_composite,ni_c_ni_x_oil_rural_filled,ncars,Cars,-0.2412420476138339,0.0220939003194367,-10.918943424471127,9.357804267994706e-28,0.78565143831604,0.752356275572609,0.820420062367769,1.0569822235407895,0.7749253662349573,194079
sens_lagged_composite,ni_c_ni_x_oil_rural_filled,bill_security,Bill-payment security,-1.065220564925019,0.06872004299287456,-15.50087163122802,3.422178459902707e-54,0.34465182827847807,0.3012215091133709,0.39434395998258676,0.12923697402112824,0.8713897897116138,194079
sens_lagged_composite,ni_c_ni_x_oil_rural_filled,lone_parent,Lone-parent household,0.4264820147724131,0.048153047822418825,8.856802093716153,8.234253368775443e-19,1.5318589758627459,1.3938974931301618,1.6834752436936455,,,194079
sens_lagged_composite,ni_c_ni_x_oil_rural_filled,large_family,Large family (3+ children),0.698650366610875,0.0708060486593883,9.867100054851594,5.781181811896579e-23,2.011036712789854,1.750450286397932,2.3104161778343886,,,194079
sens_lagged_composite,ni_c_ni_x_oil_rural_filled,ieqmoecd_dv,OECD equivalence scale,-1.278221757804727,0.04332774479961766,-29.501229840515645,2.776254420346179e-191,0.2785321579705779,0.25585546669986925,0.30321870399881745,0.585299857338926,0.4732445464887097,194079
sens_lagged_composite,ni_c_ni_x_oil_rural_filled,workless_household,Workless household,-0.11409168135425596,0.04940376596409645,-2.3093721526648516,0.020922938936536427,0.8921761562144769,0.8098378120963791,0.9828860567242925,,,194079
sens_lagged_composite,ni_c_ni_x_oil_rural_filled,financial_strain_score_lag1,"Strain composite, previous wave",1.4182764078239958,0.07633499539791871,18.57963572842064,4.696824387297252e-77,4.129995873516916,3.5560933406505826,4.796518055441768,0.14683917756412224,1.2315315301348557,194079
sens_lagged_composite,ni_c_ni_x_oil_rural_filled,fes_delta_growth3,FES Delta (growth-only),-0.026853690711700143,0.00543550840444031,-4.940419315654659,7.795474573426706e-07,0.9735036637334348,0.9631875873268909,0.9839302289313896,2.362650368614632,0.9385249087745985,194079
sens_lagged_composite,ni_c_ni_x_oil_rural_filled,oil,Uses heating oil,0.6686504138053162,0.0671212523036134,9.961828643791858,2.2390584761487295e-23,1.9516016878337368,1.7110293982831866,2.225998660091472,,,194079
sens_lagged_composite,ni_c_ni_x_oil_rural_filled,ni_x_oil,Northern Ireland x heating oil,0.055606939237481376,0.13886518767317296,0.40043829680593124,0.688833721834083,1.0571820652716102,0.8052811343550518,1.3878804202051225,,,194079
sens_lagged_composite,ni_c_ni_x_oil_rural_filled,rural,Rural location,0.18699398163466685,0.03697710717172577,5.057020300864699,4.2585792039788933e-07,1.205620029166302,1.1213352731104982,1.2962400181125155,,,194079
sens_lagged_composite,ni_c_ni_x_oil_rural_filled,region_Northern Ireland,Northern Ireland (vs South East),0.35927231592220504,0.12002933584282392,2.993204231277803,0.002760649441369462,1.4322867829663428,1.132037538649153,1.8121708500126603,,,194079
sens_lagged_composite_v1,main,tenure_security,Tenure security,0.5438348386916019,0.07929824658706103,6.858094120587259,6.9785278235095455e-12,1.7226001056275366,1.4746388780028943,2.012256131431099,0.23548643681774326,1.136627708940797,194692
sens_lagged_composite_v1,main,jbstat_security,Employment-status security,-1.9200306310476556,0.0695301903684065,-27.614344515301216,7.48462027254356e-168,0.14660247147428357,0.1279254892223428,0.16800627281567906,0.26269030428174694,0.603883831982469,194692
sens_lagged_composite_v1,main,health_good,No long-standing illness/disability,0.2655145037498064,0.030713738310692854,8.64481233329284,5.389380083299815e-18,1.304101768450896,1.2279138626344899,1.3850168763694395,0.41499302890534107,1.116486463447768,194692
sens_lagged_composite_v1,main,sf1_good,Self-rated general health,-0.12656749858182653,0.05913303400290823,-2.1403856696343673,0.032323611670434536,0.8811146735453744,0.7846903359490238,0.9893878290192261,0.2361897944539911,0.9705484533234733,194692
sens_lagged_composite_v1,main,qfhigh_band,Highest qualification band,-0.6481799778273902,0.0409978775382897,-15.81008619829226,2.651038736743297e-56,0.52299677680791,0.48261582208134685,0.5667564469226187,0.37014575533592026,0.7866899540313301,194692
sens_lagged_composite_v1,main,dvage,Age (mean of adults),-0.00036929875901807284,0.001272968796884378,-0.2901082571088471,0.7717334190594161,0.9996307694233751,0.9971398263583501,1.0021279350834558,16.630279871918763,0.9938772789993994,194692
sens_lagged_composite_v1,main,heatch,Has central heating,0.07096480549544858,0.039459873123294624,1.798404299824153,0.07211296187795252,1.0735434423739068,0.9936451533320306,1.1598662951248822,,,194692
sens_lagged_composite_v1,main,hsbeds,Bedrooms,0.2593461142607916,0.020006294707427978,12.963225727375749,1.9775332788441684e-38,1.296082319778896,1.2462443356523711,1.3479133518100241,1.0087099490174338,1.2990133382075062,194692
sens_lagged_composite_v1,main,hsrooms,Rooms,0.11965621509755676,0.020563593221294887,5.818837875748547,5.925817532585239e-09,1.127109301804948,1.0825856638838833,1.1734640690304727,1.0538104447756695,1.134389895327548,194692
sens_lagged_composite_v1,main,ncars,Cars,-0.20065776496731716,0.021302960755851537,-9.41924304640143,4.543516049748727e-21,0.8181923977459908,0.784733742068867,0.8530776285526215,1.0567209626616478,0.8089329329278585,194692
sens_lagged_composite_v1,main,bill_security,Bill-payment security,-0.8748983765680647,0.069278613731007,-12.628693466140863,1.4669366760334538e-36,0.41690438478019864,0.3639706798764416,0.47753644911166904,0.12953000843355855,0.8928599028717972,194692
sens_lagged_composite_v1,main,lone_parent,Lone-parent household,0.4271985724049064,0.0480749222329509,8.886100123779324,6.329132513593719e-19,1.5329570344679573,1.395110266546356,1.6844240386404687,,,194692
sens_lagged_composite_v1,main,large_family,Large family (3+ children),0.7002709839462603,0.0708468461954377,9.884292972117585,4.8700741313315907e-23,2.0142984760698637,1.7531492060128362,2.3143485658731024,,,194692
sens_lagged_composite_v1,main,ieqmoecd_dv,OECD equivalence scale,-1.3131063342071945,0.04303937640680294,-30.50941820801197,1.9545520695641346e-204,0.26898320555584937,0.24722363135246536,0.29265796507918995,0.5858254607632052,0.4633599378897596,194692
sens_lagged_composite_v1,main,workless_household,Workless household,-0.10811120947644376,0.04926379864899284,-2.1945366058095077,0.028196855324600225,0.8975277772859146,0.8149190624337217,0.9885105750183764,,,194692
sens_lagged_composite_v1,main,financial_strain_score_v1_lag1,"Strain composite v1, previous wave",1.6851407941581718,0.09293515015808324,18.132437417831007,1.7674819591706172e-73,5.393210211388783,4.495114979196541,6.470739128774679,0.12047521689616332,1.2250941555013957,194692
sens_lagged_composite_v1,main,fes_delta_growth3,FES Delta (growth-only),-0.027652703639963534,0.005390833099627716,-5.129578884917286,2.9039106371988053e-07,0.9727261323905636,0.9625025703195433,0.9830582876483901,2.365900234305332,0.9366706637142569,194692
sens_lagged_composite_v1,ni_a_regionFE_filled,tenure_security,Tenure security,0.5375848028571003,0.07884784252616557,6.818002695238026,9.231491141014178e-12,1.711867368173368,1.4667453099618706,1.9979541548989135,0.23546499012601876,1.1349429669603068,194620
sens_lagged_composite_v1,ni_a_regionFE_filled,jbstat_security,Employment-status security,-1.9105573945933843,0.06967590529739046,-27.42063251907169,1.5567242756465366e-165,0.14799787038776832,0.12910623846451433,0.16965384399557848,0.26268359606525005,0.6053962438035227,194620
sens_lagged_composite_v1,ni_a_regionFE_filled,health_good,No long-standing illness/disability,0.2580901525174433,0.030747327657756684,8.39390516763607,4.702554944712533e-17,1.2944555117871734,1.2187509193735109,1.3748626116791196,0.41498251162741906,1.1130487809925274,194620
sens_lagged_composite_v1,ni_a_regionFE_filled,sf1_good,Self-rated general health,-0.09936656583749738,0.05926478272835188,-1.6766545199863032,0.09361005890971132,0.9054107545343462,0.8061194023800883,1.0169320227326943,0.23617963473286208,0.9768048810441718,194620
sens_lagged_composite_v1,ni_a_regionFE_filled,qfhigh_band,Highest qualification band,-0.5746400423148226,0.04149962311295759,-13.846873759569169,1.3287019828151368e-43,0.5629074552080481,0.5189343957104648,0.6106066696446014,0.37013939008782965,0.8084011145177725,194620
sens_lagged_composite_v1,ni_a_regionFE_filled,dvage,Age (mean of adults),0.0010030001337653065,0.0012814730303659526,0.7826931273605329,0.43380733903201507,1.001003503306613,0.9984924965736389,1.003520824713793,16.630518951433658,1.0168203075694644,194620
sens_lagged_composite_v1,ni_a_regionFE_filled,heatch,Has central heating,0.04300831066710627,0.03946209895271513,1.0898637378270308,0.2757731722177713,1.0439465707069873,0.9662468085259045,1.1278944808661289,,,194620
sens_lagged_composite_v1,ni_a_regionFE_filled,hsbeds,Bedrooms,0.23882620477590916,0.020170734599738144,11.840233363588533,2.4177927920965752e-32,1.2697578395580804,1.220538666745524,1.3209618138671857,1.008674407305561,1.2723910927966835,194620
sens_lagged_composite_v1,ni_a_regionFE_filled,hsrooms,Rooms,0.120713575444749,0.021868080945480522,5.520080877041791,3.388436697389393e-08,1.1283016927699985,1.08096366357785,1.1777127694505145,1.0538974357784825,1.135666527677149,194620
sens_lagged_composite_v1,ni_a_regionFE_filled,ncars,Cars,-0.19370289478546207,0.021751462760973776,-8.90528130977019,5.325083497189914e-19,0.8239026536832937,0.7895161587658602,0.8597868139994379,1.0568010529932252,0.814887327978844,194620
sens_lagged_composite_v1,ni_a_regionFE_filled,bill_security,Bill-payment security,-0.9282556386491888,0.06910558102886279,-13.432426510696605,3.9040608869406247e-41,0.39524255523730484,0.34517626181832256,0.4525707435603896,0.12952215164973463,0.88671676321959,194620
sens_lagged_composite_v1,ni_a_regionFE_filled,lone_parent,Lone-parent household,0.43619481267107857,0.04802492281857034,9.082675974700582,1.0593762375605591e-19,1.5468101036069677,1.4078555970829318,1.6994793369278038,,,194620
sens_lagged_composite_v1,ni_a_regionFE_filled,large_family,Large family (3+ children),0.7104920388554019,0.07051020011924002,10.076443374914362,7.022207345388611e-24,2.0349923076348553,1.7723291510301777,2.3365827333630094,,,194620
sens_lagged_composite_v1,ni_a_regionFE_filled,ieqmoecd_dv,OECD equivalence scale,-1.3015543722713658,0.04321736131903467,-30.116470153352672,2.9493452302678097e-199,0.27210850622971494,0.250008879446776,0.29616163764427306,0.5857656210485758,0.4665426650052526,194620
sens_lagged_composite_v1,ni_a_regionFE_filled,workless_household,Workless household,-0.11635804224997309,0.049375762127039466,-2.356582202226958,0.018443984989509166,0.8901564526150695,0.808048855365096,0.9806071809534693,,,194620
sens_lagged_composite_v1,ni_a_regionFE_filled,financial_strain_score_v1_lag1,"Strain composite v1, previous wave",1.7221127893624801,0.09315911917963617,18.48571352463925,2.6911537714705034e-76,5.596339869722012,4.662371717595183,6.717400892607144,0.12046163769560977,1.230534375794835,194620
sens_lagged_composite_v1,ni_a_regionFE_filled,fes_delta_growth3,FES Delta (growth-only),-0.02742129656693405,0.005426180447108891,-5.053517263979733,4.337470893743261e-07,0.9729512541440979,0.9626586311488798,0.9833539245483287,2.3662188169358243,0.9371754310870668,194620
sens_lagged_composite_v1,ni_a_regionFE_filled,region_Northern Ireland,Northern Ireland (vs South East),0.9557406916140104,0.07079641640539892,13.499845615647939,1.567041744259702e-41,2.6005961094505103,2.2636583992309487,2.9876858305064116,,,194620
sens_lagged_composite_v1,ni_b_oil_filled,tenure_security,Tenure security,0.5508670937427338,0.0777457089476076,7.085498366398074,1.385448044033178e-12,1.7347565624766204,1.4895712163086274,2.020299733310757,0.23546499012601876,1.138498073963864,194620
sens_lagged_composite_v1,ni_b_oil_filled,jbstat_security,Employment-status security,-1.9020143984266915,0.06951886353389086,-27.35968774143507,8.28204714961764e-165,0.14926763168757803,0.13025400279371274,0.17105674598657275,0.26268359606525005,0.6067563420443312,194620
sens_lagged_composite_v1,ni_b_oil_filled,health_good,No long-standing illness/disability,0.26282695086755453,0.03076406513385,8.54331018101907,1.3043068354366245e-17,1.3006016314927042,1.224497420932749,1.3814358241383238,0.41498251162741906,1.1152388399366255,194620
sens_lagged_composite_v1,ni_b_oil_filled,sf1_good,Self-rated general health,-0.1227118206131012,0.059193365190968954,-2.0730671455696044,0.03816603109025962,0.8845185258423628,0.7876285492106951,0.9933274045771764,0.23617963473286208,0.9714339180923466,194620
sens_lagged_composite_v1,ni_b_oil_filled,qfhigh_band,Highest qualification band,-0.5799151750331158,0.04119734527937612,-14.076518064464416,5.29553926637215e-45,0.5599458619401727,0.5165100730790899,0.6070343728919159,0.37013939008782965,0.8068242234950005,194620
sens_lagged_composite_v1,ni_b_oil_filled,dvage,Age (mean of adults),0.00011104943640428679,0.0012746014009060857,0.08712483473291667,0.9305722851794569,1.0001110556026211,0.9976157235092954,1.002612629259817,16.630518951433658,1.001848516160112,194620
sens_lagged_composite_v1,ni_b_oil_filled,heatch,Has central heating,0.04448428646047186,0.03947575951897823,1.12687601207738,0.2597949067501304,1.045488548255752,0.9676481100620719,1.1295906984862547,,,194620
sens_lagged_composite_v1,ni_b_oil_filled,hsbeds,Bedrooms,0.22315931221078436,0.019555646173492907,11.411502858610222,3.663444324591581e-30,1.2500197012759728,1.2030150532617976,1.2988609322397509,1.008674407305561,1.2524418014372303,194620
sens_lagged_composite_v1,ni_b_oil_filled,hsrooms,Rooms,0.09834279805964259,0.019213071174265038,5.1185360824233,3.0791633366085464e-07,1.103340943423366,1.0625650787465455,1.1456815792124686,1.0538974357784825,1.109204645275939,194620
sens_lagged_composite_v1,ni_b_oil_filled,ncars,Cars,-0.22563336167108014,0.021728619758096687,-10.384155283816538,2.9274927913895937e-25,0.7980106293200664,0.7647390045956284,0.832729808053325,1.0568010529932252,0.7878484151386494,194620
sens_lagged_composite_v1,ni_b_oil_filled,bill_security,Bill-payment security,-0.9139673048384547,0.06919291384300619,-13.208972625609924,7.788011681658242e-40,0.4009304513135766,0.3500837302036476,0.4591622315524372,0.12952215164973463,0.8883592900931025,194620
sens_lagged_composite_v1,ni_b_oil_filled,lone_parent,Lone-parent household,0.4262887634869689,0.04806780880391509,8.868487540714526,7.414605990251551e-19,1.5315629707491467,1.3938609931768235,1.6828687687312165,,,194620
sens_lagged_composite_v1,ni_b_oil_filled,large_family,Large family (3+ children),0.7019631545006654,0.07052595657156008,9.953259602915267,2.4405564634585178e-23,2.0177098981788393,1.7572231715157078,2.316810578873288,,,194620
sens_lagged_composite_v1,ni_b_oil_filled,ieqmoecd_dv,OECD equivalence scale,-1.285183120999198,0.043190333836620125,-29.75626735974705,1.4388254223616428e-194,0.2765999277388904,0.25414898728796875,0.30103413293742926,0.5857656210485758,0.47103819773301625,194620
sens_lagged_composite_v1,ni_b_oil_filled,workless_household,Workless household,-0.11302825631511368,0.04919670143424777,-2.297476314874034,0.021591612695976443,0.8931254233260703,0.8110285522298533,0.983532601408716,,,194620
sens_lagged_composite_v1,ni_b_oil_filled,financial_strain_score_v1_lag1,"Strain composite v1, previous wave",1.7227797580802964,0.0927245604953944,18.57954083444662,4.70513651410489e-77,5.600073698384427,4.669457785386408,6.7161599630441575,0.12046163769560977,1.2306332459977376,194620
sens_lagged_composite_v1,ni_b_oil_filled,fes_delta_growth3,FES Delta (growth-only),-0.02670016482195433,0.005408535853333818,-4.936671503341587,7.946715619045501e-07,0.973653133223005,0.9633864012063545,0.9840292769836552,2.3662188169358243,0.938775950681912,194620
sens_lagged_composite_v1,ni_b_oil_filled,oil,Uses heating oil,0.7871826609549741,0.05676731485224079,13.866829230939068,1.0062766335536162e-43,2.1971974478847907,1.9658422281869696,2.4557803041212733,,,194620
sens_lagged_composite_v1,ni_b_oil_filled,region_Northern Ireland,Northern Ireland (vs South East),0.3866763401915773,0.08175858203727528,4.729489315449285,2.2508529969046148e-06,1.47207996104228,1.2541179088308607,1.7279231852469301,,,194620
sens_lagged_composite_v1,ni_b_oil_rural_filled,tenure_security,Tenure security,0.5605654313409171,0.077692792783013,7.215153571664126,5.387314272766736e-13,1.7516626653042335,1.5042438634390138,2.03977703854873,0.23546499012601876,1.1411009406058992,194620
sens_lagged_composite_v1,ni_b_oil_rural_filled,jbstat_security,Employment-status security,-1.9024452706428825,0.06961544187251964,-27.32792063758865,1.976439970177983e-164,0.14920333026615,0.1301732492169033,0.1710154267211693,0.26268359606525005,0.6066876713891772,194620
sens_lagged_composite_v1,ni_b_oil_rural_filled,health_good,No long-standing illness/disability,0.2635563771718021,0.030721300629056526,8.578945935724079,9.574646270964925e-18,1.3015506706190345,1.2254936401550767,1.3823279800738024,0.41498251162741906,1.1155764728944608,194620
sens_lagged_composite_v1,ni_b_oil_rural_filled,sf1_good,Self-rated general health,-0.1318703329855992,0.05922869222662897,-2.226460318945061,0.025983364065206994,0.8764546349673156,0.7803939391499337,0.984339688737773,0.23617963473286208,0.9693349249026176,194620
sens_lagged_composite_v1,ni_b_oil_rural_filled,qfhigh_band,Highest qualification band,-0.5812265534149881,0.041171546546324385,-14.117190199814766,2.976234163259871e-45,0.559212042304572,0.5158592604170905,0.6062081894305955,0.37013939008782965,0.80643269186154,194620
sens_lagged_composite_v1,ni_b_oil_rural_filled,dvage,Age (mean of adults),-0.00034396157983751995,0.0012711656479959222,-0.27058753544811287,0.7867082835817514,0.999656097568165,0.997168615483107,1.0021497847894731,16.630518951433658,0.994296069961506,194620
sens_lagged_composite_v1,ni_b_oil_rural_filled,heatch,Has central heating,0.041877859961460547,0.039406996968429475,1.0627011237372535,0.2879175111059379,1.0427671073576679,0.9652593716599175,1.1264985061136297,,,194620
sens_lagged_composite_v1,ni_b_oil_rural_filled,hsbeds,Bedrooms,0.22207843225614401,0.019537995163475173,11.36649028715613,6.140740720249193e-30,1.2486693099748742,1.2017570153727186,1.2974128927298656,1.008674407305561,1.2510770634062327,194620
sens_lagged_composite_v1,ni_b_oil_rural_filled,hsrooms,Rooms,0.09595057347316413,0.01893873873073771,5.066365550385657,4.0548290732581865e-07,1.1007046586411076,1.0605963323745544,1.1423297522080929,1.0538974357784825,1.106411685832436,194620
sens_lagged_composite_v1,ni_b_oil_rural_filled,ncars,Cars,-0.23854997175134593,0.02200839744508441,-10.839043249131537,2.2480976330850084e-27,0.7877693210608954,0.7545108367146598,0.8224938238222211,1.0568010529932252,0.7771671252445201,194620
sens_lagged_composite_v1,ni_b_oil_rural_filled,bill_security,Bill-payment security,-0.9165755551229927,0.0691919476709711,-13.246852935569759,4.705237822144667e-40,0.39988608692378125,0.3491724751987373,0.4579653147751671,0.12952215164973463,0.8880592297467368,194620
sens_lagged_composite_v1,ni_b_oil_rural_filled,lone_parent,Lone-parent household,0.42026143890641676,0.04806295464946515,8.743978433525069,2.250424294121774e-18,1.522359507601142,1.3854981898204757,1.6727401648095181,,,194620
sens_lagged_composite_v1,ni_b_oil_rural_filled,large_family,Large family (3+ children),0.70297543427707,0.07059919817894832,9.957272212854782,2.3440592779512367e-23,2.0197534192364355,1.7587503852761504,2.319489967802761,,,194620
sens_lagged_composite_v1,ni_b_oil_rural_filled,ieqmoecd_dv,OECD equivalence scale,-1.2816098113120262,0.04319951991887574,-29.667223471898712,2.0337502685415928e-193,0.27759007293430105,0.2550541726803815,0.30211718468230203,0.5857656210485758,0.4720251706995664,194620
sens_lagged_composite_v1,ni_b_oil_rural_filled,workless_household,Workless household,-0.11497672648399554,0.04921041104605198,-2.3364309307719107,0.019468793461963268,0.8913868893724565,0.8094280759356625,0.981644460042501,,,194620
sens_lagged_composite_v1,ni_b_oil_rural_filled,financial_strain_score_v1_lag1,"Strain composite v1, previous wave",1.7238470694874743,0.09264908993211354,18.60619538465605,2.8623553561019653e-77,5.606053911731013,4.675135704501074,6.722337584976804,0.12046163769560977,1.2307914787844585,194620
sens_lagged_composite_v1,ni_b_oil_rural_filled,fes_delta_growth3,FES Delta (growth-only),-0.026803222240475703,0.005414424310485193,-4.950336490727272,7.408527768990032e-07,0.973552796214885,0.9632760048161683,0.9839392264304359,2.3662188169358243,0.9385470520657523,194620
sens_lagged_composite_v1,ni_b_oil_rural_filled,oil,Uses heating oil,0.6759816333902218,0.05993639421117636,11.27831666030005,1.679285191872733e-29,1.9659618829033902,1.7480632475245392,2.2110219012397527,,,194620
sens_lagged_composite_v1,ni_b_oil_rural_filled,rural,Rural location,0.1863887601260047,0.03689194188000758,5.052289216226164,4.3654600169877267e-07,1.2048905827539718,1.1208438988755045,1.2952395225291375,,,194620
sens_lagged_composite_v1,ni_b_oil_rural_filled,region_Northern Ireland,Northern Ireland (vs South East),0.4081979900725901,0.08148108915524005,5.009726726834492,5.450737772647872e-07,1.504104929535731,1.2820982452302971,1.764554040589389,,,194620
sens_lagged_composite_v1,ni_c_ni_x_oil_filled,tenure_security,Tenure security,0.5505398816897981,0.07782365190118101,7.074197473910156,1.5031610569570692e-12,1.7341890220785616,1.488856427292311,2.019947329486422,0.23546499012601876,1.1384103595014365,194620
sens_lagged_composite_v1,ni_c_ni_x_oil_filled,jbstat_security,Employment-status security,-1.9021839190805825,0.06949834911050831,-27.370202939007193,6.208747177694979e-165,0.1492423298856992,0.1302371603308408,0.17102087432750518,0.26268359606525005,0.6067293236070181,194620
sens_lagged_composite_v1,ni_c_ni_x_oil_filled,health_good,No long-standing illness/disability,0.262851689353638,0.03075876598308889,8.545586305320356,1.2788534944553528e-17,1.3006338068060477,1.2245404317078459,1.3814556511192349,0.41498251162741906,1.1152502890809182,194620
sens_lagged_composite_v1,ni_c_ni_x_oil_filled,sf1_good,Self-rated general health,-0.12277584748229504,0.05919108828319313,-2.0742285881767835,0.03805808637144409,0.8844618947033858,0.7875816361340305,0.9932593743833509,0.23617963473286208,0.9714192283326294,194620
sens_lagged_composite_v1,ni_c_ni_x_oil_filled,qfhigh_band,Highest qualification band,-0.5798248932128356,0.04120381142866485,-14.07211792085478,5.635598738385978e-45,0.5599964171539211,0.5165501601552593,0.6070968734787944,0.37013939008782965,0.8068511854759127,194620
sens_lagged_composite_v1,ni_c_ni_x_oil_filled,dvage,Age (mean of adults),0.00011336007466120244,0.0012747824532154733,0.08892503530721368,0.9291414870692057,1.0001133665001574,0.9976176746303289,1.0026153017215897,16.630518951433658,1.0018870150462693,194620
sens_lagged_composite_v1,ni_c_ni_x_oil_filled,heatch,Has central heating,0.04462368014081521,0.03950628638441819,1.129533657165392,0.2586727796522631,1.045634292909956,0.9677251012632797,1.1298157638796706,,,194620
sens_lagged_composite_v1,ni_c_ni_x_oil_filled,hsbeds,Bedrooms,0.2232164686704818,0.019561936309018185,11.410755312989007,3.695066891095308e-30,1.2500911500185088,1.2030689832541777,1.2989511865957843,1.008674407305561,1.2525140096166956,194620
sens_lagged_composite_v1,ni_c_ni_x_oil_filled,hsrooms,Rooms,0.09841091630918969,0.019257314891016914,5.110313502486064,3.2162466283787204e-07,1.1034161036369476,1.062545317513037,1.1458589837985003,1.0538974357784825,1.1092842775459206,194620
sens_lagged_composite_v1,ni_c_ni_x_oil_filled,ncars,Cars,-0.22561045517342657,0.021735798426256298,-10.379671855113212,3.0682798906023904e-25,0.7980289091580371,0.7647457622926344,0.8327605999969862,1.0568010529932252,0.7878674872973294,194620
sens_lagged_composite_v1,ni_c_ni_x_oil_filled,bill_security,Bill-payment security,-0.9138616927300199,0.06921406763592812,-13.203409710537604,8.385189920816494e-40,0.4009727966599268,0.3501061892981043,0.45922976678479865,0.12952215164973463,0.8883714421384666,194620
sens_lagged_composite_v1,ni_c_ni_x_oil_filled,lone_parent,Lone-parent household,0.42629451540844315,0.048070854309207114,8.868045337126327,7.444102334588052e-19,1.5315717802044229,1.3938606904871003,1.6828884937552904,,,194620
sens_lagged_composite_v1,ni_c_ni_x_oil_filled,large_family,Large family (3+ children),0.7019548635831019,0.07052583817394256,9.95315875370136,2.443031736092052e-23,2.0176931695817544,1.757209010352853,2.3167908328442834,,,194620
sens_lagged_composite_v1,ni_c_ni_x_oil_filled,ieqmoecd_dv,OECD equivalence scale,-1.285311922045412,0.04326773948585085,-29.70601046689131,6.421863503200573e-194,0.27656430367307266,0.2540777051072666,0.3010410300812498,0.5857656210485758,0.4710026605488175,194620
sens_lagged_composite_v1,ni_c_ni_x_oil_filled,workless_household,Workless household,-0.1130373976259364,0.0491976852895339,-2.297616177685975,0.021583644076192267,0.8931172590262882,0.811019574492132,0.9835255072235849,,,194620
sens_lagged_composite_v1,ni_c_ni_x_oil_filled,financial_strain_score_v1_lag1,"Strain composite v1, previous wave",1.72272767633174,0.09272162448709456,18.5795674510806,4.702803582152925e-77,5.599782044349163,4.66924146712809,6.715771536977798,0.12046163769560977,1.2306255252102132,194620
sens_lagged_composite_v1,ni_c_ni_x_oil_filled,fes_delta_growth3,FES Delta (growth-only),-0.026704003919358513,0.005408195609493386,-4.937691948953011,7.905258358927414e-07,0.9736493952809637,0.9633833451262908,0.9840248429940557,2.3662188169358243,0.9387674227442407,194620
sens_lagged_composite_v1,ni_c_ni_x_oil_filled,oil,Uses heating oil,0.7843450406902412,0.06336820802580259,12.377579627482406,3.456088478378654e-35,2.1909714735342205,1.9350741287796918,2.4807090986576013,,,194620
sens_lagged_composite_v1,ni_c_ni_x_oil_filled,ni_x_oil,Northern Ireland x heating oil,0.016414149617000794,0.13822361584544676,0.1187506889948104,0.9054728766233285,1.0165496018671585,0.7753047049256201,1.332860598537728,,,194620
sens_lagged_composite_v1,ni_c_ni_x_oil_filled,region_Northern Ireland,Northern Ireland (vs South East),0.37560972077523336,0.11966713386471374,3.138787640722374,0.0016964834294831586,1.4558788236198406,1.151501160699525,1.8407129939643885,,,194620
sens_lagged_composite_v1,ni_c_ni_x_oil_rural_filled,tenure_security,Tenure security,0.5594080937492188,0.07774848679877681,7.195099439003099,6.241526035366912e-13,1.749636572916296,1.5023399507217026,2.0376401065655685,0.23546499012601876,1.1407900187203652,194620
sens_lagged_composite_v1,ni_c_ni_x_oil_rural_filled,jbstat_security,Employment-status security,-1.9030700895510608,0.06959758175572688,-27.343911117924232,1.2758331282754712e-164,0.14911013432256237,0.13009649388611097,0.17090262384131988,0.26268359606525005,0.6065881041084101,194620
sens_lagged_composite_v1,ni_c_ni_x_oil_rural_filled,health_good,No long-standing illness/disability,0.26365333353158854,0.030715358127446225,8.58376231322521,9.181959090751339e-18,1.3016768703519699,1.2256267402184602,1.3824459104957922,0.41498251162741906,1.115621359232937,194620
sens_lagged_composite_v1,ni_c_ni_x_oil_rural_filled,sf1_good,Self-rated general health,-0.13215417178337713,0.05922589941268657,-2.231357785932903,0.025657438756704738,0.8762058984396279,0.7801767350367136,0.98405494804234,0.23617963473286208,0.9692699458299682,194620
sens_lagged_composite_v1,ni_c_ni_x_oil_rural_filled,qfhigh_band,Highest qualification band,-0.5808887923308818,0.04117828347050161,-14.106678165616252,3.4547204305610584e-45,0.5594009542719857,0.5160267133005708,0.6064209847565307,0.37013939008782965,0.8065335173159307,194620
sens_lagged_composite_v1,ni_c_ni_x_oil_rural_filled,dvage,Age (mean of adults),-0.00033809182765991906,0.0012712230597993863,-0.26595790963174776,0.7902716251214639,0.9996619653189416,0.9971743564258196,1.0021557799452587,16.630518951433658,0.9943931349231749,194620
sens_lagged_composite_v1,ni_c_ni_x_oil_rural_filled,heatch,Has central heating,0.042389974770949135,0.039439501156284786,1.0748101149396556,0.28245975093419873,1.0433012605984118,0.9656922985207435,1.127147355356955,,,194620
sens_lagged_composite_v1,ni_c_ni_x_oil_rural_filled,hsbeds,Bedrooms,0.22228404861242443,0.019552382881021648,11.36864237801841,5.9912186690096276e-30,1.2489260832060738,1.2019702463495425,1.2977162837846634,1.008674407305561,1.2513365636437543,194620
sens_lagged_composite_v1,ni_c_ni_x_oil_rural_filled,hsrooms,Rooms,0.09618846297984997,0.019032726683010245,5.053845651328223,4.330015819969705e-07,1.1009665358770466,1.0606532630070633,1.1428120342406678,1.0538974357784825,1.1066891103439664,194620
sens_lagged_composite_v1,ni_c_ni_x_oil_rural_filled,ncars,Cars,-0.2385457901063705,0.022015011896771654,-10.83559669306159,2.334385345595854e-27,0.7877726152394061,0.7545042102960138,0.8225079262018428,1.0568010529932252,0.777170559683277,194620
sens_lagged_composite_v1,ni_c_ni_x_oil_rural_filled,bill_security,Bill-payment security,-0.9161927801167458,0.06921563552242108,-13.236789248578996,5.380005640489566e-40,0.4000391826219357,0.3492899383004978,0.4581619167488007,0.12952215164973463,0.8881032588987032,194620
sens_lagged_composite_v1,ni_c_ni_x_oil_rural_filled,lone_parent,Lone-parent household,0.42024597362863503,0.04806980011342509,8.742411506538954,2.2818660012760817e-18,1.5223359640705274,1.3854581742448258,1.672736738347045,,,194620
sens_lagged_composite_v1,ni_c_ni_x_oil_rural_filled,large_family,Large family (3+ children),0.7029361519267326,0.07060572030058511,9.955796059216853,2.3791111318977236e-23,2.019674080133349,1.7586588174877409,2.3194285039263587,,,194620
sens_lagged_composite_v1,ni_c_ni_x_oil_rural_filled,ieqmoecd_dv,OECD equivalence scale,-1.2820667505245307,0.04327273160507804,-29.627590008070595,6.594557826246089e-193,0.2774632601200556,0.25490107609242324,0.3020225018137458,0.5857656210485758,0.4718988456882677,194620
sens_lagged_composite_v1,ni_c_ni_x_oil_rural_filled,workless_household,Workless household,-0.11501240717301867,0.04921223330817588,-2.3370694528896956,0.019435573056526236,0.8913550846414682,0.809396304680227,0.9816129408078929,,,194620
sens_lagged_composite_v1,ni_c_ni_x_oil_rural_filled,financial_strain_score_v1_lag1,"Strain composite v1, previous wave",1.7236653659645256,0.09265254089990517,18.60354124369502,3.007672806821608e-77,5.60503536452502,4.674254677343612,6.721161683776747,0.12046163769560977,1.230764539141305,194620
sens_lagged_composite_v1,ni_c_ni_x_oil_rural_filled,fes_delta_growth3,FES Delta (growth-only),-0.026817557938628236,0.0054138675220620726,-4.9534935661694535,7.289276955879948e-07,0.9735388397559009,0.9632632468755135,0.9839240473333986,2.3662188169358243,0.9385152157769482,194620
sens_lagged_composite_v1,ni_c_ni_x_oil_rural_filled,oil,Uses heating oil,0.6648378161742953,0.06703559913027546,9.917682914748992,3.4875827962156295e-23,1.9441751819971955,1.704804525217955,2.2171557397823003,,,194620
sens_lagged_composite_v1,ni_c_ni_x_oil_rural_filled,ni_x_oil,Northern Ireland x heating oil,0.06099405417756771,0.13865670812885714,0.4398925591171861,0.6600149253433356,1.0628925943977763,0.8099618752873268,1.3948072146295405,,,194620
sens_lagged_composite_v1,ni_c_ni_x_oil_rural_filled,rural,Rural location,0.18737424392556898,0.036945743986629524,5.0716056494458135,3.944731671100066e-07,1.2060785681775723,1.1218307133274192,1.2966533143871182,,,194620
sens_lagged_composite_v1,ni_c_ni_x_oil_rural_filled,region_Northern Ireland,Northern Ireland (vs South East),0.36727671446232985,0.1198967219164854,3.063275697547078,0.0021892825999126537,1.4437973834605258,1.141431820987581,1.8262596557750432,,,194620
sens_month_fe,main,tenure_security,Tenure security,0.7108110715083893,0.07564991699801442,9.396058842034764,5.664517352924251e-21,2.0356416402032074,1.7551247881672496,2.3609927426620847,0.24028348242956052,1.1862489189347138,221877
sens_month_fe,main,jbstat_security,Employment-status security,-1.747930566339681,0.06660335749503087,-26.243880670281378,8.394921408220259e-152,0.17413392945341208,0.15282363295408435,0.1984158130568476,0.2642833869632245,0.6300544654433062,221877
sens_month_fe,main,health_good,No long-standing illness/disability,0.22306045390397627,0.034096457665786534,6.542041876913278,6.068450335621582e-11,1.249896132552826,1.1690981327710925,1.336278194600791,0.4124506985866788,1.0963664008908853,221877
sens_month_fe,main,sf1_good,Self-rated general health,0.028891534105044844,0.07355350344254367,0.39279616541465584,0.6944700370692654,1.0293129430704964,0.8911248983807989,1.1889300104817673,0.23486507457214167,1.0068086867411608,221877
sens_month_fe,main,qfhigh_band,Highest qualification band,-0.6002608329627763,0.040039449856938025,-14.991735278769402,8.315199293751525e-51,0.5486685065962349,0.5072573996308313,0.5934603030919403,0.36775435600352346,0.801918308475139,221877
sens_month_fe,main,dvage,Age (mean of adults),0.0029996176140422975,0.0011949581104278388,2.5102282564267666,0.012065314459205325,1.0030041209686122,1.0006577589831973,1.0053559847497384,16.702954206683504,1.051378831579623,221877
sens_month_fe,main,heatch,Has central heating,0.08373788985368592,0.03609332133375,2.3200383550012793,0.020338802569965904,1.0873438525980632,1.013081098647656,1.1670503529885732,,,221877
sens_month_fe,main,hsbeds,Bedrooms,0.2892176419569934,0.019334341596589224,14.95875308254688,1.3656078763741603e-50,1.3353823321276919,1.2857253435243798,1.3869571615276943,1.0152325982880686,1.3412783853779482,221877
sens_month_fe,main,hsrooms,Rooms,0.13820703362511594,0.01965323819299013,7.032277951753075,2.0318851321968108e-12,1.1482132444183875,1.1048254896588727,1.193304885701785,1.0539687845227173,1.156809632505469,221877
sens_month_fe,main,ncars,Cars,-0.1564700138630249,0.019611902995119675,-7.978318774162899,1.4833988371589482e-15,0.8551571601781889,0.8229098378025625,0.8886681565951591,1.0569182230822372,0.8475749483403491,221877
sens_month_fe,main,bill_security,Bill-payment security,-0.5362440597107175,0.06316942541609774,-8.48898111987677,2.0845658260827483e-17,0.584941135604896,0.5168234984293683,0.662036716911211,0.13388065545784578,0.930723809091303,221877
sens_month_fe,main,lone_parent,Lone-parent household,0.40611903296463725,0.04247876182179108,9.560519552533265,1.171670151206758e-21,1.5009812080679166,1.3810750114096775,1.6312977704762168,,,221877
sens_month_fe,main,large_family,Large family (3+ children),0.6767073757139703,0.06220309097182088,10.878999180611956,1.451478150364485e-27,1.96738918251191,1.7415779283970922,2.222478898218072,,,221877
sens_month_fe,main,ieqmoecd_dv,OECD equivalence scale,-1.2907649028740518,0.03876737354497565,-33.29513415131364,4.5407666443969217e-243,0.27506030818331695,0.2549347729754121,0.2967746308393886,0.5886951061086152,0.46772863945344995,221877
sens_month_fe,main,workless_household,Workless household,0.0456855253229506,0.04540146829262275,1.006256560437584,0.31429217071180027,1.046745184339135,0.9576243303994588,1.1441600282650768,,,221877
sens_month_fe,main,finnow,Current financial difficulty (1-5),0.4995691728135036,0.012981645550882888,38.48273093387053,0.0,1.6480111097430636,1.6066087886339382,1.6904803689925443,0.9336148387124976,1.5942528481122673,221877
sens_month_fe,main,scghq1_dv,"Psychological distress, GHQ-12 (0-36)",-0.009032000065627316,0.00215806476519843,-4.185231236467011,2.848759525461219e-05,0.991008665923133,0.9868258200044068,0.9952092416170891,4.975766304091182,0.9560537711065761,221877
sens_month_fe,main,finfut_risk,Financial expectations: worse off (0-1),-0.200612809241405,0.0363990552191987,-5.511483966638554,3.558208469731711e-08,0.8182291810059702,0.761889576487577,0.8787349417958826,0.2783726370170744,0.9456855954274035,221877
sens_month_fe,main,fes_delta_growth3,FES Delta (growth-only),-0.03203453407497283,0.004860931905901334,-6.590204243775116,4.392219254030374e-11,0.9684731361777953,0.9592900632540712,0.9777441166401802,2.459319815994217,0.9242403108780206,221877
sens_month_fe,ni_a_regionFE_filled,tenure_security,Tenure security,0.6903991067221542,0.07430791822610697,9.291057039458185,1.52763559859143e-20,1.9945113973212505,1.7241915315075784,2.307212186900178,0.2402543330880732,1.1804212625755575,221778
sens_month_fe,ni_a_regionFE_filled,jbstat_security,Employment-status security,-1.7417517190781155,0.09304365847936337,-18.719725207972424,3.4191042552587392e-78,0.17521320731937004,0.14600506900159183,0.21026439855184645,0.2642813026834878,0.6310864549235417,221778
sens_month_fe,ni_a_regionFE_filled,health_good,No long-standing illness/disability,0.21853198957533068,0.05751886330945505,3.7993099481054595,0.00014509953360272737,1.2442488189818575,1.1115962985681405,1.3927314489369418,0.4124473675986449,1.0943197571019012,221778
sens_month_fe,ni_a_regionFE_filled,sf1_good,Self-rated general health,0.0549275170677024,0.09256253763171604,0.5934098013415072,0.5529069310429091,1.0564640362889977,0.8811814430450027,1.2666134412853716,0.234859474011093,1.0129838149225177,221778
sens_month_fe,ni_a_regionFE_filled,qfhigh_band,Highest qualification band,-0.5211610950894875,0.04178342500827624,-12.47291467815907,1.0491701135794996e-35,0.5938306536752921,0.5471375184806463,0.6445086168165933,0.3677494775712959,0.8255902280954004,221778
sens_month_fe,ni_a_regionFE_filled,dvage,Age (mean of adults),0.004632142594944486,0.0012946939309060332,3.577789687870777,0.0003465120833876309,1.0046428875517723,1.0020967843035575,1.0071954598774775,16.702640771862935,1.080440700332501,221778
sens_month_fe,ni_a_regionFE_filled,heatch,Has central heating,0.060474081211605794,0.03747335785665557,1.6137886933680565,0.10657326786415626,1.062340062646204,0.9871114277140388,1.1433019383806393,,,221778
sens_month_fe,ni_a_regionFE_filled,hsbeds,Bedrooms,0.2699086596349926,0.019493973306061584,13.845748909026435,1.3496670816249963e-43,1.3098448035665617,1.260742929815558,1.3608590370451847,1.0151670119752483,1.3152179160238446,221778
sens_month_fe,ni_a_regionFE_filled,hsrooms,Rooms,0.14086066721709292,0.02012643871250455,6.99878747697059,2.5818714764086517e-12,1.1512642279603764,1.1067342616547835,1.197585878112652,1.054028384869543,1.1600593197873266,221778
sens_month_fe,ni_a_regionFE_filled,ncars,Cars,-0.15342959470258608,0.020021770835255012,-7.6631380892853915,1.8144407205051326e-14,0.8577611530020443,0.8247528243010419,0.892090543882563,1.0569840851331196,0.8502943972228315,221778
sens_month_fe,ni_a_regionFE_filled,bill_security,Bill-payment security,-0.5834851893867609,0.06299238315490512,-9.262789565397254,1.9915962005702172e-20,0.557950411189029,0.4931469917504882,0.6312695130532514,0.13387213984296276,0.924860456331542,221778
sens_month_fe,ni_a_regionFE_filled,lone_parent,Lone-parent household,0.4164805622208321,0.04229508686724714,9.847019903944213,7.060646284427534e-23,1.5166145214176614,1.3959619049331966,1.6476951114829987,,,221778
sens_month_fe,ni_a_regionFE_filled,large_family,Large family (3+ children),0.6835225739996648,0.06206637508129581,11.012767752335671,3.3165572799795274e-28,1.98084312345902,1.753957589212615,2.237077740013274,,,221778
sens_month_fe,ni_a_regionFE_filled,ieqmoecd_dv,OECD equivalence scale,-1.278370967238681,0.03915643561087791,-32.64778694216849,8.614193259491863e-234,0.27849060144533905,0.25791733024905517,0.3007049391310562,0.5886659479703827,0.4711713468964164,221778
sens_month_fe,ni_a_regionFE_filled,workless_household,Workless household,0.0370540756089655,0.04550337885707463,0.8143148166062952,0.41546462380236415,1.0377491362374016,0.94920460011412,1.1345533614480987,,,221778
sens_month_fe,ni_a_regionFE_filled,finnow,Current financial difficulty (1-5),0.5081891653458509,0.013070253338509592,38.88135540942774,0.0,1.6622783566401234,1.6202361974858408,1.7054114327539804,0.9335403267849457,1.60707391201706,221778
sens_month_fe,ni_a_regionFE_filled,scghq1_dv,"Psychological distress, GHQ-12 (0-36)",-0.008924401038901087,0.002152844225170282,-4.145400273071407,3.392206155007444e-05,0.9911153032279958,0.9869421056243814,0.9953061468294244,4.97528979343185,0.9565698353712847,221778
sens_month_fe,ni_a_regionFE_filled,finfut_risk,Financial expectations: worse off (0-1),-0.21898394378597122,0.03665332162405057,-5.974463816187452,2.3084816255675687e-09,0.8033346165626167,0.747647899756465,0.8631690216451063,0.27837282650070005,0.9408616455384546,221778
sens_month_fe,ni_a_regionFE_filled,fes_delta_growth3,FES Delta (growth-only),-0.031609285369749295,0.004895237581243417,-6.45715041305929,1.0669284355560636e-10,0.9688850657050401,0.9596335609577188,0.9782257611013465,2.459358548536132,0.9252062751325866,221778
sens_month_fe,ni_a_regionFE_filled,region_Northern Ireland,Northern Ireland (vs South East),0.927146099621412,0.065456226119634,14.164368381502348,1.522294572531244e-45,2.527286252572984,2.2229924837850805,2.873233197608018,,,221778
sens_month_fe,ni_b_oil_filled,tenure_security,Tenure security,0.7051761846555366,0.08165893036758952,8.635628479104122,5.840503871054901e-18,2.02420328706638,1.7248284945979295,2.3755399219129156,0.2402543330880732,1.1846195094485508,221778
sens_month_fe,ni_b_oil_filled,jbstat_security,Employment-status security,-1.728412154776584,0.06703432026335712,-25.783988679025715,1.3409037861542027e-146,0.17756613378114722,0.1557042338397088,0.20249758846277008,0.2642813026834878,0.6333152118089371,221778
sens_month_fe,ni_b_oil_filled,health_good,No long-standing illness/disability,0.22260503721005376,0.04067429772174104,5.472867380106428,4.4281150065066556e-08,1.2493270385856747,1.153596990296635,1.3530011455212834,0.4124473675986449,1.0961596693313644,221778
sens_month_fe,ni_b_oil_filled,sf1_good,Self-rated general health,0.03562412135190743,0.06112779417143847,0.5827810709477973,0.5600406892712965,1.0362662629154682,0.9192619550363814,1.1681629613555482,0.234859474011093,1.0084017607397238,221778
sens_month_fe,ni_b_oil_filled,qfhigh_band,Highest qualification band,-0.5252313879473929,0.04830439801049421,-10.873365771648485,1.5439776633563957e-27,0.5914185014201138,0.5379948623814275,0.6501471822123631,0.3677494775712959,0.8243553693826725,221778
sens_month_fe,ni_b_oil_filled,dvage,Age (mean of adults),0.0037543033828208753,0.001274211026294291,2.9463748981511193,0.0032152244840965623,1.0037613596074053,1.0012576858869755,1.0062712938361804,16.702640771862935,1.0647145986419557,221778
sens_month_fe,ni_b_oil_filled,heatch,Has central heating,0.05961751029026542,0.03662016068233841,1.6279969606746822,0.10352553022850057,1.0614304826554661,0.9879169082275785,1.1404144013806898,,,221778
sens_month_fe,ni_b_oil_filled,hsbeds,Bedrooms,0.2556110977359314,0.01926986975194838,13.264806717756175,3.7037455742971545e-40,1.291250460052081,1.2433916495802306,1.3409513817690522,1.0151670119752483,1.2962661692053732,221778
sens_month_fe,ni_b_oil_filled,hsrooms,Rooms,0.11894299747714314,0.019501894824431282,6.099048248795577,1.0670186209980291e-09,1.1263057141912556,1.084067300032362,1.1701898597826947,1.054028384869543,1.133566996995173,221778
sens_month_fe,ni_b_oil_filled,ncars,Cars,-0.18366760363683868,0.020031755961041824,-9.168821944218932,4.782163795311329e-20,0.8322123822265279,0.8001715603502734,0.8655361967975698,1.0569840851331196,0.8235477605686404,221778
sens_month_fe,ni_b_oil_filled,bill_security,Bill-payment security,-0.5711494679042614,0.0629697383566674,-9.070221392206031,1.1877543120457862e-19,0.5648757588233254,0.4992901510433126,0.6390765414448315,0.13387213984296276,0.9263890414243572,221778
sens_month_fe,ni_b_oil_filled,lone_parent,Lone-parent household,0.40663078525871604,0.04224413899206824,9.625732585887596,6.226166614029154e-22,1.5017495352243388,1.3824175223195616,1.6313824370241095,,,221778
sens_month_fe,ni_b_oil_filled,large_family,Large family (3+ children),0.6769166928160056,0.062106993625262195,10.89920238130264,1.1627204257413593e-27,1.9678010338164262,1.742270629731443,2.2225255035642024,,,221778
sens_month_fe,ni_b_oil_filled,ieqmoecd_dv,OECD equivalence scale,-1.2641997969257766,0.039255645970377576,-32.20427955458293,1.5374922709090726e-227,0.28246523527950224,0.2615474786565381,0.30505592923829955,0.5886659479703827,0.4751183386951076,221778
sens_month_fe,ni_b_oil_filled,workless_household,Workless household,0.0431136616747286,0.045363815774006416,0.9503976007995526,0.34191026260462665,1.0440565573236138,0.9552351070153764,1.141136969197354,,,221778
sens_month_fe,ni_b_oil_filled,finnow,Current financial difficulty (1-5),0.509206657862739,0.012915248625154712,39.426779355294,0.0,1.6639705731918342,1.6223784243185158,1.706629000327961,0.9335403267849457,1.608601149014414,221778
sens_month_fe,ni_b_oil_filled,scghq1_dv,"Psychological distress, GHQ-12 (0-36)",-0.008979405710475457,0.0021499483883670686,-4.176568032544961,2.9594025907002663e-05,0.9910607887555384,0.986893422021444,0.9952457530793106,4.97528979343185,0.9563080922871336,221778
sens_month_fe,ni_b_oil_filled,finfut_risk,Financial expectations: worse off (0-1),-0.21965504010147616,0.036640997836106054,-5.994788708647776,2.03750182488116e-09,0.8027956825198758,0.7471643712523286,0.8625691115227205,0.27837282650070005,0.9406858949075891,221778
sens_month_fe,ni_b_oil_filled,fes_delta_growth3,FES Delta (growth-only),-0.03099004094980755,0.004870139832409462,-6.363275391720216,1.9749611998840794e-10,0.9694852281799963,0.9602752281491451,0.9787835613241902,2.459358548536132,0.9266163860190064,221778
sens_month_fe,ni_b_oil_filled,oil,Uses heating oil,0.7524054472446443,0.05248872563276948,14.334610683992421,1.3299022738616211e-46,2.1220984780511745,1.914639655375916,2.3520362893888467,,,221778
sens_month_fe,ni_b_oil_filled,region_Northern Ireland,Northern Ireland (vs South East),0.3841164054981009,0.07603330461583455,5.051949371908604,4.3732363281324083e-07,1.4683163518306603,1.2650275072762804,1.704273540814352,,,221778
sens_month_fe,ni_b_oil_rural_filled,tenure_security,Tenure security,0.7135892839893035,0.0719787800804847,9.913884108502362,3.6228199391344786e-23,2.041304948508928,1.7727171231997216,2.350587038548944,0.2402543330880732,1.187016382963746,221778
sens_month_fe,ni_b_oil_rural_filled,jbstat_security,Employment-status security,-1.729790345073357,0.06964381701156941,-24.837672880364956,3.514187004174396e-136,0.1773215824164021,0.15469656619952118,0.20325560135641982,0.2642813026834878,0.633084581459374,221778
sens_month_fe,ni_b_oil_rural_filled,health_good,No long-standing illness/disability,0.22359821411694988,0.04173338143553805,5.357778507891164,8.425143515031563e-08,1.2505684577219232,1.152348794614713,1.3571598067856576,0.4124473675986449,1.0966087847053145,221778
sens_month_fe,ni_b_oil_rural_filled,sf1_good,Self-rated general health,0.028523049623369393,0.058398633943818654,0.48841980877171676,0.625252513790348,1.028933727096079,0.9176528034477923,1.1537093449484142,0.234859474011093,1.0067213963055164,221778
sens_month_fe,ni_b_oil_rural_filled,qfhigh_band,Highest qualification band,-0.5264537167346021,0.0378682029650499,-13.902262994113757,6.136988662430103e-44,0.5906960351961239,0.5484418448391746,0.6362056602350218,0.3677494775712959,0.8239848960355418,221778
sens_month_fe,ni_b_oil_rural_filled,dvage,Age (mean of adults),0.003371221358007139,0.0011717655283485708,2.877044320256096,0.004014192109268501,1.0033769103158452,1.0010751807169314,1.0056839321837598,16.702640771862935,1.057923790634397,221778
sens_month_fe,ni_b_oil_rural_filled,heatch,Has central heating,0.057391436066300455,0.03582399357259395,1.6020390342579232,0.1091469780202805,1.0590702875768538,0.9872595543525954,1.1361043497458367,,,221778
sens_month_fe,ni_b_oil_rural_filled,hsbeds,Bedrooms,0.25477620507963356,0.019263290390620837,13.225996177874281,6.210885220179124e-40,1.2901728544306474,1.2423700048975463,1.33981502108705,1.0151670119752483,1.2951679771610434,221778
sens_month_fe,ni_b_oil_rural_filled,hsrooms,Rooms,0.11682456140281652,0.0194131073598529,6.017818746751202,1.767829765941155e-09,1.1239222330531817,1.081961470368702,1.1675103231918114,1.054028384869543,1.1310386883653378,221778
sens_month_fe,ni_b_oil_rural_filled,ncars,Cars,-0.19482148999474241,0.0203082264449691,-9.593230138666542,8.536962358733716e-22,0.8229815553860855,0.7908674622840568,0.8563996785879079,1.0569840851331196,0.813895569370612,221778
sens_month_fe,ni_b_oil_rural_filled,bill_security,Bill-payment security,-0.573125251178819,0.06295101202167191,-9.10430559847888,8.68200362430744e-20,0.56376078857933,0.4983229253984406,0.6377917020082228,0.13387213984296276,0.9261440417628582,221778
sens_month_fe,ni_b_oil_rural_filled,lone_parent,Lone-parent household,0.4014498007935064,0.04222656408951468,9.50704395324437,1.9615732856237748e-21,1.493989114879478,1.3753211341893448,1.6228962239382552,,,221778
sens_month_fe,ni_b_oil_rural_filled,large_family,Large family (3+ children),0.67788428552914,0.06206011504380126,10.923026569491496,8.946396736285262e-28,1.969705985217569,1.744117496679888,2.224472649111893,,,221778
sens_month_fe,ni_b_oil_rural_filled,ieqmoecd_dv,OECD equivalence scale,-1.2605230657514015,0.03910943079378194,-32.23066764632672,6.565066562081809e-228,0.2835056955900525,0.262586128665902,0.3060918710381088,0.5886659479703827,0.47614778252842704,221778
sens_month_fe,ni_b_oil_rural_filled,workless_household,Workless household,0.04153902076428982,0.045319210359557056,0.9165874787915396,0.3593588481172596,1.0424138368425035,0.9538155220479136,1.1392418996365676,,,221778
sens_month_fe,ni_b_oil_rural_filled,finnow,Current financial difficulty (1-5),0.5091373516538227,0.012897309904542647,39.47624391614379,0.0,1.6638552536958826,1.6223230259690051,1.7064507258644315,0.9335403267849457,1.6084970756602055,221778
sens_month_fe,ni_b_oil_rural_filled,scghq1_dv,"Psychological distress, GHQ-12 (0-36)",-0.008952588877652686,0.002152793870843341,-4.15859084276637,3.202168842125358e-05,0.9910873662233879,0.9869143836527449,0.9952779934690131,4.97528979343185,0.9564356928734071,221778
sens_month_fe,ni_b_oil_rural_filled,finfut_risk,Financial expectations: worse off (0-1),-0.22028214282080383,0.03665859173817121,-6.0090181421626285,1.866502403404019e-09,0.8022924049841518,0.74667022114415,0.862058087851596,0.27837282650070005,0.9405216952493953,221778
sens_month_fe,ni_b_oil_rural_filled,fes_delta_growth3,FES Delta (growth-only),-0.031081904892803262,0.004874389626768949,-6.37657374004513,1.810935761105806e-10,0.9693961715348696,0.9601790197415015,0.9787018025445454,2.459358548536132,0.9264070625860118,221778
sens_month_fe,ni_b_oil_rural_filled,oil,Uses heating oil,0.6545308254343905,0.05547907371877237,11.797796566544294,4.0066564529475494e-32,1.9242395013246827,1.7259779874072971,2.145275134140224,,,221778
sens_month_fe,ni_b_oil_rural_filled,rural,Rural location,0.16356052126382006,0.03342009756035226,4.894076714421658,9.87683090075339e-07,1.177696628718985,1.103027126869597,1.2574208879452464,,,221778
sens_month_fe,ni_b_oil_rural_filled,region_Northern Ireland,Northern Ireland (vs South East),0.40123759697012523,0.07586162008548124,5.289072346701913,1.2293826147558074e-07,1.493672118312342,1.287305859944888,1.7331206719739431,,,221778
sens_month_fe,ni_c_ni_x_oil_filled,tenure_security,Tenure security,0.7063970450866808,0.08298983871096326,8.511849836784455,1.7118017552748932e-17,2.0266760659159377,1.7224366583367574,2.3846542375164965,0.2402543330880732,1.184967029463758,221778
sens_month_fe,ni_c_ni_x_oil_filled,jbstat_security,Employment-status security,-1.7280415896033237,0.06509553383403754,-26.54623885578698,2.8382772146990576e-155,0.17763194579934485,0.15635495693734922,0.20180433538224563,0.2642813026834878,0.6333772375876383,221778
sens_month_fe,ni_c_ni_x_oil_filled,health_good,No long-standing illness/disability,0.2224873343740489,0.0419055833769725,5.309252764067419,1.100755892838175e-07,1.249179997903858,1.1506809530310707,1.3561106256713606,0.4124473675986449,1.0961064562092233,221778
sens_month_fe,ni_c_ni_x_oil_filled,sf1_good,Self-rated general health,0.03582423476749522,0.06753951594698139,0.5304188853769294,0.595821534956477,1.0364736544470203,0.9079637863761304,1.18317233845903,0.234859474011093,1.0084491552553958,221778
sens_month_fe,ni_c_ni_x_oil_filled,qfhigh_band,Highest qualification band,-0.5255470798674831,0.04493027804143861,-11.696946975996406,1.3212184882667822e-31,0.5912318248455172,0.5413935547568317,0.6456579832524304,0.3677494775712959,0.8242596709571824,221778
sens_month_fe,ni_c_ni_x_oil_filled,dvage,Age (mean of adults),0.0037476102238048147,0.0012516246078660316,2.994196662683339,0.0027516851802227276,1.0037546412954945,1.0012953092595307,1.0062200138212194,16.702640771862935,1.0645955771973163,221778
sens_month_fe,ni_c_ni_x_oil_filled,heatch,Has central heating,0.059181511498907116,0.03592420700263907,1.6473992451540966,0.0994760104216704,1.0609678011195423,0.9888341654884732,1.1383634529419564,,,221778
sens_month_fe,ni_c_ni_x_oil_filled,hsbeds,Bedrooms,0.25541434418547887,0.019253200282520633,13.266072156189088,3.6417476464274837e-40,1.2909964269313212,1.243187648140046,1.3406437691389341,1.0151670119752483,1.2960072818197672,221778
sens_month_fe,ni_c_ni_x_oil_filled,hsrooms,Rooms,0.118665352303744,0.019498338859499403,6.085921121733475,1.1582345769887689e-09,1.1259930442535966,1.083773909163093,1.1698568538954248,1.054028384869543,1.1332353118038077,221778
sens_month_fe,ni_c_ni_x_oil_filled,ncars,Cars,-0.183736019533758,0.020030792488927328,-9.17267849663582,4.6140895477638055e-20,0.832155447617609,0.8001183286864729,0.8654753480481924,1.0569840851331196,0.8234882082656769,221778
sens_month_fe,ni_c_ni_x_oil_filled,bill_security,Bill-payment security,-0.5715224734092289,0.06300374458255965,-9.071246117130546,1.176635396551497e-19,0.5646650963472357,0.49907068314030345,0.6388807874398742,0.13387213984296276,0.9263427833007324,221778
sens_month_fe,ni_c_ni_x_oil_filled,lone_parent,Lone-parent household,0.40666225882424994,0.042237997163948056,9.627877412032065,6.097597126275572e-22,1.5017968013805645,1.382477674449686,1.631414144560913,,,221778
sens_month_fe,ni_c_ni_x_oil_filled,large_family,Large family (3+ children),0.6769513411632176,0.062033804385507804,10.912620108809021,1.0032246483518303e-27,1.967869216051084,1.742580949876455,2.2222837061061984,,,221778
sens_month_fe,ni_c_ni_x_oil_filled,ieqmoecd_dv,OECD equivalence scale,-1.263778232797044,0.0390851965974581,-32.33393567935216,2.3336303542774006e-229,0.28258433759317775,0.2617451887585122,0.30508261959553645,0.5886659479703827,0.4752362589056007,221778
sens_month_fe,ni_c_ni_x_oil_filled,workless_household,Workless household,0.043010017173441925,0.045325887746912694,0.9489062280169347,0.3426683067053923,1.0439483522099444,0.9552071124131902,1.1409338853524316,,,221778
sens_month_fe,ni_c_ni_x_oil_filled,finnow,Current financial difficulty (1-5),0.5092376734182081,0.01289896556299308,39.47895441160047,0.0,1.6640221829637947,1.622480523433516,1.7066274666495593,0.9335403267849457,1.6086477255635732,221778
sens_month_fe,ni_c_ni_x_oil_filled,scghq1_dv,"Psychological distress, GHQ-12 (0-36)",-0.008981442181092834,0.0021503680200247077,-4.176700033415507,2.957686495564124e-05,0.9910587704914172,0.9868906005627597,0.9952445448440547,4.97528979343185,0.9562984029925269,221778
sens_month_fe,ni_c_ni_x_oil_filled,finfut_risk,Financial expectations: worse off (0-1),-0.21965118930301575,0.036649277244205275,-5.993329359250746,2.055878761807219e-09,0.8027987739302063,0.7471551239974145,0.8625864304800949,0.27837282650070005,0.9406869032835725,221778
sens_month_fe,ni_c_ni_x_oil_filled,fes_delta_growth3,FES Delta (growth-only),-0.030983005110804172,0.004873020691587504,-6.358069680330192,2.0430479713406572e-10,0.9694920493459742,0.9602765624129093,0.9787959745506138,2.459358548536132,0.9266324200040976,221778
sens_month_fe,ni_c_ni_x_oil_filled,oil,Uses heating oil,0.7630444906382097,0.05756751576498896,13.254775379803224,4.2338266211259645e-40,2.144796102255493,1.9159512451468634,2.400974623912071,,,221778
sens_month_fe,ni_c_ni_x_oil_filled,ni_x_oil,Northern Ireland x heating oil,-0.06651137320549842,0.13064765650239232,-0.5090896766623634,0.6106893675182357,0.9356522744302251,0.7242808303258942,1.2087095805815293,,,221778
sens_month_fe,ni_c_ni_x_oil_filled,region_Northern Ireland,Northern Ireland (vs South East),0.42938881592313444,0.11310789997613614,3.7962760869375898,0.00014688591015085258,1.5363182632875427,1.230845591076032,1.917603494072273,,,221778
sens_month_fe,ni_c_ni_x_oil_rural_filled,tenure_security,Tenure security,0.7140752611215073,0.07105431261083985,10.049710353718488,9.213783317785332e-24,2.042297217124157,1.7767953338804514,2.347472352915191,0.2402543330880732,1.1871549848465786,221778
sens_month_fe,ni_c_ni_x_oil_rural_filled,jbstat_security,Employment-status security,-1.7296340217238384,0.06462488667491532,-26.76420974514776,8.437912822167358e-158,0.17734930408682312,0.15625023722736311,0.20129745860361692,0.2642813026834878,0.633110736837235,221778
sens_month_fe,ni_c_ni_x_oil_rural_filled,health_good,No long-standing illness/disability,0.22354684871992672,0.03873719097516605,5.770858523614682,7.886867114721226e-09,1.2505042234263117,1.1590762475416976,1.3491440413205318,0.4124473675986449,1.0965855527210084,221778
sens_month_fe,ni_c_ni_x_oil_rural_filled,sf1_good,Self-rated general health,0.028623369571263657,0.05936719927295528,0.48214114733054336,0.6297056812509312,1.0290369548517828,0.9160043156903659,1.1560175386865457,0.234859474011093,1.0067451160385665,221778
sens_month_fe,ni_c_ni_x_oil_rural_filled,qfhigh_band,Highest qualification band,-0.5265844599307097,0.03806421595147122,-13.834107619662047,1.5869360453777276e-43,0.5906188107569492,0.548159512988031,0.6363669175756322,0.3677494775712959,0.8239452791827019,221778
sens_month_fe,ni_c_ni_x_oil_rural_filled,dvage,Age (mean of adults),0.0033695237319045423,0.0011721444920774452,2.874665840840647,0.004044553015462909,1.0033752069584572,1.0010727377146986,1.0056829718859546,16.702640771862935,1.057893793800965,221778
sens_month_fe,ni_c_ni_x_oil_rural_filled,heatch,Has central heating,0.057214398261258466,0.03587234290442501,1.5949445625476786,0.11072463329644687,1.0588828086936708,0.9869912529251396,1.136010880769213,,,221778
sens_month_fe,ni_c_ni_x_oil_rural_filled,hsbeds,Bedrooms,0.25469710045146227,0.019258406077759586,13.225243014560647,6.273414594477194e-40,1.29007079982327,1.2422836239874806,1.3396962146330473,1.0151670119752483,1.2950639736380902,221778
sens_month_fe,ni_c_ni_x_oil_rural_filled,hsrooms,Rooms,0.11671476827615754,0.01942341417879311,6.008972840809273,1.8670239496693503e-09,1.1237988408910229,1.0818208308802144,1.1674057281374763,1.054028384869543,1.1309078064050428,221778
sens_month_fe,ni_c_ni_x_oil_rural_filled,ncars,Cars,-0.19481777894324234,0.02030539306487012,-9.594385999859908,8.441821852264318e-22,0.8229846095186882,0.7908747892103063,0.8563981008686848,1.0569840851331196,0.8138987619004548,221778
sens_month_fe,ni_c_ni_x_oil_rural_filled,bill_security,Bill-payment security,-0.5732766652687221,0.06298875653879538,-9.101253886725571,8.929487495941557e-20,0.5636754337147318,0.4982106200624097,0.6377423157573192,0.13387213984296276,0.9261252688946485,221778
sens_month_fe,ni_c_ni_x_oil_rural_filled,lone_parent,Lone-parent household,0.40147823431625995,0.042224872082495195,9.508098296470562,1.9417973973366133e-21,1.4940315948568943,1.3753648010474064,1.6229369871402561,,,221778
sens_month_fe,ni_c_ni_x_oil_rural_filled,large_family,Large family (3+ children),0.6779013698023283,0.0620150520650323,10.931239227074173,8.172464855951597e-28,1.969739636500174,1.7443013469725919,2.2243141887918303,,,221778
sens_month_fe,ni_c_ni_x_oil_rural_filled,ieqmoecd_dv,OECD equivalence scale,-1.2603575336221304,0.03904051331711841,-32.28332382272985,1.1991384202446654e-228,0.2835526287758719,0.26266507599648786,0.30610119362340543,0.5886659479703827,0.476194182118274,221778
sens_month_fe,ni_c_ni_x_oil_rural_filled,workless_household,Workless household,0.04149660053645054,0.045347999648818596,0.9150701432876016,0.36015480780736986,1.0423696183479279,0.9537212456695379,1.1392578556767166,,,221778
sens_month_fe,ni_c_ni_x_oil_rural_filled,finnow,Current financial difficulty (1-5),0.5091503861518833,0.012889564871237125,39.50097549747742,0.0,1.6638769413553036,1.6223687996224478,1.7064470646983312,0.9335403267849457,1.6085166483409816,221778
sens_month_fe,ni_c_ni_x_oil_rural_filled,scghq1_dv,"Psychological distress, GHQ-12 (0-36)",-0.008953466873404056,0.002153077737821698,-4.158450350456188,3.2041385491751456e-05,0.991086496053273,0.9869129680585024,0.9952776733610905,4.97528979343185,0.9564315149004672,221778
sens_month_fe,ni_c_ni_x_oil_rural_filled,finfut_risk,Financial expectations: worse off (0-1),-0.220278007627311,0.036657802996475836,-6.00903462895711,1.8663126291631896e-09,0.8022957226253438,0.7466744630635034,0.8620603199713004,0.27837282650070005,0.9405227779085258,221778
sens_month_fe,ni_c_ni_x_oil_rural_filled,fes_delta_growth3,FES Delta (growth-only),-0.03107878240585921,0.0048754212573908304,-6.3745840133805345,1.8346022573124196e-10,0.9693991984664845,0.9601800764460559,0.9787068374358819,2.459358548536132,0.9264141767849413,221778
sens_month_fe,ni_c_ni_x_oil_rural_filled,oil,Uses heating oil,0.659214070765632,0.060977797135108223,10.810722947321537,3.0624697018471728e-27,1.9332723219333525,1.7154917676918413,2.1786999746331404,,,221778
sens_month_fe,ni_c_ni_x_oil_rural_filled,ni_x_oil,Northern Ireland x heating oil,-0.027696731016175664,0.13109080887058822,-0.21127896955398034,0.8326695923870868,0.9726833067539387,0.7522925547563595,1.2576394771634936,,,221778
sens_month_fe,ni_c_ni_x_oil_rural_filled,rural,Rural location,0.163144441134688,0.033495075515260125,4.870699308032924,1.112039640272636e-06,1.1772067144824865,1.1024062596523019,1.257082528776402,,,221778
sens_month_fe,ni_c_ni_x_oil_rural_filled,region_Northern Ireland,Northern Ireland (vs South East),0.42000940945376325,0.11334100331995837,3.70571458828619,0.00021079557023345806,1.5219758765128966,1.2187979973250544,1.9005697201432235,,,221778
sens_fes_4term,main,tenure_security,Tenure security,0.7097680186667783,0.0716705934705856,9.903197173301974,4.031757043225782e-23,2.033519465368541,1.767023047796161,2.340207967966348,0.24028348242956052,1.1859516485565178,221877
sens_fes_4term,main,jbstat_security,Employment-status security,-1.7480033987503247,0.06417509484168638,-27.238033742879175,2.3033856464775765e-163,0.17412124732139583,0.1535415179404724,0.19745935285407937,0.2642833869632245,0.6300423380220666,221877
sens_fes_4term,main,health_good,No long-standing illness/disability,0.22572084698538175,0.028680871824818554,7.870083181713384,3.5440553045394665e-15,1.2532257746909508,1.1847210797737495,1.325691649421543,0.4124506985866788,1.0975700831631736,221877
sens_fes_4term,main,sf1_good,Self-rated general health,0.025739015067552298,0.05687379220190294,0.45256372172578807,0.6508629269073567,1.0260731239009457,0.9178405747321821,1.1470685482596483,0.23486507457214167,1.0060635047641178,221877
sens_fes_4term,main,qfhigh_band,Highest qualification band,-0.6011305074396528,0.03779060630911744,-15.906876500539841,5.677628530514808e-57,0.5481915510278859,0.5090552435828035,0.5903366685770661,0.36775435600352346,0.801661874696719,221877
sens_fes_4term,main,dvage,Age (mean of adults),0.0029208088739642235,0.0011732073942607275,2.4895929639147143,0.012788946744994872,1.0029250785922017,1.0006215577218123,1.0052339023749253,16.702954206683504,1.0499957713423256,221877
sens_fes_4term,main,heatch,Has central heating,0.08385336032530025,0.035929754842273384,2.3338138735820717,0.019605470035403708,1.0874694159548202,1.013522953958443,1.1668109992165077,,,221877
sens_fes_4term,main,hsbeds,Bedrooms,0.2888002348605342,0.019339474711665885,14.933199539609275,2.0041440449151234e-50,1.3348250503805448,1.2851758547710908,1.3863923046086033,1.0152325982880686,1.3407101185669255,221877
sens_fes_4term,main,hsrooms,Rooms,0.13924264369629252,0.019690516533908898,7.071558709823775,1.5320295961867647e-12,1.1494029615533592,1.105889446837769,1.1946286057845334,1.0539687845227173,1.1580729803622853,221877
sens_fes_4term,main,ncars,Cars,-0.15561194932359482,0.019584282803287698,-7.9457568544440935,1.9300867901847622e-15,0.8558912551183545,0.8236608379117376,0.8893828708007255,1.0569182230822372,0.8483439661522155,221877
sens_fes_4term,main,bill_security,Bill-payment security,-0.5333232058084407,0.06334623348863061,-8.419177849053357,3.7913548117392735e-17,0.5866521608143083,0.5181556796543659,0.6642033877109451,0.13388065545784578,0.9310878359312725,221877
sens_fes_4term,main,lone_parent,Lone-parent household,0.4045106296906551,0.042440528122874445,9.53123459066084,1.5542370171529642e-21,1.4985689654281857,1.3789588019889796,1.6285540517275368,,,221877
sens_fes_4term,main,large_family,Large family (3+ children),0.6746240361317614,0.06224232147457611,10.838670861711392,2.2572661467153257e-27,1.9632947093243414,1.7378197802812623,2.2180240778690545,,,221877
sens_fes_4term,main,ieqmoecd_dv,OECD equivalence scale,-1.290323384977464,0.03879080927199042,-33.263636649858825,1.2965060789028793e-242,0.27518177904582736,0.2550356412247519,0.29691932921678726,0.5886951061086152,0.46785022701326345,221877
sens_fes_4term,main,workless_household,Workless household,0.04532441168978516,0.04540439342490974,0.9982384582395787,0.3181637417768711,1.046367258623791,0.9572730934196227,1.143753488368363,,,221877
sens_fes_4term,main,finnow,Current financial difficulty (1-5),0.49987019183559805,0.012968261633344011,38.54565908435493,0.0,1.6485072671083754,1.6071346390341041,1.6909449548933877,0.9336148387124976,1.5947009532417584,221877
sens_fes_4term,main,scghq1_dv,"Psychological distress, GHQ-12 (0-36)",-0.009035050450837044,0.0021613994493046443,-4.18018541354943,2.9127150492450852e-05,0.9910056429695663,0.9868163600947214,0.9952127104006013,4.975766304091182,0.9560392602287938,221877
sens_fes_4term,main,finfut_risk,Financial expectations: worse off (0-1),-0.20075815034637204,0.03638242289029079,-5.517998373878157,3.428826047343663e-08,0.8181102673144195,0.7618036841163582,0.8785785937247332,0.2783726370170744,0.9456473347205167,221877
sens_fes_4term,main,fes_delta,FES Delta (4-term),-0.030219669855653785,0.004880234759089145,-6.192257411259051,5.930858850792506e-10,0.9702323793308689,0.9609962672836261,0.9795572594291994,2.5684570325504423,0.925317901179676,221877
sens_fes_4term,ni_a_regionFE_filled,tenure_security,Tenure security,0.6901895184613995,0.07110585467062992,9.706507595730796,2.8286323554479858e-22,1.9940934149500598,1.7346828550589695,2.292297140051007,0.2402543330880732,1.1803618245639775,221778
sens_fes_4term,ni_a_regionFE_filled,jbstat_security,Employment-status security,-1.7412141321459653,0.06423588050960102,-27.10656596177139,8.239191578527375e-162,0.17530742497278562,0.15456908283966292,0.19882820474821858,0.2642813026834878,0.631176122380375,221778
sens_fes_4term,ni_a_regionFE_filled,health_good,No long-standing illness/disability,0.22104806950342512,0.028693077917145017,7.703881407973382,1.3199435358810753e-14,1.2473833902230866,1.179169845561574,1.3195430056671946,0.4124473675986449,1.0954559774787485,221778
sens_fes_4term,ni_a_regionFE_filled,sf1_good,Self-rated general health,0.051746990355445235,0.056905022318391674,0.9093571752931311,0.36316161931185886,1.05310926200366,0.9419672194203932,1.1773648751814334,0.234859474011093,1.0122274220220338,221778
sens_fes_4term,ni_a_regionFE_filled,qfhigh_band,Highest qualification band,-0.5223983075602597,0.03820109730849903,-13.674955547521298,1.4329482655424578e-42,0.5930964132843803,0.5503113431545211,0.6392078953604732,0.3677494775712959,0.8252146829931378,221778
sens_fes_4term,ni_a_regionFE_filled,dvage,Age (mean of adults),0.004545992387897909,0.001178291152181388,3.858123163771403,0.00011426106896573117,1.0045563410870533,1.0022390871864106,1.0068789526570474,16.702640771862935,1.0788871333651144,221778
sens_fes_4term,ni_a_regionFE_filled,heatch,Has central heating,0.06063674766848086,0.03572214436994657,1.6974554226228147,0.08961059202758621,1.0625128837959121,0.9906664616635193,1.1395698470871913,,,221778
sens_fes_4term,ni_a_regionFE_filled,hsbeds,Bedrooms,0.2694995393886783,0.01950566260023359,13.816477036030088,2.0275240083548635e-43,1.3093090291434484,1.2601983676284754,1.360333561630161,1.0151670119752483,1.3146717860644,221778
sens_fes_4term,ni_a_regionFE_filled,hsrooms,Rooms,0.1418872733065679,0.020167199538940497,7.035546657462292,1.984812852398627e-12,1.152446729705286,1.107782521185681,1.1989117352988037,1.054028384869543,1.1613152668373286,221778
sens_fes_4term,ni_a_regionFE_filled,ncars,Cars,-0.15237977645705614,0.019980219400619902,-7.626531691255024,2.411536653947649e-14,0.8586621191533772,0.8256863601045841,0.8929548439864983,1.0569840851331196,0.8512384425781818,221778
sens_fes_4term,ni_a_regionFE_filled,bill_security,Bill-payment security,-0.5805848131507021,0.06308714089079488,-9.202902603491037,3.4840865226330684e-20,0.5595710263633348,0.49448753417563773,0.6332206818263258,0.13387213984296276,0.9252196304801567,221778
sens_fes_4term,ni_a_regionFE_filled,lone_parent,Lone-parent household,0.41480524291464305,0.04225284333622308,9.817214894010062,9.492999593667347e-23,1.514075834978862,1.393740572016899,1.6448008188134617,,,221778
sens_fes_4term,ni_a_regionFE_filled,large_family,Large family (3+ children),0.6818575756967261,0.062064976152795125,10.98618928037755,4.4533408460901305e-28,1.977547767162681,1.751044483725814,2.233349984969576,,,221778
sens_fes_4term,ni_a_regionFE_filled,ieqmoecd_dv,OECD equivalence scale,-1.277911943717442,0.039075085939911526,-32.704008525600585,1.3697156123607341e-234,0.278618464525682,0.2580768926716994,0.30079503814159725,0.5886659479703827,0.47129868002314845,221778
sens_fes_4term,ni_a_regionFE_filled,workless_household,Workless household,0.037102101356942606,0.04549992485735494,0.8154321457290308,0.4148249901212572,1.0377989761126711,0.9492566136447335,1.134600169584485,,,221778
sens_fes_4term,ni_a_regionFE_filled,finnow,Current financial difficulty (1-5),0.508633001384401,0.013000708719166679,39.12348260172415,0.0,1.6630162994315907,1.6211764356228584,1.7059359804428602,0.9335403267849457,1.607739923125917,221778
sens_fes_4term,ni_a_regionFE_filled,scghq1_dv,"Psychological distress, GHQ-12 (0-36)",-0.008910656307441965,0.0021564502307938683,-4.132094578487734,3.594724417971432e-05,0.9911289259353037,0.9869486955479511,0.9953268617273751,4.97528979343185,0.9566352517007776,221778
sens_fes_4term,ni_a_regionFE_filled,finfut_risk,Financial expectations: worse off (0-1),-0.21930449088035986,0.03660834212822524,-5.990560569834569,2.0911897287880484e-09,0.8030771512525389,0.7474741748682129,0.8628163119850946,0.27837282650070005,0.9407776946933838,221778
sens_fes_4term,ni_a_regionFE_filled,fes_delta,FES Delta (4-term),-0.02966192367673987,0.0049068099531363405,-6.045052480131317,1.4936137632978398e-09,0.9707736736714923,0.9614823273015068,0.9801548075652996,2.56849485795172,0.926643372899183,221778
sens_fes_4term,ni_a_regionFE_filled,region_Northern Ireland,Northern Ireland (vs South East),0.9255128069279257,0.06573342479450626,14.079789845443688,5.055991971036807e-45,2.5231618235191036,2.2181591978322683,2.8701030989506346,,,221778
sens_fes_4term,ni_b_oil_filled,tenure_security,Tenure security,0.7050273651041707,0.0702596064455172,10.034604529857196,1.0738886429841161e-23,2.0239020684554907,1.7635363217886673,2.322707807086084,0.2402543330880732,1.1845771546776627,221778
sens_fes_4term,ni_b_oil_filled,jbstat_security,Employment-status security,-1.727964039895654,0.06409627566076463,-26.95888368055986,4.4881238711332247e-160,0.17764572163896367,0.15667362927796302,0.20142510620367027,0.2642813026834878,0.6333902187477285,221778
sens_fes_4term,ni_b_oil_filled,health_good,No long-standing illness/disability,0.2250207201485188,0.02871064112360871,7.8375372803320875,4.594685596388804e-15,1.2523486647733657,1.1838228408111533,1.3248411198798822,0.4124473675986449,1.0972523635824083,221778
sens_fes_4term,ni_b_oil_filled,sf1_good,Self-rated general health,0.032499355802478314,0.05688046100432834,0.5713623840004612,0.567754021992345,1.0330332276663132,0.9240544327342314,1.154864488128707,0.234859474011093,1.0076619855421465,221778
sens_fes_4term,ni_b_oil_filled,qfhigh_band,Highest qualification band,-0.5266842104756116,0.03791887080204376,-13.889765157437767,7.30745156903302e-44,0.5905598991470283,0.5482609980612841,0.6361222040484522,0.3677494775712959,0.823915054778726,221778
sens_fes_4term,ni_b_oil_filled,dvage,Age (mean of adults),0.003662084713174862,0.001171121824276673,3.1269887019966496,0.0017660671402797761,1.0036687983381842,1.0013676625145964,1.0059752221556597,16.702640771862935,1.0630758861121237,221778
sens_fes_4term,ni_b_oil_filled,heatch,Has central heating,0.059828062163345165,0.035805869143332496,1.670900988992915,0.09474123615298553,1.061653992361101,0.9897032267110575,1.138835530769996,,,221778
sens_fes_4term,ni_b_oil_filled,hsbeds,Bedrooms,0.25529922538139777,0.019301443245980533,13.226950033105066,6.132582668787698e-40,1.2908478175206128,1.2429270122396043,1.3406161999772452,1.0151670119752483,1.2958558330216488,221778
sens_fes_4term,ni_b_oil_filled,hsrooms,Rooms,0.11990393408840758,0.019536730087789517,6.13735940198855,8.390442023455459e-10,1.1273885427689867,1.0850354364055061,1.1713948537730259,1.054028384869543,1.1347157170336062,221778
sens_fes_4term,ni_b_oil_filled,ncars,Cars,-0.18259253705866577,0.02000363493879877,-9.127967872704566,6.979708603413138e-20,0.8331075470392706,0.8010764116873873,0.8664194511380071,1.0569840851331196,0.8244841130665379,221778
sens_fes_4term,ni_b_oil_filled,bill_security,Bill-payment security,-0.5683349481672714,0.06319058222266466,-8.993981827301884,2.3843191183058033e-19,0.5664678522336608,0.5004807144754653,0.6411552300282434,0.13387213984296276,0.9267381574085869,221778
sens_fes_4term,ni_b_oil_filled,lone_parent,Lone-parent household,0.4048780595162876,0.04222409244104421,9.588792466803222,8.912191292608182e-22,1.499119685531151,1.3800508675757968,1.628461591053335,,,221778
sens_fes_4term,ni_b_oil_filled,large_family,Large family (3+ children),0.6753773286667573,0.06202654772830707,10.888520373971017,1.3074719260637359e-27,1.9647742017482102,1.739865008741682,2.2187569980772346,,,221778
sens_fes_4term,ni_b_oil_filled,ieqmoecd_dv,OECD equivalence scale,-1.263734733267648,0.039069854202926774,-32.3455195584779,1.6039160008617337e-229,0.2825966301462359,0.2617644460787737,0.30508671657408987,0.5886659479703827,0.47524842828977915,221778
sens_fes_4term,ni_b_oil_filled,workless_household,Workless household,0.04313212895072008,0.04531735922345328,0.95177939954625,0.3412088717202959,1.0440758383822424,0.9553397305155371,1.1410541417609907,,,221778
sens_fes_4term,ni_b_oil_filled,finnow,Current financial difficulty (1-5),0.5095374548883586,0.012911144951530652,39.46493179351623,0.0,1.6645211007595853,1.6229282442958248,1.707179910517889,0.9335403267849457,1.6090979816470847,221778
sens_fes_4term,ni_b_oil_filled,scghq1_dv,"Psychological distress, GHQ-12 (0-36)",-0.008960698937997814,0.0021532321266855953,-4.161510887258935,3.161489225007924e-05,0.9910793284776338,0.9869055320316616,0.9952707766402162,4.97528979343185,0.9563971015669869,221778
sens_fes_4term,ni_b_oil_filled,finfut_risk,Financial expectations: worse off (0-1),-0.22002180432136687,0.03660829246993243,-6.010162984304113,1.8533690665865432e-09,0.8025012997754735,0.7469382665503015,0.8621975402540908,0.27837282650070005,0.9405898584212588,221778
sens_fes_4term,ni_b_oil_filled,fes_delta,FES Delta (4-term),-0.028931770538821313,0.004880296555623696,-5.9282812446064295,3.0612187072071046e-09,0.9714827459497047,0.9622346145119939,0.9808197620874661,2.56849485795172,0.9283828254286565,221778
sens_fes_4term,ni_b_oil_filled,oil,Uses heating oil,0.7530516910706638,0.05222582046485347,14.419145249761021,3.9216915173223456e-47,2.123470314313434,1.9168648559437347,2.3523443302686076,,,221778
sens_fes_4term,ni_b_oil_filled,region_Northern Ireland,Northern Ireland (vs South East),0.3826294760740536,0.07606677572162607,5.030178713954227,4.900228713715115e-07,1.4661346914327966,1.2630650359077553,1.701852931015445,,,221778
sens_fes_4term,ni_b_oil_rural_filled,tenure_security,Tenure security,0.7136251919045633,0.07028555839679919,10.153226469024707,3.20585792396166e-24,2.0413782488300614,1.7786737971214417,2.3428833108918647,0.2402543330880732,1.1870266234365157,221778
sens_fes_4term,ni_b_oil_rural_filled,jbstat_security,Employment-status security,-1.7293160268143017,0.0641516440191042,-26.956690717065893,4.761836138593267e-160,0.17740570923053156,0.1564449733776831,0.20117479640338198,0.2642813026834878,0.6331639457683401,221778
sens_fes_4term,ni_b_oil_rural_filled,health_good,No long-standing illness/disability,0.22610064437789662,0.02868796669753938,7.88137572668368,3.2379605119934686e-15,1.2537018369702944,1.1851546386936682,1.3262136810730167,0.4124473675986449,1.0977412017076886,221778
sens_fes_4term,ni_b_oil_rural_filled,sf1_good,Self-rated general health,0.025210946276084722,0.05683119232443835,0.4436110742171355,0.6573237977867683,1.025531429744927,0.9174326168476823,1.146367258020963,0.234859474011093,1.0059385935258098,221778
sens_fes_4term,ni_b_oil_rural_filled,qfhigh_band,Highest qualification band,-0.5281184358764991,0.037885156385067426,-13.939982997791159,3.6202644641314395e-44,0.589713510240246,0.5475114096638759,0.6351685426489436,0.3677494775712959,0.8234806071945828,221778
sens_fes_4term,ni_b_oil_rural_filled,dvage,Age (mean of adults),0.0032712465029576536,0.0011681031301708912,2.8004774736620015,0.0051027068723897145,1.003276602868871,1.0009822885673076,1.0055761758829755,16.702640771862935,1.056158696970576,221778
sens_fes_4term,ni_b_oil_rural_filled,heatch,Has central heating,0.05751662447059852,0.03574683981164182,1.608998859022689,0.10761659111280686,1.0592028791954886,0.9875324775185079,1.1360747771204176,,,221778
sens_fes_4term,ni_b_oil_rural_filled,hsbeds,Bedrooms,0.25449148886851786,0.019296669092430753,13.188363631542183,1.023835408858686e-39,1.289805573591735,1.2419350810084913,1.339521238354431,1.0151670119752483,1.294793683020052,221778
sens_fes_4term,ni_b_oil_rural_filled,hsrooms,Rooms,0.11771170652874854,0.019441411063861307,6.054689453460356,1.4068880884420587e-09,1.1249197575932552,1.0828616805101772,1.168611359880672,1.054028384869543,1.1320967902868655,221778
sens_fes_4term,ni_b_oil_rural_filled,ncars,Cars,-0.19394219912759997,0.020280779598777415,-9.562857196046417,1.1454974407568886e-21,0.8237055137899254,0.7916057537925265,0.8571069250031651,1.0569840851331196,0.8146523526470842,221778
sens_fes_4term,ni_b_oil_rural_filled,bill_security,Bill-payment security,-0.5703782821162863,0.06316442490665777,-9.030055810041361,1.715842662279685e-19,0.565311550997269,0.49948471596141675,0.6398136709264673,0.13387213984296276,0.9264846870363332,221778
sens_fes_4term,ni_b_oil_rural_filled,lone_parent,Lone-parent household,0.3996318125853344,0.042212052729574234,9.467244228692719,2.8732370057856622e-21,1.4912755276676517,1.3728621340187463,1.6199024245140015,,,221778
sens_fes_4term,ni_b_oil_rural_filled,large_family,Large family (3+ children),0.676393795420217,0.0620588642460233,10.899229362927956,1.1623757138609843e-27,1.9667723447532683,1.7415241125451366,2.221154119096938,,,221778
sens_fes_4term,ni_b_oil_rural_filled,ieqmoecd_dv,OECD equivalence scale,-1.260075971226484,0.03906482102165283,-32.25602826973275,2.895813894203129e-228,0.283632477774032,0.2627265258426728,0.3062019801396478,0.5886659479703827,0.4762731160331424,221778
sens_fes_4term,ni_b_oil_rural_filled,workless_household,Workless household,0.04159482053183937,0.04532928723853374,0.9176147048806945,0.3588206166172758,1.0424720049151572,0.9538499071904498,1.1393279727130514,,,221778
sens_fes_4term,ni_b_oil_rural_filled,finnow,Current financial difficulty (1-5),0.5094590827860832,0.012903069421167274,39.48355745109175,0.0,1.664390653853403,1.6228267424720508,1.7070191019989724,0.9335403267849457,1.6089802586845563,221778
sens_fes_4term,ni_b_oil_rural_filled,scghq1_dv,"Psychological distress, GHQ-12 (0-36)",-0.008932254723199572,0.0021532158997311507,-4.148332140922259,3.349062733239513e-05,0.9911075193518669,0.9869336355725234,0.99529905508386,4.97528979343185,0.9565324587518769,221778
sens_fes_4term,ni_b_oil_rural_filled,finfut_risk,Financial expectations: worse off (0-1),-0.22062043353783894,0.036621063860517764,-6.0244135554919325,1.6972388617133155e-09,0.8020210428134374,0.7464725757531485,0.8617031274947553,0.27837282650070005,0.940433129604587,221778
sens_fes_4term,ni_b_oil_rural_filled,fes_delta,FES Delta (4-term),-0.029048406472358516,0.004884170240054342,-5.947459864141697,2.723355132751817e-09,0.9713694427604557,0.9621150852475396,0.980712815750096,2.56849485795172,0.92810474327585,221778
sens_fes_4term,ni_b_oil_rural_filled,oil,Uses heating oil,0.6537818109639818,0.05522852309909841,11.837756548203886,2.4902531791398974e-32,1.9227987577299164,1.7255328386730804,2.1426164601832727,,,221778
sens_fes_4term,ni_b_oil_rural_filled,rural,Rural location,0.16612341910486275,0.03342823630405256,4.9695538105527675,6.710714579849051e-07,1.1807188159904929,1.1058400582869046,1.260667771968431,,,221778
sens_fes_4term,ni_b_oil_rural_filled,region_Northern Ireland,Northern Ireland (vs South East),0.39990425398733903,0.07588150399779328,5.270115020373986,1.3633829651735947e-07,1.4916818682126654,1.2855404827487278,1.7308788216429503,,,221778
sens_fes_4term,ni_c_ni_x_oil_filled,tenure_security,Tenure security,0.7061114588424229,0.07035198165149678,10.036838227816997,1.0498540730136927e-23,2.026097357749425,1.7651295878432929,2.3256482307879405,0.2402543330880732,1.184885727716006,221778
sens_fes_4term,ni_c_ni_x_oil_filled,jbstat_security,Employment-status security,-1.7276268713268739,0.064078790376299,-26.960978214187325,4.2413805094495246e-160,0.1777056282914312,0.1567318347985156,0.20148612671477123,0.2642813026834878,0.63344666098541,221778
sens_fes_4term,ni_c_ni_x_oil_filled,health_good,No long-standing illness/disability,0.2249190080314526,0.028703407335155223,7.835968928886619,4.652409228350653e-15,1.2522212922171425,1.1837192204176255,1.3246875928302888,0.4124473675986449,1.097206333829286,221778
sens_fes_4term,ni_c_ni_x_oil_filled,sf1_good,Self-rated general health,0.03268514055072006,0.056880963403038054,0.5746235400255953,0.5655459281602937,1.033225167313618,0.9242252138330324,1.1550802016564707,0.234859474011093,1.0077059541274154,221778
sens_fes_4term,ni_c_ni_x_oil_filled,qfhigh_band,Highest qualification band,-0.526968513806061,0.03792784508732552,-13.893974534877016,6.890326825240935e-44,0.5903920248656104,0.5480955071011038,0.6359525639399528,0.3677494775712959,0.8238289169843624,221778
sens_fes_4term,ni_c_ni_x_oil_filled,dvage,Age (mean of adults),0.0036559835856858095,0.0011713098471140895,3.121277939132449,0.0018006799537181979,1.003662674845569,1.0013611840417829,1.0059694553090746,16.702640771862935,1.062967558946564,221778
sens_fes_4term,ni_c_ni_x_oil_filled,heatch,Has central heating,0.059443424132928815,0.03582735023252848,1.6591632857893786,0.09708289355214068,1.0612457183843784,0.9892809706696944,1.138445505554165,,,221778
sens_fes_4term,ni_c_ni_x_oil_filled,hsbeds,Bedrooms,0.25512726475415803,0.019297264736058927,13.220902974784114,6.646125328892761e-40,1.2906258616046271,1.2427234736336132,1.3403747092442724,1.0151670119752483,1.29562963682472,221778
sens_fes_4term,ni_c_ni_x_oil_filled,hsrooms,Rooms,0.11965999290735445,0.019537167771524033,6.1247359037251154,9.083414211836107e-10,1.1271135598175546,1.084769853296709,1.1711101418091503,1.054028384869543,1.1344239953796924,221778
sens_fes_4term,ni_c_ni_x_oil_filled,ncars,Cars,-0.18265050212591388,0.02000194697054086,-9.131636154966516,6.747174294677181e-20,0.8330592573038539,0.8010326286825895,0.8663663642778306,1.0569840851331196,0.8244335999947155,221778
sens_fes_4term,ni_c_ni_x_oil_filled,bill_security,Bill-payment security,-0.5686663952316303,0.06319894273513886,-8.998036527523261,2.2979036783510617e-19,0.5662801292388205,0.5003066608556633,0.6409532589917853,0.13387213984296276,0.9266970375330007,221778
sens_fes_4term,ni_c_ni_x_oil_filled,lone_parent,Lone-parent household,0.4049056879949219,0.042220420263827774,9.59028085141596,8.784556398261592e-22,1.499161104499522,1.380098929807138,1.6284948627257478,,,221778
sens_fes_4term,ni_c_ni_x_oil_filled,large_family,Large family (3+ children),0.6754132958256325,0.06202052736762422,10.890157251036369,1.2841834279417042e-27,1.9648448703649453,1.7399481185957455,2.218810620465634,,,221778
sens_fes_4term,ni_c_ni_x_oil_filled,ieqmoecd_dv,OECD equivalence scale,-1.263361461396773,0.039111180049613246,-32.30179861088762,6.599666824427827e-229,0.28270213520888465,0.2618409643852915,0.3052253395082282,0.5886659479703827,0.47535286726029474,221778
sens_fes_4term,ni_c_ni_x_oil_filled,workless_household,Workless household,0.04304675262343602,0.0453129634669451,0.9499875825786094,0.3421185621709033,1.0439867028268426,0.9552664006852991,1.1409468970094336,,,221778
sens_fes_4term,ni_c_ni_x_oil_filled,finnow,Current financial difficulty (1-5),0.5095655574845164,0.012908780072771377,39.474338753307,0.0,1.6645678787811649,1.6229813760602638,1.707219974264907,0.9335403267849457,1.6091401967364185,221778
sens_fes_4term,ni_c_ni_x_oil_filled,scghq1_dv,"Psychological distress, GHQ-12 (0-36)",-0.008962246688391021,0.002153214021339213,-4.162264688772955,3.1510679089541986e-05,0.9910777945354006,0.9869040395705236,0.9952692008927213,4.97528979343185,0.9563897368530219,221778
sens_fes_4term,ni_c_ni_x_oil_filled,finfut_risk,Financial expectations: worse off (0-1),-0.2200228282336424,0.036608391829202995,-6.010174641381742,1.8532358037460454e-09,0.8025004780849622,0.7469373562923959,0.8621968253446011,0.27837282650070005,0.940589590325577,221778
sens_fes_4term,ni_c_ni_x_oil_filled,fes_delta,FES Delta (4-term),-0.028924339987497154,0.004880233347390663,-5.926835445883395,3.0882816510872323e-09,0.9714899646289283,0.9622418836804031,0.9808269286355299,2.56849485795172,0.9284005440929913,221778
sens_fes_4term,ni_c_ni_x_oil_filled,oil,Uses heating oil,0.7624071063420016,0.05730799975678868,13.303676791680157,2.2035978139701057e-40,2.1434294784798804,1.9157045971179847,2.398224619875242,,,221778
sens_fes_4term,ni_c_ni_x_oil_filled,ni_x_oil,Northern Ireland x heating oil,-0.058447062405605696,0.13074314718846924,-0.44703729153278615,0.6548481347086246,0.9432281713083979,0.7300086306360899,1.2187244723046164,,,221778
sens_fes_4term,ni_c_ni_x_oil_filled,region_Northern Ireland,Northern Ireland (vs South East),0.4224029484267252,0.11337817293739776,3.725610825109669,0.00019484282268498353,1.5256231482915348,1.2216297315577704,1.9052630518700722,,,221778
sens_fes_4term,ni_c_ni_x_oil_rural_filled,tenure_security,Tenure security,0.7139617218955374,0.0703597619720235,10.147301552546802,3.4065229450366956e-24,2.0420653494422116,1.7790137228779768,2.344012773913024,0.2402543330880732,1.1871226017291023,221778
sens_fes_4term,ni_c_ni_x_oil_rural_filled,jbstat_security,Employment-status security,-1.7292053500083548,0.06413770217292418,-26.960824778944783,4.258986563288523e-160,0.17742534501437882,0.15646656463711497,0.20119156528093246,0.2642813026834878,0.633182465964594,221778
sens_fes_4term,ni_c_ni_x_oil_rural_filled,health_good,No long-standing illness/disability,0.22606589586382966,0.028680567609120678,7.882197414807742,3.2167326912339512e-15,1.253658273451265,1.1851306436234863,1.3261483660464013,0.4124473675986449,1.0977254690669043,221778
sens_fes_4term,ni_c_ni_x_oil_rural_filled,sf1_good,Self-rated general health,0.02528290094571514,0.05683129427814118,0.44487638838518606,0.6564090868750039,1.025605224175045,0.9174984494439014,1.1464499765560188,0.234859474011093,1.0059555932630053,221778
sens_fes_4term,ni_c_ni_x_oil_rural_filled,qfhigh_band,Highest qualification band,-0.5282101316045272,0.03789546692694594,-13.938609929857819,3.690582095865961e-44,0.5896594385097077,0.547450144364792,0.6351231377005465,0.3677494775712959,0.8234528390270371,221778
sens_fes_4term,ni_c_ni_x_oil_rural_filled,dvage,Age (mean of adults),0.0032700157968417872,0.0011682239888852314,2.7991342653065825,0.005123982645960447,1.0032753681309798,1.0009808195419507,1.0055751765143273,16.702640771862935,1.056136986751024,221778
sens_fes_4term,ni_c_ni_x_oil_rural_filled,heatch,Has central heating,0.05739488232257588,0.03576959382359871,1.604571821688119,0.1085880667977317,1.0590739374107676,0.9873682258252869,1.1359871378940023,,,221778
sens_fes_4term,ni_c_ni_x_oil_rural_filled,hsbeds,Bedrooms,0.25443752598097275,0.019295487427994924,13.18637463450761,1.0512023007913911e-39,1.289735973836531,1.2418709406078745,1.33944585368416,1.0151670119752483,1.2947227544255906,221778
sens_fes_4term,ni_c_ni_x_oil_rural_filled,hsrooms,Rooms,0.1176365346581623,0.019457841148091678,6.045713589850099,1.487501411260471e-09,1.1248351984490919,1.0827454152979965,1.168561146316912,1.054028384869543,1.1320070940923554,221778
sens_fes_4term,ni_c_ni_x_oil_rural_filled,ncars,Cars,-0.19393889385500784,0.020278784776165654,-9.563634901976515,1.136918987924203e-21,0.8237082363656836,0.7916114652906524,0.8571064068754294,1.0569840851331196,0.8146551987382373,221778
sens_fes_4term,ni_c_ni_x_oil_rural_filled,bill_security,Bill-payment security,-0.5704830703449681,0.0631757759786286,-9.030092017199028,1.7152750351162582e-19,0.5652523161048005,0.49942126749073656,0.639760862542298,0.13387213984296276,0.9264716901923982,221778
sens_fes_4term,ni_c_ni_x_oil_rural_filled,lone_parent,Lone-parent household,0.39965128437250547,0.042209690379527855,9.468235392845727,2.8461087576474035e-21,1.4913045657500508,1.3728952230145977,1.619926466743413,,,221778
sens_fes_4term,ni_c_ni_x_oil_rural_filled,large_family,Large family (3+ children),0.6764072661570661,0.06205629951120634,10.899896891771933,1.1538796967024736e-27,1.9667988388044135,1.7415563267283998,2.2211728744881762,,,221778
sens_fes_4term,ni_c_ni_x_oil_rural_filled,ieqmoecd_dv,OECD equivalence scale,-1.2599614664977978,0.039103090109579346,-32.221531929240975,8.81499388264685e-228,0.283664956893417,0.26273690340243666,0.30626001420932425,0.5886659479703827,0.47630522032101896,221778
sens_fes_4term,ni_c_ni_x_oil_rural_filled,workless_household,Workless household,0.04156741728362756,0.04532689717934503,0.9170585208856824,0.3591119751501224,1.042443438187465,0.9538282370939014,1.1392914149102948,,,221778
sens_fes_4term,ni_c_ni_x_oil_rural_filled,finnow,Current financial difficulty (1-5),0.5094683191629962,0.012901338476870389,39.48957079735367,0.0,1.6644060268638077,1.6228472372242357,1.707029077486601,0.9335403267849457,1.6089941322254362,221778
sens_fes_4term,ni_c_ni_x_oil_rural_filled,scghq1_dv,"Psychological distress, GHQ-12 (0-36)",-0.008932778995503802,0.0021531816728582653,-4.148641569870825,3.344539912753182e-05,0.9911069997417802,0.986933184357557,0.9952984665082224,4.97528979343185,0.95652996372951,221778
sens_fes_4term,ni_c_ni_x_oil_rural_filled,finfut_risk,Financial expectations: worse off (0-1),-0.2206190349841719,0.03662087393024393,-6.0244066104050615,1.6973117370704413e-09,0.8020221644836923,0.7464738976155427,0.8617040118586908,0.27837282650070005,0.9404334957334611,221778
sens_fes_4term,ni_c_ni_x_oil_rural_filled,fes_delta,FES Delta (4-term),-0.029045798969238458,0.004883944048612194,-5.947201417569889,2.727656949410629e-09,0.9713719756126106,0.9621180205017753,0.9807149381875704,2.56849485795172,0.9281109591467225,221778
sens_fes_4term,ni_c_ni_x_oil_rural_filled,oil,Uses heating oil,0.6569946164492718,0.06072523647681304,10.819136401389473,2.7939757667525365e-27,1.9289862704408962,1.71253604653122,2.1727939911609004,,,221778
sens_fes_4term,ni_c_ni_x_oil_rural_filled,ni_x_oil,Northern Ireland x heating oil,-0.01899012484422419,0.13120823796721856,-0.14473271753690298,0.8849219062689851,0.9811890515896939,0.7586964272166508,1.2689290741638999,,,221778
sens_fes_4term,ni_c_ni_x_oil_rural_filled,rural,Rural location,0.16583840987700132,0.03349849145850907,4.950623226792385,7.39761988485672e-07,1.1803823481829188,1.1053727109566016,1.2604820745900647,,,221778
sens_fes_4term,ni_c_ni_x_oil_rural_filled,region_Northern Ireland,Northern Ireland (vs South East),0.4127717555582306,0.11363182527688126,3.6325365235703053,0.00028064883722310756,1.51100010919639,1.2093190958550437,1.8879395337565816,,,221778
sens_outcome_s1,main,tenure_security,Tenure security,0.742630550977015,0.07008733492822489,10.59578812259774,3.117042439289122e-26,2.1014562377982946,1.8317318743507547,2.410897785434141,0.2414201838116669,1.1963628599504832,249200
sens_outcome_s1,main,jbstat_security,Employment-status security,-1.726409922568131,0.06248612513857534,-27.628692269515444,5.03304636277894e-168,0.1779220185764409,0.15741329545097094,0.2011027378826159,0.2643915670364238,0.6335298096928267,249200
sens_outcome_s1,main,health_good,No long-standing illness/disability,0.2162596829571725,0.02830443446158384,7.640487685796749,2.1640049366406952e-14,1.2414247139872443,1.1744312769569283,1.3122396778222314,0.4128888927339509,1.0933990307673933,249200
sens_outcome_s1,main,sf1_good,Self-rated general health,0.04490456008482579,0.05572412232338177,0.8058370094055999,0.42033683538113875,1.0459280318623634,0.937711719276656,1.16663301241383,0.23527075245202791,1.0106207334437922,249200
sens_outcome_s1,main,qfhigh_band,Highest qualification band,-0.5929794715129751,0.037282207972972645,-15.90515969287145,5.835432033836625e-57,0.552678140390062,0.5137331784397311,0.5945754327036354,0.3680254934137612,0.8039392578558108,249200
sens_outcome_s1,main,dvage,Age (mean of adults),0.004220629638625754,0.0011162632658397763,3.781034248628195,0.00015617818469256623,1.0042295490399809,1.0020348613664274,1.0064290435861991,16.88164731520796,1.0738509229521644,249200
sens_outcome_s1,main,heatch,Has central heating,0.07965603209971517,0.03537994766123979,2.2514457302881112,0.024357320493708805,1.0829145157735054,1.0103659671230873,1.1606723569798367,,,249200
sens_outcome_s1,main,hsbeds,Bedrooms,0.266456544280765,0.01888636438935358,14.10840852096283,3.3709986023088455e-45,1.3053308640112928,1.2578953286914136,1.3545552047744869,1.0319771906926065,1.316500495075575,249200
sens_outcome_s1,main,hsrooms,Rooms,0.13642225789554238,0.018388520000258382,7.418881883567871,1.18113185948562e-13,1.146165768973122,1.1055925338362949,1.1882279680447507,1.0604566074992154,1.155658007012011,249200
sens_outcome_s1,main,ncars,Cars,-0.14347901332572668,0.018864201549982113,-7.605888483833695,2.829531961376458e-14,0.8663389815704772,0.83489261352325,0.8989697822589139,1.0567762192172894,0.8593102819499886,249200
sens_outcome_s1,main,bill_security,Bill-payment security,-0.5569750257758688,0.06149157208477478,-9.057745751043743,1.3317424035574934e-19,0.5729395725961449,0.5078870023755996,0.6463243837925471,0.132784757315342,0.9287108905311028,249200
sens_outcome_s1,main,lone_parent,Lone-parent household,0.47030778398698364,0.041743976499657394,11.26648257841089,1.9209130908774814e-29,1.6004867216015861,1.4747538484759313,1.7369391838985249,,,249200
sens_outcome_s1,main,large_family,Large family (3+ children),0.6784090012112366,0.061595602704274666,11.013919361554615,3.274421804584007e-28,1.9707397920407388,1.7466223519199953,2.2236148092708445,,,249200
sens_outcome_s1,main,ieqmoecd_dv,OECD equivalence scale,-1.2594183991297905,0.03782637941846756,-33.29471174592296,4.6051372836571185e-243,0.2838190479120679,0.26353825521535457,0.30566056488416565,0.593517791595861,0.4735549952037952,249200
sens_outcome_s1,main,workless_household,Workless household,0.020361172750282642,0.04452758089964662,0.4572710293013972,0.6474762502263873,1.0205698754990542,0.9352781735419705,1.113639663835708,,,249200
sens_outcome_s1,main,finnow,Current financial difficulty (1-5),0.49385668716713854,0.012604454060461512,39.18112476733927,0.0,1.6386237081598518,1.5986386305623157,1.6796088907216469,0.9295114693469979,1.582562636430322,249200
sens_outcome_s1,main,scghq1_dv,"Psychological distress, GHQ-12 (0-36)",-0.009691903143469406,0.002115675085725039,-4.580997908829656,4.627624714395802e-06,0.9903549119851642,0.9862567624510288,0.9944700903805899,4.991886330874709,0.9527708277295822,249200
sens_outcome_s1,main,finfut_risk,Financial expectations: worse off (0-1),-0.17132880513433915,0.03579142014207154,-4.786868038604265,1.694041391487587e-06,0.8425444949658446,0.7854655343657355,0.9037713240600433,0.27896473810653255,0.9533294900558653,249200
sens_outcome_s1,main,fes_delta_growth3,FES Delta (growth-only),-0.026236007263773842,0.004818275714565209,-5.4451029409680265,5.177543404713427e-08,0.9741051665830712,0.9649493615170284,0.9833478453958105,2.5462856204789475,0.9353781733091132,249200
sens_outcome_s1,ni_a_regionFE_filled,tenure_security,Tenure security,0.7185997454379632,0.06948783889361031,10.34137421568368,4.579232075341108e-25,2.0515584943053256,1.7903409630121974,2.3508886533406423,0.24139100216407267,1.1894172873597368,249076
sens_outcome_s1,ni_a_regionFE_filled,jbstat_security,Employment-status security,-1.7181128952992524,0.06254052784074338,-27.471992236367896,3.79493656151019e-166,0.1794043835235925,0.1587078675901676,0.2027998568451201,0.26439025576627245,0.6349225171165017,249076
sens_outcome_s1,ni_a_regionFE_filled,health_good,No long-standing illness/disability,0.21292303197322146,0.02833676505723584,7.51402044457616,5.733862430317304e-14,1.2372894158537155,1.1704449703225452,1.3079513667026608,0.41288535839739177,1.0918929074003505,249076
sens_outcome_s1,ni_a_regionFE_filled,sf1_good,Self-rated general health,0.07105518894150137,0.055795212629995365,1.2734997429385595,0.2028407637232148,1.073640477314826,0.9624228052992718,1.1977104742134268,0.23526440930414422,1.0168572638851436,249076
sens_outcome_s1,ni_a_regionFE_filled,qfhigh_band,Highest qualification band,-0.5031301453840218,0.03767475915250069,-13.354568329088474,1.1140205612286652e-40,0.6046350988061722,0.5615966920854357,0.6509717878693156,0.368021619568469,0.8309690152208902,249076
sens_outcome_s1,ni_a_regionFE_filled,dvage,Age (mean of adults),0.005850969174701714,0.0011206490913080731,5.221053780423088,1.7790786130598968e-07,1.005868119527256,1.0036612232801492,1.0080798683988668,16.881224254908776,1.1038140743382556,249076
sens_outcome_s1,ni_a_regionFE_filled,heatch,Has central heating,0.05270072809644611,0.03516187656407416,1.498803057351378,0.1339247312325236,1.054114131166883,0.9839154763890026,1.1293211949502902,,,249076
sens_outcome_s1,ni_a_regionFE_filled,hsbeds,Bedrooms,0.2463584476015226,0.019021586030767982,12.951519773536784,2.303481380502253e-38,1.2793580741957833,1.2325396835863844,1.3279548754547086,1.0319120965535866,1.2894557913192148,249076
sens_outcome_s1,ni_a_regionFE_filled,hsrooms,Rooms,0.13914941486857157,0.01894576889446879,7.344616924425601,2.0634923721117458e-13,1.1492958090576029,1.1074016220866707,1.1927748978987784,1.0605228924312131,1.1590157342027612,249076
sens_outcome_s1,ni_a_regionFE_filled,ncars,Cars,-0.1426987192915858,0.019322650774279356,-7.3850488195715895,1.523974604145626e-13,0.8670152445169992,0.8347938933635596,0.9004802744735625,1.056833937643925,0.8600120747676309,249076
sens_outcome_s1,ni_a_regionFE_filled,bill_security,Bill-payment security,-0.6046637977843263,0.06118781807046257,-9.882094456906579,4.978136493245092e-23,0.5462580489372505,0.4845233196219085,0.6158586056530415,0.13278292602376035,0.9228495781638799,249076
sens_outcome_s1,ni_a_regionFE_filled,lone_parent,Lone-parent household,0.4787184630875679,0.04146906387034688,11.543990107524063,7.91658296109991e-31,1.61400466969581,1.4880113907106747,1.7506660836485441,,,249076
sens_outcome_s1,ni_a_regionFE_filled,large_family,Large family (3+ children),0.6858642406831534,0.06130175401468775,11.18832979100112,4.6511213857598265e-29,1.9854870329284493,1.760706256438426,2.2389644743475015,,,249076
sens_outcome_s1,ni_a_regionFE_filled,ieqmoecd_dv,OECD equivalence scale,-1.245380219891121,0.03816381492165758,-32.63248767052322,1.4200105568482212e-233,0.2878314480807943,0.26708724259796685,0.31018682022560096,0.593499016428817,0.47752826094610473,249076
sens_outcome_s1,ni_a_regionFE_filled,workless_household,Workless household,0.014176040649826697,0.04462555330105052,0.3176664399921957,0.750737970550245,1.0142769972047272,0.9293327377790187,1.106985458746705,,,249076
sens_outcome_s1,ni_a_regionFE_filled,finnow,Current financial difficulty (1-5),0.5043918549437506,0.01264289799501699,39.89527204463321,0.0,1.6559781392563029,1.6154478588518093,1.6975252916202754,0.9294616256252032,1.5980959245932285,249076
sens_outcome_s1,ni_a_regionFE_filled,scghq1_dv,"Psychological distress, GHQ-12 (0-36)",-0.009580712684265682,0.002108722816958439,-4.543372228543828,5.536136712828443e-06,0.9904650361248659,0.9863798714045421,0.9945671198550724,4.991449137810107,0.9533038031170202,249076
sens_outcome_s1,ni_a_regionFE_filled,finfut_risk,Financial expectations: worse off (0-1),-0.1939290891209794,0.036038508879775374,-5.381162960097147,7.40061602165265e-08,0.823716312645451,0.7675410860952989,0.8840029231138433,0.27896834596106446,0.9473372948692528,249076
sens_outcome_s1,ni_a_regionFE_filled,fes_delta_growth3,FES Delta (growth-only),-0.025734772255759278,0.004843003206028154,-5.313804505379399,1.0735979532841357e-07,0.9745935445799002,0.9653863605767947,0.9838885403035031,2.5461001784013795,0.9365772165466291,249076
sens_outcome_s1,ni_a_regionFE_filled,region_Northern Ireland,Northern Ireland (vs South East),1.025909200385437,0.06466017746203447,15.866167410193153,1.0867775876042504e-56,2.789630641151789,2.457581119203352,3.166544149141071,,,249076
sens_outcome_s1,ni_b_oil_filled,tenure_security,Tenure security,0.7366834876673297,0.06857184596479445,10.743235467885045,6.37696058026749e-27,2.088995832643227,1.8262873565817321,2.3894944971686716,0.24139100216407267,1.1946207432738318,249076
sens_outcome_s1,ni_b_oil_filled,jbstat_security,Employment-status security,-1.7022075569598636,0.06238722758909584,-27.284552026757776,6.469603137542776e-164,0.18228068457690064,0.1613008093604567,0.20598934439053743,0.26439025576627245,0.6375981255570934,249076
sens_outcome_s1,ni_b_oil_filled,health_good,No long-standing illness/disability,0.21674417900902093,0.028319208274112998,7.653610119007103,1.954141488115361e-14,1.2420263250871713,1.1749663991522563,1.3129136231662093,0.41288535839739177,1.0936169417483612,249076
sens_outcome_s1,ni_b_oil_filled,sf1_good,Self-rated general health,0.05019868287864104,0.05571656758252075,0.9009650999102328,0.36760687605993947,1.051479986694462,0.9427032029745656,1.1728083228426407,0.23526440930414422,1.0118799764393174,249076
sens_outcome_s1,ni_b_oil_filled,qfhigh_band,Highest qualification band,-0.5072581287138381,0.0373648120673238,-13.575824436099454,5.571326922599312e-42,0.6021443196819865,0.5596230680469424,0.6478964189068568,0.368021619568469,0.8297075762272058,249076
sens_outcome_s1,ni_b_oil_filled,dvage,Age (mean of adults),0.004893986401081963,0.0011133026135215478,4.3959174636279075,1.1030584498854568e-05,1.0049059815125165,1.002715634046757,1.0071011136069965,16.881224254908776,1.0861251800359923,249076
sens_outcome_s1,ni_b_oil_filled,heatch,Has central heating,0.05202149087310093,0.0352441762290092,1.4760308351392946,0.1399356146335689,1.0533983807210312,0.9830888019734875,1.1287364338584098,,,249076
sens_outcome_s1,ni_b_oil_filled,hsbeds,Bedrooms,0.23121654930595717,0.01869957620986932,12.36480157148829,4.052107149234081e-35,1.2601320906349391,1.2147837208403116,1.3071733334963933,1.0319120965535866,1.2694644951073,249076
sens_outcome_s1,ni_b_oil_filled,hsrooms,Rooms,0.11545428996008712,0.018234247353637347,6.331727749489832,2.4243098413151423e-10,1.1223832091944135,1.0829792649103702,1.1632208566669184,1.0605228924312131,1.1302534702565317,249076
sens_outcome_s1,ni_b_oil_filled,ncars,Cars,-0.17455564669131496,0.019362881718849003,-9.01496219549758,1.9693837659170672e-19,0.8398301191614985,0.8085553052867098,0.8723146387626702,1.056833937643925,0.8315396210195836,249076
sens_outcome_s1,ni_b_oil_filled,bill_security,Bill-payment security,-0.5907373538860913,0.061287620648505126,-9.638771217340448,5.484048073128223e-22,0.5539187000112203,0.49122211387668824,0.6246174949264256,0.13278292602376035,0.9245576848625193,249076
sens_outcome_s1,ni_b_oil_filled,lone_parent,Lone-parent household,0.4687100545784334,0.04146267097857105,11.304386415932406,1.2482361755223353e-29,1.5979316186236165,1.473211501566013,1.7332103741267708,,,249076
sens_outcome_s1,ni_b_oil_filled,large_family,Large family (3+ children),0.6777878104103634,0.06126289268448003,11.063594628173183,1.8839281224285698e-28,1.9695159667648638,1.7466763388517277,2.2207853035278435,,,249076
sens_outcome_s1,ni_b_oil_filled,ieqmoecd_dv,OECD equivalence scale,-1.229852329134047,0.03813158594378348,-32.25285019477528,3.208718312711988e-228,0.29233574396604006,0.27128404668884787,0.3150210572396747,0.593499016428817,0.4819494009646746,249076
sens_outcome_s1,ni_b_oil_filled,workless_household,Workless household,0.021380760529112218,0.04442436112639778,0.4812845922145941,0.6303142462013648,1.0216109667233095,0.9364216835767896,1.1145501921130483,,,249076
sens_outcome_s1,ni_b_oil_filled,finnow,Current financial difficulty (1-5),0.5058091261788453,0.012546621229674442,40.314369655357005,0.0,1.6583267733716698,1.6180443043665973,1.6996121057129099,0.9294616256252032,1.60020248229676,249076
sens_outcome_s1,ni_b_oil_filled,scghq1_dv,"Psychological distress, GHQ-12 (0-36)",-0.009566412776941572,0.002104624650190989,-4.545424656160635,5.482460639038359e-06,0.9904791997843596,0.9864018996501205,0.994573353471284,4.991449137810107,0.9533718497589767,249076
sens_outcome_s1,ni_b_oil_filled,finfut_risk,Financial expectations: worse off (0-1),-0.19439028973736303,0.0360280240425615,-5.395530143638218,6.832152074199979e-08,0.8233365017655719,0.7672029430753606,0.8835771568110143,0.27896834596106446,0.9472154179399688,249076
sens_outcome_s1,ni_b_oil_filled,fes_delta_growth3,FES Delta (growth-only),-0.025267925761663597,0.004817864030231347,-5.244632393756091,1.5659422741175834e-07,0.9750486363800959,0.9658847428158336,0.9842994729734119,2.5461001784013795,0.9376911296502776,249076
sens_outcome_s1,ni_b_oil_filled,oil,Uses heating oil,0.7850461626320931,0.05081953484575421,15.447724285844796,7.815442913260232e-54,2.1925081503442523,1.9846482702769506,2.4221379986163303,,,249076
sens_outcome_s1,ni_b_oil_filled,region_Northern Ireland,Northern Ireland (vs South East),0.4617392592605418,0.07460158936648803,6.18940244010352,6.039271677500649e-10,1.58683149766186,1.3709759121976048,1.836672825225281,,,249076
sens_outcome_s1,ni_b_oil_rural_filled,tenure_security,Tenure security,0.7439807304500118,0.06859164839201302,10.84652064633342,2.0716185640018708e-27,2.1042954971975236,1.8395915622851913,2.407088415879183,0.24139100216407267,1.1967269087204262,249076
sens_outcome_s1,ni_b_oil_rural_filled,jbstat_security,Employment-status security,-1.702725378967776,0.06244488973794869,-27.267649700612804,1.0265228815984656e-163,0.1821863200609295,0.16119908681053144,0.20590597548704573,0.26439025576627245,0.637510839826303,249076
sens_outcome_s1,ni_b_oil_rural_filled,health_good,No long-standing illness/disability,0.21728236087870897,0.028302073066245312,7.677259555161437,1.6252791577115053e-14,1.242694941039362,1.17563839739055,1.313576283245371,0.41288535839739177,1.0938599785423455,249076
sens_outcome_s1,ni_b_oil_rural_filled,sf1_good,Self-rated general health,0.043391425379078676,0.0556701505141078,0.7794379030479273,0.4357218036145971,1.0443465986201348,0.9363929571025951,1.1647458577904999,0.23526440930414422,1.010260742130452,249076
sens_outcome_s1,ni_b_oil_rural_filled,qfhigh_band,Highest qualification band,-0.5086117764856944,0.037334104547842785,-13.623248304614359,2.913165193328984e-42,0.6013297797897458,0.5588996847312864,0.6469810485504868,0.368021619568469,0.8292943423780584,249076
sens_outcome_s1,ni_b_oil_rural_filled,dvage,Age (mean of adults),0.00450091354955051,0.001110314229188174,4.0537295039814385,5.0407499163382564e-05,1.0045110578748075,1.0023274419465755,1.0066994309096722,16.881224254908776,1.078941999596618,249076
sens_outcome_s1,ni_b_oil_rural_filled,heatch,Has central heating,0.0496128255437036,0.03519356066739017,1.4097131578298672,0.1586243979336579,1.0508641498455988,0.9808210167566526,1.125909256188686,,,249076
sens_outcome_s1,ni_b_oil_rural_filled,hsbeds,Bedrooms,0.23055009493276957,0.01871559665009739,12.318607803057663,7.19252416106816e-35,1.259292549881219,1.2139362750638556,1.306343470214633,1.0319120965535866,1.2685917561629434,249076
sens_outcome_s1,ni_b_oil_rural_filled,hsrooms,Rooms,0.113287619417152,0.01813983167960897,6.245240938177993,4.2314732895233913e-10,1.1199540071477418,1.080835337307353,1.160488498878164,1.0605228924312131,1.1276593511676742,249076
sens_outcome_s1,ni_b_oil_rural_filled,ncars,Cars,-0.18546805197414187,0.019628445328005763,-9.44894253593875,3.422709178240511e-21,0.8307153748732585,0.7993638158303523,0.8632965620716496,1.056833937643925,0.8220048927648642,249076
sens_outcome_s1,ni_b_oil_rural_filled,bill_security,Bill-payment security,-0.592393305522703,0.061257177133063855,-9.67059425927996,4.0203671483948753e-22,0.553002196485578,0.49043860966335096,0.6235468074746201,0.13278292602376035,0.9243544135224978,249076
sens_outcome_s1,ni_b_oil_rural_filled,lone_parent,Lone-parent household,0.4634389202229627,0.04145971894260055,11.178052626564515,5.222335344937693e-29,1.589530866568514,1.4654749154233853,1.7240884502237261,,,249076
sens_outcome_s1,ni_b_oil_rural_filled,large_family,Large family (3+ children),0.6785926916235571,0.06128396760547001,11.072923606907397,1.6976990619412675e-28,1.9711018312962671,1.7480105667859331,2.2226652991482156,,,249076
sens_outcome_s1,ni_b_oil_rural_filled,ieqmoecd_dv,OECD equivalence scale,-1.2261361652132725,0.03813615179233788,-32.15154407528925,8.4039851654267815e-227,0.29342413257321415,0.27229162147620684,0.316196734624339,0.593499016428817,0.48301353252986357,249076
sens_outcome_s1,ni_b_oil_rural_filled,workless_household,Workless household,0.020362853915583144,0.04443480115582468,0.4582636443938245,0.6467630400777965,1.0205715912471578,0.9354498372697658,1.113439044364693,,,249076
sens_outcome_s1,ni_b_oil_rural_filled,finnow,Current financial difficulty (1-5),0.5057743827814415,0.012537153205611433,40.34204372289754,0.0,1.6582691584664315,1.618018114248052,1.699521518149949,0.9294616256252032,1.600150808345009,249076
sens_outcome_s1,ni_b_oil_rural_filled,scghq1_dv,"Psychological distress, GHQ-12 (0-36)",-0.009530729988944501,0.0021048967628844715,-4.5278847670818525,5.957705358696862e-06,0.990514543474238,0.9864365717505454,0.9946093737105358,4.991449137810107,0.9535416688181639,249076
sens_outcome_s1,ni_b_oil_rural_filled,finfut_risk,Financial expectations: worse off (0-1),-0.194823641337294,0.03604623239380213,-5.404826757172891,6.487106208197713e-08,0.8229797848727508,0.7668431791126474,0.8832258599377932,0.27896834596106446,0.9471009146832021,249076
sens_outcome_s1,ni_b_oil_rural_filled,fes_delta_growth3,FES Delta (growth-only),-0.02537162554202451,0.004823420235257852,-5.260090206647355,1.439847483000462e-07,0.974947529293144,0.9657740686734344,0.9842081245569397,2.5461001784013795,0.9374435837150814,249076
sens_outcome_s1,ni_b_oil_rural_filled,oil,Uses heating oil,0.688149120013586,0.05372906519520904,12.807762753984177,1.4835032678120462e-37,1.9900288179502579,1.7911217280713805,2.211024875755779,,,249076
sens_outcome_s1,ni_b_oil_rural_filled,rural,Rural location,0.16263314179566665,0.03290033627999364,4.94320606365845,7.684818066271894e-07,1.176604963318076,1.1031278752638678,1.2549762096924466,,,249076
sens_outcome_s1,ni_b_oil_rural_filled,region_Northern Ireland,Northern Ireland (vs South East),0.4786404650268312,0.07439535694946096,6.433741091557452,1.245008624472844e-10,1.6138787853709842,1.3949076952281616,1.8672237186593872,,,249076
sens_outcome_s1,ni_c_ni_x_oil_filled,tenure_security,Tenure security,0.7384866649447618,0.06867889335696953,10.752745550315717,5.752342603114697e-27,2.0927660606344634,1.8291996244017528,2.394309361383058,0.24139100216407267,1.195140839947937,249076
sens_outcome_s1,ni_c_ni_x_oil_filled,jbstat_security,Employment-status security,-1.7016722879899961,0.06236662201857144,-27.284984065407208,6.393685746601729e-164,0.18237827988870164,0.16139368973238233,0.20609131020125554,0.26439025576627245,0.6376883647651361,249076
sens_outcome_s1,ni_c_ni_x_oil_filled,health_good,No long-standing illness/disability,0.2166007196129888,0.028311880305743414,7.650523994658478,2.0016198332589705e-14,1.2418481575209295,1.1748147244913014,1.3127064329278806,0.41288535839739177,1.09355216623734,249076
sens_outcome_s1,ni_c_ni_x_oil_filled,sf1_good,Self-rated general health,0.050444515324648664,0.05571822911559547,0.9053502978350993,0.3652798377515064,1.0517385063664788,0.9429319077914404,1.1731004928710642,0.23526440930414422,1.0119385008427613,249076
sens_outcome_s1,ni_c_ni_x_oil_filled,qfhigh_band,Highest qualification band,-0.5077394468374006,0.03737523035884506,-13.584918192142759,4.9208147474279334e-42,0.6018545664452593,0.5593423545401796,0.6475978731286847,0.368021619568469,0.8295606185973691,249076
sens_outcome_s1,ni_c_ni_x_oil_filled,dvage,Age (mean of adults),0.00488201499099246,0.0011135733311735012,4.384098338497129,1.1646715658749659e-05,1.0048939514429192,1.002703098167306,1.0070895916171507,16.881224254908776,1.085905704940547,249076
sens_outcome_s1,ni_c_ni_x_oil_filled,heatch,Has central heating,0.051431423330589116,0.03526254574046662,1.458528369140615,0.14469496143636806,1.0527769878771371,0.9824735110908764,1.128111214899858,,,249076
sens_outcome_s1,ni_c_ni_x_oil_filled,hsbeds,Bedrooms,0.23094001034577163,0.018692648630363986,12.354590026939094,4.6009570309997096e-35,1.2597836631959998,1.2144643219079916,1.3067941556011955,1.0319120965535866,1.2691022874533222,249076
sens_outcome_s1,ni_c_ni_x_oil_filled,hsrooms,Rooms,0.11505031839908118,0.01821533195676761,6.3161252659101885,2.6820267976948147e-10,1.1219298898675714,1.0825819947975766,1.1627079369758224,1.0605228924312131,1.1297693495458723,249076
sens_outcome_s1,ni_c_ni_x_oil_filled,ncars,Cars,-0.17466939169763399,0.01935953783670515,-9.022394706472054,1.8402183891680662e-19,0.8397345981119119,0.808468639984733,0.8722097065873701,1.056833937643925,0.8314396679963391,249076
sens_outcome_s1,ni_c_ni_x_oil_filled,bill_security,Bill-payment security,-0.591165175069592,0.061290526169493355,-9.645294501711058,5.146326128522727e-22,0.5536817725423272,0.49100920743239285,0.6243538829927627,0.13278292602376035,0.9245051646836315,249076
sens_outcome_s1,ni_c_ni_x_oil_filled,lone_parent,Lone-parent household,0.46874065552288074,0.041458175797484655,11.306350231437827,1.2206197831839294e-29,1.5979805175884823,1.4732695639458322,1.733248142148031,,,249076
sens_outcome_s1,ni_c_ni_x_oil_filled,large_family,Large family (3+ children),0.6778348894345039,0.061254820174065784,11.06582122857145,1.8377174164755496e-28,1.9696086918372941,1.7467862097402338,2.2208547201308164,,,249076
sens_outcome_s1,ni_c_ni_x_oil_filled,ieqmoecd_dv,OECD equivalence scale,-1.2292576203768235,0.038173388005357405,-32.201952318308884,1.6572657104073405e-227,0.2925096502997103,0.27142319091199674,0.31523428499593636,0.593499016428817,0.48211953939758345,249076
sens_outcome_s1,ni_c_ni_x_oil_filled,workless_household,Workless household,0.021239501187497675,0.04441789706555087,0.478174397949388,0.6325260830682016,1.0214666648229995,0.9363012768400195,1.114378644089899,,,249076
sens_outcome_s1,ni_c_ni_x_oil_filled,finnow,Current financial difficulty (1-5),0.5058752939248684,0.01254301792800342,40.331226251017,0.0,1.6584365047467322,1.6181627982312285,1.6997125649427618,0.9294616256252032,1.6003008983850329,249076
sens_outcome_s1,ni_c_ni_x_oil_filled,scghq1_dv,"Psychological distress, GHQ-12 (0-36)",-0.009569410191723235,0.002104624554727571,-4.546849066370381,5.4455020331181135e-06,0.9904762309118147,0.9863989431834771,0.9945703721407918,4.991449137810107,0.9533575860466842,249076
sens_outcome_s1,ni_c_ni_x_oil_filled,finfut_risk,Financial expectations: worse off (0-1),-0.19438705232970235,0.03602814398584703,-5.3954223233387655,6.836256304327407e-08,0.8233391672457847,0.7672052464699681,0.8835802250311094,0.27896834596106446,0.9472162734030509,249076
sens_outcome_s1,ni_c_ni_x_oil_filled,fes_delta_growth3,FES Delta (growth-only),-0.025253435079129086,0.004817783575474813,-5.24171222793881,1.5909335343106212e-07,0.9750627656027122,0.9658988915574784,0.984313581033065,2.5461001784013795,0.9377257261489642,249076
sens_outcome_s1,ni_c_ni_x_oil_filled,oil,Uses heating oil,0.8000555721246931,0.0552383719103889,14.483692122979162,1.5361887086707843e-47,2.225664609967045,1.9972881842612338,2.480154338815163,,,249076
sens_outcome_s1,ni_c_ni_x_oil_filled,ni_x_oil,Northern Ireland x heating oil,-0.09614711900532528,0.12922871178666112,-0.7440074088492887,0.45687199290932523,0.9083303735772046,0.7050893547495226,1.1701553313849158,,,249076
sens_outcome_s1,ni_c_ni_x_oil_filled,region_Northern Ireland,Northern Ireland (vs South East),0.5276196648381134,0.112504910882052,4.6897478581291425,2.7354190889683936e-06,1.6948930895614378,1.3594960660681443,2.1130348639781387,,,249076
sens_outcome_s1,ni_c_ni_x_oil_rural_filled,tenure_security,Tenure security,0.7450222737280503,0.06868316678153757,10.847232424471093,2.0555533821370665e-27,2.1064883538069306,1.841178287834336,2.4100290634773587,0.24139100216407267,1.1970278266400167,249076
sens_outcome_s1,ni_c_ni_x_oil_rural_filled,jbstat_security,Employment-status security,-1.70240054597949,0.06242738619246904,-27.270091698711227,9.603066719277585e-164,0.18224550980056928,0.16125699013591985,0.2059658053550085,0.26439025576627245,0.6375655933149054,249076
sens_outcome_s1,ni_c_ni_x_oil_rural_filled,health_good,No long-standing illness/disability,0.21719366937556575,0.0282950018261482,7.676043659938945,1.6407722486723035e-14,1.2425847294445809,1.1755504251600393,1.3134415817498089,0.41288535839739177,1.093819922754435,249076
sens_outcome_s1,ni_c_ni_x_oil_rural_filled,sf1_good,Self-rated general health,0.04357346997196423,0.055671743545246566,0.782685563575899,0.43381178180629654,1.0445367335775073,0.9365605136821822,1.1649615501118746,0.23526440930414422,1.0103040111239932,249076
sens_outcome_s1,ni_c_ni_x_oil_rural_filled,qfhigh_band,Highest qualification band,-0.5088990158684326,0.03734607498582828,-13.626572968151125,2.7834759516039794e-42,0.6011570789993985,0.5587260610086429,0.6468104118477817,0.368021619568469,0.8292066820553642,249076
sens_outcome_s1,ni_c_ni_x_oil_rural_filled,dvage,Age (mean of adults),0.004496050801137505,0.0011105050182450716,4.0486541954061614,5.1512990729670446e-05,1.0045061732021314,1.0023221930841382,1.0066949120386175,16.881224254908776,1.0788534338039917,249076
sens_outcome_s1,ni_c_ni_x_oil_rural_filled,heatch,Has central heating,0.049268071070579664,0.035212721438497935,1.399155448880332,0.16176637300772978,1.050501922172687,0.9804461118274319,1.1255634299284636,,,249076
sens_outcome_s1,ni_c_ni_x_oil_rural_filled,hsbeds,Bedrooms,0.2303886676063072,0.018712703527120265,12.311885734330456,7.817501266885193e-35,1.2590892820585897,1.2137472108255838,1.3061252014054057,1.0319120965535866,1.268380453256478,249076
sens_outcome_s1,ni_c_ni_x_oil_rural_filled,hsrooms,Rooms,0.11305776439327998,0.018136276753772572,6.2337913083380005,4.5527951925892913e-10,1.1196966096758776,1.0805944594693915,1.1602137015724419,1.0605228924312131,1.1273844990790363,249076
sens_outcome_s1,ni_c_ni_x_oil_rural_filled,ncars,Cars,-0.18547114279639013,0.01962379946801063,-9.451337040960516,3.3452986942249373e-21,0.8307128072836638,0.7993686239350463,0.8632860329043629,1.056833937643925,0.8220022077019011,249076
sens_outcome_s1,ni_c_ni_x_oil_rural_filled,bill_security,Bill-payment security,-0.59264288292661,0.06126247131588665,-9.673832449082498,3.895121121743107e-22,0.5528641968545354,0.4903111348469293,0.6233976722944186,0.13278292602376035,0.9243237812779471,249076
sens_outcome_s1,ni_c_ni_x_oil_rural_filled,lone_parent,Lone-parent household,0.4634895461627415,0.041456062354053455,11.180259770074928,5.094065782626822e-29,1.5896113400994483,1.4655596116546283,1.7241633792841182,,,249076
sens_outcome_s1,ni_c_ni_x_oil_rural_filled,large_family,Large family (3+ children),0.6786278921909957,0.061278353921705365,11.074512429920533,1.6678551111054781e-28,1.971171216420399,1.7480913323080955,2.222719083741481,,,249076
sens_outcome_s1,ni_c_ni_x_oil_rural_filled,ieqmoecd_dv,OECD equivalence scale,-1.2257984074802497,0.03817528267437196,-32.10974016711498,3.2239454027746157e-226,0.29352325558188525,0.27236271591820455,0.3163278104234462,0.593499016428817,0.483110366588049,249076
sens_outcome_s1,ni_c_ni_x_oil_rural_filled,workless_household,Workless household,0.020279192352583922,0.044430275813661116,0.45642733431667365,0.6480827134401318,1.0204862122042033,0.9353798756700866,1.1133360214242911,,,249076
sens_outcome_s1,ni_c_ni_x_oil_rural_filled,finnow,Current financial difficulty (1-5),0.5058142733353271,0.012534320094509511,40.35434467298248,0.0,1.6583353090610375,1.6180916440816009,1.6995798769107786,0.9294616256252032,1.600210137818854,249076
sens_outcome_s1,ni_c_ni_x_oil_rural_filled,scghq1_dv,"Psychological distress, GHQ-12 (0-36)",-0.009532608354868664,0.002104878824910467,-4.5288157408653404,5.931519546712173e-06,0.9905126829272195,0.9864347535443013,0.9946074705037408,4.991449137810107,0.9535327286746352,249076
sens_outcome_s1,ni_c_ni_x_oil_rural_filled,finfut_risk,Financial expectations: worse off (0-1),-0.19481683933566618,0.03604596259501863,-5.404678507949982,6.492473660823857e-08,0.8229853828016257,0.7668488007053335,0.8832314006126968,0.27896834596106446,0.9471027118497539,249076
sens_outcome_s1,ni_c_ni_x_oil_rural_filled,fes_delta_growth3,FES Delta (growth-only),-0.02536240980037707,0.004823215467780499,-5.258402816502846,1.45311944339132e-07,0.974956514199095,0.9657833566431548,0.9842167998039577,2.5461001784013795,0.9374655803382458,249076
sens_outcome_s1,ni_c_ni_x_oil_rural_filled,oil,Uses heating oil,0.697700979414798,0.058511573184256975,11.924153486998026,8.857982066508983e-33,2.0091283663070874,1.79144114218746,2.253267884297249,,,249076
sens_outcome_s1,ni_c_ni_x_oil_rural_filled,ni_x_oil,Northern Ireland x heating oil,-0.057810912106109676,0.12957355320160896,-0.44616289881438415,0.6554795806967493,0.9438283970887318,0.7321496033583743,1.2167076770443157,,,249076
sens_outcome_s1,ni_c_ni_x_oil_rural_filled,rural,Rural location,0.16176685915926484,0.03296775398707616,4.906820744375847,9.256455933494211e-07,1.1755861322300045,1.1020270411666573,1.254055211593038,,,249076
sens_outcome_s1,ni_c_ni_x_oil_rural_filled,region_Northern Ireland,Northern Ireland (vs South East),0.5180802135110925,0.1127048817717131,4.596785918825401,4.2905806064607675e-06,1.6788016133843082,1.3460612082302255,2.0937939819299145,,,249076
sens_outcome_s2,main,tenure_security,Tenure security,0.7011547035978852,0.07097175330128212,9.879348768818124,5.11643273401031e-23,2.0160793379928457,1.754269661844966,2.316961859106059,0.2402253601424658,1.18345146709867,227007
sens_outcome_s2,main,jbstat_security,Employment-status security,-1.727614529643752,0.06366407618413686,-27.136410880241762,3.6633065728942165e-162,0.1777078214915184,0.1568612180420707,0.20132490499207706,0.26424660640438746,0.6334866982789402,227007
sens_outcome_s2,main,health_good,No long-standing illness/disability,0.22880628661699107,0.028495233416956364,8.029633702906876,9.776411515823323e-16,1.2570984986191411,1.188814575261591,1.3293045594455004,0.4124819851583761,1.098975597963924,227007
sens_outcome_s2,main,sf1_good,Self-rated general health,0.026648921895518856,0.0565890571956859,0.4709200544438555,0.6376978262653851,1.02700717972982,0.9191889331932135,1.1474721998147592,0.23488479666582182,1.0062790577500158,227007
sens_outcome_s2,main,qfhigh_band,Highest qualification band,-0.5892383793873038,0.03752813249696189,-15.701244378067733,1.4830418767679961e-55,0.5547496326347582,0.5154102118633452,0.597091690899587,0.36801819382982487,0.8050503603194172,227007
sens_outcome_s2,main,dvage,Age (mean of adults),0.0030240297055113235,0.0011631764214855085,2.59980313360315,0.00932772547676901,1.0030286066958298,1.000744522831367,1.0053179037180777,16.694771456676783,1.0517815964362935,227007
sens_outcome_s2,main,heatch,Has central heating,0.04028056575197868,0.03497325646128728,1.1517533632181545,0.24942243706916545,1.0411028310185728,0.9721299817964281,1.1149693199997026,,,227007
sens_outcome_s2,main,hsbeds,Bedrooms,0.283197082050731,0.019086963990663,14.837198948416622,8.419895885971867e-50,1.327366736198945,1.2786276061725725,1.3779637197428385,1.014822533027865,1.3329503319540303,227007
sens_outcome_s2,main,hsrooms,Rooms,0.1397170228239216,0.019324268344261087,7.23013261536573,4.825226137510997e-13,1.1499483436762754,1.107208688188548,1.1943378039123727,1.0567221296397582,1.1590979460683426,227007
sens_outcome_s2,main,ncars,Cars,-0.1544155311129306,0.019452162403964354,-7.938219304680527,2.0510446020936343e-15,0.8569158718151428,0.8248604414414243,0.8902170288170514,1.0558305224435662,0.8495600677046036,227007
sens_outcome_s2,main,bill_security,Bill-payment security,-0.5391817344200409,0.06286950271893824,-8.576204854529934,9.805484152151255e-18,0.583225290355952,0.5156104732014639,0.659706807735609,0.13342159195126602,0.9305881388473453,227007
sens_outcome_s2,main,lone_parent,Lone-parent household,0.4073309642757628,0.04225530296784688,9.639759643557902,5.431500225628301e-22,1.502801396940541,1.3833555314858026,1.6325608184186593,,,227007
sens_outcome_s2,main,large_family,Large family (3+ children),0.6747386169578367,0.062092381672015744,10.8666892586266,1.6611997728067423e-27,1.9635196781422755,1.7385297506845354,2.2176264311461455,,,227007
sens_outcome_s2,main,ieqmoecd_dv,OECD equivalence scale,-1.2883207029409691,0.03855044231460076,-33.419090043826166,7.2409040389597495e-245,0.2757334328607078,0.2556673275191476,0.29737443080777076,0.5884332755389517,0.46856016213322604,227007
sens_outcome_s2,main,workless_household,Workless household,0.05352081691140492,0.04512152911537311,1.1861481195496573,0.23556381030034668,1.054978952942406,0.9656867670332278,1.1525275370301926,,,227007
sens_outcome_s2,main,finnow,Current financial difficulty (1-5),0.49850315781995436,0.012842457547257132,38.816804025676824,0.0,1.6462552412478921,1.6053349133287595,1.688218637017295,0.9325427186435142,1.5918159796131224,227007
sens_outcome_s2,main,scghq1_dv,"Psychological distress, GHQ-12 (0-36)",-0.008930922326664653,0.002151903444686267,-4.15024305515098,3.321224104606421e-05,0.9911088399009712,0.9869374893201694,0.9952978209455624,4.974824615194225,0.956542773603564,227007
sens_outcome_s2,main,finfut_risk,Financial expectations: worse off (0-1),-0.1992744377391968,0.0361495617513385,-5.512499407598443,3.537733821778317e-08,0.819325008772857,0.7632831032812996,0.8794816328499863,0.2779560589446452,0.9461165284256025,227007
sens_outcome_s2,main,fes_delta_growth3,FES Delta (growth-only),-0.02858044951650303,0.00482285326423128,-5.926045838564092,3.1031599917200936e-09,0.9718241082215364,0.9626811062170089,0.9810539453006436,2.47252606014985,0.9317731397231475,227007
sens_outcome_s2,ni_a_regionFE_filled,tenure_security,Tenure security,0.6797320221897524,0.07049984505305806,9.64161015784059,5.334457172596577e-22,1.9733488476658967,1.7186770965322884,2.265757589044106,0.24019723339231625,1.1773542395500272,226907
sens_outcome_s2,ni_a_regionFE_filled,jbstat_security,Employment-status security,-1.7228827288366453,0.06376819705504104,-27.017899335456388,9.107529777367822e-161,0.17855069207989516,0.15757305319801623,0.20232107581330344,0.264244577941475,0.6342814982578193,226907
sens_outcome_s2,ni_a_regionFE_filled,health_good,No long-standing illness/disability,0.22531898074272394,0.028507949157446966,7.903724659332963,2.7069060628790685e-15,1.252722246739893,1.18464651098661,1.3247099560273667,0.4124789711416337,1.097395166745763,226907
sens_outcome_s2,ni_a_regionFE_filled,sf1_good,Self-rated general health,0.048736153723427544,0.05657607025924657,0.8614269867119713,0.3890029180859388,1.04994329056316,0.9397410631763178,1.1730687916015472,0.23487957696502268,1.011512896245762,226907
sens_outcome_s2,ni_a_regionFE_filled,qfhigh_band,Highest qualification band,-0.5178080723496978,0.03799454358042144,-13.6284851337581,2.7115042433148928e-42,0.5958251232429448,0.5530670653165018,0.6418888408846246,0.3680142034254286,0.8264955670361829,226907
sens_outcome_s2,ni_a_regionFE_filled,dvage,Age (mean of adults),0.004514914181434217,0.0011688448941876912,3.8627145516787613,0.00011213400711583274,1.0045251217628035,1.00222649525288,1.0068290202185963,16.694428430591305,1.0782872597087938,226907
sens_outcome_s2,ni_a_regionFE_filled,heatch,Has central heating,0.0066123104290584595,0.03519020411248014,0.1879020197758221,0.8509534593891037,1.0066342200180436,0.9395453205894168,1.0785136498531447,,,226907
sens_outcome_s2,ni_a_regionFE_filled,hsbeds,Bedrooms,0.2660063805621184,0.019242806521245086,13.823679007967634,1.8344922307691767e-43,1.304743383656577,1.2564511165890986,1.3548917858555578,1.0147584758401333,1.3098756765375097,226907
sens_outcome_s2,ni_a_regionFE_filled,hsrooms,Rooms,0.14313486859934482,0.01971061781086118,7.2618154323134885,3.8192911868560645e-13,1.1538854140817618,1.1101584663110287,1.1993346798993034,1.0567820592536739,1.1633018232983297,226907
sens_outcome_s2,ni_a_regionFE_filled,ncars,Cars,-0.1510966147438581,0.01981393370031356,-7.625775730816489,2.425712292040522e-14,0.8597646287069982,0.8270160214359037,0.8938100322316095,1.0558958990014673,0.8525339079781391,226907
sens_outcome_s2,ni_a_regionFE_filled,bill_security,Bill-payment security,-0.5807039972174983,0.06261980386172337,-9.273487960770446,1.8015606713456594e-20,0.5595043383869025,0.4948816888006467,0.632565543963518,0.1334133044287536,0.9254514197484073,226907
sens_outcome_s2,ni_a_regionFE_filled,lone_parent,Lone-parent household,0.4165529233393324,0.04211388516055018,9.891106502079147,4.549709362727323e-23,1.5167242693114573,1.3965588201045083,1.647229229447153,,,226907
sens_outcome_s2,ni_a_regionFE_filled,large_family,Large family (3+ children),0.6813850796473655,0.061957724454856755,10.997580780162965,3.92521309116656e-28,1.9766136043667697,1.7505852684751664,2.2318257849678784,,,226907
sens_outcome_s2,ni_a_regionFE_filled,ieqmoecd_dv,OECD equivalence scale,-1.276120058288445,0.038848898091236976,-32.84829482914717,1.2046987423414427e-236,0.2791181644613266,0.2586543927280855,0.30120095356030185,0.5884041377992932,0.47195373247172717,226907
sens_outcome_s2,ni_a_regionFE_filled,workless_household,Workless household,0.04531706537480439,0.045228185919472044,1.0019651342083584,0.31636043239700506,1.0463595717085588,0.957596719866452,1.1433501500076262,,,226907
sens_outcome_s2,ni_a_regionFE_filled,finnow,Current financial difficulty (1-5),0.5060268452419782,0.012875262252043978,39.302255389916056,0.0,1.6586878620296521,1.617354508445444,1.701077536976676,0.9324711720230103,1.6029656510122754,226907
sens_outcome_s2,ni_a_regionFE_filled,scghq1_dv,"Psychological distress, GHQ-12 (0-36)",-0.008909307622418575,0.0021482152720804395,-4.147306714652649,3.364092613220616e-05,0.9911302626569437,0.9869659563533463,0.9953121394216888,4.974356704410114,0.9566496236041181,226907
sens_outcome_s2,ni_a_regionFE_filled,finfut_risk,Financial expectations: worse off (0-1),-0.215045713166721,0.03633279104595376,-5.9187776929862315,3.2434301273052588e-09,0.8065045714567041,0.7510698103041462,0.8660308467426774,0.2779566228973431,0.9419779802588537,226907
sens_outcome_s2,ni_a_regionFE_filled,fes_delta_growth3,FES Delta (growth-only),-0.028158342974337697,0.004841209647967619,-5.81638578411055,6.013359683416151e-09,0.9722344081244952,0.9630528967874367,0.9815034537503907,2.472574865429257,0.9327448286528179,226907
sens_outcome_s2,ni_a_regionFE_filled,region_Northern Ireland,Northern Ireland (vs South East),0.7483179690562438,0.06457444742543463,11.58845331073628,4.715710546708749e-31,2.113442150136388,1.8621921663156111,2.398591188797911,,,226907
sens_outcome_s2,ni_b_oil_filled,tenure_security,Tenure security,0.693893370787703,0.06966229637355857,9.960816781961285,2.261966492588492e-23,2.00149293739389,1.7460529419631263,2.2943026996269746,0.24019723339231625,1.1813658486314267,226907
sens_outcome_s2,ni_b_oil_filled,jbstat_security,Employment-status security,-1.7115528857643654,0.06362248302429907,-26.901698965610617,2.0979660501014693e-159,0.18058514666445571,0.15941400414854087,0.2045679447674891,0.264244577941475,0.6361832870825169,226907
sens_outcome_s2,ni_b_oil_filled,health_good,No long-standing illness/disability,0.22862196718933955,0.028510026957137245,8.019002140301588,1.0660764938946461e-15,1.2568668122961753,1.188561011236934,1.3290981017520862,0.4124789711416337,1.098891290522228,226907
sens_outcome_s2,ni_b_oil_filled,sf1_good,Self-rated general health,0.030601843224261988,0.05653438904143739,0.5412960809009909,0.5883035213430203,1.0310748926933135,0.9229284899249782,1.1518936146709973,0.23487957696502268,1.007213641853797,226907
sens_outcome_s2,ni_b_oil_filled,qfhigh_band,Highest qualification band,-0.5221276931265605,0.037757832649630466,-13.828327964996967,1.7197147183809666e-43,0.5932569354532187,0.5509387237083754,0.6388256557722775,0.3680142034254286,0.8251827458365171,226907
sens_outcome_s2,ni_b_oil_filled,dvage,Age (mean of adults),0.003661029532624436,0.0011615092803710298,3.151958916294638,0.001621790902631566,1.003667739286948,1.0013854720562312,1.0059552080547929,16.694428430591305,1.0630251893110694,226907
sens_outcome_s2,ni_b_oil_filled,heatch,Has central heating,0.0048180115795340055,0.03525267822446166,0.13667079558768988,0.8912910146234976,1.004829636860071,0.9377461757893562,1.0767120412540558,,,226907
sens_outcome_s2,ni_b_oil_filled,hsbeds,Bedrooms,0.25195943887802497,0.019043863153098566,13.230479386060356,5.851296992398254e-40,1.2865438525643822,1.239408380139185,1.335471916355225,1.0147584758401333,1.2913368197478334,226907
sens_outcome_s2,ni_b_oil_filled,hsrooms,Rooms,0.12231982318688521,0.019111571553294945,6.400301662570317,1.550702674874214e-10,1.1301154811232128,1.0885666504187061,1.1732501635826378,1.0567820592536739,1.1379921010907124,226907
sens_outcome_s2,ni_b_oil_filled,ncars,Cars,-0.1800980577240471,0.01981810224099328,-9.087553163971396,1.0129287699921633e-19,0.8351883107309395,0.8033692566383148,0.8682676224136864,1.0558958990014673,0.8268228618367581,226907
sens_outcome_s2,ni_b_oil_filled,bill_security,Bill-payment security,-0.568466179187188,0.06268296443749603,-9.068910257970185,1.202132490875313e-19,0.5663935189571847,0.5009131571576578,0.640433603575187,0.1334133044287536,0.9269636270829062,226907
sens_outcome_s2,ni_b_oil_filled,lone_parent,Lone-parent household,0.40725356056382683,0.042072455736179355,9.679814344985273,3.6738251945623007e-22,1.502685079035892,1.383744267881533,1.6318495398099278,,,226907
sens_outcome_s2,ni_b_oil_filled,large_family,Large family (3+ children),0.6733887863879328,0.06192618179833455,10.874056284962865,1.5323324794060782e-27,1.9608710472597377,1.7367502601169988,2.21391374009207,,,226907
sens_outcome_s2,ni_b_oil_filled,ieqmoecd_dv,OECD equivalence scale,-1.261472338585903,0.038818015085969035,-32.49708507228306,1.1723390626966827e-231,0.2832366990305655,0.2624868613755575,0.30562683121480383,0.5884041377992932,0.47603897695524666,226907
sens_outcome_s2,ni_b_oil_filled,workless_household,Workless household,0.05126567169190724,0.0450489884660211,1.137998286700159,0.2551211977511586,1.0526025028272208,0.9636484558442584,1.1497678663194955,,,226907
sens_outcome_s2,ni_b_oil_filled,finnow,Current financial difficulty (1-5),0.5065876059915276,0.012794774754712319,39.593319593606076,0.0,1.6596182499165566,1.6185170168330898,1.701763223253238,0.9324711720230103,1.6038040500819908,226907
sens_outcome_s2,ni_b_oil_filled,scghq1_dv,"Psychological distress, GHQ-12 (0-36)",-0.008888514996995837,0.0021457297075818207,-4.1424206252953235,3.4365932283879165e-05,0.991150871071491,0.98699128641185,0.9953279859208906,4.974356704410114,0.9567485749303264,226907
sens_outcome_s2,ni_b_oil_filled,finfut_risk,Financial expectations: worse off (0-1),-0.21558689629537894,0.036317171728128594,-5.936224822496332,2.9165979076984287e-09,0.806068222872342,0.7506864345984522,0.8655357949449687,0.2779566228973431,0.9418362934685068,226907
sens_outcome_s2,ni_b_oil_filled,fes_delta_growth3,FES Delta (growth-only),-0.027512043468007872,0.0048155268081685985,-5.713194955397004,1.1087453349145967e-08,0.9728629658388941,0.9637240287581194,0.9820885669110958,2.472574865429257,0.9342365687962554,226907
sens_outcome_s2,ni_b_oil_filled,oil,Uses heating oil,0.7079614939624442,0.050648213823819746,13.978015027836806,2.1232771674433344e-44,2.0298491784477806,1.8380271935085388,2.2416902762902393,,,226907
sens_outcome_s2,ni_b_oil_filled,region_Northern Ireland,Northern Ireland (vs South East),0.24123097282040312,0.074086582933634,3.2560682821138522,0.0011296658058233913,1.2728149870268985,1.1007854148663814,1.4717291574915483,,,226907
sens_outcome_s2,ni_b_oil_rural_filled,tenure_security,Tenure security,0.7022355720301038,0.06967914400088591,10.078131442331946,6.902627250781927e-24,2.0182596325996713,1.7606216542281359,2.3135986853275092,0.24019723339231625,1.183735411641485,226907
sens_outcome_s2,ni_b_oil_rural_filled,jbstat_security,Employment-status security,-1.7119295512188186,0.06368020267902123,-26.883230253643582,3.449821139847297e-159,0.1805171392869388,0.15933594326034223,0.20451404064616116,0.264244577941475,0.6361199697633512,226907
sens_outcome_s2,ni_b_oil_rural_filled,health_good,No long-standing illness/disability,0.22969489566937243,0.02848692366062592,8.063169558278851,7.434129703972347e-16,1.2582160641906528,1.189890815536745,1.3304646472737893,0.4124789711416337,1.099377723960544,226907
sens_outcome_s2,ni_b_oil_rural_filled,sf1_good,Self-rated general health,0.023492158847235083,0.05648030367544113,0.4159354202879399,0.6774572599130051,1.0237702731760485,0.9164871778054836,1.1436118230793317,0.23487957696502268,1.005533079585147,226907
sens_outcome_s2,ni_b_oil_rural_filled,qfhigh_band,Highest qualification band,-0.5233945122481055,0.03772869169510533,-13.872585789027168,9.286757820937472e-44,0.5925058620609104,0.5502726539403582,0.6379804521679772,0.3680142034254286,0.824798129171923,226907
sens_outcome_s2,ni_b_oil_rural_filled,dvage,Age (mean of adults),0.003269607897851812,0.0011584709594371725,2.822347743132298,0.004767345309489852,1.003274958896054,1.000999545753446,1.005555544373646,16.694428430591305,1.0561014334206753,226907
sens_outcome_s2,ni_b_oil_rural_filled,heatch,Has central heating,0.0029568206726473707,0.03520544978068086,0.0839875840549533,0.9330663033773142,1.0029611963785554,0.936089120378971,1.0746104612708853,,,226907
sens_outcome_s2,ni_b_oil_rural_filled,hsbeds,Bedrooms,0.2511523415958954,0.01904052296230845,13.190411948929263,9.963926856847544e-40,1.2855059054361337,1.2384165680323942,1.3343857596614033,1.0147584758401333,1.2902796364988256,226907
sens_outcome_s2,ni_b_oil_rural_filled,hsrooms,Rooms,0.1201074322933746,0.01902217027645528,6.3140761830966134,2.7178003938612113e-10,1.1276179876587604,1.0863513149673096,1.1704522363742476,1.0567820592536739,1.1353345663721666,226907
sens_outcome_s2,ni_b_oil_rural_filled,ncars,Cars,-0.19118527735182178,0.020084520387073014,-9.519036236228684,1.747925398578471e-21,0.8259795386717464,0.7940965592704053,0.8591426197982989,1.0558958990014673,0.8171997268373992,226907
sens_outcome_s2,ni_b_oil_rural_filled,bill_security,Bill-payment security,-0.5704900534893327,0.062649278043762,-9.106091423604784,8.540336233479748e-20,0.5652483688800568,0.49993340365916805,0.6390965600278019,0.1334133044287536,0.926713369791713,226907
sens_outcome_s2,ni_b_oil_rural_filled,lone_parent,Lone-parent household,0.4018709247931258,0.04207546590627152,9.551193697732181,1.2821038764015368e-21,1.494618402045588,1.3763079660209472,1.623099061318161,,,226907
sens_outcome_s2,ni_b_oil_rural_filled,large_family,Large family (3+ children),0.6739251388286226,0.0619633826173903,10.876183809879393,1.4969976359155147e-27,1.9619230473279963,1.737555326497374,2.215263010586263,,,226907
sens_outcome_s2,ni_b_oil_rural_filled,ieqmoecd_dv,OECD equivalence scale,-1.257766424974836,0.03880813757583746,-32.40986307361322,1.9932276406038123e-230,0.2842882971309776,0.2634665202546016,0.3067556204390999,0.5884041377992932,0.47707814818487065,226907
sens_outcome_s2,ni_b_oil_rural_filled,workless_household,Workless household,0.05041383426871269,0.045064600987630155,1.1187014455659077,0.26326752829642186,1.051706238413545,0.9627984714873824,1.1488240215101584,,,226907
sens_outcome_s2,ni_b_oil_rural_filled,finnow,Current financial difficulty (1-5),0.5064830430759536,0.012784725040634116,39.61626405465755,0.0,1.6594447244659272,1.6183796658585443,1.7015517753041831,0.9324711720230103,1.6036476837558975,226907
sens_outcome_s2,ni_b_oil_rural_filled,scghq1_dv,"Psychological distress, GHQ-12 (0-36)",-0.008854110763983444,0.002145889834959173,-4.126078897312964,3.6900072127299964e-05,0.9911849714436051,0.9870249339023864,0.9953625423943151,4.974356704410114,0.9569123258666679,226907
sens_outcome_s2,ni_b_oil_rural_filled,finfut_risk,Financial expectations: worse off (0-1),-0.21610218730949382,0.036331962063875366,-5.947991108478086,2.714533363559833e-09,0.8056529701575169,0.7502779625031075,0.8651149850625401,0.2779566228973431,0.9417014052819189,226907
sens_outcome_s2,ni_b_oil_rural_filled,fes_delta_growth3,FES Delta (growth-only),-0.02765847619947982,0.0048193726661385295,-5.739020016819093,9.522596571514451e-09,0.9727205172872782,0.9635756551349165,0.9819521692037233,2.472574865429257,0.933898374828221,226907
sens_outcome_s2,ni_b_oil_rural_filled,oil,Uses heating oil,0.6117884350518841,0.05362948569301258,11.407687900531077,3.827685525580631e-30,1.8437258358710853,1.6597659103850553,2.0480749342959514,,,226907
sens_outcome_s2,ni_b_oil_rural_filled,rural,Rural location,0.16226581200909795,0.033117391555113916,4.899715961598468,9.59753034805877e-07,1.1761728406386494,1.1022537168409432,1.2550491143007991,,,226907
sens_outcome_s2,ni_b_oil_rural_filled,region_Northern Ireland,Northern Ireland (vs South East),0.2595199735102804,0.07389575932303119,3.511973838387712,0.00044479178138002876,1.2963076752677887,1.1215222862755312,1.4983327656721586,,,226907
sens_outcome_s2,ni_c_ni_x_oil_filled,tenure_security,Tenure security,0.6945110949192828,0.06975882453551216,9.95588872868303,2.3768954710926567e-23,2.002729689827089,1.7468013425849889,2.296154755972064,0.24019723339231625,1.1815411475351332,226907
sens_outcome_s2,ni_c_ni_x_oil_filled,jbstat_security,Employment-status security,-1.7113517054731526,0.06360938781578475,-26.90407444934533,1.9679116451828154e-159,0.1806214804915528,0.15945017074797518,0.20460385248834656,0.264244577941475,0.6362171079946967,226907
sens_outcome_s2,ni_c_ni_x_oil_filled,health_good,No long-standing illness/disability,0.228579484282346,0.02850501385679454,8.018922054579571,1.066771698421357e-15,1.2568134180744641,1.188522196545442,1.3290285805710857,0.4124789711416337,1.0988720344828538,226907
sens_outcome_s2,ni_c_ni_x_oil_filled,sf1_good,Self-rated general health,0.030682337177231282,0.056533893702373265,0.5427246412348784,0.5873194056856113,1.0311578913276331,0.9230036791721398,1.1519852204716385,0.23487957696502268,1.0072326848033293,226907
sens_outcome_s2,ni_c_ni_x_oil_filled,qfhigh_band,Highest qualification band,-0.5222902496902839,0.03776989263234256,-13.828216425562301,1.7223830001014168e-43,0.5931605054822611,0.5508361519408222,0.6387369166389979,0.3680142034254286,0.8251333823030894,226907
sens_outcome_s2,ni_c_ni_x_oil_filled,dvage,Age (mean of adults),0.0036575720082525675,0.0011617363201674334,3.148366754794604,0.0016418555592339352,1.0036642690872772,1.0013815641428363,1.0059521775845397,16.694428430591305,1.062963831787002,226907
sens_outcome_s2,ni_c_ni_x_oil_filled,heatch,Has central heating,0.0043959872432690105,0.03532848052404977,0.1244318232219598,0.9009733778524199,1.0044056637692895,0.9372112559671486,1.0764176496907,,,226907
sens_outcome_s2,ni_c_ni_x_oil_filled,hsbeds,Bedrooms,0.2518443268487133,0.01904396970707275,13.224360819854732,6.347452902788417e-40,1.2863957644142423,1.2392654587260055,1.3353184751910145,1.0147584758401333,1.2911859863318056,226907
sens_outcome_s2,ni_c_ni_x_oil_filled,hsrooms,Rooms,0.12218731292420096,0.01912244582233427,6.389732467250134,1.6617623093214755e-10,1.1299657391453393,1.0883992162316365,1.173119708835343,1.0567820592536739,1.1378327541292326,226907
sens_outcome_s2,ni_c_ni_x_oil_filled,ncars,Cars,-0.180140455906372,0.019820480989991784,-9.08860163370065,1.0032097435974007e-19,0.8351529010153246,0.8033314506134381,0.8682348581543822,1.0558958990014673,0.8267858474041514,226907
sens_outcome_s2,ni_c_ni_x_oil_filled,bill_security,Bill-payment security,-0.5686854957729511,0.06269960865029828,-9.070000722727729,1.1901622698677566e-19,0.5662693130851104,0.5007869736722945,0.6403140492861885,0.1334133044287536,0.9269365047553251,226907
sens_outcome_s2,ni_c_ni_x_oil_filled,lone_parent,Lone-parent household,0.4072613943785699,0.04207024860432523,9.680508385127522,3.648969297050283e-22,1.5026968508385274,1.3837610939179452,1.6318552642107516,,,226907
sens_outcome_s2,ni_c_ni_x_oil_filled,large_family,Large family (3+ children),0.6734337801499066,0.06192266755645539,10.87540002271271,1.5099200908461061e-27,1.960959276209761,1.7368403677490125,2.2139981050398956,,,226907
sens_outcome_s2,ni_c_ni_x_oil_filled,ieqmoecd_dv,OECD equivalence scale,-1.2612489681412313,0.03886591793101173,-32.45128470604989,5.195216058446488e-231,0.2832999728044577,0.262520851055651,0.3057238092451279,0.5884041377992932,0.47610154786659203,226907
sens_outcome_s2,ni_c_ni_x_oil_filled,workless_household,Workless household,0.05123212159177351,0.04504597007466598,1.137329743523198,0.25540046520246307,1.052567188500253,0.9636218265948645,1.1497224904320482,,,226907
sens_outcome_s2,ni_c_ni_x_oil_filled,finnow,Current financial difficulty (1-5),0.5065986442343782,0.01279301004871578,39.59964404821466,0.0,1.659636569286945,1.6185404806492916,1.701776121786952,0.9324711720230103,1.6038205578706346,226907
sens_outcome_s2,ni_c_ni_x_oil_filled,scghq1_dv,"Psychological distress, GHQ-12 (0-36)",-0.008892038426890259,0.002145602389746843,-4.144308595750315,3.408405018980877e-05,0.9911473788270344,0.9869880551147333,0.9953242305870702,4.974356704410114,0.956731806339111,226907
sens_outcome_s2,ni_c_ni_x_oil_filled,finfut_risk,Financial expectations: worse off (0-1),-0.21560194090390683,0.036318274176240235,-5.936458870750959,2.912439345729625e-09,0.8060560959827044,0.750673518873862,0.8655246435835103,0.2779566228973431,0.9418323549541596,226907
sens_outcome_s2,ni_c_ni_x_oil_filled,fes_delta_growth3,FES Delta (growth-only),-0.02750853554940335,0.0048154625963288036,-5.712542668356559,1.1130049736528695e-08,0.9728663785689774,0.9637275307173896,0.98209188840478,2.472574865429257,0.9342446720176394,226907
sens_outcome_s2,ni_c_ni_x_oil_filled,oil,Uses heating oil,0.7132058144864778,0.05623022037848227,12.683674538103032,7.283556494226898e-37,2.0405223203818075,1.827587164800992,2.278266897562584,,,226907
sens_outcome_s2,ni_c_ni_x_oil_filled,ni_x_oil,Northern Ireland x heating oil,-0.03111049598238251,0.12378022367416132,-0.2513365629737242,0.8015539090325448,0.9693684558383042,0.7605485905822432,1.2355229038751667,,,226907
sens_outcome_s2,ni_c_ni_x_oil_filled,region_Northern Ireland,Northern Ireland (vs South East),0.2621869518207921,0.1069599088470986,2.451263792638359,0.014235558423890775,1.2997695139939371,1.053954607907956,1.6029160808560876,,,226907
sens_outcome_s2,ni_c_ni_x_oil_rural_filled,tenure_security,Tenure security,0.7020823869405722,0.06975615783424097,10.06480873859058,7.904081300364333e-24,2.0179504889958535,1.7600862787852058,2.3135935011374236,0.24019723339231625,1.183691857330717,226907
sens_outcome_s2,ni_c_ni_x_oil_rural_filled,jbstat_security,Employment-status security,-1.7119817530949943,0.06367206712882831,-26.887485051036982,3.076439169447187e-159,0.1805077161995397,0.15933016640290573,0.2045001040492188,0.264244577941475,0.6361111951450984,226907
sens_outcome_s2,ni_c_ni_x_oil_rural_filled,health_good,No long-standing illness/disability,0.22970669637288088,0.02848162331397915,8.065084417436905,7.318527854761557e-16,1.2582309121129835,1.1899172185454892,1.3304665261772148,0.4124789711416337,1.099383075240859,226907
sens_outcome_s2,ni_c_ni_x_oil_rural_filled,sf1_good,Self-rated general health,0.02346611671708392,0.05647965925847922,0.4154790773381123,0.6777912285180266,1.0237436123645032,0.9164644683629777,1.1435805969970543,0.23487957696502268,1.0055269289948996,226907
sens_outcome_s2,ni_c_ni_x_oil_rural_filled,qfhigh_band,Highest qualification band,-0.5233523896889015,0.037742229345481555,-13.86649381249538,1.0109920688001845e-43,0.5925308204498156,0.5502812323463117,0.6380242547722879,0.3680142034254286,0.8248109150442422,226907
sens_outcome_s2,ni_c_ni_x_oil_rural_filled,dvage,Age (mean of adults),0.0032701458876484694,0.0011586242413910838,2.8224386913588315,0.004765993360403627,1.0032754986478902,1.0009997835536166,1.0055563874487676,16.694428430591305,1.0561109187666462,226907
sens_outcome_s2,ni_c_ni_x_oil_rural_filled,heatch,Has central heating,0.003065579759024449,0.03527770184049704,0.08689851093149487,0.9307521831487925,1.0030702834539431,0.9360583681579447,1.0748795457364066,,,226907
sens_outcome_s2,ni_c_ni_x_oil_rural_filled,hsbeds,Bedrooms,0.2511813957386354,0.019043672508293235,13.189756105564705,1.0050989147959323e-39,1.2855432552507844,1.2384449047469355,1.3344327670825864,1.0147584758401333,1.290317678293629,226907
sens_outcome_s2,ni_c_ni_x_oil_rural_filled,hsrooms,Rooms,0.12013975118711114,0.01904894705479647,6.306897218072759,2.846847431262667e-10,1.12765443161359,1.0863294114912998,1.1705514954180658,1.0567820592536739,1.1353733432818764,226907
sens_outcome_s2,ni_c_ni_x_oil_rural_filled,ncars,Cars,-0.19118447761407095,0.020085521546690452,-9.518521944757415,1.756596135565363e-21,0.8259801992390291,0.7940956361344523,0.8591449927316213,1.0558958990014673,0.8172004169136737,226907
sens_outcome_s2,ni_c_ni_x_oil_rural_filled,bill_security,Bill-payment security,-0.5704343119117934,0.06266890440557522,-9.10235015790456,8.839791227941987e-20,0.5652798775940042,0.49994203989095437,0.639156771217699,0.1334133044287536,0.9267202614770506,226907
sens_outcome_s2,ni_c_ni_x_oil_rural_filled,lone_parent,Lone-parent household,0.4018635524660536,0.04207475179531364,9.55118058499905,1.282266183701046e-21,1.4946073832704971,1.3762997457773567,1.6230848236224635,,,226907
sens_outcome_s2,ni_c_ni_x_oil_rural_filled,large_family,Large family (3+ children),0.6739122083595567,0.061963605186634185,10.87593606488414,1.5010703566881606e-27,1.9618976789067362,1.7375321012774296,2.215235332728432,,,226907
sens_outcome_s2,ni_c_ni_x_oil_rural_filled,ieqmoecd_dv,OECD equivalence scale,-1.257821155573706,0.03885245940143664,-32.37429946396639,6.314385332428245e-230,0.2842727382880001,0.26342921609428516,0.3067654792885022,0.5884041377992932,0.4770627847455199,226907
sens_outcome_s2,ni_c_ni_x_oil_rural_filled,workless_household,Workless household,0.050422971600410024,0.04506376155545204,1.1189250488635607,0.2631721157011184,1.0517158482461975,0.9628088530031111,1.1488326286179718,,,226907
sens_outcome_s2,ni_c_ni_x_oil_rural_filled,finnow,Current financial difficulty (1-5),0.5064800534691766,0.012783777981650401,39.61896508185363,0.0,1.6594397633861486,1.618377831579529,1.7015435299304855,0.9324711720230103,1.6036432132379836,226907
sens_outcome_s2,ni_c_ni_x_oil_rural_filled,scghq1_dv,"Psychological distress, GHQ-12 (0-36)",-0.00885317178691396,0.002145765314045289,-4.125880742392829,3.693186233680935e-05,0.9911859021440018,0.9870261015867143,0.9953632340924538,4.974356704410114,0.9569167954297821,226907
sens_outcome_s2,ni_c_ni_x_oil_rural_filled,finfut_risk,Financial expectations: worse off (0-1),-0.21609902940720607,0.03633326216165784,-5.9476913591109755,2.719507532678401e-09,0.8056555143348917,0.75027841999083,0.8651199214634908,0.2779566228973431,0.9417022318699709,226907
sens_outcome_s2,ni_c_ni_x_oil_rural_filled,fes_delta_growth3,FES Delta (growth-only),-0.02765949993980844,0.004819235759633853,-5.739395480811651,9.501510152692696e-09,0.9727195214745659,0.9635749272419413,0.9819509004514954,2.472574865429257,0.9338960108779728,226907
sens_outcome_s2,ni_c_ni_x_oil_rural_filled,oil,Uses heating oil,0.6103486898938003,0.0596322270735448,10.235215417010226,1.3788797324085378e-24,1.8410732505077272,1.637992935453684,2.0693317048991213,,,226907
sens_outcome_s2,ni_c_ni_x_oil_rural_filled,ni_x_oil,Northern Ireland x heating oil,0.00807051595338018,0.12424909197183037,0.06495432542243383,0.9482103664458205,1.008103170354099,0.7902126208445948,1.286074121407697,,,226907
sens_outcome_s2,ni_c_ni_x_oil_rural_filled,rural,Rural location,0.1623970959395021,0.033184143148578156,4.8938161582894555,9.889923034074374e-07,1.1763272633683926,1.1022542163949003,1.2553781241767759,,,226907
sens_outcome_s2,ni_c_ni_x_oil_rural_filled,region_Northern Ireland,Northern Ireland (vs South East),0.2541103499662704,0.10721973669771379,2.369996026782714,0.017788276417620166,1.2893140721824075,1.0449442425762248,1.5908320358120176,,,226907
