spec,model,term,label,coef,se,z,p,OR,OR_ci_low,OR_ci_high,sd_in_sample,OR_per_sd,n
primary,ni_a_regionFE_filled,region_East Midlands,region_East Midlands,0.31561297096537716,0.060391689042934335,5.226099418100363,1.7312329737736684e-07,1.3710994976083553,1.2180453910627282,1.5433856949302063,,,221778
primary,ni_a_regionFE_filled,region_East of England,region_East of England,0.07871481013579229,0.06209475700544301,1.2676563035570367,0.20492071573780324,1.081895732372077,0.9579222363448758,1.221913774745599,,,221778
primary,ni_a_regionFE_filled,region_London,region_London,0.06305442512626559,0.05886339335107442,1.0711992893477094,0.28407983108882884,1.0650848050288906,0.9490292054712941,1.1953326993135858,,,221778
primary,ni_a_regionFE_filled,region_North East,region_North East,0.1570421907826921,0.07514053866624727,2.089979571216923,0.03661963485077616,1.1700449779729574,1.0098173179915264,1.355695952216999,,,221778
primary,ni_a_regionFE_filled,region_North West,region_North West,0.271497572053658,0.05718156766843968,4.747991059425013,2.054471158308861e-06,1.3119276865625913,1.172834840527898,1.4675163077477933,,,221778
primary,ni_a_regionFE_filled,region_Northern Ireland,Northern Ireland (vs South East),0.9255205866047242,0.06573586326479476,14.079385903499535,5.084973471217053e-45,2.5231814529789562,2.218165853124718,2.8701391447752305,,,221778
primary,ni_a_regionFE_filled,region_Scotland,region_Scotland,0.43510631985886994,0.06145653216865667,7.0799035432848205,1.4425483345045504e-12,1.5451273279380984,1.3697849136701088,1.7429148443053302,,,221778
primary,ni_a_regionFE_filled,region_South West,region_South West,0.06924126990929864,0.0633853598026208,1.0923858462729072,0.27466354149418903,1.071694745652632,0.9464929541683568,1.2134581908944309,,,221778
primary,ni_a_regionFE_filled,region_Wales,region_Wales,0.29133010765764616,0.06707907631228477,4.343084664752492,1.4049595802857047e-05,1.3382062631801621,1.1733436974646574,1.526233111989383,,,221778
primary,ni_a_regionFE_filled,region_West Midlands,region_West Midlands,0.4199678465777647,0.06018760799230206,6.977646405743159,3.00165957100155e-12,1.521912620132836,1.3525643411168122,1.7124642081034704,,,221778
primary,ni_a_regionFE_filled,region_Yorkshire and the Humber,region_Yorkshire and the Humber,0.30560174362733494,0.05943012149125804,5.142202909214781,2.7153561845018144e-07,1.357441589119571,1.2081869481095673,1.5251345586497442,,,221778
primary,ni_b_oil_filled,region_East Midlands,region_East Midlands,0.3007014869282097,0.0600417566922083,5.00820601351979,5.493971204503944e-07,1.35080604808402,1.2008405936170718,1.5194997481257924,,,221778
primary,ni_b_oil_filled,region_East of England,region_East of England,0.02870646308543431,0.06176372924288217,0.4647786562975798,0.6420899739852981,1.0291224647011807,0.9117875899587936,1.161556769379255,,,221778
primary,ni_b_oil_filled,region_London,region_London,0.06323481808095943,0.05896293511977561,1.072450310563849,0.28351782093006295,1.0652769561547029,0.9490152497891846,1.195781620544367,,,221778
primary,ni_b_oil_filled,region_North East,region_North East,0.15868926180891774,0.07514481027470954,2.111779392732403,0.034705375618648074,1.1719737131014016,1.0114734610357161,1.3579420885588476,,,221778
primary,ni_b_oil_filled,region_North West,region_North West,0.2814207634226244,0.056955040531063233,4.941103733727267,7.768156289948492e-07,1.325011002825065,1.1850570717523983,1.4814933385539972,,,221778
primary,ni_b_oil_filled,region_Northern Ireland,Northern Ireland (vs South East),0.38261170351082896,0.076067319666851,5.029909101392532,4.90712418050108e-07,1.4661086346928454,1.2630412416585561,1.7018244993317462,,,221778
primary,ni_b_oil_filled,region_Scotland,region_Scotland,0.38884132149529044,0.05993391752285298,6.487834227539424,8.707901269017315e-11,1.4752704390519418,1.3117642694428915,1.6591569987379209,,,221778
primary,ni_b_oil_filled,region_South West,region_South West,0.0070391398955355795,0.06230772675528251,0.11297378771628504,0.9100513365192212,1.0070639728741781,0.891293268341421,1.1378722149987448,,,221778
primary,ni_b_oil_filled,region_Wales,region_Wales,0.23038538452395801,0.06518372554249349,3.534400383018442,0.0004087014624397755,1.2590851483715775,1.1080787170633042,1.4306703905037728,,,221778
primary,ni_b_oil_filled,region_West Midlands,region_West Midlands,0.4083784636872091,0.06008932963172539,6.796189376551096,1.0742255391690788e-11,1.5043764052854984,1.3372369957411188,1.692406339330632,,,221778
primary,ni_b_oil_filled,region_Yorkshire and the Humber,region_Yorkshire and the Humber,0.30588920294530136,0.05948856229550852,5.141983452647611,2.7185306595228583e-07,1.357831854442973,1.2083958827751216,1.525747787807674,,,221778
primary,ni_b_oil_rural_filled,region_East Midlands,region_East Midlands,0.2884285379825025,0.06033307906580584,4.78060364974761,1.7476962330901717e-06,1.3343289922739359,1.185515707284107,1.5018222438415143,,,221778
primary,ni_b_oil_rural_filled,region_East of England,region_East of England,0.014793249361904072,0.06170699631395357,0.2397337456945531,0.8105366723822696,1.0149032110362983,0.8992895277611054,1.1453803207696358,,,221778
primary,ni_b_oil_rural_filled,region_London,region_London,0.08866465048335224,0.05938638346305423,1.4930131338695303,0.13543374897411148,1.0927141537132459,0.9726504391146056,1.2275985016900461,,,221778
primary,ni_b_oil_rural_filled,region_North East,region_North East,0.15675683598501994,0.07488642393083889,2.0932610713230506,0.03632585569223167,1.169711147657307,1.0100321299204178,1.354634301645017,,,221778
primary,ni_b_oil_rural_filled,region_North West,region_North West,0.2957825160776498,0.057052170111797446,5.184421828267789,2.166860047185049e-07,1.3441777879827765,1.2019705288906994,1.5032098394074451,,,221778
primary,ni_b_oil_rural_filled,region_Northern Ireland,Northern Ireland (vs South East),0.39989018942189036,0.07588205810960622,5.2698911888272395,1.3650465527475045e-07,1.4916608885029368,1.285521006180659,1.7308563575325007,,,221778
primary,ni_b_oil_rural_filled,region_Scotland,region_Scotland,0.3627402584776403,0.059712105501236866,6.074819426190332,1.2412731896507147e-09,1.4372624940058578,1.278524504611547,1.615708943571297,,,221778
primary,ni_b_oil_rural_filled,region_South West,region_South West,-0.009565012536668964,0.062027475995353874,-0.15420605760881556,0.8774472660418314,0.9904805866941953,0.8770979269637204,1.1185202500868034,,,221778
primary,ni_b_oil_rural_filled,region_Wales,region_Wales,0.21206730179268893,0.06496098613480504,3.2645332900675705,0.0010964457752617716,1.236231082846846,1.0884406858504299,1.4040887207396209,,,221778
primary,ni_b_oil_rural_filled,region_West Midlands,region_West Midlands,0.4163564032864881,0.06022531314999957,6.913312384935122,4.734657370463728e-12,1.5164262318640287,1.3475888500099018,1.7064169955609534,,,221778
primary,ni_b_oil_rural_filled,region_Yorkshire and the Humber,region_Yorkshire and the Humber,0.3042057734616613,0.059362699140155774,5.124527318803836,2.9828510063490013e-07,1.3555479631896812,1.2066609759825264,1.5228057566140287,,,221778
primary,ni_c_ni_x_oil_filled,region_East Midlands,region_East Midlands,0.300508645248381,0.06004487410106395,5.0047343715399055,5.593911420166244e-07,1.3505455814917995,1.200601708116984,1.5192160358889804,,,221778
primary,ni_c_ni_x_oil_filled,region_East of England,region_East of England,0.027959668366574705,0.061824790114534414,0.4522404089812131,0.6510958003016498,1.0283542083800687,0.9109978938729385,1.1608285650334274,,,221778
primary,ni_c_ni_x_oil_filled,region_London,region_London,0.06362869077347774,0.058960958908059254,1.0791664849395872,0.28051351733656227,1.065696622299793,0.9493927918831745,1.1962480655961623,,,221778
primary,ni_c_ni_x_oil_filled,region_North East,region_North East,0.15896148447968947,0.07514199775177108,2.115481212048861,0.034388954561961074,1.1722927943442598,1.0117544217476884,1.3583043139041395,,,221778
primary,ni_c_ni_x_oil_filled,region_North West,region_North West,0.28170944033777506,0.05695721661323695,4.945983267593616,7.576046683560636e-07,1.325393558128687,1.1853941639873953,1.481927393686494,,,221778
primary,ni_c_ni_x_oil_filled,region_Northern Ireland,Northern Ireland (vs South East),0.4222572863025311,0.11338538477430497,3.724089194943771,0.00019602161871907435,1.525400938967169,1.2214345343087907,1.9050124744660861,,,221778
primary,ni_c_ni_x_oil_filled,region_Scotland,region_Scotland,0.38833134415774484,0.059938108114318406,6.4788722296187675,9.241071432506186e-11,1.474518276370537,1.31108470142581,1.6583247024286707,,,221778
primary,ni_c_ni_x_oil_filled,region_South West,region_South West,0.006109559865561236,0.06232220994450957,0.09803182318151207,0.9219070238193413,1.0061282612928681,0.890439848035196,1.1368472338764843,,,221778
primary,ni_c_ni_x_oil_filled,region_Wales,region_Wales,0.22948672881739107,0.06523053780550518,3.5180873335988863,0.00043466928555036975,1.2579541725729804,1.1069818124714226,1.4295164405283518,,,221778
primary,ni_c_ni_x_oil_filled,region_West Midlands,region_West Midlands,0.4082687376293095,0.06009706310966432,6.79348900767923,1.0945358149457936e-11,1.5042113450488195,1.3370700074709012,1.692246298197532,,,221778
primary,ni_c_ni_x_oil_filled,region_Yorkshire and the Humber,region_Yorkshire and the Humber,0.3060370272570555,0.0594900481366284,5.144339882768167,2.68463109969151e-07,1.3580325898387542,1.2085710066687534,1.5259777910340266,,,221778
primary,ni_c_ni_x_oil_rural_filled,region_East Midlands,region_East Midlands,0.2883884637548367,0.06033385016232796,4.779878343234002,1.7540129952217722e-06,1.3342755211415327,1.1854664079875554,1.5017643303277788,,,221778
primary,ni_c_ni_x_oil_rural_filled,region_East of England,region_East of England,0.014577686330008294,0.06176169185977891,0.2360312013975402,0.8134084588651951,1.0146844590013198,0.8989993160150771,1.1452562120987573,,,221778
primary,ni_c_ni_x_oil_rural_filled,region_London,region_London,0.08874933293394849,0.0593836373874528,1.4945081985277713,0.13504284066355082,1.092806691343685,0.9727380444905955,1.2276958544074685,,,221778
primary,ni_c_ni_x_oil_rural_filled,region_North East,region_North East,0.156848915533098,0.07488823296997474,2.0944400650497936,0.03622079687871138,1.169818859090099,1.0101215559590546,1.3547638450142452,,,221778
primary,ni_c_ni_x_oil_rural_filled,region_North West,region_North West,0.29585137504835496,0.05705455866061516,5.185411683020897,2.1553821016687026e-07,1.3442703498685233,1.202047670830938,1.50332039018592,,,221778
primary,ni_c_ni_x_oil_rural_filled,region_Northern Ireland,Northern Ireland (vs South East),0.41262968386453674,0.11363968863791465,3.631034973875028,0.0002822869239226746,1.5107854541002723,1.2091286629279823,1.8877004228762664,,,221778
primary,ni_c_ni_x_oil_rural_filled,region_Scotland,region_Scotland,0.3626229375925062,0.05971936206150305,6.072116731907693,1.2623511362920465e-09,1.4370938829888813,1.2783563341076156,1.6155423753313234,,,221778
primary,ni_c_ni_x_oil_rural_filled,region_South West,region_South West,-0.009834462554591458,0.0620374104957693,-0.15852471075113828,0.8740433504842232,0.990213737635215,0.8768445513117227,1.1182406787322574,,,221778
primary,ni_c_ni_x_oil_rural_filled,region_Wales,region_Wales,0.21180946087756738,0.06500819661885912,3.2581962259220814,0.0011212284696087136,1.2359123729831303,1.0880593937686878,1.4038566299235693,,,221778
primary,ni_c_ni_x_oil_rural_filled,region_West Midlands,region_West Midlands,0.4163060249471225,0.06022995176335803,6.911943522431803,4.780581969872355e-12,1.5163498387529921,1.3475087114800213,1.70634654447673,,,221778
primary,ni_c_ni_x_oil_rural_filled,region_Yorkshire and the Humber,region_Yorkshire and the Humber,0.30425725857362523,0.05936197283190047,5.12545732661568,2.9681639033471006e-07,1.3556177555249562,1.2067248204747045,1.5228819925752428,,,221778
primary,ni_b_oil_observed_only,region_East Midlands,region_East Midlands,0.3009681535917195,0.06003894582913774,5.012882045734645,5.362076955682376e-07,1.3511663110588394,1.2011674779140182,1.5198966286623319,,,221611
primary,ni_b_oil_observed_only,region_East of England,region_East of England,0.028890590382693856,0.06176120789040995,0.46777890798311084,0.6399427054562505,1.0293119716853243,0.9119599970767946,1.1617649222014204,,,221611
primary,ni_b_oil_observed_only,region_London,region_London,0.06307768584672357,0.05895835827345449,1.0698684239843188,0.2846785378600858,1.0651095799569446,0.9488746524160953,1.1955830144976645,,,221611
primary,ni_b_oil_observed_only,region_North East,region_North East,0.1589268646373482,0.07513839982897133,2.115121761963186,0.03441957090030807,1.17225221045505,1.0117265300425085,1.3582477123131422,,,221611
primary,ni_b_oil_observed_only,region_North West,region_North West,0.28162891770077125,0.05695011045993427,4.945186504930552,7.607099873938862e-07,1.3252868382410599,1.1853152254901205,1.4817874315996664,,,221611
primary,ni_b_oil_observed_only,region_Northern Ireland,Northern Ireland (vs South East),0.3831847637543212,0.07628838490554016,5.022845407315653,5.091152332655891e-07,1.466949044043623,1.2632178023290679,1.7035379756783384,,,221611
primary,ni_b_oil_observed_only,region_Scotland,region_Scotland,0.38902414680842684,0.059928049668998395,6.491520230628736,8.497449737027944e-11,1.4755401804889523,1.312019204240842,1.6594412773837013,,,221611
primary,ni_b_oil_observed_only,region_South West,region_South West,0.0072144988550217,0.06230007644820912,0.11580240773892482,0.9078091422561759,1.007240586049496,0.8914629450924307,1.1380547040910836,,,221611
primary,ni_b_oil_observed_only,region_Wales,region_Wales,0.23078372094280983,0.0651821323261852,3.540597901705934,0.00039922149139372465,1.2595867877445919,1.1085236546156167,1.431235922891409,,,221611
primary,ni_b_oil_observed_only,region_West Midlands,region_West Midlands,0.4086039558894168,0.06008493142440995,6.800439747584007,1.0430028656853088e-11,1.5047156686832635,1.3375500963265468,1.6927734144681716,,,221611
primary,ni_b_oil_observed_only,region_Yorkshire and the Humber,region_Yorkshire and the Humber,0.30608810542783466,0.05948377007896767,5.145741519434417,2.6646612209277355e-07,1.3581019574308715,1.2086476118772653,1.5260369595342915,,,221611
primary,ni_b_oil_rural_observed_only,region_East Midlands,region_East Midlands,0.2886846929306059,0.060330884561344035,4.785023376162722,1.7096743350796834e-06,1.3346708310276796,1.1858245222937518,1.5022005311126825,,,221611
primary,ni_b_oil_rural_observed_only,region_East of England,region_East of England,0.014964562714961724,0.06170422315608684,0.24252088349135206,0.8083765770812698,1.0150770924020847,0.8994484900122087,1.1455703299979796,,,221611
primary,ni_b_oil_rural_observed_only,region_London,region_London,0.08855257348339511,0.05938193251716611,1.4912376497311934,0.1358991121549168,1.0925916924517607,0.9725499176705314,1.2274502158962795,,,221611
primary,ni_b_oil_rural_observed_only,region_North East,region_North East,0.1570057510053959,0.07488024345321799,2.096758020070894,0.036015001503158284,1.1700023425713506,1.0102958115392193,1.3549551190723785,,,221611
primary,ni_b_oil_rural_observed_only,region_North West,region_North West,0.2960127170680015,0.05704767889866142,5.188865222612014,2.1157945711888526e-07,1.34448725465918,1.2022578385144755,1.503542684466527,,,221611
primary,ni_b_oil_rural_observed_only,region_Northern Ireland,Northern Ireland (vs South East),0.4012043502451939,0.07611194771731626,5.271240091441199,1.3550507365181715e-07,1.493622459431789,1.2866316429411153,1.733913559143802,,,221611
primary,ni_b_oil_rural_observed_only,region_Scotland,region_Scotland,0.3629066813420609,0.05970630271255919,6.07819718948572,1.2154123795846402e-09,1.437501707251759,1.2787518415185868,1.6159594780311304,,,221611
primary,ni_b_oil_rural_observed_only,region_South West,region_South West,-0.00940744292110899,0.06201942193639943,-0.15168543381065805,0.8794350463598104,0.9906366686360232,0.8772499897014072,1.1186788495492686,,,221611
primary,ni_b_oil_rural_observed_only,region_Wales,region_Wales,0.2124487194599565,0.06495931780944295,3.2704887708822805,0.0010736180458245982,1.2367026931572038,1.08885947595036,1.4046197742159396,,,221611
primary,ni_b_oil_rural_observed_only,region_West Midlands,region_West Midlands,0.41659039877899945,0.06022120143053939,6.91767000463292,4.591322514197713e-12,1.5167811102853672,1.3479150791863073,1.7068025812926761,,,221611
primary,ni_b_oil_rural_observed_only,region_Yorkshire and the Humber,region_Yorkshire and the Humber,0.3044085578964451,0.059358146983776255,5.128336603560855,2.92313448626916e-07,1.3558228750902042,1.2069164609941925,1.5231009999678122,,,221611
primary,ni_c_ni_x_oil_observed_only,region_East Midlands,region_East Midlands,0.300759977414919,0.06004220961553999,5.009142390673726,5.467311330052583e-07,1.3508850596979136,1.2009097673578257,1.5195899759646867,,,221611
primary,ni_c_ni_x_oil_observed_only,region_East of England,region_East of England,0.028085886632702256,0.061822080771908754,0.45430186564448605,0.6496115734534782,1.0284840136569415,0.9111177239216492,1.160968927039394,,,221611
primary,ni_c_ni_x_oil_observed_only,region_London,region_London,0.06349857245046926,0.058956716651955315,1.07703712242536,0.281463681576008,1.0655579646636086,0.9492771594145734,1.1960824768587826,,,221611
primary,ni_c_ni_x_oil_observed_only,region_North East,region_North East,0.15921893161976164,0.07513522578651344,2.1190983317486882,0.03408215768745409,1.1725946366240398,1.0120283609309428,1.3586360174478225,,,221611
primary,ni_c_ni_x_oil_observed_only,region_North West,region_North West,0.2819387314413518,0.0569519006784292,4.95047097783933,7.403409742855316e-07,1.3256974939238593,1.1856783490532101,1.4822517816905247,,,221611
primary,ni_c_ni_x_oil_observed_only,region_Northern Ireland,Northern Ireland (vs South East),0.42596779509666516,0.11358024988661036,3.750368532574264,0.00017657486391663984,1.531071466330687,1.2255069510285304,1.9128245931568175,,,221611
primary,ni_c_ni_x_oil_observed_only,region_Scotland,region_Scotland,0.3884739278324023,0.05993084248819482,6.48203682284166,9.049254609933905e-11,1.474728533593999,1.311290327148819,1.6585375509671432,,,221611
primary,ni_c_ni_x_oil_observed_only,region_South West,region_South West,0.006212869858993951,0.062314285471045144,0.0997021760264075,0.9205807729334502,1.0062322097663003,0.8905456756873742,1.1369470287862142,,,221611
primary,ni_c_ni_x_oil_observed_only,region_Wales,region_Wales,0.22981468192114768,0.06522809730592753,3.5232467512165733,0.0004262942773091168,1.2583667902041773,1.107350206894789,1.4299784917448557,,,221611
primary,ni_c_ni_x_oil_observed_only,region_West Midlands,region_West Midlands,0.4084853768423606,0.060093049361280085,6.797547822653198,1.0641483110166646e-11,1.5045372515116586,1.3373702214291507,1.6925996294184538,,,221611
primary,ni_c_ni_x_oil_observed_only,region_Yorkshire and the Humber,region_Yorkshire and the Humber,0.306246683090209,0.05948548852154832,5.1482586879869485,2.629157387519161e-07,1.3583173391414596,1.2088352201205348,1.5262841147434179,,,221611
primary,ni_c_ni_x_oil_rural_observed_only,region_East Midlands,region_East Midlands,0.28863628495425303,0.06033185593068493,4.784143973390547,1.7171757163307126e-06,1.3346062238774157,1.185764862798379,1.5021306742120892,,,221611
primary,ni_c_ni_x_oil_rural_observed_only,region_East of England,region_East of England,0.014703144225418479,0.06175894067762656,0.23807312858824656,0.8118243758792142,1.0148117671637915,0.899116957874031,1.145393726316951,,,221611
primary,ni_c_ni_x_oil_rural_observed_only,region_London,region_London,0.08865322434520065,0.05937953916249095,1.4929927984554212,0.13543907200907424,1.0927016682816957,0.9726523731778977,1.227568007637215,,,221611
primary,ni_c_ni_x_oil_rural_observed_only,region_North East,region_North East,0.1571172201408316,0.07488192555426007,2.0981995184803726,0.03588752414553066,1.1701327689900598,1.0104051034496528,1.3551106307655052,,,221611
primary,ni_c_ni_x_oil_rural_observed_only,region_North West,region_North West,0.2960954012309551,0.057049793123829774,5.190122260185299,2.101560461428697e-07,1.3445984270584683,1.202352267983456,1.5036732396906696,,,221611
primary,ni_c_ni_x_oil_rural_observed_only,region_Northern Ireland,Northern Ireland (vs South East),0.41670237777420377,0.11384307068598298,3.66032271673001,0.0002518977893846156,1.5169509674200798,1.2135792601027902,1.8961598250795828,,,221611
primary,ni_c_ni_x_oil_rural_observed_only,region_Scotland,region_Scotland,0.3627648154625305,0.0597126318883026,6.075177127364139,1.2385093654708706e-09,1.4372977892725771,1.2785545826189477,1.6157502879668009,,,221611
primary,ni_c_ni_x_oil_rural_observed_only,region_South West,region_South West,-0.009734205816570082,0.0620295900993428,-0.15692842401473833,0.8753012582671537,0.9903130182111844,0.8769459067497754,1.1183356538756055,,,221611
primary,ni_c_ni_x_oil_rural_observed_only,region_Wales,region_Wales,0.212135831467071,0.0650061641317399,3.2633187067792786,0.0011011561106042177,1.2363158042633469,1.088418898128154,1.404309287995621,,,221611
primary,ni_c_ni_x_oil_rural_observed_only,region_West Midlands,region_West Midlands,0.41652877649996267,0.06022632861812849,6.916057911167194,4.64384623819855e-12,1.5166876456563327,1.347818475711585,1.7067145583325507,,,221611
primary,ni_c_ni_x_oil_rural_observed_only,region_Yorkshire and the Humber,region_Yorkshire and the Humber,0.3044709108874383,0.05935774019535505,5.129422209898486,2.9063283810886187e-07,1.3559074173374266,1.2069926805152467,1.5231947584022045,,,221611
sens_composite,ni_a_regionFE_filled,region_East Midlands,region_East Midlands,0.3207586502262385,0.05996221080597785,5.349346628731389,8.82723309699341e-08,1.3781729190292238,1.2253602429141186,1.5500426145935042,,,233873
sens_composite,ni_a_regionFE_filled,region_East of England,region_East of England,0.0728471849158107,0.06119671154560516,1.1903774414663335,0.23389807539033203,1.0755661616219718,0.9539956515328917,1.2126287642584042,,,233873
sens_composite,ni_a_regionFE_filled,region_London,region_London,0.12516069151432582,0.056883648459004184,2.200292964761721,0.027786116112971673,1.1333305550384345,1.013764661747176,1.2669983433532364,,,233873
sens_composite,ni_a_regionFE_filled,region_North East,region_North East,0.15054917688816918,0.0729642065819745,2.0633291848247373,0.03908136303196147,1.1624724704761968,1.007570472040224,1.3411888122115236,,,233873
sens_composite,ni_a_regionFE_filled,region_North West,region_North West,0.26819262591889076,0.05687706606650443,4.7153034512241225,2.413507769645574e-06,1.307598993215039,1.1696629435642532,1.4618015698152773,,,233873
sens_composite,ni_a_regionFE_filled,region_Northern Ireland,Northern Ireland (vs South East),0.8884281210074618,0.06435119380311079,13.805930682897673,2.3472137481685602e-43,2.431304928934778,2.1432044140169864,2.7581333907311056,,,233873
sens_composite,ni_a_regionFE_filled,region_Scotland,region_Scotland,0.40231455581330877,0.06111652458501216,6.582745968378737,4.618378627668682e-11,1.4952816082306128,1.326479405147404,1.6855648713703693,,,233873
sens_composite,ni_a_regionFE_filled,region_South West,region_South West,0.06309633702798365,0.06270489998155898,1.006242527243322,0.31429891951453837,1.0651294456940412,0.9419500713816288,1.2044170604716218,,,233873
sens_composite,ni_a_regionFE_filled,region_Wales,region_Wales,0.28843431460759594,0.06554669885576345,4.400439986189087,1.0803160362293651e-05,1.3343367002145385,1.1734699696225401,1.5172560658813676,,,233873
sens_composite,ni_a_regionFE_filled,region_West Midlands,region_West Midlands,0.43147990755896026,0.058730659583772694,7.34675739412568,2.0307296831528487e-13,1.5395342068023088,1.3721377566521034,1.7273524924329844,,,233873
sens_composite,ni_a_regionFE_filled,region_Yorkshire and the Humber,region_Yorkshire and the Humber,0.302873031609738,0.05925101769656736,5.111693324168583,3.192838516565199e-07,1.3537425710149324,1.2053176846106923,1.5204447524305928,,,233873
sens_composite,ni_b_oil_filled,region_East Midlands,region_East Midlands,0.3050801302731102,0.059721622050010234,5.108369796413759,3.249502079665487e-07,1.3567337140936895,1.2068671888359634,1.5252103860192419,,,233873
sens_composite,ni_b_oil_filled,region_East of England,region_East of England,0.024013890968593753,0.06107288442925382,0.3932005372435158,0.6941713729447307,1.0243045463740816,0.908748625234668,1.1545544879935046,,,233873
sens_composite,ni_b_oil_filled,region_London,region_London,0.12536265437804153,0.056907251854962426,2.202929333111166,0.027599729783502024,1.1335594688381319,1.0139225182661886,1.2673128826351239,,,233873
sens_composite,ni_b_oil_filled,region_North East,region_North East,0.15197578511200144,0.07298789487722306,2.082205348813639,0.03732371692477736,1.1641320467636809,1.0089620607733316,1.3431658879854058,,,233873
sens_composite,ni_b_oil_filled,region_North West,region_North West,0.27801221104969476,0.056648281021396345,4.907690154705456,9.215529059115811e-07,1.3205023218301197,1.1817349088775826,1.4755647555634428,,,233873
sens_composite,ni_b_oil_filled,region_Northern Ireland,Northern Ireland (vs South East),0.34747486735839883,0.07432886308508993,4.674830919458809,2.9419589903268455e-06,1.415488735196561,1.223594664387839,1.6374771954982004,,,233873
sens_composite,ni_b_oil_filled,region_Scotland,region_Scotland,0.3577460422831226,0.05949193457853061,6.013353655710931,1.817239855537475e-09,1.430102388821543,1.2727042827988984,1.6069662608625377,,,233873
sens_composite,ni_b_oil_filled,region_South West,region_South West,0.0021902961849788135,0.0614429517417889,0.035647639361198497,0.9715633217234989,1.002192696635914,0.8884866326666309,1.1304505484521143,,,233873
sens_composite,ni_b_oil_filled,region_Wales,region_Wales,0.2310332111843041,0.06394190322752145,3.6131738269070524,0.0003024717809008558,1.259901081561439,1.1114988099546026,1.428117350287147,,,233873
sens_composite,ni_b_oil_filled,region_West Midlands,region_West Midlands,0.4192180390904402,0.0585747170509491,7.156979328227886,8.247412796622126e-13,1.5207719063665117,1.355829851317835,1.7057798137028017,,,233873
sens_composite,ni_b_oil_filled,region_Yorkshire and the Humber,region_Yorkshire and the Humber,0.3026446113562698,0.059138043353647744,5.117595953360234,3.094546401660579e-07,1.3534333841073507,1.2053092539128438,1.5197609404139962,,,233873
sens_composite,ni_b_oil_rural_filled,region_East Midlands,region_East Midlands,0.2935701236200289,0.059983511114457835,4.89418038667079,9.871626334493382e-07,1.341207226418604,1.1924435464652823,1.5085299673344807,,,233873
sens_composite,ni_b_oil_rural_filled,region_East of England,region_East of England,0.010799720775327905,0.061098133398935,0.17676024085403816,0.8596967204208339,1.0108582482634947,0.8967748783069011,1.1394547536964357,,,233873
sens_composite,ni_b_oil_rural_filled,region_London,region_London,0.14902485316552352,0.057263277555593045,2.6024506372490706,0.009256013896195285,1.1607018359654702,1.0374760531133835,1.2985637094665332,,,233873
sens_composite,ni_b_oil_rural_filled,region_North East,region_North East,0.1502591329965407,0.07284784302028657,2.0626435425781477,0.03914650756118187,1.162135351328987,1.0075080292897949,1.3404941057994084,,,233873
sens_composite,ni_b_oil_rural_filled,region_North West,region_North West,0.2914582520922215,0.05671896531465773,5.1386383809244265,2.7673636503398103e-07,1.3383777578529117,1.197565951173321,1.4957464521769315,,,233873
sens_composite,ni_b_oil_rural_filled,region_Northern Ireland,Northern Ireland (vs South East),0.3653709952953849,0.07411868580238391,4.929539580201695,8.242363612042013e-07,1.4410485312158172,1.246202641215638,1.6663589055577468,,,233873
sens_composite,ni_b_oil_rural_filled,region_Scotland,region_Scotland,0.3341827071840613,0.05915488256372484,5.649283587437801,1.611178753743255e-08,1.3967983253507499,1.2438871413941095,1.5685068980743615,,,233873
sens_composite,ni_b_oil_rural_filled,region_South West,region_South West,-0.013047888963219725,0.06122544960517036,-0.21311217879758712,0.8312394655340467,0.9870368657162988,0.8754234514911371,1.1128805980963812,,,233873
sens_composite,ni_b_oil_rural_filled,region_Wales,region_Wales,0.2140872524837314,0.06393067444705236,3.3487407153985105,0.0008117972775368163,1.2387307324114407,1.092846142515252,1.4040895307448724,,,233873
sens_composite,ni_b_oil_rural_filled,region_West Midlands,region_West Midlands,0.42718103573715327,0.058671690427920406,7.280871449612578,3.3167061886070366e-13,1.5329301517454814,1.3664096899066582,1.7197439885624264,,,233873
sens_composite,ni_b_oil_rural_filled,region_Yorkshire and the Humber,region_Yorkshire and the Humber,0.30149392311454204,0.05897630412120793,5.112119648849351,3.185639413358451e-07,1.3518768999120705,1.204304824208327,1.517532036556658,,,233873
sens_composite,ni_c_ni_x_oil_filled,region_East Midlands,region_East Midlands,0.3050060088316191,0.059723897115529494,5.10693413461646,3.2742781449623274e-07,1.3566331547619286,1.2067723563493886,1.5251041399115783,,,233873
sens_composite,ni_c_ni_x_oil_filled,region_East of England,region_East of England,0.02374892601275674,0.061131991304222026,0.388486052982811,0.6976563733116243,1.0240331775183942,0.9084026284628358,1.1543823364237662,,,233873
sens_composite,ni_c_ni_x_oil_filled,region_London,region_London,0.12550630466050305,0.05690537245840748,2.2055264597773516,0.027417173157094188,1.133722316672306,1.0140719143614574,1.2674902766932135,,,233873
sens_composite,ni_c_ni_x_oil_filled,region_North East,region_North East,0.1520752441909677,0.0729891932070999,2.0835309654604437,0.03720285218880751,1.1642478360228983,1.0090598484636755,1.3433029029425267,,,233873
sens_composite,ni_c_ni_x_oil_filled,region_North West,region_North West,0.2781165662224491,0.05665134550209226,4.9092667395194995,9.141756461647754e-07,1.3206401302684236,1.1818511369224523,1.4757276100076537,,,233873
sens_composite,ni_c_ni_x_oil_filled,region_Northern Ireland,Northern Ireland (vs South East),0.36119609251167184,0.11033413283662193,3.2736568750353583,0.0010616544177139938,1.4350448348360159,1.1559761816008862,1.7814845243070443,,,233873
sens_composite,ni_c_ni_x_oil_filled,region_Scotland,region_Scotland,0.3575679260930096,0.05949771115037092,6.009776160789009,1.857796503529772e-09,1.4298476871164965,1.2724632070001405,1.606698250373984,,,233873
sens_composite,ni_c_ni_x_oil_filled,region_South West,region_South West,0.0018585745396694265,0.06144901296836466,0.030245799727104856,0.9758710223232671,1.0018603027598387,0.888181399830356,1.1300890408623152,,,233873
sens_composite,ni_c_ni_x_oil_filled,region_Wales,region_Wales,0.23072401065235723,0.06397967403587575,3.606207973535186,0.0003107041527866297,1.2595115796970149,1.1110729319244044,1.4277815378359016,,,233873
sens_composite,ni_c_ni_x_oil_filled,region_West Midlands,region_West Midlands,0.41917644329345144,0.058578119627731205,7.155853515909223,8.315390131651439e-13,1.5207086499626377,1.3557644141421672,1.705720237195052,,,233873
sens_composite,ni_c_ni_x_oil_filled,region_Yorkshire and the Humber,region_Yorkshire and the Humber,0.30269507568131626,0.05913819781648043,5.118435915491531,3.080798818802991e-07,1.3535016859329634,1.2053697156499916,1.5198380961773976,,,233873
sens_composite,ni_c_ni_x_oil_rural_filled,region_East Midlands,region_East Midlands,0.29361175547188545,0.05998183678032559,4.895011077223161,9.830019130071843e-07,1.341263064521477,1.1924971044650825,1.5085878208958112,,,233873
sens_composite,ni_c_ni_x_oil_rural_filled,region_East of England,region_East of England,0.010998284889996457,0.06114690578431198,0.17986658112826714,0.857257311670806,1.0110589883658474,0.8968672257605032,1.1397899807171086,,,233873
sens_composite,ni_c_ni_x_oil_rural_filled,region_London,region_London,0.1489436315130753,0.05726069586158761,2.6011495192637306,0.009291194904257128,1.1606075656727997,1.0373970402600066,1.2984516720419177,,,233873
sens_composite,ni_c_ni_x_oil_rural_filled,region_North East,region_North East,0.1501718468116674,0.07285170358486501,2.0613361036469393,0.03927098610372132,1.162033917394818,1.0074124689122987,1.3403872463817008,,,233873
sens_composite,ni_c_ni_x_oil_rural_filled,region_North West,region_North West,0.2913933947102204,0.056722019524116006,5.137218264704613,2.788350403159338e-07,1.3382909569902777,1.1974811143879691,1.4956583983183254,,,233873
sens_composite,ni_c_ni_x_oil_rural_filled,region_Northern Ireland,Northern Ireland (vs South East),0.3539009135155766,0.11052268379763375,3.2020658687909416,0.0013644579438566275,1.424614019491282,1.147149802992459,1.7691892543039107,,,233873
sens_composite,ni_c_ni_x_oil_rural_filled,region_Scotland,region_Scotland,0.3342897505930069,0.05916451347308691,5.65017323678442,1.6028622082854522e-08,1.3969478514078517,1.243996816242256,1.568704416340713,,,233873
sens_composite,ni_c_ni_x_oil_rural_filled,region_South West,region_South West,-0.012797080185344574,0.061225282838801846,-0.209016268965839,0.8344355383142885,0.9872844542737007,0.8756433291230017,1.1131593894819685,,,233873
sens_composite,ni_c_ni_x_oil_rural_filled,region_Wales,region_Wales,0.21431732238178414,0.06396504460440003,3.350538152630971,0.0008065469785554273,1.2390157598516212,1.093023969198949,1.4045072170610973,,,233873
sens_composite,ni_c_ni_x_oil_rural_filled,region_West Midlands,region_West Midlands,0.4272307281309186,0.0586708857591447,7.281818274992185,3.293505436387637e-13,1.5330063286068862,1.3664797468654284,1.7198267365028164,,,233873
sens_composite,ni_c_ni_x_oil_rural_filled,region_Yorkshire and the Humber,region_Yorkshire and the Humber,0.3014489156341121,0.05897491158779233,5.111477194592545,3.196494171453558e-07,1.351816056708164,1.2042539094864506,1.5174595961688015,,,233873
sens_composite_v1,ni_a_regionFE_filled,region_East Midlands,region_East Midlands,0.32338004444689544,0.06005827674210695,5.384437616075873,7.267150225197234e-08,1.3817903928952575,1.2283453072902177,1.5544038623062162,,,233995
sens_composite_v1,ni_a_regionFE_filled,region_East of England,region_East of England,0.073886497770627,0.06114517902845245,1.2083781410836278,0.22690184387515644,1.0766845924590493,0.9550841273135826,1.2137671211219836,,,233995
sens_composite_v1,ni_a_regionFE_filled,region_London,region_London,0.13574384826165548,0.0567084780076328,2.3937134804320572,0.016678772096307252,1.1453884627692401,1.0249022823454161,1.2800388419885838,,,233995
sens_composite_v1,ni_a_regionFE_filled,region_North East,region_North East,0.15122329129580422,0.07299546463195473,2.071680645616498,0.03829523346363103,1.1632563741077042,1.0081881506103572,1.3421754571138302,,,233995
sens_composite_v1,ni_a_regionFE_filled,region_North West,region_North West,0.2674127907652475,0.056843504101209655,4.704368511292336,2.5465292223839935e-06,1.3065796790534265,1.168828038115513,1.4605659703952456,,,233995
sens_composite_v1,ni_a_regionFE_filled,region_Northern Ireland,Northern Ireland (vs South East),0.8898275846620282,0.06430804577121381,13.83695576487789,1.5253071165350719e-43,2.434709833780571,2.1463873596837515,2.761762432099497,,,233995
sens_composite_v1,ni_a_regionFE_filled,region_Scotland,region_Scotland,0.4001336028875298,0.061080955049747726,6.550873386993356,5.720154248117821e-11,1.4920240230434916,1.32368184572609,1.6817754904825828,,,233995
sens_composite_v1,ni_a_regionFE_filled,region_South West,region_South West,0.062362404682403616,0.0626901572669048,0.9947718653327703,0.31984723278006877,1.0643479995409983,0.9412861956384069,1.2034986483134422,,,233995
sens_composite_v1,ni_a_regionFE_filled,region_Wales,region_Wales,0.2923232170826577,0.0652996034462987,4.476646130371364,7.582477457291247e-06,1.3395359085651357,1.1786130267859651,1.5224305260129087,,,233995
sens_composite_v1,ni_a_regionFE_filled,region_West Midlands,region_West Midlands,0.4332867824973841,0.05877549495540417,7.371895086993991,1.6821938143462812e-13,1.5423184672251125,1.374498488859192,1.7306284973204558,,,233995
sens_composite_v1,ni_a_regionFE_filled,region_Yorkshire and the Humber,region_Yorkshire and the Humber,0.3042717386507903,0.05925517458267211,5.134939535555229,2.822347476819836e-07,1.3556373851167813,1.2069949166767648,1.522585302170264,,,233995
sens_composite_v1,ni_b_oil_filled,region_East Midlands,region_East Midlands,0.3077428626520597,0.05982218019619401,5.144293665706935,2.6852920348800147e-07,1.360351146874173,1.2098465628317876,1.529578460321808,,,233995
sens_composite_v1,ni_b_oil_filled,region_East of England,region_East of England,0.024964621729729273,0.061030377014649126,0.4090523924460931,0.6825012126416604,1.0252788472906282,0.9096887970882259,1.1555564035374717,,,233995
sens_composite_v1,ni_b_oil_filled,region_London,region_London,0.13606904199168954,0.05672973761797721,2.398548763048929,0.01646018469326245,1.1457609964853173,1.0251929096390737,1.280508525492238,,,233995
sens_composite_v1,ni_b_oil_filled,region_North East,region_North East,0.15266648450058762,0.07302540304877844,2.090594205945179,0.03656445558759672,1.1649363898042604,1.009584968948473,1.3441927465537038,,,233995
sens_composite_v1,ni_b_oil_filled,region_North West,region_North West,0.2772860927935944,0.056614754994373365,4.8977707811532945,9.693001044929596e-07,1.319543829018694,1.1809547388012127,1.4743968244446053,,,233995
sens_composite_v1,ni_b_oil_filled,region_Northern Ireland,Northern Ireland (vs South East),0.34825829579051637,0.07426519925780062,4.689387482575646,2.740240604307549e-06,1.4165981038157747,1.2247064467097026,1.6385560744991463,,,233995
sens_composite_v1,ni_b_oil_filled,region_Scotland,region_Scotland,0.35548113416172256,0.05945601887823319,5.978892311807039,2.246600052114535e-09,1.426867003614858,1.269914376979174,1.6032178884751942,,,233995
sens_composite_v1,ni_b_oil_filled,region_South West,region_South West,0.0014054605482301558,0.061441160049350255,0.02287490254255085,0.9817500600261194,1.0014064486707746,0.8877927078763208,1.1295597120168235,,,233995
sens_composite_v1,ni_b_oil_filled,region_Wales,region_Wales,0.23490712992903862,0.06369318064712853,3.688104873117667,0.00022593053415872428,1.2647913020204353,1.1163570943570806,1.4329617698070227,,,233995
sens_composite_v1,ni_b_oil_filled,region_West Midlands,region_West Midlands,0.4210807586926439,0.05859519964591175,7.186267155623953,6.658669456128121e-13,1.523607317975532,1.3583032054198414,1.7090287721665747,,,233995
sens_composite_v1,ni_b_oil_filled,region_Yorkshire and the Humber,region_Yorkshire and the Humber,0.3041768657751176,0.05914047198250254,5.143294525365171,2.6996189003754155e-07,1.3555087780004458,1.2071517638945257,1.522098631002625,,,233995
sens_composite_v1,ni_b_oil_rural_filled,region_East Midlands,region_East Midlands,0.2963692387316495,0.06008779424651883,4.932270229720066,8.127936339097862e-07,1.3449666789494592,1.1955416258609788,1.5130676576665565,,,233995
sens_composite_v1,ni_b_oil_rural_filled,region_East of England,region_East of England,0.011910482872033484,0.061056537644055546,0.19507301480913708,0.8453357877950796,1.0119816951163907,0.8978447301416353,1.1406281251871802,,,233995
sens_composite_v1,ni_b_oil_rural_filled,region_London,region_London,0.1594443392112903,0.05708389193021548,2.793158171594353,0.005219616259495085,1.1728589781480945,1.0487111845211399,1.3117035490097446,,,233995
sens_composite_v1,ni_b_oil_rural_filled,region_North East,region_North East,0.15097377514127436,0.07289798309697132,2.0710281509495814,0.03835616538208365,1.1629661590586817,1.0081292178306926,1.3415842564567382,,,233995
sens_composite_v1,ni_b_oil_rural_filled,region_North West,region_North West,0.29055456557799353,0.056681056055201316,5.1261318295662015,2.9575555629668184e-07,1.3371688302502556,1.1965731188388693,1.4942843462235689,,,233995
sens_composite_v1,ni_b_oil_rural_filled,region_Northern Ireland,Northern Ireland (vs South East),0.36593603949432835,0.07405450718817794,4.941441829657418,7.754695372923492e-07,1.4418630174174578,1.2470638552858448,1.667091025198262,,,233995
sens_composite_v1,ni_b_oil_rural_filled,region_Scotland,region_Scotland,0.33217713334403337,0.059124098354703926,5.618303578199181,1.9284145628575506e-08,1.39399975048197,1.2414698368629637,1.5652698492088237,,,233995
sens_composite_v1,ni_b_oil_rural_filled,region_South West,region_South West,-0.013640868518443107,0.06122633861052762,-0.22279412468570536,0.8236957409141141,0.9864517465336788,0.8749029727136618,1.112222816229723,,,233995
sens_composite_v1,ni_b_oil_rural_filled,region_Wales,region_Wales,0.21816513292088324,0.06368312265527089,3.4257920124591483,0.0006130095968601334,1.243792441740458,1.0978442740248842,1.409143058567909,,,233995
sens_composite_v1,ni_b_oil_rural_filled,region_West Midlands,region_West Midlands,0.4289092856607963,0.05868858641155631,7.308223146712905,2.7069798832648545e-13,1.535581728797116,1.3687279022679502,1.7227757554356642,,,233995
sens_composite_v1,ni_b_oil_rural_filled,region_Yorkshire and the Humber,region_Yorkshire and the Humber,0.30304579247257035,0.058979075730372484,5.138191616599219,2.773949518066593e-07,1.3539764649528314,1.2061686466435173,1.519897132749781,,,233995
sens_composite_v1,ni_c_ni_x_oil_filled,region_East Midlands,region_East Midlands,0.30767668622670374,0.05982434755022456,5.1430011161993665,2.703840155313788e-07,1.3602611266766842,1.2097613631605546,1.5294837387711782,,,233995
sens_composite_v1,ni_c_ni_x_oil_filled,region_East of England,region_East of England,0.024726323926402487,0.061089336007010206,0.40475679623633587,0.6856562889810254,1.025034554701871,0.9093669558275276,1.155414578899808,,,233995
sens_composite_v1,ni_c_ni_x_oil_filled,region_London,region_London,0.1361986897234147,0.05672786446676498,2.4009133959768416,0.016354206514971697,1.1459095514293085,1.0253295964855336,1.2806698495369588,,,233995
sens_composite_v1,ni_c_ni_x_oil_filled,region_North East,region_North East,0.15275583931038084,0.07302676531785217,2.091778797068505,0.03645830791068478,1.1650404871245215,1.0096724884244206,1.3443164513251415,,,233995
sens_composite_v1,ni_c_ni_x_oil_filled,region_North West,region_North West,0.2773800680220745,0.05661805410860098,4.899145200045599,9.62544944269232e-07,1.3196678392783705,1.1810580875898706,1.4745449223242586,,,233995
sens_composite_v1,ni_c_ni_x_oil_filled,region_Northern Ireland,Northern Ireland (vs South East),0.3605974016453646,0.1102785668070208,3.269877475614848,0.0010759407684979771,1.4341859437314424,1.1554101422287664,1.78022439480161,,,233995
sens_composite_v1,ni_c_ni_x_oil_filled,region_Scotland,region_Scotland,0.35532090582153125,0.05946264000124156,5.975531961145894,2.293405691390077e-09,1.4266383973982815,1.2696944398686736,1.6029818301335956,,,233995
sens_composite_v1,ni_c_ni_x_oil_filled,region_South West,region_South West,0.001107491884992572,0.06144743002157197,0.01802340447116782,0.9856201823743412,1.0011081053805897,0.8875173061815325,1.1292370657769697,,,233995
sens_composite_v1,ni_c_ni_x_oil_filled,region_Wales,region_Wales,0.23462961108223504,0.06373053151179739,3.681588800790119,0.00023178502986724147,1.2644403472973789,1.1159656284484616,1.4326690277158058,,,233995
sens_composite_v1,ni_c_ni_x_oil_filled,region_West Midlands,region_West Midlands,0.4210437497240946,0.05859811433492702,7.185278135701616,6.707050682750978e-13,1.5235509318836216,1.3582451776997395,1.7089752867553265,,,233995
sens_composite_v1,ni_c_ni_x_oil_filled,region_Yorkshire and the Humber,region_Yorkshire and the Humber,0.3042229318090678,0.059140636196372096,5.144059167691705,2.6886479372554503e-07,1.3555712223521037,1.2072069853259415,1.5221692395799369,,,233995
sens_composite_v1,ni_c_ni_x_oil_rural_filled,region_East Midlands,region_East Midlands,0.29641432785237537,0.06008596238799359,4.933171011530724,8.090526022459597e-07,1.3450273236816173,1.1955998256430749,1.5131304493768034,,,233995
sens_composite_v1,ni_c_ni_x_oil_rural_filled,region_East of England,region_East of England,0.012127919728475423,0.06110501313723362,0.19847667328436294,0.8426721337295415,1.0122017611593208,0.897954656980159,1.1409845667927405,,,233995
sens_composite_v1,ni_c_ni_x_oil_rural_filled,region_London,region_London,0.1593549785837285,0.05708128755262639,2.7917201138255745,0.005242868459715741,1.1727541754164543,1.0486228278857566,1.3115796446370775,,,233995
sens_composite_v1,ni_c_ni_x_oil_rural_filled,region_North East,region_North East,0.1508783190132227,0.0729017551281986,2.069611612887802,0.03848872969452482,1.1628551521103139,1.0080255379057412,1.3414661176133278,,,233995
sens_composite_v1,ni_c_ni_x_oil_rural_filled,region_North West,region_North West,0.29048341900063135,0.056684273375793286,5.124585739590352,2.9819263369645206e-07,1.3370736986488119,1.1964804449562085,1.4941874588546629,,,233995
sens_composite_v1,ni_c_ni_x_oil_rural_filled,region_Northern Ireland,Northern Ireland (vs South East),0.35337726321982244,0.11046809204774478,3.198907998402754,0.0013794918390806084,1.423868215225994,1.1466719397953822,1.7680738701015364,,,233995
sens_composite_v1,ni_c_ni_x_oil_rural_filled,region_Scotland,region_Scotland,0.33229434088452364,0.05913423270357184,5.61932277958605,1.9170740750783055e-08,1.3941631473396527,1.241590693107184,1.5654844162336286,,,233995
sens_composite_v1,ni_c_ni_x_oil_rural_filled,region_South West,region_South West,-0.013366590940685945,0.06122608966705898,-0.21831528051802845,0.8271834694625861,0.9867223452371745,0.8751433988935492,1.112527373024017,,,233995
sens_composite_v1,ni_c_ni_x_oil_rural_filled,region_Wales,region_Wales,0.21841646518658592,0.06371703762748385,3.4279130562148685,0.0006082402226699501,1.244105086200079,1.098047240432488,1.4095909615867483,,,233995
sens_composite_v1,ni_c_ni_x_oil_rural_filled,region_West Midlands,region_West Midlands,0.428963203492797,0.058687388943195244,7.309290994492862,2.6855561874505304e-13,1.5356645262669026,1.3688049156729436,1.7228646027145216,,,233995
sens_composite_v1,ni_c_ni_x_oil_rural_filled,region_Yorkshire and the Humber,region_Yorkshire and the Humber,0.3029958307071369,0.058977637177594265,5.137469814105162,2.784621789130447e-07,1.3539088195881421,1.2061117864753226,1.5198169127551773,,,233995
sens_lagged_components,ni_a_regionFE_filled,region_East Midlands,region_East Midlands,0.336407938285113,0.06824523045400747,4.929398524221096,8.248316481156207e-07,1.3999099852233914,1.224643454987925,1.6002600256802735,,,183013
sens_lagged_components,ni_a_regionFE_filled,region_East of England,region_East of England,0.13201496988279127,0.06987581624128716,1.8892798250389276,0.05885434342296742,1.141125401652887,0.9950730640231157,1.3086146428612533,,,183013
sens_lagged_components,ni_a_regionFE_filled,region_London,region_London,0.1159170798468981,0.06632412503397711,1.747736284308539,0.080509702767048,1.1229027570042185,0.9860227846069725,1.278784447349533,,,183013
sens_lagged_components,ni_a_regionFE_filled,region_North East,region_North East,0.18438964930066307,0.08123993868565085,2.2696921278355324,0.023226269383013882,1.202484278981984,1.0254815379258615,1.4100384918907825,,,183013
sens_lagged_components,ni_a_regionFE_filled,region_North West,region_North West,0.26945802853393797,0.06485524955598995,4.154760491690239,3.2562845355616445e-05,1.3092546797345823,1.1529732898063694,1.4867194509725181,,,183013
sens_lagged_components,ni_a_regionFE_filled,region_Northern Ireland,Northern Ireland (vs South East),0.9578793352548515,0.0737346662265936,12.990895385776858,1.3780532571932905e-38,2.606163809323219,2.2554782732618412,3.011374519340187,,,183013
sens_lagged_components,ni_a_regionFE_filled,region_Scotland,region_Scotland,0.43984254935113454,0.07016644333587128,6.268559847699637,3.644025670766058e-10,1.552462762997628,1.3529925562216016,1.7813406433105912,,,183013
sens_lagged_components,ni_a_regionFE_filled,region_South West,region_South West,0.09304333946949683,0.0718721421001141,1.2945675021052299,0.19546946916646735,1.097509299708183,0.9533020581236635,1.2635309581904768,,,183013
sens_lagged_components,ni_a_regionFE_filled,region_Wales,region_Wales,0.2920944722641402,0.07454281309633513,3.9184793292768947,8.910936946631143e-05,1.3392295317092282,1.1571883692370242,1.5499081966963264,,,183013
sens_lagged_components,ni_a_regionFE_filled,region_West Midlands,region_West Midlands,0.43274639566004985,0.06802479631667434,6.3615978156773165,1.9966569058389653e-10,1.5414852437782145,1.3490764467558116,1.7613358846343266,,,183013
sens_lagged_components,ni_a_regionFE_filled,region_Yorkshire and the Humber,region_Yorkshire and the Humber,0.3092181945985901,0.06783529924182376,4.558367075175251,5.155287646746755e-06,1.362359597581101,1.19275224927819,1.5560848233524918,,,183013
sens_lagged_components,ni_b_oil_filled,region_East Midlands,region_East Midlands,0.31645264074834795,0.06796168694918099,4.656338813145978,3.2188206529851306e-06,1.3722512519049135,1.2011148678135548,1.5677713670986761,,,183013
sens_lagged_components,ni_b_oil_filled,region_East of England,region_East of England,0.07345703409661404,0.06964967939636316,1.0546643535655627,0.29157886020009993,1.0762222948153466,0.9388929326095296,1.233638456131941,,,183013
sens_lagged_components,ni_b_oil_filled,region_London,region_London,0.11455535625413156,0.06649469767254648,1.7227743002646627,0.08492934797368389,1.1213747144495414,0.984351868070788,1.27747128948036,,,183013
sens_lagged_components,ni_b_oil_filled,region_North East,region_North East,0.18434960066638842,0.08138764314162157,2.265080957628962,0.023507711947712895,1.2024361220931892,1.0251436522655244,1.410390265324507,,,183013
sens_lagged_components,ni_b_oil_filled,region_North West,region_North West,0.2774338368871952,0.06460929910147137,4.294023317780847,1.7546403402544636e-05,1.3197387982280988,1.1627663349614494,1.4979024101229175,,,183013
sens_lagged_components,ni_b_oil_filled,region_Northern Ireland,Northern Ireland (vs South East),0.3823743745612484,0.08513566331490582,4.491353678033787,7.07719143985051e-06,1.4657607259566432,1.2404962989916173,1.731931411245157,,,183013
sens_lagged_components,ni_b_oil_filled,region_Scotland,region_Scotland,0.38787345001338963,0.06852256421415287,5.660521529830271,1.5091365298037105e-08,1.473843257641398,1.2886197599342342,1.6856903918700337,,,183013
sens_lagged_components,ni_b_oil_filled,region_South West,region_South West,0.023542044904779298,0.07069426518237178,0.33301208866160914,0.7391251580437579,1.0238213463127164,0.8913517317325718,1.1759781373040206,,,183013
sens_lagged_components,ni_b_oil_filled,region_Wales,region_Wales,0.22416882007549757,0.07237730385515179,3.097225347384107,0.001953413168901973,1.2512822431612167,1.0857944284835808,1.4419923430968704,,,183013
sens_lagged_components,ni_b_oil_filled,region_West Midlands,region_West Midlands,0.41725149526423816,0.06798826459863991,6.137110539994357,8.403591426358493e-10,1.5177841804728085,1.3284288727677187,1.7341303442870297,,,183013
sens_lagged_components,ni_b_oil_filled,region_Yorkshire and the Humber,region_Yorkshire and the Humber,0.30691590857768325,0.0678683463111576,4.522224649036809,6.119306287856909e-06,1.359226663962627,1.1899322754501827,1.5526069526335144,,,183013
sens_lagged_components,ni_b_oil_rural_filled,region_East Midlands,region_East Midlands,0.30158066696920116,0.06823451714053053,4.419766997809759,9.880737642392155e-06,1.351994172011637,1.1827514611018421,1.5454542237052789,,,183013
sens_lagged_components,ni_b_oil_rural_filled,region_East of England,region_East of England,0.05707942430060746,0.0693282297909875,0.8233215311092169,0.41032517268304136,1.0587398967320298,0.9242234484938848,1.212834591849858,,,183013
sens_lagged_components,ni_b_oil_rural_filled,region_London,region_London,0.14568479941420948,0.06692049182927334,2.176983393754466,0.029481806485595768,1.156831496612945,1.0146290174175931,1.3189639647423521,,,183013
sens_lagged_components,ni_b_oil_rural_filled,region_North East,region_North East,0.1815279550027363,0.08102954712127924,2.240268660653357,0.025073486526872225,1.1990480556328769,1.0229728642536662,1.4054294986269282,,,183013
sens_lagged_components,ni_b_oil_rural_filled,region_North West,region_North West,0.29517469725064727,0.06465571157251461,4.565330580572052,4.987078207867024e-06,1.3433610196651282,1.1834712190522996,1.5248523158854985,,,183013
sens_lagged_components,ni_b_oil_rural_filled,region_Northern Ireland,Northern Ireland (vs South East),0.4043911320770759,0.08484998997166843,4.765953799312208,1.8796232983800349e-06,1.4983899007121493,1.2688211076095548,1.7694947546908681,,,183013
sens_lagged_components,ni_b_oil_rural_filled,region_Scotland,region_Scotland,0.35658596967319944,0.06827360369435338,5.2228965570582755,1.7614580044857429e-07,1.428444328132228,1.2495358537231644,1.6329689080095786,,,183013
sens_lagged_components,ni_b_oil_rural_filled,region_South West,region_South West,0.00421938690831739,0.07024109065664255,0.0600700653829949,0.9520998312586373,1.004228301054259,0.8750706780139819,1.1524491746507934,,,183013
sens_lagged_components,ni_b_oil_rural_filled,region_Wales,region_Wales,0.20187254603592827,0.07241216023830171,2.787826593925446,0.00530629384212742,1.2236920337712882,1.0617806103910057,1.4102934060586008,,,183013
sens_lagged_components,ni_b_oil_rural_filled,region_West Midlands,region_West Midlands,0.426923410206979,0.0681111533458262,6.268039656285465,3.6562168257520853e-10,1.5325352806690369,1.3410166263630128,1.7514058665067895,,,183013
sens_lagged_components,ni_b_oil_rural_filled,region_Yorkshire and the Humber,region_Yorkshire and the Humber,0.3048440208520315,0.06763538826265049,4.507167456010184,6.569878289890104e-06,1.3564134142962847,1.188011731363566,1.5486861803722836,,,183013
sens_lagged_components,ni_c_ni_x_oil_filled,region_East Midlands,region_East Midlands,0.31642218056885285,0.06796665263774722,4.655550454357948,3.2311626464022474e-06,1.3722094535220646,1.201066592673821,1.5677388712839557,,,183013
sens_lagged_components,ni_c_ni_x_oil_filled,region_East of England,region_East of England,0.07336111961257755,0.0697423868211612,1.0518871371680436,0.2928513340446314,1.0761190744594735,0.9386323154927899,1.2337442929476992,,,183013
sens_lagged_components,ni_c_ni_x_oil_filled,region_London,region_London,0.11460155555174596,0.0664900981347677,1.7235883051257037,0.08478219125409535,1.1214265223704472,0.984406219797782,1.2775187923276352,,,183013
sens_lagged_components,ni_c_ni_x_oil_filled,region_North East,region_North East,0.18437995242455982,0.08138797967425312,2.2654445184967273,0.023485415045246084,1.2024726186974488,1.025174091453264,1.41043400410887,,,183013
sens_lagged_components,ni_c_ni_x_oil_filled,region_North West,region_North West,0.2774634118215072,0.06461574309486162,4.294052788562168,1.75440731379181e-05,1.3197778299935434,1.162786038133408,1.497965630322288,,,183013
sens_lagged_components,ni_c_ni_x_oil_filled,region_Northern Ireland,Northern Ireland (vs South East),0.38694012830658475,0.1251608220276788,3.0915435200722357,0.001991187917015659,1.4724683294615781,1.1521496114101066,1.8818415245688216,,,183013
sens_lagged_components,ni_c_ni_x_oil_filled,region_Scotland,region_Scotland,0.3878091420249328,0.06853870073378257,5.658250563156394,1.5292376679106964e-08,1.4737484807936851,1.2884961421456362,1.6856353027374493,,,183013
sens_lagged_components,ni_c_ni_x_oil_filled,region_South West,region_South West,0.023426935750555922,0.07072704308918955,0.3312302441516415,0.7404705768765181,1.0237035018860827,0.8911918797539865,1.1759183219478173,,,183013
sens_lagged_components,ni_c_ni_x_oil_filled,region_Wales,region_Wales,0.22405947866911913,0.07242625858123014,3.093622162158546,0.0019772912922094324,1.2511454336805798,1.0855715476397194,1.441973032199699,,,183013
sens_lagged_components,ni_c_ni_x_oil_filled,region_West Midlands,region_West Midlands,0.4172334305194207,0.06799359526146759,6.136363710654812,8.443173272228388e-10,1.5177567623365518,1.3283909962775802,1.734117135748017,,,183013
sens_lagged_components,ni_c_ni_x_oil_filled,region_Yorkshire and the Humber,region_Yorkshire and the Humber,0.3069297464117604,0.06786777062727085,4.522466902551074,6.112304657196459e-06,1.359245472845813,1.1899500842928477,1.5526266856393234,,,183013
sens_lagged_components,ni_c_ni_x_oil_rural_filled,region_East Midlands,region_East Midlands,0.30171264804493797,0.06823263764582456,4.421823022745201,9.787160824036574e-06,1.3521726214325631,1.1829119297478896,1.5456525140814876,,,183013
sens_lagged_components,ni_c_ni_x_oil_rural_filled,region_East of England,region_East of England,0.05759051621740536,0.06941073379445392,0.8297062005992937,0.4067049148475814,1.059281148438145,0.9245464166073196,1.2136508576323999,,,183013
sens_lagged_components,ni_c_ni_x_oil_rural_filled,region_London,region_London,0.14550335913471485,0.06691535869766804,2.174438902616023,0.029672189159119344,1.1566216198234986,1.0144551456765496,1.3187114059645881,,,183013
sens_lagged_components,ni_c_ni_x_oil_rural_filled,region_North East,region_North East,0.18133800459926847,0.08103382053777879,2.2378064294121103,0.02523368096625918,1.1988203176010825,1.0227700021052397,1.4051743314087541,,,183013
sens_lagged_components,ni_c_ni_x_oil_rural_filled,region_North West,region_North West,0.2950537091287966,0.0646618982219484,4.563022695622714,5.042236159292296e-06,1.3431984987701386,1.18331369326636,1.5246863256675245,,,183013
sens_lagged_components,ni_c_ni_x_oil_rural_filled,region_Northern Ireland,Northern Ireland (vs South East),0.37767120224709677,0.12535777325119998,3.0127465768739756,0.0025889501660595828,1.458883186495241,1.1410792002576913,1.8651993230249595,,,183013
sens_lagged_components,ni_c_ni_x_oil_rural_filled,region_Scotland,region_Scotland,0.3568631156169246,0.06829000631623189,5.2257004335948,1.7349706226061184e-07,1.42884027054799,1.2498420242569848,1.6334740544136763,,,183013
sens_lagged_components,ni_c_ni_x_oil_rural_filled,region_South West,region_South West,0.004833216446815997,0.07025949612482006,0.06879093522432196,0.9451560336388148,1.0048449152774934,0.8755764009749145,1.153198398945841,,,183013
sens_lagged_components,ni_c_ni_x_oil_rural_filled,region_Wales,region_Wales,0.20244678323739132,0.07245786629617358,2.793993165764561,0.005206157891346827,1.2243949250540604,1.0622953323665048,1.4112298970178623,,,183013
sens_lagged_components,ni_c_ni_x_oil_rural_filled,region_West Midlands,region_West Midlands,0.4270623654462837,0.06811000413637566,6.270185574958753,3.606180553907693e-10,1.5327482492719142,1.3412060015376353,1.7516453050111067,,,183013
sens_lagged_components,ni_c_ni_x_oil_rural_filled,region_Yorkshire and the Humber,region_Yorkshire and the Humber,0.3047542568674669,0.067631523824044,4.506097743122598,6.603068060535351e-06,1.356291662688037,1.1879140929008647,1.5485354414686574,,,183013
sens_lagged_composite,ni_a_regionFE_filled,region_East Midlands,region_East Midlands,0.33571143956135374,0.06677454290417253,5.027536317891832,4.968214150136032e-07,1.3989352891819826,1.2273234487278224,1.594542942487752,,,194079
sens_lagged_composite,ni_a_regionFE_filled,region_East of England,region_East of England,0.10443408492462176,0.06816779704977424,1.5320149607939784,0.12551874294034196,1.1100822203013956,0.9712490628431806,1.2687605918732734,,,194079
sens_lagged_composite,ni_a_regionFE_filled,region_London,region_London,0.15344205682862455,0.06377875008648097,2.4058492306695314,0.01613492207450709,1.1658402326845732,1.0288462241776755,1.3210754106935392,,,194079
sens_lagged_composite,ni_a_regionFE_filled,region_North East,region_North East,0.1376065922663811,0.07947386126354566,1.7314698201218606,0.08336800313918398,1.147524016638931,0.9820045732879259,1.3409421957722938,,,194079
sens_lagged_composite,ni_a_regionFE_filled,region_North West,region_North West,0.26010098967316053,0.06371123525276096,4.082497987070325,4.4554198077361934e-05,1.297061069825198,1.144799214561102,1.4695742252942416,,,194079
sens_lagged_composite,ni_a_regionFE_filled,region_Northern Ireland,Northern Ireland (vs South East),0.9460435166113415,0.07096045243867943,13.331982591695933,1.5083517241800385e-40,2.575499553377017,2.2410927584471425,2.9598051773820235,,,194079
sens_lagged_composite,ni_a_regionFE_filled,region_Scotland,region_Scotland,0.41252549897483565,0.06863032078266003,6.01083448642518,1.8457077065686424e-09,1.510628061283494,1.3205027588421117,1.7281275061765915,,,194079
sens_lagged_composite,ni_a_regionFE_filled,region_South West,region_South West,0.06876467241651722,0.0711927930704209,0.9658937295590878,0.3340973603313022,1.0711841003196356,0.9316755586296099,1.2315825677184615,,,194079
sens_lagged_composite,ni_a_regionFE_filled,region_Wales,region_Wales,0.2764700640430613,0.07268670092552917,3.803585257312991,0.00014261687833107885,1.3184674825411904,1.1434005353700265,1.5203390664461585,,,194079
sens_lagged_composite,ni_a_regionFE_filled,region_West Midlands,region_West Midlands,0.42756640872046237,0.06619289747599207,6.459400102186782,1.051188509399516e-10,1.5335210154554066,1.3469337510599468,1.7459557331552211,,,194079
sens_lagged_composite,ni_a_regionFE_filled,region_Yorkshire and the Humber,region_Yorkshire and the Humber,0.3086516212685864,0.06641009867337283,4.647660934621386,3.3572015001914495e-06,1.3615879395882984,1.1954111916872443,1.5508652839493824,,,194079
sens_lagged_composite,ni_b_oil_filled,region_East Midlands,region_East Midlands,0.31584140084324713,0.06662569119393649,4.740534697402005,2.131549438421169e-06,1.3714127334739947,1.2035282433678234,1.5627160358710506,,,194079
sens_lagged_composite,ni_b_oil_filled,region_East of England,region_East of England,0.048252750445137826,0.0680695205374944,0.7088745456721558,0.4784023323290706,1.049435867189426,0.9183643623296881,1.1992142601764588,,,194079
sens_lagged_composite,ni_b_oil_filled,region_London,region_London,0.15193320214897435,0.06385442201397958,2.379368528552522,0.01734232812716392,1.1640824756272254,1.0271426641122374,1.3192792563374014,,,194079
sens_lagged_composite,ni_b_oil_filled,region_North East,region_North East,0.13747218303081318,0.07961101698554375,1.726798478855963,0.08420386179061964,1.1473697891780885,0.9816086798873961,1.3411224453206618,,,194079
sens_lagged_composite,ni_b_oil_filled,region_North West,region_North West,0.26882110320786406,0.06348881507613734,4.234149005387598,2.2941879756337264e-05,1.3084210477796128,1.1553291852460827,1.4817990059759936,,,194079
sens_lagged_composite,ni_b_oil_filled,region_Northern Ireland,Northern Ireland (vs South East),0.375083380080228,0.08192988899298025,4.578101895296906,4.6921413224182286e-06,1.455112736976947,1.239246766154175,1.708580675891892,,,194079
sens_lagged_composite,ni_b_oil_filled,region_Scotland,region_Scotland,0.36343923373646253,0.06700976861023208,5.423675402469112,5.838586659466865e-08,1.4382674561105087,1.2612490010429265,1.6401307541937067,,,194079
sens_lagged_composite,ni_b_oil_filled,region_South West,region_South West,0.0012832711771378678,0.069938007398255,0.018348695149840465,0.9853606808815243,1.00128409492192,0.8730235876163368,1.14838803093623,,,194079
sens_lagged_composite,ni_b_oil_filled,region_Wales,region_Wales,0.2131565516632408,0.07075006548442085,3.012810662488755,0.0025884035392378392,1.2375783810327863,1.0773334619876112,1.4216584773799081,,,194079
sens_lagged_composite,ni_b_oil_filled,region_West Midlands,region_West Midlands,0.4123993490653151,0.06613711464754136,6.235520724831711,4.5027773127174086e-10,1.5104375077096546,1.3268039249773784,1.7194865207645886,,,194079
sens_lagged_composite,ni_b_oil_filled,region_Yorkshire and the Humber,region_Yorkshire and the Humber,0.3064689034344884,0.06635660983503448,4.618513576814486,3.864986956597049e-06,1.3586192184288217,1.1929298475853773,1.5473216504896246,,,194079
sens_lagged_composite,ni_b_oil_rural_filled,region_East Midlands,region_East Midlands,0.3021842893585692,0.06695949463875564,4.512941607293244,6.393462894450836e-06,1.3528105123200154,1.186426788742275,1.542527781409604,,,194079
sens_lagged_composite,ni_b_oil_rural_filled,region_East of England,region_East of England,0.03261835277934358,0.06792644045212361,0.4802011199502479,0.6310843905671868,1.0331561628117172,0.9043715249381109,1.1802800368232267,,,194079
sens_lagged_composite,ni_b_oil_rural_filled,region_London,region_London,0.18085585612860242,0.06426150036757669,2.814373382104438,0.004887242630218975,1.1982424475391256,1.056440913447394,1.359077393547055,,,194079
sens_lagged_composite,ni_b_oil_rural_filled,region_North East,region_North East,0.13521350635504667,0.07941616288210772,1.7025943013107974,0.08864401727235727,1.1447811763170488,0.9797681541696684,1.337585770748474,,,194079
sens_lagged_composite,ni_b_oil_rural_filled,region_North West,region_North West,0.2854057333028613,0.06354404731219439,4.491462935948221,7.073561192013843e-06,1.330301666328356,1.1745225083597728,1.5067421108067143,,,194079
sens_lagged_composite,ni_b_oil_rural_filled,region_Northern Ireland,Northern Ireland (vs South East),0.3965748543002636,0.08166197857531741,4.8562974008093605,1.1960103040280632e-06,1.4867237214735696,1.2668332941001537,1.744781601719945,,,194079
sens_lagged_composite,ni_b_oil_rural_filled,region_Scotland,region_Scotland,0.3350979281017434,0.06666345803797125,5.026710854256509,4.98963809347723e-07,1.3980772895740246,1.2268377835737017,1.5932180552256587,,,194079
sens_lagged_composite,ni_b_oil_rural_filled,region_South West,region_South West,-0.016543094739262736,0.06960379772412993,-0.23767517405918284,0.8121330401967488,0.9835929907938372,0.858160588034771,1.1273591272168353,,,194079
sens_lagged_composite,ni_b_oil_rural_filled,region_Wales,region_Wales,0.19314661811165004,0.07078488671709814,2.728642045915648,0.006359569426149284,1.2130606371411876,1.0559182732109056,1.3935890179328945,,,194079
sens_lagged_composite,ni_b_oil_rural_filled,region_West Midlands,region_West Midlands,0.4219696455149704,0.06626435833448815,6.367973011750282,1.9154260923503416e-10,1.5249622345374072,1.3392287515500998,1.736454518373836,,,194079
sens_lagged_composite,ni_b_oil_rural_filled,region_Yorkshire and the Humber,region_Yorkshire and the Humber,0.3047741306164261,0.0661418464336458,4.607886641359169,4.0678231802456676e-06,1.356318617555903,1.1914112081756838,1.5440514405984096,,,194079
sens_lagged_composite,ni_c_ni_x_oil_filled,region_East Midlands,region_East Midlands,0.315894911273407,0.06662868693147697,4.74112466899255,2.1253509492556734e-06,1.371486120322753,1.2035855794861017,1.562808835779739,,,194079
sens_lagged_composite,ni_c_ni_x_oil_filled,region_East of England,region_East of England,0.04841892652704719,0.06815264907774285,0.7104481950777133,0.4774262454197007,1.0496102728206715,0.9183673443893704,1.1996089925684381,,,194079
sens_lagged_composite,ni_c_ni_x_oil_filled,region_London,region_London,0.15185021668537008,0.06385143254603723,2.3781802636281535,0.01739831821001199,1.1639858777114787,1.0270634475420857,1.3191620505570019,,,194079
sens_lagged_composite,ni_c_ni_x_oil_filled,region_North East,region_North East,0.1374168710824833,0.07961384076417925,1.7260424790900357,0.08433977084251519,1.1473063276747002,0.9815489542982941,1.3410556893348566,,,194079
sens_lagged_composite,ni_c_ni_x_oil_filled,region_North West,region_North West,0.2687653096948725,0.0634948462176478,4.23286810985569,2.307298265175113e-05,1.3083480484093497,1.1552510710745163,1.4817338487160256,,,194079
sens_lagged_composite,ni_c_ni_x_oil_filled,region_Northern Ireland,Northern Ireland (vs South East),0.36748632300929945,0.11981359175550949,3.0671505429800376,0.0021610998745061885,1.4441000474515628,1.1418571299787608,1.8263449010371342,,,194079
sens_lagged_composite,ni_c_ni_x_oil_filled,region_Scotland,region_Scotland,0.3635482841582631,0.06702769208468382,5.423852035647455,5.832817058898482e-08,1.4384243083355048,1.2613422373487455,1.640367244943376,,,194079
sens_lagged_composite,ni_c_ni_x_oil_filled,region_South West,region_South West,0.0014862250649068773,0.06997108693594523,0.02124055992252109,0.9830537594328225,1.0014873300447271,0.87314417725066,1.1486955973276611,,,194079
sens_lagged_composite,ni_c_ni_x_oil_filled,region_Wales,region_Wales,0.2133406622337026,0.07079627241546652,3.0134448461031558,0.0025829998718118366,1.2378062532707095,1.0774342476376781,1.422049024332955,,,194079
sens_lagged_composite,ni_c_ni_x_oil_filled,region_West Midlands,region_West Midlands,0.41242912315466956,0.06613875594500614,6.235816160461216,4.494286582972947e-10,1.5104824802804788,1.3268391616496786,1.7195432492341978,,,194079
sens_lagged_composite,ni_c_ni_x_oil_filled,region_Yorkshire and the Humber,region_Yorkshire and the Humber,0.3064443654814327,0.06635627174057902,4.618167317770387,3.871440420085542e-06,1.3585858811032359,1.1929013663672685,1.5472826575376621,,,194079
sens_lagged_composite,ni_c_ni_x_oil_rural_filled,region_East Midlands,region_East Midlands,0.30237865414988196,0.06695404807813826,4.516211682929059,6.295573343359989e-06,1.3530734766075996,1.1866700784589674,1.5428111539447413,,,194079
sens_lagged_composite,ni_c_ni_x_oil_rural_filled,region_East of England,region_East of England,0.033357587257238815,0.06799684766738288,0.49057549579963794,0.6237267212044029,1.033920189831082,0.9049154317459673,1.1813158682439544,,,194079
sens_lagged_composite,ni_c_ni_x_oil_rural_filled,region_London,region_London,0.18058244533910978,0.06425725270930294,2.81030448276488,0.004949465093928988,1.1979148799078434,1.0561609033605055,1.3586945463884548,,,194079
sens_lagged_composite,ni_c_ni_x_oil_rural_filled,region_North East,region_North East,0.13492576181256852,0.07942128180850816,1.6988615486953063,0.08934527341453771,1.144451819168865,0.9794764447377456,1.3372143591973926,,,194079
sens_lagged_composite,ni_c_ni_x_oil_rural_filled,region_North West,region_North West,0.28521057651858456,0.06354925217788653,4.488024118997114,7.188679190523114e-06,1.3300420742644377,1.1742813353738757,1.5064634564343284,,,194079
sens_lagged_composite,ni_c_ni_x_oil_rural_filled,region_Northern Ireland,Northern Ireland (vs South East),0.35927231592220504,0.12002933584282392,2.993204231277803,0.002760649441369462,1.4322867829663428,1.132037538649153,1.8121708500126603,,,194079
sens_lagged_composite,ni_c_ni_x_oil_rural_filled,region_Scotland,region_Scotland,0.3354888428579894,0.06668094751472227,5.031254884071915,4.87279813873182e-07,1.398623925453946,1.2272753961374065,1.5938956252270486,,,194079
sens_lagged_composite,ni_c_ni_x_oil_rural_filled,region_South West,region_South West,-0.015635347478341825,0.06962069034378514,-0.22457903535766294,0.8223067756599365,0.9844862500025539,0.8589114965212782,1.128420309158221,,,194079
sens_lagged_composite,ni_c_ni_x_oil_rural_filled,region_Wales,region_Wales,0.1939551603602975,0.07082903081657935,2.738356830867398,0.006174703889193315,1.21404184453685,1.0566809441037686,1.3948369264258225,,,194079
sens_lagged_composite,ni_c_ni_x_oil_rural_filled,region_West Midlands,region_West Midlands,0.4221680896678259,0.06625864457707545,6.371517141083959,1.8716736846113915e-10,1.5252648844047316,1.3395095407965834,1.7367796919271583,,,194079
sens_lagged_composite,ni_c_ni_x_oil_rural_filled,region_Yorkshire and the Humber,region_Yorkshire and the Humber,0.30464243169642163,0.06613790594703907,4.60616990112098,4.101533169996077e-06,1.3561400036206783,1.1912635112830268,1.5438361806612464,,,194079
sens_lagged_composite_v1,ni_a_regionFE_filled,region_East Midlands,region_East Midlands,0.33855809692501304,0.06676598092489272,5.070817386864552,3.9611071952083874e-07,1.4029232521132138,1.230842850375867,1.5990616923345504,,,194620
sens_lagged_composite_v1,ni_a_regionFE_filled,region_East of England,region_East of England,0.1052539527957775,0.06810155625885136,1.5455440165818137,0.12221473065227909,1.1109927142395237,0.9721718937232614,1.269636387415106,,,194620
sens_lagged_composite_v1,ni_a_regionFE_filled,region_London,region_London,0.15794274474638245,0.06370377726194408,2.479330920942669,0.013162912037021196,1.171099141209764,1.0336390517866683,1.326839573419391,,,194620
sens_lagged_composite_v1,ni_a_regionFE_filled,region_North East,region_North East,0.14991763600919597,0.07977226954502498,1.8793201806121314,0.06020078778183146,1.1617385533641322,0.9935875090747145,1.3583468532423937,,,194620
sens_lagged_composite_v1,ni_a_regionFE_filled,region_North West,region_North West,0.26016176661784796,0.06360695818122068,4.090146330793384,4.3110111619799035e-05,1.2971399036297098,1.1451028054747943,1.4693632061191637,,,194620
sens_lagged_composite_v1,ni_a_regionFE_filled,region_Northern Ireland,Northern Ireland (vs South East),0.9557406916140104,0.07079641640539892,13.499845615647939,1.567041744259702e-41,2.6005961094505103,2.2636583992309487,2.9876858305064116,,,194620
sens_lagged_composite_v1,ni_a_regionFE_filled,region_Scotland,region_Scotland,0.41537052574570166,0.06850696409793336,6.063186877642299,1.3345045319151862e-09,1.5149319580063232,1.3245851862264464,1.7326321185329365,,,194620
sens_lagged_composite_v1,ni_a_regionFE_filled,region_South West,region_South West,0.06985291186312921,0.07120473708400409,0.9810149538326354,0.3265853673432372,1.0723504396253027,0.9326681627348308,1.2329524168517383,,,194620
sens_lagged_composite_v1,ni_a_regionFE_filled,region_Wales,region_Wales,0.2857472896355551,0.07224946350826013,3.9550091552290385,7.653172101848244e-05,1.3307561168926998,1.1550468931240812,1.533194758749155,,,194620
sens_lagged_composite_v1,ni_a_regionFE_filled,region_West Midlands,region_West Midlands,0.43147324929134945,0.0661465899963698,6.522985528279374,6.892151513226155e-11,1.5395239562056897,1.3523290324362085,1.7526311680682054,,,194620
sens_lagged_composite_v1,ni_a_regionFE_filled,region_Yorkshire and the Humber,region_Yorkshire and the Humber,0.31399165166106086,0.06635266091605796,4.732163674012837,2.22139175759815e-06,1.3688783086395866,1.2019471009928104,1.5589935882504233,,,194620
sens_lagged_composite_v1,ni_b_oil_filled,region_East Midlands,region_East Midlands,0.31883137367728065,0.06662893863639029,4.785178635625852,1.7083532336526127e-06,1.3755193565776769,1.2071244620048855,1.5674054829254291,,,194620
sens_lagged_composite_v1,ni_b_oil_filled,region_East of England,region_East of England,0.04928540694815386,0.06800169213984406,0.7247673608886004,0.4685947624396464,1.0505201337032573,0.9194354298317808,1.200293697098253,,,194620
sens_lagged_composite_v1,ni_b_oil_filled,region_London,region_London,0.15660585702914168,0.0637789748605708,2.4554464440907466,0.014070971757202136,1.169534559220459,1.0321059879950685,1.3252622319031915,,,194620
sens_lagged_composite_v1,ni_b_oil_filled,region_North East,region_North East,0.1498395017461403,0.0799093189588933,1.8751192438921955,0.06077632067780529,1.1616477853244949,0.9932430461271532,1.3586056126050672,,,194620
sens_lagged_composite_v1,ni_b_oil_filled,region_North West,region_North West,0.26881314927750083,0.06339303054749884,4.240421178099156,2.2310076942628265e-05,1.3084106407311016,1.155536909340825,1.4815090638298565,,,194620
sens_lagged_composite_v1,ni_b_oil_filled,region_Northern Ireland,Northern Ireland (vs South East),0.3866763401915773,0.08175858203727528,4.729489315449285,2.2508529969046148e-06,1.47207996104228,1.2541179088308607,1.7279231852469301,,,194620
sens_lagged_composite_v1,ni_b_oil_filled,region_Scotland,region_Scotland,0.3665819409040638,0.0668930062924479,5.480123576766951,4.25028866805949e-08,1.4427946196022476,1.265508550696282,1.6449168306352955,,,194620
sens_lagged_composite_v1,ni_b_oil_filled,region_South West,region_South West,0.0027515774533598217,0.06995929815780842,0.03933111860489281,0.9686263967452253,1.0027553665171045,0.8742699118990956,1.1501234474541828,,,194620
sens_lagged_composite_v1,ni_b_oil_filled,region_Wales,region_Wales,0.22300307057553123,0.07039341564115108,3.1679535442966418,0.0015351604908171196,1.249824411410348,1.0887546402466461,1.4347227571892176,,,194620
sens_lagged_composite_v1,ni_b_oil_filled,region_West Midlands,region_West Midlands,0.4164294497624081,0.06610473669038139,6.299540254019361,2.9852976817130127e-10,1.5165370055020218,1.332246408854359,1.7263206519241305,,,194620
sens_lagged_composite_v1,ni_b_oil_filled,region_Yorkshire and the Humber,region_Yorkshire and the Humber,0.31202892342610555,0.0663100533153951,4.705605075326674,2.531140933119148e-06,1.3661942074752362,1.1996905003046445,1.5558067785524023,,,194620
sens_lagged_composite_v1,ni_b_oil_rural_filled,region_East Midlands,region_East Midlands,0.30515035357838977,0.06695853769097376,4.557303132674671,5.1814617649932334e-06,1.3568289917647947,1.1899532626244105,1.547106908075722,,,194620
sens_lagged_composite_v1,ni_b_oil_rural_filled,region_East of England,region_East of England,0.03363371826686422,0.06786336575693237,0.4956093452147777,0.6201700581416035,1.0342057266779465,0.9054021815583934,1.1813330107648714,,,194620
sens_lagged_composite_v1,ni_b_oil_rural_filled,region_London,region_London,0.18558426644191617,0.0641786648634803,2.891681633400877,0.0038318602663624823,1.2039216456942596,1.061620373040236,1.3652972058367234,,,194620
sens_lagged_composite_v1,ni_b_oil_rural_filled,region_North East,region_North East,0.14766625004165387,0.07969840709263938,1.8528130665147475,0.06390915673340261,1.1591259735534383,0.9914966026679101,1.3550959417822837,,,194620
sens_lagged_composite_v1,ni_b_oil_rural_filled,region_North West,region_North West,0.2853916776941611,0.06344446921994802,4.498290886551056,6.850192919392304e-06,1.3302829682600876,1.1747352499363177,1.5064268955399118,,,194620
sens_lagged_composite_v1,ni_b_oil_rural_filled,region_Northern Ireland,Northern Ireland (vs South East),0.4081979900725901,0.08148108915524005,5.009726726834492,5.450737772647872e-07,1.504104929535731,1.2820982452302971,1.764554040589389,,,194620
sens_lagged_composite_v1,ni_b_oil_rural_filled,region_Scotland,region_Scotland,0.3382505516063088,0.06655295793576689,5.0824270189879295,3.7264250496491956e-07,1.4024918559748567,1.230978216152426,1.5979026925625432,,,194620
sens_lagged_composite_v1,ni_b_oil_rural_filled,region_South West,region_South West,-0.015138194945215108,0.06962411476910235,-0.21742746741439511,0.8278752272666543,0.9849758115188617,0.8593328450628286,1.12898902311398,,,194620
sens_lagged_composite_v1,ni_b_oil_rural_filled,region_Wales,region_Wales,0.2030598764682545,0.07042753367213817,2.883245598426898,0.00393600431517455,1.2251458234563573,1.067185113487343,1.406487281131248,,,194620
sens_lagged_composite_v1,ni_b_oil_rural_filled,region_West Midlands,region_West Midlands,0.42601525460569056,0.0662323206299621,6.432135406908426,1.25823571308615e-10,1.5311441319550858,1.34474215930635,1.7433842886503919,,,194620
sens_lagged_composite_v1,ni_b_oil_rural_filled,region_Yorkshire and the Humber,region_Yorkshire and the Humber,0.3103316796730381,0.06609592788509627,4.695170937194962,2.6638387020781894e-06,1.363877409532694,1.1981587955999766,1.5525167407398097,,,194620
sens_lagged_composite_v1,ni_c_ni_x_oil_filled,region_East Midlands,region_East Midlands,0.31890925814542764,0.06663134892250411,4.78617442543954,1.6999033632125304e-06,1.3756264923432417,1.2072127789369511,1.5675349693555574,,,194620
sens_lagged_composite_v1,ni_c_ni_x_oil_filled,region_East of England,region_East of England,0.04952758421597925,0.06808421929130905,0.7274458711800408,0.46695286282083004,1.0507745766079333,0.9195093802602001,1.2007786266771294,,,194620
sens_lagged_composite_v1,ni_c_ni_x_oil_filled,region_London,region_London,0.1564844129225764,0.06377615652730331,2.4536507284753606,0.014141426026314075,1.1693925347650083,1.0319863529194502,1.3250939767716745,,,194620
sens_lagged_composite_v1,ni_c_ni_x_oil_filled,region_North East,region_North East,0.14975850660188464,0.07991304286377895,1.8740183233563683,0.06092789963694481,1.161553701304774,0.9931553527324555,1.3585054919180213,,,194620
sens_lagged_composite_v1,ni_c_ni_x_oil_filled,region_North West,region_North West,0.26873208517704217,0.06339941956014572,4.238715228648136,2.2480259853779185e-05,1.3083045798984012,1.1554287719365275,1.4814075219144365,,,194620
sens_lagged_composite_v1,ni_c_ni_x_oil_filled,region_Northern Ireland,Northern Ireland (vs South East),0.37560972077523336,0.11966713386471374,3.138787640722374,0.0016964834294831586,1.4558788236198406,1.151501160699525,1.8407129939643885,,,194620
sens_lagged_composite_v1,ni_c_ni_x_oil_filled,region_Scotland,region_Scotland,0.366740399169354,0.06691186759948455,5.480946987828198,4.23055241926598e-08,1.4430232604493773,1.2656623076605802,1.6452383211497028,,,194620
sens_lagged_composite_v1,ni_c_ni_x_oil_filled,region_South West,region_South West,0.0030468313518567584,0.0699917610107187,0.04353128579505464,0.9652780256981272,1.003051477660141,0.8744724406365474,1.1505362777400068,,,194620
sens_lagged_composite_v1,ni_c_ni_x_oil_filled,region_Wales,region_Wales,0.22326982222519176,0.0704368034642246,3.1697892471595797,0.0015254954080686546,1.2501578486043614,1.0889524991809096,1.4352275674124138,,,194620
sens_lagged_composite_v1,ni_c_ni_x_oil_filled,region_West Midlands,region_West Midlands,0.4164726470450704,0.06610545211391847,6.300125537714647,2.9740467125644294e-10,1.5166025171946695,1.332302091360946,1.7263976466566033,,,194620
sens_lagged_composite_v1,ni_c_ni_x_oil_filled,region_Yorkshire and the Humber,region_Yorkshire and the Humber,0.31199258580394623,0.06630984338435927,4.70507197544576,2.5377640604036283e-06,1.3661445641282948,1.1996474008001183,1.5557496051360633,,,194620
sens_lagged_composite_v1,ni_c_ni_x_oil_rural_filled,region_East Midlands,region_East Midlands,0.3053631500586301,0.0669522672482048,4.560908280022702,5.093282650105605e-06,1.3571177509209067,1.1902211349739957,1.5474171443820475,,,194620
sens_lagged_composite_v1,ni_c_ni_x_oil_rural_filled,region_East of England,region_East of England,0.034444804272959546,0.06793293234805932,0.5070413285927227,0.6121258205301676,1.0350448967438226,0.9060132969574026,1.1824527762154904,,,194620
sens_lagged_composite_v1,ni_c_ni_x_oil_rural_filled,region_London,region_London,0.1852828619344588,0.06417447817717543,2.8871736428136208,0.0038871963730418343,1.2035588329630647,1.0613091528975191,1.364874561242277,,,194620
sens_lagged_composite_v1,ni_c_ni_x_oil_rural_filled,region_North East,region_North East,0.14734968033051504,0.07970399962709236,1.848711244353026,0.06449951917333156,1.1587590874543943,0.9911719100921736,1.3546818761573605,,,194620
sens_lagged_composite_v1,ni_c_ni_x_oil_rural_filled,region_North West,region_North West,0.28517858918512223,0.06344988534762112,4.494548534212823,6.971770148944374e-06,1.3299995304455245,1.1744724864427027,1.50612191550186,,,194620
sens_lagged_composite_v1,ni_c_ni_x_oil_rural_filled,region_Northern Ireland,Northern Ireland (vs South East),0.36727671446232985,0.1198967219164854,3.063275697547078,0.0021892825999126537,1.4437973834605258,1.141431820987581,1.8262596557750432,,,194620
sens_lagged_composite_v1,ni_c_ni_x_oil_rural_filled,region_Scotland,region_Scotland,0.33867784838637227,0.06657104122316897,5.087465092381655,3.6288115170411675e-07,1.4030912642824798,1.2314606746423198,1.5986422761551928,,,194620
sens_lagged_composite_v1,ni_c_ni_x_oil_rural_filled,region_South West,region_South West,-0.014144341300181445,0.06963969959954827,-0.20310744275917575,0.8390510544962483,0.9859552199331038,0.8601610460566753,1.13014615131651,,,194620
sens_lagged_composite_v1,ni_c_ni_x_oil_rural_filled,region_Wales,region_Wales,0.2039416408516005,0.07046830138460285,2.8940904895454347,0.003802585590665573,1.2262265898285074,1.0680411909356415,1.407840504995146,,,194620
sens_lagged_composite_v1,ni_c_ni_x_oil_rural_filled,region_West Midlands,region_West Midlands,0.42623252666419276,0.06622504834042509,6.436122544949687,1.225640931959578e-10,1.53147684293559,1.3450535374303405,1.7437382640759234,,,194620
sens_lagged_composite_v1,ni_c_ni_x_oil_rural_filled,region_Yorkshire and the Humber,region_Yorkshire and the Humber,0.3101850707654422,0.0660918773629609,4.693240427442837,2.6891113592271446e-06,1.363677467612579,1.197992658403127,1.5522768212561882,,,194620
sens_month_fe,ni_a_regionFE_filled,region_East Midlands,region_East Midlands,0.32104451812604456,0.06026087293254004,5.327578285920995,9.953088421399559e-08,1.3785669507449825,1.2249933035614762,1.5513936542845315,,,221778
sens_month_fe,ni_a_regionFE_filled,region_East of England,region_East of England,0.07879934683459118,0.06196089983356172,1.2717592392341073,0.2034586754747565,1.081987196131704,0.9582545894847688,1.221696515142602,,,221778
sens_month_fe,ni_a_regionFE_filled,region_London,region_London,0.06252391199526819,0.058506022784820054,1.068674796528651,0.28521623206123026,1.0645199134086567,0.9491904785075788,1.1938622138575592,,,221778
sens_month_fe,ni_a_regionFE_filled,region_North East,region_North East,0.1570273160360784,0.07492641397798741,2.0957537896076457,0.03610403754031715,1.1700275739798238,1.0102261767392011,1.3551069605935606,,,221778
sens_month_fe,ni_a_regionFE_filled,region_North West,region_North West,0.27341079826588066,0.05697353023144336,4.7989091979241065,1.595320952383751e-06,1.314440103645795,1.175560118890295,1.469727288556992,,,221778
sens_month_fe,ni_a_regionFE_filled,region_Northern Ireland,Northern Ireland (vs South East),0.927146099621412,0.065456226119634,14.164368381502348,1.522294572531244e-45,2.527286252572984,2.2229924837850805,2.873233197608018,,,221778
sens_month_fe,ni_a_regionFE_filled,region_Scotland,region_Scotland,0.43360058862798534,0.0615188590299294,7.048254721646175,1.8117576220004906e-12,1.5428025321627674,1.3675568690054334,1.7405050621250546,,,221778
sens_month_fe,ni_a_regionFE_filled,region_South West,region_South West,0.07193700249691894,0.06334198445034356,1.1356922761602672,0.25608537426804145,1.0745876455929047,0.9491285741397343,1.2166303275691885,,,221778
sens_month_fe,ni_a_regionFE_filled,region_Wales,region_Wales,0.29102022839537534,0.06686185959811065,4.352559592937179,1.3455728016017704e-05,1.337791645054659,1.1734796462118604,1.5251108030338516,,,221778
sens_month_fe,ni_a_regionFE_filled,region_West Midlands,region_West Midlands,0.420340685946977,0.059935432877720345,7.013225161892994,2.3288620185506442e-12,1.5224801548671942,1.3537376494915287,1.7122563022717652,,,221778
sens_month_fe,ni_a_regionFE_filled,region_Yorkshire and the Humber,region_Yorkshire and the Humber,0.30640181079340995,0.058795919404775715,5.211276801099268,1.8754538301229473e-07,1.3585280681350285,1.210657894511891,1.5244591558664842,,,221778
sens_month_fe,ni_b_oil_filled,region_East Midlands,region_East Midlands,0.3057394263317104,0.05991841607709452,5.102595267844335,3.3502699745067147e-07,1.3576284982153723,1.2071974170033009,1.5268050719839203,,,221778
sens_month_fe,ni_b_oil_filled,region_East of England,region_East of England,0.02843176174501623,0.061669465157476226,0.4610346736819304,0.6447737286639964,1.0288398022063336,0.9117055809720345,1.1610232082548109,,,221778
sens_month_fe,ni_b_oil_filled,region_London,region_London,0.0625582935239806,0.058593892386034775,1.06765894833931,0.2856743825080905,1.0645565138598105,0.94905965136984,1.194108894594365,,,221778
sens_month_fe,ni_b_oil_filled,region_North East,region_North East,0.1588137442377529,0.07489278473046207,2.120547991496391,0.03395985879506846,1.1721196123164954,1.0120991936110808,1.3574404507478601,,,221778
sens_month_fe,ni_b_oil_filled,region_North West,region_North West,0.2832589274517443,0.0567481662656049,4.991508027342686,5.990969251502977e-07,1.327448830265581,1.187718886461966,1.4836173921781675,,,221778
sens_month_fe,ni_b_oil_filled,region_Northern Ireland,Northern Ireland (vs South East),0.3841164054981009,0.07603330461583455,5.051949371908604,4.3732363281324083e-07,1.4683163518306603,1.2650275072762804,1.704273540814352,,,221778
sens_month_fe,ni_b_oil_filled,region_Scotland,region_Scotland,0.387097842393974,0.05997495880330052,6.454324440030651,1.0870270924683401e-10,1.4727005767742236,1.3093738988643595,1.656400047925353,,,221778
sens_month_fe,ni_b_oil_filled,region_South West,region_South West,0.010074213625100416,0.0621735750105192,0.16203368751750163,0.8712793255910383,1.010125129350177,0.8942376117341835,1.141030933563569,,,221778
sens_month_fe,ni_b_oil_filled,region_Wales,region_Wales,0.23000017341801415,0.0648645844296684,3.5458513369094278,0.0003913469177019034,1.2586002281934112,1.108345013703146,1.4292251192757004,,,221778
sens_month_fe,ni_b_oil_filled,region_West Midlands,region_West Midlands,0.4089721637310333,0.0597635037726294,6.843175816581476,7.745649040185986e-12,1.5052698188068254,1.3388858980103464,1.6923303403059846,,,221778
sens_month_fe,ni_b_oil_filled,region_Yorkshire and the Humber,region_Yorkshire and the Humber,0.3063177000816966,0.058853877957487526,5.204715657020289,1.9429387243683807e-07,1.3584138061777298,1.2104185621619266,1.524504106677281,,,221778
sens_month_fe,ni_b_oil_rural_filled,region_East Midlands,region_East Midlands,0.29391813649274734,0.06021545019333054,4.881108345932481,1.054912608799482e-06,1.3416740650265915,1.1923164633574916,1.5097412072093974,,,221778
sens_month_fe,ni_b_oil_rural_filled,region_East of England,region_East of England,0.01476130730892167,0.0616498571718358,0.239437818449079,0.8107661078037974,1.0148707934619041,0.8993615175170017,1.1452154749355554,,,221778
sens_month_fe,ni_b_oil_rural_filled,region_London,region_London,0.08771175313746528,0.05902249978493214,1.4860731662852615,0.13725976909056564,1.0916734052383403,0.9724173242592891,1.2255549073155967,,,221778
sens_month_fe,ni_b_oil_rural_filled,region_North East,region_North East,0.15700762075845007,0.07466292610919137,2.102885982915176,0.03547573741476746,1.170004530188849,1.0107281125117555,1.3543806526371929,,,221778
sens_month_fe,ni_b_oil_rural_filled,region_North West,region_North West,0.2976515440095275,0.05686164178639797,5.234663204549425,1.6528597025576264e-07,1.3466924430621874,1.204668920003126,1.5054597209962857,,,221778
sens_month_fe,ni_b_oil_rural_filled,region_Northern Ireland,Northern Ireland (vs South East),0.40123759697012523,0.07586162008548124,5.289072346701913,1.2293826147558074e-07,1.493672118312342,1.287305859944888,1.7331206719739431,,,221778
sens_month_fe,ni_b_oil_rural_filled,region_Scotland,region_Scotland,0.36163868668108434,0.05978255308240699,6.049234568195592,1.4553562999333661e-09,1.4356801178886769,1.276940568124171,1.6141529624426612,,,221778
sens_month_fe,ni_b_oil_rural_filled,region_South West,region_South West,-0.006145432552902283,0.061920777243735556,-0.09924669596300988,0.920942399828704,0.9938734119953344,0.880286438792393,1.122116978680626,,,221778
sens_month_fe,ni_b_oil_rural_filled,region_Wales,region_Wales,0.21212907201462497,0.06467206899228221,3.2800724535338412,0.0010378043087626216,1.2363074474737032,1.0891244820283361,1.4033805408840103,,,221778
sens_month_fe,ni_b_oil_rural_filled,region_West Midlands,region_West Midlands,0.41699009234551687,0.0599035304149024,6.961026995527143,3.378010283498988e-12,1.51738747910975,1.3492937807275418,1.7064221258898473,,,221778
sens_month_fe,ni_b_oil_rural_filled,region_Yorkshire and the Humber,region_Yorkshire and the Humber,0.3047793400141908,0.05873290331348664,5.189243555480857,2.1115007336631047e-07,1.3563256831774815,1.2088445243519992,1.5217998028596682,,,221778
sens_month_fe,ni_c_ni_x_oil_filled,region_East Midlands,region_East Midlands,0.30551833310501547,0.05992232985498374,5.098572332624438,3.422247606654652e-07,1.3573283689295477,1.2069212851699933,1.5264792524074635,,,221778
sens_month_fe,ni_c_ni_x_oil_filled,region_East of England,region_East of England,0.027570963337415384,0.06173213485063151,0.4466225476265598,0.6551476128374973,1.0279545596052906,0.910809242056501,1.1601667262701711,,,221778
sens_month_fe,ni_c_ni_x_oil_filled,region_London,region_London,0.06300281046846037,0.058591649393489084,1.0752865147274975,0.28224647184171825,1.0650298324598528,0.9494857923506107,1.1946345623785914,,,221778
sens_month_fe,ni_c_ni_x_oil_filled,region_North East,region_North East,0.15912549717012034,0.07488835074638488,2.1248364476473918,0.03360026239921673,1.1724850810077285,1.0124235660677892,1.3578519023663778,,,221778
sens_month_fe,ni_c_ni_x_oil_filled,region_North West,region_North West,0.2835874031829414,0.056750235242823015,4.997114143571865,5.819462569405548e-07,1.3278849366119834,1.188104269457767,1.484110822769575,,,221778
sens_month_fe,ni_c_ni_x_oil_filled,region_Northern Ireland,Northern Ireland (vs South East),0.42938881592313444,0.11310789997613614,3.7962760869375898,0.00014688591015085258,1.5363182632875427,1.230845591076032,1.917603494072273,,,221778
sens_month_fe,ni_c_ni_x_oil_filled,region_Scotland,region_Scotland,0.3865092461312837,0.059978827816807224,6.44409469474454,1.1629246287969603e-10,1.471834005773917,1.3085935097813475,1.6554379372662944,,,221778
sens_month_fe,ni_c_ni_x_oil_filled,region_South West,region_South West,0.009021545068941504,0.06218990451920617,0.14506446245074026,0.8846599762974132,1.0090623618578236,0.8932681814740769,1.1398669192916262,,,221778
sens_month_fe,ni_c_ni_x_oil_filled,region_Wales,region_Wales,0.22897812666098685,0.0649056304003315,3.527862301755217,0.00041893002248996267,1.2573145370419454,1.1071237417917457,1.4278799969537312,,,221778
sens_month_fe,ni_c_ni_x_oil_filled,region_West Midlands,region_West Midlands,0.40885368547167283,0.05977013217018035,6.840434689144827,7.895323677732064e-12,1.5050914876232182,1.3387098866803289,1.6921518311433852,,,221778
sens_month_fe,ni_c_ni_x_oil_filled,region_Yorkshire and the Humber,region_Yorkshire and the Humber,0.3064799117150551,0.058854861039501334,5.207384849814809,1.915206126790379e-07,1.358634174572682,1.2106125894423911,1.5247543569384236,,,221778
sens_month_fe,ni_c_ni_x_oil_rural_filled,region_East Midlands,region_East Midlands,0.29385837108752405,0.06021694411804322,4.879994748844673,1.0608866527489427e-06,1.341593881728535,1.1922417152753695,1.509655399933499,,,221778
sens_month_fe,ni_c_ni_x_oil_rural_filled,region_East of England,region_East of England,0.014440193334784768,0.061706126207409756,0.23401555440780156,0.8149729032322424,1.0145449565863671,0.8989736173022428,1.1449740561060016,,,221778
sens_month_fe,ni_c_ni_x_oil_rural_filled,region_London,region_London,0.08783413918786562,0.05901984075732954,1.4882137610132011,0.13669452931785842,1.0918070190107987,0.9725414103398318,1.22569851945401,,,221778
sens_month_fe,ni_c_ni_x_oil_rural_filled,region_North East,region_North East,0.15714366754672016,0.0746643140804391,2.104669003955792,0.03532013040685971,1.170163716375582,1.0108628782508622,1.3545686092373288,,,221778
sens_month_fe,ni_c_ni_x_oil_rural_filled,region_North West,region_North West,0.2977520333399223,0.05686388178420267,5.236224190073507,1.638948575970833e-07,1.3468277780837874,1.2047846930629371,1.5056176213581363,,,221778
sens_month_fe,ni_c_ni_x_oil_rural_filled,region_Northern Ireland,Northern Ireland (vs South East),0.42000940945376325,0.11334100331995837,3.70571458828619,0.00021079557023345806,1.5219758765128966,1.2187979973250544,1.9005697201432235,,,221778
sens_month_fe,ni_c_ni_x_oil_rural_filled,region_Scotland,region_Scotland,0.3614627004741233,0.05978919419749698,6.045619201358222,1.4883725947078737e-09,1.4354274802213447,1.27669924590229,1.6138899255935588,,,221778
sens_month_fe,ni_c_ni_x_oil_rural_filled,region_South West,region_South West,-0.006539070260628399,0.06193418976375754,-0.10558094463770498,0.9159148442102131,0.9934822629342273,0.8799168614400793,1.121704845102717,,,221778
sens_month_fe,ni_c_ni_x_oil_rural_filled,region_Wales,region_Wales,0.21175061439874837,0.06471567617332,3.2720142463109383,0.0010678419512874494,1.235839646031735,1.0886193259196149,1.4029694258951835,,,221778
sens_month_fe,ni_c_ni_x_oil_rural_filled,region_West Midlands,region_West Midlands,0.41691846949726824,0.05990856212408223,6.959246804050302,3.420967477255832e-12,1.5172788033884779,1.3491838382500927,1.7063167390130227,,,221778
sens_month_fe,ni_c_ni_x_oil_rural_filled,region_Yorkshire and the Humber,region_Yorkshire and the Humber,0.30485227630123846,0.05873241955673868,5.190528137645253,2.0969842902861806e-07,1.3564246121445516,1.2089338424436535,1.5219093583421226,,,221778
sens_fes_4term,ni_a_regionFE_filled,region_East Midlands,region_East Midlands,0.31557415782269016,0.06039081729330993,5.225532158142349,1.736549349011112e-07,1.3710462819606564,1.2180001968813832,1.5433231555226123,,,221778
sens_fes_4term,ni_a_regionFE_filled,region_East of England,region_East of England,0.078682133426289,0.062094728734195276,1.2671306410419847,0.20510858098732565,1.0818603801571176,0.9578909881869846,1.2218737795717018,,,221778
sens_fes_4term,ni_a_regionFE_filled,region_London,region_London,0.06307903530226151,0.058865298689480115,1.071582693141663,0.2839075102560207,1.0651110172759355,0.9490490174042691,1.1953665809859095,,,221778
sens_fes_4term,ni_a_regionFE_filled,region_North East,region_North East,0.1569418608003275,0.07514877146349278,2.0884155222227383,0.036760368493128914,1.1699275932696527,1.0096997154880987,1.3555818155619308,,,221778
sens_fes_4term,ni_a_regionFE_filled,region_North West,region_North West,0.27151544400497146,0.057178496862169574,4.7485586174024,2.0487151159279846e-06,1.3119511334798528,1.1728628606152836,1.4675337027349653,,,221778
sens_fes_4term,ni_a_regionFE_filled,region_Northern Ireland,Northern Ireland (vs South East),0.9255128069279257,0.06573342479450626,14.079789845443688,5.055991971036807e-45,2.5231618235191036,2.2181591978322683,2.8701030989506346,,,221778
sens_fes_4term,ni_a_regionFE_filled,region_Scotland,region_Scotland,0.43499106598086223,0.06146100058995856,7.07751357455008,1.4676382076402747e-12,1.5449492562834592,1.3696150546785626,1.7427292408457005,,,221778
sens_fes_4term,ni_a_regionFE_filled,region_South West,region_South West,0.06921124310414732,0.06338668939684536,1.0918892241056501,0.2748817947170805,1.0716625665664425,0.9464620679930537,1.2134249172975877,,,221778
sens_fes_4term,ni_a_regionFE_filled,region_Wales,region_Wales,0.2914341301297782,0.06708015923197098,4.3445652703650435,1.3955174721768626e-05,1.338345473944279,1.1734632672659702,1.5263951225336152,,,221778
sens_fes_4term,ni_a_regionFE_filled,region_West Midlands,region_West Midlands,0.4199204972893144,0.06019149377516831,6.976409305571187,3.0281966781751954e-12,1.5218405603591922,1.3524899990782695,1.712396167611404,,,221778
sens_fes_4term,ni_a_regionFE_filled,region_Yorkshire and the Humber,region_Yorkshire and the Humber,0.30560669065881557,0.05943328236627554,5.142012665149841,2.718107889201283e-07,1.357448304442456,1.2081854400881518,1.5251515521485293,,,221778
sens_fes_4term,ni_b_oil_filled,region_East Midlands,region_East Midlands,0.30066013632609406,0.060042042974684906,5.007493440102617,5.514343033890205e-07,1.3507501925954273,1.200790265394487,1.519437769756724,,,221778
sens_fes_4term,ni_b_oil_filled,region_East of England,region_East of England,0.028687873651022957,0.06176296357269936,0.46448343783334345,0.6423014228677111,1.0291033340744362,0.9117720087831799,1.161533433798322,,,221778
sens_fes_4term,ni_b_oil_filled,region_London,region_London,0.06325774761303099,0.05896490286807693,1.072803388730386,0.28335934005305996,1.065301382736878,0.9490333503552955,1.195813651476249,,,221778
sens_fes_4term,ni_b_oil_filled,region_North East,region_North East,0.15858989101027565,0.07515298093702133,2.1102275522933014,0.034838760400685106,1.1718572589237113,1.0113567589008503,1.3578288998480137,,,221778
sens_fes_4term,ni_b_oil_filled,region_North West,region_North West,0.28143608419251037,0.0569517416680727,4.941658954572134,7.746062634594817e-07,1.3250313031692438,1.185082890187739,1.481506457409277,,,221778
sens_fes_4term,ni_b_oil_filled,region_Northern Ireland,Northern Ireland (vs South East),0.3826294760740536,0.07606677572162607,5.030178713954227,4.900228713715115e-07,1.4661346914327966,1.2630650359077553,1.701852931015445,,,221778
sens_fes_4term,ni_b_oil_filled,region_Scotland,region_Scotland,0.3887293016537947,0.05993869392481331,6.485448317265873,8.84683230032963e-11,1.4751051887470252,1.3116050552996996,1.6589866813003393,,,221778
sens_fes_4term,ni_b_oil_filled,region_South West,region_South West,0.007017146452226248,0.06230971835611245,0.11261720703216564,0.910334042598036,1.0070418243133443,0.8912701868994436,1.1378516311022604,,,221778
sens_fes_4term,ni_b_oil_filled,region_Wales,region_Wales,0.23050072292639678,0.06518342680965573,3.5361860247005654,0.00040594872934238585,1.2592303776162186,1.108207177324268,1.4308345734955572,,,221778
sens_fes_4term,ni_b_oil_filled,region_West Midlands,region_West Midlands,0.40833799733697806,0.06009254234007356,6.795152633518588,1.0819791495383796e-11,1.5043155298947137,1.3371744637985203,1.6923485115427592,,,221778
sens_fes_4term,ni_b_oil_filled,region_Yorkshire and the Humber,region_Yorkshire and the Humber,0.30589247810594017,0.059491895071908094,5.141750447455182,2.721905040688816e-07,1.3578363015676993,1.20839194708318,1.5257627513204002,,,221778
sens_fes_4term,ni_b_oil_rural_filled,region_East Midlands,region_East Midlands,0.28838985972956843,0.06033347228140415,4.77993141824286,1.7535500169851186e-06,1.3342773837577455,1.1854689408669556,1.5017653144969367,,,221778
sens_fes_4term,ni_b_oil_rural_filled,region_East of England,region_East of England,0.014777896584835797,0.06170586241668145,0.23948934519454615,0.8107261574213201,1.0148876295731633,0.8992777198260694,1.1453601906870852,,,221778
sens_fes_4term,ni_b_oil_rural_filled,region_London,region_London,0.08868950186596826,0.05938848917200042,1.4933786513596348,0.13533809800784632,1.092741309508198,0.9726705967927464,1.2276340761641455,,,221778
sens_fes_4term,ni_b_oil_rural_filled,region_North East,region_North East,0.15665715449490195,0.07489434923442799,2.0917086014666726,0.03646459060207158,1.1695945549182665,1.0099157659744122,1.3545203164291595,,,221778
sens_fes_4term,ni_b_oil_rural_filled,region_North West,region_North West,0.29579815604791637,0.05704892559782799,5.184990829330855,2.1602549489350678e-07,1.3441988110478131,1.2019969714523713,1.5032237905217978,,,221778
sens_fes_4term,ni_b_oil_rural_filled,region_Northern Ireland,Northern Ireland (vs South East),0.39990425398733903,0.07588150399779328,5.270115020373986,1.3633829651735947e-07,1.4916818682126654,1.2855404827487278,1.7308788216429503,,,221778
sens_fes_4term,ni_b_oil_rural_filled,region_Scotland,region_Scotland,0.362629456314688,0.05971666511038248,6.072500124452535,1.2593400106174529e-09,1.4371032510351873,1.278371424744821,1.6155443669653033,,,221778
sens_fes_4term,ni_b_oil_rural_filled,region_South West,region_South West,-0.009586070204792628,0.06202967003535478,-0.1545400805667497,0.8771839110640475,0.9904597297023183,0.8770756858776095,1.1185015067204627,,,221778
sens_fes_4term,ni_b_oil_rural_filled,region_Wales,region_Wales,0.21218415543889524,0.06496075284535732,3.2663438483234852,0.0010894587426432843,1.2363755493969875,1.0885683792804577,1.404252161133985,,,221778
sens_fes_4term,ni_b_oil_rural_filled,region_West Midlands,region_West Midlands,0.416316462009959,0.06022845055528982,6.9122890954629455,4.768947144569448e-12,1.5163656650741313,1.3475267404271294,1.7063593331638647,,,221778
sens_fes_4term,ni_b_oil_rural_filled,region_Yorkshire and the Humber,region_Yorkshire and the Humber,0.3042093152171841,0.0593657630478339,5.124322498340799,2.986095040121745e-07,1.3555527642176683,1.2066580035057708,1.5228202947641358,,,221778
sens_fes_4term,ni_c_ni_x_oil_filled,region_East Midlands,region_East Midlands,0.3004667524882501,0.06004518284285067,5.004010950797287,5.614956518412324e-07,1.3504890045947977,1.2005506861703368,1.5191533123430991,,,221778
sens_fes_4term,ni_c_ni_x_oil_filled,region_East of England,region_East of England,0.027938963003570343,0.06182400305673334,0.4519112581230288,0.6513329137105641,1.0283329161533195,0.9109804368079678,1.160802739244006,,,221778
sens_fes_4term,ni_c_ni_x_oil_filled,region_London,region_London,0.06365293778079857,0.05896293247694851,1.0795415883645816,0.2803463646194889,1.0657224625668689,0.9494121396453015,1.1962816987403497,,,221778
sens_fes_4term,ni_c_ni_x_oil_filled,region_North East,region_North East,0.15886307515785947,0.07515015556720704,2.113942066504276,0.034520215735775,1.1721774354816692,1.011638685335155,1.3581923666720765,,,221778
sens_fes_4term,ni_c_ni_x_oil_filled,region_North West,region_North West,0.2817257270650446,0.056953902639089234,4.946557022620738,7.553760705588414e-07,1.3254151446278795,1.1854211699415969,1.481941903986321,,,221778
sens_fes_4term,ni_c_ni_x_oil_filled,region_Northern Ireland,Northern Ireland (vs South East),0.4224029484267252,0.11337817293739776,3.725610825109669,0.00019484282268498353,1.5256231482915348,1.2216297315577704,1.9052630518700722,,,221778
sens_fes_4term,ni_c_ni_x_oil_filled,region_Scotland,region_Scotland,0.388217789854414,0.0599428309951551,6.476467384161283,9.389490100741413e-11,1.474350847981202,1.3109236957160293,1.6581517521167426,,,221778
sens_fes_4term,ni_c_ni_x_oil_filled,region_South West,region_South West,0.0060848214992883665,0.06232419775702038,0.09763176612414484,0.9222246992779026,1.0061033716312888,0.8904143511830438,1.136823539583493,,,221778
sens_fes_4term,ni_c_ni_x_oil_filled,region_Wales,region_Wales,0.22959946628639646,0.065230125424136,3.5198378784879916,0.0004318106524516274,1.2580959991369547,1.1071075126563827,1.4296764541382656,,,221778
sens_fes_4term,ni_c_ni_x_oil_filled,region_West Midlands,region_West Midlands,0.4082280566118947,0.060100291077735006,6.792447245952333,1.1024713594635952e-11,1.5041501534455728,1.3370071563375285,1.692188163231625,,,221778
sens_fes_4term,ni_c_ni_x_oil_filled,region_Yorkshire and the Humber,region_Yorkshire and the Humber,0.30604079087638264,0.059493395130066275,5.144113732411925,2.6878666998165205e-07,1.3580377009660745,1.2085676270650751,1.525993544708704,,,221778
sens_fes_4term,ni_c_ni_x_oil_rural_filled,region_East Midlands,region_East Midlands,0.2883494021000173,0.060334256121506336,4.77919876097112,1.7599514457842081e-06,1.334223403149606,1.1854191594149668,1.5017068649292495,,,221778
sens_fes_4term,ni_c_ni_x_oil_rural_filled,region_East of England,region_East of England,0.014560254517547423,0.06176055318243629,0.2357533047759055,0.8136241042338587,1.0146667713662876,0.8989856512880807,1.1452336924841158,,,221778
sens_fes_4term,ni_c_ni_x_oil_rural_filled,region_London,region_London,0.08877505568090825,0.059385744466048974,1.4948883183852522,0.13494359146640938,1.0928348016952185,0.9727590490001586,1.227732504800408,,,221778
sens_fes_4term,ni_c_ni_x_oil_rural_filled,region_North East,region_North East,0.1567501876041375,0.07489615317434102,2.0929003822033305,0.036358048131653484,1.169703370997926,1.0100061549069064,1.3546511271013209,,,221778
sens_fes_4term,ni_c_ni_x_oil_rural_filled,region_North West,region_North West,0.29586772233686204,0.05705130298458654,5.185994129122627,2.1486557780803713e-07,1.3442923252233823,1.202074991637006,1.5033353727736394,,,221778
sens_fes_4term,ni_c_ni_x_oil_rural_filled,region_Northern Ireland,Northern Ireland (vs South East),0.4127717555582306,0.11363182527688126,3.6325365235703053,0.00028064883722310756,1.51100010919639,1.2093190958550437,1.8879395337565816,,,221778
sens_fes_4term,ni_c_ni_x_oil_rural_filled,region_Scotland,region_Scotland,0.36251098375793034,0.05972387553957394,6.069783323383378,1.2808294088288498e-09,1.436933003823723,1.278201917875566,1.615375809253695,,,221778
sens_fes_4term,ni_c_ni_x_oil_rural_filled,region_South West,region_South West,-0.009858147686638239,0.062039610839554664,-0.15890086274288762,0.8737469809617844,0.9901902845698302,0.8768200020013511,1.1182190157826377,,,221778
sens_fes_4term,ni_c_ni_x_oil_rural_filled,region_Wales,region_Wales,0.2119238122933102,0.06500788118557052,3.259971074712552,0.0011142357657459394,1.2360537093935702,1.0881844947715877,1.4040163040792994,,,221778
sens_fes_4term,ni_c_ni_x_oil_rural_filled,region_West Midlands,region_West Midlands,0.4162656249551404,0.06023312166273778,6.910909039148409,4.815577743132774e-12,1.51628857946911,1.3474459016812284,1.7062882104281825,,,221778
sens_fes_4term,ni_c_ni_x_oil_rural_filled,region_Yorkshire and the Humber,region_Yorkshire and the Humber,0.3042613218279659,0.059365053611825265,5.1252597836003355,2.971277738893744e-07,1.3556232637558763,1.2067224372397565,1.5228973760028048,,,221778
sens_outcome_s1,ni_a_regionFE_filled,region_East Midlands,region_East Midlands,0.3467513728278312,0.05963404032015846,5.814655035382815,6.075905156908043e-09,1.4144650072140197,1.2584374112601187,1.589837713605139,,,249076
sens_outcome_s1,ni_a_regionFE_filled,region_East of England,region_East of England,0.09687572935290069,0.06085544775515362,1.5918990480962594,0.11140738949063335,1.1017234532271367,0.9778502331519517,1.241288825465884,,,249076
sens_outcome_s1,ni_a_regionFE_filled,region_London,region_London,0.04371384011270988,0.05766821839895606,0.7580230727832092,0.4484371702657647,1.0446833656369543,0.9330338565093249,1.1696931754669364,,,249076
sens_outcome_s1,ni_a_regionFE_filled,region_North East,region_North East,0.20123352869093714,0.07322739224663301,2.7480635663383173,0.005994838547493901,1.2229103231267116,1.0594082284738162,1.4116462551591749,,,249076
sens_outcome_s1,ni_a_regionFE_filled,region_North West,region_North West,0.2896701134546301,0.05595631646321019,5.1767187649866235,2.258222259302763e-07,1.335986691288764,1.1972146675650643,1.4908441131370433,,,249076
sens_outcome_s1,ni_a_regionFE_filled,region_Northern Ireland,Northern Ireland (vs South East),1.025909200385437,0.06466017746203447,15.866167410193153,1.0867775876042504e-56,2.789630641151789,2.457581119203352,3.166544149141071,,,249076
sens_outcome_s1,ni_a_regionFE_filled,region_Scotland,region_Scotland,0.4595437995047694,0.06007599036987413,7.649375344051149,2.019579455120643e-14,1.5833514944708431,1.4074745822046502,1.7812058467983958,,,249076
sens_outcome_s1,ni_a_regionFE_filled,region_South West,region_South West,0.10326098052772772,0.06264091051510204,1.6484591248531202,0.09925849187532562,1.108780741502352,0.9806761972711747,1.2536194272354257,,,249076
sens_outcome_s1,ni_a_regionFE_filled,region_Wales,region_Wales,0.31500858259342923,0.06655221405777371,4.733254739203289,2.2094790403291883e-06,1.3702710713860227,1.2026995316859803,1.5611902720584436,,,249076
sens_outcome_s1,ni_a_regionFE_filled,region_West Midlands,region_West Midlands,0.43980458080602125,0.05918497590032506,7.431017316737739,1.07765601121798e-13,1.5524038193641836,1.382376555452164,1.7433438153095897,,,249076
sens_outcome_s1,ni_a_regionFE_filled,region_Yorkshire and the Humber,region_Yorkshire and the Humber,0.3245931668612715,0.05806080711035438,5.590572763556788,2.263218189426886e-08,1.3834676909710921,1.234660552483853,1.5502097707020703,,,249076
sens_outcome_s1,ni_b_oil_filled,region_East Midlands,region_East Midlands,0.3316800397126364,0.05917531772913473,5.605040284377468,2.0820653321716732e-08,1.3933069742854194,1.240728302827703,1.5646490211982975,,,249076
sens_outcome_s1,ni_b_oil_filled,region_East of England,region_East of England,0.04771351456598463,0.060347535487117826,0.7906456192592963,0.4291508179636673,1.0488701262645783,0.9318667174559674,1.1805642600624973,,,249076
sens_outcome_s1,ni_b_oil_filled,region_London,region_London,0.044500475207301354,0.05772899214031236,0.7708514137773508,0.4407950085411545,1.045505473542172,0.9336568838880204,1.1707531043467807,,,249076
sens_outcome_s1,ni_b_oil_filled,region_North East,region_North East,0.20304232113384374,0.07310934181043532,2.7772418148738187,0.005482237555376016,1.225124315800512,1.0615718045078482,1.4138747683313933,,,249076
sens_outcome_s1,ni_b_oil_filled,region_North West,region_North West,0.3006026192918497,0.055716913482194944,5.395177164433402,6.845597283779614e-08,1.3506725036845835,1.210943097616801,1.5065251338398398,,,249076
sens_outcome_s1,ni_b_oil_filled,region_Northern Ireland,Northern Ireland (vs South East),0.4617392592605418,0.07460158936648803,6.18940244010352,6.039271677500649e-10,1.58683149766186,1.3709759121976048,1.836672825225281,,,249076
sens_outcome_s1,ni_b_oil_filled,region_Scotland,region_Scotland,0.4120375275961089,0.058473437465003664,7.046576111464513,1.8337384282291424e-12,1.5098910978488413,1.3463964081030895,1.6932391631786232,,,249076
sens_outcome_s1,ni_b_oil_filled,region_South West,region_South West,0.03931119167384844,0.06114801162892987,0.6428858539571847,0.5202981690655348,1.0400941019184269,0.9226210346094782,1.1725244713322573,,,249076
sens_outcome_s1,ni_b_oil_filled,region_Wales,region_Wales,0.2524544750934593,0.06463537296035732,3.9058253017012325,9.390433751214272e-05,1.2871808960309299,1.1340229826233845,1.4610238809042124,,,249076
sens_outcome_s1,ni_b_oil_filled,region_West Midlands,region_West Midlands,0.4293568356068476,0.05901497896585157,7.275387420798552,3.454276612376026e-13,1.5362691321291848,1.368464902238808,1.7246498923514944,,,249076
sens_outcome_s1,ni_b_oil_filled,region_Yorkshire and the Humber,region_Yorkshire and the Humber,0.3246470074265861,0.058088673991891424,5.588817666450837,2.286208461227476e-08,1.383542179658907,1.2346595925123616,1.5503779134783293,,,249076
sens_outcome_s1,ni_b_oil_rural_filled,region_East Midlands,region_East Midlands,0.32022355380681017,0.05941229922707998,5.38985290878716,7.051537572042805e-08,1.377435660904581,1.2260254392355159,1.5475445608328595,,,249076
sens_outcome_s1,ni_b_oil_rural_filled,region_East of England,region_East of England,0.03387095280127853,0.06031926079821983,0.5615279821578674,0.5744376601159125,1.0344511050969702,0.919107097943296,1.164270291493671,,,249076
sens_outcome_s1,ni_b_oil_rural_filled,region_London,region_London,0.06964358302406068,0.05815825240590516,1.1974841083256027,0.23111791802369508,1.0721259892454895,0.9566243463926478,1.2015731578964273,,,249076
sens_outcome_s1,ni_b_oil_rural_filled,region_North East,region_North East,0.20088009858542571,0.07284412666783735,2.7576704914237062,0.005821484679471217,1.222478186171781,1.0598296989315161,1.4100877878516744,,,249076
sens_outcome_s1,ni_b_oil_rural_filled,region_North West,region_North West,0.31466000228698904,0.05586214329308108,5.632795015331284,1.7731216610087694e-08,1.3697935051159869,1.227736479350032,1.528287444591757,,,249076
sens_outcome_s1,ni_b_oil_rural_filled,region_Northern Ireland,Northern Ireland (vs South East),0.4786404650268312,0.07439535694946096,6.433741091557452,1.245008624472844e-10,1.6138787853709842,1.3949076952281616,1.8672237186593872,,,249076
sens_outcome_s1,ni_b_oil_rural_filled,region_Scotland,region_Scotland,0.3868345778544326,0.058216799681622654,6.644724202806788,3.0378536389983287e-11,1.4723129179656447,1.3135478346527858,1.6502675206963497,,,249076
sens_outcome_s1,ni_b_oil_rural_filled,region_South West,region_South West,0.023590130562126176,0.06084530300169105,0.38770668232962113,0.6982331100884134,1.0238705786188338,0.9087688823716005,1.1535506794923527,,,249076
sens_outcome_s1,ni_b_oil_rural_filled,region_Wales,region_Wales,0.2343967704317465,0.06447853891437626,3.635268019069287,0.00027769178138825753,1.2641459684574203,1.1140713148574672,1.4344369236107686,,,249076
sens_outcome_s1,ni_b_oil_rural_filled,region_West Midlands,region_West Midlands,0.4376377355712881,0.0591203044941435,7.402494613583068,1.3364961679424367e-13,1.549043642352316,1.3795592553948128,1.7393498659290372,,,249076
sens_outcome_s1,ni_b_oil_rural_filled,region_Yorkshire and the Humber,region_Yorkshire and the Humber,0.3227169582144145,0.05798534183404316,5.565492036557204,2.6141372215902026e-08,1.380874450417538,1.2325285322784871,1.547075136906524,,,249076
sens_outcome_s1,ni_c_ni_x_oil_filled,region_East Midlands,region_East Midlands,0.33137230035111404,0.05917866477387897,5.599523098692476,2.1494229324568034e-08,1.3928782648555147,1.2403384038818894,1.5641778522981662,,,249076
sens_outcome_s1,ni_c_ni_x_oil_filled,region_East of England,region_East of England,0.046551523381895124,0.06039867080985398,0.7707375469974795,0.4408625117914382,1.0476520562549658,0.9306912437093563,1.179311440172975,,,249076
sens_outcome_s1,ni_c_ni_x_oil_filled,region_London,region_London,0.045152139479797286,0.05772849206522623,0.7821465253029789,0.434128466868378,1.0461870141496916,0.9342664287127285,1.1715151427238,,,249076
sens_outcome_s1,ni_c_ni_x_oil_filled,region_North East,region_North East,0.20347218030579814,0.07310346972520163,2.783345046010221,0.0053801555037656865,1.2256510599292298,1.0620404520102829,1.4144663867201734,,,249076
sens_outcome_s1,ni_c_ni_x_oil_filled,region_North West,region_North West,0.301080062760291,0.05571923374686338,5.403521235200759,6.534521559492363e-08,1.3513175274184024,1.2115158829852075,1.5072514405743707,,,249076
sens_outcome_s1,ni_c_ni_x_oil_filled,region_Northern Ireland,Northern Ireland (vs South East),0.5276196648381134,0.112504910882052,4.6897478581291425,2.7354190889683936e-06,1.6948930895614378,1.3594960660681443,2.1130348639781387,,,249076
sens_outcome_s1,ni_c_ni_x_oil_filled,region_Scotland,region_Scotland,0.41119892740340197,0.058469652111471294,7.032689823764625,2.0258940464205555e-12,1.5086254336505123,1.345277773899751,1.6918072558796309,,,249076
sens_outcome_s1,ni_c_ni_x_oil_filled,region_South West,region_South West,0.037813485296036856,0.06114135270512172,0.6184600703619905,0.5362721109513744,1.0385375122965301,0.9212522768782029,1.1707544084470796,,,249076
sens_outcome_s1,ni_c_ni_x_oil_filled,region_Wales,region_Wales,0.2509952461054704,0.06467488905963975,3.880876330132023,0.0001040807587435086,1.2853039741171401,1.1322816914306393,1.4590064631302149,,,249076
sens_outcome_s1,ni_c_ni_x_oil_filled,region_West Midlands,region_West Midlands,0.4292127268805072,0.05902576850994029,7.27161607066963,3.552119681029273e-13,1.5360477582925713,1.3682387741011925,1.7244378396640392,,,249076
sens_outcome_s1,ni_c_ni_x_oil_filled,region_Yorkshire and the Humber,region_Yorkshire and the Humber,0.3248740785610876,0.05809317211818175,5.592293667492981,2.2408937923219503e-08,1.3838563778225894,1.2349290925122067,1.5507436710754534,,,249076
sens_outcome_s1,ni_c_ni_x_oil_rural_filled,region_East Midlands,region_East Midlands,0.3201034944129134,0.05941471537432525,5.387613024756473,7.13995754225613e-08,1.3772702967409602,1.225872446991939,1.5473661023538823,,,249076
sens_outcome_s1,ni_c_ni_x_oil_rural_filled,region_East of England,region_East of England,0.033251952277627825,0.06036651577277653,0.5508343798205999,0.5817472140732209,1.0338109774613344,0.9184532769260406,1.163657601284407,,,249076
sens_outcome_s1,ni_c_ni_x_oil_rural_filled,region_London,region_London,0.06990420910974851,0.05815711644424926,1.201988911825783,0.22936782412305334,1.0724054496611861,0.9568758305721728,1.20188368408817,,,249076
sens_outcome_s1,ni_c_ni_x_oil_rural_filled,region_North East,region_North East,0.20115306701413635,0.07284450080845045,2.7614036033149842,0.005755350375527892,1.2228119296700402,1.0601182610803563,1.4104737841413588,,,249076
sens_outcome_s1,ni_c_ni_x_oil_rural_filled,region_North West,region_North West,0.31487266490667604,0.055864145997551476,5.6363998640644555,1.7364192775938674e-08,1.3700848399681334,1.22799278060853,1.528618488929793,,,249076
sens_outcome_s1,ni_c_ni_x_oil_rural_filled,region_Northern Ireland,Northern Ireland (vs South East),0.5180802135110925,0.1127048817717131,4.596785918825401,4.2905806064607675e-06,1.6788016133843082,1.3460612082302255,2.0937939819299145,,,249076
sens_outcome_s1,ni_c_ni_x_oil_rural_filled,region_Scotland,region_Scotland,0.3864737451675572,0.058218322513775976,6.6383524718718485,3.1720860914471716e-11,1.4717817551757453,1.3130700300391533,1.6496770814300037,,,249076
sens_outcome_s1,ni_c_ni_x_oil_rural_filled,region_South West,region_South West,0.022779643532770944,0.06084299753796005,0.37440041507749,0.7081064341778778,1.023041080989067,0.9080367384484148,1.1526109121748236,,,249076
sens_outcome_s1,ni_c_ni_x_oil_rural_filled,region_Wales,region_Wales,0.23361896532344895,0.06452116657622117,3.6208112425783012,0.0002936807228278396,1.2631630915584087,1.1131121184708226,1.433441402171942,,,249076
sens_outcome_s1,ni_c_ni_x_oil_rural_filled,region_West Midlands,region_West Midlands,0.43750268982915896,0.05912966552210421,7.399038806766276,1.3717376415116005e-13,1.5488344647286356,1.3793476568639318,1.7391468983137455,,,249076
sens_outcome_s1,ni_c_ni_x_oil_rural_filled,region_Yorkshire and the Humber,region_Yorkshire and the Humber,0.32286673094767837,0.05798861742388164,5.567760455256364,2.5803421520460107e-08,1.3810812832468438,1.2327052312302742,1.5473167977320292,,,249076
sens_outcome_s2,ni_a_regionFE_filled,region_East Midlands,region_East Midlands,0.3160199733936252,0.06020560986704649,5.249012078633532,1.5291705020254137e-07,1.3716576520106452,1.2189857327707336,1.5434509721806706,,,226907
sens_outcome_s2,ni_a_regionFE_filled,region_East of England,region_East of England,0.08299355768040502,0.06173340503671272,1.3443865218684914,0.1788234299453535,1.0865348087212017,0.9627113111788264,1.2262844290436785,,,226907
sens_outcome_s2,ni_a_regionFE_filled,region_London,region_London,0.06527037724526732,0.05876245596828058,1.1107496473683751,0.26667612559074605,1.0674475989117027,0.9513227255670572,1.197747458143784,,,226907
sens_outcome_s2,ni_a_regionFE_filled,region_North East,region_North East,0.17283901388259953,0.0743968378335251,2.3232037666621617,0.020168208530155017,1.1886747295504811,1.0273923480706173,1.3752755851504463,,,226907
sens_outcome_s2,ni_a_regionFE_filled,region_North West,region_North West,0.27693049922332186,0.057012405369998014,4.85737266172342,1.1895358753027738e-06,1.3190746911335534,1.1796151462404418,1.475021786838283,,,226907
sens_outcome_s2,ni_a_regionFE_filled,region_Northern Ireland,Northern Ireland (vs South East),0.7483179690562438,0.06457444742543463,11.58845331073628,4.715710546708749e-31,2.113442150136388,1.8621921663156111,2.398591188797911,,,226907
sens_outcome_s2,ni_a_regionFE_filled,region_Scotland,region_Scotland,0.4295313786493533,0.06074721765867289,7.070799210308014,1.5404389900989761e-12,1.5365373006204055,1.3640647375983033,1.7308173220244227,,,226907
sens_outcome_s2,ni_a_regionFE_filled,region_South West,region_South West,0.06683522179507213,0.06290400914952335,1.0624954227671604,0.28801083485448875,1.0691192961010507,0.945109608275634,1.2094005386116593,,,226907
sens_outcome_s2,ni_a_regionFE_filled,region_Wales,region_Wales,0.2643131861597144,0.06635072325703271,3.9835765638274188,6.788578660653005e-05,1.3025360686968102,1.1436994709504782,1.4834318397001371,,,226907
sens_outcome_s2,ni_a_regionFE_filled,region_West Midlands,region_West Midlands,0.4201281371734333,0.05992844259860859,7.0104965014256475,2.3747388102700153e-12,1.522156587965625,1.3534684881234798,1.711868949013737,,,226907
sens_outcome_s2,ni_a_regionFE_filled,region_Yorkshire and the Humber,region_Yorkshire and the Humber,0.30809454384685103,0.059382566937762,5.188299525174795,2.1222306225647628e-07,1.3608296409245892,1.2113153694336958,1.5287986583417263,,,226907
sens_outcome_s2,ni_b_oil_filled,region_East Midlands,region_East Midlands,0.3022314567413587,0.05995610685865917,5.040878612312849,4.6339934768151296e-07,1.352874322356156,1.2028811610822554,1.5215708677687658,,,226907
sens_outcome_s2,ni_b_oil_filled,region_East of England,region_East of England,0.03569975110109459,0.061401418222072617,0.5814157414406631,0.5609602907440565,1.0363446384367467,0.918838582097977,1.1688780059325676,,,226907
sens_outcome_s2,ni_b_oil_filled,region_London,region_London,0.0655696648867348,0.05887435610905387,1.1137219872991748,0.2653984736448596,1.067767120598032,0.9513988034097115,1.1983687805199255,,,226907
sens_outcome_s2,ni_b_oil_filled,region_North East,region_North East,0.1732217976874872,0.07434919326584666,2.329840985202176,0.019814557079917198,1.1891298220817008,1.0278816732923637,1.3756736504843396,,,226907
sens_outcome_s2,ni_b_oil_filled,region_North West,region_North West,0.2866546860297865,0.05680995374358638,5.045853184876932,4.515020170626179e-07,1.3319641882116584,1.191614633976911,1.4888442522372698,,,226907
sens_outcome_s2,ni_b_oil_filled,region_Northern Ireland,Northern Ireland (vs South East),0.24123097282040312,0.074086582933634,3.2560682821138522,0.0011296658058233913,1.2728149870268985,1.1007854148663814,1.4717291574915483,,,226907
sens_outcome_s2,ni_b_oil_filled,region_Scotland,region_Scotland,0.3770677440696536,0.05930248892656318,6.358379739113358,2.03892919699903e-10,1.458003077087734,1.2980160736204638,1.6377092826501243,,,226907
sens_outcome_s2,ni_b_oil_filled,region_South West,region_South West,0.008598938612879886,0.061846777883004384,0.139036161740657,0.8894215736166057,1.008636015683802,0.8934914454798465,1.1386193088710908,,,226907
sens_outcome_s2,ni_b_oil_filled,region_Wales,region_Wales,0.20307086640309646,0.06481470376326427,3.133098735509351,0.0017297124572296042,1.2251592878031148,1.0790018289955332,1.3911146766892546,,,226907
sens_outcome_s2,ni_b_oil_filled,region_West Midlands,region_West Midlands,0.40944418462612847,0.05986509628792334,6.839447524762876,7.949917227664849e-12,1.5059805053303077,1.339251334150591,1.6934665096849608,,,226907
sens_outcome_s2,ni_b_oil_filled,region_Yorkshire and the Humber,region_Yorkshire and the Humber,0.30833700211106696,0.059457386599717964,5.185848550439476,2.150335075811964e-07,1.3611596253193268,1.211431436475367,1.529393632866257,,,226907
sens_outcome_s2,ni_b_oil_rural_filled,region_East Midlands,region_East Midlands,0.2900298396423452,0.06026244488601206,4.812779172682821,1.4884573197223367e-06,1.3364673671387213,1.1875799940227554,1.5040208090542162,,,226907
sens_outcome_s2,ni_b_oil_rural_filled,region_East of England,region_East of England,0.021846254919112188,0.061359319892700326,0.35603808773165935,0.7218120417440639,1.0220866315981578,0.906271995522459,1.1527014932083708,,,226907
sens_outcome_s2,ni_b_oil_rural_filled,region_London,region_London,0.09041202568467004,0.05928683111931858,1.5249933919171694,0.12726074587615224,1.0946252045026983,0.9745416431923807,1.229505528781227,,,226907
sens_outcome_s2,ni_b_oil_rural_filled,region_North East,region_North East,0.170908918893544,0.0740634079495214,2.30760268296091,0.021021245157576047,1.1863826870527676,1.026081631798658,1.3717270015556924,,,226907
sens_outcome_s2,ni_b_oil_rural_filled,region_North West,region_North West,0.300635388344108,0.05690582648987685,5.283033511473364,1.2706213752226437e-07,1.350716764667632,1.2081642005869035,1.5100892556391905,,,226907
sens_outcome_s2,ni_b_oil_rural_filled,region_Northern Ireland,Northern Ireland (vs South East),0.2595199735102804,0.07389575932303119,3.511973838387712,0.00044479178138002876,1.2963076752677887,1.1215222862755312,1.4983327656721586,,,226907
sens_outcome_s2,ni_b_oil_rural_filled,region_Scotland,region_Scotland,0.3507191648894875,0.05916219742617344,5.928095644640962,3.0646798671314297e-09,1.42008845920755,1.264609512414596,1.5946829532572142,,,226907
sens_outcome_s2,ni_b_oil_rural_filled,region_South West,region_South West,-0.007881719806686028,0.061566780850755294,-0.12801903392987513,0.8981339100836606,0.9921492595033593,0.8793692473192617,1.1193934244731265,,,226907
sens_outcome_s2,ni_b_oil_rural_filled,region_Wales,region_Wales,0.18389469761882934,0.06469638860267035,2.842426008477992,0.004477162217373929,1.201889254632022,1.058753323467692,1.364376147286774,,,226907
sens_outcome_s2,ni_b_oil_rural_filled,region_West Midlands,region_West Midlands,0.4170889879083382,0.05999132933314988,6.952487843570156,3.5889977143729122e-12,1.517537549419036,1.34919503336827,1.706884591879563,,,226907
sens_outcome_s2,ni_b_oil_rural_filled,region_Yorkshire and the Humber,region_Yorkshire and the Humber,0.3066522951733169,0.05932573317628449,5.168959214749349,2.3540125839783024e-07,1.3588684008179925,1.2097043546952135,1.5264252985241853,,,226907
sens_outcome_s2,ni_c_ni_x_oil_filled,region_East Midlands,region_East Midlands,0.3021223822788208,0.059958663534005675,5.038844505055913,4.68350786351777e-07,1.352726766364005,1.202743937666467,1.521412536061403,,,226907
sens_outcome_s2,ni_c_ni_x_oil_filled,region_East of England,region_East of England,0.03528502334807693,0.061462821892827674,0.5740872654627409,0.5659087503392272,1.0359149266663537,0.9183470644599124,1.168533963704961,,,226907
sens_outcome_s2,ni_c_ni_x_oil_filled,region_London,region_London,0.06578986525539822,0.05887301970636153,1.1174875279633276,0.2637859293195661,1.0680022692005886,0.9516108173965102,1.1986295512468284,,,226907
sens_outcome_s2,ni_c_ni_x_oil_filled,region_North East,region_North East,0.17337048894372145,0.07434736738549598,2.331898156457701,0.019706049493427993,1.1893066484347121,1.028038200665277,1.375873292544646,,,226907
sens_outcome_s2,ni_c_ni_x_oil_filled,region_North West,region_North West,0.2868180001763318,0.05681540976297224,5.048243097654414,4.458915474280208e-07,1.3321817345700004,1.1917965127307024,1.4891033452142237,,,226907
sens_outcome_s2,ni_c_ni_x_oil_filled,region_Northern Ireland,Northern Ireland (vs South East),0.2621869518207921,0.1069599088470986,2.451263792638359,0.014235558423890775,1.2997695139939371,1.053954607907956,1.6029160808560876,,,226907
sens_outcome_s2,ni_c_ni_x_oil_filled,region_Scotland,region_Scotland,0.3766990677485257,0.05932880483275307,6.349345293747855,2.1623319680740244e-10,1.4574656449524188,1.297470691068002,1.6371900504881907,,,226907
sens_outcome_s2,ni_c_ni_x_oil_filled,region_South West,region_South West,0.008082638516955988,0.06185898759355564,0.13066231490988744,0.8960424450424567,1.0081153912229466,0.8930088843396639,1.1380588254416932,,,226907
sens_outcome_s2,ni_c_ni_x_oil_filled,region_Wales,region_Wales,0.20254723870258143,0.0648708787817583,3.1223137794078677,0.001794355823049437,1.2245179283939085,1.0783182511788012,1.3905395325720766,,,226907
sens_outcome_s2,ni_c_ni_x_oil_filled,region_West Midlands,region_West Midlands,0.40937999181626705,0.05987001835738272,6.837813033103662,8.041124501973916e-12,1.5058838353128672,1.339152447632024,1.6933741408354663,,,226907
sens_outcome_s2,ni_c_ni_x_oil_filled,region_Yorkshire and the Humber,region_Yorkshire and the Humber,0.30841647642736825,0.059457215105964446,5.187200172051608,2.1347923325150396e-07,1.3612678068486954,1.2115281252071095,1.5295146711066903,,,226907
sens_outcome_s2,ni_c_ni_x_oil_rural_filled,region_East Midlands,region_East Midlands,0.2900476463450976,0.06026159327631096,4.813142676383838,1.4857513587788042e-06,1.3364911654277503,1.1876031233506117,1.5040450805037924,,,226907
sens_outcome_s2,ni_c_ni_x_oil_rural_filled,region_East of England,region_East of England,0.021941862392976127,0.06141313717330278,0.35728287794609825,0.7208800466663601,1.0221843553905632,0.9062630484345359,1.152933310268025,,,226907
sens_outcome_s2,ni_c_ni_x_oil_rural_filled,region_London,region_London,0.09037455747097801,0.059284254748235454,1.5244276554504201,0.12740191603143,1.094584191619968,0.9745100504100961,1.229453254012254,,,226907
sens_outcome_s2,ni_c_ni_x_oil_rural_filled,region_North East,region_North East,0.17086799401170216,0.07406623254980962,2.3069621355020757,0.021056931065628295,1.1863341354749712,1.0260339601308175,1.3716784586873794,,,226907
sens_outcome_s2,ni_c_ni_x_oil_rural_filled,region_North West,region_North West,0.3006042905234794,0.05691068316346976,5.282036233162519,1.277559230403174e-07,1.3506747609730794,1.208115129909211,1.5100566699026285,,,226907
sens_outcome_s2,ni_c_ni_x_oil_rural_filled,region_Northern Ireland,Northern Ireland (vs South East),0.2541103499662704,0.10721973669771379,2.369996026782714,0.017788276417620166,1.2893140721824075,1.0449442425762248,1.5908320358120176,,,226907
sens_outcome_s2,ni_c_ni_x_oil_rural_filled,region_Scotland,region_Scotland,0.350792138589477,0.05918526739211024,5.927017888851166,3.0848538224467426e-09,1.4201920920979225,1.2646446151708555,1.5948714399776112,,,226907
sens_outcome_s2,ni_c_ni_x_oil_rural_filled,region_South West,region_South West,-0.00776212526200116,0.06157328807705512,-0.12606319240719036,0.899681903180157,0.9922679222378754,0.8794632046900376,1.1195415842886642,,,226907
sens_outcome_s2,ni_c_ni_x_oil_rural_filled,region_Wales,region_Wales,0.18401444421142674,0.06474756757052343,2.842028683332345,0.004482745827276475,1.2020331853923807,1.0587739033536006,1.364676418835007,,,226907
sens_outcome_s2,ni_c_ni_x_oil_rural_filled,region_West Midlands,region_West Midlands,0.41711249372421544,0.05999212964418188,6.952786910518813,3.5813945930051675e-12,1.5175732207965003,1.3492246313015304,1.7069273915174858,,,226907
sens_outcome_s2,ni_c_ni_x_oil_rural_filled,region_Yorkshire and the Humber,region_Yorkshire and the Humber,0.30662988558119486,0.05932230591419885,5.16888008407311,2.3550093736130936e-07,1.358837949472585,1.2096853718224447,1.5263808391310172,,,226907
sens_no_qualification,ni_a_regionFE_filled,region_East Midlands,region_East Midlands,0.35118615443731704,0.05932409735033035,5.919789261409832,3.2235440567438086e-09,1.4207517805450043,1.2647988026171846,1.5959341657700385,,,248687
sens_no_qualification,ni_a_regionFE_filled,region_East of England,region_East of England,0.13047483101389387,0.06126933327794966,2.1295291466938604,0.033210506072355636,1.1393692627635308,1.0104432989706453,1.2847453372720372,,,248687
sens_no_qualification,ni_a_regionFE_filled,region_London,region_London,0.0043030956319580005,0.057655075514747134,0.0746351573307253,0.9405050006172454,1.0043123672420717,0.8970005749955346,1.1244623014878168,,,248687
sens_no_qualification,ni_a_regionFE_filled,region_North East,region_North East,0.18779156785747406,0.07377834735699103,2.5453479860264103,0.010916888498318893,1.2065819986673199,1.0441348671374562,1.3943027527653369,,,248687
sens_no_qualification,ni_a_regionFE_filled,region_North West,region_North West,0.3159588950396987,0.05616140970439842,5.6259074817161085,1.8453523756923198e-08,1.3715738759775866,1.2286113583985525,1.5311716633616927,,,248687
sens_no_qualification,ni_a_regionFE_filled,region_Northern Ireland,Northern Ireland (vs South East),1.0517707769611997,0.05762280170012139,18.25268376284078,1.96989801277563e-74,2.8627158637702435,2.5569935170712674,3.204991354873817,,,248687
sens_no_qualification,ni_a_regionFE_filled,region_Scotland,region_Scotland,0.4588556651078441,0.05986575391458221,7.6647437826064895,1.791885502057768e-14,1.5822623106404836,1.407086062343704,1.779247259050618,,,248687
sens_no_qualification,ni_a_regionFE_filled,region_South West,region_South West,0.09389731274692546,0.06157520760893623,1.5249207658911477,0.12727886168445776,1.0984469436263051,0.9735677362110907,1.2393443651468303,,,248687
sens_no_qualification,ni_a_regionFE_filled,region_Wales,region_Wales,0.4016671988911989,0.06489430464598252,6.189560102113912,6.033234608066114e-10,1.4943139405779913,1.3158419132574937,1.696992724207866,,,248687
sens_no_qualification,ni_a_regionFE_filled,region_West Midlands,region_West Midlands,0.4537901575417802,0.057816091781845616,7.848855630955521,4.198505826982453e-15,1.5742676146259076,1.4056118661699153,1.7631599320607594,,,248687
sens_no_qualification,ni_a_regionFE_filled,region_Yorkshire and the Humber,region_Yorkshire and the Humber,0.3120296193031994,0.05875797260379392,5.310421811304158,1.0937179992052748e-07,1.3661951581788219,1.217581006890832,1.5329486906152152,,,248687
sens_no_qualification,ni_b_oil_filled,region_East Midlands,region_East Midlands,0.33962070760261,0.05898008662775129,5.758226666334053,8.500216705312931e-09,1.4044148056707786,1.2510983706509282,1.5765194749323266,,,248687
sens_no_qualification,ni_b_oil_filled,region_East of England,region_East of England,0.08429456143848743,0.06040830105672303,1.3954135435680495,0.1628911695239149,1.0879493145298045,0.9664714377701734,1.2246960072785296,,,248687
sens_no_qualification,ni_b_oil_filled,region_London,region_London,0.004495895636137828,0.05766969913542098,0.07795940855492393,0.9378603419599566,1.0045060173379436,0.8971478191699811,1.1247113544807683,,,248687
sens_no_qualification,ni_b_oil_filled,region_North East,region_North East,0.1900455503422603,0.07377198882228532,2.57612073872747,0.009991575007200134,1.2093046806448178,1.046504025138476,1.3974316156461548,,,248687
sens_no_qualification,ni_b_oil_filled,region_North West,region_North West,0.3270276183279228,0.05579359831004527,5.861382456650832,4.5902935507804525e-09,1.3868397788471742,1.243181941956319,1.5470982221365455,,,248687
sens_no_qualification,ni_b_oil_filled,region_Northern Ireland,Northern Ireland (vs South East),0.5098994594551688,0.06812212742752968,7.485078324918945,7.150447955302985e-14,1.6651237740782774,1.4570043942223108,1.902971050736334,,,248687
sens_no_qualification,ni_b_oil_filled,region_Scotland,region_Scotland,0.4156430041547336,0.05838827931697429,7.118603408371042,1.09026123197724e-12,1.5153448004988108,1.3514851239049073,1.6990715056959445,,,248687
sens_no_qualification,ni_b_oil_filled,region_South West,region_South West,0.03304818301049547,0.06002800829011268,0.550546052615557,0.5819448990528416,1.0336003400175513,0.9188755807164003,1.1626488779378332,,,248687
sens_no_qualification,ni_b_oil_filled,region_Wales,region_Wales,0.34175142790467405,0.06241437108107016,5.475524658588202,4.362172097245343e-08,1.407410411075037,1.2453560942117037,1.590552352382578,,,248687
sens_no_qualification,ni_b_oil_filled,region_West Midlands,region_West Midlands,0.4449811078287648,0.05764309454142278,7.719590895818369,1.1670367139753521e-14,1.5604607150631549,1.3937566375325419,1.747103890078198,,,248687
sens_no_qualification,ni_b_oil_filled,region_Yorkshire and the Humber,region_Yorkshire and the Humber,0.31372132695341387,0.05853836721759642,5.3592428669433465,8.357144643251526e-08,1.3685083170221903,1.2201676111452084,1.534883401798501,,,248687
sens_no_qualification,ni_b_oil_rural_filled,region_East Midlands,region_East Midlands,0.3239465380175698,0.059461343182295616,5.448019178181357,5.093386748183127e-08,1.3825733900293338,1.2304801350408516,1.5534661018755438,,,248687
sens_no_qualification,ni_b_oil_rural_filled,region_East of England,region_East of England,0.06727911365041868,0.06044204084555603,1.1131178350236886,0.2656578248064416,1.0695939747941925,0.9501027811467316,1.2041131692460103,,,248687
sens_no_qualification,ni_b_oil_rural_filled,region_London,region_London,0.03834859883063936,0.05831176430725215,0.6576477197392911,0.5107645235106906,1.0390933964928664,0.9268714843729229,1.1649026912998248,,,248687
sens_no_qualification,ni_b_oil_rural_filled,region_North East,region_North East,0.1878484429253634,0.07385679247493561,2.5434145815242726,0.010977489362897637,1.2066506250519549,1.0440337219538212,1.3945964582575756,,,248687
sens_no_qualification,ni_b_oil_rural_filled,region_North West,region_North West,0.3456615841664425,0.05607445678218254,6.16433228250684,7.078117238388971e-10,1.4129243789193262,1.2658675133214328,1.5770649610135332,,,248687
sens_no_qualification,ni_b_oil_rural_filled,region_Northern Ireland,Northern Ireland (vs South East),0.5334099763137096,0.067931270458432,7.85220080110396,4.087992708295914e-15,1.7047355163266724,1.4922232661696242,1.9475123103295868,,,248687
sens_no_qualification,ni_b_oil_rural_filled,region_Scotland,region_Scotland,0.38710520246199814,0.05788601331685862,6.687370234724012,2.272165312115972e-11,1.4727114159905366,1.3147554794490202,1.6496443245079857,,,248687
sens_no_qualification,ni_b_oil_rural_filled,region_South West,region_South West,0.012591692110783249,0.05980137200591649,0.2105585823271326,0.8332317341943623,1.0126713012529178,0.9006695541034374,1.1386008994187715,,,248687
sens_no_qualification,ni_b_oil_rural_filled,region_Wales,region_Wales,0.31390990037755084,0.061433707797826996,5.109733916933699,3.2261283969126547e-07,1.368766405655055,1.2134918689371605,1.5439093752567015,,,248687
sens_no_qualification,ni_b_oil_rural_filled,region_West Midlands,region_West Midlands,0.45629617167390896,0.05794896923350022,7.874103331075728,3.431952198543487e-15,1.5782176989322143,1.4087718254583215,1.7680443775290304,,,248687
sens_no_qualification,ni_b_oil_rural_filled,region_Yorkshire and the Humber,region_Yorkshire and the Humber,0.3131831990737812,0.05858482049729852,5.345807948463763,9.001461345599492e-08,1.3677720826551778,1.219400154091629,1.534197337775886,,,248687
sens_no_qualification,ni_c_ni_x_oil_filled,region_East Midlands,region_East Midlands,0.339292375876759,0.058983287806320124,5.752347630923406,8.801258276822447e-09,1.4039537674247051,1.2506798157582906,1.5760118267127772,,,248687
sens_no_qualification,ni_c_ni_x_oil_filled,region_East of England,region_East of England,0.08226794398958154,0.06042132694324446,1.361571288675243,0.1733332213600688,1.0857466901578268,0.9644901292794386,1.2222477342193026,,,248687
sens_no_qualification,ni_c_ni_x_oil_filled,region_London,region_London,0.0056783169277173015,0.05767599805191864,0.09845199250138346,0.9215733911229557,1.005694469127247,0.8981981643523805,1.1260559254898843,,,248687
sens_no_qualification,ni_c_ni_x_oil_filled,region_North East,region_North East,0.19095611330068873,0.07377141440061391,2.5884838301148205,0.009639947283200704,1.2104063301769785,1.047458546188725,1.3987030698860046,,,248687
sens_no_qualification,ni_c_ni_x_oil_filled,region_North West,region_North West,0.32797853069100147,0.05579549810032792,5.8782256966547966,4.146872690752891e-09,1.3881591691513455,1.2443600278678326,1.5485758427975036,,,248687
sens_no_qualification,ni_c_ni_x_oil_filled,region_Northern Ireland,Northern Ireland (vs South East),0.5962634709913573,0.09517587048933521,6.264859653247624,3.7316134283698244e-10,1.8153231046992901,1.5063992381748568,2.18759933684496,,,248687
sens_no_qualification,ni_c_ni_x_oil_filled,region_Scotland,region_Scotland,0.41436149333633904,0.05836296571645306,7.099733336880903,1.2499783641242719e-12,1.5134041135146505,1.3498212584024336,1.696811334497602,,,248687
sens_no_qualification,ni_c_ni_x_oil_filled,region_South West,region_South West,0.03035635072759853,0.06000557946848541,0.5058921353062096,0.6129323736954333,1.0308218026107885,0.9164457336255958,1.1594724594701062,,,248687
sens_no_qualification,ni_c_ni_x_oil_filled,region_Wales,region_Wales,0.3392175663492256,0.062398166521825414,5.436338682011999,5.438653312986357e-08,1.4038487422351769,1.2422439822634257,1.5864768267860034,,,248687
sens_no_qualification,ni_c_ni_x_oil_filled,region_West Midlands,region_West Midlands,0.44482600754708373,0.05765813493867091,7.714887205772971,1.2108927325088059e-14,1.5602187059350234,1.3934994031803432,1.7468844297987265,,,248687
sens_no_qualification,ni_c_ni_x_oil_filled,region_Yorkshire and the Humber,region_Yorkshire and the Humber,0.31429843246315603,0.05853839253071476,5.369099130937793,7.913091720663718e-08,1.3692983186472913,1.2208719192535067,1.5357695233065403,,,248687
sens_no_qualification,ni_c_ni_x_oil_rural_filled,region_East Midlands,region_East Midlands,0.3238633729116901,0.059464774493804974,5.446306248843676,5.142656337969107e-08,1.3824584129480724,1.2303695317184886,1.553347359684284,,,248687
sens_no_qualification,ni_c_ni_x_oil_rural_filled,region_East of England,region_East of England,0.06610839718984445,0.060461934953307796,1.0933887121028656,0.2742231674953304,1.0683425162162834,0.9489541289331032,1.2027512154233957,,,248687
sens_no_qualification,ni_c_ni_x_oil_rural_filled,region_London,region_London,0.038865944869501914,0.05831397801563424,0.6664944871207685,0.5050950862321286,1.0396311064246089,0.9273470981506012,1.1655105619041135,,,248687
sens_no_qualification,ni_c_ni_x_oil_rural_filled,region_North East,region_North East,0.1884616566993962,0.07386187541014373,2.551541720987957,0.01072474827900595,1.2073907867511628,1.0446637267690453,1.3954658083518212,,,248687
sens_no_qualification,ni_c_ni_x_oil_rural_filled,region_North West,region_North West,0.34613807426274307,0.05607663802229752,6.172589628592028,6.718042076820577e-10,1.4135977838153437,1.2664654160368314,1.5778233413280494,,,248687
sens_no_qualification,ni_c_ni_x_oil_rural_filled,region_Northern Ireland,Northern Ireland (vs South East),0.5890700538155125,0.09530855859719119,6.180662707376972,6.383306809830157e-10,1.8023115830568606,1.4952130597130393,2.172484397002487,,,248687
sens_no_qualification,ni_c_ni_x_oil_rural_filled,region_Scotland,region_Scotland,0.3865066802385321,0.057877165996319445,6.678051241539902,2.421403832400762e-11,1.471830229210555,1.313991589501967,1.6486286829576031,,,248687
sens_no_qualification,ni_c_ni_x_oil_rural_filled,region_South West,region_South West,0.011020849700231714,0.05979228647894995,0.1843189205368762,0.8537632717692826,1.0110818029774593,0.899271868276488,1.1367934974674865,,,248687
sens_no_qualification,ni_c_ni_x_oil_rural_filled,region_Wales,region_Wales,0.3124927982825015,0.06144199593317886,5.085980582765451,3.6573147199064296e-07,1.366828097628523,1.211753760516694,1.541748092178559,,,248687
sens_no_qualification,ni_c_ni_x_oil_rural_filled,region_West Midlands,region_West Midlands,0.45610233751204415,0.05796279371814908,7.868881195235267,3.578267745178764e-15,1.577911816073533,1.4084606203650076,1.7677496007373164,,,248687
sens_no_qualification,ni_c_ni_x_oil_rural_filled,region_Yorkshire and the Humber,region_Yorkshire and the Humber,0.3135682069339794,0.0585877904390142,5.352108427102777,8.693527855738717e-08,1.3682987870441183,1.219862622308636,1.5347970635276271,,,248687
