2026-09-26 13:45:54 | INFO     | energy_stress.forecast_pipeline | Rolling modes: ('core',) | tuning: per origin
2026-09-26 13:45:54 | INFO     | energy_stress.forecast_pipeline | ========================================
2026-09-26 13:45:54 | INFO     | energy_stress.forecast_pipeline | STAGE 0: Loading raw UK data
2026-09-26 13:45:54 | INFO     | energy_stress.forecast_pipeline | ========================================
2026-09-26 13:45:54 | INFO     | energy_stress.data_loader | Detected common core-data end date: 2026-03-01 (gas=2026-03-01, elec=2026-03-01, carbon=2026-05-01)
2026-09-26 13:45:54 | INFO     | energy_stress.data_loader | ============================================================
2026-09-26 13:45:54 | INFO     | energy_stress.data_loader | Loading Dataset A — core energy-carbon series (all as YoY growth %)
2026-09-26 13:45:54 | INFO     | energy_stress.data_loader | ============================================================
2026-09-26 13:45:54 | INFO     | energy_stress.data_loader | [gas_growth] 255 obs | 2005-01-01 to 2026-03-01 | YoY % (source) | mean=9.775, range=[-38.300, 132.900]
2026-09-26 13:45:54 | INFO     | energy_stress.data_loader | [carbon_log_return] 251 obs | 2005-05-01 to 2026-03-01 | YoY % from EUA price | mean=5.979, range=[-670.930, 734.730]
2026-09-26 13:45:54 | INFO     | energy_stress.data_loader |   Transformation: EUA futures price (EUR/tonne) →   YoY log return = log(Price_t / Price_t-12) × 100 
2026-09-26 13:45:54 | WARNING  | energy_stress.data_loader | Core target rows with unavailable source history will be dropped:
carbon_growth    16
dtype: int64
2026-09-26 13:45:54 | INFO     | energy_stress.data_loader | Core dataset: 239 rows, 2006-05-01 to 2026-03-01
2026-09-26 13:45:54 | INFO     | energy_stress.data_loader |   All series are YoY growth rates (%) — conceptually consistent.
2026-09-26 13:45:54 | INFO     | energy_stress.data_loader | Core dataset saved → data/processed/core_energy_carbon.csv
2026-09-26 13:45:54 | INFO     | energy_stress.data_loader | ============================================================
2026-09-26 13:45:54 | INFO     | energy_stress.data_loader | Loading Dataset B — macro controls (UK-specific)
2026-09-26 13:45:54 | INFO     | energy_stress.data_loader | ============================================================
2026-09-26 13:45:55 | INFO     | energy_stress.data_loader | [inflation_growth] 255 obs | 2005-01-01 to 2026-03-01 | mean=1.5593%, range=[-1.1074, 6.6272]
2026-09-26 13:45:55 | INFO     | energy_stress.data_loader | [gdp_growth] 254 obs | 2005-01-01 to 2026-02-01 | type=MoM, mean=0.1299%, range=[-19.2000, 9.3000]
2026-09-26 13:45:55 | INFO     | energy_stress.data_loader | [weather] Filtered to UK: 1036 rows (country col='Entity')
2026-09-26 13:45:55 | INFO     | energy_stress.data_loader | [weather_volatility] 255 obs (UK-filtered) | mean=1.0298, range=[0.4249, 1.9903]
2026-09-26 13:45:55 | INFO     | energy_stress.data_loader |   Transformation: RollingStd(UK temperature anomaly, 12 months). Captures unusual weather instability relevant to energy stress.
2026-09-26 13:45:55 | INFO     | energy_stress.data_loader | [gas_futures] 255 obs | 2005-01-01 to 2026-03-01
2026-09-26 13:45:55 | INFO     | energy_stress.data_loader | [electricity_demand] 192 obs | 2009-01-01 to 2024-12-01
2026-09-26 13:45:55 | INFO     | energy_stress.data_loader | [gbp_eur_rate] 255 obs | 2005-01-01 to 2026-03-01 | mean=1.2239, range=[1.0867, 1.5079]
2026-09-26 13:45:55 | INFO     | energy_stress.data_loader |   Source: ONS XUMAERS (MRET) — average monthly EUR/GBP rate. YoY & MoM changes capture GBP depreciation relevant to EUR-priced energy inputs.
2026-09-26 13:45:55 | WARNING  | energy_stress.data_loader | inflation_growth has no real data after 2019-01-01 -- forward-filled (stale) for 86 months beyond that.
2026-09-26 13:45:55 | WARNING  | energy_stress.data_loader | electricity_demand_mean has no real data after 2024-12-01 -- forward-filled (stale) for 15 months beyond that.
2026-09-26 13:45:55 | INFO     | energy_stress.data_loader | Macro dataset: 255 rows, 2005-01-01 to 2026-03-01
2026-09-26 13:45:55 | INFO     | energy_stress.data_loader |   inflation_growth  : mean=1.5593%
2026-09-26 13:45:55 | INFO     | energy_stress.data_loader |   weather_volatility: mean=1.0298
2026-09-26 13:45:55 | INFO     | energy_stress.data_loader |   gdp_growth        : mean=0.1314%
2026-09-26 13:45:55 | INFO     | energy_stress.data_loader | Macro dataset saved → data/processed/macro_controls.csv
2026-09-26 13:45:55 | INFO     | energy_stress.forecast_pipeline | ========================================
2026-09-26 13:45:55 | INFO     | energy_stress.forecast_pipeline | STAGE 1: Preprocessing (core + macro, full history — computed once)
2026-09-26 13:45:55 | INFO     | energy_stress.forecast_pipeline | ========================================
2026-09-26 13:45:56 | DEBUG    | energy_stress.preprocessing | Loaded data/processed/core_energy_carbon.csv: (239, 4), range 2006-05-01 00:00:00 – 2026-03-01 00:00:00
2026-09-26 13:45:56 | INFO     | energy_stress.preprocessing | [core] No missing values detected
2026-09-26 13:45:56 | WARNING  | energy_stress.preprocessing | Outliers in 'gas_growth': 12 rows flagged
2026-09-26 13:45:56 | WARNING  | energy_stress.preprocessing | Outliers in 'electricity_growth': 12 rows flagged
2026-09-26 13:45:56 | WARNING  | energy_stress.preprocessing | Outliers in 'gas_growth_seasonal': 2 rows flagged
2026-09-26 13:45:56 | WARNING  | energy_stress.preprocessing | Outliers in 'gas_growth_irregular': 66 rows flagged
2026-09-26 13:45:56 | WARNING  | energy_stress.preprocessing | Outliers in 'electricity_growth_trend': 2 rows flagged
2026-09-26 13:45:56 | WARNING  | energy_stress.preprocessing | Outliers in 'electricity_growth_irregular': 48 rows flagged
2026-09-26 13:45:56 | WARNING  | energy_stress.preprocessing | Outliers in 'electricity_index_mom': 76 rows flagged
2026-09-26 13:45:56 | WARNING  | energy_stress.preprocessing | Outliers in 'post_2008_regime': 32 rows flagged
2026-09-26 13:45:56 | WARNING  | energy_stress.preprocessing | Outliers in 'low_price_regime': 36 rows flagged
2026-09-26 13:45:56 | INFO     | energy_stress.preprocessing | ADF [gas_growth]: stat=-3.1283, p=0.0245 → STATIONARY
2026-09-26 13:45:56 | INFO     | energy_stress.preprocessing | ADF [electricity_growth]: stat=-2.9957, p=0.0353 → STATIONARY
2026-09-26 13:45:56 | INFO     | energy_stress.preprocessing | ADF [carbon_growth]: stat=-3.9297, p=0.0018 → STATIONARY
2026-09-26 13:45:56 | INFO     | energy_stress.preprocessing | Saved processed data → data/processed/core_processed.csv
2026-09-26 13:45:56 | INFO     | energy_stress.preprocessing | Train: 116 rows (through 2015-12-01) | Test: 12 rows (2016-01-01..2016-12-01)
2026-09-26 13:45:56 | DEBUG    | energy_stress.preprocessing | Loaded data/processed/macro_controls.csv: (255, 47), range 2005-01-01 00:00:00 – 2026-03-01 00:00:00
2026-09-26 13:45:56 | WARNING  | energy_stress.preprocessing | [macro] Missing values found:
inflation_growth                             12
weather_volatility                            5
gas_futures_yoy_growth                        1
electricity_demand_mean                      48
electricity_demand_peak                      48
electricity_tsd_mean                         48
england_wales_demand_mean                    48
embedded_wind_generation_mean                48
embedded_solar_generation_mean               48
embedded_wind_capacity_mean                  48
embedded_solar_capacity_mean                 48
pump_storage_pumping_mean                    48
interconnector_net_flow_mean                 48
holiday_share                                48
electricity_demand_yoy_growth                60
electricity_peak_yoy_growth                  60
embedded_wind_generation_mean_yoy_growth     60
embedded_solar_generation_mean_yoy_growth    75
embedded_wind_capacity_mean_yoy_growth       60
embedded_solar_capacity_mean_yoy_growth      75
pump_storage_pumping_mean_yoy_growth         60
interconnector_net_flow_mean_yoy_growth      60
dtype: int64
2026-09-26 13:45:56 | INFO     | energy_stress.preprocessing | [macro] Remaining leading gaps filled with neutral 0.0: ['inflation_growth', 'weather_volatility', 'gas_futures_yoy_growth', 'electricity_demand_mean', 'electricity_demand_peak', 'electricity_tsd_mean', 'england_wales_demand_mean', 'embedded_wind_generation_mean', 'embedded_solar_generation_mean', 'embedded_wind_capacity_mean', 'embedded_solar_capacity_mean', 'pump_storage_pumping_mean', 'interconnector_net_flow_mean', 'holiday_share', 'electricity_demand_yoy_growth', 'electricity_peak_yoy_growth', 'embedded_wind_generation_mean_yoy_growth', 'embedded_solar_generation_mean_yoy_growth', 'embedded_wind_capacity_mean_yoy_growth', 'embedded_solar_capacity_mean_yoy_growth', 'pump_storage_pumping_mean_yoy_growth', 'interconnector_net_flow_mean_yoy_growth']
2026-09-26 13:45:56 | INFO     | energy_stress.preprocessing | [macro] Missing values filled without backward-fill
2026-09-26 13:45:56 | INFO     | energy_stress.preprocessing | Saved processed data → data/processed/macro_processed.csv
2026-09-26 13:45:56 | INFO     | energy_stress.preprocessing | Train: 132 rows (through 2015-12-01) | Test: 12 rows (2016-01-01..2016-12-01)
2026-09-26 13:45:56 | INFO     | energy_stress.forecast_pipeline | Rolling walk-forward FES: 16 feasible years: [2009, 2010, 2011, 2012, 2013, 2014, 2015, 2016, 2017, 2018, 2019, 2020, 2021, 2022, 2023, 2024]
2026-09-26 13:45:56 | INFO     | energy_stress.forecast_pipeline | ========================================
2026-09-26 13:45:56 | INFO     | energy_stress.forecast_pipeline | STAGE 2: Rolling year as_of=2009 (split train<2009, test=2009, refit<=2009, forecast=2010)
2026-09-26 13:45:56 | INFO     | energy_stress.forecast_pipeline | ========================================
2026-09-26 13:45:56 | INFO     | energy_stress.preprocessing | Train: 32 rows (through 2008-12-01) | Test: 12 rows (2009-01-01..2009-12-01)
2026-09-26 13:45:56 | INFO     | energy_stress.forecast_pipeline | ========================================
2026-09-26 13:45:56 | INFO     | energy_stress.forecast_pipeline | STAGE 2: Per-origin tuning, as_of=2009
2026-09-26 13:45:56 | INFO     | energy_stress.forecast_pipeline | ========================================
2026-09-26 13:45:56 | INFO     | energy_stress.tuning | Tuning gas/core/SARIMA candidate 1/1: {}
2026-09-26 13:45:56 | INFO     | energy_stress.sarima | [SARIMA-CORE] Fitting on gas (train=32 obs)
2026-09-26 13:45:57 | INFO     | energy_stress.sarima | SARIMA best order: (0, 2, 0) × (0, 1, 0, 12)
2026-09-26 13:45:57 | INFO     | energy_stress.sarima | [SARIMA-CORE gas] validation: MAE=79.4000, RMSE=91.9905, MAPE=955.42%
2026-09-26 13:45:57 | INFO     | energy_stress.sarima | [SARIMA-CORE] Forecast saved → outputs_v2/tuning_rolling/2009/forecasts/gas/core/sarima/candidate_01/gas_growth_pct_forecasts_sarima_core.csv
2026-09-26 13:45:57 | INFO     | energy_stress.tuning | Tuning gas/core/Prophet candidate 1/16: {'changepoint_prior_scale': 0.001, 'seasonality_prior_scale': 1.0, 'seasonality_mode': 'additive'}
2026-09-26 13:45:57 | INFO     | energy_stress.prophet | [Prophet-CORE] Fitting on gas (train=32 obs, regressors=False, cps=0.001, sps=1.0, reg_ps=n/a, seasonality=additive)
2026-09-26 13:45:58 | INFO     | energy_stress.prophet | [Prophet-CORE gas] validation: MAE=21.7956, RMSE=23.9851
2026-09-26 13:45:58 | INFO     | energy_stress.prophet | [Prophet-CORE] Forecast saved → outputs_v2/tuning_rolling/2009/forecasts/gas/core/prophet/candidate_01/gas_growth_pct_forecasts_prophet_core.csv
2026-09-26 13:45:58 | INFO     | energy_stress.tuning | Tuning gas/core/Prophet candidate 2/16: {'changepoint_prior_scale': 0.001, 'seasonality_prior_scale': 1.0, 'seasonality_mode': 'multiplicative'}
2026-09-26 13:45:58 | INFO     | energy_stress.prophet | [Prophet-CORE] Fitting on gas (train=32 obs, regressors=False, cps=0.001, sps=1.0, reg_ps=n/a, seasonality=multiplicative)
2026-09-26 13:45:59 | INFO     | energy_stress.prophet | [Prophet-CORE gas] validation: MAE=17.7778, RMSE=19.7544
2026-09-26 13:45:59 | INFO     | energy_stress.prophet | [Prophet-CORE] Forecast saved → outputs_v2/tuning_rolling/2009/forecasts/gas/core/prophet/candidate_02/gas_growth_pct_forecasts_prophet_core.csv
2026-09-26 13:45:59 | INFO     | energy_stress.tuning | Tuning gas/core/Prophet candidate 3/16: {'changepoint_prior_scale': 0.001, 'seasonality_prior_scale': 10.0, 'seasonality_mode': 'additive'}
2026-09-26 13:45:59 | INFO     | energy_stress.prophet | [Prophet-CORE] Fitting on gas (train=32 obs, regressors=False, cps=0.001, sps=10.0, reg_ps=n/a, seasonality=additive)
2026-09-26 13:45:59 | INFO     | energy_stress.prophet | [Prophet-CORE gas] validation: MAE=26.1066, RMSE=35.4546
2026-09-26 13:45:59 | INFO     | energy_stress.prophet | [Prophet-CORE] Forecast saved → outputs_v2/tuning_rolling/2009/forecasts/gas/core/prophet/candidate_03/gas_growth_pct_forecasts_prophet_core.csv
2026-09-26 13:45:59 | INFO     | energy_stress.tuning | Tuning gas/core/Prophet candidate 4/16: {'changepoint_prior_scale': 0.001, 'seasonality_prior_scale': 10.0, 'seasonality_mode': 'multiplicative'}
2026-09-26 13:45:59 | INFO     | energy_stress.prophet | [Prophet-CORE] Fitting on gas (train=32 obs, regressors=False, cps=0.001, sps=10.0, reg_ps=n/a, seasonality=multiplicative)
2026-09-26 13:46:00 | INFO     | energy_stress.prophet | [Prophet-CORE gas] validation: MAE=18.5036, RMSE=21.7415
2026-09-26 13:46:00 | INFO     | energy_stress.prophet | [Prophet-CORE] Forecast saved → outputs_v2/tuning_rolling/2009/forecasts/gas/core/prophet/candidate_04/gas_growth_pct_forecasts_prophet_core.csv
2026-09-26 13:46:00 | INFO     | energy_stress.tuning | Tuning gas/core/Prophet candidate 5/16: {'changepoint_prior_scale': 0.01, 'seasonality_prior_scale': 1.0, 'seasonality_mode': 'additive'}
2026-09-26 13:46:00 | INFO     | energy_stress.prophet | [Prophet-CORE] Fitting on gas (train=32 obs, regressors=False, cps=0.01, sps=1.0, reg_ps=n/a, seasonality=additive)
2026-09-26 13:46:00 | INFO     | energy_stress.prophet | [Prophet-CORE gas] validation: MAE=21.5472, RMSE=23.7982
2026-09-26 13:46:00 | INFO     | energy_stress.prophet | [Prophet-CORE] Forecast saved → outputs_v2/tuning_rolling/2009/forecasts/gas/core/prophet/candidate_05/gas_growth_pct_forecasts_prophet_core.csv
2026-09-26 13:46:00 | INFO     | energy_stress.tuning | Tuning gas/core/Prophet candidate 6/16: {'changepoint_prior_scale': 0.01, 'seasonality_prior_scale': 1.0, 'seasonality_mode': 'multiplicative'}
2026-09-26 13:46:00 | INFO     | energy_stress.prophet | [Prophet-CORE] Fitting on gas (train=32 obs, regressors=False, cps=0.01, sps=1.0, reg_ps=n/a, seasonality=multiplicative)
2026-09-26 13:46:00 | INFO     | energy_stress.prophet | [Prophet-CORE gas] validation: MAE=18.0852, RMSE=20.1270
2026-09-26 13:46:00 | INFO     | energy_stress.prophet | [Prophet-CORE] Forecast saved → outputs_v2/tuning_rolling/2009/forecasts/gas/core/prophet/candidate_06/gas_growth_pct_forecasts_prophet_core.csv
2026-09-26 13:46:00 | INFO     | energy_stress.tuning | Tuning gas/core/Prophet candidate 7/16: {'changepoint_prior_scale': 0.01, 'seasonality_prior_scale': 10.0, 'seasonality_mode': 'additive'}
2026-09-26 13:46:00 | INFO     | energy_stress.prophet | [Prophet-CORE] Fitting on gas (train=32 obs, regressors=False, cps=0.01, sps=10.0, reg_ps=n/a, seasonality=additive)
2026-09-26 13:46:00 | INFO     | energy_stress.prophet | [Prophet-CORE gas] validation: MAE=25.9791, RMSE=35.2088
2026-09-26 13:46:00 | INFO     | energy_stress.prophet | [Prophet-CORE] Forecast saved → outputs_v2/tuning_rolling/2009/forecasts/gas/core/prophet/candidate_07/gas_growth_pct_forecasts_prophet_core.csv
2026-09-26 13:46:00 | INFO     | energy_stress.tuning | Tuning gas/core/Prophet candidate 8/16: {'changepoint_prior_scale': 0.01, 'seasonality_prior_scale': 10.0, 'seasonality_mode': 'multiplicative'}
2026-09-26 13:46:00 | INFO     | energy_stress.prophet | [Prophet-CORE] Fitting on gas (train=32 obs, regressors=False, cps=0.01, sps=10.0, reg_ps=n/a, seasonality=multiplicative)
2026-09-26 13:46:01 | INFO     | energy_stress.prophet | [Prophet-CORE gas] validation: MAE=18.7670, RMSE=22.4112
2026-09-26 13:46:01 | INFO     | energy_stress.prophet | [Prophet-CORE] Forecast saved → outputs_v2/tuning_rolling/2009/forecasts/gas/core/prophet/candidate_08/gas_growth_pct_forecasts_prophet_core.csv
2026-09-26 13:46:01 | INFO     | energy_stress.tuning | Tuning gas/core/Prophet candidate 9/16: {'changepoint_prior_scale': 0.05, 'seasonality_prior_scale': 1.0, 'seasonality_mode': 'additive'}
2026-09-26 13:46:01 | INFO     | energy_stress.prophet | [Prophet-CORE] Fitting on gas (train=32 obs, regressors=False, cps=0.05, sps=1.0, reg_ps=n/a, seasonality=additive)
2026-09-26 13:46:01 | INFO     | energy_stress.prophet | [Prophet-CORE gas] validation: MAE=21.6237, RMSE=23.8720
2026-09-26 13:46:01 | INFO     | energy_stress.prophet | [Prophet-CORE] Forecast saved → outputs_v2/tuning_rolling/2009/forecasts/gas/core/prophet/candidate_09/gas_growth_pct_forecasts_prophet_core.csv
2026-09-26 13:46:01 | INFO     | energy_stress.tuning | Tuning gas/core/Prophet candidate 10/16: {'changepoint_prior_scale': 0.05, 'seasonality_prior_scale': 1.0, 'seasonality_mode': 'multiplicative'}
2026-09-26 13:46:01 | INFO     | energy_stress.prophet | [Prophet-CORE] Fitting on gas (train=32 obs, regressors=False, cps=0.05, sps=1.0, reg_ps=n/a, seasonality=multiplicative)
2026-09-26 13:46:01 | INFO     | energy_stress.prophet | [Prophet-CORE gas] validation: MAE=18.0859, RMSE=20.1279
2026-09-26 13:46:01 | INFO     | energy_stress.prophet | [Prophet-CORE] Forecast saved → outputs_v2/tuning_rolling/2009/forecasts/gas/core/prophet/candidate_10/gas_growth_pct_forecasts_prophet_core.csv
2026-09-26 13:46:01 | INFO     | energy_stress.tuning | Tuning gas/core/Prophet candidate 11/16: {'changepoint_prior_scale': 0.05, 'seasonality_prior_scale': 10.0, 'seasonality_mode': 'additive'}
2026-09-26 13:46:01 | INFO     | energy_stress.prophet | [Prophet-CORE] Fitting on gas (train=32 obs, regressors=False, cps=0.05, sps=10.0, reg_ps=n/a, seasonality=additive)
2026-09-26 13:46:01 | INFO     | energy_stress.prophet | [Prophet-CORE gas] validation: MAE=25.9792, RMSE=35.2090
2026-09-26 13:46:01 | INFO     | energy_stress.prophet | [Prophet-CORE] Forecast saved → outputs_v2/tuning_rolling/2009/forecasts/gas/core/prophet/candidate_11/gas_growth_pct_forecasts_prophet_core.csv
2026-09-26 13:46:01 | INFO     | energy_stress.tuning | Tuning gas/core/Prophet candidate 12/16: {'changepoint_prior_scale': 0.05, 'seasonality_prior_scale': 10.0, 'seasonality_mode': 'multiplicative'}
2026-09-26 13:46:01 | INFO     | energy_stress.prophet | [Prophet-CORE] Fitting on gas (train=32 obs, regressors=False, cps=0.05, sps=10.0, reg_ps=n/a, seasonality=multiplicative)
2026-09-26 13:46:02 | INFO     | energy_stress.prophet | [Prophet-CORE gas] validation: MAE=18.7699, RMSE=22.4156
2026-09-26 13:46:02 | INFO     | energy_stress.prophet | [Prophet-CORE] Forecast saved → outputs_v2/tuning_rolling/2009/forecasts/gas/core/prophet/candidate_12/gas_growth_pct_forecasts_prophet_core.csv
2026-09-26 13:46:02 | INFO     | energy_stress.tuning | Tuning gas/core/Prophet candidate 13/16: {'changepoint_prior_scale': 0.1, 'seasonality_prior_scale': 1.0, 'seasonality_mode': 'additive'}
2026-09-26 13:46:02 | INFO     | energy_stress.prophet | [Prophet-CORE] Fitting on gas (train=32 obs, regressors=False, cps=0.1, sps=1.0, reg_ps=n/a, seasonality=additive)
2026-09-26 13:46:02 | INFO     | energy_stress.prophet | [Prophet-CORE gas] validation: MAE=21.6098, RMSE=23.8596
2026-09-26 13:46:02 | INFO     | energy_stress.prophet | [Prophet-CORE] Forecast saved → outputs_v2/tuning_rolling/2009/forecasts/gas/core/prophet/candidate_13/gas_growth_pct_forecasts_prophet_core.csv
2026-09-26 13:46:02 | INFO     | energy_stress.tuning | Tuning gas/core/Prophet candidate 14/16: {'changepoint_prior_scale': 0.1, 'seasonality_prior_scale': 1.0, 'seasonality_mode': 'multiplicative'}
2026-09-26 13:46:02 | INFO     | energy_stress.prophet | [Prophet-CORE] Fitting on gas (train=32 obs, regressors=False, cps=0.1, sps=1.0, reg_ps=n/a, seasonality=multiplicative)
2026-09-26 13:46:02 | INFO     | energy_stress.prophet | [Prophet-CORE gas] validation: MAE=18.0841, RMSE=20.1221
2026-09-26 13:46:02 | INFO     | energy_stress.prophet | [Prophet-CORE] Forecast saved → outputs_v2/tuning_rolling/2009/forecasts/gas/core/prophet/candidate_14/gas_growth_pct_forecasts_prophet_core.csv
2026-09-26 13:46:02 | INFO     | energy_stress.tuning | Tuning gas/core/Prophet candidate 15/16: {'changepoint_prior_scale': 0.1, 'seasonality_prior_scale': 10.0, 'seasonality_mode': 'additive'}
2026-09-26 13:46:02 | INFO     | energy_stress.prophet | [Prophet-CORE] Fitting on gas (train=32 obs, regressors=False, cps=0.1, sps=10.0, reg_ps=n/a, seasonality=additive)
2026-09-26 13:46:02 | INFO     | energy_stress.prophet | [Prophet-CORE gas] validation: MAE=25.9803, RMSE=35.2101
2026-09-26 13:46:02 | INFO     | energy_stress.prophet | [Prophet-CORE] Forecast saved → outputs_v2/tuning_rolling/2009/forecasts/gas/core/prophet/candidate_15/gas_growth_pct_forecasts_prophet_core.csv
2026-09-26 13:46:02 | INFO     | energy_stress.tuning | Tuning gas/core/Prophet candidate 16/16: {'changepoint_prior_scale': 0.1, 'seasonality_prior_scale': 10.0, 'seasonality_mode': 'multiplicative'}
2026-09-26 13:46:02 | INFO     | energy_stress.prophet | [Prophet-CORE] Fitting on gas (train=32 obs, regressors=False, cps=0.1, sps=10.0, reg_ps=n/a, seasonality=multiplicative)
2026-09-26 13:46:03 | INFO     | energy_stress.prophet | [Prophet-CORE gas] validation: MAE=18.7678, RMSE=22.4086
2026-09-26 13:46:03 | INFO     | energy_stress.prophet | [Prophet-CORE] Forecast saved → outputs_v2/tuning_rolling/2009/forecasts/gas/core/prophet/candidate_16/gas_growth_pct_forecasts_prophet_core.csv
2026-09-26 13:46:03 | INFO     | energy_stress.tuning | Best params for gas/core/Prophet: {'changepoint_prior_scale': 0.001, 'seasonality_prior_scale': 1.0, 'seasonality_mode': 'multiplicative'} (validation score=17.7778)
2026-09-26 13:46:03 | INFO     | energy_stress.tuning | Tuning gas/core/LSTM candidate 1/3: {'lookback': 6, 'dropout': 0.1, 'learning_rate': 0.001, 'units_1': 64, 'units_2': 32, 'macro_feature_set': 'lstm'}
2026-09-26 13:46:05 | INFO     | energy_stress.lstm | [LSTM-CORE] Training on gas | train=2006-05-01→2008-12-01 (32 obs), test=2009-01-01→2009-12-01 (12 obs), use_macro=False, lookback=6, dropout=0.1, lr=0.001, units=(64,32), macro_feature_set=lstm
2026-09-26 13:46:06 | INFO     | energy_stress.lstm | [LSTM-CORE gas] validation: MAE=13.9113, RMSE=18.0511
2026-09-26 13:46:08 | INFO     | energy_stress.lstm | [LSTM-CORE] Forecast saved → outputs_v2/tuning_rolling/2009/forecasts/gas/core/lstm/candidate_01/gas_growth_pct_forecasts_lstm_core.csv
2026-09-26 13:46:08 | INFO     | energy_stress.tuning | Tuning gas/core/LSTM candidate 2/3: {'lookback': 12, 'dropout': 0.2, 'learning_rate': 0.001, 'units_1': 128, 'units_2': 64, 'macro_feature_set': 'lstm'}
2026-09-26 13:46:08 | INFO     | energy_stress.lstm | [LSTM-CORE] Training on gas | train=2006-05-01→2008-12-01 (32 obs), test=2009-01-01→2009-12-01 (12 obs), use_macro=False, lookback=12, dropout=0.2, lr=0.001, units=(128,64), macro_feature_set=lstm
2026-09-26 13:46:09 | INFO     | energy_stress.lstm | [LSTM-CORE gas] validation: MAE=23.7668, RMSE=27.7197
2026-09-26 13:46:11 | INFO     | energy_stress.lstm | [LSTM-CORE] Forecast saved → outputs_v2/tuning_rolling/2009/forecasts/gas/core/lstm/candidate_02/gas_growth_pct_forecasts_lstm_core.csv
2026-09-26 13:46:11 | INFO     | energy_stress.tuning | Tuning gas/core/LSTM candidate 3/3: {'lookback': 18, 'dropout': 0.25, 'learning_rate': 0.0005, 'units_1': 128, 'units_2': 64, 'macro_feature_set': 'lstm'}
2026-09-26 13:46:11 | INFO     | energy_stress.lstm | [LSTM-CORE] Training on gas | train=2006-05-01→2008-12-01 (32 obs), test=2009-01-01→2009-12-01 (12 obs), use_macro=False, lookback=18, dropout=0.25, lr=0.0005, units=(128,64), macro_feature_set=lstm
2026-09-26 13:46:12 | INFO     | energy_stress.lstm | [LSTM-CORE gas] validation: MAE=15.2276, RMSE=17.7176
2026-09-26 13:46:15 | INFO     | energy_stress.lstm | [LSTM-CORE] Forecast saved → outputs_v2/tuning_rolling/2009/forecasts/gas/core/lstm/candidate_03/gas_growth_pct_forecasts_lstm_core.csv
2026-09-26 13:46:15 | INFO     | energy_stress.tuning | Best params for gas/core/LSTM: {'lookback': 6, 'dropout': 0.1, 'learning_rate': 0.001, 'units_1': 64, 'units_2': 32, 'macro_feature_set': 'lstm'} (validation score=13.9113)
2026-09-26 13:46:15 | INFO     | energy_stress.tuning | Tuning gas/core/TFT candidate 1/3: {'lookback': 6, 'hidden': 32, 'n_heads': 4, 'learning_rate': 0.001}
2026-09-26 13:46:16 | INFO     | energy_stress.tft | [TFT/pytorch-forecasting] Fitting gas (core)
2026-09-26 13:46:35 | INFO     | energy_stress.tft | [TFT gas] validation: MAE=27.9061, RMSE=29.4366
2026-09-26 13:46:47 | INFO     | energy_stress.tft | [TFT] Forecast saved → outputs_v2/tuning_rolling/2009/forecasts/gas/core/tft/candidate_01/gas_growth_pct_forecasts_tft_core.csv
2026-09-26 13:46:47 | INFO     | energy_stress.tuning | Tuning gas/core/TFT candidate 2/3: {'lookback': 12, 'hidden': 64, 'n_heads': 4, 'learning_rate': 0.0005}
2026-09-26 13:46:47 | INFO     | energy_stress.tft | [TFT/pytorch-forecasting] Fitting gas (core)
2026-09-26 13:46:59 | INFO     | energy_stress.tft | [TFT gas] validation: MAE=23.4813, RMSE=26.3521
2026-09-26 13:47:12 | INFO     | energy_stress.tft | [TFT] Forecast saved → outputs_v2/tuning_rolling/2009/forecasts/gas/core/tft/candidate_02/gas_growth_pct_forecasts_tft_core.csv
2026-09-26 13:47:12 | INFO     | energy_stress.tuning | Tuning gas/core/TFT candidate 3/3: {'lookback': 18, 'hidden': 64, 'n_heads': 4, 'learning_rate': 0.0005}
2026-09-26 13:47:12 | INFO     | energy_stress.tft | [TFT/pytorch-forecasting] Fitting gas (core)
2026-09-26 13:47:25 | INFO     | energy_stress.tft | [TFT gas] validation: MAE=26.4892, RMSE=29.3387
2026-09-26 13:47:38 | INFO     | energy_stress.tft | [TFT] Forecast saved → outputs_v2/tuning_rolling/2009/forecasts/gas/core/tft/candidate_03/gas_growth_pct_forecasts_tft_core.csv
2026-09-26 13:47:38 | INFO     | energy_stress.tuning | Best params for gas/core/TFT: {'lookback': 12, 'hidden': 64, 'n_heads': 4, 'learning_rate': 0.0005} (validation score=23.4813)
2026-09-26 13:47:38 | INFO     | energy_stress.tuning | Tuning electricity/core/SARIMA candidate 1/1: {}
2026-09-26 13:47:38 | INFO     | energy_stress.sarima | [SARIMA-CORE] Fitting on electricity (train=32 obs)
2026-09-26 13:47:39 | INFO     | energy_stress.sarima | SARIMA best order: (0, 2, 1) × (0, 1, 0, 12)
2026-09-26 13:47:39 | INFO     | energy_stress.sarima | [SARIMA-CORE electricity] validation: MAE=61.5007, RMSE=69.0459, MAPE=928.11%
2026-09-26 13:47:39 | INFO     | energy_stress.sarima | [SARIMA-CORE] Forecast saved → outputs_v2/tuning_rolling/2009/forecasts/electricity/core/sarima/candidate_01/electricity_growth_pct_forecasts_sarima_core.csv
2026-09-26 13:47:39 | INFO     | energy_stress.tuning | Tuning electricity/core/Prophet candidate 1/8: {'changepoint_prior_scale': 0.001, 'seasonality_prior_scale': 1.0, 'seasonality_mode': 'additive'}
2026-09-26 13:47:39 | INFO     | energy_stress.prophet | [Prophet-CORE] Fitting on electricity (train=32 obs, regressors=False, cps=0.001, sps=1.0, reg_ps=n/a, seasonality=additive)
2026-09-26 13:47:39 | INFO     | energy_stress.prophet | [Prophet-CORE electricity] validation: MAE=10.8361, RMSE=13.7823
2026-09-26 13:47:40 | INFO     | energy_stress.prophet | [Prophet-CORE] Forecast saved → outputs_v2/tuning_rolling/2009/forecasts/electricity/core/prophet/candidate_01/electricity_growth_pct_forecasts_prophet_core.csv
2026-09-26 13:47:40 | INFO     | energy_stress.tuning | Tuning electricity/core/Prophet candidate 2/8: {'changepoint_prior_scale': 0.001, 'seasonality_prior_scale': 10.0, 'seasonality_mode': 'additive'}
2026-09-26 13:47:40 | INFO     | energy_stress.prophet | [Prophet-CORE] Fitting on electricity (train=32 obs, regressors=False, cps=0.001, sps=10.0, reg_ps=n/a, seasonality=additive)
2026-09-26 13:47:40 | INFO     | energy_stress.prophet | [Prophet-CORE electricity] validation: MAE=12.6964, RMSE=18.7789
2026-09-26 13:47:40 | INFO     | energy_stress.prophet | [Prophet-CORE] Forecast saved → outputs_v2/tuning_rolling/2009/forecasts/electricity/core/prophet/candidate_02/electricity_growth_pct_forecasts_prophet_core.csv
2026-09-26 13:47:40 | INFO     | energy_stress.tuning | Tuning electricity/core/Prophet candidate 3/8: {'changepoint_prior_scale': 0.01, 'seasonality_prior_scale': 1.0, 'seasonality_mode': 'additive'}
2026-09-26 13:47:40 | INFO     | energy_stress.prophet | [Prophet-CORE] Fitting on electricity (train=32 obs, regressors=False, cps=0.01, sps=1.0, reg_ps=n/a, seasonality=additive)
2026-09-26 13:47:40 | INFO     | energy_stress.prophet | [Prophet-CORE electricity] validation: MAE=10.7365, RMSE=13.8925
2026-09-26 13:47:40 | INFO     | energy_stress.prophet | [Prophet-CORE] Forecast saved → outputs_v2/tuning_rolling/2009/forecasts/electricity/core/prophet/candidate_03/electricity_growth_pct_forecasts_prophet_core.csv
2026-09-26 13:47:40 | INFO     | energy_stress.tuning | Tuning electricity/core/Prophet candidate 4/8: {'changepoint_prior_scale': 0.01, 'seasonality_prior_scale': 10.0, 'seasonality_mode': 'additive'}
2026-09-26 13:47:40 | INFO     | energy_stress.prophet | [Prophet-CORE] Fitting on electricity (train=32 obs, regressors=False, cps=0.01, sps=10.0, reg_ps=n/a, seasonality=additive)
2026-09-26 13:47:41 | INFO     | energy_stress.prophet | [Prophet-CORE electricity] validation: MAE=12.6586, RMSE=18.6550
2026-09-26 13:47:41 | INFO     | energy_stress.prophet | [Prophet-CORE] Forecast saved → outputs_v2/tuning_rolling/2009/forecasts/electricity/core/prophet/candidate_04/electricity_growth_pct_forecasts_prophet_core.csv
2026-09-26 13:47:41 | INFO     | energy_stress.tuning | Tuning electricity/core/Prophet candidate 5/8: {'changepoint_prior_scale': 0.05, 'seasonality_prior_scale': 1.0, 'seasonality_mode': 'additive'}
2026-09-26 13:47:41 | INFO     | energy_stress.prophet | [Prophet-CORE] Fitting on electricity (train=32 obs, regressors=False, cps=0.05, sps=1.0, reg_ps=n/a, seasonality=additive)
2026-09-26 13:47:41 | INFO     | energy_stress.prophet | [Prophet-CORE electricity] validation: MAE=10.7379, RMSE=13.8976
2026-09-26 13:47:41 | INFO     | energy_stress.prophet | [Prophet-CORE] Forecast saved → outputs_v2/tuning_rolling/2009/forecasts/electricity/core/prophet/candidate_05/electricity_growth_pct_forecasts_prophet_core.csv
2026-09-26 13:47:41 | INFO     | energy_stress.tuning | Tuning electricity/core/Prophet candidate 6/8: {'changepoint_prior_scale': 0.05, 'seasonality_prior_scale': 10.0, 'seasonality_mode': 'additive'}
2026-09-26 13:47:41 | INFO     | energy_stress.prophet | [Prophet-CORE] Fitting on electricity (train=32 obs, regressors=False, cps=0.05, sps=10.0, reg_ps=n/a, seasonality=additive)
2026-09-26 13:47:41 | INFO     | energy_stress.prophet | [Prophet-CORE electricity] validation: MAE=12.6688, RMSE=18.6798
2026-09-26 13:47:41 | INFO     | energy_stress.prophet | [Prophet-CORE] Forecast saved → outputs_v2/tuning_rolling/2009/forecasts/electricity/core/prophet/candidate_06/electricity_growth_pct_forecasts_prophet_core.csv
2026-09-26 13:47:41 | INFO     | energy_stress.tuning | Tuning electricity/core/Prophet candidate 7/8: {'changepoint_prior_scale': 0.1, 'seasonality_prior_scale': 1.0, 'seasonality_mode': 'additive'}
2026-09-26 13:47:41 | INFO     | energy_stress.prophet | [Prophet-CORE] Fitting on electricity (train=32 obs, regressors=False, cps=0.1, sps=1.0, reg_ps=n/a, seasonality=additive)
2026-09-26 13:47:41 | INFO     | energy_stress.prophet | [Prophet-CORE electricity] validation: MAE=10.7389, RMSE=13.8693
2026-09-26 13:47:42 | INFO     | energy_stress.prophet | [Prophet-CORE] Forecast saved → outputs_v2/tuning_rolling/2009/forecasts/electricity/core/prophet/candidate_07/electricity_growth_pct_forecasts_prophet_core.csv
2026-09-26 13:47:42 | INFO     | energy_stress.tuning | Tuning electricity/core/Prophet candidate 8/8: {'changepoint_prior_scale': 0.1, 'seasonality_prior_scale': 10.0, 'seasonality_mode': 'additive'}
2026-09-26 13:47:42 | INFO     | energy_stress.prophet | [Prophet-CORE] Fitting on electricity (train=32 obs, regressors=False, cps=0.1, sps=10.0, reg_ps=n/a, seasonality=additive)
2026-09-26 13:47:42 | INFO     | energy_stress.prophet | [Prophet-CORE electricity] validation: MAE=12.6739, RMSE=18.6916
2026-09-26 13:47:42 | INFO     | energy_stress.prophet | [Prophet-CORE] Forecast saved → outputs_v2/tuning_rolling/2009/forecasts/electricity/core/prophet/candidate_08/electricity_growth_pct_forecasts_prophet_core.csv
2026-09-26 13:47:42 | INFO     | energy_stress.tuning | Best params for electricity/core/Prophet: {'changepoint_prior_scale': 0.01, 'seasonality_prior_scale': 1.0, 'seasonality_mode': 'additive'} (validation score=10.7365)
2026-09-26 13:47:42 | INFO     | energy_stress.tuning | Tuning electricity/core/LSTM candidate 1/3: {'lookback': 6, 'dropout': 0.1, 'learning_rate': 0.001, 'units_1': 64, 'units_2': 32, 'macro_feature_set': 'lstm'}
2026-09-26 13:47:42 | INFO     | energy_stress.lstm | [LSTM-CORE] Training on electricity | train=2006-05-01→2008-12-01 (32 obs), test=2009-01-01→2009-12-01 (12 obs), use_macro=False, lookback=6, dropout=0.1, lr=0.001, units=(64,32), macro_feature_set=lstm
2026-09-26 13:47:43 | INFO     | energy_stress.lstm | [LSTM-CORE electricity] validation: MAE=13.1167, RMSE=15.3659
2026-09-26 13:47:45 | INFO     | energy_stress.lstm | [LSTM-CORE] Forecast saved → outputs_v2/tuning_rolling/2009/forecasts/electricity/core/lstm/candidate_01/electricity_growth_pct_forecasts_lstm_core.csv
2026-09-26 13:47:45 | INFO     | energy_stress.tuning | Tuning electricity/core/LSTM candidate 2/3: {'lookback': 12, 'dropout': 0.2, 'learning_rate': 0.001, 'units_1': 128, 'units_2': 64, 'macro_feature_set': 'lstm'}
2026-09-26 13:47:45 | INFO     | energy_stress.lstm | [LSTM-CORE] Training on electricity | train=2006-05-01→2008-12-01 (32 obs), test=2009-01-01→2009-12-01 (12 obs), use_macro=False, lookback=12, dropout=0.2, lr=0.001, units=(128,64), macro_feature_set=lstm
2026-09-26 13:47:47 | INFO     | energy_stress.lstm | [LSTM-CORE electricity] validation: MAE=19.4936, RMSE=21.5883
2026-09-26 13:47:49 | INFO     | energy_stress.lstm | [LSTM-CORE] Forecast saved → outputs_v2/tuning_rolling/2009/forecasts/electricity/core/lstm/candidate_02/electricity_growth_pct_forecasts_lstm_core.csv
2026-09-26 13:47:49 | INFO     | energy_stress.tuning | Tuning electricity/core/LSTM candidate 3/3: {'lookback': 18, 'dropout': 0.25, 'learning_rate': 0.0005, 'units_1': 128, 'units_2': 64, 'macro_feature_set': 'lstm'}
2026-09-26 13:47:49 | INFO     | energy_stress.lstm | [LSTM-CORE] Training on electricity | train=2006-05-01→2008-12-01 (32 obs), test=2009-01-01→2009-12-01 (12 obs), use_macro=False, lookback=18, dropout=0.25, lr=0.0005, units=(128,64), macro_feature_set=lstm
2026-09-26 13:47:50 | INFO     | energy_stress.lstm | [LSTM-CORE electricity] validation: MAE=12.3400, RMSE=14.2713
2026-09-26 13:47:54 | INFO     | energy_stress.lstm | [LSTM-CORE] Forecast saved → outputs_v2/tuning_rolling/2009/forecasts/electricity/core/lstm/candidate_03/electricity_growth_pct_forecasts_lstm_core.csv
2026-09-26 13:47:54 | INFO     | energy_stress.tuning | Best params for electricity/core/LSTM: {'lookback': 18, 'dropout': 0.25, 'learning_rate': 0.0005, 'units_1': 128, 'units_2': 64, 'macro_feature_set': 'lstm'} (validation score=12.3400)
2026-09-26 13:47:54 | INFO     | energy_stress.tuning | Tuning electricity/core/TFT candidate 1/3: {'lookback': 6, 'hidden': 32, 'n_heads': 4, 'learning_rate': 0.001}
2026-09-26 13:47:54 | INFO     | energy_stress.tft | [TFT/pytorch-forecasting] Fitting electricity (core)
2026-09-26 13:48:08 | INFO     | energy_stress.tft | [TFT electricity] validation: MAE=12.7088, RMSE=13.8653
2026-09-26 13:48:23 | INFO     | energy_stress.tft | [TFT] Forecast saved → outputs_v2/tuning_rolling/2009/forecasts/electricity/core/tft/candidate_01/electricity_growth_pct_forecasts_tft_core.csv
2026-09-26 13:48:23 | INFO     | energy_stress.tuning | Tuning electricity/core/TFT candidate 2/3: {'lookback': 12, 'hidden': 64, 'n_heads': 4, 'learning_rate': 0.0005}
2026-09-26 13:48:23 | INFO     | energy_stress.tft | [TFT/pytorch-forecasting] Fitting electricity (core)
2026-09-26 13:48:36 | INFO     | energy_stress.tft | [TFT electricity] validation: MAE=13.0639, RMSE=14.1603
2026-09-26 13:48:50 | INFO     | energy_stress.tft | [TFT] Forecast saved → outputs_v2/tuning_rolling/2009/forecasts/electricity/core/tft/candidate_02/electricity_growth_pct_forecasts_tft_core.csv
2026-09-26 13:48:50 | INFO     | energy_stress.tuning | Tuning electricity/core/TFT candidate 3/3: {'lookback': 18, 'hidden': 64, 'n_heads': 4, 'learning_rate': 0.0005}
2026-09-26 13:48:50 | INFO     | energy_stress.tft | [TFT/pytorch-forecasting] Fitting electricity (core)
2026-09-26 13:49:03 | INFO     | energy_stress.tft | [TFT electricity] validation: MAE=13.1320, RMSE=14.3676
2026-09-26 13:49:17 | INFO     | energy_stress.tft | [TFT] Forecast saved → outputs_v2/tuning_rolling/2009/forecasts/electricity/core/tft/candidate_03/electricity_growth_pct_forecasts_tft_core.csv
2026-09-26 13:49:17 | INFO     | energy_stress.tuning | Best params for electricity/core/TFT: {'lookback': 6, 'hidden': 32, 'n_heads': 4, 'learning_rate': 0.001} (validation score=12.7088)
2026-09-26 13:49:17 | INFO     | energy_stress.tuning | Tuning carbon/core/SARIMA candidate 1/1: {}
2026-09-26 13:49:17 | INFO     | energy_stress.sarima | [SARIMA-CORE] Fitting on carbon (train=32 obs)
2026-09-26 13:49:19 | INFO     | energy_stress.sarima | SARIMA best order: (0, 1, 0) × (1, 1, 0, 12)
2026-09-26 13:49:19 | INFO     | energy_stress.sarima | [SARIMA-CORE carbon] validation: MAE=176.5267, RMSE=195.9174, MAPE=521.43%
2026-09-26 13:49:19 | INFO     | energy_stress.sarima | [SARIMA-CORE] Forecast saved → outputs_v2/tuning_rolling/2009/forecasts/carbon/core/sarima/candidate_01/carbon_growth_pct_forecasts_sarima_core.csv
2026-09-26 13:49:19 | INFO     | energy_stress.tuning | Tuning carbon/core/Prophet candidate 1/8: {'changepoint_prior_scale': 0.001, 'seasonality_prior_scale': 1.0, 'seasonality_mode': 'additive'}
2026-09-26 13:49:19 | INFO     | energy_stress.prophet | [Prophet-CORE] Fitting on carbon (train=32 obs, regressors=False, cps=0.001, sps=1.0, reg_ps=n/a, seasonality=additive)
2026-09-26 13:49:20 | INFO     | energy_stress.prophet | [Prophet-CORE carbon] validation: MAE=352.8230, RMSE=354.2075
2026-09-26 13:49:20 | INFO     | energy_stress.prophet | [Prophet-CORE] Forecast saved → outputs_v2/tuning_rolling/2009/forecasts/carbon/core/prophet/candidate_01/carbon_growth_pct_forecasts_prophet_core.csv
2026-09-26 13:49:20 | INFO     | energy_stress.tuning | Tuning carbon/core/Prophet candidate 2/8: {'changepoint_prior_scale': 0.001, 'seasonality_prior_scale': 10.0, 'seasonality_mode': 'additive'}
2026-09-26 13:49:20 | INFO     | energy_stress.prophet | [Prophet-CORE] Fitting on carbon (train=32 obs, regressors=False, cps=0.001, sps=10.0, reg_ps=n/a, seasonality=additive)
2026-09-26 13:49:22 | INFO     | energy_stress.prophet | [Prophet-CORE carbon] validation: MAE=245.2511, RMSE=248.6003
2026-09-26 13:49:26 | INFO     | energy_stress.prophet | [Prophet-CORE] Forecast saved → outputs_v2/tuning_rolling/2009/forecasts/carbon/core/prophet/candidate_02/carbon_growth_pct_forecasts_prophet_core.csv
2026-09-26 13:49:26 | INFO     | energy_stress.tuning | Tuning carbon/core/Prophet candidate 3/8: {'changepoint_prior_scale': 0.01, 'seasonality_prior_scale': 1.0, 'seasonality_mode': 'additive'}
2026-09-26 13:49:26 | INFO     | energy_stress.prophet | [Prophet-CORE] Fitting on carbon (train=32 obs, regressors=False, cps=0.01, sps=1.0, reg_ps=n/a, seasonality=additive)
2026-09-26 13:49:27 | INFO     | energy_stress.prophet | [Prophet-CORE carbon] validation: MAE=303.6119, RMSE=304.8721
2026-09-26 13:49:27 | INFO     | energy_stress.prophet | [Prophet-CORE] Forecast saved → outputs_v2/tuning_rolling/2009/forecasts/carbon/core/prophet/candidate_03/carbon_growth_pct_forecasts_prophet_core.csv
2026-09-26 13:49:27 | INFO     | energy_stress.tuning | Tuning carbon/core/Prophet candidate 4/8: {'changepoint_prior_scale': 0.01, 'seasonality_prior_scale': 10.0, 'seasonality_mode': 'additive'}
2026-09-26 13:49:27 | INFO     | energy_stress.prophet | [Prophet-CORE] Fitting on carbon (train=32 obs, regressors=False, cps=0.01, sps=10.0, reg_ps=n/a, seasonality=additive)
2026-09-26 13:49:27 | INFO     | energy_stress.prophet | [Prophet-CORE carbon] validation: MAE=279.3049, RMSE=284.6044
2026-09-26 13:49:27 | INFO     | energy_stress.prophet | [Prophet-CORE] Forecast saved → outputs_v2/tuning_rolling/2009/forecasts/carbon/core/prophet/candidate_04/carbon_growth_pct_forecasts_prophet_core.csv
2026-09-26 13:49:27 | INFO     | energy_stress.tuning | Tuning carbon/core/Prophet candidate 5/8: {'changepoint_prior_scale': 0.05, 'seasonality_prior_scale': 1.0, 'seasonality_mode': 'additive'}
2026-09-26 13:49:27 | INFO     | energy_stress.prophet | [Prophet-CORE] Fitting on carbon (train=32 obs, regressors=False, cps=0.05, sps=1.0, reg_ps=n/a, seasonality=additive)
2026-09-26 13:49:27 | INFO     | energy_stress.prophet | [Prophet-CORE carbon] validation: MAE=301.8836, RMSE=303.1378
2026-09-26 13:49:27 | INFO     | energy_stress.prophet | [Prophet-CORE] Forecast saved → outputs_v2/tuning_rolling/2009/forecasts/carbon/core/prophet/candidate_05/carbon_growth_pct_forecasts_prophet_core.csv
2026-09-26 13:49:27 | INFO     | energy_stress.tuning | Tuning carbon/core/Prophet candidate 6/8: {'changepoint_prior_scale': 0.05, 'seasonality_prior_scale': 10.0, 'seasonality_mode': 'additive'}
2026-09-26 13:49:27 | INFO     | energy_stress.prophet | [Prophet-CORE] Fitting on carbon (train=32 obs, regressors=False, cps=0.05, sps=10.0, reg_ps=n/a, seasonality=additive)
2026-09-26 13:49:27 | INFO     | energy_stress.prophet | [Prophet-CORE carbon] validation: MAE=280.3070, RMSE=285.6516
2026-09-26 13:49:28 | INFO     | energy_stress.prophet | [Prophet-CORE] Forecast saved → outputs_v2/tuning_rolling/2009/forecasts/carbon/core/prophet/candidate_06/carbon_growth_pct_forecasts_prophet_core.csv
2026-09-26 13:49:28 | INFO     | energy_stress.tuning | Tuning carbon/core/Prophet candidate 7/8: {'changepoint_prior_scale': 0.1, 'seasonality_prior_scale': 1.0, 'seasonality_mode': 'additive'}
2026-09-26 13:49:28 | INFO     | energy_stress.prophet | [Prophet-CORE] Fitting on carbon (train=32 obs, regressors=False, cps=0.1, sps=1.0, reg_ps=n/a, seasonality=additive)
2026-09-26 13:49:28 | INFO     | energy_stress.prophet | [Prophet-CORE carbon] validation: MAE=302.0524, RMSE=303.3064
2026-09-26 13:49:28 | INFO     | energy_stress.prophet | [Prophet-CORE] Forecast saved → outputs_v2/tuning_rolling/2009/forecasts/carbon/core/prophet/candidate_07/carbon_growth_pct_forecasts_prophet_core.csv
2026-09-26 13:49:28 | INFO     | energy_stress.tuning | Tuning carbon/core/Prophet candidate 8/8: {'changepoint_prior_scale': 0.1, 'seasonality_prior_scale': 10.0, 'seasonality_mode': 'additive'}
2026-09-26 13:49:28 | INFO     | energy_stress.prophet | [Prophet-CORE] Fitting on carbon (train=32 obs, regressors=False, cps=0.1, sps=10.0, reg_ps=n/a, seasonality=additive)
2026-09-26 13:49:28 | INFO     | energy_stress.prophet | [Prophet-CORE carbon] validation: MAE=279.2625, RMSE=284.5549
2026-09-26 13:49:28 | INFO     | energy_stress.prophet | [Prophet-CORE] Forecast saved → outputs_v2/tuning_rolling/2009/forecasts/carbon/core/prophet/candidate_08/carbon_growth_pct_forecasts_prophet_core.csv
2026-09-26 13:49:28 | INFO     | energy_stress.tuning | Best params for carbon/core/Prophet: {'changepoint_prior_scale': 0.001, 'seasonality_prior_scale': 10.0, 'seasonality_mode': 'additive'} (validation score=245.2511)
2026-09-26 13:49:28 | INFO     | energy_stress.tuning | Tuning carbon/core/LSTM candidate 1/3: {'lookback': 6, 'dropout': 0.1, 'learning_rate': 0.001, 'units_1': 64, 'units_2': 32, 'macro_feature_set': 'lstm'}
2026-09-26 13:49:28 | INFO     | energy_stress.lstm | [LSTM-CORE] Training on carbon | train=2006-05-01→2008-12-01 (32 obs), test=2009-01-01→2009-12-01 (12 obs), use_macro=False, lookback=6, dropout=0.1, lr=0.001, units=(64,32), macro_feature_set=lstm
2026-09-26 13:49:29 | INFO     | energy_stress.lstm | [LSTM-CORE carbon] validation: MAE=105.5574, RMSE=112.6065
2026-09-26 13:49:31 | INFO     | energy_stress.lstm | [LSTM-CORE] Forecast saved → outputs_v2/tuning_rolling/2009/forecasts/carbon/core/lstm/candidate_01/carbon_growth_pct_forecasts_lstm_core.csv
2026-09-26 13:49:31 | INFO     | energy_stress.tuning | Tuning carbon/core/LSTM candidate 2/3: {'lookback': 12, 'dropout': 0.2, 'learning_rate': 0.001, 'units_1': 128, 'units_2': 64, 'macro_feature_set': 'lstm'}
2026-09-26 13:49:31 | INFO     | energy_stress.lstm | [LSTM-CORE] Training on carbon | train=2006-05-01→2008-12-01 (32 obs), test=2009-01-01→2009-12-01 (12 obs), use_macro=False, lookback=12, dropout=0.2, lr=0.001, units=(128,64), macro_feature_set=lstm
2026-09-26 13:49:32 | INFO     | energy_stress.lstm | [LSTM-CORE carbon] validation: MAE=120.4336, RMSE=122.8836
2026-09-26 13:49:34 | INFO     | energy_stress.lstm | [LSTM-CORE] Forecast saved → outputs_v2/tuning_rolling/2009/forecasts/carbon/core/lstm/candidate_02/carbon_growth_pct_forecasts_lstm_core.csv
2026-09-26 13:49:34 | INFO     | energy_stress.tuning | Tuning carbon/core/LSTM candidate 3/3: {'lookback': 18, 'dropout': 0.25, 'learning_rate': 0.0005, 'units_1': 128, 'units_2': 64, 'macro_feature_set': 'lstm'}
2026-09-26 13:49:34 | INFO     | energy_stress.lstm | [LSTM-CORE] Training on carbon | train=2006-05-01→2008-12-01 (32 obs), test=2009-01-01→2009-12-01 (12 obs), use_macro=False, lookback=18, dropout=0.25, lr=0.0005, units=(128,64), macro_feature_set=lstm
2026-09-26 13:49:35 | INFO     | energy_stress.lstm | [LSTM-CORE carbon] validation: MAE=118.1329, RMSE=120.0925
2026-09-26 13:49:38 | INFO     | energy_stress.lstm | [LSTM-CORE] Forecast saved → outputs_v2/tuning_rolling/2009/forecasts/carbon/core/lstm/candidate_03/carbon_growth_pct_forecasts_lstm_core.csv
2026-09-26 13:49:38 | INFO     | energy_stress.tuning | Best params for carbon/core/LSTM: {'lookback': 6, 'dropout': 0.1, 'learning_rate': 0.001, 'units_1': 64, 'units_2': 32, 'macro_feature_set': 'lstm'} (validation score=105.5574)
2026-09-26 13:49:38 | INFO     | energy_stress.tuning | Tuning carbon/core/TFT candidate 1/3: {'lookback': 6, 'hidden': 32, 'n_heads': 4, 'learning_rate': 0.001}
2026-09-26 13:49:38 | INFO     | energy_stress.tft | [TFT/pytorch-forecasting] Fitting carbon (core)
2026-09-26 13:49:52 | INFO     | energy_stress.tft | [TFT carbon] validation: MAE=189.8297, RMSE=204.9289
2026-09-26 13:50:08 | INFO     | energy_stress.tft | [TFT] Forecast saved → outputs_v2/tuning_rolling/2009/forecasts/carbon/core/tft/candidate_01/carbon_growth_pct_forecasts_tft_core.csv
2026-09-26 13:50:08 | INFO     | energy_stress.tuning | Tuning carbon/core/TFT candidate 2/3: {'lookback': 12, 'hidden': 64, 'n_heads': 4, 'learning_rate': 0.0005}
2026-09-26 13:50:08 | INFO     | energy_stress.tft | [TFT/pytorch-forecasting] Fitting carbon (core)
2026-09-26 13:50:22 | INFO     | energy_stress.tft | [TFT carbon] validation: MAE=247.6894, RMSE=249.5137
2026-09-26 13:50:36 | INFO     | energy_stress.tft | [TFT] Forecast saved → outputs_v2/tuning_rolling/2009/forecasts/carbon/core/tft/candidate_02/carbon_growth_pct_forecasts_tft_core.csv
2026-09-26 13:50:36 | INFO     | energy_stress.tuning | Tuning carbon/core/TFT candidate 3/3: {'lookback': 18, 'hidden': 64, 'n_heads': 4, 'learning_rate': 0.0005}
2026-09-26 13:50:36 | INFO     | energy_stress.tft | [TFT/pytorch-forecasting] Fitting carbon (core)
2026-09-26 13:50:49 | INFO     | energy_stress.tft | [TFT carbon] validation: MAE=221.2009, RMSE=224.1219
2026-09-26 13:51:02 | INFO     | energy_stress.tft | [TFT] Forecast saved → outputs_v2/tuning_rolling/2009/forecasts/carbon/core/tft/candidate_03/carbon_growth_pct_forecasts_tft_core.csv
2026-09-26 13:51:03 | INFO     | energy_stress.tuning | Best params for carbon/core/TFT: {'lookback': 6, 'hidden': 32, 'n_heads': 4, 'learning_rate': 0.001} (validation score=189.8297)
2026-09-26 13:51:03 | INFO     | energy_stress.tuning | Tuning results saved → outputs_v2/tuning_rolling/2009/model_tuning_results.csv
2026-09-26 13:51:03 | INFO     | energy_stress.forecast_pipeline | 
──────────────────────────────────────────────────
Series: GAS
──────────────────────────────────────────────────
2026-09-26 13:51:03 | INFO     | energy_stress.forecast_pipeline | [gas] train=32, test=12, full=44 (through 2009-12-01), actual_target=12 non-null (2010-01-01..2010-12-01)
2026-09-26 13:51:03 | INFO     | energy_stress.sarima | [SARIMA-CORE] Fitting on gas (train=32 obs)
2026-09-26 13:51:03 | INFO     | energy_stress.sarima | SARIMA best order: (0, 2, 0) × (0, 1, 0, 12)
2026-09-26 13:51:03 | INFO     | energy_stress.sarima | [SARIMA-CORE gas] validation: MAE=79.4000, RMSE=91.9905, MAPE=955.42%
2026-09-26 13:51:03 | INFO     | energy_stress.sarima | [SARIMA-CORE] Forecast saved → outputs_v2/forecasts_rolling/2009/gas_growth_pct_forecasts_sarima_core.csv
2026-09-26 13:51:03 | INFO     | energy_stress.prophet | [Prophet-CORE] Fitting on gas (train=32 obs, regressors=False, cps=0.001, sps=1.0, reg_ps=n/a, seasonality=multiplicative)
2026-09-26 13:51:03 | INFO     | energy_stress.prophet | [Prophet-CORE gas] validation: MAE=17.7778, RMSE=19.7544
2026-09-26 13:51:03 | INFO     | energy_stress.prophet | [Prophet-CORE] Forecast saved → outputs_v2/forecasts_rolling/2009/gas_growth_pct_forecasts_prophet_core.csv
2026-09-26 13:51:03 | INFO     | energy_stress.lstm | [LSTM-CORE] Training on gas | train=2006-05-01→2008-12-01 (32 obs), test=2009-01-01→2009-12-01 (12 obs), use_macro=False, lookback=6, dropout=0.1, lr=0.001, units=(64,32), macro_feature_set=lstm
2026-09-26 13:51:04 | INFO     | energy_stress.lstm | [LSTM-CORE gas] validation: MAE=13.9471, RMSE=18.0576
2026-09-26 13:51:07 | INFO     | energy_stress.lstm | [LSTM-CORE] Forecast saved → outputs_v2/forecasts_rolling/2009/gas_growth_pct_forecasts_lstm_core.csv
2026-09-26 13:51:07 | INFO     | energy_stress.lstm | [LSTM-CORE] Model saved → outputs_v2/models
2026-09-26 13:51:07 | INFO     | energy_stress.tft | [TFT/pytorch-forecasting] Fitting gas (core)
2026-09-26 13:51:26 | INFO     | energy_stress.tft | [TFT gas] validation: MAE=24.4294, RMSE=26.3368
2026-09-26 13:51:44 | INFO     | energy_stress.tft | [TFT] Forecast saved → outputs_v2/forecasts_rolling/2009/gas_growth_pct_forecasts_tft_core.csv
2026-09-26 13:51:44 | INFO     | energy_stress.forecast_pipeline | 
──────────────────────────────────────────────────
Series: ELECTRICITY
──────────────────────────────────────────────────
2026-09-26 13:51:44 | INFO     | energy_stress.forecast_pipeline | [electricity] train=32, test=12, full=44 (through 2009-12-01), actual_target=12 non-null (2010-01-01..2010-12-01)
2026-09-26 13:51:44 | INFO     | energy_stress.sarima | [SARIMA-CORE] Fitting on electricity (train=32 obs)
2026-09-26 13:51:45 | INFO     | energy_stress.sarima | SARIMA best order: (0, 2, 1) × (0, 1, 0, 12)
2026-09-26 13:51:45 | INFO     | energy_stress.sarima | [SARIMA-CORE electricity] validation: MAE=61.5007, RMSE=69.0459, MAPE=928.11%
2026-09-26 13:51:45 | INFO     | energy_stress.sarima | [SARIMA-CORE] Forecast saved → outputs_v2/forecasts_rolling/2009/electricity_growth_pct_forecasts_sarima_core.csv
2026-09-26 13:51:45 | INFO     | energy_stress.prophet | [Prophet-CORE] Fitting on electricity (train=32 obs, regressors=False, cps=0.01, sps=1.0, reg_ps=n/a, seasonality=additive)
2026-09-26 13:51:45 | INFO     | energy_stress.prophet | [Prophet-CORE electricity] validation: MAE=10.7365, RMSE=13.8925
2026-09-26 13:51:45 | INFO     | energy_stress.prophet | [Prophet-CORE] Forecast saved → outputs_v2/forecasts_rolling/2009/electricity_growth_pct_forecasts_prophet_core.csv
2026-09-26 13:51:45 | INFO     | energy_stress.lstm | [LSTM-CORE] Training on electricity | train=2006-05-01→2008-12-01 (32 obs), test=2009-01-01→2009-12-01 (12 obs), use_macro=False, lookback=18, dropout=0.25, lr=0.0005, units=(128,64), macro_feature_set=lstm
2026-09-26 13:51:46 | INFO     | energy_stress.lstm | [LSTM-CORE electricity] validation: MAE=12.3019, RMSE=14.2540
2026-09-26 13:51:52 | INFO     | energy_stress.lstm | [LSTM-CORE] Forecast saved → outputs_v2/forecasts_rolling/2009/electricity_growth_pct_forecasts_lstm_core.csv
2026-09-26 13:51:52 | INFO     | energy_stress.lstm | [LSTM-CORE] Model saved → outputs_v2/models
2026-09-26 13:51:52 | INFO     | energy_stress.tft | [TFT/pytorch-forecasting] Fitting electricity (core)
2026-09-26 13:52:09 | INFO     | energy_stress.tft | [TFT electricity] validation: MAE=13.1530, RMSE=14.4950
2026-09-26 13:52:27 | INFO     | energy_stress.tft | [TFT] Forecast saved → outputs_v2/forecasts_rolling/2009/electricity_growth_pct_forecasts_tft_core.csv
2026-09-26 13:52:27 | INFO     | energy_stress.forecast_pipeline | 
──────────────────────────────────────────────────
Series: CARBON
──────────────────────────────────────────────────
2026-09-26 13:52:27 | INFO     | energy_stress.forecast_pipeline | [carbon] train=32, test=12, full=44 (through 2009-12-01), actual_target=12 non-null (2010-01-01..2010-12-01)
2026-09-26 13:52:27 | INFO     | energy_stress.sarima | [SARIMA-CORE] Fitting on carbon (train=32 obs)
2026-09-26 13:52:30 | INFO     | energy_stress.sarima | SARIMA best order: (0, 1, 0) × (1, 1, 0, 12)
2026-09-26 13:52:30 | INFO     | energy_stress.sarima | [SARIMA-CORE carbon] validation: MAE=176.5267, RMSE=195.9174, MAPE=521.43%
2026-09-26 13:52:30 | INFO     | energy_stress.sarima | [SARIMA-CORE] Forecast saved → outputs_v2/forecasts_rolling/2009/carbon_growth_pct_forecasts_sarima_core.csv
2026-09-26 13:52:30 | INFO     | energy_stress.prophet | [Prophet-CORE] Fitting on carbon (train=32 obs, regressors=False, cps=0.001, sps=10.0, reg_ps=n/a, seasonality=additive)
2026-09-26 13:52:32 | INFO     | energy_stress.prophet | [Prophet-CORE carbon] validation: MAE=245.2511, RMSE=248.6003
2026-09-26 13:52:36 | INFO     | energy_stress.prophet | [Prophet-CORE] Forecast saved → outputs_v2/forecasts_rolling/2009/carbon_growth_pct_forecasts_prophet_core.csv
2026-09-26 13:52:36 | INFO     | energy_stress.lstm | [LSTM-CORE] Training on carbon | train=2006-05-01→2008-12-01 (32 obs), test=2009-01-01→2009-12-01 (12 obs), use_macro=False, lookback=6, dropout=0.1, lr=0.001, units=(64,32), macro_feature_set=lstm
2026-09-26 13:52:36 | INFO     | energy_stress.lstm | [LSTM-CORE carbon] validation: MAE=105.4667, RMSE=112.5101
2026-09-26 13:52:40 | INFO     | energy_stress.lstm | [LSTM-CORE] Forecast saved → outputs_v2/forecasts_rolling/2009/carbon_growth_pct_forecasts_lstm_core.csv
2026-09-26 13:52:40 | INFO     | energy_stress.lstm | [LSTM-CORE] Model saved → outputs_v2/models
2026-09-26 13:52:40 | INFO     | energy_stress.tft | [TFT/pytorch-forecasting] Fitting carbon (core)
2026-09-26 13:52:59 | INFO     | energy_stress.tft | [TFT carbon] validation: MAE=180.1999, RMSE=200.2878
2026-09-26 13:53:18 | INFO     | energy_stress.tft | [TFT] Forecast saved → outputs_v2/forecasts_rolling/2009/carbon_growth_pct_forecasts_tft_core.csv
2026-09-26 13:53:18 | DEBUG    | energy_stress.model_evaluation | Loaded outputs_v2/forecasts_rolling/2009/gas_growth_pct_forecasts_sarima_core.csv (12 rows)
2026-09-26 13:53:18 | WARNING  | energy_stress.model_evaluation | Forecast file not found: outputs_v2/forecasts_rolling/2009/gas_growth_pct_forecasts_sarima_macro.csv
2026-09-26 13:53:18 | DEBUG    | energy_stress.model_evaluation | Loaded outputs_v2/forecasts_rolling/2009/gas_growth_pct_forecasts_prophet_core.csv (12 rows)
2026-09-26 13:53:18 | WARNING  | energy_stress.model_evaluation | Forecast file not found: outputs_v2/forecasts_rolling/2009/gas_growth_pct_forecasts_prophet_macro.csv
2026-09-26 13:53:18 | DEBUG    | energy_stress.model_evaluation | Loaded outputs_v2/forecasts_rolling/2009/gas_growth_pct_forecasts_lstm_core.csv (12 rows)
2026-09-26 13:53:18 | WARNING  | energy_stress.model_evaluation | Forecast file not found: outputs_v2/forecasts_rolling/2009/gas_growth_pct_forecasts_lstm_macro.csv
2026-09-26 13:53:18 | DEBUG    | energy_stress.model_evaluation | Loaded outputs_v2/forecasts_rolling/2009/gas_growth_pct_forecasts_tft_core.csv (12 rows)
2026-09-26 13:53:18 | WARNING  | energy_stress.model_evaluation | Forecast file not found: outputs_v2/forecasts_rolling/2009/gas_growth_pct_forecasts_tft_macro.csv
2026-09-26 13:53:18 | INFO     | energy_stress.model_evaluation | Combined forecasts (48 rows) → outputs_v2/forecasts_rolling/2009/gas_growth_pct_forecasts_all.csv
2026-09-26 13:53:18 | INFO     | energy_stress.model_evaluation |   core combined → outputs_v2/forecasts_rolling/2009/gas_growth_pct_forecasts_core.csv
2026-09-26 13:53:18 | DEBUG    | energy_stress.model_evaluation | Loaded outputs_v2/forecasts_rolling/2009/electricity_growth_pct_forecasts_sarima_core.csv (12 rows)
2026-09-26 13:53:18 | WARNING  | energy_stress.model_evaluation | Forecast file not found: outputs_v2/forecasts_rolling/2009/electricity_growth_pct_forecasts_sarima_macro.csv
2026-09-26 13:53:18 | DEBUG    | energy_stress.model_evaluation | Loaded outputs_v2/forecasts_rolling/2009/electricity_growth_pct_forecasts_prophet_core.csv (12 rows)
2026-09-26 13:53:18 | WARNING  | energy_stress.model_evaluation | Forecast file not found: outputs_v2/forecasts_rolling/2009/electricity_growth_pct_forecasts_prophet_macro.csv
2026-09-26 13:53:18 | DEBUG    | energy_stress.model_evaluation | Loaded outputs_v2/forecasts_rolling/2009/electricity_growth_pct_forecasts_lstm_core.csv (12 rows)
2026-09-26 13:53:18 | WARNING  | energy_stress.model_evaluation | Forecast file not found: outputs_v2/forecasts_rolling/2009/electricity_growth_pct_forecasts_lstm_macro.csv
2026-09-26 13:53:18 | DEBUG    | energy_stress.model_evaluation | Loaded outputs_v2/forecasts_rolling/2009/electricity_growth_pct_forecasts_tft_core.csv (12 rows)
2026-09-26 13:53:18 | WARNING  | energy_stress.model_evaluation | Forecast file not found: outputs_v2/forecasts_rolling/2009/electricity_growth_pct_forecasts_tft_macro.csv
2026-09-26 13:53:18 | INFO     | energy_stress.model_evaluation | Combined forecasts (48 rows) → outputs_v2/forecasts_rolling/2009/electricity_growth_pct_forecasts_all.csv
2026-09-26 13:53:18 | INFO     | energy_stress.model_evaluation |   core combined → outputs_v2/forecasts_rolling/2009/electricity_growth_pct_forecasts_core.csv
2026-09-26 13:53:18 | DEBUG    | energy_stress.model_evaluation | Loaded outputs_v2/forecasts_rolling/2009/carbon_growth_pct_forecasts_sarima_core.csv (12 rows)
2026-09-26 13:53:18 | WARNING  | energy_stress.model_evaluation | Forecast file not found: outputs_v2/forecasts_rolling/2009/carbon_growth_pct_forecasts_sarima_macro.csv
2026-09-26 13:53:18 | DEBUG    | energy_stress.model_evaluation | Loaded outputs_v2/forecasts_rolling/2009/carbon_growth_pct_forecasts_prophet_core.csv (12 rows)
2026-09-26 13:53:18 | WARNING  | energy_stress.model_evaluation | Forecast file not found: outputs_v2/forecasts_rolling/2009/carbon_growth_pct_forecasts_prophet_macro.csv
2026-09-26 13:53:18 | DEBUG    | energy_stress.model_evaluation | Loaded outputs_v2/forecasts_rolling/2009/carbon_growth_pct_forecasts_lstm_core.csv (12 rows)
2026-09-26 13:53:18 | WARNING  | energy_stress.model_evaluation | Forecast file not found: outputs_v2/forecasts_rolling/2009/carbon_growth_pct_forecasts_lstm_macro.csv
2026-09-26 13:53:18 | DEBUG    | energy_stress.model_evaluation | Loaded outputs_v2/forecasts_rolling/2009/carbon_growth_pct_forecasts_tft_core.csv (12 rows)
2026-09-26 13:53:18 | WARNING  | energy_stress.model_evaluation | Forecast file not found: outputs_v2/forecasts_rolling/2009/carbon_growth_pct_forecasts_tft_macro.csv
2026-09-26 13:53:18 | INFO     | energy_stress.model_evaluation | Combined forecasts (48 rows) → outputs_v2/forecasts_rolling/2009/carbon_growth_pct_forecasts_all.csv
2026-09-26 13:53:18 | INFO     | energy_stress.model_evaluation |   core combined → outputs_v2/forecasts_rolling/2009/carbon_growth_pct_forecasts_core.csv
2026-09-26 13:53:18 | INFO     | energy_stress.model_evaluation | Evaluating 12 model results across all series and modes
2026-09-26 13:53:18 | INFO     | energy_stress.model_evaluation | Best model [carbon][core]: LSTM (selection_score=1.750)
2026-09-26 13:53:18 | INFO     | energy_stress.model_evaluation | Best model [electricity][core]: Prophet (selection_score=1.000)
2026-09-26 13:53:18 | INFO     | energy_stress.model_evaluation | Best model [gas][core]: LSTM (selection_score=1.350)
2026-09-26 13:53:18 | INFO     | energy_stress.model_evaluation | Metrics table saved → outputs_v2/tables/rolling/2009/model_metrics_comparison.csv
2026-09-26 13:53:18 | INFO     | energy_stress.fes | Best models selected:
2026-09-26 13:53:18 | INFO     | energy_stress.fes |   [carbon][core] → LSTM
2026-09-26 13:53:18 | INFO     | energy_stress.fes |   [electricity][core] → Prophet
2026-09-26 13:53:18 | INFO     | energy_stress.fes |   [gas][core] → LSTM
2026-09-26 13:53:18 | INFO     | energy_stress.fes | Per-series mode selected for FES_selected (metric per series/mode: {('gas', 'core'): 'RMSE', ('electricity', 'core'): 'RMSE', ('carbon', 'core'): 'RMSE'}): {'gas': 'core', 'electricity': 'core', 'carbon': 'core'}
2026-09-26 13:53:18 | INFO     | energy_stress.fes | FES_Weighted series weights (inverse validation-RMSE, normalized to mean 1.0): {'gas': 1.2193604369054416, 'electricity': 1.584935086531058, 'carbon': 0.19570447656350035}
2026-09-26 13:53:18 | INFO     | energy_stress.fes | [gas] train μ=19.7909, σ=21.0685 | unc_ref μ=14.1779, σ=6.8543
2026-09-26 13:53:18 | INFO     | energy_stress.fes | [electricity] train μ=12.9498, σ=12.8512 | unc_ref μ=8.4216, σ=3.8337
2026-09-26 13:53:18 | INFO     | energy_stress.fes | [carbon] train μ=-15.2687, σ=336.8309 | unc_ref μ=232.4755, σ=132.6117
2026-09-26 13:53:18 | INFO     | energy_stress.fes | [actual real-vol] train μ=0.5305, σ=0.2570
2026-09-26 13:53:18 | WARNING  | energy_stress.fes | No best model found for (gas, macro)
2026-09-26 13:53:18 | WARNING  | energy_stress.fes | No best model found for (electricity, macro)
2026-09-26 13:53:18 | WARNING  | energy_stress.fes | No best model found for (carbon, macro)
2026-09-26 13:53:18 | INFO     | energy_stress.fes | Monthly FES saved → outputs_v2/fes/rolling/2009/fes_monthly_2010.csv
2026-09-26 13:53:18 | INFO     | energy_stress.fes | [gas] train μ=21.1156, σ=21.9778 | unc_ref μ=12.3839, σ=7.3392
2026-09-26 13:53:18 | INFO     | energy_stress.fes | [electricity] train μ=15.7349, σ=12.0941 | unc_ref μ=7.1423, σ=3.8547
2026-09-26 13:53:18 | INFO     | energy_stress.fes | [carbon] train μ=-2.3987, σ=395.7270 | unc_ref μ=225.4783, σ=142.1332
2026-09-26 13:53:18 | INFO     | energy_stress.fes | [actual real-vol] train μ=0.4855, σ=0.2920
2026-09-26 13:53:18 | INFO     | energy_stress.fes | FES_actual, prior year 2009 (baseline for FES_selected's 2010 forecast): mean=-1.12233 -> outputs_v2/fes/rolling/2009/fes_prior_actual_2009.csv
2026-09-26 13:53:18 | INFO     | energy_stress.fes | FES comparison metrics saved → outputs_v2/fes/rolling/2009/fes_comparison_metrics.csv  (9 rows)
2026-09-26 13:53:18 | INFO     | energy_stress.fes | Best RMSE per variant:
FES_variant
Equal_Core        0.29891
Equal_Selected    0.29891
Equal_Weighted    1.03957
2026-09-26 13:53:18 | INFO     | energy_stress.forecast_pipeline | ========================================
2026-09-26 13:53:18 | INFO     | energy_stress.forecast_pipeline | STAGE 2: Rolling year as_of=2010 (split train<2010, test=2010, refit<=2010, forecast=2011)
2026-09-26 13:53:18 | INFO     | energy_stress.forecast_pipeline | ========================================
2026-09-26 13:53:18 | INFO     | energy_stress.preprocessing | Train: 44 rows (through 2009-12-01) | Test: 12 rows (2010-01-01..2010-12-01)
2026-09-26 13:53:18 | INFO     | energy_stress.forecast_pipeline | ========================================
2026-09-26 13:53:18 | INFO     | energy_stress.forecast_pipeline | STAGE 2: Per-origin tuning, as_of=2010
2026-09-26 13:53:18 | INFO     | energy_stress.forecast_pipeline | ========================================
2026-09-26 13:53:18 | INFO     | energy_stress.tuning | Tuning gas/core/SARIMA candidate 1/1: {}
2026-09-26 13:53:18 | INFO     | energy_stress.sarima | [SARIMA-CORE] Fitting on gas (train=44 obs)
2026-09-26 13:53:36 | INFO     | energy_stress.sarima | SARIMA best order: (3, 0, 2) × (2, 1, 0, 12)
2026-09-26 13:53:36 | INFO     | energy_stress.sarima | [SARIMA-CORE gas] validation: MAE=30.6990, RMSE=40.7867, MAPE=918.09%
2026-09-26 13:53:36 | INFO     | energy_stress.sarima | [SARIMA-CORE] Forecast saved → outputs_v2/tuning_rolling/2010/forecasts/gas/core/sarima/candidate_01/gas_growth_pct_forecasts_sarima_core.csv
2026-09-26 13:53:36 | INFO     | energy_stress.tuning | Tuning gas/core/Prophet candidate 1/16: {'changepoint_prior_scale': 0.001, 'seasonality_prior_scale': 1.0, 'seasonality_mode': 'additive'}
2026-09-26 13:53:36 | INFO     | energy_stress.prophet | [Prophet-CORE] Fitting on gas (train=44 obs, regressors=False, cps=0.001, sps=1.0, reg_ps=n/a, seasonality=additive)
2026-09-26 13:53:36 | INFO     | energy_stress.prophet | [Prophet-CORE gas] validation: MAE=15.0182, RMSE=15.6026
2026-09-26 13:53:42 | INFO     | energy_stress.prophet | [Prophet-CORE] Forecast saved → outputs_v2/tuning_rolling/2010/forecasts/gas/core/prophet/candidate_01/gas_growth_pct_forecasts_prophet_core.csv
2026-09-26 13:53:42 | INFO     | energy_stress.tuning | Tuning gas/core/Prophet candidate 2/16: {'changepoint_prior_scale': 0.001, 'seasonality_prior_scale': 1.0, 'seasonality_mode': 'multiplicative'}
2026-09-26 13:53:42 | INFO     | energy_stress.prophet | [Prophet-CORE] Fitting on gas (train=44 obs, regressors=False, cps=0.001, sps=1.0, reg_ps=n/a, seasonality=multiplicative)
2026-09-26 13:53:42 | INFO     | energy_stress.prophet | [Prophet-CORE gas] validation: MAE=15.1417, RMSE=15.4035
2026-09-26 13:53:48 | INFO     | energy_stress.prophet | [Prophet-CORE] Forecast saved → outputs_v2/tuning_rolling/2010/forecasts/gas/core/prophet/candidate_02/gas_growth_pct_forecasts_prophet_core.csv
2026-09-26 13:53:48 | INFO     | energy_stress.tuning | Tuning gas/core/Prophet candidate 3/16: {'changepoint_prior_scale': 0.001, 'seasonality_prior_scale': 10.0, 'seasonality_mode': 'additive'}
2026-09-26 13:53:48 | INFO     | energy_stress.prophet | [Prophet-CORE] Fitting on gas (train=44 obs, regressors=False, cps=0.001, sps=10.0, reg_ps=n/a, seasonality=additive)
2026-09-26 13:53:48 | INFO     | energy_stress.prophet | [Prophet-CORE gas] validation: MAE=17.1740, RMSE=18.1009
2026-09-26 13:53:50 | INFO     | energy_stress.prophet | [Prophet-CORE] Forecast saved → outputs_v2/tuning_rolling/2010/forecasts/gas/core/prophet/candidate_03/gas_growth_pct_forecasts_prophet_core.csv
2026-09-26 13:53:50 | INFO     | energy_stress.tuning | Tuning gas/core/Prophet candidate 4/16: {'changepoint_prior_scale': 0.001, 'seasonality_prior_scale': 10.0, 'seasonality_mode': 'multiplicative'}
2026-09-26 13:53:50 | INFO     | energy_stress.prophet | [Prophet-CORE] Fitting on gas (train=44 obs, regressors=False, cps=0.001, sps=10.0, reg_ps=n/a, seasonality=multiplicative)
2026-09-26 13:53:50 | INFO     | energy_stress.prophet | [Prophet-CORE gas] validation: MAE=14.6405, RMSE=15.0652
2026-09-26 13:53:53 | INFO     | energy_stress.prophet | [Prophet-CORE] Forecast saved → outputs_v2/tuning_rolling/2010/forecasts/gas/core/prophet/candidate_04/gas_growth_pct_forecasts_prophet_core.csv
2026-09-26 13:53:53 | INFO     | energy_stress.tuning | Tuning gas/core/Prophet candidate 5/16: {'changepoint_prior_scale': 0.01, 'seasonality_prior_scale': 1.0, 'seasonality_mode': 'additive'}
2026-09-26 13:53:53 | INFO     | energy_stress.prophet | [Prophet-CORE] Fitting on gas (train=44 obs, regressors=False, cps=0.01, sps=1.0, reg_ps=n/a, seasonality=additive)
2026-09-26 13:53:53 | INFO     | energy_stress.prophet | [Prophet-CORE gas] validation: MAE=14.7419, RMSE=15.3381
2026-09-26 13:53:53 | INFO     | energy_stress.prophet | [Prophet-CORE] Forecast saved → outputs_v2/tuning_rolling/2010/forecasts/gas/core/prophet/candidate_05/gas_growth_pct_forecasts_prophet_core.csv
2026-09-26 13:53:53 | INFO     | energy_stress.tuning | Tuning gas/core/Prophet candidate 6/16: {'changepoint_prior_scale': 0.01, 'seasonality_prior_scale': 1.0, 'seasonality_mode': 'multiplicative'}
2026-09-26 13:53:53 | INFO     | energy_stress.prophet | [Prophet-CORE] Fitting on gas (train=44 obs, regressors=False, cps=0.01, sps=1.0, reg_ps=n/a, seasonality=multiplicative)
2026-09-26 13:53:53 | INFO     | energy_stress.prophet | [Prophet-CORE gas] validation: MAE=14.1459, RMSE=14.4438
2026-09-26 13:53:53 | INFO     | energy_stress.prophet | [Prophet-CORE] Forecast saved → outputs_v2/tuning_rolling/2010/forecasts/gas/core/prophet/candidate_06/gas_growth_pct_forecasts_prophet_core.csv
2026-09-26 13:53:53 | INFO     | energy_stress.tuning | Tuning gas/core/Prophet candidate 7/16: {'changepoint_prior_scale': 0.01, 'seasonality_prior_scale': 10.0, 'seasonality_mode': 'additive'}
2026-09-26 13:53:53 | INFO     | energy_stress.prophet | [Prophet-CORE] Fitting on gas (train=44 obs, regressors=False, cps=0.01, sps=10.0, reg_ps=n/a, seasonality=additive)
2026-09-26 13:53:53 | INFO     | energy_stress.prophet | [Prophet-CORE gas] validation: MAE=15.7123, RMSE=16.6806
2026-09-26 13:53:53 | INFO     | energy_stress.prophet | [Prophet-CORE] Forecast saved → outputs_v2/tuning_rolling/2010/forecasts/gas/core/prophet/candidate_07/gas_growth_pct_forecasts_prophet_core.csv
2026-09-26 13:53:53 | INFO     | energy_stress.tuning | Tuning gas/core/Prophet candidate 8/16: {'changepoint_prior_scale': 0.01, 'seasonality_prior_scale': 10.0, 'seasonality_mode': 'multiplicative'}
2026-09-26 13:53:53 | INFO     | energy_stress.prophet | [Prophet-CORE] Fitting on gas (train=44 obs, regressors=False, cps=0.01, sps=10.0, reg_ps=n/a, seasonality=multiplicative)
2026-09-26 13:53:54 | INFO     | energy_stress.prophet | [Prophet-CORE gas] validation: MAE=15.0465, RMSE=15.4600
2026-09-26 13:53:54 | INFO     | energy_stress.prophet | [Prophet-CORE] Forecast saved → outputs_v2/tuning_rolling/2010/forecasts/gas/core/prophet/candidate_08/gas_growth_pct_forecasts_prophet_core.csv
2026-09-26 13:53:54 | INFO     | energy_stress.tuning | Tuning gas/core/Prophet candidate 9/16: {'changepoint_prior_scale': 0.05, 'seasonality_prior_scale': 1.0, 'seasonality_mode': 'additive'}
2026-09-26 13:53:54 | INFO     | energy_stress.prophet | [Prophet-CORE] Fitting on gas (train=44 obs, regressors=False, cps=0.05, sps=1.0, reg_ps=n/a, seasonality=additive)
2026-09-26 13:53:54 | INFO     | energy_stress.prophet | [Prophet-CORE gas] validation: MAE=14.9271, RMSE=15.5136
2026-09-26 13:53:54 | INFO     | energy_stress.prophet | [Prophet-CORE] Forecast saved → outputs_v2/tuning_rolling/2010/forecasts/gas/core/prophet/candidate_09/gas_growth_pct_forecasts_prophet_core.csv
2026-09-26 13:53:54 | INFO     | energy_stress.tuning | Tuning gas/core/Prophet candidate 10/16: {'changepoint_prior_scale': 0.05, 'seasonality_prior_scale': 1.0, 'seasonality_mode': 'multiplicative'}
2026-09-26 13:53:54 | INFO     | energy_stress.prophet | [Prophet-CORE] Fitting on gas (train=44 obs, regressors=False, cps=0.05, sps=1.0, reg_ps=n/a, seasonality=multiplicative)
2026-09-26 13:53:54 | INFO     | energy_stress.prophet | [Prophet-CORE gas] validation: MAE=14.3352, RMSE=14.6278
2026-09-26 13:53:54 | INFO     | energy_stress.prophet | [Prophet-CORE] Forecast saved → outputs_v2/tuning_rolling/2010/forecasts/gas/core/prophet/candidate_10/gas_growth_pct_forecasts_prophet_core.csv
2026-09-26 13:53:54 | INFO     | energy_stress.tuning | Tuning gas/core/Prophet candidate 11/16: {'changepoint_prior_scale': 0.05, 'seasonality_prior_scale': 10.0, 'seasonality_mode': 'additive'}
2026-09-26 13:53:54 | INFO     | energy_stress.prophet | [Prophet-CORE] Fitting on gas (train=44 obs, regressors=False, cps=0.05, sps=10.0, reg_ps=n/a, seasonality=additive)
2026-09-26 13:53:54 | INFO     | energy_stress.prophet | [Prophet-CORE gas] validation: MAE=15.7198, RMSE=16.6884
2026-09-26 13:53:55 | INFO     | energy_stress.prophet | [Prophet-CORE] Forecast saved → outputs_v2/tuning_rolling/2010/forecasts/gas/core/prophet/candidate_11/gas_growth_pct_forecasts_prophet_core.csv
2026-09-26 13:53:55 | INFO     | energy_stress.tuning | Tuning gas/core/Prophet candidate 12/16: {'changepoint_prior_scale': 0.05, 'seasonality_prior_scale': 10.0, 'seasonality_mode': 'multiplicative'}
2026-09-26 13:53:55 | INFO     | energy_stress.prophet | [Prophet-CORE] Fitting on gas (train=44 obs, regressors=False, cps=0.05, sps=10.0, reg_ps=n/a, seasonality=multiplicative)
2026-09-26 13:53:55 | INFO     | energy_stress.prophet | [Prophet-CORE gas] validation: MAE=15.5192, RMSE=15.9204
2026-09-26 13:53:55 | INFO     | energy_stress.prophet | [Prophet-CORE] Forecast saved → outputs_v2/tuning_rolling/2010/forecasts/gas/core/prophet/candidate_12/gas_growth_pct_forecasts_prophet_core.csv
2026-09-26 13:53:55 | INFO     | energy_stress.tuning | Tuning gas/core/Prophet candidate 13/16: {'changepoint_prior_scale': 0.1, 'seasonality_prior_scale': 1.0, 'seasonality_mode': 'additive'}
2026-09-26 13:53:55 | INFO     | energy_stress.prophet | [Prophet-CORE] Fitting on gas (train=44 obs, regressors=False, cps=0.1, sps=1.0, reg_ps=n/a, seasonality=additive)
2026-09-26 13:53:55 | INFO     | energy_stress.prophet | [Prophet-CORE gas] validation: MAE=15.0638, RMSE=15.6428
2026-09-26 13:53:55 | INFO     | energy_stress.prophet | [Prophet-CORE] Forecast saved → outputs_v2/tuning_rolling/2010/forecasts/gas/core/prophet/candidate_13/gas_growth_pct_forecasts_prophet_core.csv
2026-09-26 13:53:55 | INFO     | energy_stress.tuning | Tuning gas/core/Prophet candidate 14/16: {'changepoint_prior_scale': 0.1, 'seasonality_prior_scale': 1.0, 'seasonality_mode': 'multiplicative'}
2026-09-26 13:53:55 | INFO     | energy_stress.prophet | [Prophet-CORE] Fitting on gas (train=44 obs, regressors=False, cps=0.1, sps=1.0, reg_ps=n/a, seasonality=multiplicative)
2026-09-26 13:53:55 | INFO     | energy_stress.prophet | [Prophet-CORE gas] validation: MAE=14.4057, RMSE=14.6958
2026-09-26 13:53:56 | INFO     | energy_stress.prophet | [Prophet-CORE] Forecast saved → outputs_v2/tuning_rolling/2010/forecasts/gas/core/prophet/candidate_14/gas_growth_pct_forecasts_prophet_core.csv
2026-09-26 13:53:56 | INFO     | energy_stress.tuning | Tuning gas/core/Prophet candidate 15/16: {'changepoint_prior_scale': 0.1, 'seasonality_prior_scale': 10.0, 'seasonality_mode': 'additive'}
2026-09-26 13:53:56 | INFO     | energy_stress.prophet | [Prophet-CORE] Fitting on gas (train=44 obs, regressors=False, cps=0.1, sps=10.0, reg_ps=n/a, seasonality=additive)
2026-09-26 13:53:56 | INFO     | energy_stress.prophet | [Prophet-CORE gas] validation: MAE=15.7905, RMSE=16.7518
2026-09-26 13:53:56 | INFO     | energy_stress.prophet | [Prophet-CORE] Forecast saved → outputs_v2/tuning_rolling/2010/forecasts/gas/core/prophet/candidate_15/gas_growth_pct_forecasts_prophet_core.csv
2026-09-26 13:53:56 | INFO     | energy_stress.tuning | Tuning gas/core/Prophet candidate 16/16: {'changepoint_prior_scale': 0.1, 'seasonality_prior_scale': 10.0, 'seasonality_mode': 'multiplicative'}
2026-09-26 13:53:56 | INFO     | energy_stress.prophet | [Prophet-CORE] Fitting on gas (train=44 obs, regressors=False, cps=0.1, sps=10.0, reg_ps=n/a, seasonality=multiplicative)
2026-09-26 13:53:56 | INFO     | energy_stress.prophet | [Prophet-CORE gas] validation: MAE=15.4740, RMSE=15.8774
2026-09-26 13:53:56 | INFO     | energy_stress.prophet | [Prophet-CORE] Forecast saved → outputs_v2/tuning_rolling/2010/forecasts/gas/core/prophet/candidate_16/gas_growth_pct_forecasts_prophet_core.csv
2026-09-26 13:53:56 | INFO     | energy_stress.tuning | Best params for gas/core/Prophet: {'changepoint_prior_scale': 0.01, 'seasonality_prior_scale': 1.0, 'seasonality_mode': 'multiplicative'} (validation score=14.1459)
2026-09-26 13:53:56 | INFO     | energy_stress.tuning | Tuning gas/core/LSTM candidate 1/3: {'lookback': 6, 'dropout': 0.1, 'learning_rate': 0.001, 'units_1': 64, 'units_2': 32, 'macro_feature_set': 'lstm'}
2026-09-26 13:53:56 | INFO     | energy_stress.lstm | [LSTM-CORE] Training on gas | train=2006-05-01→2009-12-01 (44 obs), test=2010-01-01→2010-12-01 (12 obs), use_macro=False, lookback=6, dropout=0.1, lr=0.001, units=(64,32), macro_feature_set=lstm
2026-09-26 13:53:57 | INFO     | energy_stress.lstm | [LSTM-CORE gas] validation: MAE=1.2201, RMSE=1.8388
2026-09-26 13:53:59 | INFO     | energy_stress.lstm | [LSTM-CORE] Forecast saved → outputs_v2/tuning_rolling/2010/forecasts/gas/core/lstm/candidate_01/gas_growth_pct_forecasts_lstm_core.csv
2026-09-26 13:53:59 | INFO     | energy_stress.tuning | Tuning gas/core/LSTM candidate 2/3: {'lookback': 12, 'dropout': 0.2, 'learning_rate': 0.001, 'units_1': 128, 'units_2': 64, 'macro_feature_set': 'lstm'}
2026-09-26 13:53:59 | INFO     | energy_stress.lstm | [LSTM-CORE] Training on gas | train=2006-05-01→2009-12-01 (44 obs), test=2010-01-01→2010-12-01 (12 obs), use_macro=False, lookback=12, dropout=0.2, lr=0.001, units=(128,64), macro_feature_set=lstm
2026-09-26 13:54:00 | INFO     | energy_stress.lstm | [LSTM-CORE gas] validation: MAE=1.4867, RMSE=2.0185
2026-09-26 13:54:02 | INFO     | energy_stress.lstm | [LSTM-CORE] Forecast saved → outputs_v2/tuning_rolling/2010/forecasts/gas/core/lstm/candidate_02/gas_growth_pct_forecasts_lstm_core.csv
2026-09-26 13:54:02 | INFO     | energy_stress.tuning | Tuning gas/core/LSTM candidate 3/3: {'lookback': 18, 'dropout': 0.25, 'learning_rate': 0.0005, 'units_1': 128, 'units_2': 64, 'macro_feature_set': 'lstm'}
2026-09-26 13:54:02 | INFO     | energy_stress.lstm | [LSTM-CORE] Training on gas | train=2006-05-01→2009-12-01 (44 obs), test=2010-01-01→2010-12-01 (12 obs), use_macro=False, lookback=18, dropout=0.25, lr=0.0005, units=(128,64), macro_feature_set=lstm
2026-09-26 13:54:04 | INFO     | energy_stress.lstm | [LSTM-CORE gas] validation: MAE=0.9293, RMSE=1.6166
2026-09-26 13:54:07 | INFO     | energy_stress.lstm | [LSTM-CORE] Forecast saved → outputs_v2/tuning_rolling/2010/forecasts/gas/core/lstm/candidate_03/gas_growth_pct_forecasts_lstm_core.csv
2026-09-26 13:54:07 | INFO     | energy_stress.tuning | Best params for gas/core/LSTM: {'lookback': 18, 'dropout': 0.25, 'learning_rate': 0.0005, 'units_1': 128, 'units_2': 64, 'macro_feature_set': 'lstm'} (validation score=0.9293)
2026-09-26 13:54:07 | INFO     | energy_stress.tuning | Tuning gas/core/TFT candidate 1/3: {'lookback': 6, 'hidden': 32, 'n_heads': 4, 'learning_rate': 0.001}
2026-09-26 13:54:07 | INFO     | energy_stress.tft | [TFT/pytorch-forecasting] Fitting gas (core)
2026-09-26 13:54:20 | INFO     | energy_stress.tft | [TFT gas] validation: MAE=16.4235, RMSE=19.8205
2026-09-26 13:54:34 | INFO     | energy_stress.tft | [TFT] Forecast saved → outputs_v2/tuning_rolling/2010/forecasts/gas/core/tft/candidate_01/gas_growth_pct_forecasts_tft_core.csv
2026-09-26 13:54:34 | INFO     | energy_stress.tuning | Tuning gas/core/TFT candidate 2/3: {'lookback': 12, 'hidden': 64, 'n_heads': 4, 'learning_rate': 0.0005}
2026-09-26 13:54:34 | INFO     | energy_stress.tft | [TFT/pytorch-forecasting] Fitting gas (core)
2026-09-26 13:54:48 | INFO     | energy_stress.tft | [TFT gas] validation: MAE=21.2869, RMSE=27.2566
2026-09-26 13:55:02 | INFO     | energy_stress.tft | [TFT] Forecast saved → outputs_v2/tuning_rolling/2010/forecasts/gas/core/tft/candidate_02/gas_growth_pct_forecasts_tft_core.csv
2026-09-26 13:55:02 | INFO     | energy_stress.tuning | Tuning gas/core/TFT candidate 3/3: {'lookback': 18, 'hidden': 64, 'n_heads': 4, 'learning_rate': 0.0005}
2026-09-26 13:55:02 | INFO     | energy_stress.tft | [TFT/pytorch-forecasting] Fitting gas (core)
2026-09-26 13:55:16 | INFO     | energy_stress.tft | [TFT gas] validation: MAE=19.6347, RMSE=24.2537
2026-09-26 13:55:29 | INFO     | energy_stress.tft | [TFT] Forecast saved → outputs_v2/tuning_rolling/2010/forecasts/gas/core/tft/candidate_03/gas_growth_pct_forecasts_tft_core.csv
2026-09-26 13:55:29 | INFO     | energy_stress.tuning | Best params for gas/core/TFT: {'lookback': 6, 'hidden': 32, 'n_heads': 4, 'learning_rate': 0.001} (validation score=16.4235)
2026-09-26 13:55:29 | INFO     | energy_stress.tuning | Tuning electricity/core/SARIMA candidate 1/1: {}
2026-09-26 13:55:29 | INFO     | energy_stress.sarima | [SARIMA-CORE] Fitting on electricity (train=44 obs)
2026-09-26 13:55:38 | INFO     | energy_stress.sarima | SARIMA best order: (2, 0, 0) × (2, 1, 1, 12)
2026-09-26 13:55:38 | INFO     | energy_stress.sarima | [SARIMA-CORE electricity] validation: MAE=7.8298, RMSE=9.5065, MAPE=870.66%
2026-09-26 13:55:38 | INFO     | energy_stress.sarima | [SARIMA-CORE] Forecast saved → outputs_v2/tuning_rolling/2010/forecasts/electricity/core/sarima/candidate_01/electricity_growth_pct_forecasts_sarima_core.csv
2026-09-26 13:55:38 | INFO     | energy_stress.tuning | Tuning electricity/core/Prophet candidate 1/8: {'changepoint_prior_scale': 0.001, 'seasonality_prior_scale': 1.0, 'seasonality_mode': 'additive'}
2026-09-26 13:55:38 | INFO     | energy_stress.prophet | [Prophet-CORE] Fitting on electricity (train=44 obs, regressors=False, cps=0.001, sps=1.0, reg_ps=n/a, seasonality=additive)
2026-09-26 13:55:39 | INFO     | energy_stress.prophet | [Prophet-CORE electricity] validation: MAE=4.6104, RMSE=7.7299
2026-09-26 13:55:39 | INFO     | energy_stress.prophet | [Prophet-CORE] Forecast saved → outputs_v2/tuning_rolling/2010/forecasts/electricity/core/prophet/candidate_01/electricity_growth_pct_forecasts_prophet_core.csv
2026-09-26 13:55:39 | INFO     | energy_stress.tuning | Tuning electricity/core/Prophet candidate 2/8: {'changepoint_prior_scale': 0.001, 'seasonality_prior_scale': 10.0, 'seasonality_mode': 'additive'}
2026-09-26 13:55:39 | INFO     | energy_stress.prophet | [Prophet-CORE] Fitting on electricity (train=44 obs, regressors=False, cps=0.001, sps=10.0, reg_ps=n/a, seasonality=additive)
2026-09-26 13:55:39 | INFO     | energy_stress.prophet | [Prophet-CORE electricity] validation: MAE=5.1816, RMSE=8.6078
2026-09-26 13:55:39 | INFO     | energy_stress.prophet | [Prophet-CORE] Forecast saved → outputs_v2/tuning_rolling/2010/forecasts/electricity/core/prophet/candidate_02/electricity_growth_pct_forecasts_prophet_core.csv
2026-09-26 13:55:39 | INFO     | energy_stress.tuning | Tuning electricity/core/Prophet candidate 3/8: {'changepoint_prior_scale': 0.01, 'seasonality_prior_scale': 1.0, 'seasonality_mode': 'additive'}
2026-09-26 13:55:39 | INFO     | energy_stress.prophet | [Prophet-CORE] Fitting on electricity (train=44 obs, regressors=False, cps=0.01, sps=1.0, reg_ps=n/a, seasonality=additive)
2026-09-26 13:55:40 | INFO     | energy_stress.prophet | [Prophet-CORE electricity] validation: MAE=4.3487, RMSE=7.0294
2026-09-26 13:55:40 | INFO     | energy_stress.prophet | [Prophet-CORE] Forecast saved → outputs_v2/tuning_rolling/2010/forecasts/electricity/core/prophet/candidate_03/electricity_growth_pct_forecasts_prophet_core.csv
2026-09-26 13:55:40 | INFO     | energy_stress.tuning | Tuning electricity/core/Prophet candidate 4/8: {'changepoint_prior_scale': 0.01, 'seasonality_prior_scale': 10.0, 'seasonality_mode': 'additive'}
2026-09-26 13:55:40 | INFO     | energy_stress.prophet | [Prophet-CORE] Fitting on electricity (train=44 obs, regressors=False, cps=0.01, sps=10.0, reg_ps=n/a, seasonality=additive)
2026-09-26 13:55:40 | INFO     | energy_stress.prophet | [Prophet-CORE electricity] validation: MAE=4.8266, RMSE=7.8248
2026-09-26 13:55:40 | INFO     | energy_stress.prophet | [Prophet-CORE] Forecast saved → outputs_v2/tuning_rolling/2010/forecasts/electricity/core/prophet/candidate_04/electricity_growth_pct_forecasts_prophet_core.csv
2026-09-26 13:55:40 | INFO     | energy_stress.tuning | Tuning electricity/core/Prophet candidate 5/8: {'changepoint_prior_scale': 0.05, 'seasonality_prior_scale': 1.0, 'seasonality_mode': 'additive'}
2026-09-26 13:55:40 | INFO     | energy_stress.prophet | [Prophet-CORE] Fitting on electricity (train=44 obs, regressors=False, cps=0.05, sps=1.0, reg_ps=n/a, seasonality=additive)
2026-09-26 13:55:40 | INFO     | energy_stress.prophet | [Prophet-CORE electricity] validation: MAE=4.3487, RMSE=7.0295
2026-09-26 13:55:40 | INFO     | energy_stress.prophet | [Prophet-CORE] Forecast saved → outputs_v2/tuning_rolling/2010/forecasts/electricity/core/prophet/candidate_05/electricity_growth_pct_forecasts_prophet_core.csv
2026-09-26 13:55:40 | INFO     | energy_stress.tuning | Tuning electricity/core/Prophet candidate 6/8: {'changepoint_prior_scale': 0.05, 'seasonality_prior_scale': 10.0, 'seasonality_mode': 'additive'}
2026-09-26 13:55:40 | INFO     | energy_stress.prophet | [Prophet-CORE] Fitting on electricity (train=44 obs, regressors=False, cps=0.05, sps=10.0, reg_ps=n/a, seasonality=additive)
2026-09-26 13:55:40 | INFO     | energy_stress.prophet | [Prophet-CORE electricity] validation: MAE=4.8259, RMSE=7.8262
2026-09-26 13:55:41 | INFO     | energy_stress.prophet | [Prophet-CORE] Forecast saved → outputs_v2/tuning_rolling/2010/forecasts/electricity/core/prophet/candidate_06/electricity_growth_pct_forecasts_prophet_core.csv
2026-09-26 13:55:41 | INFO     | energy_stress.tuning | Tuning electricity/core/Prophet candidate 7/8: {'changepoint_prior_scale': 0.1, 'seasonality_prior_scale': 1.0, 'seasonality_mode': 'additive'}
2026-09-26 13:55:41 | INFO     | energy_stress.prophet | [Prophet-CORE] Fitting on electricity (train=44 obs, regressors=False, cps=0.1, sps=1.0, reg_ps=n/a, seasonality=additive)
2026-09-26 13:55:41 | INFO     | energy_stress.prophet | [Prophet-CORE electricity] validation: MAE=4.3487, RMSE=7.0295
2026-09-26 13:55:41 | INFO     | energy_stress.prophet | [Prophet-CORE] Forecast saved → outputs_v2/tuning_rolling/2010/forecasts/electricity/core/prophet/candidate_07/electricity_growth_pct_forecasts_prophet_core.csv
2026-09-26 13:55:41 | INFO     | energy_stress.tuning | Tuning electricity/core/Prophet candidate 8/8: {'changepoint_prior_scale': 0.1, 'seasonality_prior_scale': 10.0, 'seasonality_mode': 'additive'}
2026-09-26 13:55:41 | INFO     | energy_stress.prophet | [Prophet-CORE] Fitting on electricity (train=44 obs, regressors=False, cps=0.1, sps=10.0, reg_ps=n/a, seasonality=additive)
2026-09-26 13:55:41 | INFO     | energy_stress.prophet | [Prophet-CORE electricity] validation: MAE=4.8259, RMSE=7.8263
2026-09-26 13:55:41 | INFO     | energy_stress.prophet | [Prophet-CORE] Forecast saved → outputs_v2/tuning_rolling/2010/forecasts/electricity/core/prophet/candidate_08/electricity_growth_pct_forecasts_prophet_core.csv
2026-09-26 13:55:41 | INFO     | energy_stress.tuning | Best params for electricity/core/Prophet: {'changepoint_prior_scale': 0.05, 'seasonality_prior_scale': 1.0, 'seasonality_mode': 'additive'} (validation score=4.3487)
2026-09-26 13:55:41 | INFO     | energy_stress.tuning | Tuning electricity/core/LSTM candidate 1/3: {'lookback': 6, 'dropout': 0.1, 'learning_rate': 0.001, 'units_1': 64, 'units_2': 32, 'macro_feature_set': 'lstm'}
2026-09-26 13:55:41 | INFO     | energy_stress.lstm | [LSTM-CORE] Training on electricity | train=2006-05-01→2009-12-01 (44 obs), test=2010-01-01→2010-12-01 (12 obs), use_macro=False, lookback=6, dropout=0.1, lr=0.001, units=(64,32), macro_feature_set=lstm
2026-09-26 13:55:42 | INFO     | energy_stress.lstm | [LSTM-CORE electricity] validation: MAE=4.1265, RMSE=4.3208
2026-09-26 13:55:44 | INFO     | energy_stress.lstm | [LSTM-CORE] Forecast saved → outputs_v2/tuning_rolling/2010/forecasts/electricity/core/lstm/candidate_01/electricity_growth_pct_forecasts_lstm_core.csv
2026-09-26 13:55:44 | INFO     | energy_stress.tuning | Tuning electricity/core/LSTM candidate 2/3: {'lookback': 12, 'dropout': 0.2, 'learning_rate': 0.001, 'units_1': 128, 'units_2': 64, 'macro_feature_set': 'lstm'}
2026-09-26 13:55:44 | INFO     | energy_stress.lstm | [LSTM-CORE] Training on electricity | train=2006-05-01→2009-12-01 (44 obs), test=2010-01-01→2010-12-01 (12 obs), use_macro=False, lookback=12, dropout=0.2, lr=0.001, units=(128,64), macro_feature_set=lstm
2026-09-26 13:55:45 | INFO     | energy_stress.lstm | [LSTM-CORE electricity] validation: MAE=5.5746, RMSE=6.3941
2026-09-26 13:55:48 | INFO     | energy_stress.lstm | [LSTM-CORE] Forecast saved → outputs_v2/tuning_rolling/2010/forecasts/electricity/core/lstm/candidate_02/electricity_growth_pct_forecasts_lstm_core.csv
2026-09-26 13:55:48 | INFO     | energy_stress.tuning | Tuning electricity/core/LSTM candidate 3/3: {'lookback': 18, 'dropout': 0.25, 'learning_rate': 0.0005, 'units_1': 128, 'units_2': 64, 'macro_feature_set': 'lstm'}
2026-09-26 13:55:48 | INFO     | energy_stress.lstm | [LSTM-CORE] Training on electricity | train=2006-05-01→2009-12-01 (44 obs), test=2010-01-01→2010-12-01 (12 obs), use_macro=False, lookback=18, dropout=0.25, lr=0.0005, units=(128,64), macro_feature_set=lstm
2026-09-26 13:55:48 | INFO     | energy_stress.lstm | [LSTM-CORE electricity] validation: MAE=5.5773, RMSE=6.3993
2026-09-26 13:55:52 | INFO     | energy_stress.lstm | [LSTM-CORE] Forecast saved → outputs_v2/tuning_rolling/2010/forecasts/electricity/core/lstm/candidate_03/electricity_growth_pct_forecasts_lstm_core.csv
2026-09-26 13:55:52 | INFO     | energy_stress.tuning | Best params for electricity/core/LSTM: {'lookback': 6, 'dropout': 0.1, 'learning_rate': 0.001, 'units_1': 64, 'units_2': 32, 'macro_feature_set': 'lstm'} (validation score=4.1265)
2026-09-26 13:55:52 | INFO     | energy_stress.tuning | Tuning electricity/core/TFT candidate 1/3: {'lookback': 6, 'hidden': 32, 'n_heads': 4, 'learning_rate': 0.001}
2026-09-26 13:55:52 | INFO     | energy_stress.tft | [TFT/pytorch-forecasting] Fitting electricity (core)
2026-09-26 13:56:06 | INFO     | energy_stress.tft | [TFT electricity] validation: MAE=15.2298, RMSE=16.5272
2026-09-26 13:56:22 | INFO     | energy_stress.tft | [TFT] Forecast saved → outputs_v2/tuning_rolling/2010/forecasts/electricity/core/tft/candidate_01/electricity_growth_pct_forecasts_tft_core.csv
2026-09-26 13:56:22 | INFO     | energy_stress.tuning | Tuning electricity/core/TFT candidate 2/3: {'lookback': 12, 'hidden': 64, 'n_heads': 4, 'learning_rate': 0.0005}
2026-09-26 13:56:22 | INFO     | energy_stress.tft | [TFT/pytorch-forecasting] Fitting electricity (core)
2026-09-26 13:56:39 | INFO     | energy_stress.tft | [TFT electricity] validation: MAE=17.3354, RMSE=18.3653
2026-09-26 13:56:55 | INFO     | energy_stress.tft | [TFT] Forecast saved → outputs_v2/tuning_rolling/2010/forecasts/electricity/core/tft/candidate_02/electricity_growth_pct_forecasts_tft_core.csv
2026-09-26 13:56:55 | INFO     | energy_stress.tuning | Tuning electricity/core/TFT candidate 3/3: {'lookback': 18, 'hidden': 64, 'n_heads': 4, 'learning_rate': 0.0005}
2026-09-26 13:56:55 | INFO     | energy_stress.tft | [TFT/pytorch-forecasting] Fitting electricity (core)
2026-09-26 13:57:11 | INFO     | energy_stress.tft | [TFT electricity] validation: MAE=18.3777, RMSE=20.1564
2026-09-26 13:57:28 | INFO     | energy_stress.tft | [TFT] Forecast saved → outputs_v2/tuning_rolling/2010/forecasts/electricity/core/tft/candidate_03/electricity_growth_pct_forecasts_tft_core.csv
2026-09-26 13:57:28 | INFO     | energy_stress.tuning | Best params for electricity/core/TFT: {'lookback': 6, 'hidden': 32, 'n_heads': 4, 'learning_rate': 0.001} (validation score=15.2298)
2026-09-26 13:57:28 | INFO     | energy_stress.tuning | Tuning carbon/core/SARIMA candidate 1/1: {}
2026-09-26 13:57:28 | INFO     | energy_stress.sarima | [SARIMA-CORE] Fitting on carbon (train=44 obs)
2026-09-26 13:57:32 | INFO     | energy_stress.sarima | SARIMA best order: (1, 0, 0) × (1, 1, 0, 12)
2026-09-26 13:57:32 | INFO     | energy_stress.sarima | [SARIMA-CORE carbon] validation: MAE=75.6687, RMSE=80.7343, MAPE=2850.33%
2026-09-26 13:57:32 | INFO     | energy_stress.sarima | [SARIMA-CORE] Forecast saved → outputs_v2/tuning_rolling/2010/forecasts/carbon/core/sarima/candidate_01/carbon_growth_pct_forecasts_sarima_core.csv
2026-09-26 13:57:32 | INFO     | energy_stress.tuning | Tuning carbon/core/Prophet candidate 1/8: {'changepoint_prior_scale': 0.001, 'seasonality_prior_scale': 1.0, 'seasonality_mode': 'additive'}
2026-09-26 13:57:32 | INFO     | energy_stress.prophet | [Prophet-CORE] Fitting on carbon (train=44 obs, regressors=False, cps=0.001, sps=1.0, reg_ps=n/a, seasonality=additive)
2026-09-26 13:57:32 | INFO     | energy_stress.prophet | [Prophet-CORE carbon] validation: MAE=74.3727, RMSE=76.2761
2026-09-26 13:57:34 | INFO     | energy_stress.prophet | [Prophet-CORE] Forecast saved → outputs_v2/tuning_rolling/2010/forecasts/carbon/core/prophet/candidate_01/carbon_growth_pct_forecasts_prophet_core.csv
2026-09-26 13:57:34 | INFO     | energy_stress.tuning | Tuning carbon/core/Prophet candidate 2/8: {'changepoint_prior_scale': 0.001, 'seasonality_prior_scale': 10.0, 'seasonality_mode': 'additive'}
2026-09-26 13:57:34 | INFO     | energy_stress.prophet | [Prophet-CORE] Fitting on carbon (train=44 obs, regressors=False, cps=0.001, sps=10.0, reg_ps=n/a, seasonality=additive)
2026-09-26 13:57:37 | INFO     | energy_stress.prophet | [Prophet-CORE carbon] validation: MAE=88.2463, RMSE=100.0259
2026-09-26 13:57:38 | INFO     | energy_stress.prophet | [Prophet-CORE] Forecast saved → outputs_v2/tuning_rolling/2010/forecasts/carbon/core/prophet/candidate_02/carbon_growth_pct_forecasts_prophet_core.csv
2026-09-26 13:57:38 | INFO     | energy_stress.tuning | Tuning carbon/core/Prophet candidate 3/8: {'changepoint_prior_scale': 0.01, 'seasonality_prior_scale': 1.0, 'seasonality_mode': 'additive'}
2026-09-26 13:57:38 | INFO     | energy_stress.prophet | [Prophet-CORE] Fitting on carbon (train=44 obs, regressors=False, cps=0.01, sps=1.0, reg_ps=n/a, seasonality=additive)
2026-09-26 13:57:39 | INFO     | energy_stress.prophet | [Prophet-CORE carbon] validation: MAE=69.0595, RMSE=71.1050
2026-09-26 13:57:39 | INFO     | energy_stress.prophet | [Prophet-CORE] Forecast saved → outputs_v2/tuning_rolling/2010/forecasts/carbon/core/prophet/candidate_03/carbon_growth_pct_forecasts_prophet_core.csv
2026-09-26 13:57:39 | INFO     | energy_stress.tuning | Tuning carbon/core/Prophet candidate 4/8: {'changepoint_prior_scale': 0.01, 'seasonality_prior_scale': 10.0, 'seasonality_mode': 'additive'}
2026-09-26 13:57:39 | INFO     | energy_stress.prophet | [Prophet-CORE] Fitting on carbon (train=44 obs, regressors=False, cps=0.01, sps=10.0, reg_ps=n/a, seasonality=additive)
2026-09-26 13:57:39 | INFO     | energy_stress.prophet | [Prophet-CORE carbon] validation: MAE=62.9026, RMSE=73.7065
2026-09-26 13:57:39 | INFO     | energy_stress.prophet | [Prophet-CORE] Forecast saved → outputs_v2/tuning_rolling/2010/forecasts/carbon/core/prophet/candidate_04/carbon_growth_pct_forecasts_prophet_core.csv
2026-09-26 13:57:39 | INFO     | energy_stress.tuning | Tuning carbon/core/Prophet candidate 5/8: {'changepoint_prior_scale': 0.05, 'seasonality_prior_scale': 1.0, 'seasonality_mode': 'additive'}
2026-09-26 13:57:39 | INFO     | energy_stress.prophet | [Prophet-CORE] Fitting on carbon (train=44 obs, regressors=False, cps=0.05, sps=1.0, reg_ps=n/a, seasonality=additive)
2026-09-26 13:57:39 | INFO     | energy_stress.prophet | [Prophet-CORE carbon] validation: MAE=65.3440, RMSE=67.5182
2026-09-26 13:57:39 | INFO     | energy_stress.prophet | [Prophet-CORE] Forecast saved → outputs_v2/tuning_rolling/2010/forecasts/carbon/core/prophet/candidate_05/carbon_growth_pct_forecasts_prophet_core.csv
2026-09-26 13:57:39 | INFO     | energy_stress.tuning | Tuning carbon/core/Prophet candidate 6/8: {'changepoint_prior_scale': 0.05, 'seasonality_prior_scale': 10.0, 'seasonality_mode': 'additive'}
2026-09-26 13:57:39 | INFO     | energy_stress.prophet | [Prophet-CORE] Fitting on carbon (train=44 obs, regressors=False, cps=0.05, sps=10.0, reg_ps=n/a, seasonality=additive)
2026-09-26 13:57:39 | INFO     | energy_stress.prophet | [Prophet-CORE carbon] validation: MAE=57.0733, RMSE=67.1665
2026-09-26 13:57:40 | INFO     | energy_stress.prophet | [Prophet-CORE] Forecast saved → outputs_v2/tuning_rolling/2010/forecasts/carbon/core/prophet/candidate_06/carbon_growth_pct_forecasts_prophet_core.csv
2026-09-26 13:57:40 | INFO     | energy_stress.tuning | Tuning carbon/core/Prophet candidate 7/8: {'changepoint_prior_scale': 0.1, 'seasonality_prior_scale': 1.0, 'seasonality_mode': 'additive'}
2026-09-26 13:57:40 | INFO     | energy_stress.prophet | [Prophet-CORE] Fitting on carbon (train=44 obs, regressors=False, cps=0.1, sps=1.0, reg_ps=n/a, seasonality=additive)
2026-09-26 13:57:40 | INFO     | energy_stress.prophet | [Prophet-CORE carbon] validation: MAE=65.3577, RMSE=67.5318
2026-09-26 13:57:40 | INFO     | energy_stress.prophet | [Prophet-CORE] Forecast saved → outputs_v2/tuning_rolling/2010/forecasts/carbon/core/prophet/candidate_07/carbon_growth_pct_forecasts_prophet_core.csv
2026-09-26 13:57:40 | INFO     | energy_stress.tuning | Tuning carbon/core/Prophet candidate 8/8: {'changepoint_prior_scale': 0.1, 'seasonality_prior_scale': 10.0, 'seasonality_mode': 'additive'}
2026-09-26 13:57:40 | INFO     | energy_stress.prophet | [Prophet-CORE] Fitting on carbon (train=44 obs, regressors=False, cps=0.1, sps=10.0, reg_ps=n/a, seasonality=additive)
2026-09-26 13:57:40 | INFO     | energy_stress.prophet | [Prophet-CORE carbon] validation: MAE=57.0161, RMSE=67.0975
2026-09-26 13:57:40 | INFO     | energy_stress.prophet | [Prophet-CORE] Forecast saved → outputs_v2/tuning_rolling/2010/forecasts/carbon/core/prophet/candidate_08/carbon_growth_pct_forecasts_prophet_core.csv
2026-09-26 13:57:40 | INFO     | energy_stress.tuning | Best params for carbon/core/Prophet: {'changepoint_prior_scale': 0.1, 'seasonality_prior_scale': 10.0, 'seasonality_mode': 'additive'} (validation score=57.0161)
2026-09-26 13:57:40 | INFO     | energy_stress.tuning | Tuning carbon/core/LSTM candidate 1/3: {'lookback': 6, 'dropout': 0.1, 'learning_rate': 0.001, 'units_1': 64, 'units_2': 32, 'macro_feature_set': 'lstm'}
2026-09-26 13:57:40 | INFO     | energy_stress.lstm | [LSTM-CORE] Training on carbon | train=2006-05-01→2009-12-01 (44 obs), test=2010-01-01→2010-12-01 (12 obs), use_macro=False, lookback=6, dropout=0.1, lr=0.001, units=(64,32), macro_feature_set=lstm
2026-09-26 13:57:41 | INFO     | energy_stress.lstm | [LSTM-CORE carbon] validation: MAE=38.5196, RMSE=39.2620
2026-09-26 13:57:43 | INFO     | energy_stress.lstm | [LSTM-CORE] Forecast saved → outputs_v2/tuning_rolling/2010/forecasts/carbon/core/lstm/candidate_01/carbon_growth_pct_forecasts_lstm_core.csv
2026-09-26 13:57:43 | INFO     | energy_stress.tuning | Tuning carbon/core/LSTM candidate 2/3: {'lookback': 12, 'dropout': 0.2, 'learning_rate': 0.001, 'units_1': 128, 'units_2': 64, 'macro_feature_set': 'lstm'}
2026-09-26 13:57:43 | INFO     | energy_stress.lstm | [LSTM-CORE] Training on carbon | train=2006-05-01→2009-12-01 (44 obs), test=2010-01-01→2010-12-01 (12 obs), use_macro=False, lookback=12, dropout=0.2, lr=0.001, units=(128,64), macro_feature_set=lstm
2026-09-26 13:57:44 | INFO     | energy_stress.lstm | [LSTM-CORE carbon] validation: MAE=34.2950, RMSE=35.0182
2026-09-26 13:57:47 | INFO     | energy_stress.lstm | [LSTM-CORE] Forecast saved → outputs_v2/tuning_rolling/2010/forecasts/carbon/core/lstm/candidate_02/carbon_growth_pct_forecasts_lstm_core.csv
2026-09-26 13:57:47 | INFO     | energy_stress.tuning | Tuning carbon/core/LSTM candidate 3/3: {'lookback': 18, 'dropout': 0.25, 'learning_rate': 0.0005, 'units_1': 128, 'units_2': 64, 'macro_feature_set': 'lstm'}
2026-09-26 13:57:47 | INFO     | energy_stress.lstm | [LSTM-CORE] Training on carbon | train=2006-05-01→2009-12-01 (44 obs), test=2010-01-01→2010-12-01 (12 obs), use_macro=False, lookback=18, dropout=0.25, lr=0.0005, units=(128,64), macro_feature_set=lstm
2026-09-26 13:57:48 | INFO     | energy_stress.lstm | [LSTM-CORE carbon] validation: MAE=26.8610, RMSE=27.7636
2026-09-26 13:57:52 | INFO     | energy_stress.lstm | [LSTM-CORE] Forecast saved → outputs_v2/tuning_rolling/2010/forecasts/carbon/core/lstm/candidate_03/carbon_growth_pct_forecasts_lstm_core.csv
2026-09-26 13:57:52 | INFO     | energy_stress.tuning | Best params for carbon/core/LSTM: {'lookback': 18, 'dropout': 0.25, 'learning_rate': 0.0005, 'units_1': 128, 'units_2': 64, 'macro_feature_set': 'lstm'} (validation score=26.8610)
2026-09-26 13:57:52 | INFO     | energy_stress.tuning | Tuning carbon/core/TFT candidate 1/3: {'lookback': 6, 'hidden': 32, 'n_heads': 4, 'learning_rate': 0.001}
2026-09-26 13:57:52 | INFO     | energy_stress.tft | [TFT/pytorch-forecasting] Fitting carbon (core)
2026-09-26 13:58:09 | INFO     | energy_stress.tft | [TFT carbon] validation: MAE=109.6370, RMSE=115.3707
2026-09-26 13:58:25 | INFO     | energy_stress.tft | [TFT] Forecast saved → outputs_v2/tuning_rolling/2010/forecasts/carbon/core/tft/candidate_01/carbon_growth_pct_forecasts_tft_core.csv
2026-09-26 13:58:25 | INFO     | energy_stress.tuning | Tuning carbon/core/TFT candidate 2/3: {'lookback': 12, 'hidden': 64, 'n_heads': 4, 'learning_rate': 0.0005}
2026-09-26 13:58:25 | INFO     | energy_stress.tft | [TFT/pytorch-forecasting] Fitting carbon (core)
2026-09-26 13:58:42 | INFO     | energy_stress.tft | [TFT carbon] validation: MAE=145.1055, RMSE=159.9749
2026-09-26 13:58:59 | INFO     | energy_stress.tft | [TFT] Forecast saved → outputs_v2/tuning_rolling/2010/forecasts/carbon/core/tft/candidate_02/carbon_growth_pct_forecasts_tft_core.csv
2026-09-26 13:58:59 | INFO     | energy_stress.tuning | Tuning carbon/core/TFT candidate 3/3: {'lookback': 18, 'hidden': 64, 'n_heads': 4, 'learning_rate': 0.0005}
2026-09-26 13:58:59 | INFO     | energy_stress.tft | [TFT/pytorch-forecasting] Fitting carbon (core)
2026-09-26 13:59:16 | INFO     | energy_stress.tft | [TFT carbon] validation: MAE=55.0172, RMSE=62.4536
2026-09-26 13:59:33 | INFO     | energy_stress.tft | [TFT] Forecast saved → outputs_v2/tuning_rolling/2010/forecasts/carbon/core/tft/candidate_03/carbon_growth_pct_forecasts_tft_core.csv
2026-09-26 13:59:33 | INFO     | energy_stress.tuning | Best params for carbon/core/TFT: {'lookback': 18, 'hidden': 64, 'n_heads': 4, 'learning_rate': 0.0005} (validation score=55.0172)
2026-09-26 13:59:33 | INFO     | energy_stress.tuning | Tuning results saved → outputs_v2/tuning_rolling/2010/model_tuning_results.csv
2026-09-26 13:59:33 | INFO     | energy_stress.forecast_pipeline | 
──────────────────────────────────────────────────
Series: GAS
──────────────────────────────────────────────────
2026-09-26 13:59:33 | INFO     | energy_stress.forecast_pipeline | [gas] train=44, test=12, full=56 (through 2010-12-01), actual_target=12 non-null (2011-01-01..2011-12-01)
2026-09-26 13:59:33 | INFO     | energy_stress.sarima | [SARIMA-CORE] Fitting on gas (train=44 obs)
2026-09-26 13:59:49 | INFO     | energy_stress.sarima | SARIMA best order: (3, 0, 2) × (2, 1, 0, 12)
2026-09-26 13:59:49 | INFO     | energy_stress.sarima | [SARIMA-CORE gas] validation: MAE=30.6990, RMSE=40.7867, MAPE=918.09%
2026-09-26 13:59:50 | INFO     | energy_stress.sarima | [SARIMA-CORE] Forecast saved → outputs_v2/forecasts_rolling/2010/gas_growth_pct_forecasts_sarima_core.csv
2026-09-26 13:59:50 | INFO     | energy_stress.prophet | [Prophet-CORE] Fitting on gas (train=44 obs, regressors=False, cps=0.01, sps=1.0, reg_ps=n/a, seasonality=multiplicative)
2026-09-26 13:59:50 | INFO     | energy_stress.prophet | [Prophet-CORE gas] validation: MAE=14.1459, RMSE=14.4438
2026-09-26 13:59:50 | INFO     | energy_stress.prophet | [Prophet-CORE] Forecast saved → outputs_v2/forecasts_rolling/2010/gas_growth_pct_forecasts_prophet_core.csv
2026-09-26 13:59:50 | INFO     | energy_stress.lstm | [LSTM-CORE] Training on gas | train=2006-05-01→2009-12-01 (44 obs), test=2010-01-01→2010-12-01 (12 obs), use_macro=False, lookback=18, dropout=0.25, lr=0.0005, units=(128,64), macro_feature_set=lstm
2026-09-26 13:59:51 | INFO     | energy_stress.lstm | [LSTM-CORE gas] validation: MAE=0.9171, RMSE=1.6245
2026-09-26 13:59:58 | INFO     | energy_stress.lstm | [LSTM-CORE] Forecast saved → outputs_v2/forecasts_rolling/2010/gas_growth_pct_forecasts_lstm_core.csv
2026-09-26 13:59:58 | INFO     | energy_stress.lstm | [LSTM-CORE] Model saved → outputs_v2/models
2026-09-26 13:59:58 | INFO     | energy_stress.tft | [TFT/pytorch-forecasting] Fitting gas (core)
2026-09-26 14:00:21 | INFO     | energy_stress.tft | [TFT gas] validation: MAE=18.0529, RMSE=24.5717
2026-09-26 14:00:45 | INFO     | energy_stress.tft | [TFT] Forecast saved → outputs_v2/forecasts_rolling/2010/gas_growth_pct_forecasts_tft_core.csv
2026-09-26 14:00:45 | INFO     | energy_stress.forecast_pipeline | 
──────────────────────────────────────────────────
Series: ELECTRICITY
──────────────────────────────────────────────────
2026-09-26 14:00:45 | INFO     | energy_stress.forecast_pipeline | [electricity] train=44, test=12, full=56 (through 2010-12-01), actual_target=12 non-null (2011-01-01..2011-12-01)
2026-09-26 14:00:45 | INFO     | energy_stress.sarima | [SARIMA-CORE] Fitting on electricity (train=44 obs)
2026-09-26 14:00:54 | INFO     | energy_stress.sarima | SARIMA best order: (2, 0, 0) × (2, 1, 1, 12)
2026-09-26 14:00:54 | INFO     | energy_stress.sarima | [SARIMA-CORE electricity] validation: MAE=7.8298, RMSE=9.5065, MAPE=870.66%
2026-09-26 14:00:54 | INFO     | energy_stress.sarima | [SARIMA-CORE] Forecast saved → outputs_v2/forecasts_rolling/2010/electricity_growth_pct_forecasts_sarima_core.csv
2026-09-26 14:00:54 | INFO     | energy_stress.prophet | [Prophet-CORE] Fitting on electricity (train=44 obs, regressors=False, cps=0.05, sps=1.0, reg_ps=n/a, seasonality=additive)
2026-09-26 14:00:55 | INFO     | energy_stress.prophet | [Prophet-CORE electricity] validation: MAE=4.3487, RMSE=7.0295
2026-09-26 14:00:55 | INFO     | energy_stress.prophet | [Prophet-CORE] Forecast saved → outputs_v2/forecasts_rolling/2010/electricity_growth_pct_forecasts_prophet_core.csv
2026-09-26 14:00:55 | INFO     | energy_stress.lstm | [LSTM-CORE] Training on electricity | train=2006-05-01→2009-12-01 (44 obs), test=2010-01-01→2010-12-01 (12 obs), use_macro=False, lookback=6, dropout=0.1, lr=0.001, units=(64,32), macro_feature_set=lstm
2026-09-26 14:00:56 | INFO     | energy_stress.lstm | [LSTM-CORE electricity] validation: MAE=4.1278, RMSE=4.3218
2026-09-26 14:00:59 | INFO     | energy_stress.lstm | [LSTM-CORE] Forecast saved → outputs_v2/forecasts_rolling/2010/electricity_growth_pct_forecasts_lstm_core.csv
2026-09-26 14:00:59 | INFO     | energy_stress.lstm | [LSTM-CORE] Model saved → outputs_v2/models
2026-09-26 14:00:59 | INFO     | energy_stress.tft | [TFT/pytorch-forecasting] Fitting electricity (core)
2026-09-26 14:01:23 | INFO     | energy_stress.tft | [TFT electricity] validation: MAE=20.3515, RMSE=22.1777
2026-09-26 14:01:47 | INFO     | energy_stress.tft | [TFT] Forecast saved → outputs_v2/forecasts_rolling/2010/electricity_growth_pct_forecasts_tft_core.csv
2026-09-26 14:01:47 | INFO     | energy_stress.forecast_pipeline | 
──────────────────────────────────────────────────
Series: CARBON
──────────────────────────────────────────────────
2026-09-26 14:01:47 | INFO     | energy_stress.forecast_pipeline | [carbon] train=44, test=12, full=56 (through 2010-12-01), actual_target=12 non-null (2011-01-01..2011-12-01)
2026-09-26 14:01:47 | INFO     | energy_stress.sarima | [SARIMA-CORE] Fitting on carbon (train=44 obs)
2026-09-26 14:01:51 | INFO     | energy_stress.sarima | SARIMA best order: (1, 0, 0) × (1, 1, 0, 12)
2026-09-26 14:01:51 | INFO     | energy_stress.sarima | [SARIMA-CORE carbon] validation: MAE=75.6687, RMSE=80.7343, MAPE=2850.33%
2026-09-26 14:01:51 | INFO     | energy_stress.sarima | [SARIMA-CORE] Forecast saved → outputs_v2/forecasts_rolling/2010/carbon_growth_pct_forecasts_sarima_core.csv
2026-09-26 14:01:51 | INFO     | energy_stress.prophet | [Prophet-CORE] Fitting on carbon (train=44 obs, regressors=False, cps=0.1, sps=10.0, reg_ps=n/a, seasonality=additive)
2026-09-26 14:01:52 | INFO     | energy_stress.prophet | [Prophet-CORE carbon] validation: MAE=57.0161, RMSE=67.0975
2026-09-26 14:01:52 | INFO     | energy_stress.prophet | [Prophet-CORE] Forecast saved → outputs_v2/forecasts_rolling/2010/carbon_growth_pct_forecasts_prophet_core.csv
2026-09-26 14:01:52 | INFO     | energy_stress.lstm | [LSTM-CORE] Training on carbon | train=2006-05-01→2009-12-01 (44 obs), test=2010-01-01→2010-12-01 (12 obs), use_macro=False, lookback=18, dropout=0.25, lr=0.0005, units=(128,64), macro_feature_set=lstm
2026-09-26 14:01:53 | INFO     | energy_stress.lstm | [LSTM-CORE carbon] validation: MAE=26.8730, RMSE=27.7796
2026-09-26 14:02:00 | INFO     | energy_stress.lstm | [LSTM-CORE] Forecast saved → outputs_v2/forecasts_rolling/2010/carbon_growth_pct_forecasts_lstm_core.csv
2026-09-26 14:02:00 | INFO     | energy_stress.lstm | [LSTM-CORE] Model saved → outputs_v2/models
2026-09-26 14:02:00 | INFO     | energy_stress.tft | [TFT/pytorch-forecasting] Fitting carbon (core)
2026-09-26 14:02:22 | INFO     | energy_stress.tft | [TFT carbon] validation: MAE=58.8758, RMSE=59.7689
2026-09-26 14:02:41 | INFO     | energy_stress.tft | [TFT] Forecast saved → outputs_v2/forecasts_rolling/2010/carbon_growth_pct_forecasts_tft_core.csv
2026-09-26 14:02:41 | DEBUG    | energy_stress.model_evaluation | Loaded outputs_v2/forecasts_rolling/2010/gas_growth_pct_forecasts_sarima_core.csv (12 rows)
2026-09-26 14:02:41 | WARNING  | energy_stress.model_evaluation | Forecast file not found: outputs_v2/forecasts_rolling/2010/gas_growth_pct_forecasts_sarima_macro.csv
2026-09-26 14:02:41 | DEBUG    | energy_stress.model_evaluation | Loaded outputs_v2/forecasts_rolling/2010/gas_growth_pct_forecasts_prophet_core.csv (12 rows)
2026-09-26 14:02:41 | WARNING  | energy_stress.model_evaluation | Forecast file not found: outputs_v2/forecasts_rolling/2010/gas_growth_pct_forecasts_prophet_macro.csv
2026-09-26 14:02:41 | DEBUG    | energy_stress.model_evaluation | Loaded outputs_v2/forecasts_rolling/2010/gas_growth_pct_forecasts_lstm_core.csv (12 rows)
2026-09-26 14:02:41 | WARNING  | energy_stress.model_evaluation | Forecast file not found: outputs_v2/forecasts_rolling/2010/gas_growth_pct_forecasts_lstm_macro.csv
2026-09-26 14:02:41 | DEBUG    | energy_stress.model_evaluation | Loaded outputs_v2/forecasts_rolling/2010/gas_growth_pct_forecasts_tft_core.csv (12 rows)
2026-09-26 14:02:41 | WARNING  | energy_stress.model_evaluation | Forecast file not found: outputs_v2/forecasts_rolling/2010/gas_growth_pct_forecasts_tft_macro.csv
2026-09-26 14:02:41 | INFO     | energy_stress.model_evaluation | Combined forecasts (48 rows) → outputs_v2/forecasts_rolling/2010/gas_growth_pct_forecasts_all.csv
2026-09-26 14:02:41 | INFO     | energy_stress.model_evaluation |   core combined → outputs_v2/forecasts_rolling/2010/gas_growth_pct_forecasts_core.csv
2026-09-26 14:02:41 | DEBUG    | energy_stress.model_evaluation | Loaded outputs_v2/forecasts_rolling/2010/electricity_growth_pct_forecasts_sarima_core.csv (12 rows)
2026-09-26 14:02:41 | WARNING  | energy_stress.model_evaluation | Forecast file not found: outputs_v2/forecasts_rolling/2010/electricity_growth_pct_forecasts_sarima_macro.csv
2026-09-26 14:02:41 | DEBUG    | energy_stress.model_evaluation | Loaded outputs_v2/forecasts_rolling/2010/electricity_growth_pct_forecasts_prophet_core.csv (12 rows)
2026-09-26 14:02:41 | WARNING  | energy_stress.model_evaluation | Forecast file not found: outputs_v2/forecasts_rolling/2010/electricity_growth_pct_forecasts_prophet_macro.csv
2026-09-26 14:02:41 | DEBUG    | energy_stress.model_evaluation | Loaded outputs_v2/forecasts_rolling/2010/electricity_growth_pct_forecasts_lstm_core.csv (12 rows)
2026-09-26 14:02:41 | WARNING  | energy_stress.model_evaluation | Forecast file not found: outputs_v2/forecasts_rolling/2010/electricity_growth_pct_forecasts_lstm_macro.csv
2026-09-26 14:02:41 | DEBUG    | energy_stress.model_evaluation | Loaded outputs_v2/forecasts_rolling/2010/electricity_growth_pct_forecasts_tft_core.csv (12 rows)
2026-09-26 14:02:41 | WARNING  | energy_stress.model_evaluation | Forecast file not found: outputs_v2/forecasts_rolling/2010/electricity_growth_pct_forecasts_tft_macro.csv
2026-09-26 14:02:41 | INFO     | energy_stress.model_evaluation | Combined forecasts (48 rows) → outputs_v2/forecasts_rolling/2010/electricity_growth_pct_forecasts_all.csv
2026-09-26 14:02:41 | INFO     | energy_stress.model_evaluation |   core combined → outputs_v2/forecasts_rolling/2010/electricity_growth_pct_forecasts_core.csv
2026-09-26 14:02:41 | DEBUG    | energy_stress.model_evaluation | Loaded outputs_v2/forecasts_rolling/2010/carbon_growth_pct_forecasts_sarima_core.csv (12 rows)
2026-09-26 14:02:41 | WARNING  | energy_stress.model_evaluation | Forecast file not found: outputs_v2/forecasts_rolling/2010/carbon_growth_pct_forecasts_sarima_macro.csv
2026-09-26 14:02:41 | DEBUG    | energy_stress.model_evaluation | Loaded outputs_v2/forecasts_rolling/2010/carbon_growth_pct_forecasts_prophet_core.csv (12 rows)
2026-09-26 14:02:41 | WARNING  | energy_stress.model_evaluation | Forecast file not found: outputs_v2/forecasts_rolling/2010/carbon_growth_pct_forecasts_prophet_macro.csv
2026-09-26 14:02:41 | DEBUG    | energy_stress.model_evaluation | Loaded outputs_v2/forecasts_rolling/2010/carbon_growth_pct_forecasts_lstm_core.csv (12 rows)
2026-09-26 14:02:41 | WARNING  | energy_stress.model_evaluation | Forecast file not found: outputs_v2/forecasts_rolling/2010/carbon_growth_pct_forecasts_lstm_macro.csv
2026-09-26 14:02:41 | DEBUG    | energy_stress.model_evaluation | Loaded outputs_v2/forecasts_rolling/2010/carbon_growth_pct_forecasts_tft_core.csv (12 rows)
2026-09-26 14:02:41 | WARNING  | energy_stress.model_evaluation | Forecast file not found: outputs_v2/forecasts_rolling/2010/carbon_growth_pct_forecasts_tft_macro.csv
2026-09-26 14:02:41 | INFO     | energy_stress.model_evaluation | Combined forecasts (48 rows) → outputs_v2/forecasts_rolling/2010/carbon_growth_pct_forecasts_all.csv
2026-09-26 14:02:41 | INFO     | energy_stress.model_evaluation |   core combined → outputs_v2/forecasts_rolling/2010/carbon_growth_pct_forecasts_core.csv
2026-09-26 14:02:41 | INFO     | energy_stress.model_evaluation | Evaluating 12 model results across all series and modes
2026-09-26 14:02:41 | INFO     | energy_stress.model_evaluation | Best model [carbon][core]: LSTM (selection_score=1.750)
2026-09-26 14:02:41 | INFO     | energy_stress.model_evaluation | Best model [electricity][core]: LSTM (selection_score=1.375)
2026-09-26 14:02:41 | INFO     | energy_stress.model_evaluation | Best model [gas][core]: LSTM (selection_score=1.050)
2026-09-26 14:02:41 | INFO     | energy_stress.model_evaluation | Metrics table saved → outputs_v2/tables/rolling/2010/model_metrics_comparison.csv
2026-09-26 14:02:41 | INFO     | energy_stress.fes | Best models selected:
2026-09-26 14:02:41 | INFO     | energy_stress.fes |   [carbon][core] → LSTM
2026-09-26 14:02:41 | INFO     | energy_stress.fes |   [electricity][core] → LSTM
2026-09-26 14:02:41 | INFO     | energy_stress.fes |   [gas][core] → LSTM
2026-09-26 14:02:41 | INFO     | energy_stress.fes | Per-series mode selected for FES_selected (metric per series/mode: {('gas', 'core'): 'RMSE', ('electricity', 'core'): 'RMSE', ('carbon', 'core'): 'RMSE'}): {'gas': 'core', 'electricity': 'core', 'carbon': 'core'}
2026-09-26 14:02:41 | INFO     | energy_stress.fes | FES_Weighted series weights (inverse validation-RMSE, normalized to mean 1.0): {'gas': 2.0915250174125433, 'electricity': 0.7861662356838456, 'carbon': 0.12230874690361106}
2026-09-26 14:02:41 | INFO     | energy_stress.fes | [gas] train μ=14.2857, σ=21.4648 | unc_ref μ=12.6399, σ=7.2689
2026-09-26 14:02:41 | INFO     | energy_stress.fes | [electricity] train μ=9.6494, σ=13.1127 | unc_ref μ=7.7289, σ=3.7366
2026-09-26 14:02:41 | INFO     | energy_stress.fes | [carbon] train μ=-9.8544, σ=298.0281 | unc_ref μ=183.2479, σ=146.3470
2026-09-26 14:02:41 | INFO     | energy_stress.fes | [actual real-vol] train μ=0.5668, σ=0.2165
2026-09-26 14:02:41 | WARNING  | energy_stress.fes | No best model found for (gas, macro)
2026-09-26 14:02:41 | WARNING  | energy_stress.fes | No best model found for (electricity, macro)
2026-09-26 14:02:41 | WARNING  | energy_stress.fes | No best model found for (carbon, macro)
2026-09-26 14:02:41 | INFO     | energy_stress.fes | Monthly FES saved → outputs_v2/fes/rolling/2010/fes_monthly_2011.csv
2026-09-26 14:02:41 | INFO     | energy_stress.fes | [gas] train μ=19.7909, σ=21.0685 | unc_ref μ=14.1779, σ=6.8543
2026-09-26 14:02:41 | INFO     | energy_stress.fes | [electricity] train μ=12.9498, σ=12.8512 | unc_ref μ=8.4216, σ=3.8337
2026-09-26 14:02:41 | INFO     | energy_stress.fes | [carbon] train μ=-15.2687, σ=336.8309 | unc_ref μ=232.4755, σ=132.6117
2026-09-26 14:02:41 | INFO     | energy_stress.fes | [actual real-vol] train μ=0.5305, σ=0.2570
2026-09-26 14:02:41 | INFO     | energy_stress.fes | FES_actual, prior year 2010 (baseline for FES_selected's 2011 forecast): mean=-2.02437 -> outputs_v2/fes/rolling/2010/fes_prior_actual_2010.csv
2026-09-26 14:02:41 | INFO     | energy_stress.fes | FES comparison metrics saved → outputs_v2/fes/rolling/2010/fes_comparison_metrics.csv  (9 rows)
2026-09-26 14:02:41 | INFO     | energy_stress.fes | Best RMSE per variant:
FES_variant
Equal_Core        1.11088
Equal_Selected    1.11088
Equal_Weighted    1.68152
2026-09-26 14:02:41 | INFO     | energy_stress.forecast_pipeline | ========================================
2026-09-26 14:02:41 | INFO     | energy_stress.forecast_pipeline | STAGE 2: Rolling year as_of=2011 (split train<2011, test=2011, refit<=2011, forecast=2012)
2026-09-26 14:02:41 | INFO     | energy_stress.forecast_pipeline | ========================================
2026-09-26 14:02:41 | INFO     | energy_stress.preprocessing | Train: 56 rows (through 2010-12-01) | Test: 12 rows (2011-01-01..2011-12-01)
2026-09-26 14:02:41 | INFO     | energy_stress.forecast_pipeline | ========================================
2026-09-26 14:02:41 | INFO     | energy_stress.forecast_pipeline | STAGE 2: Per-origin tuning, as_of=2011
2026-09-26 14:02:41 | INFO     | energy_stress.forecast_pipeline | ========================================
2026-09-26 14:02:41 | INFO     | energy_stress.tuning | Tuning gas/core/SARIMA candidate 1/1: {}
2026-09-26 14:02:41 | INFO     | energy_stress.sarima | [SARIMA-CORE] Fitting on gas (train=56 obs)
2026-09-26 14:02:48 | INFO     | energy_stress.sarima | SARIMA best order: (3, 0, 1) × (2, 1, 0, 12)
2026-09-26 14:02:49 | INFO     | energy_stress.sarima | [SARIMA-CORE gas] validation: MAE=42.4789, RMSE=46.9506, MAPE=545.47%
2026-09-26 14:02:49 | INFO     | energy_stress.sarima | [SARIMA-CORE] Forecast saved → outputs_v2/tuning_rolling/2011/forecasts/gas/core/sarima/candidate_01/gas_growth_pct_forecasts_sarima_core.csv
2026-09-26 14:02:49 | INFO     | energy_stress.tuning | Tuning gas/core/Prophet candidate 1/16: {'changepoint_prior_scale': 0.001, 'seasonality_prior_scale': 1.0, 'seasonality_mode': 'additive'}
2026-09-26 14:02:49 | INFO     | energy_stress.prophet | [Prophet-CORE] Fitting on gas (train=56 obs, regressors=False, cps=0.001, sps=1.0, reg_ps=n/a, seasonality=additive)
2026-09-26 14:02:54 | INFO     | energy_stress.prophet | [Prophet-CORE gas] validation: MAE=21.9186, RMSE=24.4017
2026-09-26 14:02:54 | INFO     | energy_stress.prophet | [Prophet-CORE] Forecast saved → outputs_v2/tuning_rolling/2011/forecasts/gas/core/prophet/candidate_01/gas_growth_pct_forecasts_prophet_core.csv
2026-09-26 14:02:54 | INFO     | energy_stress.tuning | Tuning gas/core/Prophet candidate 2/16: {'changepoint_prior_scale': 0.001, 'seasonality_prior_scale': 1.0, 'seasonality_mode': 'multiplicative'}
2026-09-26 14:02:54 | INFO     | energy_stress.prophet | [Prophet-CORE] Fitting on gas (train=56 obs, regressors=False, cps=0.001, sps=1.0, reg_ps=n/a, seasonality=multiplicative)
2026-09-26 14:02:59 | INFO     | energy_stress.prophet | [Prophet-CORE gas] validation: MAE=22.5422, RMSE=25.9208
2026-09-26 14:03:00 | INFO     | energy_stress.prophet | [Prophet-CORE] Forecast saved → outputs_v2/tuning_rolling/2011/forecasts/gas/core/prophet/candidate_02/gas_growth_pct_forecasts_prophet_core.csv
2026-09-26 14:03:00 | INFO     | energy_stress.tuning | Tuning gas/core/Prophet candidate 3/16: {'changepoint_prior_scale': 0.001, 'seasonality_prior_scale': 10.0, 'seasonality_mode': 'additive'}
2026-09-26 14:03:00 | INFO     | energy_stress.prophet | [Prophet-CORE] Fitting on gas (train=56 obs, regressors=False, cps=0.001, sps=10.0, reg_ps=n/a, seasonality=additive)
2026-09-26 14:03:01 | INFO     | energy_stress.prophet | [Prophet-CORE gas] validation: MAE=21.1705, RMSE=23.3319
2026-09-26 14:03:01 | INFO     | energy_stress.prophet | [Prophet-CORE] Forecast saved → outputs_v2/tuning_rolling/2011/forecasts/gas/core/prophet/candidate_03/gas_growth_pct_forecasts_prophet_core.csv
2026-09-26 14:03:01 | INFO     | energy_stress.tuning | Tuning gas/core/Prophet candidate 4/16: {'changepoint_prior_scale': 0.001, 'seasonality_prior_scale': 10.0, 'seasonality_mode': 'multiplicative'}
2026-09-26 14:03:01 | INFO     | energy_stress.prophet | [Prophet-CORE] Fitting on gas (train=56 obs, regressors=False, cps=0.001, sps=10.0, reg_ps=n/a, seasonality=multiplicative)
2026-09-26 14:03:04 | INFO     | energy_stress.prophet | [Prophet-CORE gas] validation: MAE=22.4647, RMSE=25.8620
2026-09-26 14:03:04 | INFO     | energy_stress.prophet | [Prophet-CORE] Forecast saved → outputs_v2/tuning_rolling/2011/forecasts/gas/core/prophet/candidate_04/gas_growth_pct_forecasts_prophet_core.csv
2026-09-26 14:03:04 | INFO     | energy_stress.tuning | Tuning gas/core/Prophet candidate 5/16: {'changepoint_prior_scale': 0.01, 'seasonality_prior_scale': 1.0, 'seasonality_mode': 'additive'}
2026-09-26 14:03:04 | INFO     | energy_stress.prophet | [Prophet-CORE] Fitting on gas (train=56 obs, regressors=False, cps=0.01, sps=1.0, reg_ps=n/a, seasonality=additive)
2026-09-26 14:03:04 | INFO     | energy_stress.prophet | [Prophet-CORE gas] validation: MAE=18.9423, RMSE=21.7509
2026-09-26 14:03:04 | INFO     | energy_stress.prophet | [Prophet-CORE] Forecast saved → outputs_v2/tuning_rolling/2011/forecasts/gas/core/prophet/candidate_05/gas_growth_pct_forecasts_prophet_core.csv
2026-09-26 14:03:04 | INFO     | energy_stress.tuning | Tuning gas/core/Prophet candidate 6/16: {'changepoint_prior_scale': 0.01, 'seasonality_prior_scale': 1.0, 'seasonality_mode': 'multiplicative'}
2026-09-26 14:03:04 | INFO     | energy_stress.prophet | [Prophet-CORE] Fitting on gas (train=56 obs, regressors=False, cps=0.01, sps=1.0, reg_ps=n/a, seasonality=multiplicative)
2026-09-26 14:03:04 | INFO     | energy_stress.prophet | [Prophet-CORE gas] validation: MAE=19.0977, RMSE=22.3986
2026-09-26 14:03:05 | INFO     | energy_stress.prophet | [Prophet-CORE] Forecast saved → outputs_v2/tuning_rolling/2011/forecasts/gas/core/prophet/candidate_06/gas_growth_pct_forecasts_prophet_core.csv
2026-09-26 14:03:05 | INFO     | energy_stress.tuning | Tuning gas/core/Prophet candidate 7/16: {'changepoint_prior_scale': 0.01, 'seasonality_prior_scale': 10.0, 'seasonality_mode': 'additive'}
2026-09-26 14:03:05 | INFO     | energy_stress.prophet | [Prophet-CORE] Fitting on gas (train=56 obs, regressors=False, cps=0.01, sps=10.0, reg_ps=n/a, seasonality=additive)
2026-09-26 14:03:05 | INFO     | energy_stress.prophet | [Prophet-CORE gas] validation: MAE=19.5322, RMSE=22.0464
2026-09-26 14:03:05 | INFO     | energy_stress.prophet | [Prophet-CORE] Forecast saved → outputs_v2/tuning_rolling/2011/forecasts/gas/core/prophet/candidate_07/gas_growth_pct_forecasts_prophet_core.csv
2026-09-26 14:03:05 | INFO     | energy_stress.tuning | Tuning gas/core/Prophet candidate 8/16: {'changepoint_prior_scale': 0.01, 'seasonality_prior_scale': 10.0, 'seasonality_mode': 'multiplicative'}
2026-09-26 14:03:05 | INFO     | energy_stress.prophet | [Prophet-CORE] Fitting on gas (train=56 obs, regressors=False, cps=0.01, sps=10.0, reg_ps=n/a, seasonality=multiplicative)
2026-09-26 14:03:05 | INFO     | energy_stress.prophet | [Prophet-CORE gas] validation: MAE=19.3008, RMSE=22.6508
2026-09-26 14:03:05 | INFO     | energy_stress.prophet | [Prophet-CORE] Forecast saved → outputs_v2/tuning_rolling/2011/forecasts/gas/core/prophet/candidate_08/gas_growth_pct_forecasts_prophet_core.csv
2026-09-26 14:03:05 | INFO     | energy_stress.tuning | Tuning gas/core/Prophet candidate 9/16: {'changepoint_prior_scale': 0.05, 'seasonality_prior_scale': 1.0, 'seasonality_mode': 'additive'}
2026-09-26 14:03:05 | INFO     | energy_stress.prophet | [Prophet-CORE] Fitting on gas (train=56 obs, regressors=False, cps=0.05, sps=1.0, reg_ps=n/a, seasonality=additive)
2026-09-26 14:03:05 | INFO     | energy_stress.prophet | [Prophet-CORE gas] validation: MAE=18.7869, RMSE=21.6177
2026-09-26 14:03:05 | INFO     | energy_stress.prophet | [Prophet-CORE] Forecast saved → outputs_v2/tuning_rolling/2011/forecasts/gas/core/prophet/candidate_09/gas_growth_pct_forecasts_prophet_core.csv
2026-09-26 14:03:05 | INFO     | energy_stress.tuning | Tuning gas/core/Prophet candidate 10/16: {'changepoint_prior_scale': 0.05, 'seasonality_prior_scale': 1.0, 'seasonality_mode': 'multiplicative'}
2026-09-26 14:03:05 | INFO     | energy_stress.prophet | [Prophet-CORE] Fitting on gas (train=56 obs, regressors=False, cps=0.05, sps=1.0, reg_ps=n/a, seasonality=multiplicative)
2026-09-26 14:03:06 | INFO     | energy_stress.prophet | [Prophet-CORE gas] validation: MAE=18.9029, RMSE=22.2071
2026-09-26 14:03:06 | INFO     | energy_stress.prophet | [Prophet-CORE] Forecast saved → outputs_v2/tuning_rolling/2011/forecasts/gas/core/prophet/candidate_10/gas_growth_pct_forecasts_prophet_core.csv
2026-09-26 14:03:06 | INFO     | energy_stress.tuning | Tuning gas/core/Prophet candidate 11/16: {'changepoint_prior_scale': 0.05, 'seasonality_prior_scale': 10.0, 'seasonality_mode': 'additive'}
2026-09-26 14:03:06 | INFO     | energy_stress.prophet | [Prophet-CORE] Fitting on gas (train=56 obs, regressors=False, cps=0.05, sps=10.0, reg_ps=n/a, seasonality=additive)
2026-09-26 14:03:06 | INFO     | energy_stress.prophet | [Prophet-CORE gas] validation: MAE=19.5518, RMSE=22.0597
2026-09-26 14:03:06 | INFO     | energy_stress.prophet | [Prophet-CORE] Forecast saved → outputs_v2/tuning_rolling/2011/forecasts/gas/core/prophet/candidate_11/gas_growth_pct_forecasts_prophet_core.csv
2026-09-26 14:03:06 | INFO     | energy_stress.tuning | Tuning gas/core/Prophet candidate 12/16: {'changepoint_prior_scale': 0.05, 'seasonality_prior_scale': 10.0, 'seasonality_mode': 'multiplicative'}
2026-09-26 14:03:06 | INFO     | energy_stress.prophet | [Prophet-CORE] Fitting on gas (train=56 obs, regressors=False, cps=0.05, sps=10.0, reg_ps=n/a, seasonality=multiplicative)
2026-09-26 14:03:06 | INFO     | energy_stress.prophet | [Prophet-CORE gas] validation: MAE=18.8366, RMSE=22.2199
2026-09-26 14:03:06 | INFO     | energy_stress.prophet | [Prophet-CORE] Forecast saved → outputs_v2/tuning_rolling/2011/forecasts/gas/core/prophet/candidate_12/gas_growth_pct_forecasts_prophet_core.csv
2026-09-26 14:03:06 | INFO     | energy_stress.tuning | Tuning gas/core/Prophet candidate 13/16: {'changepoint_prior_scale': 0.1, 'seasonality_prior_scale': 1.0, 'seasonality_mode': 'additive'}
2026-09-26 14:03:06 | INFO     | energy_stress.prophet | [Prophet-CORE] Fitting on gas (train=56 obs, regressors=False, cps=0.1, sps=1.0, reg_ps=n/a, seasonality=additive)
2026-09-26 14:03:06 | INFO     | energy_stress.prophet | [Prophet-CORE gas] validation: MAE=18.7700, RMSE=21.6001
2026-09-26 14:03:07 | INFO     | energy_stress.prophet | [Prophet-CORE] Forecast saved → outputs_v2/tuning_rolling/2011/forecasts/gas/core/prophet/candidate_13/gas_growth_pct_forecasts_prophet_core.csv
2026-09-26 14:03:07 | INFO     | energy_stress.tuning | Tuning gas/core/Prophet candidate 14/16: {'changepoint_prior_scale': 0.1, 'seasonality_prior_scale': 1.0, 'seasonality_mode': 'multiplicative'}
2026-09-26 14:03:07 | INFO     | energy_stress.prophet | [Prophet-CORE] Fitting on gas (train=56 obs, regressors=False, cps=0.1, sps=1.0, reg_ps=n/a, seasonality=multiplicative)
2026-09-26 14:03:07 | INFO     | energy_stress.prophet | [Prophet-CORE gas] validation: MAE=18.9524, RMSE=22.2539
2026-09-26 14:03:07 | INFO     | energy_stress.prophet | [Prophet-CORE] Forecast saved → outputs_v2/tuning_rolling/2011/forecasts/gas/core/prophet/candidate_14/gas_growth_pct_forecasts_prophet_core.csv
2026-09-26 14:03:07 | INFO     | energy_stress.tuning | Tuning gas/core/Prophet candidate 15/16: {'changepoint_prior_scale': 0.1, 'seasonality_prior_scale': 10.0, 'seasonality_mode': 'additive'}
2026-09-26 14:03:07 | INFO     | energy_stress.prophet | [Prophet-CORE] Fitting on gas (train=56 obs, regressors=False, cps=0.1, sps=10.0, reg_ps=n/a, seasonality=additive)
2026-09-26 14:03:07 | INFO     | energy_stress.prophet | [Prophet-CORE gas] validation: MAE=19.5650, RMSE=22.0738
2026-09-26 14:03:07 | INFO     | energy_stress.prophet | [Prophet-CORE] Forecast saved → outputs_v2/tuning_rolling/2011/forecasts/gas/core/prophet/candidate_15/gas_growth_pct_forecasts_prophet_core.csv
2026-09-26 14:03:07 | INFO     | energy_stress.tuning | Tuning gas/core/Prophet candidate 16/16: {'changepoint_prior_scale': 0.1, 'seasonality_prior_scale': 10.0, 'seasonality_mode': 'multiplicative'}
2026-09-26 14:03:07 | INFO     | energy_stress.prophet | [Prophet-CORE] Fitting on gas (train=56 obs, regressors=False, cps=0.1, sps=10.0, reg_ps=n/a, seasonality=multiplicative)
2026-09-26 14:03:08 | INFO     | energy_stress.prophet | [Prophet-CORE gas] validation: MAE=19.0505, RMSE=22.4148
2026-09-26 14:03:08 | INFO     | energy_stress.prophet | [Prophet-CORE] Forecast saved → outputs_v2/tuning_rolling/2011/forecasts/gas/core/prophet/candidate_16/gas_growth_pct_forecasts_prophet_core.csv
2026-09-26 14:03:08 | INFO     | energy_stress.tuning | Best params for gas/core/Prophet: {'changepoint_prior_scale': 0.1, 'seasonality_prior_scale': 1.0, 'seasonality_mode': 'additive'} (validation score=18.7700)
2026-09-26 14:03:08 | INFO     | energy_stress.tuning | Tuning gas/core/LSTM candidate 1/3: {'lookback': 6, 'dropout': 0.1, 'learning_rate': 0.001, 'units_1': 64, 'units_2': 32, 'macro_feature_set': 'lstm'}
2026-09-26 14:03:08 | INFO     | energy_stress.lstm | [LSTM-CORE] Training on gas | train=2006-05-01→2010-12-01 (56 obs), test=2011-01-01→2011-12-01 (12 obs), use_macro=False, lookback=6, dropout=0.1, lr=0.001, units=(64,32), macro_feature_set=lstm
2026-09-26 14:03:08 | INFO     | energy_stress.lstm | [LSTM-CORE gas] validation: MAE=16.1270, RMSE=18.4507
2026-09-26 14:03:10 | INFO     | energy_stress.lstm | [LSTM-CORE] Forecast saved → outputs_v2/tuning_rolling/2011/forecasts/gas/core/lstm/candidate_01/gas_growth_pct_forecasts_lstm_core.csv
2026-09-26 14:03:10 | INFO     | energy_stress.tuning | Tuning gas/core/LSTM candidate 2/3: {'lookback': 12, 'dropout': 0.2, 'learning_rate': 0.001, 'units_1': 128, 'units_2': 64, 'macro_feature_set': 'lstm'}
2026-09-26 14:03:10 | INFO     | energy_stress.lstm | [LSTM-CORE] Training on gas | train=2006-05-01→2010-12-01 (56 obs), test=2011-01-01→2011-12-01 (12 obs), use_macro=False, lookback=12, dropout=0.2, lr=0.001, units=(128,64), macro_feature_set=lstm
2026-09-26 14:03:11 | INFO     | energy_stress.lstm | [LSTM-CORE gas] validation: MAE=17.9998, RMSE=20.0726
2026-09-26 14:03:15 | INFO     | energy_stress.lstm | [LSTM-CORE] Forecast saved → outputs_v2/tuning_rolling/2011/forecasts/gas/core/lstm/candidate_02/gas_growth_pct_forecasts_lstm_core.csv
2026-09-26 14:03:15 | INFO     | energy_stress.tuning | Tuning gas/core/LSTM candidate 3/3: {'lookback': 18, 'dropout': 0.25, 'learning_rate': 0.0005, 'units_1': 128, 'units_2': 64, 'macro_feature_set': 'lstm'}
2026-09-26 14:03:15 | INFO     | energy_stress.lstm | [LSTM-CORE] Training on gas | train=2006-05-01→2010-12-01 (56 obs), test=2011-01-01→2011-12-01 (12 obs), use_macro=False, lookback=18, dropout=0.25, lr=0.0005, units=(128,64), macro_feature_set=lstm
2026-09-26 14:03:16 | INFO     | energy_stress.lstm | [LSTM-CORE gas] validation: MAE=15.0702, RMSE=17.4803
2026-09-26 14:03:20 | INFO     | energy_stress.lstm | [LSTM-CORE] Forecast saved → outputs_v2/tuning_rolling/2011/forecasts/gas/core/lstm/candidate_03/gas_growth_pct_forecasts_lstm_core.csv
2026-09-26 14:03:20 | INFO     | energy_stress.tuning | Best params for gas/core/LSTM: {'lookback': 18, 'dropout': 0.25, 'learning_rate': 0.0005, 'units_1': 128, 'units_2': 64, 'macro_feature_set': 'lstm'} (validation score=15.0702)
2026-09-26 14:03:20 | INFO     | energy_stress.tuning | Tuning gas/core/TFT candidate 1/3: {'lookback': 6, 'hidden': 32, 'n_heads': 4, 'learning_rate': 0.001}
2026-09-26 14:03:20 | INFO     | energy_stress.tft | [TFT/pytorch-forecasting] Fitting gas (core)
2026-09-26 14:03:33 | INFO     | energy_stress.tft | [TFT gas] validation: MAE=22.8680, RMSE=24.3189
2026-09-26 14:03:46 | INFO     | energy_stress.tft | [TFT] Forecast saved → outputs_v2/tuning_rolling/2011/forecasts/gas/core/tft/candidate_01/gas_growth_pct_forecasts_tft_core.csv
2026-09-26 14:03:46 | INFO     | energy_stress.tuning | Tuning gas/core/TFT candidate 2/3: {'lookback': 12, 'hidden': 64, 'n_heads': 4, 'learning_rate': 0.0005}
2026-09-26 14:03:46 | INFO     | energy_stress.tft | [TFT/pytorch-forecasting] Fitting gas (core)
2026-09-26 14:04:00 | INFO     | energy_stress.tft | [TFT gas] validation: MAE=8.1895, RMSE=9.0864
2026-09-26 14:04:12 | INFO     | energy_stress.tft | [TFT] Forecast saved → outputs_v2/tuning_rolling/2011/forecasts/gas/core/tft/candidate_02/gas_growth_pct_forecasts_tft_core.csv
2026-09-26 14:04:12 | INFO     | energy_stress.tuning | Tuning gas/core/TFT candidate 3/3: {'lookback': 18, 'hidden': 64, 'n_heads': 4, 'learning_rate': 0.0005}
2026-09-26 14:04:12 | INFO     | energy_stress.tft | [TFT/pytorch-forecasting] Fitting gas (core)
2026-09-26 14:04:26 | INFO     | energy_stress.tft | [TFT gas] validation: MAE=21.7153, RMSE=23.5443
2026-09-26 14:04:39 | INFO     | energy_stress.tft | [TFT] Forecast saved → outputs_v2/tuning_rolling/2011/forecasts/gas/core/tft/candidate_03/gas_growth_pct_forecasts_tft_core.csv
2026-09-26 14:04:39 | INFO     | energy_stress.tuning | Best params for gas/core/TFT: {'lookback': 12, 'hidden': 64, 'n_heads': 4, 'learning_rate': 0.0005} (validation score=8.1895)
2026-09-26 14:04:39 | INFO     | energy_stress.tuning | Tuning electricity/core/SARIMA candidate 1/1: {}
2026-09-26 14:04:39 | INFO     | energy_stress.sarima | [SARIMA-CORE] Fitting on electricity (train=56 obs)
2026-09-26 14:04:47 | INFO     | energy_stress.sarima | SARIMA best order: (2, 0, 1) × (2, 1, 0, 12)
2026-09-26 14:04:47 | INFO     | energy_stress.sarima | [SARIMA-CORE electricity] validation: MAE=32.3873, RMSE=35.0843, MAPE=522.82%
2026-09-26 14:04:47 | INFO     | energy_stress.sarima | [SARIMA-CORE] Forecast saved → outputs_v2/tuning_rolling/2011/forecasts/electricity/core/sarima/candidate_01/electricity_growth_pct_forecasts_sarima_core.csv
2026-09-26 14:04:47 | INFO     | energy_stress.tuning | Tuning electricity/core/Prophet candidate 1/8: {'changepoint_prior_scale': 0.001, 'seasonality_prior_scale': 1.0, 'seasonality_mode': 'additive'}
2026-09-26 14:04:47 | INFO     | energy_stress.prophet | [Prophet-CORE] Fitting on electricity (train=56 obs, regressors=False, cps=0.001, sps=1.0, reg_ps=n/a, seasonality=additive)
2026-09-26 14:04:47 | INFO     | energy_stress.prophet | [Prophet-CORE electricity] validation: MAE=15.2604, RMSE=16.4472
2026-09-26 14:04:48 | INFO     | energy_stress.prophet | [Prophet-CORE] Forecast saved → outputs_v2/tuning_rolling/2011/forecasts/electricity/core/prophet/candidate_01/electricity_growth_pct_forecasts_prophet_core.csv
2026-09-26 14:04:48 | INFO     | energy_stress.tuning | Tuning electricity/core/Prophet candidate 2/8: {'changepoint_prior_scale': 0.001, 'seasonality_prior_scale': 10.0, 'seasonality_mode': 'additive'}
2026-09-26 14:04:48 | INFO     | energy_stress.prophet | [Prophet-CORE] Fitting on electricity (train=56 obs, regressors=False, cps=0.001, sps=10.0, reg_ps=n/a, seasonality=additive)
2026-09-26 14:04:48 | INFO     | energy_stress.prophet | [Prophet-CORE electricity] validation: MAE=14.6353, RMSE=15.9416
2026-09-26 14:04:48 | INFO     | energy_stress.prophet | [Prophet-CORE] Forecast saved → outputs_v2/tuning_rolling/2011/forecasts/electricity/core/prophet/candidate_02/electricity_growth_pct_forecasts_prophet_core.csv
2026-09-26 14:04:48 | INFO     | energy_stress.tuning | Tuning electricity/core/Prophet candidate 3/8: {'changepoint_prior_scale': 0.01, 'seasonality_prior_scale': 1.0, 'seasonality_mode': 'additive'}
2026-09-26 14:04:48 | INFO     | energy_stress.prophet | [Prophet-CORE] Fitting on electricity (train=56 obs, regressors=False, cps=0.01, sps=1.0, reg_ps=n/a, seasonality=additive)
2026-09-26 14:04:48 | INFO     | energy_stress.prophet | [Prophet-CORE electricity] validation: MAE=14.3243, RMSE=15.5859
2026-09-26 14:04:48 | INFO     | energy_stress.prophet | [Prophet-CORE] Forecast saved → outputs_v2/tuning_rolling/2011/forecasts/electricity/core/prophet/candidate_03/electricity_growth_pct_forecasts_prophet_core.csv
2026-09-26 14:04:48 | INFO     | energy_stress.tuning | Tuning electricity/core/Prophet candidate 4/8: {'changepoint_prior_scale': 0.01, 'seasonality_prior_scale': 10.0, 'seasonality_mode': 'additive'}
2026-09-26 14:04:48 | INFO     | energy_stress.prophet | [Prophet-CORE] Fitting on electricity (train=56 obs, regressors=False, cps=0.01, sps=10.0, reg_ps=n/a, seasonality=additive)
2026-09-26 14:04:48 | INFO     | energy_stress.prophet | [Prophet-CORE electricity] validation: MAE=14.3835, RMSE=15.7062
2026-09-26 14:04:49 | INFO     | energy_stress.prophet | [Prophet-CORE] Forecast saved → outputs_v2/tuning_rolling/2011/forecasts/electricity/core/prophet/candidate_04/electricity_growth_pct_forecasts_prophet_core.csv
2026-09-26 14:04:49 | INFO     | energy_stress.tuning | Tuning electricity/core/Prophet candidate 5/8: {'changepoint_prior_scale': 0.05, 'seasonality_prior_scale': 1.0, 'seasonality_mode': 'additive'}
2026-09-26 14:04:49 | INFO     | energy_stress.prophet | [Prophet-CORE] Fitting on electricity (train=56 obs, regressors=False, cps=0.05, sps=1.0, reg_ps=n/a, seasonality=additive)
2026-09-26 14:04:49 | INFO     | energy_stress.prophet | [Prophet-CORE electricity] validation: MAE=14.2711, RMSE=15.5362
2026-09-26 14:04:49 | INFO     | energy_stress.prophet | [Prophet-CORE] Forecast saved → outputs_v2/tuning_rolling/2011/forecasts/electricity/core/prophet/candidate_05/electricity_growth_pct_forecasts_prophet_core.csv
2026-09-26 14:04:49 | INFO     | energy_stress.tuning | Tuning electricity/core/Prophet candidate 6/8: {'changepoint_prior_scale': 0.05, 'seasonality_prior_scale': 10.0, 'seasonality_mode': 'additive'}
2026-09-26 14:04:49 | INFO     | energy_stress.prophet | [Prophet-CORE] Fitting on electricity (train=56 obs, regressors=False, cps=0.05, sps=10.0, reg_ps=n/a, seasonality=additive)
2026-09-26 14:04:49 | INFO     | energy_stress.prophet | [Prophet-CORE electricity] validation: MAE=14.3426, RMSE=15.6657
2026-09-26 14:04:49 | INFO     | energy_stress.prophet | [Prophet-CORE] Forecast saved → outputs_v2/tuning_rolling/2011/forecasts/electricity/core/prophet/candidate_06/electricity_growth_pct_forecasts_prophet_core.csv
2026-09-26 14:04:49 | INFO     | energy_stress.tuning | Tuning electricity/core/Prophet candidate 7/8: {'changepoint_prior_scale': 0.1, 'seasonality_prior_scale': 1.0, 'seasonality_mode': 'additive'}
2026-09-26 14:04:49 | INFO     | energy_stress.prophet | [Prophet-CORE] Fitting on electricity (train=56 obs, regressors=False, cps=0.1, sps=1.0, reg_ps=n/a, seasonality=additive)
2026-09-26 14:04:49 | INFO     | energy_stress.prophet | [Prophet-CORE electricity] validation: MAE=14.3719, RMSE=15.6304
2026-09-26 14:04:50 | INFO     | energy_stress.prophet | [Prophet-CORE] Forecast saved → outputs_v2/tuning_rolling/2011/forecasts/electricity/core/prophet/candidate_07/electricity_growth_pct_forecasts_prophet_core.csv
2026-09-26 14:04:50 | INFO     | energy_stress.tuning | Tuning electricity/core/Prophet candidate 8/8: {'changepoint_prior_scale': 0.1, 'seasonality_prior_scale': 10.0, 'seasonality_mode': 'additive'}
2026-09-26 14:04:50 | INFO     | energy_stress.prophet | [Prophet-CORE] Fitting on electricity (train=56 obs, regressors=False, cps=0.1, sps=10.0, reg_ps=n/a, seasonality=additive)
2026-09-26 14:04:50 | INFO     | energy_stress.prophet | [Prophet-CORE electricity] validation: MAE=14.4538, RMSE=15.7713
2026-09-26 14:04:50 | INFO     | energy_stress.prophet | [Prophet-CORE] Forecast saved → outputs_v2/tuning_rolling/2011/forecasts/electricity/core/prophet/candidate_08/electricity_growth_pct_forecasts_prophet_core.csv
2026-09-26 14:04:50 | INFO     | energy_stress.tuning | Best params for electricity/core/Prophet: {'changepoint_prior_scale': 0.05, 'seasonality_prior_scale': 1.0, 'seasonality_mode': 'additive'} (validation score=14.2711)
2026-09-26 14:04:50 | INFO     | energy_stress.tuning | Tuning electricity/core/LSTM candidate 1/3: {'lookback': 6, 'dropout': 0.1, 'learning_rate': 0.001, 'units_1': 64, 'units_2': 32, 'macro_feature_set': 'lstm'}
2026-09-26 14:04:50 | INFO     | energy_stress.lstm | [LSTM-CORE] Training on electricity | train=2006-05-01→2010-12-01 (56 obs), test=2011-01-01→2011-12-01 (12 obs), use_macro=False, lookback=6, dropout=0.1, lr=0.001, units=(64,32), macro_feature_set=lstm
2026-09-26 14:04:51 | INFO     | energy_stress.lstm | [LSTM-CORE electricity] validation: MAE=7.3969, RMSE=8.9557
2026-09-26 14:04:53 | INFO     | energy_stress.lstm | [LSTM-CORE] Forecast saved → outputs_v2/tuning_rolling/2011/forecasts/electricity/core/lstm/candidate_01/electricity_growth_pct_forecasts_lstm_core.csv
2026-09-26 14:04:53 | INFO     | energy_stress.tuning | Tuning electricity/core/LSTM candidate 2/3: {'lookback': 12, 'dropout': 0.2, 'learning_rate': 0.001, 'units_1': 128, 'units_2': 64, 'macro_feature_set': 'lstm'}
2026-09-26 14:04:53 | INFO     | energy_stress.lstm | [LSTM-CORE] Training on electricity | train=2006-05-01→2010-12-01 (56 obs), test=2011-01-01→2011-12-01 (12 obs), use_macro=False, lookback=12, dropout=0.2, lr=0.001, units=(128,64), macro_feature_set=lstm
2026-09-26 14:04:55 | INFO     | energy_stress.lstm | [LSTM-CORE electricity] validation: MAE=7.9045, RMSE=9.3497
2026-09-26 14:04:59 | INFO     | energy_stress.lstm | [LSTM-CORE] Forecast saved → outputs_v2/tuning_rolling/2011/forecasts/electricity/core/lstm/candidate_02/electricity_growth_pct_forecasts_lstm_core.csv
2026-09-26 14:04:59 | INFO     | energy_stress.tuning | Tuning electricity/core/LSTM candidate 3/3: {'lookback': 18, 'dropout': 0.25, 'learning_rate': 0.0005, 'units_1': 128, 'units_2': 64, 'macro_feature_set': 'lstm'}
2026-09-26 14:04:59 | INFO     | energy_stress.lstm | [LSTM-CORE] Training on electricity | train=2006-05-01→2010-12-01 (56 obs), test=2011-01-01→2011-12-01 (12 obs), use_macro=False, lookback=18, dropout=0.25, lr=0.0005, units=(128,64), macro_feature_set=lstm
2026-09-26 14:05:00 | INFO     | energy_stress.lstm | [LSTM-CORE electricity] validation: MAE=7.9331, RMSE=9.3932
2026-09-26 14:05:04 | INFO     | energy_stress.lstm | [LSTM-CORE] Forecast saved → outputs_v2/tuning_rolling/2011/forecasts/electricity/core/lstm/candidate_03/electricity_growth_pct_forecasts_lstm_core.csv
2026-09-26 14:05:04 | INFO     | energy_stress.tuning | Best params for electricity/core/LSTM: {'lookback': 6, 'dropout': 0.1, 'learning_rate': 0.001, 'units_1': 64, 'units_2': 32, 'macro_feature_set': 'lstm'} (validation score=7.3969)
2026-09-26 14:05:04 | INFO     | energy_stress.tuning | Tuning electricity/core/TFT candidate 1/3: {'lookback': 6, 'hidden': 32, 'n_heads': 4, 'learning_rate': 0.001}
2026-09-26 14:05:04 | INFO     | energy_stress.tft | [TFT/pytorch-forecasting] Fitting electricity (core)
2026-09-26 14:05:17 | INFO     | energy_stress.tft | [TFT electricity] validation: MAE=10.6122, RMSE=11.7900
2026-09-26 14:05:34 | INFO     | energy_stress.tft | [TFT] Forecast saved → outputs_v2/tuning_rolling/2011/forecasts/electricity/core/tft/candidate_01/electricity_growth_pct_forecasts_tft_core.csv
2026-09-26 14:05:34 | INFO     | energy_stress.tuning | Tuning electricity/core/TFT candidate 2/3: {'lookback': 12, 'hidden': 64, 'n_heads': 4, 'learning_rate': 0.0005}
2026-09-26 14:05:34 | INFO     | energy_stress.tft | [TFT/pytorch-forecasting] Fitting electricity (core)
2026-09-26 14:05:50 | INFO     | energy_stress.tft | [TFT electricity] validation: MAE=8.2211, RMSE=9.3083
2026-09-26 14:06:06 | INFO     | energy_stress.tft | [TFT] Forecast saved → outputs_v2/tuning_rolling/2011/forecasts/electricity/core/tft/candidate_02/electricity_growth_pct_forecasts_tft_core.csv
2026-09-26 14:06:06 | INFO     | energy_stress.tuning | Tuning electricity/core/TFT candidate 3/3: {'lookback': 18, 'hidden': 64, 'n_heads': 4, 'learning_rate': 0.0005}
2026-09-26 14:06:06 | INFO     | energy_stress.tft | [TFT/pytorch-forecasting] Fitting electricity (core)
2026-09-26 14:06:21 | INFO     | energy_stress.tft | [TFT electricity] validation: MAE=8.7657, RMSE=9.8693
2026-09-26 14:06:37 | INFO     | energy_stress.tft | [TFT] Forecast saved → outputs_v2/tuning_rolling/2011/forecasts/electricity/core/tft/candidate_03/electricity_growth_pct_forecasts_tft_core.csv
2026-09-26 14:06:37 | INFO     | energy_stress.tuning | Best params for electricity/core/TFT: {'lookback': 12, 'hidden': 64, 'n_heads': 4, 'learning_rate': 0.0005} (validation score=8.2211)
2026-09-26 14:06:37 | INFO     | energy_stress.tuning | Tuning carbon/core/SARIMA candidate 1/1: {}
2026-09-26 14:06:37 | INFO     | energy_stress.sarima | [SARIMA-CORE] Fitting on carbon (train=56 obs)
2026-09-26 14:06:43 | INFO     | energy_stress.sarima | SARIMA best order: (1, 0, 0) × (2, 1, 0, 12)
2026-09-26 14:06:43 | INFO     | energy_stress.sarima | [SARIMA-CORE carbon] validation: MAE=47.2531, RMSE=54.9433, MAPE=231.45%
2026-09-26 14:06:44 | INFO     | energy_stress.sarima | [SARIMA-CORE] Forecast saved → outputs_v2/tuning_rolling/2011/forecasts/carbon/core/sarima/candidate_01/carbon_growth_pct_forecasts_sarima_core.csv
2026-09-26 14:06:44 | INFO     | energy_stress.tuning | Tuning carbon/core/Prophet candidate 1/8: {'changepoint_prior_scale': 0.001, 'seasonality_prior_scale': 1.0, 'seasonality_mode': 'additive'}
2026-09-26 14:06:44 | INFO     | energy_stress.prophet | [Prophet-CORE] Fitting on carbon (train=56 obs, regressors=False, cps=0.001, sps=1.0, reg_ps=n/a, seasonality=additive)
2026-09-26 14:06:45 | INFO     | energy_stress.prophet | [Prophet-CORE carbon] validation: MAE=85.0358, RMSE=92.0162
2026-09-26 14:06:48 | INFO     | energy_stress.prophet | [Prophet-CORE] Forecast saved → outputs_v2/tuning_rolling/2011/forecasts/carbon/core/prophet/candidate_01/carbon_growth_pct_forecasts_prophet_core.csv
2026-09-26 14:06:48 | INFO     | energy_stress.tuning | Tuning carbon/core/Prophet candidate 2/8: {'changepoint_prior_scale': 0.001, 'seasonality_prior_scale': 10.0, 'seasonality_mode': 'additive'}
2026-09-26 14:06:48 | INFO     | energy_stress.prophet | [Prophet-CORE] Fitting on carbon (train=56 obs, regressors=False, cps=0.001, sps=10.0, reg_ps=n/a, seasonality=additive)
2026-09-26 14:06:49 | INFO     | energy_stress.prophet | [Prophet-CORE carbon] validation: MAE=107.5485, RMSE=125.1614
2026-09-26 14:06:49 | INFO     | energy_stress.prophet | [Prophet-CORE] Forecast saved → outputs_v2/tuning_rolling/2011/forecasts/carbon/core/prophet/candidate_02/carbon_growth_pct_forecasts_prophet_core.csv
2026-09-26 14:06:49 | INFO     | energy_stress.tuning | Tuning carbon/core/Prophet candidate 3/8: {'changepoint_prior_scale': 0.01, 'seasonality_prior_scale': 1.0, 'seasonality_mode': 'additive'}
2026-09-26 14:06:49 | INFO     | energy_stress.prophet | [Prophet-CORE] Fitting on carbon (train=56 obs, regressors=False, cps=0.01, sps=1.0, reg_ps=n/a, seasonality=additive)
2026-09-26 14:06:49 | INFO     | energy_stress.prophet | [Prophet-CORE carbon] validation: MAE=77.5533, RMSE=85.2592
2026-09-26 14:06:49 | INFO     | energy_stress.prophet | [Prophet-CORE] Forecast saved → outputs_v2/tuning_rolling/2011/forecasts/carbon/core/prophet/candidate_03/carbon_growth_pct_forecasts_prophet_core.csv
2026-09-26 14:06:49 | INFO     | energy_stress.tuning | Tuning carbon/core/Prophet candidate 4/8: {'changepoint_prior_scale': 0.01, 'seasonality_prior_scale': 10.0, 'seasonality_mode': 'additive'}
2026-09-26 14:06:49 | INFO     | energy_stress.prophet | [Prophet-CORE] Fitting on carbon (train=56 obs, regressors=False, cps=0.01, sps=10.0, reg_ps=n/a, seasonality=additive)
2026-09-26 14:06:49 | INFO     | energy_stress.prophet | [Prophet-CORE carbon] validation: MAE=89.7546, RMSE=104.1232
2026-09-26 14:06:50 | INFO     | energy_stress.prophet | [Prophet-CORE] Forecast saved → outputs_v2/tuning_rolling/2011/forecasts/carbon/core/prophet/candidate_04/carbon_growth_pct_forecasts_prophet_core.csv
2026-09-26 14:06:50 | INFO     | energy_stress.tuning | Tuning carbon/core/Prophet candidate 5/8: {'changepoint_prior_scale': 0.05, 'seasonality_prior_scale': 1.0, 'seasonality_mode': 'additive'}
2026-09-26 14:06:50 | INFO     | energy_stress.prophet | [Prophet-CORE] Fitting on carbon (train=56 obs, regressors=False, cps=0.05, sps=1.0, reg_ps=n/a, seasonality=additive)
2026-09-26 14:06:50 | INFO     | energy_stress.prophet | [Prophet-CORE carbon] validation: MAE=75.9697, RMSE=83.8650
2026-09-26 14:06:50 | INFO     | energy_stress.prophet | [Prophet-CORE] Forecast saved → outputs_v2/tuning_rolling/2011/forecasts/carbon/core/prophet/candidate_05/carbon_growth_pct_forecasts_prophet_core.csv
2026-09-26 14:06:50 | INFO     | energy_stress.tuning | Tuning carbon/core/Prophet candidate 6/8: {'changepoint_prior_scale': 0.05, 'seasonality_prior_scale': 10.0, 'seasonality_mode': 'additive'}
2026-09-26 14:06:50 | INFO     | energy_stress.prophet | [Prophet-CORE] Fitting on carbon (train=56 obs, regressors=False, cps=0.05, sps=10.0, reg_ps=n/a, seasonality=additive)
2026-09-26 14:06:50 | INFO     | energy_stress.prophet | [Prophet-CORE carbon] validation: MAE=89.7176, RMSE=104.0787
2026-09-26 14:06:50 | INFO     | energy_stress.prophet | [Prophet-CORE] Forecast saved → outputs_v2/tuning_rolling/2011/forecasts/carbon/core/prophet/candidate_06/carbon_growth_pct_forecasts_prophet_core.csv
2026-09-26 14:06:50 | INFO     | energy_stress.tuning | Tuning carbon/core/Prophet candidate 7/8: {'changepoint_prior_scale': 0.1, 'seasonality_prior_scale': 1.0, 'seasonality_mode': 'additive'}
2026-09-26 14:06:50 | INFO     | energy_stress.prophet | [Prophet-CORE] Fitting on carbon (train=56 obs, regressors=False, cps=0.1, sps=1.0, reg_ps=n/a, seasonality=additive)
2026-09-26 14:06:50 | INFO     | energy_stress.prophet | [Prophet-CORE carbon] validation: MAE=75.9821, RMSE=83.8767
2026-09-26 14:06:51 | INFO     | energy_stress.prophet | [Prophet-CORE] Forecast saved → outputs_v2/tuning_rolling/2011/forecasts/carbon/core/prophet/candidate_07/carbon_growth_pct_forecasts_prophet_core.csv
2026-09-26 14:06:51 | INFO     | energy_stress.tuning | Tuning carbon/core/Prophet candidate 8/8: {'changepoint_prior_scale': 0.1, 'seasonality_prior_scale': 10.0, 'seasonality_mode': 'additive'}
2026-09-26 14:06:51 | INFO     | energy_stress.prophet | [Prophet-CORE] Fitting on carbon (train=56 obs, regressors=False, cps=0.1, sps=10.0, reg_ps=n/a, seasonality=additive)
2026-09-26 14:06:51 | INFO     | energy_stress.prophet | [Prophet-CORE carbon] validation: MAE=89.7014, RMSE=104.0592
2026-09-26 14:06:51 | INFO     | energy_stress.prophet | [Prophet-CORE] Forecast saved → outputs_v2/tuning_rolling/2011/forecasts/carbon/core/prophet/candidate_08/carbon_growth_pct_forecasts_prophet_core.csv
2026-09-26 14:06:51 | INFO     | energy_stress.tuning | Best params for carbon/core/Prophet: {'changepoint_prior_scale': 0.05, 'seasonality_prior_scale': 1.0, 'seasonality_mode': 'additive'} (validation score=75.9697)
2026-09-26 14:06:51 | INFO     | energy_stress.tuning | Tuning carbon/core/LSTM candidate 1/3: {'lookback': 6, 'dropout': 0.1, 'learning_rate': 0.001, 'units_1': 64, 'units_2': 32, 'macro_feature_set': 'lstm'}
2026-09-26 14:06:51 | INFO     | energy_stress.lstm | [LSTM-CORE] Training on carbon | train=2006-05-01→2010-12-01 (56 obs), test=2011-01-01→2011-12-01 (12 obs), use_macro=False, lookback=6, dropout=0.1, lr=0.001, units=(64,32), macro_feature_set=lstm
2026-09-26 14:06:52 | INFO     | energy_stress.lstm | [LSTM-CORE carbon] validation: MAE=24.8504, RMSE=29.9583
2026-09-26 14:06:54 | INFO     | energy_stress.lstm | [LSTM-CORE] Forecast saved → outputs_v2/tuning_rolling/2011/forecasts/carbon/core/lstm/candidate_01/carbon_growth_pct_forecasts_lstm_core.csv
2026-09-26 14:06:54 | INFO     | energy_stress.tuning | Tuning carbon/core/LSTM candidate 2/3: {'lookback': 12, 'dropout': 0.2, 'learning_rate': 0.001, 'units_1': 128, 'units_2': 64, 'macro_feature_set': 'lstm'}
2026-09-26 14:06:54 | INFO     | energy_stress.lstm | [LSTM-CORE] Training on carbon | train=2006-05-01→2010-12-01 (56 obs), test=2011-01-01→2011-12-01 (12 obs), use_macro=False, lookback=12, dropout=0.2, lr=0.001, units=(128,64), macro_feature_set=lstm
2026-09-26 14:06:55 | INFO     | energy_stress.lstm | [LSTM-CORE carbon] validation: MAE=29.1274, RMSE=37.6092
2026-09-26 14:06:59 | INFO     | energy_stress.lstm | [LSTM-CORE] Forecast saved → outputs_v2/tuning_rolling/2011/forecasts/carbon/core/lstm/candidate_02/carbon_growth_pct_forecasts_lstm_core.csv
2026-09-26 14:06:59 | INFO     | energy_stress.tuning | Tuning carbon/core/LSTM candidate 3/3: {'lookback': 18, 'dropout': 0.25, 'learning_rate': 0.0005, 'units_1': 128, 'units_2': 64, 'macro_feature_set': 'lstm'}
2026-09-26 14:06:59 | INFO     | energy_stress.lstm | [LSTM-CORE] Training on carbon | train=2006-05-01→2010-12-01 (56 obs), test=2011-01-01→2011-12-01 (12 obs), use_macro=False, lookback=18, dropout=0.25, lr=0.0005, units=(128,64), macro_feature_set=lstm
2026-09-26 14:07:01 | INFO     | energy_stress.lstm | [LSTM-CORE carbon] validation: MAE=28.7383, RMSE=37.3048
2026-09-26 14:07:04 | INFO     | energy_stress.lstm | [LSTM-CORE] Forecast saved → outputs_v2/tuning_rolling/2011/forecasts/carbon/core/lstm/candidate_03/carbon_growth_pct_forecasts_lstm_core.csv
2026-09-26 14:07:04 | INFO     | energy_stress.tuning | Best params for carbon/core/LSTM: {'lookback': 6, 'dropout': 0.1, 'learning_rate': 0.001, 'units_1': 64, 'units_2': 32, 'macro_feature_set': 'lstm'} (validation score=24.8504)
2026-09-26 14:07:04 | INFO     | energy_stress.tuning | Tuning carbon/core/TFT candidate 1/3: {'lookback': 6, 'hidden': 32, 'n_heads': 4, 'learning_rate': 0.001}
2026-09-26 14:07:04 | INFO     | energy_stress.tft | [TFT/pytorch-forecasting] Fitting carbon (core)
2026-09-26 14:07:21 | INFO     | energy_stress.tft | [TFT carbon] validation: MAE=27.8522, RMSE=32.8714
2026-09-26 14:07:37 | INFO     | energy_stress.tft | [TFT] Forecast saved → outputs_v2/tuning_rolling/2011/forecasts/carbon/core/tft/candidate_01/carbon_growth_pct_forecasts_tft_core.csv
2026-09-26 14:07:37 | INFO     | energy_stress.tuning | Tuning carbon/core/TFT candidate 2/3: {'lookback': 12, 'hidden': 64, 'n_heads': 4, 'learning_rate': 0.0005}
2026-09-26 14:07:37 | INFO     | energy_stress.tft | [TFT/pytorch-forecasting] Fitting carbon (core)
2026-09-26 14:07:53 | INFO     | energy_stress.tft | [TFT carbon] validation: MAE=52.9964, RMSE=66.7322
2026-09-26 14:08:10 | INFO     | energy_stress.tft | [TFT] Forecast saved → outputs_v2/tuning_rolling/2011/forecasts/carbon/core/tft/candidate_02/carbon_growth_pct_forecasts_tft_core.csv
2026-09-26 14:08:10 | INFO     | energy_stress.tuning | Tuning carbon/core/TFT candidate 3/3: {'lookback': 18, 'hidden': 64, 'n_heads': 4, 'learning_rate': 0.0005}
2026-09-26 14:08:10 | INFO     | energy_stress.tft | [TFT/pytorch-forecasting] Fitting carbon (core)
2026-09-26 14:08:25 | INFO     | energy_stress.tft | [TFT carbon] validation: MAE=29.3957, RMSE=33.6908
2026-09-26 14:08:42 | INFO     | energy_stress.tft | [TFT] Forecast saved → outputs_v2/tuning_rolling/2011/forecasts/carbon/core/tft/candidate_03/carbon_growth_pct_forecasts_tft_core.csv
2026-09-26 14:08:42 | INFO     | energy_stress.tuning | Best params for carbon/core/TFT: {'lookback': 6, 'hidden': 32, 'n_heads': 4, 'learning_rate': 0.001} (validation score=27.8522)
2026-09-26 14:08:42 | INFO     | energy_stress.tuning | Tuning results saved → outputs_v2/tuning_rolling/2011/model_tuning_results.csv
2026-09-26 14:08:42 | INFO     | energy_stress.forecast_pipeline | 
──────────────────────────────────────────────────
Series: GAS
──────────────────────────────────────────────────
2026-09-26 14:08:42 | INFO     | energy_stress.forecast_pipeline | [gas] train=56, test=12, full=68 (through 2011-12-01), actual_target=12 non-null (2012-01-01..2012-12-01)
2026-09-26 14:08:42 | INFO     | energy_stress.sarima | [SARIMA-CORE] Fitting on gas (train=56 obs)
2026-09-26 14:08:50 | INFO     | energy_stress.sarima | SARIMA best order: (3, 0, 1) × (2, 1, 0, 12)
2026-09-26 14:08:50 | INFO     | energy_stress.sarima | [SARIMA-CORE gas] validation: MAE=42.4789, RMSE=46.9506, MAPE=545.47%
2026-09-26 14:08:50 | INFO     | energy_stress.sarima | [SARIMA-CORE] Forecast saved → outputs_v2/forecasts_rolling/2011/gas_growth_pct_forecasts_sarima_core.csv
2026-09-26 14:08:50 | INFO     | energy_stress.prophet | [Prophet-CORE] Fitting on gas (train=56 obs, regressors=False, cps=0.1, sps=1.0, reg_ps=n/a, seasonality=additive)
2026-09-26 14:08:50 | INFO     | energy_stress.prophet | [Prophet-CORE gas] validation: MAE=18.7700, RMSE=21.6001
2026-09-26 14:08:51 | INFO     | energy_stress.prophet | [Prophet-CORE] Forecast saved → outputs_v2/forecasts_rolling/2011/gas_growth_pct_forecasts_prophet_core.csv
2026-09-26 14:08:51 | INFO     | energy_stress.lstm | [LSTM-CORE] Training on gas | train=2006-05-01→2010-12-01 (56 obs), test=2011-01-01→2011-12-01 (12 obs), use_macro=False, lookback=18, dropout=0.25, lr=0.0005, units=(128,64), macro_feature_set=lstm
2026-09-26 14:08:52 | INFO     | energy_stress.lstm | [LSTM-CORE gas] validation: MAE=15.0681, RMSE=17.4826
2026-09-26 14:09:01 | INFO     | energy_stress.lstm | [LSTM-CORE] Forecast saved → outputs_v2/forecasts_rolling/2011/gas_growth_pct_forecasts_lstm_core.csv
2026-09-26 14:09:01 | INFO     | energy_stress.lstm | [LSTM-CORE] Model saved → outputs_v2/models
2026-09-26 14:09:01 | INFO     | energy_stress.tft | [TFT/pytorch-forecasting] Fitting gas (core)
2026-09-26 14:09:24 | INFO     | energy_stress.tft | [TFT gas] validation: MAE=25.7375, RMSE=30.0284
2026-09-26 14:09:48 | INFO     | energy_stress.tft | [TFT] Forecast saved → outputs_v2/forecasts_rolling/2011/gas_growth_pct_forecasts_tft_core.csv
2026-09-26 14:09:48 | INFO     | energy_stress.forecast_pipeline | 
──────────────────────────────────────────────────
Series: ELECTRICITY
──────────────────────────────────────────────────
2026-09-26 14:09:48 | INFO     | energy_stress.forecast_pipeline | [electricity] train=56, test=12, full=68 (through 2011-12-01), actual_target=12 non-null (2012-01-01..2012-12-01)
2026-09-26 14:09:48 | INFO     | energy_stress.sarima | [SARIMA-CORE] Fitting on electricity (train=56 obs)
2026-09-26 14:09:56 | INFO     | energy_stress.sarima | SARIMA best order: (2, 0, 1) × (2, 1, 0, 12)
2026-09-26 14:09:56 | INFO     | energy_stress.sarima | [SARIMA-CORE electricity] validation: MAE=32.3873, RMSE=35.0843, MAPE=522.82%
2026-09-26 14:09:56 | INFO     | energy_stress.sarima | [SARIMA-CORE] Forecast saved → outputs_v2/forecasts_rolling/2011/electricity_growth_pct_forecasts_sarima_core.csv
2026-09-26 14:09:56 | INFO     | energy_stress.prophet | [Prophet-CORE] Fitting on electricity (train=56 obs, regressors=False, cps=0.05, sps=1.0, reg_ps=n/a, seasonality=additive)
2026-09-26 14:09:57 | INFO     | energy_stress.prophet | [Prophet-CORE electricity] validation: MAE=14.2711, RMSE=15.5362
2026-09-26 14:09:57 | INFO     | energy_stress.prophet | [Prophet-CORE] Forecast saved → outputs_v2/forecasts_rolling/2011/electricity_growth_pct_forecasts_prophet_core.csv
2026-09-26 14:09:57 | INFO     | energy_stress.lstm | [LSTM-CORE] Training on electricity | train=2006-05-01→2010-12-01 (56 obs), test=2011-01-01→2011-12-01 (12 obs), use_macro=False, lookback=6, dropout=0.1, lr=0.001, units=(64,32), macro_feature_set=lstm
2026-09-26 14:09:58 | INFO     | energy_stress.lstm | [LSTM-CORE electricity] validation: MAE=7.3956, RMSE=8.9563
2026-09-26 14:10:01 | INFO     | energy_stress.lstm | [LSTM-CORE] Forecast saved → outputs_v2/forecasts_rolling/2011/electricity_growth_pct_forecasts_lstm_core.csv
2026-09-26 14:10:01 | INFO     | energy_stress.lstm | [LSTM-CORE] Model saved → outputs_v2/models
2026-09-26 14:10:01 | INFO     | energy_stress.tft | [TFT/pytorch-forecasting] Fitting electricity (core)
2026-09-26 14:10:26 | INFO     | energy_stress.tft | [TFT electricity] validation: MAE=12.7273, RMSE=15.0927
2026-09-26 14:10:50 | INFO     | energy_stress.tft | [TFT] Forecast saved → outputs_v2/forecasts_rolling/2011/electricity_growth_pct_forecasts_tft_core.csv
2026-09-26 14:10:50 | INFO     | energy_stress.forecast_pipeline | 
──────────────────────────────────────────────────
Series: CARBON
──────────────────────────────────────────────────
2026-09-26 14:10:50 | INFO     | energy_stress.forecast_pipeline | [carbon] train=56, test=12, full=68 (through 2011-12-01), actual_target=12 non-null (2012-01-01..2012-12-01)
2026-09-26 14:10:50 | INFO     | energy_stress.sarima | [SARIMA-CORE] Fitting on carbon (train=56 obs)
2026-09-26 14:10:56 | INFO     | energy_stress.sarima | SARIMA best order: (1, 0, 0) × (2, 1, 0, 12)
2026-09-26 14:10:57 | INFO     | energy_stress.sarima | [SARIMA-CORE carbon] validation: MAE=47.2531, RMSE=54.9433, MAPE=231.45%
2026-09-26 14:10:57 | INFO     | energy_stress.sarima | [SARIMA-CORE] Forecast saved → outputs_v2/forecasts_rolling/2011/carbon_growth_pct_forecasts_sarima_core.csv
2026-09-26 14:10:57 | INFO     | energy_stress.prophet | [Prophet-CORE] Fitting on carbon (train=56 obs, regressors=False, cps=0.05, sps=1.0, reg_ps=n/a, seasonality=additive)
2026-09-26 14:10:57 | INFO     | energy_stress.prophet | [Prophet-CORE carbon] validation: MAE=75.9697, RMSE=83.8650
2026-09-26 14:10:57 | INFO     | energy_stress.prophet | [Prophet-CORE] Forecast saved → outputs_v2/forecasts_rolling/2011/carbon_growth_pct_forecasts_prophet_core.csv
2026-09-26 14:10:57 | INFO     | energy_stress.lstm | [LSTM-CORE] Training on carbon | train=2006-05-01→2010-12-01 (56 obs), test=2011-01-01→2011-12-01 (12 obs), use_macro=False, lookback=6, dropout=0.1, lr=0.001, units=(64,32), macro_feature_set=lstm
2026-09-26 14:10:58 | INFO     | energy_stress.lstm | [LSTM-CORE carbon] validation: MAE=24.8569, RMSE=29.9570
2026-09-26 14:11:03 | INFO     | energy_stress.lstm | [LSTM-CORE] Forecast saved → outputs_v2/forecasts_rolling/2011/carbon_growth_pct_forecasts_lstm_core.csv
2026-09-26 14:11:03 | INFO     | energy_stress.lstm | [LSTM-CORE] Model saved → outputs_v2/models
2026-09-26 14:11:03 | INFO     | energy_stress.tft | [TFT/pytorch-forecasting] Fitting carbon (core)
2026-09-26 14:11:27 | INFO     | energy_stress.tft | [TFT carbon] validation: MAE=23.1184, RMSE=26.2160
2026-09-26 14:11:46 | INFO     | energy_stress.tft | [TFT] Forecast saved → outputs_v2/forecasts_rolling/2011/carbon_growth_pct_forecasts_tft_core.csv
2026-09-26 14:11:46 | DEBUG    | energy_stress.model_evaluation | Loaded outputs_v2/forecasts_rolling/2011/gas_growth_pct_forecasts_sarima_core.csv (12 rows)
2026-09-26 14:11:46 | WARNING  | energy_stress.model_evaluation | Forecast file not found: outputs_v2/forecasts_rolling/2011/gas_growth_pct_forecasts_sarima_macro.csv
2026-09-26 14:11:46 | DEBUG    | energy_stress.model_evaluation | Loaded outputs_v2/forecasts_rolling/2011/gas_growth_pct_forecasts_prophet_core.csv (12 rows)
2026-09-26 14:11:46 | WARNING  | energy_stress.model_evaluation | Forecast file not found: outputs_v2/forecasts_rolling/2011/gas_growth_pct_forecasts_prophet_macro.csv
2026-09-26 14:11:46 | DEBUG    | energy_stress.model_evaluation | Loaded outputs_v2/forecasts_rolling/2011/gas_growth_pct_forecasts_lstm_core.csv (12 rows)
2026-09-26 14:11:46 | WARNING  | energy_stress.model_evaluation | Forecast file not found: outputs_v2/forecasts_rolling/2011/gas_growth_pct_forecasts_lstm_macro.csv
2026-09-26 14:11:46 | DEBUG    | energy_stress.model_evaluation | Loaded outputs_v2/forecasts_rolling/2011/gas_growth_pct_forecasts_tft_core.csv (12 rows)
2026-09-26 14:11:46 | WARNING  | energy_stress.model_evaluation | Forecast file not found: outputs_v2/forecasts_rolling/2011/gas_growth_pct_forecasts_tft_macro.csv
2026-09-26 14:11:46 | INFO     | energy_stress.model_evaluation | Combined forecasts (48 rows) → outputs_v2/forecasts_rolling/2011/gas_growth_pct_forecasts_all.csv
2026-09-26 14:11:46 | INFO     | energy_stress.model_evaluation |   core combined → outputs_v2/forecasts_rolling/2011/gas_growth_pct_forecasts_core.csv
2026-09-26 14:11:46 | DEBUG    | energy_stress.model_evaluation | Loaded outputs_v2/forecasts_rolling/2011/electricity_growth_pct_forecasts_sarima_core.csv (12 rows)
2026-09-26 14:11:46 | WARNING  | energy_stress.model_evaluation | Forecast file not found: outputs_v2/forecasts_rolling/2011/electricity_growth_pct_forecasts_sarima_macro.csv
2026-09-26 14:11:46 | DEBUG    | energy_stress.model_evaluation | Loaded outputs_v2/forecasts_rolling/2011/electricity_growth_pct_forecasts_prophet_core.csv (12 rows)
2026-09-26 14:11:46 | WARNING  | energy_stress.model_evaluation | Forecast file not found: outputs_v2/forecasts_rolling/2011/electricity_growth_pct_forecasts_prophet_macro.csv
2026-09-26 14:11:46 | DEBUG    | energy_stress.model_evaluation | Loaded outputs_v2/forecasts_rolling/2011/electricity_growth_pct_forecasts_lstm_core.csv (12 rows)
2026-09-26 14:11:46 | WARNING  | energy_stress.model_evaluation | Forecast file not found: outputs_v2/forecasts_rolling/2011/electricity_growth_pct_forecasts_lstm_macro.csv
2026-09-26 14:11:46 | DEBUG    | energy_stress.model_evaluation | Loaded outputs_v2/forecasts_rolling/2011/electricity_growth_pct_forecasts_tft_core.csv (12 rows)
2026-09-26 14:11:46 | WARNING  | energy_stress.model_evaluation | Forecast file not found: outputs_v2/forecasts_rolling/2011/electricity_growth_pct_forecasts_tft_macro.csv
2026-09-26 14:11:46 | INFO     | energy_stress.model_evaluation | Combined forecasts (48 rows) → outputs_v2/forecasts_rolling/2011/electricity_growth_pct_forecasts_all.csv
2026-09-26 14:11:46 | INFO     | energy_stress.model_evaluation |   core combined → outputs_v2/forecasts_rolling/2011/electricity_growth_pct_forecasts_core.csv
2026-09-26 14:11:46 | DEBUG    | energy_stress.model_evaluation | Loaded outputs_v2/forecasts_rolling/2011/carbon_growth_pct_forecasts_sarima_core.csv (12 rows)
2026-09-26 14:11:46 | WARNING  | energy_stress.model_evaluation | Forecast file not found: outputs_v2/forecasts_rolling/2011/carbon_growth_pct_forecasts_sarima_macro.csv
2026-09-26 14:11:46 | DEBUG    | energy_stress.model_evaluation | Loaded outputs_v2/forecasts_rolling/2011/carbon_growth_pct_forecasts_prophet_core.csv (12 rows)
2026-09-26 14:11:46 | WARNING  | energy_stress.model_evaluation | Forecast file not found: outputs_v2/forecasts_rolling/2011/carbon_growth_pct_forecasts_prophet_macro.csv
2026-09-26 14:11:46 | DEBUG    | energy_stress.model_evaluation | Loaded outputs_v2/forecasts_rolling/2011/carbon_growth_pct_forecasts_lstm_core.csv (12 rows)
2026-09-26 14:11:46 | WARNING  | energy_stress.model_evaluation | Forecast file not found: outputs_v2/forecasts_rolling/2011/carbon_growth_pct_forecasts_lstm_macro.csv
2026-09-26 14:11:46 | DEBUG    | energy_stress.model_evaluation | Loaded outputs_v2/forecasts_rolling/2011/carbon_growth_pct_forecasts_tft_core.csv (12 rows)
2026-09-26 14:11:46 | WARNING  | energy_stress.model_evaluation | Forecast file not found: outputs_v2/forecasts_rolling/2011/carbon_growth_pct_forecasts_tft_macro.csv
2026-09-26 14:11:46 | INFO     | energy_stress.model_evaluation | Combined forecasts (48 rows) → outputs_v2/forecasts_rolling/2011/carbon_growth_pct_forecasts_all.csv
2026-09-26 14:11:46 | INFO     | energy_stress.model_evaluation |   core combined → outputs_v2/forecasts_rolling/2011/carbon_growth_pct_forecasts_core.csv
2026-09-26 14:11:46 | INFO     | energy_stress.model_evaluation | Evaluating 12 model results across all series and modes
2026-09-26 14:11:46 | INFO     | energy_stress.model_evaluation | Best model [carbon][core]: TFT (selection_score=1.025)
2026-09-26 14:11:46 | INFO     | energy_stress.model_evaluation | Best model [electricity][core]: LSTM (selection_score=1.650)
2026-09-26 14:11:46 | INFO     | energy_stress.model_evaluation | Best model [gas][core]: LSTM (selection_score=1.900)
2026-09-26 14:11:46 | INFO     | energy_stress.model_evaluation | Metrics table saved → outputs_v2/tables/rolling/2011/model_metrics_comparison.csv
2026-09-26 14:11:46 | INFO     | energy_stress.fes | Best models selected:
2026-09-26 14:11:46 | INFO     | energy_stress.fes |   [carbon][core] → TFT
2026-09-26 14:11:46 | INFO     | energy_stress.fes |   [electricity][core] → LSTM
2026-09-26 14:11:46 | INFO     | energy_stress.fes |   [gas][core] → LSTM
2026-09-26 14:11:46 | INFO     | energy_stress.fes | Per-series mode selected for FES_selected (metric per series/mode: {('gas', 'core'): 'RMSE', ('electricity', 'core'): 'RMSE', ('carbon', 'core'): 'RMSE'}): {'gas': 'core', 'electricity': 'core', 'carbon': 'core'}
2026-09-26 14:11:46 | INFO     | energy_stress.fes | FES_Weighted series weights (inverse validation-RMSE, normalized to mean 1.0): {'gas': 0.8289899338281423, 'electricity': 1.6181828303154848, 'carbon': 0.5528272358563725}
2026-09-26 14:11:46 | INFO     | energy_stress.fes | [gas] train μ=13.6559, σ=19.8647 | unc_ref μ=11.3423, σ=7.1409
2026-09-26 14:11:46 | INFO     | energy_stress.fes | [electricity] train μ=9.2330, σ=12.1093 | unc_ref μ=6.8338, σ=3.8759
2026-09-26 14:11:46 | INFO     | energy_stress.fes | [carbon] train μ=-10.5999, σ=270.3214 | unc_ref μ=151.0712, σ=147.4975
2026-09-26 14:11:46 | INFO     | energy_stress.fes | [actual real-vol] train μ=0.5543, σ=0.2586
2026-09-26 14:11:46 | WARNING  | energy_stress.fes | No best model found for (gas, macro)
2026-09-26 14:11:46 | WARNING  | energy_stress.fes | No best model found for (electricity, macro)
2026-09-26 14:11:46 | WARNING  | energy_stress.fes | No best model found for (carbon, macro)
2026-09-26 14:11:46 | INFO     | energy_stress.fes | Monthly FES saved → outputs_v2/fes/rolling/2011/fes_monthly_2012.csv
2026-09-26 14:11:46 | INFO     | energy_stress.fes | [gas] train μ=14.2857, σ=21.4648 | unc_ref μ=12.6399, σ=7.2689
2026-09-26 14:11:46 | INFO     | energy_stress.fes | [electricity] train μ=9.6494, σ=13.1127 | unc_ref μ=7.7289, σ=3.7366
2026-09-26 14:11:46 | INFO     | energy_stress.fes | [carbon] train μ=-9.8544, σ=298.0281 | unc_ref μ=183.2479, σ=146.3470
2026-09-26 14:11:46 | INFO     | energy_stress.fes | [actual real-vol] train μ=0.5668, σ=0.2165
2026-09-26 14:11:46 | INFO     | energy_stress.fes | FES_actual, prior year 2011 (baseline for FES_selected's 2012 forecast): mean=-1.87424 -> outputs_v2/fes/rolling/2011/fes_prior_actual_2011.csv
2026-09-26 14:11:46 | INFO     | energy_stress.fes | FES comparison metrics saved → outputs_v2/fes/rolling/2011/fes_comparison_metrics.csv  (9 rows)
2026-09-26 14:11:46 | INFO     | energy_stress.fes | Best RMSE per variant:
FES_variant
Equal_Core        1.46341
Equal_Selected    1.46341
Equal_Weighted    1.52164
2026-09-26 14:11:46 | INFO     | energy_stress.forecast_pipeline | ========================================
2026-09-26 14:11:46 | INFO     | energy_stress.forecast_pipeline | STAGE 2: Rolling year as_of=2012 (split train<2012, test=2012, refit<=2012, forecast=2013)
2026-09-26 14:11:46 | INFO     | energy_stress.forecast_pipeline | ========================================
2026-09-26 14:11:46 | INFO     | energy_stress.preprocessing | Train: 68 rows (through 2011-12-01) | Test: 12 rows (2012-01-01..2012-12-01)
2026-09-26 14:11:46 | INFO     | energy_stress.forecast_pipeline | ========================================
2026-09-26 14:11:46 | INFO     | energy_stress.forecast_pipeline | STAGE 2: Per-origin tuning, as_of=2012
2026-09-26 14:11:46 | INFO     | energy_stress.forecast_pipeline | ========================================
2026-09-26 14:11:46 | INFO     | energy_stress.tuning | Tuning gas/core/SARIMA candidate 1/1: {}
2026-09-26 14:11:46 | INFO     | energy_stress.sarima | [SARIMA-CORE] Fitting on gas (train=68 obs)
2026-09-26 14:11:51 | INFO     | energy_stress.sarima | SARIMA best order: (2, 0, 0) × (2, 1, 0, 12)
2026-09-26 14:11:52 | INFO     | energy_stress.sarima | [SARIMA-CORE gas] validation: MAE=15.2024, RMSE=15.8892, MAPE=1976.25%
2026-09-26 14:11:52 | INFO     | energy_stress.sarima | [SARIMA-CORE] Forecast saved → outputs_v2/tuning_rolling/2012/forecasts/gas/core/sarima/candidate_01/gas_growth_pct_forecasts_sarima_core.csv
2026-09-26 14:11:52 | INFO     | energy_stress.tuning | Tuning gas/core/Prophet candidate 1/16: {'changepoint_prior_scale': 0.001, 'seasonality_prior_scale': 1.0, 'seasonality_mode': 'additive'}
2026-09-26 14:11:52 | INFO     | energy_stress.prophet | [Prophet-CORE] Fitting on gas (train=68 obs, regressors=False, cps=0.001, sps=1.0, reg_ps=n/a, seasonality=additive)
2026-09-26 14:11:52 | INFO     | energy_stress.prophet | [Prophet-CORE gas] validation: MAE=14.8075, RMSE=16.9908
2026-09-26 14:11:52 | INFO     | energy_stress.prophet | [Prophet-CORE] Forecast saved → outputs_v2/tuning_rolling/2012/forecasts/gas/core/prophet/candidate_01/gas_growth_pct_forecasts_prophet_core.csv
2026-09-26 14:11:52 | INFO     | energy_stress.tuning | Tuning gas/core/Prophet candidate 2/16: {'changepoint_prior_scale': 0.001, 'seasonality_prior_scale': 1.0, 'seasonality_mode': 'multiplicative'}
2026-09-26 14:11:52 | INFO     | energy_stress.prophet | [Prophet-CORE] Fitting on gas (train=68 obs, regressors=False, cps=0.001, sps=1.0, reg_ps=n/a, seasonality=multiplicative)
2026-09-26 14:11:52 | INFO     | energy_stress.prophet | [Prophet-CORE gas] validation: MAE=13.4417, RMSE=14.7148
2026-09-26 14:11:52 | INFO     | energy_stress.prophet | [Prophet-CORE] Forecast saved → outputs_v2/tuning_rolling/2012/forecasts/gas/core/prophet/candidate_02/gas_growth_pct_forecasts_prophet_core.csv
2026-09-26 14:11:52 | INFO     | energy_stress.tuning | Tuning gas/core/Prophet candidate 3/16: {'changepoint_prior_scale': 0.001, 'seasonality_prior_scale': 10.0, 'seasonality_mode': 'additive'}
2026-09-26 14:11:52 | INFO     | energy_stress.prophet | [Prophet-CORE] Fitting on gas (train=68 obs, regressors=False, cps=0.001, sps=10.0, reg_ps=n/a, seasonality=additive)
2026-09-26 14:11:52 | INFO     | energy_stress.prophet | [Prophet-CORE gas] validation: MAE=16.8019, RMSE=19.1224
2026-09-26 14:11:53 | INFO     | energy_stress.prophet | [Prophet-CORE] Forecast saved → outputs_v2/tuning_rolling/2012/forecasts/gas/core/prophet/candidate_03/gas_growth_pct_forecasts_prophet_core.csv
2026-09-26 14:11:53 | INFO     | energy_stress.tuning | Tuning gas/core/Prophet candidate 4/16: {'changepoint_prior_scale': 0.001, 'seasonality_prior_scale': 10.0, 'seasonality_mode': 'multiplicative'}
2026-09-26 14:11:53 | INFO     | energy_stress.prophet | [Prophet-CORE] Fitting on gas (train=68 obs, regressors=False, cps=0.001, sps=10.0, reg_ps=n/a, seasonality=multiplicative)
2026-09-26 14:11:53 | INFO     | energy_stress.prophet | [Prophet-CORE gas] validation: MAE=13.6680, RMSE=15.0028
2026-09-26 14:11:55 | INFO     | energy_stress.prophet | [Prophet-CORE] Forecast saved → outputs_v2/tuning_rolling/2012/forecasts/gas/core/prophet/candidate_04/gas_growth_pct_forecasts_prophet_core.csv
2026-09-26 14:11:55 | INFO     | energy_stress.tuning | Tuning gas/core/Prophet candidate 5/16: {'changepoint_prior_scale': 0.01, 'seasonality_prior_scale': 1.0, 'seasonality_mode': 'additive'}
2026-09-26 14:11:55 | INFO     | energy_stress.prophet | [Prophet-CORE] Fitting on gas (train=68 obs, regressors=False, cps=0.01, sps=1.0, reg_ps=n/a, seasonality=additive)
2026-09-26 14:11:55 | INFO     | energy_stress.prophet | [Prophet-CORE gas] validation: MAE=14.6243, RMSE=16.8358
2026-09-26 14:11:55 | INFO     | energy_stress.prophet | [Prophet-CORE] Forecast saved → outputs_v2/tuning_rolling/2012/forecasts/gas/core/prophet/candidate_05/gas_growth_pct_forecasts_prophet_core.csv
2026-09-26 14:11:55 | INFO     | energy_stress.tuning | Tuning gas/core/Prophet candidate 6/16: {'changepoint_prior_scale': 0.01, 'seasonality_prior_scale': 1.0, 'seasonality_mode': 'multiplicative'}
2026-09-26 14:11:55 | INFO     | energy_stress.prophet | [Prophet-CORE] Fitting on gas (train=68 obs, regressors=False, cps=0.01, sps=1.0, reg_ps=n/a, seasonality=multiplicative)
2026-09-26 14:11:55 | INFO     | energy_stress.prophet | [Prophet-CORE gas] validation: MAE=13.5486, RMSE=14.8094
2026-09-26 14:11:55 | INFO     | energy_stress.prophet | [Prophet-CORE] Forecast saved → outputs_v2/tuning_rolling/2012/forecasts/gas/core/prophet/candidate_06/gas_growth_pct_forecasts_prophet_core.csv
2026-09-26 14:11:55 | INFO     | energy_stress.tuning | Tuning gas/core/Prophet candidate 7/16: {'changepoint_prior_scale': 0.01, 'seasonality_prior_scale': 10.0, 'seasonality_mode': 'additive'}
2026-09-26 14:11:55 | INFO     | energy_stress.prophet | [Prophet-CORE] Fitting on gas (train=68 obs, regressors=False, cps=0.01, sps=10.0, reg_ps=n/a, seasonality=additive)
2026-09-26 14:11:55 | INFO     | energy_stress.prophet | [Prophet-CORE gas] validation: MAE=16.8009, RMSE=19.1214
2026-09-26 14:11:56 | INFO     | energy_stress.prophet | [Prophet-CORE] Forecast saved → outputs_v2/tuning_rolling/2012/forecasts/gas/core/prophet/candidate_07/gas_growth_pct_forecasts_prophet_core.csv
2026-09-26 14:11:56 | INFO     | energy_stress.tuning | Tuning gas/core/Prophet candidate 8/16: {'changepoint_prior_scale': 0.01, 'seasonality_prior_scale': 10.0, 'seasonality_mode': 'multiplicative'}
2026-09-26 14:11:56 | INFO     | energy_stress.prophet | [Prophet-CORE] Fitting on gas (train=68 obs, regressors=False, cps=0.01, sps=10.0, reg_ps=n/a, seasonality=multiplicative)
2026-09-26 14:11:56 | INFO     | energy_stress.prophet | [Prophet-CORE gas] validation: MAE=13.5540, RMSE=14.8942
2026-09-26 14:11:56 | INFO     | energy_stress.prophet | [Prophet-CORE] Forecast saved → outputs_v2/tuning_rolling/2012/forecasts/gas/core/prophet/candidate_08/gas_growth_pct_forecasts_prophet_core.csv
2026-09-26 14:11:56 | INFO     | energy_stress.tuning | Tuning gas/core/Prophet candidate 9/16: {'changepoint_prior_scale': 0.05, 'seasonality_prior_scale': 1.0, 'seasonality_mode': 'additive'}
2026-09-26 14:11:56 | INFO     | energy_stress.prophet | [Prophet-CORE] Fitting on gas (train=68 obs, regressors=False, cps=0.05, sps=1.0, reg_ps=n/a, seasonality=additive)
2026-09-26 14:11:57 | INFO     | energy_stress.prophet | [Prophet-CORE gas] validation: MAE=14.6862, RMSE=16.8882
2026-09-26 14:11:57 | INFO     | energy_stress.prophet | [Prophet-CORE] Forecast saved → outputs_v2/tuning_rolling/2012/forecasts/gas/core/prophet/candidate_09/gas_growth_pct_forecasts_prophet_core.csv
2026-09-26 14:11:57 | INFO     | energy_stress.tuning | Tuning gas/core/Prophet candidate 10/16: {'changepoint_prior_scale': 0.05, 'seasonality_prior_scale': 1.0, 'seasonality_mode': 'multiplicative'}
2026-09-26 14:11:57 | INFO     | energy_stress.prophet | [Prophet-CORE] Fitting on gas (train=68 obs, regressors=False, cps=0.05, sps=1.0, reg_ps=n/a, seasonality=multiplicative)
2026-09-26 14:11:57 | INFO     | energy_stress.prophet | [Prophet-CORE gas] validation: MAE=13.2797, RMSE=14.5775
2026-09-26 14:11:57 | INFO     | energy_stress.prophet | [Prophet-CORE] Forecast saved → outputs_v2/tuning_rolling/2012/forecasts/gas/core/prophet/candidate_10/gas_growth_pct_forecasts_prophet_core.csv
2026-09-26 14:11:57 | INFO     | energy_stress.tuning | Tuning gas/core/Prophet candidate 11/16: {'changepoint_prior_scale': 0.05, 'seasonality_prior_scale': 10.0, 'seasonality_mode': 'additive'}
2026-09-26 14:11:57 | INFO     | energy_stress.prophet | [Prophet-CORE] Fitting on gas (train=68 obs, regressors=False, cps=0.05, sps=10.0, reg_ps=n/a, seasonality=additive)
2026-09-26 14:11:57 | INFO     | energy_stress.prophet | [Prophet-CORE gas] validation: MAE=16.8002, RMSE=19.1208
2026-09-26 14:11:57 | INFO     | energy_stress.prophet | [Prophet-CORE] Forecast saved → outputs_v2/tuning_rolling/2012/forecasts/gas/core/prophet/candidate_11/gas_growth_pct_forecasts_prophet_core.csv
2026-09-26 14:11:57 | INFO     | energy_stress.tuning | Tuning gas/core/Prophet candidate 12/16: {'changepoint_prior_scale': 0.05, 'seasonality_prior_scale': 10.0, 'seasonality_mode': 'multiplicative'}
2026-09-26 14:11:57 | INFO     | energy_stress.prophet | [Prophet-CORE] Fitting on gas (train=68 obs, regressors=False, cps=0.05, sps=10.0, reg_ps=n/a, seasonality=multiplicative)
2026-09-26 14:11:58 | INFO     | energy_stress.prophet | [Prophet-CORE gas] validation: MAE=13.3849, RMSE=14.7345
2026-09-26 14:11:58 | INFO     | energy_stress.prophet | [Prophet-CORE] Forecast saved → outputs_v2/tuning_rolling/2012/forecasts/gas/core/prophet/candidate_12/gas_growth_pct_forecasts_prophet_core.csv
2026-09-26 14:11:58 | INFO     | energy_stress.tuning | Tuning gas/core/Prophet candidate 13/16: {'changepoint_prior_scale': 0.1, 'seasonality_prior_scale': 1.0, 'seasonality_mode': 'additive'}
2026-09-26 14:11:58 | INFO     | energy_stress.prophet | [Prophet-CORE] Fitting on gas (train=68 obs, regressors=False, cps=0.1, sps=1.0, reg_ps=n/a, seasonality=additive)
2026-09-26 14:11:58 | INFO     | energy_stress.prophet | [Prophet-CORE gas] validation: MAE=14.8620, RMSE=17.0354
2026-09-26 14:11:58 | INFO     | energy_stress.prophet | [Prophet-CORE] Forecast saved → outputs_v2/tuning_rolling/2012/forecasts/gas/core/prophet/candidate_13/gas_growth_pct_forecasts_prophet_core.csv
2026-09-26 14:11:58 | INFO     | energy_stress.tuning | Tuning gas/core/Prophet candidate 14/16: {'changepoint_prior_scale': 0.1, 'seasonality_prior_scale': 1.0, 'seasonality_mode': 'multiplicative'}
2026-09-26 14:11:58 | INFO     | energy_stress.prophet | [Prophet-CORE] Fitting on gas (train=68 obs, regressors=False, cps=0.1, sps=1.0, reg_ps=n/a, seasonality=multiplicative)
2026-09-26 14:11:58 | INFO     | energy_stress.prophet | [Prophet-CORE gas] validation: MAE=13.2955, RMSE=14.5914
2026-09-26 14:11:58 | INFO     | energy_stress.prophet | [Prophet-CORE] Forecast saved → outputs_v2/tuning_rolling/2012/forecasts/gas/core/prophet/candidate_14/gas_growth_pct_forecasts_prophet_core.csv
2026-09-26 14:11:58 | INFO     | energy_stress.tuning | Tuning gas/core/Prophet candidate 15/16: {'changepoint_prior_scale': 0.1, 'seasonality_prior_scale': 10.0, 'seasonality_mode': 'additive'}
2026-09-26 14:11:58 | INFO     | energy_stress.prophet | [Prophet-CORE] Fitting on gas (train=68 obs, regressors=False, cps=0.1, sps=10.0, reg_ps=n/a, seasonality=additive)
2026-09-26 14:11:59 | INFO     | energy_stress.prophet | [Prophet-CORE gas] validation: MAE=16.7972, RMSE=19.1181
2026-09-26 14:11:59 | INFO     | energy_stress.prophet | [Prophet-CORE] Forecast saved → outputs_v2/tuning_rolling/2012/forecasts/gas/core/prophet/candidate_15/gas_growth_pct_forecasts_prophet_core.csv
2026-09-26 14:11:59 | INFO     | energy_stress.tuning | Tuning gas/core/Prophet candidate 16/16: {'changepoint_prior_scale': 0.1, 'seasonality_prior_scale': 10.0, 'seasonality_mode': 'multiplicative'}
2026-09-26 14:11:59 | INFO     | energy_stress.prophet | [Prophet-CORE] Fitting on gas (train=68 obs, regressors=False, cps=0.1, sps=10.0, reg_ps=n/a, seasonality=multiplicative)
2026-09-26 14:11:59 | INFO     | energy_stress.prophet | [Prophet-CORE gas] validation: MAE=13.3493, RMSE=14.7016
2026-09-26 14:11:59 | INFO     | energy_stress.prophet | [Prophet-CORE] Forecast saved → outputs_v2/tuning_rolling/2012/forecasts/gas/core/prophet/candidate_16/gas_growth_pct_forecasts_prophet_core.csv
2026-09-26 14:11:59 | INFO     | energy_stress.tuning | Best params for gas/core/Prophet: {'changepoint_prior_scale': 0.05, 'seasonality_prior_scale': 1.0, 'seasonality_mode': 'multiplicative'} (validation score=13.2797)
2026-09-26 14:11:59 | INFO     | energy_stress.tuning | Tuning gas/core/LSTM candidate 1/3: {'lookback': 6, 'dropout': 0.1, 'learning_rate': 0.001, 'units_1': 64, 'units_2': 32, 'macro_feature_set': 'lstm'}
2026-09-26 14:11:59 | INFO     | energy_stress.lstm | [LSTM-CORE] Training on gas | train=2006-05-01→2011-12-01 (68 obs), test=2012-01-01→2012-12-01 (12 obs), use_macro=False, lookback=6, dropout=0.1, lr=0.001, units=(64,32), macro_feature_set=lstm
2026-09-26 14:12:00 | INFO     | energy_stress.lstm | [LSTM-CORE gas] validation: MAE=5.7229, RMSE=7.3017
2026-09-26 14:12:03 | INFO     | energy_stress.lstm | [LSTM-CORE] Forecast saved → outputs_v2/tuning_rolling/2012/forecasts/gas/core/lstm/candidate_01/gas_growth_pct_forecasts_lstm_core.csv
2026-09-26 14:12:03 | INFO     | energy_stress.tuning | Tuning gas/core/LSTM candidate 2/3: {'lookback': 12, 'dropout': 0.2, 'learning_rate': 0.001, 'units_1': 128, 'units_2': 64, 'macro_feature_set': 'lstm'}
2026-09-26 14:12:03 | INFO     | energy_stress.lstm | [LSTM-CORE] Training on gas | train=2006-05-01→2011-12-01 (68 obs), test=2012-01-01→2012-12-01 (12 obs), use_macro=False, lookback=12, dropout=0.2, lr=0.001, units=(128,64), macro_feature_set=lstm
2026-09-26 14:12:04 | INFO     | energy_stress.lstm | [LSTM-CORE gas] validation: MAE=5.8373, RMSE=7.5822
2026-09-26 14:12:07 | INFO     | energy_stress.lstm | [LSTM-CORE] Forecast saved → outputs_v2/tuning_rolling/2012/forecasts/gas/core/lstm/candidate_02/gas_growth_pct_forecasts_lstm_core.csv
2026-09-26 14:12:07 | INFO     | energy_stress.tuning | Tuning gas/core/LSTM candidate 3/3: {'lookback': 18, 'dropout': 0.25, 'learning_rate': 0.0005, 'units_1': 128, 'units_2': 64, 'macro_feature_set': 'lstm'}
2026-09-26 14:12:07 | INFO     | energy_stress.lstm | [LSTM-CORE] Training on gas | train=2006-05-01→2011-12-01 (68 obs), test=2012-01-01→2012-12-01 (12 obs), use_macro=False, lookback=18, dropout=0.25, lr=0.0005, units=(128,64), macro_feature_set=lstm
2026-09-26 14:12:09 | INFO     | energy_stress.lstm | [LSTM-CORE gas] validation: MAE=5.8856, RMSE=7.6060
2026-09-26 14:12:12 | INFO     | energy_stress.lstm | [LSTM-CORE] Forecast saved → outputs_v2/tuning_rolling/2012/forecasts/gas/core/lstm/candidate_03/gas_growth_pct_forecasts_lstm_core.csv
2026-09-26 14:12:12 | INFO     | energy_stress.tuning | Best params for gas/core/LSTM: {'lookback': 6, 'dropout': 0.1, 'learning_rate': 0.001, 'units_1': 64, 'units_2': 32, 'macro_feature_set': 'lstm'} (validation score=5.7229)
2026-09-26 14:12:12 | INFO     | energy_stress.tuning | Tuning gas/core/TFT candidate 1/3: {'lookback': 6, 'hidden': 32, 'n_heads': 4, 'learning_rate': 0.001}
2026-09-26 14:12:12 | INFO     | energy_stress.tft | [TFT/pytorch-forecasting] Fitting gas (core)
2026-09-26 14:12:26 | INFO     | energy_stress.tft | [TFT gas] validation: MAE=7.7479, RMSE=9.5444
2026-09-26 14:12:39 | INFO     | energy_stress.tft | [TFT] Forecast saved → outputs_v2/tuning_rolling/2012/forecasts/gas/core/tft/candidate_01/gas_growth_pct_forecasts_tft_core.csv
2026-09-26 14:12:39 | INFO     | energy_stress.tuning | Tuning gas/core/TFT candidate 2/3: {'lookback': 12, 'hidden': 64, 'n_heads': 4, 'learning_rate': 0.0005}
2026-09-26 14:12:39 | INFO     | energy_stress.tft | [TFT/pytorch-forecasting] Fitting gas (core)
2026-09-26 14:12:52 | INFO     | energy_stress.tft | [TFT gas] validation: MAE=11.4594, RMSE=13.4038
2026-09-26 14:13:05 | INFO     | energy_stress.tft | [TFT] Forecast saved → outputs_v2/tuning_rolling/2012/forecasts/gas/core/tft/candidate_02/gas_growth_pct_forecasts_tft_core.csv
2026-09-26 14:13:05 | INFO     | energy_stress.tuning | Tuning gas/core/TFT candidate 3/3: {'lookback': 18, 'hidden': 64, 'n_heads': 4, 'learning_rate': 0.0005}
2026-09-26 14:13:05 | INFO     | energy_stress.tft | [TFT/pytorch-forecasting] Fitting gas (core)
2026-09-26 14:13:19 | INFO     | energy_stress.tft | [TFT gas] validation: MAE=8.0629, RMSE=10.2889
2026-09-26 14:13:32 | INFO     | energy_stress.tft | [TFT] Forecast saved → outputs_v2/tuning_rolling/2012/forecasts/gas/core/tft/candidate_03/gas_growth_pct_forecasts_tft_core.csv
2026-09-26 14:13:32 | INFO     | energy_stress.tuning | Best params for gas/core/TFT: {'lookback': 6, 'hidden': 32, 'n_heads': 4, 'learning_rate': 0.001} (validation score=7.7479)
2026-09-26 14:13:33 | INFO     | energy_stress.tuning | Tuning electricity/core/SARIMA candidate 1/1: {}
2026-09-26 14:13:33 | INFO     | energy_stress.sarima | [SARIMA-CORE] Fitting on electricity (train=68 obs)
2026-09-26 14:13:41 | INFO     | energy_stress.sarima | SARIMA best order: (2, 0, 0) × (2, 1, 1, 12)
2026-09-26 14:13:41 | INFO     | energy_stress.sarima | [SARIMA-CORE electricity] validation: MAE=14.6086, RMSE=15.7626, MAPE=685.69%
2026-09-26 14:13:41 | INFO     | energy_stress.sarima | [SARIMA-CORE] Forecast saved → outputs_v2/tuning_rolling/2012/forecasts/electricity/core/sarima/candidate_01/electricity_growth_pct_forecasts_sarima_core.csv
2026-09-26 14:13:41 | INFO     | energy_stress.tuning | Tuning electricity/core/Prophet candidate 1/8: {'changepoint_prior_scale': 0.001, 'seasonality_prior_scale': 1.0, 'seasonality_mode': 'additive'}
2026-09-26 14:13:41 | INFO     | energy_stress.prophet | [Prophet-CORE] Fitting on electricity (train=68 obs, regressors=False, cps=0.001, sps=1.0, reg_ps=n/a, seasonality=additive)
2026-09-26 14:13:41 | INFO     | energy_stress.prophet | [Prophet-CORE electricity] validation: MAE=9.5629, RMSE=10.7629
2026-09-26 14:13:41 | INFO     | energy_stress.prophet | [Prophet-CORE] Forecast saved → outputs_v2/tuning_rolling/2012/forecasts/electricity/core/prophet/candidate_01/electricity_growth_pct_forecasts_prophet_core.csv
2026-09-26 14:13:41 | INFO     | energy_stress.tuning | Tuning electricity/core/Prophet candidate 2/8: {'changepoint_prior_scale': 0.001, 'seasonality_prior_scale': 10.0, 'seasonality_mode': 'additive'}
2026-09-26 14:13:41 | INFO     | energy_stress.prophet | [Prophet-CORE] Fitting on electricity (train=68 obs, regressors=False, cps=0.001, sps=10.0, reg_ps=n/a, seasonality=additive)
2026-09-26 14:13:41 | INFO     | energy_stress.prophet | [Prophet-CORE electricity] validation: MAE=10.2683, RMSE=11.5699
2026-09-26 14:13:41 | INFO     | energy_stress.prophet | [Prophet-CORE] Forecast saved → outputs_v2/tuning_rolling/2012/forecasts/electricity/core/prophet/candidate_02/electricity_growth_pct_forecasts_prophet_core.csv
2026-09-26 14:13:41 | INFO     | energy_stress.tuning | Tuning electricity/core/Prophet candidate 3/8: {'changepoint_prior_scale': 0.01, 'seasonality_prior_scale': 1.0, 'seasonality_mode': 'additive'}
2026-09-26 14:13:41 | INFO     | energy_stress.prophet | [Prophet-CORE] Fitting on electricity (train=68 obs, regressors=False, cps=0.01, sps=1.0, reg_ps=n/a, seasonality=additive)
2026-09-26 14:13:42 | INFO     | energy_stress.prophet | [Prophet-CORE electricity] validation: MAE=9.4630, RMSE=10.6690
2026-09-26 14:13:42 | INFO     | energy_stress.prophet | [Prophet-CORE] Forecast saved → outputs_v2/tuning_rolling/2012/forecasts/electricity/core/prophet/candidate_03/electricity_growth_pct_forecasts_prophet_core.csv
2026-09-26 14:13:42 | INFO     | energy_stress.tuning | Tuning electricity/core/Prophet candidate 4/8: {'changepoint_prior_scale': 0.01, 'seasonality_prior_scale': 10.0, 'seasonality_mode': 'additive'}
2026-09-26 14:13:42 | INFO     | energy_stress.prophet | [Prophet-CORE] Fitting on electricity (train=68 obs, regressors=False, cps=0.01, sps=10.0, reg_ps=n/a, seasonality=additive)
2026-09-26 14:13:42 | INFO     | energy_stress.prophet | [Prophet-CORE electricity] validation: MAE=10.1974, RMSE=11.5047
2026-09-26 14:13:42 | INFO     | energy_stress.prophet | [Prophet-CORE] Forecast saved → outputs_v2/tuning_rolling/2012/forecasts/electricity/core/prophet/candidate_04/electricity_growth_pct_forecasts_prophet_core.csv
2026-09-26 14:13:42 | INFO     | energy_stress.tuning | Tuning electricity/core/Prophet candidate 5/8: {'changepoint_prior_scale': 0.05, 'seasonality_prior_scale': 1.0, 'seasonality_mode': 'additive'}
2026-09-26 14:13:42 | INFO     | energy_stress.prophet | [Prophet-CORE] Fitting on electricity (train=68 obs, regressors=False, cps=0.05, sps=1.0, reg_ps=n/a, seasonality=additive)
2026-09-26 14:13:42 | INFO     | energy_stress.prophet | [Prophet-CORE electricity] validation: MAE=9.1081, RMSE=10.3548
2026-09-26 14:13:42 | INFO     | energy_stress.prophet | [Prophet-CORE] Forecast saved → outputs_v2/tuning_rolling/2012/forecasts/electricity/core/prophet/candidate_05/electricity_growth_pct_forecasts_prophet_core.csv
2026-09-26 14:13:42 | INFO     | energy_stress.tuning | Tuning electricity/core/Prophet candidate 6/8: {'changepoint_prior_scale': 0.05, 'seasonality_prior_scale': 10.0, 'seasonality_mode': 'additive'}
2026-09-26 14:13:42 | INFO     | energy_stress.prophet | [Prophet-CORE] Fitting on electricity (train=68 obs, regressors=False, cps=0.05, sps=10.0, reg_ps=n/a, seasonality=additive)
2026-09-26 14:13:43 | INFO     | energy_stress.prophet | [Prophet-CORE electricity] validation: MAE=9.9956, RMSE=11.3157
2026-09-26 14:13:43 | INFO     | energy_stress.prophet | [Prophet-CORE] Forecast saved → outputs_v2/tuning_rolling/2012/forecasts/electricity/core/prophet/candidate_06/electricity_growth_pct_forecasts_prophet_core.csv
2026-09-26 14:13:43 | INFO     | energy_stress.tuning | Tuning electricity/core/Prophet candidate 7/8: {'changepoint_prior_scale': 0.1, 'seasonality_prior_scale': 1.0, 'seasonality_mode': 'additive'}
2026-09-26 14:13:43 | INFO     | energy_stress.prophet | [Prophet-CORE] Fitting on electricity (train=68 obs, regressors=False, cps=0.1, sps=1.0, reg_ps=n/a, seasonality=additive)
2026-09-26 14:13:43 | INFO     | energy_stress.prophet | [Prophet-CORE electricity] validation: MAE=9.1383, RMSE=10.3805
2026-09-26 14:13:43 | INFO     | energy_stress.prophet | [Prophet-CORE] Forecast saved → outputs_v2/tuning_rolling/2012/forecasts/electricity/core/prophet/candidate_07/electricity_growth_pct_forecasts_prophet_core.csv
2026-09-26 14:13:43 | INFO     | energy_stress.tuning | Tuning electricity/core/Prophet candidate 8/8: {'changepoint_prior_scale': 0.1, 'seasonality_prior_scale': 10.0, 'seasonality_mode': 'additive'}
2026-09-26 14:13:43 | INFO     | energy_stress.prophet | [Prophet-CORE] Fitting on electricity (train=68 obs, regressors=False, cps=0.1, sps=10.0, reg_ps=n/a, seasonality=additive)
2026-09-26 14:13:43 | INFO     | energy_stress.prophet | [Prophet-CORE electricity] validation: MAE=10.0082, RMSE=11.3293
2026-09-26 14:13:44 | INFO     | energy_stress.prophet | [Prophet-CORE] Forecast saved → outputs_v2/tuning_rolling/2012/forecasts/electricity/core/prophet/candidate_08/electricity_growth_pct_forecasts_prophet_core.csv
2026-09-26 14:13:44 | INFO     | energy_stress.tuning | Best params for electricity/core/Prophet: {'changepoint_prior_scale': 0.05, 'seasonality_prior_scale': 1.0, 'seasonality_mode': 'additive'} (validation score=9.1081)
2026-09-26 14:13:44 | INFO     | energy_stress.tuning | Tuning electricity/core/LSTM candidate 1/3: {'lookback': 6, 'dropout': 0.1, 'learning_rate': 0.001, 'units_1': 64, 'units_2': 32, 'macro_feature_set': 'lstm'}
2026-09-26 14:13:44 | INFO     | energy_stress.lstm | [LSTM-CORE] Training on electricity | train=2006-05-01→2011-12-01 (68 obs), test=2012-01-01→2012-12-01 (12 obs), use_macro=False, lookback=6, dropout=0.1, lr=0.001, units=(64,32), macro_feature_set=lstm
2026-09-26 14:13:44 | INFO     | energy_stress.lstm | [LSTM-CORE electricity] validation: MAE=3.8865, RMSE=5.3713
2026-09-26 14:13:46 | INFO     | energy_stress.lstm | [LSTM-CORE] Forecast saved → outputs_v2/tuning_rolling/2012/forecasts/electricity/core/lstm/candidate_01/electricity_growth_pct_forecasts_lstm_core.csv
2026-09-26 14:13:46 | INFO     | energy_stress.tuning | Tuning electricity/core/LSTM candidate 2/3: {'lookback': 12, 'dropout': 0.2, 'learning_rate': 0.001, 'units_1': 128, 'units_2': 64, 'macro_feature_set': 'lstm'}
2026-09-26 14:13:46 | INFO     | energy_stress.lstm | [LSTM-CORE] Training on electricity | train=2006-05-01→2011-12-01 (68 obs), test=2012-01-01→2012-12-01 (12 obs), use_macro=False, lookback=12, dropout=0.2, lr=0.001, units=(128,64), macro_feature_set=lstm
2026-09-26 14:13:47 | INFO     | energy_stress.lstm | [LSTM-CORE electricity] validation: MAE=4.1337, RMSE=5.6398
2026-09-26 14:13:50 | INFO     | energy_stress.lstm | [LSTM-CORE] Forecast saved → outputs_v2/tuning_rolling/2012/forecasts/electricity/core/lstm/candidate_02/electricity_growth_pct_forecasts_lstm_core.csv
2026-09-26 14:13:50 | INFO     | energy_stress.tuning | Tuning electricity/core/LSTM candidate 3/3: {'lookback': 18, 'dropout': 0.25, 'learning_rate': 0.0005, 'units_1': 128, 'units_2': 64, 'macro_feature_set': 'lstm'}
2026-09-26 14:13:50 | INFO     | energy_stress.lstm | [LSTM-CORE] Training on electricity | train=2006-05-01→2011-12-01 (68 obs), test=2012-01-01→2012-12-01 (12 obs), use_macro=False, lookback=18, dropout=0.25, lr=0.0005, units=(128,64), macro_feature_set=lstm
2026-09-26 14:13:52 | INFO     | energy_stress.lstm | [LSTM-CORE electricity] validation: MAE=3.5283, RMSE=5.1501
2026-09-26 14:13:55 | INFO     | energy_stress.lstm | [LSTM-CORE] Forecast saved → outputs_v2/tuning_rolling/2012/forecasts/electricity/core/lstm/candidate_03/electricity_growth_pct_forecasts_lstm_core.csv
2026-09-26 14:13:55 | INFO     | energy_stress.tuning | Best params for electricity/core/LSTM: {'lookback': 18, 'dropout': 0.25, 'learning_rate': 0.0005, 'units_1': 128, 'units_2': 64, 'macro_feature_set': 'lstm'} (validation score=3.5283)
2026-09-26 14:13:55 | INFO     | energy_stress.tuning | Tuning electricity/core/TFT candidate 1/3: {'lookback': 6, 'hidden': 32, 'n_heads': 4, 'learning_rate': 0.001}
2026-09-26 14:13:55 | INFO     | energy_stress.tft | [TFT/pytorch-forecasting] Fitting electricity (core)
2026-09-26 14:14:09 | INFO     | energy_stress.tft | [TFT electricity] validation: MAE=6.7182, RMSE=8.7488
2026-09-26 14:14:23 | INFO     | energy_stress.tft | [TFT] Forecast saved → outputs_v2/tuning_rolling/2012/forecasts/electricity/core/tft/candidate_01/electricity_growth_pct_forecasts_tft_core.csv
2026-09-26 14:14:23 | INFO     | energy_stress.tuning | Tuning electricity/core/TFT candidate 2/3: {'lookback': 12, 'hidden': 64, 'n_heads': 4, 'learning_rate': 0.0005}
2026-09-26 14:14:23 | INFO     | energy_stress.tft | [TFT/pytorch-forecasting] Fitting electricity (core)
2026-09-26 14:14:37 | INFO     | energy_stress.tft | [TFT electricity] validation: MAE=15.3734, RMSE=15.6485
2026-09-26 14:14:54 | INFO     | energy_stress.tft | [TFT] Forecast saved → outputs_v2/tuning_rolling/2012/forecasts/electricity/core/tft/candidate_02/electricity_growth_pct_forecasts_tft_core.csv
2026-09-26 14:14:54 | INFO     | energy_stress.tuning | Tuning electricity/core/TFT candidate 3/3: {'lookback': 18, 'hidden': 64, 'n_heads': 4, 'learning_rate': 0.0005}
2026-09-26 14:14:54 | INFO     | energy_stress.tft | [TFT/pytorch-forecasting] Fitting electricity (core)
2026-09-26 14:15:11 | INFO     | energy_stress.tft | [TFT electricity] validation: MAE=7.6405, RMSE=8.6933
2026-09-26 14:15:27 | INFO     | energy_stress.tft | [TFT] Forecast saved → outputs_v2/tuning_rolling/2012/forecasts/electricity/core/tft/candidate_03/electricity_growth_pct_forecasts_tft_core.csv
2026-09-26 14:15:27 | INFO     | energy_stress.tuning | Best params for electricity/core/TFT: {'lookback': 6, 'hidden': 32, 'n_heads': 4, 'learning_rate': 0.001} (validation score=6.7182)
2026-09-26 14:15:27 | INFO     | energy_stress.tuning | Tuning carbon/core/SARIMA candidate 1/1: {}
2026-09-26 14:15:27 | INFO     | energy_stress.sarima | [SARIMA-CORE] Fitting on carbon (train=68 obs)
2026-09-26 14:15:34 | INFO     | energy_stress.sarima | SARIMA best order: (1, 0, 0) × (2, 1, 0, 12)
2026-09-26 14:15:34 | INFO     | energy_stress.sarima | [SARIMA-CORE carbon] validation: MAE=24.0322, RMSE=30.1215, MAPE=74.60%
2026-09-26 14:15:34 | INFO     | energy_stress.sarima | [SARIMA-CORE] Forecast saved → outputs_v2/tuning_rolling/2012/forecasts/carbon/core/sarima/candidate_01/carbon_growth_pct_forecasts_sarima_core.csv
2026-09-26 14:15:34 | INFO     | energy_stress.tuning | Tuning carbon/core/Prophet candidate 1/8: {'changepoint_prior_scale': 0.001, 'seasonality_prior_scale': 1.0, 'seasonality_mode': 'additive'}
2026-09-26 14:15:34 | INFO     | energy_stress.prophet | [Prophet-CORE] Fitting on carbon (train=68 obs, regressors=False, cps=0.001, sps=1.0, reg_ps=n/a, seasonality=additive)
2026-09-26 14:15:37 | INFO     | energy_stress.prophet | [Prophet-CORE carbon] validation: MAE=125.5692, RMSE=129.7965
2026-09-26 14:15:38 | INFO     | energy_stress.prophet | [Prophet-CORE] Forecast saved → outputs_v2/tuning_rolling/2012/forecasts/carbon/core/prophet/candidate_01/carbon_growth_pct_forecasts_prophet_core.csv
2026-09-26 14:15:38 | INFO     | energy_stress.tuning | Tuning carbon/core/Prophet candidate 2/8: {'changepoint_prior_scale': 0.001, 'seasonality_prior_scale': 10.0, 'seasonality_mode': 'additive'}
2026-09-26 14:15:38 | INFO     | energy_stress.prophet | [Prophet-CORE] Fitting on carbon (train=68 obs, regressors=False, cps=0.001, sps=10.0, reg_ps=n/a, seasonality=additive)
2026-09-26 14:15:38 | INFO     | energy_stress.prophet | [Prophet-CORE carbon] validation: MAE=124.1777, RMSE=143.3452
2026-09-26 14:15:38 | INFO     | energy_stress.prophet | [Prophet-CORE] Forecast saved → outputs_v2/tuning_rolling/2012/forecasts/carbon/core/prophet/candidate_02/carbon_growth_pct_forecasts_prophet_core.csv
2026-09-26 14:15:38 | INFO     | energy_stress.tuning | Tuning carbon/core/Prophet candidate 3/8: {'changepoint_prior_scale': 0.01, 'seasonality_prior_scale': 1.0, 'seasonality_mode': 'additive'}
2026-09-26 14:15:38 | INFO     | energy_stress.prophet | [Prophet-CORE] Fitting on carbon (train=68 obs, regressors=False, cps=0.01, sps=1.0, reg_ps=n/a, seasonality=additive)
2026-09-26 14:15:38 | INFO     | energy_stress.prophet | [Prophet-CORE carbon] validation: MAE=93.0959, RMSE=98.9711
2026-09-26 14:15:39 | INFO     | energy_stress.prophet | [Prophet-CORE] Forecast saved → outputs_v2/tuning_rolling/2012/forecasts/carbon/core/prophet/candidate_03/carbon_growth_pct_forecasts_prophet_core.csv
2026-09-26 14:15:39 | INFO     | energy_stress.tuning | Tuning carbon/core/Prophet candidate 4/8: {'changepoint_prior_scale': 0.01, 'seasonality_prior_scale': 10.0, 'seasonality_mode': 'additive'}
2026-09-26 14:15:39 | INFO     | energy_stress.prophet | [Prophet-CORE] Fitting on carbon (train=68 obs, regressors=False, cps=0.01, sps=10.0, reg_ps=n/a, seasonality=additive)
2026-09-26 14:15:39 | INFO     | energy_stress.prophet | [Prophet-CORE carbon] validation: MAE=122.8764, RMSE=142.0329
2026-09-26 14:15:39 | INFO     | energy_stress.prophet | [Prophet-CORE] Forecast saved → outputs_v2/tuning_rolling/2012/forecasts/carbon/core/prophet/candidate_04/carbon_growth_pct_forecasts_prophet_core.csv
2026-09-26 14:15:39 | INFO     | energy_stress.tuning | Tuning carbon/core/Prophet candidate 5/8: {'changepoint_prior_scale': 0.05, 'seasonality_prior_scale': 1.0, 'seasonality_mode': 'additive'}
2026-09-26 14:15:39 | INFO     | energy_stress.prophet | [Prophet-CORE] Fitting on carbon (train=68 obs, regressors=False, cps=0.05, sps=1.0, reg_ps=n/a, seasonality=additive)
2026-09-26 14:15:39 | INFO     | energy_stress.prophet | [Prophet-CORE carbon] validation: MAE=93.2020, RMSE=99.0692
2026-09-26 14:15:39 | INFO     | energy_stress.prophet | [Prophet-CORE] Forecast saved → outputs_v2/tuning_rolling/2012/forecasts/carbon/core/prophet/candidate_05/carbon_growth_pct_forecasts_prophet_core.csv
2026-09-26 14:15:39 | INFO     | energy_stress.tuning | Tuning carbon/core/Prophet candidate 6/8: {'changepoint_prior_scale': 0.05, 'seasonality_prior_scale': 10.0, 'seasonality_mode': 'additive'}
2026-09-26 14:15:39 | INFO     | energy_stress.prophet | [Prophet-CORE] Fitting on carbon (train=68 obs, regressors=False, cps=0.05, sps=10.0, reg_ps=n/a, seasonality=additive)
2026-09-26 14:15:39 | INFO     | energy_stress.prophet | [Prophet-CORE carbon] validation: MAE=122.8188, RMSE=141.9545
2026-09-26 14:15:40 | INFO     | energy_stress.prophet | [Prophet-CORE] Forecast saved → outputs_v2/tuning_rolling/2012/forecasts/carbon/core/prophet/candidate_06/carbon_growth_pct_forecasts_prophet_core.csv
2026-09-26 14:15:40 | INFO     | energy_stress.tuning | Tuning carbon/core/Prophet candidate 7/8: {'changepoint_prior_scale': 0.1, 'seasonality_prior_scale': 1.0, 'seasonality_mode': 'additive'}
2026-09-26 14:15:40 | INFO     | energy_stress.prophet | [Prophet-CORE] Fitting on carbon (train=68 obs, regressors=False, cps=0.1, sps=1.0, reg_ps=n/a, seasonality=additive)
2026-09-26 14:15:40 | INFO     | energy_stress.prophet | [Prophet-CORE carbon] validation: MAE=93.2633, RMSE=99.1259
2026-09-26 14:15:40 | INFO     | energy_stress.prophet | [Prophet-CORE] Forecast saved → outputs_v2/tuning_rolling/2012/forecasts/carbon/core/prophet/candidate_07/carbon_growth_pct_forecasts_prophet_core.csv
2026-09-26 14:15:40 | INFO     | energy_stress.tuning | Tuning carbon/core/Prophet candidate 8/8: {'changepoint_prior_scale': 0.1, 'seasonality_prior_scale': 10.0, 'seasonality_mode': 'additive'}
2026-09-26 14:15:40 | INFO     | energy_stress.prophet | [Prophet-CORE] Fitting on carbon (train=68 obs, regressors=False, cps=0.1, sps=10.0, reg_ps=n/a, seasonality=additive)
2026-09-26 14:15:40 | INFO     | energy_stress.prophet | [Prophet-CORE carbon] validation: MAE=123.0019, RMSE=142.1089
2026-09-26 14:15:40 | INFO     | energy_stress.prophet | [Prophet-CORE] Forecast saved → outputs_v2/tuning_rolling/2012/forecasts/carbon/core/prophet/candidate_08/carbon_growth_pct_forecasts_prophet_core.csv
2026-09-26 14:15:40 | INFO     | energy_stress.tuning | Best params for carbon/core/Prophet: {'changepoint_prior_scale': 0.01, 'seasonality_prior_scale': 1.0, 'seasonality_mode': 'additive'} (validation score=93.0959)
2026-09-26 14:15:40 | INFO     | energy_stress.tuning | Tuning carbon/core/LSTM candidate 1/3: {'lookback': 6, 'dropout': 0.1, 'learning_rate': 0.001, 'units_1': 64, 'units_2': 32, 'macro_feature_set': 'lstm'}
2026-09-26 14:15:40 | INFO     | energy_stress.lstm | [LSTM-CORE] Training on carbon | train=2006-05-01→2011-12-01 (68 obs), test=2012-01-01→2012-12-01 (12 obs), use_macro=False, lookback=6, dropout=0.1, lr=0.001, units=(64,32), macro_feature_set=lstm
2026-09-26 14:15:41 | INFO     | energy_stress.lstm | [LSTM-CORE carbon] validation: MAE=37.1065, RMSE=44.3468
2026-09-26 14:15:43 | INFO     | energy_stress.lstm | [LSTM-CORE] Forecast saved → outputs_v2/tuning_rolling/2012/forecasts/carbon/core/lstm/candidate_01/carbon_growth_pct_forecasts_lstm_core.csv
2026-09-26 14:15:43 | INFO     | energy_stress.tuning | Tuning carbon/core/LSTM candidate 2/3: {'lookback': 12, 'dropout': 0.2, 'learning_rate': 0.001, 'units_1': 128, 'units_2': 64, 'macro_feature_set': 'lstm'}
2026-09-26 14:15:43 | INFO     | energy_stress.lstm | [LSTM-CORE] Training on carbon | train=2006-05-01→2011-12-01 (68 obs), test=2012-01-01→2012-12-01 (12 obs), use_macro=False, lookback=12, dropout=0.2, lr=0.001, units=(128,64), macro_feature_set=lstm
2026-09-26 14:15:45 | INFO     | energy_stress.lstm | [LSTM-CORE carbon] validation: MAE=18.4007, RMSE=21.9823
2026-09-26 14:15:48 | INFO     | energy_stress.lstm | [LSTM-CORE] Forecast saved → outputs_v2/tuning_rolling/2012/forecasts/carbon/core/lstm/candidate_02/carbon_growth_pct_forecasts_lstm_core.csv
2026-09-26 14:15:48 | INFO     | energy_stress.tuning | Tuning carbon/core/LSTM candidate 3/3: {'lookback': 18, 'dropout': 0.25, 'learning_rate': 0.0005, 'units_1': 128, 'units_2': 64, 'macro_feature_set': 'lstm'}
2026-09-26 14:15:48 | INFO     | energy_stress.lstm | [LSTM-CORE] Training on carbon | train=2006-05-01→2011-12-01 (68 obs), test=2012-01-01→2012-12-01 (12 obs), use_macro=False, lookback=18, dropout=0.25, lr=0.0005, units=(128,64), macro_feature_set=lstm
2026-09-26 14:15:49 | INFO     | energy_stress.lstm | [LSTM-CORE carbon] validation: MAE=33.9567, RMSE=41.3695
2026-09-26 14:15:53 | INFO     | energy_stress.lstm | [LSTM-CORE] Forecast saved → outputs_v2/tuning_rolling/2012/forecasts/carbon/core/lstm/candidate_03/carbon_growth_pct_forecasts_lstm_core.csv
2026-09-26 14:15:53 | INFO     | energy_stress.tuning | Best params for carbon/core/LSTM: {'lookback': 12, 'dropout': 0.2, 'learning_rate': 0.001, 'units_1': 128, 'units_2': 64, 'macro_feature_set': 'lstm'} (validation score=18.4007)
2026-09-26 14:15:53 | INFO     | energy_stress.tuning | Tuning carbon/core/TFT candidate 1/3: {'lookback': 6, 'hidden': 32, 'n_heads': 4, 'learning_rate': 0.001}
2026-09-26 14:15:53 | INFO     | energy_stress.tft | [TFT/pytorch-forecasting] Fitting carbon (core)
2026-09-26 14:16:09 | INFO     | energy_stress.tft | [TFT carbon] validation: MAE=39.8489, RMSE=46.6747
2026-09-26 14:16:25 | INFO     | energy_stress.tft | [TFT] Forecast saved → outputs_v2/tuning_rolling/2012/forecasts/carbon/core/tft/candidate_01/carbon_growth_pct_forecasts_tft_core.csv
2026-09-26 14:16:25 | INFO     | energy_stress.tuning | Tuning carbon/core/TFT candidate 2/3: {'lookback': 12, 'hidden': 64, 'n_heads': 4, 'learning_rate': 0.0005}
2026-09-26 14:16:25 | INFO     | energy_stress.tft | [TFT/pytorch-forecasting] Fitting carbon (core)
2026-09-26 14:16:42 | INFO     | energy_stress.tft | [TFT carbon] validation: MAE=28.2243, RMSE=35.6448
2026-09-26 14:16:58 | INFO     | energy_stress.tft | [TFT] Forecast saved → outputs_v2/tuning_rolling/2012/forecasts/carbon/core/tft/candidate_02/carbon_growth_pct_forecasts_tft_core.csv
2026-09-26 14:16:58 | INFO     | energy_stress.tuning | Tuning carbon/core/TFT candidate 3/3: {'lookback': 18, 'hidden': 64, 'n_heads': 4, 'learning_rate': 0.0005}
2026-09-26 14:16:58 | INFO     | energy_stress.tft | [TFT/pytorch-forecasting] Fitting carbon (core)
2026-09-26 14:17:15 | INFO     | energy_stress.tft | [TFT carbon] validation: MAE=35.4022, RMSE=43.1469
2026-09-26 14:17:31 | INFO     | energy_stress.tft | [TFT] Forecast saved → outputs_v2/tuning_rolling/2012/forecasts/carbon/core/tft/candidate_03/carbon_growth_pct_forecasts_tft_core.csv
2026-09-26 14:17:31 | INFO     | energy_stress.tuning | Best params for carbon/core/TFT: {'lookback': 12, 'hidden': 64, 'n_heads': 4, 'learning_rate': 0.0005} (validation score=28.2243)
2026-09-26 14:17:31 | INFO     | energy_stress.tuning | Tuning results saved → outputs_v2/tuning_rolling/2012/model_tuning_results.csv
2026-09-26 14:17:31 | INFO     | energy_stress.forecast_pipeline | 
──────────────────────────────────────────────────
Series: GAS
──────────────────────────────────────────────────
2026-09-26 14:17:31 | INFO     | energy_stress.forecast_pipeline | [gas] train=68, test=12, full=80 (through 2012-12-01), actual_target=12 non-null (2013-01-01..2013-12-01)
2026-09-26 14:17:31 | INFO     | energy_stress.sarima | [SARIMA-CORE] Fitting on gas (train=68 obs)
2026-09-26 14:17:36 | INFO     | energy_stress.sarima | SARIMA best order: (2, 0, 0) × (2, 1, 0, 12)
2026-09-26 14:17:37 | INFO     | energy_stress.sarima | [SARIMA-CORE gas] validation: MAE=15.2024, RMSE=15.8892, MAPE=1976.25%
2026-09-26 14:17:37 | INFO     | energy_stress.sarima | [SARIMA-CORE] Forecast saved → outputs_v2/forecasts_rolling/2012/gas_growth_pct_forecasts_sarima_core.csv
2026-09-26 14:17:37 | INFO     | energy_stress.prophet | [Prophet-CORE] Fitting on gas (train=68 obs, regressors=False, cps=0.05, sps=1.0, reg_ps=n/a, seasonality=multiplicative)
2026-09-26 14:17:37 | INFO     | energy_stress.prophet | [Prophet-CORE gas] validation: MAE=13.2797, RMSE=14.5775
2026-09-26 14:17:37 | INFO     | energy_stress.prophet | [Prophet-CORE] Forecast saved → outputs_v2/forecasts_rolling/2012/gas_growth_pct_forecasts_prophet_core.csv
2026-09-26 14:17:37 | INFO     | energy_stress.lstm | [LSTM-CORE] Training on gas | train=2006-05-01→2011-12-01 (68 obs), test=2012-01-01→2012-12-01 (12 obs), use_macro=False, lookback=6, dropout=0.1, lr=0.001, units=(64,32), macro_feature_set=lstm
2026-09-26 14:17:38 | INFO     | energy_stress.lstm | [LSTM-CORE gas] validation: MAE=5.7302, RMSE=7.2934
2026-09-26 14:17:42 | INFO     | energy_stress.lstm | [LSTM-CORE] Forecast saved → outputs_v2/forecasts_rolling/2012/gas_growth_pct_forecasts_lstm_core.csv
2026-09-26 14:17:42 | INFO     | energy_stress.lstm | [LSTM-CORE] Model saved → outputs_v2/models
2026-09-26 14:17:42 | INFO     | energy_stress.tft | [TFT/pytorch-forecasting] Fitting gas (core)
2026-09-26 14:18:05 | INFO     | energy_stress.tft | [TFT gas] validation: MAE=7.3576, RMSE=8.9310
2026-09-26 14:18:29 | INFO     | energy_stress.tft | [TFT] Forecast saved → outputs_v2/forecasts_rolling/2012/gas_growth_pct_forecasts_tft_core.csv
2026-09-26 14:18:29 | INFO     | energy_stress.forecast_pipeline | 
──────────────────────────────────────────────────
Series: ELECTRICITY
──────────────────────────────────────────────────
2026-09-26 14:18:29 | INFO     | energy_stress.forecast_pipeline | [electricity] train=68, test=12, full=80 (through 2012-12-01), actual_target=12 non-null (2013-01-01..2013-12-01)
2026-09-26 14:18:29 | INFO     | energy_stress.sarima | [SARIMA-CORE] Fitting on electricity (train=68 obs)
2026-09-26 14:18:37 | INFO     | energy_stress.sarima | SARIMA best order: (2, 0, 0) × (2, 1, 1, 12)
2026-09-26 14:18:38 | INFO     | energy_stress.sarima | [SARIMA-CORE electricity] validation: MAE=14.6086, RMSE=15.7626, MAPE=685.69%
2026-09-26 14:18:38 | INFO     | energy_stress.sarima | [SARIMA-CORE] Forecast saved → outputs_v2/forecasts_rolling/2012/electricity_growth_pct_forecasts_sarima_core.csv
2026-09-26 14:18:38 | INFO     | energy_stress.prophet | [Prophet-CORE] Fitting on electricity (train=68 obs, regressors=False, cps=0.05, sps=1.0, reg_ps=n/a, seasonality=additive)
2026-09-26 14:18:38 | INFO     | energy_stress.prophet | [Prophet-CORE electricity] validation: MAE=9.1081, RMSE=10.3548
2026-09-26 14:18:38 | INFO     | energy_stress.prophet | [Prophet-CORE] Forecast saved → outputs_v2/forecasts_rolling/2012/electricity_growth_pct_forecasts_prophet_core.csv
2026-09-26 14:18:38 | INFO     | energy_stress.lstm | [LSTM-CORE] Training on electricity | train=2006-05-01→2011-12-01 (68 obs), test=2012-01-01→2012-12-01 (12 obs), use_macro=False, lookback=18, dropout=0.25, lr=0.0005, units=(128,64), macro_feature_set=lstm
2026-09-26 14:18:40 | INFO     | energy_stress.lstm | [LSTM-CORE electricity] validation: MAE=3.5218, RMSE=5.1586
2026-09-26 14:18:46 | INFO     | energy_stress.lstm | [LSTM-CORE] Forecast saved → outputs_v2/forecasts_rolling/2012/electricity_growth_pct_forecasts_lstm_core.csv
2026-09-26 14:18:46 | INFO     | energy_stress.lstm | [LSTM-CORE] Model saved → outputs_v2/models
2026-09-26 14:18:46 | INFO     | energy_stress.tft | [TFT/pytorch-forecasting] Fitting electricity (core)
2026-09-26 14:19:10 | INFO     | energy_stress.tft | [TFT electricity] validation: MAE=11.8540, RMSE=14.3670
2026-09-26 14:19:33 | INFO     | energy_stress.tft | [TFT] Forecast saved → outputs_v2/forecasts_rolling/2012/electricity_growth_pct_forecasts_tft_core.csv
2026-09-26 14:19:33 | INFO     | energy_stress.forecast_pipeline | 
──────────────────────────────────────────────────
Series: CARBON
──────────────────────────────────────────────────
2026-09-26 14:19:33 | INFO     | energy_stress.forecast_pipeline | [carbon] train=68, test=12, full=80 (through 2012-12-01), actual_target=12 non-null (2013-01-01..2013-12-01)
2026-09-26 14:19:33 | INFO     | energy_stress.sarima | [SARIMA-CORE] Fitting on carbon (train=68 obs)
2026-09-26 14:19:40 | INFO     | energy_stress.sarima | SARIMA best order: (1, 0, 0) × (2, 1, 0, 12)
2026-09-26 14:19:41 | INFO     | energy_stress.sarima | [SARIMA-CORE carbon] validation: MAE=24.0322, RMSE=30.1215, MAPE=74.60%
2026-09-26 14:19:41 | INFO     | energy_stress.sarima | [SARIMA-CORE] Forecast saved → outputs_v2/forecasts_rolling/2012/carbon_growth_pct_forecasts_sarima_core.csv
2026-09-26 14:19:41 | INFO     | energy_stress.prophet | [Prophet-CORE] Fitting on carbon (train=68 obs, regressors=False, cps=0.01, sps=1.0, reg_ps=n/a, seasonality=additive)
2026-09-26 14:19:41 | INFO     | energy_stress.prophet | [Prophet-CORE carbon] validation: MAE=93.0959, RMSE=98.9711
2026-09-26 14:19:41 | INFO     | energy_stress.prophet | [Prophet-CORE] Forecast saved → outputs_v2/forecasts_rolling/2012/carbon_growth_pct_forecasts_prophet_core.csv
2026-09-26 14:19:41 | INFO     | energy_stress.lstm | [LSTM-CORE] Training on carbon | train=2006-05-01→2011-12-01 (68 obs), test=2012-01-01→2012-12-01 (12 obs), use_macro=False, lookback=12, dropout=0.2, lr=0.001, units=(128,64), macro_feature_set=lstm
2026-09-26 14:19:43 | INFO     | energy_stress.lstm | [LSTM-CORE carbon] validation: MAE=18.3123, RMSE=21.7963
2026-09-26 14:19:49 | INFO     | energy_stress.lstm | [LSTM-CORE] Forecast saved → outputs_v2/forecasts_rolling/2012/carbon_growth_pct_forecasts_lstm_core.csv
2026-09-26 14:19:49 | INFO     | energy_stress.lstm | [LSTM-CORE] Model saved → outputs_v2/models
2026-09-26 14:19:49 | INFO     | energy_stress.tft | [TFT/pytorch-forecasting] Fitting carbon (core)
2026-09-26 14:20:12 | INFO     | energy_stress.tft | [TFT carbon] validation: MAE=43.2188, RMSE=47.3383
2026-09-26 14:20:34 | INFO     | energy_stress.tft | [TFT] Forecast saved → outputs_v2/forecasts_rolling/2012/carbon_growth_pct_forecasts_tft_core.csv
2026-09-26 14:20:34 | DEBUG    | energy_stress.model_evaluation | Loaded outputs_v2/forecasts_rolling/2012/gas_growth_pct_forecasts_sarima_core.csv (12 rows)
2026-09-26 14:20:34 | WARNING  | energy_stress.model_evaluation | Forecast file not found: outputs_v2/forecasts_rolling/2012/gas_growth_pct_forecasts_sarima_macro.csv
2026-09-26 14:20:34 | DEBUG    | energy_stress.model_evaluation | Loaded outputs_v2/forecasts_rolling/2012/gas_growth_pct_forecasts_prophet_core.csv (12 rows)
2026-09-26 14:20:34 | WARNING  | energy_stress.model_evaluation | Forecast file not found: outputs_v2/forecasts_rolling/2012/gas_growth_pct_forecasts_prophet_macro.csv
2026-09-26 14:20:34 | DEBUG    | energy_stress.model_evaluation | Loaded outputs_v2/forecasts_rolling/2012/gas_growth_pct_forecasts_lstm_core.csv (12 rows)
2026-09-26 14:20:34 | WARNING  | energy_stress.model_evaluation | Forecast file not found: outputs_v2/forecasts_rolling/2012/gas_growth_pct_forecasts_lstm_macro.csv
2026-09-26 14:20:34 | DEBUG    | energy_stress.model_evaluation | Loaded outputs_v2/forecasts_rolling/2012/gas_growth_pct_forecasts_tft_core.csv (12 rows)
2026-09-26 14:20:34 | WARNING  | energy_stress.model_evaluation | Forecast file not found: outputs_v2/forecasts_rolling/2012/gas_growth_pct_forecasts_tft_macro.csv
2026-09-26 14:20:34 | INFO     | energy_stress.model_evaluation | Combined forecasts (48 rows) → outputs_v2/forecasts_rolling/2012/gas_growth_pct_forecasts_all.csv
2026-09-26 14:20:34 | INFO     | energy_stress.model_evaluation |   core combined → outputs_v2/forecasts_rolling/2012/gas_growth_pct_forecasts_core.csv
2026-09-26 14:20:34 | DEBUG    | energy_stress.model_evaluation | Loaded outputs_v2/forecasts_rolling/2012/electricity_growth_pct_forecasts_sarima_core.csv (12 rows)
2026-09-26 14:20:34 | WARNING  | energy_stress.model_evaluation | Forecast file not found: outputs_v2/forecasts_rolling/2012/electricity_growth_pct_forecasts_sarima_macro.csv
2026-09-26 14:20:34 | DEBUG    | energy_stress.model_evaluation | Loaded outputs_v2/forecasts_rolling/2012/electricity_growth_pct_forecasts_prophet_core.csv (12 rows)
2026-09-26 14:20:34 | WARNING  | energy_stress.model_evaluation | Forecast file not found: outputs_v2/forecasts_rolling/2012/electricity_growth_pct_forecasts_prophet_macro.csv
2026-09-26 14:20:34 | DEBUG    | energy_stress.model_evaluation | Loaded outputs_v2/forecasts_rolling/2012/electricity_growth_pct_forecasts_lstm_core.csv (12 rows)
2026-09-26 14:20:34 | WARNING  | energy_stress.model_evaluation | Forecast file not found: outputs_v2/forecasts_rolling/2012/electricity_growth_pct_forecasts_lstm_macro.csv
2026-09-26 14:20:34 | DEBUG    | energy_stress.model_evaluation | Loaded outputs_v2/forecasts_rolling/2012/electricity_growth_pct_forecasts_tft_core.csv (12 rows)
2026-09-26 14:20:34 | WARNING  | energy_stress.model_evaluation | Forecast file not found: outputs_v2/forecasts_rolling/2012/electricity_growth_pct_forecasts_tft_macro.csv
2026-09-26 14:20:34 | INFO     | energy_stress.model_evaluation | Combined forecasts (48 rows) → outputs_v2/forecasts_rolling/2012/electricity_growth_pct_forecasts_all.csv
2026-09-26 14:20:34 | INFO     | energy_stress.model_evaluation |   core combined → outputs_v2/forecasts_rolling/2012/electricity_growth_pct_forecasts_core.csv
2026-09-26 14:20:34 | DEBUG    | energy_stress.model_evaluation | Loaded outputs_v2/forecasts_rolling/2012/carbon_growth_pct_forecasts_sarima_core.csv (12 rows)
2026-09-26 14:20:34 | WARNING  | energy_stress.model_evaluation | Forecast file not found: outputs_v2/forecasts_rolling/2012/carbon_growth_pct_forecasts_sarima_macro.csv
2026-09-26 14:20:34 | DEBUG    | energy_stress.model_evaluation | Loaded outputs_v2/forecasts_rolling/2012/carbon_growth_pct_forecasts_prophet_core.csv (12 rows)
2026-09-26 14:20:34 | WARNING  | energy_stress.model_evaluation | Forecast file not found: outputs_v2/forecasts_rolling/2012/carbon_growth_pct_forecasts_prophet_macro.csv
2026-09-26 14:20:34 | DEBUG    | energy_stress.model_evaluation | Loaded outputs_v2/forecasts_rolling/2012/carbon_growth_pct_forecasts_lstm_core.csv (12 rows)
2026-09-26 14:20:34 | WARNING  | energy_stress.model_evaluation | Forecast file not found: outputs_v2/forecasts_rolling/2012/carbon_growth_pct_forecasts_lstm_macro.csv
2026-09-26 14:20:34 | DEBUG    | energy_stress.model_evaluation | Loaded outputs_v2/forecasts_rolling/2012/carbon_growth_pct_forecasts_tft_core.csv (12 rows)
2026-09-26 14:20:34 | WARNING  | energy_stress.model_evaluation | Forecast file not found: outputs_v2/forecasts_rolling/2012/carbon_growth_pct_forecasts_tft_macro.csv
2026-09-26 14:20:34 | INFO     | energy_stress.model_evaluation | Combined forecasts (48 rows) → outputs_v2/forecasts_rolling/2012/carbon_growth_pct_forecasts_all.csv
2026-09-26 14:20:34 | INFO     | energy_stress.model_evaluation |   core combined → outputs_v2/forecasts_rolling/2012/carbon_growth_pct_forecasts_core.csv
2026-09-26 14:20:34 | INFO     | energy_stress.model_evaluation | Evaluating 12 model results across all series and modes
2026-09-26 14:20:34 | INFO     | energy_stress.model_evaluation | Best model [carbon][core]: LSTM (selection_score=1.500)
2026-09-26 14:20:34 | INFO     | energy_stress.model_evaluation | Best model [electricity][core]: LSTM (selection_score=1.450)
2026-09-26 14:20:34 | INFO     | energy_stress.model_evaluation | Best model [gas][core]: LSTM (selection_score=1.450)
2026-09-26 14:20:34 | INFO     | energy_stress.model_evaluation | Metrics table saved → outputs_v2/tables/rolling/2012/model_metrics_comparison.csv
2026-09-26 14:20:34 | INFO     | energy_stress.fes | Best models selected:
2026-09-26 14:20:34 | INFO     | energy_stress.fes |   [carbon][core] → LSTM
2026-09-26 14:20:34 | INFO     | energy_stress.fes |   [electricity][core] → LSTM
2026-09-26 14:20:34 | INFO     | energy_stress.fes |   [gas][core] → LSTM
2026-09-26 14:20:34 | INFO     | energy_stress.fes | Per-series mode selected for FES_selected (metric per series/mode: {('gas', 'core'): 'RMSE', ('electricity', 'core'): 'RMSE', ('carbon', 'core'): 'RMSE'}): {'gas': 'core', 'electricity': 'core', 'carbon': 'core'}
2026-09-26 14:20:34 | INFO     | energy_stress.fes | FES_Weighted series weights (inverse validation-RMSE, normalized to mean 1.0): {'gas': 1.0915282349897608, 'electricity': 1.5432311498915, 'carbon': 0.3652406151187392}
2026-09-26 14:20:34 | INFO     | energy_stress.fes | [gas] train μ=13.2850, σ=18.5371 | unc_ref μ=10.6224, σ=6.7694
2026-09-26 14:20:34 | INFO     | energy_stress.fes | [electricity] train μ=8.7305, σ=11.3611 | unc_ref μ=6.4623, σ=3.6601
2026-09-26 14:20:34 | INFO     | energy_stress.fes | [carbon] train μ=-16.8918, σ=249.6149 | unc_ref μ=131.1555, σ=142.6232
2026-09-26 14:20:34 | INFO     | energy_stress.fes | [actual real-vol] train μ=0.5386, σ=0.2941
2026-09-26 14:20:34 | WARNING  | energy_stress.fes | No best model found for (gas, macro)
2026-09-26 14:20:34 | WARNING  | energy_stress.fes | No best model found for (electricity, macro)
2026-09-26 14:20:34 | WARNING  | energy_stress.fes | No best model found for (carbon, macro)
2026-09-26 14:20:34 | INFO     | energy_stress.fes | Monthly FES saved → outputs_v2/fes/rolling/2012/fes_monthly_2013.csv
2026-09-26 14:20:34 | INFO     | energy_stress.fes | [gas] train μ=13.6559, σ=19.8647 | unc_ref μ=11.3423, σ=7.1409
2026-09-26 14:20:34 | INFO     | energy_stress.fes | [electricity] train μ=9.2330, σ=12.1093 | unc_ref μ=6.8338, σ=3.8759
2026-09-26 14:20:34 | INFO     | energy_stress.fes | [carbon] train μ=-10.5999, σ=270.3214 | unc_ref μ=151.0712, σ=147.4975
2026-09-26 14:20:34 | INFO     | energy_stress.fes | [actual real-vol] train μ=0.5543, σ=0.2586
2026-09-26 14:20:34 | INFO     | energy_stress.fes | FES_actual, prior year 2012 (baseline for FES_selected's 2013 forecast): mean=-1.91036 -> outputs_v2/fes/rolling/2012/fes_prior_actual_2012.csv
2026-09-26 14:20:34 | INFO     | energy_stress.fes | FES comparison metrics saved → outputs_v2/fes/rolling/2012/fes_comparison_metrics.csv  (9 rows)
2026-09-26 14:20:34 | INFO     | energy_stress.fes | Best RMSE per variant:
FES_variant
Equal_Core        0.60738
Equal_Selected    0.60738
Equal_Weighted    1.10889
2026-09-26 14:20:34 | INFO     | energy_stress.forecast_pipeline | ========================================
2026-09-26 14:20:34 | INFO     | energy_stress.forecast_pipeline | STAGE 2: Rolling year as_of=2013 (split train<2013, test=2013, refit<=2013, forecast=2014)
2026-09-26 14:20:34 | INFO     | energy_stress.forecast_pipeline | ========================================
2026-09-26 14:20:34 | INFO     | energy_stress.preprocessing | Train: 80 rows (through 2012-12-01) | Test: 12 rows (2013-01-01..2013-12-01)
2026-09-26 14:20:35 | INFO     | energy_stress.forecast_pipeline | ========================================
2026-09-26 14:20:35 | INFO     | energy_stress.forecast_pipeline | STAGE 2: Per-origin tuning, as_of=2013
2026-09-26 14:20:35 | INFO     | energy_stress.forecast_pipeline | ========================================
2026-09-26 14:20:35 | INFO     | energy_stress.tuning | Tuning gas/core/SARIMA candidate 1/1: {}
2026-09-26 14:20:35 | INFO     | energy_stress.sarima | [SARIMA-CORE] Fitting on gas (train=80 obs)
2026-09-26 14:20:42 | INFO     | energy_stress.sarima | SARIMA best order: (2, 0, 0) × (2, 1, 1, 12)
2026-09-26 14:20:43 | INFO     | energy_stress.sarima | [SARIMA-CORE gas] validation: MAE=2.1044, RMSE=2.6455, MAPE=27.26%
2026-09-26 14:20:43 | INFO     | energy_stress.sarima | [SARIMA-CORE] Forecast saved → outputs_v2/tuning_rolling/2013/forecasts/gas/core/sarima/candidate_01/gas_growth_pct_forecasts_sarima_core.csv
2026-09-26 14:20:43 | INFO     | energy_stress.tuning | Tuning gas/core/Prophet candidate 1/16: {'changepoint_prior_scale': 0.001, 'seasonality_prior_scale': 1.0, 'seasonality_mode': 'additive'}
2026-09-26 14:20:43 | INFO     | energy_stress.prophet | [Prophet-CORE] Fitting on gas (train=80 obs, regressors=False, cps=0.001, sps=1.0, reg_ps=n/a, seasonality=additive)
2026-09-26 14:20:43 | INFO     | energy_stress.prophet | [Prophet-CORE gas] validation: MAE=7.2550, RMSE=7.6096
2026-09-26 14:20:43 | INFO     | energy_stress.prophet | [Prophet-CORE] Forecast saved → outputs_v2/tuning_rolling/2013/forecasts/gas/core/prophet/candidate_01/gas_growth_pct_forecasts_prophet_core.csv
2026-09-26 14:20:43 | INFO     | energy_stress.tuning | Tuning gas/core/Prophet candidate 2/16: {'changepoint_prior_scale': 0.001, 'seasonality_prior_scale': 1.0, 'seasonality_mode': 'multiplicative'}
2026-09-26 14:20:43 | INFO     | energy_stress.prophet | [Prophet-CORE] Fitting on gas (train=80 obs, regressors=False, cps=0.001, sps=1.0, reg_ps=n/a, seasonality=multiplicative)
2026-09-26 14:20:43 | INFO     | energy_stress.prophet | [Prophet-CORE gas] validation: MAE=7.5242, RMSE=7.7038
2026-09-26 14:20:43 | INFO     | energy_stress.prophet | [Prophet-CORE] Forecast saved → outputs_v2/tuning_rolling/2013/forecasts/gas/core/prophet/candidate_02/gas_growth_pct_forecasts_prophet_core.csv
2026-09-26 14:20:43 | INFO     | energy_stress.tuning | Tuning gas/core/Prophet candidate 3/16: {'changepoint_prior_scale': 0.001, 'seasonality_prior_scale': 10.0, 'seasonality_mode': 'additive'}
2026-09-26 14:20:43 | INFO     | energy_stress.prophet | [Prophet-CORE] Fitting on gas (train=80 obs, regressors=False, cps=0.001, sps=10.0, reg_ps=n/a, seasonality=additive)
2026-09-26 14:20:44 | INFO     | energy_stress.prophet | [Prophet-CORE gas] validation: MAE=7.8274, RMSE=7.8972
2026-09-26 14:20:44 | INFO     | energy_stress.prophet | [Prophet-CORE] Forecast saved → outputs_v2/tuning_rolling/2013/forecasts/gas/core/prophet/candidate_03/gas_growth_pct_forecasts_prophet_core.csv
2026-09-26 14:20:44 | INFO     | energy_stress.tuning | Tuning gas/core/Prophet candidate 4/16: {'changepoint_prior_scale': 0.001, 'seasonality_prior_scale': 10.0, 'seasonality_mode': 'multiplicative'}
2026-09-26 14:20:44 | INFO     | energy_stress.prophet | [Prophet-CORE] Fitting on gas (train=80 obs, regressors=False, cps=0.001, sps=10.0, reg_ps=n/a, seasonality=multiplicative)
2026-09-26 14:20:46 | INFO     | energy_stress.prophet | [Prophet-CORE gas] validation: MAE=3.5943, RMSE=3.6986
2026-09-26 14:20:46 | INFO     | energy_stress.prophet | [Prophet-CORE] Forecast saved → outputs_v2/tuning_rolling/2013/forecasts/gas/core/prophet/candidate_04/gas_growth_pct_forecasts_prophet_core.csv
2026-09-26 14:20:46 | INFO     | energy_stress.tuning | Tuning gas/core/Prophet candidate 5/16: {'changepoint_prior_scale': 0.01, 'seasonality_prior_scale': 1.0, 'seasonality_mode': 'additive'}
2026-09-26 14:20:46 | INFO     | energy_stress.prophet | [Prophet-CORE] Fitting on gas (train=80 obs, regressors=False, cps=0.01, sps=1.0, reg_ps=n/a, seasonality=additive)
2026-09-26 14:20:46 | INFO     | energy_stress.prophet | [Prophet-CORE gas] validation: MAE=7.2001, RMSE=7.5276
2026-09-26 14:20:46 | INFO     | energy_stress.prophet | [Prophet-CORE] Forecast saved → outputs_v2/tuning_rolling/2013/forecasts/gas/core/prophet/candidate_05/gas_growth_pct_forecasts_prophet_core.csv
2026-09-26 14:20:46 | INFO     | energy_stress.tuning | Tuning gas/core/Prophet candidate 6/16: {'changepoint_prior_scale': 0.01, 'seasonality_prior_scale': 1.0, 'seasonality_mode': 'multiplicative'}
2026-09-26 14:20:46 | INFO     | energy_stress.prophet | [Prophet-CORE] Fitting on gas (train=80 obs, regressors=False, cps=0.01, sps=1.0, reg_ps=n/a, seasonality=multiplicative)
2026-09-26 14:20:46 | INFO     | energy_stress.prophet | [Prophet-CORE gas] validation: MAE=7.4414, RMSE=7.6248
2026-09-26 14:20:46 | INFO     | energy_stress.prophet | [Prophet-CORE] Forecast saved → outputs_v2/tuning_rolling/2013/forecasts/gas/core/prophet/candidate_06/gas_growth_pct_forecasts_prophet_core.csv
2026-09-26 14:20:46 | INFO     | energy_stress.tuning | Tuning gas/core/Prophet candidate 7/16: {'changepoint_prior_scale': 0.01, 'seasonality_prior_scale': 10.0, 'seasonality_mode': 'additive'}
2026-09-26 14:20:46 | INFO     | energy_stress.prophet | [Prophet-CORE] Fitting on gas (train=80 obs, regressors=False, cps=0.01, sps=10.0, reg_ps=n/a, seasonality=additive)
2026-09-26 14:20:47 | INFO     | energy_stress.prophet | [Prophet-CORE gas] validation: MAE=7.7234, RMSE=7.7920
2026-09-26 14:20:47 | INFO     | energy_stress.prophet | [Prophet-CORE] Forecast saved → outputs_v2/tuning_rolling/2013/forecasts/gas/core/prophet/candidate_07/gas_growth_pct_forecasts_prophet_core.csv
2026-09-26 14:20:47 | INFO     | energy_stress.tuning | Tuning gas/core/Prophet candidate 8/16: {'changepoint_prior_scale': 0.01, 'seasonality_prior_scale': 10.0, 'seasonality_mode': 'multiplicative'}
2026-09-26 14:20:47 | INFO     | energy_stress.prophet | [Prophet-CORE] Fitting on gas (train=80 obs, regressors=False, cps=0.01, sps=10.0, reg_ps=n/a, seasonality=multiplicative)
2026-09-26 14:20:47 | INFO     | energy_stress.prophet | [Prophet-CORE gas] validation: MAE=7.8609, RMSE=8.0761
2026-09-26 14:20:47 | INFO     | energy_stress.prophet | [Prophet-CORE] Forecast saved → outputs_v2/tuning_rolling/2013/forecasts/gas/core/prophet/candidate_08/gas_growth_pct_forecasts_prophet_core.csv
2026-09-26 14:20:47 | INFO     | energy_stress.tuning | Tuning gas/core/Prophet candidate 9/16: {'changepoint_prior_scale': 0.05, 'seasonality_prior_scale': 1.0, 'seasonality_mode': 'additive'}
2026-09-26 14:20:47 | INFO     | energy_stress.prophet | [Prophet-CORE] Fitting on gas (train=80 obs, regressors=False, cps=0.05, sps=1.0, reg_ps=n/a, seasonality=additive)
2026-09-26 14:20:47 | INFO     | energy_stress.prophet | [Prophet-CORE gas] validation: MAE=7.2102, RMSE=7.5388
2026-09-26 14:20:47 | INFO     | energy_stress.prophet | [Prophet-CORE] Forecast saved → outputs_v2/tuning_rolling/2013/forecasts/gas/core/prophet/candidate_09/gas_growth_pct_forecasts_prophet_core.csv
2026-09-26 14:20:47 | INFO     | energy_stress.tuning | Tuning gas/core/Prophet candidate 10/16: {'changepoint_prior_scale': 0.05, 'seasonality_prior_scale': 1.0, 'seasonality_mode': 'multiplicative'}
2026-09-26 14:20:47 | INFO     | energy_stress.prophet | [Prophet-CORE] Fitting on gas (train=80 obs, regressors=False, cps=0.05, sps=1.0, reg_ps=n/a, seasonality=multiplicative)
2026-09-26 14:20:48 | INFO     | energy_stress.prophet | [Prophet-CORE gas] validation: MAE=7.4722, RMSE=7.6548
2026-09-26 14:20:48 | INFO     | energy_stress.prophet | [Prophet-CORE] Forecast saved → outputs_v2/tuning_rolling/2013/forecasts/gas/core/prophet/candidate_10/gas_growth_pct_forecasts_prophet_core.csv
2026-09-26 14:20:48 | INFO     | energy_stress.tuning | Tuning gas/core/Prophet candidate 11/16: {'changepoint_prior_scale': 0.05, 'seasonality_prior_scale': 10.0, 'seasonality_mode': 'additive'}
2026-09-26 14:20:48 | INFO     | energy_stress.prophet | [Prophet-CORE] Fitting on gas (train=80 obs, regressors=False, cps=0.05, sps=10.0, reg_ps=n/a, seasonality=additive)
2026-09-26 14:20:48 | INFO     | energy_stress.prophet | [Prophet-CORE gas] validation: MAE=7.7873, RMSE=7.8577
2026-09-26 14:20:48 | INFO     | energy_stress.prophet | [Prophet-CORE] Forecast saved → outputs_v2/tuning_rolling/2013/forecasts/gas/core/prophet/candidate_11/gas_growth_pct_forecasts_prophet_core.csv
2026-09-26 14:20:48 | INFO     | energy_stress.tuning | Tuning gas/core/Prophet candidate 12/16: {'changepoint_prior_scale': 0.05, 'seasonality_prior_scale': 10.0, 'seasonality_mode': 'multiplicative'}
2026-09-26 14:20:48 | INFO     | energy_stress.prophet | [Prophet-CORE] Fitting on gas (train=80 obs, regressors=False, cps=0.05, sps=10.0, reg_ps=n/a, seasonality=multiplicative)
2026-09-26 14:20:48 | INFO     | energy_stress.prophet | [Prophet-CORE gas] validation: MAE=7.7627, RMSE=7.9786
2026-09-26 14:20:48 | INFO     | energy_stress.prophet | [Prophet-CORE] Forecast saved → outputs_v2/tuning_rolling/2013/forecasts/gas/core/prophet/candidate_12/gas_growth_pct_forecasts_prophet_core.csv
2026-09-26 14:20:48 | INFO     | energy_stress.tuning | Tuning gas/core/Prophet candidate 13/16: {'changepoint_prior_scale': 0.1, 'seasonality_prior_scale': 1.0, 'seasonality_mode': 'additive'}
2026-09-26 14:20:48 | INFO     | energy_stress.prophet | [Prophet-CORE] Fitting on gas (train=80 obs, regressors=False, cps=0.1, sps=1.0, reg_ps=n/a, seasonality=additive)
2026-09-26 14:20:49 | INFO     | energy_stress.prophet | [Prophet-CORE gas] validation: MAE=7.1920, RMSE=7.5185
2026-09-26 14:20:49 | INFO     | energy_stress.prophet | [Prophet-CORE] Forecast saved → outputs_v2/tuning_rolling/2013/forecasts/gas/core/prophet/candidate_13/gas_growth_pct_forecasts_prophet_core.csv
2026-09-26 14:20:49 | INFO     | energy_stress.tuning | Tuning gas/core/Prophet candidate 14/16: {'changepoint_prior_scale': 0.1, 'seasonality_prior_scale': 1.0, 'seasonality_mode': 'multiplicative'}
2026-09-26 14:20:49 | INFO     | energy_stress.prophet | [Prophet-CORE] Fitting on gas (train=80 obs, regressors=False, cps=0.1, sps=1.0, reg_ps=n/a, seasonality=multiplicative)
2026-09-26 14:20:49 | INFO     | energy_stress.prophet | [Prophet-CORE gas] validation: MAE=7.4226, RMSE=7.6062
2026-09-26 14:20:49 | INFO     | energy_stress.prophet | [Prophet-CORE] Forecast saved → outputs_v2/tuning_rolling/2013/forecasts/gas/core/prophet/candidate_14/gas_growth_pct_forecasts_prophet_core.csv
2026-09-26 14:20:49 | INFO     | energy_stress.tuning | Tuning gas/core/Prophet candidate 15/16: {'changepoint_prior_scale': 0.1, 'seasonality_prior_scale': 10.0, 'seasonality_mode': 'additive'}
2026-09-26 14:20:49 | INFO     | energy_stress.prophet | [Prophet-CORE] Fitting on gas (train=80 obs, regressors=False, cps=0.1, sps=10.0, reg_ps=n/a, seasonality=additive)
2026-09-26 14:20:50 | INFO     | energy_stress.prophet | [Prophet-CORE gas] validation: MAE=7.7052, RMSE=7.7732
2026-09-26 14:20:50 | INFO     | energy_stress.prophet | [Prophet-CORE] Forecast saved → outputs_v2/tuning_rolling/2013/forecasts/gas/core/prophet/candidate_15/gas_growth_pct_forecasts_prophet_core.csv
2026-09-26 14:20:50 | INFO     | energy_stress.tuning | Tuning gas/core/Prophet candidate 16/16: {'changepoint_prior_scale': 0.1, 'seasonality_prior_scale': 10.0, 'seasonality_mode': 'multiplicative'}
2026-09-26 14:20:50 | INFO     | energy_stress.prophet | [Prophet-CORE] Fitting on gas (train=80 obs, regressors=False, cps=0.1, sps=10.0, reg_ps=n/a, seasonality=multiplicative)
2026-09-26 14:20:50 | INFO     | energy_stress.prophet | [Prophet-CORE gas] validation: MAE=7.7219, RMSE=7.9391
2026-09-26 14:20:50 | INFO     | energy_stress.prophet | [Prophet-CORE] Forecast saved → outputs_v2/tuning_rolling/2013/forecasts/gas/core/prophet/candidate_16/gas_growth_pct_forecasts_prophet_core.csv
2026-09-26 14:20:50 | INFO     | energy_stress.tuning | Best params for gas/core/Prophet: {'changepoint_prior_scale': 0.001, 'seasonality_prior_scale': 10.0, 'seasonality_mode': 'multiplicative'} (validation score=3.5943)
2026-09-26 14:20:50 | INFO     | energy_stress.tuning | Tuning gas/core/LSTM candidate 1/3: {'lookback': 6, 'dropout': 0.1, 'learning_rate': 0.001, 'units_1': 64, 'units_2': 32, 'macro_feature_set': 'lstm'}
2026-09-26 14:20:50 | INFO     | energy_stress.lstm | [LSTM-CORE] Training on gas | train=2006-05-01→2012-12-01 (80 obs), test=2013-01-01→2013-12-01 (12 obs), use_macro=False, lookback=6, dropout=0.1, lr=0.001, units=(64,32), macro_feature_set=lstm
2026-09-26 14:20:51 | INFO     | energy_stress.lstm | [LSTM-CORE gas] validation: MAE=0.6937, RMSE=0.9634
2026-09-26 14:20:55 | INFO     | energy_stress.lstm | [LSTM-CORE] Forecast saved → outputs_v2/tuning_rolling/2013/forecasts/gas/core/lstm/candidate_01/gas_growth_pct_forecasts_lstm_core.csv
2026-09-26 14:20:55 | INFO     | energy_stress.tuning | Tuning gas/core/LSTM candidate 2/3: {'lookback': 12, 'dropout': 0.2, 'learning_rate': 0.001, 'units_1': 128, 'units_2': 64, 'macro_feature_set': 'lstm'}
2026-09-26 14:20:55 | INFO     | energy_stress.lstm | [LSTM-CORE] Training on gas | train=2006-05-01→2012-12-01 (80 obs), test=2013-01-01→2013-12-01 (12 obs), use_macro=False, lookback=12, dropout=0.2, lr=0.001, units=(128,64), macro_feature_set=lstm
2026-09-26 14:20:56 | INFO     | energy_stress.lstm | [LSTM-CORE gas] validation: MAE=1.2209, RMSE=1.2860
2026-09-26 14:21:00 | INFO     | energy_stress.lstm | [LSTM-CORE] Forecast saved → outputs_v2/tuning_rolling/2013/forecasts/gas/core/lstm/candidate_02/gas_growth_pct_forecasts_lstm_core.csv
2026-09-26 14:21:00 | INFO     | energy_stress.tuning | Tuning gas/core/LSTM candidate 3/3: {'lookback': 18, 'dropout': 0.25, 'learning_rate': 0.0005, 'units_1': 128, 'units_2': 64, 'macro_feature_set': 'lstm'}
2026-09-26 14:21:00 | INFO     | energy_stress.lstm | [LSTM-CORE] Training on gas | train=2006-05-01→2012-12-01 (80 obs), test=2013-01-01→2013-12-01 (12 obs), use_macro=False, lookback=18, dropout=0.25, lr=0.0005, units=(128,64), macro_feature_set=lstm
2026-09-26 14:21:02 | INFO     | energy_stress.lstm | [LSTM-CORE gas] validation: MAE=1.5434, RMSE=1.6595
2026-09-26 14:21:06 | INFO     | energy_stress.lstm | [LSTM-CORE] Forecast saved → outputs_v2/tuning_rolling/2013/forecasts/gas/core/lstm/candidate_03/gas_growth_pct_forecasts_lstm_core.csv
2026-09-26 14:21:06 | INFO     | energy_stress.tuning | Best params for gas/core/LSTM: {'lookback': 6, 'dropout': 0.1, 'learning_rate': 0.001, 'units_1': 64, 'units_2': 32, 'macro_feature_set': 'lstm'} (validation score=0.6937)
2026-09-26 14:21:06 | INFO     | energy_stress.tuning | Tuning gas/core/TFT candidate 1/3: {'lookback': 6, 'hidden': 32, 'n_heads': 4, 'learning_rate': 0.001}
2026-09-26 14:21:06 | INFO     | energy_stress.tft | [TFT/pytorch-forecasting] Fitting gas (core)
2026-09-26 14:21:19 | INFO     | energy_stress.tft | [TFT gas] validation: MAE=6.6284, RMSE=6.7580
2026-09-26 14:21:41 | INFO     | energy_stress.tft | [TFT] Forecast saved → outputs_v2/tuning_rolling/2013/forecasts/gas/core/tft/candidate_01/gas_growth_pct_forecasts_tft_core.csv
2026-09-26 14:21:41 | INFO     | energy_stress.tuning | Tuning gas/core/TFT candidate 2/3: {'lookback': 12, 'hidden': 64, 'n_heads': 4, 'learning_rate': 0.0005}
2026-09-26 14:21:41 | INFO     | energy_stress.tft | [TFT/pytorch-forecasting] Fitting gas (core)
2026-09-26 14:21:54 | INFO     | energy_stress.tft | [TFT gas] validation: MAE=2.2498, RMSE=2.9760
2026-09-26 14:22:16 | INFO     | energy_stress.tft | [TFT] Forecast saved → outputs_v2/tuning_rolling/2013/forecasts/gas/core/tft/candidate_02/gas_growth_pct_forecasts_tft_core.csv
2026-09-26 14:22:16 | INFO     | energy_stress.tuning | Tuning gas/core/TFT candidate 3/3: {'lookback': 18, 'hidden': 64, 'n_heads': 4, 'learning_rate': 0.0005}
2026-09-26 14:22:16 | INFO     | energy_stress.tft | [TFT/pytorch-forecasting] Fitting gas (core)
2026-09-26 14:22:29 | INFO     | energy_stress.tft | [TFT gas] validation: MAE=3.7063, RMSE=4.4031
2026-09-26 14:22:50 | INFO     | energy_stress.tft | [TFT] Forecast saved → outputs_v2/tuning_rolling/2013/forecasts/gas/core/tft/candidate_03/gas_growth_pct_forecasts_tft_core.csv
2026-09-26 14:22:50 | INFO     | energy_stress.tuning | Best params for gas/core/TFT: {'lookback': 12, 'hidden': 64, 'n_heads': 4, 'learning_rate': 0.0005} (validation score=2.2498)
2026-09-26 14:22:50 | INFO     | energy_stress.tuning | Tuning electricity/core/SARIMA candidate 1/1: {}
2026-09-26 14:22:50 | INFO     | energy_stress.sarima | [SARIMA-CORE] Fitting on electricity (train=80 obs)
2026-09-26 14:23:04 | INFO     | energy_stress.sarima | SARIMA best order: (2, 0, 0) × (2, 1, 1, 12)
2026-09-26 14:23:05 | INFO     | energy_stress.sarima | [SARIMA-CORE electricity] validation: MAE=3.1384, RMSE=3.5780, MAPE=42.45%
2026-09-26 14:23:05 | INFO     | energy_stress.sarima | [SARIMA-CORE] Forecast saved → outputs_v2/tuning_rolling/2013/forecasts/electricity/core/sarima/candidate_01/electricity_growth_pct_forecasts_sarima_core.csv
2026-09-26 14:23:05 | INFO     | energy_stress.tuning | Tuning electricity/core/Prophet candidate 1/8: {'changepoint_prior_scale': 0.001, 'seasonality_prior_scale': 1.0, 'seasonality_mode': 'additive'}
2026-09-26 14:23:05 | INFO     | energy_stress.prophet | [Prophet-CORE] Fitting on electricity (train=80 obs, regressors=False, cps=0.001, sps=1.0, reg_ps=n/a, seasonality=additive)
2026-09-26 14:23:05 | INFO     | energy_stress.prophet | [Prophet-CORE electricity] validation: MAE=8.8595, RMSE=9.1252
2026-09-26 14:23:05 | INFO     | energy_stress.prophet | [Prophet-CORE] Forecast saved → outputs_v2/tuning_rolling/2013/forecasts/electricity/core/prophet/candidate_01/electricity_growth_pct_forecasts_prophet_core.csv
2026-09-26 14:23:05 | INFO     | energy_stress.tuning | Tuning electricity/core/Prophet candidate 2/8: {'changepoint_prior_scale': 0.001, 'seasonality_prior_scale': 10.0, 'seasonality_mode': 'additive'}
2026-09-26 14:23:05 | INFO     | energy_stress.prophet | [Prophet-CORE] Fitting on electricity (train=80 obs, regressors=False, cps=0.001, sps=10.0, reg_ps=n/a, seasonality=additive)
2026-09-26 14:23:05 | INFO     | energy_stress.prophet | [Prophet-CORE electricity] validation: MAE=8.9500, RMSE=9.3100
2026-09-26 14:23:05 | INFO     | energy_stress.prophet | [Prophet-CORE] Forecast saved → outputs_v2/tuning_rolling/2013/forecasts/electricity/core/prophet/candidate_02/electricity_growth_pct_forecasts_prophet_core.csv
2026-09-26 14:23:05 | INFO     | energy_stress.tuning | Tuning electricity/core/Prophet candidate 3/8: {'changepoint_prior_scale': 0.01, 'seasonality_prior_scale': 1.0, 'seasonality_mode': 'additive'}
2026-09-26 14:23:05 | INFO     | energy_stress.prophet | [Prophet-CORE] Fitting on electricity (train=80 obs, regressors=False, cps=0.01, sps=1.0, reg_ps=n/a, seasonality=additive)
2026-09-26 14:23:06 | INFO     | energy_stress.prophet | [Prophet-CORE electricity] validation: MAE=8.6824, RMSE=8.9486
2026-09-26 14:23:06 | INFO     | energy_stress.prophet | [Prophet-CORE] Forecast saved → outputs_v2/tuning_rolling/2013/forecasts/electricity/core/prophet/candidate_03/electricity_growth_pct_forecasts_prophet_core.csv
2026-09-26 14:23:06 | INFO     | energy_stress.tuning | Tuning electricity/core/Prophet candidate 4/8: {'changepoint_prior_scale': 0.01, 'seasonality_prior_scale': 10.0, 'seasonality_mode': 'additive'}
2026-09-26 14:23:06 | INFO     | energy_stress.prophet | [Prophet-CORE] Fitting on electricity (train=80 obs, regressors=False, cps=0.01, sps=10.0, reg_ps=n/a, seasonality=additive)
2026-09-26 14:23:06 | INFO     | energy_stress.prophet | [Prophet-CORE electricity] validation: MAE=8.7624, RMSE=9.1112
2026-09-26 14:23:06 | INFO     | energy_stress.prophet | [Prophet-CORE] Forecast saved → outputs_v2/tuning_rolling/2013/forecasts/electricity/core/prophet/candidate_04/electricity_growth_pct_forecasts_prophet_core.csv
2026-09-26 14:23:06 | INFO     | energy_stress.tuning | Tuning electricity/core/Prophet candidate 5/8: {'changepoint_prior_scale': 0.05, 'seasonality_prior_scale': 1.0, 'seasonality_mode': 'additive'}
2026-09-26 14:23:06 | INFO     | energy_stress.prophet | [Prophet-CORE] Fitting on electricity (train=80 obs, regressors=False, cps=0.05, sps=1.0, reg_ps=n/a, seasonality=additive)
2026-09-26 14:23:06 | INFO     | energy_stress.prophet | [Prophet-CORE electricity] validation: MAE=8.6788, RMSE=8.9507
2026-09-26 14:23:07 | INFO     | energy_stress.prophet | [Prophet-CORE] Forecast saved → outputs_v2/tuning_rolling/2013/forecasts/electricity/core/prophet/candidate_05/electricity_growth_pct_forecasts_prophet_core.csv
2026-09-26 14:23:07 | INFO     | energy_stress.tuning | Tuning electricity/core/Prophet candidate 6/8: {'changepoint_prior_scale': 0.05, 'seasonality_prior_scale': 10.0, 'seasonality_mode': 'additive'}
2026-09-26 14:23:07 | INFO     | energy_stress.prophet | [Prophet-CORE] Fitting on electricity (train=80 obs, regressors=False, cps=0.05, sps=10.0, reg_ps=n/a, seasonality=additive)
2026-09-26 14:23:07 | INFO     | energy_stress.prophet | [Prophet-CORE electricity] validation: MAE=8.7537, RMSE=9.1036
2026-09-26 14:23:07 | INFO     | energy_stress.prophet | [Prophet-CORE] Forecast saved → outputs_v2/tuning_rolling/2013/forecasts/electricity/core/prophet/candidate_06/electricity_growth_pct_forecasts_prophet_core.csv
2026-09-26 14:23:07 | INFO     | energy_stress.tuning | Tuning electricity/core/Prophet candidate 7/8: {'changepoint_prior_scale': 0.1, 'seasonality_prior_scale': 1.0, 'seasonality_mode': 'additive'}
2026-09-26 14:23:07 | INFO     | energy_stress.prophet | [Prophet-CORE] Fitting on electricity (train=80 obs, regressors=False, cps=0.1, sps=1.0, reg_ps=n/a, seasonality=additive)
2026-09-26 14:23:07 | INFO     | energy_stress.prophet | [Prophet-CORE electricity] validation: MAE=8.6698, RMSE=8.9427
2026-09-26 14:23:07 | INFO     | energy_stress.prophet | [Prophet-CORE] Forecast saved → outputs_v2/tuning_rolling/2013/forecasts/electricity/core/prophet/candidate_07/electricity_growth_pct_forecasts_prophet_core.csv
2026-09-26 14:23:07 | INFO     | energy_stress.tuning | Tuning electricity/core/Prophet candidate 8/8: {'changepoint_prior_scale': 0.1, 'seasonality_prior_scale': 10.0, 'seasonality_mode': 'additive'}
2026-09-26 14:23:07 | INFO     | energy_stress.prophet | [Prophet-CORE] Fitting on electricity (train=80 obs, regressors=False, cps=0.1, sps=10.0, reg_ps=n/a, seasonality=additive)
2026-09-26 14:23:08 | INFO     | energy_stress.prophet | [Prophet-CORE electricity] validation: MAE=8.7451, RMSE=9.0941
2026-09-26 14:23:08 | INFO     | energy_stress.prophet | [Prophet-CORE] Forecast saved → outputs_v2/tuning_rolling/2013/forecasts/electricity/core/prophet/candidate_08/electricity_growth_pct_forecasts_prophet_core.csv
2026-09-26 14:23:08 | INFO     | energy_stress.tuning | Best params for electricity/core/Prophet: {'changepoint_prior_scale': 0.1, 'seasonality_prior_scale': 1.0, 'seasonality_mode': 'additive'} (validation score=8.6698)
2026-09-26 14:23:08 | INFO     | energy_stress.tuning | Tuning electricity/core/LSTM candidate 1/3: {'lookback': 6, 'dropout': 0.1, 'learning_rate': 0.001, 'units_1': 64, 'units_2': 32, 'macro_feature_set': 'lstm'}
2026-09-26 14:23:08 | INFO     | energy_stress.lstm | [LSTM-CORE] Training on electricity | train=2006-05-01→2012-12-01 (80 obs), test=2013-01-01→2013-12-01 (12 obs), use_macro=False, lookback=6, dropout=0.1, lr=0.001, units=(64,32), macro_feature_set=lstm
2026-09-26 14:23:09 | INFO     | energy_stress.lstm | [LSTM-CORE electricity] validation: MAE=2.8869, RMSE=3.0117
2026-09-26 14:23:11 | INFO     | energy_stress.lstm | [LSTM-CORE] Forecast saved → outputs_v2/tuning_rolling/2013/forecasts/electricity/core/lstm/candidate_01/electricity_growth_pct_forecasts_lstm_core.csv
2026-09-26 14:23:11 | INFO     | energy_stress.tuning | Tuning electricity/core/LSTM candidate 2/3: {'lookback': 12, 'dropout': 0.2, 'learning_rate': 0.001, 'units_1': 128, 'units_2': 64, 'macro_feature_set': 'lstm'}
2026-09-26 14:23:11 | INFO     | energy_stress.lstm | [LSTM-CORE] Training on electricity | train=2006-05-01→2012-12-01 (80 obs), test=2013-01-01→2013-12-01 (12 obs), use_macro=False, lookback=12, dropout=0.2, lr=0.001, units=(128,64), macro_feature_set=lstm
2026-09-26 14:23:13 | INFO     | energy_stress.lstm | [LSTM-CORE electricity] validation: MAE=3.2515, RMSE=3.4390
2026-09-26 14:23:16 | INFO     | energy_stress.lstm | [LSTM-CORE] Forecast saved → outputs_v2/tuning_rolling/2013/forecasts/electricity/core/lstm/candidate_02/electricity_growth_pct_forecasts_lstm_core.csv
2026-09-26 14:23:16 | INFO     | energy_stress.tuning | Tuning electricity/core/LSTM candidate 3/3: {'lookback': 18, 'dropout': 0.25, 'learning_rate': 0.0005, 'units_1': 128, 'units_2': 64, 'macro_feature_set': 'lstm'}
2026-09-26 14:23:16 | INFO     | energy_stress.lstm | [LSTM-CORE] Training on electricity | train=2006-05-01→2012-12-01 (80 obs), test=2013-01-01→2013-12-01 (12 obs), use_macro=False, lookback=18, dropout=0.25, lr=0.0005, units=(128,64), macro_feature_set=lstm
2026-09-26 14:23:17 | INFO     | energy_stress.lstm | [LSTM-CORE electricity] validation: MAE=4.2226, RMSE=4.3849
2026-09-26 14:23:22 | INFO     | energy_stress.lstm | [LSTM-CORE] Forecast saved → outputs_v2/tuning_rolling/2013/forecasts/electricity/core/lstm/candidate_03/electricity_growth_pct_forecasts_lstm_core.csv
2026-09-26 14:23:22 | INFO     | energy_stress.tuning | Best params for electricity/core/LSTM: {'lookback': 6, 'dropout': 0.1, 'learning_rate': 0.001, 'units_1': 64, 'units_2': 32, 'macro_feature_set': 'lstm'} (validation score=2.8869)
2026-09-26 14:23:22 | INFO     | energy_stress.tuning | Tuning electricity/core/TFT candidate 1/3: {'lookback': 6, 'hidden': 32, 'n_heads': 4, 'learning_rate': 0.001}
2026-09-26 14:23:22 | INFO     | energy_stress.tft | [TFT/pytorch-forecasting] Fitting electricity (core)
2026-09-26 14:23:36 | INFO     | energy_stress.tft | [TFT electricity] validation: MAE=1.1630, RMSE=1.4029
2026-09-26 14:23:59 | INFO     | energy_stress.tft | [TFT] Forecast saved → outputs_v2/tuning_rolling/2013/forecasts/electricity/core/tft/candidate_01/electricity_growth_pct_forecasts_tft_core.csv
2026-09-26 14:23:59 | INFO     | energy_stress.tuning | Tuning electricity/core/TFT candidate 2/3: {'lookback': 12, 'hidden': 64, 'n_heads': 4, 'learning_rate': 0.0005}
2026-09-26 14:23:59 | INFO     | energy_stress.tft | [TFT/pytorch-forecasting] Fitting electricity (core)
2026-09-26 14:24:16 | INFO     | energy_stress.tft | [TFT electricity] validation: MAE=3.9488, RMSE=4.1485
2026-09-26 14:24:43 | INFO     | energy_stress.tft | [TFT] Forecast saved → outputs_v2/tuning_rolling/2013/forecasts/electricity/core/tft/candidate_02/electricity_growth_pct_forecasts_tft_core.csv
2026-09-26 14:24:43 | INFO     | energy_stress.tuning | Tuning electricity/core/TFT candidate 3/3: {'lookback': 18, 'hidden': 64, 'n_heads': 4, 'learning_rate': 0.0005}
2026-09-26 14:24:43 | INFO     | energy_stress.tft | [TFT/pytorch-forecasting] Fitting electricity (core)
2026-09-26 14:24:58 | INFO     | energy_stress.tft | [TFT electricity] validation: MAE=1.2699, RMSE=1.7129
2026-09-26 14:25:26 | INFO     | energy_stress.tft | [TFT] Forecast saved → outputs_v2/tuning_rolling/2013/forecasts/electricity/core/tft/candidate_03/electricity_growth_pct_forecasts_tft_core.csv
2026-09-26 14:25:26 | INFO     | energy_stress.tuning | Best params for electricity/core/TFT: {'lookback': 6, 'hidden': 32, 'n_heads': 4, 'learning_rate': 0.001} (validation score=1.1630)
2026-09-26 14:25:26 | INFO     | energy_stress.tuning | Tuning carbon/core/SARIMA candidate 1/1: {}
2026-09-26 14:25:26 | INFO     | energy_stress.sarima | [SARIMA-CORE] Fitting on carbon (train=80 obs)
2026-09-26 14:25:33 | INFO     | energy_stress.sarima | SARIMA best order: (1, 0, 0) × (2, 1, 0, 12)
2026-09-26 14:25:33 | INFO     | energy_stress.sarima | [SARIMA-CORE carbon] validation: MAE=38.3498, RMSE=44.7848, MAPE=64.90%
2026-09-26 14:25:33 | INFO     | energy_stress.sarima | [SARIMA-CORE] Forecast saved → outputs_v2/tuning_rolling/2013/forecasts/carbon/core/sarima/candidate_01/carbon_growth_pct_forecasts_sarima_core.csv
2026-09-26 14:25:33 | INFO     | energy_stress.tuning | Tuning carbon/core/Prophet candidate 1/8: {'changepoint_prior_scale': 0.001, 'seasonality_prior_scale': 1.0, 'seasonality_mode': 'additive'}
2026-09-26 14:25:33 | INFO     | energy_stress.prophet | [Prophet-CORE] Fitting on carbon (train=80 obs, regressors=False, cps=0.001, sps=1.0, reg_ps=n/a, seasonality=additive)
2026-09-26 14:25:34 | INFO     | energy_stress.prophet | [Prophet-CORE carbon] validation: MAE=54.5304, RMSE=57.3936
2026-09-26 14:25:35 | INFO     | energy_stress.prophet | [Prophet-CORE] Forecast saved → outputs_v2/tuning_rolling/2013/forecasts/carbon/core/prophet/candidate_01/carbon_growth_pct_forecasts_prophet_core.csv
2026-09-26 14:25:35 | INFO     | energy_stress.tuning | Tuning carbon/core/Prophet candidate 2/8: {'changepoint_prior_scale': 0.001, 'seasonality_prior_scale': 10.0, 'seasonality_mode': 'additive'}
2026-09-26 14:25:35 | INFO     | energy_stress.prophet | [Prophet-CORE] Fitting on carbon (train=80 obs, regressors=False, cps=0.001, sps=10.0, reg_ps=n/a, seasonality=additive)
2026-09-26 14:25:35 | INFO     | energy_stress.prophet | [Prophet-CORE carbon] validation: MAE=46.4842, RMSE=51.9992
2026-09-26 14:25:38 | INFO     | energy_stress.prophet | [Prophet-CORE] Forecast saved → outputs_v2/tuning_rolling/2013/forecasts/carbon/core/prophet/candidate_02/carbon_growth_pct_forecasts_prophet_core.csv
2026-09-26 14:25:38 | INFO     | energy_stress.tuning | Tuning carbon/core/Prophet candidate 3/8: {'changepoint_prior_scale': 0.01, 'seasonality_prior_scale': 1.0, 'seasonality_mode': 'additive'}
2026-09-26 14:25:38 | INFO     | energy_stress.prophet | [Prophet-CORE] Fitting on carbon (train=80 obs, regressors=False, cps=0.01, sps=1.0, reg_ps=n/a, seasonality=additive)
2026-09-26 14:25:38 | INFO     | energy_stress.prophet | [Prophet-CORE carbon] validation: MAE=51.9674, RMSE=54.7749
2026-09-26 14:25:38 | INFO     | energy_stress.prophet | [Prophet-CORE] Forecast saved → outputs_v2/tuning_rolling/2013/forecasts/carbon/core/prophet/candidate_03/carbon_growth_pct_forecasts_prophet_core.csv
2026-09-26 14:25:38 | INFO     | energy_stress.tuning | Tuning carbon/core/Prophet candidate 4/8: {'changepoint_prior_scale': 0.01, 'seasonality_prior_scale': 10.0, 'seasonality_mode': 'additive'}
2026-09-26 14:25:38 | INFO     | energy_stress.prophet | [Prophet-CORE] Fitting on carbon (train=80 obs, regressors=False, cps=0.01, sps=10.0, reg_ps=n/a, seasonality=additive)
2026-09-26 14:25:39 | INFO     | energy_stress.prophet | [Prophet-CORE carbon] validation: MAE=44.5894, RMSE=49.8909
2026-09-26 14:25:39 | INFO     | energy_stress.prophet | [Prophet-CORE] Forecast saved → outputs_v2/tuning_rolling/2013/forecasts/carbon/core/prophet/candidate_04/carbon_growth_pct_forecasts_prophet_core.csv
2026-09-26 14:25:39 | INFO     | energy_stress.tuning | Tuning carbon/core/Prophet candidate 5/8: {'changepoint_prior_scale': 0.05, 'seasonality_prior_scale': 1.0, 'seasonality_mode': 'additive'}
2026-09-26 14:25:39 | INFO     | energy_stress.prophet | [Prophet-CORE] Fitting on carbon (train=80 obs, regressors=False, cps=0.05, sps=1.0, reg_ps=n/a, seasonality=additive)
2026-09-26 14:25:39 | INFO     | energy_stress.prophet | [Prophet-CORE carbon] validation: MAE=50.9354, RMSE=53.7428
2026-09-26 14:25:39 | INFO     | energy_stress.prophet | [Prophet-CORE] Forecast saved → outputs_v2/tuning_rolling/2013/forecasts/carbon/core/prophet/candidate_05/carbon_growth_pct_forecasts_prophet_core.csv
2026-09-26 14:25:39 | INFO     | energy_stress.tuning | Tuning carbon/core/Prophet candidate 6/8: {'changepoint_prior_scale': 0.05, 'seasonality_prior_scale': 10.0, 'seasonality_mode': 'additive'}
2026-09-26 14:25:39 | INFO     | energy_stress.prophet | [Prophet-CORE] Fitting on carbon (train=80 obs, regressors=False, cps=0.05, sps=10.0, reg_ps=n/a, seasonality=additive)
2026-09-26 14:25:39 | INFO     | energy_stress.prophet | [Prophet-CORE carbon] validation: MAE=43.9863, RMSE=49.1249
2026-09-26 14:25:39 | INFO     | energy_stress.prophet | [Prophet-CORE] Forecast saved → outputs_v2/tuning_rolling/2013/forecasts/carbon/core/prophet/candidate_06/carbon_growth_pct_forecasts_prophet_core.csv
2026-09-26 14:25:39 | INFO     | energy_stress.tuning | Tuning carbon/core/Prophet candidate 7/8: {'changepoint_prior_scale': 0.1, 'seasonality_prior_scale': 1.0, 'seasonality_mode': 'additive'}
2026-09-26 14:25:39 | INFO     | energy_stress.prophet | [Prophet-CORE] Fitting on carbon (train=80 obs, regressors=False, cps=0.1, sps=1.0, reg_ps=n/a, seasonality=additive)
2026-09-26 14:25:40 | INFO     | energy_stress.prophet | [Prophet-CORE carbon] validation: MAE=50.9394, RMSE=53.7467
2026-09-26 14:25:40 | INFO     | energy_stress.prophet | [Prophet-CORE] Forecast saved → outputs_v2/tuning_rolling/2013/forecasts/carbon/core/prophet/candidate_07/carbon_growth_pct_forecasts_prophet_core.csv
2026-09-26 14:25:40 | INFO     | energy_stress.tuning | Tuning carbon/core/Prophet candidate 8/8: {'changepoint_prior_scale': 0.1, 'seasonality_prior_scale': 10.0, 'seasonality_mode': 'additive'}
2026-09-26 14:25:40 | INFO     | energy_stress.prophet | [Prophet-CORE] Fitting on carbon (train=80 obs, regressors=False, cps=0.1, sps=10.0, reg_ps=n/a, seasonality=additive)
2026-09-26 14:25:40 | INFO     | energy_stress.prophet | [Prophet-CORE carbon] validation: MAE=44.0235, RMSE=49.1589
2026-09-26 14:25:40 | INFO     | energy_stress.prophet | [Prophet-CORE] Forecast saved → outputs_v2/tuning_rolling/2013/forecasts/carbon/core/prophet/candidate_08/carbon_growth_pct_forecasts_prophet_core.csv
2026-09-26 14:25:40 | INFO     | energy_stress.tuning | Best params for carbon/core/Prophet: {'changepoint_prior_scale': 0.05, 'seasonality_prior_scale': 10.0, 'seasonality_mode': 'additive'} (validation score=43.9863)
2026-09-26 14:25:40 | INFO     | energy_stress.tuning | Tuning carbon/core/LSTM candidate 1/3: {'lookback': 6, 'dropout': 0.1, 'learning_rate': 0.001, 'units_1': 64, 'units_2': 32, 'macro_feature_set': 'lstm'}
2026-09-26 14:25:40 | INFO     | energy_stress.lstm | [LSTM-CORE] Training on carbon | train=2006-05-01→2012-12-01 (80 obs), test=2013-01-01→2013-12-01 (12 obs), use_macro=False, lookback=6, dropout=0.1, lr=0.001, units=(64,32), macro_feature_set=lstm
2026-09-26 14:25:42 | INFO     | energy_stress.lstm | [LSTM-CORE carbon] validation: MAE=18.5877, RMSE=27.8977
2026-09-26 14:25:44 | INFO     | energy_stress.lstm | [LSTM-CORE] Forecast saved → outputs_v2/tuning_rolling/2013/forecasts/carbon/core/lstm/candidate_01/carbon_growth_pct_forecasts_lstm_core.csv
2026-09-26 14:25:44 | INFO     | energy_stress.tuning | Tuning carbon/core/LSTM candidate 2/3: {'lookback': 12, 'dropout': 0.2, 'learning_rate': 0.001, 'units_1': 128, 'units_2': 64, 'macro_feature_set': 'lstm'}
2026-09-26 14:25:44 | INFO     | energy_stress.lstm | [LSTM-CORE] Training on carbon | train=2006-05-01→2012-12-01 (80 obs), test=2013-01-01→2013-12-01 (12 obs), use_macro=False, lookback=12, dropout=0.2, lr=0.001, units=(128,64), macro_feature_set=lstm
2026-09-26 14:25:45 | INFO     | energy_stress.lstm | [LSTM-CORE carbon] validation: MAE=25.2319, RMSE=30.9789
2026-09-26 14:25:49 | INFO     | energy_stress.lstm | [LSTM-CORE] Forecast saved → outputs_v2/tuning_rolling/2013/forecasts/carbon/core/lstm/candidate_02/carbon_growth_pct_forecasts_lstm_core.csv
2026-09-26 14:25:49 | INFO     | energy_stress.tuning | Tuning carbon/core/LSTM candidate 3/3: {'lookback': 18, 'dropout': 0.25, 'learning_rate': 0.0005, 'units_1': 128, 'units_2': 64, 'macro_feature_set': 'lstm'}
2026-09-26 14:25:49 | INFO     | energy_stress.lstm | [LSTM-CORE] Training on carbon | train=2006-05-01→2012-12-01 (80 obs), test=2013-01-01→2013-12-01 (12 obs), use_macro=False, lookback=18, dropout=0.25, lr=0.0005, units=(128,64), macro_feature_set=lstm
2026-09-26 14:25:50 | INFO     | energy_stress.lstm | [LSTM-CORE carbon] validation: MAE=23.6295, RMSE=29.3612
2026-09-26 14:25:53 | INFO     | energy_stress.lstm | [LSTM-CORE] Forecast saved → outputs_v2/tuning_rolling/2013/forecasts/carbon/core/lstm/candidate_03/carbon_growth_pct_forecasts_lstm_core.csv
2026-09-26 14:25:53 | INFO     | energy_stress.tuning | Best params for carbon/core/LSTM: {'lookback': 6, 'dropout': 0.1, 'learning_rate': 0.001, 'units_1': 64, 'units_2': 32, 'macro_feature_set': 'lstm'} (validation score=18.5877)
2026-09-26 14:25:53 | INFO     | energy_stress.tuning | Tuning carbon/core/TFT candidate 1/3: {'lookback': 6, 'hidden': 32, 'n_heads': 4, 'learning_rate': 0.001}
2026-09-26 14:25:53 | INFO     | energy_stress.tft | [TFT/pytorch-forecasting] Fitting carbon (core)
2026-09-26 14:26:09 | INFO     | energy_stress.tft | [TFT carbon] validation: MAE=84.4736, RMSE=86.3840
2026-09-26 14:26:35 | INFO     | energy_stress.tft | [TFT] Forecast saved → outputs_v2/tuning_rolling/2013/forecasts/carbon/core/tft/candidate_01/carbon_growth_pct_forecasts_tft_core.csv
2026-09-26 14:26:35 | INFO     | energy_stress.tuning | Tuning carbon/core/TFT candidate 2/3: {'lookback': 12, 'hidden': 64, 'n_heads': 4, 'learning_rate': 0.0005}
2026-09-26 14:26:35 | INFO     | energy_stress.tft | [TFT/pytorch-forecasting] Fitting carbon (core)
2026-09-26 14:26:51 | INFO     | energy_stress.tft | [TFT carbon] validation: MAE=79.2256, RMSE=90.2858
2026-09-26 14:27:18 | INFO     | energy_stress.tft | [TFT] Forecast saved → outputs_v2/tuning_rolling/2013/forecasts/carbon/core/tft/candidate_02/carbon_growth_pct_forecasts_tft_core.csv
2026-09-26 14:27:18 | INFO     | energy_stress.tuning | Tuning carbon/core/TFT candidate 3/3: {'lookback': 18, 'hidden': 64, 'n_heads': 4, 'learning_rate': 0.0005}
2026-09-26 14:27:18 | INFO     | energy_stress.tft | [TFT/pytorch-forecasting] Fitting carbon (core)
2026-09-26 14:27:34 | INFO     | energy_stress.tft | [TFT carbon] validation: MAE=50.0016, RMSE=53.7212
2026-09-26 14:28:03 | INFO     | energy_stress.tft | [TFT] Forecast saved → outputs_v2/tuning_rolling/2013/forecasts/carbon/core/tft/candidate_03/carbon_growth_pct_forecasts_tft_core.csv
2026-09-26 14:28:03 | INFO     | energy_stress.tuning | Best params for carbon/core/TFT: {'lookback': 18, 'hidden': 64, 'n_heads': 4, 'learning_rate': 0.0005} (validation score=50.0016)
2026-09-26 14:28:03 | INFO     | energy_stress.tuning | Tuning results saved → outputs_v2/tuning_rolling/2013/model_tuning_results.csv
2026-09-26 14:28:03 | INFO     | energy_stress.forecast_pipeline | 
──────────────────────────────────────────────────
Series: GAS
──────────────────────────────────────────────────
2026-09-26 14:28:03 | INFO     | energy_stress.forecast_pipeline | [gas] train=80, test=12, full=92 (through 2013-12-01), actual_target=12 non-null (2014-01-01..2014-12-01)
2026-09-26 14:28:03 | INFO     | energy_stress.sarima | [SARIMA-CORE] Fitting on gas (train=80 obs)
2026-09-26 14:28:10 | INFO     | energy_stress.sarima | SARIMA best order: (2, 0, 0) × (2, 1, 1, 12)
2026-09-26 14:28:11 | INFO     | energy_stress.sarima | [SARIMA-CORE gas] validation: MAE=2.1044, RMSE=2.6455, MAPE=27.26%
2026-09-26 14:28:11 | INFO     | energy_stress.sarima | [SARIMA-CORE] Forecast saved → outputs_v2/forecasts_rolling/2013/gas_growth_pct_forecasts_sarima_core.csv
2026-09-26 14:28:11 | INFO     | energy_stress.prophet | [Prophet-CORE] Fitting on gas (train=80 obs, regressors=False, cps=0.001, sps=10.0, reg_ps=n/a, seasonality=multiplicative)
2026-09-26 14:28:13 | INFO     | energy_stress.prophet | [Prophet-CORE gas] validation: MAE=3.5943, RMSE=3.6986
2026-09-26 14:28:13 | INFO     | energy_stress.prophet | [Prophet-CORE] Forecast saved → outputs_v2/forecasts_rolling/2013/gas_growth_pct_forecasts_prophet_core.csv
2026-09-26 14:28:13 | INFO     | energy_stress.lstm | [LSTM-CORE] Training on gas | train=2006-05-01→2012-12-01 (80 obs), test=2013-01-01→2013-12-01 (12 obs), use_macro=False, lookback=6, dropout=0.1, lr=0.001, units=(64,32), macro_feature_set=lstm
2026-09-26 14:28:14 | INFO     | energy_stress.lstm | [LSTM-CORE gas] validation: MAE=0.7148, RMSE=0.9350
2026-09-26 14:28:19 | INFO     | energy_stress.lstm | [LSTM-CORE] Forecast saved → outputs_v2/forecasts_rolling/2013/gas_growth_pct_forecasts_lstm_core.csv
2026-09-26 14:28:19 | INFO     | energy_stress.lstm | [LSTM-CORE] Model saved → outputs_v2/models
2026-09-26 14:28:19 | INFO     | energy_stress.tft | [TFT/pytorch-forecasting] Fitting gas (core)
2026-09-26 14:28:43 | INFO     | energy_stress.tft | [TFT gas] validation: MAE=12.8668, RMSE=12.9259
2026-09-26 14:29:24 | INFO     | energy_stress.tft | [TFT] Forecast saved → outputs_v2/forecasts_rolling/2013/gas_growth_pct_forecasts_tft_core.csv
2026-09-26 14:29:24 | INFO     | energy_stress.forecast_pipeline | 
──────────────────────────────────────────────────
Series: ELECTRICITY
──────────────────────────────────────────────────
2026-09-26 14:29:24 | INFO     | energy_stress.forecast_pipeline | [electricity] train=80, test=12, full=92 (through 2013-12-01), actual_target=12 non-null (2014-01-01..2014-12-01)
2026-09-26 14:29:24 | INFO     | energy_stress.sarima | [SARIMA-CORE] Fitting on electricity (train=80 obs)
2026-09-26 14:29:36 | INFO     | energy_stress.sarima | SARIMA best order: (2, 0, 0) × (2, 1, 1, 12)
2026-09-26 14:29:36 | INFO     | energy_stress.sarima | [SARIMA-CORE electricity] validation: MAE=3.1384, RMSE=3.5780, MAPE=42.45%
2026-09-26 14:29:37 | INFO     | energy_stress.sarima | [SARIMA-CORE] Forecast saved → outputs_v2/forecasts_rolling/2013/electricity_growth_pct_forecasts_sarima_core.csv
2026-09-26 14:29:37 | INFO     | energy_stress.prophet | [Prophet-CORE] Fitting on electricity (train=80 obs, regressors=False, cps=0.1, sps=1.0, reg_ps=n/a, seasonality=additive)
2026-09-26 14:29:37 | INFO     | energy_stress.prophet | [Prophet-CORE electricity] validation: MAE=8.6698, RMSE=8.9427
2026-09-26 14:29:37 | INFO     | energy_stress.prophet | [Prophet-CORE] Forecast saved → outputs_v2/forecasts_rolling/2013/electricity_growth_pct_forecasts_prophet_core.csv
2026-09-26 14:29:37 | INFO     | energy_stress.lstm | [LSTM-CORE] Training on electricity | train=2006-05-01→2012-12-01 (80 obs), test=2013-01-01→2013-12-01 (12 obs), use_macro=False, lookback=6, dropout=0.1, lr=0.001, units=(64,32), macro_feature_set=lstm
2026-09-26 14:29:38 | INFO     | energy_stress.lstm | [LSTM-CORE electricity] validation: MAE=2.8832, RMSE=3.0217
2026-09-26 14:29:42 | INFO     | energy_stress.lstm | [LSTM-CORE] Forecast saved → outputs_v2/forecasts_rolling/2013/electricity_growth_pct_forecasts_lstm_core.csv
2026-09-26 14:29:42 | INFO     | energy_stress.lstm | [LSTM-CORE] Model saved → outputs_v2/models
2026-09-26 14:29:42 | INFO     | energy_stress.tft | [TFT/pytorch-forecasting] Fitting electricity (core)
2026-09-26 14:30:06 | INFO     | energy_stress.tft | [TFT electricity] validation: MAE=1.6662, RMSE=2.0210
2026-09-26 14:30:40 | INFO     | energy_stress.tft | [TFT] Forecast saved → outputs_v2/forecasts_rolling/2013/electricity_growth_pct_forecasts_tft_core.csv
2026-09-26 14:30:40 | INFO     | energy_stress.forecast_pipeline | 
──────────────────────────────────────────────────
Series: CARBON
──────────────────────────────────────────────────
2026-09-26 14:30:40 | INFO     | energy_stress.forecast_pipeline | [carbon] train=80, test=12, full=92 (through 2013-12-01), actual_target=12 non-null (2014-01-01..2014-12-01)
2026-09-26 14:30:40 | INFO     | energy_stress.sarima | [SARIMA-CORE] Fitting on carbon (train=80 obs)
2026-09-26 14:30:47 | INFO     | energy_stress.sarima | SARIMA best order: (1, 0, 0) × (2, 1, 0, 12)
2026-09-26 14:30:47 | INFO     | energy_stress.sarima | [SARIMA-CORE carbon] validation: MAE=38.3498, RMSE=44.7848, MAPE=64.90%
2026-09-26 14:30:47 | INFO     | energy_stress.sarima | [SARIMA-CORE] Forecast saved → outputs_v2/forecasts_rolling/2013/carbon_growth_pct_forecasts_sarima_core.csv
2026-09-26 14:30:47 | INFO     | energy_stress.prophet | [Prophet-CORE] Fitting on carbon (train=80 obs, regressors=False, cps=0.05, sps=10.0, reg_ps=n/a, seasonality=additive)
2026-09-26 14:30:47 | INFO     | energy_stress.prophet | [Prophet-CORE carbon] validation: MAE=43.9863, RMSE=49.1249
2026-09-26 14:30:48 | INFO     | energy_stress.prophet | [Prophet-CORE] Forecast saved → outputs_v2/forecasts_rolling/2013/carbon_growth_pct_forecasts_prophet_core.csv
2026-09-26 14:30:48 | INFO     | energy_stress.lstm | [LSTM-CORE] Training on carbon | train=2006-05-01→2012-12-01 (80 obs), test=2013-01-01→2013-12-01 (12 obs), use_macro=False, lookback=6, dropout=0.1, lr=0.001, units=(64,32), macro_feature_set=lstm
2026-09-26 14:30:49 | INFO     | energy_stress.lstm | [LSTM-CORE carbon] validation: MAE=18.8150, RMSE=28.0104
2026-09-26 14:30:53 | INFO     | energy_stress.lstm | [LSTM-CORE] Forecast saved → outputs_v2/forecasts_rolling/2013/carbon_growth_pct_forecasts_lstm_core.csv
2026-09-26 14:30:53 | INFO     | energy_stress.lstm | [LSTM-CORE] Model saved → outputs_v2/models
2026-09-26 14:30:53 | INFO     | energy_stress.tft | [TFT/pytorch-forecasting] Fitting carbon (core)
2026-09-26 14:31:14 | INFO     | energy_stress.tft | [TFT carbon] validation: MAE=75.4278, RMSE=78.4429
2026-09-26 14:31:47 | INFO     | energy_stress.tft | [TFT] Forecast saved → outputs_v2/forecasts_rolling/2013/carbon_growth_pct_forecasts_tft_core.csv
2026-09-26 14:31:47 | DEBUG    | energy_stress.model_evaluation | Loaded outputs_v2/forecasts_rolling/2013/gas_growth_pct_forecasts_sarima_core.csv (12 rows)
2026-09-26 14:31:47 | WARNING  | energy_stress.model_evaluation | Forecast file not found: outputs_v2/forecasts_rolling/2013/gas_growth_pct_forecasts_sarima_macro.csv
2026-09-26 14:31:47 | DEBUG    | energy_stress.model_evaluation | Loaded outputs_v2/forecasts_rolling/2013/gas_growth_pct_forecasts_prophet_core.csv (12 rows)
2026-09-26 14:31:47 | WARNING  | energy_stress.model_evaluation | Forecast file not found: outputs_v2/forecasts_rolling/2013/gas_growth_pct_forecasts_prophet_macro.csv
2026-09-26 14:31:47 | DEBUG    | energy_stress.model_evaluation | Loaded outputs_v2/forecasts_rolling/2013/gas_growth_pct_forecasts_lstm_core.csv (12 rows)
2026-09-26 14:31:47 | WARNING  | energy_stress.model_evaluation | Forecast file not found: outputs_v2/forecasts_rolling/2013/gas_growth_pct_forecasts_lstm_macro.csv
2026-09-26 14:31:47 | DEBUG    | energy_stress.model_evaluation | Loaded outputs_v2/forecasts_rolling/2013/gas_growth_pct_forecasts_tft_core.csv (12 rows)
2026-09-26 14:31:47 | WARNING  | energy_stress.model_evaluation | Forecast file not found: outputs_v2/forecasts_rolling/2013/gas_growth_pct_forecasts_tft_macro.csv
2026-09-26 14:31:47 | INFO     | energy_stress.model_evaluation | Combined forecasts (48 rows) → outputs_v2/forecasts_rolling/2013/gas_growth_pct_forecasts_all.csv
2026-09-26 14:31:47 | INFO     | energy_stress.model_evaluation |   core combined → outputs_v2/forecasts_rolling/2013/gas_growth_pct_forecasts_core.csv
2026-09-26 14:31:47 | DEBUG    | energy_stress.model_evaluation | Loaded outputs_v2/forecasts_rolling/2013/electricity_growth_pct_forecasts_sarima_core.csv (12 rows)
2026-09-26 14:31:47 | WARNING  | energy_stress.model_evaluation | Forecast file not found: outputs_v2/forecasts_rolling/2013/electricity_growth_pct_forecasts_sarima_macro.csv
2026-09-26 14:31:47 | DEBUG    | energy_stress.model_evaluation | Loaded outputs_v2/forecasts_rolling/2013/electricity_growth_pct_forecasts_prophet_core.csv (12 rows)
2026-09-26 14:31:47 | WARNING  | energy_stress.model_evaluation | Forecast file not found: outputs_v2/forecasts_rolling/2013/electricity_growth_pct_forecasts_prophet_macro.csv
2026-09-26 14:31:47 | DEBUG    | energy_stress.model_evaluation | Loaded outputs_v2/forecasts_rolling/2013/electricity_growth_pct_forecasts_lstm_core.csv (12 rows)
2026-09-26 14:31:47 | WARNING  | energy_stress.model_evaluation | Forecast file not found: outputs_v2/forecasts_rolling/2013/electricity_growth_pct_forecasts_lstm_macro.csv
2026-09-26 14:31:47 | DEBUG    | energy_stress.model_evaluation | Loaded outputs_v2/forecasts_rolling/2013/electricity_growth_pct_forecasts_tft_core.csv (12 rows)
2026-09-26 14:31:47 | WARNING  | energy_stress.model_evaluation | Forecast file not found: outputs_v2/forecasts_rolling/2013/electricity_growth_pct_forecasts_tft_macro.csv
2026-09-26 14:31:47 | INFO     | energy_stress.model_evaluation | Combined forecasts (48 rows) → outputs_v2/forecasts_rolling/2013/electricity_growth_pct_forecasts_all.csv
2026-09-26 14:31:47 | INFO     | energy_stress.model_evaluation |   core combined → outputs_v2/forecasts_rolling/2013/electricity_growth_pct_forecasts_core.csv
2026-09-26 14:31:47 | DEBUG    | energy_stress.model_evaluation | Loaded outputs_v2/forecasts_rolling/2013/carbon_growth_pct_forecasts_sarima_core.csv (12 rows)
2026-09-26 14:31:47 | WARNING  | energy_stress.model_evaluation | Forecast file not found: outputs_v2/forecasts_rolling/2013/carbon_growth_pct_forecasts_sarima_macro.csv
2026-09-26 14:31:47 | DEBUG    | energy_stress.model_evaluation | Loaded outputs_v2/forecasts_rolling/2013/carbon_growth_pct_forecasts_prophet_core.csv (12 rows)
2026-09-26 14:31:47 | WARNING  | energy_stress.model_evaluation | Forecast file not found: outputs_v2/forecasts_rolling/2013/carbon_growth_pct_forecasts_prophet_macro.csv
2026-09-26 14:31:47 | DEBUG    | energy_stress.model_evaluation | Loaded outputs_v2/forecasts_rolling/2013/carbon_growth_pct_forecasts_lstm_core.csv (12 rows)
2026-09-26 14:31:47 | WARNING  | energy_stress.model_evaluation | Forecast file not found: outputs_v2/forecasts_rolling/2013/carbon_growth_pct_forecasts_lstm_macro.csv
2026-09-26 14:31:47 | DEBUG    | energy_stress.model_evaluation | Loaded outputs_v2/forecasts_rolling/2013/carbon_growth_pct_forecasts_tft_core.csv (12 rows)
2026-09-26 14:31:47 | WARNING  | energy_stress.model_evaluation | Forecast file not found: outputs_v2/forecasts_rolling/2013/carbon_growth_pct_forecasts_tft_macro.csv
2026-09-26 14:31:47 | INFO     | energy_stress.model_evaluation | Combined forecasts (48 rows) → outputs_v2/forecasts_rolling/2013/carbon_growth_pct_forecasts_all.csv
2026-09-26 14:31:47 | INFO     | energy_stress.model_evaluation |   core combined → outputs_v2/forecasts_rolling/2013/carbon_growth_pct_forecasts_core.csv
2026-09-26 14:31:47 | INFO     | energy_stress.model_evaluation | Evaluating 12 model results across all series and modes
2026-09-26 14:31:47 | INFO     | energy_stress.model_evaluation | Best model [carbon][core]: LSTM (selection_score=1.125)
2026-09-26 14:31:47 | INFO     | energy_stress.model_evaluation | Best model [electricity][core]: TFT (selection_score=1.150)
2026-09-26 14:31:47 | INFO     | energy_stress.model_evaluation | Best model [gas][core]: LSTM (selection_score=1.075)
2026-09-26 14:31:47 | INFO     | energy_stress.model_evaluation | Metrics table saved → outputs_v2/tables/rolling/2013/model_metrics_comparison.csv
2026-09-26 14:31:47 | INFO     | energy_stress.fes | Best models selected:
2026-09-26 14:31:47 | INFO     | energy_stress.fes |   [carbon][core] → LSTM
2026-09-26 14:31:47 | INFO     | energy_stress.fes |   [electricity][core] → TFT
2026-09-26 14:31:47 | INFO     | energy_stress.fes |   [gas][core] → LSTM
2026-09-26 14:31:47 | INFO     | energy_stress.fes | Per-series mode selected for FES_selected (metric per series/mode: {('gas', 'core'): 'RMSE', ('electricity', 'core'): 'RMSE', ('carbon', 'core'): 'RMSE'}): {'gas': 'core', 'electricity': 'core', 'carbon': 'core'}
2026-09-26 14:31:47 | INFO     | energy_stress.fes | FES_Weighted series weights (inverse validation-RMSE, normalized to mean 1.0): {'gas': 2.0053494360549147, 'electricity': 0.9277134232989841, 'carbon': 0.06693714064610115}
2026-09-26 14:31:47 | INFO     | energy_stress.fes | [gas] train μ=12.5783, σ=17.3726 | unc_ref μ=9.7846, σ=6.6693
2026-09-26 14:31:47 | INFO     | energy_stress.fes | [electricity] train μ=8.5563, σ=10.6044 | unc_ref μ=6.0445, σ=3.5718
2026-09-26 14:31:47 | INFO     | energy_stress.fes | [carbon] train μ=-21.7666, σ=233.0098 | unc_ref μ=116.5092, σ=137.3339
2026-09-26 14:31:47 | INFO     | energy_stress.fes | [actual real-vol] train μ=0.5129, σ=0.3365
2026-09-26 14:31:47 | WARNING  | energy_stress.fes | No best model found for (gas, macro)
2026-09-26 14:31:47 | WARNING  | energy_stress.fes | No best model found for (electricity, macro)
2026-09-26 14:31:47 | WARNING  | energy_stress.fes | No best model found for (carbon, macro)
2026-09-26 14:31:47 | INFO     | energy_stress.fes | Monthly FES saved → outputs_v2/fes/rolling/2013/fes_monthly_2014.csv
2026-09-26 14:31:47 | INFO     | energy_stress.fes | [gas] train μ=13.2850, σ=18.5371 | unc_ref μ=10.6224, σ=6.7694
2026-09-26 14:31:47 | INFO     | energy_stress.fes | [electricity] train μ=8.7305, σ=11.3611 | unc_ref μ=6.4623, σ=3.6601
2026-09-26 14:31:47 | INFO     | energy_stress.fes | [carbon] train μ=-16.8918, σ=249.6149 | unc_ref μ=131.1555, σ=142.6232
2026-09-26 14:31:47 | INFO     | energy_stress.fes | [actual real-vol] train μ=0.5386, σ=0.2941
2026-09-26 14:31:47 | INFO     | energy_stress.fes | FES_actual, prior year 2013 (baseline for FES_selected's 2014 forecast): mean=-2.09268 -> outputs_v2/fes/rolling/2013/fes_prior_actual_2013.csv
2026-09-26 14:31:47 | INFO     | energy_stress.fes | FES comparison metrics saved → outputs_v2/fes/rolling/2013/fes_comparison_metrics.csv  (9 rows)
2026-09-26 14:31:47 | INFO     | energy_stress.fes | Best RMSE per variant:
FES_variant
Equal_Core        0.57491
Equal_Selected    0.57491
Equal_Weighted    0.37681
2026-09-26 14:31:47 | INFO     | energy_stress.forecast_pipeline | ========================================
2026-09-26 14:31:47 | INFO     | energy_stress.forecast_pipeline | STAGE 2: Rolling year as_of=2014 (split train<2014, test=2014, refit<=2014, forecast=2015)
2026-09-26 14:31:47 | INFO     | energy_stress.forecast_pipeline | ========================================
2026-09-26 14:31:47 | INFO     | energy_stress.preprocessing | Train: 92 rows (through 2013-12-01) | Test: 12 rows (2014-01-01..2014-12-01)
2026-09-26 14:31:47 | INFO     | energy_stress.forecast_pipeline | ========================================
2026-09-26 14:31:47 | INFO     | energy_stress.forecast_pipeline | STAGE 2: Per-origin tuning, as_of=2014
2026-09-26 14:31:47 | INFO     | energy_stress.forecast_pipeline | ========================================
2026-09-26 14:31:47 | INFO     | energy_stress.tuning | Tuning gas/core/SARIMA candidate 1/1: {}
2026-09-26 14:31:47 | INFO     | energy_stress.sarima | [SARIMA-CORE] Fitting on gas (train=92 obs)
2026-09-26 14:31:59 | INFO     | energy_stress.sarima | SARIMA best order: (2, 0, 0) × (2, 1, 1, 12)
2026-09-26 14:31:59 | INFO     | energy_stress.sarima | [SARIMA-CORE gas] validation: MAE=6.9822, RMSE=7.8603, MAPE=185.33%
2026-09-26 14:31:59 | INFO     | energy_stress.sarima | [SARIMA-CORE] Forecast saved → outputs_v2/tuning_rolling/2014/forecasts/gas/core/sarima/candidate_01/gas_growth_pct_forecasts_sarima_core.csv
2026-09-26 14:31:59 | INFO     | energy_stress.tuning | Tuning gas/core/Prophet candidate 1/16: {'changepoint_prior_scale': 0.001, 'seasonality_prior_scale': 1.0, 'seasonality_mode': 'additive'}
2026-09-26 14:31:59 | INFO     | energy_stress.prophet | [Prophet-CORE] Fitting on gas (train=92 obs, regressors=False, cps=0.001, sps=1.0, reg_ps=n/a, seasonality=additive)
2026-09-26 14:32:00 | INFO     | energy_stress.prophet | [Prophet-CORE gas] validation: MAE=4.0144, RMSE=4.0965
2026-09-26 14:32:00 | INFO     | energy_stress.prophet | [Prophet-CORE] Forecast saved → outputs_v2/tuning_rolling/2014/forecasts/gas/core/prophet/candidate_01/gas_growth_pct_forecasts_prophet_core.csv
2026-09-26 14:32:00 | INFO     | energy_stress.tuning | Tuning gas/core/Prophet candidate 2/16: {'changepoint_prior_scale': 0.001, 'seasonality_prior_scale': 1.0, 'seasonality_mode': 'multiplicative'}
2026-09-26 14:32:00 | INFO     | energy_stress.prophet | [Prophet-CORE] Fitting on gas (train=92 obs, regressors=False, cps=0.001, sps=1.0, reg_ps=n/a, seasonality=multiplicative)
2026-09-26 14:32:00 | INFO     | energy_stress.prophet | [Prophet-CORE gas] validation: MAE=4.4598, RMSE=4.6070
2026-09-26 14:32:00 | INFO     | energy_stress.prophet | [Prophet-CORE] Forecast saved → outputs_v2/tuning_rolling/2014/forecasts/gas/core/prophet/candidate_02/gas_growth_pct_forecasts_prophet_core.csv
2026-09-26 14:32:00 | INFO     | energy_stress.tuning | Tuning gas/core/Prophet candidate 3/16: {'changepoint_prior_scale': 0.001, 'seasonality_prior_scale': 10.0, 'seasonality_mode': 'additive'}
2026-09-26 14:32:00 | INFO     | energy_stress.prophet | [Prophet-CORE] Fitting on gas (train=92 obs, regressors=False, cps=0.001, sps=10.0, reg_ps=n/a, seasonality=additive)
2026-09-26 14:32:00 | INFO     | energy_stress.prophet | [Prophet-CORE gas] validation: MAE=3.8311, RMSE=4.0087
2026-09-26 14:32:00 | INFO     | energy_stress.prophet | [Prophet-CORE] Forecast saved → outputs_v2/tuning_rolling/2014/forecasts/gas/core/prophet/candidate_03/gas_growth_pct_forecasts_prophet_core.csv
2026-09-26 14:32:00 | INFO     | energy_stress.tuning | Tuning gas/core/Prophet candidate 4/16: {'changepoint_prior_scale': 0.001, 'seasonality_prior_scale': 10.0, 'seasonality_mode': 'multiplicative'}
2026-09-26 14:32:00 | INFO     | energy_stress.prophet | [Prophet-CORE] Fitting on gas (train=92 obs, regressors=False, cps=0.001, sps=10.0, reg_ps=n/a, seasonality=multiplicative)
2026-09-26 14:32:00 | INFO     | energy_stress.prophet | [Prophet-CORE gas] validation: MAE=4.2958, RMSE=4.4311
2026-09-26 14:32:02 | INFO     | energy_stress.prophet | [Prophet-CORE] Forecast saved → outputs_v2/tuning_rolling/2014/forecasts/gas/core/prophet/candidate_04/gas_growth_pct_forecasts_prophet_core.csv
2026-09-26 14:32:02 | INFO     | energy_stress.tuning | Tuning gas/core/Prophet candidate 5/16: {'changepoint_prior_scale': 0.01, 'seasonality_prior_scale': 1.0, 'seasonality_mode': 'additive'}
2026-09-26 14:32:02 | INFO     | energy_stress.prophet | [Prophet-CORE] Fitting on gas (train=92 obs, regressors=False, cps=0.01, sps=1.0, reg_ps=n/a, seasonality=additive)
2026-09-26 14:32:03 | INFO     | energy_stress.prophet | [Prophet-CORE gas] validation: MAE=4.0151, RMSE=4.0972
2026-09-26 14:32:03 | INFO     | energy_stress.prophet | [Prophet-CORE] Forecast saved → outputs_v2/tuning_rolling/2014/forecasts/gas/core/prophet/candidate_05/gas_growth_pct_forecasts_prophet_core.csv
2026-09-26 14:32:03 | INFO     | energy_stress.tuning | Tuning gas/core/Prophet candidate 6/16: {'changepoint_prior_scale': 0.01, 'seasonality_prior_scale': 1.0, 'seasonality_mode': 'multiplicative'}
2026-09-26 14:32:03 | INFO     | energy_stress.prophet | [Prophet-CORE] Fitting on gas (train=92 obs, regressors=False, cps=0.01, sps=1.0, reg_ps=n/a, seasonality=multiplicative)
2026-09-26 14:32:03 | INFO     | energy_stress.prophet | [Prophet-CORE gas] validation: MAE=4.0552, RMSE=4.1535
2026-09-26 14:32:03 | INFO     | energy_stress.prophet | [Prophet-CORE] Forecast saved → outputs_v2/tuning_rolling/2014/forecasts/gas/core/prophet/candidate_06/gas_growth_pct_forecasts_prophet_core.csv
2026-09-26 14:32:03 | INFO     | energy_stress.tuning | Tuning gas/core/Prophet candidate 7/16: {'changepoint_prior_scale': 0.01, 'seasonality_prior_scale': 10.0, 'seasonality_mode': 'additive'}
2026-09-26 14:32:03 | INFO     | energy_stress.prophet | [Prophet-CORE] Fitting on gas (train=92 obs, regressors=False, cps=0.01, sps=10.0, reg_ps=n/a, seasonality=additive)
2026-09-26 14:32:03 | INFO     | energy_stress.prophet | [Prophet-CORE gas] validation: MAE=3.8324, RMSE=4.0101
2026-09-26 14:32:03 | INFO     | energy_stress.prophet | [Prophet-CORE] Forecast saved → outputs_v2/tuning_rolling/2014/forecasts/gas/core/prophet/candidate_07/gas_growth_pct_forecasts_prophet_core.csv
2026-09-26 14:32:03 | INFO     | energy_stress.tuning | Tuning gas/core/Prophet candidate 8/16: {'changepoint_prior_scale': 0.01, 'seasonality_prior_scale': 10.0, 'seasonality_mode': 'multiplicative'}
2026-09-26 14:32:03 | INFO     | energy_stress.prophet | [Prophet-CORE] Fitting on gas (train=92 obs, regressors=False, cps=0.01, sps=10.0, reg_ps=n/a, seasonality=multiplicative)
2026-09-26 14:32:03 | INFO     | energy_stress.prophet | [Prophet-CORE gas] validation: MAE=4.2955, RMSE=4.4309
2026-09-26 14:32:03 | INFO     | energy_stress.prophet | [Prophet-CORE] Forecast saved → outputs_v2/tuning_rolling/2014/forecasts/gas/core/prophet/candidate_08/gas_growth_pct_forecasts_prophet_core.csv
2026-09-26 14:32:03 | INFO     | energy_stress.tuning | Tuning gas/core/Prophet candidate 9/16: {'changepoint_prior_scale': 0.05, 'seasonality_prior_scale': 1.0, 'seasonality_mode': 'additive'}
2026-09-26 14:32:03 | INFO     | energy_stress.prophet | [Prophet-CORE] Fitting on gas (train=92 obs, regressors=False, cps=0.05, sps=1.0, reg_ps=n/a, seasonality=additive)
2026-09-26 14:32:04 | INFO     | energy_stress.prophet | [Prophet-CORE gas] validation: MAE=4.0151, RMSE=4.0972
2026-09-26 14:32:04 | INFO     | energy_stress.prophet | [Prophet-CORE] Forecast saved → outputs_v2/tuning_rolling/2014/forecasts/gas/core/prophet/candidate_09/gas_growth_pct_forecasts_prophet_core.csv
2026-09-26 14:32:04 | INFO     | energy_stress.tuning | Tuning gas/core/Prophet candidate 10/16: {'changepoint_prior_scale': 0.05, 'seasonality_prior_scale': 1.0, 'seasonality_mode': 'multiplicative'}
2026-09-26 14:32:04 | INFO     | energy_stress.prophet | [Prophet-CORE] Fitting on gas (train=92 obs, regressors=False, cps=0.05, sps=1.0, reg_ps=n/a, seasonality=multiplicative)
2026-09-26 14:32:04 | INFO     | energy_stress.prophet | [Prophet-CORE gas] validation: MAE=4.1491, RMSE=4.2581
2026-09-26 14:32:04 | INFO     | energy_stress.prophet | [Prophet-CORE] Forecast saved → outputs_v2/tuning_rolling/2014/forecasts/gas/core/prophet/candidate_10/gas_growth_pct_forecasts_prophet_core.csv
2026-09-26 14:32:04 | INFO     | energy_stress.tuning | Tuning gas/core/Prophet candidate 11/16: {'changepoint_prior_scale': 0.05, 'seasonality_prior_scale': 10.0, 'seasonality_mode': 'additive'}
2026-09-26 14:32:04 | INFO     | energy_stress.prophet | [Prophet-CORE] Fitting on gas (train=92 obs, regressors=False, cps=0.05, sps=10.0, reg_ps=n/a, seasonality=additive)
2026-09-26 14:32:04 | INFO     | energy_stress.prophet | [Prophet-CORE gas] validation: MAE=3.7418, RMSE=3.9154
2026-09-26 14:32:04 | INFO     | energy_stress.prophet | [Prophet-CORE] Forecast saved → outputs_v2/tuning_rolling/2014/forecasts/gas/core/prophet/candidate_11/gas_growth_pct_forecasts_prophet_core.csv
2026-09-26 14:32:04 | INFO     | energy_stress.tuning | Tuning gas/core/Prophet candidate 12/16: {'changepoint_prior_scale': 0.05, 'seasonality_prior_scale': 10.0, 'seasonality_mode': 'multiplicative'}
2026-09-26 14:32:04 | INFO     | energy_stress.prophet | [Prophet-CORE] Fitting on gas (train=92 obs, regressors=False, cps=0.05, sps=10.0, reg_ps=n/a, seasonality=multiplicative)
2026-09-26 14:32:04 | INFO     | energy_stress.prophet | [Prophet-CORE gas] validation: MAE=4.2978, RMSE=4.4337
2026-09-26 14:32:04 | INFO     | energy_stress.prophet | [Prophet-CORE] Forecast saved → outputs_v2/tuning_rolling/2014/forecasts/gas/core/prophet/candidate_12/gas_growth_pct_forecasts_prophet_core.csv
2026-09-26 14:32:04 | INFO     | energy_stress.tuning | Tuning gas/core/Prophet candidate 13/16: {'changepoint_prior_scale': 0.1, 'seasonality_prior_scale': 1.0, 'seasonality_mode': 'additive'}
2026-09-26 14:32:04 | INFO     | energy_stress.prophet | [Prophet-CORE] Fitting on gas (train=92 obs, regressors=False, cps=0.1, sps=1.0, reg_ps=n/a, seasonality=additive)
2026-09-26 14:32:05 | INFO     | energy_stress.prophet | [Prophet-CORE gas] validation: MAE=4.0132, RMSE=4.0951
2026-09-26 14:32:05 | INFO     | energy_stress.prophet | [Prophet-CORE] Forecast saved → outputs_v2/tuning_rolling/2014/forecasts/gas/core/prophet/candidate_13/gas_growth_pct_forecasts_prophet_core.csv
2026-09-26 14:32:05 | INFO     | energy_stress.tuning | Tuning gas/core/Prophet candidate 14/16: {'changepoint_prior_scale': 0.1, 'seasonality_prior_scale': 1.0, 'seasonality_mode': 'multiplicative'}
2026-09-26 14:32:05 | INFO     | energy_stress.prophet | [Prophet-CORE] Fitting on gas (train=92 obs, regressors=False, cps=0.1, sps=1.0, reg_ps=n/a, seasonality=multiplicative)
2026-09-26 14:32:05 | INFO     | energy_stress.prophet | [Prophet-CORE gas] validation: MAE=4.0628, RMSE=4.1595
2026-09-26 14:32:05 | INFO     | energy_stress.prophet | [Prophet-CORE] Forecast saved → outputs_v2/tuning_rolling/2014/forecasts/gas/core/prophet/candidate_14/gas_growth_pct_forecasts_prophet_core.csv
2026-09-26 14:32:05 | INFO     | energy_stress.tuning | Tuning gas/core/Prophet candidate 15/16: {'changepoint_prior_scale': 0.1, 'seasonality_prior_scale': 10.0, 'seasonality_mode': 'additive'}
2026-09-26 14:32:05 | INFO     | energy_stress.prophet | [Prophet-CORE] Fitting on gas (train=92 obs, regressors=False, cps=0.1, sps=10.0, reg_ps=n/a, seasonality=additive)
2026-09-26 14:32:05 | INFO     | energy_stress.prophet | [Prophet-CORE gas] validation: MAE=3.8026, RMSE=3.9788
2026-09-26 14:32:05 | INFO     | energy_stress.prophet | [Prophet-CORE] Forecast saved → outputs_v2/tuning_rolling/2014/forecasts/gas/core/prophet/candidate_15/gas_growth_pct_forecasts_prophet_core.csv
2026-09-26 14:32:05 | INFO     | energy_stress.tuning | Tuning gas/core/Prophet candidate 16/16: {'changepoint_prior_scale': 0.1, 'seasonality_prior_scale': 10.0, 'seasonality_mode': 'multiplicative'}
2026-09-26 14:32:05 | INFO     | energy_stress.prophet | [Prophet-CORE] Fitting on gas (train=92 obs, regressors=False, cps=0.1, sps=10.0, reg_ps=n/a, seasonality=multiplicative)
2026-09-26 14:32:06 | INFO     | energy_stress.prophet | [Prophet-CORE gas] validation: MAE=4.2905, RMSE=4.4251
2026-09-26 14:32:06 | INFO     | energy_stress.prophet | [Prophet-CORE] Forecast saved → outputs_v2/tuning_rolling/2014/forecasts/gas/core/prophet/candidate_16/gas_growth_pct_forecasts_prophet_core.csv
2026-09-26 14:32:06 | INFO     | energy_stress.tuning | Best params for gas/core/Prophet: {'changepoint_prior_scale': 0.05, 'seasonality_prior_scale': 10.0, 'seasonality_mode': 'additive'} (validation score=3.7418)
2026-09-26 14:32:06 | INFO     | energy_stress.tuning | Tuning gas/core/LSTM candidate 1/3: {'lookback': 6, 'dropout': 0.1, 'learning_rate': 0.001, 'units_1': 64, 'units_2': 32, 'macro_feature_set': 'lstm'}
2026-09-26 14:32:06 | INFO     | energy_stress.lstm | [LSTM-CORE] Training on gas | train=2006-05-01→2013-12-01 (92 obs), test=2014-01-01→2014-12-01 (12 obs), use_macro=False, lookback=6, dropout=0.1, lr=0.001, units=(64,32), macro_feature_set=lstm
2026-09-26 14:32:07 | INFO     | energy_stress.lstm | [LSTM-CORE gas] validation: MAE=2.3483, RMSE=3.0539
2026-09-26 14:32:10 | INFO     | energy_stress.lstm | [LSTM-CORE] Forecast saved → outputs_v2/tuning_rolling/2014/forecasts/gas/core/lstm/candidate_01/gas_growth_pct_forecasts_lstm_core.csv
2026-09-26 14:32:10 | INFO     | energy_stress.tuning | Tuning gas/core/LSTM candidate 2/3: {'lookback': 12, 'dropout': 0.2, 'learning_rate': 0.001, 'units_1': 128, 'units_2': 64, 'macro_feature_set': 'lstm'}
2026-09-26 14:32:10 | INFO     | energy_stress.lstm | [LSTM-CORE] Training on gas | train=2006-05-01→2013-12-01 (92 obs), test=2014-01-01→2014-12-01 (12 obs), use_macro=False, lookback=12, dropout=0.2, lr=0.001, units=(128,64), macro_feature_set=lstm
2026-09-26 14:32:12 | INFO     | energy_stress.lstm | [LSTM-CORE gas] validation: MAE=3.2352, RMSE=3.8034
2026-09-26 14:32:16 | INFO     | energy_stress.lstm | [LSTM-CORE] Forecast saved → outputs_v2/tuning_rolling/2014/forecasts/gas/core/lstm/candidate_02/gas_growth_pct_forecasts_lstm_core.csv
2026-09-26 14:32:16 | INFO     | energy_stress.tuning | Tuning gas/core/LSTM candidate 3/3: {'lookback': 18, 'dropout': 0.25, 'learning_rate': 0.0005, 'units_1': 128, 'units_2': 64, 'macro_feature_set': 'lstm'}
2026-09-26 14:32:16 | INFO     | energy_stress.lstm | [LSTM-CORE] Training on gas | train=2006-05-01→2013-12-01 (92 obs), test=2014-01-01→2014-12-01 (12 obs), use_macro=False, lookback=18, dropout=0.25, lr=0.0005, units=(128,64), macro_feature_set=lstm
2026-09-26 14:32:18 | INFO     | energy_stress.lstm | [LSTM-CORE gas] validation: MAE=3.6418, RMSE=4.1301
2026-09-26 14:32:23 | INFO     | energy_stress.lstm | [LSTM-CORE] Forecast saved → outputs_v2/tuning_rolling/2014/forecasts/gas/core/lstm/candidate_03/gas_growth_pct_forecasts_lstm_core.csv
2026-09-26 14:32:23 | INFO     | energy_stress.tuning | Best params for gas/core/LSTM: {'lookback': 6, 'dropout': 0.1, 'learning_rate': 0.001, 'units_1': 64, 'units_2': 32, 'macro_feature_set': 'lstm'} (validation score=2.3483)
2026-09-26 14:32:23 | INFO     | energy_stress.tuning | Tuning gas/core/TFT candidate 1/3: {'lookback': 6, 'hidden': 32, 'n_heads': 4, 'learning_rate': 0.001}
2026-09-26 14:32:23 | INFO     | energy_stress.tft | [TFT/pytorch-forecasting] Fitting gas (core)
2026-09-26 14:32:45 | INFO     | energy_stress.tft | [TFT gas] validation: MAE=17.3040, RMSE=17.4403
2026-09-26 14:33:07 | INFO     | energy_stress.tft | [TFT] Forecast saved → outputs_v2/tuning_rolling/2014/forecasts/gas/core/tft/candidate_01/gas_growth_pct_forecasts_tft_core.csv
2026-09-26 14:33:07 | INFO     | energy_stress.tuning | Tuning gas/core/TFT candidate 2/3: {'lookback': 12, 'hidden': 64, 'n_heads': 4, 'learning_rate': 0.0005}
2026-09-26 14:33:07 | INFO     | energy_stress.tft | [TFT/pytorch-forecasting] Fitting gas (core)
2026-09-26 14:33:35 | INFO     | energy_stress.tft | [TFT gas] validation: MAE=17.3154, RMSE=17.4610
2026-09-26 14:34:03 | INFO     | energy_stress.tft | [TFT] Forecast saved → outputs_v2/tuning_rolling/2014/forecasts/gas/core/tft/candidate_02/gas_growth_pct_forecasts_tft_core.csv
2026-09-26 14:34:03 | INFO     | energy_stress.tuning | Tuning gas/core/TFT candidate 3/3: {'lookback': 18, 'hidden': 64, 'n_heads': 4, 'learning_rate': 0.0005}
2026-09-26 14:34:03 | INFO     | energy_stress.tft | [TFT/pytorch-forecasting] Fitting gas (core)
2026-09-26 14:34:31 | INFO     | energy_stress.tft | [TFT gas] validation: MAE=20.0902, RMSE=20.4112
2026-09-26 14:34:59 | INFO     | energy_stress.tft | [TFT] Forecast saved → outputs_v2/tuning_rolling/2014/forecasts/gas/core/tft/candidate_03/gas_growth_pct_forecasts_tft_core.csv
2026-09-26 14:34:59 | INFO     | energy_stress.tuning | Best params for gas/core/TFT: {'lookback': 6, 'hidden': 32, 'n_heads': 4, 'learning_rate': 0.001} (validation score=17.3040)
2026-09-26 14:34:59 | INFO     | energy_stress.tuning | Tuning electricity/core/SARIMA candidate 1/1: {}
2026-09-26 14:34:59 | INFO     | energy_stress.sarima | [SARIMA-CORE] Fitting on electricity (train=92 obs)
2026-09-26 14:35:10 | INFO     | energy_stress.sarima | SARIMA best order: (2, 0, 0) × (2, 1, 1, 12)
2026-09-26 14:35:10 | INFO     | energy_stress.sarima | [SARIMA-CORE electricity] validation: MAE=2.3747, RMSE=3.5596, MAPE=138.44%
2026-09-26 14:35:10 | INFO     | energy_stress.sarima | [SARIMA-CORE] Forecast saved → outputs_v2/tuning_rolling/2014/forecasts/electricity/core/sarima/candidate_01/electricity_growth_pct_forecasts_sarima_core.csv
2026-09-26 14:35:10 | INFO     | energy_stress.tuning | Tuning electricity/core/Prophet candidate 1/8: {'changepoint_prior_scale': 0.001, 'seasonality_prior_scale': 1.0, 'seasonality_mode': 'additive'}
2026-09-26 14:35:10 | INFO     | energy_stress.prophet | [Prophet-CORE] Fitting on electricity (train=92 obs, regressors=False, cps=0.001, sps=1.0, reg_ps=n/a, seasonality=additive)
2026-09-26 14:35:11 | INFO     | energy_stress.prophet | [Prophet-CORE electricity] validation: MAE=5.4594, RMSE=5.6185
2026-09-26 14:35:11 | INFO     | energy_stress.prophet | [Prophet-CORE] Forecast saved → outputs_v2/tuning_rolling/2014/forecasts/electricity/core/prophet/candidate_01/electricity_growth_pct_forecasts_prophet_core.csv
2026-09-26 14:35:11 | INFO     | energy_stress.tuning | Tuning electricity/core/Prophet candidate 2/8: {'changepoint_prior_scale': 0.001, 'seasonality_prior_scale': 10.0, 'seasonality_mode': 'additive'}
2026-09-26 14:35:11 | INFO     | energy_stress.prophet | [Prophet-CORE] Fitting on electricity (train=92 obs, regressors=False, cps=0.001, sps=10.0, reg_ps=n/a, seasonality=additive)
2026-09-26 14:35:11 | INFO     | energy_stress.prophet | [Prophet-CORE electricity] validation: MAE=5.4851, RMSE=5.7330
2026-09-26 14:35:11 | INFO     | energy_stress.prophet | [Prophet-CORE] Forecast saved → outputs_v2/tuning_rolling/2014/forecasts/electricity/core/prophet/candidate_02/electricity_growth_pct_forecasts_prophet_core.csv
2026-09-26 14:35:11 | INFO     | energy_stress.tuning | Tuning electricity/core/Prophet candidate 3/8: {'changepoint_prior_scale': 0.01, 'seasonality_prior_scale': 1.0, 'seasonality_mode': 'additive'}
2026-09-26 14:35:11 | INFO     | energy_stress.prophet | [Prophet-CORE] Fitting on electricity (train=92 obs, regressors=False, cps=0.01, sps=1.0, reg_ps=n/a, seasonality=additive)
2026-09-26 14:35:11 | INFO     | energy_stress.prophet | [Prophet-CORE electricity] validation: MAE=5.3858, RMSE=5.5477
2026-09-26 14:35:11 | INFO     | energy_stress.prophet | [Prophet-CORE] Forecast saved → outputs_v2/tuning_rolling/2014/forecasts/electricity/core/prophet/candidate_03/electricity_growth_pct_forecasts_prophet_core.csv
2026-09-26 14:35:11 | INFO     | energy_stress.tuning | Tuning electricity/core/Prophet candidate 4/8: {'changepoint_prior_scale': 0.01, 'seasonality_prior_scale': 10.0, 'seasonality_mode': 'additive'}
2026-09-26 14:35:11 | INFO     | energy_stress.prophet | [Prophet-CORE] Fitting on electricity (train=92 obs, regressors=False, cps=0.01, sps=10.0, reg_ps=n/a, seasonality=additive)
2026-09-26 14:35:12 | INFO     | energy_stress.prophet | [Prophet-CORE electricity] validation: MAE=5.1019, RMSE=5.2573
2026-09-26 14:35:12 | INFO     | energy_stress.prophet | [Prophet-CORE] Forecast saved → outputs_v2/tuning_rolling/2014/forecasts/electricity/core/prophet/candidate_04/electricity_growth_pct_forecasts_prophet_core.csv
2026-09-26 14:35:12 | INFO     | energy_stress.tuning | Tuning electricity/core/Prophet candidate 5/8: {'changepoint_prior_scale': 0.05, 'seasonality_prior_scale': 1.0, 'seasonality_mode': 'additive'}
2026-09-26 14:35:12 | INFO     | energy_stress.prophet | [Prophet-CORE] Fitting on electricity (train=92 obs, regressors=False, cps=0.05, sps=1.0, reg_ps=n/a, seasonality=additive)
2026-09-26 14:35:12 | INFO     | energy_stress.prophet | [Prophet-CORE electricity] validation: MAE=5.1932, RMSE=5.3247
2026-09-26 14:35:12 | INFO     | energy_stress.prophet | [Prophet-CORE] Forecast saved → outputs_v2/tuning_rolling/2014/forecasts/electricity/core/prophet/candidate_05/electricity_growth_pct_forecasts_prophet_core.csv
2026-09-26 14:35:12 | INFO     | energy_stress.tuning | Tuning electricity/core/Prophet candidate 6/8: {'changepoint_prior_scale': 0.05, 'seasonality_prior_scale': 10.0, 'seasonality_mode': 'additive'}
2026-09-26 14:35:12 | INFO     | energy_stress.prophet | [Prophet-CORE] Fitting on electricity (train=92 obs, regressors=False, cps=0.05, sps=10.0, reg_ps=n/a, seasonality=additive)
2026-09-26 14:35:12 | INFO     | energy_stress.prophet | [Prophet-CORE electricity] validation: MAE=5.1129, RMSE=5.2703
2026-09-26 14:35:12 | INFO     | energy_stress.prophet | [Prophet-CORE] Forecast saved → outputs_v2/tuning_rolling/2014/forecasts/electricity/core/prophet/candidate_06/electricity_growth_pct_forecasts_prophet_core.csv
2026-09-26 14:35:12 | INFO     | energy_stress.tuning | Tuning electricity/core/Prophet candidate 7/8: {'changepoint_prior_scale': 0.1, 'seasonality_prior_scale': 1.0, 'seasonality_mode': 'additive'}
2026-09-26 14:35:12 | INFO     | energy_stress.prophet | [Prophet-CORE] Fitting on electricity (train=92 obs, regressors=False, cps=0.1, sps=1.0, reg_ps=n/a, seasonality=additive)
2026-09-26 14:35:13 | INFO     | energy_stress.prophet | [Prophet-CORE electricity] validation: MAE=5.0213, RMSE=5.1320
2026-09-26 14:35:13 | INFO     | energy_stress.prophet | [Prophet-CORE] Forecast saved → outputs_v2/tuning_rolling/2014/forecasts/electricity/core/prophet/candidate_07/electricity_growth_pct_forecasts_prophet_core.csv
2026-09-26 14:35:13 | INFO     | energy_stress.tuning | Tuning electricity/core/Prophet candidate 8/8: {'changepoint_prior_scale': 0.1, 'seasonality_prior_scale': 10.0, 'seasonality_mode': 'additive'}
2026-09-26 14:35:13 | INFO     | energy_stress.prophet | [Prophet-CORE] Fitting on electricity (train=92 obs, regressors=False, cps=0.1, sps=10.0, reg_ps=n/a, seasonality=additive)
2026-09-26 14:35:13 | INFO     | energy_stress.prophet | [Prophet-CORE electricity] validation: MAE=4.5257, RMSE=4.6138
2026-09-26 14:35:13 | INFO     | energy_stress.prophet | [Prophet-CORE] Forecast saved → outputs_v2/tuning_rolling/2014/forecasts/electricity/core/prophet/candidate_08/electricity_growth_pct_forecasts_prophet_core.csv
2026-09-26 14:35:13 | INFO     | energy_stress.tuning | Best params for electricity/core/Prophet: {'changepoint_prior_scale': 0.1, 'seasonality_prior_scale': 10.0, 'seasonality_mode': 'additive'} (validation score=4.5257)
2026-09-26 14:35:13 | INFO     | energy_stress.tuning | Tuning electricity/core/LSTM candidate 1/3: {'lookback': 6, 'dropout': 0.1, 'learning_rate': 0.001, 'units_1': 64, 'units_2': 32, 'macro_feature_set': 'lstm'}
2026-09-26 14:35:13 | INFO     | energy_stress.lstm | [LSTM-CORE] Training on electricity | train=2006-05-01→2013-12-01 (92 obs), test=2014-01-01→2014-12-01 (12 obs), use_macro=False, lookback=6, dropout=0.1, lr=0.001, units=(64,32), macro_feature_set=lstm
2026-09-26 14:35:14 | INFO     | energy_stress.lstm | [LSTM-CORE electricity] validation: MAE=2.2454, RMSE=3.0066
2026-09-26 14:35:17 | INFO     | energy_stress.lstm | [LSTM-CORE] Forecast saved → outputs_v2/tuning_rolling/2014/forecasts/electricity/core/lstm/candidate_01/electricity_growth_pct_forecasts_lstm_core.csv
2026-09-26 14:35:17 | INFO     | energy_stress.tuning | Tuning electricity/core/LSTM candidate 2/3: {'lookback': 12, 'dropout': 0.2, 'learning_rate': 0.001, 'units_1': 128, 'units_2': 64, 'macro_feature_set': 'lstm'}
2026-09-26 14:35:17 | INFO     | energy_stress.lstm | [LSTM-CORE] Training on electricity | train=2006-05-01→2013-12-01 (92 obs), test=2014-01-01→2014-12-01 (12 obs), use_macro=False, lookback=12, dropout=0.2, lr=0.001, units=(128,64), macro_feature_set=lstm
2026-09-26 14:35:20 | INFO     | energy_stress.lstm | [LSTM-CORE electricity] validation: MAE=1.0318, RMSE=2.1246
2026-09-26 14:35:23 | INFO     | energy_stress.lstm | [LSTM-CORE] Forecast saved → outputs_v2/tuning_rolling/2014/forecasts/electricity/core/lstm/candidate_02/electricity_growth_pct_forecasts_lstm_core.csv
2026-09-26 14:35:23 | INFO     | energy_stress.tuning | Tuning electricity/core/LSTM candidate 3/3: {'lookback': 18, 'dropout': 0.25, 'learning_rate': 0.0005, 'units_1': 128, 'units_2': 64, 'macro_feature_set': 'lstm'}
2026-09-26 14:35:23 | INFO     | energy_stress.lstm | [LSTM-CORE] Training on electricity | train=2006-05-01→2013-12-01 (92 obs), test=2014-01-01→2014-12-01 (12 obs), use_macro=False, lookback=18, dropout=0.25, lr=0.0005, units=(128,64), macro_feature_set=lstm
2026-09-26 14:35:25 | INFO     | energy_stress.lstm | [LSTM-CORE electricity] validation: MAE=2.9647, RMSE=3.5512
2026-09-26 14:35:29 | INFO     | energy_stress.lstm | [LSTM-CORE] Forecast saved → outputs_v2/tuning_rolling/2014/forecasts/electricity/core/lstm/candidate_03/electricity_growth_pct_forecasts_lstm_core.csv
2026-09-26 14:35:29 | INFO     | energy_stress.tuning | Best params for electricity/core/LSTM: {'lookback': 12, 'dropout': 0.2, 'learning_rate': 0.001, 'units_1': 128, 'units_2': 64, 'macro_feature_set': 'lstm'} (validation score=1.0318)
2026-09-26 14:35:29 | INFO     | energy_stress.tuning | Tuning electricity/core/TFT candidate 1/3: {'lookback': 6, 'hidden': 32, 'n_heads': 4, 'learning_rate': 0.001}
2026-09-26 14:35:29 | INFO     | energy_stress.tft | [TFT/pytorch-forecasting] Fitting electricity (core)
2026-09-26 14:35:58 | INFO     | energy_stress.tft | [TFT electricity] validation: MAE=1.4565, RMSE=2.3405
2026-09-26 14:36:26 | INFO     | energy_stress.tft | [TFT] Forecast saved → outputs_v2/tuning_rolling/2014/forecasts/electricity/core/tft/candidate_01/electricity_growth_pct_forecasts_tft_core.csv
2026-09-26 14:36:26 | INFO     | energy_stress.tuning | Tuning electricity/core/TFT candidate 2/3: {'lookback': 12, 'hidden': 64, 'n_heads': 4, 'learning_rate': 0.0005}
2026-09-26 14:36:26 | INFO     | energy_stress.tft | [TFT/pytorch-forecasting] Fitting electricity (core)
2026-09-26 14:36:55 | INFO     | energy_stress.tft | [TFT electricity] validation: MAE=2.5839, RMSE=3.6271
2026-09-26 14:37:23 | INFO     | energy_stress.tft | [TFT] Forecast saved → outputs_v2/tuning_rolling/2014/forecasts/electricity/core/tft/candidate_02/electricity_growth_pct_forecasts_tft_core.csv
2026-09-26 14:37:23 | INFO     | energy_stress.tuning | Tuning electricity/core/TFT candidate 3/3: {'lookback': 18, 'hidden': 64, 'n_heads': 4, 'learning_rate': 0.0005}
2026-09-26 14:37:23 | INFO     | energy_stress.tft | [TFT/pytorch-forecasting] Fitting electricity (core)
2026-09-26 14:37:52 | INFO     | energy_stress.tft | [TFT electricity] validation: MAE=2.1071, RMSE=3.0012
2026-09-26 14:38:20 | INFO     | energy_stress.tft | [TFT] Forecast saved → outputs_v2/tuning_rolling/2014/forecasts/electricity/core/tft/candidate_03/electricity_growth_pct_forecasts_tft_core.csv
2026-09-26 14:38:20 | INFO     | energy_stress.tuning | Best params for electricity/core/TFT: {'lookback': 6, 'hidden': 32, 'n_heads': 4, 'learning_rate': 0.001} (validation score=1.4565)
2026-09-26 14:38:20 | INFO     | energy_stress.tuning | Tuning carbon/core/SARIMA candidate 1/1: {}
2026-09-26 14:38:20 | INFO     | energy_stress.sarima | [SARIMA-CORE] Fitting on carbon (train=92 obs)
2026-09-26 14:38:27 | INFO     | energy_stress.sarima | SARIMA best order: (1, 0, 0) × (2, 1, 0, 12)
2026-09-26 14:38:27 | INFO     | energy_stress.sarima | [SARIMA-CORE carbon] validation: MAE=80.0507, RMSE=82.7958, MAPE=387.22%
2026-09-26 14:38:28 | INFO     | energy_stress.sarima | [SARIMA-CORE] Forecast saved → outputs_v2/tuning_rolling/2014/forecasts/carbon/core/sarima/candidate_01/carbon_growth_pct_forecasts_sarima_core.csv
2026-09-26 14:38:28 | INFO     | energy_stress.tuning | Tuning carbon/core/Prophet candidate 1/8: {'changepoint_prior_scale': 0.001, 'seasonality_prior_scale': 1.0, 'seasonality_mode': 'additive'}
2026-09-26 14:38:28 | INFO     | energy_stress.prophet | [Prophet-CORE] Fitting on carbon (train=92 obs, regressors=False, cps=0.001, sps=1.0, reg_ps=n/a, seasonality=additive)
2026-09-26 14:38:28 | INFO     | energy_stress.prophet | [Prophet-CORE carbon] validation: MAE=53.8226, RMSE=56.7198
2026-09-26 14:38:30 | INFO     | energy_stress.prophet | [Prophet-CORE] Forecast saved → outputs_v2/tuning_rolling/2014/forecasts/carbon/core/prophet/candidate_01/carbon_growth_pct_forecasts_prophet_core.csv
2026-09-26 14:38:30 | INFO     | energy_stress.tuning | Tuning carbon/core/Prophet candidate 2/8: {'changepoint_prior_scale': 0.001, 'seasonality_prior_scale': 10.0, 'seasonality_mode': 'additive'}
2026-09-26 14:38:30 | INFO     | energy_stress.prophet | [Prophet-CORE] Fitting on carbon (train=92 obs, regressors=False, cps=0.001, sps=10.0, reg_ps=n/a, seasonality=additive)
2026-09-26 14:38:32 | INFO     | energy_stress.prophet | [Prophet-CORE carbon] validation: MAE=60.6838, RMSE=65.5847
2026-09-26 14:38:32 | INFO     | energy_stress.prophet | [Prophet-CORE] Forecast saved → outputs_v2/tuning_rolling/2014/forecasts/carbon/core/prophet/candidate_02/carbon_growth_pct_forecasts_prophet_core.csv
2026-09-26 14:38:32 | INFO     | energy_stress.tuning | Tuning carbon/core/Prophet candidate 3/8: {'changepoint_prior_scale': 0.01, 'seasonality_prior_scale': 1.0, 'seasonality_mode': 'additive'}
2026-09-26 14:38:32 | INFO     | energy_stress.prophet | [Prophet-CORE] Fitting on carbon (train=92 obs, regressors=False, cps=0.01, sps=1.0, reg_ps=n/a, seasonality=additive)
2026-09-26 14:38:33 | INFO     | energy_stress.prophet | [Prophet-CORE carbon] validation: MAE=57.0701, RMSE=59.6113
2026-09-26 14:38:33 | INFO     | energy_stress.prophet | [Prophet-CORE] Forecast saved → outputs_v2/tuning_rolling/2014/forecasts/carbon/core/prophet/candidate_03/carbon_growth_pct_forecasts_prophet_core.csv
2026-09-26 14:38:33 | INFO     | energy_stress.tuning | Tuning carbon/core/Prophet candidate 4/8: {'changepoint_prior_scale': 0.01, 'seasonality_prior_scale': 10.0, 'seasonality_mode': 'additive'}
2026-09-26 14:38:33 | INFO     | energy_stress.prophet | [Prophet-CORE] Fitting on carbon (train=92 obs, regressors=False, cps=0.01, sps=10.0, reg_ps=n/a, seasonality=additive)
2026-09-26 14:38:33 | INFO     | energy_stress.prophet | [Prophet-CORE carbon] validation: MAE=62.1638, RMSE=65.3357
2026-09-26 14:38:33 | INFO     | energy_stress.prophet | [Prophet-CORE] Forecast saved → outputs_v2/tuning_rolling/2014/forecasts/carbon/core/prophet/candidate_04/carbon_growth_pct_forecasts_prophet_core.csv
2026-09-26 14:38:33 | INFO     | energy_stress.tuning | Tuning carbon/core/Prophet candidate 5/8: {'changepoint_prior_scale': 0.05, 'seasonality_prior_scale': 1.0, 'seasonality_mode': 'additive'}
2026-09-26 14:38:33 | INFO     | energy_stress.prophet | [Prophet-CORE] Fitting on carbon (train=92 obs, regressors=False, cps=0.05, sps=1.0, reg_ps=n/a, seasonality=additive)
2026-09-26 14:38:33 | INFO     | energy_stress.prophet | [Prophet-CORE carbon] validation: MAE=58.5557, RMSE=60.9637
2026-09-26 14:38:34 | INFO     | energy_stress.prophet | [Prophet-CORE] Forecast saved → outputs_v2/tuning_rolling/2014/forecasts/carbon/core/prophet/candidate_05/carbon_growth_pct_forecasts_prophet_core.csv
2026-09-26 14:38:34 | INFO     | energy_stress.tuning | Tuning carbon/core/Prophet candidate 6/8: {'changepoint_prior_scale': 0.05, 'seasonality_prior_scale': 10.0, 'seasonality_mode': 'additive'}
2026-09-26 14:38:34 | INFO     | energy_stress.prophet | [Prophet-CORE] Fitting on carbon (train=92 obs, regressors=False, cps=0.05, sps=10.0, reg_ps=n/a, seasonality=additive)
2026-09-26 14:38:34 | INFO     | energy_stress.prophet | [Prophet-CORE carbon] validation: MAE=62.1650, RMSE=65.3359
2026-09-26 14:38:34 | INFO     | energy_stress.prophet | [Prophet-CORE] Forecast saved → outputs_v2/tuning_rolling/2014/forecasts/carbon/core/prophet/candidate_06/carbon_growth_pct_forecasts_prophet_core.csv
2026-09-26 14:38:34 | INFO     | energy_stress.tuning | Tuning carbon/core/Prophet candidate 7/8: {'changepoint_prior_scale': 0.1, 'seasonality_prior_scale': 1.0, 'seasonality_mode': 'additive'}
2026-09-26 14:38:34 | INFO     | energy_stress.prophet | [Prophet-CORE] Fitting on carbon (train=92 obs, regressors=False, cps=0.1, sps=1.0, reg_ps=n/a, seasonality=additive)
2026-09-26 14:38:34 | INFO     | energy_stress.prophet | [Prophet-CORE carbon] validation: MAE=58.5206, RMSE=60.9304
2026-09-26 14:38:34 | INFO     | energy_stress.prophet | [Prophet-CORE] Forecast saved → outputs_v2/tuning_rolling/2014/forecasts/carbon/core/prophet/candidate_07/carbon_growth_pct_forecasts_prophet_core.csv
2026-09-26 14:38:34 | INFO     | energy_stress.tuning | Tuning carbon/core/Prophet candidate 8/8: {'changepoint_prior_scale': 0.1, 'seasonality_prior_scale': 10.0, 'seasonality_mode': 'additive'}
2026-09-26 14:38:34 | INFO     | energy_stress.prophet | [Prophet-CORE] Fitting on carbon (train=92 obs, regressors=False, cps=0.1, sps=10.0, reg_ps=n/a, seasonality=additive)
2026-09-26 14:38:34 | INFO     | energy_stress.prophet | [Prophet-CORE carbon] validation: MAE=62.0631, RMSE=65.2399
2026-09-26 14:38:34 | INFO     | energy_stress.prophet | [Prophet-CORE] Forecast saved → outputs_v2/tuning_rolling/2014/forecasts/carbon/core/prophet/candidate_08/carbon_growth_pct_forecasts_prophet_core.csv
2026-09-26 14:38:34 | INFO     | energy_stress.tuning | Best params for carbon/core/Prophet: {'changepoint_prior_scale': 0.001, 'seasonality_prior_scale': 1.0, 'seasonality_mode': 'additive'} (validation score=53.8226)
2026-09-26 14:38:34 | INFO     | energy_stress.tuning | Tuning carbon/core/LSTM candidate 1/3: {'lookback': 6, 'dropout': 0.1, 'learning_rate': 0.001, 'units_1': 64, 'units_2': 32, 'macro_feature_set': 'lstm'}
2026-09-26 14:38:34 | INFO     | energy_stress.lstm | [LSTM-CORE] Training on carbon | train=2006-05-01→2013-12-01 (92 obs), test=2014-01-01→2014-12-01 (12 obs), use_macro=False, lookback=6, dropout=0.1, lr=0.001, units=(64,32), macro_feature_set=lstm
2026-09-26 14:38:36 | INFO     | energy_stress.lstm | [LSTM-CORE carbon] validation: MAE=24.6949, RMSE=33.1049
2026-09-26 14:38:39 | INFO     | energy_stress.lstm | [LSTM-CORE] Forecast saved → outputs_v2/tuning_rolling/2014/forecasts/carbon/core/lstm/candidate_01/carbon_growth_pct_forecasts_lstm_core.csv
2026-09-26 14:38:39 | INFO     | energy_stress.tuning | Tuning carbon/core/LSTM candidate 2/3: {'lookback': 12, 'dropout': 0.2, 'learning_rate': 0.001, 'units_1': 128, 'units_2': 64, 'macro_feature_set': 'lstm'}
2026-09-26 14:38:39 | INFO     | energy_stress.lstm | [LSTM-CORE] Training on carbon | train=2006-05-01→2013-12-01 (92 obs), test=2014-01-01→2014-12-01 (12 obs), use_macro=False, lookback=12, dropout=0.2, lr=0.001, units=(128,64), macro_feature_set=lstm
2026-09-26 14:38:43 | INFO     | energy_stress.lstm | [LSTM-CORE carbon] validation: MAE=29.5064, RMSE=36.2580
2026-09-26 14:38:46 | INFO     | energy_stress.lstm | [LSTM-CORE] Forecast saved → outputs_v2/tuning_rolling/2014/forecasts/carbon/core/lstm/candidate_02/carbon_growth_pct_forecasts_lstm_core.csv
2026-09-26 14:38:46 | INFO     | energy_stress.tuning | Tuning carbon/core/LSTM candidate 3/3: {'lookback': 18, 'dropout': 0.25, 'learning_rate': 0.0005, 'units_1': 128, 'units_2': 64, 'macro_feature_set': 'lstm'}
2026-09-26 14:38:46 | INFO     | energy_stress.lstm | [LSTM-CORE] Training on carbon | train=2006-05-01→2013-12-01 (92 obs), test=2014-01-01→2014-12-01 (12 obs), use_macro=False, lookback=18, dropout=0.25, lr=0.0005, units=(128,64), macro_feature_set=lstm
2026-09-26 14:38:48 | INFO     | energy_stress.lstm | [LSTM-CORE carbon] validation: MAE=70.9879, RMSE=72.6508
2026-09-26 14:38:53 | INFO     | energy_stress.lstm | [LSTM-CORE] Forecast saved → outputs_v2/tuning_rolling/2014/forecasts/carbon/core/lstm/candidate_03/carbon_growth_pct_forecasts_lstm_core.csv
2026-09-26 14:38:53 | INFO     | energy_stress.tuning | Best params for carbon/core/LSTM: {'lookback': 6, 'dropout': 0.1, 'learning_rate': 0.001, 'units_1': 64, 'units_2': 32, 'macro_feature_set': 'lstm'} (validation score=24.6949)
2026-09-26 14:38:53 | INFO     | energy_stress.tuning | Tuning carbon/core/TFT candidate 1/3: {'lookback': 6, 'hidden': 32, 'n_heads': 4, 'learning_rate': 0.001}
2026-09-26 14:38:53 | INFO     | energy_stress.tft | [TFT/pytorch-forecasting] Fitting carbon (core)
2026-09-26 14:39:20 | INFO     | energy_stress.tft | [TFT carbon] validation: MAE=48.5167, RMSE=51.3585
2026-09-26 14:39:42 | INFO     | energy_stress.tft | [TFT] Forecast saved → outputs_v2/tuning_rolling/2014/forecasts/carbon/core/tft/candidate_01/carbon_growth_pct_forecasts_tft_core.csv
2026-09-26 14:39:42 | INFO     | energy_stress.tuning | Tuning carbon/core/TFT candidate 2/3: {'lookback': 12, 'hidden': 64, 'n_heads': 4, 'learning_rate': 0.0005}
2026-09-26 14:39:42 | INFO     | energy_stress.tft | [TFT/pytorch-forecasting] Fitting carbon (core)
2026-09-26 14:40:05 | INFO     | energy_stress.tft | [TFT carbon] validation: MAE=45.6565, RMSE=49.1186
2026-09-26 14:40:26 | INFO     | energy_stress.tft | [TFT] Forecast saved → outputs_v2/tuning_rolling/2014/forecasts/carbon/core/tft/candidate_02/carbon_growth_pct_forecasts_tft_core.csv
2026-09-26 14:40:26 | INFO     | energy_stress.tuning | Tuning carbon/core/TFT candidate 3/3: {'lookback': 18, 'hidden': 64, 'n_heads': 4, 'learning_rate': 0.0005}
2026-09-26 14:40:26 | INFO     | energy_stress.tft | [TFT/pytorch-forecasting] Fitting carbon (core)
2026-09-26 14:40:48 | INFO     | energy_stress.tft | [TFT carbon] validation: MAE=53.3525, RMSE=56.5735
2026-09-26 14:41:10 | INFO     | energy_stress.tft | [TFT] Forecast saved → outputs_v2/tuning_rolling/2014/forecasts/carbon/core/tft/candidate_03/carbon_growth_pct_forecasts_tft_core.csv
2026-09-26 14:41:10 | INFO     | energy_stress.tuning | Best params for carbon/core/TFT: {'lookback': 12, 'hidden': 64, 'n_heads': 4, 'learning_rate': 0.0005} (validation score=45.6565)
2026-09-26 14:41:10 | INFO     | energy_stress.tuning | Tuning results saved → outputs_v2/tuning_rolling/2014/model_tuning_results.csv
2026-09-26 14:41:10 | INFO     | energy_stress.forecast_pipeline | 
──────────────────────────────────────────────────
Series: GAS
──────────────────────────────────────────────────
2026-09-26 14:41:10 | INFO     | energy_stress.forecast_pipeline | [gas] train=92, test=12, full=104 (through 2014-12-01), actual_target=12 non-null (2015-01-01..2015-12-01)
2026-09-26 14:41:10 | INFO     | energy_stress.sarima | [SARIMA-CORE] Fitting on gas (train=92 obs)
2026-09-26 14:41:21 | INFO     | energy_stress.sarima | SARIMA best order: (2, 0, 0) × (2, 1, 1, 12)
2026-09-26 14:41:21 | INFO     | energy_stress.sarima | [SARIMA-CORE gas] validation: MAE=6.9822, RMSE=7.8603, MAPE=185.33%
2026-09-26 14:41:22 | INFO     | energy_stress.sarima | [SARIMA-CORE] Forecast saved → outputs_v2/forecasts_rolling/2014/gas_growth_pct_forecasts_sarima_core.csv
2026-09-26 14:41:22 | INFO     | energy_stress.prophet | [Prophet-CORE] Fitting on gas (train=92 obs, regressors=False, cps=0.05, sps=10.0, reg_ps=n/a, seasonality=additive)
2026-09-26 14:41:22 | INFO     | energy_stress.prophet | [Prophet-CORE gas] validation: MAE=3.7418, RMSE=3.9154
2026-09-26 14:41:22 | INFO     | energy_stress.prophet | [Prophet-CORE] Forecast saved → outputs_v2/forecasts_rolling/2014/gas_growth_pct_forecasts_prophet_core.csv
2026-09-26 14:41:22 | INFO     | energy_stress.lstm | [LSTM-CORE] Training on gas | train=2006-05-01→2013-12-01 (92 obs), test=2014-01-01→2014-12-01 (12 obs), use_macro=False, lookback=6, dropout=0.1, lr=0.001, units=(64,32), macro_feature_set=lstm
2026-09-26 14:41:23 | INFO     | energy_stress.lstm | [LSTM-CORE gas] validation: MAE=2.3561, RMSE=3.0772
2026-09-26 14:41:27 | INFO     | energy_stress.lstm | [LSTM-CORE] Forecast saved → outputs_v2/forecasts_rolling/2014/gas_growth_pct_forecasts_lstm_core.csv
2026-09-26 14:41:27 | INFO     | energy_stress.lstm | [LSTM-CORE] Model saved → outputs_v2/models
2026-09-26 14:41:27 | INFO     | energy_stress.tft | [TFT/pytorch-forecasting] Fitting gas (core)
2026-09-26 14:41:59 | INFO     | energy_stress.tft | [TFT gas] validation: MAE=19.9429, RMSE=20.0645
2026-09-26 14:42:37 | INFO     | energy_stress.tft | [TFT] Forecast saved → outputs_v2/forecasts_rolling/2014/gas_growth_pct_forecasts_tft_core.csv
2026-09-26 14:42:37 | INFO     | energy_stress.forecast_pipeline | 
──────────────────────────────────────────────────
Series: ELECTRICITY
──────────────────────────────────────────────────
2026-09-26 14:42:37 | INFO     | energy_stress.forecast_pipeline | [electricity] train=92, test=12, full=104 (through 2014-12-01), actual_target=12 non-null (2015-01-01..2015-12-01)
2026-09-26 14:42:37 | INFO     | energy_stress.sarima | [SARIMA-CORE] Fitting on electricity (train=92 obs)
2026-09-26 14:42:48 | INFO     | energy_stress.sarima | SARIMA best order: (2, 0, 0) × (2, 1, 1, 12)
2026-09-26 14:42:48 | INFO     | energy_stress.sarima | [SARIMA-CORE electricity] validation: MAE=2.3747, RMSE=3.5596, MAPE=138.44%
2026-09-26 14:42:49 | INFO     | energy_stress.sarima | [SARIMA-CORE] Forecast saved → outputs_v2/forecasts_rolling/2014/electricity_growth_pct_forecasts_sarima_core.csv
2026-09-26 14:42:49 | INFO     | energy_stress.prophet | [Prophet-CORE] Fitting on electricity (train=92 obs, regressors=False, cps=0.1, sps=10.0, reg_ps=n/a, seasonality=additive)
2026-09-26 14:42:49 | INFO     | energy_stress.prophet | [Prophet-CORE electricity] validation: MAE=4.5257, RMSE=4.6138
2026-09-26 14:42:49 | INFO     | energy_stress.prophet | [Prophet-CORE] Forecast saved → outputs_v2/forecasts_rolling/2014/electricity_growth_pct_forecasts_prophet_core.csv
2026-09-26 14:42:49 | INFO     | energy_stress.lstm | [LSTM-CORE] Training on electricity | train=2006-05-01→2013-12-01 (92 obs), test=2014-01-01→2014-12-01 (12 obs), use_macro=False, lookback=12, dropout=0.2, lr=0.001, units=(128,64), macro_feature_set=lstm
2026-09-26 14:42:52 | INFO     | energy_stress.lstm | [LSTM-CORE electricity] validation: MAE=1.0628, RMSE=2.1345
2026-09-26 14:42:59 | INFO     | energy_stress.lstm | [LSTM-CORE] Forecast saved → outputs_v2/forecasts_rolling/2014/electricity_growth_pct_forecasts_lstm_core.csv
2026-09-26 14:42:59 | INFO     | energy_stress.lstm | [LSTM-CORE] Model saved → outputs_v2/models
2026-09-26 14:42:59 | INFO     | energy_stress.tft | [TFT/pytorch-forecasting] Fitting electricity (core)
2026-09-26 14:43:42 | INFO     | energy_stress.tft | [TFT electricity] validation: MAE=2.6671, RMSE=3.4725
2026-09-26 14:44:23 | INFO     | energy_stress.tft | [TFT] Forecast saved → outputs_v2/forecasts_rolling/2014/electricity_growth_pct_forecasts_tft_core.csv
2026-09-26 14:44:23 | INFO     | energy_stress.forecast_pipeline | 
──────────────────────────────────────────────────
Series: CARBON
──────────────────────────────────────────────────
2026-09-26 14:44:23 | INFO     | energy_stress.forecast_pipeline | [carbon] train=92, test=12, full=104 (through 2014-12-01), actual_target=12 non-null (2015-01-01..2015-12-01)
2026-09-26 14:44:23 | INFO     | energy_stress.sarima | [SARIMA-CORE] Fitting on carbon (train=92 obs)
2026-09-26 14:44:30 | INFO     | energy_stress.sarima | SARIMA best order: (1, 0, 0) × (2, 1, 0, 12)
2026-09-26 14:44:30 | INFO     | energy_stress.sarima | [SARIMA-CORE carbon] validation: MAE=80.0507, RMSE=82.7958, MAPE=387.22%
2026-09-26 14:44:30 | INFO     | energy_stress.sarima | [SARIMA-CORE] Forecast saved → outputs_v2/forecasts_rolling/2014/carbon_growth_pct_forecasts_sarima_core.csv
2026-09-26 14:44:30 | INFO     | energy_stress.prophet | [Prophet-CORE] Fitting on carbon (train=92 obs, regressors=False, cps=0.001, sps=1.0, reg_ps=n/a, seasonality=additive)
2026-09-26 14:44:31 | INFO     | energy_stress.prophet | [Prophet-CORE carbon] validation: MAE=53.8226, RMSE=56.7198
2026-09-26 14:44:32 | INFO     | energy_stress.prophet | [Prophet-CORE] Forecast saved → outputs_v2/forecasts_rolling/2014/carbon_growth_pct_forecasts_prophet_core.csv
2026-09-26 14:44:32 | INFO     | energy_stress.lstm | [LSTM-CORE] Training on carbon | train=2006-05-01→2013-12-01 (92 obs), test=2014-01-01→2014-12-01 (12 obs), use_macro=False, lookback=6, dropout=0.1, lr=0.001, units=(64,32), macro_feature_set=lstm
2026-09-26 14:44:34 | INFO     | energy_stress.lstm | [LSTM-CORE carbon] validation: MAE=24.5690, RMSE=32.7564
2026-09-26 14:44:39 | INFO     | energy_stress.lstm | [LSTM-CORE] Forecast saved → outputs_v2/forecasts_rolling/2014/carbon_growth_pct_forecasts_lstm_core.csv
2026-09-26 14:44:39 | INFO     | energy_stress.lstm | [LSTM-CORE] Model saved → outputs_v2/models
2026-09-26 14:44:39 | INFO     | energy_stress.tft | [TFT/pytorch-forecasting] Fitting carbon (core)
2026-09-26 14:45:21 | INFO     | energy_stress.tft | [TFT carbon] validation: MAE=44.7116, RMSE=47.2874
2026-09-26 14:46:03 | INFO     | energy_stress.tft | [TFT] Forecast saved → outputs_v2/forecasts_rolling/2014/carbon_growth_pct_forecasts_tft_core.csv
2026-09-26 14:46:03 | DEBUG    | energy_stress.model_evaluation | Loaded outputs_v2/forecasts_rolling/2014/gas_growth_pct_forecasts_sarima_core.csv (12 rows)
2026-09-26 14:46:03 | WARNING  | energy_stress.model_evaluation | Forecast file not found: outputs_v2/forecasts_rolling/2014/gas_growth_pct_forecasts_sarima_macro.csv
2026-09-26 14:46:03 | DEBUG    | energy_stress.model_evaluation | Loaded outputs_v2/forecasts_rolling/2014/gas_growth_pct_forecasts_prophet_core.csv (12 rows)
2026-09-26 14:46:03 | WARNING  | energy_stress.model_evaluation | Forecast file not found: outputs_v2/forecasts_rolling/2014/gas_growth_pct_forecasts_prophet_macro.csv
2026-09-26 14:46:03 | DEBUG    | energy_stress.model_evaluation | Loaded outputs_v2/forecasts_rolling/2014/gas_growth_pct_forecasts_lstm_core.csv (12 rows)
2026-09-26 14:46:03 | WARNING  | energy_stress.model_evaluation | Forecast file not found: outputs_v2/forecasts_rolling/2014/gas_growth_pct_forecasts_lstm_macro.csv
2026-09-26 14:46:03 | DEBUG    | energy_stress.model_evaluation | Loaded outputs_v2/forecasts_rolling/2014/gas_growth_pct_forecasts_tft_core.csv (12 rows)
2026-09-26 14:46:03 | WARNING  | energy_stress.model_evaluation | Forecast file not found: outputs_v2/forecasts_rolling/2014/gas_growth_pct_forecasts_tft_macro.csv
2026-09-26 14:46:03 | INFO     | energy_stress.model_evaluation | Combined forecasts (48 rows) → outputs_v2/forecasts_rolling/2014/gas_growth_pct_forecasts_all.csv
2026-09-26 14:46:03 | INFO     | energy_stress.model_evaluation |   core combined → outputs_v2/forecasts_rolling/2014/gas_growth_pct_forecasts_core.csv
2026-09-26 14:46:03 | DEBUG    | energy_stress.model_evaluation | Loaded outputs_v2/forecasts_rolling/2014/electricity_growth_pct_forecasts_sarima_core.csv (12 rows)
2026-09-26 14:46:03 | WARNING  | energy_stress.model_evaluation | Forecast file not found: outputs_v2/forecasts_rolling/2014/electricity_growth_pct_forecasts_sarima_macro.csv
2026-09-26 14:46:03 | DEBUG    | energy_stress.model_evaluation | Loaded outputs_v2/forecasts_rolling/2014/electricity_growth_pct_forecasts_prophet_core.csv (12 rows)
2026-09-26 14:46:03 | WARNING  | energy_stress.model_evaluation | Forecast file not found: outputs_v2/forecasts_rolling/2014/electricity_growth_pct_forecasts_prophet_macro.csv
2026-09-26 14:46:03 | DEBUG    | energy_stress.model_evaluation | Loaded outputs_v2/forecasts_rolling/2014/electricity_growth_pct_forecasts_lstm_core.csv (12 rows)
2026-09-26 14:46:03 | WARNING  | energy_stress.model_evaluation | Forecast file not found: outputs_v2/forecasts_rolling/2014/electricity_growth_pct_forecasts_lstm_macro.csv
2026-09-26 14:46:03 | DEBUG    | energy_stress.model_evaluation | Loaded outputs_v2/forecasts_rolling/2014/electricity_growth_pct_forecasts_tft_core.csv (12 rows)
2026-09-26 14:46:03 | WARNING  | energy_stress.model_evaluation | Forecast file not found: outputs_v2/forecasts_rolling/2014/electricity_growth_pct_forecasts_tft_macro.csv
2026-09-26 14:46:03 | INFO     | energy_stress.model_evaluation | Combined forecasts (48 rows) → outputs_v2/forecasts_rolling/2014/electricity_growth_pct_forecasts_all.csv
2026-09-26 14:46:03 | INFO     | energy_stress.model_evaluation |   core combined → outputs_v2/forecasts_rolling/2014/electricity_growth_pct_forecasts_core.csv
2026-09-26 14:46:03 | DEBUG    | energy_stress.model_evaluation | Loaded outputs_v2/forecasts_rolling/2014/carbon_growth_pct_forecasts_sarima_core.csv (12 rows)
2026-09-26 14:46:03 | WARNING  | energy_stress.model_evaluation | Forecast file not found: outputs_v2/forecasts_rolling/2014/carbon_growth_pct_forecasts_sarima_macro.csv
2026-09-26 14:46:03 | DEBUG    | energy_stress.model_evaluation | Loaded outputs_v2/forecasts_rolling/2014/carbon_growth_pct_forecasts_prophet_core.csv (12 rows)
2026-09-26 14:46:03 | WARNING  | energy_stress.model_evaluation | Forecast file not found: outputs_v2/forecasts_rolling/2014/carbon_growth_pct_forecasts_prophet_macro.csv
2026-09-26 14:46:03 | DEBUG    | energy_stress.model_evaluation | Loaded outputs_v2/forecasts_rolling/2014/carbon_growth_pct_forecasts_lstm_core.csv (12 rows)
2026-09-26 14:46:03 | WARNING  | energy_stress.model_evaluation | Forecast file not found: outputs_v2/forecasts_rolling/2014/carbon_growth_pct_forecasts_lstm_macro.csv
2026-09-26 14:46:03 | DEBUG    | energy_stress.model_evaluation | Loaded outputs_v2/forecasts_rolling/2014/carbon_growth_pct_forecasts_tft_core.csv (12 rows)
2026-09-26 14:46:03 | WARNING  | energy_stress.model_evaluation | Forecast file not found: outputs_v2/forecasts_rolling/2014/carbon_growth_pct_forecasts_tft_macro.csv
2026-09-26 14:46:03 | INFO     | energy_stress.model_evaluation | Combined forecasts (48 rows) → outputs_v2/forecasts_rolling/2014/carbon_growth_pct_forecasts_all.csv
2026-09-26 14:46:03 | INFO     | energy_stress.model_evaluation |   core combined → outputs_v2/forecasts_rolling/2014/carbon_growth_pct_forecasts_core.csv
2026-09-26 14:46:03 | INFO     | energy_stress.model_evaluation | Evaluating 12 model results across all series and modes
2026-09-26 14:46:03 | INFO     | energy_stress.model_evaluation | Best model [carbon][core]: LSTM (selection_score=1.150)
2026-09-26 14:46:03 | INFO     | energy_stress.model_evaluation | Best model [electricity][core]: LSTM (selection_score=1.225)
2026-09-26 14:46:03 | INFO     | energy_stress.model_evaluation | Best model [gas][core]: LSTM (selection_score=1.100)
2026-09-26 14:46:03 | INFO     | energy_stress.model_evaluation | Metrics table saved → outputs_v2/tables/rolling/2014/model_metrics_comparison.csv
2026-09-26 14:46:03 | INFO     | energy_stress.fes | Best models selected:
2026-09-26 14:46:03 | INFO     | energy_stress.fes |   [carbon][core] → LSTM
2026-09-26 14:46:03 | INFO     | energy_stress.fes |   [electricity][core] → LSTM
2026-09-26 14:46:03 | INFO     | energy_stress.fes |   [gas][core] → LSTM
2026-09-26 14:46:03 | INFO     | energy_stress.fes | Per-series mode selected for FES_selected (metric per series/mode: {('gas', 'core'): 'RMSE', ('electricity', 'core'): 'RMSE', ('carbon', 'core'): 'RMSE'}): {'gas': 'core', 'electricity': 'core', 'carbon': 'core'}
2026-09-26 14:46:03 | INFO     | energy_stress.fes | FES_Weighted series weights (inverse validation-RMSE, normalized to mean 1.0): {'gas': 1.183160728174457, 'electricity': 1.7056894858241953, 'carbon': 0.11114978600134746}
2026-09-26 14:46:03 | INFO     | energy_stress.fes | [gas] train μ=11.6779, σ=16.5345 | unc_ref μ=8.7509, σ=6.8464
2026-09-26 14:46:03 | INFO     | energy_stress.fes | [electricity] train μ=8.2156, σ=10.0365 | unc_ref μ=5.4274, σ=3.7421
2026-09-26 14:46:03 | INFO     | energy_stress.fes | [carbon] train μ=-15.3766, σ=219.7992 | unc_ref μ=106.8053, σ=131.3407
2026-09-26 14:46:03 | INFO     | energy_stress.fes | [actual real-vol] train μ=0.5094, σ=0.3505
2026-09-26 14:46:03 | WARNING  | energy_stress.fes | No best model found for (gas, macro)
2026-09-26 14:46:03 | WARNING  | energy_stress.fes | No best model found for (electricity, macro)
2026-09-26 14:46:03 | WARNING  | energy_stress.fes | No best model found for (carbon, macro)
2026-09-26 14:46:03 | INFO     | energy_stress.fes | Monthly FES saved → outputs_v2/fes/rolling/2014/fes_monthly_2015.csv
2026-09-26 14:46:03 | INFO     | energy_stress.fes | [gas] train μ=12.5783, σ=17.3726 | unc_ref μ=9.7846, σ=6.6693
2026-09-26 14:46:03 | INFO     | energy_stress.fes | [electricity] train μ=8.5563, σ=10.6044 | unc_ref μ=6.0445, σ=3.5718
2026-09-26 14:46:03 | INFO     | energy_stress.fes | [carbon] train μ=-21.7666, σ=233.0098 | unc_ref μ=116.5092, σ=137.3339
2026-09-26 14:46:03 | INFO     | energy_stress.fes | [actual real-vol] train μ=0.5129, σ=0.3365
2026-09-26 14:46:03 | INFO     | energy_stress.fes | FES_actual, prior year 2014 (baseline for FES_selected's 2015 forecast): mean=-1.13753 -> outputs_v2/fes/rolling/2014/fes_prior_actual_2014.csv
2026-09-26 14:46:03 | INFO     | energy_stress.fes | FES comparison metrics saved → outputs_v2/fes/rolling/2014/fes_comparison_metrics.csv  (9 rows)
2026-09-26 14:46:03 | INFO     | energy_stress.fes | Best RMSE per variant:
FES_variant
Equal_Core        0.12975
Equal_Selected    0.12974
Equal_Weighted    0.32025
2026-09-26 14:46:03 | INFO     | energy_stress.forecast_pipeline | ========================================
2026-09-26 14:46:03 | INFO     | energy_stress.forecast_pipeline | STAGE 2: Rolling year as_of=2015 (split train<2015, test=2015, refit<=2015, forecast=2016)
2026-09-26 14:46:03 | INFO     | energy_stress.forecast_pipeline | ========================================
2026-09-26 14:46:03 | INFO     | energy_stress.preprocessing | Train: 104 rows (through 2014-12-01) | Test: 12 rows (2015-01-01..2015-12-01)
2026-09-26 14:46:04 | INFO     | energy_stress.forecast_pipeline | ========================================
2026-09-26 14:46:04 | INFO     | energy_stress.forecast_pipeline | STAGE 2: Per-origin tuning, as_of=2015
2026-09-26 14:46:04 | INFO     | energy_stress.forecast_pipeline | ========================================
2026-09-26 14:46:04 | INFO     | energy_stress.tuning | Tuning gas/core/SARIMA candidate 1/1: {}
2026-09-26 14:46:04 | INFO     | energy_stress.sarima | [SARIMA-CORE] Fitting on gas (train=104 obs)
2026-09-26 14:46:12 | INFO     | energy_stress.sarima | SARIMA best order: (2, 0, 0) × (2, 1, 1, 12)
2026-09-26 14:46:12 | INFO     | energy_stress.sarima | [SARIMA-CORE gas] validation: MAE=2.6175, RMSE=2.9978, MAPE=69.93%
2026-09-26 14:46:12 | INFO     | energy_stress.sarima | [SARIMA-CORE] Forecast saved → outputs_v2/tuning_rolling/2015/forecasts/gas/core/sarima/candidate_01/gas_growth_pct_forecasts_sarima_core.csv
2026-09-26 14:46:12 | INFO     | energy_stress.tuning | Tuning gas/core/Prophet candidate 1/16: {'changepoint_prior_scale': 0.001, 'seasonality_prior_scale': 1.0, 'seasonality_mode': 'additive'}
2026-09-26 14:46:12 | INFO     | energy_stress.prophet | [Prophet-CORE] Fitting on gas (train=104 obs, regressors=False, cps=0.001, sps=1.0, reg_ps=n/a, seasonality=additive)
2026-09-26 14:46:12 | INFO     | energy_stress.prophet | [Prophet-CORE gas] validation: MAE=4.8798, RMSE=5.2653
2026-09-26 14:46:13 | INFO     | energy_stress.prophet | [Prophet-CORE] Forecast saved → outputs_v2/tuning_rolling/2015/forecasts/gas/core/prophet/candidate_01/gas_growth_pct_forecasts_prophet_core.csv
2026-09-26 14:46:13 | INFO     | energy_stress.tuning | Tuning gas/core/Prophet candidate 2/16: {'changepoint_prior_scale': 0.001, 'seasonality_prior_scale': 1.0, 'seasonality_mode': 'multiplicative'}
2026-09-26 14:46:13 | INFO     | energy_stress.prophet | [Prophet-CORE] Fitting on gas (train=104 obs, regressors=False, cps=0.001, sps=1.0, reg_ps=n/a, seasonality=multiplicative)
2026-09-26 14:46:13 | INFO     | energy_stress.prophet | [Prophet-CORE gas] validation: MAE=4.5180, RMSE=4.6449
2026-09-26 14:46:13 | INFO     | energy_stress.prophet | [Prophet-CORE] Forecast saved → outputs_v2/tuning_rolling/2015/forecasts/gas/core/prophet/candidate_02/gas_growth_pct_forecasts_prophet_core.csv
2026-09-26 14:46:13 | INFO     | energy_stress.tuning | Tuning gas/core/Prophet candidate 3/16: {'changepoint_prior_scale': 0.001, 'seasonality_prior_scale': 10.0, 'seasonality_mode': 'additive'}
2026-09-26 14:46:13 | INFO     | energy_stress.prophet | [Prophet-CORE] Fitting on gas (train=104 obs, regressors=False, cps=0.001, sps=10.0, reg_ps=n/a, seasonality=additive)
2026-09-26 14:46:13 | INFO     | energy_stress.prophet | [Prophet-CORE gas] validation: MAE=4.9116, RMSE=5.7324
2026-09-26 14:46:13 | INFO     | energy_stress.prophet | [Prophet-CORE] Forecast saved → outputs_v2/tuning_rolling/2015/forecasts/gas/core/prophet/candidate_03/gas_growth_pct_forecasts_prophet_core.csv
2026-09-26 14:46:13 | INFO     | energy_stress.tuning | Tuning gas/core/Prophet candidate 4/16: {'changepoint_prior_scale': 0.001, 'seasonality_prior_scale': 10.0, 'seasonality_mode': 'multiplicative'}
2026-09-26 14:46:13 | INFO     | energy_stress.prophet | [Prophet-CORE] Fitting on gas (train=104 obs, regressors=False, cps=0.001, sps=10.0, reg_ps=n/a, seasonality=multiplicative)
2026-09-26 14:46:15 | INFO     | energy_stress.prophet | [Prophet-CORE gas] validation: MAE=4.1056, RMSE=4.2511
2026-09-26 14:46:15 | INFO     | energy_stress.prophet | [Prophet-CORE] Forecast saved → outputs_v2/tuning_rolling/2015/forecasts/gas/core/prophet/candidate_04/gas_growth_pct_forecasts_prophet_core.csv
2026-09-26 14:46:15 | INFO     | energy_stress.tuning | Tuning gas/core/Prophet candidate 5/16: {'changepoint_prior_scale': 0.01, 'seasonality_prior_scale': 1.0, 'seasonality_mode': 'additive'}
2026-09-26 14:46:15 | INFO     | energy_stress.prophet | [Prophet-CORE] Fitting on gas (train=104 obs, regressors=False, cps=0.01, sps=1.0, reg_ps=n/a, seasonality=additive)
2026-09-26 14:46:15 | INFO     | energy_stress.prophet | [Prophet-CORE gas] validation: MAE=4.3692, RMSE=4.4949
2026-09-26 14:46:16 | INFO     | energy_stress.prophet | [Prophet-CORE] Forecast saved → outputs_v2/tuning_rolling/2015/forecasts/gas/core/prophet/candidate_05/gas_growth_pct_forecasts_prophet_core.csv
2026-09-26 14:46:16 | INFO     | energy_stress.tuning | Tuning gas/core/Prophet candidate 6/16: {'changepoint_prior_scale': 0.01, 'seasonality_prior_scale': 1.0, 'seasonality_mode': 'multiplicative'}
2026-09-26 14:46:16 | INFO     | energy_stress.prophet | [Prophet-CORE] Fitting on gas (train=104 obs, regressors=False, cps=0.01, sps=1.0, reg_ps=n/a, seasonality=multiplicative)
2026-09-26 14:46:16 | INFO     | energy_stress.prophet | [Prophet-CORE gas] validation: MAE=4.3342, RMSE=4.4073
2026-09-26 14:46:16 | INFO     | energy_stress.prophet | [Prophet-CORE] Forecast saved → outputs_v2/tuning_rolling/2015/forecasts/gas/core/prophet/candidate_06/gas_growth_pct_forecasts_prophet_core.csv
2026-09-26 14:46:16 | INFO     | energy_stress.tuning | Tuning gas/core/Prophet candidate 7/16: {'changepoint_prior_scale': 0.01, 'seasonality_prior_scale': 10.0, 'seasonality_mode': 'additive'}
2026-09-26 14:46:16 | INFO     | energy_stress.prophet | [Prophet-CORE] Fitting on gas (train=104 obs, regressors=False, cps=0.01, sps=10.0, reg_ps=n/a, seasonality=additive)
2026-09-26 14:46:16 | INFO     | energy_stress.prophet | [Prophet-CORE gas] validation: MAE=4.3692, RMSE=4.4950
2026-09-26 14:46:16 | INFO     | energy_stress.prophet | [Prophet-CORE] Forecast saved → outputs_v2/tuning_rolling/2015/forecasts/gas/core/prophet/candidate_07/gas_growth_pct_forecasts_prophet_core.csv
2026-09-26 14:46:16 | INFO     | energy_stress.tuning | Tuning gas/core/Prophet candidate 8/16: {'changepoint_prior_scale': 0.01, 'seasonality_prior_scale': 10.0, 'seasonality_mode': 'multiplicative'}
2026-09-26 14:46:16 | INFO     | energy_stress.prophet | [Prophet-CORE] Fitting on gas (train=104 obs, regressors=False, cps=0.01, sps=10.0, reg_ps=n/a, seasonality=multiplicative)
2026-09-26 14:46:16 | INFO     | energy_stress.prophet | [Prophet-CORE gas] validation: MAE=4.3338, RMSE=4.4069
2026-09-26 14:46:16 | INFO     | energy_stress.prophet | [Prophet-CORE] Forecast saved → outputs_v2/tuning_rolling/2015/forecasts/gas/core/prophet/candidate_08/gas_growth_pct_forecasts_prophet_core.csv
2026-09-26 14:46:16 | INFO     | energy_stress.tuning | Tuning gas/core/Prophet candidate 9/16: {'changepoint_prior_scale': 0.05, 'seasonality_prior_scale': 1.0, 'seasonality_mode': 'additive'}
2026-09-26 14:46:16 | INFO     | energy_stress.prophet | [Prophet-CORE] Fitting on gas (train=104 obs, regressors=False, cps=0.05, sps=1.0, reg_ps=n/a, seasonality=additive)
2026-09-26 14:46:16 | INFO     | energy_stress.prophet | [Prophet-CORE gas] validation: MAE=4.2310, RMSE=4.5559
2026-09-26 14:46:16 | INFO     | energy_stress.prophet | [Prophet-CORE] Forecast saved → outputs_v2/tuning_rolling/2015/forecasts/gas/core/prophet/candidate_09/gas_growth_pct_forecasts_prophet_core.csv
2026-09-26 14:46:16 | INFO     | energy_stress.tuning | Tuning gas/core/Prophet candidate 10/16: {'changepoint_prior_scale': 0.05, 'seasonality_prior_scale': 1.0, 'seasonality_mode': 'multiplicative'}
2026-09-26 14:46:16 | INFO     | energy_stress.prophet | [Prophet-CORE] Fitting on gas (train=104 obs, regressors=False, cps=0.05, sps=1.0, reg_ps=n/a, seasonality=multiplicative)
2026-09-26 14:46:16 | INFO     | energy_stress.prophet | [Prophet-CORE gas] validation: MAE=4.1821, RMSE=4.3133
2026-09-26 14:46:16 | INFO     | energy_stress.prophet | [Prophet-CORE] Forecast saved → outputs_v2/tuning_rolling/2015/forecasts/gas/core/prophet/candidate_10/gas_growth_pct_forecasts_prophet_core.csv
2026-09-26 14:46:16 | INFO     | energy_stress.tuning | Tuning gas/core/Prophet candidate 11/16: {'changepoint_prior_scale': 0.05, 'seasonality_prior_scale': 10.0, 'seasonality_mode': 'additive'}
2026-09-26 14:46:16 | INFO     | energy_stress.prophet | [Prophet-CORE] Fitting on gas (train=104 obs, regressors=False, cps=0.05, sps=10.0, reg_ps=n/a, seasonality=additive)
2026-09-26 14:46:16 | INFO     | energy_stress.prophet | [Prophet-CORE gas] validation: MAE=2.9697, RMSE=3.3377
2026-09-26 14:46:16 | INFO     | energy_stress.prophet | [Prophet-CORE] Forecast saved → outputs_v2/tuning_rolling/2015/forecasts/gas/core/prophet/candidate_11/gas_growth_pct_forecasts_prophet_core.csv
2026-09-26 14:46:16 | INFO     | energy_stress.tuning | Tuning gas/core/Prophet candidate 12/16: {'changepoint_prior_scale': 0.05, 'seasonality_prior_scale': 10.0, 'seasonality_mode': 'multiplicative'}
2026-09-26 14:46:16 | INFO     | energy_stress.prophet | [Prophet-CORE] Fitting on gas (train=104 obs, regressors=False, cps=0.05, sps=10.0, reg_ps=n/a, seasonality=multiplicative)
2026-09-26 14:46:16 | INFO     | energy_stress.prophet | [Prophet-CORE gas] validation: MAE=3.5902, RMSE=3.7354
2026-09-26 14:46:16 | INFO     | energy_stress.prophet | [Prophet-CORE] Forecast saved → outputs_v2/tuning_rolling/2015/forecasts/gas/core/prophet/candidate_12/gas_growth_pct_forecasts_prophet_core.csv
2026-09-26 14:46:16 | INFO     | energy_stress.tuning | Tuning gas/core/Prophet candidate 13/16: {'changepoint_prior_scale': 0.1, 'seasonality_prior_scale': 1.0, 'seasonality_mode': 'additive'}
2026-09-26 14:46:16 | INFO     | energy_stress.prophet | [Prophet-CORE] Fitting on gas (train=104 obs, regressors=False, cps=0.1, sps=1.0, reg_ps=n/a, seasonality=additive)
2026-09-26 14:46:16 | INFO     | energy_stress.prophet | [Prophet-CORE gas] validation: MAE=4.8924, RMSE=5.1049
2026-09-26 14:46:17 | INFO     | energy_stress.prophet | [Prophet-CORE] Forecast saved → outputs_v2/tuning_rolling/2015/forecasts/gas/core/prophet/candidate_13/gas_growth_pct_forecasts_prophet_core.csv
2026-09-26 14:46:17 | INFO     | energy_stress.tuning | Tuning gas/core/Prophet candidate 14/16: {'changepoint_prior_scale': 0.1, 'seasonality_prior_scale': 1.0, 'seasonality_mode': 'multiplicative'}
2026-09-26 14:46:17 | INFO     | energy_stress.prophet | [Prophet-CORE] Fitting on gas (train=104 obs, regressors=False, cps=0.1, sps=1.0, reg_ps=n/a, seasonality=multiplicative)
2026-09-26 14:46:17 | INFO     | energy_stress.prophet | [Prophet-CORE gas] validation: MAE=4.2470, RMSE=4.3819
2026-09-26 14:46:17 | INFO     | energy_stress.prophet | [Prophet-CORE] Forecast saved → outputs_v2/tuning_rolling/2015/forecasts/gas/core/prophet/candidate_14/gas_growth_pct_forecasts_prophet_core.csv
2026-09-26 14:46:17 | INFO     | energy_stress.tuning | Tuning gas/core/Prophet candidate 15/16: {'changepoint_prior_scale': 0.1, 'seasonality_prior_scale': 10.0, 'seasonality_mode': 'additive'}
2026-09-26 14:46:17 | INFO     | energy_stress.prophet | [Prophet-CORE] Fitting on gas (train=104 obs, regressors=False, cps=0.1, sps=10.0, reg_ps=n/a, seasonality=additive)
2026-09-26 14:46:17 | INFO     | energy_stress.prophet | [Prophet-CORE gas] validation: MAE=4.5147, RMSE=4.7405
2026-09-26 14:46:17 | INFO     | energy_stress.prophet | [Prophet-CORE] Forecast saved → outputs_v2/tuning_rolling/2015/forecasts/gas/core/prophet/candidate_15/gas_growth_pct_forecasts_prophet_core.csv
2026-09-26 14:46:17 | INFO     | energy_stress.tuning | Tuning gas/core/Prophet candidate 16/16: {'changepoint_prior_scale': 0.1, 'seasonality_prior_scale': 10.0, 'seasonality_mode': 'multiplicative'}
2026-09-26 14:46:17 | INFO     | energy_stress.prophet | [Prophet-CORE] Fitting on gas (train=104 obs, regressors=False, cps=0.1, sps=10.0, reg_ps=n/a, seasonality=multiplicative)
2026-09-26 14:46:17 | INFO     | energy_stress.prophet | [Prophet-CORE gas] validation: MAE=4.1467, RMSE=4.2869
2026-09-26 14:46:17 | INFO     | energy_stress.prophet | [Prophet-CORE] Forecast saved → outputs_v2/tuning_rolling/2015/forecasts/gas/core/prophet/candidate_16/gas_growth_pct_forecasts_prophet_core.csv
2026-09-26 14:46:17 | INFO     | energy_stress.tuning | Best params for gas/core/Prophet: {'changepoint_prior_scale': 0.05, 'seasonality_prior_scale': 10.0, 'seasonality_mode': 'additive'} (validation score=2.9697)
2026-09-26 14:46:17 | INFO     | energy_stress.tuning | Tuning gas/core/LSTM candidate 1/3: {'lookback': 6, 'dropout': 0.1, 'learning_rate': 0.001, 'units_1': 64, 'units_2': 32, 'macro_feature_set': 'lstm'}
2026-09-26 14:46:17 | INFO     | energy_stress.lstm | [LSTM-CORE] Training on gas | train=2006-05-01→2014-12-01 (104 obs), test=2015-01-01→2015-12-01 (12 obs), use_macro=False, lookback=6, dropout=0.1, lr=0.001, units=(64,32), macro_feature_set=lstm
2026-09-26 14:46:18 | INFO     | energy_stress.lstm | [LSTM-CORE gas] validation: MAE=10.5046, RMSE=10.6290
2026-09-26 14:46:20 | INFO     | energy_stress.lstm | [LSTM-CORE] Forecast saved → outputs_v2/tuning_rolling/2015/forecasts/gas/core/lstm/candidate_01/gas_growth_pct_forecasts_lstm_core.csv
2026-09-26 14:46:20 | INFO     | energy_stress.tuning | Tuning gas/core/LSTM candidate 2/3: {'lookback': 12, 'dropout': 0.2, 'learning_rate': 0.001, 'units_1': 128, 'units_2': 64, 'macro_feature_set': 'lstm'}
2026-09-26 14:46:20 | INFO     | energy_stress.lstm | [LSTM-CORE] Training on gas | train=2006-05-01→2014-12-01 (104 obs), test=2015-01-01→2015-12-01 (12 obs), use_macro=False, lookback=12, dropout=0.2, lr=0.001, units=(128,64), macro_feature_set=lstm
2026-09-26 14:46:22 | INFO     | energy_stress.lstm | [LSTM-CORE gas] validation: MAE=9.2239, RMSE=9.3637
2026-09-26 14:46:25 | INFO     | energy_stress.lstm | [LSTM-CORE] Forecast saved → outputs_v2/tuning_rolling/2015/forecasts/gas/core/lstm/candidate_02/gas_growth_pct_forecasts_lstm_core.csv
2026-09-26 14:46:25 | INFO     | energy_stress.tuning | Tuning gas/core/LSTM candidate 3/3: {'lookback': 18, 'dropout': 0.25, 'learning_rate': 0.0005, 'units_1': 128, 'units_2': 64, 'macro_feature_set': 'lstm'}
2026-09-26 14:46:25 | INFO     | energy_stress.lstm | [LSTM-CORE] Training on gas | train=2006-05-01→2014-12-01 (104 obs), test=2015-01-01→2015-12-01 (12 obs), use_macro=False, lookback=18, dropout=0.25, lr=0.0005, units=(128,64), macro_feature_set=lstm
2026-09-26 14:46:27 | INFO     | energy_stress.lstm | [LSTM-CORE gas] validation: MAE=10.6006, RMSE=10.7125
2026-09-26 14:46:32 | INFO     | energy_stress.lstm | [LSTM-CORE] Forecast saved → outputs_v2/tuning_rolling/2015/forecasts/gas/core/lstm/candidate_03/gas_growth_pct_forecasts_lstm_core.csv
2026-09-26 14:46:32 | INFO     | energy_stress.tuning | Best params for gas/core/LSTM: {'lookback': 12, 'dropout': 0.2, 'learning_rate': 0.001, 'units_1': 128, 'units_2': 64, 'macro_feature_set': 'lstm'} (validation score=9.2239)
2026-09-26 14:46:32 | INFO     | energy_stress.tuning | Tuning gas/core/TFT candidate 1/3: {'lookback': 6, 'hidden': 32, 'n_heads': 4, 'learning_rate': 0.001}
2026-09-26 14:46:32 | INFO     | energy_stress.tft | [TFT/pytorch-forecasting] Fitting gas (core)
2026-09-26 14:46:59 | INFO     | energy_stress.tft | [TFT gas] validation: MAE=13.8327, RMSE=14.3813
2026-09-26 14:47:28 | INFO     | energy_stress.tft | [TFT] Forecast saved → outputs_v2/tuning_rolling/2015/forecasts/gas/core/tft/candidate_01/gas_growth_pct_forecasts_tft_core.csv
2026-09-26 14:47:28 | INFO     | energy_stress.tuning | Tuning gas/core/TFT candidate 2/3: {'lookback': 12, 'hidden': 64, 'n_heads': 4, 'learning_rate': 0.0005}
2026-09-26 14:47:28 | INFO     | energy_stress.tft | [TFT/pytorch-forecasting] Fitting gas (core)
2026-09-26 14:47:55 | INFO     | energy_stress.tft | [TFT gas] validation: MAE=11.6109, RMSE=12.4476
2026-09-26 14:48:23 | INFO     | energy_stress.tft | [TFT] Forecast saved → outputs_v2/tuning_rolling/2015/forecasts/gas/core/tft/candidate_02/gas_growth_pct_forecasts_tft_core.csv
2026-09-26 14:48:23 | INFO     | energy_stress.tuning | Tuning gas/core/TFT candidate 3/3: {'lookback': 18, 'hidden': 64, 'n_heads': 4, 'learning_rate': 0.0005}
2026-09-26 14:48:23 | INFO     | energy_stress.tft | [TFT/pytorch-forecasting] Fitting gas (core)
2026-09-26 14:48:46 | INFO     | energy_stress.tft | [TFT gas] validation: MAE=10.7293, RMSE=11.4851
2026-09-26 14:49:07 | INFO     | energy_stress.tft | [TFT] Forecast saved → outputs_v2/tuning_rolling/2015/forecasts/gas/core/tft/candidate_03/gas_growth_pct_forecasts_tft_core.csv
2026-09-26 14:49:07 | INFO     | energy_stress.tuning | Best params for gas/core/TFT: {'lookback': 18, 'hidden': 64, 'n_heads': 4, 'learning_rate': 0.0005} (validation score=10.7293)
2026-09-26 14:49:07 | INFO     | energy_stress.tuning | Tuning electricity/core/SARIMA candidate 1/1: {}
2026-09-26 14:49:07 | INFO     | energy_stress.sarima | [SARIMA-CORE] Fitting on electricity (train=104 obs)
2026-09-26 14:49:17 | INFO     | energy_stress.sarima | SARIMA best order: (2, 0, 0) × (2, 1, 1, 12)
2026-09-26 14:49:17 | INFO     | energy_stress.sarima | [SARIMA-CORE electricity] validation: MAE=3.7689, RMSE=4.0708, MAPE=1198.47%
2026-09-26 14:49:17 | INFO     | energy_stress.sarima | [SARIMA-CORE] Forecast saved → outputs_v2/tuning_rolling/2015/forecasts/electricity/core/sarima/candidate_01/electricity_growth_pct_forecasts_sarima_core.csv
2026-09-26 14:49:17 | INFO     | energy_stress.tuning | Tuning electricity/core/Prophet candidate 1/8: {'changepoint_prior_scale': 0.001, 'seasonality_prior_scale': 1.0, 'seasonality_mode': 'additive'}
2026-09-26 14:49:17 | INFO     | energy_stress.prophet | [Prophet-CORE] Fitting on electricity (train=104 obs, regressors=False, cps=0.001, sps=1.0, reg_ps=n/a, seasonality=additive)
2026-09-26 14:49:17 | INFO     | energy_stress.prophet | [Prophet-CORE electricity] validation: MAE=1.4318, RMSE=1.6578
2026-09-26 14:49:17 | INFO     | energy_stress.prophet | [Prophet-CORE] Forecast saved → outputs_v2/tuning_rolling/2015/forecasts/electricity/core/prophet/candidate_01/electricity_growth_pct_forecasts_prophet_core.csv
2026-09-26 14:49:17 | INFO     | energy_stress.tuning | Tuning electricity/core/Prophet candidate 2/8: {'changepoint_prior_scale': 0.001, 'seasonality_prior_scale': 10.0, 'seasonality_mode': 'additive'}
2026-09-26 14:49:17 | INFO     | energy_stress.prophet | [Prophet-CORE] Fitting on electricity (train=104 obs, regressors=False, cps=0.001, sps=10.0, reg_ps=n/a, seasonality=additive)
2026-09-26 14:49:18 | INFO     | energy_stress.prophet | [Prophet-CORE electricity] validation: MAE=1.5649, RMSE=1.8900
2026-09-26 14:49:18 | INFO     | energy_stress.prophet | [Prophet-CORE] Forecast saved → outputs_v2/tuning_rolling/2015/forecasts/electricity/core/prophet/candidate_02/electricity_growth_pct_forecasts_prophet_core.csv
2026-09-26 14:49:18 | INFO     | energy_stress.tuning | Tuning electricity/core/Prophet candidate 3/8: {'changepoint_prior_scale': 0.01, 'seasonality_prior_scale': 1.0, 'seasonality_mode': 'additive'}
2026-09-26 14:49:18 | INFO     | energy_stress.prophet | [Prophet-CORE] Fitting on electricity (train=104 obs, regressors=False, cps=0.01, sps=1.0, reg_ps=n/a, seasonality=additive)
2026-09-26 14:49:18 | INFO     | energy_stress.prophet | [Prophet-CORE electricity] validation: MAE=4.7756, RMSE=4.8594
2026-09-26 14:49:18 | INFO     | energy_stress.prophet | [Prophet-CORE] Forecast saved → outputs_v2/tuning_rolling/2015/forecasts/electricity/core/prophet/candidate_03/electricity_growth_pct_forecasts_prophet_core.csv
2026-09-26 14:49:18 | INFO     | energy_stress.tuning | Tuning electricity/core/Prophet candidate 4/8: {'changepoint_prior_scale': 0.01, 'seasonality_prior_scale': 10.0, 'seasonality_mode': 'additive'}
2026-09-26 14:49:18 | INFO     | energy_stress.prophet | [Prophet-CORE] Fitting on electricity (train=104 obs, regressors=False, cps=0.01, sps=10.0, reg_ps=n/a, seasonality=additive)
2026-09-26 14:49:18 | INFO     | energy_stress.prophet | [Prophet-CORE electricity] validation: MAE=4.7757, RMSE=4.8596
2026-09-26 14:49:18 | INFO     | energy_stress.prophet | [Prophet-CORE] Forecast saved → outputs_v2/tuning_rolling/2015/forecasts/electricity/core/prophet/candidate_04/electricity_growth_pct_forecasts_prophet_core.csv
2026-09-26 14:49:18 | INFO     | energy_stress.tuning | Tuning electricity/core/Prophet candidate 5/8: {'changepoint_prior_scale': 0.05, 'seasonality_prior_scale': 1.0, 'seasonality_mode': 'additive'}
2026-09-26 14:49:18 | INFO     | energy_stress.prophet | [Prophet-CORE] Fitting on electricity (train=104 obs, regressors=False, cps=0.05, sps=1.0, reg_ps=n/a, seasonality=additive)
2026-09-26 14:49:18 | INFO     | energy_stress.prophet | [Prophet-CORE electricity] validation: MAE=0.6930, RMSE=0.9513
2026-09-26 14:49:18 | INFO     | energy_stress.prophet | [Prophet-CORE] Forecast saved → outputs_v2/tuning_rolling/2015/forecasts/electricity/core/prophet/candidate_05/electricity_growth_pct_forecasts_prophet_core.csv
2026-09-26 14:49:18 | INFO     | energy_stress.tuning | Tuning electricity/core/Prophet candidate 6/8: {'changepoint_prior_scale': 0.05, 'seasonality_prior_scale': 10.0, 'seasonality_mode': 'additive'}
2026-09-26 14:49:18 | INFO     | energy_stress.prophet | [Prophet-CORE] Fitting on electricity (train=104 obs, regressors=False, cps=0.05, sps=10.0, reg_ps=n/a, seasonality=additive)
2026-09-26 14:49:18 | INFO     | energy_stress.prophet | [Prophet-CORE electricity] validation: MAE=0.7957, RMSE=1.0370
2026-09-26 14:49:18 | INFO     | energy_stress.prophet | [Prophet-CORE] Forecast saved → outputs_v2/tuning_rolling/2015/forecasts/electricity/core/prophet/candidate_06/electricity_growth_pct_forecasts_prophet_core.csv
2026-09-26 14:49:19 | INFO     | energy_stress.tuning | Tuning electricity/core/Prophet candidate 7/8: {'changepoint_prior_scale': 0.1, 'seasonality_prior_scale': 1.0, 'seasonality_mode': 'additive'}
2026-09-26 14:49:19 | INFO     | energy_stress.prophet | [Prophet-CORE] Fitting on electricity (train=104 obs, regressors=False, cps=0.1, sps=1.0, reg_ps=n/a, seasonality=additive)
2026-09-26 14:49:19 | INFO     | energy_stress.prophet | [Prophet-CORE electricity] validation: MAE=2.9967, RMSE=3.0533
2026-09-26 14:49:19 | INFO     | energy_stress.prophet | [Prophet-CORE] Forecast saved → outputs_v2/tuning_rolling/2015/forecasts/electricity/core/prophet/candidate_07/electricity_growth_pct_forecasts_prophet_core.csv
2026-09-26 14:49:19 | INFO     | energy_stress.tuning | Tuning electricity/core/Prophet candidate 8/8: {'changepoint_prior_scale': 0.1, 'seasonality_prior_scale': 10.0, 'seasonality_mode': 'additive'}
2026-09-26 14:49:19 | INFO     | energy_stress.prophet | [Prophet-CORE] Fitting on electricity (train=104 obs, regressors=False, cps=0.1, sps=10.0, reg_ps=n/a, seasonality=additive)
2026-09-26 14:49:19 | INFO     | energy_stress.prophet | [Prophet-CORE electricity] validation: MAE=3.0009, RMSE=3.0575
2026-09-26 14:49:19 | INFO     | energy_stress.prophet | [Prophet-CORE] Forecast saved → outputs_v2/tuning_rolling/2015/forecasts/electricity/core/prophet/candidate_08/electricity_growth_pct_forecasts_prophet_core.csv
2026-09-26 14:49:19 | INFO     | energy_stress.tuning | Best params for electricity/core/Prophet: {'changepoint_prior_scale': 0.05, 'seasonality_prior_scale': 1.0, 'seasonality_mode': 'additive'} (validation score=0.6930)
2026-09-26 14:49:19 | INFO     | energy_stress.tuning | Tuning electricity/core/LSTM candidate 1/3: {'lookback': 6, 'dropout': 0.1, 'learning_rate': 0.001, 'units_1': 64, 'units_2': 32, 'macro_feature_set': 'lstm'}
2026-09-26 14:49:19 | INFO     | energy_stress.lstm | [LSTM-CORE] Training on electricity | train=2006-05-01→2014-12-01 (104 obs), test=2015-01-01→2015-12-01 (12 obs), use_macro=False, lookback=6, dropout=0.1, lr=0.001, units=(64,32), macro_feature_set=lstm
2026-09-26 14:49:21 | INFO     | energy_stress.lstm | [LSTM-CORE electricity] validation: MAE=3.5855, RMSE=3.6821
2026-09-26 14:49:23 | INFO     | energy_stress.lstm | [LSTM-CORE] Forecast saved → outputs_v2/tuning_rolling/2015/forecasts/electricity/core/lstm/candidate_01/electricity_growth_pct_forecasts_lstm_core.csv
2026-09-26 14:49:23 | INFO     | energy_stress.tuning | Tuning electricity/core/LSTM candidate 2/3: {'lookback': 12, 'dropout': 0.2, 'learning_rate': 0.001, 'units_1': 128, 'units_2': 64, 'macro_feature_set': 'lstm'}
2026-09-26 14:49:23 | INFO     | energy_stress.lstm | [LSTM-CORE] Training on electricity | train=2006-05-01→2014-12-01 (104 obs), test=2015-01-01→2015-12-01 (12 obs), use_macro=False, lookback=12, dropout=0.2, lr=0.001, units=(128,64), macro_feature_set=lstm
2026-09-26 14:49:26 | INFO     | energy_stress.lstm | [LSTM-CORE electricity] validation: MAE=3.1590, RMSE=3.2967
2026-09-26 14:49:30 | INFO     | energy_stress.lstm | [LSTM-CORE] Forecast saved → outputs_v2/tuning_rolling/2015/forecasts/electricity/core/lstm/candidate_02/electricity_growth_pct_forecasts_lstm_core.csv
2026-09-26 14:49:30 | INFO     | energy_stress.tuning | Tuning electricity/core/LSTM candidate 3/3: {'lookback': 18, 'dropout': 0.25, 'learning_rate': 0.0005, 'units_1': 128, 'units_2': 64, 'macro_feature_set': 'lstm'}
2026-09-26 14:49:30 | INFO     | energy_stress.lstm | [LSTM-CORE] Training on electricity | train=2006-05-01→2014-12-01 (104 obs), test=2015-01-01→2015-12-01 (12 obs), use_macro=False, lookback=18, dropout=0.25, lr=0.0005, units=(128,64), macro_feature_set=lstm
2026-09-26 14:49:32 | INFO     | energy_stress.lstm | [LSTM-CORE electricity] validation: MAE=5.0365, RMSE=5.0431
2026-09-26 14:49:37 | INFO     | energy_stress.lstm | [LSTM-CORE] Forecast saved → outputs_v2/tuning_rolling/2015/forecasts/electricity/core/lstm/candidate_03/electricity_growth_pct_forecasts_lstm_core.csv
2026-09-26 14:49:37 | INFO     | energy_stress.tuning | Best params for electricity/core/LSTM: {'lookback': 12, 'dropout': 0.2, 'learning_rate': 0.001, 'units_1': 128, 'units_2': 64, 'macro_feature_set': 'lstm'} (validation score=3.1590)
2026-09-26 14:49:37 | INFO     | energy_stress.tuning | Tuning electricity/core/TFT candidate 1/3: {'lookback': 6, 'hidden': 32, 'n_heads': 4, 'learning_rate': 0.001}
2026-09-26 14:49:37 | INFO     | energy_stress.tft | [TFT/pytorch-forecasting] Fitting electricity (core)
2026-09-26 14:49:59 | INFO     | energy_stress.tft | [TFT electricity] validation: MAE=7.0236, RMSE=7.1830
2026-09-26 14:50:21 | INFO     | energy_stress.tft | [TFT] Forecast saved → outputs_v2/tuning_rolling/2015/forecasts/electricity/core/tft/candidate_01/electricity_growth_pct_forecasts_tft_core.csv
2026-09-26 14:50:21 | INFO     | energy_stress.tuning | Tuning electricity/core/TFT candidate 2/3: {'lookback': 12, 'hidden': 64, 'n_heads': 4, 'learning_rate': 0.0005}
2026-09-26 14:50:21 | INFO     | energy_stress.tft | [TFT/pytorch-forecasting] Fitting electricity (core)
2026-09-26 14:50:43 | INFO     | energy_stress.tft | [TFT electricity] validation: MAE=7.1842, RMSE=7.7056
2026-09-26 14:51:05 | INFO     | energy_stress.tft | [TFT] Forecast saved → outputs_v2/tuning_rolling/2015/forecasts/electricity/core/tft/candidate_02/electricity_growth_pct_forecasts_tft_core.csv
2026-09-26 14:51:05 | INFO     | energy_stress.tuning | Tuning electricity/core/TFT candidate 3/3: {'lookback': 18, 'hidden': 64, 'n_heads': 4, 'learning_rate': 0.0005}
2026-09-26 14:51:05 | INFO     | energy_stress.tft | [TFT/pytorch-forecasting] Fitting electricity (core)
2026-09-26 14:51:28 | INFO     | energy_stress.tft | [TFT electricity] validation: MAE=6.5143, RMSE=6.7481
2026-09-26 14:51:55 | INFO     | energy_stress.tft | [TFT] Forecast saved → outputs_v2/tuning_rolling/2015/forecasts/electricity/core/tft/candidate_03/electricity_growth_pct_forecasts_tft_core.csv
2026-09-26 14:51:55 | INFO     | energy_stress.tuning | Best params for electricity/core/TFT: {'lookback': 18, 'hidden': 64, 'n_heads': 4, 'learning_rate': 0.0005} (validation score=6.5143)
2026-09-26 14:51:55 | INFO     | energy_stress.tuning | Tuning carbon/core/SARIMA candidate 1/1: {}
2026-09-26 14:51:55 | INFO     | energy_stress.sarima | [SARIMA-CORE] Fitting on carbon (train=104 obs)
2026-09-26 14:52:03 | INFO     | energy_stress.sarima | SARIMA best order: (1, 0, 0) × (2, 1, 0, 12)
2026-09-26 14:52:03 | INFO     | energy_stress.sarima | [SARIMA-CORE carbon] validation: MAE=26.6059, RMSE=29.6279, MAPE=449.30%
2026-09-26 14:52:03 | INFO     | energy_stress.sarima | [SARIMA-CORE] Forecast saved → outputs_v2/tuning_rolling/2015/forecasts/carbon/core/sarima/candidate_01/carbon_growth_pct_forecasts_sarima_core.csv
2026-09-26 14:52:03 | INFO     | energy_stress.tuning | Tuning carbon/core/Prophet candidate 1/8: {'changepoint_prior_scale': 0.001, 'seasonality_prior_scale': 1.0, 'seasonality_mode': 'additive'}
2026-09-26 14:52:03 | INFO     | energy_stress.prophet | [Prophet-CORE] Fitting on carbon (train=104 obs, regressors=False, cps=0.001, sps=1.0, reg_ps=n/a, seasonality=additive)
2026-09-26 14:52:04 | INFO     | energy_stress.prophet | [Prophet-CORE carbon] validation: MAE=31.6586, RMSE=35.8091
2026-09-26 14:52:07 | INFO     | energy_stress.prophet | [Prophet-CORE] Forecast saved → outputs_v2/tuning_rolling/2015/forecasts/carbon/core/prophet/candidate_01/carbon_growth_pct_forecasts_prophet_core.csv
2026-09-26 14:52:07 | INFO     | energy_stress.tuning | Tuning carbon/core/Prophet candidate 2/8: {'changepoint_prior_scale': 0.001, 'seasonality_prior_scale': 10.0, 'seasonality_mode': 'additive'}
2026-09-26 14:52:07 | INFO     | energy_stress.prophet | [Prophet-CORE] Fitting on carbon (train=104 obs, regressors=False, cps=0.001, sps=10.0, reg_ps=n/a, seasonality=additive)
2026-09-26 14:52:07 | INFO     | energy_stress.prophet | [Prophet-CORE carbon] validation: MAE=35.1976, RMSE=44.8242
2026-09-26 14:52:09 | INFO     | energy_stress.prophet | [Prophet-CORE] Forecast saved → outputs_v2/tuning_rolling/2015/forecasts/carbon/core/prophet/candidate_02/carbon_growth_pct_forecasts_prophet_core.csv
2026-09-26 14:52:09 | INFO     | energy_stress.tuning | Tuning carbon/core/Prophet candidate 3/8: {'changepoint_prior_scale': 0.01, 'seasonality_prior_scale': 1.0, 'seasonality_mode': 'additive'}
2026-09-26 14:52:09 | INFO     | energy_stress.prophet | [Prophet-CORE] Fitting on carbon (train=104 obs, regressors=False, cps=0.01, sps=1.0, reg_ps=n/a, seasonality=additive)
2026-09-26 14:52:09 | INFO     | energy_stress.prophet | [Prophet-CORE carbon] validation: MAE=25.5072, RMSE=28.8129
2026-09-26 14:52:09 | INFO     | energy_stress.prophet | [Prophet-CORE] Forecast saved → outputs_v2/tuning_rolling/2015/forecasts/carbon/core/prophet/candidate_03/carbon_growth_pct_forecasts_prophet_core.csv
2026-09-26 14:52:09 | INFO     | energy_stress.tuning | Tuning carbon/core/Prophet candidate 4/8: {'changepoint_prior_scale': 0.01, 'seasonality_prior_scale': 10.0, 'seasonality_mode': 'additive'}
2026-09-26 14:52:09 | INFO     | energy_stress.prophet | [Prophet-CORE] Fitting on carbon (train=104 obs, regressors=False, cps=0.01, sps=10.0, reg_ps=n/a, seasonality=additive)
2026-09-26 14:52:10 | INFO     | energy_stress.prophet | [Prophet-CORE carbon] validation: MAE=33.1625, RMSE=42.1741
2026-09-26 14:52:10 | INFO     | energy_stress.prophet | [Prophet-CORE] Forecast saved → outputs_v2/tuning_rolling/2015/forecasts/carbon/core/prophet/candidate_04/carbon_growth_pct_forecasts_prophet_core.csv
2026-09-26 14:52:10 | INFO     | energy_stress.tuning | Tuning carbon/core/Prophet candidate 5/8: {'changepoint_prior_scale': 0.05, 'seasonality_prior_scale': 1.0, 'seasonality_mode': 'additive'}
2026-09-26 14:52:10 | INFO     | energy_stress.prophet | [Prophet-CORE] Fitting on carbon (train=104 obs, regressors=False, cps=0.05, sps=1.0, reg_ps=n/a, seasonality=additive)
2026-09-26 14:52:10 | INFO     | energy_stress.prophet | [Prophet-CORE carbon] validation: MAE=17.1422, RMSE=18.8380
2026-09-26 14:52:10 | INFO     | energy_stress.prophet | [Prophet-CORE] Forecast saved → outputs_v2/tuning_rolling/2015/forecasts/carbon/core/prophet/candidate_05/carbon_growth_pct_forecasts_prophet_core.csv
2026-09-26 14:52:10 | INFO     | energy_stress.tuning | Tuning carbon/core/Prophet candidate 6/8: {'changepoint_prior_scale': 0.05, 'seasonality_prior_scale': 10.0, 'seasonality_mode': 'additive'}
2026-09-26 14:52:10 | INFO     | energy_stress.prophet | [Prophet-CORE] Fitting on carbon (train=104 obs, regressors=False, cps=0.05, sps=10.0, reg_ps=n/a, seasonality=additive)
2026-09-26 14:52:10 | INFO     | energy_stress.prophet | [Prophet-CORE carbon] validation: MAE=17.2486, RMSE=18.9591
2026-09-26 14:52:10 | INFO     | energy_stress.prophet | [Prophet-CORE] Forecast saved → outputs_v2/tuning_rolling/2015/forecasts/carbon/core/prophet/candidate_06/carbon_growth_pct_forecasts_prophet_core.csv
2026-09-26 14:52:10 | INFO     | energy_stress.tuning | Tuning carbon/core/Prophet candidate 7/8: {'changepoint_prior_scale': 0.1, 'seasonality_prior_scale': 1.0, 'seasonality_mode': 'additive'}
2026-09-26 14:52:10 | INFO     | energy_stress.prophet | [Prophet-CORE] Fitting on carbon (train=104 obs, regressors=False, cps=0.1, sps=1.0, reg_ps=n/a, seasonality=additive)
2026-09-26 14:52:10 | INFO     | energy_stress.prophet | [Prophet-CORE carbon] validation: MAE=19.5995, RMSE=21.7068
2026-09-26 14:52:10 | INFO     | energy_stress.prophet | [Prophet-CORE] Forecast saved → outputs_v2/tuning_rolling/2015/forecasts/carbon/core/prophet/candidate_07/carbon_growth_pct_forecasts_prophet_core.csv
2026-09-26 14:52:10 | INFO     | energy_stress.tuning | Tuning carbon/core/Prophet candidate 8/8: {'changepoint_prior_scale': 0.1, 'seasonality_prior_scale': 10.0, 'seasonality_mode': 'additive'}
2026-09-26 14:52:10 | INFO     | energy_stress.prophet | [Prophet-CORE] Fitting on carbon (train=104 obs, regressors=False, cps=0.1, sps=10.0, reg_ps=n/a, seasonality=additive)
2026-09-26 14:52:10 | INFO     | energy_stress.prophet | [Prophet-CORE carbon] validation: MAE=19.8568, RMSE=22.0201
2026-09-26 14:52:10 | INFO     | energy_stress.prophet | [Prophet-CORE] Forecast saved → outputs_v2/tuning_rolling/2015/forecasts/carbon/core/prophet/candidate_08/carbon_growth_pct_forecasts_prophet_core.csv
2026-09-26 14:52:10 | INFO     | energy_stress.tuning | Best params for carbon/core/Prophet: {'changepoint_prior_scale': 0.05, 'seasonality_prior_scale': 1.0, 'seasonality_mode': 'additive'} (validation score=17.1422)
2026-09-26 14:52:10 | INFO     | energy_stress.tuning | Tuning carbon/core/LSTM candidate 1/3: {'lookback': 6, 'dropout': 0.1, 'learning_rate': 0.001, 'units_1': 64, 'units_2': 32, 'macro_feature_set': 'lstm'}
2026-09-26 14:52:10 | INFO     | energy_stress.lstm | [LSTM-CORE] Training on carbon | train=2006-05-01→2014-12-01 (104 obs), test=2015-01-01→2015-12-01 (12 obs), use_macro=False, lookback=6, dropout=0.1, lr=0.001, units=(64,32), macro_feature_set=lstm
2026-09-26 14:52:12 | INFO     | energy_stress.lstm | [LSTM-CORE carbon] validation: MAE=11.6113, RMSE=14.5437
2026-09-26 14:52:15 | INFO     | energy_stress.lstm | [LSTM-CORE] Forecast saved → outputs_v2/tuning_rolling/2015/forecasts/carbon/core/lstm/candidate_01/carbon_growth_pct_forecasts_lstm_core.csv
2026-09-26 14:52:15 | INFO     | energy_stress.tuning | Tuning carbon/core/LSTM candidate 2/3: {'lookback': 12, 'dropout': 0.2, 'learning_rate': 0.001, 'units_1': 128, 'units_2': 64, 'macro_feature_set': 'lstm'}
2026-09-26 14:52:15 | INFO     | energy_stress.lstm | [LSTM-CORE] Training on carbon | train=2006-05-01→2014-12-01 (104 obs), test=2015-01-01→2015-12-01 (12 obs), use_macro=False, lookback=12, dropout=0.2, lr=0.001, units=(128,64), macro_feature_set=lstm
2026-09-26 14:52:17 | INFO     | energy_stress.lstm | [LSTM-CORE carbon] validation: MAE=18.7848, RMSE=20.4542
2026-09-26 14:52:22 | INFO     | energy_stress.lstm | [LSTM-CORE] Forecast saved → outputs_v2/tuning_rolling/2015/forecasts/carbon/core/lstm/candidate_02/carbon_growth_pct_forecasts_lstm_core.csv
2026-09-26 14:52:22 | INFO     | energy_stress.tuning | Tuning carbon/core/LSTM candidate 3/3: {'lookback': 18, 'dropout': 0.25, 'learning_rate': 0.0005, 'units_1': 128, 'units_2': 64, 'macro_feature_set': 'lstm'}
2026-09-26 14:52:22 | INFO     | energy_stress.lstm | [LSTM-CORE] Training on carbon | train=2006-05-01→2014-12-01 (104 obs), test=2015-01-01→2015-12-01 (12 obs), use_macro=False, lookback=18, dropout=0.25, lr=0.0005, units=(128,64), macro_feature_set=lstm
2026-09-26 14:52:25 | INFO     | energy_stress.lstm | [LSTM-CORE carbon] validation: MAE=29.8509, RMSE=31.7493
2026-09-26 14:52:29 | INFO     | energy_stress.lstm | [LSTM-CORE] Forecast saved → outputs_v2/tuning_rolling/2015/forecasts/carbon/core/lstm/candidate_03/carbon_growth_pct_forecasts_lstm_core.csv
2026-09-26 14:52:29 | INFO     | energy_stress.tuning | Best params for carbon/core/LSTM: {'lookback': 6, 'dropout': 0.1, 'learning_rate': 0.001, 'units_1': 64, 'units_2': 32, 'macro_feature_set': 'lstm'} (validation score=11.6113)
2026-09-26 14:52:29 | INFO     | energy_stress.tuning | Tuning carbon/core/TFT candidate 1/3: {'lookback': 6, 'hidden': 32, 'n_heads': 4, 'learning_rate': 0.001}
2026-09-26 14:52:29 | INFO     | energy_stress.tft | [TFT/pytorch-forecasting] Fitting carbon (core)
2026-09-26 14:52:55 | INFO     | energy_stress.tft | [TFT carbon] validation: MAE=61.0294, RMSE=65.8683
2026-09-26 14:53:23 | INFO     | energy_stress.tft | [TFT] Forecast saved → outputs_v2/tuning_rolling/2015/forecasts/carbon/core/tft/candidate_01/carbon_growth_pct_forecasts_tft_core.csv
2026-09-26 14:53:23 | INFO     | energy_stress.tuning | Tuning carbon/core/TFT candidate 2/3: {'lookback': 12, 'hidden': 64, 'n_heads': 4, 'learning_rate': 0.0005}
2026-09-26 14:53:23 | INFO     | energy_stress.tft | [TFT/pytorch-forecasting] Fitting carbon (core)
2026-09-26 14:53:51 | INFO     | energy_stress.tft | [TFT carbon] validation: MAE=60.0495, RMSE=64.9224
2026-09-26 14:54:19 | INFO     | energy_stress.tft | [TFT] Forecast saved → outputs_v2/tuning_rolling/2015/forecasts/carbon/core/tft/candidate_02/carbon_growth_pct_forecasts_tft_core.csv
2026-09-26 14:54:19 | INFO     | energy_stress.tuning | Tuning carbon/core/TFT candidate 3/3: {'lookback': 18, 'hidden': 64, 'n_heads': 4, 'learning_rate': 0.0005}
2026-09-26 14:54:19 | INFO     | energy_stress.tft | [TFT/pytorch-forecasting] Fitting carbon (core)
2026-09-26 14:54:47 | INFO     | energy_stress.tft | [TFT carbon] validation: MAE=62.7021, RMSE=68.6026
2026-09-26 14:55:16 | INFO     | energy_stress.tft | [TFT] Forecast saved → outputs_v2/tuning_rolling/2015/forecasts/carbon/core/tft/candidate_03/carbon_growth_pct_forecasts_tft_core.csv
2026-09-26 14:55:16 | INFO     | energy_stress.tuning | Best params for carbon/core/TFT: {'lookback': 12, 'hidden': 64, 'n_heads': 4, 'learning_rate': 0.0005} (validation score=60.0495)
2026-09-26 14:55:16 | INFO     | energy_stress.tuning | Tuning results saved → outputs_v2/tuning_rolling/2015/model_tuning_results.csv
2026-09-26 14:55:16 | INFO     | energy_stress.forecast_pipeline | 
──────────────────────────────────────────────────
Series: GAS
──────────────────────────────────────────────────
2026-09-26 14:55:16 | INFO     | energy_stress.forecast_pipeline | [gas] train=104, test=12, full=116 (through 2015-12-01), actual_target=12 non-null (2016-01-01..2016-12-01)
2026-09-26 14:55:16 | INFO     | energy_stress.sarima | [SARIMA-CORE] Fitting on gas (train=104 obs)
2026-09-26 14:55:24 | INFO     | energy_stress.sarima | SARIMA best order: (2, 0, 0) × (2, 1, 1, 12)
2026-09-26 14:55:25 | INFO     | energy_stress.sarima | [SARIMA-CORE gas] validation: MAE=2.6175, RMSE=2.9978, MAPE=69.93%
2026-09-26 14:55:25 | INFO     | energy_stress.sarima | [SARIMA-CORE] Forecast saved → outputs_v2/forecasts_rolling/2015/gas_growth_pct_forecasts_sarima_core.csv
2026-09-26 14:55:25 | INFO     | energy_stress.prophet | [Prophet-CORE] Fitting on gas (train=104 obs, regressors=False, cps=0.05, sps=10.0, reg_ps=n/a, seasonality=additive)
2026-09-26 14:55:25 | INFO     | energy_stress.prophet | [Prophet-CORE gas] validation: MAE=2.9697, RMSE=3.3377
2026-09-26 14:55:25 | INFO     | energy_stress.prophet | [Prophet-CORE] Forecast saved → outputs_v2/forecasts_rolling/2015/gas_growth_pct_forecasts_prophet_core.csv
2026-09-26 14:55:25 | INFO     | energy_stress.lstm | [LSTM-CORE] Training on gas | train=2006-05-01→2014-12-01 (104 obs), test=2015-01-01→2015-12-01 (12 obs), use_macro=False, lookback=12, dropout=0.2, lr=0.001, units=(128,64), macro_feature_set=lstm
2026-09-26 14:55:27 | INFO     | energy_stress.lstm | [LSTM-CORE gas] validation: MAE=9.2244, RMSE=9.3621
2026-09-26 14:55:33 | INFO     | energy_stress.lstm | [LSTM-CORE] Forecast saved → outputs_v2/forecasts_rolling/2015/gas_growth_pct_forecasts_lstm_core.csv
2026-09-26 14:55:33 | INFO     | energy_stress.lstm | [LSTM-CORE] Model saved → outputs_v2/models
2026-09-26 14:55:33 | INFO     | energy_stress.tft | [TFT/pytorch-forecasting] Fitting gas (core)
2026-09-26 14:56:16 | INFO     | energy_stress.tft | [TFT gas] validation: MAE=11.1329, RMSE=11.8262
2026-09-26 14:56:58 | INFO     | energy_stress.tft | [TFT] Forecast saved → outputs_v2/forecasts_rolling/2015/gas_growth_pct_forecasts_tft_core.csv
2026-09-26 14:56:58 | INFO     | energy_stress.forecast_pipeline | 
──────────────────────────────────────────────────
Series: ELECTRICITY
──────────────────────────────────────────────────
2026-09-26 14:56:58 | INFO     | energy_stress.forecast_pipeline | [electricity] train=104, test=12, full=116 (through 2015-12-01), actual_target=12 non-null (2016-01-01..2016-12-01)
2026-09-26 14:56:58 | INFO     | energy_stress.sarima | [SARIMA-CORE] Fitting on electricity (train=104 obs)
2026-09-26 14:57:08 | INFO     | energy_stress.sarima | SARIMA best order: (2, 0, 0) × (2, 1, 1, 12)
2026-09-26 14:57:08 | INFO     | energy_stress.sarima | [SARIMA-CORE electricity] validation: MAE=3.7689, RMSE=4.0708, MAPE=1198.47%
2026-09-26 14:57:08 | INFO     | energy_stress.sarima | [SARIMA-CORE] Forecast saved → outputs_v2/forecasts_rolling/2015/electricity_growth_pct_forecasts_sarima_core.csv
2026-09-26 14:57:08 | INFO     | energy_stress.prophet | [Prophet-CORE] Fitting on electricity (train=104 obs, regressors=False, cps=0.05, sps=1.0, reg_ps=n/a, seasonality=additive)
2026-09-26 14:57:08 | INFO     | energy_stress.prophet | [Prophet-CORE electricity] validation: MAE=0.6930, RMSE=0.9513
2026-09-26 14:57:08 | INFO     | energy_stress.prophet | [Prophet-CORE] Forecast saved → outputs_v2/forecasts_rolling/2015/electricity_growth_pct_forecasts_prophet_core.csv
2026-09-26 14:57:08 | INFO     | energy_stress.lstm | [LSTM-CORE] Training on electricity | train=2006-05-01→2014-12-01 (104 obs), test=2015-01-01→2015-12-01 (12 obs), use_macro=False, lookback=12, dropout=0.2, lr=0.001, units=(128,64), macro_feature_set=lstm
2026-09-26 14:57:12 | INFO     | energy_stress.lstm | [LSTM-CORE electricity] validation: MAE=3.1816, RMSE=3.3150
2026-09-26 14:57:18 | INFO     | energy_stress.lstm | [LSTM-CORE] Forecast saved → outputs_v2/forecasts_rolling/2015/electricity_growth_pct_forecasts_lstm_core.csv
2026-09-26 14:57:18 | INFO     | energy_stress.lstm | [LSTM-CORE] Model saved → outputs_v2/models
2026-09-26 14:57:18 | INFO     | energy_stress.tft | [TFT/pytorch-forecasting] Fitting electricity (core)
2026-09-26 14:57:57 | INFO     | energy_stress.tft | [TFT electricity] validation: MAE=6.8695, RMSE=7.0189
2026-09-26 14:58:31 | INFO     | energy_stress.tft | [TFT] Forecast saved → outputs_v2/forecasts_rolling/2015/electricity_growth_pct_forecasts_tft_core.csv
2026-09-26 14:58:31 | INFO     | energy_stress.forecast_pipeline | 
──────────────────────────────────────────────────
Series: CARBON
──────────────────────────────────────────────────
2026-09-26 14:58:31 | INFO     | energy_stress.forecast_pipeline | [carbon] train=104, test=12, full=116 (through 2015-12-01), actual_target=12 non-null (2016-01-01..2016-12-01)
2026-09-26 14:58:31 | INFO     | energy_stress.sarima | [SARIMA-CORE] Fitting on carbon (train=104 obs)
2026-09-26 14:58:39 | INFO     | energy_stress.sarima | SARIMA best order: (1, 0, 0) × (2, 1, 0, 12)
2026-09-26 14:58:40 | INFO     | energy_stress.sarima | [SARIMA-CORE carbon] validation: MAE=26.6059, RMSE=29.6279, MAPE=449.30%
2026-09-26 14:58:40 | INFO     | energy_stress.sarima | [SARIMA-CORE] Forecast saved → outputs_v2/forecasts_rolling/2015/carbon_growth_pct_forecasts_sarima_core.csv
2026-09-26 14:58:40 | INFO     | energy_stress.prophet | [Prophet-CORE] Fitting on carbon (train=104 obs, regressors=False, cps=0.05, sps=1.0, reg_ps=n/a, seasonality=additive)
2026-09-26 14:58:40 | INFO     | energy_stress.prophet | [Prophet-CORE carbon] validation: MAE=17.1422, RMSE=18.8380
2026-09-26 14:58:40 | INFO     | energy_stress.prophet | [Prophet-CORE] Forecast saved → outputs_v2/forecasts_rolling/2015/carbon_growth_pct_forecasts_prophet_core.csv
2026-09-26 14:58:40 | INFO     | energy_stress.lstm | [LSTM-CORE] Training on carbon | train=2006-05-01→2014-12-01 (104 obs), test=2015-01-01→2015-12-01 (12 obs), use_macro=False, lookback=6, dropout=0.1, lr=0.001, units=(64,32), macro_feature_set=lstm
2026-09-26 14:58:42 | INFO     | energy_stress.lstm | [LSTM-CORE carbon] validation: MAE=11.6863, RMSE=14.5100
2026-09-26 14:58:46 | INFO     | energy_stress.lstm | [LSTM-CORE] Forecast saved → outputs_v2/forecasts_rolling/2015/carbon_growth_pct_forecasts_lstm_core.csv
2026-09-26 14:58:46 | INFO     | energy_stress.lstm | [LSTM-CORE] Model saved → outputs_v2/models
2026-09-26 14:58:46 | INFO     | energy_stress.tft | [TFT/pytorch-forecasting] Fitting carbon (core)
2026-09-26 14:59:20 | INFO     | energy_stress.tft | [TFT carbon] validation: MAE=69.2260, RMSE=75.1361
2026-09-26 14:59:53 | INFO     | energy_stress.tft | [TFT] Forecast saved → outputs_v2/forecasts_rolling/2015/carbon_growth_pct_forecasts_tft_core.csv
2026-09-26 14:59:53 | DEBUG    | energy_stress.model_evaluation | Loaded outputs_v2/forecasts_rolling/2015/gas_growth_pct_forecasts_sarima_core.csv (12 rows)
2026-09-26 14:59:53 | WARNING  | energy_stress.model_evaluation | Forecast file not found: outputs_v2/forecasts_rolling/2015/gas_growth_pct_forecasts_sarima_macro.csv
2026-09-26 14:59:53 | DEBUG    | energy_stress.model_evaluation | Loaded outputs_v2/forecasts_rolling/2015/gas_growth_pct_forecasts_prophet_core.csv (12 rows)
2026-09-26 14:59:53 | WARNING  | energy_stress.model_evaluation | Forecast file not found: outputs_v2/forecasts_rolling/2015/gas_growth_pct_forecasts_prophet_macro.csv
2026-09-26 14:59:53 | DEBUG    | energy_stress.model_evaluation | Loaded outputs_v2/forecasts_rolling/2015/gas_growth_pct_forecasts_lstm_core.csv (12 rows)
2026-09-26 14:59:53 | WARNING  | energy_stress.model_evaluation | Forecast file not found: outputs_v2/forecasts_rolling/2015/gas_growth_pct_forecasts_lstm_macro.csv
2026-09-26 14:59:53 | DEBUG    | energy_stress.model_evaluation | Loaded outputs_v2/forecasts_rolling/2015/gas_growth_pct_forecasts_tft_core.csv (12 rows)
2026-09-26 14:59:53 | WARNING  | energy_stress.model_evaluation | Forecast file not found: outputs_v2/forecasts_rolling/2015/gas_growth_pct_forecasts_tft_macro.csv
2026-09-26 14:59:53 | INFO     | energy_stress.model_evaluation | Combined forecasts (48 rows) → outputs_v2/forecasts_rolling/2015/gas_growth_pct_forecasts_all.csv
2026-09-26 14:59:53 | INFO     | energy_stress.model_evaluation |   core combined → outputs_v2/forecasts_rolling/2015/gas_growth_pct_forecasts_core.csv
2026-09-26 14:59:53 | DEBUG    | energy_stress.model_evaluation | Loaded outputs_v2/forecasts_rolling/2015/electricity_growth_pct_forecasts_sarima_core.csv (12 rows)
2026-09-26 14:59:53 | WARNING  | energy_stress.model_evaluation | Forecast file not found: outputs_v2/forecasts_rolling/2015/electricity_growth_pct_forecasts_sarima_macro.csv
2026-09-26 14:59:53 | DEBUG    | energy_stress.model_evaluation | Loaded outputs_v2/forecasts_rolling/2015/electricity_growth_pct_forecasts_prophet_core.csv (12 rows)
2026-09-26 14:59:53 | WARNING  | energy_stress.model_evaluation | Forecast file not found: outputs_v2/forecasts_rolling/2015/electricity_growth_pct_forecasts_prophet_macro.csv
2026-09-26 14:59:53 | DEBUG    | energy_stress.model_evaluation | Loaded outputs_v2/forecasts_rolling/2015/electricity_growth_pct_forecasts_lstm_core.csv (12 rows)
2026-09-26 14:59:53 | WARNING  | energy_stress.model_evaluation | Forecast file not found: outputs_v2/forecasts_rolling/2015/electricity_growth_pct_forecasts_lstm_macro.csv
2026-09-26 14:59:53 | DEBUG    | energy_stress.model_evaluation | Loaded outputs_v2/forecasts_rolling/2015/electricity_growth_pct_forecasts_tft_core.csv (12 rows)
2026-09-26 14:59:53 | WARNING  | energy_stress.model_evaluation | Forecast file not found: outputs_v2/forecasts_rolling/2015/electricity_growth_pct_forecasts_tft_macro.csv
2026-09-26 14:59:53 | INFO     | energy_stress.model_evaluation | Combined forecasts (48 rows) → outputs_v2/forecasts_rolling/2015/electricity_growth_pct_forecasts_all.csv
2026-09-26 14:59:53 | INFO     | energy_stress.model_evaluation |   core combined → outputs_v2/forecasts_rolling/2015/electricity_growth_pct_forecasts_core.csv
2026-09-26 14:59:53 | DEBUG    | energy_stress.model_evaluation | Loaded outputs_v2/forecasts_rolling/2015/carbon_growth_pct_forecasts_sarima_core.csv (12 rows)
2026-09-26 14:59:53 | WARNING  | energy_stress.model_evaluation | Forecast file not found: outputs_v2/forecasts_rolling/2015/carbon_growth_pct_forecasts_sarima_macro.csv
2026-09-26 14:59:53 | DEBUG    | energy_stress.model_evaluation | Loaded outputs_v2/forecasts_rolling/2015/carbon_growth_pct_forecasts_prophet_core.csv (12 rows)
2026-09-26 14:59:53 | WARNING  | energy_stress.model_evaluation | Forecast file not found: outputs_v2/forecasts_rolling/2015/carbon_growth_pct_forecasts_prophet_macro.csv
2026-09-26 14:59:53 | DEBUG    | energy_stress.model_evaluation | Loaded outputs_v2/forecasts_rolling/2015/carbon_growth_pct_forecasts_lstm_core.csv (12 rows)
2026-09-26 14:59:53 | WARNING  | energy_stress.model_evaluation | Forecast file not found: outputs_v2/forecasts_rolling/2015/carbon_growth_pct_forecasts_lstm_macro.csv
2026-09-26 14:59:53 | DEBUG    | energy_stress.model_evaluation | Loaded outputs_v2/forecasts_rolling/2015/carbon_growth_pct_forecasts_tft_core.csv (12 rows)
2026-09-26 14:59:53 | WARNING  | energy_stress.model_evaluation | Forecast file not found: outputs_v2/forecasts_rolling/2015/carbon_growth_pct_forecasts_tft_macro.csv
2026-09-26 14:59:53 | INFO     | energy_stress.model_evaluation | Combined forecasts (48 rows) → outputs_v2/forecasts_rolling/2015/carbon_growth_pct_forecasts_all.csv
2026-09-26 14:59:53 | INFO     | energy_stress.model_evaluation |   core combined → outputs_v2/forecasts_rolling/2015/carbon_growth_pct_forecasts_core.csv
2026-09-26 14:59:53 | INFO     | energy_stress.model_evaluation | Evaluating 12 model results across all series and modes
2026-09-26 14:59:53 | INFO     | energy_stress.model_evaluation | Best model [carbon][core]: LSTM (selection_score=1.200)
2026-09-26 14:59:53 | INFO     | energy_stress.model_evaluation | Best model [electricity][core]: Prophet (selection_score=1.275)
2026-09-26 14:59:53 | INFO     | energy_stress.model_evaluation | Best model [gas][core]: SARIMA (selection_score=1.025)
2026-09-26 14:59:53 | INFO     | energy_stress.model_evaluation | Metrics table saved → outputs_v2/tables/rolling/2015/model_metrics_comparison.csv
2026-09-26 14:59:53 | INFO     | energy_stress.fes | Best models selected:
2026-09-26 14:59:53 | INFO     | energy_stress.fes |   [carbon][core] → LSTM
2026-09-26 14:59:53 | INFO     | energy_stress.fes |   [electricity][core] → Prophet
2026-09-26 14:59:53 | INFO     | energy_stress.fes |   [gas][core] → SARIMA
2026-09-26 14:59:53 | INFO     | energy_stress.fes | Per-series mode selected for FES_selected (metric per series/mode: {('gas', 'core'): 'RMSE', ('electricity', 'core'): 'RMSE', ('carbon', 'core'): 'RMSE'}): {'gas': 'core', 'electricity': 'core', 'carbon': 'core'}
2026-09-26 14:59:53 | INFO     | energy_stress.fes | FES_Weighted series weights (inverse validation-RMSE, normalized to mean 1.0): {'gas': 0.6884042669675599, 'electricity': 2.1693703290952704, 'carbon': 0.14222540393716976}
2026-09-26 14:59:53 | INFO     | energy_stress.fes | [gas] train μ=9.9991, σ=16.4258 | unc_ref μ=8.1717, σ=6.6810
2026-09-26 14:59:53 | INFO     | energy_stress.fes | [electricity] train μ=7.3272, σ=9.8552 | unc_ref μ=5.1024, σ=3.6717
2026-09-26 14:59:53 | INFO     | energy_stress.fes | [carbon] train μ=-11.1794, σ=208.4125 | unc_ref μ=96.6718, σ=127.3725
2026-09-26 14:59:53 | INFO     | energy_stress.fes | [actual real-vol] train μ=0.5166, σ=0.3547
2026-09-26 14:59:53 | WARNING  | energy_stress.fes | No best model found for (gas, macro)
2026-09-26 14:59:53 | WARNING  | energy_stress.fes | No best model found for (electricity, macro)
2026-09-26 14:59:53 | WARNING  | energy_stress.fes | No best model found for (carbon, macro)
2026-09-26 14:59:53 | INFO     | energy_stress.fes | Monthly FES saved → outputs_v2/fes/rolling/2015/fes_monthly_2016.csv
2026-09-26 14:59:53 | INFO     | energy_stress.fes | [gas] train μ=11.6779, σ=16.5345 | unc_ref μ=8.7509, σ=6.8464
2026-09-26 14:59:53 | INFO     | energy_stress.fes | [electricity] train μ=8.2156, σ=10.0365 | unc_ref μ=5.4274, σ=3.7421
2026-09-26 14:59:53 | INFO     | energy_stress.fes | [carbon] train μ=-15.3766, σ=219.7992 | unc_ref μ=106.8053, σ=131.3407
2026-09-26 14:59:53 | INFO     | energy_stress.fes | [actual real-vol] train μ=0.5094, σ=0.3505
2026-09-26 14:59:53 | INFO     | energy_stress.fes | FES_actual, prior year 2015 (baseline for FES_selected's 2016 forecast): mean=-1.60936 -> outputs_v2/fes/rolling/2015/fes_prior_actual_2015.csv
2026-09-26 14:59:53 | INFO     | energy_stress.fes | FES comparison metrics saved → outputs_v2/fes/rolling/2015/fes_comparison_metrics.csv  (9 rows)
2026-09-26 14:59:53 | INFO     | energy_stress.fes | Best RMSE per variant:
FES_variant
Equal_Core        0.83773
Equal_Selected    0.83773
Equal_Weighted    0.25062
2026-09-26 14:59:53 | INFO     | energy_stress.forecast_pipeline | ========================================
2026-09-26 14:59:53 | INFO     | energy_stress.forecast_pipeline | STAGE 2: Rolling year as_of=2016 (split train<2016, test=2016, refit<=2016, forecast=2017)
2026-09-26 14:59:53 | INFO     | energy_stress.forecast_pipeline | ========================================
2026-09-26 14:59:53 | INFO     | energy_stress.preprocessing | Train: 116 rows (through 2015-12-01) | Test: 12 rows (2016-01-01..2016-12-01)
2026-09-26 14:59:53 | INFO     | energy_stress.forecast_pipeline | ========================================
2026-09-26 14:59:53 | INFO     | energy_stress.forecast_pipeline | STAGE 2: Per-origin tuning, as_of=2016
2026-09-26 14:59:53 | INFO     | energy_stress.forecast_pipeline | ========================================
2026-09-26 14:59:53 | INFO     | energy_stress.tuning | Tuning gas/core/SARIMA candidate 1/1: {}
2026-09-26 14:59:53 | INFO     | energy_stress.sarima | [SARIMA-CORE] Fitting on gas (train=116 obs)
2026-09-26 15:00:02 | INFO     | energy_stress.sarima | SARIMA best order: (2, 0, 0) × (2, 1, 1, 12)
2026-09-26 15:00:02 | INFO     | energy_stress.sarima | [SARIMA-CORE gas] validation: MAE=3.3130, RMSE=3.7257, MAPE=58.92%
2026-09-26 15:00:02 | INFO     | energy_stress.sarima | [SARIMA-CORE] Forecast saved → outputs_v2/tuning_rolling/2016/forecasts/gas/core/sarima/candidate_01/gas_growth_pct_forecasts_sarima_core.csv
2026-09-26 15:00:02 | INFO     | energy_stress.tuning | Tuning gas/core/Prophet candidate 1/16: {'changepoint_prior_scale': 0.001, 'seasonality_prior_scale': 1.0, 'seasonality_mode': 'additive'}
2026-09-26 15:00:02 | INFO     | energy_stress.prophet | [Prophet-CORE] Fitting on gas (train=116 obs, regressors=False, cps=0.001, sps=1.0, reg_ps=n/a, seasonality=additive)
2026-09-26 15:00:02 | INFO     | energy_stress.prophet | [Prophet-CORE gas] validation: MAE=1.8341, RMSE=2.0935
2026-09-26 15:00:03 | INFO     | energy_stress.prophet | [Prophet-CORE] Forecast saved → outputs_v2/tuning_rolling/2016/forecasts/gas/core/prophet/candidate_01/gas_growth_pct_forecasts_prophet_core.csv
2026-09-26 15:00:03 | INFO     | energy_stress.tuning | Tuning gas/core/Prophet candidate 2/16: {'changepoint_prior_scale': 0.001, 'seasonality_prior_scale': 1.0, 'seasonality_mode': 'multiplicative'}
2026-09-26 15:00:03 | INFO     | energy_stress.prophet | [Prophet-CORE] Fitting on gas (train=116 obs, regressors=False, cps=0.001, sps=1.0, reg_ps=n/a, seasonality=multiplicative)
2026-09-26 15:00:03 | INFO     | energy_stress.prophet | [Prophet-CORE gas] validation: MAE=2.2967, RMSE=2.5383
2026-09-26 15:00:03 | INFO     | energy_stress.prophet | [Prophet-CORE] Forecast saved → outputs_v2/tuning_rolling/2016/forecasts/gas/core/prophet/candidate_02/gas_growth_pct_forecasts_prophet_core.csv
2026-09-26 15:00:03 | INFO     | energy_stress.tuning | Tuning gas/core/Prophet candidate 3/16: {'changepoint_prior_scale': 0.001, 'seasonality_prior_scale': 10.0, 'seasonality_mode': 'additive'}
2026-09-26 15:00:03 | INFO     | energy_stress.prophet | [Prophet-CORE] Fitting on gas (train=116 obs, regressors=False, cps=0.001, sps=10.0, reg_ps=n/a, seasonality=additive)
2026-09-26 15:00:03 | INFO     | energy_stress.prophet | [Prophet-CORE gas] validation: MAE=2.3121, RMSE=2.5248
2026-09-26 15:00:03 | INFO     | energy_stress.prophet | [Prophet-CORE] Forecast saved → outputs_v2/tuning_rolling/2016/forecasts/gas/core/prophet/candidate_03/gas_growth_pct_forecasts_prophet_core.csv
2026-09-26 15:00:03 | INFO     | energy_stress.tuning | Tuning gas/core/Prophet candidate 4/16: {'changepoint_prior_scale': 0.001, 'seasonality_prior_scale': 10.0, 'seasonality_mode': 'multiplicative'}
2026-09-26 15:00:03 | INFO     | energy_stress.prophet | [Prophet-CORE] Fitting on gas (train=116 obs, regressors=False, cps=0.001, sps=10.0, reg_ps=n/a, seasonality=multiplicative)
2026-09-26 15:00:04 | INFO     | energy_stress.prophet | [Prophet-CORE gas] validation: MAE=2.2417, RMSE=2.6424
2026-09-26 15:00:04 | INFO     | energy_stress.prophet | [Prophet-CORE] Forecast saved → outputs_v2/tuning_rolling/2016/forecasts/gas/core/prophet/candidate_04/gas_growth_pct_forecasts_prophet_core.csv
2026-09-26 15:00:04 | INFO     | energy_stress.tuning | Tuning gas/core/Prophet candidate 5/16: {'changepoint_prior_scale': 0.01, 'seasonality_prior_scale': 1.0, 'seasonality_mode': 'additive'}
2026-09-26 15:00:04 | INFO     | energy_stress.prophet | [Prophet-CORE] Fitting on gas (train=116 obs, regressors=False, cps=0.01, sps=1.0, reg_ps=n/a, seasonality=additive)
2026-09-26 15:00:04 | INFO     | energy_stress.prophet | [Prophet-CORE gas] validation: MAE=6.6243, RMSE=6.8370
2026-09-26 15:00:04 | INFO     | energy_stress.prophet | [Prophet-CORE] Forecast saved → outputs_v2/tuning_rolling/2016/forecasts/gas/core/prophet/candidate_05/gas_growth_pct_forecasts_prophet_core.csv
2026-09-26 15:00:04 | INFO     | energy_stress.tuning | Tuning gas/core/Prophet candidate 6/16: {'changepoint_prior_scale': 0.01, 'seasonality_prior_scale': 1.0, 'seasonality_mode': 'multiplicative'}
2026-09-26 15:00:04 | INFO     | energy_stress.prophet | [Prophet-CORE] Fitting on gas (train=116 obs, regressors=False, cps=0.01, sps=1.0, reg_ps=n/a, seasonality=multiplicative)
2026-09-26 15:00:04 | INFO     | energy_stress.prophet | [Prophet-CORE gas] validation: MAE=6.6170, RMSE=6.9109
2026-09-26 15:00:04 | INFO     | energy_stress.prophet | [Prophet-CORE] Forecast saved → outputs_v2/tuning_rolling/2016/forecasts/gas/core/prophet/candidate_06/gas_growth_pct_forecasts_prophet_core.csv
2026-09-26 15:00:04 | INFO     | energy_stress.tuning | Tuning gas/core/Prophet candidate 7/16: {'changepoint_prior_scale': 0.01, 'seasonality_prior_scale': 10.0, 'seasonality_mode': 'additive'}
2026-09-26 15:00:04 | INFO     | energy_stress.prophet | [Prophet-CORE] Fitting on gas (train=116 obs, regressors=False, cps=0.01, sps=10.0, reg_ps=n/a, seasonality=additive)
2026-09-26 15:00:04 | INFO     | energy_stress.prophet | [Prophet-CORE gas] validation: MAE=6.6244, RMSE=6.8371
2026-09-26 15:00:04 | INFO     | energy_stress.prophet | [Prophet-CORE] Forecast saved → outputs_v2/tuning_rolling/2016/forecasts/gas/core/prophet/candidate_07/gas_growth_pct_forecasts_prophet_core.csv
2026-09-26 15:00:04 | INFO     | energy_stress.tuning | Tuning gas/core/Prophet candidate 8/16: {'changepoint_prior_scale': 0.01, 'seasonality_prior_scale': 10.0, 'seasonality_mode': 'multiplicative'}
2026-09-26 15:00:04 | INFO     | energy_stress.prophet | [Prophet-CORE] Fitting on gas (train=116 obs, regressors=False, cps=0.01, sps=10.0, reg_ps=n/a, seasonality=multiplicative)
2026-09-26 15:00:04 | INFO     | energy_stress.prophet | [Prophet-CORE gas] validation: MAE=6.6170, RMSE=6.9109
2026-09-26 15:00:04 | INFO     | energy_stress.prophet | [Prophet-CORE] Forecast saved → outputs_v2/tuning_rolling/2016/forecasts/gas/core/prophet/candidate_08/gas_growth_pct_forecasts_prophet_core.csv
2026-09-26 15:00:04 | INFO     | energy_stress.tuning | Tuning gas/core/Prophet candidate 9/16: {'changepoint_prior_scale': 0.05, 'seasonality_prior_scale': 1.0, 'seasonality_mode': 'additive'}
2026-09-26 15:00:04 | INFO     | energy_stress.prophet | [Prophet-CORE] Fitting on gas (train=116 obs, regressors=False, cps=0.05, sps=1.0, reg_ps=n/a, seasonality=additive)
2026-09-26 15:00:05 | INFO     | energy_stress.prophet | [Prophet-CORE gas] validation: MAE=2.1090, RMSE=2.4045
2026-09-26 15:00:05 | INFO     | energy_stress.prophet | [Prophet-CORE] Forecast saved → outputs_v2/tuning_rolling/2016/forecasts/gas/core/prophet/candidate_09/gas_growth_pct_forecasts_prophet_core.csv
2026-09-26 15:00:05 | INFO     | energy_stress.tuning | Tuning gas/core/Prophet candidate 10/16: {'changepoint_prior_scale': 0.05, 'seasonality_prior_scale': 1.0, 'seasonality_mode': 'multiplicative'}
2026-09-26 15:00:05 | INFO     | energy_stress.prophet | [Prophet-CORE] Fitting on gas (train=116 obs, regressors=False, cps=0.05, sps=1.0, reg_ps=n/a, seasonality=multiplicative)
2026-09-26 15:00:05 | INFO     | energy_stress.prophet | [Prophet-CORE gas] validation: MAE=2.0620, RMSE=2.1460
2026-09-26 15:00:05 | INFO     | energy_stress.prophet | [Prophet-CORE] Forecast saved → outputs_v2/tuning_rolling/2016/forecasts/gas/core/prophet/candidate_10/gas_growth_pct_forecasts_prophet_core.csv
2026-09-26 15:00:05 | INFO     | energy_stress.tuning | Tuning gas/core/Prophet candidate 11/16: {'changepoint_prior_scale': 0.05, 'seasonality_prior_scale': 10.0, 'seasonality_mode': 'additive'}
2026-09-26 15:00:05 | INFO     | energy_stress.prophet | [Prophet-CORE] Fitting on gas (train=116 obs, regressors=False, cps=0.05, sps=10.0, reg_ps=n/a, seasonality=additive)
2026-09-26 15:00:05 | INFO     | energy_stress.prophet | [Prophet-CORE gas] validation: MAE=2.0285, RMSE=2.3375
2026-09-26 15:00:05 | INFO     | energy_stress.prophet | [Prophet-CORE] Forecast saved → outputs_v2/tuning_rolling/2016/forecasts/gas/core/prophet/candidate_11/gas_growth_pct_forecasts_prophet_core.csv
2026-09-26 15:00:05 | INFO     | energy_stress.tuning | Tuning gas/core/Prophet candidate 12/16: {'changepoint_prior_scale': 0.05, 'seasonality_prior_scale': 10.0, 'seasonality_mode': 'multiplicative'}
2026-09-26 15:00:05 | INFO     | energy_stress.prophet | [Prophet-CORE] Fitting on gas (train=116 obs, regressors=False, cps=0.05, sps=10.0, reg_ps=n/a, seasonality=multiplicative)
2026-09-26 15:00:05 | INFO     | energy_stress.prophet | [Prophet-CORE gas] validation: MAE=1.9338, RMSE=1.9888
2026-09-26 15:00:05 | INFO     | energy_stress.prophet | [Prophet-CORE] Forecast saved → outputs_v2/tuning_rolling/2016/forecasts/gas/core/prophet/candidate_12/gas_growth_pct_forecasts_prophet_core.csv
2026-09-26 15:00:05 | INFO     | energy_stress.tuning | Tuning gas/core/Prophet candidate 13/16: {'changepoint_prior_scale': 0.1, 'seasonality_prior_scale': 1.0, 'seasonality_mode': 'additive'}
2026-09-26 15:00:05 | INFO     | energy_stress.prophet | [Prophet-CORE] Fitting on gas (train=116 obs, regressors=False, cps=0.1, sps=1.0, reg_ps=n/a, seasonality=additive)
2026-09-26 15:00:05 | INFO     | energy_stress.prophet | [Prophet-CORE gas] validation: MAE=1.5203, RMSE=1.7828
2026-09-26 15:00:05 | INFO     | energy_stress.prophet | [Prophet-CORE] Forecast saved → outputs_v2/tuning_rolling/2016/forecasts/gas/core/prophet/candidate_13/gas_growth_pct_forecasts_prophet_core.csv
2026-09-26 15:00:05 | INFO     | energy_stress.tuning | Tuning gas/core/Prophet candidate 14/16: {'changepoint_prior_scale': 0.1, 'seasonality_prior_scale': 1.0, 'seasonality_mode': 'multiplicative'}
2026-09-26 15:00:05 | INFO     | energy_stress.prophet | [Prophet-CORE] Fitting on gas (train=116 obs, regressors=False, cps=0.1, sps=1.0, reg_ps=n/a, seasonality=multiplicative)
2026-09-26 15:00:05 | INFO     | energy_stress.prophet | [Prophet-CORE gas] validation: MAE=2.2866, RMSE=2.4539
2026-09-26 15:00:05 | INFO     | energy_stress.prophet | [Prophet-CORE] Forecast saved → outputs_v2/tuning_rolling/2016/forecasts/gas/core/prophet/candidate_14/gas_growth_pct_forecasts_prophet_core.csv
2026-09-26 15:00:05 | INFO     | energy_stress.tuning | Tuning gas/core/Prophet candidate 15/16: {'changepoint_prior_scale': 0.1, 'seasonality_prior_scale': 10.0, 'seasonality_mode': 'additive'}
2026-09-26 15:00:05 | INFO     | energy_stress.prophet | [Prophet-CORE] Fitting on gas (train=116 obs, regressors=False, cps=0.1, sps=10.0, reg_ps=n/a, seasonality=additive)
2026-09-26 15:00:05 | INFO     | energy_stress.prophet | [Prophet-CORE gas] validation: MAE=1.4946, RMSE=1.7625
2026-09-26 15:00:05 | INFO     | energy_stress.prophet | [Prophet-CORE] Forecast saved → outputs_v2/tuning_rolling/2016/forecasts/gas/core/prophet/candidate_15/gas_growth_pct_forecasts_prophet_core.csv
2026-09-26 15:00:05 | INFO     | energy_stress.tuning | Tuning gas/core/Prophet candidate 16/16: {'changepoint_prior_scale': 0.1, 'seasonality_prior_scale': 10.0, 'seasonality_mode': 'multiplicative'}
2026-09-26 15:00:05 | INFO     | energy_stress.prophet | [Prophet-CORE] Fitting on gas (train=116 obs, regressors=False, cps=0.1, sps=10.0, reg_ps=n/a, seasonality=multiplicative)
2026-09-26 15:00:06 | INFO     | energy_stress.prophet | [Prophet-CORE gas] validation: MAE=2.2804, RMSE=2.4360
2026-09-26 15:00:06 | INFO     | energy_stress.prophet | [Prophet-CORE] Forecast saved → outputs_v2/tuning_rolling/2016/forecasts/gas/core/prophet/candidate_16/gas_growth_pct_forecasts_prophet_core.csv
2026-09-26 15:00:06 | INFO     | energy_stress.tuning | Best params for gas/core/Prophet: {'changepoint_prior_scale': 0.1, 'seasonality_prior_scale': 10.0, 'seasonality_mode': 'additive'} (validation score=1.4946)
2026-09-26 15:00:06 | INFO     | energy_stress.tuning | Tuning gas/core/LSTM candidate 1/3: {'lookback': 6, 'dropout': 0.1, 'learning_rate': 0.001, 'units_1': 64, 'units_2': 32, 'macro_feature_set': 'lstm'}
2026-09-26 15:00:06 | INFO     | energy_stress.lstm | [LSTM-CORE] Training on gas | train=2006-05-01→2015-12-01 (116 obs), test=2016-01-01→2016-12-01 (12 obs), use_macro=False, lookback=6, dropout=0.1, lr=0.001, units=(64,32), macro_feature_set=lstm
2026-09-26 15:00:06 | INFO     | energy_stress.lstm | [LSTM-CORE gas] validation: MAE=0.8737, RMSE=1.1177
2026-09-26 15:00:09 | INFO     | energy_stress.lstm | [LSTM-CORE] Forecast saved → outputs_v2/tuning_rolling/2016/forecasts/gas/core/lstm/candidate_01/gas_growth_pct_forecasts_lstm_core.csv
2026-09-26 15:00:09 | INFO     | energy_stress.tuning | Tuning gas/core/LSTM candidate 2/3: {'lookback': 12, 'dropout': 0.2, 'learning_rate': 0.001, 'units_1': 128, 'units_2': 64, 'macro_feature_set': 'lstm'}
2026-09-26 15:00:09 | INFO     | energy_stress.lstm | [LSTM-CORE] Training on gas | train=2006-05-01→2015-12-01 (116 obs), test=2016-01-01→2016-12-01 (12 obs), use_macro=False, lookback=12, dropout=0.2, lr=0.001, units=(128,64), macro_feature_set=lstm
2026-09-26 15:00:10 | INFO     | energy_stress.lstm | [LSTM-CORE gas] validation: MAE=1.0257, RMSE=1.3661
2026-09-26 15:00:14 | INFO     | energy_stress.lstm | [LSTM-CORE] Forecast saved → outputs_v2/tuning_rolling/2016/forecasts/gas/core/lstm/candidate_02/gas_growth_pct_forecasts_lstm_core.csv
2026-09-26 15:00:14 | INFO     | energy_stress.tuning | Tuning gas/core/LSTM candidate 3/3: {'lookback': 18, 'dropout': 0.25, 'learning_rate': 0.0005, 'units_1': 128, 'units_2': 64, 'macro_feature_set': 'lstm'}
2026-09-26 15:00:14 | INFO     | energy_stress.lstm | [LSTM-CORE] Training on gas | train=2006-05-01→2015-12-01 (116 obs), test=2016-01-01→2016-12-01 (12 obs), use_macro=False, lookback=18, dropout=0.25, lr=0.0005, units=(128,64), macro_feature_set=lstm
2026-09-26 15:00:16 | INFO     | energy_stress.lstm | [LSTM-CORE gas] validation: MAE=0.8828, RMSE=1.0682
2026-09-26 15:00:25 | INFO     | energy_stress.lstm | [LSTM-CORE] Forecast saved → outputs_v2/tuning_rolling/2016/forecasts/gas/core/lstm/candidate_03/gas_growth_pct_forecasts_lstm_core.csv
2026-09-26 15:00:25 | INFO     | energy_stress.tuning | Best params for gas/core/LSTM: {'lookback': 6, 'dropout': 0.1, 'learning_rate': 0.001, 'units_1': 64, 'units_2': 32, 'macro_feature_set': 'lstm'} (validation score=0.8737)
2026-09-26 15:00:25 | INFO     | energy_stress.tuning | Tuning gas/core/TFT candidate 1/3: {'lookback': 6, 'hidden': 32, 'n_heads': 4, 'learning_rate': 0.001}
2026-09-26 15:00:25 | INFO     | energy_stress.tft | [TFT/pytorch-forecasting] Fitting gas (core)
2026-09-26 15:00:46 | INFO     | energy_stress.tft | [TFT gas] validation: MAE=6.8782, RMSE=8.6854
2026-09-26 15:01:22 | INFO     | energy_stress.tft | [TFT] Forecast saved → outputs_v2/tuning_rolling/2016/forecasts/gas/core/tft/candidate_01/gas_growth_pct_forecasts_tft_core.csv
2026-09-26 15:01:22 | INFO     | energy_stress.tuning | Tuning gas/core/TFT candidate 2/3: {'lookback': 12, 'hidden': 64, 'n_heads': 4, 'learning_rate': 0.0005}
2026-09-26 15:01:22 | INFO     | energy_stress.tft | [TFT/pytorch-forecasting] Fitting gas (core)
2026-09-26 15:01:49 | INFO     | energy_stress.tft | [TFT gas] validation: MAE=8.8181, RMSE=10.6075
2026-09-26 15:02:26 | INFO     | energy_stress.tft | [TFT] Forecast saved → outputs_v2/tuning_rolling/2016/forecasts/gas/core/tft/candidate_02/gas_growth_pct_forecasts_tft_core.csv
2026-09-26 15:02:26 | INFO     | energy_stress.tuning | Tuning gas/core/TFT candidate 3/3: {'lookback': 18, 'hidden': 64, 'n_heads': 4, 'learning_rate': 0.0005}
2026-09-26 15:02:26 | INFO     | energy_stress.tft | [TFT/pytorch-forecasting] Fitting gas (core)
2026-09-26 15:02:52 | INFO     | energy_stress.tft | [TFT gas] validation: MAE=8.3637, RMSE=9.2902
2026-09-26 15:03:30 | INFO     | energy_stress.tft | [TFT] Forecast saved → outputs_v2/tuning_rolling/2016/forecasts/gas/core/tft/candidate_03/gas_growth_pct_forecasts_tft_core.csv
2026-09-26 15:03:30 | INFO     | energy_stress.tuning | Best params for gas/core/TFT: {'lookback': 6, 'hidden': 32, 'n_heads': 4, 'learning_rate': 0.001} (validation score=6.8782)
2026-09-26 15:03:30 | INFO     | energy_stress.tuning | Tuning electricity/core/SARIMA candidate 1/1: {}
2026-09-26 15:03:30 | INFO     | energy_stress.sarima | [SARIMA-CORE] Fitting on electricity (train=116 obs)
2026-09-26 15:03:50 | INFO     | energy_stress.sarima | SARIMA best order: (2, 0, 0) × (2, 1, 1, 12)
2026-09-26 15:03:50 | INFO     | energy_stress.sarima | [SARIMA-CORE electricity] validation: MAE=2.9181, RMSE=3.2292, MAPE=1329.56%
2026-09-26 15:03:50 | INFO     | energy_stress.sarima | [SARIMA-CORE] Forecast saved → outputs_v2/tuning_rolling/2016/forecasts/electricity/core/sarima/candidate_01/electricity_growth_pct_forecasts_sarima_core.csv
2026-09-26 15:03:50 | INFO     | energy_stress.tuning | Tuning electricity/core/Prophet candidate 1/8: {'changepoint_prior_scale': 0.001, 'seasonality_prior_scale': 1.0, 'seasonality_mode': 'additive'}
2026-09-26 15:03:50 | INFO     | energy_stress.prophet | [Prophet-CORE] Fitting on electricity (train=116 obs, regressors=False, cps=0.001, sps=1.0, reg_ps=n/a, seasonality=additive)
2026-09-26 15:03:50 | INFO     | energy_stress.prophet | [Prophet-CORE electricity] validation: MAE=0.9324, RMSE=1.0533
2026-09-26 15:03:51 | INFO     | energy_stress.prophet | [Prophet-CORE] Forecast saved → outputs_v2/tuning_rolling/2016/forecasts/electricity/core/prophet/candidate_01/electricity_growth_pct_forecasts_prophet_core.csv
2026-09-26 15:03:51 | INFO     | energy_stress.tuning | Tuning electricity/core/Prophet candidate 2/8: {'changepoint_prior_scale': 0.001, 'seasonality_prior_scale': 10.0, 'seasonality_mode': 'additive'}
2026-09-26 15:03:51 | INFO     | energy_stress.prophet | [Prophet-CORE] Fitting on electricity (train=116 obs, regressors=False, cps=0.001, sps=10.0, reg_ps=n/a, seasonality=additive)
2026-09-26 15:03:51 | INFO     | energy_stress.prophet | [Prophet-CORE electricity] validation: MAE=1.2073, RMSE=1.4597
2026-09-26 15:03:51 | INFO     | energy_stress.prophet | [Prophet-CORE] Forecast saved → outputs_v2/tuning_rolling/2016/forecasts/electricity/core/prophet/candidate_02/electricity_growth_pct_forecasts_prophet_core.csv
2026-09-26 15:03:51 | INFO     | energy_stress.tuning | Tuning electricity/core/Prophet candidate 3/8: {'changepoint_prior_scale': 0.01, 'seasonality_prior_scale': 1.0, 'seasonality_mode': 'additive'}
2026-09-26 15:03:51 | INFO     | energy_stress.prophet | [Prophet-CORE] Fitting on electricity (train=116 obs, regressors=False, cps=0.01, sps=1.0, reg_ps=n/a, seasonality=additive)
2026-09-26 15:03:51 | INFO     | energy_stress.prophet | [Prophet-CORE electricity] validation: MAE=6.0243, RMSE=6.0620
2026-09-26 15:03:51 | INFO     | energy_stress.prophet | [Prophet-CORE] Forecast saved → outputs_v2/tuning_rolling/2016/forecasts/electricity/core/prophet/candidate_03/electricity_growth_pct_forecasts_prophet_core.csv
2026-09-26 15:03:51 | INFO     | energy_stress.tuning | Tuning electricity/core/Prophet candidate 4/8: {'changepoint_prior_scale': 0.01, 'seasonality_prior_scale': 10.0, 'seasonality_mode': 'additive'}
2026-09-26 15:03:51 | INFO     | energy_stress.prophet | [Prophet-CORE] Fitting on electricity (train=116 obs, regressors=False, cps=0.01, sps=10.0, reg_ps=n/a, seasonality=additive)
2026-09-26 15:03:52 | INFO     | energy_stress.prophet | [Prophet-CORE electricity] validation: MAE=6.0240, RMSE=6.0617
2026-09-26 15:03:52 | INFO     | energy_stress.prophet | [Prophet-CORE] Forecast saved → outputs_v2/tuning_rolling/2016/forecasts/electricity/core/prophet/candidate_04/electricity_growth_pct_forecasts_prophet_core.csv
2026-09-26 15:03:52 | INFO     | energy_stress.tuning | Tuning electricity/core/Prophet candidate 5/8: {'changepoint_prior_scale': 0.05, 'seasonality_prior_scale': 1.0, 'seasonality_mode': 'additive'}
2026-09-26 15:03:52 | INFO     | energy_stress.prophet | [Prophet-CORE] Fitting on electricity (train=116 obs, regressors=False, cps=0.05, sps=1.0, reg_ps=n/a, seasonality=additive)
2026-09-26 15:03:52 | INFO     | energy_stress.prophet | [Prophet-CORE electricity] validation: MAE=1.1950, RMSE=1.2781
2026-09-26 15:03:52 | INFO     | energy_stress.prophet | [Prophet-CORE] Forecast saved → outputs_v2/tuning_rolling/2016/forecasts/electricity/core/prophet/candidate_05/electricity_growth_pct_forecasts_prophet_core.csv
2026-09-26 15:03:52 | INFO     | energy_stress.tuning | Tuning electricity/core/Prophet candidate 6/8: {'changepoint_prior_scale': 0.05, 'seasonality_prior_scale': 10.0, 'seasonality_mode': 'additive'}
2026-09-26 15:03:52 | INFO     | energy_stress.prophet | [Prophet-CORE] Fitting on electricity (train=116 obs, regressors=False, cps=0.05, sps=10.0, reg_ps=n/a, seasonality=additive)
2026-09-26 15:03:52 | INFO     | energy_stress.prophet | [Prophet-CORE electricity] validation: MAE=1.0539, RMSE=1.1369
2026-09-26 15:03:52 | INFO     | energy_stress.prophet | [Prophet-CORE] Forecast saved → outputs_v2/tuning_rolling/2016/forecasts/electricity/core/prophet/candidate_06/electricity_growth_pct_forecasts_prophet_core.csv
2026-09-26 15:03:52 | INFO     | energy_stress.tuning | Tuning electricity/core/Prophet candidate 7/8: {'changepoint_prior_scale': 0.1, 'seasonality_prior_scale': 1.0, 'seasonality_mode': 'additive'}
2026-09-26 15:03:52 | INFO     | energy_stress.prophet | [Prophet-CORE] Fitting on electricity (train=116 obs, regressors=False, cps=0.1, sps=1.0, reg_ps=n/a, seasonality=additive)
2026-09-26 15:03:52 | INFO     | energy_stress.prophet | [Prophet-CORE electricity] validation: MAE=0.3502, RMSE=0.4241
2026-09-26 15:03:52 | INFO     | energy_stress.prophet | [Prophet-CORE] Forecast saved → outputs_v2/tuning_rolling/2016/forecasts/electricity/core/prophet/candidate_07/electricity_growth_pct_forecasts_prophet_core.csv
2026-09-26 15:03:52 | INFO     | energy_stress.tuning | Tuning electricity/core/Prophet candidate 8/8: {'changepoint_prior_scale': 0.1, 'seasonality_prior_scale': 10.0, 'seasonality_mode': 'additive'}
2026-09-26 15:03:52 | INFO     | energy_stress.prophet | [Prophet-CORE] Fitting on electricity (train=116 obs, regressors=False, cps=0.1, sps=10.0, reg_ps=n/a, seasonality=additive)
2026-09-26 15:03:52 | INFO     | energy_stress.prophet | [Prophet-CORE electricity] validation: MAE=0.3617, RMSE=0.4280
2026-09-26 15:03:52 | INFO     | energy_stress.prophet | [Prophet-CORE] Forecast saved → outputs_v2/tuning_rolling/2016/forecasts/electricity/core/prophet/candidate_08/electricity_growth_pct_forecasts_prophet_core.csv
2026-09-26 15:03:52 | INFO     | energy_stress.tuning | Best params for electricity/core/Prophet: {'changepoint_prior_scale': 0.1, 'seasonality_prior_scale': 1.0, 'seasonality_mode': 'additive'} (validation score=0.3502)
2026-09-26 15:03:52 | INFO     | energy_stress.tuning | Tuning electricity/core/LSTM candidate 1/3: {'lookback': 6, 'dropout': 0.1, 'learning_rate': 0.001, 'units_1': 64, 'units_2': 32, 'macro_feature_set': 'lstm'}
2026-09-26 15:03:52 | INFO     | energy_stress.lstm | [LSTM-CORE] Training on electricity | train=2006-05-01→2015-12-01 (116 obs), test=2016-01-01→2016-12-01 (12 obs), use_macro=False, lookback=6, dropout=0.1, lr=0.001, units=(64,32), macro_feature_set=lstm
2026-09-26 15:03:53 | INFO     | energy_stress.lstm | [LSTM-CORE electricity] validation: MAE=1.3716, RMSE=1.3727
2026-09-26 15:03:56 | INFO     | energy_stress.lstm | [LSTM-CORE] Forecast saved → outputs_v2/tuning_rolling/2016/forecasts/electricity/core/lstm/candidate_01/electricity_growth_pct_forecasts_lstm_core.csv
2026-09-26 15:03:56 | INFO     | energy_stress.tuning | Tuning electricity/core/LSTM candidate 2/3: {'lookback': 12, 'dropout': 0.2, 'learning_rate': 0.001, 'units_1': 128, 'units_2': 64, 'macro_feature_set': 'lstm'}
2026-09-26 15:03:56 | INFO     | energy_stress.lstm | [LSTM-CORE] Training on electricity | train=2006-05-01→2015-12-01 (116 obs), test=2016-01-01→2016-12-01 (12 obs), use_macro=False, lookback=12, dropout=0.2, lr=0.001, units=(128,64), macro_feature_set=lstm
2026-09-26 15:03:57 | INFO     | energy_stress.lstm | [LSTM-CORE electricity] validation: MAE=3.2974, RMSE=3.2980
2026-09-26 15:04:01 | INFO     | energy_stress.lstm | [LSTM-CORE] Forecast saved → outputs_v2/tuning_rolling/2016/forecasts/electricity/core/lstm/candidate_02/electricity_growth_pct_forecasts_lstm_core.csv
2026-09-26 15:04:01 | INFO     | energy_stress.tuning | Tuning electricity/core/LSTM candidate 3/3: {'lookback': 18, 'dropout': 0.25, 'learning_rate': 0.0005, 'units_1': 128, 'units_2': 64, 'macro_feature_set': 'lstm'}
2026-09-26 15:04:01 | INFO     | energy_stress.lstm | [LSTM-CORE] Training on electricity | train=2006-05-01→2015-12-01 (116 obs), test=2016-01-01→2016-12-01 (12 obs), use_macro=False, lookback=18, dropout=0.25, lr=0.0005, units=(128,64), macro_feature_set=lstm
2026-09-26 15:04:03 | INFO     | energy_stress.lstm | [LSTM-CORE electricity] validation: MAE=1.2649, RMSE=1.2692
2026-09-26 15:04:08 | INFO     | energy_stress.lstm | [LSTM-CORE] Forecast saved → outputs_v2/tuning_rolling/2016/forecasts/electricity/core/lstm/candidate_03/electricity_growth_pct_forecasts_lstm_core.csv
2026-09-26 15:04:08 | INFO     | energy_stress.tuning | Best params for electricity/core/LSTM: {'lookback': 18, 'dropout': 0.25, 'learning_rate': 0.0005, 'units_1': 128, 'units_2': 64, 'macro_feature_set': 'lstm'} (validation score=1.2649)
2026-09-26 15:04:08 | INFO     | energy_stress.tuning | Tuning electricity/core/TFT candidate 1/3: {'lookback': 6, 'hidden': 32, 'n_heads': 4, 'learning_rate': 0.001}
2026-09-26 15:04:08 | INFO     | energy_stress.tft | [TFT/pytorch-forecasting] Fitting electricity (core)
2026-09-26 15:04:34 | INFO     | energy_stress.tft | [TFT electricity] validation: MAE=7.5574, RMSE=7.7209
2026-09-26 15:05:11 | INFO     | energy_stress.tft | [TFT] Forecast saved → outputs_v2/tuning_rolling/2016/forecasts/electricity/core/tft/candidate_01/electricity_growth_pct_forecasts_tft_core.csv
2026-09-26 15:05:11 | INFO     | energy_stress.tuning | Tuning electricity/core/TFT candidate 2/3: {'lookback': 12, 'hidden': 64, 'n_heads': 4, 'learning_rate': 0.0005}
2026-09-26 15:05:11 | INFO     | energy_stress.tft | [TFT/pytorch-forecasting] Fitting electricity (core)
2026-09-26 15:05:37 | INFO     | energy_stress.tft | [TFT electricity] validation: MAE=6.8272, RMSE=7.4000
2026-09-26 15:06:15 | INFO     | energy_stress.tft | [TFT] Forecast saved → outputs_v2/tuning_rolling/2016/forecasts/electricity/core/tft/candidate_02/electricity_growth_pct_forecasts_tft_core.csv
2026-09-26 15:06:15 | INFO     | energy_stress.tuning | Tuning electricity/core/TFT candidate 3/3: {'lookback': 18, 'hidden': 64, 'n_heads': 4, 'learning_rate': 0.0005}
2026-09-26 15:06:15 | INFO     | energy_stress.tft | [TFT/pytorch-forecasting] Fitting electricity (core)
2026-09-26 15:06:42 | INFO     | energy_stress.tft | [TFT electricity] validation: MAE=6.4041, RMSE=6.6829
2026-09-26 15:07:11 | INFO     | energy_stress.tft | [TFT] Forecast saved → outputs_v2/tuning_rolling/2016/forecasts/electricity/core/tft/candidate_03/electricity_growth_pct_forecasts_tft_core.csv
2026-09-26 15:07:11 | INFO     | energy_stress.tuning | Best params for electricity/core/TFT: {'lookback': 18, 'hidden': 64, 'n_heads': 4, 'learning_rate': 0.0005} (validation score=6.4041)
2026-09-26 15:07:11 | INFO     | energy_stress.tuning | Tuning carbon/core/SARIMA candidate 1/1: {}
2026-09-26 15:07:11 | INFO     | energy_stress.sarima | [SARIMA-CORE] Fitting on carbon (train=116 obs)
2026-09-26 15:07:19 | INFO     | energy_stress.sarima | SARIMA best order: (1, 0, 0) × (2, 1, 0, 12)
2026-09-26 15:07:19 | INFO     | energy_stress.sarima | [SARIMA-CORE carbon] validation: MAE=52.1039, RMSE=54.4540, MAPE=149.59%
2026-09-26 15:07:19 | INFO     | energy_stress.sarima | [SARIMA-CORE] Forecast saved → outputs_v2/tuning_rolling/2016/forecasts/carbon/core/sarima/candidate_01/carbon_growth_pct_forecasts_sarima_core.csv
2026-09-26 15:07:19 | INFO     | energy_stress.tuning | Tuning carbon/core/Prophet candidate 1/8: {'changepoint_prior_scale': 0.001, 'seasonality_prior_scale': 1.0, 'seasonality_mode': 'additive'}
2026-09-26 15:07:19 | INFO     | energy_stress.prophet | [Prophet-CORE] Fitting on carbon (train=116 obs, regressors=False, cps=0.001, sps=1.0, reg_ps=n/a, seasonality=additive)
2026-09-26 15:07:21 | INFO     | energy_stress.prophet | [Prophet-CORE carbon] validation: MAE=59.0767, RMSE=61.2706
2026-09-26 15:07:24 | INFO     | energy_stress.prophet | [Prophet-CORE] Forecast saved → outputs_v2/tuning_rolling/2016/forecasts/carbon/core/prophet/candidate_01/carbon_growth_pct_forecasts_prophet_core.csv
2026-09-26 15:07:24 | INFO     | energy_stress.tuning | Tuning carbon/core/Prophet candidate 2/8: {'changepoint_prior_scale': 0.001, 'seasonality_prior_scale': 10.0, 'seasonality_mode': 'additive'}
2026-09-26 15:07:24 | INFO     | energy_stress.prophet | [Prophet-CORE] Fitting on carbon (train=116 obs, regressors=False, cps=0.001, sps=10.0, reg_ps=n/a, seasonality=additive)
2026-09-26 15:07:27 | INFO     | energy_stress.prophet | [Prophet-CORE carbon] validation: MAE=73.0657, RMSE=81.2595
2026-09-26 15:07:31 | INFO     | energy_stress.prophet | [Prophet-CORE] Forecast saved → outputs_v2/tuning_rolling/2016/forecasts/carbon/core/prophet/candidate_02/carbon_growth_pct_forecasts_prophet_core.csv
2026-09-26 15:07:31 | INFO     | energy_stress.tuning | Tuning carbon/core/Prophet candidate 3/8: {'changepoint_prior_scale': 0.01, 'seasonality_prior_scale': 1.0, 'seasonality_mode': 'additive'}
2026-09-26 15:07:31 | INFO     | energy_stress.prophet | [Prophet-CORE] Fitting on carbon (train=116 obs, regressors=False, cps=0.01, sps=1.0, reg_ps=n/a, seasonality=additive)
2026-09-26 15:07:31 | INFO     | energy_stress.prophet | [Prophet-CORE carbon] validation: MAE=35.9569, RMSE=39.4411
2026-09-26 15:07:31 | INFO     | energy_stress.prophet | [Prophet-CORE] Forecast saved → outputs_v2/tuning_rolling/2016/forecasts/carbon/core/prophet/candidate_03/carbon_growth_pct_forecasts_prophet_core.csv
2026-09-26 15:07:31 | INFO     | energy_stress.tuning | Tuning carbon/core/Prophet candidate 4/8: {'changepoint_prior_scale': 0.01, 'seasonality_prior_scale': 10.0, 'seasonality_mode': 'additive'}
2026-09-26 15:07:31 | INFO     | energy_stress.prophet | [Prophet-CORE] Fitting on carbon (train=116 obs, regressors=False, cps=0.01, sps=10.0, reg_ps=n/a, seasonality=additive)
2026-09-26 15:07:31 | INFO     | energy_stress.prophet | [Prophet-CORE carbon] validation: MAE=35.9576, RMSE=39.4417
2026-09-26 15:07:31 | INFO     | energy_stress.prophet | [Prophet-CORE] Forecast saved → outputs_v2/tuning_rolling/2016/forecasts/carbon/core/prophet/candidate_04/carbon_growth_pct_forecasts_prophet_core.csv
2026-09-26 15:07:31 | INFO     | energy_stress.tuning | Tuning carbon/core/Prophet candidate 5/8: {'changepoint_prior_scale': 0.05, 'seasonality_prior_scale': 1.0, 'seasonality_mode': 'additive'}
2026-09-26 15:07:31 | INFO     | energy_stress.prophet | [Prophet-CORE] Fitting on carbon (train=116 obs, regressors=False, cps=0.05, sps=1.0, reg_ps=n/a, seasonality=additive)
2026-09-26 15:07:31 | INFO     | energy_stress.prophet | [Prophet-CORE carbon] validation: MAE=37.6122, RMSE=40.9501
2026-09-26 15:07:31 | INFO     | energy_stress.prophet | [Prophet-CORE] Forecast saved → outputs_v2/tuning_rolling/2016/forecasts/carbon/core/prophet/candidate_05/carbon_growth_pct_forecasts_prophet_core.csv
2026-09-26 15:07:31 | INFO     | energy_stress.tuning | Tuning carbon/core/Prophet candidate 6/8: {'changepoint_prior_scale': 0.05, 'seasonality_prior_scale': 10.0, 'seasonality_mode': 'additive'}
2026-09-26 15:07:31 | INFO     | energy_stress.prophet | [Prophet-CORE] Fitting on carbon (train=116 obs, regressors=False, cps=0.05, sps=10.0, reg_ps=n/a, seasonality=additive)
2026-09-26 15:07:31 | INFO     | energy_stress.prophet | [Prophet-CORE carbon] validation: MAE=37.6431, RMSE=40.9795
2026-09-26 15:07:31 | INFO     | energy_stress.prophet | [Prophet-CORE] Forecast saved → outputs_v2/tuning_rolling/2016/forecasts/carbon/core/prophet/candidate_06/carbon_growth_pct_forecasts_prophet_core.csv
2026-09-26 15:07:31 | INFO     | energy_stress.tuning | Tuning carbon/core/Prophet candidate 7/8: {'changepoint_prior_scale': 0.1, 'seasonality_prior_scale': 1.0, 'seasonality_mode': 'additive'}
2026-09-26 15:07:31 | INFO     | energy_stress.prophet | [Prophet-CORE] Fitting on carbon (train=116 obs, regressors=False, cps=0.1, sps=1.0, reg_ps=n/a, seasonality=additive)
2026-09-26 15:07:31 | INFO     | energy_stress.prophet | [Prophet-CORE carbon] validation: MAE=40.2631, RMSE=43.3757
2026-09-26 15:07:31 | INFO     | energy_stress.prophet | [Prophet-CORE] Forecast saved → outputs_v2/tuning_rolling/2016/forecasts/carbon/core/prophet/candidate_07/carbon_growth_pct_forecasts_prophet_core.csv
2026-09-26 15:07:31 | INFO     | energy_stress.tuning | Tuning carbon/core/Prophet candidate 8/8: {'changepoint_prior_scale': 0.1, 'seasonality_prior_scale': 10.0, 'seasonality_mode': 'additive'}
2026-09-26 15:07:31 | INFO     | energy_stress.prophet | [Prophet-CORE] Fitting on carbon (train=116 obs, regressors=False, cps=0.1, sps=10.0, reg_ps=n/a, seasonality=additive)
2026-09-26 15:07:32 | INFO     | energy_stress.prophet | [Prophet-CORE carbon] validation: MAE=40.2560, RMSE=43.3687
2026-09-26 15:07:32 | INFO     | energy_stress.prophet | [Prophet-CORE] Forecast saved → outputs_v2/tuning_rolling/2016/forecasts/carbon/core/prophet/candidate_08/carbon_growth_pct_forecasts_prophet_core.csv
2026-09-26 15:07:32 | INFO     | energy_stress.tuning | Best params for carbon/core/Prophet: {'changepoint_prior_scale': 0.01, 'seasonality_prior_scale': 1.0, 'seasonality_mode': 'additive'} (validation score=35.9569)
2026-09-26 15:07:32 | INFO     | energy_stress.tuning | Tuning carbon/core/LSTM candidate 1/3: {'lookback': 6, 'dropout': 0.1, 'learning_rate': 0.001, 'units_1': 64, 'units_2': 32, 'macro_feature_set': 'lstm'}
2026-09-26 15:07:32 | INFO     | energy_stress.lstm | [LSTM-CORE] Training on carbon | train=2006-05-01→2015-12-01 (116 obs), test=2016-01-01→2016-12-01 (12 obs), use_macro=False, lookback=6, dropout=0.1, lr=0.001, units=(64,32), macro_feature_set=lstm
2026-09-26 15:07:33 | INFO     | energy_stress.lstm | [LSTM-CORE carbon] validation: MAE=31.2044, RMSE=33.7529
2026-09-26 15:07:36 | INFO     | energy_stress.lstm | [LSTM-CORE] Forecast saved → outputs_v2/tuning_rolling/2016/forecasts/carbon/core/lstm/candidate_01/carbon_growth_pct_forecasts_lstm_core.csv
2026-09-26 15:07:36 | INFO     | energy_stress.tuning | Tuning carbon/core/LSTM candidate 2/3: {'lookback': 12, 'dropout': 0.2, 'learning_rate': 0.001, 'units_1': 128, 'units_2': 64, 'macro_feature_set': 'lstm'}
2026-09-26 15:07:36 | INFO     | energy_stress.lstm | [LSTM-CORE] Training on carbon | train=2006-05-01→2015-12-01 (116 obs), test=2016-01-01→2016-12-01 (12 obs), use_macro=False, lookback=12, dropout=0.2, lr=0.001, units=(128,64), macro_feature_set=lstm
2026-09-26 15:07:38 | INFO     | energy_stress.lstm | [LSTM-CORE carbon] validation: MAE=34.1616, RMSE=37.0274
2026-09-26 15:07:42 | INFO     | energy_stress.lstm | [LSTM-CORE] Forecast saved → outputs_v2/tuning_rolling/2016/forecasts/carbon/core/lstm/candidate_02/carbon_growth_pct_forecasts_lstm_core.csv
2026-09-26 15:07:42 | INFO     | energy_stress.tuning | Tuning carbon/core/LSTM candidate 3/3: {'lookback': 18, 'dropout': 0.25, 'learning_rate': 0.0005, 'units_1': 128, 'units_2': 64, 'macro_feature_set': 'lstm'}
2026-09-26 15:07:42 | INFO     | energy_stress.lstm | [LSTM-CORE] Training on carbon | train=2006-05-01→2015-12-01 (116 obs), test=2016-01-01→2016-12-01 (12 obs), use_macro=False, lookback=18, dropout=0.25, lr=0.0005, units=(128,64), macro_feature_set=lstm
2026-09-26 15:07:45 | INFO     | energy_stress.lstm | [LSTM-CORE carbon] validation: MAE=40.5862, RMSE=43.1821
2026-09-26 15:07:49 | INFO     | energy_stress.lstm | [LSTM-CORE] Forecast saved → outputs_v2/tuning_rolling/2016/forecasts/carbon/core/lstm/candidate_03/carbon_growth_pct_forecasts_lstm_core.csv
2026-09-26 15:07:49 | INFO     | energy_stress.tuning | Best params for carbon/core/LSTM: {'lookback': 6, 'dropout': 0.1, 'learning_rate': 0.001, 'units_1': 64, 'units_2': 32, 'macro_feature_set': 'lstm'} (validation score=31.2044)
2026-09-26 15:07:49 | INFO     | energy_stress.tuning | Tuning carbon/core/TFT candidate 1/3: {'lookback': 6, 'hidden': 32, 'n_heads': 4, 'learning_rate': 0.001}
2026-09-26 15:07:49 | INFO     | energy_stress.tft | [TFT/pytorch-forecasting] Fitting carbon (core)
2026-09-26 15:08:10 | INFO     | energy_stress.tft | [TFT carbon] validation: MAE=14.0395, RMSE=15.9995
2026-09-26 15:08:40 | INFO     | energy_stress.tft | [TFT] Forecast saved → outputs_v2/tuning_rolling/2016/forecasts/carbon/core/tft/candidate_01/carbon_growth_pct_forecasts_tft_core.csv
2026-09-26 15:08:40 | INFO     | energy_stress.tuning | Tuning carbon/core/TFT candidate 2/3: {'lookback': 12, 'hidden': 64, 'n_heads': 4, 'learning_rate': 0.0005}
2026-09-26 15:08:40 | INFO     | energy_stress.tft | [TFT/pytorch-forecasting] Fitting carbon (core)
2026-09-26 15:09:02 | INFO     | energy_stress.tft | [TFT carbon] validation: MAE=24.9749, RMSE=27.4812
2026-09-26 15:09:33 | INFO     | energy_stress.tft | [TFT] Forecast saved → outputs_v2/tuning_rolling/2016/forecasts/carbon/core/tft/candidate_02/carbon_growth_pct_forecasts_tft_core.csv
2026-09-26 15:09:33 | INFO     | energy_stress.tuning | Tuning carbon/core/TFT candidate 3/3: {'lookback': 18, 'hidden': 64, 'n_heads': 4, 'learning_rate': 0.0005}
2026-09-26 15:09:33 | INFO     | energy_stress.tft | [TFT/pytorch-forecasting] Fitting carbon (core)
2026-09-26 15:09:56 | INFO     | energy_stress.tft | [TFT carbon] validation: MAE=11.8265, RMSE=14.9176
2026-09-26 15:10:28 | INFO     | energy_stress.tft | [TFT] Forecast saved → outputs_v2/tuning_rolling/2016/forecasts/carbon/core/tft/candidate_03/carbon_growth_pct_forecasts_tft_core.csv
2026-09-26 15:10:28 | INFO     | energy_stress.tuning | Best params for carbon/core/TFT: {'lookback': 18, 'hidden': 64, 'n_heads': 4, 'learning_rate': 0.0005} (validation score=11.8265)
2026-09-26 15:10:28 | INFO     | energy_stress.tuning | Tuning results saved → outputs_v2/tuning_rolling/2016/model_tuning_results.csv
2026-09-26 15:10:28 | INFO     | energy_stress.forecast_pipeline | 
──────────────────────────────────────────────────
Series: GAS
──────────────────────────────────────────────────
2026-09-26 15:10:28 | INFO     | energy_stress.forecast_pipeline | [gas] train=116, test=12, full=128 (through 2016-12-01), actual_target=12 non-null (2017-01-01..2017-12-01)
2026-09-26 15:10:28 | INFO     | energy_stress.sarima | [SARIMA-CORE] Fitting on gas (train=116 obs)
2026-09-26 15:10:37 | INFO     | energy_stress.sarima | SARIMA best order: (2, 0, 0) × (2, 1, 1, 12)
2026-09-26 15:10:38 | INFO     | energy_stress.sarima | [SARIMA-CORE gas] validation: MAE=3.3130, RMSE=3.7257, MAPE=58.92%
2026-09-26 15:10:38 | INFO     | energy_stress.sarima | [SARIMA-CORE] Forecast saved → outputs_v2/forecasts_rolling/2016/gas_growth_pct_forecasts_sarima_core.csv
2026-09-26 15:10:38 | INFO     | energy_stress.prophet | [Prophet-CORE] Fitting on gas (train=116 obs, regressors=False, cps=0.1, sps=10.0, reg_ps=n/a, seasonality=additive)
2026-09-26 15:10:38 | INFO     | energy_stress.prophet | [Prophet-CORE gas] validation: MAE=1.4946, RMSE=1.7625
2026-09-26 15:10:38 | INFO     | energy_stress.prophet | [Prophet-CORE] Forecast saved → outputs_v2/forecasts_rolling/2016/gas_growth_pct_forecasts_prophet_core.csv
2026-09-26 15:10:38 | INFO     | energy_stress.lstm | [LSTM-CORE] Training on gas | train=2006-05-01→2015-12-01 (116 obs), test=2016-01-01→2016-12-01 (12 obs), use_macro=False, lookback=6, dropout=0.1, lr=0.001, units=(64,32), macro_feature_set=lstm
2026-09-26 15:10:39 | INFO     | energy_stress.lstm | [LSTM-CORE gas] validation: MAE=0.8849, RMSE=1.1282
2026-09-26 15:10:43 | INFO     | energy_stress.lstm | [LSTM-CORE] Forecast saved → outputs_v2/forecasts_rolling/2016/gas_growth_pct_forecasts_lstm_core.csv
2026-09-26 15:10:43 | INFO     | energy_stress.lstm | [LSTM-CORE] Model saved → outputs_v2/models
2026-09-26 15:10:43 | INFO     | energy_stress.tft | [TFT/pytorch-forecasting] Fitting gas (core)
2026-09-26 15:11:17 | INFO     | energy_stress.tft | [TFT gas] validation: MAE=7.0991, RMSE=8.1808
2026-09-26 15:12:06 | INFO     | energy_stress.tft | [TFT] Forecast saved → outputs_v2/forecasts_rolling/2016/gas_growth_pct_forecasts_tft_core.csv
2026-09-26 15:12:06 | INFO     | energy_stress.forecast_pipeline | 
──────────────────────────────────────────────────
Series: ELECTRICITY
──────────────────────────────────────────────────
2026-09-26 15:12:06 | INFO     | energy_stress.forecast_pipeline | [electricity] train=116, test=12, full=128 (through 2016-12-01), actual_target=12 non-null (2017-01-01..2017-12-01)
2026-09-26 15:12:06 | INFO     | energy_stress.sarima | [SARIMA-CORE] Fitting on electricity (train=116 obs)
2026-09-26 15:12:26 | INFO     | energy_stress.sarima | SARIMA best order: (2, 0, 0) × (2, 1, 1, 12)
2026-09-26 15:12:26 | INFO     | energy_stress.sarima | [SARIMA-CORE electricity] validation: MAE=2.9181, RMSE=3.2292, MAPE=1329.56%
2026-09-26 15:12:26 | INFO     | energy_stress.sarima | [SARIMA-CORE] Forecast saved → outputs_v2/forecasts_rolling/2016/electricity_growth_pct_forecasts_sarima_core.csv
2026-09-26 15:12:26 | INFO     | energy_stress.prophet | [Prophet-CORE] Fitting on electricity (train=116 obs, regressors=False, cps=0.1, sps=1.0, reg_ps=n/a, seasonality=additive)
2026-09-26 15:12:27 | INFO     | energy_stress.prophet | [Prophet-CORE electricity] validation: MAE=0.3502, RMSE=0.4241
2026-09-26 15:12:27 | INFO     | energy_stress.prophet | [Prophet-CORE] Forecast saved → outputs_v2/forecasts_rolling/2016/electricity_growth_pct_forecasts_prophet_core.csv
2026-09-26 15:12:27 | INFO     | energy_stress.lstm | [LSTM-CORE] Training on electricity | train=2006-05-01→2015-12-01 (116 obs), test=2016-01-01→2016-12-01 (12 obs), use_macro=False, lookback=18, dropout=0.25, lr=0.0005, units=(128,64), macro_feature_set=lstm
2026-09-26 15:12:30 | INFO     | energy_stress.lstm | [LSTM-CORE electricity] validation: MAE=1.2668, RMSE=1.2698
2026-09-26 15:12:38 | INFO     | energy_stress.lstm | [LSTM-CORE] Forecast saved → outputs_v2/forecasts_rolling/2016/electricity_growth_pct_forecasts_lstm_core.csv
2026-09-26 15:12:38 | INFO     | energy_stress.lstm | [LSTM-CORE] Model saved → outputs_v2/models
2026-09-26 15:12:38 | INFO     | energy_stress.tft | [TFT/pytorch-forecasting] Fitting electricity (core)
2026-09-26 15:13:13 | INFO     | energy_stress.tft | [TFT electricity] validation: MAE=4.2866, RMSE=4.8879
2026-09-26 15:14:04 | INFO     | energy_stress.tft | [TFT] Forecast saved → outputs_v2/forecasts_rolling/2016/electricity_growth_pct_forecasts_tft_core.csv
2026-09-26 15:14:04 | INFO     | energy_stress.forecast_pipeline | 
──────────────────────────────────────────────────
Series: CARBON
──────────────────────────────────────────────────
2026-09-26 15:14:04 | INFO     | energy_stress.forecast_pipeline | [carbon] train=116, test=12, full=128 (through 2016-12-01), actual_target=12 non-null (2017-01-01..2017-12-01)
2026-09-26 15:14:04 | INFO     | energy_stress.sarima | [SARIMA-CORE] Fitting on carbon (train=116 obs)
2026-09-26 15:14:13 | INFO     | energy_stress.sarima | SARIMA best order: (1, 0, 0) × (2, 1, 0, 12)
2026-09-26 15:14:13 | INFO     | energy_stress.sarima | [SARIMA-CORE carbon] validation: MAE=52.1039, RMSE=54.4540, MAPE=149.59%
2026-09-26 15:14:13 | INFO     | energy_stress.sarima | [SARIMA-CORE] Forecast saved → outputs_v2/forecasts_rolling/2016/carbon_growth_pct_forecasts_sarima_core.csv
2026-09-26 15:14:13 | INFO     | energy_stress.prophet | [Prophet-CORE] Fitting on carbon (train=116 obs, regressors=False, cps=0.01, sps=1.0, reg_ps=n/a, seasonality=additive)
2026-09-26 15:14:13 | INFO     | energy_stress.prophet | [Prophet-CORE carbon] validation: MAE=35.9569, RMSE=39.4411
2026-09-26 15:14:13 | INFO     | energy_stress.prophet | [Prophet-CORE] Forecast saved → outputs_v2/forecasts_rolling/2016/carbon_growth_pct_forecasts_prophet_core.csv
2026-09-26 15:14:13 | INFO     | energy_stress.lstm | [LSTM-CORE] Training on carbon | train=2006-05-01→2015-12-01 (116 obs), test=2016-01-01→2016-12-01 (12 obs), use_macro=False, lookback=6, dropout=0.1, lr=0.001, units=(64,32), macro_feature_set=lstm
2026-09-26 15:14:15 | INFO     | energy_stress.lstm | [LSTM-CORE carbon] validation: MAE=31.1968, RMSE=33.7450
2026-09-26 15:14:19 | INFO     | energy_stress.lstm | [LSTM-CORE] Forecast saved → outputs_v2/forecasts_rolling/2016/carbon_growth_pct_forecasts_lstm_core.csv
2026-09-26 15:14:19 | INFO     | energy_stress.lstm | [LSTM-CORE] Model saved → outputs_v2/models
2026-09-26 15:14:19 | INFO     | energy_stress.tft | [TFT/pytorch-forecasting] Fitting carbon (core)
2026-09-26 15:14:55 | INFO     | energy_stress.tft | [TFT carbon] validation: MAE=33.4904, RMSE=36.8259
2026-09-26 15:15:45 | INFO     | energy_stress.tft | [TFT] Forecast saved → outputs_v2/forecasts_rolling/2016/carbon_growth_pct_forecasts_tft_core.csv
2026-09-26 15:15:45 | DEBUG    | energy_stress.model_evaluation | Loaded outputs_v2/forecasts_rolling/2016/gas_growth_pct_forecasts_sarima_core.csv (12 rows)
2026-09-26 15:15:45 | WARNING  | energy_stress.model_evaluation | Forecast file not found: outputs_v2/forecasts_rolling/2016/gas_growth_pct_forecasts_sarima_macro.csv
2026-09-26 15:15:45 | DEBUG    | energy_stress.model_evaluation | Loaded outputs_v2/forecasts_rolling/2016/gas_growth_pct_forecasts_prophet_core.csv (12 rows)
2026-09-26 15:15:45 | WARNING  | energy_stress.model_evaluation | Forecast file not found: outputs_v2/forecasts_rolling/2016/gas_growth_pct_forecasts_prophet_macro.csv
2026-09-26 15:15:45 | DEBUG    | energy_stress.model_evaluation | Loaded outputs_v2/forecasts_rolling/2016/gas_growth_pct_forecasts_lstm_core.csv (12 rows)
2026-09-26 15:15:45 | WARNING  | energy_stress.model_evaluation | Forecast file not found: outputs_v2/forecasts_rolling/2016/gas_growth_pct_forecasts_lstm_macro.csv
2026-09-26 15:15:45 | DEBUG    | energy_stress.model_evaluation | Loaded outputs_v2/forecasts_rolling/2016/gas_growth_pct_forecasts_tft_core.csv (12 rows)
2026-09-26 15:15:45 | WARNING  | energy_stress.model_evaluation | Forecast file not found: outputs_v2/forecasts_rolling/2016/gas_growth_pct_forecasts_tft_macro.csv
2026-09-26 15:15:45 | INFO     | energy_stress.model_evaluation | Combined forecasts (48 rows) → outputs_v2/forecasts_rolling/2016/gas_growth_pct_forecasts_all.csv
2026-09-26 15:15:45 | INFO     | energy_stress.model_evaluation |   core combined → outputs_v2/forecasts_rolling/2016/gas_growth_pct_forecasts_core.csv
2026-09-26 15:15:45 | DEBUG    | energy_stress.model_evaluation | Loaded outputs_v2/forecasts_rolling/2016/electricity_growth_pct_forecasts_sarima_core.csv (12 rows)
2026-09-26 15:15:45 | WARNING  | energy_stress.model_evaluation | Forecast file not found: outputs_v2/forecasts_rolling/2016/electricity_growth_pct_forecasts_sarima_macro.csv
2026-09-26 15:15:45 | DEBUG    | energy_stress.model_evaluation | Loaded outputs_v2/forecasts_rolling/2016/electricity_growth_pct_forecasts_prophet_core.csv (12 rows)
2026-09-26 15:15:45 | WARNING  | energy_stress.model_evaluation | Forecast file not found: outputs_v2/forecasts_rolling/2016/electricity_growth_pct_forecasts_prophet_macro.csv
2026-09-26 15:15:45 | DEBUG    | energy_stress.model_evaluation | Loaded outputs_v2/forecasts_rolling/2016/electricity_growth_pct_forecasts_lstm_core.csv (12 rows)
2026-09-26 15:15:45 | WARNING  | energy_stress.model_evaluation | Forecast file not found: outputs_v2/forecasts_rolling/2016/electricity_growth_pct_forecasts_lstm_macro.csv
2026-09-26 15:15:45 | DEBUG    | energy_stress.model_evaluation | Loaded outputs_v2/forecasts_rolling/2016/electricity_growth_pct_forecasts_tft_core.csv (12 rows)
2026-09-26 15:15:45 | WARNING  | energy_stress.model_evaluation | Forecast file not found: outputs_v2/forecasts_rolling/2016/electricity_growth_pct_forecasts_tft_macro.csv
2026-09-26 15:15:45 | INFO     | energy_stress.model_evaluation | Combined forecasts (48 rows) → outputs_v2/forecasts_rolling/2016/electricity_growth_pct_forecasts_all.csv
2026-09-26 15:15:45 | INFO     | energy_stress.model_evaluation |   core combined → outputs_v2/forecasts_rolling/2016/electricity_growth_pct_forecasts_core.csv
2026-09-26 15:15:45 | DEBUG    | energy_stress.model_evaluation | Loaded outputs_v2/forecasts_rolling/2016/carbon_growth_pct_forecasts_sarima_core.csv (12 rows)
2026-09-26 15:15:45 | WARNING  | energy_stress.model_evaluation | Forecast file not found: outputs_v2/forecasts_rolling/2016/carbon_growth_pct_forecasts_sarima_macro.csv
2026-09-26 15:15:45 | DEBUG    | energy_stress.model_evaluation | Loaded outputs_v2/forecasts_rolling/2016/carbon_growth_pct_forecasts_prophet_core.csv (12 rows)
2026-09-26 15:15:45 | WARNING  | energy_stress.model_evaluation | Forecast file not found: outputs_v2/forecasts_rolling/2016/carbon_growth_pct_forecasts_prophet_macro.csv
2026-09-26 15:15:45 | DEBUG    | energy_stress.model_evaluation | Loaded outputs_v2/forecasts_rolling/2016/carbon_growth_pct_forecasts_lstm_core.csv (12 rows)
2026-09-26 15:15:45 | WARNING  | energy_stress.model_evaluation | Forecast file not found: outputs_v2/forecasts_rolling/2016/carbon_growth_pct_forecasts_lstm_macro.csv
2026-09-26 15:15:45 | DEBUG    | energy_stress.model_evaluation | Loaded outputs_v2/forecasts_rolling/2016/carbon_growth_pct_forecasts_tft_core.csv (12 rows)
2026-09-26 15:15:45 | WARNING  | energy_stress.model_evaluation | Forecast file not found: outputs_v2/forecasts_rolling/2016/carbon_growth_pct_forecasts_tft_macro.csv
2026-09-26 15:15:45 | INFO     | energy_stress.model_evaluation | Combined forecasts (48 rows) → outputs_v2/forecasts_rolling/2016/carbon_growth_pct_forecasts_all.csv
2026-09-26 15:15:45 | INFO     | energy_stress.model_evaluation |   core combined → outputs_v2/forecasts_rolling/2016/carbon_growth_pct_forecasts_core.csv
2026-09-26 15:15:45 | INFO     | energy_stress.model_evaluation | Evaluating 12 model results across all series and modes
2026-09-26 15:15:45 | INFO     | energy_stress.model_evaluation | Best model [carbon][core]: LSTM (selection_score=1.450)
2026-09-26 15:15:45 | INFO     | energy_stress.model_evaluation | Best model [electricity][core]: Prophet (selection_score=1.350)
2026-09-26 15:15:45 | INFO     | energy_stress.model_evaluation | Best model [gas][core]: LSTM (selection_score=1.150)
2026-09-26 15:15:45 | INFO     | energy_stress.model_evaluation | Metrics table saved → outputs_v2/tables/rolling/2016/model_metrics_comparison.csv
2026-09-26 15:15:45 | INFO     | energy_stress.fes | Best models selected:
2026-09-26 15:15:45 | INFO     | energy_stress.fes |   [carbon][core] → LSTM
2026-09-26 15:15:45 | INFO     | energy_stress.fes |   [electricity][core] → Prophet
2026-09-26 15:15:45 | INFO     | energy_stress.fes |   [gas][core] → LSTM
2026-09-26 15:15:45 | INFO     | energy_stress.fes | Per-series mode selected for FES_selected (metric per series/mode: {('gas', 'core'): 'RMSE', ('electricity', 'core'): 'RMSE', ('carbon', 'core'): 'RMSE'}): {'gas': 'core', 'electricity': 'core', 'carbon': 'core'}
2026-09-26 15:15:45 | INFO     | energy_stress.fes | FES_Weighted series weights (inverse validation-RMSE, normalized to mean 1.0): {'gas': 0.8122239179576488, 'electricity': 2.160621205165909, 'carbon': 0.02715487687644238}
2026-09-26 15:15:45 | INFO     | energy_stress.fes | [gas] train μ=8.5016, σ=16.3173 | unc_ref μ=7.4653, σ=6.7012
2026-09-26 15:15:45 | INFO     | energy_stress.fes | [electricity] train μ=6.6176, σ=9.6360 | unc_ref μ=4.6099, σ=3.7971
2026-09-26 15:15:45 | INFO     | energy_stress.fes | [carbon] train μ=-13.7019, σ=198.5442 | unc_ref μ=89.7196, σ=122.8057
2026-09-26 15:15:45 | INFO     | energy_stress.fes | [actual real-vol] train μ=0.5095, σ=0.3615
2026-09-26 15:15:45 | WARNING  | energy_stress.fes | No best model found for (gas, macro)
2026-09-26 15:15:45 | WARNING  | energy_stress.fes | No best model found for (electricity, macro)
2026-09-26 15:15:45 | WARNING  | energy_stress.fes | No best model found for (carbon, macro)
2026-09-26 15:15:45 | INFO     | energy_stress.fes | Monthly FES saved → outputs_v2/fes/rolling/2016/fes_monthly_2017.csv
2026-09-26 15:15:45 | INFO     | energy_stress.fes | [gas] train μ=9.9991, σ=16.4258 | unc_ref μ=8.1717, σ=6.6810
2026-09-26 15:15:45 | INFO     | energy_stress.fes | [electricity] train μ=7.3272, σ=9.8552 | unc_ref μ=5.1024, σ=3.6717
2026-09-26 15:15:45 | INFO     | energy_stress.fes | [carbon] train μ=-11.1794, σ=208.4125 | unc_ref μ=96.6718, σ=127.3725
2026-09-26 15:15:45 | INFO     | energy_stress.fes | [actual real-vol] train μ=0.5166, σ=0.3547
2026-09-26 15:15:45 | INFO     | energy_stress.fes | FES_actual, prior year 2016 (baseline for FES_selected's 2017 forecast): mean=-2.31158 -> outputs_v2/fes/rolling/2016/fes_prior_actual_2016.csv
2026-09-26 15:15:45 | INFO     | energy_stress.fes | FES comparison metrics saved → outputs_v2/fes/rolling/2016/fes_comparison_metrics.csv  (9 rows)
2026-09-26 15:15:45 | INFO     | energy_stress.fes | Best RMSE per variant:
FES_variant
Equal_Core        0.53314
Equal_Selected    0.53314
Equal_Weighted    1.07287
2026-09-26 15:15:45 | INFO     | energy_stress.forecast_pipeline | ========================================
2026-09-26 15:15:45 | INFO     | energy_stress.forecast_pipeline | STAGE 2: Rolling year as_of=2017 (split train<2017, test=2017, refit<=2017, forecast=2018)
2026-09-26 15:15:45 | INFO     | energy_stress.forecast_pipeline | ========================================
2026-09-26 15:15:45 | INFO     | energy_stress.preprocessing | Train: 128 rows (through 2016-12-01) | Test: 12 rows (2017-01-01..2017-12-01)
2026-09-26 15:15:45 | INFO     | energy_stress.forecast_pipeline | ========================================
2026-09-26 15:15:45 | INFO     | energy_stress.forecast_pipeline | STAGE 2: Per-origin tuning, as_of=2017
2026-09-26 15:15:45 | INFO     | energy_stress.forecast_pipeline | ========================================
2026-09-26 15:15:45 | INFO     | energy_stress.tuning | Tuning gas/core/SARIMA candidate 1/1: {}
2026-09-26 15:15:45 | INFO     | energy_stress.sarima | [SARIMA-CORE] Fitting on gas (train=128 obs)
2026-09-26 15:15:56 | INFO     | energy_stress.sarima | SARIMA best order: (2, 0, 0) × (2, 1, 1, 12)
2026-09-26 15:15:56 | INFO     | energy_stress.sarima | [SARIMA-CORE gas] validation: MAE=4.2312, RMSE=4.6260, MAPE=2231.75%
2026-09-26 15:15:57 | INFO     | energy_stress.sarima | [SARIMA-CORE] Forecast saved → outputs_v2/tuning_rolling/2017/forecasts/gas/core/sarima/candidate_01/gas_growth_pct_forecasts_sarima_core.csv
2026-09-26 15:15:57 | INFO     | energy_stress.tuning | Tuning gas/core/Prophet candidate 1/16: {'changepoint_prior_scale': 0.001, 'seasonality_prior_scale': 1.0, 'seasonality_mode': 'additive'}
2026-09-26 15:15:57 | INFO     | energy_stress.prophet | [Prophet-CORE] Fitting on gas (train=128 obs, regressors=False, cps=0.001, sps=1.0, reg_ps=n/a, seasonality=additive)
2026-09-26 15:15:57 | INFO     | energy_stress.prophet | [Prophet-CORE gas] validation: MAE=6.4158, RMSE=6.7515
2026-09-26 15:15:57 | INFO     | energy_stress.prophet | [Prophet-CORE] Forecast saved → outputs_v2/tuning_rolling/2017/forecasts/gas/core/prophet/candidate_01/gas_growth_pct_forecasts_prophet_core.csv
2026-09-26 15:15:57 | INFO     | energy_stress.tuning | Tuning gas/core/Prophet candidate 2/16: {'changepoint_prior_scale': 0.001, 'seasonality_prior_scale': 1.0, 'seasonality_mode': 'multiplicative'}
2026-09-26 15:15:57 | INFO     | energy_stress.prophet | [Prophet-CORE] Fitting on gas (train=128 obs, regressors=False, cps=0.001, sps=1.0, reg_ps=n/a, seasonality=multiplicative)
2026-09-26 15:15:57 | INFO     | energy_stress.prophet | [Prophet-CORE gas] validation: MAE=6.2978, RMSE=6.7810
2026-09-26 15:15:57 | INFO     | energy_stress.prophet | [Prophet-CORE] Forecast saved → outputs_v2/tuning_rolling/2017/forecasts/gas/core/prophet/candidate_02/gas_growth_pct_forecasts_prophet_core.csv
2026-09-26 15:15:57 | INFO     | energy_stress.tuning | Tuning gas/core/Prophet candidate 3/16: {'changepoint_prior_scale': 0.001, 'seasonality_prior_scale': 10.0, 'seasonality_mode': 'additive'}
2026-09-26 15:15:57 | INFO     | energy_stress.prophet | [Prophet-CORE] Fitting on gas (train=128 obs, regressors=False, cps=0.001, sps=10.0, reg_ps=n/a, seasonality=additive)
2026-09-26 15:15:58 | INFO     | energy_stress.prophet | [Prophet-CORE gas] validation: MAE=6.5980, RMSE=6.8373
2026-09-26 15:15:58 | INFO     | energy_stress.prophet | [Prophet-CORE] Forecast saved → outputs_v2/tuning_rolling/2017/forecasts/gas/core/prophet/candidate_03/gas_growth_pct_forecasts_prophet_core.csv
2026-09-26 15:15:58 | INFO     | energy_stress.tuning | Tuning gas/core/Prophet candidate 4/16: {'changepoint_prior_scale': 0.001, 'seasonality_prior_scale': 10.0, 'seasonality_mode': 'multiplicative'}
2026-09-26 15:15:58 | INFO     | energy_stress.prophet | [Prophet-CORE] Fitting on gas (train=128 obs, regressors=False, cps=0.001, sps=10.0, reg_ps=n/a, seasonality=multiplicative)
2026-09-26 15:15:58 | INFO     | energy_stress.prophet | [Prophet-CORE gas] validation: MAE=6.5060, RMSE=6.8475
2026-09-26 15:15:59 | INFO     | energy_stress.prophet | [Prophet-CORE] Forecast saved → outputs_v2/tuning_rolling/2017/forecasts/gas/core/prophet/candidate_04/gas_growth_pct_forecasts_prophet_core.csv
2026-09-26 15:15:59 | INFO     | energy_stress.tuning | Tuning gas/core/Prophet candidate 5/16: {'changepoint_prior_scale': 0.01, 'seasonality_prior_scale': 1.0, 'seasonality_mode': 'additive'}
2026-09-26 15:15:59 | INFO     | energy_stress.prophet | [Prophet-CORE] Fitting on gas (train=128 obs, regressors=False, cps=0.01, sps=1.0, reg_ps=n/a, seasonality=additive)
2026-09-26 15:15:59 | INFO     | energy_stress.prophet | [Prophet-CORE gas] validation: MAE=12.7166, RMSE=12.9926
2026-09-26 15:15:59 | INFO     | energy_stress.prophet | [Prophet-CORE] Forecast saved → outputs_v2/tuning_rolling/2017/forecasts/gas/core/prophet/candidate_05/gas_growth_pct_forecasts_prophet_core.csv
2026-09-26 15:15:59 | INFO     | energy_stress.tuning | Tuning gas/core/Prophet candidate 6/16: {'changepoint_prior_scale': 0.01, 'seasonality_prior_scale': 1.0, 'seasonality_mode': 'multiplicative'}
2026-09-26 15:15:59 | INFO     | energy_stress.prophet | [Prophet-CORE] Fitting on gas (train=128 obs, regressors=False, cps=0.01, sps=1.0, reg_ps=n/a, seasonality=multiplicative)
2026-09-26 15:15:59 | INFO     | energy_stress.prophet | [Prophet-CORE gas] validation: MAE=12.7709, RMSE=13.0431
2026-09-26 15:16:00 | INFO     | energy_stress.prophet | [Prophet-CORE] Forecast saved → outputs_v2/tuning_rolling/2017/forecasts/gas/core/prophet/candidate_06/gas_growth_pct_forecasts_prophet_core.csv
2026-09-26 15:16:00 | INFO     | energy_stress.tuning | Tuning gas/core/Prophet candidate 7/16: {'changepoint_prior_scale': 0.01, 'seasonality_prior_scale': 10.0, 'seasonality_mode': 'additive'}
2026-09-26 15:16:00 | INFO     | energy_stress.prophet | [Prophet-CORE] Fitting on gas (train=128 obs, regressors=False, cps=0.01, sps=10.0, reg_ps=n/a, seasonality=additive)
2026-09-26 15:16:00 | INFO     | energy_stress.prophet | [Prophet-CORE gas] validation: MAE=12.7233, RMSE=12.9993
2026-09-26 15:16:00 | INFO     | energy_stress.prophet | [Prophet-CORE] Forecast saved → outputs_v2/tuning_rolling/2017/forecasts/gas/core/prophet/candidate_07/gas_growth_pct_forecasts_prophet_core.csv
2026-09-26 15:16:00 | INFO     | energy_stress.tuning | Tuning gas/core/Prophet candidate 8/16: {'changepoint_prior_scale': 0.01, 'seasonality_prior_scale': 10.0, 'seasonality_mode': 'multiplicative'}
2026-09-26 15:16:00 | INFO     | energy_stress.prophet | [Prophet-CORE] Fitting on gas (train=128 obs, regressors=False, cps=0.01, sps=10.0, reg_ps=n/a, seasonality=multiplicative)
2026-09-26 15:16:00 | INFO     | energy_stress.prophet | [Prophet-CORE gas] validation: MAE=12.7710, RMSE=13.0432
2026-09-26 15:16:00 | INFO     | energy_stress.prophet | [Prophet-CORE] Forecast saved → outputs_v2/tuning_rolling/2017/forecasts/gas/core/prophet/candidate_08/gas_growth_pct_forecasts_prophet_core.csv
2026-09-26 15:16:00 | INFO     | energy_stress.tuning | Tuning gas/core/Prophet candidate 9/16: {'changepoint_prior_scale': 0.05, 'seasonality_prior_scale': 1.0, 'seasonality_mode': 'additive'}
2026-09-26 15:16:00 | INFO     | energy_stress.prophet | [Prophet-CORE] Fitting on gas (train=128 obs, regressors=False, cps=0.05, sps=1.0, reg_ps=n/a, seasonality=additive)
2026-09-26 15:16:00 | INFO     | energy_stress.prophet | [Prophet-CORE gas] validation: MAE=6.5906, RMSE=7.0321
2026-09-26 15:16:00 | INFO     | energy_stress.prophet | [Prophet-CORE] Forecast saved → outputs_v2/tuning_rolling/2017/forecasts/gas/core/prophet/candidate_09/gas_growth_pct_forecasts_prophet_core.csv
2026-09-26 15:16:00 | INFO     | energy_stress.tuning | Tuning gas/core/Prophet candidate 10/16: {'changepoint_prior_scale': 0.05, 'seasonality_prior_scale': 1.0, 'seasonality_mode': 'multiplicative'}
2026-09-26 15:16:00 | INFO     | energy_stress.prophet | [Prophet-CORE] Fitting on gas (train=128 obs, regressors=False, cps=0.05, sps=1.0, reg_ps=n/a, seasonality=multiplicative)
2026-09-26 15:16:00 | INFO     | energy_stress.prophet | [Prophet-CORE gas] validation: MAE=6.8998, RMSE=7.3289
2026-09-26 15:16:00 | INFO     | energy_stress.prophet | [Prophet-CORE] Forecast saved → outputs_v2/tuning_rolling/2017/forecasts/gas/core/prophet/candidate_10/gas_growth_pct_forecasts_prophet_core.csv
2026-09-26 15:16:00 | INFO     | energy_stress.tuning | Tuning gas/core/Prophet candidate 11/16: {'changepoint_prior_scale': 0.05, 'seasonality_prior_scale': 10.0, 'seasonality_mode': 'additive'}
2026-09-26 15:16:00 | INFO     | energy_stress.prophet | [Prophet-CORE] Fitting on gas (train=128 obs, regressors=False, cps=0.05, sps=10.0, reg_ps=n/a, seasonality=additive)
2026-09-26 15:16:00 | INFO     | energy_stress.prophet | [Prophet-CORE gas] validation: MAE=6.7730, RMSE=7.2053
2026-09-26 15:16:00 | INFO     | energy_stress.prophet | [Prophet-CORE] Forecast saved → outputs_v2/tuning_rolling/2017/forecasts/gas/core/prophet/candidate_11/gas_growth_pct_forecasts_prophet_core.csv
2026-09-26 15:16:00 | INFO     | energy_stress.tuning | Tuning gas/core/Prophet candidate 12/16: {'changepoint_prior_scale': 0.05, 'seasonality_prior_scale': 10.0, 'seasonality_mode': 'multiplicative'}
2026-09-26 15:16:00 | INFO     | energy_stress.prophet | [Prophet-CORE] Fitting on gas (train=128 obs, regressors=False, cps=0.05, sps=10.0, reg_ps=n/a, seasonality=multiplicative)
2026-09-26 15:16:00 | INFO     | energy_stress.prophet | [Prophet-CORE gas] validation: MAE=7.1148, RMSE=7.5333
2026-09-26 15:16:00 | INFO     | energy_stress.prophet | [Prophet-CORE] Forecast saved → outputs_v2/tuning_rolling/2017/forecasts/gas/core/prophet/candidate_12/gas_growth_pct_forecasts_prophet_core.csv
2026-09-26 15:16:01 | INFO     | energy_stress.tuning | Tuning gas/core/Prophet candidate 13/16: {'changepoint_prior_scale': 0.1, 'seasonality_prior_scale': 1.0, 'seasonality_mode': 'additive'}
2026-09-26 15:16:01 | INFO     | energy_stress.prophet | [Prophet-CORE] Fitting on gas (train=128 obs, regressors=False, cps=0.1, sps=1.0, reg_ps=n/a, seasonality=additive)
2026-09-26 15:16:01 | INFO     | energy_stress.prophet | [Prophet-CORE gas] validation: MAE=6.4217, RMSE=6.8807
2026-09-26 15:16:01 | INFO     | energy_stress.prophet | [Prophet-CORE] Forecast saved → outputs_v2/tuning_rolling/2017/forecasts/gas/core/prophet/candidate_13/gas_growth_pct_forecasts_prophet_core.csv
2026-09-26 15:16:01 | INFO     | energy_stress.tuning | Tuning gas/core/Prophet candidate 14/16: {'changepoint_prior_scale': 0.1, 'seasonality_prior_scale': 1.0, 'seasonality_mode': 'multiplicative'}
2026-09-26 15:16:01 | INFO     | energy_stress.prophet | [Prophet-CORE] Fitting on gas (train=128 obs, regressors=False, cps=0.1, sps=1.0, reg_ps=n/a, seasonality=multiplicative)
2026-09-26 15:16:01 | INFO     | energy_stress.prophet | [Prophet-CORE gas] validation: MAE=6.5926, RMSE=7.0697
2026-09-26 15:16:01 | INFO     | energy_stress.prophet | [Prophet-CORE] Forecast saved → outputs_v2/tuning_rolling/2017/forecasts/gas/core/prophet/candidate_14/gas_growth_pct_forecasts_prophet_core.csv
2026-09-26 15:16:01 | INFO     | energy_stress.tuning | Tuning gas/core/Prophet candidate 15/16: {'changepoint_prior_scale': 0.1, 'seasonality_prior_scale': 10.0, 'seasonality_mode': 'additive'}
2026-09-26 15:16:01 | INFO     | energy_stress.prophet | [Prophet-CORE] Fitting on gas (train=128 obs, regressors=False, cps=0.1, sps=10.0, reg_ps=n/a, seasonality=additive)
2026-09-26 15:16:01 | INFO     | energy_stress.prophet | [Prophet-CORE gas] validation: MAE=6.6202, RMSE=7.0709
2026-09-26 15:16:01 | INFO     | energy_stress.prophet | [Prophet-CORE] Forecast saved → outputs_v2/tuning_rolling/2017/forecasts/gas/core/prophet/candidate_15/gas_growth_pct_forecasts_prophet_core.csv
2026-09-26 15:16:01 | INFO     | energy_stress.tuning | Tuning gas/core/Prophet candidate 16/16: {'changepoint_prior_scale': 0.1, 'seasonality_prior_scale': 10.0, 'seasonality_mode': 'multiplicative'}
2026-09-26 15:16:01 | INFO     | energy_stress.prophet | [Prophet-CORE] Fitting on gas (train=128 obs, regressors=False, cps=0.1, sps=10.0, reg_ps=n/a, seasonality=multiplicative)
2026-09-26 15:16:01 | INFO     | energy_stress.prophet | [Prophet-CORE gas] validation: MAE=6.5821, RMSE=7.0449
2026-09-26 15:16:01 | INFO     | energy_stress.prophet | [Prophet-CORE] Forecast saved → outputs_v2/tuning_rolling/2017/forecasts/gas/core/prophet/candidate_16/gas_growth_pct_forecasts_prophet_core.csv
2026-09-26 15:16:01 | INFO     | energy_stress.tuning | Best params for gas/core/Prophet: {'changepoint_prior_scale': 0.001, 'seasonality_prior_scale': 1.0, 'seasonality_mode': 'multiplicative'} (validation score=6.2978)
2026-09-26 15:16:01 | INFO     | energy_stress.tuning | Tuning gas/core/LSTM candidate 1/3: {'lookback': 6, 'dropout': 0.1, 'learning_rate': 0.001, 'units_1': 64, 'units_2': 32, 'macro_feature_set': 'lstm'}
2026-09-26 15:16:01 | INFO     | energy_stress.lstm | [LSTM-CORE] Training on gas | train=2006-05-01→2016-12-01 (128 obs), test=2017-01-01→2017-12-01 (12 obs), use_macro=False, lookback=6, dropout=0.1, lr=0.001, units=(64,32), macro_feature_set=lstm
2026-09-26 15:16:02 | INFO     | energy_stress.lstm | [LSTM-CORE gas] validation: MAE=5.2731, RMSE=5.5477
2026-09-26 15:16:06 | INFO     | energy_stress.lstm | [LSTM-CORE] Forecast saved → outputs_v2/tuning_rolling/2017/forecasts/gas/core/lstm/candidate_01/gas_growth_pct_forecasts_lstm_core.csv
2026-09-26 15:16:06 | INFO     | energy_stress.tuning | Tuning gas/core/LSTM candidate 2/3: {'lookback': 12, 'dropout': 0.2, 'learning_rate': 0.001, 'units_1': 128, 'units_2': 64, 'macro_feature_set': 'lstm'}
2026-09-26 15:16:06 | INFO     | energy_stress.lstm | [LSTM-CORE] Training on gas | train=2006-05-01→2016-12-01 (128 obs), test=2017-01-01→2017-12-01 (12 obs), use_macro=False, lookback=12, dropout=0.2, lr=0.001, units=(128,64), macro_feature_set=lstm
2026-09-26 15:16:07 | INFO     | energy_stress.lstm | [LSTM-CORE gas] validation: MAE=3.8982, RMSE=4.2337
2026-09-26 15:16:13 | INFO     | energy_stress.lstm | [LSTM-CORE] Forecast saved → outputs_v2/tuning_rolling/2017/forecasts/gas/core/lstm/candidate_02/gas_growth_pct_forecasts_lstm_core.csv
2026-09-26 15:16:14 | INFO     | energy_stress.tuning | Tuning gas/core/LSTM candidate 3/3: {'lookback': 18, 'dropout': 0.25, 'learning_rate': 0.0005, 'units_1': 128, 'units_2': 64, 'macro_feature_set': 'lstm'}
2026-09-26 15:16:14 | INFO     | energy_stress.lstm | [LSTM-CORE] Training on gas | train=2006-05-01→2016-12-01 (128 obs), test=2017-01-01→2017-12-01 (12 obs), use_macro=False, lookback=18, dropout=0.25, lr=0.0005, units=(128,64), macro_feature_set=lstm
2026-09-26 15:16:16 | INFO     | energy_stress.lstm | [LSTM-CORE gas] validation: MAE=3.4387, RMSE=3.7494
2026-09-26 15:16:20 | INFO     | energy_stress.lstm | [LSTM-CORE] Forecast saved → outputs_v2/tuning_rolling/2017/forecasts/gas/core/lstm/candidate_03/gas_growth_pct_forecasts_lstm_core.csv
2026-09-26 15:16:20 | INFO     | energy_stress.tuning | Best params for gas/core/LSTM: {'lookback': 18, 'dropout': 0.25, 'learning_rate': 0.0005, 'units_1': 128, 'units_2': 64, 'macro_feature_set': 'lstm'} (validation score=3.4387)
2026-09-26 15:16:20 | INFO     | energy_stress.tuning | Tuning gas/core/TFT candidate 1/3: {'lookback': 6, 'hidden': 32, 'n_heads': 4, 'learning_rate': 0.001}
2026-09-26 15:16:20 | INFO     | energy_stress.tft | [TFT/pytorch-forecasting] Fitting gas (core)
2026-09-26 15:16:54 | INFO     | energy_stress.tft | [TFT gas] validation: MAE=2.6790, RMSE=3.1561
2026-09-26 15:17:27 | INFO     | energy_stress.tft | [TFT] Forecast saved → outputs_v2/tuning_rolling/2017/forecasts/gas/core/tft/candidate_01/gas_growth_pct_forecasts_tft_core.csv
2026-09-26 15:17:27 | INFO     | energy_stress.tuning | Tuning gas/core/TFT candidate 2/3: {'lookback': 12, 'hidden': 64, 'n_heads': 4, 'learning_rate': 0.0005}
2026-09-26 15:17:27 | INFO     | energy_stress.tft | [TFT/pytorch-forecasting] Fitting gas (core)
2026-09-26 15:18:00 | INFO     | energy_stress.tft | [TFT gas] validation: MAE=1.6082, RMSE=1.9898
2026-09-26 15:18:33 | INFO     | energy_stress.tft | [TFT] Forecast saved → outputs_v2/tuning_rolling/2017/forecasts/gas/core/tft/candidate_02/gas_growth_pct_forecasts_tft_core.csv
2026-09-26 15:18:33 | INFO     | energy_stress.tuning | Tuning gas/core/TFT candidate 3/3: {'lookback': 18, 'hidden': 64, 'n_heads': 4, 'learning_rate': 0.0005}
2026-09-26 15:18:33 | INFO     | energy_stress.tft | [TFT/pytorch-forecasting] Fitting gas (core)
2026-09-26 15:19:06 | INFO     | energy_stress.tft | [TFT gas] validation: MAE=3.2826, RMSE=4.3775
2026-09-26 15:19:38 | INFO     | energy_stress.tft | [TFT] Forecast saved → outputs_v2/tuning_rolling/2017/forecasts/gas/core/tft/candidate_03/gas_growth_pct_forecasts_tft_core.csv
2026-09-26 15:19:38 | INFO     | energy_stress.tuning | Best params for gas/core/TFT: {'lookback': 12, 'hidden': 64, 'n_heads': 4, 'learning_rate': 0.0005} (validation score=1.6082)
2026-09-26 15:19:38 | INFO     | energy_stress.tuning | Tuning electricity/core/SARIMA candidate 1/1: {}
2026-09-26 15:19:38 | INFO     | energy_stress.sarima | [SARIMA-CORE] Fitting on electricity (train=128 obs)
2026-09-26 15:19:50 | INFO     | energy_stress.sarima | SARIMA best order: (2, 0, 1) × (2, 1, 0, 12)
2026-09-26 15:19:50 | INFO     | energy_stress.sarima | [SARIMA-CORE electricity] validation: MAE=4.7551, RMSE=5.6477, MAPE=120.80%
2026-09-26 15:19:50 | INFO     | energy_stress.sarima | [SARIMA-CORE] Forecast saved → outputs_v2/tuning_rolling/2017/forecasts/electricity/core/sarima/candidate_01/electricity_growth_pct_forecasts_sarima_core.csv
2026-09-26 15:19:51 | INFO     | energy_stress.tuning | Tuning electricity/core/Prophet candidate 1/8: {'changepoint_prior_scale': 0.001, 'seasonality_prior_scale': 1.0, 'seasonality_mode': 'additive'}
2026-09-26 15:19:51 | INFO     | energy_stress.prophet | [Prophet-CORE] Fitting on electricity (train=128 obs, regressors=False, cps=0.001, sps=1.0, reg_ps=n/a, seasonality=additive)
2026-09-26 15:19:51 | INFO     | energy_stress.prophet | [Prophet-CORE electricity] validation: MAE=9.4872, RMSE=10.6052
2026-09-26 15:19:51 | INFO     | energy_stress.prophet | [Prophet-CORE] Forecast saved → outputs_v2/tuning_rolling/2017/forecasts/electricity/core/prophet/candidate_01/electricity_growth_pct_forecasts_prophet_core.csv
2026-09-26 15:19:51 | INFO     | energy_stress.tuning | Tuning electricity/core/Prophet candidate 2/8: {'changepoint_prior_scale': 0.001, 'seasonality_prior_scale': 10.0, 'seasonality_mode': 'additive'}
2026-09-26 15:19:51 | INFO     | energy_stress.prophet | [Prophet-CORE] Fitting on electricity (train=128 obs, regressors=False, cps=0.001, sps=10.0, reg_ps=n/a, seasonality=additive)
2026-09-26 15:19:51 | INFO     | energy_stress.prophet | [Prophet-CORE electricity] validation: MAE=9.0865, RMSE=10.1228
2026-09-26 15:19:52 | INFO     | energy_stress.prophet | [Prophet-CORE] Forecast saved → outputs_v2/tuning_rolling/2017/forecasts/electricity/core/prophet/candidate_02/electricity_growth_pct_forecasts_prophet_core.csv
2026-09-26 15:19:52 | INFO     | energy_stress.tuning | Tuning electricity/core/Prophet candidate 3/8: {'changepoint_prior_scale': 0.01, 'seasonality_prior_scale': 1.0, 'seasonality_mode': 'additive'}
2026-09-26 15:19:52 | INFO     | energy_stress.prophet | [Prophet-CORE] Fitting on electricity (train=128 obs, regressors=False, cps=0.01, sps=1.0, reg_ps=n/a, seasonality=additive)
2026-09-26 15:19:52 | INFO     | energy_stress.prophet | [Prophet-CORE electricity] validation: MAE=13.5869, RMSE=14.4239
2026-09-26 15:19:52 | INFO     | energy_stress.prophet | [Prophet-CORE] Forecast saved → outputs_v2/tuning_rolling/2017/forecasts/electricity/core/prophet/candidate_03/electricity_growth_pct_forecasts_prophet_core.csv
2026-09-26 15:19:52 | INFO     | energy_stress.tuning | Tuning electricity/core/Prophet candidate 4/8: {'changepoint_prior_scale': 0.01, 'seasonality_prior_scale': 10.0, 'seasonality_mode': 'additive'}
2026-09-26 15:19:52 | INFO     | energy_stress.prophet | [Prophet-CORE] Fitting on electricity (train=128 obs, regressors=False, cps=0.01, sps=10.0, reg_ps=n/a, seasonality=additive)
2026-09-26 15:19:52 | INFO     | energy_stress.prophet | [Prophet-CORE electricity] validation: MAE=13.5795, RMSE=14.4165
2026-09-26 15:19:52 | INFO     | energy_stress.prophet | [Prophet-CORE] Forecast saved → outputs_v2/tuning_rolling/2017/forecasts/electricity/core/prophet/candidate_04/electricity_growth_pct_forecasts_prophet_core.csv
2026-09-26 15:19:52 | INFO     | energy_stress.tuning | Tuning electricity/core/Prophet candidate 5/8: {'changepoint_prior_scale': 0.05, 'seasonality_prior_scale': 1.0, 'seasonality_mode': 'additive'}
2026-09-26 15:19:52 | INFO     | energy_stress.prophet | [Prophet-CORE] Fitting on electricity (train=128 obs, regressors=False, cps=0.05, sps=1.0, reg_ps=n/a, seasonality=additive)
2026-09-26 15:19:52 | INFO     | energy_stress.prophet | [Prophet-CORE electricity] validation: MAE=9.0942, RMSE=10.1987
2026-09-26 15:19:53 | INFO     | energy_stress.prophet | [Prophet-CORE] Forecast saved → outputs_v2/tuning_rolling/2017/forecasts/electricity/core/prophet/candidate_05/electricity_growth_pct_forecasts_prophet_core.csv
2026-09-26 15:19:53 | INFO     | energy_stress.tuning | Tuning electricity/core/Prophet candidate 6/8: {'changepoint_prior_scale': 0.05, 'seasonality_prior_scale': 10.0, 'seasonality_mode': 'additive'}
2026-09-26 15:19:53 | INFO     | energy_stress.prophet | [Prophet-CORE] Fitting on electricity (train=128 obs, regressors=False, cps=0.05, sps=10.0, reg_ps=n/a, seasonality=additive)
2026-09-26 15:19:53 | INFO     | energy_stress.prophet | [Prophet-CORE electricity] validation: MAE=9.6605, RMSE=10.7102
2026-09-26 15:19:53 | INFO     | energy_stress.prophet | [Prophet-CORE] Forecast saved → outputs_v2/tuning_rolling/2017/forecasts/electricity/core/prophet/candidate_06/electricity_growth_pct_forecasts_prophet_core.csv
2026-09-26 15:19:53 | INFO     | energy_stress.tuning | Tuning electricity/core/Prophet candidate 7/8: {'changepoint_prior_scale': 0.1, 'seasonality_prior_scale': 1.0, 'seasonality_mode': 'additive'}
2026-09-26 15:19:53 | INFO     | energy_stress.prophet | [Prophet-CORE] Fitting on electricity (train=128 obs, regressors=False, cps=0.1, sps=1.0, reg_ps=n/a, seasonality=additive)
2026-09-26 15:19:53 | INFO     | energy_stress.prophet | [Prophet-CORE electricity] validation: MAE=8.3900, RMSE=9.5618
2026-09-26 15:19:53 | INFO     | energy_stress.prophet | [Prophet-CORE] Forecast saved → outputs_v2/tuning_rolling/2017/forecasts/electricity/core/prophet/candidate_07/electricity_growth_pct_forecasts_prophet_core.csv
2026-09-26 15:19:53 | INFO     | energy_stress.tuning | Tuning electricity/core/Prophet candidate 8/8: {'changepoint_prior_scale': 0.1, 'seasonality_prior_scale': 10.0, 'seasonality_mode': 'additive'}
2026-09-26 15:19:53 | INFO     | energy_stress.prophet | [Prophet-CORE] Fitting on electricity (train=128 obs, regressors=False, cps=0.1, sps=10.0, reg_ps=n/a, seasonality=additive)
2026-09-26 15:19:53 | INFO     | energy_stress.prophet | [Prophet-CORE electricity] validation: MAE=8.3177, RMSE=9.4987
2026-09-26 15:19:53 | INFO     | energy_stress.prophet | [Prophet-CORE] Forecast saved → outputs_v2/tuning_rolling/2017/forecasts/electricity/core/prophet/candidate_08/electricity_growth_pct_forecasts_prophet_core.csv
2026-09-26 15:19:53 | INFO     | energy_stress.tuning | Best params for electricity/core/Prophet: {'changepoint_prior_scale': 0.1, 'seasonality_prior_scale': 10.0, 'seasonality_mode': 'additive'} (validation score=8.3177)
2026-09-26 15:19:53 | INFO     | energy_stress.tuning | Tuning electricity/core/LSTM candidate 1/3: {'lookback': 6, 'dropout': 0.1, 'learning_rate': 0.001, 'units_1': 64, 'units_2': 32, 'macro_feature_set': 'lstm'}
2026-09-26 15:19:53 | INFO     | energy_stress.lstm | [LSTM-CORE] Training on electricity | train=2006-05-01→2016-12-01 (128 obs), test=2017-01-01→2017-12-01 (12 obs), use_macro=False, lookback=6, dropout=0.1, lr=0.001, units=(64,32), macro_feature_set=lstm
2026-09-26 15:19:54 | INFO     | energy_stress.lstm | [LSTM-CORE electricity] validation: MAE=8.3522, RMSE=9.3990
2026-09-26 15:19:57 | INFO     | energy_stress.lstm | [LSTM-CORE] Forecast saved → outputs_v2/tuning_rolling/2017/forecasts/electricity/core/lstm/candidate_01/electricity_growth_pct_forecasts_lstm_core.csv
2026-09-26 15:19:57 | INFO     | energy_stress.tuning | Tuning electricity/core/LSTM candidate 2/3: {'lookback': 12, 'dropout': 0.2, 'learning_rate': 0.001, 'units_1': 128, 'units_2': 64, 'macro_feature_set': 'lstm'}
2026-09-26 15:19:57 | INFO     | energy_stress.lstm | [LSTM-CORE] Training on electricity | train=2006-05-01→2016-12-01 (128 obs), test=2017-01-01→2017-12-01 (12 obs), use_macro=False, lookback=12, dropout=0.2, lr=0.001, units=(128,64), macro_feature_set=lstm
2026-09-26 15:19:58 | INFO     | energy_stress.lstm | [LSTM-CORE electricity] validation: MAE=9.4315, RMSE=10.3478
2026-09-26 15:20:02 | INFO     | energy_stress.lstm | [LSTM-CORE] Forecast saved → outputs_v2/tuning_rolling/2017/forecasts/electricity/core/lstm/candidate_02/electricity_growth_pct_forecasts_lstm_core.csv
2026-09-26 15:20:02 | INFO     | energy_stress.tuning | Tuning electricity/core/LSTM candidate 3/3: {'lookback': 18, 'dropout': 0.25, 'learning_rate': 0.0005, 'units_1': 128, 'units_2': 64, 'macro_feature_set': 'lstm'}
2026-09-26 15:20:02 | INFO     | energy_stress.lstm | [LSTM-CORE] Training on electricity | train=2006-05-01→2016-12-01 (128 obs), test=2017-01-01→2017-12-01 (12 obs), use_macro=False, lookback=18, dropout=0.25, lr=0.0005, units=(128,64), macro_feature_set=lstm
2026-09-26 15:20:04 | INFO     | energy_stress.lstm | [LSTM-CORE electricity] validation: MAE=9.4102, RMSE=10.3162
2026-09-26 15:20:09 | INFO     | energy_stress.lstm | [LSTM-CORE] Forecast saved → outputs_v2/tuning_rolling/2017/forecasts/electricity/core/lstm/candidate_03/electricity_growth_pct_forecasts_lstm_core.csv
2026-09-26 15:20:09 | INFO     | energy_stress.tuning | Best params for electricity/core/LSTM: {'lookback': 6, 'dropout': 0.1, 'learning_rate': 0.001, 'units_1': 64, 'units_2': 32, 'macro_feature_set': 'lstm'} (validation score=8.3522)
2026-09-26 15:20:09 | INFO     | energy_stress.tuning | Tuning electricity/core/TFT candidate 1/3: {'lookback': 6, 'hidden': 32, 'n_heads': 4, 'learning_rate': 0.001}
2026-09-26 15:20:09 | INFO     | energy_stress.tft | [TFT/pytorch-forecasting] Fitting electricity (core)
2026-09-26 15:20:43 | INFO     | energy_stress.tft | [TFT electricity] validation: MAE=5.4063, RMSE=6.2105
2026-09-26 15:21:16 | INFO     | energy_stress.tft | [TFT] Forecast saved → outputs_v2/tuning_rolling/2017/forecasts/electricity/core/tft/candidate_01/electricity_growth_pct_forecasts_tft_core.csv
2026-09-26 15:21:16 | INFO     | energy_stress.tuning | Tuning electricity/core/TFT candidate 2/3: {'lookback': 12, 'hidden': 64, 'n_heads': 4, 'learning_rate': 0.0005}
2026-09-26 15:21:16 | INFO     | energy_stress.tft | [TFT/pytorch-forecasting] Fitting electricity (core)
2026-09-26 15:21:48 | INFO     | energy_stress.tft | [TFT electricity] validation: MAE=4.7625, RMSE=5.6226
2026-09-26 15:22:21 | INFO     | energy_stress.tft | [TFT] Forecast saved → outputs_v2/tuning_rolling/2017/forecasts/electricity/core/tft/candidate_02/electricity_growth_pct_forecasts_tft_core.csv
2026-09-26 15:22:21 | INFO     | energy_stress.tuning | Tuning electricity/core/TFT candidate 3/3: {'lookback': 18, 'hidden': 64, 'n_heads': 4, 'learning_rate': 0.0005}
2026-09-26 15:22:21 | INFO     | energy_stress.tft | [TFT/pytorch-forecasting] Fitting electricity (core)
2026-09-26 15:22:54 | INFO     | energy_stress.tft | [TFT electricity] validation: MAE=6.7501, RMSE=7.6387
2026-09-26 15:23:27 | INFO     | energy_stress.tft | [TFT] Forecast saved → outputs_v2/tuning_rolling/2017/forecasts/electricity/core/tft/candidate_03/electricity_growth_pct_forecasts_tft_core.csv
2026-09-26 15:23:27 | INFO     | energy_stress.tuning | Best params for electricity/core/TFT: {'lookback': 12, 'hidden': 64, 'n_heads': 4, 'learning_rate': 0.0005} (validation score=4.7625)
2026-09-26 15:23:27 | INFO     | energy_stress.tuning | Tuning carbon/core/SARIMA candidate 1/1: {}
2026-09-26 15:23:27 | INFO     | energy_stress.sarima | [SARIMA-CORE] Fitting on carbon (train=128 obs)
2026-09-26 15:23:36 | INFO     | energy_stress.sarima | SARIMA best order: (1, 0, 0) × (2, 1, 0, 12)
2026-09-26 15:23:36 | INFO     | energy_stress.sarima | [SARIMA-CORE carbon] validation: MAE=31.9121, RMSE=35.8533, MAPE=163.70%
2026-09-26 15:23:36 | INFO     | energy_stress.sarima | [SARIMA-CORE] Forecast saved → outputs_v2/tuning_rolling/2017/forecasts/carbon/core/sarima/candidate_01/carbon_growth_pct_forecasts_sarima_core.csv
2026-09-26 15:23:36 | INFO     | energy_stress.tuning | Tuning carbon/core/Prophet candidate 1/8: {'changepoint_prior_scale': 0.001, 'seasonality_prior_scale': 1.0, 'seasonality_mode': 'additive'}
2026-09-26 15:23:36 | INFO     | energy_stress.prophet | [Prophet-CORE] Fitting on carbon (train=128 obs, regressors=False, cps=0.001, sps=1.0, reg_ps=n/a, seasonality=additive)
2026-09-26 15:23:39 | INFO     | energy_stress.prophet | [Prophet-CORE carbon] validation: MAE=20.4212, RMSE=24.6213
2026-09-26 15:23:41 | INFO     | energy_stress.prophet | [Prophet-CORE] Forecast saved → outputs_v2/tuning_rolling/2017/forecasts/carbon/core/prophet/candidate_01/carbon_growth_pct_forecasts_prophet_core.csv
2026-09-26 15:23:41 | INFO     | energy_stress.tuning | Tuning carbon/core/Prophet candidate 2/8: {'changepoint_prior_scale': 0.001, 'seasonality_prior_scale': 10.0, 'seasonality_mode': 'additive'}
2026-09-26 15:23:41 | INFO     | energy_stress.prophet | [Prophet-CORE] Fitting on carbon (train=128 obs, regressors=False, cps=0.001, sps=10.0, reg_ps=n/a, seasonality=additive)
2026-09-26 15:23:44 | INFO     | energy_stress.prophet | [Prophet-CORE carbon] validation: MAE=25.8707, RMSE=27.5523
2026-09-26 15:23:44 | INFO     | energy_stress.prophet | [Prophet-CORE] Forecast saved → outputs_v2/tuning_rolling/2017/forecasts/carbon/core/prophet/candidate_02/carbon_growth_pct_forecasts_prophet_core.csv
2026-09-26 15:23:44 | INFO     | energy_stress.tuning | Tuning carbon/core/Prophet candidate 3/8: {'changepoint_prior_scale': 0.01, 'seasonality_prior_scale': 1.0, 'seasonality_mode': 'additive'}
2026-09-26 15:23:44 | INFO     | energy_stress.prophet | [Prophet-CORE] Fitting on carbon (train=128 obs, regressors=False, cps=0.01, sps=1.0, reg_ps=n/a, seasonality=additive)
2026-09-26 15:23:44 | INFO     | energy_stress.prophet | [Prophet-CORE carbon] validation: MAE=35.5539, RMSE=42.1706
2026-09-26 15:23:44 | INFO     | energy_stress.prophet | [Prophet-CORE] Forecast saved → outputs_v2/tuning_rolling/2017/forecasts/carbon/core/prophet/candidate_03/carbon_growth_pct_forecasts_prophet_core.csv
2026-09-26 15:23:44 | INFO     | energy_stress.tuning | Tuning carbon/core/Prophet candidate 4/8: {'changepoint_prior_scale': 0.01, 'seasonality_prior_scale': 10.0, 'seasonality_mode': 'additive'}
2026-09-26 15:23:44 | INFO     | energy_stress.prophet | [Prophet-CORE] Fitting on carbon (train=128 obs, regressors=False, cps=0.01, sps=10.0, reg_ps=n/a, seasonality=additive)
2026-09-26 15:23:44 | INFO     | energy_stress.prophet | [Prophet-CORE carbon] validation: MAE=35.5537, RMSE=42.1704
2026-09-26 15:23:44 | INFO     | energy_stress.prophet | [Prophet-CORE] Forecast saved → outputs_v2/tuning_rolling/2017/forecasts/carbon/core/prophet/candidate_04/carbon_growth_pct_forecasts_prophet_core.csv
2026-09-26 15:23:44 | INFO     | energy_stress.tuning | Tuning carbon/core/Prophet candidate 5/8: {'changepoint_prior_scale': 0.05, 'seasonality_prior_scale': 1.0, 'seasonality_mode': 'additive'}
2026-09-26 15:23:44 | INFO     | energy_stress.prophet | [Prophet-CORE] Fitting on carbon (train=128 obs, regressors=False, cps=0.05, sps=1.0, reg_ps=n/a, seasonality=additive)
2026-09-26 15:23:44 | INFO     | energy_stress.prophet | [Prophet-CORE carbon] validation: MAE=35.6779, RMSE=42.3489
2026-09-26 15:23:45 | INFO     | energy_stress.prophet | [Prophet-CORE] Forecast saved → outputs_v2/tuning_rolling/2017/forecasts/carbon/core/prophet/candidate_05/carbon_growth_pct_forecasts_prophet_core.csv
2026-09-26 15:23:45 | INFO     | energy_stress.tuning | Tuning carbon/core/Prophet candidate 6/8: {'changepoint_prior_scale': 0.05, 'seasonality_prior_scale': 10.0, 'seasonality_mode': 'additive'}
2026-09-26 15:23:45 | INFO     | energy_stress.prophet | [Prophet-CORE] Fitting on carbon (train=128 obs, regressors=False, cps=0.05, sps=10.0, reg_ps=n/a, seasonality=additive)
2026-09-26 15:23:45 | INFO     | energy_stress.prophet | [Prophet-CORE carbon] validation: MAE=35.6772, RMSE=42.3485
2026-09-26 15:23:45 | INFO     | energy_stress.prophet | [Prophet-CORE] Forecast saved → outputs_v2/tuning_rolling/2017/forecasts/carbon/core/prophet/candidate_06/carbon_growth_pct_forecasts_prophet_core.csv
2026-09-26 15:23:45 | INFO     | energy_stress.tuning | Tuning carbon/core/Prophet candidate 7/8: {'changepoint_prior_scale': 0.1, 'seasonality_prior_scale': 1.0, 'seasonality_mode': 'additive'}
2026-09-26 15:23:45 | INFO     | energy_stress.prophet | [Prophet-CORE] Fitting on carbon (train=128 obs, regressors=False, cps=0.1, sps=1.0, reg_ps=n/a, seasonality=additive)
2026-09-26 15:23:45 | INFO     | energy_stress.prophet | [Prophet-CORE carbon] validation: MAE=35.1327, RMSE=41.8431
2026-09-26 15:23:45 | INFO     | energy_stress.prophet | [Prophet-CORE] Forecast saved → outputs_v2/tuning_rolling/2017/forecasts/carbon/core/prophet/candidate_07/carbon_growth_pct_forecasts_prophet_core.csv
2026-09-26 15:23:45 | INFO     | energy_stress.tuning | Tuning carbon/core/Prophet candidate 8/8: {'changepoint_prior_scale': 0.1, 'seasonality_prior_scale': 10.0, 'seasonality_mode': 'additive'}
2026-09-26 15:23:45 | INFO     | energy_stress.prophet | [Prophet-CORE] Fitting on carbon (train=128 obs, regressors=False, cps=0.1, sps=10.0, reg_ps=n/a, seasonality=additive)
2026-09-26 15:23:45 | INFO     | energy_stress.prophet | [Prophet-CORE carbon] validation: MAE=31.0450, RMSE=37.8474
2026-09-26 15:23:45 | INFO     | energy_stress.prophet | [Prophet-CORE] Forecast saved → outputs_v2/tuning_rolling/2017/forecasts/carbon/core/prophet/candidate_08/carbon_growth_pct_forecasts_prophet_core.csv
2026-09-26 15:23:45 | INFO     | energy_stress.tuning | Best params for carbon/core/Prophet: {'changepoint_prior_scale': 0.001, 'seasonality_prior_scale': 1.0, 'seasonality_mode': 'additive'} (validation score=20.4212)
2026-09-26 15:23:45 | INFO     | energy_stress.tuning | Tuning carbon/core/LSTM candidate 1/3: {'lookback': 6, 'dropout': 0.1, 'learning_rate': 0.001, 'units_1': 64, 'units_2': 32, 'macro_feature_set': 'lstm'}
2026-09-26 15:23:45 | INFO     | energy_stress.lstm | [LSTM-CORE] Training on carbon | train=2006-05-01→2016-12-01 (128 obs), test=2017-01-01→2017-12-01 (12 obs), use_macro=False, lookback=6, dropout=0.1, lr=0.001, units=(64,32), macro_feature_set=lstm
2026-09-26 15:23:47 | INFO     | energy_stress.lstm | [LSTM-CORE carbon] validation: MAE=21.8076, RMSE=24.4158
2026-09-26 15:23:50 | INFO     | energy_stress.lstm | [LSTM-CORE] Forecast saved → outputs_v2/tuning_rolling/2017/forecasts/carbon/core/lstm/candidate_01/carbon_growth_pct_forecasts_lstm_core.csv
2026-09-26 15:23:50 | INFO     | energy_stress.tuning | Tuning carbon/core/LSTM candidate 2/3: {'lookback': 12, 'dropout': 0.2, 'learning_rate': 0.001, 'units_1': 128, 'units_2': 64, 'macro_feature_set': 'lstm'}
2026-09-26 15:23:50 | INFO     | energy_stress.lstm | [LSTM-CORE] Training on carbon | train=2006-05-01→2016-12-01 (128 obs), test=2017-01-01→2017-12-01 (12 obs), use_macro=False, lookback=12, dropout=0.2, lr=0.001, units=(128,64), macro_feature_set=lstm
2026-09-26 15:23:52 | INFO     | energy_stress.lstm | [LSTM-CORE carbon] validation: MAE=26.2438, RMSE=29.0691
2026-09-26 15:23:57 | INFO     | energy_stress.lstm | [LSTM-CORE] Forecast saved → outputs_v2/tuning_rolling/2017/forecasts/carbon/core/lstm/candidate_02/carbon_growth_pct_forecasts_lstm_core.csv
2026-09-26 15:23:57 | INFO     | energy_stress.tuning | Tuning carbon/core/LSTM candidate 3/3: {'lookback': 18, 'dropout': 0.25, 'learning_rate': 0.0005, 'units_1': 128, 'units_2': 64, 'macro_feature_set': 'lstm'}
2026-09-26 15:23:57 | INFO     | energy_stress.lstm | [LSTM-CORE] Training on carbon | train=2006-05-01→2016-12-01 (128 obs), test=2017-01-01→2017-12-01 (12 obs), use_macro=False, lookback=18, dropout=0.25, lr=0.0005, units=(128,64), macro_feature_set=lstm
2026-09-26 15:23:59 | INFO     | energy_stress.lstm | [LSTM-CORE carbon] validation: MAE=38.9201, RMSE=44.9954
2026-09-26 15:24:05 | INFO     | energy_stress.lstm | [LSTM-CORE] Forecast saved → outputs_v2/tuning_rolling/2017/forecasts/carbon/core/lstm/candidate_03/carbon_growth_pct_forecasts_lstm_core.csv
2026-09-26 15:24:05 | INFO     | energy_stress.tuning | Best params for carbon/core/LSTM: {'lookback': 6, 'dropout': 0.1, 'learning_rate': 0.001, 'units_1': 64, 'units_2': 32, 'macro_feature_set': 'lstm'} (validation score=21.8076)
2026-09-26 15:24:05 | INFO     | energy_stress.tuning | Tuning carbon/core/TFT candidate 1/3: {'lookback': 6, 'hidden': 32, 'n_heads': 4, 'learning_rate': 0.001}
2026-09-26 15:24:05 | INFO     | energy_stress.tft | [TFT/pytorch-forecasting] Fitting carbon (core)
2026-09-26 15:24:36 | INFO     | energy_stress.tft | [TFT carbon] validation: MAE=38.4229, RMSE=42.0200
2026-09-26 15:25:08 | INFO     | energy_stress.tft | [TFT] Forecast saved → outputs_v2/tuning_rolling/2017/forecasts/carbon/core/tft/candidate_01/carbon_growth_pct_forecasts_tft_core.csv
2026-09-26 15:25:08 | INFO     | energy_stress.tuning | Tuning carbon/core/TFT candidate 2/3: {'lookback': 12, 'hidden': 64, 'n_heads': 4, 'learning_rate': 0.0005}
2026-09-26 15:25:08 | INFO     | energy_stress.tft | [TFT/pytorch-forecasting] Fitting carbon (core)
2026-09-26 15:25:39 | INFO     | energy_stress.tft | [TFT carbon] validation: MAE=41.2281, RMSE=44.6735
2026-09-26 15:26:10 | INFO     | energy_stress.tft | [TFT] Forecast saved → outputs_v2/tuning_rolling/2017/forecasts/carbon/core/tft/candidate_02/carbon_growth_pct_forecasts_tft_core.csv
2026-09-26 15:26:10 | INFO     | energy_stress.tuning | Tuning carbon/core/TFT candidate 3/3: {'lookback': 18, 'hidden': 64, 'n_heads': 4, 'learning_rate': 0.0005}
2026-09-26 15:26:10 | INFO     | energy_stress.tft | [TFT/pytorch-forecasting] Fitting carbon (core)
2026-09-26 15:26:41 | INFO     | energy_stress.tft | [TFT carbon] validation: MAE=35.8734, RMSE=39.6790
2026-09-26 15:27:14 | INFO     | energy_stress.tft | [TFT] Forecast saved → outputs_v2/tuning_rolling/2017/forecasts/carbon/core/tft/candidate_03/carbon_growth_pct_forecasts_tft_core.csv
2026-09-26 15:27:14 | INFO     | energy_stress.tuning | Best params for carbon/core/TFT: {'lookback': 18, 'hidden': 64, 'n_heads': 4, 'learning_rate': 0.0005} (validation score=35.8734)
2026-09-26 15:27:14 | INFO     | energy_stress.tuning | Tuning results saved → outputs_v2/tuning_rolling/2017/model_tuning_results.csv
2026-09-26 15:27:14 | INFO     | energy_stress.forecast_pipeline | 
──────────────────────────────────────────────────
Series: GAS
──────────────────────────────────────────────────
2026-09-26 15:27:14 | INFO     | energy_stress.forecast_pipeline | [gas] train=128, test=12, full=140 (through 2017-12-01), actual_target=12 non-null (2018-01-01..2018-12-01)
2026-09-26 15:27:14 | INFO     | energy_stress.sarima | [SARIMA-CORE] Fitting on gas (train=128 obs)
2026-09-26 15:27:25 | INFO     | energy_stress.sarima | SARIMA best order: (2, 0, 0) × (2, 1, 1, 12)
2026-09-26 15:27:25 | INFO     | energy_stress.sarima | [SARIMA-CORE gas] validation: MAE=4.2312, RMSE=4.6260, MAPE=2231.75%
2026-09-26 15:27:25 | INFO     | energy_stress.sarima | [SARIMA-CORE] Forecast saved → outputs_v2/forecasts_rolling/2017/gas_growth_pct_forecasts_sarima_core.csv
2026-09-26 15:27:25 | INFO     | energy_stress.prophet | [Prophet-CORE] Fitting on gas (train=128 obs, regressors=False, cps=0.001, sps=1.0, reg_ps=n/a, seasonality=multiplicative)
2026-09-26 15:27:26 | INFO     | energy_stress.prophet | [Prophet-CORE gas] validation: MAE=6.2978, RMSE=6.7810
2026-09-26 15:27:26 | INFO     | energy_stress.prophet | [Prophet-CORE] Forecast saved → outputs_v2/forecasts_rolling/2017/gas_growth_pct_forecasts_prophet_core.csv
2026-09-26 15:27:26 | INFO     | energy_stress.lstm | [LSTM-CORE] Training on gas | train=2006-05-01→2016-12-01 (128 obs), test=2017-01-01→2017-12-01 (12 obs), use_macro=False, lookback=18, dropout=0.25, lr=0.0005, units=(128,64), macro_feature_set=lstm
2026-09-26 15:27:29 | INFO     | energy_stress.lstm | [LSTM-CORE gas] validation: MAE=3.4814, RMSE=3.7880
2026-09-26 15:27:38 | INFO     | energy_stress.lstm | [LSTM-CORE] Forecast saved → outputs_v2/forecasts_rolling/2017/gas_growth_pct_forecasts_lstm_core.csv
2026-09-26 15:27:38 | INFO     | energy_stress.lstm | [LSTM-CORE] Model saved → outputs_v2/models
2026-09-26 15:27:38 | INFO     | energy_stress.tft | [TFT/pytorch-forecasting] Fitting gas (core)
2026-09-26 15:28:27 | INFO     | energy_stress.tft | [TFT gas] validation: MAE=7.0187, RMSE=8.9902
2026-09-26 15:29:18 | INFO     | energy_stress.tft | [TFT] Forecast saved → outputs_v2/forecasts_rolling/2017/gas_growth_pct_forecasts_tft_core.csv
2026-09-26 15:29:18 | INFO     | energy_stress.forecast_pipeline | 
──────────────────────────────────────────────────
Series: ELECTRICITY
──────────────────────────────────────────────────
2026-09-26 15:29:18 | INFO     | energy_stress.forecast_pipeline | [electricity] train=128, test=12, full=140 (through 2017-12-01), actual_target=12 non-null (2018-01-01..2018-12-01)
2026-09-26 15:29:18 | INFO     | energy_stress.sarima | [SARIMA-CORE] Fitting on electricity (train=128 obs)
2026-09-26 15:29:29 | INFO     | energy_stress.sarima | SARIMA best order: (2, 0, 1) × (2, 1, 0, 12)
2026-09-26 15:29:30 | INFO     | energy_stress.sarima | [SARIMA-CORE electricity] validation: MAE=4.7551, RMSE=5.6477, MAPE=120.80%
2026-09-26 15:29:30 | INFO     | energy_stress.sarima | [SARIMA-CORE] Forecast saved → outputs_v2/forecasts_rolling/2017/electricity_growth_pct_forecasts_sarima_core.csv
2026-09-26 15:29:30 | INFO     | energy_stress.prophet | [Prophet-CORE] Fitting on electricity (train=128 obs, regressors=False, cps=0.1, sps=10.0, reg_ps=n/a, seasonality=additive)
2026-09-26 15:29:30 | INFO     | energy_stress.prophet | [Prophet-CORE electricity] validation: MAE=8.3177, RMSE=9.4987
2026-09-26 15:29:30 | INFO     | energy_stress.prophet | [Prophet-CORE] Forecast saved → outputs_v2/forecasts_rolling/2017/electricity_growth_pct_forecasts_prophet_core.csv
2026-09-26 15:29:30 | INFO     | energy_stress.lstm | [LSTM-CORE] Training on electricity | train=2006-05-01→2016-12-01 (128 obs), test=2017-01-01→2017-12-01 (12 obs), use_macro=False, lookback=6, dropout=0.1, lr=0.001, units=(64,32), macro_feature_set=lstm
2026-09-26 15:29:31 | INFO     | energy_stress.lstm | [LSTM-CORE electricity] validation: MAE=8.3417, RMSE=9.3922
2026-09-26 15:29:35 | INFO     | energy_stress.lstm | [LSTM-CORE] Forecast saved → outputs_v2/forecasts_rolling/2017/electricity_growth_pct_forecasts_lstm_core.csv
2026-09-26 15:29:35 | INFO     | energy_stress.lstm | [LSTM-CORE] Model saved → outputs_v2/models
2026-09-26 15:29:35 | INFO     | energy_stress.tft | [TFT/pytorch-forecasting] Fitting electricity (core)
2026-09-26 15:30:25 | INFO     | energy_stress.tft | [TFT electricity] validation: MAE=7.6415, RMSE=8.8014
2026-09-26 15:31:16 | INFO     | energy_stress.tft | [TFT] Forecast saved → outputs_v2/forecasts_rolling/2017/electricity_growth_pct_forecasts_tft_core.csv
2026-09-26 15:31:16 | INFO     | energy_stress.forecast_pipeline | 
──────────────────────────────────────────────────
Series: CARBON
──────────────────────────────────────────────────
2026-09-26 15:31:16 | INFO     | energy_stress.forecast_pipeline | [carbon] train=128, test=12, full=140 (through 2017-12-01), actual_target=12 non-null (2018-01-01..2018-12-01)
2026-09-26 15:31:16 | INFO     | energy_stress.sarima | [SARIMA-CORE] Fitting on carbon (train=128 obs)
2026-09-26 15:31:25 | INFO     | energy_stress.sarima | SARIMA best order: (1, 0, 0) × (2, 1, 0, 12)
2026-09-26 15:31:26 | INFO     | energy_stress.sarima | [SARIMA-CORE carbon] validation: MAE=31.9121, RMSE=35.8533, MAPE=163.70%
2026-09-26 15:31:26 | INFO     | energy_stress.sarima | [SARIMA-CORE] Forecast saved → outputs_v2/forecasts_rolling/2017/carbon_growth_pct_forecasts_sarima_core.csv
2026-09-26 15:31:26 | INFO     | energy_stress.prophet | [Prophet-CORE] Fitting on carbon (train=128 obs, regressors=False, cps=0.001, sps=1.0, reg_ps=n/a, seasonality=additive)
2026-09-26 15:31:29 | INFO     | energy_stress.prophet | [Prophet-CORE carbon] validation: MAE=20.4212, RMSE=24.6213
2026-09-26 15:31:30 | INFO     | energy_stress.prophet | [Prophet-CORE] Forecast saved → outputs_v2/forecasts_rolling/2017/carbon_growth_pct_forecasts_prophet_core.csv
2026-09-26 15:31:30 | INFO     | energy_stress.lstm | [LSTM-CORE] Training on carbon | train=2006-05-01→2016-12-01 (128 obs), test=2017-01-01→2017-12-01 (12 obs), use_macro=False, lookback=6, dropout=0.1, lr=0.001, units=(64,32), macro_feature_set=lstm
2026-09-26 15:31:32 | INFO     | energy_stress.lstm | [LSTM-CORE carbon] validation: MAE=21.5917, RMSE=24.2453
2026-09-26 15:31:38 | INFO     | energy_stress.lstm | [LSTM-CORE] Forecast saved → outputs_v2/forecasts_rolling/2017/carbon_growth_pct_forecasts_lstm_core.csv
2026-09-26 15:31:38 | INFO     | energy_stress.lstm | [LSTM-CORE] Model saved → outputs_v2/models
2026-09-26 15:31:38 | INFO     | energy_stress.tft | [TFT/pytorch-forecasting] Fitting carbon (core)
2026-09-26 15:32:28 | INFO     | energy_stress.tft | [TFT carbon] validation: MAE=32.0320, RMSE=35.9552
2026-09-26 15:33:18 | INFO     | energy_stress.tft | [TFT] Forecast saved → outputs_v2/forecasts_rolling/2017/carbon_growth_pct_forecasts_tft_core.csv
2026-09-26 15:33:18 | DEBUG    | energy_stress.model_evaluation | Loaded outputs_v2/forecasts_rolling/2017/gas_growth_pct_forecasts_sarima_core.csv (12 rows)
2026-09-26 15:33:18 | WARNING  | energy_stress.model_evaluation | Forecast file not found: outputs_v2/forecasts_rolling/2017/gas_growth_pct_forecasts_sarima_macro.csv
2026-09-26 15:33:18 | DEBUG    | energy_stress.model_evaluation | Loaded outputs_v2/forecasts_rolling/2017/gas_growth_pct_forecasts_prophet_core.csv (12 rows)
2026-09-26 15:33:18 | WARNING  | energy_stress.model_evaluation | Forecast file not found: outputs_v2/forecasts_rolling/2017/gas_growth_pct_forecasts_prophet_macro.csv
2026-09-26 15:33:18 | DEBUG    | energy_stress.model_evaluation | Loaded outputs_v2/forecasts_rolling/2017/gas_growth_pct_forecasts_lstm_core.csv (12 rows)
2026-09-26 15:33:18 | WARNING  | energy_stress.model_evaluation | Forecast file not found: outputs_v2/forecasts_rolling/2017/gas_growth_pct_forecasts_lstm_macro.csv
2026-09-26 15:33:18 | DEBUG    | energy_stress.model_evaluation | Loaded outputs_v2/forecasts_rolling/2017/gas_growth_pct_forecasts_tft_core.csv (12 rows)
2026-09-26 15:33:18 | WARNING  | energy_stress.model_evaluation | Forecast file not found: outputs_v2/forecasts_rolling/2017/gas_growth_pct_forecasts_tft_macro.csv
2026-09-26 15:33:18 | INFO     | energy_stress.model_evaluation | Combined forecasts (48 rows) → outputs_v2/forecasts_rolling/2017/gas_growth_pct_forecasts_all.csv
2026-09-26 15:33:18 | INFO     | energy_stress.model_evaluation |   core combined → outputs_v2/forecasts_rolling/2017/gas_growth_pct_forecasts_core.csv
2026-09-26 15:33:18 | DEBUG    | energy_stress.model_evaluation | Loaded outputs_v2/forecasts_rolling/2017/electricity_growth_pct_forecasts_sarima_core.csv (12 rows)
2026-09-26 15:33:18 | WARNING  | energy_stress.model_evaluation | Forecast file not found: outputs_v2/forecasts_rolling/2017/electricity_growth_pct_forecasts_sarima_macro.csv
2026-09-26 15:33:18 | DEBUG    | energy_stress.model_evaluation | Loaded outputs_v2/forecasts_rolling/2017/electricity_growth_pct_forecasts_prophet_core.csv (12 rows)
2026-09-26 15:33:18 | WARNING  | energy_stress.model_evaluation | Forecast file not found: outputs_v2/forecasts_rolling/2017/electricity_growth_pct_forecasts_prophet_macro.csv
2026-09-26 15:33:18 | DEBUG    | energy_stress.model_evaluation | Loaded outputs_v2/forecasts_rolling/2017/electricity_growth_pct_forecasts_lstm_core.csv (12 rows)
2026-09-26 15:33:18 | WARNING  | energy_stress.model_evaluation | Forecast file not found: outputs_v2/forecasts_rolling/2017/electricity_growth_pct_forecasts_lstm_macro.csv
2026-09-26 15:33:18 | DEBUG    | energy_stress.model_evaluation | Loaded outputs_v2/forecasts_rolling/2017/electricity_growth_pct_forecasts_tft_core.csv (12 rows)
2026-09-26 15:33:18 | WARNING  | energy_stress.model_evaluation | Forecast file not found: outputs_v2/forecasts_rolling/2017/electricity_growth_pct_forecasts_tft_macro.csv
2026-09-26 15:33:18 | INFO     | energy_stress.model_evaluation | Combined forecasts (48 rows) → outputs_v2/forecasts_rolling/2017/electricity_growth_pct_forecasts_all.csv
2026-09-26 15:33:18 | INFO     | energy_stress.model_evaluation |   core combined → outputs_v2/forecasts_rolling/2017/electricity_growth_pct_forecasts_core.csv
2026-09-26 15:33:18 | DEBUG    | energy_stress.model_evaluation | Loaded outputs_v2/forecasts_rolling/2017/carbon_growth_pct_forecasts_sarima_core.csv (12 rows)
2026-09-26 15:33:18 | WARNING  | energy_stress.model_evaluation | Forecast file not found: outputs_v2/forecasts_rolling/2017/carbon_growth_pct_forecasts_sarima_macro.csv
2026-09-26 15:33:18 | DEBUG    | energy_stress.model_evaluation | Loaded outputs_v2/forecasts_rolling/2017/carbon_growth_pct_forecasts_prophet_core.csv (12 rows)
2026-09-26 15:33:18 | WARNING  | energy_stress.model_evaluation | Forecast file not found: outputs_v2/forecasts_rolling/2017/carbon_growth_pct_forecasts_prophet_macro.csv
2026-09-26 15:33:18 | DEBUG    | energy_stress.model_evaluation | Loaded outputs_v2/forecasts_rolling/2017/carbon_growth_pct_forecasts_lstm_core.csv (12 rows)
2026-09-26 15:33:18 | WARNING  | energy_stress.model_evaluation | Forecast file not found: outputs_v2/forecasts_rolling/2017/carbon_growth_pct_forecasts_lstm_macro.csv
2026-09-26 15:33:18 | DEBUG    | energy_stress.model_evaluation | Loaded outputs_v2/forecasts_rolling/2017/carbon_growth_pct_forecasts_tft_core.csv (12 rows)
2026-09-26 15:33:18 | WARNING  | energy_stress.model_evaluation | Forecast file not found: outputs_v2/forecasts_rolling/2017/carbon_growth_pct_forecasts_tft_macro.csv
2026-09-26 15:33:18 | INFO     | energy_stress.model_evaluation | Combined forecasts (48 rows) → outputs_v2/forecasts_rolling/2017/carbon_growth_pct_forecasts_all.csv
2026-09-26 15:33:18 | INFO     | energy_stress.model_evaluation |   core combined → outputs_v2/forecasts_rolling/2017/carbon_growth_pct_forecasts_core.csv
2026-09-26 15:33:18 | INFO     | energy_stress.model_evaluation | Evaluating 12 model results across all series and modes
2026-09-26 15:33:18 | INFO     | energy_stress.model_evaluation | Best model [carbon][core]: Prophet (selection_score=1.475)
2026-09-26 15:33:18 | INFO     | energy_stress.model_evaluation | Best model [electricity][core]: SARIMA (selection_score=1.050)
2026-09-26 15:33:18 | INFO     | energy_stress.model_evaluation | Best model [gas][core]: LSTM (selection_score=1.350)
2026-09-26 15:33:18 | INFO     | energy_stress.model_evaluation | Metrics table saved → outputs_v2/tables/rolling/2017/model_metrics_comparison.csv
2026-09-26 15:33:18 | INFO     | energy_stress.fes | Best models selected:
2026-09-26 15:33:18 | INFO     | energy_stress.fes |   [carbon][core] → Prophet
2026-09-26 15:33:18 | INFO     | energy_stress.fes |   [electricity][core] → SARIMA
2026-09-26 15:33:18 | INFO     | energy_stress.fes |   [gas][core] → LSTM
2026-09-26 15:33:18 | INFO     | energy_stress.fes | Per-series mode selected for FES_selected (metric per series/mode: {('gas', 'core'): 'RMSE', ('electricity', 'core'): 'RMSE', ('carbon', 'core'): 'RMSE'}): {'gas': 'core', 'electricity': 'core', 'carbon': 'core'}
2026-09-26 15:33:18 | INFO     | energy_stress.fes | FES_Weighted series weights (inverse validation-RMSE, normalized to mean 1.0): {'gas': 1.6442266380397887, 'electricity': 1.1028088110351113, 'carbon': 0.25296455092510023}
2026-09-26 15:33:18 | INFO     | energy_stress.fes | [gas] train μ=7.6629, σ=15.8456 | unc_ref μ=6.9665, σ=6.5931
2026-09-26 15:33:18 | INFO     | energy_stress.fes | [electricity] train μ=6.6271, σ=9.2985 | unc_ref μ=4.4436, σ=3.7017
2026-09-26 15:33:18 | INFO     | energy_stress.fes | [carbon] train μ=-11.0689, σ=190.0959 | unc_ref μ=84.1000, σ=118.5663
2026-09-26 15:33:18 | INFO     | energy_stress.fes | [actual real-vol] train μ=0.5110, σ=0.3682
2026-09-26 15:33:18 | WARNING  | energy_stress.fes | No best model found for (gas, macro)
2026-09-26 15:33:18 | WARNING  | energy_stress.fes | No best model found for (electricity, macro)
2026-09-26 15:33:18 | WARNING  | energy_stress.fes | No best model found for (carbon, macro)
2026-09-26 15:33:18 | INFO     | energy_stress.fes | Monthly FES saved → outputs_v2/fes/rolling/2017/fes_monthly_2018.csv
2026-09-26 15:33:18 | INFO     | energy_stress.fes | [gas] train μ=8.5016, σ=16.3173 | unc_ref μ=7.4653, σ=6.7012
2026-09-26 15:33:18 | INFO     | energy_stress.fes | [electricity] train μ=6.6176, σ=9.6360 | unc_ref μ=4.6099, σ=3.7971
2026-09-26 15:33:18 | INFO     | energy_stress.fes | [carbon] train μ=-13.7019, σ=198.5442 | unc_ref μ=89.7196, σ=122.8057
2026-09-26 15:33:18 | INFO     | energy_stress.fes | [actual real-vol] train μ=0.5095, σ=0.3615
2026-09-26 15:33:18 | INFO     | energy_stress.fes | FES_actual, prior year 2017 (baseline for FES_selected's 2018 forecast): mean=-0.82732 -> outputs_v2/fes/rolling/2017/fes_prior_actual_2017.csv
2026-09-26 15:33:18 | INFO     | energy_stress.fes | FES comparison metrics saved → outputs_v2/fes/rolling/2017/fes_comparison_metrics.csv  (9 rows)
2026-09-26 15:33:18 | INFO     | energy_stress.fes | Best RMSE per variant:
FES_variant
Equal_Core        0.22347
Equal_Selected    0.22347
Equal_Weighted    0.35184
2026-09-26 15:33:18 | INFO     | energy_stress.forecast_pipeline | ========================================
2026-09-26 15:33:18 | INFO     | energy_stress.forecast_pipeline | STAGE 2: Rolling year as_of=2018 (split train<2018, test=2018, refit<=2018, forecast=2019)
2026-09-26 15:33:18 | INFO     | energy_stress.forecast_pipeline | ========================================
2026-09-26 15:33:18 | INFO     | energy_stress.preprocessing | Train: 140 rows (through 2017-12-01) | Test: 12 rows (2018-01-01..2018-12-01)
2026-09-26 15:33:18 | INFO     | energy_stress.forecast_pipeline | ========================================
2026-09-26 15:33:18 | INFO     | energy_stress.forecast_pipeline | STAGE 2: Per-origin tuning, as_of=2018
2026-09-26 15:33:18 | INFO     | energy_stress.forecast_pipeline | ========================================
2026-09-26 15:33:18 | INFO     | energy_stress.tuning | Tuning gas/core/SARIMA candidate 1/1: {}
2026-09-26 15:33:18 | INFO     | energy_stress.sarima | [SARIMA-CORE] Fitting on gas (train=140 obs)
2026-09-26 15:33:29 | INFO     | energy_stress.sarima | SARIMA best order: (2, 0, 0) × (2, 1, 1, 12)
2026-09-26 15:33:29 | INFO     | energy_stress.sarima | [SARIMA-CORE gas] validation: MAE=4.4512, RMSE=5.6504, MAPE=107.33%
2026-09-26 15:33:29 | INFO     | energy_stress.sarima | [SARIMA-CORE] Forecast saved → outputs_v2/tuning_rolling/2018/forecasts/gas/core/sarima/candidate_01/gas_growth_pct_forecasts_sarima_core.csv
2026-09-26 15:33:29 | INFO     | energy_stress.tuning | Tuning gas/core/Prophet candidate 1/16: {'changepoint_prior_scale': 0.001, 'seasonality_prior_scale': 1.0, 'seasonality_mode': 'additive'}
2026-09-26 15:33:29 | INFO     | energy_stress.prophet | [Prophet-CORE] Fitting on gas (train=140 obs, regressors=False, cps=0.001, sps=1.0, reg_ps=n/a, seasonality=additive)
2026-09-26 15:33:30 | INFO     | energy_stress.prophet | [Prophet-CORE gas] validation: MAE=11.7492, RMSE=12.1525
2026-09-26 15:33:30 | INFO     | energy_stress.prophet | [Prophet-CORE] Forecast saved → outputs_v2/tuning_rolling/2018/forecasts/gas/core/prophet/candidate_01/gas_growth_pct_forecasts_prophet_core.csv
2026-09-26 15:33:30 | INFO     | energy_stress.tuning | Tuning gas/core/Prophet candidate 2/16: {'changepoint_prior_scale': 0.001, 'seasonality_prior_scale': 1.0, 'seasonality_mode': 'multiplicative'}
2026-09-26 15:33:30 | INFO     | energy_stress.prophet | [Prophet-CORE] Fitting on gas (train=140 obs, regressors=False, cps=0.001, sps=1.0, reg_ps=n/a, seasonality=multiplicative)
2026-09-26 15:33:30 | INFO     | energy_stress.prophet | [Prophet-CORE gas] validation: MAE=11.6169, RMSE=12.2456
2026-09-26 15:33:31 | INFO     | energy_stress.prophet | [Prophet-CORE] Forecast saved → outputs_v2/tuning_rolling/2018/forecasts/gas/core/prophet/candidate_02/gas_growth_pct_forecasts_prophet_core.csv
2026-09-26 15:33:31 | INFO     | energy_stress.tuning | Tuning gas/core/Prophet candidate 3/16: {'changepoint_prior_scale': 0.001, 'seasonality_prior_scale': 10.0, 'seasonality_mode': 'additive'}
2026-09-26 15:33:31 | INFO     | energy_stress.prophet | [Prophet-CORE] Fitting on gas (train=140 obs, regressors=False, cps=0.001, sps=10.0, reg_ps=n/a, seasonality=additive)
2026-09-26 15:33:31 | INFO     | energy_stress.prophet | [Prophet-CORE gas] validation: MAE=11.6971, RMSE=12.1281
2026-09-26 15:33:31 | INFO     | energy_stress.prophet | [Prophet-CORE] Forecast saved → outputs_v2/tuning_rolling/2018/forecasts/gas/core/prophet/candidate_03/gas_growth_pct_forecasts_prophet_core.csv
2026-09-26 15:33:31 | INFO     | energy_stress.tuning | Tuning gas/core/Prophet candidate 4/16: {'changepoint_prior_scale': 0.001, 'seasonality_prior_scale': 10.0, 'seasonality_mode': 'multiplicative'}
2026-09-26 15:33:31 | INFO     | energy_stress.prophet | [Prophet-CORE] Fitting on gas (train=140 obs, regressors=False, cps=0.001, sps=10.0, reg_ps=n/a, seasonality=multiplicative)
2026-09-26 15:33:33 | INFO     | energy_stress.prophet | [Prophet-CORE gas] validation: MAE=11.5288, RMSE=12.1040
2026-09-26 15:33:34 | INFO     | energy_stress.prophet | [Prophet-CORE] Forecast saved → outputs_v2/tuning_rolling/2018/forecasts/gas/core/prophet/candidate_04/gas_growth_pct_forecasts_prophet_core.csv
2026-09-26 15:33:34 | INFO     | energy_stress.tuning | Tuning gas/core/Prophet candidate 5/16: {'changepoint_prior_scale': 0.01, 'seasonality_prior_scale': 1.0, 'seasonality_mode': 'additive'}
2026-09-26 15:33:34 | INFO     | energy_stress.prophet | [Prophet-CORE] Fitting on gas (train=140 obs, regressors=False, cps=0.01, sps=1.0, reg_ps=n/a, seasonality=additive)
2026-09-26 15:33:34 | INFO     | energy_stress.prophet | [Prophet-CORE gas] validation: MAE=16.3561, RMSE=16.6605
2026-09-26 15:33:34 | INFO     | energy_stress.prophet | [Prophet-CORE] Forecast saved → outputs_v2/tuning_rolling/2018/forecasts/gas/core/prophet/candidate_05/gas_growth_pct_forecasts_prophet_core.csv
2026-09-26 15:33:34 | INFO     | energy_stress.tuning | Tuning gas/core/Prophet candidate 6/16: {'changepoint_prior_scale': 0.01, 'seasonality_prior_scale': 1.0, 'seasonality_mode': 'multiplicative'}
2026-09-26 15:33:34 | INFO     | energy_stress.prophet | [Prophet-CORE] Fitting on gas (train=140 obs, regressors=False, cps=0.01, sps=1.0, reg_ps=n/a, seasonality=multiplicative)
2026-09-26 15:33:35 | INFO     | energy_stress.prophet | [Prophet-CORE gas] validation: MAE=16.2984, RMSE=16.6925
2026-09-26 15:33:35 | INFO     | energy_stress.prophet | [Prophet-CORE] Forecast saved → outputs_v2/tuning_rolling/2018/forecasts/gas/core/prophet/candidate_06/gas_growth_pct_forecasts_prophet_core.csv
2026-09-26 15:33:35 | INFO     | energy_stress.tuning | Tuning gas/core/Prophet candidate 7/16: {'changepoint_prior_scale': 0.01, 'seasonality_prior_scale': 10.0, 'seasonality_mode': 'additive'}
2026-09-26 15:33:35 | INFO     | energy_stress.prophet | [Prophet-CORE] Fitting on gas (train=140 obs, regressors=False, cps=0.01, sps=10.0, reg_ps=n/a, seasonality=additive)
2026-09-26 15:33:35 | INFO     | energy_stress.prophet | [Prophet-CORE gas] validation: MAE=16.3371, RMSE=16.6415
2026-09-26 15:33:35 | INFO     | energy_stress.prophet | [Prophet-CORE] Forecast saved → outputs_v2/tuning_rolling/2018/forecasts/gas/core/prophet/candidate_07/gas_growth_pct_forecasts_prophet_core.csv
2026-09-26 15:33:35 | INFO     | energy_stress.tuning | Tuning gas/core/Prophet candidate 8/16: {'changepoint_prior_scale': 0.01, 'seasonality_prior_scale': 10.0, 'seasonality_mode': 'multiplicative'}
2026-09-26 15:33:35 | INFO     | energy_stress.prophet | [Prophet-CORE] Fitting on gas (train=140 obs, regressors=False, cps=0.01, sps=10.0, reg_ps=n/a, seasonality=multiplicative)
2026-09-26 15:33:35 | INFO     | energy_stress.prophet | [Prophet-CORE gas] validation: MAE=16.4202, RMSE=16.8110
2026-09-26 15:33:35 | INFO     | energy_stress.prophet | [Prophet-CORE] Forecast saved → outputs_v2/tuning_rolling/2018/forecasts/gas/core/prophet/candidate_08/gas_growth_pct_forecasts_prophet_core.csv
2026-09-26 15:33:35 | INFO     | energy_stress.tuning | Tuning gas/core/Prophet candidate 9/16: {'changepoint_prior_scale': 0.05, 'seasonality_prior_scale': 1.0, 'seasonality_mode': 'additive'}
2026-09-26 15:33:35 | INFO     | energy_stress.prophet | [Prophet-CORE] Fitting on gas (train=140 obs, regressors=False, cps=0.05, sps=1.0, reg_ps=n/a, seasonality=additive)
2026-09-26 15:33:35 | INFO     | energy_stress.prophet | [Prophet-CORE gas] validation: MAE=12.5163, RMSE=12.8638
2026-09-26 15:33:35 | INFO     | energy_stress.prophet | [Prophet-CORE] Forecast saved → outputs_v2/tuning_rolling/2018/forecasts/gas/core/prophet/candidate_09/gas_growth_pct_forecasts_prophet_core.csv
2026-09-26 15:33:35 | INFO     | energy_stress.tuning | Tuning gas/core/Prophet candidate 10/16: {'changepoint_prior_scale': 0.05, 'seasonality_prior_scale': 1.0, 'seasonality_mode': 'multiplicative'}
2026-09-26 15:33:35 | INFO     | energy_stress.prophet | [Prophet-CORE] Fitting on gas (train=140 obs, regressors=False, cps=0.05, sps=1.0, reg_ps=n/a, seasonality=multiplicative)
2026-09-26 15:33:35 | INFO     | energy_stress.prophet | [Prophet-CORE gas] validation: MAE=12.1263, RMSE=12.6365
2026-09-26 15:33:35 | INFO     | energy_stress.prophet | [Prophet-CORE] Forecast saved → outputs_v2/tuning_rolling/2018/forecasts/gas/core/prophet/candidate_10/gas_growth_pct_forecasts_prophet_core.csv
2026-09-26 15:33:35 | INFO     | energy_stress.tuning | Tuning gas/core/Prophet candidate 11/16: {'changepoint_prior_scale': 0.05, 'seasonality_prior_scale': 10.0, 'seasonality_mode': 'additive'}
2026-09-26 15:33:35 | INFO     | energy_stress.prophet | [Prophet-CORE] Fitting on gas (train=140 obs, regressors=False, cps=0.05, sps=10.0, reg_ps=n/a, seasonality=additive)
2026-09-26 15:33:35 | INFO     | energy_stress.prophet | [Prophet-CORE gas] validation: MAE=12.5375, RMSE=12.8838
2026-09-26 15:33:35 | INFO     | energy_stress.prophet | [Prophet-CORE] Forecast saved → outputs_v2/tuning_rolling/2018/forecasts/gas/core/prophet/candidate_11/gas_growth_pct_forecasts_prophet_core.csv
2026-09-26 15:33:35 | INFO     | energy_stress.tuning | Tuning gas/core/Prophet candidate 12/16: {'changepoint_prior_scale': 0.05, 'seasonality_prior_scale': 10.0, 'seasonality_mode': 'multiplicative'}
2026-09-26 15:33:35 | INFO     | energy_stress.prophet | [Prophet-CORE] Fitting on gas (train=140 obs, regressors=False, cps=0.05, sps=10.0, reg_ps=n/a, seasonality=multiplicative)
2026-09-26 15:33:36 | INFO     | energy_stress.prophet | [Prophet-CORE gas] validation: MAE=11.8337, RMSE=12.3544
2026-09-26 15:33:36 | INFO     | energy_stress.prophet | [Prophet-CORE] Forecast saved → outputs_v2/tuning_rolling/2018/forecasts/gas/core/prophet/candidate_12/gas_growth_pct_forecasts_prophet_core.csv
2026-09-26 15:33:36 | INFO     | energy_stress.tuning | Tuning gas/core/Prophet candidate 13/16: {'changepoint_prior_scale': 0.1, 'seasonality_prior_scale': 1.0, 'seasonality_mode': 'additive'}
2026-09-26 15:33:36 | INFO     | energy_stress.prophet | [Prophet-CORE] Fitting on gas (train=140 obs, regressors=False, cps=0.1, sps=1.0, reg_ps=n/a, seasonality=additive)
2026-09-26 15:33:36 | INFO     | energy_stress.prophet | [Prophet-CORE gas] validation: MAE=11.9356, RMSE=12.2993
2026-09-26 15:33:36 | INFO     | energy_stress.prophet | [Prophet-CORE] Forecast saved → outputs_v2/tuning_rolling/2018/forecasts/gas/core/prophet/candidate_13/gas_growth_pct_forecasts_prophet_core.csv
2026-09-26 15:33:36 | INFO     | energy_stress.tuning | Tuning gas/core/Prophet candidate 14/16: {'changepoint_prior_scale': 0.1, 'seasonality_prior_scale': 1.0, 'seasonality_mode': 'multiplicative'}
2026-09-26 15:33:36 | INFO     | energy_stress.prophet | [Prophet-CORE] Fitting on gas (train=140 obs, regressors=False, cps=0.1, sps=1.0, reg_ps=n/a, seasonality=multiplicative)
2026-09-26 15:33:36 | INFO     | energy_stress.prophet | [Prophet-CORE gas] validation: MAE=11.3560, RMSE=11.9259
2026-09-26 15:33:36 | INFO     | energy_stress.prophet | [Prophet-CORE] Forecast saved → outputs_v2/tuning_rolling/2018/forecasts/gas/core/prophet/candidate_14/gas_growth_pct_forecasts_prophet_core.csv
2026-09-26 15:33:36 | INFO     | energy_stress.tuning | Tuning gas/core/Prophet candidate 15/16: {'changepoint_prior_scale': 0.1, 'seasonality_prior_scale': 10.0, 'seasonality_mode': 'additive'}
2026-09-26 15:33:36 | INFO     | energy_stress.prophet | [Prophet-CORE] Fitting on gas (train=140 obs, regressors=False, cps=0.1, sps=10.0, reg_ps=n/a, seasonality=additive)
2026-09-26 15:33:36 | INFO     | energy_stress.prophet | [Prophet-CORE gas] validation: MAE=11.9071, RMSE=12.2701
2026-09-26 15:33:36 | INFO     | energy_stress.prophet | [Prophet-CORE] Forecast saved → outputs_v2/tuning_rolling/2018/forecasts/gas/core/prophet/candidate_15/gas_growth_pct_forecasts_prophet_core.csv
2026-09-26 15:33:36 | INFO     | energy_stress.tuning | Tuning gas/core/Prophet candidate 16/16: {'changepoint_prior_scale': 0.1, 'seasonality_prior_scale': 10.0, 'seasonality_mode': 'multiplicative'}
2026-09-26 15:33:36 | INFO     | energy_stress.prophet | [Prophet-CORE] Fitting on gas (train=140 obs, regressors=False, cps=0.1, sps=10.0, reg_ps=n/a, seasonality=multiplicative)
2026-09-26 15:33:36 | INFO     | energy_stress.prophet | [Prophet-CORE gas] validation: MAE=12.2441, RMSE=12.7651
2026-09-26 15:33:36 | INFO     | energy_stress.prophet | [Prophet-CORE] Forecast saved → outputs_v2/tuning_rolling/2018/forecasts/gas/core/prophet/candidate_16/gas_growth_pct_forecasts_prophet_core.csv
2026-09-26 15:33:36 | INFO     | energy_stress.tuning | Best params for gas/core/Prophet: {'changepoint_prior_scale': 0.1, 'seasonality_prior_scale': 1.0, 'seasonality_mode': 'multiplicative'} (validation score=11.3560)
2026-09-26 15:33:36 | INFO     | energy_stress.tuning | Tuning gas/core/LSTM candidate 1/3: {'lookback': 6, 'dropout': 0.1, 'learning_rate': 0.001, 'units_1': 64, 'units_2': 32, 'macro_feature_set': 'lstm'}
2026-09-26 15:33:36 | INFO     | energy_stress.lstm | [LSTM-CORE] Training on gas | train=2006-05-01→2017-12-01 (140 obs), test=2018-01-01→2018-12-01 (12 obs), use_macro=False, lookback=6, dropout=0.1, lr=0.001, units=(64,32), macro_feature_set=lstm
2026-09-26 15:33:37 | INFO     | energy_stress.lstm | [LSTM-CORE gas] validation: MAE=5.6189, RMSE=6.2402
2026-09-26 15:33:41 | INFO     | energy_stress.lstm | [LSTM-CORE] Forecast saved → outputs_v2/tuning_rolling/2018/forecasts/gas/core/lstm/candidate_01/gas_growth_pct_forecasts_lstm_core.csv
2026-09-26 15:33:41 | INFO     | energy_stress.tuning | Tuning gas/core/LSTM candidate 2/3: {'lookback': 12, 'dropout': 0.2, 'learning_rate': 0.001, 'units_1': 128, 'units_2': 64, 'macro_feature_set': 'lstm'}
2026-09-26 15:33:41 | INFO     | energy_stress.lstm | [LSTM-CORE] Training on gas | train=2006-05-01→2017-12-01 (140 obs), test=2018-01-01→2018-12-01 (12 obs), use_macro=False, lookback=12, dropout=0.2, lr=0.001, units=(128,64), macro_feature_set=lstm
2026-09-26 15:33:42 | INFO     | energy_stress.lstm | [LSTM-CORE gas] validation: MAE=7.1249, RMSE=7.6141
2026-09-26 15:33:46 | INFO     | energy_stress.lstm | [LSTM-CORE] Forecast saved → outputs_v2/tuning_rolling/2018/forecasts/gas/core/lstm/candidate_02/gas_growth_pct_forecasts_lstm_core.csv
2026-09-26 15:33:46 | INFO     | energy_stress.tuning | Tuning gas/core/LSTM candidate 3/3: {'lookback': 18, 'dropout': 0.25, 'learning_rate': 0.0005, 'units_1': 128, 'units_2': 64, 'macro_feature_set': 'lstm'}
2026-09-26 15:33:46 | INFO     | energy_stress.lstm | [LSTM-CORE] Training on gas | train=2006-05-01→2017-12-01 (140 obs), test=2018-01-01→2018-12-01 (12 obs), use_macro=False, lookback=18, dropout=0.25, lr=0.0005, units=(128,64), macro_feature_set=lstm
2026-09-26 15:33:48 | INFO     | energy_stress.lstm | [LSTM-CORE gas] validation: MAE=8.2189, RMSE=8.6537
2026-09-26 15:33:53 | INFO     | energy_stress.lstm | [LSTM-CORE] Forecast saved → outputs_v2/tuning_rolling/2018/forecasts/gas/core/lstm/candidate_03/gas_growth_pct_forecasts_lstm_core.csv
2026-09-26 15:33:53 | INFO     | energy_stress.tuning | Best params for gas/core/LSTM: {'lookback': 6, 'dropout': 0.1, 'learning_rate': 0.001, 'units_1': 64, 'units_2': 32, 'macro_feature_set': 'lstm'} (validation score=5.6189)
2026-09-26 15:33:53 | INFO     | energy_stress.tuning | Tuning gas/core/TFT candidate 1/3: {'lookback': 6, 'hidden': 32, 'n_heads': 4, 'learning_rate': 0.001}
2026-09-26 15:33:53 | INFO     | energy_stress.tft | [TFT/pytorch-forecasting] Fitting gas (core)
2026-09-26 15:34:26 | INFO     | energy_stress.tft | [TFT gas] validation: MAE=4.5798, RMSE=5.4358
2026-09-26 15:35:08 | INFO     | energy_stress.tft | [TFT] Forecast saved → outputs_v2/tuning_rolling/2018/forecasts/gas/core/tft/candidate_01/gas_growth_pct_forecasts_tft_core.csv
2026-09-26 15:35:08 | INFO     | energy_stress.tuning | Tuning gas/core/TFT candidate 2/3: {'lookback': 12, 'hidden': 64, 'n_heads': 4, 'learning_rate': 0.0005}
2026-09-26 15:35:08 | INFO     | energy_stress.tft | [TFT/pytorch-forecasting] Fitting gas (core)
2026-09-26 15:35:41 | INFO     | energy_stress.tft | [TFT gas] validation: MAE=3.6559, RMSE=3.7771
2026-09-26 15:36:22 | INFO     | energy_stress.tft | [TFT] Forecast saved → outputs_v2/tuning_rolling/2018/forecasts/gas/core/tft/candidate_02/gas_growth_pct_forecasts_tft_core.csv
2026-09-26 15:36:22 | INFO     | energy_stress.tuning | Tuning gas/core/TFT candidate 3/3: {'lookback': 18, 'hidden': 64, 'n_heads': 4, 'learning_rate': 0.0005}
2026-09-26 15:36:22 | INFO     | energy_stress.tft | [TFT/pytorch-forecasting] Fitting gas (core)
2026-09-26 15:36:55 | INFO     | energy_stress.tft | [TFT gas] validation: MAE=1.1686, RMSE=1.5105
2026-09-26 15:37:35 | INFO     | energy_stress.tft | [TFT] Forecast saved → outputs_v2/tuning_rolling/2018/forecasts/gas/core/tft/candidate_03/gas_growth_pct_forecasts_tft_core.csv
2026-09-26 15:37:35 | INFO     | energy_stress.tuning | Best params for gas/core/TFT: {'lookback': 18, 'hidden': 64, 'n_heads': 4, 'learning_rate': 0.0005} (validation score=1.1686)
2026-09-26 15:37:35 | INFO     | energy_stress.tuning | Tuning electricity/core/SARIMA candidate 1/1: {}
2026-09-26 15:37:35 | INFO     | energy_stress.sarima | [SARIMA-CORE] Fitting on electricity (train=140 obs)
2026-09-26 15:37:57 | INFO     | energy_stress.sarima | SARIMA best order: (2, 0, 1) × (2, 1, 1, 12)
2026-09-26 15:37:58 | INFO     | energy_stress.sarima | [SARIMA-CORE electricity] validation: MAE=2.0290, RMSE=2.5409, MAPE=29.69%
2026-09-26 15:37:59 | INFO     | energy_stress.sarima | [SARIMA-CORE] Forecast saved → outputs_v2/tuning_rolling/2018/forecasts/electricity/core/sarima/candidate_01/electricity_growth_pct_forecasts_sarima_core.csv
2026-09-26 15:37:59 | INFO     | energy_stress.tuning | Tuning electricity/core/Prophet candidate 1/8: {'changepoint_prior_scale': 0.001, 'seasonality_prior_scale': 1.0, 'seasonality_mode': 'additive'}
2026-09-26 15:37:59 | INFO     | energy_stress.prophet | [Prophet-CORE] Fitting on electricity (train=140 obs, regressors=False, cps=0.001, sps=1.0, reg_ps=n/a, seasonality=additive)
2026-09-26 15:37:59 | INFO     | energy_stress.prophet | [Prophet-CORE electricity] validation: MAE=9.3459, RMSE=9.5334
2026-09-26 15:37:59 | INFO     | energy_stress.prophet | [Prophet-CORE] Forecast saved → outputs_v2/tuning_rolling/2018/forecasts/electricity/core/prophet/candidate_01/electricity_growth_pct_forecasts_prophet_core.csv
2026-09-26 15:37:59 | INFO     | energy_stress.tuning | Tuning electricity/core/Prophet candidate 2/8: {'changepoint_prior_scale': 0.001, 'seasonality_prior_scale': 10.0, 'seasonality_mode': 'additive'}
2026-09-26 15:37:59 | INFO     | energy_stress.prophet | [Prophet-CORE] Fitting on electricity (train=140 obs, regressors=False, cps=0.001, sps=10.0, reg_ps=n/a, seasonality=additive)
2026-09-26 15:37:59 | INFO     | energy_stress.prophet | [Prophet-CORE electricity] validation: MAE=9.2982, RMSE=9.4803
2026-09-26 15:37:59 | INFO     | energy_stress.prophet | [Prophet-CORE] Forecast saved → outputs_v2/tuning_rolling/2018/forecasts/electricity/core/prophet/candidate_02/electricity_growth_pct_forecasts_prophet_core.csv
2026-09-26 15:37:59 | INFO     | energy_stress.tuning | Tuning electricity/core/Prophet candidate 3/8: {'changepoint_prior_scale': 0.01, 'seasonality_prior_scale': 1.0, 'seasonality_mode': 'additive'}
2026-09-26 15:37:59 | INFO     | energy_stress.prophet | [Prophet-CORE] Fitting on electricity (train=140 obs, regressors=False, cps=0.01, sps=1.0, reg_ps=n/a, seasonality=additive)
2026-09-26 15:38:00 | INFO     | energy_stress.prophet | [Prophet-CORE electricity] validation: MAE=9.5151, RMSE=9.6992
2026-09-26 15:38:00 | INFO     | energy_stress.prophet | [Prophet-CORE] Forecast saved → outputs_v2/tuning_rolling/2018/forecasts/electricity/core/prophet/candidate_03/electricity_growth_pct_forecasts_prophet_core.csv
2026-09-26 15:38:00 | INFO     | energy_stress.tuning | Tuning electricity/core/Prophet candidate 4/8: {'changepoint_prior_scale': 0.01, 'seasonality_prior_scale': 10.0, 'seasonality_mode': 'additive'}
2026-09-26 15:38:00 | INFO     | energy_stress.prophet | [Prophet-CORE] Fitting on electricity (train=140 obs, regressors=False, cps=0.01, sps=10.0, reg_ps=n/a, seasonality=additive)
2026-09-26 15:38:00 | INFO     | energy_stress.prophet | [Prophet-CORE electricity] validation: MAE=9.4030, RMSE=9.5834
2026-09-26 15:38:00 | INFO     | energy_stress.prophet | [Prophet-CORE] Forecast saved → outputs_v2/tuning_rolling/2018/forecasts/electricity/core/prophet/candidate_04/electricity_growth_pct_forecasts_prophet_core.csv
2026-09-26 15:38:00 | INFO     | energy_stress.tuning | Tuning electricity/core/Prophet candidate 5/8: {'changepoint_prior_scale': 0.05, 'seasonality_prior_scale': 1.0, 'seasonality_mode': 'additive'}
2026-09-26 15:38:00 | INFO     | energy_stress.prophet | [Prophet-CORE] Fitting on electricity (train=140 obs, regressors=False, cps=0.05, sps=1.0, reg_ps=n/a, seasonality=additive)
2026-09-26 15:38:00 | INFO     | energy_stress.prophet | [Prophet-CORE electricity] validation: MAE=9.4403, RMSE=9.6414
2026-09-26 15:38:00 | INFO     | energy_stress.prophet | [Prophet-CORE] Forecast saved → outputs_v2/tuning_rolling/2018/forecasts/electricity/core/prophet/candidate_05/electricity_growth_pct_forecasts_prophet_core.csv
2026-09-26 15:38:00 | INFO     | energy_stress.tuning | Tuning electricity/core/Prophet candidate 6/8: {'changepoint_prior_scale': 0.05, 'seasonality_prior_scale': 10.0, 'seasonality_mode': 'additive'}
2026-09-26 15:38:00 | INFO     | energy_stress.prophet | [Prophet-CORE] Fitting on electricity (train=140 obs, regressors=False, cps=0.05, sps=10.0, reg_ps=n/a, seasonality=additive)
2026-09-26 15:38:00 | INFO     | energy_stress.prophet | [Prophet-CORE electricity] validation: MAE=9.4227, RMSE=9.6244
2026-09-26 15:38:00 | INFO     | energy_stress.prophet | [Prophet-CORE] Forecast saved → outputs_v2/tuning_rolling/2018/forecasts/electricity/core/prophet/candidate_06/electricity_growth_pct_forecasts_prophet_core.csv
2026-09-26 15:38:00 | INFO     | energy_stress.tuning | Tuning electricity/core/Prophet candidate 7/8: {'changepoint_prior_scale': 0.1, 'seasonality_prior_scale': 1.0, 'seasonality_mode': 'additive'}
2026-09-26 15:38:00 | INFO     | energy_stress.prophet | [Prophet-CORE] Fitting on electricity (train=140 obs, regressors=False, cps=0.1, sps=1.0, reg_ps=n/a, seasonality=additive)
2026-09-26 15:38:01 | INFO     | energy_stress.prophet | [Prophet-CORE electricity] validation: MAE=8.8931, RMSE=9.1066
2026-09-26 15:38:01 | INFO     | energy_stress.prophet | [Prophet-CORE] Forecast saved → outputs_v2/tuning_rolling/2018/forecasts/electricity/core/prophet/candidate_07/electricity_growth_pct_forecasts_prophet_core.csv
2026-09-26 15:38:01 | INFO     | energy_stress.tuning | Tuning electricity/core/Prophet candidate 8/8: {'changepoint_prior_scale': 0.1, 'seasonality_prior_scale': 10.0, 'seasonality_mode': 'additive'}
2026-09-26 15:38:01 | INFO     | energy_stress.prophet | [Prophet-CORE] Fitting on electricity (train=140 obs, regressors=False, cps=0.1, sps=10.0, reg_ps=n/a, seasonality=additive)
2026-09-26 15:38:01 | INFO     | energy_stress.prophet | [Prophet-CORE electricity] validation: MAE=8.8410, RMSE=9.0562
2026-09-26 15:38:01 | INFO     | energy_stress.prophet | [Prophet-CORE] Forecast saved → outputs_v2/tuning_rolling/2018/forecasts/electricity/core/prophet/candidate_08/electricity_growth_pct_forecasts_prophet_core.csv
2026-09-26 15:38:01 | INFO     | energy_stress.tuning | Best params for electricity/core/Prophet: {'changepoint_prior_scale': 0.1, 'seasonality_prior_scale': 10.0, 'seasonality_mode': 'additive'} (validation score=8.8410)
2026-09-26 15:38:01 | INFO     | energy_stress.tuning | Tuning electricity/core/LSTM candidate 1/3: {'lookback': 6, 'dropout': 0.1, 'learning_rate': 0.001, 'units_1': 64, 'units_2': 32, 'macro_feature_set': 'lstm'}
2026-09-26 15:38:01 | INFO     | energy_stress.lstm | [LSTM-CORE] Training on electricity | train=2006-05-01→2017-12-01 (140 obs), test=2018-01-01→2018-12-01 (12 obs), use_macro=False, lookback=6, dropout=0.1, lr=0.001, units=(64,32), macro_feature_set=lstm
2026-09-26 15:38:04 | INFO     | energy_stress.lstm | [LSTM-CORE electricity] validation: MAE=1.7571, RMSE=2.3807
2026-09-26 15:38:06 | INFO     | energy_stress.lstm | [LSTM-CORE] Forecast saved → outputs_v2/tuning_rolling/2018/forecasts/electricity/core/lstm/candidate_01/electricity_growth_pct_forecasts_lstm_core.csv
2026-09-26 15:38:06 | INFO     | energy_stress.tuning | Tuning electricity/core/LSTM candidate 2/3: {'lookback': 12, 'dropout': 0.2, 'learning_rate': 0.001, 'units_1': 128, 'units_2': 64, 'macro_feature_set': 'lstm'}
2026-09-26 15:38:06 | INFO     | energy_stress.lstm | [LSTM-CORE] Training on electricity | train=2006-05-01→2017-12-01 (140 obs), test=2018-01-01→2018-12-01 (12 obs), use_macro=False, lookback=12, dropout=0.2, lr=0.001, units=(128,64), macro_feature_set=lstm
2026-09-26 15:38:13 | INFO     | energy_stress.lstm | [LSTM-CORE electricity] validation: MAE=2.4427, RMSE=2.8863
2026-09-26 15:38:17 | INFO     | energy_stress.lstm | [LSTM-CORE] Forecast saved → outputs_v2/tuning_rolling/2018/forecasts/electricity/core/lstm/candidate_02/electricity_growth_pct_forecasts_lstm_core.csv
2026-09-26 15:38:17 | INFO     | energy_stress.tuning | Tuning electricity/core/LSTM candidate 3/3: {'lookback': 18, 'dropout': 0.25, 'learning_rate': 0.0005, 'units_1': 128, 'units_2': 64, 'macro_feature_set': 'lstm'}
2026-09-26 15:38:17 | INFO     | energy_stress.lstm | [LSTM-CORE] Training on electricity | train=2006-05-01→2017-12-01 (140 obs), test=2018-01-01→2018-12-01 (12 obs), use_macro=False, lookback=18, dropout=0.25, lr=0.0005, units=(128,64), macro_feature_set=lstm
2026-09-26 15:38:19 | INFO     | energy_stress.lstm | [LSTM-CORE electricity] validation: MAE=2.1633, RMSE=2.5639
2026-09-26 15:38:24 | INFO     | energy_stress.lstm | [LSTM-CORE] Forecast saved → outputs_v2/tuning_rolling/2018/forecasts/electricity/core/lstm/candidate_03/electricity_growth_pct_forecasts_lstm_core.csv
2026-09-26 15:38:24 | INFO     | energy_stress.tuning | Best params for electricity/core/LSTM: {'lookback': 6, 'dropout': 0.1, 'learning_rate': 0.001, 'units_1': 64, 'units_2': 32, 'macro_feature_set': 'lstm'} (validation score=1.7571)
2026-09-26 15:38:24 | INFO     | energy_stress.tuning | Tuning electricity/core/TFT candidate 1/3: {'lookback': 6, 'hidden': 32, 'n_heads': 4, 'learning_rate': 0.001}
2026-09-26 15:38:24 | INFO     | energy_stress.tft | [TFT/pytorch-forecasting] Fitting electricity (core)
2026-09-26 15:38:54 | INFO     | energy_stress.tft | [TFT electricity] validation: MAE=1.5550, RMSE=2.2344
2026-09-26 15:39:33 | INFO     | energy_stress.tft | [TFT] Forecast saved → outputs_v2/tuning_rolling/2018/forecasts/electricity/core/tft/candidate_01/electricity_growth_pct_forecasts_tft_core.csv
2026-09-26 15:39:33 | INFO     | energy_stress.tuning | Tuning electricity/core/TFT candidate 2/3: {'lookback': 12, 'hidden': 64, 'n_heads': 4, 'learning_rate': 0.0005}
2026-09-26 15:39:33 | INFO     | energy_stress.tft | [TFT/pytorch-forecasting] Fitting electricity (core)
2026-09-26 15:40:04 | INFO     | energy_stress.tft | [TFT electricity] validation: MAE=1.6591, RMSE=2.1478
2026-09-26 15:40:43 | INFO     | energy_stress.tft | [TFT] Forecast saved → outputs_v2/tuning_rolling/2018/forecasts/electricity/core/tft/candidate_02/electricity_growth_pct_forecasts_tft_core.csv
2026-09-26 15:40:43 | INFO     | energy_stress.tuning | Tuning electricity/core/TFT candidate 3/3: {'lookback': 18, 'hidden': 64, 'n_heads': 4, 'learning_rate': 0.0005}
2026-09-26 15:40:43 | INFO     | energy_stress.tft | [TFT/pytorch-forecasting] Fitting electricity (core)
2026-09-26 15:41:14 | INFO     | energy_stress.tft | [TFT electricity] validation: MAE=3.0598, RMSE=3.3754
2026-09-26 15:41:55 | INFO     | energy_stress.tft | [TFT] Forecast saved → outputs_v2/tuning_rolling/2018/forecasts/electricity/core/tft/candidate_03/electricity_growth_pct_forecasts_tft_core.csv
2026-09-26 15:41:55 | INFO     | energy_stress.tuning | Best params for electricity/core/TFT: {'lookback': 6, 'hidden': 32, 'n_heads': 4, 'learning_rate': 0.001} (validation score=1.5550)
2026-09-26 15:41:55 | INFO     | energy_stress.tuning | Tuning carbon/core/SARIMA candidate 1/1: {}
2026-09-26 15:41:55 | INFO     | energy_stress.sarima | [SARIMA-CORE] Fitting on carbon (train=140 obs)
2026-09-26 15:42:04 | INFO     | energy_stress.sarima | SARIMA best order: (1, 0, 0) × (2, 1, 0, 12)
2026-09-26 15:42:05 | INFO     | energy_stress.sarima | [SARIMA-CORE carbon] validation: MAE=98.1905, RMSE=101.1328, MAPE=95.15%
2026-09-26 15:42:05 | INFO     | energy_stress.sarima | [SARIMA-CORE] Forecast saved → outputs_v2/tuning_rolling/2018/forecasts/carbon/core/sarima/candidate_01/carbon_growth_pct_forecasts_sarima_core.csv
2026-09-26 15:42:05 | INFO     | energy_stress.tuning | Tuning carbon/core/Prophet candidate 1/8: {'changepoint_prior_scale': 0.001, 'seasonality_prior_scale': 1.0, 'seasonality_mode': 'additive'}
2026-09-26 15:42:05 | INFO     | energy_stress.prophet | [Prophet-CORE] Fitting on carbon (train=140 obs, regressors=False, cps=0.001, sps=1.0, reg_ps=n/a, seasonality=additive)
2026-09-26 15:42:06 | INFO     | energy_stress.prophet | [Prophet-CORE carbon] validation: MAE=97.9638, RMSE=100.0884
2026-09-26 15:42:06 | INFO     | energy_stress.prophet | [Prophet-CORE] Forecast saved → outputs_v2/tuning_rolling/2018/forecasts/carbon/core/prophet/candidate_01/carbon_growth_pct_forecasts_prophet_core.csv
2026-09-26 15:42:06 | INFO     | energy_stress.tuning | Tuning carbon/core/Prophet candidate 2/8: {'changepoint_prior_scale': 0.001, 'seasonality_prior_scale': 10.0, 'seasonality_mode': 'additive'}
2026-09-26 15:42:06 | INFO     | energy_stress.prophet | [Prophet-CORE] Fitting on carbon (train=140 obs, regressors=False, cps=0.001, sps=10.0, reg_ps=n/a, seasonality=additive)
2026-09-26 15:42:06 | INFO     | energy_stress.prophet | [Prophet-CORE carbon] validation: MAE=94.5633, RMSE=96.3943
2026-09-26 15:42:06 | INFO     | energy_stress.prophet | [Prophet-CORE] Forecast saved → outputs_v2/tuning_rolling/2018/forecasts/carbon/core/prophet/candidate_02/carbon_growth_pct_forecasts_prophet_core.csv
2026-09-26 15:42:06 | INFO     | energy_stress.tuning | Tuning carbon/core/Prophet candidate 3/8: {'changepoint_prior_scale': 0.01, 'seasonality_prior_scale': 1.0, 'seasonality_mode': 'additive'}
2026-09-26 15:42:06 | INFO     | energy_stress.prophet | [Prophet-CORE] Fitting on carbon (train=140 obs, regressors=False, cps=0.01, sps=1.0, reg_ps=n/a, seasonality=additive)
2026-09-26 15:42:06 | INFO     | energy_stress.prophet | [Prophet-CORE carbon] validation: MAE=99.4524, RMSE=101.7264
2026-09-26 15:42:07 | INFO     | energy_stress.prophet | [Prophet-CORE] Forecast saved → outputs_v2/tuning_rolling/2018/forecasts/carbon/core/prophet/candidate_03/carbon_growth_pct_forecasts_prophet_core.csv
2026-09-26 15:42:07 | INFO     | energy_stress.tuning | Tuning carbon/core/Prophet candidate 4/8: {'changepoint_prior_scale': 0.01, 'seasonality_prior_scale': 10.0, 'seasonality_mode': 'additive'}
2026-09-26 15:42:07 | INFO     | energy_stress.prophet | [Prophet-CORE] Fitting on carbon (train=140 obs, regressors=False, cps=0.01, sps=10.0, reg_ps=n/a, seasonality=additive)
2026-09-26 15:42:07 | INFO     | energy_stress.prophet | [Prophet-CORE carbon] validation: MAE=99.4550, RMSE=101.7290
2026-09-26 15:42:07 | INFO     | energy_stress.prophet | [Prophet-CORE] Forecast saved → outputs_v2/tuning_rolling/2018/forecasts/carbon/core/prophet/candidate_04/carbon_growth_pct_forecasts_prophet_core.csv
2026-09-26 15:42:07 | INFO     | energy_stress.tuning | Tuning carbon/core/Prophet candidate 5/8: {'changepoint_prior_scale': 0.05, 'seasonality_prior_scale': 1.0, 'seasonality_mode': 'additive'}
2026-09-26 15:42:07 | INFO     | energy_stress.prophet | [Prophet-CORE] Fitting on carbon (train=140 obs, regressors=False, cps=0.05, sps=1.0, reg_ps=n/a, seasonality=additive)
2026-09-26 15:42:07 | INFO     | energy_stress.prophet | [Prophet-CORE carbon] validation: MAE=93.1330, RMSE=95.5580
2026-09-26 15:42:07 | INFO     | energy_stress.prophet | [Prophet-CORE] Forecast saved → outputs_v2/tuning_rolling/2018/forecasts/carbon/core/prophet/candidate_05/carbon_growth_pct_forecasts_prophet_core.csv
2026-09-26 15:42:07 | INFO     | energy_stress.tuning | Tuning carbon/core/Prophet candidate 6/8: {'changepoint_prior_scale': 0.05, 'seasonality_prior_scale': 10.0, 'seasonality_mode': 'additive'}
2026-09-26 15:42:07 | INFO     | energy_stress.prophet | [Prophet-CORE] Fitting on carbon (train=140 obs, regressors=False, cps=0.05, sps=10.0, reg_ps=n/a, seasonality=additive)
2026-09-26 15:42:07 | INFO     | energy_stress.prophet | [Prophet-CORE carbon] validation: MAE=93.1422, RMSE=95.5673
2026-09-26 15:42:07 | INFO     | energy_stress.prophet | [Prophet-CORE] Forecast saved → outputs_v2/tuning_rolling/2018/forecasts/carbon/core/prophet/candidate_06/carbon_growth_pct_forecasts_prophet_core.csv
2026-09-26 15:42:07 | INFO     | energy_stress.tuning | Tuning carbon/core/Prophet candidate 7/8: {'changepoint_prior_scale': 0.1, 'seasonality_prior_scale': 1.0, 'seasonality_mode': 'additive'}
2026-09-26 15:42:07 | INFO     | energy_stress.prophet | [Prophet-CORE] Fitting on carbon (train=140 obs, regressors=False, cps=0.1, sps=1.0, reg_ps=n/a, seasonality=additive)
2026-09-26 15:42:07 | INFO     | energy_stress.prophet | [Prophet-CORE carbon] validation: MAE=95.7260, RMSE=98.1278
2026-09-26 15:42:07 | INFO     | energy_stress.prophet | [Prophet-CORE] Forecast saved → outputs_v2/tuning_rolling/2018/forecasts/carbon/core/prophet/candidate_07/carbon_growth_pct_forecasts_prophet_core.csv
2026-09-26 15:42:07 | INFO     | energy_stress.tuning | Tuning carbon/core/Prophet candidate 8/8: {'changepoint_prior_scale': 0.1, 'seasonality_prior_scale': 10.0, 'seasonality_mode': 'additive'}
2026-09-26 15:42:07 | INFO     | energy_stress.prophet | [Prophet-CORE] Fitting on carbon (train=140 obs, regressors=False, cps=0.1, sps=10.0, reg_ps=n/a, seasonality=additive)
2026-09-26 15:42:07 | INFO     | energy_stress.prophet | [Prophet-CORE carbon] validation: MAE=95.8826, RMSE=98.2826
2026-09-26 15:42:07 | INFO     | energy_stress.prophet | [Prophet-CORE] Forecast saved → outputs_v2/tuning_rolling/2018/forecasts/carbon/core/prophet/candidate_08/carbon_growth_pct_forecasts_prophet_core.csv
2026-09-26 15:42:07 | INFO     | energy_stress.tuning | Best params for carbon/core/Prophet: {'changepoint_prior_scale': 0.05, 'seasonality_prior_scale': 1.0, 'seasonality_mode': 'additive'} (validation score=93.1330)
2026-09-26 15:42:07 | INFO     | energy_stress.tuning | Tuning carbon/core/LSTM candidate 1/3: {'lookback': 6, 'dropout': 0.1, 'learning_rate': 0.001, 'units_1': 64, 'units_2': 32, 'macro_feature_set': 'lstm'}
2026-09-26 15:42:07 | INFO     | energy_stress.lstm | [LSTM-CORE] Training on carbon | train=2006-05-01→2017-12-01 (140 obs), test=2018-01-01→2018-12-01 (12 obs), use_macro=False, lookback=6, dropout=0.1, lr=0.001, units=(64,32), macro_feature_set=lstm
2026-09-26 15:42:12 | INFO     | energy_stress.lstm | [LSTM-CORE carbon] validation: MAE=22.5759, RMSE=24.0339
2026-09-26 15:42:17 | INFO     | energy_stress.lstm | [LSTM-CORE] Forecast saved → outputs_v2/tuning_rolling/2018/forecasts/carbon/core/lstm/candidate_01/carbon_growth_pct_forecasts_lstm_core.csv
2026-09-26 15:42:17 | INFO     | energy_stress.tuning | Tuning carbon/core/LSTM candidate 2/3: {'lookback': 12, 'dropout': 0.2, 'learning_rate': 0.001, 'units_1': 128, 'units_2': 64, 'macro_feature_set': 'lstm'}
2026-09-26 15:42:17 | INFO     | energy_stress.lstm | [LSTM-CORE] Training on carbon | train=2006-05-01→2017-12-01 (140 obs), test=2018-01-01→2018-12-01 (12 obs), use_macro=False, lookback=12, dropout=0.2, lr=0.001, units=(128,64), macro_feature_set=lstm
2026-09-26 15:42:19 | INFO     | energy_stress.lstm | [LSTM-CORE carbon] validation: MAE=47.9401, RMSE=51.4427
2026-09-26 15:42:25 | INFO     | energy_stress.lstm | [LSTM-CORE] Forecast saved → outputs_v2/tuning_rolling/2018/forecasts/carbon/core/lstm/candidate_02/carbon_growth_pct_forecasts_lstm_core.csv
2026-09-26 15:42:25 | INFO     | energy_stress.tuning | Tuning carbon/core/LSTM candidate 3/3: {'lookback': 18, 'dropout': 0.25, 'learning_rate': 0.0005, 'units_1': 128, 'units_2': 64, 'macro_feature_set': 'lstm'}
2026-09-26 15:42:25 | INFO     | energy_stress.lstm | [LSTM-CORE] Training on carbon | train=2006-05-01→2017-12-01 (140 obs), test=2018-01-01→2018-12-01 (12 obs), use_macro=False, lookback=18, dropout=0.25, lr=0.0005, units=(128,64), macro_feature_set=lstm
2026-09-26 15:42:29 | INFO     | energy_stress.lstm | [LSTM-CORE carbon] validation: MAE=80.8758, RMSE=82.9526
2026-09-26 15:42:39 | INFO     | energy_stress.lstm | [LSTM-CORE] Forecast saved → outputs_v2/tuning_rolling/2018/forecasts/carbon/core/lstm/candidate_03/carbon_growth_pct_forecasts_lstm_core.csv
2026-09-26 15:42:39 | INFO     | energy_stress.tuning | Best params for carbon/core/LSTM: {'lookback': 6, 'dropout': 0.1, 'learning_rate': 0.001, 'units_1': 64, 'units_2': 32, 'macro_feature_set': 'lstm'} (validation score=22.5759)
2026-09-26 15:42:39 | INFO     | energy_stress.tuning | Tuning carbon/core/TFT candidate 1/3: {'lookback': 6, 'hidden': 32, 'n_heads': 4, 'learning_rate': 0.001}
2026-09-26 15:42:39 | INFO     | energy_stress.tft | [TFT/pytorch-forecasting] Fitting carbon (core)
2026-09-26 15:43:10 | INFO     | energy_stress.tft | [TFT carbon] validation: MAE=96.9416, RMSE=101.9533
2026-09-26 15:43:51 | INFO     | energy_stress.tft | [TFT] Forecast saved → outputs_v2/tuning_rolling/2018/forecasts/carbon/core/tft/candidate_01/carbon_growth_pct_forecasts_tft_core.csv
2026-09-26 15:43:52 | INFO     | energy_stress.tuning | Tuning carbon/core/TFT candidate 2/3: {'lookback': 12, 'hidden': 64, 'n_heads': 4, 'learning_rate': 0.0005}
2026-09-26 15:43:52 | INFO     | energy_stress.tft | [TFT/pytorch-forecasting] Fitting carbon (core)
2026-09-26 15:44:22 | INFO     | energy_stress.tft | [TFT carbon] validation: MAE=87.0196, RMSE=93.3038
2026-09-26 15:45:04 | INFO     | energy_stress.tft | [TFT] Forecast saved → outputs_v2/tuning_rolling/2018/forecasts/carbon/core/tft/candidate_02/carbon_growth_pct_forecasts_tft_core.csv
2026-09-26 15:45:04 | INFO     | energy_stress.tuning | Tuning carbon/core/TFT candidate 3/3: {'lookback': 18, 'hidden': 64, 'n_heads': 4, 'learning_rate': 0.0005}
2026-09-26 15:45:04 | INFO     | energy_stress.tft | [TFT/pytorch-forecasting] Fitting carbon (core)
2026-09-26 15:45:37 | INFO     | energy_stress.tft | [TFT carbon] validation: MAE=104.8831, RMSE=112.3444
2026-09-26 15:46:19 | INFO     | energy_stress.tft | [TFT] Forecast saved → outputs_v2/tuning_rolling/2018/forecasts/carbon/core/tft/candidate_03/carbon_growth_pct_forecasts_tft_core.csv
2026-09-26 15:46:19 | INFO     | energy_stress.tuning | Best params for carbon/core/TFT: {'lookback': 12, 'hidden': 64, 'n_heads': 4, 'learning_rate': 0.0005} (validation score=87.0196)
2026-09-26 15:46:19 | INFO     | energy_stress.tuning | Tuning results saved → outputs_v2/tuning_rolling/2018/model_tuning_results.csv
2026-09-26 15:46:19 | INFO     | energy_stress.forecast_pipeline | 
──────────────────────────────────────────────────
Series: GAS
──────────────────────────────────────────────────
2026-09-26 15:46:19 | INFO     | energy_stress.forecast_pipeline | [gas] train=140, test=12, full=152 (through 2018-12-01), actual_target=12 non-null (2019-01-01..2019-12-01)
2026-09-26 15:46:19 | INFO     | energy_stress.sarima | [SARIMA-CORE] Fitting on gas (train=140 obs)
2026-09-26 15:46:30 | INFO     | energy_stress.sarima | SARIMA best order: (2, 0, 0) × (2, 1, 1, 12)
2026-09-26 15:46:30 | INFO     | energy_stress.sarima | [SARIMA-CORE gas] validation: MAE=4.4512, RMSE=5.6504, MAPE=107.33%
2026-09-26 15:46:31 | INFO     | energy_stress.sarima | [SARIMA-CORE] Forecast saved → outputs_v2/forecasts_rolling/2018/gas_growth_pct_forecasts_sarima_core.csv
2026-09-26 15:46:31 | INFO     | energy_stress.prophet | [Prophet-CORE] Fitting on gas (train=140 obs, regressors=False, cps=0.1, sps=1.0, reg_ps=n/a, seasonality=multiplicative)
2026-09-26 15:46:31 | INFO     | energy_stress.prophet | [Prophet-CORE gas] validation: MAE=11.3560, RMSE=11.9259
2026-09-26 15:46:31 | INFO     | energy_stress.prophet | [Prophet-CORE] Forecast saved → outputs_v2/forecasts_rolling/2018/gas_growth_pct_forecasts_prophet_core.csv
2026-09-26 15:46:31 | INFO     | energy_stress.lstm | [LSTM-CORE] Training on gas | train=2006-05-01→2017-12-01 (140 obs), test=2018-01-01→2018-12-01 (12 obs), use_macro=False, lookback=6, dropout=0.1, lr=0.001, units=(64,32), macro_feature_set=lstm
2026-09-26 15:46:32 | INFO     | energy_stress.lstm | [LSTM-CORE gas] validation: MAE=5.6281, RMSE=6.2516
2026-09-26 15:46:37 | INFO     | energy_stress.lstm | [LSTM-CORE] Forecast saved → outputs_v2/forecasts_rolling/2018/gas_growth_pct_forecasts_lstm_core.csv
2026-09-26 15:46:37 | INFO     | energy_stress.lstm | [LSTM-CORE] Model saved → outputs_v2/models
2026-09-26 15:46:37 | INFO     | energy_stress.tft | [TFT/pytorch-forecasting] Fitting gas (core)
2026-09-26 15:47:30 | INFO     | energy_stress.tft | [TFT gas] validation: MAE=3.5869, RMSE=4.0806
2026-09-26 15:48:36 | INFO     | energy_stress.tft | [TFT] Forecast saved → outputs_v2/forecasts_rolling/2018/gas_growth_pct_forecasts_tft_core.csv
2026-09-26 15:48:36 | INFO     | energy_stress.forecast_pipeline | 
──────────────────────────────────────────────────
Series: ELECTRICITY
──────────────────────────────────────────────────
2026-09-26 15:48:36 | INFO     | energy_stress.forecast_pipeline | [electricity] train=140, test=12, full=152 (through 2018-12-01), actual_target=12 non-null (2019-01-01..2019-12-01)
2026-09-26 15:48:36 | INFO     | energy_stress.sarima | [SARIMA-CORE] Fitting on electricity (train=140 obs)
2026-09-26 15:48:59 | INFO     | energy_stress.sarima | SARIMA best order: (2, 0, 1) × (2, 1, 1, 12)
2026-09-26 15:49:00 | INFO     | energy_stress.sarima | [SARIMA-CORE electricity] validation: MAE=2.0290, RMSE=2.5409, MAPE=29.69%
2026-09-26 15:49:01 | INFO     | energy_stress.sarima | [SARIMA-CORE] Forecast saved → outputs_v2/forecasts_rolling/2018/electricity_growth_pct_forecasts_sarima_core.csv
2026-09-26 15:49:01 | INFO     | energy_stress.prophet | [Prophet-CORE] Fitting on electricity (train=140 obs, regressors=False, cps=0.1, sps=10.0, reg_ps=n/a, seasonality=additive)
2026-09-26 15:49:01 | INFO     | energy_stress.prophet | [Prophet-CORE electricity] validation: MAE=8.8410, RMSE=9.0562
2026-09-26 15:49:01 | INFO     | energy_stress.prophet | [Prophet-CORE] Forecast saved → outputs_v2/forecasts_rolling/2018/electricity_growth_pct_forecasts_prophet_core.csv
2026-09-26 15:49:01 | INFO     | energy_stress.lstm | [LSTM-CORE] Training on electricity | train=2006-05-01→2017-12-01 (140 obs), test=2018-01-01→2018-12-01 (12 obs), use_macro=False, lookback=6, dropout=0.1, lr=0.001, units=(64,32), macro_feature_set=lstm
2026-09-26 15:49:05 | INFO     | energy_stress.lstm | [LSTM-CORE electricity] validation: MAE=1.7096, RMSE=2.3484
2026-09-26 15:49:09 | INFO     | energy_stress.lstm | [LSTM-CORE] Forecast saved → outputs_v2/forecasts_rolling/2018/electricity_growth_pct_forecasts_lstm_core.csv
2026-09-26 15:49:09 | INFO     | energy_stress.lstm | [LSTM-CORE] Model saved → outputs_v2/models
2026-09-26 15:49:09 | INFO     | energy_stress.tft | [TFT/pytorch-forecasting] Fitting electricity (core)
2026-09-26 15:49:59 | INFO     | energy_stress.tft | [TFT electricity] validation: MAE=3.3693, RMSE=3.7207
2026-09-26 15:51:05 | INFO     | energy_stress.tft | [TFT] Forecast saved → outputs_v2/forecasts_rolling/2018/electricity_growth_pct_forecasts_tft_core.csv
2026-09-26 15:51:05 | INFO     | energy_stress.forecast_pipeline | 
──────────────────────────────────────────────────
Series: CARBON
──────────────────────────────────────────────────
2026-09-26 15:51:05 | INFO     | energy_stress.forecast_pipeline | [carbon] train=140, test=12, full=152 (through 2018-12-01), actual_target=12 non-null (2019-01-01..2019-12-01)
2026-09-26 15:51:05 | INFO     | energy_stress.sarima | [SARIMA-CORE] Fitting on carbon (train=140 obs)
2026-09-26 15:51:14 | INFO     | energy_stress.sarima | SARIMA best order: (1, 0, 0) × (2, 1, 0, 12)
2026-09-26 15:51:14 | INFO     | energy_stress.sarima | [SARIMA-CORE carbon] validation: MAE=98.1905, RMSE=101.1328, MAPE=95.15%
2026-09-26 15:51:15 | INFO     | energy_stress.sarima | [SARIMA-CORE] Forecast saved → outputs_v2/forecasts_rolling/2018/carbon_growth_pct_forecasts_sarima_core.csv
2026-09-26 15:51:15 | INFO     | energy_stress.prophet | [Prophet-CORE] Fitting on carbon (train=140 obs, regressors=False, cps=0.05, sps=1.0, reg_ps=n/a, seasonality=additive)
2026-09-26 15:51:15 | INFO     | energy_stress.prophet | [Prophet-CORE carbon] validation: MAE=93.1330, RMSE=95.5580
2026-09-26 15:51:15 | INFO     | energy_stress.prophet | [Prophet-CORE] Forecast saved → outputs_v2/forecasts_rolling/2018/carbon_growth_pct_forecasts_prophet_core.csv
2026-09-26 15:51:15 | INFO     | energy_stress.lstm | [LSTM-CORE] Training on carbon | train=2006-05-01→2017-12-01 (140 obs), test=2018-01-01→2018-12-01 (12 obs), use_macro=False, lookback=6, dropout=0.1, lr=0.001, units=(64,32), macro_feature_set=lstm
2026-09-26 15:51:19 | INFO     | energy_stress.lstm | [LSTM-CORE carbon] validation: MAE=22.6202, RMSE=24.1876
2026-09-26 15:51:24 | INFO     | energy_stress.lstm | [LSTM-CORE] Forecast saved → outputs_v2/forecasts_rolling/2018/carbon_growth_pct_forecasts_lstm_core.csv
2026-09-26 15:51:24 | INFO     | energy_stress.lstm | [LSTM-CORE] Model saved → outputs_v2/models
2026-09-26 15:51:24 | INFO     | energy_stress.tft | [TFT/pytorch-forecasting] Fitting carbon (core)
2026-09-26 15:52:10 | INFO     | energy_stress.tft | [TFT carbon] validation: MAE=91.9158, RMSE=96.6450
2026-09-26 15:53:10 | INFO     | energy_stress.tft | [TFT] Forecast saved → outputs_v2/forecasts_rolling/2018/carbon_growth_pct_forecasts_tft_core.csv
2026-09-26 15:53:10 | DEBUG    | energy_stress.model_evaluation | Loaded outputs_v2/forecasts_rolling/2018/gas_growth_pct_forecasts_sarima_core.csv (12 rows)
2026-09-26 15:53:10 | WARNING  | energy_stress.model_evaluation | Forecast file not found: outputs_v2/forecasts_rolling/2018/gas_growth_pct_forecasts_sarima_macro.csv
2026-09-26 15:53:10 | DEBUG    | energy_stress.model_evaluation | Loaded outputs_v2/forecasts_rolling/2018/gas_growth_pct_forecasts_prophet_core.csv (12 rows)
2026-09-26 15:53:10 | WARNING  | energy_stress.model_evaluation | Forecast file not found: outputs_v2/forecasts_rolling/2018/gas_growth_pct_forecasts_prophet_macro.csv
2026-09-26 15:53:10 | DEBUG    | energy_stress.model_evaluation | Loaded outputs_v2/forecasts_rolling/2018/gas_growth_pct_forecasts_lstm_core.csv (12 rows)
2026-09-26 15:53:10 | WARNING  | energy_stress.model_evaluation | Forecast file not found: outputs_v2/forecasts_rolling/2018/gas_growth_pct_forecasts_lstm_macro.csv
2026-09-26 15:53:10 | DEBUG    | energy_stress.model_evaluation | Loaded outputs_v2/forecasts_rolling/2018/gas_growth_pct_forecasts_tft_core.csv (12 rows)
2026-09-26 15:53:10 | WARNING  | energy_stress.model_evaluation | Forecast file not found: outputs_v2/forecasts_rolling/2018/gas_growth_pct_forecasts_tft_macro.csv
2026-09-26 15:53:10 | INFO     | energy_stress.model_evaluation | Combined forecasts (48 rows) → outputs_v2/forecasts_rolling/2018/gas_growth_pct_forecasts_all.csv
2026-09-26 15:53:10 | INFO     | energy_stress.model_evaluation |   core combined → outputs_v2/forecasts_rolling/2018/gas_growth_pct_forecasts_core.csv
2026-09-26 15:53:10 | DEBUG    | energy_stress.model_evaluation | Loaded outputs_v2/forecasts_rolling/2018/electricity_growth_pct_forecasts_sarima_core.csv (12 rows)
2026-09-26 15:53:10 | WARNING  | energy_stress.model_evaluation | Forecast file not found: outputs_v2/forecasts_rolling/2018/electricity_growth_pct_forecasts_sarima_macro.csv
2026-09-26 15:53:10 | DEBUG    | energy_stress.model_evaluation | Loaded outputs_v2/forecasts_rolling/2018/electricity_growth_pct_forecasts_prophet_core.csv (12 rows)
2026-09-26 15:53:10 | WARNING  | energy_stress.model_evaluation | Forecast file not found: outputs_v2/forecasts_rolling/2018/electricity_growth_pct_forecasts_prophet_macro.csv
2026-09-26 15:53:10 | DEBUG    | energy_stress.model_evaluation | Loaded outputs_v2/forecasts_rolling/2018/electricity_growth_pct_forecasts_lstm_core.csv (12 rows)
2026-09-26 15:53:10 | WARNING  | energy_stress.model_evaluation | Forecast file not found: outputs_v2/forecasts_rolling/2018/electricity_growth_pct_forecasts_lstm_macro.csv
2026-09-26 15:53:10 | DEBUG    | energy_stress.model_evaluation | Loaded outputs_v2/forecasts_rolling/2018/electricity_growth_pct_forecasts_tft_core.csv (12 rows)
2026-09-26 15:53:10 | WARNING  | energy_stress.model_evaluation | Forecast file not found: outputs_v2/forecasts_rolling/2018/electricity_growth_pct_forecasts_tft_macro.csv
2026-09-26 15:53:10 | INFO     | energy_stress.model_evaluation | Combined forecasts (48 rows) → outputs_v2/forecasts_rolling/2018/electricity_growth_pct_forecasts_all.csv
2026-09-26 15:53:10 | INFO     | energy_stress.model_evaluation |   core combined → outputs_v2/forecasts_rolling/2018/electricity_growth_pct_forecasts_core.csv
2026-09-26 15:53:10 | DEBUG    | energy_stress.model_evaluation | Loaded outputs_v2/forecasts_rolling/2018/carbon_growth_pct_forecasts_sarima_core.csv (12 rows)
2026-09-26 15:53:10 | WARNING  | energy_stress.model_evaluation | Forecast file not found: outputs_v2/forecasts_rolling/2018/carbon_growth_pct_forecasts_sarima_macro.csv
2026-09-26 15:53:10 | DEBUG    | energy_stress.model_evaluation | Loaded outputs_v2/forecasts_rolling/2018/carbon_growth_pct_forecasts_prophet_core.csv (12 rows)
2026-09-26 15:53:10 | WARNING  | energy_stress.model_evaluation | Forecast file not found: outputs_v2/forecasts_rolling/2018/carbon_growth_pct_forecasts_prophet_macro.csv
2026-09-26 15:53:10 | DEBUG    | energy_stress.model_evaluation | Loaded outputs_v2/forecasts_rolling/2018/carbon_growth_pct_forecasts_lstm_core.csv (12 rows)
2026-09-26 15:53:10 | WARNING  | energy_stress.model_evaluation | Forecast file not found: outputs_v2/forecasts_rolling/2018/carbon_growth_pct_forecasts_lstm_macro.csv
2026-09-26 15:53:10 | DEBUG    | energy_stress.model_evaluation | Loaded outputs_v2/forecasts_rolling/2018/carbon_growth_pct_forecasts_tft_core.csv (12 rows)
2026-09-26 15:53:10 | WARNING  | energy_stress.model_evaluation | Forecast file not found: outputs_v2/forecasts_rolling/2018/carbon_growth_pct_forecasts_tft_macro.csv
2026-09-26 15:53:10 | INFO     | energy_stress.model_evaluation | Combined forecasts (48 rows) → outputs_v2/forecasts_rolling/2018/carbon_growth_pct_forecasts_all.csv
2026-09-26 15:53:10 | INFO     | energy_stress.model_evaluation |   core combined → outputs_v2/forecasts_rolling/2018/carbon_growth_pct_forecasts_core.csv
2026-09-26 15:53:10 | INFO     | energy_stress.model_evaluation | Evaluating 12 model results across all series and modes
2026-09-26 15:53:10 | INFO     | energy_stress.model_evaluation | Best model [carbon][core]: LSTM (selection_score=1.200)
2026-09-26 15:53:10 | INFO     | energy_stress.model_evaluation | Best model [electricity][core]: LSTM (selection_score=1.350)
2026-09-26 15:53:10 | INFO     | energy_stress.model_evaluation | Best model [gas][core]: TFT (selection_score=1.200)
2026-09-26 15:53:10 | INFO     | energy_stress.model_evaluation | Metrics table saved → outputs_v2/tables/rolling/2018/model_metrics_comparison.csv
2026-09-26 15:53:10 | INFO     | energy_stress.fes | Best models selected:
2026-09-26 15:53:10 | INFO     | energy_stress.fes |   [carbon][core] → LSTM
2026-09-26 15:53:10 | INFO     | energy_stress.fes |   [electricity][core] → LSTM
2026-09-26 15:53:10 | INFO     | energy_stress.fes |   [gas][core] → TFT
2026-09-26 15:53:10 | INFO     | energy_stress.fes | Per-series mode selected for FES_selected (metric per series/mode: {('gas', 'core'): 'RMSE', ('electricity', 'core'): 'RMSE', ('carbon', 'core'): 'RMSE'}): {'gas': 'core', 'electricity': 'core', 'carbon': 'core'}
2026-09-26 15:53:10 | INFO     | energy_stress.fes | FES_Weighted series weights (inverse validation-RMSE, normalized to mean 1.0): {'gas': 1.032240298567668, 'electricity': 1.7936129085968955, 'carbon': 0.17414679283543644}
2026-09-26 15:53:10 | INFO     | energy_stress.fes | [gas] train μ=7.3474, σ=15.2609 | unc_ref μ=6.5222, σ=6.4952
2026-09-26 15:53:10 | INFO     | energy_stress.fes | [electricity] train μ=6.7905, σ=8.9551 | unc_ref μ=4.2794, σ=3.5941
2026-09-26 15:53:10 | INFO     | energy_stress.fes | [carbon] train μ=-2.1381, σ=185.0328 | unc_ref μ=79.8461, σ=114.4956
2026-09-26 15:53:10 | INFO     | energy_stress.fes | [actual real-vol] train μ=0.5102, σ=0.3752
2026-09-26 15:53:10 | WARNING  | energy_stress.fes | No best model found for (gas, macro)
2026-09-26 15:53:10 | WARNING  | energy_stress.fes | No best model found for (electricity, macro)
2026-09-26 15:53:10 | WARNING  | energy_stress.fes | No best model found for (carbon, macro)
2026-09-26 15:53:10 | INFO     | energy_stress.fes | Monthly FES saved → outputs_v2/fes/rolling/2018/fes_monthly_2019.csv
2026-09-26 15:53:10 | INFO     | energy_stress.fes | [gas] train μ=7.6629, σ=15.8456 | unc_ref μ=6.9665, σ=6.5931
2026-09-26 15:53:10 | INFO     | energy_stress.fes | [electricity] train μ=6.6271, σ=9.2985 | unc_ref μ=4.4436, σ=3.7017
2026-09-26 15:53:10 | INFO     | energy_stress.fes | [carbon] train μ=-11.0689, σ=190.0959 | unc_ref μ=84.1000, σ=118.5663
2026-09-26 15:53:10 | INFO     | energy_stress.fes | [actual real-vol] train μ=0.5110, σ=0.3682
2026-09-26 15:53:11 | INFO     | energy_stress.fes | FES_actual, prior year 2018 (baseline for FES_selected's 2019 forecast): mean=0.17704 -> outputs_v2/fes/rolling/2018/fes_prior_actual_2018.csv
2026-09-26 15:53:11 | INFO     | energy_stress.fes | FES comparison metrics saved → outputs_v2/fes/rolling/2018/fes_comparison_metrics.csv  (9 rows)
2026-09-26 15:53:11 | INFO     | energy_stress.fes | Best RMSE per variant:
FES_variant
Equal_Core        0.81721
Equal_Selected    0.81721
Equal_Weighted    0.68623
2026-09-26 15:53:11 | INFO     | energy_stress.forecast_pipeline | ========================================
2026-09-26 15:53:11 | INFO     | energy_stress.forecast_pipeline | STAGE 2: Rolling year as_of=2019 (split train<2019, test=2019, refit<=2019, forecast=2020)
2026-09-26 15:53:11 | INFO     | energy_stress.forecast_pipeline | ========================================
2026-09-26 15:53:11 | INFO     | energy_stress.preprocessing | Train: 152 rows (through 2018-12-01) | Test: 12 rows (2019-01-01..2019-12-01)
2026-09-26 15:53:11 | INFO     | energy_stress.forecast_pipeline | ========================================
2026-09-26 15:53:11 | INFO     | energy_stress.forecast_pipeline | STAGE 2: Per-origin tuning, as_of=2019
2026-09-26 15:53:11 | INFO     | energy_stress.forecast_pipeline | ========================================
2026-09-26 15:53:11 | INFO     | energy_stress.tuning | Tuning gas/core/SARIMA candidate 1/1: {}
2026-09-26 15:53:11 | INFO     | energy_stress.sarima | [SARIMA-CORE] Fitting on gas (train=152 obs)
2026-09-26 15:53:22 | INFO     | energy_stress.sarima | SARIMA best order: (2, 0, 0) × (2, 1, 1, 12)
2026-09-26 15:53:22 | INFO     | energy_stress.sarima | [SARIMA-CORE gas] validation: MAE=7.1637, RMSE=9.0518, MAPE=198.60%
2026-09-26 15:53:23 | INFO     | energy_stress.sarima | [SARIMA-CORE] Forecast saved → outputs_v2/tuning_rolling/2019/forecasts/gas/core/sarima/candidate_01/gas_growth_pct_forecasts_sarima_core.csv
2026-09-26 15:53:23 | INFO     | energy_stress.tuning | Tuning gas/core/Prophet candidate 1/16: {'changepoint_prior_scale': 0.001, 'seasonality_prior_scale': 1.0, 'seasonality_mode': 'additive'}
2026-09-26 15:53:23 | INFO     | energy_stress.prophet | [Prophet-CORE] Fitting on gas (train=152 obs, regressors=False, cps=0.001, sps=1.0, reg_ps=n/a, seasonality=additive)
2026-09-26 15:53:23 | INFO     | energy_stress.prophet | [Prophet-CORE gas] validation: MAE=7.3908, RMSE=8.5782
2026-09-26 15:53:23 | INFO     | energy_stress.prophet | [Prophet-CORE] Forecast saved → outputs_v2/tuning_rolling/2019/forecasts/gas/core/prophet/candidate_01/gas_growth_pct_forecasts_prophet_core.csv
2026-09-26 15:53:23 | INFO     | energy_stress.tuning | Tuning gas/core/Prophet candidate 2/16: {'changepoint_prior_scale': 0.001, 'seasonality_prior_scale': 1.0, 'seasonality_mode': 'multiplicative'}
2026-09-26 15:53:23 | INFO     | energy_stress.prophet | [Prophet-CORE] Fitting on gas (train=152 obs, regressors=False, cps=0.001, sps=1.0, reg_ps=n/a, seasonality=multiplicative)
2026-09-26 15:53:23 | INFO     | energy_stress.prophet | [Prophet-CORE gas] validation: MAE=6.8091, RMSE=8.0705
2026-09-26 15:53:23 | INFO     | energy_stress.prophet | [Prophet-CORE] Forecast saved → outputs_v2/tuning_rolling/2019/forecasts/gas/core/prophet/candidate_02/gas_growth_pct_forecasts_prophet_core.csv
2026-09-26 15:53:23 | INFO     | energy_stress.tuning | Tuning gas/core/Prophet candidate 3/16: {'changepoint_prior_scale': 0.001, 'seasonality_prior_scale': 10.0, 'seasonality_mode': 'additive'}
2026-09-26 15:53:23 | INFO     | energy_stress.prophet | [Prophet-CORE] Fitting on gas (train=152 obs, regressors=False, cps=0.001, sps=10.0, reg_ps=n/a, seasonality=additive)
2026-09-26 15:53:23 | INFO     | energy_stress.prophet | [Prophet-CORE gas] validation: MAE=7.6174, RMSE=8.9643
2026-09-26 15:53:24 | INFO     | energy_stress.prophet | [Prophet-CORE] Forecast saved → outputs_v2/tuning_rolling/2019/forecasts/gas/core/prophet/candidate_03/gas_growth_pct_forecasts_prophet_core.csv
2026-09-26 15:53:24 | INFO     | energy_stress.tuning | Tuning gas/core/Prophet candidate 4/16: {'changepoint_prior_scale': 0.001, 'seasonality_prior_scale': 10.0, 'seasonality_mode': 'multiplicative'}
2026-09-26 15:53:24 | INFO     | energy_stress.prophet | [Prophet-CORE] Fitting on gas (train=152 obs, regressors=False, cps=0.001, sps=10.0, reg_ps=n/a, seasonality=multiplicative)
2026-09-26 15:53:25 | INFO     | energy_stress.prophet | [Prophet-CORE gas] validation: MAE=7.1766, RMSE=8.5904
2026-09-26 15:53:25 | INFO     | energy_stress.prophet | [Prophet-CORE] Forecast saved → outputs_v2/tuning_rolling/2019/forecasts/gas/core/prophet/candidate_04/gas_growth_pct_forecasts_prophet_core.csv
2026-09-26 15:53:25 | INFO     | energy_stress.tuning | Tuning gas/core/Prophet candidate 5/16: {'changepoint_prior_scale': 0.01, 'seasonality_prior_scale': 1.0, 'seasonality_mode': 'additive'}
2026-09-26 15:53:25 | INFO     | energy_stress.prophet | [Prophet-CORE] Fitting on gas (train=152 obs, regressors=False, cps=0.01, sps=1.0, reg_ps=n/a, seasonality=additive)
2026-09-26 15:53:25 | INFO     | energy_stress.prophet | [Prophet-CORE gas] validation: MAE=9.3283, RMSE=11.0687
2026-09-26 15:53:25 | INFO     | energy_stress.prophet | [Prophet-CORE] Forecast saved → outputs_v2/tuning_rolling/2019/forecasts/gas/core/prophet/candidate_05/gas_growth_pct_forecasts_prophet_core.csv
2026-09-26 15:53:25 | INFO     | energy_stress.tuning | Tuning gas/core/Prophet candidate 6/16: {'changepoint_prior_scale': 0.01, 'seasonality_prior_scale': 1.0, 'seasonality_mode': 'multiplicative'}
2026-09-26 15:53:25 | INFO     | energy_stress.prophet | [Prophet-CORE] Fitting on gas (train=152 obs, regressors=False, cps=0.01, sps=1.0, reg_ps=n/a, seasonality=multiplicative)
2026-09-26 15:53:26 | INFO     | energy_stress.prophet | [Prophet-CORE gas] validation: MAE=9.4179, RMSE=10.8423
2026-09-26 15:53:26 | INFO     | energy_stress.prophet | [Prophet-CORE] Forecast saved → outputs_v2/tuning_rolling/2019/forecasts/gas/core/prophet/candidate_06/gas_growth_pct_forecasts_prophet_core.csv
2026-09-26 15:53:26 | INFO     | energy_stress.tuning | Tuning gas/core/Prophet candidate 7/16: {'changepoint_prior_scale': 0.01, 'seasonality_prior_scale': 10.0, 'seasonality_mode': 'additive'}
2026-09-26 15:53:26 | INFO     | energy_stress.prophet | [Prophet-CORE] Fitting on gas (train=152 obs, regressors=False, cps=0.01, sps=10.0, reg_ps=n/a, seasonality=additive)
2026-09-26 15:53:26 | INFO     | energy_stress.prophet | [Prophet-CORE gas] validation: MAE=9.3509, RMSE=11.0880
2026-09-26 15:53:26 | INFO     | energy_stress.prophet | [Prophet-CORE] Forecast saved → outputs_v2/tuning_rolling/2019/forecasts/gas/core/prophet/candidate_07/gas_growth_pct_forecasts_prophet_core.csv
2026-09-26 15:53:26 | INFO     | energy_stress.tuning | Tuning gas/core/Prophet candidate 8/16: {'changepoint_prior_scale': 0.01, 'seasonality_prior_scale': 10.0, 'seasonality_mode': 'multiplicative'}
2026-09-26 15:53:26 | INFO     | energy_stress.prophet | [Prophet-CORE] Fitting on gas (train=152 obs, regressors=False, cps=0.01, sps=10.0, reg_ps=n/a, seasonality=multiplicative)
2026-09-26 15:53:26 | INFO     | energy_stress.prophet | [Prophet-CORE gas] validation: MAE=9.4278, RMSE=10.8509
2026-09-26 15:53:26 | INFO     | energy_stress.prophet | [Prophet-CORE] Forecast saved → outputs_v2/tuning_rolling/2019/forecasts/gas/core/prophet/candidate_08/gas_growth_pct_forecasts_prophet_core.csv
2026-09-26 15:53:26 | INFO     | energy_stress.tuning | Tuning gas/core/Prophet candidate 9/16: {'changepoint_prior_scale': 0.05, 'seasonality_prior_scale': 1.0, 'seasonality_mode': 'additive'}
2026-09-26 15:53:26 | INFO     | energy_stress.prophet | [Prophet-CORE] Fitting on gas (train=152 obs, regressors=False, cps=0.05, sps=1.0, reg_ps=n/a, seasonality=additive)
2026-09-26 15:53:26 | INFO     | energy_stress.prophet | [Prophet-CORE gas] validation: MAE=7.9999, RMSE=9.4366
2026-09-26 15:53:26 | INFO     | energy_stress.prophet | [Prophet-CORE] Forecast saved → outputs_v2/tuning_rolling/2019/forecasts/gas/core/prophet/candidate_09/gas_growth_pct_forecasts_prophet_core.csv
2026-09-26 15:53:26 | INFO     | energy_stress.tuning | Tuning gas/core/Prophet candidate 10/16: {'changepoint_prior_scale': 0.05, 'seasonality_prior_scale': 1.0, 'seasonality_mode': 'multiplicative'}
2026-09-26 15:53:26 | INFO     | energy_stress.prophet | [Prophet-CORE] Fitting on gas (train=152 obs, regressors=False, cps=0.05, sps=1.0, reg_ps=n/a, seasonality=multiplicative)
2026-09-26 15:53:26 | INFO     | energy_stress.prophet | [Prophet-CORE gas] validation: MAE=7.4600, RMSE=9.0031
2026-09-26 15:53:26 | INFO     | energy_stress.prophet | [Prophet-CORE] Forecast saved → outputs_v2/tuning_rolling/2019/forecasts/gas/core/prophet/candidate_10/gas_growth_pct_forecasts_prophet_core.csv
2026-09-26 15:53:26 | INFO     | energy_stress.tuning | Tuning gas/core/Prophet candidate 11/16: {'changepoint_prior_scale': 0.05, 'seasonality_prior_scale': 10.0, 'seasonality_mode': 'additive'}
2026-09-26 15:53:26 | INFO     | energy_stress.prophet | [Prophet-CORE] Fitting on gas (train=152 obs, regressors=False, cps=0.05, sps=10.0, reg_ps=n/a, seasonality=additive)
2026-09-26 15:53:26 | INFO     | energy_stress.prophet | [Prophet-CORE gas] validation: MAE=7.9993, RMSE=9.4353
2026-09-26 15:53:26 | INFO     | energy_stress.prophet | [Prophet-CORE] Forecast saved → outputs_v2/tuning_rolling/2019/forecasts/gas/core/prophet/candidate_11/gas_growth_pct_forecasts_prophet_core.csv
2026-09-26 15:53:26 | INFO     | energy_stress.tuning | Tuning gas/core/Prophet candidate 12/16: {'changepoint_prior_scale': 0.05, 'seasonality_prior_scale': 10.0, 'seasonality_mode': 'multiplicative'}
2026-09-26 15:53:26 | INFO     | energy_stress.prophet | [Prophet-CORE] Fitting on gas (train=152 obs, regressors=False, cps=0.05, sps=10.0, reg_ps=n/a, seasonality=multiplicative)
2026-09-26 15:53:26 | INFO     | energy_stress.prophet | [Prophet-CORE gas] validation: MAE=7.4867, RMSE=9.0463
2026-09-26 15:53:27 | INFO     | energy_stress.prophet | [Prophet-CORE] Forecast saved → outputs_v2/tuning_rolling/2019/forecasts/gas/core/prophet/candidate_12/gas_growth_pct_forecasts_prophet_core.csv
2026-09-26 15:53:27 | INFO     | energy_stress.tuning | Tuning gas/core/Prophet candidate 13/16: {'changepoint_prior_scale': 0.1, 'seasonality_prior_scale': 1.0, 'seasonality_mode': 'additive'}
2026-09-26 15:53:27 | INFO     | energy_stress.prophet | [Prophet-CORE] Fitting on gas (train=152 obs, regressors=False, cps=0.1, sps=1.0, reg_ps=n/a, seasonality=additive)
2026-09-26 15:53:27 | INFO     | energy_stress.prophet | [Prophet-CORE gas] validation: MAE=7.6657, RMSE=8.9172
2026-09-26 15:53:27 | INFO     | energy_stress.prophet | [Prophet-CORE] Forecast saved → outputs_v2/tuning_rolling/2019/forecasts/gas/core/prophet/candidate_13/gas_growth_pct_forecasts_prophet_core.csv
2026-09-26 15:53:27 | INFO     | energy_stress.tuning | Tuning gas/core/Prophet candidate 14/16: {'changepoint_prior_scale': 0.1, 'seasonality_prior_scale': 1.0, 'seasonality_mode': 'multiplicative'}
2026-09-26 15:53:27 | INFO     | energy_stress.prophet | [Prophet-CORE] Fitting on gas (train=152 obs, regressors=False, cps=0.1, sps=1.0, reg_ps=n/a, seasonality=multiplicative)
2026-09-26 15:53:27 | INFO     | energy_stress.prophet | [Prophet-CORE gas] validation: MAE=7.0725, RMSE=8.3933
2026-09-26 15:53:27 | INFO     | energy_stress.prophet | [Prophet-CORE] Forecast saved → outputs_v2/tuning_rolling/2019/forecasts/gas/core/prophet/candidate_14/gas_growth_pct_forecasts_prophet_core.csv
2026-09-26 15:53:27 | INFO     | energy_stress.tuning | Tuning gas/core/Prophet candidate 15/16: {'changepoint_prior_scale': 0.1, 'seasonality_prior_scale': 10.0, 'seasonality_mode': 'additive'}
2026-09-26 15:53:27 | INFO     | energy_stress.prophet | [Prophet-CORE] Fitting on gas (train=152 obs, regressors=False, cps=0.1, sps=10.0, reg_ps=n/a, seasonality=additive)
2026-09-26 15:53:27 | INFO     | energy_stress.prophet | [Prophet-CORE gas] validation: MAE=7.6340, RMSE=8.8681
2026-09-26 15:53:27 | INFO     | energy_stress.prophet | [Prophet-CORE] Forecast saved → outputs_v2/tuning_rolling/2019/forecasts/gas/core/prophet/candidate_15/gas_growth_pct_forecasts_prophet_core.csv
2026-09-26 15:53:27 | INFO     | energy_stress.tuning | Tuning gas/core/Prophet candidate 16/16: {'changepoint_prior_scale': 0.1, 'seasonality_prior_scale': 10.0, 'seasonality_mode': 'multiplicative'}
2026-09-26 15:53:27 | INFO     | energy_stress.prophet | [Prophet-CORE] Fitting on gas (train=152 obs, regressors=False, cps=0.1, sps=10.0, reg_ps=n/a, seasonality=multiplicative)
2026-09-26 15:53:27 | INFO     | energy_stress.prophet | [Prophet-CORE gas] validation: MAE=7.0153, RMSE=8.3067
2026-09-26 15:53:27 | INFO     | energy_stress.prophet | [Prophet-CORE] Forecast saved → outputs_v2/tuning_rolling/2019/forecasts/gas/core/prophet/candidate_16/gas_growth_pct_forecasts_prophet_core.csv
2026-09-26 15:53:27 | INFO     | energy_stress.tuning | Best params for gas/core/Prophet: {'changepoint_prior_scale': 0.001, 'seasonality_prior_scale': 1.0, 'seasonality_mode': 'multiplicative'} (validation score=6.8091)
2026-09-26 15:53:27 | INFO     | energy_stress.tuning | Tuning gas/core/LSTM candidate 1/3: {'lookback': 6, 'dropout': 0.1, 'learning_rate': 0.001, 'units_1': 64, 'units_2': 32, 'macro_feature_set': 'lstm'}
2026-09-26 15:53:27 | INFO     | energy_stress.lstm | [LSTM-CORE] Training on gas | train=2006-05-01→2018-12-01 (152 obs), test=2019-01-01→2019-12-01 (12 obs), use_macro=False, lookback=6, dropout=0.1, lr=0.001, units=(64,32), macro_feature_set=lstm
2026-09-26 15:53:34 | INFO     | energy_stress.lstm | [LSTM-CORE gas] validation: MAE=4.6956, RMSE=5.8747
2026-09-26 15:53:36 | INFO     | energy_stress.lstm | [LSTM-CORE] Forecast saved → outputs_v2/tuning_rolling/2019/forecasts/gas/core/lstm/candidate_01/gas_growth_pct_forecasts_lstm_core.csv
2026-09-26 15:53:36 | INFO     | energy_stress.tuning | Tuning gas/core/LSTM candidate 2/3: {'lookback': 12, 'dropout': 0.2, 'learning_rate': 0.001, 'units_1': 128, 'units_2': 64, 'macro_feature_set': 'lstm'}
2026-09-26 15:53:37 | INFO     | energy_stress.lstm | [LSTM-CORE] Training on gas | train=2006-05-01→2018-12-01 (152 obs), test=2019-01-01→2019-12-01 (12 obs), use_macro=False, lookback=12, dropout=0.2, lr=0.001, units=(128,64), macro_feature_set=lstm
2026-09-26 15:53:42 | INFO     | energy_stress.lstm | [LSTM-CORE gas] validation: MAE=6.6229, RMSE=7.8035
2026-09-26 15:53:46 | INFO     | energy_stress.lstm | [LSTM-CORE] Forecast saved → outputs_v2/tuning_rolling/2019/forecasts/gas/core/lstm/candidate_02/gas_growth_pct_forecasts_lstm_core.csv
2026-09-26 15:53:46 | INFO     | energy_stress.tuning | Tuning gas/core/LSTM candidate 3/3: {'lookback': 18, 'dropout': 0.25, 'learning_rate': 0.0005, 'units_1': 128, 'units_2': 64, 'macro_feature_set': 'lstm'}
2026-09-26 15:53:46 | INFO     | energy_stress.lstm | [LSTM-CORE] Training on gas | train=2006-05-01→2018-12-01 (152 obs), test=2019-01-01→2019-12-01 (12 obs), use_macro=False, lookback=18, dropout=0.25, lr=0.0005, units=(128,64), macro_feature_set=lstm
2026-09-26 15:53:52 | INFO     | energy_stress.lstm | [LSTM-CORE gas] validation: MAE=6.0572, RMSE=7.1999
2026-09-26 15:53:57 | INFO     | energy_stress.lstm | [LSTM-CORE] Forecast saved → outputs_v2/tuning_rolling/2019/forecasts/gas/core/lstm/candidate_03/gas_growth_pct_forecasts_lstm_core.csv
2026-09-26 15:53:57 | INFO     | energy_stress.tuning | Best params for gas/core/LSTM: {'lookback': 6, 'dropout': 0.1, 'learning_rate': 0.001, 'units_1': 64, 'units_2': 32, 'macro_feature_set': 'lstm'} (validation score=4.6956)
2026-09-26 15:53:57 | INFO     | energy_stress.tuning | Tuning gas/core/TFT candidate 1/3: {'lookback': 6, 'hidden': 32, 'n_heads': 4, 'learning_rate': 0.001}
2026-09-26 15:53:57 | INFO     | energy_stress.tft | [TFT/pytorch-forecasting] Fitting gas (core)
2026-09-26 15:54:36 | INFO     | energy_stress.tft | [TFT gas] validation: MAE=11.9651, RMSE=12.5685
2026-09-26 15:55:19 | INFO     | energy_stress.tft | [TFT] Forecast saved → outputs_v2/tuning_rolling/2019/forecasts/gas/core/tft/candidate_01/gas_growth_pct_forecasts_tft_core.csv
2026-09-26 15:55:19 | INFO     | energy_stress.tuning | Tuning gas/core/TFT candidate 2/3: {'lookback': 12, 'hidden': 64, 'n_heads': 4, 'learning_rate': 0.0005}
2026-09-26 15:55:19 | INFO     | energy_stress.tft | [TFT/pytorch-forecasting] Fitting gas (core)
2026-09-26 15:56:03 | INFO     | energy_stress.tft | [TFT gas] validation: MAE=6.0131, RMSE=7.8349
2026-09-26 15:56:46 | INFO     | energy_stress.tft | [TFT] Forecast saved → outputs_v2/tuning_rolling/2019/forecasts/gas/core/tft/candidate_02/gas_growth_pct_forecasts_tft_core.csv
2026-09-26 15:56:46 | INFO     | energy_stress.tuning | Tuning gas/core/TFT candidate 3/3: {'lookback': 18, 'hidden': 64, 'n_heads': 4, 'learning_rate': 0.0005}
2026-09-26 15:56:46 | INFO     | energy_stress.tft | [TFT/pytorch-forecasting] Fitting gas (core)
2026-09-26 15:57:30 | INFO     | energy_stress.tft | [TFT gas] validation: MAE=5.9232, RMSE=7.7199
2026-09-26 15:58:13 | INFO     | energy_stress.tft | [TFT] Forecast saved → outputs_v2/tuning_rolling/2019/forecasts/gas/core/tft/candidate_03/gas_growth_pct_forecasts_tft_core.csv
2026-09-26 15:58:13 | INFO     | energy_stress.tuning | Best params for gas/core/TFT: {'lookback': 18, 'hidden': 64, 'n_heads': 4, 'learning_rate': 0.0005} (validation score=5.9232)
2026-09-26 15:58:13 | INFO     | energy_stress.tuning | Tuning electricity/core/SARIMA candidate 1/1: {}
2026-09-26 15:58:13 | INFO     | energy_stress.sarima | [SARIMA-CORE] Fitting on electricity (train=152 obs)
2026-09-26 15:58:39 | INFO     | energy_stress.sarima | SARIMA best order: (3, 0, 0) × (2, 1, 1, 12)
2026-09-26 15:58:39 | INFO     | energy_stress.sarima | [SARIMA-CORE electricity] validation: MAE=3.3352, RMSE=3.8074, MAPE=73.04%
2026-09-26 15:58:40 | INFO     | energy_stress.sarima | [SARIMA-CORE] Forecast saved → outputs_v2/tuning_rolling/2019/forecasts/electricity/core/sarima/candidate_01/electricity_growth_pct_forecasts_sarima_core.csv
2026-09-26 15:58:40 | INFO     | energy_stress.tuning | Tuning electricity/core/Prophet candidate 1/8: {'changepoint_prior_scale': 0.001, 'seasonality_prior_scale': 1.0, 'seasonality_mode': 'additive'}
2026-09-26 15:58:40 | INFO     | energy_stress.prophet | [Prophet-CORE] Fitting on electricity (train=152 obs, regressors=False, cps=0.001, sps=1.0, reg_ps=n/a, seasonality=additive)
2026-09-26 15:58:40 | INFO     | energy_stress.prophet | [Prophet-CORE electricity] validation: MAE=6.1491, RMSE=7.6161
2026-09-26 15:58:40 | INFO     | energy_stress.prophet | [Prophet-CORE] Forecast saved → outputs_v2/tuning_rolling/2019/forecasts/electricity/core/prophet/candidate_01/electricity_growth_pct_forecasts_prophet_core.csv
2026-09-26 15:58:40 | INFO     | energy_stress.tuning | Tuning electricity/core/Prophet candidate 2/8: {'changepoint_prior_scale': 0.001, 'seasonality_prior_scale': 10.0, 'seasonality_mode': 'additive'}
2026-09-26 15:58:40 | INFO     | energy_stress.prophet | [Prophet-CORE] Fitting on electricity (train=152 obs, regressors=False, cps=0.001, sps=10.0, reg_ps=n/a, seasonality=additive)
2026-09-26 15:58:41 | INFO     | energy_stress.prophet | [Prophet-CORE electricity] validation: MAE=6.0434, RMSE=7.5974
2026-09-26 15:58:41 | INFO     | energy_stress.prophet | [Prophet-CORE] Forecast saved → outputs_v2/tuning_rolling/2019/forecasts/electricity/core/prophet/candidate_02/electricity_growth_pct_forecasts_prophet_core.csv
2026-09-26 15:58:41 | INFO     | energy_stress.tuning | Tuning electricity/core/Prophet candidate 3/8: {'changepoint_prior_scale': 0.01, 'seasonality_prior_scale': 1.0, 'seasonality_mode': 'additive'}
2026-09-26 15:58:41 | INFO     | energy_stress.prophet | [Prophet-CORE] Fitting on electricity (train=152 obs, regressors=False, cps=0.01, sps=1.0, reg_ps=n/a, seasonality=additive)
2026-09-26 15:58:41 | INFO     | energy_stress.prophet | [Prophet-CORE electricity] validation: MAE=9.5034, RMSE=10.4443
2026-09-26 15:58:41 | INFO     | energy_stress.prophet | [Prophet-CORE] Forecast saved → outputs_v2/tuning_rolling/2019/forecasts/electricity/core/prophet/candidate_03/electricity_growth_pct_forecasts_prophet_core.csv
2026-09-26 15:58:41 | INFO     | energy_stress.tuning | Tuning electricity/core/Prophet candidate 4/8: {'changepoint_prior_scale': 0.01, 'seasonality_prior_scale': 10.0, 'seasonality_mode': 'additive'}
2026-09-26 15:58:41 | INFO     | energy_stress.prophet | [Prophet-CORE] Fitting on electricity (train=152 obs, regressors=False, cps=0.01, sps=10.0, reg_ps=n/a, seasonality=additive)
2026-09-26 15:58:41 | INFO     | energy_stress.prophet | [Prophet-CORE electricity] validation: MAE=9.5336, RMSE=10.4720
2026-09-26 15:58:41 | INFO     | energy_stress.prophet | [Prophet-CORE] Forecast saved → outputs_v2/tuning_rolling/2019/forecasts/electricity/core/prophet/candidate_04/electricity_growth_pct_forecasts_prophet_core.csv
2026-09-26 15:58:41 | INFO     | energy_stress.tuning | Tuning electricity/core/Prophet candidate 5/8: {'changepoint_prior_scale': 0.05, 'seasonality_prior_scale': 1.0, 'seasonality_mode': 'additive'}
2026-09-26 15:58:41 | INFO     | energy_stress.prophet | [Prophet-CORE] Fitting on electricity (train=152 obs, regressors=False, cps=0.05, sps=1.0, reg_ps=n/a, seasonality=additive)
2026-09-26 15:58:41 | INFO     | energy_stress.prophet | [Prophet-CORE electricity] validation: MAE=6.6481, RMSE=7.9464
2026-09-26 15:58:41 | INFO     | energy_stress.prophet | [Prophet-CORE] Forecast saved → outputs_v2/tuning_rolling/2019/forecasts/electricity/core/prophet/candidate_05/electricity_growth_pct_forecasts_prophet_core.csv
2026-09-26 15:58:41 | INFO     | energy_stress.tuning | Tuning electricity/core/Prophet candidate 6/8: {'changepoint_prior_scale': 0.05, 'seasonality_prior_scale': 10.0, 'seasonality_mode': 'additive'}
2026-09-26 15:58:41 | INFO     | energy_stress.prophet | [Prophet-CORE] Fitting on electricity (train=152 obs, regressors=False, cps=0.05, sps=10.0, reg_ps=n/a, seasonality=additive)
2026-09-26 15:58:41 | INFO     | energy_stress.prophet | [Prophet-CORE electricity] validation: MAE=6.7002, RMSE=7.9896
2026-09-26 15:58:42 | INFO     | energy_stress.prophet | [Prophet-CORE] Forecast saved → outputs_v2/tuning_rolling/2019/forecasts/electricity/core/prophet/candidate_06/electricity_growth_pct_forecasts_prophet_core.csv
2026-09-26 15:58:42 | INFO     | energy_stress.tuning | Tuning electricity/core/Prophet candidate 7/8: {'changepoint_prior_scale': 0.1, 'seasonality_prior_scale': 1.0, 'seasonality_mode': 'additive'}
2026-09-26 15:58:42 | INFO     | energy_stress.prophet | [Prophet-CORE] Fitting on electricity (train=152 obs, regressors=False, cps=0.1, sps=1.0, reg_ps=n/a, seasonality=additive)
2026-09-26 15:58:42 | INFO     | energy_stress.prophet | [Prophet-CORE electricity] validation: MAE=4.1550, RMSE=5.8762
2026-09-26 15:58:42 | INFO     | energy_stress.prophet | [Prophet-CORE] Forecast saved → outputs_v2/tuning_rolling/2019/forecasts/electricity/core/prophet/candidate_07/electricity_growth_pct_forecasts_prophet_core.csv
2026-09-26 15:58:42 | INFO     | energy_stress.tuning | Tuning electricity/core/Prophet candidate 8/8: {'changepoint_prior_scale': 0.1, 'seasonality_prior_scale': 10.0, 'seasonality_mode': 'additive'}
2026-09-26 15:58:42 | INFO     | energy_stress.prophet | [Prophet-CORE] Fitting on electricity (train=152 obs, regressors=False, cps=0.1, sps=10.0, reg_ps=n/a, seasonality=additive)
2026-09-26 15:58:42 | INFO     | energy_stress.prophet | [Prophet-CORE electricity] validation: MAE=4.1164, RMSE=5.7936
2026-09-26 15:58:42 | INFO     | energy_stress.prophet | [Prophet-CORE] Forecast saved → outputs_v2/tuning_rolling/2019/forecasts/electricity/core/prophet/candidate_08/electricity_growth_pct_forecasts_prophet_core.csv
2026-09-26 15:58:42 | INFO     | energy_stress.tuning | Best params for electricity/core/Prophet: {'changepoint_prior_scale': 0.1, 'seasonality_prior_scale': 10.0, 'seasonality_mode': 'additive'} (validation score=4.1164)
2026-09-26 15:58:42 | INFO     | energy_stress.tuning | Tuning electricity/core/LSTM candidate 1/3: {'lookback': 6, 'dropout': 0.1, 'learning_rate': 0.001, 'units_1': 64, 'units_2': 32, 'macro_feature_set': 'lstm'}
2026-09-26 15:58:42 | INFO     | energy_stress.lstm | [LSTM-CORE] Training on electricity | train=2006-05-01→2018-12-01 (152 obs), test=2019-01-01→2019-12-01 (12 obs), use_macro=False, lookback=6, dropout=0.1, lr=0.001, units=(64,32), macro_feature_set=lstm
2026-09-26 15:58:43 | INFO     | energy_stress.lstm | [LSTM-CORE electricity] validation: MAE=3.8677, RMSE=4.2031
2026-09-26 15:58:46 | INFO     | energy_stress.lstm | [LSTM-CORE] Forecast saved → outputs_v2/tuning_rolling/2019/forecasts/electricity/core/lstm/candidate_01/electricity_growth_pct_forecasts_lstm_core.csv
2026-09-26 15:58:46 | INFO     | energy_stress.tuning | Tuning electricity/core/LSTM candidate 2/3: {'lookback': 12, 'dropout': 0.2, 'learning_rate': 0.001, 'units_1': 128, 'units_2': 64, 'macro_feature_set': 'lstm'}
2026-09-26 15:58:46 | INFO     | energy_stress.lstm | [LSTM-CORE] Training on electricity | train=2006-05-01→2018-12-01 (152 obs), test=2019-01-01→2019-12-01 (12 obs), use_macro=False, lookback=12, dropout=0.2, lr=0.001, units=(128,64), macro_feature_set=lstm
2026-09-26 15:58:48 | INFO     | energy_stress.lstm | [LSTM-CORE electricity] validation: MAE=3.8609, RMSE=4.2341
2026-09-26 15:58:53 | INFO     | energy_stress.lstm | [LSTM-CORE] Forecast saved → outputs_v2/tuning_rolling/2019/forecasts/electricity/core/lstm/candidate_02/electricity_growth_pct_forecasts_lstm_core.csv
2026-09-26 15:58:53 | INFO     | energy_stress.tuning | Tuning electricity/core/LSTM candidate 3/3: {'lookback': 18, 'dropout': 0.25, 'learning_rate': 0.0005, 'units_1': 128, 'units_2': 64, 'macro_feature_set': 'lstm'}
2026-09-26 15:58:53 | INFO     | energy_stress.lstm | [LSTM-CORE] Training on electricity | train=2006-05-01→2018-12-01 (152 obs), test=2019-01-01→2019-12-01 (12 obs), use_macro=False, lookback=18, dropout=0.25, lr=0.0005, units=(128,64), macro_feature_set=lstm
2026-09-26 15:58:56 | INFO     | energy_stress.lstm | [LSTM-CORE electricity] validation: MAE=3.8376, RMSE=4.2538
2026-09-26 15:59:02 | INFO     | energy_stress.lstm | [LSTM-CORE] Forecast saved → outputs_v2/tuning_rolling/2019/forecasts/electricity/core/lstm/candidate_03/electricity_growth_pct_forecasts_lstm_core.csv
2026-09-26 15:59:02 | INFO     | energy_stress.tuning | Best params for electricity/core/LSTM: {'lookback': 18, 'dropout': 0.25, 'learning_rate': 0.0005, 'units_1': 128, 'units_2': 64, 'macro_feature_set': 'lstm'} (validation score=3.8376)
2026-09-26 15:59:02 | INFO     | energy_stress.tuning | Tuning electricity/core/TFT candidate 1/3: {'lookback': 6, 'hidden': 32, 'n_heads': 4, 'learning_rate': 0.001}
2026-09-26 15:59:02 | INFO     | energy_stress.tft | [TFT/pytorch-forecasting] Fitting electricity (core)
2026-09-26 15:59:44 | INFO     | energy_stress.tft | [TFT electricity] validation: MAE=4.3621, RMSE=4.7436
2026-09-26 16:00:27 | INFO     | energy_stress.tft | [TFT] Forecast saved → outputs_v2/tuning_rolling/2019/forecasts/electricity/core/tft/candidate_01/electricity_growth_pct_forecasts_tft_core.csv
2026-09-26 16:00:27 | INFO     | energy_stress.tuning | Tuning electricity/core/TFT candidate 2/3: {'lookback': 12, 'hidden': 64, 'n_heads': 4, 'learning_rate': 0.0005}
2026-09-26 16:00:27 | INFO     | energy_stress.tft | [TFT/pytorch-forecasting] Fitting electricity (core)
2026-09-26 16:01:09 | INFO     | energy_stress.tft | [TFT electricity] validation: MAE=4.2599, RMSE=5.3186
2026-09-26 16:01:52 | INFO     | energy_stress.tft | [TFT] Forecast saved → outputs_v2/tuning_rolling/2019/forecasts/electricity/core/tft/candidate_02/electricity_growth_pct_forecasts_tft_core.csv
2026-09-26 16:01:52 | INFO     | energy_stress.tuning | Tuning electricity/core/TFT candidate 3/3: {'lookback': 18, 'hidden': 64, 'n_heads': 4, 'learning_rate': 0.0005}
2026-09-26 16:01:52 | INFO     | energy_stress.tft | [TFT/pytorch-forecasting] Fitting electricity (core)
2026-09-26 16:02:35 | INFO     | energy_stress.tft | [TFT electricity] validation: MAE=4.9921, RMSE=5.9660
2026-09-26 16:03:18 | INFO     | energy_stress.tft | [TFT] Forecast saved → outputs_v2/tuning_rolling/2019/forecasts/electricity/core/tft/candidate_03/electricity_growth_pct_forecasts_tft_core.csv
2026-09-26 16:03:18 | INFO     | energy_stress.tuning | Best params for electricity/core/TFT: {'lookback': 12, 'hidden': 64, 'n_heads': 4, 'learning_rate': 0.0005} (validation score=4.2599)
2026-09-26 16:03:18 | INFO     | energy_stress.tuning | Tuning carbon/core/SARIMA candidate 1/1: {}
2026-09-26 16:03:18 | INFO     | energy_stress.sarima | [SARIMA-CORE] Fitting on carbon (train=152 obs)
2026-09-26 16:03:29 | INFO     | energy_stress.sarima | SARIMA best order: (1, 0, 0) × (2, 1, 0, 12)
2026-09-26 16:03:29 | INFO     | energy_stress.sarima | [SARIMA-CORE carbon] validation: MAE=51.2033, RMSE=54.8300, MAPE=376.80%
2026-09-26 16:03:29 | INFO     | energy_stress.sarima | [SARIMA-CORE] Forecast saved → outputs_v2/tuning_rolling/2019/forecasts/carbon/core/sarima/candidate_01/carbon_growth_pct_forecasts_sarima_core.csv
2026-09-26 16:03:29 | INFO     | energy_stress.tuning | Tuning carbon/core/Prophet candidate 1/8: {'changepoint_prior_scale': 0.001, 'seasonality_prior_scale': 1.0, 'seasonality_mode': 'additive'}
2026-09-26 16:03:29 | INFO     | energy_stress.prophet | [Prophet-CORE] Fitting on carbon (train=152 obs, regressors=False, cps=0.001, sps=1.0, reg_ps=n/a, seasonality=additive)
2026-09-26 16:03:29 | INFO     | energy_stress.prophet | [Prophet-CORE carbon] validation: MAE=25.3788, RMSE=31.8714
2026-09-26 16:03:30 | INFO     | energy_stress.prophet | [Prophet-CORE] Forecast saved → outputs_v2/tuning_rolling/2019/forecasts/carbon/core/prophet/candidate_01/carbon_growth_pct_forecasts_prophet_core.csv
2026-09-26 16:03:30 | INFO     | energy_stress.tuning | Tuning carbon/core/Prophet candidate 2/8: {'changepoint_prior_scale': 0.001, 'seasonality_prior_scale': 10.0, 'seasonality_mode': 'additive'}
2026-09-26 16:03:30 | INFO     | energy_stress.prophet | [Prophet-CORE] Fitting on carbon (train=152 obs, regressors=False, cps=0.001, sps=10.0, reg_ps=n/a, seasonality=additive)
2026-09-26 16:03:30 | INFO     | energy_stress.prophet | [Prophet-CORE carbon] validation: MAE=27.6941, RMSE=35.7081
2026-09-26 16:03:30 | INFO     | energy_stress.prophet | [Prophet-CORE] Forecast saved → outputs_v2/tuning_rolling/2019/forecasts/carbon/core/prophet/candidate_02/carbon_growth_pct_forecasts_prophet_core.csv
2026-09-26 16:03:30 | INFO     | energy_stress.tuning | Tuning carbon/core/Prophet candidate 3/8: {'changepoint_prior_scale': 0.01, 'seasonality_prior_scale': 1.0, 'seasonality_mode': 'additive'}
2026-09-26 16:03:30 | INFO     | energy_stress.prophet | [Prophet-CORE] Fitting on carbon (train=152 obs, regressors=False, cps=0.01, sps=1.0, reg_ps=n/a, seasonality=additive)
2026-09-26 16:03:30 | INFO     | energy_stress.prophet | [Prophet-CORE carbon] validation: MAE=25.3837, RMSE=31.9656
2026-09-26 16:03:30 | INFO     | energy_stress.prophet | [Prophet-CORE] Forecast saved → outputs_v2/tuning_rolling/2019/forecasts/carbon/core/prophet/candidate_03/carbon_growth_pct_forecasts_prophet_core.csv
2026-09-26 16:03:30 | INFO     | energy_stress.tuning | Tuning carbon/core/Prophet candidate 4/8: {'changepoint_prior_scale': 0.01, 'seasonality_prior_scale': 10.0, 'seasonality_mode': 'additive'}
2026-09-26 16:03:30 | INFO     | energy_stress.prophet | [Prophet-CORE] Fitting on carbon (train=152 obs, regressors=False, cps=0.01, sps=10.0, reg_ps=n/a, seasonality=additive)
2026-09-26 16:03:31 | INFO     | energy_stress.prophet | [Prophet-CORE carbon] validation: MAE=27.6615, RMSE=35.6657
2026-09-26 16:03:31 | INFO     | energy_stress.prophet | [Prophet-CORE] Forecast saved → outputs_v2/tuning_rolling/2019/forecasts/carbon/core/prophet/candidate_04/carbon_growth_pct_forecasts_prophet_core.csv
2026-09-26 16:03:31 | INFO     | energy_stress.tuning | Tuning carbon/core/Prophet candidate 5/8: {'changepoint_prior_scale': 0.05, 'seasonality_prior_scale': 1.0, 'seasonality_mode': 'additive'}
2026-09-26 16:03:31 | INFO     | energy_stress.prophet | [Prophet-CORE] Fitting on carbon (train=152 obs, regressors=False, cps=0.05, sps=1.0, reg_ps=n/a, seasonality=additive)
2026-09-26 16:03:31 | INFO     | energy_stress.prophet | [Prophet-CORE carbon] validation: MAE=26.7471, RMSE=33.4501
2026-09-26 16:03:31 | INFO     | energy_stress.prophet | [Prophet-CORE] Forecast saved → outputs_v2/tuning_rolling/2019/forecasts/carbon/core/prophet/candidate_05/carbon_growth_pct_forecasts_prophet_core.csv
2026-09-26 16:03:31 | INFO     | energy_stress.tuning | Tuning carbon/core/Prophet candidate 6/8: {'changepoint_prior_scale': 0.05, 'seasonality_prior_scale': 10.0, 'seasonality_mode': 'additive'}
2026-09-26 16:03:31 | INFO     | energy_stress.prophet | [Prophet-CORE] Fitting on carbon (train=152 obs, regressors=False, cps=0.05, sps=10.0, reg_ps=n/a, seasonality=additive)
2026-09-26 16:03:31 | INFO     | energy_stress.prophet | [Prophet-CORE carbon] validation: MAE=26.5143, RMSE=33.1727
2026-09-26 16:03:31 | INFO     | energy_stress.prophet | [Prophet-CORE] Forecast saved → outputs_v2/tuning_rolling/2019/forecasts/carbon/core/prophet/candidate_06/carbon_growth_pct_forecasts_prophet_core.csv
2026-09-26 16:03:31 | INFO     | energy_stress.tuning | Tuning carbon/core/Prophet candidate 7/8: {'changepoint_prior_scale': 0.1, 'seasonality_prior_scale': 1.0, 'seasonality_mode': 'additive'}
2026-09-26 16:03:31 | INFO     | energy_stress.prophet | [Prophet-CORE] Fitting on carbon (train=152 obs, regressors=False, cps=0.1, sps=1.0, reg_ps=n/a, seasonality=additive)
2026-09-26 16:03:31 | INFO     | energy_stress.prophet | [Prophet-CORE carbon] validation: MAE=26.3311, RMSE=32.9882
2026-09-26 16:03:31 | INFO     | energy_stress.prophet | [Prophet-CORE] Forecast saved → outputs_v2/tuning_rolling/2019/forecasts/carbon/core/prophet/candidate_07/carbon_growth_pct_forecasts_prophet_core.csv
2026-09-26 16:03:31 | INFO     | energy_stress.tuning | Tuning carbon/core/Prophet candidate 8/8: {'changepoint_prior_scale': 0.1, 'seasonality_prior_scale': 10.0, 'seasonality_mode': 'additive'}
2026-09-26 16:03:31 | INFO     | energy_stress.prophet | [Prophet-CORE] Fitting on carbon (train=152 obs, regressors=False, cps=0.1, sps=10.0, reg_ps=n/a, seasonality=additive)
2026-09-26 16:03:31 | INFO     | energy_stress.prophet | [Prophet-CORE carbon] validation: MAE=25.7947, RMSE=32.1324
2026-09-26 16:03:31 | INFO     | energy_stress.prophet | [Prophet-CORE] Forecast saved → outputs_v2/tuning_rolling/2019/forecasts/carbon/core/prophet/candidate_08/carbon_growth_pct_forecasts_prophet_core.csv
2026-09-26 16:03:31 | INFO     | energy_stress.tuning | Best params for carbon/core/Prophet: {'changepoint_prior_scale': 0.001, 'seasonality_prior_scale': 1.0, 'seasonality_mode': 'additive'} (validation score=25.3788)
2026-09-26 16:03:31 | INFO     | energy_stress.tuning | Tuning carbon/core/LSTM candidate 1/3: {'lookback': 6, 'dropout': 0.1, 'learning_rate': 0.001, 'units_1': 64, 'units_2': 32, 'macro_feature_set': 'lstm'}
2026-09-26 16:03:31 | INFO     | energy_stress.lstm | [LSTM-CORE] Training on carbon | train=2006-05-01→2018-12-01 (152 obs), test=2019-01-01→2019-12-01 (12 obs), use_macro=False, lookback=6, dropout=0.1, lr=0.001, units=(64,32), macro_feature_set=lstm
2026-09-26 16:03:35 | INFO     | energy_stress.lstm | [LSTM-CORE carbon] validation: MAE=17.7241, RMSE=19.7432
2026-09-26 16:03:38 | INFO     | energy_stress.lstm | [LSTM-CORE] Forecast saved → outputs_v2/tuning_rolling/2019/forecasts/carbon/core/lstm/candidate_01/carbon_growth_pct_forecasts_lstm_core.csv
2026-09-26 16:03:38 | INFO     | energy_stress.tuning | Tuning carbon/core/LSTM candidate 2/3: {'lookback': 12, 'dropout': 0.2, 'learning_rate': 0.001, 'units_1': 128, 'units_2': 64, 'macro_feature_set': 'lstm'}
2026-09-26 16:03:38 | INFO     | energy_stress.lstm | [LSTM-CORE] Training on carbon | train=2006-05-01→2018-12-01 (152 obs), test=2019-01-01→2019-12-01 (12 obs), use_macro=False, lookback=12, dropout=0.2, lr=0.001, units=(128,64), macro_feature_set=lstm
2026-09-26 16:03:41 | INFO     | energy_stress.lstm | [LSTM-CORE carbon] validation: MAE=48.9089, RMSE=51.4670
2026-09-26 16:03:46 | INFO     | energy_stress.lstm | [LSTM-CORE] Forecast saved → outputs_v2/tuning_rolling/2019/forecasts/carbon/core/lstm/candidate_02/carbon_growth_pct_forecasts_lstm_core.csv
2026-09-26 16:03:46 | INFO     | energy_stress.tuning | Tuning carbon/core/LSTM candidate 3/3: {'lookback': 18, 'dropout': 0.25, 'learning_rate': 0.0005, 'units_1': 128, 'units_2': 64, 'macro_feature_set': 'lstm'}
2026-09-26 16:03:46 | INFO     | energy_stress.lstm | [LSTM-CORE] Training on carbon | train=2006-05-01→2018-12-01 (152 obs), test=2019-01-01→2019-12-01 (12 obs), use_macro=False, lookback=18, dropout=0.25, lr=0.0005, units=(128,64), macro_feature_set=lstm
2026-09-26 16:03:50 | INFO     | energy_stress.lstm | [LSTM-CORE carbon] validation: MAE=31.6856, RMSE=36.7119
2026-09-26 16:03:56 | INFO     | energy_stress.lstm | [LSTM-CORE] Forecast saved → outputs_v2/tuning_rolling/2019/forecasts/carbon/core/lstm/candidate_03/carbon_growth_pct_forecasts_lstm_core.csv
2026-09-26 16:03:56 | INFO     | energy_stress.tuning | Best params for carbon/core/LSTM: {'lookback': 6, 'dropout': 0.1, 'learning_rate': 0.001, 'units_1': 64, 'units_2': 32, 'macro_feature_set': 'lstm'} (validation score=17.7241)
2026-09-26 16:03:56 | INFO     | energy_stress.tuning | Tuning carbon/core/TFT candidate 1/3: {'lookback': 6, 'hidden': 32, 'n_heads': 4, 'learning_rate': 0.001}
2026-09-26 16:03:56 | INFO     | energy_stress.tft | [TFT/pytorch-forecasting] Fitting carbon (core)
2026-09-26 16:04:38 | INFO     | energy_stress.tft | [TFT carbon] validation: MAE=99.3321, RMSE=101.1630
2026-09-26 16:05:20 | INFO     | energy_stress.tft | [TFT] Forecast saved → outputs_v2/tuning_rolling/2019/forecasts/carbon/core/tft/candidate_01/carbon_growth_pct_forecasts_tft_core.csv
2026-09-26 16:05:20 | INFO     | energy_stress.tuning | Tuning carbon/core/TFT candidate 2/3: {'lookback': 12, 'hidden': 64, 'n_heads': 4, 'learning_rate': 0.0005}
2026-09-26 16:05:20 | INFO     | energy_stress.tft | [TFT/pytorch-forecasting] Fitting carbon (core)
2026-09-26 16:06:00 | INFO     | energy_stress.tft | [TFT carbon] validation: MAE=64.1894, RMSE=71.9042
2026-09-26 16:06:40 | INFO     | energy_stress.tft | [TFT] Forecast saved → outputs_v2/tuning_rolling/2019/forecasts/carbon/core/tft/candidate_02/carbon_growth_pct_forecasts_tft_core.csv
2026-09-26 16:06:40 | INFO     | energy_stress.tuning | Tuning carbon/core/TFT candidate 3/3: {'lookback': 18, 'hidden': 64, 'n_heads': 4, 'learning_rate': 0.0005}
2026-09-26 16:06:40 | INFO     | energy_stress.tft | [TFT/pytorch-forecasting] Fitting carbon (core)
2026-09-26 16:07:20 | INFO     | energy_stress.tft | [TFT carbon] validation: MAE=62.9479, RMSE=70.6139
2026-09-26 16:07:59 | INFO     | energy_stress.tft | [TFT] Forecast saved → outputs_v2/tuning_rolling/2019/forecasts/carbon/core/tft/candidate_03/carbon_growth_pct_forecasts_tft_core.csv
2026-09-26 16:07:59 | INFO     | energy_stress.tuning | Best params for carbon/core/TFT: {'lookback': 18, 'hidden': 64, 'n_heads': 4, 'learning_rate': 0.0005} (validation score=62.9479)
2026-09-26 16:07:59 | INFO     | energy_stress.tuning | Tuning results saved → outputs_v2/tuning_rolling/2019/model_tuning_results.csv
2026-09-26 16:07:59 | INFO     | energy_stress.forecast_pipeline | 
──────────────────────────────────────────────────
Series: GAS
──────────────────────────────────────────────────
2026-09-26 16:07:59 | INFO     | energy_stress.forecast_pipeline | [gas] train=152, test=12, full=164 (through 2019-12-01), actual_target=12 non-null (2020-01-01..2020-12-01)
2026-09-26 16:07:59 | INFO     | energy_stress.sarima | [SARIMA-CORE] Fitting on gas (train=152 obs)
2026-09-26 16:08:11 | INFO     | energy_stress.sarima | SARIMA best order: (2, 0, 0) × (2, 1, 1, 12)
2026-09-26 16:08:11 | INFO     | energy_stress.sarima | [SARIMA-CORE gas] validation: MAE=7.1637, RMSE=9.0518, MAPE=198.60%
2026-09-26 16:08:12 | INFO     | energy_stress.sarima | [SARIMA-CORE] Forecast saved → outputs_v2/forecasts_rolling/2019/gas_growth_pct_forecasts_sarima_core.csv
2026-09-26 16:08:12 | INFO     | energy_stress.prophet | [Prophet-CORE] Fitting on gas (train=152 obs, regressors=False, cps=0.001, sps=1.0, reg_ps=n/a, seasonality=multiplicative)
2026-09-26 16:08:12 | INFO     | energy_stress.prophet | [Prophet-CORE gas] validation: MAE=6.8091, RMSE=8.0705
2026-09-26 16:08:12 | INFO     | energy_stress.prophet | [Prophet-CORE] Forecast saved → outputs_v2/forecasts_rolling/2019/gas_growth_pct_forecasts_prophet_core.csv
2026-09-26 16:08:12 | INFO     | energy_stress.lstm | [LSTM-CORE] Training on gas | train=2006-05-01→2018-12-01 (152 obs), test=2019-01-01→2019-12-01 (12 obs), use_macro=False, lookback=6, dropout=0.1, lr=0.001, units=(64,32), macro_feature_set=lstm
2026-09-26 16:08:18 | INFO     | energy_stress.lstm | [LSTM-CORE gas] validation: MAE=4.6897, RMSE=5.8902
2026-09-26 16:08:28 | INFO     | energy_stress.lstm | [LSTM-CORE] Forecast saved → outputs_v2/forecasts_rolling/2019/gas_growth_pct_forecasts_lstm_core.csv
2026-09-26 16:08:28 | INFO     | energy_stress.lstm | [LSTM-CORE] Model saved → outputs_v2/models
2026-09-26 16:08:28 | INFO     | energy_stress.tft | [TFT/pytorch-forecasting] Fitting gas (core)
2026-09-26 16:09:34 | INFO     | energy_stress.tft | [TFT gas] validation: MAE=6.1986, RMSE=7.8399
2026-09-26 16:10:40 | INFO     | energy_stress.tft | [TFT] Forecast saved → outputs_v2/forecasts_rolling/2019/gas_growth_pct_forecasts_tft_core.csv
2026-09-26 16:10:40 | INFO     | energy_stress.forecast_pipeline | 
──────────────────────────────────────────────────
Series: ELECTRICITY
──────────────────────────────────────────────────
2026-09-26 16:10:40 | INFO     | energy_stress.forecast_pipeline | [electricity] train=152, test=12, full=164 (through 2019-12-01), actual_target=12 non-null (2020-01-01..2020-12-01)
2026-09-26 16:10:40 | INFO     | energy_stress.sarima | [SARIMA-CORE] Fitting on electricity (train=152 obs)
2026-09-26 16:11:05 | INFO     | energy_stress.sarima | SARIMA best order: (3, 0, 0) × (2, 1, 1, 12)
2026-09-26 16:11:05 | INFO     | energy_stress.sarima | [SARIMA-CORE electricity] validation: MAE=3.3352, RMSE=3.8074, MAPE=73.04%
2026-09-26 16:11:06 | INFO     | energy_stress.sarima | [SARIMA-CORE] Forecast saved → outputs_v2/forecasts_rolling/2019/electricity_growth_pct_forecasts_sarima_core.csv
2026-09-26 16:11:06 | INFO     | energy_stress.prophet | [Prophet-CORE] Fitting on electricity (train=152 obs, regressors=False, cps=0.1, sps=10.0, reg_ps=n/a, seasonality=additive)
2026-09-26 16:11:06 | INFO     | energy_stress.prophet | [Prophet-CORE electricity] validation: MAE=4.1164, RMSE=5.7936
2026-09-26 16:11:06 | INFO     | energy_stress.prophet | [Prophet-CORE] Forecast saved → outputs_v2/forecasts_rolling/2019/electricity_growth_pct_forecasts_prophet_core.csv
2026-09-26 16:11:06 | INFO     | energy_stress.lstm | [LSTM-CORE] Training on electricity | train=2006-05-01→2018-12-01 (152 obs), test=2019-01-01→2019-12-01 (12 obs), use_macro=False, lookback=18, dropout=0.25, lr=0.0005, units=(128,64), macro_feature_set=lstm
2026-09-26 16:11:09 | INFO     | energy_stress.lstm | [LSTM-CORE electricity] validation: MAE=3.8133, RMSE=4.2062
2026-09-26 16:11:17 | INFO     | energy_stress.lstm | [LSTM-CORE] Forecast saved → outputs_v2/forecasts_rolling/2019/electricity_growth_pct_forecasts_lstm_core.csv
2026-09-26 16:11:17 | INFO     | energy_stress.lstm | [LSTM-CORE] Model saved → outputs_v2/models
2026-09-26 16:11:17 | INFO     | energy_stress.tft | [TFT/pytorch-forecasting] Fitting electricity (core)
2026-09-26 16:12:23 | INFO     | energy_stress.tft | [TFT electricity] validation: MAE=4.8842, RMSE=5.7321
2026-09-26 16:13:31 | INFO     | energy_stress.tft | [TFT] Forecast saved → outputs_v2/forecasts_rolling/2019/electricity_growth_pct_forecasts_tft_core.csv
2026-09-26 16:13:31 | INFO     | energy_stress.forecast_pipeline | 
──────────────────────────────────────────────────
Series: CARBON
──────────────────────────────────────────────────
2026-09-26 16:13:31 | INFO     | energy_stress.forecast_pipeline | [carbon] train=152, test=12, full=164 (through 2019-12-01), actual_target=12 non-null (2020-01-01..2020-12-01)
2026-09-26 16:13:31 | INFO     | energy_stress.sarima | [SARIMA-CORE] Fitting on carbon (train=152 obs)
2026-09-26 16:13:41 | INFO     | energy_stress.sarima | SARIMA best order: (1, 0, 0) × (2, 1, 0, 12)
2026-09-26 16:13:41 | INFO     | energy_stress.sarima | [SARIMA-CORE carbon] validation: MAE=51.2033, RMSE=54.8300, MAPE=376.80%
2026-09-26 16:13:41 | INFO     | energy_stress.sarima | [SARIMA-CORE] Forecast saved → outputs_v2/forecasts_rolling/2019/carbon_growth_pct_forecasts_sarima_core.csv
2026-09-26 16:13:41 | INFO     | energy_stress.prophet | [Prophet-CORE] Fitting on carbon (train=152 obs, regressors=False, cps=0.001, sps=1.0, reg_ps=n/a, seasonality=additive)
2026-09-26 16:13:42 | INFO     | energy_stress.prophet | [Prophet-CORE carbon] validation: MAE=25.3788, RMSE=31.8714
2026-09-26 16:13:42 | INFO     | energy_stress.prophet | [Prophet-CORE] Forecast saved → outputs_v2/forecasts_rolling/2019/carbon_growth_pct_forecasts_prophet_core.csv
2026-09-26 16:13:42 | INFO     | energy_stress.lstm | [LSTM-CORE] Training on carbon | train=2006-05-01→2018-12-01 (152 obs), test=2019-01-01→2019-12-01 (12 obs), use_macro=False, lookback=6, dropout=0.1, lr=0.001, units=(64,32), macro_feature_set=lstm
2026-09-26 16:13:45 | INFO     | energy_stress.lstm | [LSTM-CORE carbon] validation: MAE=17.5926, RMSE=19.6358
2026-09-26 16:13:50 | INFO     | energy_stress.lstm | [LSTM-CORE] Forecast saved → outputs_v2/forecasts_rolling/2019/carbon_growth_pct_forecasts_lstm_core.csv
2026-09-26 16:13:50 | INFO     | energy_stress.lstm | [LSTM-CORE] Model saved → outputs_v2/models
2026-09-26 16:13:50 | INFO     | energy_stress.tft | [TFT/pytorch-forecasting] Fitting carbon (core)
2026-09-26 16:14:55 | INFO     | energy_stress.tft | [TFT carbon] validation: MAE=67.8257, RMSE=74.5531
2026-09-26 16:15:57 | INFO     | energy_stress.tft | [TFT] Forecast saved → outputs_v2/forecasts_rolling/2019/carbon_growth_pct_forecasts_tft_core.csv
2026-09-26 16:15:57 | DEBUG    | energy_stress.model_evaluation | Loaded outputs_v2/forecasts_rolling/2019/gas_growth_pct_forecasts_sarima_core.csv (12 rows)
2026-09-26 16:15:57 | WARNING  | energy_stress.model_evaluation | Forecast file not found: outputs_v2/forecasts_rolling/2019/gas_growth_pct_forecasts_sarima_macro.csv
2026-09-26 16:15:57 | DEBUG    | energy_stress.model_evaluation | Loaded outputs_v2/forecasts_rolling/2019/gas_growth_pct_forecasts_prophet_core.csv (12 rows)
2026-09-26 16:15:57 | WARNING  | energy_stress.model_evaluation | Forecast file not found: outputs_v2/forecasts_rolling/2019/gas_growth_pct_forecasts_prophet_macro.csv
2026-09-26 16:15:57 | DEBUG    | energy_stress.model_evaluation | Loaded outputs_v2/forecasts_rolling/2019/gas_growth_pct_forecasts_lstm_core.csv (12 rows)
2026-09-26 16:15:57 | WARNING  | energy_stress.model_evaluation | Forecast file not found: outputs_v2/forecasts_rolling/2019/gas_growth_pct_forecasts_lstm_macro.csv
2026-09-26 16:15:57 | DEBUG    | energy_stress.model_evaluation | Loaded outputs_v2/forecasts_rolling/2019/gas_growth_pct_forecasts_tft_core.csv (12 rows)
2026-09-26 16:15:57 | WARNING  | energy_stress.model_evaluation | Forecast file not found: outputs_v2/forecasts_rolling/2019/gas_growth_pct_forecasts_tft_macro.csv
2026-09-26 16:15:57 | INFO     | energy_stress.model_evaluation | Combined forecasts (48 rows) → outputs_v2/forecasts_rolling/2019/gas_growth_pct_forecasts_all.csv
2026-09-26 16:15:57 | INFO     | energy_stress.model_evaluation |   core combined → outputs_v2/forecasts_rolling/2019/gas_growth_pct_forecasts_core.csv
2026-09-26 16:15:57 | DEBUG    | energy_stress.model_evaluation | Loaded outputs_v2/forecasts_rolling/2019/electricity_growth_pct_forecasts_sarima_core.csv (12 rows)
2026-09-26 16:15:57 | WARNING  | energy_stress.model_evaluation | Forecast file not found: outputs_v2/forecasts_rolling/2019/electricity_growth_pct_forecasts_sarima_macro.csv
2026-09-26 16:15:57 | DEBUG    | energy_stress.model_evaluation | Loaded outputs_v2/forecasts_rolling/2019/electricity_growth_pct_forecasts_prophet_core.csv (12 rows)
2026-09-26 16:15:57 | WARNING  | energy_stress.model_evaluation | Forecast file not found: outputs_v2/forecasts_rolling/2019/electricity_growth_pct_forecasts_prophet_macro.csv
2026-09-26 16:15:57 | DEBUG    | energy_stress.model_evaluation | Loaded outputs_v2/forecasts_rolling/2019/electricity_growth_pct_forecasts_lstm_core.csv (12 rows)
2026-09-26 16:15:57 | WARNING  | energy_stress.model_evaluation | Forecast file not found: outputs_v2/forecasts_rolling/2019/electricity_growth_pct_forecasts_lstm_macro.csv
2026-09-26 16:15:57 | DEBUG    | energy_stress.model_evaluation | Loaded outputs_v2/forecasts_rolling/2019/electricity_growth_pct_forecasts_tft_core.csv (12 rows)
2026-09-26 16:15:57 | WARNING  | energy_stress.model_evaluation | Forecast file not found: outputs_v2/forecasts_rolling/2019/electricity_growth_pct_forecasts_tft_macro.csv
2026-09-26 16:15:57 | INFO     | energy_stress.model_evaluation | Combined forecasts (48 rows) → outputs_v2/forecasts_rolling/2019/electricity_growth_pct_forecasts_all.csv
2026-09-26 16:15:57 | INFO     | energy_stress.model_evaluation |   core combined → outputs_v2/forecasts_rolling/2019/electricity_growth_pct_forecasts_core.csv
2026-09-26 16:15:57 | DEBUG    | energy_stress.model_evaluation | Loaded outputs_v2/forecasts_rolling/2019/carbon_growth_pct_forecasts_sarima_core.csv (12 rows)
2026-09-26 16:15:57 | WARNING  | energy_stress.model_evaluation | Forecast file not found: outputs_v2/forecasts_rolling/2019/carbon_growth_pct_forecasts_sarima_macro.csv
2026-09-26 16:15:57 | DEBUG    | energy_stress.model_evaluation | Loaded outputs_v2/forecasts_rolling/2019/carbon_growth_pct_forecasts_prophet_core.csv (12 rows)
2026-09-26 16:15:57 | WARNING  | energy_stress.model_evaluation | Forecast file not found: outputs_v2/forecasts_rolling/2019/carbon_growth_pct_forecasts_prophet_macro.csv
2026-09-26 16:15:57 | DEBUG    | energy_stress.model_evaluation | Loaded outputs_v2/forecasts_rolling/2019/carbon_growth_pct_forecasts_lstm_core.csv (12 rows)
2026-09-26 16:15:57 | WARNING  | energy_stress.model_evaluation | Forecast file not found: outputs_v2/forecasts_rolling/2019/carbon_growth_pct_forecasts_lstm_macro.csv
2026-09-26 16:15:57 | DEBUG    | energy_stress.model_evaluation | Loaded outputs_v2/forecasts_rolling/2019/carbon_growth_pct_forecasts_tft_core.csv (12 rows)
2026-09-26 16:15:57 | WARNING  | energy_stress.model_evaluation | Forecast file not found: outputs_v2/forecasts_rolling/2019/carbon_growth_pct_forecasts_tft_macro.csv
2026-09-26 16:15:57 | INFO     | energy_stress.model_evaluation | Combined forecasts (48 rows) → outputs_v2/forecasts_rolling/2019/carbon_growth_pct_forecasts_all.csv
2026-09-26 16:15:57 | INFO     | energy_stress.model_evaluation |   core combined → outputs_v2/forecasts_rolling/2019/carbon_growth_pct_forecasts_core.csv
2026-09-26 16:15:57 | INFO     | energy_stress.model_evaluation | Evaluating 12 model results across all series and modes
2026-09-26 16:15:57 | INFO     | energy_stress.model_evaluation | Best model [carbon][core]: LSTM (selection_score=1.200)
2026-09-26 16:15:57 | INFO     | energy_stress.model_evaluation | Best model [electricity][core]: SARIMA (selection_score=1.050)
2026-09-26 16:15:57 | INFO     | energy_stress.model_evaluation | Best model [gas][core]: LSTM (selection_score=1.450)
2026-09-26 16:15:57 | INFO     | energy_stress.model_evaluation | Metrics table saved → outputs_v2/tables/rolling/2019/model_metrics_comparison.csv
2026-09-26 16:15:57 | INFO     | energy_stress.fes | Best models selected:
2026-09-26 16:15:57 | INFO     | energy_stress.fes |   [carbon][core] → LSTM
2026-09-26 16:15:57 | INFO     | energy_stress.fes |   [electricity][core] → SARIMA
2026-09-26 16:15:57 | INFO     | energy_stress.fes |   [gas][core] → LSTM
2026-09-26 16:15:57 | INFO     | energy_stress.fes | Per-series mode selected for FES_selected (metric per series/mode: {('gas', 'core'): 'RMSE', ('electricity', 'core'): 'RMSE', ('carbon', 'core'): 'RMSE'}): {'gas': 'core', 'electricity': 'core', 'carbon': 'core'}
2026-09-26 16:15:57 | INFO     | energy_stress.fes | FES_Weighted series weights (inverse validation-RMSE, normalized to mean 1.0): {'gas': 1.0537438398242367, 'electricity': 1.6301633872171821, 'carbon': 0.31609277295858096}
2026-09-26 16:15:57 | INFO     | energy_stress.fes | [gas] train μ=6.7756, σ=14.9105 | unc_ref μ=6.3430, σ=6.2800
2026-09-26 16:15:57 | INFO     | energy_stress.fes | [electricity] train μ=6.8295, σ=8.6923 | unc_ref μ=4.2072, σ=3.4693
2026-09-26 16:15:57 | INFO     | energy_stress.fes | [carbon] train μ=0.9325, σ=178.5876 | unc_ref μ=75.8894, σ=110.9473
2026-09-26 16:15:57 | INFO     | energy_stress.fes | [actual real-vol] train μ=0.5099, σ=0.3817
2026-09-26 16:15:57 | WARNING  | energy_stress.fes | No best model found for (gas, macro)
2026-09-26 16:15:57 | WARNING  | energy_stress.fes | No best model found for (electricity, macro)
2026-09-26 16:15:57 | WARNING  | energy_stress.fes | No best model found for (carbon, macro)
2026-09-26 16:15:57 | INFO     | energy_stress.fes | Monthly FES saved → outputs_v2/fes/rolling/2019/fes_monthly_2020.csv
2026-09-26 16:15:57 | INFO     | energy_stress.fes | [gas] train μ=7.3474, σ=15.2609 | unc_ref μ=6.5222, σ=6.4952
2026-09-26 16:15:57 | INFO     | energy_stress.fes | [electricity] train μ=6.7905, σ=8.9551 | unc_ref μ=4.2794, σ=3.5941
2026-09-26 16:15:57 | INFO     | energy_stress.fes | [carbon] train μ=-2.1381, σ=185.0328 | unc_ref μ=79.8461, σ=114.4956
2026-09-26 16:15:57 | INFO     | energy_stress.fes | [actual real-vol] train μ=0.5102, σ=0.3752
2026-09-26 16:15:57 | INFO     | energy_stress.fes | FES_actual, prior year 2019 (baseline for FES_selected's 2020 forecast): mean=-0.61353 -> outputs_v2/fes/rolling/2019/fes_prior_actual_2019.csv
2026-09-26 16:15:57 | INFO     | energy_stress.fes | FES comparison metrics saved → outputs_v2/fes/rolling/2019/fes_comparison_metrics.csv  (9 rows)
2026-09-26 16:15:57 | INFO     | energy_stress.fes | Best RMSE per variant:
FES_variant
Equal_Core        1.21994
Equal_Selected    1.21994
Equal_Weighted    1.26048
2026-09-26 16:15:57 | INFO     | energy_stress.forecast_pipeline | ========================================
2026-09-26 16:15:57 | INFO     | energy_stress.forecast_pipeline | STAGE 2: Rolling year as_of=2020 (split train<2020, test=2020, refit<=2020, forecast=2021)
2026-09-26 16:15:57 | INFO     | energy_stress.forecast_pipeline | ========================================
2026-09-26 16:15:57 | INFO     | energy_stress.preprocessing | Train: 164 rows (through 2019-12-01) | Test: 12 rows (2020-01-01..2020-12-01)
2026-09-26 16:15:57 | INFO     | energy_stress.forecast_pipeline | ========================================
2026-09-26 16:15:57 | INFO     | energy_stress.forecast_pipeline | STAGE 2: Per-origin tuning, as_of=2020
2026-09-26 16:15:57 | INFO     | energy_stress.forecast_pipeline | ========================================
2026-09-26 16:15:57 | INFO     | energy_stress.tuning | Tuning gas/core/SARIMA candidate 1/1: {}
2026-09-26 16:15:57 | INFO     | energy_stress.sarima | [SARIMA-CORE] Fitting on gas (train=164 obs)
2026-09-26 16:16:07 | INFO     | energy_stress.sarima | SARIMA best order: (2, 0, 0) × (2, 1, 1, 12)
2026-09-26 16:16:08 | INFO     | energy_stress.sarima | [SARIMA-CORE gas] validation: MAE=9.9764, RMSE=10.0556, MAPE=739.01%
2026-09-26 16:16:08 | INFO     | energy_stress.sarima | [SARIMA-CORE] Forecast saved → outputs_v2/tuning_rolling/2020/forecasts/gas/core/sarima/candidate_01/gas_growth_pct_forecasts_sarima_core.csv
2026-09-26 16:16:08 | INFO     | energy_stress.tuning | Tuning gas/core/Prophet candidate 1/16: {'changepoint_prior_scale': 0.001, 'seasonality_prior_scale': 1.0, 'seasonality_mode': 'additive'}
2026-09-26 16:16:08 | INFO     | energy_stress.prophet | [Prophet-CORE] Fitting on gas (train=164 obs, regressors=False, cps=0.001, sps=1.0, reg_ps=n/a, seasonality=additive)
2026-09-26 16:16:08 | INFO     | energy_stress.prophet | [Prophet-CORE gas] validation: MAE=8.0717, RMSE=9.6062
2026-09-26 16:16:09 | INFO     | energy_stress.prophet | [Prophet-CORE] Forecast saved → outputs_v2/tuning_rolling/2020/forecasts/gas/core/prophet/candidate_01/gas_growth_pct_forecasts_prophet_core.csv
2026-09-26 16:16:09 | INFO     | energy_stress.tuning | Tuning gas/core/Prophet candidate 2/16: {'changepoint_prior_scale': 0.001, 'seasonality_prior_scale': 1.0, 'seasonality_mode': 'multiplicative'}
2026-09-26 16:16:09 | INFO     | energy_stress.prophet | [Prophet-CORE] Fitting on gas (train=164 obs, regressors=False, cps=0.001, sps=1.0, reg_ps=n/a, seasonality=multiplicative)
2026-09-26 16:16:09 | INFO     | energy_stress.prophet | [Prophet-CORE gas] validation: MAE=8.1437, RMSE=9.5986
2026-09-26 16:16:09 | INFO     | energy_stress.prophet | [Prophet-CORE] Forecast saved → outputs_v2/tuning_rolling/2020/forecasts/gas/core/prophet/candidate_02/gas_growth_pct_forecasts_prophet_core.csv
2026-09-26 16:16:09 | INFO     | energy_stress.tuning | Tuning gas/core/Prophet candidate 3/16: {'changepoint_prior_scale': 0.001, 'seasonality_prior_scale': 10.0, 'seasonality_mode': 'additive'}
2026-09-26 16:16:09 | INFO     | energy_stress.prophet | [Prophet-CORE] Fitting on gas (train=164 obs, regressors=False, cps=0.001, sps=10.0, reg_ps=n/a, seasonality=additive)
2026-09-26 16:16:09 | INFO     | energy_stress.prophet | [Prophet-CORE gas] validation: MAE=8.0731, RMSE=9.6074
2026-09-26 16:16:09 | INFO     | energy_stress.prophet | [Prophet-CORE] Forecast saved → outputs_v2/tuning_rolling/2020/forecasts/gas/core/prophet/candidate_03/gas_growth_pct_forecasts_prophet_core.csv
2026-09-26 16:16:09 | INFO     | energy_stress.tuning | Tuning gas/core/Prophet candidate 4/16: {'changepoint_prior_scale': 0.001, 'seasonality_prior_scale': 10.0, 'seasonality_mode': 'multiplicative'}
2026-09-26 16:16:09 | INFO     | energy_stress.prophet | [Prophet-CORE] Fitting on gas (train=164 obs, regressors=False, cps=0.001, sps=10.0, reg_ps=n/a, seasonality=multiplicative)
2026-09-26 16:16:09 | INFO     | energy_stress.prophet | [Prophet-CORE gas] validation: MAE=8.1426, RMSE=9.5977
2026-09-26 16:16:10 | INFO     | energy_stress.prophet | [Prophet-CORE] Forecast saved → outputs_v2/tuning_rolling/2020/forecasts/gas/core/prophet/candidate_04/gas_growth_pct_forecasts_prophet_core.csv
2026-09-26 16:16:10 | INFO     | energy_stress.tuning | Tuning gas/core/Prophet candidate 5/16: {'changepoint_prior_scale': 0.01, 'seasonality_prior_scale': 1.0, 'seasonality_mode': 'additive'}
2026-09-26 16:16:10 | INFO     | energy_stress.prophet | [Prophet-CORE] Fitting on gas (train=164 obs, regressors=False, cps=0.01, sps=1.0, reg_ps=n/a, seasonality=additive)
2026-09-26 16:16:10 | INFO     | energy_stress.prophet | [Prophet-CORE gas] validation: MAE=4.4453, RMSE=6.6916
2026-09-26 16:16:10 | INFO     | energy_stress.prophet | [Prophet-CORE] Forecast saved → outputs_v2/tuning_rolling/2020/forecasts/gas/core/prophet/candidate_05/gas_growth_pct_forecasts_prophet_core.csv
2026-09-26 16:16:10 | INFO     | energy_stress.tuning | Tuning gas/core/Prophet candidate 6/16: {'changepoint_prior_scale': 0.01, 'seasonality_prior_scale': 1.0, 'seasonality_mode': 'multiplicative'}
2026-09-26 16:16:10 | INFO     | energy_stress.prophet | [Prophet-CORE] Fitting on gas (train=164 obs, regressors=False, cps=0.01, sps=1.0, reg_ps=n/a, seasonality=multiplicative)
2026-09-26 16:16:10 | INFO     | energy_stress.prophet | [Prophet-CORE gas] validation: MAE=4.1163, RMSE=6.4421
2026-09-26 16:16:10 | INFO     | energy_stress.prophet | [Prophet-CORE] Forecast saved → outputs_v2/tuning_rolling/2020/forecasts/gas/core/prophet/candidate_06/gas_growth_pct_forecasts_prophet_core.csv
2026-09-26 16:16:10 | INFO     | energy_stress.tuning | Tuning gas/core/Prophet candidate 7/16: {'changepoint_prior_scale': 0.01, 'seasonality_prior_scale': 10.0, 'seasonality_mode': 'additive'}
2026-09-26 16:16:10 | INFO     | energy_stress.prophet | [Prophet-CORE] Fitting on gas (train=164 obs, regressors=False, cps=0.01, sps=10.0, reg_ps=n/a, seasonality=additive)
2026-09-26 16:16:10 | INFO     | energy_stress.prophet | [Prophet-CORE gas] validation: MAE=4.5317, RMSE=6.7939
2026-09-26 16:16:10 | INFO     | energy_stress.prophet | [Prophet-CORE] Forecast saved → outputs_v2/tuning_rolling/2020/forecasts/gas/core/prophet/candidate_07/gas_growth_pct_forecasts_prophet_core.csv
2026-09-26 16:16:10 | INFO     | energy_stress.tuning | Tuning gas/core/Prophet candidate 8/16: {'changepoint_prior_scale': 0.01, 'seasonality_prior_scale': 10.0, 'seasonality_mode': 'multiplicative'}
2026-09-26 16:16:10 | INFO     | energy_stress.prophet | [Prophet-CORE] Fitting on gas (train=164 obs, regressors=False, cps=0.01, sps=10.0, reg_ps=n/a, seasonality=multiplicative)
2026-09-26 16:16:10 | INFO     | energy_stress.prophet | [Prophet-CORE gas] validation: MAE=4.1185, RMSE=6.4461
2026-09-26 16:16:10 | INFO     | energy_stress.prophet | [Prophet-CORE] Forecast saved → outputs_v2/tuning_rolling/2020/forecasts/gas/core/prophet/candidate_08/gas_growth_pct_forecasts_prophet_core.csv
2026-09-26 16:16:10 | INFO     | energy_stress.tuning | Tuning gas/core/Prophet candidate 9/16: {'changepoint_prior_scale': 0.05, 'seasonality_prior_scale': 1.0, 'seasonality_mode': 'additive'}
2026-09-26 16:16:10 | INFO     | energy_stress.prophet | [Prophet-CORE] Fitting on gas (train=164 obs, regressors=False, cps=0.05, sps=1.0, reg_ps=n/a, seasonality=additive)
2026-09-26 16:16:10 | INFO     | energy_stress.prophet | [Prophet-CORE gas] validation: MAE=6.3356, RMSE=6.4626
2026-09-26 16:16:11 | INFO     | energy_stress.prophet | [Prophet-CORE] Forecast saved → outputs_v2/tuning_rolling/2020/forecasts/gas/core/prophet/candidate_09/gas_growth_pct_forecasts_prophet_core.csv
2026-09-26 16:16:11 | INFO     | energy_stress.tuning | Tuning gas/core/Prophet candidate 10/16: {'changepoint_prior_scale': 0.05, 'seasonality_prior_scale': 1.0, 'seasonality_mode': 'multiplicative'}
2026-09-26 16:16:11 | INFO     | energy_stress.prophet | [Prophet-CORE] Fitting on gas (train=164 obs, regressors=False, cps=0.05, sps=1.0, reg_ps=n/a, seasonality=multiplicative)
2026-09-26 16:16:11 | INFO     | energy_stress.prophet | [Prophet-CORE gas] validation: MAE=6.1830, RMSE=6.2539
2026-09-26 16:16:11 | INFO     | energy_stress.prophet | [Prophet-CORE] Forecast saved → outputs_v2/tuning_rolling/2020/forecasts/gas/core/prophet/candidate_10/gas_growth_pct_forecasts_prophet_core.csv
2026-09-26 16:16:11 | INFO     | energy_stress.tuning | Tuning gas/core/Prophet candidate 11/16: {'changepoint_prior_scale': 0.05, 'seasonality_prior_scale': 10.0, 'seasonality_mode': 'additive'}
2026-09-26 16:16:11 | INFO     | energy_stress.prophet | [Prophet-CORE] Fitting on gas (train=164 obs, regressors=False, cps=0.05, sps=10.0, reg_ps=n/a, seasonality=additive)
2026-09-26 16:16:11 | INFO     | energy_stress.prophet | [Prophet-CORE gas] validation: MAE=6.2035, RMSE=6.3409
2026-09-26 16:16:11 | INFO     | energy_stress.prophet | [Prophet-CORE] Forecast saved → outputs_v2/tuning_rolling/2020/forecasts/gas/core/prophet/candidate_11/gas_growth_pct_forecasts_prophet_core.csv
2026-09-26 16:16:11 | INFO     | energy_stress.tuning | Tuning gas/core/Prophet candidate 12/16: {'changepoint_prior_scale': 0.05, 'seasonality_prior_scale': 10.0, 'seasonality_mode': 'multiplicative'}
2026-09-26 16:16:11 | INFO     | energy_stress.prophet | [Prophet-CORE] Fitting on gas (train=164 obs, regressors=False, cps=0.05, sps=10.0, reg_ps=n/a, seasonality=multiplicative)
2026-09-26 16:16:11 | INFO     | energy_stress.prophet | [Prophet-CORE gas] validation: MAE=6.0306, RMSE=6.1137
2026-09-26 16:16:11 | INFO     | energy_stress.prophet | [Prophet-CORE] Forecast saved → outputs_v2/tuning_rolling/2020/forecasts/gas/core/prophet/candidate_12/gas_growth_pct_forecasts_prophet_core.csv
2026-09-26 16:16:11 | INFO     | energy_stress.tuning | Tuning gas/core/Prophet candidate 13/16: {'changepoint_prior_scale': 0.1, 'seasonality_prior_scale': 1.0, 'seasonality_mode': 'additive'}
2026-09-26 16:16:11 | INFO     | energy_stress.prophet | [Prophet-CORE] Fitting on gas (train=164 obs, regressors=False, cps=0.1, sps=1.0, reg_ps=n/a, seasonality=additive)
2026-09-26 16:16:11 | INFO     | energy_stress.prophet | [Prophet-CORE gas] validation: MAE=6.6778, RMSE=6.8133
2026-09-26 16:16:11 | INFO     | energy_stress.prophet | [Prophet-CORE] Forecast saved → outputs_v2/tuning_rolling/2020/forecasts/gas/core/prophet/candidate_13/gas_growth_pct_forecasts_prophet_core.csv
2026-09-26 16:16:11 | INFO     | energy_stress.tuning | Tuning gas/core/Prophet candidate 14/16: {'changepoint_prior_scale': 0.1, 'seasonality_prior_scale': 1.0, 'seasonality_mode': 'multiplicative'}
2026-09-26 16:16:11 | INFO     | energy_stress.prophet | [Prophet-CORE] Fitting on gas (train=164 obs, regressors=False, cps=0.1, sps=1.0, reg_ps=n/a, seasonality=multiplicative)
2026-09-26 16:16:11 | INFO     | energy_stress.prophet | [Prophet-CORE gas] validation: MAE=6.5410, RMSE=6.6338
2026-09-26 16:16:11 | INFO     | energy_stress.prophet | [Prophet-CORE] Forecast saved → outputs_v2/tuning_rolling/2020/forecasts/gas/core/prophet/candidate_14/gas_growth_pct_forecasts_prophet_core.csv
2026-09-26 16:16:11 | INFO     | energy_stress.tuning | Tuning gas/core/Prophet candidate 15/16: {'changepoint_prior_scale': 0.1, 'seasonality_prior_scale': 10.0, 'seasonality_mode': 'additive'}
2026-09-26 16:16:11 | INFO     | energy_stress.prophet | [Prophet-CORE] Fitting on gas (train=164 obs, regressors=False, cps=0.1, sps=10.0, reg_ps=n/a, seasonality=additive)
2026-09-26 16:16:11 | INFO     | energy_stress.prophet | [Prophet-CORE gas] validation: MAE=6.7577, RMSE=6.8997
2026-09-26 16:16:12 | INFO     | energy_stress.prophet | [Prophet-CORE] Forecast saved → outputs_v2/tuning_rolling/2020/forecasts/gas/core/prophet/candidate_15/gas_growth_pct_forecasts_prophet_core.csv
2026-09-26 16:16:12 | INFO     | energy_stress.tuning | Tuning gas/core/Prophet candidate 16/16: {'changepoint_prior_scale': 0.1, 'seasonality_prior_scale': 10.0, 'seasonality_mode': 'multiplicative'}
2026-09-26 16:16:12 | INFO     | energy_stress.prophet | [Prophet-CORE] Fitting on gas (train=164 obs, regressors=False, cps=0.1, sps=10.0, reg_ps=n/a, seasonality=multiplicative)
2026-09-26 16:16:12 | INFO     | energy_stress.prophet | [Prophet-CORE gas] validation: MAE=6.5354, RMSE=6.6255
2026-09-26 16:16:12 | INFO     | energy_stress.prophet | [Prophet-CORE] Forecast saved → outputs_v2/tuning_rolling/2020/forecasts/gas/core/prophet/candidate_16/gas_growth_pct_forecasts_prophet_core.csv
2026-09-26 16:16:12 | INFO     | energy_stress.tuning | Best params for gas/core/Prophet: {'changepoint_prior_scale': 0.01, 'seasonality_prior_scale': 1.0, 'seasonality_mode': 'multiplicative'} (validation score=4.1163)
2026-09-26 16:16:12 | INFO     | energy_stress.tuning | Tuning gas/core/LSTM candidate 1/3: {'lookback': 6, 'dropout': 0.1, 'learning_rate': 0.001, 'units_1': 64, 'units_2': 32, 'macro_feature_set': 'lstm'}
2026-09-26 16:16:12 | INFO     | energy_stress.lstm | [LSTM-CORE] Training on gas | train=2006-05-01→2019-12-01 (164 obs), test=2020-01-01→2020-12-01 (12 obs), use_macro=False, lookback=6, dropout=0.1, lr=0.001, units=(64,32), macro_feature_set=lstm
2026-09-26 16:16:18 | INFO     | energy_stress.lstm | [LSTM-CORE gas] validation: MAE=4.9899, RMSE=5.9533
2026-09-26 16:16:21 | INFO     | energy_stress.lstm | [LSTM-CORE] Forecast saved → outputs_v2/tuning_rolling/2020/forecasts/gas/core/lstm/candidate_01/gas_growth_pct_forecasts_lstm_core.csv
2026-09-26 16:16:21 | INFO     | energy_stress.tuning | Tuning gas/core/LSTM candidate 2/3: {'lookback': 12, 'dropout': 0.2, 'learning_rate': 0.001, 'units_1': 128, 'units_2': 64, 'macro_feature_set': 'lstm'}
2026-09-26 16:16:21 | INFO     | energy_stress.lstm | [LSTM-CORE] Training on gas | train=2006-05-01→2019-12-01 (164 obs), test=2020-01-01→2020-12-01 (12 obs), use_macro=False, lookback=12, dropout=0.2, lr=0.001, units=(128,64), macro_feature_set=lstm
2026-09-26 16:16:25 | INFO     | energy_stress.lstm | [LSTM-CORE gas] validation: MAE=7.8029, RMSE=8.3938
2026-09-26 16:16:35 | INFO     | energy_stress.lstm | [LSTM-CORE] Forecast saved → outputs_v2/tuning_rolling/2020/forecasts/gas/core/lstm/candidate_02/gas_growth_pct_forecasts_lstm_core.csv
2026-09-26 16:16:35 | INFO     | energy_stress.tuning | Tuning gas/core/LSTM candidate 3/3: {'lookback': 18, 'dropout': 0.25, 'learning_rate': 0.0005, 'units_1': 128, 'units_2': 64, 'macro_feature_set': 'lstm'}
2026-09-26 16:16:35 | INFO     | energy_stress.lstm | [LSTM-CORE] Training on gas | train=2006-05-01→2019-12-01 (164 obs), test=2020-01-01→2020-12-01 (12 obs), use_macro=False, lookback=18, dropout=0.25, lr=0.0005, units=(128,64), macro_feature_set=lstm
2026-09-26 16:16:38 | INFO     | energy_stress.lstm | [LSTM-CORE gas] validation: MAE=10.1036, RMSE=11.5890
2026-09-26 16:16:48 | INFO     | energy_stress.lstm | [LSTM-CORE] Forecast saved → outputs_v2/tuning_rolling/2020/forecasts/gas/core/lstm/candidate_03/gas_growth_pct_forecasts_lstm_core.csv
2026-09-26 16:16:48 | INFO     | energy_stress.tuning | Best params for gas/core/LSTM: {'lookback': 6, 'dropout': 0.1, 'learning_rate': 0.001, 'units_1': 64, 'units_2': 32, 'macro_feature_set': 'lstm'} (validation score=4.9899)
2026-09-26 16:16:48 | INFO     | energy_stress.tuning | Tuning gas/core/TFT candidate 1/3: {'lookback': 6, 'hidden': 32, 'n_heads': 4, 'learning_rate': 0.001}
2026-09-26 16:16:48 | INFO     | energy_stress.tft | [TFT/pytorch-forecasting] Fitting gas (core)
2026-09-26 16:17:28 | INFO     | energy_stress.tft | [TFT gas] validation: MAE=7.5457, RMSE=7.8327
2026-09-26 16:18:09 | INFO     | energy_stress.tft | [TFT] Forecast saved → outputs_v2/tuning_rolling/2020/forecasts/gas/core/tft/candidate_01/gas_growth_pct_forecasts_tft_core.csv
2026-09-26 16:18:09 | INFO     | energy_stress.tuning | Tuning gas/core/TFT candidate 2/3: {'lookback': 12, 'hidden': 64, 'n_heads': 4, 'learning_rate': 0.0005}
2026-09-26 16:18:09 | INFO     | energy_stress.tft | [TFT/pytorch-forecasting] Fitting gas (core)
2026-09-26 16:18:51 | INFO     | energy_stress.tft | [TFT gas] validation: MAE=7.4442, RMSE=7.9203
2026-09-26 16:19:31 | INFO     | energy_stress.tft | [TFT] Forecast saved → outputs_v2/tuning_rolling/2020/forecasts/gas/core/tft/candidate_02/gas_growth_pct_forecasts_tft_core.csv
2026-09-26 16:19:31 | INFO     | energy_stress.tuning | Tuning gas/core/TFT candidate 3/3: {'lookback': 18, 'hidden': 64, 'n_heads': 4, 'learning_rate': 0.0005}
2026-09-26 16:19:31 | INFO     | energy_stress.tft | [TFT/pytorch-forecasting] Fitting gas (core)
2026-09-26 16:20:12 | INFO     | energy_stress.tft | [TFT gas] validation: MAE=16.2971, RMSE=18.8558
2026-09-26 16:20:51 | INFO     | energy_stress.tft | [TFT] Forecast saved → outputs_v2/tuning_rolling/2020/forecasts/gas/core/tft/candidate_03/gas_growth_pct_forecasts_tft_core.csv
2026-09-26 16:20:51 | INFO     | energy_stress.tuning | Best params for gas/core/TFT: {'lookback': 12, 'hidden': 64, 'n_heads': 4, 'learning_rate': 0.0005} (validation score=7.4442)
2026-09-26 16:20:51 | INFO     | energy_stress.tuning | Tuning electricity/core/SARIMA candidate 1/1: {}
2026-09-26 16:20:51 | INFO     | energy_stress.sarima | [SARIMA-CORE] Fitting on electricity (train=164 obs)
2026-09-26 16:21:15 | INFO     | energy_stress.sarima | SARIMA best order: (2, 0, 0) × (2, 1, 1, 12)
2026-09-26 16:21:15 | INFO     | energy_stress.sarima | [SARIMA-CORE electricity] validation: MAE=8.7674, RMSE=9.1341, MAPE=329.44%
2026-09-26 16:21:16 | INFO     | energy_stress.sarima | [SARIMA-CORE] Forecast saved → outputs_v2/tuning_rolling/2020/forecasts/electricity/core/sarima/candidate_01/electricity_growth_pct_forecasts_sarima_core.csv
2026-09-26 16:21:16 | INFO     | energy_stress.tuning | Tuning electricity/core/Prophet candidate 1/8: {'changepoint_prior_scale': 0.001, 'seasonality_prior_scale': 1.0, 'seasonality_mode': 'additive'}
2026-09-26 16:21:16 | INFO     | energy_stress.prophet | [Prophet-CORE] Fitting on electricity (train=164 obs, regressors=False, cps=0.001, sps=1.0, reg_ps=n/a, seasonality=additive)
2026-09-26 16:21:16 | INFO     | energy_stress.prophet | [Prophet-CORE electricity] validation: MAE=5.3367, RMSE=5.4710
2026-09-26 16:21:16 | INFO     | energy_stress.prophet | [Prophet-CORE] Forecast saved → outputs_v2/tuning_rolling/2020/forecasts/electricity/core/prophet/candidate_01/electricity_growth_pct_forecasts_prophet_core.csv
2026-09-26 16:21:16 | INFO     | energy_stress.tuning | Tuning electricity/core/Prophet candidate 2/8: {'changepoint_prior_scale': 0.001, 'seasonality_prior_scale': 10.0, 'seasonality_mode': 'additive'}
2026-09-26 16:21:16 | INFO     | energy_stress.prophet | [Prophet-CORE] Fitting on electricity (train=164 obs, regressors=False, cps=0.001, sps=10.0, reg_ps=n/a, seasonality=additive)
2026-09-26 16:21:17 | INFO     | energy_stress.prophet | [Prophet-CORE electricity] validation: MAE=5.3733, RMSE=5.6023
2026-09-26 16:21:17 | INFO     | energy_stress.prophet | [Prophet-CORE] Forecast saved → outputs_v2/tuning_rolling/2020/forecasts/electricity/core/prophet/candidate_02/electricity_growth_pct_forecasts_prophet_core.csv
2026-09-26 16:21:17 | INFO     | energy_stress.tuning | Tuning electricity/core/Prophet candidate 3/8: {'changepoint_prior_scale': 0.01, 'seasonality_prior_scale': 1.0, 'seasonality_mode': 'additive'}
2026-09-26 16:21:17 | INFO     | energy_stress.prophet | [Prophet-CORE] Fitting on electricity (train=164 obs, regressors=False, cps=0.01, sps=1.0, reg_ps=n/a, seasonality=additive)
2026-09-26 16:21:17 | INFO     | energy_stress.prophet | [Prophet-CORE electricity] validation: MAE=2.9916, RMSE=5.4327
2026-09-26 16:21:17 | INFO     | energy_stress.prophet | [Prophet-CORE] Forecast saved → outputs_v2/tuning_rolling/2020/forecasts/electricity/core/prophet/candidate_03/electricity_growth_pct_forecasts_prophet_core.csv
2026-09-26 16:21:17 | INFO     | energy_stress.tuning | Tuning electricity/core/Prophet candidate 4/8: {'changepoint_prior_scale': 0.01, 'seasonality_prior_scale': 10.0, 'seasonality_mode': 'additive'}
2026-09-26 16:21:17 | INFO     | energy_stress.prophet | [Prophet-CORE] Fitting on electricity (train=164 obs, regressors=False, cps=0.01, sps=10.0, reg_ps=n/a, seasonality=additive)
2026-09-26 16:21:17 | INFO     | energy_stress.prophet | [Prophet-CORE electricity] validation: MAE=3.0989, RMSE=5.5346
2026-09-26 16:21:17 | INFO     | energy_stress.prophet | [Prophet-CORE] Forecast saved → outputs_v2/tuning_rolling/2020/forecasts/electricity/core/prophet/candidate_04/electricity_growth_pct_forecasts_prophet_core.csv
2026-09-26 16:21:17 | INFO     | energy_stress.tuning | Tuning electricity/core/Prophet candidate 5/8: {'changepoint_prior_scale': 0.05, 'seasonality_prior_scale': 1.0, 'seasonality_mode': 'additive'}
2026-09-26 16:21:17 | INFO     | energy_stress.prophet | [Prophet-CORE] Fitting on electricity (train=164 obs, regressors=False, cps=0.05, sps=1.0, reg_ps=n/a, seasonality=additive)
2026-09-26 16:21:17 | INFO     | energy_stress.prophet | [Prophet-CORE electricity] validation: MAE=5.2508, RMSE=5.3219
2026-09-26 16:21:17 | INFO     | energy_stress.prophet | [Prophet-CORE] Forecast saved → outputs_v2/tuning_rolling/2020/forecasts/electricity/core/prophet/candidate_05/electricity_growth_pct_forecasts_prophet_core.csv
2026-09-26 16:21:17 | INFO     | energy_stress.tuning | Tuning electricity/core/Prophet candidate 6/8: {'changepoint_prior_scale': 0.05, 'seasonality_prior_scale': 10.0, 'seasonality_mode': 'additive'}
2026-09-26 16:21:17 | INFO     | energy_stress.prophet | [Prophet-CORE] Fitting on electricity (train=164 obs, regressors=False, cps=0.05, sps=10.0, reg_ps=n/a, seasonality=additive)
2026-09-26 16:21:17 | INFO     | energy_stress.prophet | [Prophet-CORE electricity] validation: MAE=5.2602, RMSE=5.3294
2026-09-26 16:21:17 | INFO     | energy_stress.prophet | [Prophet-CORE] Forecast saved → outputs_v2/tuning_rolling/2020/forecasts/electricity/core/prophet/candidate_06/electricity_growth_pct_forecasts_prophet_core.csv
2026-09-26 16:21:17 | INFO     | energy_stress.tuning | Tuning electricity/core/Prophet candidate 7/8: {'changepoint_prior_scale': 0.1, 'seasonality_prior_scale': 1.0, 'seasonality_mode': 'additive'}
2026-09-26 16:21:17 | INFO     | energy_stress.prophet | [Prophet-CORE] Fitting on electricity (train=164 obs, regressors=False, cps=0.1, sps=1.0, reg_ps=n/a, seasonality=additive)
2026-09-26 16:21:17 | INFO     | energy_stress.prophet | [Prophet-CORE electricity] validation: MAE=6.4473, RMSE=6.5823
2026-09-26 16:21:18 | INFO     | energy_stress.prophet | [Prophet-CORE] Forecast saved → outputs_v2/tuning_rolling/2020/forecasts/electricity/core/prophet/candidate_07/electricity_growth_pct_forecasts_prophet_core.csv
2026-09-26 16:21:18 | INFO     | energy_stress.tuning | Tuning electricity/core/Prophet candidate 8/8: {'changepoint_prior_scale': 0.1, 'seasonality_prior_scale': 10.0, 'seasonality_mode': 'additive'}
2026-09-26 16:21:18 | INFO     | energy_stress.prophet | [Prophet-CORE] Fitting on electricity (train=164 obs, regressors=False, cps=0.1, sps=10.0, reg_ps=n/a, seasonality=additive)
2026-09-26 16:21:18 | INFO     | energy_stress.prophet | [Prophet-CORE electricity] validation: MAE=6.4485, RMSE=6.5839
2026-09-26 16:21:18 | INFO     | energy_stress.prophet | [Prophet-CORE] Forecast saved → outputs_v2/tuning_rolling/2020/forecasts/electricity/core/prophet/candidate_08/electricity_growth_pct_forecasts_prophet_core.csv
2026-09-26 16:21:18 | INFO     | energy_stress.tuning | Best params for electricity/core/Prophet: {'changepoint_prior_scale': 0.01, 'seasonality_prior_scale': 1.0, 'seasonality_mode': 'additive'} (validation score=2.9916)
2026-09-26 16:21:18 | INFO     | energy_stress.tuning | Tuning electricity/core/LSTM candidate 1/3: {'lookback': 6, 'dropout': 0.1, 'learning_rate': 0.001, 'units_1': 64, 'units_2': 32, 'macro_feature_set': 'lstm'}
2026-09-26 16:21:18 | INFO     | energy_stress.lstm | [LSTM-CORE] Training on electricity | train=2006-05-01→2019-12-01 (164 obs), test=2020-01-01→2020-12-01 (12 obs), use_macro=False, lookback=6, dropout=0.1, lr=0.001, units=(64,32), macro_feature_set=lstm
2026-09-26 16:21:19 | INFO     | energy_stress.lstm | [LSTM-CORE electricity] validation: MAE=7.5821, RMSE=8.5383
2026-09-26 16:21:21 | INFO     | energy_stress.lstm | [LSTM-CORE] Forecast saved → outputs_v2/tuning_rolling/2020/forecasts/electricity/core/lstm/candidate_01/electricity_growth_pct_forecasts_lstm_core.csv
2026-09-26 16:21:21 | INFO     | energy_stress.tuning | Tuning electricity/core/LSTM candidate 2/3: {'lookback': 12, 'dropout': 0.2, 'learning_rate': 0.001, 'units_1': 128, 'units_2': 64, 'macro_feature_set': 'lstm'}
2026-09-26 16:21:21 | INFO     | energy_stress.lstm | [LSTM-CORE] Training on electricity | train=2006-05-01→2019-12-01 (164 obs), test=2020-01-01→2020-12-01 (12 obs), use_macro=False, lookback=12, dropout=0.2, lr=0.001, units=(128,64), macro_feature_set=lstm
2026-09-26 16:21:23 | INFO     | energy_stress.lstm | [LSTM-CORE electricity] validation: MAE=6.7967, RMSE=7.2970
2026-09-26 16:21:29 | INFO     | energy_stress.lstm | [LSTM-CORE] Forecast saved → outputs_v2/tuning_rolling/2020/forecasts/electricity/core/lstm/candidate_02/electricity_growth_pct_forecasts_lstm_core.csv
2026-09-26 16:21:29 | INFO     | energy_stress.tuning | Tuning electricity/core/LSTM candidate 3/3: {'lookback': 18, 'dropout': 0.25, 'learning_rate': 0.0005, 'units_1': 128, 'units_2': 64, 'macro_feature_set': 'lstm'}
2026-09-26 16:21:29 | INFO     | energy_stress.lstm | [LSTM-CORE] Training on electricity | train=2006-05-01→2019-12-01 (164 obs), test=2020-01-01→2020-12-01 (12 obs), use_macro=False, lookback=18, dropout=0.25, lr=0.0005, units=(128,64), macro_feature_set=lstm
2026-09-26 16:21:32 | INFO     | energy_stress.lstm | [LSTM-CORE electricity] validation: MAE=7.6917, RMSE=8.8096
2026-09-26 16:21:37 | INFO     | energy_stress.lstm | [LSTM-CORE] Forecast saved → outputs_v2/tuning_rolling/2020/forecasts/electricity/core/lstm/candidate_03/electricity_growth_pct_forecasts_lstm_core.csv
2026-09-26 16:21:37 | INFO     | energy_stress.tuning | Best params for electricity/core/LSTM: {'lookback': 12, 'dropout': 0.2, 'learning_rate': 0.001, 'units_1': 128, 'units_2': 64, 'macro_feature_set': 'lstm'} (validation score=6.7967)
2026-09-26 16:21:37 | INFO     | energy_stress.tuning | Tuning electricity/core/TFT candidate 1/3: {'lookback': 6, 'hidden': 32, 'n_heads': 4, 'learning_rate': 0.001}
2026-09-26 16:21:37 | INFO     | energy_stress.tft | [TFT/pytorch-forecasting] Fitting electricity (core)
2026-09-26 16:22:15 | INFO     | energy_stress.tft | [TFT electricity] validation: MAE=5.2298, RMSE=5.3021
2026-09-26 16:22:54 | INFO     | energy_stress.tft | [TFT] Forecast saved → outputs_v2/tuning_rolling/2020/forecasts/electricity/core/tft/candidate_01/electricity_growth_pct_forecasts_tft_core.csv
2026-09-26 16:22:54 | INFO     | energy_stress.tuning | Tuning electricity/core/TFT candidate 2/3: {'lookback': 12, 'hidden': 64, 'n_heads': 4, 'learning_rate': 0.0005}
2026-09-26 16:22:54 | INFO     | energy_stress.tft | [TFT/pytorch-forecasting] Fitting electricity (core)
2026-09-26 16:23:37 | INFO     | energy_stress.tft | [TFT electricity] validation: MAE=6.3340, RMSE=6.4492
2026-09-26 16:24:19 | INFO     | energy_stress.tft | [TFT] Forecast saved → outputs_v2/tuning_rolling/2020/forecasts/electricity/core/tft/candidate_02/electricity_growth_pct_forecasts_tft_core.csv
2026-09-26 16:24:19 | INFO     | energy_stress.tuning | Tuning electricity/core/TFT candidate 3/3: {'lookback': 18, 'hidden': 64, 'n_heads': 4, 'learning_rate': 0.0005}
2026-09-26 16:24:19 | INFO     | energy_stress.tft | [TFT/pytorch-forecasting] Fitting electricity (core)
2026-09-26 16:25:02 | INFO     | energy_stress.tft | [TFT electricity] validation: MAE=5.8824, RMSE=6.0144
2026-09-26 16:25:44 | INFO     | energy_stress.tft | [TFT] Forecast saved → outputs_v2/tuning_rolling/2020/forecasts/electricity/core/tft/candidate_03/electricity_growth_pct_forecasts_tft_core.csv
2026-09-26 16:25:44 | INFO     | energy_stress.tuning | Best params for electricity/core/TFT: {'lookback': 6, 'hidden': 32, 'n_heads': 4, 'learning_rate': 0.001} (validation score=5.2298)
2026-09-26 16:25:44 | INFO     | energy_stress.tuning | Tuning carbon/core/SARIMA candidate 1/1: {}
2026-09-26 16:25:44 | INFO     | energy_stress.sarima | [SARIMA-CORE] Fitting on carbon (train=164 obs)
2026-09-26 16:25:54 | INFO     | energy_stress.sarima | SARIMA best order: (1, 0, 0) × (2, 1, 0, 12)
2026-09-26 16:25:54 | INFO     | energy_stress.sarima | [SARIMA-CORE carbon] validation: MAE=36.5332, RMSE=40.0694, MAPE=883.15%
2026-09-26 16:25:55 | INFO     | energy_stress.sarima | [SARIMA-CORE] Forecast saved → outputs_v2/tuning_rolling/2020/forecasts/carbon/core/sarima/candidate_01/carbon_growth_pct_forecasts_sarima_core.csv
2026-09-26 16:25:55 | INFO     | energy_stress.tuning | Tuning carbon/core/Prophet candidate 1/8: {'changepoint_prior_scale': 0.001, 'seasonality_prior_scale': 1.0, 'seasonality_mode': 'additive'}
2026-09-26 16:25:55 | INFO     | energy_stress.prophet | [Prophet-CORE] Fitting on carbon (train=164 obs, regressors=False, cps=0.001, sps=1.0, reg_ps=n/a, seasonality=additive)
2026-09-26 16:25:55 | INFO     | energy_stress.prophet | [Prophet-CORE carbon] validation: MAE=54.3496, RMSE=57.2408
2026-09-26 16:25:55 | INFO     | energy_stress.prophet | [Prophet-CORE] Forecast saved → outputs_v2/tuning_rolling/2020/forecasts/carbon/core/prophet/candidate_01/carbon_growth_pct_forecasts_prophet_core.csv
2026-09-26 16:25:55 | INFO     | energy_stress.tuning | Tuning carbon/core/Prophet candidate 2/8: {'changepoint_prior_scale': 0.001, 'seasonality_prior_scale': 10.0, 'seasonality_mode': 'additive'}
2026-09-26 16:25:55 | INFO     | energy_stress.prophet | [Prophet-CORE] Fitting on carbon (train=164 obs, regressors=False, cps=0.001, sps=10.0, reg_ps=n/a, seasonality=additive)
2026-09-26 16:25:55 | INFO     | energy_stress.prophet | [Prophet-CORE carbon] validation: MAE=53.9907, RMSE=58.9119
2026-09-26 16:25:55 | INFO     | energy_stress.prophet | [Prophet-CORE] Forecast saved → outputs_v2/tuning_rolling/2020/forecasts/carbon/core/prophet/candidate_02/carbon_growth_pct_forecasts_prophet_core.csv
2026-09-26 16:25:55 | INFO     | energy_stress.tuning | Tuning carbon/core/Prophet candidate 3/8: {'changepoint_prior_scale': 0.01, 'seasonality_prior_scale': 1.0, 'seasonality_mode': 'additive'}
2026-09-26 16:25:55 | INFO     | energy_stress.prophet | [Prophet-CORE] Fitting on carbon (train=164 obs, regressors=False, cps=0.01, sps=1.0, reg_ps=n/a, seasonality=additive)
2026-09-26 16:25:55 | INFO     | energy_stress.prophet | [Prophet-CORE carbon] validation: MAE=15.5135, RMSE=19.3735
2026-09-26 16:25:55 | INFO     | energy_stress.prophet | [Prophet-CORE] Forecast saved → outputs_v2/tuning_rolling/2020/forecasts/carbon/core/prophet/candidate_03/carbon_growth_pct_forecasts_prophet_core.csv
2026-09-26 16:25:55 | INFO     | energy_stress.tuning | Tuning carbon/core/Prophet candidate 4/8: {'changepoint_prior_scale': 0.01, 'seasonality_prior_scale': 10.0, 'seasonality_mode': 'additive'}
2026-09-26 16:25:55 | INFO     | energy_stress.prophet | [Prophet-CORE] Fitting on carbon (train=164 obs, regressors=False, cps=0.01, sps=10.0, reg_ps=n/a, seasonality=additive)
2026-09-26 16:25:55 | INFO     | energy_stress.prophet | [Prophet-CORE carbon] validation: MAE=15.5286, RMSE=19.3879
2026-09-26 16:25:56 | INFO     | energy_stress.prophet | [Prophet-CORE] Forecast saved → outputs_v2/tuning_rolling/2020/forecasts/carbon/core/prophet/candidate_04/carbon_growth_pct_forecasts_prophet_core.csv
2026-09-26 16:25:56 | INFO     | energy_stress.tuning | Tuning carbon/core/Prophet candidate 5/8: {'changepoint_prior_scale': 0.05, 'seasonality_prior_scale': 1.0, 'seasonality_mode': 'additive'}
2026-09-26 16:25:56 | INFO     | energy_stress.prophet | [Prophet-CORE] Fitting on carbon (train=164 obs, regressors=False, cps=0.05, sps=1.0, reg_ps=n/a, seasonality=additive)
2026-09-26 16:25:56 | INFO     | energy_stress.prophet | [Prophet-CORE carbon] validation: MAE=42.4495, RMSE=44.9661
2026-09-26 16:25:56 | INFO     | energy_stress.prophet | [Prophet-CORE] Forecast saved → outputs_v2/tuning_rolling/2020/forecasts/carbon/core/prophet/candidate_05/carbon_growth_pct_forecasts_prophet_core.csv
2026-09-26 16:25:56 | INFO     | energy_stress.tuning | Tuning carbon/core/Prophet candidate 6/8: {'changepoint_prior_scale': 0.05, 'seasonality_prior_scale': 10.0, 'seasonality_mode': 'additive'}
2026-09-26 16:25:56 | INFO     | energy_stress.prophet | [Prophet-CORE] Fitting on carbon (train=164 obs, regressors=False, cps=0.05, sps=10.0, reg_ps=n/a, seasonality=additive)
2026-09-26 16:25:56 | INFO     | energy_stress.prophet | [Prophet-CORE carbon] validation: MAE=44.6334, RMSE=47.0546
2026-09-26 16:25:56 | INFO     | energy_stress.prophet | [Prophet-CORE] Forecast saved → outputs_v2/tuning_rolling/2020/forecasts/carbon/core/prophet/candidate_06/carbon_growth_pct_forecasts_prophet_core.csv
2026-09-26 16:25:56 | INFO     | energy_stress.tuning | Tuning carbon/core/Prophet candidate 7/8: {'changepoint_prior_scale': 0.1, 'seasonality_prior_scale': 1.0, 'seasonality_mode': 'additive'}
2026-09-26 16:25:56 | INFO     | energy_stress.prophet | [Prophet-CORE] Fitting on carbon (train=164 obs, regressors=False, cps=0.1, sps=1.0, reg_ps=n/a, seasonality=additive)
2026-09-26 16:25:56 | INFO     | energy_stress.prophet | [Prophet-CORE carbon] validation: MAE=48.3420, RMSE=50.5130
2026-09-26 16:25:56 | INFO     | energy_stress.prophet | [Prophet-CORE] Forecast saved → outputs_v2/tuning_rolling/2020/forecasts/carbon/core/prophet/candidate_07/carbon_growth_pct_forecasts_prophet_core.csv
2026-09-26 16:25:56 | INFO     | energy_stress.tuning | Tuning carbon/core/Prophet candidate 8/8: {'changepoint_prior_scale': 0.1, 'seasonality_prior_scale': 10.0, 'seasonality_mode': 'additive'}
2026-09-26 16:25:56 | INFO     | energy_stress.prophet | [Prophet-CORE] Fitting on carbon (train=164 obs, regressors=False, cps=0.1, sps=10.0, reg_ps=n/a, seasonality=additive)
2026-09-26 16:25:56 | INFO     | energy_stress.prophet | [Prophet-CORE carbon] validation: MAE=48.0744, RMSE=50.2626
2026-09-26 16:25:56 | INFO     | energy_stress.prophet | [Prophet-CORE] Forecast saved → outputs_v2/tuning_rolling/2020/forecasts/carbon/core/prophet/candidate_08/carbon_growth_pct_forecasts_prophet_core.csv
2026-09-26 16:25:56 | INFO     | energy_stress.tuning | Best params for carbon/core/Prophet: {'changepoint_prior_scale': 0.01, 'seasonality_prior_scale': 1.0, 'seasonality_mode': 'additive'} (validation score=15.5135)
2026-09-26 16:25:56 | INFO     | energy_stress.tuning | Tuning carbon/core/LSTM candidate 1/3: {'lookback': 6, 'dropout': 0.1, 'learning_rate': 0.001, 'units_1': 64, 'units_2': 32, 'macro_feature_set': 'lstm'}
2026-09-26 16:25:56 | INFO     | energy_stress.lstm | [LSTM-CORE] Training on carbon | train=2006-05-01→2019-12-01 (164 obs), test=2020-01-01→2020-12-01 (12 obs), use_macro=False, lookback=6, dropout=0.1, lr=0.001, units=(64,32), macro_feature_set=lstm
2026-09-26 16:25:58 | INFO     | energy_stress.lstm | [LSTM-CORE carbon] validation: MAE=12.9911, RMSE=14.7788
2026-09-26 16:26:02 | INFO     | energy_stress.lstm | [LSTM-CORE] Forecast saved → outputs_v2/tuning_rolling/2020/forecasts/carbon/core/lstm/candidate_01/carbon_growth_pct_forecasts_lstm_core.csv
2026-09-26 16:26:02 | INFO     | energy_stress.tuning | Tuning carbon/core/LSTM candidate 2/3: {'lookback': 12, 'dropout': 0.2, 'learning_rate': 0.001, 'units_1': 128, 'units_2': 64, 'macro_feature_set': 'lstm'}
2026-09-26 16:26:02 | INFO     | energy_stress.lstm | [LSTM-CORE] Training on carbon | train=2006-05-01→2019-12-01 (164 obs), test=2020-01-01→2020-12-01 (12 obs), use_macro=False, lookback=12, dropout=0.2, lr=0.001, units=(128,64), macro_feature_set=lstm
2026-09-26 16:26:07 | INFO     | energy_stress.lstm | [LSTM-CORE carbon] validation: MAE=12.5750, RMSE=14.4546
2026-09-26 16:26:13 | INFO     | energy_stress.lstm | [LSTM-CORE] Forecast saved → outputs_v2/tuning_rolling/2020/forecasts/carbon/core/lstm/candidate_02/carbon_growth_pct_forecasts_lstm_core.csv
2026-09-26 16:26:13 | INFO     | energy_stress.tuning | Tuning carbon/core/LSTM candidate 3/3: {'lookback': 18, 'dropout': 0.25, 'learning_rate': 0.0005, 'units_1': 128, 'units_2': 64, 'macro_feature_set': 'lstm'}
2026-09-26 16:26:13 | INFO     | energy_stress.lstm | [LSTM-CORE] Training on carbon | train=2006-05-01→2019-12-01 (164 obs), test=2020-01-01→2020-12-01 (12 obs), use_macro=False, lookback=18, dropout=0.25, lr=0.0005, units=(128,64), macro_feature_set=lstm
2026-09-26 16:26:17 | INFO     | energy_stress.lstm | [LSTM-CORE carbon] validation: MAE=12.6268, RMSE=16.9679
2026-09-26 16:26:23 | INFO     | energy_stress.lstm | [LSTM-CORE] Forecast saved → outputs_v2/tuning_rolling/2020/forecasts/carbon/core/lstm/candidate_03/carbon_growth_pct_forecasts_lstm_core.csv
2026-09-26 16:26:23 | INFO     | energy_stress.tuning | Best params for carbon/core/LSTM: {'lookback': 12, 'dropout': 0.2, 'learning_rate': 0.001, 'units_1': 128, 'units_2': 64, 'macro_feature_set': 'lstm'} (validation score=12.5750)
2026-09-26 16:26:23 | INFO     | energy_stress.tuning | Tuning carbon/core/TFT candidate 1/3: {'lookback': 6, 'hidden': 32, 'n_heads': 4, 'learning_rate': 0.001}
2026-09-26 16:26:23 | INFO     | energy_stress.tft | [TFT/pytorch-forecasting] Fitting carbon (core)
2026-09-26 16:27:06 | INFO     | energy_stress.tft | [TFT carbon] validation: MAE=43.3576, RMSE=48.8422
2026-09-26 16:27:47 | INFO     | energy_stress.tft | [TFT] Forecast saved → outputs_v2/tuning_rolling/2020/forecasts/carbon/core/tft/candidate_01/carbon_growth_pct_forecasts_tft_core.csv
2026-09-26 16:27:47 | INFO     | energy_stress.tuning | Tuning carbon/core/TFT candidate 2/3: {'lookback': 12, 'hidden': 64, 'n_heads': 4, 'learning_rate': 0.0005}
2026-09-26 16:27:47 | INFO     | energy_stress.tft | [TFT/pytorch-forecasting] Fitting carbon (core)
2026-09-26 16:28:30 | INFO     | energy_stress.tft | [TFT carbon] validation: MAE=35.6205, RMSE=43.3694
2026-09-26 16:29:11 | INFO     | energy_stress.tft | [TFT] Forecast saved → outputs_v2/tuning_rolling/2020/forecasts/carbon/core/tft/candidate_02/carbon_growth_pct_forecasts_tft_core.csv
2026-09-26 16:29:11 | INFO     | energy_stress.tuning | Tuning carbon/core/TFT candidate 3/3: {'lookback': 18, 'hidden': 64, 'n_heads': 4, 'learning_rate': 0.0005}
2026-09-26 16:29:11 | INFO     | energy_stress.tft | [TFT/pytorch-forecasting] Fitting carbon (core)
2026-09-26 16:29:55 | INFO     | energy_stress.tft | [TFT carbon] validation: MAE=35.8192, RMSE=44.0043
2026-09-26 16:30:37 | INFO     | energy_stress.tft | [TFT] Forecast saved → outputs_v2/tuning_rolling/2020/forecasts/carbon/core/tft/candidate_03/carbon_growth_pct_forecasts_tft_core.csv
2026-09-26 16:30:37 | INFO     | energy_stress.tuning | Best params for carbon/core/TFT: {'lookback': 12, 'hidden': 64, 'n_heads': 4, 'learning_rate': 0.0005} (validation score=35.6205)
2026-09-26 16:30:37 | INFO     | energy_stress.tuning | Tuning results saved → outputs_v2/tuning_rolling/2020/model_tuning_results.csv
2026-09-26 16:30:37 | INFO     | energy_stress.forecast_pipeline | 
──────────────────────────────────────────────────
Series: GAS
──────────────────────────────────────────────────
2026-09-26 16:30:37 | INFO     | energy_stress.forecast_pipeline | [gas] train=164, test=12, full=176 (through 2020-12-01), actual_target=12 non-null (2021-01-01..2021-12-01)
2026-09-26 16:30:37 | INFO     | energy_stress.sarima | [SARIMA-CORE] Fitting on gas (train=164 obs)
2026-09-26 16:30:48 | INFO     | energy_stress.sarima | SARIMA best order: (2, 0, 0) × (2, 1, 1, 12)
2026-09-26 16:30:48 | INFO     | energy_stress.sarima | [SARIMA-CORE gas] validation: MAE=9.9764, RMSE=10.0556, MAPE=739.01%
2026-09-26 16:30:48 | INFO     | energy_stress.sarima | [SARIMA-CORE] Forecast saved → outputs_v2/forecasts_rolling/2020/gas_growth_pct_forecasts_sarima_core.csv
2026-09-26 16:30:48 | INFO     | energy_stress.prophet | [Prophet-CORE] Fitting on gas (train=164 obs, regressors=False, cps=0.01, sps=1.0, reg_ps=n/a, seasonality=multiplicative)
2026-09-26 16:30:48 | INFO     | energy_stress.prophet | [Prophet-CORE gas] validation: MAE=4.1163, RMSE=6.4421
2026-09-26 16:30:48 | INFO     | energy_stress.prophet | [Prophet-CORE] Forecast saved → outputs_v2/forecasts_rolling/2020/gas_growth_pct_forecasts_prophet_core.csv
2026-09-26 16:30:48 | INFO     | energy_stress.lstm | [LSTM-CORE] Training on gas | train=2006-05-01→2019-12-01 (164 obs), test=2020-01-01→2020-12-01 (12 obs), use_macro=False, lookback=6, dropout=0.1, lr=0.001, units=(64,32), macro_feature_set=lstm
2026-09-26 16:30:55 | INFO     | energy_stress.lstm | [LSTM-CORE gas] validation: MAE=5.0177, RMSE=5.9762
2026-09-26 16:31:00 | INFO     | energy_stress.lstm | [LSTM-CORE] Forecast saved → outputs_v2/forecasts_rolling/2020/gas_growth_pct_forecasts_lstm_core.csv
2026-09-26 16:31:00 | INFO     | energy_stress.lstm | [LSTM-CORE] Model saved → outputs_v2/models
2026-09-26 16:31:00 | INFO     | energy_stress.tft | [TFT/pytorch-forecasting] Fitting gas (core)
2026-09-26 16:32:07 | INFO     | energy_stress.tft | [TFT gas] validation: MAE=15.1565, RMSE=18.0609
2026-09-26 16:33:14 | INFO     | energy_stress.tft | [TFT] Forecast saved → outputs_v2/forecasts_rolling/2020/gas_growth_pct_forecasts_tft_core.csv
2026-09-26 16:33:14 | INFO     | energy_stress.forecast_pipeline | 
──────────────────────────────────────────────────
Series: ELECTRICITY
──────────────────────────────────────────────────
2026-09-26 16:33:14 | INFO     | energy_stress.forecast_pipeline | [electricity] train=164, test=12, full=176 (through 2020-12-01), actual_target=12 non-null (2021-01-01..2021-12-01)
2026-09-26 16:33:14 | INFO     | energy_stress.sarima | [SARIMA-CORE] Fitting on electricity (train=164 obs)
2026-09-26 16:33:36 | INFO     | energy_stress.sarima | SARIMA best order: (2, 0, 0) × (2, 1, 1, 12)
2026-09-26 16:33:36 | INFO     | energy_stress.sarima | [SARIMA-CORE electricity] validation: MAE=8.7674, RMSE=9.1341, MAPE=329.44%
2026-09-26 16:33:36 | INFO     | energy_stress.sarima | [SARIMA-CORE] Forecast saved → outputs_v2/forecasts_rolling/2020/electricity_growth_pct_forecasts_sarima_core.csv
2026-09-26 16:33:36 | INFO     | energy_stress.prophet | [Prophet-CORE] Fitting on electricity (train=164 obs, regressors=False, cps=0.01, sps=1.0, reg_ps=n/a, seasonality=additive)
2026-09-26 16:33:37 | INFO     | energy_stress.prophet | [Prophet-CORE electricity] validation: MAE=2.9916, RMSE=5.4327
2026-09-26 16:33:37 | INFO     | energy_stress.prophet | [Prophet-CORE] Forecast saved → outputs_v2/forecasts_rolling/2020/electricity_growth_pct_forecasts_prophet_core.csv
2026-09-26 16:33:37 | INFO     | energy_stress.lstm | [LSTM-CORE] Training on electricity | train=2006-05-01→2019-12-01 (164 obs), test=2020-01-01→2020-12-01 (12 obs), use_macro=False, lookback=12, dropout=0.2, lr=0.001, units=(128,64), macro_feature_set=lstm
2026-09-26 16:33:39 | INFO     | energy_stress.lstm | [LSTM-CORE electricity] validation: MAE=6.8219, RMSE=7.3287
2026-09-26 16:33:45 | INFO     | energy_stress.lstm | [LSTM-CORE] Forecast saved → outputs_v2/forecasts_rolling/2020/electricity_growth_pct_forecasts_lstm_core.csv
2026-09-26 16:33:45 | INFO     | energy_stress.lstm | [LSTM-CORE] Model saved → outputs_v2/models
2026-09-26 16:33:45 | INFO     | energy_stress.tft | [TFT/pytorch-forecasting] Fitting electricity (core)
2026-09-26 16:34:46 | INFO     | energy_stress.tft | [TFT electricity] validation: MAE=5.0316, RMSE=5.0695
2026-09-26 16:35:48 | INFO     | energy_stress.tft | [TFT] Forecast saved → outputs_v2/forecasts_rolling/2020/electricity_growth_pct_forecasts_tft_core.csv
2026-09-26 16:35:48 | INFO     | energy_stress.forecast_pipeline | 
──────────────────────────────────────────────────
Series: CARBON
──────────────────────────────────────────────────
2026-09-26 16:35:48 | INFO     | energy_stress.forecast_pipeline | [carbon] train=164, test=12, full=176 (through 2020-12-01), actual_target=12 non-null (2021-01-01..2021-12-01)
2026-09-26 16:35:48 | INFO     | energy_stress.sarima | [SARIMA-CORE] Fitting on carbon (train=164 obs)
2026-09-26 16:35:59 | INFO     | energy_stress.sarima | SARIMA best order: (1, 0, 0) × (2, 1, 0, 12)
2026-09-26 16:35:59 | INFO     | energy_stress.sarima | [SARIMA-CORE carbon] validation: MAE=36.5332, RMSE=40.0694, MAPE=883.15%
2026-09-26 16:35:59 | INFO     | energy_stress.sarima | [SARIMA-CORE] Forecast saved → outputs_v2/forecasts_rolling/2020/carbon_growth_pct_forecasts_sarima_core.csv
2026-09-26 16:35:59 | INFO     | energy_stress.prophet | [Prophet-CORE] Fitting on carbon (train=164 obs, regressors=False, cps=0.01, sps=1.0, reg_ps=n/a, seasonality=additive)
2026-09-26 16:35:59 | INFO     | energy_stress.prophet | [Prophet-CORE carbon] validation: MAE=15.5135, RMSE=19.3735
2026-09-26 16:35:59 | INFO     | energy_stress.prophet | [Prophet-CORE] Forecast saved → outputs_v2/forecasts_rolling/2020/carbon_growth_pct_forecasts_prophet_core.csv
2026-09-26 16:35:59 | INFO     | energy_stress.lstm | [LSTM-CORE] Training on carbon | train=2006-05-01→2019-12-01 (164 obs), test=2020-01-01→2020-12-01 (12 obs), use_macro=False, lookback=12, dropout=0.2, lr=0.001, units=(128,64), macro_feature_set=lstm
2026-09-26 16:36:04 | INFO     | energy_stress.lstm | [LSTM-CORE carbon] validation: MAE=12.7201, RMSE=14.6108
2026-09-26 16:36:12 | INFO     | energy_stress.lstm | [LSTM-CORE] Forecast saved → outputs_v2/forecasts_rolling/2020/carbon_growth_pct_forecasts_lstm_core.csv
2026-09-26 16:36:12 | INFO     | energy_stress.lstm | [LSTM-CORE] Model saved → outputs_v2/models
2026-09-26 16:36:12 | INFO     | energy_stress.tft | [TFT/pytorch-forecasting] Fitting carbon (core)
2026-09-26 16:37:15 | INFO     | energy_stress.tft | [TFT carbon] validation: MAE=45.5287, RMSE=55.8928
2026-09-26 16:38:21 | INFO     | energy_stress.tft | [TFT] Forecast saved → outputs_v2/forecasts_rolling/2020/carbon_growth_pct_forecasts_tft_core.csv
2026-09-26 16:38:21 | DEBUG    | energy_stress.model_evaluation | Loaded outputs_v2/forecasts_rolling/2020/gas_growth_pct_forecasts_sarima_core.csv (12 rows)
2026-09-26 16:38:21 | WARNING  | energy_stress.model_evaluation | Forecast file not found: outputs_v2/forecasts_rolling/2020/gas_growth_pct_forecasts_sarima_macro.csv
2026-09-26 16:38:21 | DEBUG    | energy_stress.model_evaluation | Loaded outputs_v2/forecasts_rolling/2020/gas_growth_pct_forecasts_prophet_core.csv (12 rows)
2026-09-26 16:38:21 | WARNING  | energy_stress.model_evaluation | Forecast file not found: outputs_v2/forecasts_rolling/2020/gas_growth_pct_forecasts_prophet_macro.csv
2026-09-26 16:38:21 | DEBUG    | energy_stress.model_evaluation | Loaded outputs_v2/forecasts_rolling/2020/gas_growth_pct_forecasts_lstm_core.csv (12 rows)
2026-09-26 16:38:21 | WARNING  | energy_stress.model_evaluation | Forecast file not found: outputs_v2/forecasts_rolling/2020/gas_growth_pct_forecasts_lstm_macro.csv
2026-09-26 16:38:21 | DEBUG    | energy_stress.model_evaluation | Loaded outputs_v2/forecasts_rolling/2020/gas_growth_pct_forecasts_tft_core.csv (12 rows)
2026-09-26 16:38:21 | WARNING  | energy_stress.model_evaluation | Forecast file not found: outputs_v2/forecasts_rolling/2020/gas_growth_pct_forecasts_tft_macro.csv
2026-09-26 16:38:21 | INFO     | energy_stress.model_evaluation | Combined forecasts (48 rows) → outputs_v2/forecasts_rolling/2020/gas_growth_pct_forecasts_all.csv
2026-09-26 16:38:21 | INFO     | energy_stress.model_evaluation |   core combined → outputs_v2/forecasts_rolling/2020/gas_growth_pct_forecasts_core.csv
2026-09-26 16:38:21 | DEBUG    | energy_stress.model_evaluation | Loaded outputs_v2/forecasts_rolling/2020/electricity_growth_pct_forecasts_sarima_core.csv (12 rows)
2026-09-26 16:38:21 | WARNING  | energy_stress.model_evaluation | Forecast file not found: outputs_v2/forecasts_rolling/2020/electricity_growth_pct_forecasts_sarima_macro.csv
2026-09-26 16:38:21 | DEBUG    | energy_stress.model_evaluation | Loaded outputs_v2/forecasts_rolling/2020/electricity_growth_pct_forecasts_prophet_core.csv (12 rows)
2026-09-26 16:38:21 | WARNING  | energy_stress.model_evaluation | Forecast file not found: outputs_v2/forecasts_rolling/2020/electricity_growth_pct_forecasts_prophet_macro.csv
2026-09-26 16:38:21 | DEBUG    | energy_stress.model_evaluation | Loaded outputs_v2/forecasts_rolling/2020/electricity_growth_pct_forecasts_lstm_core.csv (12 rows)
2026-09-26 16:38:21 | WARNING  | energy_stress.model_evaluation | Forecast file not found: outputs_v2/forecasts_rolling/2020/electricity_growth_pct_forecasts_lstm_macro.csv
2026-09-26 16:38:21 | DEBUG    | energy_stress.model_evaluation | Loaded outputs_v2/forecasts_rolling/2020/electricity_growth_pct_forecasts_tft_core.csv (12 rows)
2026-09-26 16:38:21 | WARNING  | energy_stress.model_evaluation | Forecast file not found: outputs_v2/forecasts_rolling/2020/electricity_growth_pct_forecasts_tft_macro.csv
2026-09-26 16:38:21 | INFO     | energy_stress.model_evaluation | Combined forecasts (48 rows) → outputs_v2/forecasts_rolling/2020/electricity_growth_pct_forecasts_all.csv
2026-09-26 16:38:21 | INFO     | energy_stress.model_evaluation |   core combined → outputs_v2/forecasts_rolling/2020/electricity_growth_pct_forecasts_core.csv
2026-09-26 16:38:21 | DEBUG    | energy_stress.model_evaluation | Loaded outputs_v2/forecasts_rolling/2020/carbon_growth_pct_forecasts_sarima_core.csv (12 rows)
2026-09-26 16:38:21 | WARNING  | energy_stress.model_evaluation | Forecast file not found: outputs_v2/forecasts_rolling/2020/carbon_growth_pct_forecasts_sarima_macro.csv
2026-09-26 16:38:21 | DEBUG    | energy_stress.model_evaluation | Loaded outputs_v2/forecasts_rolling/2020/carbon_growth_pct_forecasts_prophet_core.csv (12 rows)
2026-09-26 16:38:21 | WARNING  | energy_stress.model_evaluation | Forecast file not found: outputs_v2/forecasts_rolling/2020/carbon_growth_pct_forecasts_prophet_macro.csv
2026-09-26 16:38:21 | DEBUG    | energy_stress.model_evaluation | Loaded outputs_v2/forecasts_rolling/2020/carbon_growth_pct_forecasts_lstm_core.csv (12 rows)
2026-09-26 16:38:21 | WARNING  | energy_stress.model_evaluation | Forecast file not found: outputs_v2/forecasts_rolling/2020/carbon_growth_pct_forecasts_lstm_macro.csv
2026-09-26 16:38:21 | DEBUG    | energy_stress.model_evaluation | Loaded outputs_v2/forecasts_rolling/2020/carbon_growth_pct_forecasts_tft_core.csv (12 rows)
2026-09-26 16:38:21 | WARNING  | energy_stress.model_evaluation | Forecast file not found: outputs_v2/forecasts_rolling/2020/carbon_growth_pct_forecasts_tft_macro.csv
2026-09-26 16:38:21 | INFO     | energy_stress.model_evaluation | Combined forecasts (48 rows) → outputs_v2/forecasts_rolling/2020/carbon_growth_pct_forecasts_all.csv
2026-09-26 16:38:21 | INFO     | energy_stress.model_evaluation |   core combined → outputs_v2/forecasts_rolling/2020/carbon_growth_pct_forecasts_core.csv
2026-09-26 16:38:21 | INFO     | energy_stress.model_evaluation | Evaluating 12 model results across all series and modes
2026-09-26 16:38:21 | INFO     | energy_stress.model_evaluation | Best model [carbon][core]: LSTM (selection_score=1.225)
2026-09-26 16:38:21 | INFO     | energy_stress.model_evaluation | Best model [electricity][core]: Prophet (selection_score=1.350)
2026-09-26 16:38:21 | INFO     | energy_stress.model_evaluation | Best model [gas][core]: Prophet (selection_score=1.350)
2026-09-26 16:38:21 | INFO     | energy_stress.model_evaluation | Metrics table saved → outputs_v2/tables/rolling/2020/model_metrics_comparison.csv
2026-09-26 16:38:21 | INFO     | energy_stress.fes | Best models selected:
2026-09-26 16:38:21 | INFO     | energy_stress.fes |   [carbon][core] → LSTM
2026-09-26 16:38:21 | INFO     | energy_stress.fes |   [electricity][core] → Prophet
2026-09-26 16:38:21 | INFO     | energy_stress.fes |   [gas][core] → Prophet
2026-09-26 16:38:21 | INFO     | energy_stress.fes | Per-series mode selected for FES_selected (metric per series/mode: {('gas', 'core'): 'RMSE', ('electricity', 'core'): 'RMSE', ('carbon', 'core'): 'RMSE'}): {'gas': 'core', 'electricity': 'core', 'carbon': 'core'}
2026-09-26 16:38:21 | INFO     | energy_stress.fes | FES_Weighted series weights (inverse validation-RMSE, normalized to mean 1.0): {'gas': 1.1421168969102142, 'electricity': 1.3543087544196815, 'carbon': 0.5035743486701049}
2026-09-26 16:38:21 | INFO     | energy_stress.fes | [gas] train μ=5.6239, σ=15.0872 | unc_ref μ=6.3151, σ=6.0560
2026-09-26 16:38:21 | INFO     | energy_stress.fes | [electricity] train μ=6.3867, σ=8.6382 | unc_ref μ=4.2281, σ=3.3468
2026-09-26 16:38:21 | INFO     | energy_stress.fes | [carbon] train μ=0.7513, σ=172.4009 | unc_ref μ=71.9716, σ=107.9204
2026-09-26 16:38:21 | INFO     | energy_stress.fes | [actual real-vol] train μ=0.5069, σ=0.3881
2026-09-26 16:38:21 | WARNING  | energy_stress.fes | No best model found for (gas, macro)
2026-09-26 16:38:21 | WARNING  | energy_stress.fes | No best model found for (electricity, macro)
2026-09-26 16:38:21 | WARNING  | energy_stress.fes | No best model found for (carbon, macro)
2026-09-26 16:38:21 | INFO     | energy_stress.fes | Monthly FES saved → outputs_v2/fes/rolling/2020/fes_monthly_2021.csv
2026-09-26 16:38:21 | INFO     | energy_stress.fes | [gas] train μ=6.7756, σ=14.9105 | unc_ref μ=6.3430, σ=6.2800
2026-09-26 16:38:21 | INFO     | energy_stress.fes | [electricity] train μ=6.8295, σ=8.6923 | unc_ref μ=4.2072, σ=3.4693
2026-09-26 16:38:21 | INFO     | energy_stress.fes | [carbon] train μ=0.9325, σ=178.5876 | unc_ref μ=75.8894, σ=110.9473
2026-09-26 16:38:21 | INFO     | energy_stress.fes | [actual real-vol] train μ=0.5099, σ=0.3817
2026-09-26 16:38:21 | INFO     | energy_stress.fes | FES_actual, prior year 2020 (baseline for FES_selected's 2021 forecast): mean=-1.91286 -> outputs_v2/fes/rolling/2020/fes_prior_actual_2020.csv
2026-09-26 16:38:21 | INFO     | energy_stress.fes | FES comparison metrics saved → outputs_v2/fes/rolling/2020/fes_comparison_metrics.csv  (9 rows)
2026-09-26 16:38:21 | INFO     | energy_stress.fes | Best RMSE per variant:
FES_variant
Equal_Core        2.19522
Equal_Selected    2.19522
Equal_Weighted    2.58324
2026-09-26 16:38:21 | INFO     | energy_stress.forecast_pipeline | ========================================
2026-09-26 16:38:21 | INFO     | energy_stress.forecast_pipeline | STAGE 2: Rolling year as_of=2021 (split train<2021, test=2021, refit<=2021, forecast=2022)
2026-09-26 16:38:21 | INFO     | energy_stress.forecast_pipeline | ========================================
2026-09-26 16:38:21 | INFO     | energy_stress.preprocessing | Train: 176 rows (through 2020-12-01) | Test: 12 rows (2021-01-01..2021-12-01)
2026-09-26 16:38:21 | INFO     | energy_stress.forecast_pipeline | ========================================
2026-09-26 16:38:21 | INFO     | energy_stress.forecast_pipeline | STAGE 2: Per-origin tuning, as_of=2021
2026-09-26 16:38:21 | INFO     | energy_stress.forecast_pipeline | ========================================
2026-09-26 16:38:21 | INFO     | energy_stress.tuning | Tuning gas/core/SARIMA candidate 1/1: {}
2026-09-26 16:38:21 | INFO     | energy_stress.sarima | [SARIMA-CORE] Fitting on gas (train=176 obs)
2026-09-26 16:38:36 | INFO     | energy_stress.sarima | SARIMA best order: (1, 0, 1) × (2, 1, 1, 12)
2026-09-26 16:38:36 | INFO     | energy_stress.sarima | [SARIMA-CORE gas] validation: MAE=11.2236, RMSE=17.6900, MAPE=80.24%
2026-09-26 16:38:36 | INFO     | energy_stress.sarima | [SARIMA-CORE] Forecast saved → outputs_v2/tuning_rolling/2021/forecasts/gas/core/sarima/candidate_01/gas_growth_pct_forecasts_sarima_core.csv
2026-09-26 16:38:36 | INFO     | energy_stress.tuning | Tuning gas/core/Prophet candidate 1/16: {'changepoint_prior_scale': 0.001, 'seasonality_prior_scale': 1.0, 'seasonality_mode': 'additive'}
2026-09-26 16:38:36 | INFO     | energy_stress.prophet | [Prophet-CORE] Fitting on gas (train=176 obs, regressors=False, cps=0.001, sps=1.0, reg_ps=n/a, seasonality=additive)
2026-09-26 16:38:36 | INFO     | energy_stress.prophet | [Prophet-CORE gas] validation: MAE=14.4752, RMSE=20.4809
2026-09-26 16:38:37 | INFO     | energy_stress.prophet | [Prophet-CORE] Forecast saved → outputs_v2/tuning_rolling/2021/forecasts/gas/core/prophet/candidate_01/gas_growth_pct_forecasts_prophet_core.csv
2026-09-26 16:38:37 | INFO     | energy_stress.tuning | Tuning gas/core/Prophet candidate 2/16: {'changepoint_prior_scale': 0.001, 'seasonality_prior_scale': 1.0, 'seasonality_mode': 'multiplicative'}
2026-09-26 16:38:37 | INFO     | energy_stress.prophet | [Prophet-CORE] Fitting on gas (train=176 obs, regressors=False, cps=0.001, sps=1.0, reg_ps=n/a, seasonality=multiplicative)
2026-09-26 16:38:37 | INFO     | energy_stress.prophet | [Prophet-CORE gas] validation: MAE=14.4426, RMSE=21.0541
2026-09-26 16:38:37 | INFO     | energy_stress.prophet | [Prophet-CORE] Forecast saved → outputs_v2/tuning_rolling/2021/forecasts/gas/core/prophet/candidate_02/gas_growth_pct_forecasts_prophet_core.csv
2026-09-26 16:38:37 | INFO     | energy_stress.tuning | Tuning gas/core/Prophet candidate 3/16: {'changepoint_prior_scale': 0.001, 'seasonality_prior_scale': 10.0, 'seasonality_mode': 'additive'}
2026-09-26 16:38:37 | INFO     | energy_stress.prophet | [Prophet-CORE] Fitting on gas (train=176 obs, regressors=False, cps=0.001, sps=10.0, reg_ps=n/a, seasonality=additive)
2026-09-26 16:38:38 | INFO     | energy_stress.prophet | [Prophet-CORE gas] validation: MAE=14.5246, RMSE=20.5187
2026-09-26 16:38:38 | INFO     | energy_stress.prophet | [Prophet-CORE] Forecast saved → outputs_v2/tuning_rolling/2021/forecasts/gas/core/prophet/candidate_03/gas_growth_pct_forecasts_prophet_core.csv
2026-09-26 16:38:38 | INFO     | energy_stress.tuning | Tuning gas/core/Prophet candidate 4/16: {'changepoint_prior_scale': 0.001, 'seasonality_prior_scale': 10.0, 'seasonality_mode': 'multiplicative'}
2026-09-26 16:38:38 | INFO     | energy_stress.prophet | [Prophet-CORE] Fitting on gas (train=176 obs, regressors=False, cps=0.001, sps=10.0, reg_ps=n/a, seasonality=multiplicative)
2026-09-26 16:38:39 | INFO     | energy_stress.prophet | [Prophet-CORE gas] validation: MAE=14.2622, RMSE=20.9166
2026-09-26 16:38:39 | INFO     | energy_stress.prophet | [Prophet-CORE] Forecast saved → outputs_v2/tuning_rolling/2021/forecasts/gas/core/prophet/candidate_04/gas_growth_pct_forecasts_prophet_core.csv
2026-09-26 16:38:39 | INFO     | energy_stress.tuning | Tuning gas/core/Prophet candidate 5/16: {'changepoint_prior_scale': 0.01, 'seasonality_prior_scale': 1.0, 'seasonality_mode': 'additive'}
2026-09-26 16:38:39 | INFO     | energy_stress.prophet | [Prophet-CORE] Fitting on gas (train=176 obs, regressors=False, cps=0.01, sps=1.0, reg_ps=n/a, seasonality=additive)
2026-09-26 16:38:39 | INFO     | energy_stress.prophet | [Prophet-CORE gas] validation: MAE=14.5784, RMSE=20.5561
2026-09-26 16:38:40 | INFO     | energy_stress.prophet | [Prophet-CORE] Forecast saved → outputs_v2/tuning_rolling/2021/forecasts/gas/core/prophet/candidate_05/gas_growth_pct_forecasts_prophet_core.csv
2026-09-26 16:38:40 | INFO     | energy_stress.tuning | Tuning gas/core/Prophet candidate 6/16: {'changepoint_prior_scale': 0.01, 'seasonality_prior_scale': 1.0, 'seasonality_mode': 'multiplicative'}
2026-09-26 16:38:40 | INFO     | energy_stress.prophet | [Prophet-CORE] Fitting on gas (train=176 obs, regressors=False, cps=0.01, sps=1.0, reg_ps=n/a, seasonality=multiplicative)
2026-09-26 16:38:40 | INFO     | energy_stress.prophet | [Prophet-CORE gas] validation: MAE=17.3946, RMSE=24.3608
2026-09-26 16:38:40 | INFO     | energy_stress.prophet | [Prophet-CORE] Forecast saved → outputs_v2/tuning_rolling/2021/forecasts/gas/core/prophet/candidate_06/gas_growth_pct_forecasts_prophet_core.csv
2026-09-26 16:38:40 | INFO     | energy_stress.tuning | Tuning gas/core/Prophet candidate 7/16: {'changepoint_prior_scale': 0.01, 'seasonality_prior_scale': 10.0, 'seasonality_mode': 'additive'}
2026-09-26 16:38:40 | INFO     | energy_stress.prophet | [Prophet-CORE] Fitting on gas (train=176 obs, regressors=False, cps=0.01, sps=10.0, reg_ps=n/a, seasonality=additive)
2026-09-26 16:38:40 | INFO     | energy_stress.prophet | [Prophet-CORE gas] validation: MAE=17.4794, RMSE=24.2289
2026-09-26 16:38:40 | INFO     | energy_stress.prophet | [Prophet-CORE] Forecast saved → outputs_v2/tuning_rolling/2021/forecasts/gas/core/prophet/candidate_07/gas_growth_pct_forecasts_prophet_core.csv
2026-09-26 16:38:40 | INFO     | energy_stress.tuning | Tuning gas/core/Prophet candidate 8/16: {'changepoint_prior_scale': 0.01, 'seasonality_prior_scale': 10.0, 'seasonality_mode': 'multiplicative'}
2026-09-26 16:38:40 | INFO     | energy_stress.prophet | [Prophet-CORE] Fitting on gas (train=176 obs, regressors=False, cps=0.01, sps=10.0, reg_ps=n/a, seasonality=multiplicative)
2026-09-26 16:38:40 | INFO     | energy_stress.prophet | [Prophet-CORE gas] validation: MAE=16.8928, RMSE=23.6788
2026-09-26 16:38:41 | INFO     | energy_stress.prophet | [Prophet-CORE] Forecast saved → outputs_v2/tuning_rolling/2021/forecasts/gas/core/prophet/candidate_08/gas_growth_pct_forecasts_prophet_core.csv
2026-09-26 16:38:41 | INFO     | energy_stress.tuning | Tuning gas/core/Prophet candidate 9/16: {'changepoint_prior_scale': 0.05, 'seasonality_prior_scale': 1.0, 'seasonality_mode': 'additive'}
2026-09-26 16:38:41 | INFO     | energy_stress.prophet | [Prophet-CORE] Fitting on gas (train=176 obs, regressors=False, cps=0.05, sps=1.0, reg_ps=n/a, seasonality=additive)
2026-09-26 16:38:41 | INFO     | energy_stress.prophet | [Prophet-CORE gas] validation: MAE=14.5036, RMSE=20.5591
2026-09-26 16:38:41 | INFO     | energy_stress.prophet | [Prophet-CORE] Forecast saved → outputs_v2/tuning_rolling/2021/forecasts/gas/core/prophet/candidate_09/gas_growth_pct_forecasts_prophet_core.csv
2026-09-26 16:38:41 | INFO     | energy_stress.tuning | Tuning gas/core/Prophet candidate 10/16: {'changepoint_prior_scale': 0.05, 'seasonality_prior_scale': 1.0, 'seasonality_mode': 'multiplicative'}
2026-09-26 16:38:41 | INFO     | energy_stress.prophet | [Prophet-CORE] Fitting on gas (train=176 obs, regressors=False, cps=0.05, sps=1.0, reg_ps=n/a, seasonality=multiplicative)
2026-09-26 16:38:41 | INFO     | energy_stress.prophet | [Prophet-CORE gas] validation: MAE=14.3361, RMSE=20.9640
2026-09-26 16:38:41 | INFO     | energy_stress.prophet | [Prophet-CORE] Forecast saved → outputs_v2/tuning_rolling/2021/forecasts/gas/core/prophet/candidate_10/gas_growth_pct_forecasts_prophet_core.csv
2026-09-26 16:38:41 | INFO     | energy_stress.tuning | Tuning gas/core/Prophet candidate 11/16: {'changepoint_prior_scale': 0.05, 'seasonality_prior_scale': 10.0, 'seasonality_mode': 'additive'}
2026-09-26 16:38:41 | INFO     | energy_stress.prophet | [Prophet-CORE] Fitting on gas (train=176 obs, regressors=False, cps=0.05, sps=10.0, reg_ps=n/a, seasonality=additive)
2026-09-26 16:38:41 | INFO     | energy_stress.prophet | [Prophet-CORE gas] validation: MAE=14.5050, RMSE=20.5596
2026-09-26 16:38:42 | INFO     | energy_stress.prophet | [Prophet-CORE] Forecast saved → outputs_v2/tuning_rolling/2021/forecasts/gas/core/prophet/candidate_11/gas_growth_pct_forecasts_prophet_core.csv
2026-09-26 16:38:42 | INFO     | energy_stress.tuning | Tuning gas/core/Prophet candidate 12/16: {'changepoint_prior_scale': 0.05, 'seasonality_prior_scale': 10.0, 'seasonality_mode': 'multiplicative'}
2026-09-26 16:38:42 | INFO     | energy_stress.prophet | [Prophet-CORE] Fitting on gas (train=176 obs, regressors=False, cps=0.05, sps=10.0, reg_ps=n/a, seasonality=multiplicative)
2026-09-26 16:38:42 | INFO     | energy_stress.prophet | [Prophet-CORE gas] validation: MAE=14.6482, RMSE=21.2758
2026-09-26 16:38:42 | INFO     | energy_stress.prophet | [Prophet-CORE] Forecast saved → outputs_v2/tuning_rolling/2021/forecasts/gas/core/prophet/candidate_12/gas_growth_pct_forecasts_prophet_core.csv
2026-09-26 16:38:42 | INFO     | energy_stress.tuning | Tuning gas/core/Prophet candidate 13/16: {'changepoint_prior_scale': 0.1, 'seasonality_prior_scale': 1.0, 'seasonality_mode': 'additive'}
2026-09-26 16:38:42 | INFO     | energy_stress.prophet | [Prophet-CORE] Fitting on gas (train=176 obs, regressors=False, cps=0.1, sps=1.0, reg_ps=n/a, seasonality=additive)
2026-09-26 16:38:42 | INFO     | energy_stress.prophet | [Prophet-CORE gas] validation: MAE=14.0412, RMSE=20.0483
2026-09-26 16:38:42 | INFO     | energy_stress.prophet | [Prophet-CORE] Forecast saved → outputs_v2/tuning_rolling/2021/forecasts/gas/core/prophet/candidate_13/gas_growth_pct_forecasts_prophet_core.csv
2026-09-26 16:38:42 | INFO     | energy_stress.tuning | Tuning gas/core/Prophet candidate 14/16: {'changepoint_prior_scale': 0.1, 'seasonality_prior_scale': 1.0, 'seasonality_mode': 'multiplicative'}
2026-09-26 16:38:42 | INFO     | energy_stress.prophet | [Prophet-CORE] Fitting on gas (train=176 obs, regressors=False, cps=0.1, sps=1.0, reg_ps=n/a, seasonality=multiplicative)
2026-09-26 16:38:42 | INFO     | energy_stress.prophet | [Prophet-CORE gas] validation: MAE=13.9131, RMSE=20.4464
2026-09-26 16:38:42 | INFO     | energy_stress.prophet | [Prophet-CORE] Forecast saved → outputs_v2/tuning_rolling/2021/forecasts/gas/core/prophet/candidate_14/gas_growth_pct_forecasts_prophet_core.csv
2026-09-26 16:38:42 | INFO     | energy_stress.tuning | Tuning gas/core/Prophet candidate 15/16: {'changepoint_prior_scale': 0.1, 'seasonality_prior_scale': 10.0, 'seasonality_mode': 'additive'}
2026-09-26 16:38:42 | INFO     | energy_stress.prophet | [Prophet-CORE] Fitting on gas (train=176 obs, regressors=False, cps=0.1, sps=10.0, reg_ps=n/a, seasonality=additive)
2026-09-26 16:38:42 | INFO     | energy_stress.prophet | [Prophet-CORE gas] validation: MAE=13.9993, RMSE=20.0040
2026-09-26 16:38:42 | INFO     | energy_stress.prophet | [Prophet-CORE] Forecast saved → outputs_v2/tuning_rolling/2021/forecasts/gas/core/prophet/candidate_15/gas_growth_pct_forecasts_prophet_core.csv
2026-09-26 16:38:42 | INFO     | energy_stress.tuning | Tuning gas/core/Prophet candidate 16/16: {'changepoint_prior_scale': 0.1, 'seasonality_prior_scale': 10.0, 'seasonality_mode': 'multiplicative'}
2026-09-26 16:38:42 | INFO     | energy_stress.prophet | [Prophet-CORE] Fitting on gas (train=176 obs, regressors=False, cps=0.1, sps=10.0, reg_ps=n/a, seasonality=multiplicative)
2026-09-26 16:38:42 | INFO     | energy_stress.prophet | [Prophet-CORE gas] validation: MAE=13.8817, RMSE=20.4082
2026-09-26 16:38:42 | INFO     | energy_stress.prophet | [Prophet-CORE] Forecast saved → outputs_v2/tuning_rolling/2021/forecasts/gas/core/prophet/candidate_16/gas_growth_pct_forecasts_prophet_core.csv
2026-09-26 16:38:42 | INFO     | energy_stress.tuning | Best params for gas/core/Prophet: {'changepoint_prior_scale': 0.1, 'seasonality_prior_scale': 10.0, 'seasonality_mode': 'multiplicative'} (validation score=13.8817)
2026-09-26 16:38:42 | INFO     | energy_stress.tuning | Tuning gas/core/LSTM candidate 1/3: {'lookback': 6, 'dropout': 0.1, 'learning_rate': 0.001, 'units_1': 64, 'units_2': 32, 'macro_feature_set': 'lstm'}
2026-09-26 16:38:42 | INFO     | energy_stress.lstm | [LSTM-CORE] Training on gas | train=2006-05-01→2020-12-01 (176 obs), test=2021-01-01→2021-12-01 (12 obs), use_macro=False, lookback=6, dropout=0.1, lr=0.001, units=(64,32), macro_feature_set=lstm
2026-09-26 16:38:44 | INFO     | energy_stress.lstm | [LSTM-CORE gas] validation: MAE=12.5624, RMSE=18.5834
2026-09-26 16:38:47 | INFO     | energy_stress.lstm | [LSTM-CORE] Forecast saved → outputs_v2/tuning_rolling/2021/forecasts/gas/core/lstm/candidate_01/gas_growth_pct_forecasts_lstm_core.csv
2026-09-26 16:38:47 | INFO     | energy_stress.tuning | Tuning gas/core/LSTM candidate 2/3: {'lookback': 12, 'dropout': 0.2, 'learning_rate': 0.001, 'units_1': 128, 'units_2': 64, 'macro_feature_set': 'lstm'}
2026-09-26 16:38:47 | INFO     | energy_stress.lstm | [LSTM-CORE] Training on gas | train=2006-05-01→2020-12-01 (176 obs), test=2021-01-01→2021-12-01 (12 obs), use_macro=False, lookback=12, dropout=0.2, lr=0.001, units=(128,64), macro_feature_set=lstm
2026-09-26 16:38:51 | INFO     | energy_stress.lstm | [LSTM-CORE gas] validation: MAE=9.6389, RMSE=14.1225
2026-09-26 16:39:03 | INFO     | energy_stress.lstm | [LSTM-CORE] Forecast saved → outputs_v2/tuning_rolling/2021/forecasts/gas/core/lstm/candidate_02/gas_growth_pct_forecasts_lstm_core.csv
2026-09-26 16:39:03 | INFO     | energy_stress.tuning | Tuning gas/core/LSTM candidate 3/3: {'lookback': 18, 'dropout': 0.25, 'learning_rate': 0.0005, 'units_1': 128, 'units_2': 64, 'macro_feature_set': 'lstm'}
2026-09-26 16:39:03 | INFO     | energy_stress.lstm | [LSTM-CORE] Training on gas | train=2006-05-01→2020-12-01 (176 obs), test=2021-01-01→2021-12-01 (12 obs), use_macro=False, lookback=18, dropout=0.25, lr=0.0005, units=(128,64), macro_feature_set=lstm
2026-09-26 16:39:05 | INFO     | energy_stress.lstm | [LSTM-CORE gas] validation: MAE=14.7319, RMSE=20.9225
2026-09-26 16:39:18 | INFO     | energy_stress.lstm | [LSTM-CORE] Forecast saved → outputs_v2/tuning_rolling/2021/forecasts/gas/core/lstm/candidate_03/gas_growth_pct_forecasts_lstm_core.csv
2026-09-26 16:39:18 | INFO     | energy_stress.tuning | Best params for gas/core/LSTM: {'lookback': 12, 'dropout': 0.2, 'learning_rate': 0.001, 'units_1': 128, 'units_2': 64, 'macro_feature_set': 'lstm'} (validation score=9.6389)
2026-09-26 16:39:18 | INFO     | energy_stress.tuning | Tuning gas/core/TFT candidate 1/3: {'lookback': 6, 'hidden': 32, 'n_heads': 4, 'learning_rate': 0.001}
2026-09-26 16:39:18 | INFO     | energy_stress.tft | [TFT/pytorch-forecasting] Fitting gas (core)
2026-09-26 16:40:01 | INFO     | energy_stress.tft | [TFT gas] validation: MAE=10.3890, RMSE=11.6800
2026-09-26 16:40:52 | INFO     | energy_stress.tft | [TFT] Forecast saved → outputs_v2/tuning_rolling/2021/forecasts/gas/core/tft/candidate_01/gas_growth_pct_forecasts_tft_core.csv
2026-09-26 16:40:52 | INFO     | energy_stress.tuning | Tuning gas/core/TFT candidate 2/3: {'lookback': 12, 'hidden': 64, 'n_heads': 4, 'learning_rate': 0.0005}
2026-09-26 16:40:52 | INFO     | energy_stress.tft | [TFT/pytorch-forecasting] Fitting gas (core)
2026-09-26 16:41:36 | INFO     | energy_stress.tft | [TFT gas] validation: MAE=10.4794, RMSE=16.2545
2026-09-26 16:42:28 | INFO     | energy_stress.tft | [TFT] Forecast saved → outputs_v2/tuning_rolling/2021/forecasts/gas/core/tft/candidate_02/gas_growth_pct_forecasts_tft_core.csv
2026-09-26 16:42:28 | INFO     | energy_stress.tuning | Tuning gas/core/TFT candidate 3/3: {'lookback': 18, 'hidden': 64, 'n_heads': 4, 'learning_rate': 0.0005}
2026-09-26 16:42:28 | INFO     | energy_stress.tft | [TFT/pytorch-forecasting] Fitting gas (core)
2026-09-26 16:43:12 | INFO     | energy_stress.tft | [TFT gas] validation: MAE=9.8787, RMSE=11.4627
2026-09-26 16:44:04 | INFO     | energy_stress.tft | [TFT] Forecast saved → outputs_v2/tuning_rolling/2021/forecasts/gas/core/tft/candidate_03/gas_growth_pct_forecasts_tft_core.csv
2026-09-26 16:44:04 | INFO     | energy_stress.tuning | Best params for gas/core/TFT: {'lookback': 18, 'hidden': 64, 'n_heads': 4, 'learning_rate': 0.0005} (validation score=9.8787)
2026-09-26 16:44:04 | INFO     | energy_stress.tuning | Tuning electricity/core/SARIMA candidate 1/1: {}
2026-09-26 16:44:04 | INFO     | energy_stress.sarima | [SARIMA-CORE] Fitting on electricity (train=176 obs)
2026-09-26 16:44:15 | INFO     | energy_stress.sarima | SARIMA best order: (3, 0, 0) × (2, 1, 0, 12)
2026-09-26 16:44:15 | INFO     | energy_stress.sarima | [SARIMA-CORE electricity] validation: MAE=8.1894, RMSE=10.6190, MAPE=89.52%
2026-09-26 16:44:15 | INFO     | energy_stress.sarima | [SARIMA-CORE] Forecast saved → outputs_v2/tuning_rolling/2021/forecasts/electricity/core/sarima/candidate_01/electricity_growth_pct_forecasts_sarima_core.csv
2026-09-26 16:44:15 | INFO     | energy_stress.tuning | Tuning electricity/core/Prophet candidate 1/8: {'changepoint_prior_scale': 0.001, 'seasonality_prior_scale': 1.0, 'seasonality_mode': 'additive'}
2026-09-26 16:44:15 | INFO     | energy_stress.prophet | [Prophet-CORE] Fitting on electricity (train=176 obs, regressors=False, cps=0.001, sps=1.0, reg_ps=n/a, seasonality=additive)
2026-09-26 16:44:15 | INFO     | energy_stress.prophet | [Prophet-CORE electricity] validation: MAE=8.0216, RMSE=9.9221
2026-09-26 16:44:15 | INFO     | energy_stress.prophet | [Prophet-CORE] Forecast saved → outputs_v2/tuning_rolling/2021/forecasts/electricity/core/prophet/candidate_01/electricity_growth_pct_forecasts_prophet_core.csv
2026-09-26 16:44:15 | INFO     | energy_stress.tuning | Tuning electricity/core/Prophet candidate 2/8: {'changepoint_prior_scale': 0.001, 'seasonality_prior_scale': 10.0, 'seasonality_mode': 'additive'}
2026-09-26 16:44:15 | INFO     | energy_stress.prophet | [Prophet-CORE] Fitting on electricity (train=176 obs, regressors=False, cps=0.001, sps=10.0, reg_ps=n/a, seasonality=additive)
2026-09-26 16:44:16 | INFO     | energy_stress.prophet | [Prophet-CORE electricity] validation: MAE=7.9988, RMSE=9.8894
2026-09-26 16:44:16 | INFO     | energy_stress.prophet | [Prophet-CORE] Forecast saved → outputs_v2/tuning_rolling/2021/forecasts/electricity/core/prophet/candidate_02/electricity_growth_pct_forecasts_prophet_core.csv
2026-09-26 16:44:16 | INFO     | energy_stress.tuning | Tuning electricity/core/Prophet candidate 3/8: {'changepoint_prior_scale': 0.01, 'seasonality_prior_scale': 1.0, 'seasonality_mode': 'additive'}
2026-09-26 16:44:16 | INFO     | energy_stress.prophet | [Prophet-CORE] Fitting on electricity (train=176 obs, regressors=False, cps=0.01, sps=1.0, reg_ps=n/a, seasonality=additive)
2026-09-26 16:44:16 | INFO     | energy_stress.prophet | [Prophet-CORE electricity] validation: MAE=9.0919, RMSE=11.2792
2026-09-26 16:44:16 | INFO     | energy_stress.prophet | [Prophet-CORE] Forecast saved → outputs_v2/tuning_rolling/2021/forecasts/electricity/core/prophet/candidate_03/electricity_growth_pct_forecasts_prophet_core.csv
2026-09-26 16:44:16 | INFO     | energy_stress.tuning | Tuning electricity/core/Prophet candidate 4/8: {'changepoint_prior_scale': 0.01, 'seasonality_prior_scale': 10.0, 'seasonality_mode': 'additive'}
2026-09-26 16:44:16 | INFO     | energy_stress.prophet | [Prophet-CORE] Fitting on electricity (train=176 obs, regressors=False, cps=0.01, sps=10.0, reg_ps=n/a, seasonality=additive)
2026-09-26 16:44:16 | INFO     | energy_stress.prophet | [Prophet-CORE electricity] validation: MAE=8.0789, RMSE=10.0085
2026-09-26 16:44:17 | INFO     | energy_stress.prophet | [Prophet-CORE] Forecast saved → outputs_v2/tuning_rolling/2021/forecasts/electricity/core/prophet/candidate_04/electricity_growth_pct_forecasts_prophet_core.csv
2026-09-26 16:44:17 | INFO     | energy_stress.tuning | Tuning electricity/core/Prophet candidate 5/8: {'changepoint_prior_scale': 0.05, 'seasonality_prior_scale': 1.0, 'seasonality_mode': 'additive'}
2026-09-26 16:44:17 | INFO     | energy_stress.prophet | [Prophet-CORE] Fitting on electricity (train=176 obs, regressors=False, cps=0.05, sps=1.0, reg_ps=n/a, seasonality=additive)
2026-09-26 16:44:17 | INFO     | energy_stress.prophet | [Prophet-CORE electricity] validation: MAE=7.8849, RMSE=9.7712
2026-09-26 16:44:17 | INFO     | energy_stress.prophet | [Prophet-CORE] Forecast saved → outputs_v2/tuning_rolling/2021/forecasts/electricity/core/prophet/candidate_05/electricity_growth_pct_forecasts_prophet_core.csv
2026-09-26 16:44:17 | INFO     | energy_stress.tuning | Tuning electricity/core/Prophet candidate 6/8: {'changepoint_prior_scale': 0.05, 'seasonality_prior_scale': 10.0, 'seasonality_mode': 'additive'}
2026-09-26 16:44:17 | INFO     | energy_stress.prophet | [Prophet-CORE] Fitting on electricity (train=176 obs, regressors=False, cps=0.05, sps=10.0, reg_ps=n/a, seasonality=additive)
2026-09-26 16:44:17 | INFO     | energy_stress.prophet | [Prophet-CORE electricity] validation: MAE=7.8312, RMSE=9.7097
2026-09-26 16:44:17 | INFO     | energy_stress.prophet | [Prophet-CORE] Forecast saved → outputs_v2/tuning_rolling/2021/forecasts/electricity/core/prophet/candidate_06/electricity_growth_pct_forecasts_prophet_core.csv
2026-09-26 16:44:17 | INFO     | energy_stress.tuning | Tuning electricity/core/Prophet candidate 7/8: {'changepoint_prior_scale': 0.1, 'seasonality_prior_scale': 1.0, 'seasonality_mode': 'additive'}
2026-09-26 16:44:17 | INFO     | energy_stress.prophet | [Prophet-CORE] Fitting on electricity (train=176 obs, regressors=False, cps=0.1, sps=1.0, reg_ps=n/a, seasonality=additive)
2026-09-26 16:44:17 | INFO     | energy_stress.prophet | [Prophet-CORE electricity] validation: MAE=7.1557, RMSE=9.0054
2026-09-26 16:44:17 | INFO     | energy_stress.prophet | [Prophet-CORE] Forecast saved → outputs_v2/tuning_rolling/2021/forecasts/electricity/core/prophet/candidate_07/electricity_growth_pct_forecasts_prophet_core.csv
2026-09-26 16:44:17 | INFO     | energy_stress.tuning | Tuning electricity/core/Prophet candidate 8/8: {'changepoint_prior_scale': 0.1, 'seasonality_prior_scale': 10.0, 'seasonality_mode': 'additive'}
2026-09-26 16:44:17 | INFO     | energy_stress.prophet | [Prophet-CORE] Fitting on electricity (train=176 obs, regressors=False, cps=0.1, sps=10.0, reg_ps=n/a, seasonality=additive)
2026-09-26 16:44:17 | INFO     | energy_stress.prophet | [Prophet-CORE electricity] validation: MAE=7.1671, RMSE=9.0157
2026-09-26 16:44:17 | INFO     | energy_stress.prophet | [Prophet-CORE] Forecast saved → outputs_v2/tuning_rolling/2021/forecasts/electricity/core/prophet/candidate_08/electricity_growth_pct_forecasts_prophet_core.csv
2026-09-26 16:44:17 | INFO     | energy_stress.tuning | Best params for electricity/core/Prophet: {'changepoint_prior_scale': 0.1, 'seasonality_prior_scale': 1.0, 'seasonality_mode': 'additive'} (validation score=7.1557)
2026-09-26 16:44:17 | INFO     | energy_stress.tuning | Tuning electricity/core/LSTM candidate 1/3: {'lookback': 6, 'dropout': 0.1, 'learning_rate': 0.001, 'units_1': 64, 'units_2': 32, 'macro_feature_set': 'lstm'}
2026-09-26 16:44:17 | INFO     | energy_stress.lstm | [LSTM-CORE] Training on electricity | train=2006-05-01→2020-12-01 (176 obs), test=2021-01-01→2021-12-01 (12 obs), use_macro=False, lookback=6, dropout=0.1, lr=0.001, units=(64,32), macro_feature_set=lstm
2026-09-26 16:44:21 | INFO     | energy_stress.lstm | [LSTM-CORE electricity] validation: MAE=5.1795, RMSE=6.7583
2026-09-26 16:44:24 | INFO     | energy_stress.lstm | [LSTM-CORE] Forecast saved → outputs_v2/tuning_rolling/2021/forecasts/electricity/core/lstm/candidate_01/electricity_growth_pct_forecasts_lstm_core.csv
2026-09-26 16:44:24 | INFO     | energy_stress.tuning | Tuning electricity/core/LSTM candidate 2/3: {'lookback': 12, 'dropout': 0.2, 'learning_rate': 0.001, 'units_1': 128, 'units_2': 64, 'macro_feature_set': 'lstm'}
2026-09-26 16:44:24 | INFO     | energy_stress.lstm | [LSTM-CORE] Training on electricity | train=2006-05-01→2020-12-01 (176 obs), test=2021-01-01→2021-12-01 (12 obs), use_macro=False, lookback=12, dropout=0.2, lr=0.001, units=(128,64), macro_feature_set=lstm
2026-09-26 16:44:28 | INFO     | energy_stress.lstm | [LSTM-CORE electricity] validation: MAE=4.9656, RMSE=6.4369
2026-09-26 16:44:35 | INFO     | energy_stress.lstm | [LSTM-CORE] Forecast saved → outputs_v2/tuning_rolling/2021/forecasts/electricity/core/lstm/candidate_02/electricity_growth_pct_forecasts_lstm_core.csv
2026-09-26 16:44:35 | INFO     | energy_stress.tuning | Tuning electricity/core/LSTM candidate 3/3: {'lookback': 18, 'dropout': 0.25, 'learning_rate': 0.0005, 'units_1': 128, 'units_2': 64, 'macro_feature_set': 'lstm'}
2026-09-26 16:44:35 | INFO     | energy_stress.lstm | [LSTM-CORE] Training on electricity | train=2006-05-01→2020-12-01 (176 obs), test=2021-01-01→2021-12-01 (12 obs), use_macro=False, lookback=18, dropout=0.25, lr=0.0005, units=(128,64), macro_feature_set=lstm
2026-09-26 16:44:37 | INFO     | energy_stress.lstm | [LSTM-CORE electricity] validation: MAE=7.6527, RMSE=9.5401
2026-09-26 16:44:43 | INFO     | energy_stress.lstm | [LSTM-CORE] Forecast saved → outputs_v2/tuning_rolling/2021/forecasts/electricity/core/lstm/candidate_03/electricity_growth_pct_forecasts_lstm_core.csv
2026-09-26 16:44:43 | INFO     | energy_stress.tuning | Best params for electricity/core/LSTM: {'lookback': 12, 'dropout': 0.2, 'learning_rate': 0.001, 'units_1': 128, 'units_2': 64, 'macro_feature_set': 'lstm'} (validation score=4.9656)
2026-09-26 16:44:43 | INFO     | energy_stress.tuning | Tuning electricity/core/TFT candidate 1/3: {'lookback': 6, 'hidden': 32, 'n_heads': 4, 'learning_rate': 0.001}
2026-09-26 16:44:43 | INFO     | energy_stress.tft | [TFT/pytorch-forecasting] Fitting electricity (core)
2026-09-26 16:45:26 | INFO     | energy_stress.tft | [TFT electricity] validation: MAE=7.1249, RMSE=8.7972
2026-09-26 16:46:17 | INFO     | energy_stress.tft | [TFT] Forecast saved → outputs_v2/tuning_rolling/2021/forecasts/electricity/core/tft/candidate_01/electricity_growth_pct_forecasts_tft_core.csv
2026-09-26 16:46:17 | INFO     | energy_stress.tuning | Tuning electricity/core/TFT candidate 2/3: {'lookback': 12, 'hidden': 64, 'n_heads': 4, 'learning_rate': 0.0005}
2026-09-26 16:46:17 | INFO     | energy_stress.tft | [TFT/pytorch-forecasting] Fitting electricity (core)
2026-09-26 16:47:00 | INFO     | energy_stress.tft | [TFT electricity] validation: MAE=7.2417, RMSE=8.9830
2026-09-26 16:47:52 | INFO     | energy_stress.tft | [TFT] Forecast saved → outputs_v2/tuning_rolling/2021/forecasts/electricity/core/tft/candidate_02/electricity_growth_pct_forecasts_tft_core.csv
2026-09-26 16:47:52 | INFO     | energy_stress.tuning | Tuning electricity/core/TFT candidate 3/3: {'lookback': 18, 'hidden': 64, 'n_heads': 4, 'learning_rate': 0.0005}
2026-09-26 16:47:52 | INFO     | energy_stress.tft | [TFT/pytorch-forecasting] Fitting electricity (core)
2026-09-26 16:48:32 | INFO     | energy_stress.tft | [TFT electricity] validation: MAE=7.4160, RMSE=8.9579
2026-09-26 16:49:22 | INFO     | energy_stress.tft | [TFT] Forecast saved → outputs_v2/tuning_rolling/2021/forecasts/electricity/core/tft/candidate_03/electricity_growth_pct_forecasts_tft_core.csv
2026-09-26 16:49:22 | INFO     | energy_stress.tuning | Best params for electricity/core/TFT: {'lookback': 6, 'hidden': 32, 'n_heads': 4, 'learning_rate': 0.001} (validation score=7.1249)
2026-09-26 16:49:22 | INFO     | energy_stress.tuning | Tuning carbon/core/SARIMA candidate 1/1: {}
2026-09-26 16:49:22 | INFO     | energy_stress.sarima | [SARIMA-CORE] Fitting on carbon (train=176 obs)
2026-09-26 16:49:33 | INFO     | energy_stress.sarima | SARIMA best order: (1, 0, 0) × (2, 1, 0, 12)
2026-09-26 16:49:33 | INFO     | energy_stress.sarima | [SARIMA-CORE carbon] validation: MAE=42.5365, RMSE=46.6825, MAPE=52.18%
2026-09-26 16:49:33 | INFO     | energy_stress.sarima | [SARIMA-CORE] Forecast saved → outputs_v2/tuning_rolling/2021/forecasts/carbon/core/sarima/candidate_01/carbon_growth_pct_forecasts_sarima_core.csv
2026-09-26 16:49:33 | INFO     | energy_stress.tuning | Tuning carbon/core/Prophet candidate 1/8: {'changepoint_prior_scale': 0.001, 'seasonality_prior_scale': 1.0, 'seasonality_mode': 'additive'}
2026-09-26 16:49:33 | INFO     | energy_stress.prophet | [Prophet-CORE] Fitting on carbon (train=176 obs, regressors=False, cps=0.001, sps=1.0, reg_ps=n/a, seasonality=additive)
2026-09-26 16:49:33 | INFO     | energy_stress.prophet | [Prophet-CORE carbon] validation: MAE=55.1214, RMSE=58.3015
2026-09-26 16:49:33 | INFO     | energy_stress.prophet | [Prophet-CORE] Forecast saved → outputs_v2/tuning_rolling/2021/forecasts/carbon/core/prophet/candidate_01/carbon_growth_pct_forecasts_prophet_core.csv
2026-09-26 16:49:33 | INFO     | energy_stress.tuning | Tuning carbon/core/Prophet candidate 2/8: {'changepoint_prior_scale': 0.001, 'seasonality_prior_scale': 10.0, 'seasonality_mode': 'additive'}
2026-09-26 16:49:33 | INFO     | energy_stress.prophet | [Prophet-CORE] Fitting on carbon (train=176 obs, regressors=False, cps=0.001, sps=10.0, reg_ps=n/a, seasonality=additive)
2026-09-26 16:49:34 | INFO     | energy_stress.prophet | [Prophet-CORE carbon] validation: MAE=55.1212, RMSE=58.3014
2026-09-26 16:49:34 | INFO     | energy_stress.prophet | [Prophet-CORE] Forecast saved → outputs_v2/tuning_rolling/2021/forecasts/carbon/core/prophet/candidate_02/carbon_growth_pct_forecasts_prophet_core.csv
2026-09-26 16:49:34 | INFO     | energy_stress.tuning | Tuning carbon/core/Prophet candidate 3/8: {'changepoint_prior_scale': 0.01, 'seasonality_prior_scale': 1.0, 'seasonality_mode': 'additive'}
2026-09-26 16:49:34 | INFO     | energy_stress.prophet | [Prophet-CORE] Fitting on carbon (train=176 obs, regressors=False, cps=0.01, sps=1.0, reg_ps=n/a, seasonality=additive)
2026-09-26 16:49:34 | INFO     | energy_stress.prophet | [Prophet-CORE carbon] validation: MAE=55.1000, RMSE=58.2844
2026-09-26 16:49:34 | INFO     | energy_stress.prophet | [Prophet-CORE] Forecast saved → outputs_v2/tuning_rolling/2021/forecasts/carbon/core/prophet/candidate_03/carbon_growth_pct_forecasts_prophet_core.csv
2026-09-26 16:49:34 | INFO     | energy_stress.tuning | Tuning carbon/core/Prophet candidate 4/8: {'changepoint_prior_scale': 0.01, 'seasonality_prior_scale': 10.0, 'seasonality_mode': 'additive'}
2026-09-26 16:49:34 | INFO     | energy_stress.prophet | [Prophet-CORE] Fitting on carbon (train=176 obs, regressors=False, cps=0.01, sps=10.0, reg_ps=n/a, seasonality=additive)
2026-09-26 16:49:34 | INFO     | energy_stress.prophet | [Prophet-CORE carbon] validation: MAE=55.1000, RMSE=58.2845
2026-09-26 16:49:34 | INFO     | energy_stress.prophet | [Prophet-CORE] Forecast saved → outputs_v2/tuning_rolling/2021/forecasts/carbon/core/prophet/candidate_04/carbon_growth_pct_forecasts_prophet_core.csv
2026-09-26 16:49:34 | INFO     | energy_stress.tuning | Tuning carbon/core/Prophet candidate 5/8: {'changepoint_prior_scale': 0.05, 'seasonality_prior_scale': 1.0, 'seasonality_mode': 'additive'}
2026-09-26 16:49:34 | INFO     | energy_stress.prophet | [Prophet-CORE] Fitting on carbon (train=176 obs, regressors=False, cps=0.05, sps=1.0, reg_ps=n/a, seasonality=additive)
2026-09-26 16:49:34 | INFO     | energy_stress.prophet | [Prophet-CORE carbon] validation: MAE=45.0938, RMSE=48.8551
2026-09-26 16:49:34 | INFO     | energy_stress.prophet | [Prophet-CORE] Forecast saved → outputs_v2/tuning_rolling/2021/forecasts/carbon/core/prophet/candidate_05/carbon_growth_pct_forecasts_prophet_core.csv
2026-09-26 16:49:34 | INFO     | energy_stress.tuning | Tuning carbon/core/Prophet candidate 6/8: {'changepoint_prior_scale': 0.05, 'seasonality_prior_scale': 10.0, 'seasonality_mode': 'additive'}
2026-09-26 16:49:34 | INFO     | energy_stress.prophet | [Prophet-CORE] Fitting on carbon (train=176 obs, regressors=False, cps=0.05, sps=10.0, reg_ps=n/a, seasonality=additive)
2026-09-26 16:49:34 | INFO     | energy_stress.prophet | [Prophet-CORE carbon] validation: MAE=45.8108, RMSE=49.6078
2026-09-26 16:49:34 | INFO     | energy_stress.prophet | [Prophet-CORE] Forecast saved → outputs_v2/tuning_rolling/2021/forecasts/carbon/core/prophet/candidate_06/carbon_growth_pct_forecasts_prophet_core.csv
2026-09-26 16:49:34 | INFO     | energy_stress.tuning | Tuning carbon/core/Prophet candidate 7/8: {'changepoint_prior_scale': 0.1, 'seasonality_prior_scale': 1.0, 'seasonality_mode': 'additive'}
2026-09-26 16:49:34 | INFO     | energy_stress.prophet | [Prophet-CORE] Fitting on carbon (train=176 obs, regressors=False, cps=0.1, sps=1.0, reg_ps=n/a, seasonality=additive)
2026-09-26 16:49:35 | INFO     | energy_stress.prophet | [Prophet-CORE carbon] validation: MAE=36.2449, RMSE=39.2820
2026-09-26 16:49:35 | INFO     | energy_stress.prophet | [Prophet-CORE] Forecast saved → outputs_v2/tuning_rolling/2021/forecasts/carbon/core/prophet/candidate_07/carbon_growth_pct_forecasts_prophet_core.csv
2026-09-26 16:49:35 | INFO     | energy_stress.tuning | Tuning carbon/core/Prophet candidate 8/8: {'changepoint_prior_scale': 0.1, 'seasonality_prior_scale': 10.0, 'seasonality_mode': 'additive'}
2026-09-26 16:49:35 | INFO     | energy_stress.prophet | [Prophet-CORE] Fitting on carbon (train=176 obs, regressors=False, cps=0.1, sps=10.0, reg_ps=n/a, seasonality=additive)
2026-09-26 16:49:35 | INFO     | energy_stress.prophet | [Prophet-CORE carbon] validation: MAE=36.0693, RMSE=39.1018
2026-09-26 16:49:35 | INFO     | energy_stress.prophet | [Prophet-CORE] Forecast saved → outputs_v2/tuning_rolling/2021/forecasts/carbon/core/prophet/candidate_08/carbon_growth_pct_forecasts_prophet_core.csv
2026-09-26 16:49:35 | INFO     | energy_stress.tuning | Best params for carbon/core/Prophet: {'changepoint_prior_scale': 0.1, 'seasonality_prior_scale': 10.0, 'seasonality_mode': 'additive'} (validation score=36.0693)
2026-09-26 16:49:35 | INFO     | energy_stress.tuning | Tuning carbon/core/LSTM candidate 1/3: {'lookback': 6, 'dropout': 0.1, 'learning_rate': 0.001, 'units_1': 64, 'units_2': 32, 'macro_feature_set': 'lstm'}
2026-09-26 16:49:35 | INFO     | energy_stress.lstm | [LSTM-CORE] Training on carbon | train=2006-05-01→2020-12-01 (176 obs), test=2021-01-01→2021-12-01 (12 obs), use_macro=False, lookback=6, dropout=0.1, lr=0.001, units=(64,32), macro_feature_set=lstm
2026-09-26 16:49:36 | INFO     | energy_stress.lstm | [LSTM-CORE carbon] validation: MAE=66.4869, RMSE=68.4731
2026-09-26 16:49:40 | INFO     | energy_stress.lstm | [LSTM-CORE] Forecast saved → outputs_v2/tuning_rolling/2021/forecasts/carbon/core/lstm/candidate_01/carbon_growth_pct_forecasts_lstm_core.csv
2026-09-26 16:49:40 | INFO     | energy_stress.tuning | Tuning carbon/core/LSTM candidate 2/3: {'lookback': 12, 'dropout': 0.2, 'learning_rate': 0.001, 'units_1': 128, 'units_2': 64, 'macro_feature_set': 'lstm'}
2026-09-26 16:49:40 | INFO     | energy_stress.lstm | [LSTM-CORE] Training on carbon | train=2006-05-01→2020-12-01 (176 obs), test=2021-01-01→2021-12-01 (12 obs), use_macro=False, lookback=12, dropout=0.2, lr=0.001, units=(128,64), macro_feature_set=lstm
2026-09-26 16:49:43 | INFO     | energy_stress.lstm | [LSTM-CORE carbon] validation: MAE=24.6402, RMSE=29.3100
2026-09-26 16:49:52 | INFO     | energy_stress.lstm | [LSTM-CORE] Forecast saved → outputs_v2/tuning_rolling/2021/forecasts/carbon/core/lstm/candidate_02/carbon_growth_pct_forecasts_lstm_core.csv
2026-09-26 16:49:52 | INFO     | energy_stress.tuning | Tuning carbon/core/LSTM candidate 3/3: {'lookback': 18, 'dropout': 0.25, 'learning_rate': 0.0005, 'units_1': 128, 'units_2': 64, 'macro_feature_set': 'lstm'}
2026-09-26 16:49:52 | INFO     | energy_stress.lstm | [LSTM-CORE] Training on carbon | train=2006-05-01→2020-12-01 (176 obs), test=2021-01-01→2021-12-01 (12 obs), use_macro=False, lookback=18, dropout=0.25, lr=0.0005, units=(128,64), macro_feature_set=lstm
2026-09-26 16:49:56 | INFO     | energy_stress.lstm | [LSTM-CORE carbon] validation: MAE=31.5983, RMSE=37.7749
2026-09-26 16:50:13 | INFO     | energy_stress.lstm | [LSTM-CORE] Forecast saved → outputs_v2/tuning_rolling/2021/forecasts/carbon/core/lstm/candidate_03/carbon_growth_pct_forecasts_lstm_core.csv
2026-09-26 16:50:13 | INFO     | energy_stress.tuning | Best params for carbon/core/LSTM: {'lookback': 12, 'dropout': 0.2, 'learning_rate': 0.001, 'units_1': 128, 'units_2': 64, 'macro_feature_set': 'lstm'} (validation score=24.6402)
2026-09-26 16:50:13 | INFO     | energy_stress.tuning | Tuning carbon/core/TFT candidate 1/3: {'lookback': 6, 'hidden': 32, 'n_heads': 4, 'learning_rate': 0.001}
2026-09-26 16:50:13 | INFO     | energy_stress.tft | [TFT/pytorch-forecasting] Fitting carbon (core)
2026-09-26 16:50:52 | INFO     | energy_stress.tft | [TFT carbon] validation: MAE=51.2450, RMSE=54.6764
2026-09-26 16:51:45 | INFO     | energy_stress.tft | [TFT] Forecast saved → outputs_v2/tuning_rolling/2021/forecasts/carbon/core/tft/candidate_01/carbon_growth_pct_forecasts_tft_core.csv
2026-09-26 16:51:45 | INFO     | energy_stress.tuning | Tuning carbon/core/TFT candidate 2/3: {'lookback': 12, 'hidden': 64, 'n_heads': 4, 'learning_rate': 0.0005}
2026-09-26 16:51:45 | INFO     | energy_stress.tft | [TFT/pytorch-forecasting] Fitting carbon (core)
2026-09-26 16:52:26 | INFO     | energy_stress.tft | [TFT carbon] validation: MAE=55.2375, RMSE=57.9166
2026-09-26 16:53:15 | INFO     | energy_stress.tft | [TFT] Forecast saved → outputs_v2/tuning_rolling/2021/forecasts/carbon/core/tft/candidate_02/carbon_growth_pct_forecasts_tft_core.csv
2026-09-26 16:53:15 | INFO     | energy_stress.tuning | Tuning carbon/core/TFT candidate 3/3: {'lookback': 18, 'hidden': 64, 'n_heads': 4, 'learning_rate': 0.0005}
2026-09-26 16:53:15 | INFO     | energy_stress.tft | [TFT/pytorch-forecasting] Fitting carbon (core)
2026-09-26 16:53:56 | INFO     | energy_stress.tft | [TFT carbon] validation: MAE=62.1375, RMSE=65.4294
2026-09-26 16:54:47 | INFO     | energy_stress.tft | [TFT] Forecast saved → outputs_v2/tuning_rolling/2021/forecasts/carbon/core/tft/candidate_03/carbon_growth_pct_forecasts_tft_core.csv
2026-09-26 16:54:47 | INFO     | energy_stress.tuning | Best params for carbon/core/TFT: {'lookback': 6, 'hidden': 32, 'n_heads': 4, 'learning_rate': 0.001} (validation score=51.2450)
2026-09-26 16:54:47 | INFO     | energy_stress.tuning | Tuning results saved → outputs_v2/tuning_rolling/2021/model_tuning_results.csv
2026-09-26 16:54:47 | INFO     | energy_stress.forecast_pipeline | 
──────────────────────────────────────────────────
Series: GAS
──────────────────────────────────────────────────
2026-09-26 16:54:47 | INFO     | energy_stress.forecast_pipeline | [gas] train=176, test=12, full=188 (through 2021-12-01), actual_target=12 non-null (2022-01-01..2022-12-01)
2026-09-26 16:54:47 | INFO     | energy_stress.sarima | [SARIMA-CORE] Fitting on gas (train=176 obs)
2026-09-26 16:55:02 | INFO     | energy_stress.sarima | SARIMA best order: (1, 0, 1) × (2, 1, 1, 12)
2026-09-26 16:55:02 | INFO     | energy_stress.sarima | [SARIMA-CORE gas] validation: MAE=11.2236, RMSE=17.6900, MAPE=80.24%
2026-09-26 16:55:02 | INFO     | energy_stress.sarima | [SARIMA-CORE] Forecast saved → outputs_v2/forecasts_rolling/2021/gas_growth_pct_forecasts_sarima_core.csv
2026-09-26 16:55:02 | INFO     | energy_stress.prophet | [Prophet-CORE] Fitting on gas (train=176 obs, regressors=False, cps=0.1, sps=10.0, reg_ps=n/a, seasonality=multiplicative)
2026-09-26 16:55:02 | INFO     | energy_stress.prophet | [Prophet-CORE gas] validation: MAE=13.8817, RMSE=20.4082
2026-09-26 16:55:03 | INFO     | energy_stress.prophet | [Prophet-CORE] Forecast saved → outputs_v2/forecasts_rolling/2021/gas_growth_pct_forecasts_prophet_core.csv
2026-09-26 16:55:03 | INFO     | energy_stress.lstm | [LSTM-CORE] Training on gas | train=2006-05-01→2020-12-01 (176 obs), test=2021-01-01→2021-12-01 (12 obs), use_macro=False, lookback=12, dropout=0.2, lr=0.001, units=(128,64), macro_feature_set=lstm
2026-09-26 16:55:07 | INFO     | energy_stress.lstm | [LSTM-CORE gas] validation: MAE=9.6169, RMSE=14.1242
2026-09-26 16:55:18 | INFO     | energy_stress.lstm | [LSTM-CORE] Forecast saved → outputs_v2/forecasts_rolling/2021/gas_growth_pct_forecasts_lstm_core.csv
2026-09-26 16:55:18 | INFO     | energy_stress.lstm | [LSTM-CORE] Model saved → outputs_v2/models
2026-09-26 16:55:18 | INFO     | energy_stress.tft | [TFT/pytorch-forecasting] Fitting gas (core)
2026-09-26 16:56:22 | INFO     | energy_stress.tft | [TFT gas] validation: MAE=29.9274, RMSE=33.4133
2026-09-26 16:57:40 | INFO     | energy_stress.tft | [TFT] Forecast saved → outputs_v2/forecasts_rolling/2021/gas_growth_pct_forecasts_tft_core.csv
2026-09-26 16:57:40 | INFO     | energy_stress.forecast_pipeline | 
──────────────────────────────────────────────────
Series: ELECTRICITY
──────────────────────────────────────────────────
2026-09-26 16:57:40 | INFO     | energy_stress.forecast_pipeline | [electricity] train=176, test=12, full=188 (through 2021-12-01), actual_target=12 non-null (2022-01-01..2022-12-01)
2026-09-26 16:57:40 | INFO     | energy_stress.sarima | [SARIMA-CORE] Fitting on electricity (train=176 obs)
2026-09-26 16:57:51 | INFO     | energy_stress.sarima | SARIMA best order: (3, 0, 0) × (2, 1, 0, 12)
2026-09-26 16:57:51 | INFO     | energy_stress.sarima | [SARIMA-CORE electricity] validation: MAE=8.1894, RMSE=10.6190, MAPE=89.52%
2026-09-26 16:57:51 | INFO     | energy_stress.sarima | [SARIMA-CORE] Forecast saved → outputs_v2/forecasts_rolling/2021/electricity_growth_pct_forecasts_sarima_core.csv
2026-09-26 16:57:51 | INFO     | energy_stress.prophet | [Prophet-CORE] Fitting on electricity (train=176 obs, regressors=False, cps=0.1, sps=1.0, reg_ps=n/a, seasonality=additive)
2026-09-26 16:57:51 | INFO     | energy_stress.prophet | [Prophet-CORE electricity] validation: MAE=7.1557, RMSE=9.0054
2026-09-26 16:57:52 | INFO     | energy_stress.prophet | [Prophet-CORE] Forecast saved → outputs_v2/forecasts_rolling/2021/electricity_growth_pct_forecasts_prophet_core.csv
2026-09-26 16:57:52 | INFO     | energy_stress.lstm | [LSTM-CORE] Training on electricity | train=2006-05-01→2020-12-01 (176 obs), test=2021-01-01→2021-12-01 (12 obs), use_macro=False, lookback=12, dropout=0.2, lr=0.001, units=(128,64), macro_feature_set=lstm
2026-09-26 16:57:56 | INFO     | energy_stress.lstm | [LSTM-CORE electricity] validation: MAE=5.0092, RMSE=6.4925
2026-09-26 16:58:05 | INFO     | energy_stress.lstm | [LSTM-CORE] Forecast saved → outputs_v2/forecasts_rolling/2021/electricity_growth_pct_forecasts_lstm_core.csv
2026-09-26 16:58:05 | INFO     | energy_stress.lstm | [LSTM-CORE] Model saved → outputs_v2/models
2026-09-26 16:58:05 | INFO     | energy_stress.tft | [TFT/pytorch-forecasting] Fitting electricity (core)
2026-09-26 16:59:07 | INFO     | energy_stress.tft | [TFT electricity] validation: MAE=8.3091, RMSE=10.4532
2026-09-26 17:00:29 | INFO     | energy_stress.tft | [TFT] Forecast saved → outputs_v2/forecasts_rolling/2021/electricity_growth_pct_forecasts_tft_core.csv
2026-09-26 17:00:29 | INFO     | energy_stress.forecast_pipeline | 
──────────────────────────────────────────────────
Series: CARBON
──────────────────────────────────────────────────
2026-09-26 17:00:29 | INFO     | energy_stress.forecast_pipeline | [carbon] train=176, test=12, full=188 (through 2021-12-01), actual_target=12 non-null (2022-01-01..2022-12-01)
2026-09-26 17:00:29 | INFO     | energy_stress.sarima | [SARIMA-CORE] Fitting on carbon (train=176 obs)
2026-09-26 17:00:41 | INFO     | energy_stress.sarima | SARIMA best order: (1, 0, 0) × (2, 1, 0, 12)
2026-09-26 17:00:41 | INFO     | energy_stress.sarima | [SARIMA-CORE carbon] validation: MAE=42.5365, RMSE=46.6825, MAPE=52.18%
2026-09-26 17:00:42 | INFO     | energy_stress.sarima | [SARIMA-CORE] Forecast saved → outputs_v2/forecasts_rolling/2021/carbon_growth_pct_forecasts_sarima_core.csv
2026-09-26 17:00:42 | INFO     | energy_stress.prophet | [Prophet-CORE] Fitting on carbon (train=176 obs, regressors=False, cps=0.1, sps=10.0, reg_ps=n/a, seasonality=additive)
2026-09-26 17:00:42 | INFO     | energy_stress.prophet | [Prophet-CORE carbon] validation: MAE=36.0693, RMSE=39.1018
2026-09-26 17:00:42 | INFO     | energy_stress.prophet | [Prophet-CORE] Forecast saved → outputs_v2/forecasts_rolling/2021/carbon_growth_pct_forecasts_prophet_core.csv
2026-09-26 17:00:42 | INFO     | energy_stress.lstm | [LSTM-CORE] Training on carbon | train=2006-05-01→2020-12-01 (176 obs), test=2021-01-01→2021-12-01 (12 obs), use_macro=False, lookback=12, dropout=0.2, lr=0.001, units=(128,64), macro_feature_set=lstm
2026-09-26 17:00:45 | INFO     | energy_stress.lstm | [LSTM-CORE carbon] validation: MAE=24.7961, RMSE=29.3989
2026-09-26 17:01:02 | INFO     | energy_stress.lstm | [LSTM-CORE] Forecast saved → outputs_v2/forecasts_rolling/2021/carbon_growth_pct_forecasts_lstm_core.csv
2026-09-26 17:01:02 | INFO     | energy_stress.lstm | [LSTM-CORE] Model saved → outputs_v2/models
2026-09-26 17:01:02 | INFO     | energy_stress.tft | [TFT/pytorch-forecasting] Fitting carbon (core)
2026-09-26 17:02:07 | INFO     | energy_stress.tft | [TFT carbon] validation: MAE=59.8475, RMSE=62.1222
2026-09-26 17:03:23 | INFO     | energy_stress.tft | [TFT] Forecast saved → outputs_v2/forecasts_rolling/2021/carbon_growth_pct_forecasts_tft_core.csv
2026-09-26 17:03:23 | DEBUG    | energy_stress.model_evaluation | Loaded outputs_v2/forecasts_rolling/2021/gas_growth_pct_forecasts_sarima_core.csv (12 rows)
2026-09-26 17:03:23 | WARNING  | energy_stress.model_evaluation | Forecast file not found: outputs_v2/forecasts_rolling/2021/gas_growth_pct_forecasts_sarima_macro.csv
2026-09-26 17:03:23 | DEBUG    | energy_stress.model_evaluation | Loaded outputs_v2/forecasts_rolling/2021/gas_growth_pct_forecasts_prophet_core.csv (12 rows)
2026-09-26 17:03:23 | WARNING  | energy_stress.model_evaluation | Forecast file not found: outputs_v2/forecasts_rolling/2021/gas_growth_pct_forecasts_prophet_macro.csv
2026-09-26 17:03:23 | DEBUG    | energy_stress.model_evaluation | Loaded outputs_v2/forecasts_rolling/2021/gas_growth_pct_forecasts_lstm_core.csv (12 rows)
2026-09-26 17:03:23 | WARNING  | energy_stress.model_evaluation | Forecast file not found: outputs_v2/forecasts_rolling/2021/gas_growth_pct_forecasts_lstm_macro.csv
2026-09-26 17:03:23 | DEBUG    | energy_stress.model_evaluation | Loaded outputs_v2/forecasts_rolling/2021/gas_growth_pct_forecasts_tft_core.csv (12 rows)
2026-09-26 17:03:23 | WARNING  | energy_stress.model_evaluation | Forecast file not found: outputs_v2/forecasts_rolling/2021/gas_growth_pct_forecasts_tft_macro.csv
2026-09-26 17:03:23 | INFO     | energy_stress.model_evaluation | Combined forecasts (48 rows) → outputs_v2/forecasts_rolling/2021/gas_growth_pct_forecasts_all.csv
2026-09-26 17:03:23 | INFO     | energy_stress.model_evaluation |   core combined → outputs_v2/forecasts_rolling/2021/gas_growth_pct_forecasts_core.csv
2026-09-26 17:03:23 | DEBUG    | energy_stress.model_evaluation | Loaded outputs_v2/forecasts_rolling/2021/electricity_growth_pct_forecasts_sarima_core.csv (12 rows)
2026-09-26 17:03:23 | WARNING  | energy_stress.model_evaluation | Forecast file not found: outputs_v2/forecasts_rolling/2021/electricity_growth_pct_forecasts_sarima_macro.csv
2026-09-26 17:03:23 | DEBUG    | energy_stress.model_evaluation | Loaded outputs_v2/forecasts_rolling/2021/electricity_growth_pct_forecasts_prophet_core.csv (12 rows)
2026-09-26 17:03:23 | WARNING  | energy_stress.model_evaluation | Forecast file not found: outputs_v2/forecasts_rolling/2021/electricity_growth_pct_forecasts_prophet_macro.csv
2026-09-26 17:03:23 | DEBUG    | energy_stress.model_evaluation | Loaded outputs_v2/forecasts_rolling/2021/electricity_growth_pct_forecasts_lstm_core.csv (12 rows)
2026-09-26 17:03:23 | WARNING  | energy_stress.model_evaluation | Forecast file not found: outputs_v2/forecasts_rolling/2021/electricity_growth_pct_forecasts_lstm_macro.csv
2026-09-26 17:03:23 | DEBUG    | energy_stress.model_evaluation | Loaded outputs_v2/forecasts_rolling/2021/electricity_growth_pct_forecasts_tft_core.csv (12 rows)
2026-09-26 17:03:23 | WARNING  | energy_stress.model_evaluation | Forecast file not found: outputs_v2/forecasts_rolling/2021/electricity_growth_pct_forecasts_tft_macro.csv
2026-09-26 17:03:23 | INFO     | energy_stress.model_evaluation | Combined forecasts (48 rows) → outputs_v2/forecasts_rolling/2021/electricity_growth_pct_forecasts_all.csv
2026-09-26 17:03:23 | INFO     | energy_stress.model_evaluation |   core combined → outputs_v2/forecasts_rolling/2021/electricity_growth_pct_forecasts_core.csv
2026-09-26 17:03:23 | DEBUG    | energy_stress.model_evaluation | Loaded outputs_v2/forecasts_rolling/2021/carbon_growth_pct_forecasts_sarima_core.csv (12 rows)
2026-09-26 17:03:23 | WARNING  | energy_stress.model_evaluation | Forecast file not found: outputs_v2/forecasts_rolling/2021/carbon_growth_pct_forecasts_sarima_macro.csv
2026-09-26 17:03:23 | DEBUG    | energy_stress.model_evaluation | Loaded outputs_v2/forecasts_rolling/2021/carbon_growth_pct_forecasts_prophet_core.csv (12 rows)
2026-09-26 17:03:23 | WARNING  | energy_stress.model_evaluation | Forecast file not found: outputs_v2/forecasts_rolling/2021/carbon_growth_pct_forecasts_prophet_macro.csv
2026-09-26 17:03:23 | DEBUG    | energy_stress.model_evaluation | Loaded outputs_v2/forecasts_rolling/2021/carbon_growth_pct_forecasts_lstm_core.csv (12 rows)
2026-09-26 17:03:23 | WARNING  | energy_stress.model_evaluation | Forecast file not found: outputs_v2/forecasts_rolling/2021/carbon_growth_pct_forecasts_lstm_macro.csv
2026-09-26 17:03:23 | DEBUG    | energy_stress.model_evaluation | Loaded outputs_v2/forecasts_rolling/2021/carbon_growth_pct_forecasts_tft_core.csv (12 rows)
2026-09-26 17:03:23 | WARNING  | energy_stress.model_evaluation | Forecast file not found: outputs_v2/forecasts_rolling/2021/carbon_growth_pct_forecasts_tft_macro.csv
2026-09-26 17:03:23 | INFO     | energy_stress.model_evaluation | Combined forecasts (48 rows) → outputs_v2/forecasts_rolling/2021/carbon_growth_pct_forecasts_all.csv
2026-09-26 17:03:23 | INFO     | energy_stress.model_evaluation |   core combined → outputs_v2/forecasts_rolling/2021/carbon_growth_pct_forecasts_core.csv
2026-09-26 17:03:23 | INFO     | energy_stress.model_evaluation | Evaluating 12 model results across all series and modes
2026-09-26 17:03:23 | INFO     | energy_stress.model_evaluation | Best model [carbon][core]: LSTM (selection_score=1.450)
2026-09-26 17:03:23 | INFO     | energy_stress.model_evaluation | Best model [electricity][core]: LSTM (selection_score=1.450)
2026-09-26 17:03:23 | INFO     | energy_stress.model_evaluation | Best model [gas][core]: LSTM (selection_score=1.350)
2026-09-26 17:03:23 | INFO     | energy_stress.model_evaluation | Metrics table saved → outputs_v2/tables/rolling/2021/model_metrics_comparison.csv
2026-09-26 17:03:23 | INFO     | energy_stress.fes | Best models selected:
2026-09-26 17:03:23 | INFO     | energy_stress.fes |   [carbon][core] → LSTM
2026-09-26 17:03:23 | INFO     | energy_stress.fes |   [electricity][core] → LSTM
2026-09-26 17:03:23 | INFO     | energy_stress.fes |   [gas][core] → LSTM
2026-09-26 17:03:23 | INFO     | energy_stress.fes | Per-series mode selected for FES_selected (metric per series/mode: {('gas', 'core'): 'RMSE', ('electricity', 'core'): 'RMSE', ('carbon', 'core'): 'RMSE'}): {'gas': 'core', 'electricity': 'core', 'carbon': 'core'}
2026-09-26 17:03:23 | INFO     | energy_stress.fes | FES_Weighted series weights (inverse validation-RMSE, normalized to mean 1.0): {'gas': 0.820587254081749, 'electricity': 1.7851745625376356, 'carbon': 0.39423818338061534}
2026-09-26 17:03:23 | INFO     | energy_stress.fes | [gas] train μ=5.3367, σ=15.2317 | unc_ref μ=6.3724, σ=5.9864
2026-09-26 17:03:23 | INFO     | energy_stress.fes | [electricity] train μ=6.4077, σ=8.5906 | unc_ref μ=4.2429, σ=3.2786
2026-09-26 17:03:23 | INFO     | energy_stress.fes | [carbon] train μ=5.4969, σ=167.8356 | unc_ref μ=69.1661, σ=104.8549
2026-09-26 17:03:23 | INFO     | energy_stress.fes | [actual real-vol] train μ=0.5080, σ=0.3888
2026-09-26 17:03:23 | WARNING  | energy_stress.fes | No best model found for (gas, macro)
2026-09-26 17:03:23 | WARNING  | energy_stress.fes | No best model found for (electricity, macro)
2026-09-26 17:03:23 | WARNING  | energy_stress.fes | No best model found for (carbon, macro)
2026-09-26 17:03:23 | INFO     | energy_stress.fes | Monthly FES saved → outputs_v2/fes/rolling/2021/fes_monthly_2022.csv
2026-09-26 17:03:23 | INFO     | energy_stress.fes | [gas] train μ=5.6239, σ=15.0872 | unc_ref μ=6.3151, σ=6.0560
2026-09-26 17:03:23 | INFO     | energy_stress.fes | [electricity] train μ=6.3867, σ=8.6382 | unc_ref μ=4.2281, σ=3.3468
2026-09-26 17:03:23 | INFO     | energy_stress.fes | [carbon] train μ=0.7513, σ=172.4009 | unc_ref μ=71.9716, σ=107.9204
2026-09-26 17:03:23 | INFO     | energy_stress.fes | [actual real-vol] train μ=0.5069, σ=0.3881
2026-09-26 17:03:23 | INFO     | energy_stress.fes | FES_actual, prior year 2021 (baseline for FES_selected's 2022 forecast): mean=0.22377 -> outputs_v2/fes/rolling/2021/fes_prior_actual_2021.csv
2026-09-26 17:03:23 | INFO     | energy_stress.fes | FES comparison metrics saved → outputs_v2/fes/rolling/2021/fes_comparison_metrics.csv  (9 rows)
2026-09-26 17:03:23 | INFO     | energy_stress.fes | Best RMSE per variant:
FES_variant
Equal_Core        10.52770
Equal_Selected    10.52770
Equal_Weighted    10.54155
2026-09-26 17:03:23 | INFO     | energy_stress.forecast_pipeline | ========================================
2026-09-26 17:03:23 | INFO     | energy_stress.forecast_pipeline | STAGE 2: Rolling year as_of=2022 (split train<2022, test=2022, refit<=2022, forecast=2023)
2026-09-26 17:03:23 | INFO     | energy_stress.forecast_pipeline | ========================================
2026-09-26 17:03:23 | INFO     | energy_stress.preprocessing | Train: 188 rows (through 2021-12-01) | Test: 12 rows (2022-01-01..2022-12-01)
2026-09-26 17:03:23 | INFO     | energy_stress.forecast_pipeline | ========================================
2026-09-26 17:03:23 | INFO     | energy_stress.forecast_pipeline | STAGE 2: Per-origin tuning, as_of=2022
2026-09-26 17:03:23 | INFO     | energy_stress.forecast_pipeline | ========================================
2026-09-26 17:03:23 | INFO     | energy_stress.tuning | Tuning gas/core/SARIMA candidate 1/1: {}
2026-09-26 17:03:23 | INFO     | energy_stress.sarima | [SARIMA-CORE] Fitting on gas (train=188 obs)
2026-09-26 17:03:48 | INFO     | energy_stress.sarima | SARIMA best order: (2, 0, 0) × (2, 1, 1, 12)
2026-09-26 17:03:49 | INFO     | energy_stress.sarima | [SARIMA-CORE gas] validation: MAE=76.1288, RMSE=89.2567, MAPE=72.71%
2026-09-26 17:03:49 | INFO     | energy_stress.sarima | [SARIMA-CORE] Forecast saved → outputs_v2/tuning_rolling/2022/forecasts/gas/core/sarima/candidate_01/gas_growth_pct_forecasts_sarima_core.csv
2026-09-26 17:03:49 | INFO     | energy_stress.tuning | Tuning gas/core/Prophet candidate 1/16: {'changepoint_prior_scale': 0.001, 'seasonality_prior_scale': 1.0, 'seasonality_mode': 'additive'}
2026-09-26 17:03:49 | INFO     | energy_stress.prophet | [Prophet-CORE] Fitting on gas (train=188 obs, regressors=False, cps=0.001, sps=1.0, reg_ps=n/a, seasonality=additive)
2026-09-26 17:03:49 | INFO     | energy_stress.prophet | [Prophet-CORE gas] validation: MAE=96.8855, RMSE=103.7991
2026-09-26 17:03:50 | INFO     | energy_stress.prophet | [Prophet-CORE] Forecast saved → outputs_v2/tuning_rolling/2022/forecasts/gas/core/prophet/candidate_01/gas_growth_pct_forecasts_prophet_core.csv
2026-09-26 17:03:50 | INFO     | energy_stress.tuning | Tuning gas/core/Prophet candidate 2/16: {'changepoint_prior_scale': 0.001, 'seasonality_prior_scale': 1.0, 'seasonality_mode': 'multiplicative'}
2026-09-26 17:03:50 | INFO     | energy_stress.prophet | [Prophet-CORE] Fitting on gas (train=188 obs, regressors=False, cps=0.001, sps=1.0, reg_ps=n/a, seasonality=multiplicative)
2026-09-26 17:03:50 | INFO     | energy_stress.prophet | [Prophet-CORE gas] validation: MAE=98.7075, RMSE=105.6173
2026-09-26 17:03:50 | INFO     | energy_stress.prophet | [Prophet-CORE] Forecast saved → outputs_v2/tuning_rolling/2022/forecasts/gas/core/prophet/candidate_02/gas_growth_pct_forecasts_prophet_core.csv
2026-09-26 17:03:50 | INFO     | energy_stress.tuning | Tuning gas/core/Prophet candidate 3/16: {'changepoint_prior_scale': 0.001, 'seasonality_prior_scale': 10.0, 'seasonality_mode': 'additive'}
2026-09-26 17:03:50 | INFO     | energy_stress.prophet | [Prophet-CORE] Fitting on gas (train=188 obs, regressors=False, cps=0.001, sps=10.0, reg_ps=n/a, seasonality=additive)
2026-09-26 17:03:51 | INFO     | energy_stress.prophet | [Prophet-CORE gas] validation: MAE=97.0676, RMSE=103.9615
2026-09-26 17:03:51 | INFO     | energy_stress.prophet | [Prophet-CORE] Forecast saved → outputs_v2/tuning_rolling/2022/forecasts/gas/core/prophet/candidate_03/gas_growth_pct_forecasts_prophet_core.csv
2026-09-26 17:03:51 | INFO     | energy_stress.tuning | Tuning gas/core/Prophet candidate 4/16: {'changepoint_prior_scale': 0.001, 'seasonality_prior_scale': 10.0, 'seasonality_mode': 'multiplicative'}
2026-09-26 17:03:51 | INFO     | energy_stress.prophet | [Prophet-CORE] Fitting on gas (train=188 obs, regressors=False, cps=0.001, sps=10.0, reg_ps=n/a, seasonality=multiplicative)
2026-09-26 17:03:52 | INFO     | energy_stress.prophet | [Prophet-CORE gas] validation: MAE=89.8419, RMSE=96.5261
2026-09-26 17:03:52 | INFO     | energy_stress.prophet | [Prophet-CORE] Forecast saved → outputs_v2/tuning_rolling/2022/forecasts/gas/core/prophet/candidate_04/gas_growth_pct_forecasts_prophet_core.csv
2026-09-26 17:03:52 | INFO     | energy_stress.tuning | Tuning gas/core/Prophet candidate 5/16: {'changepoint_prior_scale': 0.01, 'seasonality_prior_scale': 1.0, 'seasonality_mode': 'additive'}
2026-09-26 17:03:52 | INFO     | energy_stress.prophet | [Prophet-CORE] Fitting on gas (train=188 obs, regressors=False, cps=0.01, sps=1.0, reg_ps=n/a, seasonality=additive)
2026-09-26 17:03:52 | INFO     | energy_stress.prophet | [Prophet-CORE gas] validation: MAE=98.4630, RMSE=105.3003
2026-09-26 17:03:53 | INFO     | energy_stress.prophet | [Prophet-CORE] Forecast saved → outputs_v2/tuning_rolling/2022/forecasts/gas/core/prophet/candidate_05/gas_growth_pct_forecasts_prophet_core.csv
2026-09-26 17:03:53 | INFO     | energy_stress.tuning | Tuning gas/core/Prophet candidate 6/16: {'changepoint_prior_scale': 0.01, 'seasonality_prior_scale': 1.0, 'seasonality_mode': 'multiplicative'}
2026-09-26 17:03:53 | INFO     | energy_stress.prophet | [Prophet-CORE] Fitting on gas (train=188 obs, regressors=False, cps=0.01, sps=1.0, reg_ps=n/a, seasonality=multiplicative)
2026-09-26 17:03:53 | INFO     | energy_stress.prophet | [Prophet-CORE gas] validation: MAE=98.5674, RMSE=105.5088
2026-09-26 17:03:53 | INFO     | energy_stress.prophet | [Prophet-CORE] Forecast saved → outputs_v2/tuning_rolling/2022/forecasts/gas/core/prophet/candidate_06/gas_growth_pct_forecasts_prophet_core.csv
2026-09-26 17:03:53 | INFO     | energy_stress.tuning | Tuning gas/core/Prophet candidate 7/16: {'changepoint_prior_scale': 0.01, 'seasonality_prior_scale': 10.0, 'seasonality_mode': 'additive'}
2026-09-26 17:03:53 | INFO     | energy_stress.prophet | [Prophet-CORE] Fitting on gas (train=188 obs, regressors=False, cps=0.01, sps=10.0, reg_ps=n/a, seasonality=additive)
2026-09-26 17:03:54 | INFO     | energy_stress.prophet | [Prophet-CORE gas] validation: MAE=98.4643, RMSE=105.3111
2026-09-26 17:03:54 | INFO     | energy_stress.prophet | [Prophet-CORE] Forecast saved → outputs_v2/tuning_rolling/2022/forecasts/gas/core/prophet/candidate_07/gas_growth_pct_forecasts_prophet_core.csv
2026-09-26 17:03:54 | INFO     | energy_stress.tuning | Tuning gas/core/Prophet candidate 8/16: {'changepoint_prior_scale': 0.01, 'seasonality_prior_scale': 10.0, 'seasonality_mode': 'multiplicative'}
2026-09-26 17:03:54 | INFO     | energy_stress.prophet | [Prophet-CORE] Fitting on gas (train=188 obs, regressors=False, cps=0.01, sps=10.0, reg_ps=n/a, seasonality=multiplicative)
2026-09-26 17:03:55 | INFO     | energy_stress.prophet | [Prophet-CORE gas] validation: MAE=98.9886, RMSE=105.7668
2026-09-26 17:03:55 | INFO     | energy_stress.prophet | [Prophet-CORE] Forecast saved → outputs_v2/tuning_rolling/2022/forecasts/gas/core/prophet/candidate_08/gas_growth_pct_forecasts_prophet_core.csv
2026-09-26 17:03:55 | INFO     | energy_stress.tuning | Tuning gas/core/Prophet candidate 9/16: {'changepoint_prior_scale': 0.05, 'seasonality_prior_scale': 1.0, 'seasonality_mode': 'additive'}
2026-09-26 17:03:55 | INFO     | energy_stress.prophet | [Prophet-CORE] Fitting on gas (train=188 obs, regressors=False, cps=0.05, sps=1.0, reg_ps=n/a, seasonality=additive)
2026-09-26 17:03:55 | INFO     | energy_stress.prophet | [Prophet-CORE gas] validation: MAE=98.1536, RMSE=104.9825
2026-09-26 17:03:56 | INFO     | energy_stress.prophet | [Prophet-CORE] Forecast saved → outputs_v2/tuning_rolling/2022/forecasts/gas/core/prophet/candidate_09/gas_growth_pct_forecasts_prophet_core.csv
2026-09-26 17:03:56 | INFO     | energy_stress.tuning | Tuning gas/core/Prophet candidate 10/16: {'changepoint_prior_scale': 0.05, 'seasonality_prior_scale': 1.0, 'seasonality_mode': 'multiplicative'}
2026-09-26 17:03:56 | INFO     | energy_stress.prophet | [Prophet-CORE] Fitting on gas (train=188 obs, regressors=False, cps=0.05, sps=1.0, reg_ps=n/a, seasonality=multiplicative)
2026-09-26 17:03:56 | INFO     | energy_stress.prophet | [Prophet-CORE gas] validation: MAE=98.5101, RMSE=105.4974
2026-09-26 17:03:56 | INFO     | energy_stress.prophet | [Prophet-CORE] Forecast saved → outputs_v2/tuning_rolling/2022/forecasts/gas/core/prophet/candidate_10/gas_growth_pct_forecasts_prophet_core.csv
2026-09-26 17:03:56 | INFO     | energy_stress.tuning | Tuning gas/core/Prophet candidate 11/16: {'changepoint_prior_scale': 0.05, 'seasonality_prior_scale': 10.0, 'seasonality_mode': 'additive'}
2026-09-26 17:03:56 | INFO     | energy_stress.prophet | [Prophet-CORE] Fitting on gas (train=188 obs, regressors=False, cps=0.05, sps=10.0, reg_ps=n/a, seasonality=additive)
2026-09-26 17:03:56 | INFO     | energy_stress.prophet | [Prophet-CORE gas] validation: MAE=97.8729, RMSE=104.7173
2026-09-26 17:03:56 | INFO     | energy_stress.prophet | [Prophet-CORE] Forecast saved → outputs_v2/tuning_rolling/2022/forecasts/gas/core/prophet/candidate_11/gas_growth_pct_forecasts_prophet_core.csv
2026-09-26 17:03:56 | INFO     | energy_stress.tuning | Tuning gas/core/Prophet candidate 12/16: {'changepoint_prior_scale': 0.05, 'seasonality_prior_scale': 10.0, 'seasonality_mode': 'multiplicative'}
2026-09-26 17:03:56 | INFO     | energy_stress.prophet | [Prophet-CORE] Fitting on gas (train=188 obs, regressors=False, cps=0.05, sps=10.0, reg_ps=n/a, seasonality=multiplicative)
2026-09-26 17:03:56 | INFO     | energy_stress.prophet | [Prophet-CORE gas] validation: MAE=98.0268, RMSE=105.0520
2026-09-26 17:03:56 | INFO     | energy_stress.prophet | [Prophet-CORE] Forecast saved → outputs_v2/tuning_rolling/2022/forecasts/gas/core/prophet/candidate_12/gas_growth_pct_forecasts_prophet_core.csv
2026-09-26 17:03:56 | INFO     | energy_stress.tuning | Tuning gas/core/Prophet candidate 13/16: {'changepoint_prior_scale': 0.1, 'seasonality_prior_scale': 1.0, 'seasonality_mode': 'additive'}
2026-09-26 17:03:56 | INFO     | energy_stress.prophet | [Prophet-CORE] Fitting on gas (train=188 obs, regressors=False, cps=0.1, sps=1.0, reg_ps=n/a, seasonality=additive)
2026-09-26 17:03:56 | INFO     | energy_stress.prophet | [Prophet-CORE gas] validation: MAE=98.0523, RMSE=104.8866
2026-09-26 17:03:56 | INFO     | energy_stress.prophet | [Prophet-CORE] Forecast saved → outputs_v2/tuning_rolling/2022/forecasts/gas/core/prophet/candidate_13/gas_growth_pct_forecasts_prophet_core.csv
2026-09-26 17:03:56 | INFO     | energy_stress.tuning | Tuning gas/core/Prophet candidate 14/16: {'changepoint_prior_scale': 0.1, 'seasonality_prior_scale': 1.0, 'seasonality_mode': 'multiplicative'}
2026-09-26 17:03:56 | INFO     | energy_stress.prophet | [Prophet-CORE] Fitting on gas (train=188 obs, regressors=False, cps=0.1, sps=1.0, reg_ps=n/a, seasonality=multiplicative)
2026-09-26 17:03:56 | INFO     | energy_stress.prophet | [Prophet-CORE gas] validation: MAE=97.7522, RMSE=104.7545
2026-09-26 17:03:56 | INFO     | energy_stress.prophet | [Prophet-CORE] Forecast saved → outputs_v2/tuning_rolling/2022/forecasts/gas/core/prophet/candidate_14/gas_growth_pct_forecasts_prophet_core.csv
2026-09-26 17:03:56 | INFO     | energy_stress.tuning | Tuning gas/core/Prophet candidate 15/16: {'changepoint_prior_scale': 0.1, 'seasonality_prior_scale': 10.0, 'seasonality_mode': 'additive'}
2026-09-26 17:03:56 | INFO     | energy_stress.prophet | [Prophet-CORE] Fitting on gas (train=188 obs, regressors=False, cps=0.1, sps=10.0, reg_ps=n/a, seasonality=additive)
2026-09-26 17:03:57 | INFO     | energy_stress.prophet | [Prophet-CORE gas] validation: MAE=97.9628, RMSE=104.8041
2026-09-26 17:03:57 | INFO     | energy_stress.prophet | [Prophet-CORE] Forecast saved → outputs_v2/tuning_rolling/2022/forecasts/gas/core/prophet/candidate_15/gas_growth_pct_forecasts_prophet_core.csv
2026-09-26 17:03:57 | INFO     | energy_stress.tuning | Tuning gas/core/Prophet candidate 16/16: {'changepoint_prior_scale': 0.1, 'seasonality_prior_scale': 10.0, 'seasonality_mode': 'multiplicative'}
2026-09-26 17:03:57 | INFO     | energy_stress.prophet | [Prophet-CORE] Fitting on gas (train=188 obs, regressors=False, cps=0.1, sps=10.0, reg_ps=n/a, seasonality=multiplicative)
2026-09-26 17:03:57 | INFO     | energy_stress.prophet | [Prophet-CORE gas] validation: MAE=97.8936, RMSE=104.8986
2026-09-26 17:03:57 | INFO     | energy_stress.prophet | [Prophet-CORE] Forecast saved → outputs_v2/tuning_rolling/2022/forecasts/gas/core/prophet/candidate_16/gas_growth_pct_forecasts_prophet_core.csv
2026-09-26 17:03:57 | INFO     | energy_stress.tuning | Best params for gas/core/Prophet: {'changepoint_prior_scale': 0.001, 'seasonality_prior_scale': 10.0, 'seasonality_mode': 'multiplicative'} (validation score=89.8419)
2026-09-26 17:03:57 | INFO     | energy_stress.tuning | Tuning gas/core/LSTM candidate 1/3: {'lookback': 6, 'dropout': 0.1, 'learning_rate': 0.001, 'units_1': 64, 'units_2': 32, 'macro_feature_set': 'lstm'}
2026-09-26 17:03:57 | INFO     | energy_stress.lstm | [LSTM-CORE] Training on gas | train=2006-05-01→2021-12-01 (188 obs), test=2022-01-01→2022-12-01 (12 obs), use_macro=False, lookback=6, dropout=0.1, lr=0.001, units=(64,32), macro_feature_set=lstm
2026-09-26 17:04:04 | INFO     | energy_stress.lstm | [LSTM-CORE gas] validation: MAE=12.0850, RMSE=22.7185
2026-09-26 17:04:14 | INFO     | energy_stress.lstm | [LSTM-CORE] Forecast saved → outputs_v2/tuning_rolling/2022/forecasts/gas/core/lstm/candidate_01/gas_growth_pct_forecasts_lstm_core.csv
2026-09-26 17:04:14 | INFO     | energy_stress.tuning | Tuning gas/core/LSTM candidate 2/3: {'lookback': 12, 'dropout': 0.2, 'learning_rate': 0.001, 'units_1': 128, 'units_2': 64, 'macro_feature_set': 'lstm'}
2026-09-26 17:04:14 | INFO     | energy_stress.lstm | [LSTM-CORE] Training on gas | train=2006-05-01→2021-12-01 (188 obs), test=2022-01-01→2022-12-01 (12 obs), use_macro=False, lookback=12, dropout=0.2, lr=0.001, units=(128,64), macro_feature_set=lstm
2026-09-26 17:04:21 | INFO     | energy_stress.lstm | [LSTM-CORE gas] validation: MAE=43.9810, RMSE=49.9401
2026-09-26 17:04:29 | INFO     | energy_stress.lstm | [LSTM-CORE] Forecast saved → outputs_v2/tuning_rolling/2022/forecasts/gas/core/lstm/candidate_02/gas_growth_pct_forecasts_lstm_core.csv
2026-09-26 17:04:29 | INFO     | energy_stress.tuning | Tuning gas/core/LSTM candidate 3/3: {'lookback': 18, 'dropout': 0.25, 'learning_rate': 0.0005, 'units_1': 128, 'units_2': 64, 'macro_feature_set': 'lstm'}
2026-09-26 17:04:29 | INFO     | energy_stress.lstm | [LSTM-CORE] Training on gas | train=2006-05-01→2021-12-01 (188 obs), test=2022-01-01→2022-12-01 (12 obs), use_macro=False, lookback=18, dropout=0.25, lr=0.0005, units=(128,64), macro_feature_set=lstm
2026-09-26 17:04:45 | INFO     | energy_stress.lstm | [LSTM-CORE gas] validation: MAE=56.1772, RMSE=62.6663
2026-09-26 17:04:54 | INFO     | energy_stress.lstm | [LSTM-CORE] Forecast saved → outputs_v2/tuning_rolling/2022/forecasts/gas/core/lstm/candidate_03/gas_growth_pct_forecasts_lstm_core.csv
2026-09-26 17:04:54 | INFO     | energy_stress.tuning | Best params for gas/core/LSTM: {'lookback': 6, 'dropout': 0.1, 'learning_rate': 0.001, 'units_1': 64, 'units_2': 32, 'macro_feature_set': 'lstm'} (validation score=12.0850)
2026-09-26 17:04:54 | INFO     | energy_stress.tuning | Tuning gas/core/TFT candidate 1/3: {'lookback': 6, 'hidden': 32, 'n_heads': 4, 'learning_rate': 0.001}
2026-09-26 17:04:54 | INFO     | energy_stress.tft | [TFT/pytorch-forecasting] Fitting gas (core)
2026-09-26 17:05:45 | INFO     | energy_stress.tft | [TFT gas] validation: MAE=63.7788, RMSE=73.9544
2026-09-26 17:06:34 | INFO     | energy_stress.tft | [TFT] Forecast saved → outputs_v2/tuning_rolling/2022/forecasts/gas/core/tft/candidate_01/gas_growth_pct_forecasts_tft_core.csv
2026-09-26 17:06:34 | INFO     | energy_stress.tuning | Tuning gas/core/TFT candidate 2/3: {'lookback': 12, 'hidden': 64, 'n_heads': 4, 'learning_rate': 0.0005}
2026-09-26 17:06:34 | INFO     | energy_stress.tft | [TFT/pytorch-forecasting] Fitting gas (core)
2026-09-26 17:07:25 | INFO     | energy_stress.tft | [TFT gas] validation: MAE=70.9992, RMSE=83.5378
2026-09-26 17:08:17 | INFO     | energy_stress.tft | [TFT] Forecast saved → outputs_v2/tuning_rolling/2022/forecasts/gas/core/tft/candidate_02/gas_growth_pct_forecasts_tft_core.csv
2026-09-26 17:08:17 | INFO     | energy_stress.tuning | Tuning gas/core/TFT candidate 3/3: {'lookback': 18, 'hidden': 64, 'n_heads': 4, 'learning_rate': 0.0005}
2026-09-26 17:08:17 | INFO     | energy_stress.tft | [TFT/pytorch-forecasting] Fitting gas (core)
2026-09-26 17:09:08 | INFO     | energy_stress.tft | [TFT gas] validation: MAE=62.6183, RMSE=72.3102
2026-09-26 17:10:00 | INFO     | energy_stress.tft | [TFT] Forecast saved → outputs_v2/tuning_rolling/2022/forecasts/gas/core/tft/candidate_03/gas_growth_pct_forecasts_tft_core.csv
2026-09-26 17:10:00 | INFO     | energy_stress.tuning | Best params for gas/core/TFT: {'lookback': 18, 'hidden': 64, 'n_heads': 4, 'learning_rate': 0.0005} (validation score=62.6183)
2026-09-26 17:10:00 | INFO     | energy_stress.tuning | Tuning electricity/core/SARIMA candidate 1/1: {}
2026-09-26 17:10:00 | INFO     | energy_stress.sarima | [SARIMA-CORE] Fitting on electricity (train=188 obs)
2026-09-26 17:10:30 | INFO     | energy_stress.sarima | SARIMA best order: (1, 0, 2) × (0, 1, 2, 12)
2026-09-26 17:10:31 | INFO     | energy_stress.sarima | [SARIMA-CORE electricity] validation: MAE=38.6794, RMSE=44.4707, MAPE=69.84%
2026-09-26 17:10:31 | INFO     | energy_stress.sarima | [SARIMA-CORE] Forecast saved → outputs_v2/tuning_rolling/2022/forecasts/electricity/core/sarima/candidate_01/electricity_growth_pct_forecasts_sarima_core.csv
2026-09-26 17:10:31 | INFO     | energy_stress.tuning | Tuning electricity/core/Prophet candidate 1/8: {'changepoint_prior_scale': 0.001, 'seasonality_prior_scale': 1.0, 'seasonality_mode': 'additive'}
2026-09-26 17:10:31 | INFO     | energy_stress.prophet | [Prophet-CORE] Fitting on electricity (train=188 obs, regressors=False, cps=0.001, sps=1.0, reg_ps=n/a, seasonality=additive)
2026-09-26 17:10:31 | INFO     | energy_stress.prophet | [Prophet-CORE electricity] validation: MAE=46.1873, RMSE=49.2188
2026-09-26 17:10:32 | INFO     | energy_stress.prophet | [Prophet-CORE] Forecast saved → outputs_v2/tuning_rolling/2022/forecasts/electricity/core/prophet/candidate_01/electricity_growth_pct_forecasts_prophet_core.csv
2026-09-26 17:10:32 | INFO     | energy_stress.tuning | Tuning electricity/core/Prophet candidate 2/8: {'changepoint_prior_scale': 0.001, 'seasonality_prior_scale': 10.0, 'seasonality_mode': 'additive'}
2026-09-26 17:10:32 | INFO     | energy_stress.prophet | [Prophet-CORE] Fitting on electricity (train=188 obs, regressors=False, cps=0.001, sps=10.0, reg_ps=n/a, seasonality=additive)
2026-09-26 17:10:32 | INFO     | energy_stress.prophet | [Prophet-CORE electricity] validation: MAE=46.1822, RMSE=49.2117
2026-09-26 17:10:33 | INFO     | energy_stress.prophet | [Prophet-CORE] Forecast saved → outputs_v2/tuning_rolling/2022/forecasts/electricity/core/prophet/candidate_02/electricity_growth_pct_forecasts_prophet_core.csv
2026-09-26 17:10:33 | INFO     | energy_stress.tuning | Tuning electricity/core/Prophet candidate 3/8: {'changepoint_prior_scale': 0.01, 'seasonality_prior_scale': 1.0, 'seasonality_mode': 'additive'}
2026-09-26 17:10:33 | INFO     | energy_stress.prophet | [Prophet-CORE] Fitting on electricity (train=188 obs, regressors=False, cps=0.01, sps=1.0, reg_ps=n/a, seasonality=additive)
2026-09-26 17:10:33 | INFO     | energy_stress.prophet | [Prophet-CORE electricity] validation: MAE=46.4665, RMSE=49.4850
2026-09-26 17:10:33 | INFO     | energy_stress.prophet | [Prophet-CORE] Forecast saved → outputs_v2/tuning_rolling/2022/forecasts/electricity/core/prophet/candidate_03/electricity_growth_pct_forecasts_prophet_core.csv
2026-09-26 17:10:33 | INFO     | energy_stress.tuning | Tuning electricity/core/Prophet candidate 4/8: {'changepoint_prior_scale': 0.01, 'seasonality_prior_scale': 10.0, 'seasonality_mode': 'additive'}
2026-09-26 17:10:33 | INFO     | energy_stress.prophet | [Prophet-CORE] Fitting on electricity (train=188 obs, regressors=False, cps=0.01, sps=10.0, reg_ps=n/a, seasonality=additive)
2026-09-26 17:10:34 | INFO     | energy_stress.prophet | [Prophet-CORE electricity] validation: MAE=46.3177, RMSE=49.3448
2026-09-26 17:10:34 | INFO     | energy_stress.prophet | [Prophet-CORE] Forecast saved → outputs_v2/tuning_rolling/2022/forecasts/electricity/core/prophet/candidate_04/electricity_growth_pct_forecasts_prophet_core.csv
2026-09-26 17:10:34 | INFO     | energy_stress.tuning | Tuning electricity/core/Prophet candidate 5/8: {'changepoint_prior_scale': 0.05, 'seasonality_prior_scale': 1.0, 'seasonality_mode': 'additive'}
2026-09-26 17:10:34 | INFO     | energy_stress.prophet | [Prophet-CORE] Fitting on electricity (train=188 obs, regressors=False, cps=0.05, sps=1.0, reg_ps=n/a, seasonality=additive)
2026-09-26 17:10:34 | INFO     | energy_stress.prophet | [Prophet-CORE electricity] validation: MAE=46.0863, RMSE=49.1290
2026-09-26 17:10:34 | INFO     | energy_stress.prophet | [Prophet-CORE] Forecast saved → outputs_v2/tuning_rolling/2022/forecasts/electricity/core/prophet/candidate_05/electricity_growth_pct_forecasts_prophet_core.csv
2026-09-26 17:10:34 | INFO     | energy_stress.tuning | Tuning electricity/core/Prophet candidate 6/8: {'changepoint_prior_scale': 0.05, 'seasonality_prior_scale': 10.0, 'seasonality_mode': 'additive'}
2026-09-26 17:10:34 | INFO     | energy_stress.prophet | [Prophet-CORE] Fitting on electricity (train=188 obs, regressors=False, cps=0.05, sps=10.0, reg_ps=n/a, seasonality=additive)
2026-09-26 17:10:34 | INFO     | energy_stress.prophet | [Prophet-CORE electricity] validation: MAE=46.1315, RMSE=49.1715
2026-09-26 17:10:34 | INFO     | energy_stress.prophet | [Prophet-CORE] Forecast saved → outputs_v2/tuning_rolling/2022/forecasts/electricity/core/prophet/candidate_06/electricity_growth_pct_forecasts_prophet_core.csv
2026-09-26 17:10:34 | INFO     | energy_stress.tuning | Tuning electricity/core/Prophet candidate 7/8: {'changepoint_prior_scale': 0.1, 'seasonality_prior_scale': 1.0, 'seasonality_mode': 'additive'}
2026-09-26 17:10:34 | INFO     | energy_stress.prophet | [Prophet-CORE] Fitting on electricity (train=188 obs, regressors=False, cps=0.1, sps=1.0, reg_ps=n/a, seasonality=additive)
2026-09-26 17:10:34 | INFO     | energy_stress.prophet | [Prophet-CORE electricity] validation: MAE=43.8979, RMSE=47.0594
2026-09-26 17:10:34 | INFO     | energy_stress.prophet | [Prophet-CORE] Forecast saved → outputs_v2/tuning_rolling/2022/forecasts/electricity/core/prophet/candidate_07/electricity_growth_pct_forecasts_prophet_core.csv
2026-09-26 17:10:34 | INFO     | energy_stress.tuning | Tuning electricity/core/Prophet candidate 8/8: {'changepoint_prior_scale': 0.1, 'seasonality_prior_scale': 10.0, 'seasonality_mode': 'additive'}
2026-09-26 17:10:34 | INFO     | energy_stress.prophet | [Prophet-CORE] Fitting on electricity (train=188 obs, regressors=False, cps=0.1, sps=10.0, reg_ps=n/a, seasonality=additive)
2026-09-26 17:10:35 | INFO     | energy_stress.prophet | [Prophet-CORE electricity] validation: MAE=44.5309, RMSE=47.6551
2026-09-26 17:10:35 | INFO     | energy_stress.prophet | [Prophet-CORE] Forecast saved → outputs_v2/tuning_rolling/2022/forecasts/electricity/core/prophet/candidate_08/electricity_growth_pct_forecasts_prophet_core.csv
2026-09-26 17:10:35 | INFO     | energy_stress.tuning | Best params for electricity/core/Prophet: {'changepoint_prior_scale': 0.1, 'seasonality_prior_scale': 1.0, 'seasonality_mode': 'additive'} (validation score=43.8979)
2026-09-26 17:10:35 | INFO     | energy_stress.tuning | Tuning electricity/core/LSTM candidate 1/3: {'lookback': 6, 'dropout': 0.1, 'learning_rate': 0.001, 'units_1': 64, 'units_2': 32, 'macro_feature_set': 'lstm'}
2026-09-26 17:10:35 | INFO     | energy_stress.lstm | [LSTM-CORE] Training on electricity | train=2006-05-01→2021-12-01 (188 obs), test=2022-01-01→2022-12-01 (12 obs), use_macro=False, lookback=6, dropout=0.1, lr=0.001, units=(64,32), macro_feature_set=lstm
2026-09-26 17:10:44 | INFO     | energy_stress.lstm | [LSTM-CORE electricity] validation: MAE=6.0242, RMSE=11.1915
2026-09-26 17:10:52 | INFO     | energy_stress.lstm | [LSTM-CORE] Forecast saved → outputs_v2/tuning_rolling/2022/forecasts/electricity/core/lstm/candidate_01/electricity_growth_pct_forecasts_lstm_core.csv
2026-09-26 17:10:52 | INFO     | energy_stress.tuning | Tuning electricity/core/LSTM candidate 2/3: {'lookback': 12, 'dropout': 0.2, 'learning_rate': 0.001, 'units_1': 128, 'units_2': 64, 'macro_feature_set': 'lstm'}
2026-09-26 17:10:52 | INFO     | energy_stress.lstm | [LSTM-CORE] Training on electricity | train=2006-05-01→2021-12-01 (188 obs), test=2022-01-01→2022-12-01 (12 obs), use_macro=False, lookback=12, dropout=0.2, lr=0.001, units=(128,64), macro_feature_set=lstm
2026-09-26 17:11:04 | INFO     | energy_stress.lstm | [LSTM-CORE electricity] validation: MAE=14.5254, RMSE=19.0496
2026-09-26 17:11:11 | INFO     | energy_stress.lstm | [LSTM-CORE] Forecast saved → outputs_v2/tuning_rolling/2022/forecasts/electricity/core/lstm/candidate_02/electricity_growth_pct_forecasts_lstm_core.csv
2026-09-26 17:11:11 | INFO     | energy_stress.tuning | Tuning electricity/core/LSTM candidate 3/3: {'lookback': 18, 'dropout': 0.25, 'learning_rate': 0.0005, 'units_1': 128, 'units_2': 64, 'macro_feature_set': 'lstm'}
2026-09-26 17:11:11 | INFO     | energy_stress.lstm | [LSTM-CORE] Training on electricity | train=2006-05-01→2021-12-01 (188 obs), test=2022-01-01→2022-12-01 (12 obs), use_macro=False, lookback=18, dropout=0.25, lr=0.0005, units=(128,64), macro_feature_set=lstm
2026-09-26 17:11:24 | INFO     | energy_stress.lstm | [LSTM-CORE electricity] validation: MAE=23.2944, RMSE=27.0245
2026-09-26 17:11:36 | INFO     | energy_stress.lstm | [LSTM-CORE] Forecast saved → outputs_v2/tuning_rolling/2022/forecasts/electricity/core/lstm/candidate_03/electricity_growth_pct_forecasts_lstm_core.csv
2026-09-26 17:11:36 | INFO     | energy_stress.tuning | Best params for electricity/core/LSTM: {'lookback': 6, 'dropout': 0.1, 'learning_rate': 0.001, 'units_1': 64, 'units_2': 32, 'macro_feature_set': 'lstm'} (validation score=6.0242)
2026-09-26 17:11:36 | INFO     | energy_stress.tuning | Tuning electricity/core/TFT candidate 1/3: {'lookback': 6, 'hidden': 32, 'n_heads': 4, 'learning_rate': 0.001}
2026-09-26 17:11:36 | INFO     | energy_stress.tft | [TFT/pytorch-forecasting] Fitting electricity (core)
2026-09-26 17:12:29 | INFO     | energy_stress.tft | [TFT electricity] validation: MAE=40.4368, RMSE=45.7111
2026-09-26 17:13:21 | INFO     | energy_stress.tft | [TFT] Forecast saved → outputs_v2/tuning_rolling/2022/forecasts/electricity/core/tft/candidate_01/electricity_growth_pct_forecasts_tft_core.csv
2026-09-26 17:13:21 | INFO     | energy_stress.tuning | Tuning electricity/core/TFT candidate 2/3: {'lookback': 12, 'hidden': 64, 'n_heads': 4, 'learning_rate': 0.0005}
2026-09-26 17:13:21 | INFO     | energy_stress.tft | [TFT/pytorch-forecasting] Fitting electricity (core)
2026-09-26 17:14:13 | INFO     | energy_stress.tft | [TFT electricity] validation: MAE=33.4409, RMSE=38.5883
2026-09-26 17:15:06 | INFO     | energy_stress.tft | [TFT] Forecast saved → outputs_v2/tuning_rolling/2022/forecasts/electricity/core/tft/candidate_02/electricity_growth_pct_forecasts_tft_core.csv
2026-09-26 17:15:06 | INFO     | energy_stress.tuning | Tuning electricity/core/TFT candidate 3/3: {'lookback': 18, 'hidden': 64, 'n_heads': 4, 'learning_rate': 0.0005}
2026-09-26 17:15:06 | INFO     | energy_stress.tft | [TFT/pytorch-forecasting] Fitting electricity (core)
2026-09-26 17:15:59 | INFO     | energy_stress.tft | [TFT electricity] validation: MAE=37.6317, RMSE=43.5549
2026-09-26 17:16:52 | INFO     | energy_stress.tft | [TFT] Forecast saved → outputs_v2/tuning_rolling/2022/forecasts/electricity/core/tft/candidate_03/electricity_growth_pct_forecasts_tft_core.csv
2026-09-26 17:16:52 | INFO     | energy_stress.tuning | Best params for electricity/core/TFT: {'lookback': 12, 'hidden': 64, 'n_heads': 4, 'learning_rate': 0.0005} (validation score=33.4409)
2026-09-26 17:16:52 | INFO     | energy_stress.tuning | Tuning carbon/core/SARIMA candidate 1/1: {}
2026-09-26 17:16:52 | INFO     | energy_stress.sarima | [SARIMA-CORE] Fitting on carbon (train=188 obs)
2026-09-26 17:17:04 | INFO     | energy_stress.sarima | SARIMA best order: (1, 0, 0) × (2, 1, 0, 12)
2026-09-26 17:17:04 | INFO     | energy_stress.sarima | [SARIMA-CORE carbon] validation: MAE=21.3823, RMSE=25.4859, MAPE=366.42%
2026-09-26 17:17:04 | INFO     | energy_stress.sarima | [SARIMA-CORE] Forecast saved → outputs_v2/tuning_rolling/2022/forecasts/carbon/core/sarima/candidate_01/carbon_growth_pct_forecasts_sarima_core.csv
2026-09-26 17:17:04 | INFO     | energy_stress.tuning | Tuning carbon/core/Prophet candidate 1/8: {'changepoint_prior_scale': 0.001, 'seasonality_prior_scale': 1.0, 'seasonality_mode': 'additive'}
2026-09-26 17:17:04 | INFO     | energy_stress.prophet | [Prophet-CORE] Fitting on carbon (train=188 obs, regressors=False, cps=0.001, sps=1.0, reg_ps=n/a, seasonality=additive)
2026-09-26 17:17:05 | INFO     | energy_stress.prophet | [Prophet-CORE carbon] validation: MAE=27.4281, RMSE=33.4947
2026-09-26 17:17:05 | INFO     | energy_stress.prophet | [Prophet-CORE] Forecast saved → outputs_v2/tuning_rolling/2022/forecasts/carbon/core/prophet/candidate_01/carbon_growth_pct_forecasts_prophet_core.csv
2026-09-26 17:17:05 | INFO     | energy_stress.tuning | Tuning carbon/core/Prophet candidate 2/8: {'changepoint_prior_scale': 0.001, 'seasonality_prior_scale': 10.0, 'seasonality_mode': 'additive'}
2026-09-26 17:17:05 | INFO     | energy_stress.prophet | [Prophet-CORE] Fitting on carbon (train=188 obs, regressors=False, cps=0.001, sps=10.0, reg_ps=n/a, seasonality=additive)
2026-09-26 17:17:05 | INFO     | energy_stress.prophet | [Prophet-CORE carbon] validation: MAE=28.0792, RMSE=34.1015
2026-09-26 17:17:05 | INFO     | energy_stress.prophet | [Prophet-CORE] Forecast saved → outputs_v2/tuning_rolling/2022/forecasts/carbon/core/prophet/candidate_02/carbon_growth_pct_forecasts_prophet_core.csv
2026-09-26 17:17:05 | INFO     | energy_stress.tuning | Tuning carbon/core/Prophet candidate 3/8: {'changepoint_prior_scale': 0.01, 'seasonality_prior_scale': 1.0, 'seasonality_mode': 'additive'}
2026-09-26 17:17:05 | INFO     | energy_stress.prophet | [Prophet-CORE] Fitting on carbon (train=188 obs, regressors=False, cps=0.01, sps=1.0, reg_ps=n/a, seasonality=additive)
2026-09-26 17:17:05 | INFO     | energy_stress.prophet | [Prophet-CORE carbon] validation: MAE=24.0168, RMSE=30.3258
2026-09-26 17:17:05 | INFO     | energy_stress.prophet | [Prophet-CORE] Forecast saved → outputs_v2/tuning_rolling/2022/forecasts/carbon/core/prophet/candidate_03/carbon_growth_pct_forecasts_prophet_core.csv
2026-09-26 17:17:05 | INFO     | energy_stress.tuning | Tuning carbon/core/Prophet candidate 4/8: {'changepoint_prior_scale': 0.01, 'seasonality_prior_scale': 10.0, 'seasonality_mode': 'additive'}
2026-09-26 17:17:05 | INFO     | energy_stress.prophet | [Prophet-CORE] Fitting on carbon (train=188 obs, regressors=False, cps=0.01, sps=10.0, reg_ps=n/a, seasonality=additive)
2026-09-26 17:17:05 | INFO     | energy_stress.prophet | [Prophet-CORE carbon] validation: MAE=24.0167, RMSE=30.3257
2026-09-26 17:17:05 | INFO     | energy_stress.prophet | [Prophet-CORE] Forecast saved → outputs_v2/tuning_rolling/2022/forecasts/carbon/core/prophet/candidate_04/carbon_growth_pct_forecasts_prophet_core.csv
2026-09-26 17:17:05 | INFO     | energy_stress.tuning | Tuning carbon/core/Prophet candidate 5/8: {'changepoint_prior_scale': 0.05, 'seasonality_prior_scale': 1.0, 'seasonality_mode': 'additive'}
2026-09-26 17:17:05 | INFO     | energy_stress.prophet | [Prophet-CORE] Fitting on carbon (train=188 obs, regressors=False, cps=0.05, sps=1.0, reg_ps=n/a, seasonality=additive)
2026-09-26 17:17:06 | INFO     | energy_stress.prophet | [Prophet-CORE carbon] validation: MAE=26.7642, RMSE=32.9874
2026-09-26 17:17:06 | INFO     | energy_stress.prophet | [Prophet-CORE] Forecast saved → outputs_v2/tuning_rolling/2022/forecasts/carbon/core/prophet/candidate_05/carbon_growth_pct_forecasts_prophet_core.csv
2026-09-26 17:17:06 | INFO     | energy_stress.tuning | Tuning carbon/core/Prophet candidate 6/8: {'changepoint_prior_scale': 0.05, 'seasonality_prior_scale': 10.0, 'seasonality_mode': 'additive'}
2026-09-26 17:17:06 | INFO     | energy_stress.prophet | [Prophet-CORE] Fitting on carbon (train=188 obs, regressors=False, cps=0.05, sps=10.0, reg_ps=n/a, seasonality=additive)
2026-09-26 17:17:06 | INFO     | energy_stress.prophet | [Prophet-CORE carbon] validation: MAE=26.7571, RMSE=32.9811
2026-09-26 17:17:06 | INFO     | energy_stress.prophet | [Prophet-CORE] Forecast saved → outputs_v2/tuning_rolling/2022/forecasts/carbon/core/prophet/candidate_06/carbon_growth_pct_forecasts_prophet_core.csv
2026-09-26 17:17:06 | INFO     | energy_stress.tuning | Tuning carbon/core/Prophet candidate 7/8: {'changepoint_prior_scale': 0.1, 'seasonality_prior_scale': 1.0, 'seasonality_mode': 'additive'}
2026-09-26 17:17:06 | INFO     | energy_stress.prophet | [Prophet-CORE] Fitting on carbon (train=188 obs, regressors=False, cps=0.1, sps=1.0, reg_ps=n/a, seasonality=additive)
2026-09-26 17:17:06 | INFO     | energy_stress.prophet | [Prophet-CORE carbon] validation: MAE=26.4142, RMSE=32.6609
2026-09-26 17:17:06 | INFO     | energy_stress.prophet | [Prophet-CORE] Forecast saved → outputs_v2/tuning_rolling/2022/forecasts/carbon/core/prophet/candidate_07/carbon_growth_pct_forecasts_prophet_core.csv
2026-09-26 17:17:06 | INFO     | energy_stress.tuning | Tuning carbon/core/Prophet candidate 8/8: {'changepoint_prior_scale': 0.1, 'seasonality_prior_scale': 10.0, 'seasonality_mode': 'additive'}
2026-09-26 17:17:06 | INFO     | energy_stress.prophet | [Prophet-CORE] Fitting on carbon (train=188 obs, regressors=False, cps=0.1, sps=10.0, reg_ps=n/a, seasonality=additive)
2026-09-26 17:17:06 | INFO     | energy_stress.prophet | [Prophet-CORE carbon] validation: MAE=26.4153, RMSE=32.6619
2026-09-26 17:17:06 | INFO     | energy_stress.prophet | [Prophet-CORE] Forecast saved → outputs_v2/tuning_rolling/2022/forecasts/carbon/core/prophet/candidate_08/carbon_growth_pct_forecasts_prophet_core.csv
2026-09-26 17:17:06 | INFO     | energy_stress.tuning | Best params for carbon/core/Prophet: {'changepoint_prior_scale': 0.01, 'seasonality_prior_scale': 10.0, 'seasonality_mode': 'additive'} (validation score=24.0167)
2026-09-26 17:17:06 | INFO     | energy_stress.tuning | Tuning carbon/core/LSTM candidate 1/3: {'lookback': 6, 'dropout': 0.1, 'learning_rate': 0.001, 'units_1': 64, 'units_2': 32, 'macro_feature_set': 'lstm'}
2026-09-26 17:17:06 | INFO     | energy_stress.lstm | [LSTM-CORE] Training on carbon | train=2006-05-01→2021-12-01 (188 obs), test=2022-01-01→2022-12-01 (12 obs), use_macro=False, lookback=6, dropout=0.1, lr=0.001, units=(64,32), macro_feature_set=lstm
2026-09-26 17:17:11 | INFO     | energy_stress.lstm | [LSTM-CORE carbon] validation: MAE=12.1997, RMSE=13.8729
2026-09-26 17:17:16 | INFO     | energy_stress.lstm | [LSTM-CORE] Forecast saved → outputs_v2/tuning_rolling/2022/forecasts/carbon/core/lstm/candidate_01/carbon_growth_pct_forecasts_lstm_core.csv
2026-09-26 17:17:16 | INFO     | energy_stress.tuning | Tuning carbon/core/LSTM candidate 2/3: {'lookback': 12, 'dropout': 0.2, 'learning_rate': 0.001, 'units_1': 128, 'units_2': 64, 'macro_feature_set': 'lstm'}
2026-09-26 17:17:16 | INFO     | energy_stress.lstm | [LSTM-CORE] Training on carbon | train=2006-05-01→2021-12-01 (188 obs), test=2022-01-01→2022-12-01 (12 obs), use_macro=False, lookback=12, dropout=0.2, lr=0.001, units=(128,64), macro_feature_set=lstm
2026-09-26 17:17:24 | INFO     | energy_stress.lstm | [LSTM-CORE carbon] validation: MAE=11.2552, RMSE=13.0114
2026-09-26 17:17:29 | INFO     | energy_stress.lstm | [LSTM-CORE] Forecast saved → outputs_v2/tuning_rolling/2022/forecasts/carbon/core/lstm/candidate_02/carbon_growth_pct_forecasts_lstm_core.csv
2026-09-26 17:17:29 | INFO     | energy_stress.tuning | Tuning carbon/core/LSTM candidate 3/3: {'lookback': 18, 'dropout': 0.25, 'learning_rate': 0.0005, 'units_1': 128, 'units_2': 64, 'macro_feature_set': 'lstm'}
2026-09-26 17:17:29 | INFO     | energy_stress.lstm | [LSTM-CORE] Training on carbon | train=2006-05-01→2021-12-01 (188 obs), test=2022-01-01→2022-12-01 (12 obs), use_macro=False, lookback=18, dropout=0.25, lr=0.0005, units=(128,64), macro_feature_set=lstm
2026-09-26 17:17:38 | INFO     | energy_stress.lstm | [LSTM-CORE carbon] validation: MAE=15.2369, RMSE=17.0853
2026-09-26 17:17:44 | INFO     | energy_stress.lstm | [LSTM-CORE] Forecast saved → outputs_v2/tuning_rolling/2022/forecasts/carbon/core/lstm/candidate_03/carbon_growth_pct_forecasts_lstm_core.csv
2026-09-26 17:17:44 | INFO     | energy_stress.tuning | Best params for carbon/core/LSTM: {'lookback': 12, 'dropout': 0.2, 'learning_rate': 0.001, 'units_1': 128, 'units_2': 64, 'macro_feature_set': 'lstm'} (validation score=11.2552)
2026-09-26 17:17:44 | INFO     | energy_stress.tuning | Tuning carbon/core/TFT candidate 1/3: {'lookback': 6, 'hidden': 32, 'n_heads': 4, 'learning_rate': 0.001}
2026-09-26 17:17:44 | INFO     | energy_stress.tft | [TFT/pytorch-forecasting] Fitting carbon (core)
2026-09-26 17:18:36 | INFO     | energy_stress.tft | [TFT carbon] validation: MAE=16.5960, RMSE=18.6859
2026-09-26 17:19:24 | INFO     | energy_stress.tft | [TFT] Forecast saved → outputs_v2/tuning_rolling/2022/forecasts/carbon/core/tft/candidate_01/carbon_growth_pct_forecasts_tft_core.csv
2026-09-26 17:19:24 | INFO     | energy_stress.tuning | Tuning carbon/core/TFT candidate 2/3: {'lookback': 12, 'hidden': 64, 'n_heads': 4, 'learning_rate': 0.0005}
2026-09-26 17:19:24 | INFO     | energy_stress.tft | [TFT/pytorch-forecasting] Fitting carbon (core)
2026-09-26 17:20:14 | INFO     | energy_stress.tft | [TFT carbon] validation: MAE=13.4071, RMSE=14.9666
2026-09-26 17:21:03 | INFO     | energy_stress.tft | [TFT] Forecast saved → outputs_v2/tuning_rolling/2022/forecasts/carbon/core/tft/candidate_02/carbon_growth_pct_forecasts_tft_core.csv
2026-09-26 17:21:03 | INFO     | energy_stress.tuning | Tuning carbon/core/TFT candidate 3/3: {'lookback': 18, 'hidden': 64, 'n_heads': 4, 'learning_rate': 0.0005}
2026-09-26 17:21:03 | INFO     | energy_stress.tft | [TFT/pytorch-forecasting] Fitting carbon (core)
2026-09-26 17:21:53 | INFO     | energy_stress.tft | [TFT carbon] validation: MAE=34.5914, RMSE=37.0992
2026-09-26 17:22:47 | INFO     | energy_stress.tft | [TFT] Forecast saved → outputs_v2/tuning_rolling/2022/forecasts/carbon/core/tft/candidate_03/carbon_growth_pct_forecasts_tft_core.csv
2026-09-26 17:22:47 | INFO     | energy_stress.tuning | Best params for carbon/core/TFT: {'lookback': 12, 'hidden': 64, 'n_heads': 4, 'learning_rate': 0.0005} (validation score=13.4071)
2026-09-26 17:22:47 | INFO     | energy_stress.tuning | Tuning results saved → outputs_v2/tuning_rolling/2022/model_tuning_results.csv
2026-09-26 17:22:47 | INFO     | energy_stress.forecast_pipeline | 
──────────────────────────────────────────────────
Series: GAS
──────────────────────────────────────────────────
2026-09-26 17:22:47 | INFO     | energy_stress.forecast_pipeline | [gas] train=188, test=12, full=200 (through 2022-12-01), actual_target=12 non-null (2023-01-01..2023-12-01)
2026-09-26 17:22:47 | INFO     | energy_stress.sarima | [SARIMA-CORE] Fitting on gas (train=188 obs)
2026-09-26 17:23:14 | INFO     | energy_stress.sarima | SARIMA best order: (2, 0, 0) × (2, 1, 1, 12)
2026-09-26 17:23:14 | INFO     | energy_stress.sarima | [SARIMA-CORE gas] validation: MAE=76.1288, RMSE=89.2567, MAPE=72.71%
2026-09-26 17:23:15 | INFO     | energy_stress.sarima | [SARIMA-CORE] Forecast saved → outputs_v2/forecasts_rolling/2022/gas_growth_pct_forecasts_sarima_core.csv
2026-09-26 17:23:15 | INFO     | energy_stress.prophet | [Prophet-CORE] Fitting on gas (train=188 obs, regressors=False, cps=0.001, sps=10.0, reg_ps=n/a, seasonality=multiplicative)
2026-09-26 17:23:15 | INFO     | energy_stress.prophet | [Prophet-CORE gas] validation: MAE=89.8419, RMSE=96.5261
2026-09-26 17:23:15 | INFO     | energy_stress.prophet | [Prophet-CORE] Forecast saved → outputs_v2/forecasts_rolling/2022/gas_growth_pct_forecasts_prophet_core.csv
2026-09-26 17:23:15 | INFO     | energy_stress.lstm | [LSTM-CORE] Training on gas | train=2006-05-01→2021-12-01 (188 obs), test=2022-01-01→2022-12-01 (12 obs), use_macro=False, lookback=6, dropout=0.1, lr=0.001, units=(64,32), macro_feature_set=lstm
2026-09-26 17:23:23 | INFO     | energy_stress.lstm | [LSTM-CORE gas] validation: MAE=12.1110, RMSE=22.6762
2026-09-26 17:23:31 | INFO     | energy_stress.lstm | [LSTM-CORE] Forecast saved → outputs_v2/forecasts_rolling/2022/gas_growth_pct_forecasts_lstm_core.csv
2026-09-26 17:23:31 | INFO     | energy_stress.lstm | [LSTM-CORE] Model saved → outputs_v2/models
2026-09-26 17:23:31 | INFO     | energy_stress.tft | [TFT/pytorch-forecasting] Fitting gas (core)
2026-09-26 17:24:51 | INFO     | energy_stress.tft | [TFT gas] validation: MAE=71.0983, RMSE=79.8089
2026-09-26 17:26:12 | INFO     | energy_stress.tft | [TFT] Forecast saved → outputs_v2/forecasts_rolling/2022/gas_growth_pct_forecasts_tft_core.csv
2026-09-26 17:26:12 | INFO     | energy_stress.forecast_pipeline | 
──────────────────────────────────────────────────
Series: ELECTRICITY
──────────────────────────────────────────────────
2026-09-26 17:26:12 | INFO     | energy_stress.forecast_pipeline | [electricity] train=188, test=12, full=200 (through 2022-12-01), actual_target=12 non-null (2023-01-01..2023-12-01)
2026-09-26 17:26:12 | INFO     | energy_stress.sarima | [SARIMA-CORE] Fitting on electricity (train=188 obs)
2026-09-26 17:26:41 | INFO     | energy_stress.sarima | SARIMA best order: (1, 0, 2) × (0, 1, 2, 12)
2026-09-26 17:26:42 | INFO     | energy_stress.sarima | [SARIMA-CORE electricity] validation: MAE=38.6794, RMSE=44.4707, MAPE=69.84%
2026-09-26 17:26:42 | INFO     | energy_stress.sarima | [SARIMA-CORE] Forecast saved → outputs_v2/forecasts_rolling/2022/electricity_growth_pct_forecasts_sarima_core.csv
2026-09-26 17:26:42 | INFO     | energy_stress.prophet | [Prophet-CORE] Fitting on electricity (train=188 obs, regressors=False, cps=0.1, sps=1.0, reg_ps=n/a, seasonality=additive)
2026-09-26 17:26:42 | INFO     | energy_stress.prophet | [Prophet-CORE electricity] validation: MAE=43.8979, RMSE=47.0594
2026-09-26 17:26:42 | INFO     | energy_stress.prophet | [Prophet-CORE] Forecast saved → outputs_v2/forecasts_rolling/2022/electricity_growth_pct_forecasts_prophet_core.csv
2026-09-26 17:26:42 | INFO     | energy_stress.lstm | [LSTM-CORE] Training on electricity | train=2006-05-01→2021-12-01 (188 obs), test=2022-01-01→2022-12-01 (12 obs), use_macro=False, lookback=6, dropout=0.1, lr=0.001, units=(64,32), macro_feature_set=lstm
2026-09-26 17:26:50 | INFO     | energy_stress.lstm | [LSTM-CORE electricity] validation: MAE=5.9321, RMSE=11.1815
2026-09-26 17:27:00 | INFO     | energy_stress.lstm | [LSTM-CORE] Forecast saved → outputs_v2/forecasts_rolling/2022/electricity_growth_pct_forecasts_lstm_core.csv
2026-09-26 17:27:00 | INFO     | energy_stress.lstm | [LSTM-CORE] Model saved → outputs_v2/models
2026-09-26 17:27:00 | INFO     | energy_stress.tft | [TFT/pytorch-forecasting] Fitting electricity (core)
2026-09-26 17:28:20 | INFO     | energy_stress.tft | [TFT electricity] validation: MAE=40.4935, RMSE=45.3586
2026-09-26 17:29:41 | INFO     | energy_stress.tft | [TFT] Forecast saved → outputs_v2/forecasts_rolling/2022/electricity_growth_pct_forecasts_tft_core.csv
2026-09-26 17:29:41 | INFO     | energy_stress.forecast_pipeline | 
──────────────────────────────────────────────────
Series: CARBON
──────────────────────────────────────────────────
2026-09-26 17:29:41 | INFO     | energy_stress.forecast_pipeline | [carbon] train=188, test=12, full=200 (through 2022-12-01), actual_target=12 non-null (2023-01-01..2023-12-01)
2026-09-26 17:29:41 | INFO     | energy_stress.sarima | [SARIMA-CORE] Fitting on carbon (train=188 obs)
2026-09-26 17:29:52 | INFO     | energy_stress.sarima | SARIMA best order: (1, 0, 0) × (2, 1, 0, 12)
2026-09-26 17:29:52 | INFO     | energy_stress.sarima | [SARIMA-CORE carbon] validation: MAE=21.3823, RMSE=25.4859, MAPE=366.42%
2026-09-26 17:29:52 | INFO     | energy_stress.sarima | [SARIMA-CORE] Forecast saved → outputs_v2/forecasts_rolling/2022/carbon_growth_pct_forecasts_sarima_core.csv
2026-09-26 17:29:52 | INFO     | energy_stress.prophet | [Prophet-CORE] Fitting on carbon (train=188 obs, regressors=False, cps=0.01, sps=10.0, reg_ps=n/a, seasonality=additive)
2026-09-26 17:29:52 | INFO     | energy_stress.prophet | [Prophet-CORE carbon] validation: MAE=24.0167, RMSE=30.3257
2026-09-26 17:29:52 | INFO     | energy_stress.prophet | [Prophet-CORE] Forecast saved → outputs_v2/forecasts_rolling/2022/carbon_growth_pct_forecasts_prophet_core.csv
2026-09-26 17:29:52 | INFO     | energy_stress.lstm | [LSTM-CORE] Training on carbon | train=2006-05-01→2021-12-01 (188 obs), test=2022-01-01→2022-12-01 (12 obs), use_macro=False, lookback=12, dropout=0.2, lr=0.001, units=(128,64), macro_feature_set=lstm
2026-09-26 17:30:01 | INFO     | energy_stress.lstm | [LSTM-CORE carbon] validation: MAE=11.0854, RMSE=12.8055
2026-09-26 17:30:11 | INFO     | energy_stress.lstm | [LSTM-CORE] Forecast saved → outputs_v2/forecasts_rolling/2022/carbon_growth_pct_forecasts_lstm_core.csv
2026-09-26 17:30:11 | INFO     | energy_stress.lstm | [LSTM-CORE] Model saved → outputs_v2/models
2026-09-26 17:30:11 | INFO     | energy_stress.tft | [TFT/pytorch-forecasting] Fitting carbon (core)
2026-09-26 17:31:30 | INFO     | energy_stress.tft | [TFT carbon] validation: MAE=14.9339, RMSE=16.7931
2026-09-26 17:32:48 | INFO     | energy_stress.tft | [TFT] Forecast saved → outputs_v2/forecasts_rolling/2022/carbon_growth_pct_forecasts_tft_core.csv
2026-09-26 17:32:48 | DEBUG    | energy_stress.model_evaluation | Loaded outputs_v2/forecasts_rolling/2022/gas_growth_pct_forecasts_sarima_core.csv (12 rows)
2026-09-26 17:32:48 | WARNING  | energy_stress.model_evaluation | Forecast file not found: outputs_v2/forecasts_rolling/2022/gas_growth_pct_forecasts_sarima_macro.csv
2026-09-26 17:32:48 | DEBUG    | energy_stress.model_evaluation | Loaded outputs_v2/forecasts_rolling/2022/gas_growth_pct_forecasts_prophet_core.csv (12 rows)
2026-09-26 17:32:48 | WARNING  | energy_stress.model_evaluation | Forecast file not found: outputs_v2/forecasts_rolling/2022/gas_growth_pct_forecasts_prophet_macro.csv
2026-09-26 17:32:48 | DEBUG    | energy_stress.model_evaluation | Loaded outputs_v2/forecasts_rolling/2022/gas_growth_pct_forecasts_lstm_core.csv (12 rows)
2026-09-26 17:32:48 | WARNING  | energy_stress.model_evaluation | Forecast file not found: outputs_v2/forecasts_rolling/2022/gas_growth_pct_forecasts_lstm_macro.csv
2026-09-26 17:32:48 | DEBUG    | energy_stress.model_evaluation | Loaded outputs_v2/forecasts_rolling/2022/gas_growth_pct_forecasts_tft_core.csv (12 rows)
2026-09-26 17:32:48 | WARNING  | energy_stress.model_evaluation | Forecast file not found: outputs_v2/forecasts_rolling/2022/gas_growth_pct_forecasts_tft_macro.csv
2026-09-26 17:32:48 | INFO     | energy_stress.model_evaluation | Combined forecasts (48 rows) → outputs_v2/forecasts_rolling/2022/gas_growth_pct_forecasts_all.csv
2026-09-26 17:32:48 | INFO     | energy_stress.model_evaluation |   core combined → outputs_v2/forecasts_rolling/2022/gas_growth_pct_forecasts_core.csv
2026-09-26 17:32:48 | DEBUG    | energy_stress.model_evaluation | Loaded outputs_v2/forecasts_rolling/2022/electricity_growth_pct_forecasts_sarima_core.csv (12 rows)
2026-09-26 17:32:48 | WARNING  | energy_stress.model_evaluation | Forecast file not found: outputs_v2/forecasts_rolling/2022/electricity_growth_pct_forecasts_sarima_macro.csv
2026-09-26 17:32:48 | DEBUG    | energy_stress.model_evaluation | Loaded outputs_v2/forecasts_rolling/2022/electricity_growth_pct_forecasts_prophet_core.csv (12 rows)
2026-09-26 17:32:48 | WARNING  | energy_stress.model_evaluation | Forecast file not found: outputs_v2/forecasts_rolling/2022/electricity_growth_pct_forecasts_prophet_macro.csv
2026-09-26 17:32:48 | DEBUG    | energy_stress.model_evaluation | Loaded outputs_v2/forecasts_rolling/2022/electricity_growth_pct_forecasts_lstm_core.csv (12 rows)
2026-09-26 17:32:48 | WARNING  | energy_stress.model_evaluation | Forecast file not found: outputs_v2/forecasts_rolling/2022/electricity_growth_pct_forecasts_lstm_macro.csv
2026-09-26 17:32:48 | DEBUG    | energy_stress.model_evaluation | Loaded outputs_v2/forecasts_rolling/2022/electricity_growth_pct_forecasts_tft_core.csv (12 rows)
2026-09-26 17:32:48 | WARNING  | energy_stress.model_evaluation | Forecast file not found: outputs_v2/forecasts_rolling/2022/electricity_growth_pct_forecasts_tft_macro.csv
2026-09-26 17:32:48 | INFO     | energy_stress.model_evaluation | Combined forecasts (48 rows) → outputs_v2/forecasts_rolling/2022/electricity_growth_pct_forecasts_all.csv
2026-09-26 17:32:48 | INFO     | energy_stress.model_evaluation |   core combined → outputs_v2/forecasts_rolling/2022/electricity_growth_pct_forecasts_core.csv
2026-09-26 17:32:48 | DEBUG    | energy_stress.model_evaluation | Loaded outputs_v2/forecasts_rolling/2022/carbon_growth_pct_forecasts_sarima_core.csv (12 rows)
2026-09-26 17:32:48 | WARNING  | energy_stress.model_evaluation | Forecast file not found: outputs_v2/forecasts_rolling/2022/carbon_growth_pct_forecasts_sarima_macro.csv
2026-09-26 17:32:48 | DEBUG    | energy_stress.model_evaluation | Loaded outputs_v2/forecasts_rolling/2022/carbon_growth_pct_forecasts_prophet_core.csv (12 rows)
2026-09-26 17:32:48 | WARNING  | energy_stress.model_evaluation | Forecast file not found: outputs_v2/forecasts_rolling/2022/carbon_growth_pct_forecasts_prophet_macro.csv
2026-09-26 17:32:48 | DEBUG    | energy_stress.model_evaluation | Loaded outputs_v2/forecasts_rolling/2022/carbon_growth_pct_forecasts_lstm_core.csv (12 rows)
2026-09-26 17:32:48 | WARNING  | energy_stress.model_evaluation | Forecast file not found: outputs_v2/forecasts_rolling/2022/carbon_growth_pct_forecasts_lstm_macro.csv
2026-09-26 17:32:48 | DEBUG    | energy_stress.model_evaluation | Loaded outputs_v2/forecasts_rolling/2022/carbon_growth_pct_forecasts_tft_core.csv (12 rows)
2026-09-26 17:32:48 | WARNING  | energy_stress.model_evaluation | Forecast file not found: outputs_v2/forecasts_rolling/2022/carbon_growth_pct_forecasts_tft_macro.csv
2026-09-26 17:32:48 | INFO     | energy_stress.model_evaluation | Combined forecasts (48 rows) → outputs_v2/forecasts_rolling/2022/carbon_growth_pct_forecasts_all.csv
2026-09-26 17:32:48 | INFO     | energy_stress.model_evaluation |   core combined → outputs_v2/forecasts_rolling/2022/carbon_growth_pct_forecasts_core.csv
2026-09-26 17:32:48 | INFO     | energy_stress.model_evaluation | Evaluating 12 model results across all series and modes
2026-09-26 17:32:48 | INFO     | energy_stress.model_evaluation | Best model [carbon][core]: LSTM (selection_score=1.250)
2026-09-26 17:32:48 | INFO     | energy_stress.model_evaluation | Best model [electricity][core]: LSTM (selection_score=1.000)
2026-09-26 17:32:48 | INFO     | energy_stress.model_evaluation | Best model [gas][core]: LSTM (selection_score=1.000)
2026-09-26 17:32:48 | INFO     | energy_stress.model_evaluation | Metrics table saved → outputs_v2/tables/rolling/2022/model_metrics_comparison.csv
2026-09-26 17:32:48 | INFO     | energy_stress.fes | Best models selected:
2026-09-26 17:32:48 | INFO     | energy_stress.fes |   [carbon][core] → LSTM
2026-09-26 17:32:48 | INFO     | energy_stress.fes |   [electricity][core] → LSTM
2026-09-26 17:32:48 | INFO     | energy_stress.fes |   [gas][core] → LSTM
2026-09-26 17:32:48 | INFO     | energy_stress.fes | Per-series mode selected for FES_selected (metric per series/mode: {('gas', 'core'): 'RMSE', ('electricity', 'core'): 'RMSE', ('carbon', 'core'): 'RMSE'}): {'gas': 'core', 'electricity': 'core', 'carbon': 'core'}
2026-09-26 17:32:48 | INFO     | energy_stress.fes | FES_Weighted series weights (inverse validation-RMSE, normalized to mean 1.0): {'gas': 0.625154338138438, 'electricity': 1.2678126324288688, 'carbon': 1.1070330294326929}
2026-09-26 17:32:48 | INFO     | energy_stress.fes | [gas] train μ=10.3865, σ=26.5519 | unc_ref μ=7.9980, σ=8.9002
2026-09-26 17:32:48 | INFO     | energy_stress.fes | [electricity] train μ=8.9080, σ=13.6337 | unc_ref μ=4.9299, σ=4.3221
2026-09-26 17:32:48 | INFO     | energy_stress.fes | [carbon] train μ=7.6415, σ=163.0641 | unc_ref μ=66.1769, σ=102.2477
2026-09-26 17:32:48 | INFO     | energy_stress.fes | [actual real-vol] train μ=0.4727, σ=0.4288
2026-09-26 17:32:48 | WARNING  | energy_stress.fes | No best model found for (gas, macro)
2026-09-26 17:32:48 | WARNING  | energy_stress.fes | No best model found for (electricity, macro)
2026-09-26 17:32:48 | WARNING  | energy_stress.fes | No best model found for (carbon, macro)
2026-09-26 17:32:48 | INFO     | energy_stress.fes | Monthly FES saved → outputs_v2/fes/rolling/2022/fes_monthly_2023.csv
2026-09-26 17:32:48 | INFO     | energy_stress.fes | [gas] train μ=5.3367, σ=15.2317 | unc_ref μ=6.3724, σ=5.9864
2026-09-26 17:32:48 | INFO     | energy_stress.fes | [electricity] train μ=6.4077, σ=8.5906 | unc_ref μ=4.2429, σ=3.2786
2026-09-26 17:32:48 | INFO     | energy_stress.fes | [carbon] train μ=5.4969, σ=167.8356 | unc_ref μ=69.1661, σ=104.8549
2026-09-26 17:32:48 | INFO     | energy_stress.fes | [actual real-vol] train μ=0.5080, σ=0.3888
2026-09-26 17:32:48 | INFO     | energy_stress.fes | FES_actual, prior year 2022 (baseline for FES_selected's 2023 forecast): mean=15.36148 -> outputs_v2/fes/rolling/2022/fes_prior_actual_2022.csv
2026-09-26 17:32:48 | INFO     | energy_stress.fes | FES comparison metrics saved → outputs_v2/fes/rolling/2022/fes_comparison_metrics.csv  (9 rows)
2026-09-26 17:32:48 | INFO     | energy_stress.fes | Best RMSE per variant:
FES_variant
Equal_Core        2.27202
Equal_Selected    2.27202
Equal_Weighted    2.51279
2026-09-26 17:32:48 | INFO     | energy_stress.forecast_pipeline | ========================================
2026-09-26 17:32:48 | INFO     | energy_stress.forecast_pipeline | STAGE 2: Rolling year as_of=2023 (split train<2023, test=2023, refit<=2023, forecast=2024)
2026-09-26 17:32:48 | INFO     | energy_stress.forecast_pipeline | ========================================
2026-09-26 17:32:48 | INFO     | energy_stress.preprocessing | Train: 200 rows (through 2022-12-01) | Test: 12 rows (2023-01-01..2023-12-01)
2026-09-26 17:32:48 | INFO     | energy_stress.forecast_pipeline | ========================================
2026-09-26 17:32:48 | INFO     | energy_stress.forecast_pipeline | STAGE 2: Per-origin tuning, as_of=2023
2026-09-26 17:32:48 | INFO     | energy_stress.forecast_pipeline | ========================================
2026-09-26 17:32:48 | INFO     | energy_stress.tuning | Tuning gas/core/SARIMA candidate 1/1: {}
2026-09-26 17:32:48 | INFO     | energy_stress.sarima | [SARIMA-CORE] Fitting on gas (train=200 obs)
2026-09-26 17:33:11 | INFO     | energy_stress.sarima | SARIMA best order: (1, 1, 3) × (0, 1, 1, 12)
2026-09-26 17:33:12 | INFO     | energy_stress.sarima | [SARIMA-CORE gas] validation: MAE=116.2832, RMSE=136.6552, MAPE=2910.42%
2026-09-26 17:33:12 | INFO     | energy_stress.sarima | [SARIMA-CORE] Forecast saved → outputs_v2/tuning_rolling/2023/forecasts/gas/core/sarima/candidate_01/gas_growth_pct_forecasts_sarima_core.csv
2026-09-26 17:33:12 | INFO     | energy_stress.tuning | Tuning gas/core/Prophet candidate 1/16: {'changepoint_prior_scale': 0.001, 'seasonality_prior_scale': 1.0, 'seasonality_mode': 'additive'}
2026-09-26 17:33:12 | INFO     | energy_stress.prophet | [Prophet-CORE] Fitting on gas (train=200 obs, regressors=False, cps=0.001, sps=1.0, reg_ps=n/a, seasonality=additive)
2026-09-26 17:33:12 | INFO     | energy_stress.prophet | [Prophet-CORE gas] validation: MAE=52.1401, RMSE=68.0193
2026-09-26 17:33:13 | INFO     | energy_stress.prophet | [Prophet-CORE] Forecast saved → outputs_v2/tuning_rolling/2023/forecasts/gas/core/prophet/candidate_01/gas_growth_pct_forecasts_prophet_core.csv
2026-09-26 17:33:13 | INFO     | energy_stress.tuning | Tuning gas/core/Prophet candidate 2/16: {'changepoint_prior_scale': 0.001, 'seasonality_prior_scale': 1.0, 'seasonality_mode': 'multiplicative'}
2026-09-26 17:33:13 | INFO     | energy_stress.prophet | [Prophet-CORE] Fitting on gas (train=200 obs, regressors=False, cps=0.001, sps=1.0, reg_ps=n/a, seasonality=multiplicative)
2026-09-26 17:33:13 | INFO     | energy_stress.prophet | [Prophet-CORE gas] validation: MAE=53.6853, RMSE=69.6391
2026-09-26 17:33:13 | INFO     | energy_stress.prophet | [Prophet-CORE] Forecast saved → outputs_v2/tuning_rolling/2023/forecasts/gas/core/prophet/candidate_02/gas_growth_pct_forecasts_prophet_core.csv
2026-09-26 17:33:13 | INFO     | energy_stress.tuning | Tuning gas/core/Prophet candidate 3/16: {'changepoint_prior_scale': 0.001, 'seasonality_prior_scale': 10.0, 'seasonality_mode': 'additive'}
2026-09-26 17:33:13 | INFO     | energy_stress.prophet | [Prophet-CORE] Fitting on gas (train=200 obs, regressors=False, cps=0.001, sps=10.0, reg_ps=n/a, seasonality=additive)
2026-09-26 17:33:14 | INFO     | energy_stress.prophet | [Prophet-CORE gas] validation: MAE=52.1313, RMSE=68.2358
2026-09-26 17:33:14 | INFO     | energy_stress.prophet | [Prophet-CORE] Forecast saved → outputs_v2/tuning_rolling/2023/forecasts/gas/core/prophet/candidate_03/gas_growth_pct_forecasts_prophet_core.csv
2026-09-26 17:33:14 | INFO     | energy_stress.tuning | Tuning gas/core/Prophet candidate 4/16: {'changepoint_prior_scale': 0.001, 'seasonality_prior_scale': 10.0, 'seasonality_mode': 'multiplicative'}
2026-09-26 17:33:14 | INFO     | energy_stress.prophet | [Prophet-CORE] Fitting on gas (train=200 obs, regressors=False, cps=0.001, sps=10.0, reg_ps=n/a, seasonality=multiplicative)
2026-09-26 17:33:14 | INFO     | energy_stress.prophet | [Prophet-CORE gas] validation: MAE=57.0989, RMSE=78.8596
2026-09-26 17:33:15 | INFO     | energy_stress.prophet | [Prophet-CORE] Forecast saved → outputs_v2/tuning_rolling/2023/forecasts/gas/core/prophet/candidate_04/gas_growth_pct_forecasts_prophet_core.csv
2026-09-26 17:33:15 | INFO     | energy_stress.tuning | Tuning gas/core/Prophet candidate 5/16: {'changepoint_prior_scale': 0.01, 'seasonality_prior_scale': 1.0, 'seasonality_mode': 'additive'}
2026-09-26 17:33:15 | INFO     | energy_stress.prophet | [Prophet-CORE] Fitting on gas (train=200 obs, regressors=False, cps=0.01, sps=1.0, reg_ps=n/a, seasonality=additive)
2026-09-26 17:33:16 | INFO     | energy_stress.prophet | [Prophet-CORE gas] validation: MAE=52.1250, RMSE=68.2309
2026-09-26 17:33:16 | INFO     | energy_stress.prophet | [Prophet-CORE] Forecast saved → outputs_v2/tuning_rolling/2023/forecasts/gas/core/prophet/candidate_05/gas_growth_pct_forecasts_prophet_core.csv
2026-09-26 17:33:16 | INFO     | energy_stress.tuning | Tuning gas/core/Prophet candidate 6/16: {'changepoint_prior_scale': 0.01, 'seasonality_prior_scale': 1.0, 'seasonality_mode': 'multiplicative'}
2026-09-26 17:33:16 | INFO     | energy_stress.prophet | [Prophet-CORE] Fitting on gas (train=200 obs, regressors=False, cps=0.01, sps=1.0, reg_ps=n/a, seasonality=multiplicative)
2026-09-26 17:33:16 | INFO     | energy_stress.prophet | [Prophet-CORE gas] validation: MAE=53.5909, RMSE=69.5952
2026-09-26 17:33:16 | INFO     | energy_stress.prophet | [Prophet-CORE] Forecast saved → outputs_v2/tuning_rolling/2023/forecasts/gas/core/prophet/candidate_06/gas_growth_pct_forecasts_prophet_core.csv
2026-09-26 17:33:16 | INFO     | energy_stress.tuning | Tuning gas/core/Prophet candidate 7/16: {'changepoint_prior_scale': 0.01, 'seasonality_prior_scale': 10.0, 'seasonality_mode': 'additive'}
2026-09-26 17:33:16 | INFO     | energy_stress.prophet | [Prophet-CORE] Fitting on gas (train=200 obs, regressors=False, cps=0.01, sps=10.0, reg_ps=n/a, seasonality=additive)
2026-09-26 17:33:17 | INFO     | energy_stress.prophet | [Prophet-CORE gas] validation: MAE=52.1301, RMSE=68.2858
2026-09-26 17:33:17 | INFO     | energy_stress.prophet | [Prophet-CORE] Forecast saved → outputs_v2/tuning_rolling/2023/forecasts/gas/core/prophet/candidate_07/gas_growth_pct_forecasts_prophet_core.csv
2026-09-26 17:33:17 | INFO     | energy_stress.tuning | Tuning gas/core/Prophet candidate 8/16: {'changepoint_prior_scale': 0.01, 'seasonality_prior_scale': 10.0, 'seasonality_mode': 'multiplicative'}
2026-09-26 17:33:17 | INFO     | energy_stress.prophet | [Prophet-CORE] Fitting on gas (train=200 obs, regressors=False, cps=0.01, sps=10.0, reg_ps=n/a, seasonality=multiplicative)
2026-09-26 17:33:17 | INFO     | energy_stress.prophet | [Prophet-CORE gas] validation: MAE=70.6912, RMSE=97.6923
2026-09-26 17:33:17 | INFO     | energy_stress.prophet | [Prophet-CORE] Forecast saved → outputs_v2/tuning_rolling/2023/forecasts/gas/core/prophet/candidate_08/gas_growth_pct_forecasts_prophet_core.csv
2026-09-26 17:33:17 | INFO     | energy_stress.tuning | Tuning gas/core/Prophet candidate 9/16: {'changepoint_prior_scale': 0.05, 'seasonality_prior_scale': 1.0, 'seasonality_mode': 'additive'}
2026-09-26 17:33:17 | INFO     | energy_stress.prophet | [Prophet-CORE] Fitting on gas (train=200 obs, regressors=False, cps=0.05, sps=1.0, reg_ps=n/a, seasonality=additive)
2026-09-26 17:33:18 | INFO     | energy_stress.prophet | [Prophet-CORE gas] validation: MAE=53.8977, RMSE=66.1008
2026-09-26 17:33:18 | INFO     | energy_stress.prophet | [Prophet-CORE] Forecast saved → outputs_v2/tuning_rolling/2023/forecasts/gas/core/prophet/candidate_09/gas_growth_pct_forecasts_prophet_core.csv
2026-09-26 17:33:18 | INFO     | energy_stress.tuning | Tuning gas/core/Prophet candidate 10/16: {'changepoint_prior_scale': 0.05, 'seasonality_prior_scale': 1.0, 'seasonality_mode': 'multiplicative'}
2026-09-26 17:33:18 | INFO     | energy_stress.prophet | [Prophet-CORE] Fitting on gas (train=200 obs, regressors=False, cps=0.05, sps=1.0, reg_ps=n/a, seasonality=multiplicative)
2026-09-26 17:33:18 | INFO     | energy_stress.prophet | [Prophet-CORE gas] validation: MAE=69.0039, RMSE=81.7566
2026-09-26 17:33:18 | INFO     | energy_stress.prophet | [Prophet-CORE] Forecast saved → outputs_v2/tuning_rolling/2023/forecasts/gas/core/prophet/candidate_10/gas_growth_pct_forecasts_prophet_core.csv
2026-09-26 17:33:18 | INFO     | energy_stress.tuning | Tuning gas/core/Prophet candidate 11/16: {'changepoint_prior_scale': 0.05, 'seasonality_prior_scale': 10.0, 'seasonality_mode': 'additive'}
2026-09-26 17:33:18 | INFO     | energy_stress.prophet | [Prophet-CORE] Fitting on gas (train=200 obs, regressors=False, cps=0.05, sps=10.0, reg_ps=n/a, seasonality=additive)
2026-09-26 17:33:18 | INFO     | energy_stress.prophet | [Prophet-CORE gas] validation: MAE=53.9718, RMSE=66.1160
2026-09-26 17:33:18 | INFO     | energy_stress.prophet | [Prophet-CORE] Forecast saved → outputs_v2/tuning_rolling/2023/forecasts/gas/core/prophet/candidate_11/gas_growth_pct_forecasts_prophet_core.csv
2026-09-26 17:33:18 | INFO     | energy_stress.tuning | Tuning gas/core/Prophet candidate 12/16: {'changepoint_prior_scale': 0.05, 'seasonality_prior_scale': 10.0, 'seasonality_mode': 'multiplicative'}
2026-09-26 17:33:18 | INFO     | energy_stress.prophet | [Prophet-CORE] Fitting on gas (train=200 obs, regressors=False, cps=0.05, sps=10.0, reg_ps=n/a, seasonality=multiplicative)
2026-09-26 17:33:18 | INFO     | energy_stress.prophet | [Prophet-CORE gas] validation: MAE=71.7115, RMSE=84.1409
2026-09-26 17:33:18 | INFO     | energy_stress.prophet | [Prophet-CORE] Forecast saved → outputs_v2/tuning_rolling/2023/forecasts/gas/core/prophet/candidate_12/gas_growth_pct_forecasts_prophet_core.csv
2026-09-26 17:33:18 | INFO     | energy_stress.tuning | Tuning gas/core/Prophet candidate 13/16: {'changepoint_prior_scale': 0.1, 'seasonality_prior_scale': 1.0, 'seasonality_mode': 'additive'}
2026-09-26 17:33:18 | INFO     | energy_stress.prophet | [Prophet-CORE] Fitting on gas (train=200 obs, regressors=False, cps=0.1, sps=1.0, reg_ps=n/a, seasonality=additive)
2026-09-26 17:33:18 | INFO     | energy_stress.prophet | [Prophet-CORE gas] validation: MAE=65.9282, RMSE=72.1063
2026-09-26 17:33:19 | INFO     | energy_stress.prophet | [Prophet-CORE] Forecast saved → outputs_v2/tuning_rolling/2023/forecasts/gas/core/prophet/candidate_13/gas_growth_pct_forecasts_prophet_core.csv
2026-09-26 17:33:19 | INFO     | energy_stress.tuning | Tuning gas/core/Prophet candidate 14/16: {'changepoint_prior_scale': 0.1, 'seasonality_prior_scale': 1.0, 'seasonality_mode': 'multiplicative'}
2026-09-26 17:33:19 | INFO     | energy_stress.prophet | [Prophet-CORE] Fitting on gas (train=200 obs, regressors=False, cps=0.1, sps=1.0, reg_ps=n/a, seasonality=multiplicative)
2026-09-26 17:33:19 | INFO     | energy_stress.prophet | [Prophet-CORE gas] validation: MAE=87.0288, RMSE=95.4975
2026-09-26 17:33:19 | INFO     | energy_stress.prophet | [Prophet-CORE] Forecast saved → outputs_v2/tuning_rolling/2023/forecasts/gas/core/prophet/candidate_14/gas_growth_pct_forecasts_prophet_core.csv
2026-09-26 17:33:19 | INFO     | energy_stress.tuning | Tuning gas/core/Prophet candidate 15/16: {'changepoint_prior_scale': 0.1, 'seasonality_prior_scale': 10.0, 'seasonality_mode': 'additive'}
2026-09-26 17:33:19 | INFO     | energy_stress.prophet | [Prophet-CORE] Fitting on gas (train=200 obs, regressors=False, cps=0.1, sps=10.0, reg_ps=n/a, seasonality=additive)
2026-09-26 17:33:19 | INFO     | energy_stress.prophet | [Prophet-CORE gas] validation: MAE=66.8296, RMSE=72.8441
2026-09-26 17:33:19 | INFO     | energy_stress.prophet | [Prophet-CORE] Forecast saved → outputs_v2/tuning_rolling/2023/forecasts/gas/core/prophet/candidate_15/gas_growth_pct_forecasts_prophet_core.csv
2026-09-26 17:33:19 | INFO     | energy_stress.tuning | Tuning gas/core/Prophet candidate 16/16: {'changepoint_prior_scale': 0.1, 'seasonality_prior_scale': 10.0, 'seasonality_mode': 'multiplicative'}
2026-09-26 17:33:19 | INFO     | energy_stress.prophet | [Prophet-CORE] Fitting on gas (train=200 obs, regressors=False, cps=0.1, sps=10.0, reg_ps=n/a, seasonality=multiplicative)
2026-09-26 17:33:19 | INFO     | energy_stress.prophet | [Prophet-CORE gas] validation: MAE=85.5111, RMSE=94.3875
2026-09-26 17:33:19 | INFO     | energy_stress.prophet | [Prophet-CORE] Forecast saved → outputs_v2/tuning_rolling/2023/forecasts/gas/core/prophet/candidate_16/gas_growth_pct_forecasts_prophet_core.csv
2026-09-26 17:33:19 | INFO     | energy_stress.tuning | Best params for gas/core/Prophet: {'changepoint_prior_scale': 0.01, 'seasonality_prior_scale': 1.0, 'seasonality_mode': 'additive'} (validation score=52.1250)
2026-09-26 17:33:19 | INFO     | energy_stress.tuning | Tuning gas/core/LSTM candidate 1/3: {'lookback': 6, 'dropout': 0.1, 'learning_rate': 0.001, 'units_1': 64, 'units_2': 32, 'macro_feature_set': 'lstm'}
2026-09-26 17:33:19 | INFO     | energy_stress.lstm | [LSTM-CORE] Training on gas | train=2006-05-01→2022-12-01 (200 obs), test=2023-01-01→2023-12-01 (12 obs), use_macro=False, lookback=6, dropout=0.1, lr=0.001, units=(64,32), macro_feature_set=lstm
2026-09-26 17:33:22 | INFO     | energy_stress.lstm | [LSTM-CORE gas] validation: MAE=52.1782, RMSE=53.1722
2026-09-26 17:33:25 | INFO     | energy_stress.lstm | [LSTM-CORE] Forecast saved → outputs_v2/tuning_rolling/2023/forecasts/gas/core/lstm/candidate_01/gas_growth_pct_forecasts_lstm_core.csv
2026-09-26 17:33:25 | INFO     | energy_stress.tuning | Tuning gas/core/LSTM candidate 2/3: {'lookback': 12, 'dropout': 0.2, 'learning_rate': 0.001, 'units_1': 128, 'units_2': 64, 'macro_feature_set': 'lstm'}
2026-09-26 17:33:25 | INFO     | energy_stress.lstm | [LSTM-CORE] Training on gas | train=2006-05-01→2022-12-01 (200 obs), test=2023-01-01→2023-12-01 (12 obs), use_macro=False, lookback=12, dropout=0.2, lr=0.001, units=(128,64), macro_feature_set=lstm
2026-09-26 17:33:30 | INFO     | energy_stress.lstm | [LSTM-CORE gas] validation: MAE=20.2562, RMSE=24.0657
2026-09-26 17:33:36 | INFO     | energy_stress.lstm | [LSTM-CORE] Forecast saved → outputs_v2/tuning_rolling/2023/forecasts/gas/core/lstm/candidate_02/gas_growth_pct_forecasts_lstm_core.csv
2026-09-26 17:33:36 | INFO     | energy_stress.tuning | Tuning gas/core/LSTM candidate 3/3: {'lookback': 18, 'dropout': 0.25, 'learning_rate': 0.0005, 'units_1': 128, 'units_2': 64, 'macro_feature_set': 'lstm'}
2026-09-26 17:33:36 | INFO     | energy_stress.lstm | [LSTM-CORE] Training on gas | train=2006-05-01→2022-12-01 (200 obs), test=2023-01-01→2023-12-01 (12 obs), use_macro=False, lookback=18, dropout=0.25, lr=0.0005, units=(128,64), macro_feature_set=lstm
2026-09-26 17:33:46 | INFO     | energy_stress.lstm | [LSTM-CORE gas] validation: MAE=26.6374, RMSE=31.2189
2026-09-26 17:33:53 | INFO     | energy_stress.lstm | [LSTM-CORE] Forecast saved → outputs_v2/tuning_rolling/2023/forecasts/gas/core/lstm/candidate_03/gas_growth_pct_forecasts_lstm_core.csv
2026-09-26 17:33:53 | INFO     | energy_stress.tuning | Best params for gas/core/LSTM: {'lookback': 12, 'dropout': 0.2, 'learning_rate': 0.001, 'units_1': 128, 'units_2': 64, 'macro_feature_set': 'lstm'} (validation score=20.2562)
2026-09-26 17:33:53 | INFO     | energy_stress.tuning | Tuning gas/core/TFT candidate 1/3: {'lookback': 6, 'hidden': 32, 'n_heads': 4, 'learning_rate': 0.001}
2026-09-26 17:33:53 | INFO     | energy_stress.tft | [TFT/pytorch-forecasting] Fitting gas (core)
2026-09-26 17:34:42 | INFO     | energy_stress.tft | [TFT gas] validation: MAE=50.3638, RMSE=66.3088
2026-09-26 17:35:29 | INFO     | energy_stress.tft | [TFT] Forecast saved → outputs_v2/tuning_rolling/2023/forecasts/gas/core/tft/candidate_01/gas_growth_pct_forecasts_tft_core.csv
2026-09-26 17:35:29 | INFO     | energy_stress.tuning | Tuning gas/core/TFT candidate 2/3: {'lookback': 12, 'hidden': 64, 'n_heads': 4, 'learning_rate': 0.0005}
2026-09-26 17:35:29 | INFO     | energy_stress.tft | [TFT/pytorch-forecasting] Fitting gas (core)
2026-09-26 17:36:18 | INFO     | energy_stress.tft | [TFT gas] validation: MAE=45.2631, RMSE=60.2922
2026-09-26 17:37:10 | INFO     | energy_stress.tft | [TFT] Forecast saved → outputs_v2/tuning_rolling/2023/forecasts/gas/core/tft/candidate_02/gas_growth_pct_forecasts_tft_core.csv
2026-09-26 17:37:10 | INFO     | energy_stress.tuning | Tuning gas/core/TFT candidate 3/3: {'lookback': 18, 'hidden': 64, 'n_heads': 4, 'learning_rate': 0.0005}
2026-09-26 17:37:10 | INFO     | energy_stress.tft | [TFT/pytorch-forecasting] Fitting gas (core)
2026-09-26 17:38:01 | INFO     | energy_stress.tft | [TFT gas] validation: MAE=50.1597, RMSE=66.5449
2026-09-26 17:38:53 | INFO     | energy_stress.tft | [TFT] Forecast saved → outputs_v2/tuning_rolling/2023/forecasts/gas/core/tft/candidate_03/gas_growth_pct_forecasts_tft_core.csv
2026-09-26 17:38:53 | INFO     | energy_stress.tuning | Best params for gas/core/TFT: {'lookback': 12, 'hidden': 64, 'n_heads': 4, 'learning_rate': 0.0005} (validation score=45.2631)
2026-09-26 17:38:53 | INFO     | energy_stress.tuning | Tuning electricity/core/SARIMA candidate 1/1: {}
2026-09-26 17:38:53 | INFO     | energy_stress.sarima | [SARIMA-CORE] Fitting on electricity (train=200 obs)
2026-09-26 17:39:05 | INFO     | energy_stress.sarima | SARIMA best order: (1, 1, 1) × (2, 1, 1, 12)
2026-09-26 17:39:05 | INFO     | energy_stress.sarima | [SARIMA-CORE electricity] validation: MAE=57.9816, RMSE=67.9064, MAPE=512.05%
2026-09-26 17:39:06 | INFO     | energy_stress.sarima | [SARIMA-CORE] Forecast saved → outputs_v2/tuning_rolling/2023/forecasts/electricity/core/sarima/candidate_01/electricity_growth_pct_forecasts_sarima_core.csv
2026-09-26 17:39:06 | INFO     | energy_stress.tuning | Tuning electricity/core/Prophet candidate 1/8: {'changepoint_prior_scale': 0.001, 'seasonality_prior_scale': 1.0, 'seasonality_mode': 'additive'}
2026-09-26 17:39:06 | INFO     | energy_stress.prophet | [Prophet-CORE] Fitting on electricity (train=200 obs, regressors=False, cps=0.001, sps=1.0, reg_ps=n/a, seasonality=additive)
2026-09-26 17:39:06 | INFO     | energy_stress.prophet | [Prophet-CORE electricity] validation: MAE=24.2669, RMSE=32.3795
2026-09-26 17:39:06 | INFO     | energy_stress.prophet | [Prophet-CORE] Forecast saved → outputs_v2/tuning_rolling/2023/forecasts/electricity/core/prophet/candidate_01/electricity_growth_pct_forecasts_prophet_core.csv
2026-09-26 17:39:06 | INFO     | energy_stress.tuning | Tuning electricity/core/Prophet candidate 2/8: {'changepoint_prior_scale': 0.001, 'seasonality_prior_scale': 10.0, 'seasonality_mode': 'additive'}
2026-09-26 17:39:06 | INFO     | energy_stress.prophet | [Prophet-CORE] Fitting on electricity (train=200 obs, regressors=False, cps=0.001, sps=10.0, reg_ps=n/a, seasonality=additive)
2026-09-26 17:39:06 | INFO     | energy_stress.prophet | [Prophet-CORE electricity] validation: MAE=24.2493, RMSE=32.5599
2026-09-26 17:39:07 | INFO     | energy_stress.prophet | [Prophet-CORE] Forecast saved → outputs_v2/tuning_rolling/2023/forecasts/electricity/core/prophet/candidate_02/electricity_growth_pct_forecasts_prophet_core.csv
2026-09-26 17:39:07 | INFO     | energy_stress.tuning | Tuning electricity/core/Prophet candidate 3/8: {'changepoint_prior_scale': 0.01, 'seasonality_prior_scale': 1.0, 'seasonality_mode': 'additive'}
2026-09-26 17:39:07 | INFO     | energy_stress.prophet | [Prophet-CORE] Fitting on electricity (train=200 obs, regressors=False, cps=0.01, sps=1.0, reg_ps=n/a, seasonality=additive)
2026-09-26 17:39:07 | INFO     | energy_stress.prophet | [Prophet-CORE electricity] validation: MAE=24.2681, RMSE=32.3761
2026-09-26 17:39:07 | INFO     | energy_stress.prophet | [Prophet-CORE] Forecast saved → outputs_v2/tuning_rolling/2023/forecasts/electricity/core/prophet/candidate_03/electricity_growth_pct_forecasts_prophet_core.csv
2026-09-26 17:39:07 | INFO     | energy_stress.tuning | Tuning electricity/core/Prophet candidate 4/8: {'changepoint_prior_scale': 0.01, 'seasonality_prior_scale': 10.0, 'seasonality_mode': 'additive'}
2026-09-26 17:39:07 | INFO     | energy_stress.prophet | [Prophet-CORE] Fitting on electricity (train=200 obs, regressors=False, cps=0.01, sps=10.0, reg_ps=n/a, seasonality=additive)
2026-09-26 17:39:08 | INFO     | energy_stress.prophet | [Prophet-CORE electricity] validation: MAE=24.2611, RMSE=32.4615
2026-09-26 17:39:08 | INFO     | energy_stress.prophet | [Prophet-CORE] Forecast saved → outputs_v2/tuning_rolling/2023/forecasts/electricity/core/prophet/candidate_04/electricity_growth_pct_forecasts_prophet_core.csv
2026-09-26 17:39:08 | INFO     | energy_stress.tuning | Tuning electricity/core/Prophet candidate 5/8: {'changepoint_prior_scale': 0.05, 'seasonality_prior_scale': 1.0, 'seasonality_mode': 'additive'}
2026-09-26 17:39:08 | INFO     | energy_stress.prophet | [Prophet-CORE] Fitting on electricity (train=200 obs, regressors=False, cps=0.05, sps=1.0, reg_ps=n/a, seasonality=additive)
2026-09-26 17:39:08 | INFO     | energy_stress.prophet | [Prophet-CORE electricity] validation: MAE=26.9680, RMSE=32.2016
2026-09-26 17:39:08 | INFO     | energy_stress.prophet | [Prophet-CORE] Forecast saved → outputs_v2/tuning_rolling/2023/forecasts/electricity/core/prophet/candidate_05/electricity_growth_pct_forecasts_prophet_core.csv
2026-09-26 17:39:08 | INFO     | energy_stress.tuning | Tuning electricity/core/Prophet candidate 6/8: {'changepoint_prior_scale': 0.05, 'seasonality_prior_scale': 10.0, 'seasonality_mode': 'additive'}
2026-09-26 17:39:08 | INFO     | energy_stress.prophet | [Prophet-CORE] Fitting on electricity (train=200 obs, regressors=False, cps=0.05, sps=10.0, reg_ps=n/a, seasonality=additive)
2026-09-26 17:39:08 | INFO     | energy_stress.prophet | [Prophet-CORE electricity] validation: MAE=27.0164, RMSE=32.2093
2026-09-26 17:39:08 | INFO     | energy_stress.prophet | [Prophet-CORE] Forecast saved → outputs_v2/tuning_rolling/2023/forecasts/electricity/core/prophet/candidate_06/electricity_growth_pct_forecasts_prophet_core.csv
2026-09-26 17:39:08 | INFO     | energy_stress.tuning | Tuning electricity/core/Prophet candidate 7/8: {'changepoint_prior_scale': 0.1, 'seasonality_prior_scale': 1.0, 'seasonality_mode': 'additive'}
2026-09-26 17:39:08 | INFO     | energy_stress.prophet | [Prophet-CORE] Fitting on electricity (train=200 obs, regressors=False, cps=0.1, sps=1.0, reg_ps=n/a, seasonality=additive)
2026-09-26 17:39:08 | INFO     | energy_stress.prophet | [Prophet-CORE electricity] validation: MAE=32.6274, RMSE=35.3901
2026-09-26 17:39:08 | INFO     | energy_stress.prophet | [Prophet-CORE] Forecast saved → outputs_v2/tuning_rolling/2023/forecasts/electricity/core/prophet/candidate_07/electricity_growth_pct_forecasts_prophet_core.csv
2026-09-26 17:39:08 | INFO     | energy_stress.tuning | Tuning electricity/core/Prophet candidate 8/8: {'changepoint_prior_scale': 0.1, 'seasonality_prior_scale': 10.0, 'seasonality_mode': 'additive'}
2026-09-26 17:39:08 | INFO     | energy_stress.prophet | [Prophet-CORE] Fitting on electricity (train=200 obs, regressors=False, cps=0.1, sps=10.0, reg_ps=n/a, seasonality=additive)
2026-09-26 17:39:08 | INFO     | energy_stress.prophet | [Prophet-CORE electricity] validation: MAE=33.1621, RMSE=35.8493
2026-09-26 17:39:08 | INFO     | energy_stress.prophet | [Prophet-CORE] Forecast saved → outputs_v2/tuning_rolling/2023/forecasts/electricity/core/prophet/candidate_08/electricity_growth_pct_forecasts_prophet_core.csv
2026-09-26 17:39:08 | INFO     | energy_stress.tuning | Best params for electricity/core/Prophet: {'changepoint_prior_scale': 0.001, 'seasonality_prior_scale': 10.0, 'seasonality_mode': 'additive'} (validation score=24.2493)
2026-09-26 17:39:08 | INFO     | energy_stress.tuning | Tuning electricity/core/LSTM candidate 1/3: {'lookback': 6, 'dropout': 0.1, 'learning_rate': 0.001, 'units_1': 64, 'units_2': 32, 'macro_feature_set': 'lstm'}
2026-09-26 17:39:08 | INFO     | energy_stress.lstm | [LSTM-CORE] Training on electricity | train=2006-05-01→2022-12-01 (200 obs), test=2023-01-01→2023-12-01 (12 obs), use_macro=False, lookback=6, dropout=0.1, lr=0.001, units=(64,32), macro_feature_set=lstm
2026-09-26 17:39:16 | INFO     | energy_stress.lstm | [LSTM-CORE electricity] validation: MAE=11.7490, RMSE=15.8802
2026-09-26 17:39:20 | INFO     | energy_stress.lstm | [LSTM-CORE] Forecast saved → outputs_v2/tuning_rolling/2023/forecasts/electricity/core/lstm/candidate_01/electricity_growth_pct_forecasts_lstm_core.csv
2026-09-26 17:39:20 | INFO     | energy_stress.tuning | Tuning electricity/core/LSTM candidate 2/3: {'lookback': 12, 'dropout': 0.2, 'learning_rate': 0.001, 'units_1': 128, 'units_2': 64, 'macro_feature_set': 'lstm'}
2026-09-26 17:39:20 | INFO     | energy_stress.lstm | [LSTM-CORE] Training on electricity | train=2006-05-01→2022-12-01 (200 obs), test=2023-01-01→2023-12-01 (12 obs), use_macro=False, lookback=12, dropout=0.2, lr=0.001, units=(128,64), macro_feature_set=lstm
2026-09-26 17:39:24 | INFO     | energy_stress.lstm | [LSTM-CORE electricity] validation: MAE=13.0760, RMSE=16.3970
2026-09-26 17:39:32 | INFO     | energy_stress.lstm | [LSTM-CORE] Forecast saved → outputs_v2/tuning_rolling/2023/forecasts/electricity/core/lstm/candidate_02/electricity_growth_pct_forecasts_lstm_core.csv
2026-09-26 17:39:32 | INFO     | energy_stress.tuning | Tuning electricity/core/LSTM candidate 3/3: {'lookback': 18, 'dropout': 0.25, 'learning_rate': 0.0005, 'units_1': 128, 'units_2': 64, 'macro_feature_set': 'lstm'}
2026-09-26 17:39:32 | INFO     | energy_stress.lstm | [LSTM-CORE] Training on electricity | train=2006-05-01→2022-12-01 (200 obs), test=2023-01-01→2023-12-01 (12 obs), use_macro=False, lookback=18, dropout=0.25, lr=0.0005, units=(128,64), macro_feature_set=lstm
2026-09-26 17:39:42 | INFO     | energy_stress.lstm | [LSTM-CORE electricity] validation: MAE=13.4661, RMSE=18.4882
2026-09-26 17:39:54 | INFO     | energy_stress.lstm | [LSTM-CORE] Forecast saved → outputs_v2/tuning_rolling/2023/forecasts/electricity/core/lstm/candidate_03/electricity_growth_pct_forecasts_lstm_core.csv
2026-09-26 17:39:54 | INFO     | energy_stress.tuning | Best params for electricity/core/LSTM: {'lookback': 6, 'dropout': 0.1, 'learning_rate': 0.001, 'units_1': 64, 'units_2': 32, 'macro_feature_set': 'lstm'} (validation score=11.7490)
2026-09-26 17:39:54 | INFO     | energy_stress.tuning | Tuning electricity/core/TFT candidate 1/3: {'lookback': 6, 'hidden': 32, 'n_heads': 4, 'learning_rate': 0.001}
2026-09-26 17:39:54 | INFO     | energy_stress.tft | [TFT/pytorch-forecasting] Fitting electricity (core)
2026-09-26 17:40:47 | INFO     | energy_stress.tft | [TFT electricity] validation: MAE=22.2794, RMSE=28.6675
2026-09-26 17:41:39 | INFO     | energy_stress.tft | [TFT] Forecast saved → outputs_v2/tuning_rolling/2023/forecasts/electricity/core/tft/candidate_01/electricity_growth_pct_forecasts_tft_core.csv
2026-09-26 17:41:39 | INFO     | energy_stress.tuning | Tuning electricity/core/TFT candidate 2/3: {'lookback': 12, 'hidden': 64, 'n_heads': 4, 'learning_rate': 0.0005}
2026-09-26 17:41:39 | INFO     | energy_stress.tft | [TFT/pytorch-forecasting] Fitting electricity (core)
2026-09-26 17:42:30 | INFO     | energy_stress.tft | [TFT electricity] validation: MAE=24.4622, RMSE=31.7157
2026-09-26 17:43:22 | INFO     | energy_stress.tft | [TFT] Forecast saved → outputs_v2/tuning_rolling/2023/forecasts/electricity/core/tft/candidate_02/electricity_growth_pct_forecasts_tft_core.csv
2026-09-26 17:43:22 | INFO     | energy_stress.tuning | Tuning electricity/core/TFT candidate 3/3: {'lookback': 18, 'hidden': 64, 'n_heads': 4, 'learning_rate': 0.0005}
2026-09-26 17:43:22 | INFO     | energy_stress.tft | [TFT/pytorch-forecasting] Fitting electricity (core)
2026-09-26 17:44:15 | INFO     | energy_stress.tft | [TFT electricity] validation: MAE=20.6613, RMSE=28.4192
2026-09-26 17:45:07 | INFO     | energy_stress.tft | [TFT] Forecast saved → outputs_v2/tuning_rolling/2023/forecasts/electricity/core/tft/candidate_03/electricity_growth_pct_forecasts_tft_core.csv
2026-09-26 17:45:07 | INFO     | energy_stress.tuning | Best params for electricity/core/TFT: {'lookback': 18, 'hidden': 64, 'n_heads': 4, 'learning_rate': 0.0005} (validation score=20.6613)
2026-09-26 17:45:07 | INFO     | energy_stress.tuning | Tuning carbon/core/SARIMA candidate 1/1: {}
2026-09-26 17:45:07 | INFO     | energy_stress.sarima | [SARIMA-CORE] Fitting on carbon (train=200 obs)
2026-09-26 17:45:19 | INFO     | energy_stress.sarima | SARIMA best order: (1, 0, 0) × (2, 1, 0, 12)
2026-09-26 17:45:19 | INFO     | energy_stress.sarima | [SARIMA-CORE carbon] validation: MAE=18.7959, RMSE=24.1209, MAPE=1048.33%
2026-09-26 17:45:20 | INFO     | energy_stress.sarima | [SARIMA-CORE] Forecast saved → outputs_v2/tuning_rolling/2023/forecasts/carbon/core/sarima/candidate_01/carbon_growth_pct_forecasts_sarima_core.csv
2026-09-26 17:45:20 | INFO     | energy_stress.tuning | Tuning carbon/core/Prophet candidate 1/8: {'changepoint_prior_scale': 0.001, 'seasonality_prior_scale': 1.0, 'seasonality_mode': 'additive'}
2026-09-26 17:45:20 | INFO     | energy_stress.prophet | [Prophet-CORE] Fitting on carbon (train=200 obs, regressors=False, cps=0.001, sps=1.0, reg_ps=n/a, seasonality=additive)
2026-09-26 17:45:20 | INFO     | energy_stress.prophet | [Prophet-CORE carbon] validation: MAE=53.7714, RMSE=54.9782
2026-09-26 17:45:20 | INFO     | energy_stress.prophet | [Prophet-CORE] Forecast saved → outputs_v2/tuning_rolling/2023/forecasts/carbon/core/prophet/candidate_01/carbon_growth_pct_forecasts_prophet_core.csv
2026-09-26 17:45:20 | INFO     | energy_stress.tuning | Tuning carbon/core/Prophet candidate 2/8: {'changepoint_prior_scale': 0.001, 'seasonality_prior_scale': 10.0, 'seasonality_mode': 'additive'}
2026-09-26 17:45:20 | INFO     | energy_stress.prophet | [Prophet-CORE] Fitting on carbon (train=200 obs, regressors=False, cps=0.001, sps=10.0, reg_ps=n/a, seasonality=additive)
2026-09-26 17:45:20 | INFO     | energy_stress.prophet | [Prophet-CORE carbon] validation: MAE=53.4949, RMSE=55.2750
2026-09-26 17:45:21 | INFO     | energy_stress.prophet | [Prophet-CORE] Forecast saved → outputs_v2/tuning_rolling/2023/forecasts/carbon/core/prophet/candidate_02/carbon_growth_pct_forecasts_prophet_core.csv
2026-09-26 17:45:21 | INFO     | energy_stress.tuning | Tuning carbon/core/Prophet candidate 3/8: {'changepoint_prior_scale': 0.01, 'seasonality_prior_scale': 1.0, 'seasonality_mode': 'additive'}
2026-09-26 17:45:21 | INFO     | energy_stress.prophet | [Prophet-CORE] Fitting on carbon (train=200 obs, regressors=False, cps=0.01, sps=1.0, reg_ps=n/a, seasonality=additive)
2026-09-26 17:45:21 | INFO     | energy_stress.prophet | [Prophet-CORE carbon] validation: MAE=16.4836, RMSE=19.2934
2026-09-26 17:45:21 | INFO     | energy_stress.prophet | [Prophet-CORE] Forecast saved → outputs_v2/tuning_rolling/2023/forecasts/carbon/core/prophet/candidate_03/carbon_growth_pct_forecasts_prophet_core.csv
2026-09-26 17:45:21 | INFO     | energy_stress.tuning | Tuning carbon/core/Prophet candidate 4/8: {'changepoint_prior_scale': 0.01, 'seasonality_prior_scale': 10.0, 'seasonality_mode': 'additive'}
2026-09-26 17:45:21 | INFO     | energy_stress.prophet | [Prophet-CORE] Fitting on carbon (train=200 obs, regressors=False, cps=0.01, sps=10.0, reg_ps=n/a, seasonality=additive)
2026-09-26 17:45:21 | INFO     | energy_stress.prophet | [Prophet-CORE carbon] validation: MAE=16.3168, RMSE=19.1231
2026-09-26 17:45:21 | INFO     | energy_stress.prophet | [Prophet-CORE] Forecast saved → outputs_v2/tuning_rolling/2023/forecasts/carbon/core/prophet/candidate_04/carbon_growth_pct_forecasts_prophet_core.csv
2026-09-26 17:45:21 | INFO     | energy_stress.tuning | Tuning carbon/core/Prophet candidate 5/8: {'changepoint_prior_scale': 0.05, 'seasonality_prior_scale': 1.0, 'seasonality_mode': 'additive'}
2026-09-26 17:45:21 | INFO     | energy_stress.prophet | [Prophet-CORE] Fitting on carbon (train=200 obs, regressors=False, cps=0.05, sps=1.0, reg_ps=n/a, seasonality=additive)
2026-09-26 17:45:21 | INFO     | energy_stress.prophet | [Prophet-CORE carbon] validation: MAE=51.0657, RMSE=52.1511
2026-09-26 17:45:21 | INFO     | energy_stress.prophet | [Prophet-CORE] Forecast saved → outputs_v2/tuning_rolling/2023/forecasts/carbon/core/prophet/candidate_05/carbon_growth_pct_forecasts_prophet_core.csv
2026-09-26 17:45:21 | INFO     | energy_stress.tuning | Tuning carbon/core/Prophet candidate 6/8: {'changepoint_prior_scale': 0.05, 'seasonality_prior_scale': 10.0, 'seasonality_mode': 'additive'}
2026-09-26 17:45:21 | INFO     | energy_stress.prophet | [Prophet-CORE] Fitting on carbon (train=200 obs, regressors=False, cps=0.05, sps=10.0, reg_ps=n/a, seasonality=additive)
2026-09-26 17:45:21 | INFO     | energy_stress.prophet | [Prophet-CORE carbon] validation: MAE=50.8880, RMSE=51.9751
2026-09-26 17:45:21 | INFO     | energy_stress.prophet | [Prophet-CORE] Forecast saved → outputs_v2/tuning_rolling/2023/forecasts/carbon/core/prophet/candidate_06/carbon_growth_pct_forecasts_prophet_core.csv
2026-09-26 17:45:21 | INFO     | energy_stress.tuning | Tuning carbon/core/Prophet candidate 7/8: {'changepoint_prior_scale': 0.1, 'seasonality_prior_scale': 1.0, 'seasonality_mode': 'additive'}
2026-09-26 17:45:21 | INFO     | energy_stress.prophet | [Prophet-CORE] Fitting on carbon (train=200 obs, regressors=False, cps=0.1, sps=1.0, reg_ps=n/a, seasonality=additive)
2026-09-26 17:45:21 | INFO     | energy_stress.prophet | [Prophet-CORE carbon] validation: MAE=51.4653, RMSE=52.5388
2026-09-26 17:45:21 | INFO     | energy_stress.prophet | [Prophet-CORE] Forecast saved → outputs_v2/tuning_rolling/2023/forecasts/carbon/core/prophet/candidate_07/carbon_growth_pct_forecasts_prophet_core.csv
2026-09-26 17:45:21 | INFO     | energy_stress.tuning | Tuning carbon/core/Prophet candidate 8/8: {'changepoint_prior_scale': 0.1, 'seasonality_prior_scale': 10.0, 'seasonality_mode': 'additive'}
2026-09-26 17:45:21 | INFO     | energy_stress.prophet | [Prophet-CORE] Fitting on carbon (train=200 obs, regressors=False, cps=0.1, sps=10.0, reg_ps=n/a, seasonality=additive)
2026-09-26 17:45:21 | INFO     | energy_stress.prophet | [Prophet-CORE carbon] validation: MAE=50.5970, RMSE=51.6860
2026-09-26 17:45:21 | INFO     | energy_stress.prophet | [Prophet-CORE] Forecast saved → outputs_v2/tuning_rolling/2023/forecasts/carbon/core/prophet/candidate_08/carbon_growth_pct_forecasts_prophet_core.csv
2026-09-26 17:45:21 | INFO     | energy_stress.tuning | Best params for carbon/core/Prophet: {'changepoint_prior_scale': 0.01, 'seasonality_prior_scale': 10.0, 'seasonality_mode': 'additive'} (validation score=16.3168)
2026-09-26 17:45:21 | INFO     | energy_stress.tuning | Tuning carbon/core/LSTM candidate 1/3: {'lookback': 6, 'dropout': 0.1, 'learning_rate': 0.001, 'units_1': 64, 'units_2': 32, 'macro_feature_set': 'lstm'}
2026-09-26 17:45:21 | INFO     | energy_stress.lstm | [LSTM-CORE] Training on carbon | train=2006-05-01→2022-12-01 (200 obs), test=2023-01-01→2023-12-01 (12 obs), use_macro=False, lookback=6, dropout=0.1, lr=0.001, units=(64,32), macro_feature_set=lstm
2026-09-26 17:45:26 | INFO     | energy_stress.lstm | [LSTM-CORE carbon] validation: MAE=11.4739, RMSE=13.0753
2026-09-26 17:45:30 | INFO     | energy_stress.lstm | [LSTM-CORE] Forecast saved → outputs_v2/tuning_rolling/2023/forecasts/carbon/core/lstm/candidate_01/carbon_growth_pct_forecasts_lstm_core.csv
2026-09-26 17:45:30 | INFO     | energy_stress.tuning | Tuning carbon/core/LSTM candidate 2/3: {'lookback': 12, 'dropout': 0.2, 'learning_rate': 0.001, 'units_1': 128, 'units_2': 64, 'macro_feature_set': 'lstm'}
2026-09-26 17:45:30 | INFO     | energy_stress.lstm | [LSTM-CORE] Training on carbon | train=2006-05-01→2022-12-01 (200 obs), test=2023-01-01→2023-12-01 (12 obs), use_macro=False, lookback=12, dropout=0.2, lr=0.001, units=(128,64), macro_feature_set=lstm
2026-09-26 17:45:41 | INFO     | energy_stress.lstm | [LSTM-CORE carbon] validation: MAE=10.7163, RMSE=12.3266
2026-09-26 17:45:46 | INFO     | energy_stress.lstm | [LSTM-CORE] Forecast saved → outputs_v2/tuning_rolling/2023/forecasts/carbon/core/lstm/candidate_02/carbon_growth_pct_forecasts_lstm_core.csv
2026-09-26 17:45:46 | INFO     | energy_stress.tuning | Tuning carbon/core/LSTM candidate 3/3: {'lookback': 18, 'dropout': 0.25, 'learning_rate': 0.0005, 'units_1': 128, 'units_2': 64, 'macro_feature_set': 'lstm'}
2026-09-26 17:45:46 | INFO     | energy_stress.lstm | [LSTM-CORE] Training on carbon | train=2006-05-01→2022-12-01 (200 obs), test=2023-01-01→2023-12-01 (12 obs), use_macro=False, lookback=18, dropout=0.25, lr=0.0005, units=(128,64), macro_feature_set=lstm
2026-09-26 17:45:51 | INFO     | energy_stress.lstm | [LSTM-CORE carbon] validation: MAE=13.9301, RMSE=16.9300
2026-09-26 17:45:58 | INFO     | energy_stress.lstm | [LSTM-CORE] Forecast saved → outputs_v2/tuning_rolling/2023/forecasts/carbon/core/lstm/candidate_03/carbon_growth_pct_forecasts_lstm_core.csv
2026-09-26 17:45:58 | INFO     | energy_stress.tuning | Best params for carbon/core/LSTM: {'lookback': 12, 'dropout': 0.2, 'learning_rate': 0.001, 'units_1': 128, 'units_2': 64, 'macro_feature_set': 'lstm'} (validation score=10.7163)
2026-09-26 17:45:58 | INFO     | energy_stress.tuning | Tuning carbon/core/TFT candidate 1/3: {'lookback': 6, 'hidden': 32, 'n_heads': 4, 'learning_rate': 0.001}
2026-09-26 17:45:58 | INFO     | energy_stress.tft | [TFT/pytorch-forecasting] Fitting carbon (core)
2026-09-26 17:46:49 | INFO     | energy_stress.tft | [TFT carbon] validation: MAE=31.8422, RMSE=34.8636
2026-09-26 17:47:37 | INFO     | energy_stress.tft | [TFT] Forecast saved → outputs_v2/tuning_rolling/2023/forecasts/carbon/core/tft/candidate_01/carbon_growth_pct_forecasts_tft_core.csv
2026-09-26 17:47:37 | INFO     | energy_stress.tuning | Tuning carbon/core/TFT candidate 2/3: {'lookback': 12, 'hidden': 64, 'n_heads': 4, 'learning_rate': 0.0005}
2026-09-26 17:47:37 | INFO     | energy_stress.tft | [TFT/pytorch-forecasting] Fitting carbon (core)
2026-09-26 17:48:28 | INFO     | energy_stress.tft | [TFT carbon] validation: MAE=35.8415, RMSE=39.3816
2026-09-26 17:49:18 | INFO     | energy_stress.tft | [TFT] Forecast saved → outputs_v2/tuning_rolling/2023/forecasts/carbon/core/tft/candidate_02/carbon_growth_pct_forecasts_tft_core.csv
2026-09-26 17:49:18 | INFO     | energy_stress.tuning | Tuning carbon/core/TFT candidate 3/3: {'lookback': 18, 'hidden': 64, 'n_heads': 4, 'learning_rate': 0.0005}
2026-09-26 17:49:18 | INFO     | energy_stress.tft | [TFT/pytorch-forecasting] Fitting carbon (core)
2026-09-26 17:50:10 | INFO     | energy_stress.tft | [TFT carbon] validation: MAE=27.3559, RMSE=30.1025
2026-09-26 17:51:02 | INFO     | energy_stress.tft | [TFT] Forecast saved → outputs_v2/tuning_rolling/2023/forecasts/carbon/core/tft/candidate_03/carbon_growth_pct_forecasts_tft_core.csv
2026-09-26 17:51:02 | INFO     | energy_stress.tuning | Best params for carbon/core/TFT: {'lookback': 18, 'hidden': 64, 'n_heads': 4, 'learning_rate': 0.0005} (validation score=27.3559)
2026-09-26 17:51:02 | INFO     | energy_stress.tuning | Tuning results saved → outputs_v2/tuning_rolling/2023/model_tuning_results.csv
2026-09-26 17:51:02 | INFO     | energy_stress.forecast_pipeline | 
──────────────────────────────────────────────────
Series: GAS
──────────────────────────────────────────────────
2026-09-26 17:51:02 | INFO     | energy_stress.forecast_pipeline | [gas] train=200, test=12, full=212 (through 2023-12-01), actual_target=12 non-null (2024-01-01..2024-12-01)
2026-09-26 17:51:02 | INFO     | energy_stress.sarima | [SARIMA-CORE] Fitting on gas (train=200 obs)
2026-09-26 17:51:24 | INFO     | energy_stress.sarima | SARIMA best order: (1, 1, 3) × (0, 1, 1, 12)
2026-09-26 17:51:24 | INFO     | energy_stress.sarima | [SARIMA-CORE gas] validation: MAE=116.2832, RMSE=136.6552, MAPE=2910.42%
2026-09-26 17:51:24 | INFO     | energy_stress.sarima | [SARIMA-CORE] Forecast saved → outputs_v2/forecasts_rolling/2023/gas_growth_pct_forecasts_sarima_core.csv
2026-09-26 17:51:24 | INFO     | energy_stress.prophet | [Prophet-CORE] Fitting on gas (train=200 obs, regressors=False, cps=0.01, sps=1.0, reg_ps=n/a, seasonality=additive)
2026-09-26 17:51:25 | INFO     | energy_stress.prophet | [Prophet-CORE gas] validation: MAE=52.1250, RMSE=68.2309
2026-09-26 17:51:25 | INFO     | energy_stress.prophet | [Prophet-CORE] Forecast saved → outputs_v2/forecasts_rolling/2023/gas_growth_pct_forecasts_prophet_core.csv
2026-09-26 17:51:25 | INFO     | energy_stress.lstm | [LSTM-CORE] Training on gas | train=2006-05-01→2022-12-01 (200 obs), test=2023-01-01→2023-12-01 (12 obs), use_macro=False, lookback=12, dropout=0.2, lr=0.001, units=(128,64), macro_feature_set=lstm
2026-09-26 17:51:30 | INFO     | energy_stress.lstm | [LSTM-CORE gas] validation: MAE=20.5141, RMSE=24.3018
2026-09-26 17:51:42 | INFO     | energy_stress.lstm | [LSTM-CORE] Forecast saved → outputs_v2/forecasts_rolling/2023/gas_growth_pct_forecasts_lstm_core.csv
2026-09-26 17:51:42 | INFO     | energy_stress.lstm | [LSTM-CORE] Model saved → outputs_v2/models
2026-09-26 17:51:42 | INFO     | energy_stress.tft | [TFT/pytorch-forecasting] Fitting gas (core)
2026-09-26 17:53:03 | INFO     | energy_stress.tft | [TFT gas] validation: MAE=46.5947, RMSE=61.7611
2026-09-26 17:54:25 | INFO     | energy_stress.tft | [TFT] Forecast saved → outputs_v2/forecasts_rolling/2023/gas_growth_pct_forecasts_tft_core.csv
2026-09-26 17:54:25 | INFO     | energy_stress.forecast_pipeline | 
──────────────────────────────────────────────────
Series: ELECTRICITY
──────────────────────────────────────────────────
2026-09-26 17:54:25 | INFO     | energy_stress.forecast_pipeline | [electricity] train=200, test=12, full=212 (through 2023-12-01), actual_target=12 non-null (2024-01-01..2024-12-01)
2026-09-26 17:54:25 | INFO     | energy_stress.sarima | [SARIMA-CORE] Fitting on electricity (train=200 obs)
2026-09-26 17:54:37 | INFO     | energy_stress.sarima | SARIMA best order: (1, 1, 1) × (2, 1, 1, 12)
2026-09-26 17:54:37 | INFO     | energy_stress.sarima | [SARIMA-CORE electricity] validation: MAE=57.9816, RMSE=67.9064, MAPE=512.05%
2026-09-26 17:54:38 | INFO     | energy_stress.sarima | [SARIMA-CORE] Forecast saved → outputs_v2/forecasts_rolling/2023/electricity_growth_pct_forecasts_sarima_core.csv
2026-09-26 17:54:38 | INFO     | energy_stress.prophet | [Prophet-CORE] Fitting on electricity (train=200 obs, regressors=False, cps=0.001, sps=10.0, reg_ps=n/a, seasonality=additive)
2026-09-26 17:54:38 | INFO     | energy_stress.prophet | [Prophet-CORE electricity] validation: MAE=24.2493, RMSE=32.5599
2026-09-26 17:54:38 | INFO     | energy_stress.prophet | [Prophet-CORE] Forecast saved → outputs_v2/forecasts_rolling/2023/electricity_growth_pct_forecasts_prophet_core.csv
2026-09-26 17:54:38 | INFO     | energy_stress.lstm | [LSTM-CORE] Training on electricity | train=2006-05-01→2022-12-01 (200 obs), test=2023-01-01→2023-12-01 (12 obs), use_macro=False, lookback=6, dropout=0.1, lr=0.001, units=(64,32), macro_feature_set=lstm
2026-09-26 17:54:47 | INFO     | energy_stress.lstm | [LSTM-CORE electricity] validation: MAE=11.6750, RMSE=15.7554
2026-09-26 17:54:52 | INFO     | energy_stress.lstm | [LSTM-CORE] Forecast saved → outputs_v2/forecasts_rolling/2023/electricity_growth_pct_forecasts_lstm_core.csv
2026-09-26 17:54:52 | INFO     | energy_stress.lstm | [LSTM-CORE] Model saved → outputs_v2/models
2026-09-26 17:54:52 | INFO     | energy_stress.tft | [TFT/pytorch-forecasting] Fitting electricity (core)
2026-09-26 17:56:12 | INFO     | energy_stress.tft | [TFT electricity] validation: MAE=19.7166, RMSE=26.9462
2026-09-26 17:57:32 | INFO     | energy_stress.tft | [TFT] Forecast saved → outputs_v2/forecasts_rolling/2023/electricity_growth_pct_forecasts_tft_core.csv
2026-09-26 17:57:32 | INFO     | energy_stress.forecast_pipeline | 
──────────────────────────────────────────────────
Series: CARBON
──────────────────────────────────────────────────
2026-09-26 17:57:32 | INFO     | energy_stress.forecast_pipeline | [carbon] train=200, test=12, full=212 (through 2023-12-01), actual_target=12 non-null (2024-01-01..2024-12-01)
2026-09-26 17:57:32 | INFO     | energy_stress.sarima | [SARIMA-CORE] Fitting on carbon (train=200 obs)
2026-09-26 17:57:44 | INFO     | energy_stress.sarima | SARIMA best order: (1, 0, 0) × (2, 1, 0, 12)
2026-09-26 17:57:44 | INFO     | energy_stress.sarima | [SARIMA-CORE carbon] validation: MAE=18.7959, RMSE=24.1209, MAPE=1048.33%
2026-09-26 17:57:44 | INFO     | energy_stress.sarima | [SARIMA-CORE] Forecast saved → outputs_v2/forecasts_rolling/2023/carbon_growth_pct_forecasts_sarima_core.csv
2026-09-26 17:57:44 | INFO     | energy_stress.prophet | [Prophet-CORE] Fitting on carbon (train=200 obs, regressors=False, cps=0.01, sps=10.0, reg_ps=n/a, seasonality=additive)
2026-09-26 17:57:44 | INFO     | energy_stress.prophet | [Prophet-CORE carbon] validation: MAE=16.3168, RMSE=19.1231
2026-09-26 17:57:44 | INFO     | energy_stress.prophet | [Prophet-CORE] Forecast saved → outputs_v2/forecasts_rolling/2023/carbon_growth_pct_forecasts_prophet_core.csv
2026-09-26 17:57:44 | INFO     | energy_stress.lstm | [LSTM-CORE] Training on carbon | train=2006-05-01→2022-12-01 (200 obs), test=2023-01-01→2023-12-01 (12 obs), use_macro=False, lookback=12, dropout=0.2, lr=0.001, units=(128,64), macro_feature_set=lstm
2026-09-26 17:57:57 | INFO     | energy_stress.lstm | [LSTM-CORE carbon] validation: MAE=10.7894, RMSE=12.3889
2026-09-26 17:58:04 | INFO     | energy_stress.lstm | [LSTM-CORE] Forecast saved → outputs_v2/forecasts_rolling/2023/carbon_growth_pct_forecasts_lstm_core.csv
2026-09-26 17:58:04 | INFO     | energy_stress.lstm | [LSTM-CORE] Model saved → outputs_v2/models
2026-09-26 17:58:04 | INFO     | energy_stress.tft | [TFT/pytorch-forecasting] Fitting carbon (core)
2026-09-26 17:59:26 | INFO     | energy_stress.tft | [TFT carbon] validation: MAE=23.6820, RMSE=26.4029
2026-09-26 18:00:45 | INFO     | energy_stress.tft | [TFT] Forecast saved → outputs_v2/forecasts_rolling/2023/carbon_growth_pct_forecasts_tft_core.csv
2026-09-26 18:00:45 | DEBUG    | energy_stress.model_evaluation | Loaded outputs_v2/forecasts_rolling/2023/gas_growth_pct_forecasts_sarima_core.csv (12 rows)
2026-09-26 18:00:45 | WARNING  | energy_stress.model_evaluation | Forecast file not found: outputs_v2/forecasts_rolling/2023/gas_growth_pct_forecasts_sarima_macro.csv
2026-09-26 18:00:45 | DEBUG    | energy_stress.model_evaluation | Loaded outputs_v2/forecasts_rolling/2023/gas_growth_pct_forecasts_prophet_core.csv (12 rows)
2026-09-26 18:00:45 | WARNING  | energy_stress.model_evaluation | Forecast file not found: outputs_v2/forecasts_rolling/2023/gas_growth_pct_forecasts_prophet_macro.csv
2026-09-26 18:00:45 | DEBUG    | energy_stress.model_evaluation | Loaded outputs_v2/forecasts_rolling/2023/gas_growth_pct_forecasts_lstm_core.csv (12 rows)
2026-09-26 18:00:45 | WARNING  | energy_stress.model_evaluation | Forecast file not found: outputs_v2/forecasts_rolling/2023/gas_growth_pct_forecasts_lstm_macro.csv
2026-09-26 18:00:45 | DEBUG    | energy_stress.model_evaluation | Loaded outputs_v2/forecasts_rolling/2023/gas_growth_pct_forecasts_tft_core.csv (12 rows)
2026-09-26 18:00:45 | WARNING  | energy_stress.model_evaluation | Forecast file not found: outputs_v2/forecasts_rolling/2023/gas_growth_pct_forecasts_tft_macro.csv
2026-09-26 18:00:45 | INFO     | energy_stress.model_evaluation | Combined forecasts (48 rows) → outputs_v2/forecasts_rolling/2023/gas_growth_pct_forecasts_all.csv
2026-09-26 18:00:45 | INFO     | energy_stress.model_evaluation |   core combined → outputs_v2/forecasts_rolling/2023/gas_growth_pct_forecasts_core.csv
2026-09-26 18:00:45 | DEBUG    | energy_stress.model_evaluation | Loaded outputs_v2/forecasts_rolling/2023/electricity_growth_pct_forecasts_sarima_core.csv (12 rows)
2026-09-26 18:00:45 | WARNING  | energy_stress.model_evaluation | Forecast file not found: outputs_v2/forecasts_rolling/2023/electricity_growth_pct_forecasts_sarima_macro.csv
2026-09-26 18:00:45 | DEBUG    | energy_stress.model_evaluation | Loaded outputs_v2/forecasts_rolling/2023/electricity_growth_pct_forecasts_prophet_core.csv (12 rows)
2026-09-26 18:00:45 | WARNING  | energy_stress.model_evaluation | Forecast file not found: outputs_v2/forecasts_rolling/2023/electricity_growth_pct_forecasts_prophet_macro.csv
2026-09-26 18:00:45 | DEBUG    | energy_stress.model_evaluation | Loaded outputs_v2/forecasts_rolling/2023/electricity_growth_pct_forecasts_lstm_core.csv (12 rows)
2026-09-26 18:00:45 | WARNING  | energy_stress.model_evaluation | Forecast file not found: outputs_v2/forecasts_rolling/2023/electricity_growth_pct_forecasts_lstm_macro.csv
2026-09-26 18:00:45 | DEBUG    | energy_stress.model_evaluation | Loaded outputs_v2/forecasts_rolling/2023/electricity_growth_pct_forecasts_tft_core.csv (12 rows)
2026-09-26 18:00:45 | WARNING  | energy_stress.model_evaluation | Forecast file not found: outputs_v2/forecasts_rolling/2023/electricity_growth_pct_forecasts_tft_macro.csv
2026-09-26 18:00:45 | INFO     | energy_stress.model_evaluation | Combined forecasts (48 rows) → outputs_v2/forecasts_rolling/2023/electricity_growth_pct_forecasts_all.csv
2026-09-26 18:00:45 | INFO     | energy_stress.model_evaluation |   core combined → outputs_v2/forecasts_rolling/2023/electricity_growth_pct_forecasts_core.csv
2026-09-26 18:00:45 | DEBUG    | energy_stress.model_evaluation | Loaded outputs_v2/forecasts_rolling/2023/carbon_growth_pct_forecasts_sarima_core.csv (12 rows)
2026-09-26 18:00:45 | WARNING  | energy_stress.model_evaluation | Forecast file not found: outputs_v2/forecasts_rolling/2023/carbon_growth_pct_forecasts_sarima_macro.csv
2026-09-26 18:00:45 | DEBUG    | energy_stress.model_evaluation | Loaded outputs_v2/forecasts_rolling/2023/carbon_growth_pct_forecasts_prophet_core.csv (12 rows)
2026-09-26 18:00:45 | WARNING  | energy_stress.model_evaluation | Forecast file not found: outputs_v2/forecasts_rolling/2023/carbon_growth_pct_forecasts_prophet_macro.csv
2026-09-26 18:00:45 | DEBUG    | energy_stress.model_evaluation | Loaded outputs_v2/forecasts_rolling/2023/carbon_growth_pct_forecasts_lstm_core.csv (12 rows)
2026-09-26 18:00:45 | WARNING  | energy_stress.model_evaluation | Forecast file not found: outputs_v2/forecasts_rolling/2023/carbon_growth_pct_forecasts_lstm_macro.csv
2026-09-26 18:00:45 | DEBUG    | energy_stress.model_evaluation | Loaded outputs_v2/forecasts_rolling/2023/carbon_growth_pct_forecasts_tft_core.csv (12 rows)
2026-09-26 18:00:45 | WARNING  | energy_stress.model_evaluation | Forecast file not found: outputs_v2/forecasts_rolling/2023/carbon_growth_pct_forecasts_tft_macro.csv
2026-09-26 18:00:45 | INFO     | energy_stress.model_evaluation | Combined forecasts (48 rows) → outputs_v2/forecasts_rolling/2023/carbon_growth_pct_forecasts_all.csv
2026-09-26 18:00:45 | INFO     | energy_stress.model_evaluation |   core combined → outputs_v2/forecasts_rolling/2023/carbon_growth_pct_forecasts_core.csv
2026-09-26 18:00:45 | INFO     | energy_stress.model_evaluation | Evaluating 12 model results across all series and modes
2026-09-26 18:00:45 | INFO     | energy_stress.model_evaluation | Best model [carbon][core]: LSTM (selection_score=1.550)
2026-09-26 18:00:45 | INFO     | energy_stress.model_evaluation | Best model [electricity][core]: LSTM (selection_score=1.050)
2026-09-26 18:00:45 | INFO     | energy_stress.model_evaluation | Best model [gas][core]: LSTM (selection_score=1.075)
2026-09-26 18:00:45 | INFO     | energy_stress.model_evaluation | Metrics table saved → outputs_v2/tables/rolling/2023/model_metrics_comparison.csv
2026-09-26 18:00:45 | INFO     | energy_stress.fes | Best models selected:
2026-09-26 18:00:45 | INFO     | energy_stress.fes |   [carbon][core] → LSTM
2026-09-26 18:00:45 | INFO     | energy_stress.fes |   [electricity][core] → LSTM
2026-09-26 18:00:45 | INFO     | energy_stress.fes |   [gas][core] → LSTM
2026-09-26 18:00:45 | INFO     | energy_stress.fes | Per-series mode selected for FES_selected (metric per series/mode: {('gas', 'core'): 'RMSE', ('electricity', 'core'): 'RMSE', ('carbon', 'core'): 'RMSE'}): {'gas': 'core', 'electricity': 'core', 'carbon': 'core'}
2026-09-26 18:00:45 | INFO     | energy_stress.fes | FES_Weighted series weights (inverse validation-RMSE, normalized to mean 1.0): {'gas': 0.6660712986012116, 'electricity': 1.027379031666654, 'carbon': 1.3065496697321346}
2026-09-26 18:00:45 | INFO     | energy_stress.fes | [gas] train μ=11.7698, σ=30.2056 | unc_ref μ=10.1990, σ=12.9773
2026-09-26 18:00:45 | INFO     | energy_stress.fes | [electricity] train μ=9.4676, σ=15.2322 | unc_ref μ=5.9154, σ=6.1036
2026-09-26 18:00:45 | INFO     | energy_stress.fes | [carbon] train μ=7.4441, σ=158.3806 | unc_ref μ=63.1782, σ=99.9694
2026-09-26 18:00:45 | INFO     | energy_stress.fes | [actual real-vol] train μ=0.4702, σ=0.4354
2026-09-26 18:00:45 | WARNING  | energy_stress.fes | No best model found for (gas, macro)
2026-09-26 18:00:45 | WARNING  | energy_stress.fes | No best model found for (electricity, macro)
2026-09-26 18:00:45 | WARNING  | energy_stress.fes | No best model found for (carbon, macro)
2026-09-26 18:00:45 | INFO     | energy_stress.fes | Monthly FES saved → outputs_v2/fes/rolling/2023/fes_monthly_2024.csv
2026-09-26 18:00:45 | INFO     | energy_stress.fes | [gas] train μ=10.3865, σ=26.5519 | unc_ref μ=7.9980, σ=8.9002
2026-09-26 18:00:45 | INFO     | energy_stress.fes | [electricity] train μ=8.9080, σ=13.6337 | unc_ref μ=4.9299, σ=4.3221
2026-09-26 18:00:45 | INFO     | energy_stress.fes | [carbon] train μ=7.6415, σ=163.0641 | unc_ref μ=66.1769, σ=102.2477
2026-09-26 18:00:45 | INFO     | energy_stress.fes | [actual real-vol] train μ=0.4727, σ=0.4288
2026-09-26 18:00:45 | INFO     | energy_stress.fes | FES_actual, prior year 2023 (baseline for FES_selected's 2024 forecast): mean=2.51363 -> outputs_v2/fes/rolling/2023/fes_prior_actual_2023.csv
2026-09-26 18:00:45 | INFO     | energy_stress.fes | FES comparison metrics saved → outputs_v2/fes/rolling/2023/fes_comparison_metrics.csv  (9 rows)
2026-09-26 18:00:45 | INFO     | energy_stress.fes | Best RMSE per variant:
FES_variant
Equal_Core        0.74495
Equal_Selected    0.74496
Equal_Weighted    0.88821
2026-09-26 18:00:45 | INFO     | energy_stress.forecast_pipeline | ========================================
2026-09-26 18:00:45 | INFO     | energy_stress.forecast_pipeline | STAGE 2: Rolling year as_of=2024 (split train<2024, test=2024, refit<=2024, forecast=2025)
2026-09-26 18:00:45 | INFO     | energy_stress.forecast_pipeline | ========================================
2026-09-26 18:00:45 | INFO     | energy_stress.preprocessing | Train: 212 rows (through 2023-12-01) | Test: 12 rows (2024-01-01..2024-12-01)
2026-09-26 18:00:45 | INFO     | energy_stress.forecast_pipeline | ========================================
2026-09-26 18:00:45 | INFO     | energy_stress.forecast_pipeline | STAGE 2: Per-origin tuning, as_of=2024
2026-09-26 18:00:45 | INFO     | energy_stress.forecast_pipeline | ========================================
2026-09-26 18:00:45 | INFO     | energy_stress.tuning | Tuning gas/core/SARIMA candidate 1/1: {}
2026-09-26 18:00:45 | INFO     | energy_stress.sarima | [SARIMA-CORE] Fitting on gas (train=212 obs)
2026-09-26 18:01:22 | INFO     | energy_stress.sarima | SARIMA best order: (2, 0, 1) × (2, 1, 1, 12)
2026-09-26 18:01:23 | INFO     | energy_stress.sarima | [SARIMA-CORE gas] validation: MAE=13.5782, RMSE=14.2818, MAPE=70.93%
2026-09-26 18:01:24 | INFO     | energy_stress.sarima | [SARIMA-CORE] Forecast saved → outputs_v2/tuning_rolling/2024/forecasts/gas/core/sarima/candidate_01/gas_growth_pct_forecasts_sarima_core.csv
2026-09-26 18:01:24 | INFO     | energy_stress.tuning | Tuning gas/core/Prophet candidate 1/16: {'changepoint_prior_scale': 0.001, 'seasonality_prior_scale': 1.0, 'seasonality_mode': 'additive'}
2026-09-26 18:01:24 | INFO     | energy_stress.prophet | [Prophet-CORE] Fitting on gas (train=212 obs, regressors=False, cps=0.001, sps=1.0, reg_ps=n/a, seasonality=additive)
2026-09-26 18:01:24 | INFO     | energy_stress.prophet | [Prophet-CORE gas] validation: MAE=39.5690, RMSE=41.1502
2026-09-26 18:01:25 | INFO     | energy_stress.prophet | [Prophet-CORE] Forecast saved → outputs_v2/tuning_rolling/2024/forecasts/gas/core/prophet/candidate_01/gas_growth_pct_forecasts_prophet_core.csv
2026-09-26 18:01:25 | INFO     | energy_stress.tuning | Tuning gas/core/Prophet candidate 2/16: {'changepoint_prior_scale': 0.001, 'seasonality_prior_scale': 1.0, 'seasonality_mode': 'multiplicative'}
2026-09-26 18:01:25 | INFO     | energy_stress.prophet | [Prophet-CORE] Fitting on gas (train=212 obs, regressors=False, cps=0.001, sps=1.0, reg_ps=n/a, seasonality=multiplicative)
2026-09-26 18:01:25 | INFO     | energy_stress.prophet | [Prophet-CORE gas] validation: MAE=45.8018, RMSE=47.7356
2026-09-26 18:01:25 | INFO     | energy_stress.prophet | [Prophet-CORE] Forecast saved → outputs_v2/tuning_rolling/2024/forecasts/gas/core/prophet/candidate_02/gas_growth_pct_forecasts_prophet_core.csv
2026-09-26 18:01:25 | INFO     | energy_stress.tuning | Tuning gas/core/Prophet candidate 3/16: {'changepoint_prior_scale': 0.001, 'seasonality_prior_scale': 10.0, 'seasonality_mode': 'additive'}
2026-09-26 18:01:25 | INFO     | energy_stress.prophet | [Prophet-CORE] Fitting on gas (train=212 obs, regressors=False, cps=0.001, sps=10.0, reg_ps=n/a, seasonality=additive)
2026-09-26 18:01:25 | INFO     | energy_stress.prophet | [Prophet-CORE gas] validation: MAE=39.1012, RMSE=40.7156
2026-09-26 18:01:26 | INFO     | energy_stress.prophet | [Prophet-CORE] Forecast saved → outputs_v2/tuning_rolling/2024/forecasts/gas/core/prophet/candidate_03/gas_growth_pct_forecasts_prophet_core.csv
2026-09-26 18:01:26 | INFO     | energy_stress.tuning | Tuning gas/core/Prophet candidate 4/16: {'changepoint_prior_scale': 0.001, 'seasonality_prior_scale': 10.0, 'seasonality_mode': 'multiplicative'}
2026-09-26 18:01:26 | INFO     | energy_stress.prophet | [Prophet-CORE] Fitting on gas (train=212 obs, regressors=False, cps=0.001, sps=10.0, reg_ps=n/a, seasonality=multiplicative)
2026-09-26 18:01:27 | INFO     | energy_stress.prophet | [Prophet-CORE gas] validation: MAE=38.3258, RMSE=40.4202
2026-09-26 18:01:28 | INFO     | energy_stress.prophet | [Prophet-CORE] Forecast saved → outputs_v2/tuning_rolling/2024/forecasts/gas/core/prophet/candidate_04/gas_growth_pct_forecasts_prophet_core.csv
2026-09-26 18:01:28 | INFO     | energy_stress.tuning | Tuning gas/core/Prophet candidate 5/16: {'changepoint_prior_scale': 0.01, 'seasonality_prior_scale': 1.0, 'seasonality_mode': 'additive'}
2026-09-26 18:01:28 | INFO     | energy_stress.prophet | [Prophet-CORE] Fitting on gas (train=212 obs, regressors=False, cps=0.01, sps=1.0, reg_ps=n/a, seasonality=additive)
2026-09-26 18:01:28 | INFO     | energy_stress.prophet | [Prophet-CORE gas] validation: MAE=37.7264, RMSE=39.3743
2026-09-26 18:01:28 | INFO     | energy_stress.prophet | [Prophet-CORE] Forecast saved → outputs_v2/tuning_rolling/2024/forecasts/gas/core/prophet/candidate_05/gas_growth_pct_forecasts_prophet_core.csv
2026-09-26 18:01:28 | INFO     | energy_stress.tuning | Tuning gas/core/Prophet candidate 6/16: {'changepoint_prior_scale': 0.01, 'seasonality_prior_scale': 1.0, 'seasonality_mode': 'multiplicative'}
2026-09-26 18:01:28 | INFO     | energy_stress.prophet | [Prophet-CORE] Fitting on gas (train=212 obs, regressors=False, cps=0.01, sps=1.0, reg_ps=n/a, seasonality=multiplicative)
2026-09-26 18:01:28 | INFO     | energy_stress.prophet | [Prophet-CORE gas] validation: MAE=38.3944, RMSE=39.8991
2026-09-26 18:01:28 | INFO     | energy_stress.prophet | [Prophet-CORE] Forecast saved → outputs_v2/tuning_rolling/2024/forecasts/gas/core/prophet/candidate_06/gas_growth_pct_forecasts_prophet_core.csv
2026-09-26 18:01:28 | INFO     | energy_stress.tuning | Tuning gas/core/Prophet candidate 7/16: {'changepoint_prior_scale': 0.01, 'seasonality_prior_scale': 10.0, 'seasonality_mode': 'additive'}
2026-09-26 18:01:28 | INFO     | energy_stress.prophet | [Prophet-CORE] Fitting on gas (train=212 obs, regressors=False, cps=0.01, sps=10.0, reg_ps=n/a, seasonality=additive)
2026-09-26 18:01:28 | INFO     | energy_stress.prophet | [Prophet-CORE gas] validation: MAE=37.7331, RMSE=39.3806
2026-09-26 18:01:28 | INFO     | energy_stress.prophet | [Prophet-CORE] Forecast saved → outputs_v2/tuning_rolling/2024/forecasts/gas/core/prophet/candidate_07/gas_growth_pct_forecasts_prophet_core.csv
2026-09-26 18:01:28 | INFO     | energy_stress.tuning | Tuning gas/core/Prophet candidate 8/16: {'changepoint_prior_scale': 0.01, 'seasonality_prior_scale': 10.0, 'seasonality_mode': 'multiplicative'}
2026-09-26 18:01:28 | INFO     | energy_stress.prophet | [Prophet-CORE] Fitting on gas (train=212 obs, regressors=False, cps=0.01, sps=10.0, reg_ps=n/a, seasonality=multiplicative)
2026-09-26 18:01:29 | INFO     | energy_stress.prophet | [Prophet-CORE gas] validation: MAE=37.9404, RMSE=39.4656
2026-09-26 18:01:29 | INFO     | energy_stress.prophet | [Prophet-CORE] Forecast saved → outputs_v2/tuning_rolling/2024/forecasts/gas/core/prophet/candidate_08/gas_growth_pct_forecasts_prophet_core.csv
2026-09-26 18:01:29 | INFO     | energy_stress.tuning | Tuning gas/core/Prophet candidate 9/16: {'changepoint_prior_scale': 0.05, 'seasonality_prior_scale': 1.0, 'seasonality_mode': 'additive'}
2026-09-26 18:01:29 | INFO     | energy_stress.prophet | [Prophet-CORE] Fitting on gas (train=212 obs, regressors=False, cps=0.05, sps=1.0, reg_ps=n/a, seasonality=additive)
2026-09-26 18:01:29 | INFO     | energy_stress.prophet | [Prophet-CORE gas] validation: MAE=56.5013, RMSE=57.4939
2026-09-26 18:01:29 | INFO     | energy_stress.prophet | [Prophet-CORE] Forecast saved → outputs_v2/tuning_rolling/2024/forecasts/gas/core/prophet/candidate_09/gas_growth_pct_forecasts_prophet_core.csv
2026-09-26 18:01:29 | INFO     | energy_stress.tuning | Tuning gas/core/Prophet candidate 10/16: {'changepoint_prior_scale': 0.05, 'seasonality_prior_scale': 1.0, 'seasonality_mode': 'multiplicative'}
2026-09-26 18:01:29 | INFO     | energy_stress.prophet | [Prophet-CORE] Fitting on gas (train=212 obs, regressors=False, cps=0.05, sps=1.0, reg_ps=n/a, seasonality=multiplicative)
2026-09-26 18:01:29 | INFO     | energy_stress.prophet | [Prophet-CORE gas] validation: MAE=58.5746, RMSE=59.9916
2026-09-26 18:01:29 | INFO     | energy_stress.prophet | [Prophet-CORE] Forecast saved → outputs_v2/tuning_rolling/2024/forecasts/gas/core/prophet/candidate_10/gas_growth_pct_forecasts_prophet_core.csv
2026-09-26 18:01:29 | INFO     | energy_stress.tuning | Tuning gas/core/Prophet candidate 11/16: {'changepoint_prior_scale': 0.05, 'seasonality_prior_scale': 10.0, 'seasonality_mode': 'additive'}
2026-09-26 18:01:29 | INFO     | energy_stress.prophet | [Prophet-CORE] Fitting on gas (train=212 obs, regressors=False, cps=0.05, sps=10.0, reg_ps=n/a, seasonality=additive)
2026-09-26 18:01:29 | INFO     | energy_stress.prophet | [Prophet-CORE gas] validation: MAE=56.2021, RMSE=57.2037
2026-09-26 18:01:29 | INFO     | energy_stress.prophet | [Prophet-CORE] Forecast saved → outputs_v2/tuning_rolling/2024/forecasts/gas/core/prophet/candidate_11/gas_growth_pct_forecasts_prophet_core.csv
2026-09-26 18:01:29 | INFO     | energy_stress.tuning | Tuning gas/core/Prophet candidate 12/16: {'changepoint_prior_scale': 0.05, 'seasonality_prior_scale': 10.0, 'seasonality_mode': 'multiplicative'}
2026-09-26 18:01:29 | INFO     | energy_stress.prophet | [Prophet-CORE] Fitting on gas (train=212 obs, regressors=False, cps=0.05, sps=10.0, reg_ps=n/a, seasonality=multiplicative)
2026-09-26 18:01:29 | INFO     | energy_stress.prophet | [Prophet-CORE gas] validation: MAE=58.2522, RMSE=59.6665
2026-09-26 18:01:29 | INFO     | energy_stress.prophet | [Prophet-CORE] Forecast saved → outputs_v2/tuning_rolling/2024/forecasts/gas/core/prophet/candidate_12/gas_growth_pct_forecasts_prophet_core.csv
2026-09-26 18:01:29 | INFO     | energy_stress.tuning | Tuning gas/core/Prophet candidate 13/16: {'changepoint_prior_scale': 0.1, 'seasonality_prior_scale': 1.0, 'seasonality_mode': 'additive'}
2026-09-26 18:01:29 | INFO     | energy_stress.prophet | [Prophet-CORE] Fitting on gas (train=212 obs, regressors=False, cps=0.1, sps=1.0, reg_ps=n/a, seasonality=additive)
2026-09-26 18:01:29 | INFO     | energy_stress.prophet | [Prophet-CORE gas] validation: MAE=71.1986, RMSE=71.8814
2026-09-26 18:01:30 | INFO     | energy_stress.prophet | [Prophet-CORE] Forecast saved → outputs_v2/tuning_rolling/2024/forecasts/gas/core/prophet/candidate_13/gas_growth_pct_forecasts_prophet_core.csv
2026-09-26 18:01:30 | INFO     | energy_stress.tuning | Tuning gas/core/Prophet candidate 14/16: {'changepoint_prior_scale': 0.1, 'seasonality_prior_scale': 1.0, 'seasonality_mode': 'multiplicative'}
2026-09-26 18:01:30 | INFO     | energy_stress.prophet | [Prophet-CORE] Fitting on gas (train=212 obs, regressors=False, cps=0.1, sps=1.0, reg_ps=n/a, seasonality=multiplicative)
2026-09-26 18:01:30 | INFO     | energy_stress.prophet | [Prophet-CORE gas] validation: MAE=76.4076, RMSE=79.4827
2026-09-26 18:01:30 | INFO     | energy_stress.prophet | [Prophet-CORE] Forecast saved → outputs_v2/tuning_rolling/2024/forecasts/gas/core/prophet/candidate_14/gas_growth_pct_forecasts_prophet_core.csv
2026-09-26 18:01:30 | INFO     | energy_stress.tuning | Tuning gas/core/Prophet candidate 15/16: {'changepoint_prior_scale': 0.1, 'seasonality_prior_scale': 10.0, 'seasonality_mode': 'additive'}
2026-09-26 18:01:30 | INFO     | energy_stress.prophet | [Prophet-CORE] Fitting on gas (train=212 obs, regressors=False, cps=0.1, sps=10.0, reg_ps=n/a, seasonality=additive)
2026-09-26 18:01:30 | INFO     | energy_stress.prophet | [Prophet-CORE gas] validation: MAE=70.7715, RMSE=71.4670
2026-09-26 18:01:30 | INFO     | energy_stress.prophet | [Prophet-CORE] Forecast saved → outputs_v2/tuning_rolling/2024/forecasts/gas/core/prophet/candidate_15/gas_growth_pct_forecasts_prophet_core.csv
2026-09-26 18:01:30 | INFO     | energy_stress.tuning | Tuning gas/core/Prophet candidate 16/16: {'changepoint_prior_scale': 0.1, 'seasonality_prior_scale': 10.0, 'seasonality_mode': 'multiplicative'}
2026-09-26 18:01:30 | INFO     | energy_stress.prophet | [Prophet-CORE] Fitting on gas (train=212 obs, regressors=False, cps=0.1, sps=10.0, reg_ps=n/a, seasonality=multiplicative)
2026-09-26 18:01:30 | INFO     | energy_stress.prophet | [Prophet-CORE gas] validation: MAE=81.1890, RMSE=84.3654
2026-09-26 18:01:30 | INFO     | energy_stress.prophet | [Prophet-CORE] Forecast saved → outputs_v2/tuning_rolling/2024/forecasts/gas/core/prophet/candidate_16/gas_growth_pct_forecasts_prophet_core.csv
2026-09-26 18:01:30 | INFO     | energy_stress.tuning | Best params for gas/core/Prophet: {'changepoint_prior_scale': 0.01, 'seasonality_prior_scale': 1.0, 'seasonality_mode': 'additive'} (validation score=37.7264)
2026-09-26 18:01:30 | INFO     | energy_stress.tuning | Tuning gas/core/LSTM candidate 1/3: {'lookback': 6, 'dropout': 0.1, 'learning_rate': 0.001, 'units_1': 64, 'units_2': 32, 'macro_feature_set': 'lstm'}
2026-09-26 18:01:30 | INFO     | energy_stress.lstm | [LSTM-CORE] Training on gas | train=2006-05-01→2023-12-01 (212 obs), test=2024-01-01→2024-12-01 (12 obs), use_macro=False, lookback=6, dropout=0.1, lr=0.001, units=(64,32), macro_feature_set=lstm
2026-09-26 18:01:40 | INFO     | energy_stress.lstm | [LSTM-CORE gas] validation: MAE=6.8687, RMSE=8.8296
2026-09-26 18:01:51 | INFO     | energy_stress.lstm | [LSTM-CORE] Forecast saved → outputs_v2/tuning_rolling/2024/forecasts/gas/core/lstm/candidate_01/gas_growth_pct_forecasts_lstm_core.csv
2026-09-26 18:01:51 | INFO     | energy_stress.tuning | Tuning gas/core/LSTM candidate 2/3: {'lookback': 12, 'dropout': 0.2, 'learning_rate': 0.001, 'units_1': 128, 'units_2': 64, 'macro_feature_set': 'lstm'}
2026-09-26 18:01:51 | INFO     | energy_stress.lstm | [LSTM-CORE] Training on gas | train=2006-05-01→2023-12-01 (212 obs), test=2024-01-01→2024-12-01 (12 obs), use_macro=False, lookback=12, dropout=0.2, lr=0.001, units=(128,64), macro_feature_set=lstm
2026-09-26 18:01:59 | INFO     | energy_stress.lstm | [LSTM-CORE gas] validation: MAE=6.4359, RMSE=8.1777
2026-09-26 18:02:08 | INFO     | energy_stress.lstm | [LSTM-CORE] Forecast saved → outputs_v2/tuning_rolling/2024/forecasts/gas/core/lstm/candidate_02/gas_growth_pct_forecasts_lstm_core.csv
2026-09-26 18:02:08 | INFO     | energy_stress.tuning | Tuning gas/core/LSTM candidate 3/3: {'lookback': 18, 'dropout': 0.25, 'learning_rate': 0.0005, 'units_1': 128, 'units_2': 64, 'macro_feature_set': 'lstm'}
2026-09-26 18:02:08 | INFO     | energy_stress.lstm | [LSTM-CORE] Training on gas | train=2006-05-01→2023-12-01 (212 obs), test=2024-01-01→2024-12-01 (12 obs), use_macro=False, lookback=18, dropout=0.25, lr=0.0005, units=(128,64), macro_feature_set=lstm
2026-09-26 18:02:19 | INFO     | energy_stress.lstm | [LSTM-CORE gas] validation: MAE=7.1965, RMSE=9.4820
2026-09-26 18:02:28 | INFO     | energy_stress.lstm | [LSTM-CORE] Forecast saved → outputs_v2/tuning_rolling/2024/forecasts/gas/core/lstm/candidate_03/gas_growth_pct_forecasts_lstm_core.csv
2026-09-26 18:02:28 | INFO     | energy_stress.tuning | Best params for gas/core/LSTM: {'lookback': 12, 'dropout': 0.2, 'learning_rate': 0.001, 'units_1': 128, 'units_2': 64, 'macro_feature_set': 'lstm'} (validation score=6.4359)
2026-09-26 18:02:28 | INFO     | energy_stress.tuning | Tuning gas/core/TFT candidate 1/3: {'lookback': 6, 'hidden': 32, 'n_heads': 4, 'learning_rate': 0.001}
2026-09-26 18:02:28 | INFO     | energy_stress.tft | [TFT/pytorch-forecasting] Fitting gas (core)
2026-09-26 18:03:19 | INFO     | energy_stress.tft | [TFT gas] validation: MAE=16.7477, RMSE=18.0341
2026-09-26 18:04:20 | INFO     | energy_stress.tft | [TFT] Forecast saved → outputs_v2/tuning_rolling/2024/forecasts/gas/core/tft/candidate_01/gas_growth_pct_forecasts_tft_core.csv
2026-09-26 18:04:20 | INFO     | energy_stress.tuning | Tuning gas/core/TFT candidate 2/3: {'lookback': 12, 'hidden': 64, 'n_heads': 4, 'learning_rate': 0.0005}
2026-09-26 18:04:20 | INFO     | energy_stress.tft | [TFT/pytorch-forecasting] Fitting gas (core)
2026-09-26 18:05:12 | INFO     | energy_stress.tft | [TFT gas] validation: MAE=14.1041, RMSE=16.0463
2026-09-26 18:06:12 | INFO     | energy_stress.tft | [TFT] Forecast saved → outputs_v2/tuning_rolling/2024/forecasts/gas/core/tft/candidate_02/gas_growth_pct_forecasts_tft_core.csv
2026-09-26 18:06:12 | INFO     | energy_stress.tuning | Tuning gas/core/TFT candidate 3/3: {'lookback': 18, 'hidden': 64, 'n_heads': 4, 'learning_rate': 0.0005}
2026-09-26 18:06:12 | INFO     | energy_stress.tft | [TFT/pytorch-forecasting] Fitting gas (core)
2026-09-26 18:07:03 | INFO     | energy_stress.tft | [TFT gas] validation: MAE=22.2762, RMSE=23.6530
2026-09-26 18:08:06 | INFO     | energy_stress.tft | [TFT] Forecast saved → outputs_v2/tuning_rolling/2024/forecasts/gas/core/tft/candidate_03/gas_growth_pct_forecasts_tft_core.csv
2026-09-26 18:08:06 | INFO     | energy_stress.tuning | Best params for gas/core/TFT: {'lookback': 12, 'hidden': 64, 'n_heads': 4, 'learning_rate': 0.0005} (validation score=14.1041)
2026-09-26 18:08:06 | INFO     | energy_stress.tuning | Tuning electricity/core/SARIMA candidate 1/1: {}
2026-09-26 18:08:06 | INFO     | energy_stress.sarima | [SARIMA-CORE] Fitting on electricity (train=212 obs)
2026-09-26 18:08:39 | INFO     | energy_stress.sarima | SARIMA best order: (2, 0, 1) × (2, 1, 1, 12)
2026-09-26 18:08:40 | INFO     | energy_stress.sarima | [SARIMA-CORE electricity] validation: MAE=14.5462, RMSE=15.1694, MAPE=120.72%
2026-09-26 18:08:41 | INFO     | energy_stress.sarima | [SARIMA-CORE] Forecast saved → outputs_v2/tuning_rolling/2024/forecasts/electricity/core/sarima/candidate_01/electricity_growth_pct_forecasts_sarima_core.csv
2026-09-26 18:08:41 | INFO     | energy_stress.tuning | Tuning electricity/core/Prophet candidate 1/8: {'changepoint_prior_scale': 0.001, 'seasonality_prior_scale': 1.0, 'seasonality_mode': 'additive'}
2026-09-26 18:08:41 | INFO     | energy_stress.prophet | [Prophet-CORE] Fitting on electricity (train=212 obs, regressors=False, cps=0.001, sps=1.0, reg_ps=n/a, seasonality=additive)
2026-09-26 18:08:42 | INFO     | energy_stress.prophet | [Prophet-CORE electricity] validation: MAE=28.4859, RMSE=29.0932
2026-09-26 18:08:42 | INFO     | energy_stress.prophet | [Prophet-CORE] Forecast saved → outputs_v2/tuning_rolling/2024/forecasts/electricity/core/prophet/candidate_01/electricity_growth_pct_forecasts_prophet_core.csv
2026-09-26 18:08:42 | INFO     | energy_stress.tuning | Tuning electricity/core/Prophet candidate 2/8: {'changepoint_prior_scale': 0.001, 'seasonality_prior_scale': 10.0, 'seasonality_mode': 'additive'}
2026-09-26 18:08:42 | INFO     | energy_stress.prophet | [Prophet-CORE] Fitting on electricity (train=212 obs, regressors=False, cps=0.001, sps=10.0, reg_ps=n/a, seasonality=additive)
2026-09-26 18:08:42 | INFO     | energy_stress.prophet | [Prophet-CORE electricity] validation: MAE=28.4259, RMSE=29.0365
2026-09-26 18:08:43 | INFO     | energy_stress.prophet | [Prophet-CORE] Forecast saved → outputs_v2/tuning_rolling/2024/forecasts/electricity/core/prophet/candidate_02/electricity_growth_pct_forecasts_prophet_core.csv
2026-09-26 18:08:43 | INFO     | energy_stress.tuning | Tuning electricity/core/Prophet candidate 3/8: {'changepoint_prior_scale': 0.01, 'seasonality_prior_scale': 1.0, 'seasonality_mode': 'additive'}
2026-09-26 18:08:43 | INFO     | energy_stress.prophet | [Prophet-CORE] Fitting on electricity (train=212 obs, regressors=False, cps=0.01, sps=1.0, reg_ps=n/a, seasonality=additive)
2026-09-26 18:08:43 | INFO     | energy_stress.prophet | [Prophet-CORE electricity] validation: MAE=26.9160, RMSE=27.5638
2026-09-26 18:08:43 | INFO     | energy_stress.prophet | [Prophet-CORE] Forecast saved → outputs_v2/tuning_rolling/2024/forecasts/electricity/core/prophet/candidate_03/electricity_growth_pct_forecasts_prophet_core.csv
2026-09-26 18:08:43 | INFO     | energy_stress.tuning | Tuning electricity/core/Prophet candidate 4/8: {'changepoint_prior_scale': 0.01, 'seasonality_prior_scale': 10.0, 'seasonality_mode': 'additive'}
2026-09-26 18:08:43 | INFO     | energy_stress.prophet | [Prophet-CORE] Fitting on electricity (train=212 obs, regressors=False, cps=0.01, sps=10.0, reg_ps=n/a, seasonality=additive)
2026-09-26 18:08:43 | INFO     | energy_stress.prophet | [Prophet-CORE electricity] validation: MAE=27.5499, RMSE=28.1829
2026-09-26 18:08:43 | INFO     | energy_stress.prophet | [Prophet-CORE] Forecast saved → outputs_v2/tuning_rolling/2024/forecasts/electricity/core/prophet/candidate_04/electricity_growth_pct_forecasts_prophet_core.csv
2026-09-26 18:08:43 | INFO     | energy_stress.tuning | Tuning electricity/core/Prophet candidate 5/8: {'changepoint_prior_scale': 0.05, 'seasonality_prior_scale': 1.0, 'seasonality_mode': 'additive'}
2026-09-26 18:08:43 | INFO     | energy_stress.prophet | [Prophet-CORE] Fitting on electricity (train=212 obs, regressors=False, cps=0.05, sps=1.0, reg_ps=n/a, seasonality=additive)
2026-09-26 18:08:43 | INFO     | energy_stress.prophet | [Prophet-CORE electricity] validation: MAE=34.8177, RMSE=35.2902
2026-09-26 18:08:43 | INFO     | energy_stress.prophet | [Prophet-CORE] Forecast saved → outputs_v2/tuning_rolling/2024/forecasts/electricity/core/prophet/candidate_05/electricity_growth_pct_forecasts_prophet_core.csv
2026-09-26 18:08:43 | INFO     | energy_stress.tuning | Tuning electricity/core/Prophet candidate 6/8: {'changepoint_prior_scale': 0.05, 'seasonality_prior_scale': 10.0, 'seasonality_mode': 'additive'}
2026-09-26 18:08:43 | INFO     | energy_stress.prophet | [Prophet-CORE] Fitting on electricity (train=212 obs, regressors=False, cps=0.05, sps=10.0, reg_ps=n/a, seasonality=additive)
2026-09-26 18:08:43 | INFO     | energy_stress.prophet | [Prophet-CORE electricity] validation: MAE=34.5585, RMSE=35.0348
2026-09-26 18:08:43 | INFO     | energy_stress.prophet | [Prophet-CORE] Forecast saved → outputs_v2/tuning_rolling/2024/forecasts/electricity/core/prophet/candidate_06/electricity_growth_pct_forecasts_prophet_core.csv
2026-09-26 18:08:43 | INFO     | energy_stress.tuning | Tuning electricity/core/Prophet candidate 7/8: {'changepoint_prior_scale': 0.1, 'seasonality_prior_scale': 1.0, 'seasonality_mode': 'additive'}
2026-09-26 18:08:43 | INFO     | energy_stress.prophet | [Prophet-CORE] Fitting on electricity (train=212 obs, regressors=False, cps=0.1, sps=1.0, reg_ps=n/a, seasonality=additive)
2026-09-26 18:08:43 | INFO     | energy_stress.prophet | [Prophet-CORE electricity] validation: MAE=40.1436, RMSE=40.5323
2026-09-26 18:08:43 | INFO     | energy_stress.prophet | [Prophet-CORE] Forecast saved → outputs_v2/tuning_rolling/2024/forecasts/electricity/core/prophet/candidate_07/electricity_growth_pct_forecasts_prophet_core.csv
2026-09-26 18:08:43 | INFO     | energy_stress.tuning | Tuning electricity/core/Prophet candidate 8/8: {'changepoint_prior_scale': 0.1, 'seasonality_prior_scale': 10.0, 'seasonality_mode': 'additive'}
2026-09-26 18:08:43 | INFO     | energy_stress.prophet | [Prophet-CORE] Fitting on electricity (train=212 obs, regressors=False, cps=0.1, sps=10.0, reg_ps=n/a, seasonality=additive)
2026-09-26 18:08:43 | INFO     | energy_stress.prophet | [Prophet-CORE electricity] validation: MAE=40.5104, RMSE=40.8947
2026-09-26 18:08:44 | INFO     | energy_stress.prophet | [Prophet-CORE] Forecast saved → outputs_v2/tuning_rolling/2024/forecasts/electricity/core/prophet/candidate_08/electricity_growth_pct_forecasts_prophet_core.csv
2026-09-26 18:08:44 | INFO     | energy_stress.tuning | Best params for electricity/core/Prophet: {'changepoint_prior_scale': 0.01, 'seasonality_prior_scale': 1.0, 'seasonality_mode': 'additive'} (validation score=26.9160)
2026-09-26 18:08:44 | INFO     | energy_stress.tuning | Tuning electricity/core/LSTM candidate 1/3: {'lookback': 6, 'dropout': 0.1, 'learning_rate': 0.001, 'units_1': 64, 'units_2': 32, 'macro_feature_set': 'lstm'}
2026-09-26 18:08:44 | INFO     | energy_stress.lstm | [LSTM-CORE] Training on electricity | train=2006-05-01→2023-12-01 (212 obs), test=2024-01-01→2024-12-01 (12 obs), use_macro=False, lookback=6, dropout=0.1, lr=0.001, units=(64,32), macro_feature_set=lstm
2026-09-26 18:08:49 | INFO     | energy_stress.lstm | [LSTM-CORE electricity] validation: MAE=7.6558, RMSE=8.9058
2026-09-26 18:08:57 | INFO     | energy_stress.lstm | [LSTM-CORE] Forecast saved → outputs_v2/tuning_rolling/2024/forecasts/electricity/core/lstm/candidate_01/electricity_growth_pct_forecasts_lstm_core.csv
2026-09-26 18:08:57 | INFO     | energy_stress.tuning | Tuning electricity/core/LSTM candidate 2/3: {'lookback': 12, 'dropout': 0.2, 'learning_rate': 0.001, 'units_1': 128, 'units_2': 64, 'macro_feature_set': 'lstm'}
2026-09-26 18:08:57 | INFO     | energy_stress.lstm | [LSTM-CORE] Training on electricity | train=2006-05-01→2023-12-01 (212 obs), test=2024-01-01→2024-12-01 (12 obs), use_macro=False, lookback=12, dropout=0.2, lr=0.001, units=(128,64), macro_feature_set=lstm
2026-09-26 18:09:01 | INFO     | energy_stress.lstm | [LSTM-CORE electricity] validation: MAE=30.6065, RMSE=31.1654
2026-09-26 18:09:18 | INFO     | energy_stress.lstm | [LSTM-CORE] Forecast saved → outputs_v2/tuning_rolling/2024/forecasts/electricity/core/lstm/candidate_02/electricity_growth_pct_forecasts_lstm_core.csv
2026-09-26 18:09:18 | INFO     | energy_stress.tuning | Tuning electricity/core/LSTM candidate 3/3: {'lookback': 18, 'dropout': 0.25, 'learning_rate': 0.0005, 'units_1': 128, 'units_2': 64, 'macro_feature_set': 'lstm'}
2026-09-26 18:09:18 | INFO     | energy_stress.lstm | [LSTM-CORE] Training on electricity | train=2006-05-01→2023-12-01 (212 obs), test=2024-01-01→2024-12-01 (12 obs), use_macro=False, lookback=18, dropout=0.25, lr=0.0005, units=(128,64), macro_feature_set=lstm
2026-09-26 18:09:21 | INFO     | energy_stress.lstm | [LSTM-CORE electricity] validation: MAE=25.0583, RMSE=25.7506
2026-09-26 18:09:37 | INFO     | energy_stress.lstm | [LSTM-CORE] Forecast saved → outputs_v2/tuning_rolling/2024/forecasts/electricity/core/lstm/candidate_03/electricity_growth_pct_forecasts_lstm_core.csv
2026-09-26 18:09:37 | INFO     | energy_stress.tuning | Best params for electricity/core/LSTM: {'lookback': 6, 'dropout': 0.1, 'learning_rate': 0.001, 'units_1': 64, 'units_2': 32, 'macro_feature_set': 'lstm'} (validation score=7.6558)
2026-09-26 18:09:37 | INFO     | energy_stress.tuning | Tuning electricity/core/TFT candidate 1/3: {'lookback': 6, 'hidden': 32, 'n_heads': 4, 'learning_rate': 0.001}
2026-09-26 18:09:37 | INFO     | energy_stress.tft | [TFT/pytorch-forecasting] Fitting electricity (core)
2026-09-26 18:10:29 | INFO     | energy_stress.tft | [TFT electricity] validation: MAE=13.6495, RMSE=14.8048
2026-09-26 18:11:30 | INFO     | energy_stress.tft | [TFT] Forecast saved → outputs_v2/tuning_rolling/2024/forecasts/electricity/core/tft/candidate_01/electricity_growth_pct_forecasts_tft_core.csv
2026-09-26 18:11:30 | INFO     | energy_stress.tuning | Tuning electricity/core/TFT candidate 2/3: {'lookback': 12, 'hidden': 64, 'n_heads': 4, 'learning_rate': 0.0005}
2026-09-26 18:11:30 | INFO     | energy_stress.tft | [TFT/pytorch-forecasting] Fitting electricity (core)
2026-09-26 18:12:20 | INFO     | energy_stress.tft | [TFT electricity] validation: MAE=11.7955, RMSE=12.8260
2026-09-26 18:13:20 | INFO     | energy_stress.tft | [TFT] Forecast saved → outputs_v2/tuning_rolling/2024/forecasts/electricity/core/tft/candidate_02/electricity_growth_pct_forecasts_tft_core.csv
2026-09-26 18:13:20 | INFO     | energy_stress.tuning | Tuning electricity/core/TFT candidate 3/3: {'lookback': 18, 'hidden': 64, 'n_heads': 4, 'learning_rate': 0.0005}
2026-09-26 18:13:20 | INFO     | energy_stress.tft | [TFT/pytorch-forecasting] Fitting electricity (core)
2026-09-26 18:14:10 | INFO     | energy_stress.tft | [TFT electricity] validation: MAE=7.1767, RMSE=8.7205
2026-09-26 18:15:10 | INFO     | energy_stress.tft | [TFT] Forecast saved → outputs_v2/tuning_rolling/2024/forecasts/electricity/core/tft/candidate_03/electricity_growth_pct_forecasts_tft_core.csv
2026-09-26 18:15:10 | INFO     | energy_stress.tuning | Best params for electricity/core/TFT: {'lookback': 18, 'hidden': 64, 'n_heads': 4, 'learning_rate': 0.0005} (validation score=7.1767)
2026-09-26 18:15:10 | INFO     | energy_stress.tuning | Tuning carbon/core/SARIMA candidate 1/1: {}
2026-09-26 18:15:10 | INFO     | energy_stress.sarima | [SARIMA-CORE] Fitting on carbon (train=212 obs)
2026-09-26 18:15:23 | INFO     | energy_stress.sarima | SARIMA best order: (1, 0, 0) × (2, 1, 0, 12)
2026-09-26 18:15:24 | INFO     | energy_stress.sarima | [SARIMA-CORE carbon] validation: MAE=40.6552, RMSE=42.8509, MAPE=248.32%
2026-09-26 18:15:24 | INFO     | energy_stress.sarima | [SARIMA-CORE] Forecast saved → outputs_v2/tuning_rolling/2024/forecasts/carbon/core/sarima/candidate_01/carbon_growth_pct_forecasts_sarima_core.csv
2026-09-26 18:15:24 | INFO     | energy_stress.tuning | Tuning carbon/core/Prophet candidate 1/8: {'changepoint_prior_scale': 0.001, 'seasonality_prior_scale': 1.0, 'seasonality_mode': 'additive'}
2026-09-26 18:15:24 | INFO     | energy_stress.prophet | [Prophet-CORE] Fitting on carbon (train=212 obs, regressors=False, cps=0.001, sps=1.0, reg_ps=n/a, seasonality=additive)
2026-09-26 18:15:24 | INFO     | energy_stress.prophet | [Prophet-CORE carbon] validation: MAE=77.6202, RMSE=79.2580
2026-09-26 18:15:24 | INFO     | energy_stress.prophet | [Prophet-CORE] Forecast saved → outputs_v2/tuning_rolling/2024/forecasts/carbon/core/prophet/candidate_01/carbon_growth_pct_forecasts_prophet_core.csv
2026-09-26 18:15:24 | INFO     | energy_stress.tuning | Tuning carbon/core/Prophet candidate 2/8: {'changepoint_prior_scale': 0.001, 'seasonality_prior_scale': 10.0, 'seasonality_mode': 'additive'}
2026-09-26 18:15:24 | INFO     | energy_stress.prophet | [Prophet-CORE] Fitting on carbon (train=212 obs, regressors=False, cps=0.001, sps=10.0, reg_ps=n/a, seasonality=additive)
2026-09-26 18:15:24 | INFO     | energy_stress.prophet | [Prophet-CORE carbon] validation: MAE=79.3343, RMSE=81.4713
2026-09-26 18:15:25 | INFO     | energy_stress.prophet | [Prophet-CORE] Forecast saved → outputs_v2/tuning_rolling/2024/forecasts/carbon/core/prophet/candidate_02/carbon_growth_pct_forecasts_prophet_core.csv
2026-09-26 18:15:25 | INFO     | energy_stress.tuning | Tuning carbon/core/Prophet candidate 3/8: {'changepoint_prior_scale': 0.01, 'seasonality_prior_scale': 1.0, 'seasonality_mode': 'additive'}
2026-09-26 18:15:25 | INFO     | energy_stress.prophet | [Prophet-CORE] Fitting on carbon (train=212 obs, regressors=False, cps=0.01, sps=1.0, reg_ps=n/a, seasonality=additive)
2026-09-26 18:15:25 | INFO     | energy_stress.prophet | [Prophet-CORE carbon] validation: MAE=42.2556, RMSE=44.6380
2026-09-26 18:15:25 | INFO     | energy_stress.prophet | [Prophet-CORE] Forecast saved → outputs_v2/tuning_rolling/2024/forecasts/carbon/core/prophet/candidate_03/carbon_growth_pct_forecasts_prophet_core.csv
2026-09-26 18:15:25 | INFO     | energy_stress.tuning | Tuning carbon/core/Prophet candidate 4/8: {'changepoint_prior_scale': 0.01, 'seasonality_prior_scale': 10.0, 'seasonality_mode': 'additive'}
2026-09-26 18:15:25 | INFO     | energy_stress.prophet | [Prophet-CORE] Fitting on carbon (train=212 obs, regressors=False, cps=0.01, sps=10.0, reg_ps=n/a, seasonality=additive)
2026-09-26 18:15:25 | INFO     | energy_stress.prophet | [Prophet-CORE carbon] validation: MAE=42.2579, RMSE=44.6403
2026-09-26 18:15:25 | INFO     | energy_stress.prophet | [Prophet-CORE] Forecast saved → outputs_v2/tuning_rolling/2024/forecasts/carbon/core/prophet/candidate_04/carbon_growth_pct_forecasts_prophet_core.csv
2026-09-26 18:15:25 | INFO     | energy_stress.tuning | Tuning carbon/core/Prophet candidate 5/8: {'changepoint_prior_scale': 0.05, 'seasonality_prior_scale': 1.0, 'seasonality_mode': 'additive'}
2026-09-26 18:15:25 | INFO     | energy_stress.prophet | [Prophet-CORE] Fitting on carbon (train=212 obs, regressors=False, cps=0.05, sps=1.0, reg_ps=n/a, seasonality=additive)
2026-09-26 18:15:25 | INFO     | energy_stress.prophet | [Prophet-CORE carbon] validation: MAE=75.9254, RMSE=77.3059
2026-09-26 18:15:25 | INFO     | energy_stress.prophet | [Prophet-CORE] Forecast saved → outputs_v2/tuning_rolling/2024/forecasts/carbon/core/prophet/candidate_05/carbon_growth_pct_forecasts_prophet_core.csv
2026-09-26 18:15:25 | INFO     | energy_stress.tuning | Tuning carbon/core/Prophet candidate 6/8: {'changepoint_prior_scale': 0.05, 'seasonality_prior_scale': 10.0, 'seasonality_mode': 'additive'}
2026-09-26 18:15:25 | INFO     | energy_stress.prophet | [Prophet-CORE] Fitting on carbon (train=212 obs, regressors=False, cps=0.05, sps=10.0, reg_ps=n/a, seasonality=additive)
2026-09-26 18:15:25 | INFO     | energy_stress.prophet | [Prophet-CORE carbon] validation: MAE=75.4166, RMSE=76.8085
2026-09-26 18:15:25 | INFO     | energy_stress.prophet | [Prophet-CORE] Forecast saved → outputs_v2/tuning_rolling/2024/forecasts/carbon/core/prophet/candidate_06/carbon_growth_pct_forecasts_prophet_core.csv
2026-09-26 18:15:25 | INFO     | energy_stress.tuning | Tuning carbon/core/Prophet candidate 7/8: {'changepoint_prior_scale': 0.1, 'seasonality_prior_scale': 1.0, 'seasonality_mode': 'additive'}
2026-09-26 18:15:25 | INFO     | energy_stress.prophet | [Prophet-CORE] Fitting on carbon (train=212 obs, regressors=False, cps=0.1, sps=1.0, reg_ps=n/a, seasonality=additive)
2026-09-26 18:15:25 | INFO     | energy_stress.prophet | [Prophet-CORE carbon] validation: MAE=70.0565, RMSE=71.4902
2026-09-26 18:15:25 | INFO     | energy_stress.prophet | [Prophet-CORE] Forecast saved → outputs_v2/tuning_rolling/2024/forecasts/carbon/core/prophet/candidate_07/carbon_growth_pct_forecasts_prophet_core.csv
2026-09-26 18:15:25 | INFO     | energy_stress.tuning | Tuning carbon/core/Prophet candidate 8/8: {'changepoint_prior_scale': 0.1, 'seasonality_prior_scale': 10.0, 'seasonality_mode': 'additive'}
2026-09-26 18:15:25 | INFO     | energy_stress.prophet | [Prophet-CORE] Fitting on carbon (train=212 obs, regressors=False, cps=0.1, sps=10.0, reg_ps=n/a, seasonality=additive)
2026-09-26 18:15:25 | INFO     | energy_stress.prophet | [Prophet-CORE carbon] validation: MAE=69.7038, RMSE=71.1458
2026-09-26 18:15:25 | INFO     | energy_stress.prophet | [Prophet-CORE] Forecast saved → outputs_v2/tuning_rolling/2024/forecasts/carbon/core/prophet/candidate_08/carbon_growth_pct_forecasts_prophet_core.csv
2026-09-26 18:15:25 | INFO     | energy_stress.tuning | Best params for carbon/core/Prophet: {'changepoint_prior_scale': 0.01, 'seasonality_prior_scale': 1.0, 'seasonality_mode': 'additive'} (validation score=42.2556)
2026-09-26 18:15:25 | INFO     | energy_stress.tuning | Tuning carbon/core/LSTM candidate 1/3: {'lookback': 6, 'dropout': 0.1, 'learning_rate': 0.001, 'units_1': 64, 'units_2': 32, 'macro_feature_set': 'lstm'}
2026-09-26 18:15:25 | INFO     | energy_stress.lstm | [LSTM-CORE] Training on carbon | train=2006-05-01→2023-12-01 (212 obs), test=2024-01-01→2024-12-01 (12 obs), use_macro=False, lookback=6, dropout=0.1, lr=0.001, units=(64,32), macro_feature_set=lstm
2026-09-26 18:15:30 | INFO     | energy_stress.lstm | [LSTM-CORE carbon] validation: MAE=12.7650, RMSE=15.8457
2026-09-26 18:15:34 | INFO     | energy_stress.lstm | [LSTM-CORE] Forecast saved → outputs_v2/tuning_rolling/2024/forecasts/carbon/core/lstm/candidate_01/carbon_growth_pct_forecasts_lstm_core.csv
2026-09-26 18:15:34 | INFO     | energy_stress.tuning | Tuning carbon/core/LSTM candidate 2/3: {'lookback': 12, 'dropout': 0.2, 'learning_rate': 0.001, 'units_1': 128, 'units_2': 64, 'macro_feature_set': 'lstm'}
2026-09-26 18:15:34 | INFO     | energy_stress.lstm | [LSTM-CORE] Training on carbon | train=2006-05-01→2023-12-01 (212 obs), test=2024-01-01→2024-12-01 (12 obs), use_macro=False, lookback=12, dropout=0.2, lr=0.001, units=(128,64), macro_feature_set=lstm
2026-09-26 18:15:39 | INFO     | energy_stress.lstm | [LSTM-CORE carbon] validation: MAE=13.4115, RMSE=18.2018
2026-09-26 18:15:51 | INFO     | energy_stress.lstm | [LSTM-CORE] Forecast saved → outputs_v2/tuning_rolling/2024/forecasts/carbon/core/lstm/candidate_02/carbon_growth_pct_forecasts_lstm_core.csv
2026-09-26 18:15:51 | INFO     | energy_stress.tuning | Tuning carbon/core/LSTM candidate 3/3: {'lookback': 18, 'dropout': 0.25, 'learning_rate': 0.0005, 'units_1': 128, 'units_2': 64, 'macro_feature_set': 'lstm'}
2026-09-26 18:15:51 | INFO     | energy_stress.lstm | [LSTM-CORE] Training on carbon | train=2006-05-01→2023-12-01 (212 obs), test=2024-01-01→2024-12-01 (12 obs), use_macro=False, lookback=18, dropout=0.25, lr=0.0005, units=(128,64), macro_feature_set=lstm
2026-09-26 18:15:56 | INFO     | energy_stress.lstm | [LSTM-CORE carbon] validation: MAE=17.1593, RMSE=22.1761
2026-09-26 18:16:04 | INFO     | energy_stress.lstm | [LSTM-CORE] Forecast saved → outputs_v2/tuning_rolling/2024/forecasts/carbon/core/lstm/candidate_03/carbon_growth_pct_forecasts_lstm_core.csv
2026-09-26 18:16:04 | INFO     | energy_stress.tuning | Best params for carbon/core/LSTM: {'lookback': 6, 'dropout': 0.1, 'learning_rate': 0.001, 'units_1': 64, 'units_2': 32, 'macro_feature_set': 'lstm'} (validation score=12.7650)
2026-09-26 18:16:04 | INFO     | energy_stress.tuning | Tuning carbon/core/TFT candidate 1/3: {'lookback': 6, 'hidden': 32, 'n_heads': 4, 'learning_rate': 0.001}
2026-09-26 18:16:04 | INFO     | energy_stress.tft | [TFT/pytorch-forecasting] Fitting carbon (core)
2026-09-26 18:16:56 | INFO     | energy_stress.tft | [TFT carbon] validation: MAE=11.2094, RMSE=15.5710
2026-09-26 18:18:00 | INFO     | energy_stress.tft | [TFT] Forecast saved → outputs_v2/tuning_rolling/2024/forecasts/carbon/core/tft/candidate_01/carbon_growth_pct_forecasts_tft_core.csv
2026-09-26 18:18:00 | INFO     | energy_stress.tuning | Tuning carbon/core/TFT candidate 2/3: {'lookback': 12, 'hidden': 64, 'n_heads': 4, 'learning_rate': 0.0005}
2026-09-26 18:18:00 | INFO     | energy_stress.tft | [TFT/pytorch-forecasting] Fitting carbon (core)
2026-09-26 18:18:51 | INFO     | energy_stress.tft | [TFT carbon] validation: MAE=11.5083, RMSE=16.2398
2026-09-26 18:19:52 | INFO     | energy_stress.tft | [TFT] Forecast saved → outputs_v2/tuning_rolling/2024/forecasts/carbon/core/tft/candidate_02/carbon_growth_pct_forecasts_tft_core.csv
2026-09-26 18:19:52 | INFO     | energy_stress.tuning | Tuning carbon/core/TFT candidate 3/3: {'lookback': 18, 'hidden': 64, 'n_heads': 4, 'learning_rate': 0.0005}
2026-09-26 18:19:52 | INFO     | energy_stress.tft | [TFT/pytorch-forecasting] Fitting carbon (core)
2026-09-26 18:20:41 | INFO     | energy_stress.tft | [TFT carbon] validation: MAE=15.2294, RMSE=18.6674
2026-09-26 18:21:41 | INFO     | energy_stress.tft | [TFT] Forecast saved → outputs_v2/tuning_rolling/2024/forecasts/carbon/core/tft/candidate_03/carbon_growth_pct_forecasts_tft_core.csv
2026-09-26 18:21:41 | INFO     | energy_stress.tuning | Best params for carbon/core/TFT: {'lookback': 6, 'hidden': 32, 'n_heads': 4, 'learning_rate': 0.001} (validation score=11.2094)
2026-09-26 18:21:41 | INFO     | energy_stress.tuning | Tuning results saved → outputs_v2/tuning_rolling/2024/model_tuning_results.csv
2026-09-26 18:21:41 | INFO     | energy_stress.forecast_pipeline | 
──────────────────────────────────────────────────
Series: GAS
──────────────────────────────────────────────────
2026-09-26 18:21:41 | INFO     | energy_stress.forecast_pipeline | [gas] train=212, test=12, full=224 (through 2024-12-01), actual_target=12 non-null (2025-01-01..2025-12-01)
2026-09-26 18:21:41 | INFO     | energy_stress.sarima | [SARIMA-CORE] Fitting on gas (train=212 obs)
2026-09-26 18:22:21 | INFO     | energy_stress.sarima | SARIMA best order: (2, 0, 1) × (2, 1, 1, 12)
2026-09-26 18:22:22 | INFO     | energy_stress.sarima | [SARIMA-CORE gas] validation: MAE=13.5782, RMSE=14.2818, MAPE=70.93%
2026-09-26 18:22:23 | INFO     | energy_stress.sarima | [SARIMA-CORE] Forecast saved → outputs_v2/forecasts_rolling/2024/gas_growth_pct_forecasts_sarima_core.csv
2026-09-26 18:22:23 | INFO     | energy_stress.prophet | [Prophet-CORE] Fitting on gas (train=212 obs, regressors=False, cps=0.01, sps=1.0, reg_ps=n/a, seasonality=additive)
2026-09-26 18:22:24 | INFO     | energy_stress.prophet | [Prophet-CORE gas] validation: MAE=37.7264, RMSE=39.3743
2026-09-26 18:22:24 | INFO     | energy_stress.prophet | [Prophet-CORE] Forecast saved → outputs_v2/forecasts_rolling/2024/gas_growth_pct_forecasts_prophet_core.csv
2026-09-26 18:22:24 | INFO     | energy_stress.lstm | [LSTM-CORE] Training on gas | train=2006-05-01→2023-12-01 (212 obs), test=2024-01-01→2024-12-01 (12 obs), use_macro=False, lookback=12, dropout=0.2, lr=0.001, units=(128,64), macro_feature_set=lstm
2026-09-26 18:22:31 | INFO     | energy_stress.lstm | [LSTM-CORE gas] validation: MAE=6.4581, RMSE=8.1965
2026-09-26 18:22:44 | INFO     | energy_stress.lstm | [LSTM-CORE] Forecast saved → outputs_v2/forecasts_rolling/2024/gas_growth_pct_forecasts_lstm_core.csv
2026-09-26 18:22:44 | INFO     | energy_stress.lstm | [LSTM-CORE] Model saved → outputs_v2/models
2026-09-26 18:22:44 | INFO     | energy_stress.tft | [TFT/pytorch-forecasting] Fitting gas (core)
2026-09-26 18:24:07 | INFO     | energy_stress.tft | [TFT gas] validation: MAE=40.5963, RMSE=41.6510
2026-09-26 18:25:46 | INFO     | energy_stress.tft | [TFT] Forecast saved → outputs_v2/forecasts_rolling/2024/gas_growth_pct_forecasts_tft_core.csv
2026-09-26 18:25:46 | INFO     | energy_stress.forecast_pipeline | 
──────────────────────────────────────────────────
Series: ELECTRICITY
──────────────────────────────────────────────────
2026-09-26 18:25:46 | INFO     | energy_stress.forecast_pipeline | [electricity] train=212, test=12, full=224 (through 2024-12-01), actual_target=12 non-null (2025-01-01..2025-12-01)
2026-09-26 18:25:46 | INFO     | energy_stress.sarima | [SARIMA-CORE] Fitting on electricity (train=212 obs)
2026-09-26 18:26:32 | INFO     | energy_stress.sarima | SARIMA best order: (2, 0, 1) × (2, 1, 1, 12)
2026-09-26 18:26:33 | INFO     | energy_stress.sarima | [SARIMA-CORE electricity] validation: MAE=14.5462, RMSE=15.1694, MAPE=120.72%
2026-09-26 18:26:34 | INFO     | energy_stress.sarima | [SARIMA-CORE] Forecast saved → outputs_v2/forecasts_rolling/2024/electricity_growth_pct_forecasts_sarima_core.csv
2026-09-26 18:26:34 | INFO     | energy_stress.prophet | [Prophet-CORE] Fitting on electricity (train=212 obs, regressors=False, cps=0.01, sps=1.0, reg_ps=n/a, seasonality=additive)
2026-09-26 18:26:34 | INFO     | energy_stress.prophet | [Prophet-CORE electricity] validation: MAE=26.9160, RMSE=27.5638
2026-09-26 18:26:34 | INFO     | energy_stress.prophet | [Prophet-CORE] Forecast saved → outputs_v2/forecasts_rolling/2024/electricity_growth_pct_forecasts_prophet_core.csv
2026-09-26 18:26:34 | INFO     | energy_stress.lstm | [LSTM-CORE] Training on electricity | train=2006-05-01→2023-12-01 (212 obs), test=2024-01-01→2024-12-01 (12 obs), use_macro=False, lookback=6, dropout=0.1, lr=0.001, units=(64,32), macro_feature_set=lstm
2026-09-26 18:26:45 | INFO     | energy_stress.lstm | [LSTM-CORE electricity] validation: MAE=7.6299, RMSE=8.8855
2026-09-26 18:27:00 | INFO     | energy_stress.lstm | [LSTM-CORE] Forecast saved → outputs_v2/forecasts_rolling/2024/electricity_growth_pct_forecasts_lstm_core.csv
2026-09-26 18:27:00 | INFO     | energy_stress.lstm | [LSTM-CORE] Model saved → outputs_v2/models
2026-09-26 18:27:00 | INFO     | energy_stress.tft | [TFT/pytorch-forecasting] Fitting electricity (core)
2026-09-26 18:28:23 | INFO     | energy_stress.tft | [TFT electricity] validation: MAE=11.2372, RMSE=13.0645
2026-09-26 18:30:05 | INFO     | energy_stress.tft | [TFT] Forecast saved → outputs_v2/forecasts_rolling/2024/electricity_growth_pct_forecasts_tft_core.csv
2026-09-26 18:30:05 | INFO     | energy_stress.forecast_pipeline | 
──────────────────────────────────────────────────
Series: CARBON
──────────────────────────────────────────────────
2026-09-26 18:30:05 | INFO     | energy_stress.forecast_pipeline | [carbon] train=212, test=12, full=224 (through 2024-12-01), actual_target=12 non-null (2025-01-01..2025-12-01)
2026-09-26 18:30:05 | INFO     | energy_stress.sarima | [SARIMA-CORE] Fitting on carbon (train=212 obs)
2026-09-26 18:30:18 | INFO     | energy_stress.sarima | SARIMA best order: (1, 0, 0) × (2, 1, 0, 12)
2026-09-26 18:30:19 | INFO     | energy_stress.sarima | [SARIMA-CORE carbon] validation: MAE=40.6552, RMSE=42.8509, MAPE=248.32%
2026-09-26 18:30:19 | INFO     | energy_stress.sarima | [SARIMA-CORE] Forecast saved → outputs_v2/forecasts_rolling/2024/carbon_growth_pct_forecasts_sarima_core.csv
2026-09-26 18:30:19 | INFO     | energy_stress.prophet | [Prophet-CORE] Fitting on carbon (train=212 obs, regressors=False, cps=0.01, sps=1.0, reg_ps=n/a, seasonality=additive)
2026-09-26 18:30:19 | INFO     | energy_stress.prophet | [Prophet-CORE carbon] validation: MAE=42.2556, RMSE=44.6380
2026-09-26 18:30:19 | INFO     | energy_stress.prophet | [Prophet-CORE] Forecast saved → outputs_v2/forecasts_rolling/2024/carbon_growth_pct_forecasts_prophet_core.csv
2026-09-26 18:30:19 | INFO     | energy_stress.lstm | [LSTM-CORE] Training on carbon | train=2006-05-01→2023-12-01 (212 obs), test=2024-01-01→2024-12-01 (12 obs), use_macro=False, lookback=6, dropout=0.1, lr=0.001, units=(64,32), macro_feature_set=lstm
2026-09-26 18:30:28 | INFO     | energy_stress.lstm | [LSTM-CORE carbon] validation: MAE=12.7460, RMSE=15.8644
2026-09-26 18:30:36 | INFO     | energy_stress.lstm | [LSTM-CORE] Forecast saved → outputs_v2/forecasts_rolling/2024/carbon_growth_pct_forecasts_lstm_core.csv
2026-09-26 18:30:36 | INFO     | energy_stress.lstm | [LSTM-CORE] Model saved → outputs_v2/models
2026-09-26 18:30:36 | INFO     | energy_stress.tft | [TFT/pytorch-forecasting] Fitting carbon (core)
2026-09-26 18:31:59 | INFO     | energy_stress.tft | [TFT carbon] validation: MAE=14.3394, RMSE=19.0188
2026-09-26 18:33:36 | INFO     | energy_stress.tft | [TFT] Forecast saved → outputs_v2/forecasts_rolling/2024/carbon_growth_pct_forecasts_tft_core.csv
2026-09-26 18:33:36 | DEBUG    | energy_stress.model_evaluation | Loaded outputs_v2/forecasts_rolling/2024/gas_growth_pct_forecasts_sarima_core.csv (12 rows)
2026-09-26 18:33:36 | WARNING  | energy_stress.model_evaluation | Forecast file not found: outputs_v2/forecasts_rolling/2024/gas_growth_pct_forecasts_sarima_macro.csv
2026-09-26 18:33:36 | DEBUG    | energy_stress.model_evaluation | Loaded outputs_v2/forecasts_rolling/2024/gas_growth_pct_forecasts_prophet_core.csv (12 rows)
2026-09-26 18:33:36 | WARNING  | energy_stress.model_evaluation | Forecast file not found: outputs_v2/forecasts_rolling/2024/gas_growth_pct_forecasts_prophet_macro.csv
2026-09-26 18:33:36 | DEBUG    | energy_stress.model_evaluation | Loaded outputs_v2/forecasts_rolling/2024/gas_growth_pct_forecasts_lstm_core.csv (12 rows)
2026-09-26 18:33:36 | WARNING  | energy_stress.model_evaluation | Forecast file not found: outputs_v2/forecasts_rolling/2024/gas_growth_pct_forecasts_lstm_macro.csv
2026-09-26 18:33:36 | DEBUG    | energy_stress.model_evaluation | Loaded outputs_v2/forecasts_rolling/2024/gas_growth_pct_forecasts_tft_core.csv (12 rows)
2026-09-26 18:33:36 | WARNING  | energy_stress.model_evaluation | Forecast file not found: outputs_v2/forecasts_rolling/2024/gas_growth_pct_forecasts_tft_macro.csv
2026-09-26 18:33:36 | INFO     | energy_stress.model_evaluation | Combined forecasts (48 rows) → outputs_v2/forecasts_rolling/2024/gas_growth_pct_forecasts_all.csv
2026-09-26 18:33:36 | INFO     | energy_stress.model_evaluation |   core combined → outputs_v2/forecasts_rolling/2024/gas_growth_pct_forecasts_core.csv
2026-09-26 18:33:36 | DEBUG    | energy_stress.model_evaluation | Loaded outputs_v2/forecasts_rolling/2024/electricity_growth_pct_forecasts_sarima_core.csv (12 rows)
2026-09-26 18:33:36 | WARNING  | energy_stress.model_evaluation | Forecast file not found: outputs_v2/forecasts_rolling/2024/electricity_growth_pct_forecasts_sarima_macro.csv
2026-09-26 18:33:36 | DEBUG    | energy_stress.model_evaluation | Loaded outputs_v2/forecasts_rolling/2024/electricity_growth_pct_forecasts_prophet_core.csv (12 rows)
2026-09-26 18:33:36 | WARNING  | energy_stress.model_evaluation | Forecast file not found: outputs_v2/forecasts_rolling/2024/electricity_growth_pct_forecasts_prophet_macro.csv
2026-09-26 18:33:36 | DEBUG    | energy_stress.model_evaluation | Loaded outputs_v2/forecasts_rolling/2024/electricity_growth_pct_forecasts_lstm_core.csv (12 rows)
2026-09-26 18:33:36 | WARNING  | energy_stress.model_evaluation | Forecast file not found: outputs_v2/forecasts_rolling/2024/electricity_growth_pct_forecasts_lstm_macro.csv
2026-09-26 18:33:36 | DEBUG    | energy_stress.model_evaluation | Loaded outputs_v2/forecasts_rolling/2024/electricity_growth_pct_forecasts_tft_core.csv (12 rows)
2026-09-26 18:33:36 | WARNING  | energy_stress.model_evaluation | Forecast file not found: outputs_v2/forecasts_rolling/2024/electricity_growth_pct_forecasts_tft_macro.csv
2026-09-26 18:33:36 | INFO     | energy_stress.model_evaluation | Combined forecasts (48 rows) → outputs_v2/forecasts_rolling/2024/electricity_growth_pct_forecasts_all.csv
2026-09-26 18:33:36 | INFO     | energy_stress.model_evaluation |   core combined → outputs_v2/forecasts_rolling/2024/electricity_growth_pct_forecasts_core.csv
2026-09-26 18:33:36 | DEBUG    | energy_stress.model_evaluation | Loaded outputs_v2/forecasts_rolling/2024/carbon_growth_pct_forecasts_sarima_core.csv (12 rows)
2026-09-26 18:33:36 | WARNING  | energy_stress.model_evaluation | Forecast file not found: outputs_v2/forecasts_rolling/2024/carbon_growth_pct_forecasts_sarima_macro.csv
2026-09-26 18:33:36 | DEBUG    | energy_stress.model_evaluation | Loaded outputs_v2/forecasts_rolling/2024/carbon_growth_pct_forecasts_prophet_core.csv (12 rows)
2026-09-26 18:33:36 | WARNING  | energy_stress.model_evaluation | Forecast file not found: outputs_v2/forecasts_rolling/2024/carbon_growth_pct_forecasts_prophet_macro.csv
2026-09-26 18:33:36 | DEBUG    | energy_stress.model_evaluation | Loaded outputs_v2/forecasts_rolling/2024/carbon_growth_pct_forecasts_lstm_core.csv (12 rows)
2026-09-26 18:33:36 | WARNING  | energy_stress.model_evaluation | Forecast file not found: outputs_v2/forecasts_rolling/2024/carbon_growth_pct_forecasts_lstm_macro.csv
2026-09-26 18:33:36 | DEBUG    | energy_stress.model_evaluation | Loaded outputs_v2/forecasts_rolling/2024/carbon_growth_pct_forecasts_tft_core.csv (12 rows)
2026-09-26 18:33:36 | WARNING  | energy_stress.model_evaluation | Forecast file not found: outputs_v2/forecasts_rolling/2024/carbon_growth_pct_forecasts_tft_macro.csv
2026-09-26 18:33:36 | INFO     | energy_stress.model_evaluation | Combined forecasts (48 rows) → outputs_v2/forecasts_rolling/2024/carbon_growth_pct_forecasts_all.csv
2026-09-26 18:33:36 | INFO     | energy_stress.model_evaluation |   core combined → outputs_v2/forecasts_rolling/2024/carbon_growth_pct_forecasts_core.csv
2026-09-26 18:33:36 | INFO     | energy_stress.model_evaluation | Evaluating 12 model results across all series and modes
2026-09-26 18:33:36 | INFO     | energy_stress.model_evaluation | Best model [carbon][core]: LSTM (selection_score=1.500)
2026-09-26 18:33:36 | INFO     | energy_stress.model_evaluation | Best model [electricity][core]: LSTM (selection_score=1.450)
2026-09-26 18:33:36 | INFO     | energy_stress.model_evaluation | Best model [gas][core]: LSTM (selection_score=1.325)
2026-09-26 18:33:36 | INFO     | energy_stress.model_evaluation | Metrics table saved → outputs_v2/tables/rolling/2024/model_metrics_comparison.csv
2026-09-26 18:33:36 | INFO     | energy_stress.fes | Best models selected:
2026-09-26 18:33:36 | INFO     | energy_stress.fes |   [carbon][core] → LSTM
2026-09-26 18:33:36 | INFO     | energy_stress.fes |   [electricity][core] → LSTM
2026-09-26 18:33:36 | INFO     | energy_stress.fes |   [gas][core] → LSTM
2026-09-26 18:33:36 | INFO     | energy_stress.fes | Per-series mode selected for FES_selected (metric per series/mode: {('gas', 'core'): 'RMSE', ('electricity', 'core'): 'RMSE', ('carbon', 'core'): 'RMSE'}): {'gas': 'core', 'electricity': 'core', 'carbon': 'core'}
2026-09-26 18:33:36 | INFO     | energy_stress.fes | FES_Weighted series weights (inverse validation-RMSE, normalized to mean 1.0): {'gas': 1.2299521594233578, 'electricity': 1.1345801744317472, 'carbon': 0.635467666144895}
2026-09-26 18:33:36 | INFO     | energy_stress.fes | [gas] train μ=9.8469, σ=30.5843 | unc_ref μ=10.8311, σ=13.4077
2026-09-26 18:33:36 | INFO     | energy_stress.fes | [electricity] train μ=8.1601, σ=15.8659 | unc_ref μ=6.2370, σ=6.3254
2026-09-26 18:33:36 | INFO     | energy_stress.fes | [carbon] train μ=5.7961, σ=154.2487 | unc_ref μ=60.7339, σ=97.7137
2026-09-26 18:33:36 | INFO     | energy_stress.fes | [actual real-vol] train μ=0.4649, σ=0.4370
2026-09-26 18:33:36 | WARNING  | energy_stress.fes | No best model found for (gas, macro)
2026-09-26 18:33:36 | WARNING  | energy_stress.fes | No best model found for (electricity, macro)
2026-09-26 18:33:36 | WARNING  | energy_stress.fes | No best model found for (carbon, macro)
2026-09-26 18:33:36 | INFO     | energy_stress.fes | Monthly FES saved → outputs_v2/fes/rolling/2024/fes_monthly_2025.csv
2026-09-26 18:33:36 | INFO     | energy_stress.fes | [gas] train μ=11.7698, σ=30.2056 | unc_ref μ=10.1990, σ=12.9773
2026-09-26 18:33:36 | INFO     | energy_stress.fes | [electricity] train μ=9.4676, σ=15.2322 | unc_ref μ=5.9154, σ=6.1036
2026-09-26 18:33:36 | INFO     | energy_stress.fes | [carbon] train μ=7.4441, σ=158.3806 | unc_ref μ=63.1782, σ=99.9694
2026-09-26 18:33:36 | INFO     | energy_stress.fes | [actual real-vol] train μ=0.4702, σ=0.4354
2026-09-26 18:33:36 | INFO     | energy_stress.fes | FES_actual, prior year 2024 (baseline for FES_selected's 2025 forecast): mean=-2.69529 -> outputs_v2/fes/rolling/2024/fes_prior_actual_2024.csv
2026-09-26 18:33:36 | INFO     | energy_stress.fes | FES comparison metrics saved → outputs_v2/fes/rolling/2024/fes_comparison_metrics.csv  (9 rows)
2026-09-26 18:33:36 | INFO     | energy_stress.fes | Best RMSE per variant:
FES_variant
Equal_Core        0.24288
Equal_Selected    0.24288
Equal_Weighted    0.36226
2026-09-26 18:33:36 | INFO     | energy_stress.forecast_pipeline | Rolling FES table saved → outputs_v2/fes/fes_rolling_yearly.csv (16 years)
2026-09-26 18:33:36 | INFO     | energy_stress.forecast_pipeline | Rolling monthly FES table saved → outputs_v2/fes/fes_rolling_monthly.csv (192 year x month rows)
2026-09-26 18:33:36 | INFO     | energy_stress.forecast_pipeline | FES variant selection (mean RMSE across 16 years x benchmarks): [{'FES_variant': 'Equal_Core', 'mean_rmse': 2.2676552083333332}, {'FES_variant': 'Equal_Selected', 'mean_rmse': 2.267655625}, {'FES_variant': 'Equal_Weighted', 'mean_rmse': 2.3708741666666664}] -- winner = Equal_Core (fes_core), saved -> outputs_v2/fes/fes_variant_selection.csv
2026-09-26 18:33:36 | INFO     | energy_stress.forecast_pipeline | Selected FES variant (Equal_Core) RMSE/Pearson r by year saved -> outputs_v2/fes/fes_metrics_selected_variant_by_year.csv (16 years)
2026-09-26 18:33:37 | INFO     | energy_stress.forecast_pipeline | Rolling FES trend figure saved → outputs_v2/figures/fes_rolling_trend.png
2026-09-26 18:33:37 | INFO     | energy_stress.forecast_pipeline | Forecast performance-by-year figure saved → outputs_v2/figures/rolling_forecast_performance_gas.png
2026-09-26 18:33:37 | INFO     | energy_stress.forecast_pipeline | Forecast performance-by-year figure saved → outputs_v2/figures/rolling_forecast_performance_electricity.png
2026-09-26 18:33:37 | INFO     | energy_stress.forecast_pipeline | Forecast performance-by-year figure saved → outputs_v2/figures/rolling_forecast_performance_carbon.png
2026-09-26 18:33:38 | INFO     | energy_stress.plotting | Figure saved → outputs_v2/figures/model_selection_polar_core.png
2026-09-26 18:33:38 | INFO     | energy_stress.forecast_pipeline | Rolling performance polar chart saved → outputs_v2/figures/model_selection_polar_core.png (3 series)
