series,origin,fallback,ratio_forecast,ratio_naive,ratio_realised,h1_forecast,h2_forecast,h3_forecast,h4_forecast,h5_forecast,h6_forecast,h7_forecast,h8_forecast,h9_forecast,h10_forecast,h11_forecast,h12_forecast,h13_forecast,h1_realised,h2_realised,h3_realised,h4_realised,h5_realised,h6_realised,h7_realised,h8_realised,h9_realised,h10_realised,h11_realised,h12_realised,h13_realised,sigma_ratio
electricity,2008-01-01,True,-0.023065041146864973,-0.022632879627361203,0.14498491127078572,-0.00398215971182303,-0.00910981087103746,0.0,0.0,0.0,0.0,0.0,0.0,0.0,0.0,0.0,0.0,0.0,0.0,0.004618945856295298,0.10536051565782678,0.10536051565782678,0.1259798028605621,0.1259798028605621,0.1259798028605621,0.1259798028605621,0.16729147338831662,0.26544593100489955,0.27252143222110004,0.27252143222110004,0.27252143222110004,0.06634088856297458
electricity,2008-02-01,True,-0.018620286186921315,-0.018349138668196766,0.17019480902927353,-0.00043476831669053695,-0.0014026246614324833,-0.002280942023214827,0.0,0.0,0.0,0.0,0.0,0.0,0.0,0.0,0.0,0.0,0.004618945856295298,0.10536051565782678,0.10536051565782678,0.1259798028605621,0.1259798028605621,0.1259798028605621,0.1259798028605621,0.16729147338831662,0.26544593100489955,0.27252143222110004,0.27252143222110004,0.27252143222110004,0.2701684899590733,0.06641115245970534
electricity,2008-03-01,True,-0.007542027639559391,-0.009935121843349808,0.1793015469486146,0.0037195803907144054,0.007078290137157772,0.010657379950450796,0.014526235157822143,0.0,0.0,0.0,0.0,0.0,0.0,0.0,0.0,0.0,0.10074156980153148,0.10074156980153148,0.1213608570042668,0.1213608570042668,0.1213608570042668,0.1213608570042668,0.16267252753202133,0.26082698514860425,0.26790248636480474,0.26790248636480474,0.26790248636480474,0.265549544102778,0.265549544102778,0.06647773672955903
electricity,2008-04-01,True,0.08497428965997213,0.07758623653004695,0.18783063990249899,0.00923413375155313,0.01458477566148364,0.020529049564945723,0.027095988222112233,0.03554599856021223,0.0,0.0,0.0,0.0,0.0,0.0,0.0,0.0,0.0,0.020619287202735315,0.020619287202735315,0.020619287202735315,0.020619287202735315,0.061930957730489844,0.16008541534707277,0.16716091656327325,0.16716091656327325,0.16716091656327325,0.1648079743012465,0.1648079743012465,0.16008541534707277,0.06634283010365209
electricity,2008-05-01,True,0.0932543193563829,0.0723467035853829,0.18764763614600802,0.013380798613254363,0.027532698483093476,0.03887082985530643,0.05124774983698721,0.06501619506198253,0.07789443875619018,0.0,0.0,0.0,0.0,0.0,0.0,0.0,0.020619287202735315,0.020619287202735315,0.020619287202735315,0.020619287202735315,0.061930957730489844,0.16008541534707277,0.16716091656327325,0.16716091656327325,0.16716091656327325,0.1648079743012465,0.1648079743012465,0.16008541534707277,0.10785739585641352,0.06620873544275849
electricity,2008-06-01,True,0.12203937390864934,0.0830612422396612,0.1847415247516749,0.018139425338906,0.03577546794894193,0.054943485662970026,0.07167958616352887,0.08980081039175225,0.10603021413359226,0.11745137307806441,0.0,0.0,0.0,0.0,0.0,0.0,0.0,0.0,0.0,0.04131167052775453,0.13946612814433745,0.14654162936053794,0.14654162936053794,0.14654162936053794,0.14418868709851118,0.14418868709851118,0.13946612814433745,0.0872381086536782,0.06581321856957256,0.06613757043333096
electricity,2008-07-01,True,0.1489039077691699,0.07398587948523493,0.180773947134247,0.02463171512660267,0.05069752684048279,0.07815475179915676,0.10782482772571012,0.1357886554550758,0.16041984956213629,0.17592671116629344,0.18527537297573726,0.0,0.0,0.0,0.0,0.0,0.0,0.0,0.04131167052775453,0.13946612814433745,0.14654162936053794,0.14654162936053794,0.14654162936053794,0.14418868709851118,0.14418868709851118,0.13946612814433745,0.0872381086536782,0.06581321856957256,0.06581321856957256,0.0661070425151846
electricity,2008-08-01,True,0.15848787387042323,0.06402466981065405,0.1758945656539974,0.024979436858467707,0.05338483479132705,0.08343601942118539,0.11347436771077302,0.14389054460521233,0.16724301221711713,0.18156855017758922,0.1899188137925245,0.19177748933880867,0.0,0.0,0.0,0.0,0.0,0.04131167052775453,0.13946612814433745,0.14654162936053794,0.14654162936053794,0.14654162936053794,0.14418868709851118,0.14418868709851118,0.13946612814433745,0.0872381086536782,0.06581321856957256,0.06581321856957256,0.06581321856957256,0.06613287050318249
electricity,2008-09-01,True,0.18178028770196747,0.05368306730168063,0.16377558891493196,0.02626517660406158,0.05668854312945992,0.09403323956538046,0.13157088843531906,0.16792010916072542,0.1976600516063085,0.2129364612578355,0.22119657948084548,0.22174048896702292,0.21497194226053384,0.0,0.0,0.0,0.04131167052775453,0.13946612814433745,0.14654162936053794,0.14654162936053794,0.14654162936053794,0.14418868709851118,0.14418868709851118,0.13946612814433745,0.0872381086536782,0.06581321856957256,0.06581321856957256,0.06581321856957256,0.06581321856957256,0.06621796175370244
electricity,2008-10-01,True,0.22544251662384251,0.07744418655270714,0.13459360489036418,0.03083015256733379,0.05977081968339171,0.09499537948433634,0.1352496911416221,0.17375373795493054,0.20364241423840657,0.22055768686103416,0.22681669632214163,0.22579344875122764,0.21891071533441053,0.2088490912758223,0.0,0.0,0.09815445761658292,0.10522995883278341,0.10522995883278341,0.10522995883278341,0.10287701657075665,0.10287701657075665,0.09815445761658292,0.045926438125923674,0.024501548041818033,0.024501548041818033,0.024501548041818033,0.024501548041818033,0.024501548041818033,0.0666248599971437
electricity,2008-11-01,True,0.2848132886141566,0.14366996322805684,0.10417651770535322,0.038347334126258126,0.06793506963498164,0.09512574303969945,0.12496868634315383,0.15470724980738737,0.17747770970050603,0.1879938247973465,0.19365995969739114,0.18940276303350423,0.18269119360396946,0.17606230771167564,0.16917974508000277,0.0,0.007075501216200486,0.007075501216200486,0.007075501216200486,0.004722558954173728,0.004722558954173728,0.0,-0.05222801949065925,-0.07365290957476489,-0.07365290957476489,-0.07365290957476489,-0.07365290957476489,-0.07365290957476489,-0.07748188681186274,0.06812160557263551
electricity,2008-12-01,False,0.25365097432071465,0.1272282062279024,0.07424300370762446,0.032580145454105924,0.06643571647831603,0.09155563546185697,0.11273561638923102,0.13162059826617867,0.14843765093421268,0.1547251848433957,0.1557812011264188,0.1516098413101563,0.1436772733537417,0.13733158480832586,0.13199319892153927,0.12467812233285436,0.0,0.0,-0.002352942262026758,-0.002352942262026758,-0.007075501216200486,-0.059303520706859736,-0.08072841079096538,-0.08072841079096538,-0.08072841079096538,-0.08072841079096538,-0.08072841079096538,-0.08455738802806323,-0.08455738802806323,0.06968129984221569
electricity,2009-01-01,False,0.20378702050580078,0.10490364132295302,0.044768519736567466,0.027194302983752472,0.05469262603693181,0.0815214367300241,0.09854873904487071,0.10994242608483784,0.11802801386444717,0.12252787628555861,0.12135414221613239,0.11498142111434628,0.10823687950851912,0.10085611527539307,0.09466592270275331,0.08974078578626621,0.0,-0.002352942262026758,-0.002352942262026758,-0.007075501216200486,-0.059303520706859736,-0.08072841079096538,-0.08072841079096538,-0.08072841079096538,-0.08072841079096538,-0.08072841079096538,-0.08455738802806323,-0.08455738802806323,-0.08455738802806323,0.07118043006237683
electricity,2009-02-01,False,0.16999683189699116,0.08338586651380872,0.01647170595568765,0.022626754645370006,0.04506594712325285,0.06659187625610574,0.08637499387504022,0.09718938867009985,0.10371575219703821,0.10631152353279649,0.1077639418770433,0.10275956885699333,0.09663229706608956,0.0901202881566796,0.08237376163955457,0.07739388735132113,-0.002352942262026758,-0.002352942262026758,-0.007075501216200486,-0.059303520706859736,-0.08072841079096538,-0.08072841079096538,-0.08072841079096538,-0.08072841079096538,-0.08072841079096538,-0.08455738802806323,-0.08455738802806323,-0.08455738802806323,-0.08455738802806323,0.07262323939463275
electricity,2009-03-01,False,0.10797894777772482,0.06760564634488397,-0.004209646292399816,0.013839034599124389,0.02694409497984651,0.03844513529661775,0.046440868844666916,0.05142569359967286,0.05024192174205133,0.04811865030106155,0.04575628059767389,0.04241512724407759,0.04119555191700108,0.03944320802206658,0.03479921925125229,0.03385942890186122,0.0,-0.004722558954173728,-0.05695057844483298,-0.07837546852893862,-0.07837546852893862,-0.07837546852893862,-0.07837546852893862,-0.07837546852893862,-0.08220444576603647,-0.08220444576603647,-0.08220444576603647,-0.08220444576603647,-0.08220444576603647,0.07392361577221306
electricity,2009-04-01,False,0.08560071045386625,0.05414902019221184,-0.023918060347736025,0.010994698169946027,0.02028943500761482,0.027869725566675108,0.03267957653963638,0.03556607552929947,0.038101556448646434,0.037225781648468015,0.035516637993215916,0.03347979942557622,0.033982218619682314,0.033981290130928876,0.030495603680558148,0.029767908584511282,-0.004722558954173728,-0.05695057844483298,-0.07837546852893862,-0.07837546852893862,-0.07837546852893862,-0.07837546852893862,-0.07837546852893862,-0.08220444576603647,-0.08220444576603647,-0.08220444576603647,-0.08220444576603647,-0.08220444576603647,-0.08220444576603647,0.07420393515729998
electricity,2009-05-01,False,0.060838191724297754,0.03850302203722401,-0.03317765452262476,0.006994175742818243,0.012890690034388363,0.016424383103004203,0.01758775342881247,0.018020069082676393,0.019486324429098367,0.02318294896315365,0.02347625760109473,0.02356407664249449,0.02739359457579038,0.03016135125287267,0.03014636361595535,0.0327654727496105,-0.05222801949065925,-0.07365290957476489,-0.07365290957476489,-0.07365290957476489,-0.07365290957476489,-0.07365290957476489,-0.07748188681186274,-0.07748188681186274,-0.07748188681186274,-0.07748188681186274,-0.07748188681186274,-0.07748188681186274,-0.08004270767353638,0.07444558227406985
electricity,2009-06-01,False,0.003497347835924285,-0.016181749635977946,-0.038843889444972975,0.0019621946122079237,0.005864916476682858,0.008128612973770544,0.008311403198944411,0.0073898412977913,0.009143393753261009,0.014937266552985662,0.02157005375287291,0.02426567846872274,0.02916451215987159,0.03480044646975955,0.03478068175846527,0.038884843981517925,-0.02142489008410564,-0.02142489008410564,-0.02142489008410564,-0.02142489008410564,-0.02142489008410564,-0.025253867321203494,-0.025253867321203494,-0.025253867321203494,-0.025253867321203494,-0.025253867321203494,-0.025253867321203494,-0.027814688182877134,-0.027814688182877134,0.0743507561813735
electricity,2009-07-01,False,0.015444474183332139,-0.04097484907943994,-0.04448418431285692,0.006113393461327554,0.012102570888025355,0.01936099930221946,0.026308076507727485,0.03283761081404446,0.040436564877734504,0.04990213408504385,0.0604936059781398,0.07146142777351461,0.08057746699404245,0.08851843901811929,0.0946385395785061,0.10107289655484308,0.0,0.0,0.0,0.0,-0.0038289772370978525,-0.0038289772370978525,-0.0038289772370978525,-0.0038289772370978525,-0.0038289772370978525,-0.0038289772370978525,-0.006389798098771493,-0.006389798098771493,-0.006389798098771493,0.07421468676090665
electricity,2009-08-01,False,0.0071692443290759,-0.04605667727377137,-0.050098805955776836,0.003139472868717519,0.006757065750851332,0.011042914255993352,0.01747135132158828,0.024732751228474292,0.03288999844470197,0.04332519349938391,0.054815926126184245,0.06714735088286794,0.07976752156599698,0.09031547835382625,0.09879541303845141,0.10770839506280527,0.0,0.0,0.0,-0.0038289772370978525,-0.0038289772370978525,-0.0038289772370978525,-0.0038289772370978525,-0.0038289772370978525,-0.0038289772370978525,-0.006389798098771493,-0.006389798098771493,-0.006389798098771493,-0.006389798098771493,0.07407934784822372
electricity,2009-09-01,False,0.00814533240797916,-0.047981020805775015,-0.052556226956558774,0.0011393023256118795,0.003587765623161765,0.00762675822821457,0.013194067232205064,0.021887932813130284,0.03203294980344484,0.04441977487422655,0.05750311524407792,0.07165705352770146,0.08612604323983852,0.09897490968225231,0.10908195888856387,0.1191866657132099,0.0,0.0,-0.0038289772370978525,-0.0038289772370978525,-0.0038289772370978525,-0.0038289772370978525,-0.0038289772370978525,-0.0038289772370978525,-0.006389798098771493,-0.006389798098771493,-0.006389798098771493,-0.006389798098771493,-0.006389798098771493,0.07394473309247375
electricity,2009-10-01,False,0.03674607135494743,-0.04189148610446063,-0.047000054047183416,0.003222858227847958,0.008595211000512748,0.016588265418030268,0.027291576563388986,0.04018527521076276,0.054884360757461614,0.07035445744121738,0.08549848716551445,0.1003437283216222,0.11449336858618686,0.12750612461697308,0.1387869852974939,0.14908431188684457,0.0,-0.0038289772370978525,-0.0038289772370978525,-0.0038289772370978525,-0.0038289772370978525,-0.0038289772370978525,-0.0038289772370978525,-0.006389798098771493,-0.006389798098771493,-0.006389798098771493,-0.006389798098771493,-0.006389798098771493,-0.006389798098771493,0.0738029358294564
electricity,2009-11-01,False,0.04915221379182324,-0.03514988753754119,-0.04037783099244463,0.003192285465898337,0.008987108982841718,0.017524210382049432,0.029120764052509962,0.04366250065962696,0.05916255161332362,0.07586031962209994,0.0918759700192533,0.10804120005130802,0.1227940367524436,0.1363581566439649,0.14841752226876537,0.15797827890669058,-0.0038289772370978525,-0.0038289772370978525,-0.0038289772370978525,-0.0038289772370978525,-0.0038289772370978525,-0.0038289772370978525,-0.006389798098771493,-0.006389798098771493,-0.006389798098771493,-0.006389798098771493,-0.006389798098771493,-0.006389798098771493,-0.008957193604016922,0.07401516818723264
electricity,2009-12-01,False,0.03726395399640055,-0.03157218550778509,-0.033705747230295055,-0.0027824038439776544,-0.002452520861680796,0.0013188645872661553,0.008495421043252627,0.019828976758299532,0.034154298958147145,0.050803882537937994,0.06928717717401067,0.0890300536082913,0.10920360800587936,0.1274413716609084,0.14294878585801918,0.15539433344259468,0.0,0.0,0.0,0.0,0.0,-0.0025608208616736405,-0.0025608208616736405,-0.0025608208616736405,-0.0025608208616736405,-0.0025608208616736405,-0.0025608208616736405,-0.0051282163669190695,-0.0051282163669190695,0.07429285517112788
electricity,2010-01-01,False,0.052063895567453625,-0.02442226644167752,-0.025915281542521037,-0.003248787930461461,-0.003812817783846789,0.00015061201316513007,0.008781910167650508,0.02167367578955215,0.038072648304171786,0.05765801119880365,0.07727504478389591,0.09907501785571249,0.12075968464289222,0.14148332365287253,0.15851120093664672,0.17278165620613173,0.0,0.0,0.0,0.0,-0.0025608208616736405,-0.0025608208616736405,-0.0025608208616736405,-0.0025608208616736405,-0.0025608208616736405,-0.0025608208616736405,-0.0051282163669190695,-0.0051282163669190695,0.0076433493125680485,0.12810698133704485
electricity,2010-02-01,False,0.060939031242785144,-0.017430325616891527,-0.017643477061799515,-0.0036898360580481793,-0.004703286325046463,-0.0022280837287382838,0.006044790932051569,0.019908319159246624,0.0369668598215922,0.057735368776680396,0.0792533945373517,0.10143264265858853,0.12445972694642382,0.14624737026115842,0.16563129652431563,0.18116517259805498,0.0,0.0,0.0,-0.0025608208616736405,-0.0025608208616736405,-0.0025608208616736405,-0.0025608208616736405,-0.0025608208616736405,-0.0025608208616736405,-0.0051282163669190695,-0.0051282163669190695,0.0076433493125680485,0.015228720701824905,0.1307445152826317
electricity,2010-03-01,False,0.05478467809835923,-0.010389153128752512,-0.008047480957070655,-0.005410407848810195,-0.008628038717099606,-0.008863501380623973,-0.0050610587582538,0.005494960899335766,0.021063078267344437,0.040676015933298615,0.06211328106217362,0.08528075387664025,0.10805615928059176,0.13134436918621617,0.1516322992878374,0.16997787679963672,0.0,0.0,-0.0025608208616736405,-0.0025608208616736405,-0.0025608208616736405,-0.0025608208616736405,-0.0025608208616736405,-0.0025608208616736405,-0.0051282163669190695,-0.0051282163669190695,0.0076433493125680485,0.015228720701824905,0.030229001961317614,0.13250165279014103
electricity,2010-04-01,False,0.0558928424687396,-0.003722814489505997,0.0018032357047481394,-0.005294859994880774,-0.008952980039865999,-0.010008973837968504,-0.007346930631888959,0.00017882250652956344,0.014107068308994108,0.03376190046225158,0.054867684232243086,0.07823296523482703,0.10189376127376626,0.1237853482963347,0.144382818087486,0.16287131043333414,0.0,-0.0025608208616736405,-0.0025608208616736405,-0.0025608208616736405,-0.0025608208616736405,-0.0025608208616736405,-0.0025608208616736405,-0.0051282163669190695,-0.0051282163669190695,0.0076433493125680485,0.015228720701824905,0.030229001961317614,0.03764559961636671,0.13124529516115954
electricity,2010-05-01,False,0.07118977105531923,-0.00159718928699036,0.007527202250809196,-0.0013101256382066495,-0.0010256345970587333,0.0013621669144621151,0.007146875063261504,0.017165744277540362,0.030848193850405714,0.0502416126070413,0.07172984092579782,0.09396634084620015,0.116174680346675,0.13693463008127704,0.1547014713423609,0.1712520546100631,-0.0025608208616736405,-0.0025608208616736405,-0.0025608208616736405,-0.0025608208616736405,-0.0025608208616736405,-0.0025608208616736405,-0.0051282163669190695,-0.0051282163669190695,0.0076433493125680485,0.015228720701824905,0.030229001961317614,0.03764559961636671,0.03764559961636671,0.12999381564304133
electricity,2010-06-01,False,0.07687998478709328,-0.0034129725962399574,0.011433535520754334,0.0007090795471791367,0.0034733110784745946,0.008136055808370735,0.015395787947566575,0.026610442700478742,0.041067977667107236,0.058545533082348555,0.0792884911185654,0.1021034656918598,0.12380918419912756,0.14436143316901084,0.16252494801123962,0.17737478100801507,0.0,0.0,0.0,0.0,0.0,-0.002567395505245429,-0.002567395505245429,0.010204170174241689,0.017789541563498545,0.032789822822991255,0.04020642047804035,0.04020642047804035,0.04020642047804035,0.12815736031111433
electricity,2010-07-01,False,0.1029684349364277,-0.0028804628653542525,0.015328805881640779,0.00789454073528173,0.017755273275430916,0.030058973430896252,0.044175036829870784,0.06027993918192287,0.07778655376342947,0.09527469306154668,0.11216456404457897,0.13118568406625464,0.1495739086239336,0.16569139765663632,0.18114447206679607,0.193127996580583,0.0,0.0,0.0,0.0,-0.002567395505245429,-0.002567395505245429,0.010204170174241689,0.017789541563498545,0.032789822822991255,0.04020642047804035,0.04020642047804035,0.04020642047804035,0.04020642047804035,0.12494577343947487
electricity,2010-08-01,False,0.09519398254849638,-0.0023476694167656564,0.019213089689811606,0.008986867733486115,0.019814280580686905,0.032277241273064305,0.0463337614179089,0.06118959705363203,0.07604577721359274,0.09052148161754214,0.10445771092245959,0.11827322089577752,0.13318170402506802,0.14815395355199534,0.16192817083134248,0.17289003958200944,0.0,0.0,0.0,-0.002567395505245429,-0.002567395505245429,0.010204170174241689,0.017789541563498545,0.032789822822991255,0.04020642047804035,0.04020642047804035,0.04020642047804035,0.04020642047804035,0.04020642047804035,0.12238796757080746
electricity,2010-09-01,False,0.09062053194320341,-0.0018145919479874146,0.02391979592151839,0.010635645035047325,0.022492287455124327,0.036099012649208895,0.05033210798456178,0.06506065386166782,0.07861522639754881,0.09020489507747165,0.10107299843490392,0.11164231138233394,0.12142076295427273,0.13283759867579725,0.14533407762856854,0.15461945529139065,0.0,0.0,-0.002567395505245429,-0.002567395505245429,0.010204170174241689,0.017789541563498545,0.032789822822991255,0.04020642047804035,0.04020642047804035,0.04020642047804035,0.04020642047804035,0.04020642047804035,0.05001042057466165,0.11997439458058869
electricity,2010-10-01,False,0.09323054769604287,-0.0012812301560484619,0.03491469597542418,0.013791234730064161,0.028328718577789402,0.0440019424358713,0.06055011428818169,0.07619821970195861,0.09005380275709207,0.10007795565709277,0.10771723212460316,0.11433490528985146,0.11983775745770053,0.12522665596336768,0.13367473746231529,0.14089413821629648,0.0,-0.002567395505245429,-0.002567395505245429,0.010204170174241689,0.017789541563498545,0.032789822822991255,0.04020642047804035,0.04020642047804035,0.04020642047804035,0.04020642047804035,0.04020642047804035,0.05001042057466165,0.12176370625254229,0.11782993928072018
electricity,2010-11-01,False,0.08245253642331939,-0.0010678057608301005,0.047223323880220686,0.013543527096866015,0.027500922461129562,0.041957024800957754,0.056584269590391756,0.07096683327773778,0.08280842283660128,0.09119267351265758,0.09688157287887567,0.10093669065734101,0.10426615885838952,0.107767320048608,0.11252916481135777,0.11783851811065205,-0.002567395505245429,-0.002567395505245429,0.010204170174241689,0.017789541563498545,0.032789822822991255,0.04020642047804035,0.04020642047804035,0.04020642047804035,0.04020642047804035,0.04020642047804035,0.05001042057466165,0.12176370625254229,0.136411855489877,0.11649721025312379
electricity,2010-12-01,False,0.08263667489100865,-0.002994654644409065,0.05989565804381644,0.015243693813830284,0.03064850353424564,0.046644398817560884,0.06229025715723058,0.07702024627338577,0.08987613063518207,0.09764051590059797,0.1024227371284816,0.10459240302685213,0.1050679428598773,0.10570918004720475,0.10792942637412573,0.10918000135160799,0.0,0.012771565679487118,0.020356937068743974,0.035357218328236684,0.04277381598328578,0.04277381598328578,0.04277381598328578,0.04277381598328578,0.04277381598328578,0.05257781607990708,0.12433110175778772,0.13897925099512243,0.1445565102932287,0.11545577524256237
electricity,2011-01-01,False,0.07954794655043786,-0.0025673955052454758,0.07035800117295209,0.015380119013712168,0.030763368426500293,0.046329666653345036,0.06178624169971059,0.0758096226347833,0.08758072673316697,0.09552391354062184,0.09948272578650741,0.1009428219605466,0.10031446563787494,0.0993084051786921,0.0999536467631561,0.09982533657868231,0.012771565679487118,0.020356937068743974,0.035357218328236684,0.04277381598328578,0.04277381598328578,0.04277381598328578,0.04277381598328578,0.04277381598328578,0.05257781607990708,0.12433110175778772,0.13897925099512243,0.1445565102932287,0.1445565102932287,0.11394946382424886
electricity,2011-02-01,False,0.07539652956237582,0.008496227829085379,0.0794686124727871,0.013742436543809688,0.026723159960641674,0.03950551075525688,0.051623551928446254,0.06272516748758594,0.07163092056638298,0.07732690451417135,0.08088528747772372,0.08175407810246771,0.08137229012166891,0.08053725571222259,0.08054035516727165,0.08018587176564651,0.007585371389256856,0.022585652648749566,0.03000225030379866,0.03000225030379866,0.03000225030379866,0.03000225030379866,0.03000225030379866,0.03980625040041996,0.1115595360783006,0.1262076853156353,0.13178494461374157,0.13178494461374157,0.13178494461374157,0.11273123425258147
electricity,2011-03-01,False,0.08008228089770501,0.01416364444819562,0.08495383608850574,0.01350713724942576,0.02629278072031127,0.03861055725709228,0.050427617260571544,0.06103104474693222,0.0700696945579189,0.07572210116381228,0.07917243268569862,0.0809145195790375,0.08067157250598544,0.0801421338685282,0.08018510574913051,0.07963538545777471,0.01500028125949271,0.022416878914541805,0.022416878914541805,0.022416878914541805,0.022416878914541805,0.022416878914541805,0.032220879011163106,0.10397416468904375,0.11862231392637845,0.12419957322448472,0.12419957322448472,0.12419957322448472,0.11188828174503396,0.11161118809616921
electricity,2011-04-01,False,0.10116917112097537,0.02533901666712586,0.08819408836060405,0.01551817001848832,0.03022910792686684,0.04459579049454643,0.05829544075333981,0.07084986310589869,0.08117476159395931,0.08800913891079265,0.09174499427682203,0.0931678288976796,0.09305577838622536,0.09161215976019399,0.09118042507261848,0.08956025598539075,0.007416597655049095,0.007416597655049095,0.007416597655049095,0.007416597655049095,0.007416597655049095,0.017220597751670397,0.08897388342955104,0.10362203266688574,0.109199291964992,0.109199291964992,0.109199291964992,0.09688800048554125,0.08556285112848805,0.11019030175543731
electricity,2011-05-01,False,0.09714810742775516,0.02873401931580327,0.09119217602468042,0.014953272285555208,0.029171592749617226,0.042463166708450295,0.05471033084600396,0.06548628193082617,0.07432522378501094,0.07956441528834546,0.08265385222020516,0.08324406780968019,0.08240230418878092,0.08138208701462801,0.08047378854139353,0.07880297365380518,0.0,0.0,0.0,0.0,0.009804000096621301,0.08155728577450194,0.09620543501183665,0.10178269430994291,0.10178269430994291,0.10178269430994291,0.08947140283049215,0.07814625347343895,0.07814625347343895,0.10868648486515997
electricity,2011-06-01,False,0.08974764180239579,0.02535991236104559,0.0940653862314197,0.014401096426669646,0.028110430835427636,0.04117973706834199,0.05272872476451251,0.06253804605883762,0.07038993108261504,0.07509364028722665,0.07735223217279241,0.07789469221866696,0.07680853429635448,0.07546143460719712,0.0751087679121536,0.07338874494348602,0.0,0.0,0.0,0.009804000096621301,0.08155728577450194,0.09620543501183665,0.10178269430994291,0.10178269430994291,0.10178269430994291,0.08947140283049215,0.07814625347343895,0.07814625347343895,0.07700665221050507,0.1074484605323583
electricity,2011-07-01,False,0.09553350835335277,0.021997151731045248,0.0969111559791719,0.016030187305305255,0.03144650101669377,0.04653095406563512,0.06067949304285403,0.07237600453527016,0.08142407055838685,0.08665115611747076,0.08918486703592698,0.08903086849149933,0.08751815125296059,0.08523182054759282,0.08422892317114616,0.08270667755826899,0.0,0.0,0.009804000096621301,0.08155728577450194,0.09620543501183665,0.10178269430994291,0.10178269430994291,0.10178269430994291,0.08947140283049215,0.07814625347343895,0.07814625347343895,0.07700665221050507,0.07700665221050507,0.10631607218948766
electricity,2011-08-01,False,0.08739750914931209,0.018645661371462677,0.09972988786281577,0.016036707997899136,0.03137379464331769,0.04590212619990641,0.05931154518174875,0.07074634507964728,0.07877604298920993,0.08258593400369385,0.08388724648399393,0.08280781753456168,0.07992530779736384,0.07708972106836853,0.07506721028599017,0.07253830797976235,0.0,0.009804000096621301,0.08155728577450194,0.09620543501183665,0.10178269430994291,0.10178269430994291,0.10178269430994291,0.08947140283049215,0.07814625347343895,0.07814625347343895,0.07700665221050507,0.07700665221050507,0.07700665221050507,0.1057650958881126
electricity,2011-09-01,False,0.0875005064575688,0.015305365990092997,0.10093591437507128,0.016890069539678976,0.033122699960258295,0.048808532095019785,0.06297784959360442,0.07509842558819813,0.08443737471351564,0.08828840354053824,0.08889708661799567,0.08704291211938209,0.08344602300349013,0.07927562737686156,0.07692928306922564,0.07368483424668515,0.009804000096621301,0.08155728577450194,0.09620543501183665,0.10178269430994291,0.10178269430994291,0.10178269430994291,0.08947140283049215,0.07814625347343895,0.07814625347343895,0.07700665221050507,0.07700665221050507,0.07700665221050507,0.07700665221050507,0.10496234694440344
electricity,2011-10-01,False,0.08918326655918368,0.020119750745237794,0.0900977991928193,0.016017059755503382,0.03120043912168846,0.045874978374293995,0.059504204465511634,0.07084818235660961,0.07970950155063417,0.08445159336695429,0.08536848709218425,0.08355018350981513,0.08028494914639062,0.07672029232517374,0.07431685074270167,0.07185963292749253,0.07175328567788064,0.08640143491521535,0.09197869421332161,0.09197869421332161,0.09197869421332161,0.07966740273387085,0.06834225337681765,0.06834225337681765,0.06720265211388377,0.06720265211388377,0.06720265211388377,0.06720265211388377,0.06720265211388377,0.10400990701943336
electricity,2011-11-01,False,0.1350116228780702,0.07501061754818719,0.0762367068694806,0.014925302189717549,0.027367780034428968,0.0390411296920421,0.04984213386818759,0.05921925766394409,0.06652124972611251,0.07091561091915644,0.07314513094480546,0.07283603526764271,0.07128314625125043,0.06945799438459144,0.0683583538114112,0.06701722979780911,0.014648149237334707,0.02022540853544097,0.02022540853544097,0.02022540853544097,0.00791411705599021,-0.0034110323010629884,-0.0034110323010629884,-0.004550633563996875,-0.004550633563996875,-0.004550633563996875,-0.004550633563996875,-0.004550633563996875,-0.009122070096577062,0.1029558362746191
electricity,2011-12-01,False,0.122145783302722,0.07659198173015151,0.06304751877583642,0.012157926829632792,0.023155197540667416,0.031645774278310945,0.038896525907611945,0.0448494306398457,0.0496210655099647,0.0523127326798285,0.053864262435843635,0.054362996523487084,0.053837548507196686,0.052963567796623146,0.05224465851034843,0.051523145110860646,0.005577259298106263,0.005577259298106263,0.005577259298106263,-0.006734032181344496,-0.018059181538397695,-0.018059181538397695,-0.019198782801331582,-0.019198782801331582,-0.019198782801331582,-0.019198782801331582,-0.019198782801331582,-0.02377021933391177,-0.005608539659609946,0.10164895347625386
electricity,2012-01-01,False,0.1032491505330546,0.07056330785420115,0.05524449531079497,0.009666911080511653,0.018030948851555983,0.024962544905196005,0.029301573568944583,0.032456231905529265,0.034691816550740384,0.036220088798063266,0.03705302266501587,0.03751803408227694,0.03823892522321426,0.03836311935369974,0.03789791453947977,0.037690269896346607,0.0,0.0,-0.012311291479450759,-0.023636440836503958,-0.023636440836503958,-0.024776042099437845,-0.024776042099437845,-0.024776042099437845,-0.024776042099437845,-0.024776042099437845,-0.02934747863201803,-0.011185798957716209,0.03819340375722202,0.10029885825840983
electricity,2012-02-01,False,0.09288171027314583,0.0601728328984305,0.04814303332794603,0.00873407028768991,0.016349418476409916,0.022769667716713293,0.027919297373840024,0.031036526069804005,0.03341221819033802,0.035117205345851055,0.03666586635477742,0.03760639880418459,0.03889988119777765,0.04026740622891278,0.04061349026382288,0.040835092687391494,0.0,-0.012311291479450759,-0.023636440836503958,-0.023636440836503958,-0.024776042099437845,-0.024776042099437845,-0.024776042099437845,-0.024776042099437845,-0.024776042099437845,-0.02934747863201803,-0.011185798957716209,0.03819340375722202,0.03819340375722202,0.0989457194821241
electricity,2012-03-01,False,0.08728679823630298,0.0510591434762193,0.045436332071000285,0.00867100042085589,0.016342541507869512,0.02301428799479588,0.028650300740752144,0.033424007907752795,0.03649347746423803,0.03886736360059029,0.04076468222439189,0.042383180079037075,0.043882336292897506,0.04545769710119796,0.04670180144210079,0.04737686461201829,-0.012311291479450759,-0.023636440836503958,-0.023636440836503958,-0.024776042099437845,-0.024776042099437845,-0.024776042099437845,-0.024776042099437845,-0.024776042099437845,-0.02934747863201803,-0.011185798957716209,0.03819340375722202,0.03819340375722202,0.04990189302212222,0.09763735693089416
electricity,2012-04-01,False,0.07307416856379902,0.032427025778934505,0.04524456999390279,0.008640021643040896,0.016653167645914735,0.02382003683649092,0.030117535237043747,0.03569209230575954,0.04060953371484288,0.043767460519159584,0.046324385408831326,0.048260575115825155,0.050282239532045914,0.05197362987138732,0.05347640485718319,0.05491234062373174,-0.0113251493570532,-0.0113251493570532,-0.012464750619987086,-0.012464750619987086,-0.012464750619987086,-0.012464750619987086,-0.012464750619987086,-0.017036187152567273,0.0011254925217345502,0.05050469523667278,0.05050469523667278,0.06221318450157298,0.06221318450157298,0.09638062416342294
electricity,2012-05-01,False,0.0555991455256485,0.01568809676456213,0.04505521231005077,0.00789204720555059,0.015210246336203603,0.021991990811494944,0.027984074260321457,0.033340879410517665,0.038196298334479906,0.042512123467632,0.045462214025538294,0.047914519025511915,0.05025409795636637,0.052597632164148145,0.05439017176861505,0.05614759502089228,0.0,-0.001139601262933887,-0.001139601262933887,-0.001139601262933887,-0.001139601262933887,-0.001139601262933887,-0.005711037795514073,0.01245064187878775,0.06182984459372598,0.06182984459372598,0.07353833385862618,0.07353833385862618,0.07353833385862618,0.09519035095845416
electricity,2012-06-01,False,0.044242441219506476,0.009344971219758457,0.04505561852165109,0.0064890468957123915,0.012262213424364177,0.017557458166903572,0.022411923000979606,0.02684224297362192,0.030979736452547257,0.03505821142474996,0.03911639966966618,0.042175863764487787,0.045342697318801584,0.04834433243542424,0.05095307422916129,0.053294499603111056,-0.001139601262933887,-0.001139601262933887,-0.001139601262933887,-0.001139601262933887,-0.001139601262933887,-0.005711037795514073,0.01245064187878775,0.06182984459372598,0.06182984459372598,0.07353833385862618,0.07353833385862618,0.07353833385862618,0.07353833385862618,0.09402692786885185
electricity,2012-07-01,False,0.05034287093135338,0.002092647962378408,0.04505601970476129,0.007759346454450977,0.015251188766459478,0.022599760618206233,0.02989328003395464,0.03699823760692489,0.04352922905008594,0.04927669757993591,0.05456480704890776,0.05953053916740636,0.06334316486434943,0.06681557725582632,0.07001774933310756,0.07296314191284914,0.0,0.0,0.0,0.0,-0.0045714365325801865,0.013590243141721636,0.06296944585665987,0.06296944585665987,0.07467793512156007,0.07467793512156007,0.07467793512156007,0.07467793512156007,0.07467793512156007,0.09290320521657902
electricity,2012-08-01,False,0.04308866559018863,-0.004077574280847708,0.04532777410137088,0.006707515616273696,0.013370379220845052,0.020070483150198548,0.0268409619043668,0.033745494643518725,0.04048568946867004,0.046653363620341004,0.05232571943265363,0.05785934417074934,0.06337733376027721,0.06787626634028676,0.0720260888868296,0.0756799594534634,0.0,0.0,0.0,-0.0045714365325801865,0.013590243141721636,0.06296944585665987,0.06296944585665987,0.07467793512156007,0.07467793512156007,0.07467793512156007,0.07467793512156007,0.07467793512156007,0.07784750988283928,0.09181682099684416
electricity,2012-09-01,False,0.042661932485007464,-0.009457229556031801,0.04634886188706399,0.006769191191191126,0.01375424236679379,0.02115785404664816,0.028817863521858555,0.03665342862986787,0.04438456721143158,0.05153738797914098,0.057938096415599105,0.06391414370951409,0.06979640259405073,0.07565440564436354,0.08059784836670758,0.08485823815008597,0.0,0.0,-0.0045714365325801865,0.013590243141721636,0.06296944585665987,0.06296944585665987,0.07467793512156007,0.07467793512156007,0.07467793512156007,0.07467793512156007,0.07467793512156007,0.07784750988283928,0.07784750988283928,0.09078649005137043
electricity,2012-10-01,False,0.04692650761484219,-0.009080652635746594,0.05308547278676396,0.007122362409836214,0.014619804664156355,0.02266246610899003,0.031215460362749248,0.03981864969459803,0.04816152154455011,0.05579025573848906,0.06259550431441951,0.06877781454848009,0.07452577921353054,0.08030568356533507,0.08632202454671312,0.09086123603176155,0.0,-0.0045714365325801865,0.013590243141721636,0.06296944585665987,0.06296944585665987,0.07467793512156007,0.07467793512156007,0.07467793512156007,0.07467793512156007,0.07467793512156007,0.07784750988283928,0.07784750988283928,0.07784750988283928,0.08979442302939697
electricity,2012-11-01,False,0.047097618542962315,-0.007478616765614832,0.06173953261426562,0.007668621199566239,0.015517580480632454,0.023688793478686243,0.03207721818293763,0.04046703342573821,0.048234916367274394,0.05507270938049569,0.06113357145615961,0.06665039866246758,0.07169015614573304,0.07658635294034966,0.08180041191095899,0.08666061517703572,-0.0045714365325801865,0.013590243141721636,0.06296944585665987,0.06296944585665987,0.07467793512156007,0.07467793512156007,0.07467793512156007,0.07467793512156007,0.07467793512156007,0.07784750988283928,0.07784750988283928,0.07784750988283928,0.07784750988283928,0.08881313610892858
electricity,2012-12-01,False,0.04380687292842795,-0.009216655104923392,0.06790309730249423,0.007251372349416307,0.014754711147137556,0.02260868783113157,0.030724777673605708,0.038833946066574754,0.04661345695356012,0.053311997918784826,0.05923143982763879,0.0647446568229153,0.06994481673608366,0.07494822603610896,0.08003366416297908,0.08484050804880017,0.018161679674301823,0.06754088238924005,0.06754088238924005,0.07924937165414025,0.07924937165414025,0.07924937165414025,0.07924937165414025,0.07924937165414025,0.08241894641541947,0.08241894641541947,0.08241894641541947,0.08241894641541947,0.08241894641541947,0.08828050740786778
electricity,2013-01-01,False,0.05081920761709733,0.008377702315130365,0.07128692488015474,0.005181844143939962,0.010261166352075968,0.015705108650745814,0.02150005638353214,0.027653732759611138,0.03388312357391765,0.0400904364824175,0.045887837846054325,0.05167498942120208,0.05761920124471054,0.06361319810874466,0.0693624528450627,0.07476935187729694,0.04937920271493823,0.04937920271493823,0.06108769197983843,0.06108769197983843,0.06108769197983843,0.06108769197983843,0.06108769197983843,0.06425726674111765,0.06425726674111765,0.06425726674111765,0.06425726674111765,0.06425726674111765,0.12760837432140093,0.08777156196568926
electricity,2013-02-01,False,0.09458988151349713,0.05022320332770653,0.07446307508705269,0.0052317824960645964,0.010118050861769312,0.01537453065471528,0.021327408382613378,0.027862372493529186,0.03463585977595862,0.04142322646275076,0.048037371111198546,0.05442712104688496,0.060860040169161245,0.06736813894661342,0.07377511922323343,0.0797298587763553,0.0,0.011708489264900201,0.011708489264900201,0.011708489264900201,0.011708489264900201,0.011708489264900201,0.014878064026179416,0.014878064026179416,0.014878064026179416,0.014878064026179416,0.014878064026179416,0.0782291716064627,0.07624701040247128,0.08714158163446566
electricity,2013-03-01,False,0.09284411280042836,0.04591688699306008,0.07477431011832651,0.0054941799126275725,0.011307037281870436,0.017073701183179857,0.02334572103228183,0.030263549262597778,0.03738074732678509,0.04440609912653404,0.05106997647678391,0.057658682140516504,0.06396508937865608,0.07025605666874135,0.07656318814546825,0.08250380773512411,0.011708489264900201,0.011708489264900201,0.011708489264900201,0.011708489264900201,0.011708489264900201,0.014878064026179416,0.014878064026179416,0.014878064026179416,0.014878064026179416,0.014878064026179416,0.0782291716064627,0.07624701040247128,0.0782291716064627,0.08649747469757285
electricity,2013-04-01,False,0.09588638183317579,0.050365478399670885,0.07398210474493394,0.00538783904851492,0.010896083197053485,0.016890118905610763,0.02285437853226302,0.02927127587287348,0.036009625278587976,0.04278091607241663,0.04930389313819017,0.05573326685309965,0.062157841072416176,0.06834860391192432,0.0744598612820706,0.08029699459190098,0.0,0.0,0.0,0.0,0.0031695747612792147,0.0031695747612792147,0.0031695747612792147,0.0031695747612792147,0.0031695747612792147,0.0665206823415625,0.06453852113757108,0.0665206823415625,0.06453852113757108,0.08584551993873235
electricity,2013-05-01,False,0.08784043925904905,0.04417121831313746,0.07268497201900662,0.005278633901029117,0.010700371717389245,0.016352919326989124,0.02244897357934228,0.028424526607728318,0.034555015878184214,0.040860782920340455,0.04705921251725265,0.05323446089599049,0.05940218189469881,0.06557469634102908,0.07138457017314792,0.07690876370365274,0.0,0.0,0.0,0.0031695747612792147,0.0031695747612792147,0.0031695747612792147,0.0031695747612792147,0.0031695747612792147,0.0665206823415625,0.06453852113757108,0.0665206823415625,0.06453852113757108,0.05856835415106687,0.08510362512929542
electricity,2013-06-01,False,0.08267098192095852,0.03792349494004021,0.07131051097277737,0.0058530923368822485,0.011755035778363343,0.017896986695368433,0.02421078446168412,0.03081535523305412,0.03689382109206729,0.042819312048773206,0.048600309135011344,0.05434048626814203,0.060057247294607485,0.0656990363281551,0.07123796912542169,0.0762582805396761,0.0,0.0,0.0031695747612792147,0.0031695747612792147,0.0031695747612792147,0.0031695747612792147,0.0031695747612792147,0.0665206823415625,0.06453852113757108,0.0665206823415625,0.06453852113757108,0.05856835415106687,0.05856835415106687,0.08430937849925595
electricity,2013-07-01,False,0.0826428882013226,0.0317145633791774,0.06995120817906693,0.0072670695697656384,0.014622008541062215,0.02217641475085852,0.029922931006931996,0.03758314836718668,0.044968100130026833,0.05115133984463416,0.056646769700527955,0.06188224817617716,0.06693711133065605,0.07188692725519896,0.07684355987603375,0.08142668732566438,0.0,0.0031695747612792147,0.0031695747612792147,0.0031695747612792147,0.0031695747612792147,0.0031695747612792147,0.0665206823415625,0.06453852113757108,0.0665206823415625,0.06453852113757108,0.05856835415106687,0.05856835415106687,0.05856835415106687,0.08352516146876067
electricity,2013-08-01,False,0.076854662262243,0.025543944888534956,0.0680820229776985,0.007620932958595006,0.015292127002031641,0.023064350478715134,0.030880279377481834,0.038598841135348394,0.04584200609331024,0.0523275642801746,0.0575565468376702,0.06233189002890782,0.06694685422240987,0.07154829152350306,0.07622083722440998,0.08047579084273249,0.0031695747612792147,0.0031695747612792147,0.0031695747612792147,0.0031695747612792147,0.0031695747612792147,0.0665206823415625,0.06453852113757108,0.0665206823415625,0.06453852113757108,0.05856835415106687,0.05856835415106687,0.05856835415106687,0.05856835415106687,0.08276542878505266
electricity,2013-09-01,False,0.0714048417885519,0.02204141843974347,0.06623325608154841,0.007463275643158518,0.014863657642145256,0.022320876472002205,0.02972426191238764,0.03695821314836589,0.043846377804097614,0.04996687181729076,0.05548161990155798,0.06008977443476038,0.06446970829492038,0.06888830723109862,0.07343715065325718,0.07765885425738794,0.0,0.0,0.0,0.0,0.06335110758028328,0.061368946376291866,0.06335110758028328,0.061368946376291866,0.055398779389787656,0.055398779389787656,0.055398779389787656,0.055398779389787656,0.055398779389787656,0.08202366870033331
electricity,2013-10-01,False,0.06727120635796648,0.01568138446032886,0.06440457163633252,0.007870895258940358,0.015739767759721524,0.023658726229832006,0.03157087347108156,0.03920088132963251,0.04633004442065225,0.05262928600437444,0.058102860299398706,0.0631353600837059,0.06734852837511962,0.0714352868333803,0.07573669850784004,0.07979835705593086,0.0,0.0,0.0,0.06335110758028328,0.061368946376291866,0.06335110758028328,0.061368946376291866,0.055398779389787656,0.055398779389787656,0.055398779389787656,0.055398779389787656,0.055398779389787656,0.055398779389787656,0.08130244576324741
electricity,2013-11-01,False,0.058859103992091356,0.009006683401502113,0.062240779571518,0.00754612480933492,0.015064440556796121,0.02262036697766856,0.03013430260343597,0.03746521317822182,0.044296523119427,0.05034229979739102,0.05577428036708465,0.06075106781817663,0.06553319614689812,0.06971175501555837,0.0739170728511791,0.07792223892560557,0.0,0.0,0.06335110758028328,0.061368946376291866,0.06335110758028328,0.061368946376291866,0.055398779389787656,0.055398779389787656,0.055398779389787656,0.055398779389787656,0.055398779389787656,0.055398779389787656,0.055398779389787656,0.08060257237016426
electricity,2013-12-01,False,0.0520996748599291,0.00378704931007391,0.061511797517243255,0.007254429566167175,0.014445714352611994,0.021671612324563938,0.028855146293501832,0.035868358751841356,0.04251018356388947,0.048390830838511256,0.05367594964895339,0.058680122085212894,0.06346864830539811,0.06824226313312742,0.0725145883299323,0.07645699356334301,0.0,0.06335110758028328,0.061368946376291866,0.06335110758028328,0.061368946376291866,0.055398779389787656,0.055398779389787656,0.055398779389787656,0.055398779389787656,0.055398779389787656,0.055398779389787656,0.055398779389787656,0.055398779389787656,0.07993931137289112
electricity,2014-01-01,False,0.041651008890011415,0.002552481252032872,0.054164093005254425,0.005970312474432582,0.011621310467779367,0.017065449739646965,0.02233610213152737,0.02752610914746878,0.03257057067396385,0.03746508522130032,0.04218694711703641,0.04687521776016723,0.05180348243269606,0.05674320881236916,0.06155756499320564,0.06570674162086299,0.06335110758028328,0.061368946376291866,0.06335110758028328,0.061368946376291866,0.055398779389787656,0.055398779389787656,0.055398779389787656,0.055398779389787656,0.055398779389787656,0.055398779389787656,0.055398779389787656,0.055398779389787656,0.055398779389787656,0.07933136671504695
electricity,2014-02-01,False,0.08519462277252542,0.053815144500106625,0.047200632331526535,0.005194509407585812,0.009169903473382313,0.012867442723882405,0.016342100321335984,0.019963858669232337,0.023711370527132125,0.027862328704417294,0.032410857263781345,0.03715029537498804,0.042376982421081344,0.0478360754937448,0.052901148161588196,0.05802386414518512,-0.001982161203991417,0.0,-0.001982161203991417,-0.007952328190495628,-0.007952328190495628,-0.007952328190495628,-0.007952328190495628,-0.007952328190495628,-0.007952328190495628,-0.007952328190495628,-0.007952328190495628,-0.007952328190495628,-0.007952328190495628,0.07872205433297086
electricity,2014-03-01,False,0.07068503184396763,0.04653576279843521,0.04089126818589829,0.003977947758328604,0.007233456374669878,0.00929037982022951,0.011110965424173891,0.013198096421532135,0.015687606624507744,0.019035833554610804,0.023222535842808867,0.02794446443395593,0.03333766666895421,0.03899464974881717,0.04422065243567097,0.049556396583304796,0.001982161203991417,0.0,-0.005970166986504211,-0.005970166986504211,-0.005970166986504211,-0.005970166986504211,-0.005970166986504211,-0.005970166986504211,-0.005970166986504211,-0.005970166986504211,-0.005970166986504211,-0.005970166986504211,-0.005970166986504211,0.07812644429421342
electricity,2014-04-01,False,0.060392106072443476,0.042731820377547546,0.03495172780580394,0.0028329594412701553,0.004722212766353984,0.006020867320920331,0.006231693886541656,0.006959341987429646,0.008314655234650026,0.011040388870835471,0.014983218585618019,0.019713880434984787,0.025430472863487097,0.0313908708563142,0.03671638154552159,0.042400009561373686,-0.001982161203991417,-0.007952328190495628,-0.007952328190495628,-0.007952328190495628,-0.007952328190495628,-0.007952328190495628,-0.007952328190495628,-0.007952328190495628,-0.007952328190495628,-0.007952328190495628,-0.007952328190495628,-0.007952328190495628,-0.007952328190495628,0.07753734156700033
electricity,2014-05-01,False,0.047761880384215256,0.03551067265557782,0.029888252611494717,0.0018412421857432193,0.002658657960368238,0.0027217595142428053,0.002390893180984399,0.0018613711273705036,0.0022682576065902182,0.00441823439664546,0.008174771605145459,0.01290025727832056,0.01880958761299123,0.02507245325634866,0.03048730805470168,0.03631510184637854,-0.005970166986504211,-0.005970166986504211,-0.005970166986504211,-0.005970166986504211,-0.005970166986504211,-0.005970166986504211,-0.005970166986504211,-0.005970166986504211,-0.005970166986504211,-0.005970166986504211,-0.005970166986504211,-0.005970166986504211,-0.00796816964917646,0.07697790628680944
electricity,2014-06-01,False,0.03416969167451484,0.025181338118329854,0.0248486147747178,0.00087296332400566,0.0007811587593558045,5.885755560264272e-06,-0.0011712391008460443,-0.0016321861089556577,-0.0018164787374779223,0.00016172162898975273,0.003982362794102023,0.008972131561264085,0.015255400032097022,0.02190773117900502,0.02765197982850598,0.033777872903495876,0.0,0.0,0.0,0.0,0.0,0.0,0.0,0.0,0.0,0.0,0.0,-0.001998002662672249,-0.001998002662672249,0.07640660098250837
electricity,2014-07-01,False,0.04756237158815928,0.02033170935117746,0.01974937082966698,0.0031994220238766857,0.005917540628425755,0.008494776885762612,0.011071460048646564,0.014123820489885475,0.017775391198736834,0.021781648488866878,0.026720625569349288,0.03223361162713356,0.038418878393249756,0.04476349756734255,0.050608676759350324,0.05651517498147829,0.0,0.0,0.0,0.0,0.0,0.0,0.0,0.0,0.0,0.0,-0.001998002662672249,-0.001998002662672249,-0.002998502996256036,0.07583844712268316
electricity,2014-08-01,False,0.048651202411202424,0.01575891791270989,0.01492690189000639,0.0034337648004676424,0.0067424441107979405,0.010066851680056388,0.013680198807489496,0.017879139664557897,0.02257914129018257,0.02813255919467217,0.033646319548091164,0.039703075084923434,0.046236725440965465,0.05290252990468147,0.05916232007593081,0.06531902941000922,0.0,0.0,0.0,0.0,0.0,0.0,0.0,0.0,0.0,-0.001998002662672249,-0.001998002662672249,-0.002998502996256036,-0.002998502996256036,0.07528632934045346
electricity,2014-09-01,False,0.0527281077437401,0.011206941747982754,0.010125185869662783,0.004078953529058182,0.00842227171382337,0.013237221061475957,0.018496397149940336,0.02440757927262993,0.030721069357274366,0.03743109857865434,0.04435547902033843,0.050924761877608304,0.057763931471895624,0.06463850092217704,0.07132448633835775,0.0776904915166563,0.0,0.0,0.0,0.0,0.0,0.0,0.0,0.0,-0.001998002662672249,-0.001998002662672249,-0.002998502996256036,-0.002998502996256036,-0.002998502996256036,0.07473827490497646
electricity,2014-10-01,False,0.056537219246950536,0.006675592213784032,0.005344034094271732,0.004472670475952789,0.009648650645666557,0.015711333811096573,0.02270989176974325,0.0303092289484459,0.03825952247138176,0.04628947149985052,0.05407205033987239,0.06195039768187982,0.0691930345204197,0.07646867295547466,0.08371762018834161,0.09047626800162334,0.0,0.0,0.0,0.0,0.0,0.0,0.0,-0.001998002662672249,-0.001998002662672249,-0.002998502996256036,-0.002998502996256036,-0.002998502996256036,-0.002998502996256036,0.07419732868850659
electricity,2014-11-01,False,0.04792550604573433,0.0021646832197716433,0.0005832604423152533,0.0031354502711620214,0.007034118452729388,0.011954817423815989,0.01798916394280692,0.02503509354519995,0.03249277387928906,0.04045998667792361,0.048507736619714414,0.056814923844759946,0.0652709697254572,0.0731694134695271,0.08100464425872023,0.08835665036186668,0.0,0.0,0.0,0.0,0.0,0.0,-0.001998002662672249,-0.001998002662672249,-0.002998502996256036,-0.002998502996256036,-0.002998502996256036,-0.002998502996256036,-0.002998502996256036,0.0736662381406684
electricity,2014-12-01,False,0.04863007941793566,-0.002325968817381541,-0.004157318700733551,0.0035185174715950396,0.007994407534963166,0.013764438062104034,0.020870946169742055,0.029023870906733862,0.037682616541081515,0.04634731054483865,0.054809651930297854,0.06338707770083829,0.0718618269509852,0.0803603244764517,0.08830417006332691,0.09573871464910955,0.0,0.0,0.0,0.0,0.0,-0.001998002662672249,-0.001998002662672249,-0.002998502996256036,-0.002998502996256036,-0.002998502996256036,-0.002998502996256036,-0.002998502996256036,-0.002998502996256036,0.07314672315165463
electricity,2015-01-01,False,0.028921873651600486,-0.0016619581688139275,-0.0037432976372351557,0.0003488437442884518,0.001120003010055548,0.002718314986663195,0.005507498478881878,0.009744938675446235,0.015115873729361518,0.021919627546441056,0.02936422359876012,0.037723036712529634,0.04678935316471211,0.05605958629645791,0.06491532108691,0.07288884246409921,0.0,0.0,0.0,0.0,-0.001998002662672249,-0.001998002662672249,-0.002998502996256036,-0.002998502996256036,-0.002998502996256036,-0.002998502996256036,-0.002998502996256036,-0.002998502996256036,-0.002998502996256036,0.07264545262862464
electricity,2015-02-01,False,0.020999632777291295,-0.0011636606749057252,-0.003495052238816039,4.2590400462394484e-05,-9.810898450979266e-06,0.0003780876732184524,0.001489897265424922,0.003967612631268658,0.007639512265355641,0.013004963250756063,0.01957604826617665,0.026822359271752916,0.03509845752852758,0.04375654180421229,0.0518292981712003,0.05994564875699382,0.0,0.0,0.0,-0.001998002662672249,-0.001998002662672249,-0.002998502996256036,-0.002998502996256036,-0.002998502996256036,-0.002998502996256036,-0.002998502996256036,-0.002998502996256036,-0.002998502996256036,-0.002998502996256036,0.07216102864119607
electricity,2015-03-01,False,0.028231420114312178,-0.0004988775359139786,-0.0030803837370029534,0.0011575466723376948,0.002377681228035833,0.004028191425225813,0.0065594209371537815,0.010257521363267408,0.015042325552182767,0.021104001194230726,0.027945498082094566,0.035416562005387675,0.04321893455841508,0.0513378353553815,0.059102532085431925,0.06676395695459547,0.0,0.0,-0.001998002662672249,-0.001998002662672249,-0.002998502996256036,-0.002998502996256036,-0.002998502996256036,-0.002998502996256036,-0.002998502996256036,-0.002998502996256036,-0.002998502996256036,-0.002998502996256036,-0.002998502996256036,0.07180775472804843
electricity,2015-04-01,False,0.019827162017245527,0.0,-0.0028316834112500637,0.00019345625022992863,0.00017628687686510602,0.00027108874662928883,0.0008572959662735968,0.0027714078827489885,0.00586017764195379,0.010782955933701821,0.016978919505044487,0.024062505180265426,0.031968565175466424,0.03989698733724634,0.04736626564739055,0.05498600155373712,0.0,-0.001998002662672249,-0.001998002662672249,-0.002998502996256036,-0.002998502996256036,-0.002998502996256036,-0.002998502996256036,-0.002998502996256036,-0.002998502996256036,-0.002998502996256036,-0.002998502996256036,-0.002998502996256036,-0.002998502996256036,0.07141034823656829
electricity,2015-05-01,False,0.01662371887386854,0.0,-0.002915575392006861,-0.00041995916252624,-0.0011143538832794064,-0.0016468903114956746,-0.0017629437718404972,-0.000629528436753013,0.001997014889606241,0.0066270480713912505,0.012827120136161163,0.020062249345618177,0.02821446798114824,0.03659305639373933,0.04406043572072171,0.05175696304831501,-0.001998002662672249,-0.001998002662672249,-0.002998502996256036,-0.002998502996256036,-0.002998502996256036,-0.002998502996256036,-0.002998502996256036,-0.002998502996256036,-0.002998502996256036,-0.002998502996256036,-0.002998502996256036,-0.002998502996256036,-0.005002511682971722,0.07099898539781416
electricity,2015-06-01,False,0.0171151785388621,-0.0016652793190604304,-0.002999502332197386,-0.0002786873936475587,-0.0006999119766231132,-0.0008926613120543436,-0.00047994094816683486,0.0010608900681168265,0.003903492624812266,0.008888749683634956,0.015292578555057723,0.02277287016731311,0.03108873579183058,0.039581811215252394,0.047367648233570314,0.054940792874536015,0.0,-0.001000500333583787,-0.001000500333583787,-0.001000500333583787,-0.001000500333583787,-0.001000500333583787,-0.001000500333583787,-0.001000500333583787,-0.001000500333583787,-0.001000500333583787,-0.001000500333583787,-0.003004509020299473,-0.003004509020299473,0.07056584997442487
electricity,2015-07-01,False,0.028034421633130725,-0.0014988761237352075,-0.002916790267429303,0.0014619867659870778,0.003045642926156056,0.005067040420541069,0.00774855791885809,0.011480024417926948,0.015976374362120183,0.021738391249620292,0.02859359584588539,0.03608398806830859,0.0441462645873667,0.05224068342735144,0.05984317832634556,0.06716277699039352,-0.001000500333583787,-0.001000500333583787,-0.001000500333583787,-0.001000500333583787,-0.001000500333583787,-0.001000500333583787,-0.001000500333583787,-0.001000500333583787,-0.001000500333583787,-0.001000500333583787,-0.003004509020299473,-0.003004509020299473,-0.003004509020299473,0.07011998869481675
electricity,2015-08-01,False,0.028560538929247602,-0.0021664869735525893,-0.0028340437406663716,0.0017257977686169212,0.0036593995516351896,0.006012345030691257,0.009011148847909212,0.012937816548006964,0.017718509505378677,0.02342321159921834,0.029936119099778224,0.037368613873655754,0.045251361168261006,0.05331050112756852,0.06091213826275066,0.06818266743129353,0.0,0.0,0.0,0.0,0.0,0.0,0.0,0.0,0.0,-0.002004008686715686,-0.002004008686715686,-0.002004008686715686,-0.002004008686715686,0.06974501139521436
electricity,2015-09-01,False,0.02886922237490143,-0.001916747117936107,-0.002751262730082517,0.002014510133618863,0.0041884032120851344,0.0068009411517166996,0.009933234683652259,0.013873867547442131,0.01850452141766379,0.024137010795821645,0.030268735800012436,0.037107433656556665,0.044719023978227135,0.052447199690019985,0.059897095726914706,0.06702896783818701,0.0,0.0,0.0,0.0,0.0,0.0,0.0,0.0,-0.002004008686715686,-0.002004008686715686,-0.002004008686715686,-0.002004008686715686,-0.002004008686715686,0.06941021997809578
electricity,2015-10-01,False,0.033182010995935846,-0.0016669448767438167,-0.002668447213833641,0.002919818891928827,0.006062545123420193,0.009653872566909527,0.013832492491840931,0.018590620081134546,0.02379696288578348,0.029561931787620566,0.035724164240726,0.04214146859537671,0.049030785707634195,0.05635186683616844,0.06345104824375092,0.07034676999353451,0.0,0.0,0.0,0.0,0.0,0.0,0.0,-0.002004008686715686,-0.002004008686715686,-0.002004008686715686,-0.002004008686715686,-0.002004008686715686,-0.002004008686715686,0.06914265981813383
electricity,2015-11-01,False,0.02711624511585356,-0.0014170802187996585,-0.002585597170056416,0.0023195530662647457,0.004646161574489049,0.007205771610971468,0.010166166435955581,0.013803192989152002,0.017880266209406415,0.022731642376568217,0.02818301509928034,0.03425445428076035,0.04074291614546599,0.04760091451720605,0.05440533739027842,0.061093496701133176,0.0,0.0,0.0,0.0,0.0,0.0,-0.002004008686715686,-0.002004008686715686,-0.002004008686715686,-0.002004008686715686,-0.002004008686715686,-0.002004008686715686,-0.002004008686715686,0.06895191344476138
electricity,2015-12-01,False,0.023819694709147982,-0.0011671531129041723,-0.002502712576868748,0.0020322831570922517,0.003924347994221478,0.005949493834249253,0.008251078886454266,0.011196739655443544,0.01474557519873887,0.019078400455196487,0.024103168210828585,0.029743527867432284,0.03609813128551398,0.04261418877736034,0.048970473616703813,0.05550477171998924,0.0,0.0,0.0,0.0,0.0,-0.002004008686715686,-0.002004008686715686,-0.002004008686715686,-0.002004008686715686,-0.002004008686715686,-0.002004008686715686,-0.002004008686715686,-0.002004008686715686,0.06873200359153575
electricity,2016-01-01,False,0.005407915728957246,-0.0009171635278349253,-0.00241979341237024,-0.001070158764506779,-0.0026927200435702403,-0.004485273577799376,-0.006088679700845034,-0.006692462894801743,-0.006098811247688296,-0.003415354802133841,0.0008853715027683506,0.006429012978587778,0.013288447244917734,0.020699270950919058,0.027351712419806162,0.034501624569706735,0.0,0.0,0.0,0.0,-0.002004008686715686,-0.002004008686715686,-0.002004008686715686,-0.002004008686715686,-0.002004008686715686,-0.002004008686715686,-0.002004008686715686,-0.002004008686715686,-0.002004008686715686,0.06856399858542055
electricity,2016-02-01,False,0.001482331673074614,-0.0006671114323458264,-0.0023368396546416563,-0.001989621287805221,-0.004631292264143383,-0.007386955036586151,-0.009910006756387979,-0.011215764055156896,-0.0111577736796864,-0.00870893299516684,-0.004251019594801342,0.0014617589822307764,0.008574948669319404,0.016224934348898934,0.023178358764600837,0.03048346603565566,0.0,0.0,0.0,-0.002004008686715686,-0.002004008686715686,-0.002004008686715686,-0.002004008686715686,-0.002004008686715686,-0.002004008686715686,-0.002004008686715686,-0.002004008686715686,-0.002004008686715686,-0.002004008686715686,0.06825151178546625
electricity,2016-03-01,False,-0.0018665526085059998,-0.0004169967951671098,-0.002253851281744271,-0.002836888914925062,-0.006346522173481084,-0.010055925177036684,-0.013366407272513037,-0.015319855226062273,-0.015660616542001016,-0.01336153419512165,-0.008840763384260875,-0.0027809522728743374,0.00464264842865969,0.012596117339078283,0.019729077616366553,0.027361101590554604,0.0,0.0,-0.002004008686715686,-0.002004008686715686,-0.002004008686715686,-0.002004008686715686,-0.002004008686715686,-0.002004008686715686,-0.002004008686715686,-0.002004008686715686,-0.002004008686715686,-0.002004008686715686,-0.002004008686715686,0.06790493036002422
electricity,2016-04-01,False,-0.004019604433198284,-0.00016681958500609464,-0.0013353365362630885,-0.0037460160068354398,-0.008093468973603635,-0.01253333832989778,-0.01656946170288709,-0.018879952818905643,-0.019392829933675415,-0.01691453567563883,-0.012071260952608576,-0.005556213244676478,0.0025190328964193043,0.01100163169574575,0.018586954733600614,0.02659877199376659,0.0,-0.002004008686715686,-0.002004008686715686,-0.002004008686715686,-0.002004008686715686,-0.002004008686715686,-0.002004008686715686,-0.002004008686715686,-0.002004008686715686,-0.002004008686715686,-0.002004008686715686,-0.002004008686715686,0.007976114070008755,0.0675969522403142
electricity,2016-05-01,False,0.006813470148939287,-8.341327109986795e-05,0.001833639453582944,-0.0024943436396469565,-0.005207641842490673,-0.007676803982814562,-0.00948814983714108,-0.009830032440232728,-0.008411098061449351,-0.004578929784408103,0.0011374065821154744,0.008148228848565253,0.01632856618851175,0.024888632640178265,0.03264266721055886,0.04055343328148986,-0.002004008686715686,-0.002004008686715686,-0.002004008686715686,-0.002004008686715686,-0.002004008686715686,-0.002004008686715686,-0.002004008686715686,-0.002004008686715686,-0.002004008686715686,-0.002004008686715686,-0.002004008686715686,0.007976114070008755,0.03249916739295422,0.06725517005437313
electricity,2016-06-01,False,0.020283920598105385,-0.0016702860071624293,0.008475331164502942,-0.0005321709369265903,-0.0007105538866563066,-0.0002911687944386898,0.0010621890119555388,0.003715005411581984,0.007523820774572698,0.01307972935542967,0.019664551266152408,0.027160475612513224,0.03523403860370067,0.043520186097429914,0.05141924242692664,0.05904262952414463,0.0,0.0,0.0,0.0,0.0,0.0,0.0,0.0,0.0,0.0,0.009980122756724441,0.034503176079669906,0.0743945051069721,0.06690832896341063
electricity,2016-07-01,False,0.04921316027529467,-0.0015033828940319556,0.014993032974566103,0.003313828742917302,0.007858062568737445,0.01379464316529777,0.02113796529339229,0.029487455213169866,0.038242752389491486,0.04689210262920085,0.05513915103006628,0.06332377423975633,0.07123863289545884,0.0789764271220772,0.08694700082875695,0.09422503168168284,0.0,0.0,0.0,0.0,0.0,0.0,0.0,0.0,0.0,0.009980122756724441,0.034503176079669906,0.0743945051069721,0.0743945051069721,0.06656935226786725
electricity,2016-08-01,False,0.056942516412554926,-0.0013364519196018966,0.02253221228000625,0.004062562907855671,0.009757111683488695,0.01707587425614676,0.02603238603015523,0.035932081522055626,0.04609215590661275,0.05574553514675973,0.06439912811054604,0.07288717923693433,0.08076287404543425,0.08857362621739284,0.09668794979356399,0.10398027556492462,0.0,0.0,0.0,0.0,0.0,0.0,0.0,0.0,0.009980122756724441,0.034503176079669906,0.0743945051069721,0.0743945051069721,0.08642611715937143,0.06628203617217779
electricity,2016-09-01,False,0.04979519647990893,-0.0011694930745692622,0.030017466919520952,0.0028499673476760634,0.007183789162877652,0.013222107627352209,0.020775210285565393,0.029375725554065646,0.038350005999371106,0.047240070545528035,0.05552407391083136,0.06371072485507767,0.07167527068010049,0.07955312798912217,0.08778186556855783,0.09521795305851288,0.0,0.0,0.0,0.0,0.0,0.0,0.0,0.009980122756724441,0.034503176079669906,0.0743945051069721,0.0743945051069721,0.08642611715937143,0.08642611715937143,0.06600203198962215
electricity,2016-10-01,False,0.06859052217426603,-0.0010025063496259233,0.03744958085347326,0.005848087577423833,0.013512847830033259,0.023258271993160662,0.0349304373296313,0.04715833030901795,0.05919485995341489,0.06994399404710361,0.07899810502968396,0.08724117387779984,0.09435974471451303,0.10131484491639142,0.10894946307907372,0.11573105244706383,0.0,0.0,0.0,0.0,0.0,0.0,0.009980122756724441,0.034503176079669906,0.0743945051069721,0.0743945051069721,0.08642611715937143,0.08642611715937143,0.08642611715937143,0.06572805917412217
electricity,2016-11-01,False,0.07774483723090037,-0.0008354917354588458,0.046743960674402577,0.007667724456866587,0.017372871456081462,0.028948333155678796,0.04253564318505809,0.056748691238812654,0.07012259130935217,0.08150210311211392,0.09061666933143186,0.09852999129294293,0.10495980526483262,0.11088937733451143,0.11781940052033413,0.12367963055975473,0.0,0.0,0.0,0.0,0.0,0.009980122756724441,0.034503176079669906,0.0743945051069721,0.0743945051069721,0.08642611715937143,0.08642611715937143,0.08642611715937143,0.10826501967779212,0.06548199259484314
electricity,2016-12-01,False,0.06873703617842336,-0.0006684492227509926,0.055955812547663776,0.006861874433726101,0.015405073530885716,0.02562415839543064,0.03718125472360079,0.04951465365967156,0.06156484833043496,0.07165881869434454,0.07981214625838096,0.08697101095939708,0.09296192716121254,0.09856051611180483,0.104760895958659,0.1102163379715817,0.0,0.0,0.0,0.0,0.009980122756724441,0.034503176079669906,0.0743945051069721,0.0743945051069721,0.08642611715937143,0.08642611715937143,0.08642611715937143,0.10826501967779212,0.10826501967779212,0.06520768333233355
electricity,2017-01-01,False,0.06312514135858924,-0.0005013788021803359,0.06508661651988627,0.006727552450312757,0.014696045470762087,0.024111292790458094,0.03474811078480755,0.04557662732696066,0.0563726719806219,0.06583019739353801,0.0732376843278244,0.07967869668705685,0.08508190415696593,0.09016026725637527,0.09574295464193838,0.100504138399649,0.0,0.0,0.0,0.009980122756724441,0.034503176079669906,0.0743945051069721,0.0743945051069721,0.08642611715937143,0.08642611715937143,0.08642611715937143,0.10826501967779212,0.10826501967779212,0.10826501967779212,0.0649227791186119
electricity,2017-02-01,False,0.05489614763502052,-0.00033428046441986943,0.07413781319052123,0.006576504185654031,0.013881705010549084,0.02201514051402853,0.03104950152631414,0.040271530442489656,0.04896253714608001,0.05680690731980409,0.06340020447948369,0.06888935108366034,0.07354542029905797,0.07790441439108875,0.08262880940854966,0.08675863396001482,0.0,0.0,0.009980122756724441,0.034503176079669906,0.0743945051069721,0.0743945051069721,0.08642611715937143,0.08642611715937143,0.08642611715937143,0.10826501967779212,0.10826501967779212,0.10826501967779212,0.10826501967779212,0.06459214858329862
electricity,2017-03-01,False,0.03761600571087717,-0.00016715420013851032,0.08311080510134312,0.005381105712394252,0.010731106664538359,0.01614472497632935,0.021642671221967724,0.02722557776713508,0.032619186846404524,0.037461940252282666,0.04202109864449355,0.046323278241306554,0.050213996475153344,0.05396992841492132,0.05768879755272849,0.061225567309896256,0.0,0.009980122756724441,0.034503176079669906,0.0743945051069721,0.0743945051069721,0.08642611715937143,0.08642611715937143,0.08642611715937143,0.10826501967779212,0.10826501967779212,0.10826501967779212,0.10826501967779212,0.10826501967779212,0.06426290984050123
electricity,2017-04-01,False,0.027935832495163567,0.0,0.0904088061342484,0.004994501480681812,0.009477494537994069,0.013538853759117231,0.01719301937463591,0.020629806046064125,0.023900135060238803,0.027031614801168224,0.030098644169872735,0.03319247756778321,0.036465785326695865,0.039668897642585854,0.04266520287029785,0.045621835356228324,0.009980122756724441,0.034503176079669906,0.0743945051069721,0.0743945051069721,0.08642611715937143,0.08642611715937143,0.08642611715937143,0.10826501967779212,0.10826501967779212,0.10826501967779212,0.10826501967779212,0.10826501967779212,0.10826501967779212,0.06393753777646441
electricity,2017-05-01,False,0.03349923517627401,0.008309836749562538,0.09425738468778883,0.0056178429207163205,0.010355461937826327,0.014343687675368422,0.017598936152743327,0.02036049465070633,0.0227521253602454,0.02491719381689439,0.027097322714277894,0.029207774746489612,0.031595813432866215,0.03411447718116278,0.03639448266140377,0.038778034467591205,0.024523053322945465,0.06441438235024766,0.06441438235024766,0.07644599440264699,0.07644599440264699,0.07644599440264699,0.09828489692106768,0.09828489692106768,0.09828489692106768,0.09828489692106768,0.09828489692106768,0.09828489692106768,0.1072455303535973,0.06361761314674633
electricity,2017-06-01,False,0.04980080258341,0.027838706227883928,0.09149686174563322,0.006067418281942238,0.010853824164001047,0.014509133841878352,0.017135813079925732,0.019141593609511176,0.020689164470873322,0.02200172671546774,0.023398177314758684,0.024770212472409625,0.026491609168173724,0.02837563640411478,0.030109637473502815,0.032100000105942605,0.03989132902730219,0.03989132902730219,0.05192294107970152,0.05192294107970152,0.05192294107970152,0.07376184359812221,0.07376184359812221,0.07376184359812221,0.07376184359812221,0.07376184359812221,0.07376184359812221,0.08272247703065183,0.0836141400411341,0.06330383037561291
electricity,2017-07-01,False,0.08940819031505327,0.05789808923837403,0.09064285788370866,0.00836352644189553,0.015347959691008661,0.02105677945919382,0.025524959153647053,0.02901896299982898,0.031785646394700606,0.033745892210673034,0.03529476333481352,0.036482756488801726,0.03768944012123843,0.03891463161865527,0.04016934052013266,0.04162631772408787,0.0,0.012031612052399332,0.012031612052399332,0.012031612052399332,0.03387051457082002,0.03387051457082002,0.03387051457082002,0.03387051457082002,0.03387051457082002,0.03387051457082002,0.04283114800334964,0.04372281101383191,0.06575984206056074,0.0630036033631094
electricity,2017-08-01,False,0.08743966230518199,0.05158736879049348,0.0892599963275395,0.009547577149524145,0.018158220427817007,0.025152090917869074,0.030568757887940556,0.03460463253463075,0.03759253122505335,0.03949356366137469,0.040746487183510816,0.041436017590679164,0.04205617058591837,0.04266808072106443,0.0433242508157381,0.04415960696180399,0.012031612052399332,0.012031612052399332,0.012031612052399332,0.03387051457082002,0.03387051457082002,0.03387051457082002,0.03387051457082002,0.03387051457082002,0.03387051457082002,0.04283114800334964,0.04372281101383191,0.06575984206056074,0.08304635721774556,0.06278761618511434
electricity,2017-09-01,False,0.10226031920644087,0.05523915716528099,0.08789542802523057,0.011042604015575108,0.021336541768246953,0.030772677861605757,0.038606547911054,0.04479552970133405,0.04952423166413045,0.05251255105259922,0.05438216225607295,0.055378794366214734,0.05597223806509355,0.0565787910472908,0.05737196189908644,0.05797977711261204,0.0,0.0,0.02183890251842069,0.02183890251842069,0.02183890251842069,0.02183890251842069,0.02183890251842069,0.02183890251842069,0.030799535950950307,0.031691198961432576,0.053728230008161404,0.07101474516534623,0.07101474516534623,0.06257606124749653
electricity,2017-10-01,False,0.10345896536606047,0.04797402995627229,0.08809660790865494,0.011891435279404838,0.023503861217863076,0.03436093770964277,0.04428568014159673,0.052305411151362335,0.058536836619040855,0.06248350007283321,0.06480568252115848,0.06603871290899832,0.06663573468457162,0.0671648688889448,0.06818937678795223,0.06883376682557962,0.0,0.02183890251842069,0.02183890251842069,0.02183890251842069,0.02183890251842069,0.02183890251842069,0.02183890251842069,0.030799535950950307,0.031691198961432576,0.053728230008161404,0.07101474516534623,0.07101474516534623,0.08884961280138093,0.062307269045976554
electricity,2017-11-01,False,0.09866315999163738,0.04076130434517711,0.08638021692974447,0.011225799609101195,0.022468683196861683,0.03346642021087032,0.043722225069517506,0.052767375081250734,0.059940765898293336,0.06474193552389007,0.0677494530235121,0.06956696659727957,0.07071761327798498,0.07180162995500439,0.0733542812419179,0.07467048676598687,0.02183890251842069,0.02183890251842069,0.02183890251842069,0.02183890251842069,0.02183890251842069,0.02183890251842069,0.030799535950950307,0.031691198961432576,0.053728230008161404,0.07101474516534623,0.07101474516534623,0.08884961280138093,0.10885027950804993,0.06208639102112371
electricity,2017-12-01,False,0.11769510571259187,0.05164075790737703,0.0846918630473965,0.011325187218703903,0.022852876572427405,0.0346803428506437,0.046472090526223475,0.05721594931727836,0.0665663301813435,0.07325803976520628,0.0777258892639825,0.08072980461947843,0.0826758022240508,0.08444568736920033,0.08679289324400141,0.08860865937133866,0.0,0.0,0.0,0.0,0.0,0.008960633432529619,0.009852296443011888,0.031889327489740715,0.04917584264692554,0.04917584264692554,0.06701071028296024,0.08701137698962924,0.08701137698962924,0.061868217577879116
electricity,2018-01-01,False,0.0893719864327514,0.042677024355725075,0.08303086250320446,0.008211187150628518,0.016417855454237795,0.024345889712443558,0.03209996190973374,0.03928981095740003,0.04550960102513546,0.0504561662816565,0.053967530507009975,0.056596648169489505,0.0587664102077845,0.060921419515887365,0.0634033693440017,0.06575293134994276,0.0,0.0,0.0,0.0,0.008960633432529619,0.009852296443011888,0.031889327489740715,0.04917584264692554,0.04917584264692554,0.06701071028296024,0.08701137698962924,0.08701137698962924,0.08701137698962924,0.061593404583767546
electricity,2018-02-01,False,0.06997355651566486,0.033792926022850674,0.07716791450450605,0.0061928786151783655,0.012134906061660011,0.01793320424742273,0.023352996844774765,0.02853639997026125,0.033324038593528726,0.03739103386426379,0.04099106944941511,0.04386127014339536,0.046492703233863786,0.049084373505224654,0.05179636188379266,0.054654285770268984,0.0,0.0,0.0,0.008960633432529619,0.009852296443011888,0.031889327489740715,0.04917584264692554,0.04917584264692554,0.06701071028296024,0.08701137698962924,0.08701137698962924,0.08701137698962924,0.0371067306294286,0.06131050287267514
electricity,2018-03-01,False,0.05781567310971812,0.024987060376310252,0.0714457043546606,0.005085007367122252,0.009945702576596105,0.014697395281037196,0.019405958946828505,0.023933842236615988,0.028364062802244128,0.03256600978821922,0.03642419680659437,0.040123876936262626,0.04344581798230429,0.04662009174020554,0.04969063041681565,0.05286019829113098,0.0,0.0,0.008960633432529619,0.009852296443011888,0.031889327489740715,0.04917584264692554,0.04917584264692554,0.06701071028296024,0.08701137698962924,0.08701137698962924,0.08701137698962924,0.0371067306294286,0.03797365742841485,0.06105875097774745
electricity,2018-04-01,False,0.04838752691057002,0.017020721808084675,0.06655354157656854,0.004789675399757165,0.009317644646744228,0.013691980333017995,0.017961041395466282,0.022287810064057112,0.026425914220504332,0.030503551827660402,0.03446917839399699,0.0382028939795136,0.04197444827587571,0.04534745193720369,0.04846893258871443,0.05155948816257894,0.0,0.008960633432529619,0.009852296443011888,0.031889327489740715,0.04917584264692554,0.04917584264692554,0.06701071028296024,0.08701137698962924,0.08701137698962924,0.08701137698962924,0.0371067306294286,0.03797365742841485,0.03797365742841485,0.060936282966545775
electricity,2018-05-01,False,0.05467699718404785,0.011011499754385328,0.07100156303087905,0.006434440887817416,0.012917115510136412,0.019472214385999997,0.026080838563202313,0.03262313638565928,0.03904842460522495,0.04459113116456592,0.049468914452916124,0.05379840106589828,0.057582127305432884,0.06120862831484786,0.06452584629850566,0.06738890281796639,0.008960633432529619,0.009852296443011888,0.031889327489740715,0.04917584264692554,0.04917584264692554,0.06701071028296024,0.08701137698962924,0.08701137698962924,0.08701137698962924,0.0371067306294286,0.03797365742841485,0.03797365742841485,0.14081801193921262,0.0609501748366158
electricity,2018-06-01,False,0.067619447380195,0.015658682933195518,0.07839183245118635,0.007539407853712099,0.015313010213978906,0.023328095870626342,0.03152110778055217,0.03953521072365973,0.04713773596297166,0.05398190323943819,0.05948269949129692,0.06424378876159498,0.06828230312996375,0.07188385707684031,0.07559497624050593,0.07847055105004852,0.0008916630104822687,0.022928694057211096,0.04021520921439592,0.04021520921439592,0.05805007685043062,0.07805074355709962,0.07805074355709962,0.07805074355709962,0.028146097196898978,0.029013023995885234,0.029013023995885234,0.131857378506683,0.131857378506683,0.060948478150749164
electricity,2018-07-01,False,0.07246294111228041,0.012857106396157243,0.08206813876991932,0.008599982074001034,0.017712208949309804,0.027171562120919646,0.036875477979696036,0.04629177330824241,0.055021362213580005,0.06240027291745154,0.06875223331215174,0.0737652365568735,0.077889248658634,0.08158737098762536,0.08527742267719596,0.08822972212436486,0.022037031046728828,0.03932354620391365,0.03932354620391365,0.05715841383994835,0.07715908054661735,0.07715908054661735,0.07715908054661735,0.02725443418641671,0.028121360985402966,0.028121360985402966,0.13096571549620073,0.13096571549620073,0.13096571549620073,0.06080610405463079
electricity,2018-08-01,False,0.08973356406222936,0.028519673621784827,0.08379654113045802,0.008718699188426271,0.01784591926719159,0.02752244132988757,0.03750866123066743,0.04725611025837839,0.05631396793029708,0.06390469299477619,0.07017897821913177,0.07580995716457828,0.08016878596741073,0.08416186908997858,0.08825229072644447,0.09135257230103466,0.017286515157184823,0.017286515157184823,0.035121382793219524,0.055122049499888526,0.055122049499888526,0.055122049499888526,0.005217403139687882,0.006084329938674138,0.006084329938674138,0.1089286844494719,0.1089286844494719,0.1089286844494719,0.1089286844494719,0.06054126192638481
electricity,2018-09-01,False,0.11159338010992721,0.03835847430539699,0.08550149439934757,0.011031078132774041,0.022662875618790324,0.03469079241816608,0.047128092182751935,0.05900492910648403,0.06981340705026451,0.07841671443999942,0.0850073361857051,0.09029085053701902,0.0946693374396066,0.09814863511468186,0.10190886095499518,0.10448553543307781,0.0,0.0178348676360347,0.0378355343427037,0.0378355343427037,0.0378355343427037,-0.012069112017496941,-0.011202185218510685,-0.011202185218510685,0.09164216929228708,0.09164216929228708,0.09164216929228708,0.09164216929228708,0.09164216929228708,0.06027998031559676
electricity,2018-10-01,False,0.1122716319518575,0.03243998399516655,0.08421496317900742,0.012339984851160501,0.025652276581030975,0.039301295529463154,0.05304307417647802,0.06610271455434535,0.07775221431247115,0.08673870559859953,0.09332835659404726,0.09824176934311968,0.10173806759775328,0.10520128219988578,0.10856611149013506,0.11068629092188242,0.0178348676360347,0.0378355343427037,0.0378355343427037,0.0378355343427037,-0.012069112017496941,-0.011202185218510685,-0.011202185218510685,0.09164216929228708,0.09164216929228708,0.09164216929228708,0.09164216929228708,0.09164216929228708,0.09164216929228708,0.060036510915000854
electricity,2018-11-01,False,0.10849305418731188,0.04307211580278537,0.07950833783752832,0.011032949278598991,0.02225638680073505,0.03368125206974337,0.044810801022054036,0.05499176827833541,0.06402873503112172,0.07089773782689068,0.07598389564656394,0.07982261193641893,0.08267032224195425,0.08534496206579956,0.08862445414794884,0.09071914470089038,0.020000666706669,0.020000666706669,0.020000666706669,-0.029903979653531643,-0.029037052854545387,-0.029037052854545387,0.07380730165625238,0.07380730165625238,0.07380730165625238,0.07380730165625238,0.07380730165625238,0.07380730165625238,0.052471051737453145,0.059798303022783696
electricity,2018-12-01,False,0.11358435611544639,0.05396027184961027,0.07484893746329566,0.011227517929606634,0.022227050853666164,0.03284292922284138,0.04304963706023468,0.052072202148571556,0.05969195397366889,0.06533193653182678,0.06929034732370454,0.07210628911187023,0.07415268570164901,0.0760400923953437,0.07829945669724037,0.08031609631965875,0.0,0.0,-0.049904646360200644,-0.04903771956121439,-0.04903771956121439,0.053806634949583376,0.053806634949583376,0.053806634949583376,0.053806634949583376,0.053806634949583376,0.053806634949583376,0.032470385030784144,0.032470385030784144,0.05955716425870119
electricity,2019-01-01,False,0.08107001115379191,0.04665753884215051,0.07023600501509594,0.008327628486954453,0.015788657974089126,0.02212712351825985,0.027324720433956173,0.03151990079595901,0.034732526163097965,0.0369882680793987,0.038761585959293576,0.04005573378284755,0.04131853853721967,0.04267327392128095,0.04408946852902762,0.045855331637813634,0.0,-0.049904646360200644,-0.04903771956121439,-0.04903771956121439,0.053806634949583376,0.053806634949583376,0.053806634949583376,0.053806634949583376,0.053806634949583376,0.053806634949583376,0.032470385030784144,0.032470385030784144,0.032470385030784144,0.0593849627400482
electricity,2019-02-01,False,0.05843142260883255,0.03940774934532934,0.07384116318735805,0.006675180559034821,0.011950835817178707,0.015819415051463892,0.01805871673246795,0.01913806256566364,0.019554009251241844,0.019708391673077585,0.020022746502098343,0.020375966292971448,0.021197136397819172,0.022070122672517734,0.022872074142170185,0.02442195128795266,-0.049904646360200644,-0.04903771956121439,-0.04903771956121439,0.053806634949583376,0.053806634949583376,0.053806634949583376,0.053806634949583376,0.053806634949583376,0.053806634949583376,0.032470385030784144,0.032470385030784144,0.032470385030784144,0.032470385030784144,0.05914187073855149
electricity,2019-03-01,False,-0.0028993599834194117,-0.00928030832221797,0.0772739214672583,0.004554419847721647,0.00832436502702727,0.010473217072083152,0.010569278793617798,0.009426526115381861,0.007400488892868928,0.005607155621916604,0.0046352018915811755,0.004018323395682977,0.004349556024823897,0.004829770336891137,0.005039852557130686,0.006387290081083741,0.0008669267989862561,0.0008669267989862561,0.10371128130978402,0.10371128130978402,0.10371128130978402,0.10371128130978402,0.10371128130978402,0.10371128130978402,0.08237503139098479,0.08237503139098479,0.08237503139098479,0.08237503139098479,0.08237503139098479,0.05890258870121792
electricity,2019-04-01,False,-0.0220820685408211,-0.011559162340068558,0.08067397057706513,0.001538218100167299,0.0012523878406769384,0.00047918405109736995,-0.0022317379768832524,-0.006104856168964723,-0.010388389703088308,-0.014103492902930448,-0.016193237727455845,-0.017102455629212088,-0.016542351628930696,-0.01566809402632252,-0.015199091234139317,-0.013215505479545087,0.0,0.10284435451079776,0.10284435451079776,0.10284435451079776,0.10284435451079776,0.10284435451079776,0.10284435451079776,0.08150810459199853,0.08150810459199853,0.08150810459199853,0.08150810459199853,0.08150810459199853,0.08150810459199853,0.05867553071993547
electricity,2019-05-01,False,-0.024487967697823774,-0.013912020721148707,0.06781102470223085,0.001127066222503359,0.0004650748918493264,-0.0014630358885732164,-0.00402231404127118,-0.007233033214150808,-0.011026088931115119,-0.01394634746646961,-0.01583029507925282,-0.016692811301530774,-0.015845615618663267,-0.014729217330956779,-0.013971349857286874,-0.011701238697621186,0.10284435451079776,0.10284435451079776,0.10284435451079776,0.10284435451079776,0.10284435451079776,0.10284435451079776,0.08150810459199853,0.08150810459199853,0.08150810459199853,0.08150810459199853,0.08150810459199853,0.08150810459199853,0.08310427412482113,0.05846122277233766
electricity,2019-06-01,False,0.04520310052947448,0.06904872024851987,0.05513956017333621,0.0003334609237013453,-0.003599663404963316,-0.009265769342164276,-0.015985423752518102,-0.021693290955313138,-0.027440859301562703,-0.03109908365967673,-0.03301613989751129,-0.033319239431847336,-0.03140118286729887,-0.0290917197720022,-0.027126237205620463,-0.02326500684417976,0.0,0.0,0.0,0.0,0.0,-0.021336249918799233,-0.021336249918799233,-0.021336249918799233,-0.021336249918799233,-0.021336249918799233,-0.021336249918799233,-0.019740080385976633,-0.019740080385976633,0.05824521253367779
electricity,2019-07-01,False,0.0764748208632454,0.059875619094778794,0.044313402141695664,0.004395160325874947,0.008063025426268133,0.009677093727413322,0.010401001596401116,0.011005810888365275,0.01199663200235257,0.013525062241160235,0.01564326947001682,0.01813735593666621,0.021345012378811923,0.024648359630801586,0.027732218785859963,0.031364746057867876,0.0,0.0,0.0,0.0,-0.021336249918799233,-0.021336249918799233,-0.021336249918799233,-0.021336249918799233,-0.021336249918799233,-0.021336249918799233,-0.019740080385976633,-0.019740080385976633,-0.019740080385976633,0.05802155744469271
electricity,2019-08-01,False,0.07645779801517333,0.052157829959399195,0.03487353018571749,0.004247293012577202,0.008187242028442121,0.011753534759556317,0.013990925863042847,0.01605696491010722,0.01813190434500722,0.02102993736173886,0.024305423542054783,0.02805430140975229,0.03220655602862443,0.036404323709818165,0.04047058129868386,0.04472016389053213,0.0,0.0,0.0,-0.021336249918799233,-0.021336249918799233,-0.021336249918799233,-0.021336249918799233,-0.021336249918799233,-0.021336249918799233,-0.019740080385976633,-0.019740080385976633,-0.019740080385976633,-0.020537846682774585,0.05779895933924231
electricity,2019-09-01,False,0.07019856243778108,0.04449914919833659,0.025489795918312512,0.003238231713389439,0.006419231462702513,0.009660107044960675,0.012844243526379806,0.015479328983714069,0.018147422750472764,0.02145098707539983,0.025517142960023165,0.030069413894381114,0.0351963872350165,0.04029119006592197,0.04523437582656786,0.05033010727944465,0.0,0.0,-0.021336249918799233,-0.021336249918799233,-0.021336249918799233,-0.021336249918799233,-0.021336249918799233,-0.021336249918799233,-0.019740080385976633,-0.019740080385976633,-0.019740080385976633,-0.020537846682774585,-0.020537846682774585,0.05757513095879825
electricity,2019-10-01,False,0.09220986097283478,0.03831937332624343,0.01758198558723415,0.005086149766223791,0.010939967372086024,0.017735007742715858,0.0255894704605808,0.034100740773620686,0.043230109775929115,0.05203618421132283,0.06008902735250121,0.06752963415769742,0.07427310484664407,0.08100793079266122,0.08767504852663421,0.0935079397620786,0.0,-0.021336249918799233,-0.021336249918799233,-0.021336249918799233,-0.021336249918799233,-0.021336249918799233,-0.021336249918799233,-0.019740080385976633,-0.019740080385976633,-0.019740080385976633,-0.020537846682774585,-0.020537846682774585,-0.020537846682774585,0.05739752828930271
electricity,2019-11-01,False,0.07664360988673781,0.03379371461737182,0.012213277567930343,0.002921011679947405,0.006630275336844349,0.011262422371050462,0.01705467935626004,0.023794169466733628,0.031092330059835582,0.03865118965671055,0.04619147577080884,0.05369775822820344,0.06090604997922089,0.06796256482935537,0.07501250491248701,0.08141669922664008,-0.021336249918799233,-0.021336249918799233,-0.021336249918799233,-0.021336249918799233,-0.021336249918799233,-0.021336249918799233,-0.019740080385976633,-0.019740080385976633,-0.019740080385976633,-0.020537846682774585,-0.020537846682774585,-0.020537846682774585,-0.053806634949583376,0.0572292699043927
electricity,2019-12-01,False,0.0504837407301325,0.011581719417098735,0.006844745552898415,0.001732016434166539,0.004459218699376599,0.008322592136284612,0.013349261031931015,0.019527748352675012,0.02647380381893427,0.033832196747739296,0.04125501174568935,0.048902246844071406,0.056452025218983515,0.06381622836438261,0.07099498261959614,0.07773819051703779,0.0,0.0,0.0,0.0,0.0,0.0015961695328226,0.0015961695328226,0.0015961695328226,0.0007984032360246474,0.0007984032360246474,0.0007984032360246474,-0.032470385030784144,-0.032470385030784144,0.05706663623167332
electricity,2020-01-01,False,0.014225917083317205,0.008891918857838792,0.0014763121725770746,-0.003687669625448642,-0.006930676010525438,-0.009281497214931989,-0.010539868565869526,-0.010033988343367106,-0.008405115614105618,-0.004404755003056593,0.0007777813785105891,0.00661249754062343,0.013688143173832934,0.021278024354651315,0.02891549255603909,0.03708918731440214,0.0,0.0,0.0,0.0,0.0015961695328226,0.0015961695328226,0.0015961695328226,0.0007984032360246474,0.0007984032360246474,0.0007984032360246474,-0.032470385030784144,-0.032470385030784144,-0.032470385030784144,0.05694994877433462
electricity,2020-02-01,False,-0.01149643406766872,0.002265610351400465,-0.007835823504045644,-0.006445943771448803,-0.012901309236094782,-0.018897405023202474,-0.023735348786088295,-0.026743696496304814,-0.028315746543013276,-0.02651302970096925,-0.022380768191322176,-0.01648100594393309,-0.009921088208952433,-0.003193024378580489,0.003866991100724526,0.012684483891259646,0.0,0.0,0.0,0.0015961695328226,0.0015961695328226,0.0015961695328226,0.0007984032360246474,0.0007984032360246474,0.0007984032360246474,-0.032470385030784144,-0.032470385030784144,-0.032470385030784144,-0.032470385030784144,0.056743224266544386
electricity,2020-03-01,False,-0.028702642014279776,-0.004250803425194823,-0.017045297549626495,-0.008324296788995156,-0.01696250344748318,-0.02540673080762801,-0.032621525921856076,-0.037369073700634026,-0.040841767780034566,-0.039979658599519574,-0.03629394755417259,-0.029846838939818987,-0.021551259879997176,-0.014557040846797875,-0.008024873350191086,0.0007856147505762578,0.0,0.0,0.0015961695328226,0.0015961695328226,0.0015961695328226,0.0007984032360246474,0.0007984032360246474,0.0007984032360246474,-0.032470385030784144,-0.032470385030784144,-0.032470385030784144,-0.032470385030784144,-0.032470385030784144,0.05654677073710049
electricity,2020-04-01,False,-0.049409334400314885,-0.01072502832513509,-0.026219854880943468,-0.009426109379963243,-0.019774319391849815,-0.0306735636901454,-0.04091109666348469,-0.04859614931769762,-0.05471358070141985,-0.05646938219233455,-0.05440014534971649,-0.04906890077946713,-0.04071575106215786,-0.03263137444635511,-0.02702475481758615,-0.019513122522219817,0.0,0.0015961695328226,0.0015961695328226,0.0015961695328226,0.0007984032360246474,0.0007984032360246474,0.0007984032360246474,-0.032470385030784144,-0.032470385030784144,-0.032470385030784144,-0.032470385030784144,-0.032470385030784144,-0.032470385030784144,0.0567579493982018
electricity,2020-05-01,False,-0.05180929368322005,-0.00894549251197424,-0.01991872136416739,-0.01015418464523865,-0.02139531683475937,-0.03340303101507747,-0.04501113922100508,-0.05395127188090765,-0.06081988273377448,-0.06241968888292604,-0.060764053367741155,-0.055070010498568855,-0.046231583944197574,-0.036983863380706694,-0.028834052900503337,-0.020786152815358783,0.0015961695328226,0.0015961695328226,0.0015961695328226,0.0007984032360246474,0.0007984032360246474,0.0007984032360246474,-0.032470385030784144,-0.032470385030784144,-0.032470385030784144,-0.032470385030784144,-0.032470385030784144,-0.032470385030784144,0.0551596124549123,0.0572312488082206
electricity,2020-06-01,False,-0.06853821334993676,-0.005830920310792987,-0.013636423764995916,-0.011452189241158095,-0.024781035689818154,-0.03989029343917849,-0.055473313308906036,-0.06892371438672829,-0.08035110276605195,-0.0852255141845033,-0.08559794271117571,-0.08228609259266761,-0.07412108010076324,-0.0654085431160416,-0.05707576810478798,-0.04677872925548421,0.0,0.0,-0.0007977662967979526,-0.0007977662967979526,-0.0007977662967979526,-0.034066554563606743,-0.034066554563606743,-0.034066554563606743,-0.034066554563606743,-0.034066554563606743,-0.034066554563606743,0.0535634429220897,0.0535634429220897,0.057564667428828604
electricity,2020-07-01,False,0.01348296010552704,-0.004177863432893715,-0.00737275432941351,-0.0021937419545965398,-0.004012183329007435,-0.005131182958245439,-0.005061069612761315,-0.0033311145928438535,-0.00017059431239641043,0.005447439941894672,0.012954926554168189,0.022082019866958014,0.0319938351347302,0.04157094913623727,0.05072084831052148,0.059627736911968654,0.0,-0.0007977662967979526,-0.0007977662967979526,-0.0007977662967979526,-0.034066554563606743,-0.034066554563606743,-0.034066554563606743,-0.034066554563606743,-0.034066554563606743,-0.034066554563606743,0.0535634429220897,0.0535634429220897,0.0535634429220897,0.05736195726455887
electricity,2020-08-01,False,0.02010250566735413,-0.002522069432709724,-0.0008621547770174418,-0.0021331756339995067,-0.0032659332454203494,-0.0036069077743929867,-0.002537555029061167,0.00021133701398579063,0.0043313177468302655,0.010518905538558165,0.018291253782862782,0.02786310555042082,0.03839535011697759,0.04889583201506387,0.058661352779539655,0.06793957045464882,-0.0007977662967979526,-0.0007977662967979526,-0.0007977662967979526,-0.034066554563606743,-0.034066554563606743,-0.034066554563606743,-0.034066554563606743,-0.034066554563606743,-0.034066554563606743,0.0535634429220897,0.0535634429220897,0.0535634429220897,0.055074017227456196,0.0572203080832467
electricity,2020-09-01,False,0.0533118315212756,-0.0015284934027510308,0.005628594802339249,0.0007724421503949586,0.0032439621740341096,0.00802018499992041,0.015405717084269632,0.02463638701488513,0.03548460692217148,0.04671112290887702,0.05791955698494977,0.06932089007539499,0.08073819269991311,0.09232871946628585,0.10399745152950768,0.11310399809116767,0.0,0.0,-0.03326878826680879,-0.03326878826680879,-0.03326878826680879,-0.03326878826680879,-0.03326878826680879,-0.03326878826680879,0.05436120921888765,0.05436120921888765,0.05436120921888765,0.05587178352425415,0.05587178352425415,0.05712380037337474
electricity,2020-10-01,False,0.08150895946586305,0.00019954105623412003,0.012099721157337054,0.002742065638664748,0.007953006895823123,0.016273950033107276,0.028049807310142505,0.04301601541309896,0.0596233217263098,0.07584161181607652,0.09069030305869585,0.10444066197455282,0.11642532646219106,0.12875891103574322,0.14149283896489973,0.1523209158261336,0.0,-0.03326878826680879,-0.03326878826680879,-0.03326878826680879,-0.03326878826680879,-0.03326878826680879,-0.03326878826680879,0.05436120921888765,0.05436120921888765,0.05436120921888765,0.05587178352425415,0.05587178352425415,0.05587178352425415,0.05704526468729226
electricity,2020-11-01,False,0.0817496501404091,0.00013302294665440184,0.02963715288922369,0.0031011077372982143,0.00872275193948191,0.01749711098030282,0.02945274011369836,0.04372467751053932,0.06083809923201233,0.07694627891874806,0.09195458721452887,0.10548283894806687,0.11701168771528447,0.12807809540815995,0.13988794923251557,0.14984821139446058,-0.03326878826680879,-0.03326878826680879,-0.03326878826680879,-0.03326878826680879,-0.03326878826680879,-0.03326878826680879,0.05436120921888765,0.05436120921888765,0.05436120921888765,0.05587178352425415,0.05587178352425415,0.05587178352425415,0.13910243767397823,0.057187989558398024
electricity,2020-12-01,False,0.05526178548134552,-0.027733411166583823,0.04696373204053292,0.0024470468231836406,0.008455038416224525,0.018204294577910396,0.03124879403181602,0.045837781768090835,0.06314600197543108,0.07963934366271008,0.09455693357600392,0.10797746869060276,0.11910236001645735,0.1293879371187323,0.13947429232379083,0.14838594856154597,0.0,0.0,0.0,0.0,0.0,0.08762999748569644,0.08762999748569644,0.08762999748569644,0.08914057179106294,0.08914057179106294,0.08914057179106294,0.17237122594078702,0.17237122594078702,0.0572418168936901
electricity,2021-01-01,False,0.054436082589287255,-0.025054778345522357,0.06408579344554037,0.00316336423035235,0.008249599761879445,0.017620356220320765,0.030725017531625376,0.045385014369654364,0.06175212760255544,0.07704899404367538,0.09134650553030799,0.1037832893131414,0.11415790617379251,0.12357258050919473,0.13246686556654286,0.13939327613031693,0.0,0.0,0.0,0.0,0.08762999748569644,0.08762999748569644,0.08762999748569644,0.08914057179106294,0.08914057179106294,0.08914057179106294,0.17237122594078702,0.17237122594078702,0.17237122594078702,0.057158516358059464
electricity,2021-02-01,False,0.048330430910758296,-0.02236895117533799,0.08131937507354572,0.0031178081364293675,0.0078093048646321606,0.015016378008379405,0.026177950107707737,0.039666789318631324,0.05485019779501776,0.06844712785020413,0.08106097373375754,0.09252176057109551,0.10195721497306653,0.11066414692225379,0.11884263463525535,0.1251105205485059,0.0,0.0,0.0,0.08762999748569644,0.08762999748569644,0.08762999748569644,0.08914057179106294,0.08914057179106294,0.08914057179106294,0.17237122594078702,0.17237122594078702,0.17237122594078702,0.17583743391727324,0.056970916676544366
electricity,2021-03-01,False,0.032162694125075414,-0.019675890906352484,0.0983515837637145,0.0026546991774134554,0.006247012557432541,0.011384918532203692,0.018356708713330505,0.027529212464608932,0.03860949501821764,0.04914221531935059,0.05862704700259869,0.06759031263547666,0.07521323601994645,0.08235389133981741,0.08922828784334325,0.09506863407927035,0.0,0.0,0.08762999748569644,0.08762999748569644,0.08762999748569644,0.08914057179106294,0.08914057179106294,0.08914057179106294,0.17237122594078702,0.17237122594078702,0.17237122594078702,0.17583743391727324,0.17583743391727324,0.05677628384026649
electricity,2021-04-01,False,0.034665222680145116,-0.016975558474975866,0.11518835667398383,0.004619887396545508,0.00975248747231916,0.015844981934528768,0.02306081503958257,0.031061588179432498,0.040709230725604506,0.05027477803555591,0.058846425646542855,0.06619976072510081,0.07275614093376959,0.07867013819695146,0.08420105611053774,0.0887329814170057,0.0,0.08762999748569644,0.08762999748569644,0.08762999748569644,0.08914057179106294,0.08914057179106294,0.08914057179106294,0.17237122594078702,0.17237122594078702,0.17237122594078702,0.17583743391727324,0.17583743391727324,0.17583743391727324,0.05659100605566689
electricity,2021-05-01,False,0.052218321786395065,-0.01413233966278919,0.15236120262736086,0.007837706513787346,0.016111340503704774,0.0251755220720975,0.035120056932820276,0.04533403663085789,0.05648009739320692,0.06705403644930286,0.07689213044175158,0.08477491278460025,0.09054747086165804,0.09584893118807347,0.10106675949557964,0.10442777915861523,0.08762999748569644,0.08762999748569644,0.08762999748569644,0.08914057179106294,0.08914057179106294,0.08914057179106294,0.17237122594078702,0.17237122594078702,0.17237122594078702,0.17583743391727324,0.17583743391727324,0.17583743391727324,0.5167486420691132,0.05643169879167257
electricity,2021-06-01,False,0.12686729839178473,0.06136894637629223,0.18787616808903657,0.009886396300987421,0.018781607372260645,0.028365863684597592,0.03857523179428135,0.048461213856947793,0.05878741686376632,0.06765017084250147,0.07598095729068444,0.08295233816890502,0.08784603484783382,0.09212005877810725,0.09474501088608545,0.0982048242335658,0.0,0.0,0.0015105743053664966,0.0015105743053664966,0.0015105743053664966,0.08474122845509058,0.08474122845509058,0.08474122845509058,0.0882074364315768,0.0882074364315768,0.0882074364315768,0.42911864458341675,0.42911864458341675,0.05630265944479437
electricity,2021-07-01,False,0.15307091486017074,0.05675833381860909,0.2218627314144878,0.014786946018645608,0.029631169177702255,0.04391135594730944,0.05971677665881803,0.07496394909094128,0.09059449831278332,0.10320825327731509,0.11383145382235416,0.12235142348627903,0.1280057794754752,0.1322486695902425,0.13304018107785165,0.13255737200572604,0.0,0.0015105743053664966,0.0015105743053664966,0.0015105743053664966,0.08474122845509058,0.08474122845509058,0.08474122845509058,0.0882074364315768,0.0882074364315768,0.0882074364315768,0.42911864458341675,0.42911864458341675,0.42911864458341675,0.05629343574062294
electricity,2021-08-01,False,0.1617020319298839,0.052102522282414986,0.2545969565648703,0.018059158308735057,0.0364496362070188,0.055264177950038906,0.07328294568926896,0.09049067061715466,0.10788143994457933,0.12087754598830269,0.1311261793290317,0.1378852994034263,0.14176291355973625,0.14527287168586067,0.1443964552940269,0.14180181845201556,0.0015105743053664966,0.0015105743053664966,0.0015105743053664966,0.08474122845509058,0.08474122845509058,0.08474122845509058,0.0882074364315768,0.0882074364315768,0.0882074364315768,0.42911864458341675,0.42911864458341675,0.42911864458341675,0.43353799869488885,0.056132388270008216
electricity,2021-09-01,False,0.17355276542604964,0.04871469531916403,0.2859968180256645,0.02152416013434344,0.04359687746288632,0.06650047755503419,0.08935689367786814,0.10842615957334267,0.12761430058589784,0.14134469713895204,0.15121030854684836,0.15672917507062767,0.15808936782100869,0.1595232314246937,0.15724346556927227,0.15253684535385492,0.0,0.0,0.08323065414972408,0.08323065414972408,0.08323065414972408,0.0866968621262103,0.0866968621262103,0.0866968621262103,0.42760807027805026,0.42760807027805026,0.42760807027805026,0.43202742438952235,0.43202742438952235,0.055973273341101575
electricity,2021-10-01,False,0.21712251038229288,0.0439716034231513,0.3161568595948258,0.027891390304391805,0.05795121413019366,0.09001241328637821,0.12370597104725167,0.15336344725675755,0.18025214939380607,0.1992658886538905,0.2125619630868032,0.2188513784305126,0.21880798322275563,0.21807949316329012,0.21251257322081152,0.20524971902891753,0.0,0.08323065414972408,0.08323065414972408,0.08323065414972408,0.0866968621262103,0.0866968621262103,0.0866968621262103,0.42760807027805026,0.42760807027805026,0.42760807027805026,0.43202742438952235,0.43202742438952235,0.43202742438952235,0.05592308005058659
electricity,2021-11-01,False,0.1706821625155671,0.03657265004221563,0.3456064020029352,0.023120552153197416,0.04929068049563767,0.07594088137605848,0.10257482451699662,0.1261643727055013,0.14695866409651792,0.1588381439752311,0.16615882605829668,0.16821527199611186,0.1655277237797126,0.16240525383263726,0.15543667880833478,0.14766074007268504,0.08323065414972408,0.08323065414972408,0.08323065414972408,0.0866968621262103,0.0866968621262103,0.0866968621262103,0.42760807027805026,0.42760807027805026,0.42760807027805026,0.43202742438952235,0.43202742438952235,0.43202742438952235,0.5882058642375387,0.056021125848262084
electricity,2021-12-01,False,0.24770181937289693,0.0976740827336699,0.37317286438180763,0.029164772558234908,0.055461035352672994,0.08326296676955725,0.11216940842631029,0.1384716994073898,0.16272057088069758,0.1789966110036456,0.18668373611896438,0.18907510662339888,0.18710875685934436,0.1840905233922454,0.1764306235353832,0.16746018720653932,0.0,0.0,0.003466207976486224,0.003466207976486224,0.003466207976486224,0.3443774161283262,0.3443774161283262,0.3443774161283262,0.34879677023979827,0.34879677023979827,0.34879677023979827,0.5049752100878147,0.5028774539168159,0.05599678330225792
electricity,2022-01-01,False,0.19235326182902585,0.0832306541497239,0.3992403235400711,0.02474864947638178,0.05132150472571517,0.07137748331399418,0.09273946436372604,0.11031652293110206,0.12505757487940006,0.13389790161439752,0.13707013583752836,0.13409834684355992,0.12893161147069154,0.12410646854834528,0.11623184511160467,0.10759563885451584,0.0,0.003466207976486224,0.003466207976486224,0.003466207976486224,0.3443774161283262,0.3443774161283262,0.3443774161283262,0.34879677023979827,0.34879677023979827,0.34879677023979827,0.5049752100878147,0.5028774539168159,0.5028774539168159,0.05582097169442403
electricity,2022-02-01,False,0.17829211711194062,0.06899287148695163,0.4245589134597896,0.025134826692580603,0.05089711364930505,0.07625012370740869,0.0945406398256825,0.11341694872720964,0.12778270666793734,0.13590597943917349,0.1386697909137542,0.1355518816960002,0.1278006248239798,0.12077676278541816,0.11167317909554164,0.10168469300501748,0.003466207976486224,0.003466207976486224,0.003466207976486224,0.3443774161283262,0.3443774161283262,0.3443774161283262,0.34879677023979827,0.34879677023979827,0.34879677023979827,0.5049752100878147,0.5028774539168159,0.5028774539168159,0.514568610044825,0.05564824319175007
electricity,2022-03-01,False,0.1672419452475838,0.05780995924720593,0.44855752827078993,0.024076510840727927,0.04883443055704184,0.07173478105796693,0.09494304471416459,0.10983327243734209,0.1269734409875536,0.13599540491968032,0.13945141073004308,0.1375088294803133,0.13106607484847466,0.12284104532782525,0.11277120166251109,0.10272638466863526,0.0,0.0,0.34091120815183995,0.34091120815183995,0.34091120815183995,0.34533056226331205,0.34533056226331205,0.34533056226331205,0.5015090021113284,0.4994112459403297,0.4994112459403297,0.5111024020683388,0.5111024020683388,0.05553391054227196
electricity,2022-04-01,False,0.153182274973059,0.04367351876831338,0.4713431738504316,0.022850013734396768,0.04653320669543248,0.06871235772358109,0.08904133081495047,0.10938423368657268,0.121836637177557,0.13515383829558036,0.14007384887874785,0.13920818209777241,0.13426141232876443,0.12751642086623782,0.11632804603360647,0.10540039691367298,0.0,0.34091120815183995,0.34091120815183995,0.34091120815183995,0.34533056226331205,0.34533056226331205,0.34533056226331205,0.5015090021113284,0.4994112459403297,0.4994112459403297,0.5111024020683388,0.5111024020683388,0.5111024020683388,0.05560730314293949
electricity,2022-05-01,False,0.10685521341164754,0.036350556871863796,0.4426289290228217,0.019158090375514192,0.03759502899146838,0.054043521976818276,0.06771096939756127,0.07786464709605134,0.08718959821348093,0.08861897041672062,0.09110879503414004,0.0874161677839167,0.08099151498977264,0.07376829232950932,0.06430380670454294,0.053922996301538184,0.34091120815183995,0.34091120815183995,0.34091120815183995,0.34533056226331205,0.34533056226331205,0.34533056226331205,0.5015090021113284,0.4994112459403297,0.4994112459403297,0.5111024020683388,0.5111024020683388,0.5111024020683388,0.5002508765522098,0.055797588937509315
electricity,2022-06-01,False,0.37204638876726237,0.3026114228706727,0.4154244146757054,0.030683759736572114,0.04552752009463212,0.05944149944716237,0.07108007614158218,0.07858986389190914,0.08374038261231576,0.08983476177408178,0.08928147373386075,0.08654927807556234,0.07990419223960465,0.07230585540972356,0.06317253638419285,0.05474224207416256,0.0,0.0,0.004419354111472096,0.004419354111472096,0.004419354111472096,0.16059779395948848,0.15850003778848976,0.15850003778848976,0.17019119391649884,0.17019119391649884,0.17019119391649884,0.15933966840036984,0.15933966840036984,0.056181159149333984
electricity,2022-07-01,False,0.3868296914957514,0.26401424698753845,0.38960429046935285,0.033700407656992226,0.06967149840507769,0.08914838112658074,0.10663795195648351,0.1207781789799629,0.1343794012651207,0.1450247323498992,0.15800261651738445,0.15592008479016872,0.1512594211113365,0.14218302303445807,0.12758637385596128,0.11359730140580293,0.0,0.004419354111472096,0.004419354111472096,0.004419354111472096,0.16059779395948848,0.15850003778848976,0.15850003778848976,0.17019119391649884,0.17019119391649884,0.17019119391649884,0.15933966840036984,0.15933966840036984,0.15933966840036984,0.05621223164216361
electricity,2022-08-01,False,0.3739069731440866,0.22695452762166937,0.35698864845736433,0.033123836341714785,0.07032115720050669,0.10590237282573245,0.12561296191429872,0.14145812413780678,0.15789673999281462,0.17006927500728608,0.1823398426664573,0.188738101375181,0.18210614509487755,0.17510581810686876,0.15827479698845703,0.14097234952377757,0.004419354111472096,0.004419354111472096,0.004419354111472096,0.16059779395948848,0.15850003778848976,0.15850003778848976,0.17019119391649884,0.17019119391649884,0.17019119391649884,0.15933966840036984,0.15933966840036984,0.15933966840036984,0.0689272525361746,0.0562979770467662
electricity,2022-09-01,False,0.36508365082137195,0.1947453016830217,0.32570622870114385,0.03196554256186612,0.06900906714610677,0.10611811532190973,0.1416869026160823,0.16018663860467264,0.1796143551407674,0.19472028939470842,0.2096545490896986,0.21464325469919476,0.217525458726052,0.2086285155044454,0.19458417459349509,0.17540835740958016,0.0,0.0,0.15617843984801638,0.15408068367701766,0.15408068367701766,0.16577183980502674,0.16577183980502674,0.16577183980502674,0.15492031428889774,0.15492031428889774,0.15492031428889774,0.0645078984247025,0.0645078984247025,0.05659288764300648
electricity,2022-10-01,False,0.3257217960649761,0.1598421682178476,0.295662503805075,0.028954878740941936,0.06298772709861922,0.09723542841707733,0.1321298992344886,0.1525843946981924,0.1525843946981924,0.1525843946981924,0.21278113107435548,0.21821647263906474,0.21811431917370783,0.21865216054041436,0.20360269743285286,0.18899956017015906,0.0,0.15617843984801638,0.15408068367701766,0.15408068367701766,0.16577183980502674,0.16577183980502674,0.16577183980502674,0.15492031428889774,0.15492031428889774,0.15492031428889774,0.0645078984247025,0.0645078984247025,0.0645078984247025,0.05709616947168271
electricity,2022-11-01,False,0.25567100798263975,0.13145706574538868,0.23799152597458337,0.02650213751962216,0.05302588364662153,0.07919610262415588,0.10458022635943198,0.1275990004516281,0.1473774422399261,0.15136487861157288,0.15522937268870596,0.15399366301074835,0.14869169463928866,0.14098395574771683,0.13429402428378356,0.11910666758212773,0.15617843984801638,0.15408068367701766,0.15408068367701766,0.16577183980502674,0.16577183980502674,0.16577183980502674,0.15492031428889774,0.15492031428889774,0.15492031428889774,0.0645078984247025,0.0645078984247025,0.0645078984247025,-0.013317089531336812,0.05744055471444399
electricity,2022-12-01,False,0.3132875691283138,0.22925677856069973,0.18242406607479564,-0.0035940451498239767,-0.0035940451498239767,-0.0035940451498239767,-0.0035940451498239767,-0.0035940451498239767,0.12458114827417432,0.12458114827417432,0.12458114827417432,0.12458114827417432,0.12458114827417432,0.12458114827417432,0.12458114827417432,0.12458114827417432,-0.0020977561709987214,-0.0020977561709987214,0.009593399957010362,0.009593399957010362,0.009593399957010362,-0.001258125559118639,-0.001258125559118639,-0.001258125559118639,-0.09167054142331388,-0.09167054142331388,-0.09167054142331388,-0.1694955293793532,-0.1694955293793532,0.05884628131251967
electricity,2023-01-01,False,0.22986365852889798,0.1868677845264688,0.12838675814892261,-0.0014962889788252554,-0.0014962889788252554,-0.0014962889788252554,-0.0014962889788252554,0.07192624175478102,0.07424960692771077,0.078607325486586,0.07627094646580801,0.06283767205769131,0.05408747842354167,0.04304303702459045,0.03138277450574112,0.020612841117984892,0.0,0.011691156128009084,0.011691156128009084,0.011691156128009084,0.0008396306118800823,0.0008396306118800823,0.0008396306118800823,-0.08957278525231516,-0.08957278525231516,-0.08957278525231516,-0.16739777320835447,-0.16739777320835447,-0.16739777320835447,0.05946411226608738
electricity,2023-02-01,False,0.15109385035588854,0.14813725075294334,0.07683790710457965,-0.0014962889788252554,-0.0014962889788252554,-0.0014962889788252554,0.03585661970351328,0.03519444989746745,0.02773968837287022,0.023328688952333643,0.011974239710959012,0.004946746587139117,-0.010962955441583766,-0.022014764720712954,-0.03171388485910942,-0.04122617434804088,0.011691156128009084,0.011691156128009084,0.011691156128009084,0.0008396306118800823,0.0008396306118800823,0.0008396306118800823,-0.08957278525231516,-0.08957278525231516,-0.08957278525231516,-0.16739777320835447,-0.16739777320835447,-0.16739777320835447,-0.12748980104592977,0.06138668808430487
electricity,2023-03-01,False,0.0906862303388287,0.12035483304475478,0.02667954134862702,-0.013187445106834339,-0.013187445106834339,0.019190819888924793,0.0175018796119506,0.009993342688420448,-0.0047258265036491665,-0.015835550812572485,-0.0356356904867523,-0.047182336975271966,-0.056278124795597684,-0.07540311984926618,-0.08473864582999724,-0.09320219248619033,0.0,0.0,-0.010851525516129001,-0.010851525516129001,-0.010851525516129001,-0.10126394138032424,-0.10126394138032424,-0.10126394138032424,-0.17908892933636356,-0.17908892933636356,-0.17908892933636356,-0.13918095717393886,-0.13918095717393886,0.06405394509972817
electricity,2023-04-01,False,0.03799279451997306,0.08343274698622057,-0.022204546973953965,-0.013187445106834339,-0.013187445106834339,-0.013187445106834339,-0.013187445106834339,-0.0010617821585308107,-0.01785316860684283,-0.03042774085956612,-0.05222968887597368,-0.06522791094553071,-0.07439527606571872,-0.0838369051791279,-0.09804712439570906,-0.10437567690824423,0.0,-0.010851525516129001,-0.010851525516129001,-0.010851525516129001,-0.10126394138032424,-0.10126394138032424,-0.10126394138032424,-0.17908892933636356,-0.17908892933636356,-0.17908892933636356,-0.13918095717393886,-0.13918095717393886,-0.13918095717393886,0.0673922270377894
electricity,2023-05-01,False,0.0020559698504716887,0.06935615872140075,-0.05480562293243489,-0.013187445106834339,-0.013187445106834339,-0.013187445106834339,-0.013138780896296609,-0.023375726382916184,-0.04178907715333757,-0.057180288235552545,-0.08215400793152305,-0.09817998971658248,-0.1096426800670196,-0.12007502679139037,-0.1260467223352233,-0.13637888803265774,-0.010851525516129001,-0.010851525516129001,-0.010851525516129001,-0.10126394138032424,-0.10126394138032424,-0.10126394138032424,-0.17908892933636356,-0.17908892933636356,-0.17908892933636356,-0.13918095717393886,-0.13918095717393886,-0.13918095717393886,-0.24740817331384068,0.07144111068552361
electricity,2023-06-01,False,-0.029780191245487163,0.046526676595337255,-0.08762437523646083,-0.0023359195907053376,-0.0023359195907053376,-0.0069695983282551666,-0.01723313880777777,-0.030165667180026112,-0.04991581284245683,-0.06579100474697253,-0.0928708194721235,-0.11081698117240979,-0.12497877813576519,-0.13787509548288135,-0.14563806832685167,-0.15087735956804327,0.0,0.0,-0.09041241586419524,-0.09041241586419524,-0.09041241586419524,-0.16823740382023455,-0.16823740382023455,-0.16823740382023455,-0.12832943165780986,-0.12832943165780986,-0.12832943165780986,-0.23655664779771168,-0.23655664779771168,0.07567053408260996
electricity,2023-07-01,False,0.015717698802626332,0.03374962491855548,-0.12068085345557641,-0.0023359195907053376,0.0022422293923360925,0.0002850216003889017,-0.002523728323135188,-0.005965419943024131,-0.012558065893270687,-0.01642409690172375,-0.02483057849568837,-0.02881687627515106,-0.03142501448597912,-0.0338563305598818,-0.033723273963500944,-0.03230492267746499,0.0,-0.09041241586419524,-0.09041241586419524,-0.09041241586419524,-0.16823740382023455,-0.16823740382023455,-0.16823740382023455,-0.12832943165780986,-0.12832943165780986,-0.12832943165780986,-0.23655664779771168,-0.23655664779771168,-0.23655664779771168,0.07552440406898935
electricity,2023-08-01,False,-0.006870319572134303,0.02145527206084299,-0.14304270241562136,-0.001103732255308465,-0.005867296832099633,-0.010639990741098337,-0.015528377964273865,-0.019899482090292686,-0.026041764970626602,-0.030279242683502794,-0.03693578544921561,-0.03955172895773096,-0.03979728856451281,-0.04047444386198862,-0.03955431086930439,-0.03734029248405868,-0.09041241586419524,-0.09041241586419524,-0.09041241586419524,-0.16823740382023455,-0.16823740382023455,-0.16823740382023455,-0.12832943165780986,-0.12832943165780986,-0.12832943165780986,-0.23655664779771168,-0.23655664779771168,-0.23655664779771168,-0.3070315921775082,0.07530860298172291
electricity,2023-09-01,False,-0.08116923823313009,-0.06645302859341973,-0.16569067808365376,-0.0036200951902101153,-0.007818119319392025,-0.011750625322928698,-0.015033077410793183,-0.017022567642501762,-0.01925317291871398,-0.020193526669519457,-0.02202122577040555,-0.020119410339014543,-0.017827630703441066,-0.01372814523683008,-0.0096794979965793,-0.005685067072357164,0.0,0.0,-0.07782498795603932,-0.07782498795603932,-0.07782498795603932,-0.03791701579361462,-0.03791701579361462,-0.03791701579361462,-0.14614423193351644,-0.14614423193351644,-0.14614423193351644,-0.21661917631331296,-0.21661917631331296,0.07510518095271644
electricity,2023-10-01,False,-0.06007825624005207,-0.07131243716252496,-0.18863623056054962,-0.005924054856554228,-0.009637170375733639,-0.010696608519418227,-0.01051146477005993,-0.008206494432341671,-0.003412428802271883,0.0014534393919900523,0.008164287693279704,0.01568881150247048,0.023373654641137165,0.031033613567722718,0.04038020950258314,0.04920350881040747,0.0,-0.07782498795603932,-0.07782498795603932,-0.07782498795603932,-0.03791701579361462,-0.03791701579361462,-0.03791701579361462,-0.14614423193351644,-0.14614423193351644,-0.14614423193351644,-0.21661917631331296,-0.21661917631331296,-0.21661917631331296,0.07495118206378665
electricity,2023-11-01,False,-0.052249085702311154,-0.0638348974466833,-0.1807261823186811,-0.00935868587726052,-0.014990655857938684,-0.01765193661099662,-0.017527973341686653,-0.014354001458363186,-0.007985037584799848,-0.0014362787196144922,0.008020104196641675,0.01794141935175464,0.02841363025382293,0.03860116264953817,0.04793733576926407,0.059165614731602645,-0.07782498795603932,-0.07782498795603932,-0.07782498795603932,-0.03791701579361462,-0.03791701579361462,-0.03791701579361462,-0.14614423193351644,-0.14614423193351644,-0.14614423193351644,-0.21661917631331296,-0.21661917631331296,-0.21661917631331296,-0.1424297145291007,0.07477429959662393
electricity,2023-12-01,False,-0.12234969512950271,-0.12244316701447164,-0.1728483386782331,-0.010880948974816285,-0.017528001143980454,-0.021519938994289056,-0.02372730212503793,-0.021799353561202217,-0.017057081715602607,-0.01289430244567491,-0.006033763036197293,0.002262439012370443,0.011769789068798886,0.022278721944682722,0.03211756819082989,0.04084478276608472,0.0,0.0,0.0399079721624247,0.0399079721624247,0.0399079721624247,-0.06831924397747713,-0.06831924397747713,-0.06831924397747713,-0.13879418835727364,-0.13879418835727364,-0.13879418835727364,-0.06460472657306138,-0.06460472657306138,0.07457684839854131
electricity,2024-01-01,False,-0.14610763880760827,-0.10891674683080818,-0.16473252598670737,-0.015363083674111877,-0.02976327091801867,-0.03999839682088524,-0.04806784587249702,-0.05233290743665808,-0.05278853877923151,-0.0526512628387108,-0.05137947207861693,-0.04586531449765463,-0.03804553758356555,-0.02801667764333704,-0.016494340534979557,-0.005894846114548713,0.0,0.0399079721624247,0.0399079721624247,0.0399079721624247,-0.06831924397747713,-0.06831924397747713,-0.06831924397747713,-0.13879418835727364,-0.13879418835727364,-0.13879418835727364,-0.06460472657306138,-0.06460472657306138,-0.06354596522481959,0.07500632148118516
electricity,2024-02-01,False,-0.14510253388968117,-0.0941509513893391,-0.1611330013000512,-0.0171692428262169,-0.03410982191796652,-0.04855101207578372,-0.05881126766756761,-0.0646402464731457,-0.06786287364388688,-0.06854878676988285,-0.06798505175740477,-0.06339277994748294,-0.05570967652811376,-0.04548351405949891,-0.03301008056571231,-0.020258114634059687,0.0399079721624247,0.0399079721624247,0.0399079721624247,-0.06831924397747713,-0.06831924397747713,-0.06831924397747713,-0.13879418835727364,-0.13879418835727364,-0.13879418835727364,-0.06460472657306138,-0.06460472657306138,-0.06354596522481959,-0.051972979667161745,0.07517817687987605
electricity,2024-03-01,False,-0.12603514195326185,-0.04550566547781105,-0.1574612481203761,-0.01819782388806601,-0.03925805774664237,-0.05898261908903546,-0.07599935775753597,-0.08662337365027195,-0.09486252333360845,-0.1009474399576078,-0.10463127105050773,-0.10196753622445698,-0.09661886318852453,-0.08786859535802982,-0.07562547493904948,-0.06248277834064009,0.0,0.0,-0.10822721613990183,-0.10822721613990183,-0.10822721613990183,-0.17870216051969834,-0.17870216051969834,-0.17870216051969834,-0.10451269873548608,-0.10451269873548608,-0.10345393738724429,-0.09188095182958644,-0.09188095182958644,0.07517314057399445
electricity,2024-04-01,False,-0.11134179453953234,-0.033543663213764466,-0.15375988089473944,-0.01787856999282944,-0.03727377689564815,-0.056661467189430326,-0.07407317221004384,-0.08627008554339444,-0.09391047236919636,-0.09889988303517949,-0.10291012097740548,-0.09931207186713031,-0.0922970284822231,-0.08326574784795415,-0.07084170042313964,-0.05734427049379143,0.0,-0.10822721613990183,-0.10822721613990183,-0.10822721613990183,-0.17870216051969834,-0.17870216051969834,-0.17870216051969834,-0.10451269873548608,-0.10451269873548608,-0.10345393738724429,-0.09188095182958644,-0.09188095182958644,-0.09240410120065956,0.07511663243961045
electricity,2024-05-01,False,-0.08392680044528056,-0.022448117067120677,-0.1303776978423618,-0.01604405109783258,-0.03258505875395468,-0.04801473591330119,-0.06276989181761561,-0.07335554741269412,-0.08027477956483775,-0.08290781886361476,-0.08355655876665757,-0.07943873129339885,-0.07096398994451647,-0.06005982452206293,-0.04743747117425112,-0.03386166784562672,-0.10822721613990183,-0.10822721613990183,-0.10822721613990183,-0.17870216051969834,-0.17870216051969834,-0.17870216051969834,-0.10451269873548608,-0.10451269873548608,-0.10345393738724429,-0.09188095182958644,-0.09188095182958644,-0.09240410120065956,-0.06301296782873411,0.07504356596128937
electricity,2024-06-01,False,-0.13171035226153985,-0.10240559596591378,-0.10666772282285619,-0.013111491363911654,-0.023291596575102602,-0.032172820235445876,-0.03981006100744011,-0.04516748236317358,-0.04772549552161198,-0.04862135027654357,-0.04516871222153629,-0.03814762875366817,-0.02957522696542636,-0.017908763471362832,-0.004944378150447015,0.00735336621433369,0.0,0.0,-0.07047494437979651,-0.07047494437979651,-0.07047494437979651,0.0037145174044157514,0.0037145174044157514,0.004773278752657539,0.016346264310315384,0.016346264310315384,0.015823114939242267,0.045214248311167715,0.04470598908802792,0.07495714128559515
electricity,2024-07-01,False,-0.07709528801604353,-0.08212616942357996,-0.08256929434774561,-0.008303040703855125,-0.014446519968498883,-0.016973465930977483,-0.018371346433590396,-0.017499818970407865,-0.01441812213518201,-0.011297480891252043,-0.005064921538225242,0.005064822781831069,0.0165147395729619,0.028484919906020423,0.042119122256877084,0.05500851054745848,0.0,-0.07047494437979651,-0.07047494437979651,-0.07047494437979651,0.0037145174044157514,0.0037145174044157514,0.004773278752657539,0.016346264310315384,0.016346264310315384,0.015823114939242267,0.045214248311167715,0.04470598908802792,0.04470598908802792,0.07487559431676409
electricity,2024-08-01,False,-0.04653171055444949,-0.06997295693910612,-0.05892859410747293,-0.004827510526039802,-0.006980583008650676,-0.007303420208339517,-0.005123790531317951,-0.0012205621345406925,0.005004962038854366,0.010237166343752158,0.017813018735963304,0.02681091823424797,0.03889835555913024,0.051850846697770514,0.0646228439519172,0.07741557249350528,-0.07047494437979651,-0.07047494437979651,-0.07047494437979651,0.0037145174044157514,0.0037145174044157514,0.004773278752657539,0.016346264310315384,0.016346264310315384,0.015823114939242267,0.045214248311167715,0.04470598908802792,0.04470598908802792,0.006359321908291804,0.07533832869790576
electricity,2024-09-01,False,-0.07340469797803444,-0.11738152682307867,-0.03501583592176134,-0.0029172508939963038,-0.0014900794413108542,0.002201672713307623,0.006854467030081857,0.014333526315597922,0.024241949605155355,0.03259550567381364,0.04314397550955906,0.053147004243224494,0.06438655848815333,0.078678941151618,0.09336712911302314,0.10633207911702591,0.0,0.0,0.07418946178421226,0.07418946178421226,0.07524822313245405,0.0868212086901119,0.0868212086901119,0.08629805931903878,0.11568919269096423,0.11518093346782443,0.11518093346782443,0.07683426628808832,0.07683426628808832,0.07579119703505027
electricity,2024-10-01,False,-0.04061885400051498,-0.09929538291528811,-0.010775826439592117,0.001967271061129594,0.006950299442091357,0.014220758497812014,0.022187560553119212,0.030912782812143824,0.04216811985638813,0.05171225274748714,0.06277095853089776,0.07226945466936296,0.08175930496874351,0.09223364389524757,0.10475384291807455,0.11673863243209848,0.0,0.07418946178421226,0.07418946178421226,0.07524822313245405,0.0868212086901119,0.0868212086901119,0.08629805931903878,0.11568919269096423,0.11518093346782443,0.11518093346782443,0.07683426628808832,0.07683426628808832,0.07736238882478919,0.07584003343223576
electricity,2024-11-01,False,-0.02276918833381245,-0.08799729507199883,-0.0031209388141116216,0.004196806685010657,0.011176001651991285,0.019570328607291465,0.029008460842602446,0.03897322056682295,0.05025491038165075,0.06043667043734313,0.07173158926369272,0.08102836525739399,0.0899128195473935,0.09891340515022495,0.10871957745745053,0.11978608009679625,0.07418946178421226,0.07418946178421226,0.07524822313245405,0.0868212086901119,0.0868212086901119,0.08629805931903878,0.11568919269096423,0.11518093346782443,0.11518093346782443,0.07683426628808832,0.07683426628808832,0.07736238882478919,0.10084377032141756,0.0762130141387279
electricity,2024-12-01,False,0.0571070545962328,-0.014199554909299809,0.004645416129577417,0.00411341263701015,0.011327216525374162,0.020509856870103427,0.03030495446310777,0.041528402869781544,0.05462844478547346,0.06563563685419904,0.07879911027788644,0.08933386584856784,0.09932977847301228,0.10924043337749989,0.11963643491007137,0.13071100990494422,0.0,0.001058761348241788,0.012631746905899632,0.012631746905899632,0.012108597534826515,0.041499730906751964,0.04099147168361217,0.04099147168361217,0.0026448045038760526,0.0026448045038760526,0.0031729270405769228,0.026654308537205296,0.027685236463563356,0.07657959052860015
electricity,2025-01-01,False,0.05815700402592354,-0.008701439213212332,0.012305840691499705,0.0054153606233553475,0.013441871239438186,0.022379818688935238,0.03177902225965035,0.041565455858033395,0.053119120978220025,0.06309418413164192,0.07398691384473377,0.08321844238049891,0.09185420899114405,0.10027700699916231,0.10883154399331652,0.11749701098757637,0.001058761348241788,0.012631746905899632,0.012631746905899632,0.012108597534826515,0.041499730906751964,0.04099147168361217,0.04099147168361217,0.0026448045038760526,0.0026448045038760526,0.0031729270405769228,0.026654308537205296,0.027685236463563356,0.02820030214582392,0.076466800630245
electricity,2025-02-01,False,0.07394979871656844,0.0013236269305083458,0.02474424903538567,0.00665705891956847,0.015861644934158647,0.02634466998524676,0.03674132356082449,0.04741315185358186,0.059147373724687924,0.06972584401321669,0.08120192926280634,0.0902138896129907,0.09889020237798096,0.10710598947015804,0.11523712521848406,0.12327033730158554,0.011572985557657844,0.011572985557657844,0.011049836186584727,0.040440969558510176,0.03993271033537038,0.03993271033537038,0.0015860431556342647,0.0015860431556342647,0.002114165692335135,0.025595547188963508,0.02662647511532157,0.02714154079758213,0.06304931758610355,0.07628022490595034
electricity,2025-03-01,False,0.06587493246045029,0.020074630812978788,0.03722963723781942,0.005865634475820336,0.012078301177210093,0.018519137020806653,0.025059867230921462,0.03132907879102209,0.03774928425176416,0.043715173791525785,0.050029864603103213,0.05577475960798228,0.061207797030206734,0.06690667074201606,0.07253805906952149,0.07812325313894597,0.0,-0.0005231493710731172,0.02886798400085233,0.028359724777712536,0.028359724777712536,-0.00998694240202358,-0.00998694240202358,-0.00945881986532271,0.014022561631305663,0.015053489557663724,0.015568555239924287,0.051476332028445704,0.051476332028445704,0.0760920769289456
electricity,2025-04-01,False,0.06073742730310948,0.028290429839096142,0.050106651493948766,0.00488688108917934,0.009328128595628371,0.013618649756632628,0.017933237357484977,0.022339170770887762,0.026310897772138908,0.030402969549710335,0.034220017073975484,0.038626276147574856,0.043111442840491065,0.04753666265190759,0.05242487482982483,0.05723035975731694,-0.0005231493710731172,0.02886798400085233,0.028359724777712536,0.028359724777712536,-0.00998694240202358,-0.00998694240202358,-0.00945881986532271,0.014022561631305663,0.015053489557663724,0.015568555239924287,0.051476332028445704,0.051476332028445704,0.054452524701491534,0.07593007611233181
electricity,2025-05-01,False,0.03588353444938325,0.026467909807798836,0.04112565542267543,0.005391683430796768,0.007948536162669662,0.009132567797525581,0.009864818073135773,0.010164322785988666,0.008999732268992311,0.00897233981770107,0.007569184041254395,0.008216290903908963,0.00951761002724627,0.01112537089552923,0.012604609179052595,0.014400254945599933,0.02939113337192545,0.028882874148785653,0.028882874148785653,-0.009463793030950463,-0.009463793030950463,-0.008935670494249592,0.01454571100237878,0.015576638928736841,0.016091704610997404,0.05199948139951882,0.05199948139951882,0.05497567407256465,-0.03298171285314844,0.07579671064166306
electricity,2025-06-01,False,0.0559224673065101,0.0494318842553717,0.032565903019793827,0.004873979004644369,0.006711640718850553,0.00725854693173833,0.007430876350785098,0.007309027753422015,0.005809157255671771,0.005653735559968176,0.00404293618986884,0.004624926776667593,0.005875087167273918,0.007636326090452172,0.009477482138752436,0.011168038145985548,-0.0005082592231397953,-0.0005082592231397953,-0.03885492640287591,-0.03885492640287591,-0.03832680386617504,-0.014845422369546668,-0.013814494443188607,-0.013299428760928045,0.022608348027593372,0.022608348027593372,0.025584540700639202,-0.062372846225073886,-0.05805551625949246,0.07567648849023212
electricity,2025-07-01,False,0.06526698494687923,0.04514911401219351,0.024344459689347137,0.007244586964189281,0.011858311999459303,0.014857221682709643,0.017323893508803145,0.01915479115286267,0.0194423997697184,0.020729085590220464,0.02058278933274238,0.021791692496226922,0.0233538402023985,0.025030331669995576,0.02663301447386157,0.028138801554441706,0.0,-0.038346667179736116,-0.038346667179736116,-0.037818544643035246,-0.014337163146406873,-0.013306235220048812,-0.01279116953778825,0.023116607250733168,0.023116607250733168,0.026092799923778998,-0.06186458700193409,-0.05754725703635266,-0.05324848631114243,0.07550612131854459
electricity,2025-08-01,False,0.06852459154717809,0.03570883921918557,0.0198440843026791,0.009526001276352503,0.016615548972992222,0.022154726681222314,0.02674662924409965,0.030358918071517138,0.032245818217243816,0.03485308416512378,0.03589796919992061,0.037787836216001125,0.039574590341685756,0.041167222193928765,0.04240986997292495,0.04350699059985974,-0.038346667179736116,-0.038346667179736116,-0.037818544643035246,-0.014337163146406873,-0.013306235220048812,-0.01279116953778825,0.023116607250733168,0.023116607250733168,0.026092799923778998,-0.06186458700193409,-0.05754725703635266,-0.05324848631114243,-0.01795380361659582,0.07531716813456756
electricity,2025-09-01,False,0.020337362240004632,-0.005531424613229091,0.015723730975403038,0.009149954791208614,0.015563181793774916,0.020158473218393702,0.023833023061811787,0.026256204279570206,0.026619525158980473,0.028092300887637478,0.02768579266472848,0.028638838912520725,0.029654362037327964,0.030510210006126748,0.031046638292512085,0.03138192826397823,0.0,0.0005281225367008702,0.024009504033329243,0.025040431959687304,0.025555497641947866,0.061463274430469284,0.061463274430469284,0.06443946710351511,-0.023517919822197975,-0.019200589856616546,-0.014901819131406313,0.020392863563140295,0.024525100848051373,0.07513375306971427
electricity,2025-10-01,False,0.022314498297572823,-0.011641778820256085,,0.00919890288299019,0.01614844449833619,0.02194378022447374,0.026966661352471277,0.030944628813368347,0.03302411065479394,0.03580713618395848,0.03713133714160577,0.03925540600886901,0.04134780918408243,0.04318833718955872,0.04458640912501011,0.04578888671689274,0.0005281225367008702,0.024009504033329243,0.025040431959687304,0.025555497641947866,0.061463274430469284,0.061463274430469284,0.06443946710351511,-0.023517919822197975,-0.019200589856616546,-0.014901819131406313,0.020392863563140295,0.024525100848051373,,0.07499551810151128
electricity,2025-11-01,False,0.01933513057973275,-0.011418196104489905,,0.0076550963549566475,0.013455697064528316,0.018173719026959745,0.02261242615775405,0.02634273197528003,0.0286633852764151,0.031409769366755214,0.03301237388385303,0.03552398452521821,0.03814308741285366,0.04068966718238798,0.04301423750683053,0.04505429972263553,0.023481381496628373,0.024512309422986434,0.025027375105246996,0.06093515189376841,0.06093515189376841,0.06391134456681424,-0.024046042358898845,-0.019728712393317416,-0.015429941668107183,0.019864741026439425,0.023996978311350503,,,0.07483911724995931
electricity,2025-12-01,False,0.030964138891900524,0.007895970089563076,,0.006534468228082346,0.010915743985111526,0.014242810278442875,0.017115504504515044,0.019767293918708795,0.0211106336994904,0.023170887162319076,0.02383045166365072,0.025844431485499086,0.028174077675318543,0.03064266501372881,0.03301114305047648,0.035292222729811584,0.0010309279263580606,0.0015459936086186232,0.03745377039714004,0.03745377039714004,0.04042996307018587,-0.04752742385552722,-0.04321009388994579,-0.038911323164735556,-0.0036166404701889476,0.0005155968147221301,,,,0.07466729273873964
electricity,2026-01-01,False,0.013608750358988838,0.00663366636817619,,0.0035386374198731474,0.004857696662582178,0.005133832410806782,0.00521027878318403,0.005281699106263638,0.00464317990649743,0.005146490506113821,0.004511054678654425,0.005707240071557429,0.007686895619713141,0.010236183464637172,0.012990685103889454,0.015786482278285163,0.0005150656822605626,0.03642284247078198,0.03642284247078198,0.03939903514382781,-0.04855835178188528,-0.04424102181630385,-0.03994225109109362,-0.004647568396547008,-0.0005153311116359305,,,,,0.0745745698097776
electricity,2026-02-01,False,0.03178183834021287,0.00580984140189743,,0.003123371557262722,0.006010799893217289,0.008992634039057812,0.012055556658458144,0.015484699060981377,0.01899335253434753,0.02286242570251229,0.026614137607383626,0.03088662802117259,0.03533069175440939,0.040230373928404006,0.04541960060966055,0.05074976835251377,0.03590777678852142,0.03590777678852142,0.03888396946156725,-0.04907341746414584,-0.04475608749856441,-0.04045731677335418,-0.005162634078807571,-0.001030396793896493,,,,,,0.0744613531284011
electricity,2026-03-01,False,0.05138692936383515,0.03432132560360508,,0.0014955414220052532,0.0025566829273078184,0.0037776300268337337,0.005330658595873672,0.007448323807096813,0.009902587131310092,0.012714404952583358,0.015781268652241387,0.019822344007649484,0.024294293719701265,0.02916423377980948,0.034561230561743095,0.040114214706099105,0.0,0.00297619267304583,-0.08498119425266726,-0.08066386428708583,-0.0763650935618756,-0.04107041086732899,-0.03693817358241791,,,,,,,0.0743594743478838
electricity,2026-04-01,False,0.0979606524330552,0.029960853578274247,,0.0031162598311240686,0.009948474650047778,0.018740092536411623,0.028466259917403924,0.03909247167297902,0.05176143466280969,0.06255312977092764,0.07519261390368381,0.08547278928395041,0.09528760698538541,0.10500231157226114,0.11483282182093468,0.12468641140860459,0.00297619267304583,-0.08498119425266726,-0.08066386428708583,-0.0763650935618756,-0.04107041086732899,-0.03693817358241791,,,,,,,,0.07420635891306515
electricity,2026-05-01,False,0.08570226854613257,0.03050856796858771,,0.001050526596232615,0.005546436548746314,0.012133140636220396,0.01959187869529977,0.028285879071256126,0.03921558380907619,0.0485681007875014,0.05983442240075565,0.0694076826361032,0.07885814588471618,0.08849617287110156,0.09845019826898938,0.10841411881381813,-0.08795738692571309,-0.08364005696013166,-0.07934128623492143,-0.04404660354037482,-0.03991436625546374,,,,,,,,,0.07403143303117861
electricity,2026-06-01,False,0.02093179954257566,-0.045117784135374144,,0.001644023894699309,0.007853294760337803,0.016783825168599442,0.0262171301769758,0.03675261148072373,0.049362921021300465,0.06007571452727056,0.07278084113938377,0.08319959307149016,0.09310915063829395,0.10308666939006628,0.11325980163396032,0.12342281455588289,0.004317329965581429,0.008616100690791662,0.04391078338533827,0.04804302067024935,,,,,,,,,,0.07385500212334054
electricity,2026-07-01,True,-0.03639649212772006,-0.03639649212772006,,0.0,0.0,0.0,0.0,0.0,0.0,0.0,0.0,0.0,0.0,0.0,0.0,0.0,0.0042987707252102325,0.03959345341975684,0.04372569070466792,,,,,,,,,,,0.07369657383232031
electricity,2026-08-01,True,-0.031231920482624558,-0.031231920482624558,,0.0,0.0,0.0,0.0,0.0,0.0,0.0,0.0,0.0,0.0,0.0,0.0,0.0,0.03529468269454661,0.039426919979457686,,,,,,,,,,,,0.0735756856971237
electricity,2026-09-01,True,-0.0005174644358679609,-0.0005174644358679609,,0.0,0.0,0.0,0.0,0.0,0.0,0.0,0.0,0.0,0.0,0.0,0.0,0.0,0.004132237284911078,,,,,,,,,,,,,0.07347805774803477
gas,2008-01-01,True,-0.06013758716268,-0.05956988065758409,0.177903633548605,-0.0059644283571058665,-0.012487792103196504,0.0,0.0,0.0,0.0,0.0,0.0,0.0,0.0,0.0,0.0,0.0,0.0017905107737883341,0.007142887512380902,0.1245304317655469,0.1245304317655469,0.14489135441446166,0.14489135441446166,0.14489135441446166,0.14644054140129104,0.2562801749036385,0.4090429294560485,0.41142105186101663,0.4102326975916375,0.4102326975916375,0.08114229339811023
gas,2008-02-01,True,-0.045917480591803325,-0.04603201237185322,0.221690952759184,0.00038833758160095044,0.0006437244944184073,0.0011009034428512976,0.0,0.0,0.0,0.0,0.0,0.0,0.0,0.0,0.0,0.0,0.005352376738592568,0.12273992099175857,0.12273992099175857,0.14310084364067333,0.14310084364067333,0.14310084364067333,0.1446500306275027,0.2544896641298502,0.40725241868226014,0.4096305410872283,0.40844218681784916,0.40844218681784916,0.40844218681784916,0.08184287020080752
gas,2008-03-01,True,-0.024250979948246647,-0.02922475665849433,0.2470917305961218,0.007218049680242089,0.01451626821670704,0.02186167212551382,0.029733607263906947,0.0,0.0,0.0,0.0,0.0,0.0,0.0,0.0,0.0,0.117387544253166,0.117387544253166,0.13774846690208076,0.13774846690208076,0.13774846690208076,0.13929765388891013,0.24913728739125762,0.4019000419436676,0.4042781643486357,0.4030898100792566,0.4030898100792566,0.4030898100792566,0.4030898100792566,0.08250272393248616
gas,2008-04-01,True,0.09051484043040545,0.07927384017742559,0.26731476962734685,0.012619038830124829,0.021318775495556608,0.030708235652743276,0.04089023689958182,0.05362141335781523,0.0,0.0,0.0,0.0,0.0,0.0,0.0,0.0,0.0,0.02036092264891476,0.02036092264891476,0.02036092264891476,0.021910109635744135,0.13174974313809162,0.2845124976905016,0.28689062009546973,0.2857022658260906,0.2857022658260906,0.2857022658260906,0.2857022658260906,0.24195288327170594,0.08242580002404684
gas,2008-05-01,True,0.11009040733987889,0.07784750988283888,0.2805074419004457,0.02052576670904127,0.042036353150941785,0.059878063543376214,0.0788664383987907,0.09947584400828902,0.11785436869914001,0.0,0.0,0.0,0.0,0.0,0.0,0.0,0.02036092264891476,0.02036092264891476,0.02036092264891476,0.021910109635744135,0.13174974313809162,0.2845124976905016,0.28689062009546973,0.2857022658260906,0.2857022658260906,0.2857022658260906,0.2857022658260906,0.24195288327170594,0.23196528464335753,0.0823246734534293
gas,2008-06-01,True,0.15046791562900663,0.09025836226629314,0.29061188269803284,0.028152426508150974,0.0563513703918197,0.08530025921182816,0.11074635082415707,0.1376403665363375,0.16086212540250688,0.1753699793920651,0.0,0.0,0.0,0.0,0.0,0.0,0.0,0.0,0.0015491869868293762,0.11138882048917687,0.2641515750415868,0.26652969744655497,0.26534134317717584,0.26534134317717584,0.26534134317717584,0.26534134317717584,0.22159196062279118,0.21160436199444277,0.21160436199444277,0.08214705836496947
gas,2008-07-01,True,0.20111866780691948,0.08180998760074147,0.29810845929423674,0.0395657913994496,0.08287826115479557,0.12702418461823672,0.1722859482105079,0.2144593318293353,0.2505124358476847,0.2715976732900254,0.28077512075316946,0.0,0.0,0.0,0.0,0.0,0.0,0.0015491869868293762,0.11138882048917687,0.2641515750415868,0.26652969744655497,0.26534134317717584,0.26534134317717584,0.26534134317717584,0.26534134317717584,0.22159196062279118,0.21160436199444277,0.21160436199444277,0.21160436199444277,0.0819893180398458
gas,2008-08-01,True,0.2229101142894287,0.07162645815015022,0.3029684680277725,0.04039330254781426,0.0879706368172366,0.13650104428854082,0.18375660070165,0.22977294958610628,0.26460136721066263,0.2846287902088891,0.2932680348181549,0.2928192858627918,0.0,0.0,0.0,0.0,0.0015491869868293762,0.11138882048917687,0.2641515750415868,0.26652969744655497,0.26534134317717584,0.26534134317717584,0.26534134317717584,0.26534134317717584,0.22159196062279118,0.21160436199444277,0.21160436199444277,0.21160436199444277,0.2065729048390761,0.08189451437578625
gas,2008-09-01,True,0.2704328175472252,0.06172171463080794,0.2887679962723533,0.043421062301744584,0.09537575506814022,0.1569126923370039,0.2166194301160127,0.27333661620332883,0.31859131263330287,0.3411159178992156,0.34994255004605535,0.34806006273224543,0.3364992257551833,0.0,0.0,0.0,0.10983963350234749,0.26260238805475744,0.2649805104597256,0.26379215619034646,0.26379215619034646,0.26379215619034646,0.26379215619034646,0.2200427736359618,0.2100551750076134,0.2100551750076134,0.2100551750076134,0.2050237178522467,0.2050237178522467,0.08188414235964936
gas,2008-10-01,True,0.37434628618328913,0.1396925966520286,0.24665153204760915,0.05550497093147566,0.10289521045664873,0.15899746645885582,0.21963134034697696,0.2768602795760744,0.32079449346986877,0.3468896694340575,0.3526085953995368,0.34815822826965714,0.33680725921216226,0.3211740378882171,0.0,0.0,0.15276275455240995,0.1551408769573781,0.15395252268799897,0.15395252268799897,0.15395252268799897,0.15395252268799897,0.11020314013361432,0.1002155415052659,0.1002155415052659,0.1002155415052659,0.09518408434989922,0.09518408434989922,0.09518408434989922,0.08277327402154676
gas,2008-11-01,True,0.4548685821722977,0.240530942879878,0.2050420119848332,0.06091061855699653,0.11179745607477276,0.15322204574139509,0.19646435035567933,0.23906859049699314,0.270786219763683,0.28631731979791475,0.29352877020073187,0.28408647782074326,0.2714355143889513,0.25901161487108926,0.24430680770683555,0.0,0.0023781224049681526,0.00118976813558902,0.00118976813558902,0.00118976813558902,0.00118976813558902,-0.04255961441879563,-0.05254721304714405,-0.05254721304714405,-0.05254721304714405,-0.05757867020251073,-0.05757867020251073,-0.05757867020251073,-0.058840500022933284,0.08588328235417357
gas,2008-12-01,False,0.3948844671209447,0.20745666632153886,0.16491556805316585,0.05088161531168023,0.10426368566328126,0.14584028092450207,0.17683768370213393,0.2038586351245355,0.22761601646331542,0.23639830349998903,0.23642655404893542,0.22822655872494035,0.2113025777156139,0.19536151953019143,0.17924351803038885,0.15872016916541298,-0.0011883542693791327,-0.0011883542693791327,-0.0011883542693791327,-0.0011883542693791327,-0.044937736823763785,-0.0549253354521122,-0.0549253354521122,-0.0549253354521122,-0.05995679260747888,-0.05995679260747888,-0.05995679260747888,-0.06121862242790144,-0.06121862242790144,0.08893595410153791
gas,2009-01-01,False,0.31494352326883923,0.17261848693780174,0.1260701599344771,0.041909405947411216,0.08417961959791764,0.12467649868321828,0.15259120509416313,0.16942765245218272,0.1806147769408133,0.18751630101000494,0.18405468466145436,0.1712238219296749,0.1560306634884956,0.13479614453328548,0.113273677310894,0.09333820418485139,0.0,0.0,0.0,-0.04374938255438465,-0.05373698118273307,-0.05373698118273307,-0.05373698118273307,-0.05876843833809975,-0.05876843833809975,-0.05876843833809975,-0.060030268158522304,-0.060030268158522304,-0.060030268158522304,0.09181750367253025
gas,2009-02-01,False,0.26142523312304233,0.14029220580956692,0.08874855152836364,0.03416102794103537,0.06784351577596937,0.09927004678375084,0.12854784128458707,0.14710586245868207,0.15680146701980124,0.16078265785366952,0.16210336780159107,0.15085789554608908,0.13539869937172888,0.11667238704558347,0.0914949200872206,0.07013996376518605,0.0,0.0,-0.04374938255438465,-0.05373698118273307,-0.05373698118273307,-0.05373698118273307,-0.05876843833809975,-0.05876843833809975,-0.05876843833809975,-0.060030268158522304,-0.060030268158522304,-0.060030268158522304,-0.05876843833809975,0.09453546267276643
gas,2009-03-01,False,0.15328159955969387,0.11674314846470321,0.05776451569598181,0.017862194507380025,0.03367889553964254,0.04668892279468295,0.05612152324665143,0.06250834393873461,0.061282854102252315,0.058061589626374754,0.05369644038880672,0.045515494843346715,0.03551493352962076,0.020495539091859527,-0.0007090079069564936,-0.017718367210007635,0.0,-0.04374938255438465,-0.05373698118273307,-0.05373698118273307,-0.05373698118273307,-0.05876843833809975,-0.05876843833809975,-0.05876843833809975,-0.060030268158522304,-0.060030268158522304,-0.060030268158522304,-0.05876843833809975,-0.08820114512521826,0.09705114191569439
gas,2009-04-01,False,0.11566480191048166,0.09373591426006346,0.034997131068262584,0.013732556565321019,0.02354299008169214,0.030316460191603056,0.03468313590790206,0.03783354200498046,0.04111124283074652,0.04073598201716866,0.037804534864292805,0.030962096136029515,0.02402868455401652,0.01073986460126708,-0.009971515321297808,-0.02592542561756961,-0.04374938255438465,-0.05373698118273307,-0.05373698118273307,-0.05373698118273307,-0.05876843833809975,-0.05876843833809975,-0.05876843833809975,-0.060030268158522304,-0.060030268158522304,-0.060030268158522304,-0.05876843833809975,-0.08820114512521826,-0.08820114512521826,0.09801944712170423
gas,2009-05-01,False,0.04079295979979909,0.03658237468490591,0.01334420655115235,0.004059447073850642,0.008338402951911128,0.008785101464389378,0.0069657938343006265,0.006468320108624859,0.008702457936750285,0.01470412637464591,0.015432343975170681,0.011962636190528286,0.010063173331698039,0.0014197410583483006,-0.01393856157683615,-0.024947030243629875,-0.009987598628348415,-0.009987598628348415,-0.009987598628348415,-0.015019055783715096,-0.015019055783715096,-0.015019055783715096,-0.01628088560413765,-0.01628088560413765,-0.01628088560413765,-0.015019055783715096,-0.04445176257083361,-0.04445176257083361,-0.073439299444086,0.09857444498665541
gas,2009-06-01,False,0.007650961058891686,0.011250841562703374,-0.008068840889561219,0.0007974887648609652,-0.0018344243492087742,-0.003762510033874733,-0.00933754607828341,-0.012844868057356074,-0.011717152134615993,-0.003942520436075014,0.0047180704944622676,0.005908727115333967,0.007411747054557161,0.003977880035287207,-0.0074957407538107645,-0.013795973870858624,0.0,0.0,-0.005031457155366681,-0.005031457155366681,-0.005031457155366681,-0.006293286975789236,-0.006293286975789236,-0.006293286975789236,-0.005031457155366681,-0.03446416394248519,-0.03446416394248519,-0.06345170081573759,-0.06345170081573759,0.0988968300274773
gas,2009-07-01,False,0.053315109521735765,-0.0046941096990523465,-0.029250805135947317,0.005517055569272955,0.009920721628404294,0.014189382551904828,0.020036181467624203,0.026422365332668285,0.03593543330384641,0.048543082736169474,0.06276125940298094,0.0771484304778074,0.08927891122880549,0.09785109430884731,0.1030943320342006,0.10901081637991794,0.0,-0.005031457155366681,-0.005031457155366681,-0.005031457155366681,-0.006293286975789236,-0.006293286975789236,-0.006293286975789236,-0.005031457155366681,-0.03446416394248519,-0.03446416394248519,-0.06345170081573759,-0.06345170081573759,-0.06345170081573759,0.09921129123789253
gas,2009-08-01,False,0.02567299876401333,-0.02028635082892268,-0.049266907559802876,-0.0015529718348057386,-0.002358556030308101,-0.0017999230804468525,0.0005959058896944924,0.007006575098157164,0.015923227674614182,0.02928159755928128,0.044183776217673554,0.06040550371228193,0.07712892132674032,0.0904897119118857,0.10251074090727563,0.11624342815065791,-0.005031457155366681,-0.005031457155366681,-0.005031457155366681,-0.006293286975789236,-0.006293286975789236,-0.006293286975789236,-0.005031457155366681,-0.03446416394248519,-0.03446416394248519,-0.06345170081573759,-0.06345170081573759,-0.06345170081573759,-0.06345170081573759,0.09951803909458744
gas,2009-09-01,False,0.012006461861153834,-0.032260862218221206,-0.06147714221085849,-0.006614035200834145,-0.011404043233405936,-0.012191623254845574,-0.010118493808944251,-0.003752251006132745,0.007380539506597117,0.022656858230893917,0.039626395483757015,0.05871039150984814,0.07901992436104077,0.09679281034593501,0.11220117364268045,0.13096628443488711,0.0,0.0,-0.0012618298204225553,-0.0012618298204225553,-0.0012618298204225553,0.0,-0.029432706787118512,-0.029432706787118512,-0.05842024366037091,-0.05842024366037091,-0.05842024366037091,-0.05842024366037091,-0.05842024366037091,0.09977621741087093
gas,2009-10-01,False,0.05447811556373662,-0.027467135867644366,-0.06156438438779575,-0.0026113341005356006,-0.0029518482030690407,0.0017158060047286483,0.011684969962299618,0.025647146941226495,0.04286658077879313,0.06261075551949613,0.08271988204252168,0.10380900806022986,0.12549871704081106,0.14708475842670765,0.16780389438655696,0.18780066136982132,0.0,-0.0012618298204225553,-0.0012618298204225553,-0.0012618298204225553,0.0,-0.029432706787118512,-0.029432706787118512,-0.05842024366037091,-0.05842024366037091,-0.05842024366037091,-0.05842024366037091,-0.05842024366037091,-0.05842024366037091,0.09960652524188113
gas,2009-11-01,False,0.0692436444975276,-0.022444832480564673,-0.061234971437210024,-0.0010124888315665714,0.0006340595282638972,0.0063121413642184265,0.01742103053827737,0.033829265950839904,0.05225310912850745,0.07255922202601184,0.09303522742708914,0.11527961387972319,0.13735058746885098,0.15980477513375035,0.18205314090868363,0.20169188201473354,-0.0012618298204225553,-0.0012618298204225553,-0.0012618298204225553,0.0,-0.029432706787118512,-0.029432706787118512,-0.05842024366037091,-0.05842024366037091,-0.05842024366037091,-0.05842024366037091,-0.05842024366037091,-0.05842024366037091,-0.05842024366037091,0.09966248822053406
gas,2009-12-01,False,0.036412528798135065,-0.01855572889721372,-0.06100555575483023,-0.011100344588534483,-0.01915550701503399,-0.021907278703792166,-0.019642857274857484,-0.00993863251018201,0.005763013301848474,0.02465484695655995,0.04556637814820519,0.07037015020489434,0.09762727075113897,0.12431716240009116,0.15004381721248716,0.17356747240935366,0.0,0.0,0.0012618298204225553,-0.028170876966695957,-0.028170876966695957,-0.05715841383994835,-0.05715841383994835,-0.05715841383994835,-0.05715841383994835,-0.05715841383994835,-0.05715841383994835,-0.05715841383994835,-0.05715841383994835,0.09973260452651209
gas,2010-01-01,False,0.048541915267303566,-0.013481941155197682,-0.05703018640093305,-0.012603705408266386,-0.022923036942179564,-0.026149258056221925,-0.022520108742719813,-0.012412440977936257,0.004861856314424706,0.028101378236685903,0.051552288749121544,0.07891934741086093,0.10912262651636784,0.14018260725586984,0.16965668579838766,0.1977896725875814,0.0,0.0012618298204225553,-0.028170876966695957,-0.028170876966695957,-0.05715841383994835,-0.05715841383994835,-0.05715841383994835,-0.05715841383994835,-0.05715841383994835,-0.05715841383994835,-0.05715841383994835,-0.05715841383994835,-0.012706651269114744,0.18920949003704382
gas,2010-02-01,False,0.05387139115264218,-0.008382278752804612,-0.05247456452752251,-0.013268049008910765,-0.024456863043256227,-0.030262213768680546,-0.02725166366441467,-0.016031487599335037,0.0006210739395529075,0.024416853452872367,0.05095826681800997,0.07945754666919758,0.11084657255031694,0.14349785099382295,0.17616009666775323,0.20633085215700842,0.0012618298204225553,-0.028170876966695957,-0.028170876966695957,-0.05715841383994835,-0.05715841383994835,-0.05715841383994835,-0.05715841383994835,-0.05715841383994835,-0.05715841383994835,-0.05715841383994835,-0.05715841383994835,-0.012706651269114744,-0.0037950709685512507,0.18918365533933346
gas,2010-03-01,False,0.03924811650580908,-0.0022043781560638414,-0.04262359540732407,-0.014878770336720137,-0.028516743255830868,-0.03777798364808049,-0.04123381343446031,-0.03438227937975036,-0.01986201459178094,0.0006078949739816153,0.025608643685215426,0.05532130975781335,0.08558384797942686,0.11675533478119071,0.14786092114922056,0.17864306006169173,-0.029432706787118512,-0.029432706787118512,-0.05842024366037091,-0.05842024366037091,-0.05842024366037091,-0.05842024366037091,-0.05842024366037091,-0.05842024366037091,-0.05842024366037091,-0.05842024366037091,-0.013968481089537299,-0.005056900788973806,-0.0012618298204225553,0.188052644070127
gas,2010-04-01,False,0.009765934849434676,-0.025536939817311876,-0.03609026628861523,-0.014825116445326358,-0.027283321991314224,-0.03627426339774242,-0.04042399816060627,-0.03748133358487049,-0.02517869578310883,-0.005050583430222133,0.017836663557900145,0.046477546267933434,0.07819939715071644,0.1074241767116435,0.13594776136842057,0.16487801324224538,0.0,-0.028987536873252395,-0.028987536873252395,-0.028987536873252395,-0.028987536873252395,-0.028987536873252395,-0.028987536873252395,-0.028987536873252395,-0.028987536873252395,0.015464225697581213,0.024375805998144706,0.028170876966695957,0.033208670996653034,0.18334242471298517
gas,2010-05-01,False,0.038131760365865144,-0.022684473671068576,-0.025671352269393807,-0.009236190085544216,-0.01739339046711752,-0.020993024528165982,-0.019982907345536205,-0.012798241651504227,4.924468814948568e-06,0.02142341982576834,0.04673034775145268,0.0752278986118764,0.1072983065454336,0.1397461718413764,0.16912938513827136,0.1974240306870101,-0.028987536873252395,-0.028987536873252395,-0.028987536873252395,-0.028987536873252395,-0.028987536873252395,-0.028987536873252395,-0.028987536873252395,-0.028987536873252395,0.015464225697581213,0.024375805998144706,0.028170876966695957,0.033208670996653034,0.033208670996653034,0.17866238125541048
gas,2010-06-01,False,0.03305802885081727,-0.044132018363473455,-0.015252712455205476,-0.004491002209152661,-0.006303582173306843,-0.005836398277333288,-0.0008431135634090481,0.009105205323263199,0.023316897028357708,0.04153941161767705,0.06480810745081644,0.09278196874150257,0.12221843204693617,0.15346427210232605,0.18428842714358495,0.21003755945296998,0.0,0.0,0.0,0.0,0.0,0.0,0.0,0.04445176257083361,0.0533633428713971,0.05715841383994835,0.06219620786990543,0.06219620786990543,0.06219620786990543,0.17345577121773442
gas,2010-07-01,False,0.09122172654936805,-0.0388950053788431,-0.004833781365312026,0.008582235729603482,0.019181237945341323,0.033098548086872626,0.0492168044263801,0.06821759215677226,0.0886813010841152,0.10880035156500689,0.12854977719766847,0.15335141273907915,0.1801539266794725,0.2072455746694546,0.23633433426010253,0.26085895327161257,0.0,0.0,0.0,0.0,0.0,0.0,0.04445176257083361,0.0533633428713971,0.05715841383994835,0.06219620786990543,0.06219620786990543,0.06219620786990543,0.06219620786990543,0.16860942537280615
gas,2010-08-01,False,0.09174128852691685,-0.0340612240135306,0.005155204199814832,0.01194322481690957,0.025928258365589762,0.04126670360450202,0.05892798424832524,0.07694432738524615,0.09515401476952512,0.11219471922489355,0.1285394949068328,0.14601172876013813,0.16714488111421044,0.1911165625263278,0.21547685254307947,0.23655322993816785,0.0,0.0,0.0,0.0,0.0,0.04445176257083361,0.0533633428713971,0.05715841383994835,0.06219620786990543,0.06219620786990543,0.06219620786990543,0.06219620786990543,0.06219620786990543,0.16520188926298343
gas,2010-09-01,False,0.09790167929325665,-0.029203963667733982,0.016632176952853572,0.015869191990024234,0.03312543508919674,0.051849321657734926,0.07089556087117277,0.09018610651094061,0.10743685354269328,0.12188951805333303,0.13509045506796902,0.1486669322774281,0.16240883439655196,0.180582722719417,0.20160004496549178,0.21813011122473647,0.0,0.0,0.0,0.0,0.04445176257083361,0.0533633428713971,0.05715841383994835,0.06219620786990543,0.06219620786990543,0.06219620786990543,0.06219620786990543,0.06219620786990543,0.0796312696920074,0.1618884816262331
gas,2010-10-01,False,0.11823708681413551,-0.024322995140219905,0.03912870567551795,0.022402240611546276,0.04575512678362337,0.06956306398910161,0.09392696257457978,0.1159979905238453,0.13528386808963422,0.14891574554426867,0.159355755633646,0.16881950625206965,0.17737329444832195,0.18716096814720817,0.20171439683190417,0.2137725683022378,0.0,0.0,0.0,0.04445176257083361,0.0533633428713971,0.05715841383994835,0.06219620786990543,0.06219620786990543,0.06219620786990543,0.06219620786990543,0.06219620786990543,0.0796312696920074,0.20152108730104423,0.15879868203428674
gas,2010-11-01,False,0.11240734046492395,-0.019527345622301694,0.06257001656489909,0.02313412726972519,0.04687657005047363,0.07016721243043555,0.09302026284842047,0.11437564892351215,0.13148168086989642,0.1433313714069273,0.1514041172183287,0.15747985594968217,0.16237984743855627,0.16806212136228016,0.1751408226328124,0.18221494947470696,0.0,0.0,0.04445176257083361,0.0533633428713971,0.05715841383994835,0.06219620786990543,0.06219620786990543,0.06219620786990543,0.06219620786990543,0.06219620786990543,0.0796312696920074,0.20152108730104423,0.21562875481172306,0.15710785402613736
gas,2010-12-01,False,0.12832849886932785,-0.014708586982332083,0.08659961147054632,0.02675377027993253,0.053850962131446245,0.0806668156885797,0.10624685270398793,0.1293756471445473,0.14887039202474206,0.1606742131878418,0.1682261881172149,0.17271818024231944,0.17464593594036604,0.17688191241313778,0.1802593771388521,0.18077449502502674,0.0,0.04445176257083361,0.0533633428713971,0.05715841383994835,0.06219620786990543,0.06219620786990543,0.06219620786990543,0.06219620786990543,0.06219620786990543,0.0796312696920074,0.20152108730104423,0.21562875481172306,0.2252803042639444,0.156044584033678
gas,2011-01-01,False,0.13234218595760375,-0.009866495426473955,0.1031820812880645,0.027486240980819865,0.05535174254997166,0.08227006848883978,0.10845971465078552,0.13140897934255857,0.15022291936215293,0.16268197285500197,0.1693834641379368,0.17278310841283684,0.17341772061107363,0.1733968680324942,0.1740170058682704,0.1716369343673234,0.04445176257083361,0.0533633428713971,0.05715841383994835,0.06219620786990543,0.06219620786990543,0.06219620786990543,0.06219620786990543,0.06219620786990543,0.0796312696920074,0.20152108730104423,0.21562875481172306,0.2252803042639444,0.2252803042639444,0.1540479178618311
gas,2011-02-01,False,0.15030323468036016,0.032051249372378576,0.11818610632745645,0.025169505312821805,0.04877525112033432,0.07132771963405204,0.09243787967579387,0.11133455759741029,0.12633378824832064,0.13601152263749228,0.14186893513119347,0.14395422567638505,0.1438234609287381,0.14310022555272006,0.14202893480307033,0.1386095167550776,0.008911580300563493,0.012706651269114744,0.01774444529907182,0.01774444529907182,0.01774444529907182,0.01774444529907182,0.01774444529907182,0.03517950712117379,0.15706932473021062,0.17117699224088945,0.1808285416931108,0.1808285416931108,0.1808285416931108,0.15240521416174968
gas,2011-03-01,False,0.15519908008063496,0.03810599881004664,0.128969065073652,0.02457472092587487,0.048434920906073486,0.07015956484141217,0.09089351078363705,0.10911368309004832,0.12447243516400253,0.13420825877681963,0.1400622215642997,0.14303021830836382,0.14292334729993783,0.14225476641944468,0.14149068139971188,0.1381988108312795,0.0037950709685512507,0.008832864998508327,0.008832864998508327,0.008832864998508327,0.008832864998508327,0.008832864998508327,0.0262679268206103,0.14815774442964713,0.16226541194032595,0.1719169613925473,0.1719169613925473,0.1719169613925473,0.16226541194032595,0.15089389992280453
gas,2011-04-01,False,0.17326366020955583,0.03916179233022443,0.13838669798118758,0.02662329569143651,0.052998027122369784,0.07816507841220588,0.10162293816191603,0.1229870902730088,0.1405512089421075,0.15281934301360955,0.15996454523361603,0.16369140966978524,0.1649263350247132,0.1646583016053338,0.16479364607835922,0.161985698977948,0.005037794029957077,0.005037794029957077,0.005037794029957077,0.005037794029957077,0.005037794029957077,0.022472855852059048,0.14436267346109588,0.1584703409717747,0.16812189042399606,0.16812189042399606,0.16812189042399606,0.1584703409717747,0.15415067982725805,0.14890914108862868
gas,2011-05-01,False,0.16344693820737638,0.03852581227427345,0.1447967174219034,0.02610755848862034,0.051689342151227,0.07561759761822895,0.0979374525102008,0.11711563361239552,0.1331452167649685,0.1434128503730845,0.1500213986738128,0.1524877623620604,0.15227516474080716,0.1514893384170044,0.1497077170672254,0.1452811374125451,0.0,0.0,0.0,0.0,0.01743506182210197,0.1393248794311388,0.15343254694181763,0.16308409639403898,0.16308409639403898,0.16308409639403898,0.15343254694181763,0.14911288579730098,0.1436869365113047,0.14648244205805344
gas,2011-06-01,False,0.15105040499554395,0.033316901961637765,0.15109993761802135,0.024584385366926753,0.04865005709441128,0.07127489425895117,0.09211940765756133,0.11035723039580692,0.12503376093170182,0.13503785900649934,0.14086101148185914,0.14389072912274337,0.14373420096067147,0.14272911694485035,0.14172174439476493,0.137443518500592,0.0,0.0,0.0,0.01743506182210197,0.1393248794311388,0.15343254694181763,0.16308409639403898,0.16308409639403898,0.16308409639403898,0.15343254694181763,0.14911288579730098,0.1436869365113047,0.1436869365113047,0.1444215334572418
gas,2011-07-01,False,0.1630569891952299,0.028134983856374828,0.15729912778717847,0.027251628329395317,0.05414103464474618,0.07986939052170516,0.10431680640297536,0.12549431082112417,0.1428698716603476,0.15424946727601263,0.16147073431479608,0.1644729805241596,0.16506229099109504,0.16408999299585858,0.16339767667423377,0.16023469094467124,0.0,0.0,0.01743506182210197,0.1393248794311388,0.15343254694181763,0.16308409639403898,0.16308409639403898,0.16308409639403898,0.15343254694181763,0.14911288579730098,0.1436869365113047,0.1436869365113047,0.1436869365113047,0.14226779070748147
gas,2011-08-01,False,0.15439990459023487,0.022979779656560288,0.1633969584863077,0.02797972846456087,0.05551808897912647,0.08103030610444772,0.1049079582366268,0.12573166306263683,0.14205695814901986,0.15246750486139593,0.15835711669929164,0.1605362629924061,0.15905290033481112,0.1570670610799878,0.15412255454120327,0.14860633576338156,0.0,0.01743506182210197,0.1393248794311388,0.15343254694181763,0.16308409639403898,0.16308409639403898,0.16308409639403898,0.15343254694181763,0.14911288579730098,0.1436869365113047,0.1436869365113047,0.1436869365113047,0.1436869365113047,0.1410136562575023
gas,2011-09-01,False,0.15777526014199153,0.017851015342333455,0.1666447049495821,0.02961523646233921,0.05901251525562223,0.08669728619969064,0.11196497992274868,0.1340699099053264,0.15208000384066356,0.16290498149707933,0.16897022598783096,0.17072722633296156,0.16924996606348852,0.16601250246839605,0.16341061224408548,0.157156947872803,0.01743506182210197,0.1393248794311388,0.15343254694181763,0.16308409639403898,0.16308409639403898,0.16308409639403898,0.15343254694181763,0.14911288579730098,0.1436869365113047,0.1436869365113047,0.1436869365113047,0.1436869365113047,0.1436869365113047,0.13963429230308627
gas,2011-10-01,False,0.15931135143847716,0.027218949241314315,0.14938940775031265,0.02775791078091494,0.05491723877094934,0.08062919558346415,0.10466709423515663,0.12506867074189376,0.14192667910995205,0.15311093669526166,0.1592097845817353,0.1614828573717464,0.16047144203208763,0.1584816278395591,0.15586152060072678,0.15129697963598954,0.12188981760903683,0.13599748511971566,0.145649034571937,0.145649034571937,0.145649034571937,0.13599748511971566,0.131677823975199,0.12625187468920274,0.12625187468920274,0.12625187468920274,0.12625187468920274,0.12625187468920274,0.12625187468920274,0.13822821169686464
gas,2011-11-01,False,0.22797988443968956,0.12075877024153282,0.12993297204498963,0.023913575452736424,0.04448594199365097,0.06364334775946201,0.08172559950572911,0.09788722362176028,0.11129814969532514,0.12091763610928474,0.1276412818012469,0.13131254931192338,0.13302828077507112,0.13325266013004367,0.1329982618573844,0.13064737280673544,0.014107667510678823,0.023759216962900176,0.023759216962900176,0.023759216962900176,0.014107667510678823,0.009788006366162172,0.004362057080165904,0.004362057080165904,0.004362057080165904,0.004362057080165904,0.004362057080165904,0.004362057080165904,0.004362057080165904,0.13685441027092704
gas,2011-12-01,False,0.1969861676431526,0.11522703776250942,0.11063200915133879,0.01952822524301201,0.037808228590518134,0.05209314820249489,0.06468148553170305,0.07570719239119583,0.08516829387955838,0.09167451424557616,0.09652614151985794,0.09968037094629434,0.10104067024980878,0.10100512005572959,0.09913819568648652,0.09620737714025118,0.009651549452221353,0.009651549452221353,0.009651549452221353,0.0,-0.004319661144516651,-0.009745610430512919,-0.009745610430512919,-0.009745610430512919,-0.009745610430512919,-0.009745610430512919,-0.009745610430512919,-0.009745610430512919,0.00858374369139181,0.13514797875070395
gas,2012-01-01,False,0.16749846281196668,0.10848805438166705,0.0995546378148866,0.015622345400446491,0.02947948498085573,0.04135926816995017,0.04934828847643047,0.05610931374227501,0.06169247072562545,0.06608071373693836,0.06926569878942956,0.07129191948858793,0.07271305038532905,0.0721716708037281,0.06937658392679147,0.06573330472617478,0.0,0.0,-0.009651549452221353,-0.013971210596738004,-0.01939715988273427,-0.01939715988273427,-0.01939715988273427,-0.01939715988273427,-0.01939715988273427,-0.01939715988273427,-0.01939715988273427,-0.0010678057608295433,0.05097307236421322,0.13343906908081532
gas,2012-02-01,False,0.15207164891109343,0.09392373474674322,0.08928831906563825,0.014689828122335769,0.027779374143886315,0.03896214384970431,0.04825002532068723,0.054734181286832495,0.060208130996541875,0.06443184004070979,0.06811732716777197,0.07014473976131086,0.07165588174082504,0.07199549512970549,0.06978503606592312,0.06683451176360844,0.0,-0.009651549452221353,-0.013971210596738004,-0.01939715988273427,-0.01939715988273427,-0.01939715988273427,-0.01939715988273427,-0.01939715988273427,-0.01939715988273427,-0.01939715988273427,-0.0010678057608295433,0.05097307236421322,0.04995835893366696,0.13171075777051733
gas,2012-03-01,False,0.14181161567117992,0.07985744083317717,0.08205794114457596,0.014273016099917157,0.0271490486190622,0.03841275997476057,0.04801255911640023,0.05672895310348203,0.06293199616096867,0.06798151880399228,0.07213595314268773,0.07523640969719558,0.07722378360727422,0.07817885458877072,0.077587895834208,0.07582841635037063,-0.009651549452221353,-0.013971210596738004,-0.01939715988273427,-0.01939715988273427,-0.01939715988273427,-0.01939715988273427,-0.01939715988273427,-0.01939715988273427,-0.01939715988273427,-0.0010678057608295433,0.05097307236421322,0.04995835893366696,0.06005945492017073,0.130070556490207
gas,2012-04-01,False,0.12488616925935754,0.058426966591569,0.07607881787643786,0.01361335905600658,0.026287489451805257,0.03768799282473889,0.04779585084022919,0.05714338137713959,0.06580086046315703,0.07186751206956021,0.07705915749072645,0.08099734040152207,0.0843776836529253,0.08633695632761551,0.0870466025852954,0.08724943295042387,-0.004319661144516651,-0.009745610430512919,-0.009745610430512919,-0.009745610430512919,-0.009745610430512919,-0.009745610430512919,-0.009745610430512919,-0.009745610430512919,0.00858374369139181,0.060624621816434576,0.05960990838588831,0.06971100437239208,0.06971100437239208,0.12846083918723003
gas,2012-05-01,False,0.10546169184987506,0.04237141454998011,0.0711180709364713,0.012100100098750843,0.02327977008137072,0.03359628769236167,0.042878139086936606,0.051572903695926264,0.05972395306462719,0.067253233437226,0.07280689566031917,0.0774512579080886,0.08138305347324337,0.08451311489917579,0.08591178332000027,0.08682076183132637,-0.005425949285996268,-0.005425949285996268,-0.005425949285996268,-0.005425949285996268,-0.005425949285996268,-0.005425949285996268,-0.005425949285996268,0.01290340483590846,0.06494428296095123,0.06392956953040496,0.07403066551690873,0.07403066551690873,0.07403066551690873,0.12696472969658606
gas,2012-06-01,False,0.07874905021934685,0.02590390085492104,0.06624699943881551,0.009646561262722564,0.018345714211291053,0.026265905521219324,0.033514899285036925,0.04055457186971001,0.04730313427886301,0.05391595517513892,0.060563445370397595,0.06544512707980932,0.06997522644849763,0.07343877459737058,0.07557412578675304,0.07695345528047959,0.0,0.0,0.0,0.0,0.0,0.0,0.01832935412190473,0.0703702322469475,0.06935551881640123,0.079456614802905,0.079456614802905,0.079456614802905,0.079456614802905,0.12544064131287827
gas,2012-07-01,False,0.08544436175127268,0.014522792580500892,0.06146313731453643,0.010766760710273715,0.02121372983976233,0.031564056965459386,0.041923773923822516,0.052281718483659034,0.062119832695957555,0.07102487379533251,0.07936242759008572,0.08755010447383693,0.09414719339168176,0.10024815016841959,0.10558173352909783,0.11014913673436055,0.0,0.0,0.0,0.0,0.0,0.01832935412190473,0.0703702322469475,0.06935551881640123,0.079456614802905,0.079456614802905,0.079456614802905,0.079456614802905,0.079456614802905,0.12393830422411925
gas,2012-08-01,False,0.06865452786984413,0.0032697576815571496,0.056764110008576,0.008511106009563285,0.01699900404183019,0.02565514796330781,0.034788694378656615,0.04438324994062004,0.053985963460782216,0.0630287248942425,0.0714952541940086,0.08002656916868833,0.08882631876918712,0.09628688356020998,0.10322996448908217,0.10922028493405822,0.0,0.0,0.0,0.0,0.01832935412190473,0.0703702322469475,0.06935551881640123,0.079456614802905,0.079456614802905,0.079456614802905,0.079456614802905,0.079456614802905,0.079456614802905,0.12249183073224681
gas,2012-09-01,False,0.0637716265615342,-0.006597701188959341,0.053407983259115714,0.00800567725587964,0.01637276659979925,0.025494179833237318,0.03537665256413103,0.04599823952077298,0.05673735876333641,0.06693620224007013,0.07629472256444458,0.08556082135692566,0.0951207502016711,0.1052345578217313,0.11425971638370314,0.12220700617839775,0.0,0.0,0.0,0.01832935412190473,0.0703702322469475,0.06935551881640123,0.079456614802905,0.079456614802905,0.079456614802905,0.079456614802905,0.079456614802905,0.079456614802905,0.079456614802905,0.12109947419493212
gas,2012-10-01,False,0.06922497772062298,-0.0069579641848400865,0.05951692906933042,0.008552337069374083,0.017682256058609624,0.027673981848062468,0.038808951383107804,0.05036240739185871,0.06200427023931532,0.07290607689817019,0.08280461873132428,0.09246188317825599,0.10207979347583329,0.11236461921135721,0.1234508115609465,0.13226977247461313,0.0,0.0,0.01832935412190473,0.0703702322469475,0.06935551881640123,0.079456614802905,0.079456614802905,0.079456614802905,0.079456614802905,0.079456614802905,0.079456614802905,0.079456614802905,0.079456614802905,0.1197536641669902
gas,2012-11-01,False,0.07431447563277821,-0.006147189850979905,0.06675533040400394,0.01150050754500409,0.02312651847359426,0.034880271138181485,0.04693722635927955,0.058970803216919165,0.0701777348555872,0.08019169457766573,0.08901581945922032,0.09732252250744367,0.10524094878945611,0.11325189578206185,0.12171436021090543,0.12960933184891932,0.0,0.01832935412190473,0.0703702322469475,0.06935551881640123,0.079456614802905,0.079456614802905,0.079456614802905,0.079456614802905,0.079456614802905,0.079456614802905,0.079456614802905,0.079456614802905,0.079456614802905,0.11845387550604403
gas,2012-12-01,False,0.07273315536447698,-0.004523666449361791,0.07180699435130657,0.010724265736947736,0.02165952067981891,0.03278428304011527,0.04427759399094722,0.055760770281312766,0.06687263776596808,0.07651852902376532,0.08518945983057336,0.09351036775843813,0.1016148768185765,0.10974683579897793,0.11797409079254706,0.12556983122850074,0.01832935412190473,0.0703702322469475,0.06935551881640123,0.079456614802905,0.079456614802905,0.079456614802905,0.079456614802905,0.079456614802905,0.079456614802905,0.079456614802905,0.079456614802905,0.079456614802905,0.079456614802905,0.1180564186852145
gas,2013-01-01,False,0.07004542763710721,0.012362425650412342,0.07375538205528605,0.007234267669377736,0.014221960177145831,0.02155648337575311,0.029282988197373072,0.03755143417335205,0.045959913930955665,0.054285157550626906,0.062012418691846705,0.06994812050100574,0.07810360029447772,0.0863142273804769,0.09418296885436028,0.1015189581273317,0.05204087812504277,0.0510261646944965,0.06112726068100027,0.06112726068100027,0.06112726068100027,0.06112726068100027,0.06112726068100027,0.06112726068100027,0.06112726068100027,0.06112726068100027,0.06112726068100027,0.06112726068100027,0.12629372532429173,0.11748324227570948
gas,2013-02-01,False,0.1126787721285271,0.05551914250136755,0.07502657390241983,0.006357083373814909,0.012270988656124082,0.018781692674052053,0.026291620973584173,0.03465148804783347,0.043415726530048104,0.05221097658087448,0.06084630472243013,0.06943982010009275,0.07848125341895784,0.08782238642722628,0.09717893286328128,0.10591102335706637,-0.0010147134305462657,0.009086382555957506,0.009086382555957506,0.009086382555957506,0.009086382555957506,0.009086382555957506,0.009086382555957506,0.009086382555957506,0.009086382555957506,0.009086382555957506,0.009086382555957506,0.07425284719924896,0.06479203869502026,0.1166826631146362
gas,2013-03-01,False,0.11048373570141674,0.049513776167263,0.0739366659434524,0.006744661021702569,0.01376420225440711,0.020908335664249655,0.028957489774366962,0.03795580285578115,0.04722459954109581,0.056367102570254346,0.06508023675515151,0.0740777343736303,0.08302381051878438,0.09244671922485903,0.1020878908988232,0.11111737581867498,0.010101095986503772,0.010101095986503772,0.010101095986503772,0.010101095986503772,0.010101095986503772,0.010101095986503772,0.010101095986503772,0.010101095986503772,0.010101095986503772,0.010101095986503772,0.07526756062979523,0.06580675212556653,0.06770608792921884,0.11585068806106795
gas,2013-04-01,False,0.11137401647574048,0.05244003292454079,0.07225908206505824,0.006713390453375823,0.013466844886924179,0.02083531988515297,0.028439059559040025,0.03685185978648242,0.04569831865040719,0.054447761700213704,0.06285891843891189,0.07143057818889975,0.08034845725389417,0.08922888250042416,0.09836970192754269,0.10705144534572497,0.0,0.0,0.0,0.0,0.0,0.0,0.0,0.0,0.0,0.06516646464329146,0.055705656139062754,0.05760499194271507,0.05475463371835865,0.11501403135462492
gas,2013-05-01,False,0.10297798488435894,0.04575457523010851,0.06975241696473365,0.007014703829161917,0.013990774768046776,0.02122956088029504,0.02903040701268189,0.036913870670355564,0.04508847098102464,0.053304669683859274,0.061227505302163365,0.06925431104477031,0.07747408834508729,0.08595288509284327,0.09404750749322055,0.10189207667404077,0.0,0.0,0.0,0.0,0.0,0.0,0.0,0.0,0.06516646464329146,0.055705656139062754,0.05760499194271507,0.05475463371835865,0.04998590746627585,0.1141036771621108
gas,2013-06-01,False,0.09960600686788612,0.03911351621901063,0.0672727608828016,0.008113962973768984,0.01610335212007019,0.02425665687504086,0.03264311834809419,0.04143265511061056,0.049695238076527204,0.057721722005982024,0.0654219256759383,0.07307748467744624,0.08083188648713069,0.08865700291819056,0.09649858853254845,0.10350145521812948,0.0,0.0,0.0,0.0,0.0,0.0,0.0,0.06516646464329146,0.055705656139062754,0.05760499194271507,0.05475463371835865,0.04998590746627585,0.04998590746627585,0.11312051009974745
gas,2013-07-01,False,0.10520667131653885,0.032516270068869514,0.06481967212831742,0.01064987024941022,0.021289894471565596,0.031927712718069046,0.04272885631049661,0.05338203740685721,0.06360335948348439,0.07228697957216035,0.08009062061912164,0.08764682086313158,0.09506670432577558,0.10260157449065677,0.11020999713591895,0.11716144581646937,0.0,0.0,0.0,0.0,0.0,0.0,0.06516646464329146,0.055705656139062754,0.05760499194271507,0.05475463371835865,0.04998590746627585,0.04998590746627585,0.04998590746627585,0.11208111653741325
gas,2013-08-01,False,0.1006964956042386,0.025962262475886053,0.06239271874439166,0.0114746945037707,0.022910753495922087,0.0341643119625088,0.045348756536182755,0.056256947587312034,0.06648448591264966,0.0755359490238714,0.08298354393784013,0.09007046038126543,0.09702067894194677,0.10406269499150511,0.111167465600011,0.11745155264643437,0.0,0.0,0.0,0.0,0.0,0.06516646464329146,0.055705656139062754,0.05760499194271507,0.05475463371835865,0.04998590746627585,0.04998590746627585,0.04998590746627585,0.04998590746627585,0.11110458955222316
gas,2013-09-01,False,0.0918147274920872,0.019450930354829993,0.05999147823752001,0.011437170139593889,0.022713142689117838,0.033738482126099534,0.04450276114247931,0.05487333657925042,0.06462254354290042,0.07317775933872639,0.08075831334307892,0.0873389805317295,0.09379789301826236,0.10032652251528429,0.10684988782220195,0.11267971263198273,0.0,0.0,0.0,0.0,0.06516646464329146,0.055705656139062754,0.05760499194271507,0.05475463371835865,0.04998590746627585,0.04998590746627585,0.04998590746627585,0.04998590746627585,0.04998590746627585,0.11011957965525103
gas,2013-10-01,False,0.08935776951809334,0.01298172154873449,0.05761553731601518,0.012122652447770221,0.024147164553181,0.03593946282194338,0.047560584508284265,0.05860516542464822,0.06882543385307827,0.07770751094504735,0.08537257760675754,0.09248523905135819,0.0987690797492986,0.10517081891024205,0.11169035442685527,0.1175190558467678,0.0,0.0,0.0,0.06516646464329146,0.055705656139062754,0.05760499194271507,0.05475463371835865,0.04998590746627585,0.04998590746627585,0.04998590746627585,0.04998590746627585,0.04998590746627585,0.04998590746627585,0.10915797559208555
gas,2013-11-01,False,0.07999300275722021,0.006554094547921309,0.0552644916371849,0.011639755100921967,0.023138114866096515,0.03435988522276201,0.04541027191441405,0.056051626082748385,0.06585690317365689,0.07437271606690299,0.08186853727734533,0.08880449215427788,0.09549618113531899,0.10163513551453551,0.10784166028706199,0.11343965029137859,0.0,0.0,0.06516646464329146,0.055705656139062754,0.05760499194271507,0.05475463371835865,0.04998590746627585,0.04998590746627585,0.04998590746627585,0.04998590746627585,0.04998590746627585,0.04998590746627585,0.04998590746627585,0.1082203748921512
gas,2013-12-01,False,0.07268816786040293,0.001592557228591645,0.0543629845735034,0.011327992928201525,0.022440187122533928,0.03326528527507566,0.04383879861104312,0.05405900425891286,0.0636137680749913,0.07186316319784414,0.0790975253506021,0.08587631106653326,0.0923886991066043,0.09887365636859169,0.10470927915300354,0.11002176624108895,0.0,0.06516646464329146,0.055705656139062754,0.05760499194271507,0.05475463371835865,0.04998590746627585,0.04998590746627585,0.04998590746627585,0.04998590746627585,0.04998590746627585,0.04998590746627585,0.04998590746627585,0.04998590746627585,0.10730384659104679
gas,2014-01-01,False,0.05765225482013967,0.0008378718546313776,0.04673595539990303,0.009593594307202302,0.0185504918370345,0.026935683188868964,0.0348097865162913,0.04244679314870048,0.04973687730455367,0.05646162864745197,0.062667241768672,0.06850999579600714,0.07434474225323306,0.07989598057302949,0.08493625452297948,0.08915545424787386,0.06516646464329146,0.055705656139062754,0.05760499194271507,0.05475463371835865,0.04998590746627585,0.04998590746627585,0.04998590746627585,0.04998590746627585,0.04998590746627585,0.04998590746627585,0.04998590746627585,0.04998590746627585,0.04998590746627585,0.10640595784346238
gas,2014-02-01,False,0.09726079938284897,0.05400619223351302,0.040291349774452596,0.00806197854663182,0.014419859627506249,0.020174749006045545,0.025301896702856652,0.030557723311116725,0.03578197481811607,0.04115967595658265,0.04676686116016704,0.05214811191232549,0.05766307161104045,0.06285784753771306,0.06717301631798822,0.07160995595950226,-0.009460808504228702,-0.007561472700576388,-0.010411830924932808,-0.015180557177015608,-0.015180557177015608,-0.015180557177015608,-0.015180557177015608,-0.015180557177015608,-0.015180557177015608,-0.015180557177015608,-0.015180557177015608,-0.015180557177015608,-0.01997213318691493,0.10553124280118067
gas,2014-03-01,False,0.07221661750444212,0.04066027861514378,0.03381906044032871,0.006388814190696479,0.011550255217072092,0.015113627504558025,0.017899314504109753,0.020968797540240836,0.024317700453477364,0.028290136273371402,0.033060387468886177,0.03787715794744706,0.042874759719832234,0.047312981980677016,0.05061760952454897,0.05430148638540988,0.0018993358036523134,-0.0009510224207041063,-0.005719748672786906,-0.005719748672786906,-0.005719748672786906,-0.005719748672786906,-0.005719748672786906,-0.005719748672786906,-0.005719748672786906,-0.005719748672786906,-0.005719748672786906,-0.01051132468268623,-0.017258338229281023,0.10478588950716819
gas,2014-04-01,False,0.05769143344054266,0.03753964749287831,0.02569543599235679,0.004559874904934702,0.007486812408514787,0.009589228511334369,0.009985727739214134,0.011015438944848022,0.012617920608030353,0.015468638753741715,0.019578216587643027,0.023974982762621444,0.028830855949223633,0.03291506542781075,0.0355223527465478,0.03889101918631699,-0.0028503582243564196,-0.00761908447643922,-0.00761908447643922,-0.00761908447643922,-0.00761908447643922,-0.00761908447643922,-0.00761908447643922,-0.00761908447643922,-0.00761908447643922,-0.00761908447643922,-0.012410660486338543,-0.019157674032933336,-0.04561683638274516,0.10405285683484308
gas,2014-05-01,False,0.04117272960010473,0.030348044788179474,0.018310484832616325,0.003064533886922405,0.004338827688084024,0.004548934666661175,0.0038242143220248437,0.003064933851971041,0.0032237052912371666,0.005068858679404542,0.008650130132005884,0.012624762604381168,0.01722766569976386,0.021035655218898164,0.023049372977384408,0.025994985576229368,-0.0047687262520828,-0.0047687262520828,-0.0047687262520828,-0.0047687262520828,-0.0047687262520828,-0.0047687262520828,-0.0047687262520828,-0.0047687262520828,-0.0047687262520828,-0.009560302261982123,-0.016307315808576917,-0.04276647815838874,-0.04376002021726677,0.10335246051663832
gas,2014-06-01,False,0.025652329849197745,0.021826662802484846,0.010449246588268957,0.001404950211678191,0.0010165355788069874,-0.0002802444095735268,-0.0025626254646997637,-0.003725938149992558,-0.004555048225010516,-0.0031893618303593385,0.00023094956782809817,0.0042746469394083775,0.009054655612724893,0.013055052131237588,0.01523596524767079,0.01843410644643395,0.0,0.0,0.0,0.0,0.0,0.0,0.0,0.0,-0.004791576009899323,-0.011538589556494117,-0.03799775190630594,-0.03899129396518397,-0.04497336564273091,0.10263712991622113
gas,2014-07-01,False,0.048616021035600226,0.017682505406828006,0.0025915142459663216,0.004366013575364924,0.007768480278276257,0.01086683182218362,0.013709364868287999,0.017221264131309866,0.021453520618165633,0.02597932304477535,0.03147959920591603,0.03732234769030818,0.04363660171270212,0.04960111314890714,0.05470916577224827,0.06015096129879183,0.0,0.0,0.0,0.0,0.0,0.0,0.0,-0.004791576009899323,-0.011538589556494117,-0.03799775190630594,-0.03899129396518397,-0.04497336564273091,-0.04497336564273091,0.10193433471792572
gas,2014-08-01,False,0.05080841712324664,0.013555451197770301,-0.005262956968109653,0.004196649072960135,0.007945790192015245,0.011677924452312638,0.015628189588972496,0.02040365026922064,0.025776406683989173,0.0320689693799574,0.03836302502665134,0.045171847475363514,0.05244390240040975,0.059659773742152034,0.06632634178206054,0.07315094882554352,0.0,0.0,0.0,0.0,0.0,0.0,-0.004791576009899323,-0.011538589556494117,-0.03799775190630594,-0.03899129396518397,-0.04497336564273091,-0.04497336564273091,-0.04497336564273091,0.10129101542076105
gas,2014-09-01,False,0.057445882692586006,0.009445359583585847,-0.013114411222245482,0.00449575322618756,0.009129829097495268,0.014402228704225806,0.020313807877006873,0.02714384508333012,0.034522625547313446,0.042315699103459004,0.0503966078415905,0.058345850853989134,0.06683551222020778,0.07557555706437569,0.08436187286057173,0.09289432657205232,0.0,0.0,0.0,0.0,0.0,-0.004791576009899323,-0.011538589556494117,-0.03799775190630594,-0.03899129396518397,-0.04497336564273091,-0.04497336564273091,-0.04497336564273091,-0.04497336564273091,0.10065071054471747
gas,2014-10-01,False,0.06304449960856144,0.005352091698995085,-0.022764156877313344,0.004369994161050883,0.009514641150382808,0.015901532418247655,0.023761264116216374,0.03254624899749636,0.04188561374774036,0.05135809624698062,0.06055589276834805,0.0703697647348962,0.08010281122164997,0.09055941317719629,0.10159765447433244,0.11215622433948624,0.0,0.0,0.0,0.0,-0.004791576009899323,-0.011538589556494117,-0.03799775190630594,-0.03899129396518397,-0.04497336564273091,-0.04497336564273091,-0.04497336564273091,-0.04497336564273091,-0.06721897459005088,0.09999211385192452
gas,2014-11-01,False,0.04947899195893678,0.0012755103770120352,-0.03242826300748836,0.001914730183103508,0.004639823254244391,0.008897087090027789,0.014911894540878379,0.022483033822142673,0.03077238417378947,0.03975855953342666,0.04891244751520851,0.05884573468591725,0.06956740582196907,0.08042339139134302,0.09193241298907573,0.10313756040318545,0.0,0.0,0.0,-0.004791576009899323,-0.011538589556494117,-0.03799775190630594,-0.03899129396518397,-0.04497336564273091,-0.04497336564273091,-0.04497336564273091,-0.04497336564273091,-0.06721897459005088,-0.06721897459005088,0.09934778340707462
gas,2014-12-01,False,0.05213997023754873,-0.002784519878636123,-0.042107214012553004,0.0021842903405264735,0.005458021068241337,0.01062527361958665,0.017934268953555765,0.026852748502266266,0.036661345818131075,0.046636600748648505,0.05644399939397804,0.06700513727762569,0.07816653774299098,0.09029879836657617,0.10280664358108726,0.11496489318935765,0.0,0.0,-0.004791576009899323,-0.011538589556494117,-0.03799775190630594,-0.03899129396518397,-0.04497336564273091,-0.04497336564273091,-0.04497336564273091,-0.04497336564273091,-0.06721897459005088,-0.06721897459005088,-0.06721897459005088,0.09868931503269113
gas,2015-01-01,False,0.02056206235460127,-0.0015125585019622697,-0.04648592414469366,-0.002384138716365669,-0.0045385556184696085,-0.005300902140323416,-0.0042845940311426745,-0.0010193150690831487,0.003909331679402328,0.010707566027296167,0.018376818868306444,0.027357458319913874,0.03747417512465834,0.04805432792039799,0.05874686861506451,0.06918637487468082,0.0,-0.004791576009899323,-0.011538589556494117,-0.03799775190630594,-0.03899129396518397,-0.04497336564273091,-0.04497336564273091,-0.04497336564273091,-0.04497336564273091,-0.06721897459005088,-0.06721897459005088,-0.06721897459005088,-0.06721897459005088,0.09802536919067056
gas,2015-02-01,False,0.011713518671149956,-0.0010351555648237404,-0.05087434092715131,-0.001974509611521569,-0.004481708371417703,-0.00618733533841187,-0.006963556425405137,-0.005664809708115115,-0.002736532647871215,0.0022414642547214925,0.008744584064174,0.015946707739875166,0.024305642618024592,0.03287755273128301,0.040921649668110405,0.04976981599860064,-0.004791576009899323,-0.011538589556494117,-0.03799775190630594,-0.03899129396518397,-0.04497336564273091,-0.04497336564273091,-0.04497336564273091,-0.04497336564273091,-0.06721897459005088,-0.06721897459005088,-0.06721897459005088,-0.06721897459005088,-0.06721897459005088,0.0973600310351221
gas,2015-03-01,False,0.019149752736924052,-0.004393153756730489,-0.05457239935629136,-0.00042913955656587177,-0.0010310334538274901,-0.0009145809617701062,0.0004012896092744356,0.0034717203513272565,0.00805693291253995,0.014221416538877207,0.021390459515557403,0.02941204237211803,0.03787894154514593,0.046669430346250707,0.055285771716642174,0.06427821858349958,-0.006747013546594793,-0.03320617589640662,-0.03419971795528465,-0.04018178963283159,-0.04018178963283159,-0.04018178963283159,-0.04018178963283159,-0.06242739858015156,-0.06242739858015156,-0.06242739858015156,-0.06242739858015156,-0.06242739858015156,-0.06961060032364408,0.09692646558919273
gas,2015-04-01,False,0.002052609128517797,-0.009225527707658122,-0.05620797313094739,-0.0013984671723035191,-0.0033941417669458573,-0.005017287365068235,-0.006144178166758607,-0.005357301715420704,-0.003059615261366666,0.0013927019736250656,0.007415571329966397,0.014363255525225327,0.022171828479272904,0.02955414488217123,0.036346918137809325,0.043907594729176935,-0.026459162349811827,-0.027452704408689854,-0.033434776086236795,-0.033434776086236795,-0.033434776086236795,-0.033434776086236795,-0.05568038503355677,-0.05568038503355677,-0.05568038503355677,-0.05568038503355677,-0.05568038503355677,-0.06286358677704929,-0.08894748601649649,0.09638015788379202
gas,2015-05-01,False,-0.02357073363103563,-0.030400450379529948,-0.05920062013174662,-0.0020087262494250524,-0.004494178863055254,-0.0066974158616082136,-0.008509961003121624,-0.008628874985893376,-0.007085106648188955,-0.0033119366401113126,0.002270594012086846,0.008845423948170783,0.016320157729224682,0.02358008869272421,0.029666194011880087,0.03660730224726727,-0.0009935420588780275,-0.006975613736424968,-0.006975613736424968,-0.006975613736424968,-0.006975613736424968,-0.02922122268374494,-0.02922122268374494,-0.02922122268374494,-0.02922122268374494,-0.02922122268374494,-0.03640442442723746,-0.062488323666684664,-0.07632569187121874,0.09581429793730073
gas,2015-06-01,False,-0.01885091210677023,-0.02809724197531529,-0.06122411654598946,-0.001923798466936688,-0.0045074797490674,-0.006412828414777749,-0.007678073463570634,-0.007250274742513163,-0.005361767356062863,-0.001125790650730707,0.004761114630743357,0.011737743371567078,0.019626437543370123,0.027391573825665816,0.03443920667473499,0.041727623509325795,-0.005982071677546941,-0.005982071677546941,-0.005982071677546941,-0.005982071677546941,-0.028227680624866913,-0.028227680624866913,-0.028227680624866913,-0.028227680624866913,-0.028227680624866913,-0.03541088236835943,-0.06149478160780664,-0.07533214981234071,-0.07533214981234071,0.09522574263271867
gas,2015-07-01,False,-0.002952819238573108,-0.02988237448186929,-0.0632668185014536,0.0007988623547632301,0.0014311341221766583,0.0025495569428510834,0.004650252416758427,0.008161947340496134,0.012584386747959364,0.01828002639558246,0.025182194118522183,0.03282711882000111,0.04127928268262515,0.049813848031358354,0.05803384786614263,0.06629825557950841,0.0,0.0,0.0,-0.022245608947319973,-0.022245608947319973,-0.022245608947319973,-0.022245608947319973,-0.022245608947319973,-0.02942881069081249,-0.055512709930259696,-0.06935007813479377,-0.06935007813479377,-0.06935007813479377,0.09462901059190355
gas,2015-08-01,False,0.0027559472062090216,-0.02615495747685097,-0.0653290050523212,0.0012316072648843601,0.0023509517124367107,0.004001713320119116,0.006318064139056112,0.010104332231690272,0.01491110213401825,0.020687487088069112,0.02727242219286996,0.03496523175169575,0.04330932970231949,0.05198746677699262,0.06044552520067459,0.06885694130501818,0.0,0.0,-0.022245608947319973,-0.022245608947319973,-0.022245608947319973,-0.022245608947319973,-0.022245608947319973,-0.02942881069081249,-0.055512709930259696,-0.06935007813479377,-0.06935007813479377,-0.06935007813479377,-0.06935007813479377,0.09417065895155464
gas,2015-09-01,False,0.007560478856265838,-0.02241359483689967,-0.06741096076763606,0.0018639240821292091,0.003575538970924441,0.00573733407574295,0.008449406766207979,0.012145656843417285,0.016853750160254144,0.02260516501963572,0.028869291356794058,0.03586807614692322,0.04388412381212614,0.05207993152845081,0.0602778606574752,0.06845440190720353,0.0,-0.022245608947319973,-0.022245608947319973,-0.022245608947319973,-0.022245608947319973,-0.022245608947319973,-0.02942881069081249,-0.055512709930259696,-0.06935007813479377,-0.06935007813479377,-0.06935007813479377,-0.06935007813479377,-0.06935007813479377,0.09378998657737432
gas,2015-10-01,False,0.01890604650687712,-0.018658181818533022,-0.0657847906898467,0.0034126184903646717,0.006790776486486294,0.010586482652172435,0.014948342786694546,0.01999870634851586,0.025448091423068142,0.031579857486143226,0.03809931088217411,0.04494766657750304,0.05240213213186351,0.06056897998670596,0.06874572296477321,0.07699858597971776,-0.022245608947319973,-0.022245608947319973,-0.022245608947319973,-0.022245608947319973,-0.022245608947319973,-0.02942881069081249,-0.055512709930259696,-0.06935007813479377,-0.06935007813479377,-0.06935007813479377,-0.06935007813479377,-0.06935007813479377,-0.06935007813479377,0.09353837805170719
gas,2015-11-01,False,-0.003369007960069111,-0.033515201205550585,-0.06414308186529921,0.0032790138262281943,0.006327387983769306,0.009380181075623995,0.012552325189667535,0.0163309883683036,0.020404962344378497,0.02496989444398867,0.030256966727187695,0.03603918782117255,0.04219294285236064,0.048505362052324585,0.054806691445485,0.061301666567421975,0.0,0.0,0.0,0.0,-0.007183201743492518,-0.033267100982939724,-0.047104469187473796,-0.047104469187473796,-0.047104469187473796,-0.047104469187473796,-0.047104469187473796,-0.047104469187473796,-0.047104469187473796,0.09344796433727315
gas,2015-12-01,False,-0.0026173427444365805,-0.027896280456134227,-0.062485608261353354,0.0030423627364424277,0.005460509475174291,0.00793170105390928,0.010327206990668358,0.013297394425502596,0.016667037866313628,0.020581490205269226,0.0250217688994967,0.030074910060162274,0.03574068228116545,0.04127493280154226,0.04642405163790375,0.052148857206828936,0.0,0.0,0.0,-0.007183201743492518,-0.033267100982939724,-0.047104469187473796,-0.047104469187473796,-0.047104469187473796,-0.047104469187473796,-0.047104469187473796,-0.047104469187473796,-0.047104469187473796,-0.047104469187473796,0.09331741437941392
gas,2016-01-01,False,-0.028292022370372594,-0.022245608947319737,-0.06081213939675759,-0.0017744680967046733,-0.004821793512734374,-0.008232305313168098,-0.011700996562605148,-0.013948463333020023,-0.01504593739548632,-0.014060313947996228,-0.01131961387610314,-0.00786498566715732,-0.0031196577065157882,0.0014146181818412984,0.004753104434470856,0.00930812541332049,0.0,0.0,-0.007183201743492518,-0.033267100982939724,-0.047104469187473796,-0.047104469187473796,-0.047104469187473796,-0.047104469187473796,-0.047104469187473796,-0.047104469187473796,-0.047104469187473796,-0.047104469187473796,-0.047104469187473796,0.09332853754697448
gas,2016-02-01,False,-0.03134795046744536,-0.016981779272220762,-0.059897107345278824,-0.0034276785984124203,-0.00828631111525624,-0.013347204547137004,-0.018565757887270884,-0.022028011452150054,-0.02407594847451655,-0.02362415005731311,-0.020988478424563972,-0.01754886544501666,-0.013121149688632983,-0.008633685754361409,-0.005268536376328292,-0.0005978857897748213,0.0,-0.007183201743492518,-0.033267100982939724,-0.047104469187473796,-0.047104469187473796,-0.047104469187473796,-0.047104469187473796,-0.047104469187473796,-0.047104469187473796,-0.047104469187473796,-0.047104469187473796,-0.047104469187473796,-0.05140093122097866,0.0930625071297781
gas,2016-03-01,False,-0.03448524577648605,-0.012279444635469872,-0.058348075818881365,-0.005148401782945733,-0.011761354885976516,-0.018593959215409406,-0.02527814804623585,-0.030113646843125785,-0.03296609564824138,-0.03291811297036329,-0.030365362625778936,-0.02671876286813646,-0.022019576339229907,-0.017705316073766575,-0.014266799912808104,-0.00921684641918219,-0.007183201743492518,-0.033267100982939724,-0.047104469187473796,-0.047104469187473796,-0.047104469187473796,-0.047104469187473796,-0.047104469187473796,-0.047104469187473796,-0.047104469187473796,-0.047104469187473796,-0.047104469187473796,-0.05140093122097866,-0.05140093122097866,0.0927656969728534
gas,2016-04-01,False,-0.04481058593143432,-0.015836857171344986,-0.05471643447492831,-0.00715247603533431,-0.015559994161533197,-0.023948775999659944,-0.03208577631384557,-0.03781245408446576,-0.04144845757886895,-0.04149126520382218,-0.03876461961537547,-0.03470465282104751,-0.02935872932293737,-0.024362657441451496,-0.020679592183129536,-0.014992623219908019,-0.026083899239447206,-0.03992126744398128,-0.03992126744398128,-0.03992126744398128,-0.03992126744398128,-0.03992126744398128,-0.03992126744398128,-0.03992126744398128,-0.03992126744398128,-0.03992126744398128,-0.044217729477486145,-0.044217729477486145,-0.044217729477486145,0.09256906497171384
gas,2016-05-01,False,-0.04888496863282279,-0.034714587292976114,-0.0493226739003181,-0.006123439195899749,-0.012617773887579453,-0.018542477969124782,-0.023758997079278643,-0.02683093530763969,-0.027851948413922578,-0.02610472734654934,-0.02196484690241096,-0.016583117433238925,-0.01004546789329197,-0.0035433970400644554,0.0021844043856953377,0.008916360339991769,-0.013837368204534073,-0.013837368204534073,-0.013837368204534073,-0.013837368204534073,-0.013837368204534073,-0.013837368204534073,-0.013837368204534073,-0.013837368204534073,-0.013837368204534073,-0.01813383023803894,-0.01813383023803894,-0.01813383023803894,-0.023530497410193973,0.09225089683922047
gas,2016-06-01,False,-0.032523697045808736,-0.04172191101731968,-0.044046869589417295,-0.0031098941999516683,-0.006091278976533054,-0.007930720543413372,-0.008584277721849887,-0.007505884990759881,-0.005047949851575417,-0.0006900619347733894,0.004823719774086577,0.011633791898255197,0.01926645442308139,0.0272323818992648,0.03512969151126377,0.043302388925368085,0.0,0.0,0.0,0.0,0.0,0.0,0.0,0.0,-0.0042964620335048664,-0.0042964620335048664,-0.0042964620335048664,-0.0096931292056599,-0.0053734680611432495,0.09180888490726158
gas,2016-07-01,False,0.017131445334823782,-0.03596563411520961,-0.038738320476295114,0.0022744215684351587,0.0059133964496194125,0.01138428775639877,0.018965286897786093,0.02773431282786465,0.03704090872596222,0.04615094893918226,0.054839134789383515,0.06418510283161272,0.07432287922794512,0.08537790179590843,0.09773801147851024,0.10927240134381133,0.0,0.0,0.0,0.0,0.0,0.0,0.0,-0.0042964620335048664,-0.0042964620335048664,-0.0042964620335048664,-0.0096931292056599,-0.0053734680611432495,-0.0053734680611432495,0.09140660311784345
gas,2016-08-01,False,0.03360290671811742,-0.03017603055932378,-0.03294871692040929,0.0032286113298729546,0.00837057324735202,0.015546657335724134,0.02510671337236836,0.03583536170848589,0.04697669267229099,0.057478782083214774,0.06681870443705762,0.07698897749124356,0.08752116009630484,0.09976494454845763,0.1135619763326643,0.12629052764796622,0.0,0.0,0.0,0.0,0.0,0.0,-0.0042964620335048664,-0.0042964620335048664,-0.0042964620335048664,-0.0096931292056599,-0.0053734680611432495,-0.0053734680611432495,0.0,0.09112259686009229
gas,2016-09-01,False,0.026991874925767597,-0.024352712204057537,-0.027125398565143358,0.0013458139697410942,0.004368952429777195,0.00955400531715167,0.01686199858416515,0.025499692738920388,0.03487698358338598,0.04417993377916929,0.052799690581508685,0.06211119878981286,0.07215444531080895,0.08338468780162156,0.09647692262544805,0.10865024069973117,0.0,0.0,0.0,0.0,0.0,-0.0042964620335048664,-0.0042964620335048664,-0.0042964620335048664,-0.0096931292056599,-0.0053734680611432495,-0.0053734680611432495,0.0,0.0,0.09090357873390009
gas,2016-10-01,False,0.06260897670674756,-0.02042240451136974,-0.023195090872455564,0.006261224497110973,0.014743293022833726,0.025685444357900877,0.03925456183693132,0.05321561586938994,0.06706584506599889,0.07941145651669679,0.08975597541965552,0.10030232830858044,0.11080751479191875,0.1230754920049657,0.13756363041901576,0.15098766227429916,0.0,0.0,0.0,0.0,-0.0042964620335048664,-0.0042964620335048664,-0.0042964620335048664,-0.0096931292056599,-0.0053734680611432495,-0.0053734680611432495,0.0,0.0,0.0,0.09074714334846128
gas,2016-11-01,False,0.08243952809556707,-0.016476588527725152,-0.019249274888811032,0.008939420488432326,0.02053631319067062,0.0342925424470959,0.050857634740676616,0.0678058820547287,0.08380912986206468,0.09749635604897389,0.10856871348262764,0.11954245834570454,0.13019762353693132,0.14234482115708147,0.15725248521319202,0.1702985911399839,0.0,0.0,0.0,-0.0042964620335048664,-0.0042964620335048664,-0.0042964620335048664,-0.0096931292056599,-0.0053734680611432495,-0.0053734680611432495,0.0,0.0,0.0,0.0,0.090684843106782
gas,2016-12-01,False,0.0743602144445772,-0.012515141382254631,-0.015198266147292774,0.008259395115811863,0.018666102447178368,0.030980307681822694,0.04509810316900431,0.05980461432665862,0.07411953688293682,0.0860046237922436,0.09564229707955008,0.10522188966253321,0.11454937005953081,0.12505203139478116,0.13740489574730663,0.14847071826015412,0.0,0.0,-0.0042964620335048664,-0.0042964620335048664,-0.0042964620335048664,-0.0096931292056599,-0.0053734680611432495,-0.0053734680611432495,0.0,0.0,0.0,0.0,0.0010712373814989462,0.09042153448525034
gas,2017-01-01,False,0.07236061318299891,-0.008537938738035931,-0.011131509927587789,0.008673214953104136,0.018891012406164087,0.030666559134765237,0.043999254466048576,0.05712225118295855,0.0700805594049827,0.08122230353162596,0.08982596624068329,0.09815530911890402,0.1062252466424507,0.1152168019833475,0.1256552229613339,0.1346284595552678,0.0,-0.0042964620335048664,-0.0042964620335048664,-0.0042964620335048664,-0.0096931292056599,-0.0053734680611432495,-0.0053734680611432495,0.0,0.0,0.0,0.0,0.0010712373814989462,0.0010712373814989462,0.09015665357156345
gas,2017-02-01,False,0.06745791317898697,-0.004544854768677666,-0.006245559202421607,0.009273092690399665,0.019372947435536858,0.030143216964798825,0.04189826526185403,0.05343675290730143,0.06403975502429304,0.0733016543803684,0.08085522347995333,0.08751921897033021,0.09377325833259675,0.10057812910131769,0.10828255253521846,0.11482156055117798,-0.0042964620335048664,-0.0042964620335048664,-0.0042964620335048664,-0.0096931292056599,-0.0053734680611432495,-0.0053734680611432495,0.0,0.0,0.0,0.0,0.0010712373814989462,0.0010712373814989462,0.002141328441343404,0.08975148320865046
gas,2017-03-01,False,0.04469821755682777,-0.004742950409900028,-0.0019660417414138153,0.008473802468372149,0.01669058440294169,0.024506670011155585,0.03201064685267774,0.03919454177850934,0.045759891983855994,0.05113978697203603,0.05584912965962108,0.06007692211511362,0.06369183161375336,0.06712833252567929,0.0704641106375794,0.0733533245732989,0.0,0.0,-0.005396667172155034,-0.001077006027638383,-0.001077006027638383,0.0042964620335048664,0.0042964620335048664,0.0042964620335048664,0.0042964620335048664,0.005367699415003813,0.005367699415003813,0.006437790474848271,0.006437790474848271,0.08933895223999004
gas,2017-04-01,False,0.034088869521305305,-0.003224075871752231,8.940945063840208e-05,0.008403626199189773,0.015862189674615834,0.022295961136926223,0.027669766512644856,0.03237826341306782,0.036424209198846036,0.03974831626162523,0.042576274072613884,0.044898178149418655,0.04697581875078782,0.048361074545412386,0.04892479479210188,0.04935855288385671,0.0,-0.005396667172155034,-0.001077006027638383,-0.001077006027638383,0.0042964620335048664,0.0042964620335048664,0.0042964620335048664,0.0042964620335048664,0.005367699415003813,0.005367699415003813,0.006437790474848271,0.006437790474848271,0.006437790474848271,0.08891894939655229
gas,2017-05-01,False,0.03292022963006266,-0.0028663581072509658,0.0021453481009238683,0.009444404595532419,0.017633488244711337,0.024351818779519974,0.029582627736028044,0.03381112956735777,0.03711385113657606,0.039528373782173,0.04152870798224573,0.042744899211727194,0.04362197790623856,0.043836079126981176,0.04291007064726582,0.04183227488932584,-0.005396667172155034,-0.001077006027638383,-0.001077006027638383,0.0042964620335048664,0.0042964620335048664,0.0042964620335048664,0.0042964620335048664,0.005367699415003813,0.005367699415003813,0.006437790474848271,0.006437790474848271,0.006437790474848271,0.009641210192385508,0.0884787829059737
gas,2017-06-01,False,0.027865277785723216,-0.007010004440621337,0.003574624002959426,0.01076073277359857,0.02000113136290782,0.027276725427431536,0.03250406129760108,0.036379726201504425,0.0390045830626784,0.040539840714655995,0.04147319333431998,0.04139264108566465,0.04088514417265188,0.03934507908132545,0.03650062279902322,0.03370327216009361,0.004319661144516651,0.004319661144516651,0.0096931292056599,0.0096931292056599,0.0096931292056599,0.0096931292056599,0.010764366587158847,0.010764366587158847,0.011834457647003305,0.011834457647003305,0.011834457647003305,0.015037877364540542,0.01610340756657891,0.0880396903088862
gas,2017-07-01,False,0.05274449013976596,-0.0026007817000574785,0.007050767752163972,0.015219728475685201,0.028927621042226903,0.040431653822017743,0.04949170908312972,0.056433018229251175,0.06152007549856631,0.06447604359402792,0.06609614653768414,0.066117173573498,0.06520152354600928,0.06326361216850707,0.060107632383608944,0.056629626373650765,0.0,0.0053734680611432495,0.0053734680611432495,0.0053734680611432495,0.0053734680611432495,0.006444705442642196,0.006444705442642196,0.007514796502486654,0.007514796502486654,0.007514796502486654,0.01071821622002389,0.011783746422062258,0.0359827178795058,0.08761448966607745
gas,2017-08-01,False,0.06275405552232184,-0.0021528533611010897,0.010601907847628336,0.017441625784460513,0.033592952004611654,0.0471589110260604,0.05807964796873488,0.06638241980441073,0.07241774553988378,0.07591942871885138,0.07769105125218623,0.0776180755760052,0.07634594852842813,0.07393557638332915,0.07025729975782458,0.06600068758317335,0.0053734680611432495,0.0053734680611432495,0.0053734680611432495,0.0053734680611432495,0.006444705442642196,0.006444705442642196,0.007514796502486654,0.007514796502486654,0.007514796502486654,0.01071821622002389,0.011783746422062258,0.0359827178795058,0.04735234939980426,0.08736175810600907
gas,2017-09-01,False,0.08530634800144882,0.0027726863610857064,0.014140481957532045,0.019767441556774124,0.03868388617994789,0.05546653140157076,0.06955823868621991,0.08076418591204693,0.08925286288467582,0.09445817151765024,0.09750986874781198,0.09861253267703507,0.09841397381398043,0.09746001718312414,0.09562030288406742,0.09251561558937027,0.0,0.0,0.0,0.0010712373814989462,0.0010712373814989462,0.002141328441343404,0.002141328441343404,0.002141328441343404,0.005344748158880641,0.006410278360919008,0.03060924981836255,0.04197888133866101,0.04197888133866101,0.08718531473050374
gas,2017-10-01,False,0.09747035390557364,0.0027726863610857064,0.01863407954489301,0.02094562757906626,0.04161948256670378,0.060402372970377094,0.07701562616057256,0.0902701744429164,0.10063890367915462,0.10712625604837012,0.11092224108307747,0.11294967457008376,0.11362667330642129,0.11376510233143389,0.11377526291070605,0.11225824427007147,0.0,0.0,0.0010712373814989462,0.0010712373814989462,0.002141328441343404,0.002141328441343404,0.002141328441343404,0.005344748158880641,0.006410278360919008,0.03060924981836255,0.04197888133866101,0.04197888133866101,0.053220696204909324,0.08692973112832035
gas,2017-11-01,False,0.0968792419635125,0.0027726863610857064,0.024856438694789425,0.019339215546442468,0.03877426206931123,0.05699140320245899,0.07351054325972939,0.08731171563003759,0.09811730079762526,0.10524759368904402,0.10959380167286525,0.11224092657222329,0.11391768280726033,0.11532705465549409,0.11681008856322794,0.11728982555925782,0.0,0.0010712373814989462,0.0010712373814989462,0.002141328441343404,0.002141328441343404,0.002141328441343404,0.005344748158880641,0.006410278360919008,0.03060924981836255,0.04197888133866101,0.04197888133866101,0.053220696204909324,0.07334209940433123,0.08691917977690614
gas,2017-12-01,False,0.10538046422302115,0.0027726863610854848,0.03086392586176064,0.01903226470246544,0.03864247050114322,0.057741037199683376,0.07597374193177586,0.0915975553139079,0.10455875987919683,0.11323782997102239,0.11884005489915417,0.12273273257725048,0.12549596256486684,0.1286692858273666,0.13255944897910332,0.13511719470151107,0.0010712373814989462,0.0010712373814989462,0.002141328441343404,0.002141328441343404,0.002141328441343404,0.005344748158880641,0.006410278360919008,0.03060924981836255,0.04197888133866101,0.04197888133866101,0.053220696204909324,0.07334209940433123,0.07334209940433123,0.08706881244916538
gas,2018-01-01,False,0.07335531130119131,0.003664808571051108,0.03683447221077764,0.013876799623667502,0.027554718308367754,0.040399394778501296,0.05242686326972912,0.06290433052358946,0.07149874542138868,0.07754008412939051,0.08138097959557289,0.08395895637008,0.08565409818012437,0.08706581812912884,0.08847594006810588,0.08912856108951583,0.0,0.001070091059844458,0.001070091059844458,0.001070091059844458,0.004273510777381695,0.005339040979420062,0.029538012436863603,0.040907643957162065,0.040907643957162065,0.05214945882341038,0.07227086202283228,0.07227086202283228,0.07227086202283228,0.08709219137754702
gas,2018-02-01,False,0.053330481830567183,0.0032171609517759854,0.034915387640384446,0.010396004606577414,0.020162347129667246,0.029113857224378314,0.03720895257210888,0.04450494180921716,0.050748990913232817,0.05534998628985388,0.058761680854614085,0.060865317555425236,0.06241008662845893,0.06342100950582719,0.06391063098701366,0.06415532832537796,0.001070091059844458,0.001070091059844458,0.001070091059844458,0.004273510777381695,0.005339040979420062,0.029538012436863603,0.040907643957162065,0.040907643957162065,0.05214945882341038,0.07227086202283228,0.07227086202283228,0.07227086202283228,-0.016190315873155114,0.08705983985022411
gas,2018-03-01,False,0.044789671099682966,0.0036608818063619316,0.0330812254381558,0.00819031700935291,0.01573263968747174,0.022573516576609443,0.028845144190933425,0.034638724954919375,0.03992455654445948,0.04428634675514953,0.04777696308985213,0.05044637845557265,0.05239590680119921,0.05391200939966634,0.054795407416571074,0.05547065153125352,0.0,0.0,0.003203419717537237,0.004268949919575604,0.028467921377019145,0.03983755289731761,0.03983755289731761,0.05107936776356592,0.07120077096298782,0.07120077096298782,0.07120077096298782,-0.017260406932999572,-0.016172859245600968,0.08694766005259946
gas,2018-04-01,False,0.04113930638876554,0.003124305152457502,0.03124566613786058,0.007687467016740612,0.014660603963407404,0.020859694025732622,0.026383534844844014,0.0315884091476919,0.036316808779599086,0.04045101051209432,0.04401048891742576,0.04672743812217206,0.04894798237492193,0.05035845551822682,0.05112362489507749,0.05161217722540545,0.0,0.003203419717537237,0.004268949919575604,0.028467921377019145,0.03983755289731761,0.03983755289731761,0.05107936776356592,0.07120077096298782,0.07120077096298782,0.07120077096298782,-0.017260406932999572,-0.016172859245600968,-0.016172859245600968,0.08666836802787667
gas,2018-05-01,False,0.058197494151477444,0.0021413284413432996,0.03578387578592956,0.009999702151176848,0.01977261655482465,0.028991007225044108,0.03772532879316248,0.04579567646869975,0.05334873561965292,0.059463039279636476,0.06447159095260169,0.0685777310823692,0.07182780254746657,0.0747144004992375,0.07711421527262718,0.07880262469335797,0.003203419717537237,0.004268949919575604,0.028467921377019145,0.03983755289731761,0.03983755289731761,0.05107936776356592,0.07120077096298782,0.07120077096298782,0.07120077096298782,-0.017260406932999572,-0.016172859245600968,-0.016172859245600968,0.0721962912044889,0.08634037868938793
gas,2018-06-01,False,0.07083699679755232,0.004184292773129535,0.040472245586457435,0.010960338550820126,0.022126092162929822,0.03299966923370423,0.04364778714683659,0.053437965034358825,0.062367923383092716,0.0699840993942118,0.07593326857741012,0.08117611272935754,0.08559919368441626,0.08970082070013063,0.09388988971070411,0.09670750177536558,0.0010655302020383672,0.02526450165948191,0.03663413317978037,0.03663413317978037,0.04787594804602868,0.06799735124545059,0.06799735124545059,0.06799735124545059,-0.02046382665053681,-0.019376278963138205,-0.019376278963138205,0.06899287148695166,0.06899287148695166,0.08600623173874462
gas,2018-07-01,False,0.08017191579042683,0.004179827331396786,0.041120775921201794,0.011664961217145553,0.023981830347402422,0.03635457663132868,0.04873963318597063,0.06017326167012094,0.07048481756686353,0.0788374599863646,0.08589828810891742,0.0920474660598618,0.09755394842860543,0.10307081196136725,0.10882248043179032,0.11308237416403877,0.02419897145744354,0.035568602977742,0.035568602977742,0.046810417843990315,0.06693182104341222,0.06693182104341222,0.06693182104341222,-0.021529356852575177,-0.020441809165176572,-0.020441809165176572,0.06792734128491329,0.06792734128491329,0.06792734128491329,0.08565839746032733
gas,2018-08-01,False,0.10082639213384295,0.023755335409175328,0.04029722019662419,0.011586345987645075,0.023739858358466925,0.03617125666769816,0.048831183691287805,0.0605530341705629,0.07114478634223875,0.07960491912099865,0.08636564688908965,0.09302608324256756,0.09888645373318461,0.10508114031167004,0.11175024636190845,0.11664930434367893,0.011369631520298462,0.011369631520298462,0.022611446386546774,0.04273284958596868,0.04273284958596868,0.04273284958596868,-0.04572832831001872,-0.04464078062262011,-0.04464078062262011,0.04372836982746975,0.04372836982746975,0.04372836982746975,0.04372836982746975,0.08539153183702021
gas,2018-09-01,False,0.1283209984241157,0.030611085742214827,0.03947881097378764,0.015288627290496848,0.03156423583448831,0.047836860816717675,0.06434137243609062,0.07937810505934717,0.09262801991832337,0.10273432547931094,0.11021350739914215,0.1169356337693106,0.12348770361524064,0.13028416782367724,0.13812413951157332,0.14373021260494667,0.0,0.011241814866248312,0.03136321806567022,0.03136321806567022,0.03136321806567022,-0.05709795983031718,-0.056010412142918575,-0.056010412142918575,0.032358738307171286,0.032358738307171286,0.032358738307171286,0.032358738307171286,0.032358738307171286,0.08516044305413384
gas,2018-10-01,False,0.1370230085852515,0.027084988999926618,0.03676630880659801,0.017637629786460884,0.036682103317148496,0.05562562206447108,0.07439936832245575,0.09135666731999148,0.10616701180113797,0.11708317314406091,0.12484397172520367,0.13140470863147513,0.13710899877733418,0.14422552250777976,0.15226189450324057,0.15808681692647308,0.011241814866248312,0.03136321806567022,0.03136321806567022,0.03136321806567022,-0.05709795983031718,-0.056010412142918575,-0.056010412142918575,0.032358738307171286,0.032358738307171286,0.032358738307171286,0.032358738307171286,0.032358738307171286,0.032358738307171286,0.08505058844449101
gas,2018-11-01,False,0.122679719060804,0.03288580755584581,0.02314438368068018,0.01587094674475953,0.03224563647232337,0.04827183020196024,0.06358533668835253,0.0770006521897173,0.08857218937414046,0.0970081718063538,0.10285445562948237,0.10751452475355183,0.11128261829938157,0.11546343635243339,0.12089736201856915,0.12453189333490844,0.020121403199421906,0.020121403199421906,0.020121403199421906,-0.06833977469656549,-0.06725222700916689,-0.06725222700916689,0.021116923440922974,0.021116923440922974,0.021116923440922974,0.021116923440922974,0.021116923440922974,0.021116923440922974,-0.07051842479578774,0.0849998335861438
gas,2018-12-01,False,0.12757792398469964,0.04516129830760889,0.009592606936541863,0.01593406271460207,0.03174748421345441,0.046758250282173286,0.06089906907124387,0.07302368878909071,0.08313059199318751,0.09037142063014691,0.09530258729915086,0.09883689425408715,0.10146704392970474,0.10408473265720009,0.1071319596871767,0.10953607489639605,0.0,0.0,-0.0884611778959874,-0.08737363020858879,-0.08737363020858879,0.0009955202415010689,0.0009955202415010689,0.0009955202415010689,0.0009955202415010689,0.0009955202415010689,0.0009955202415010689,-0.09063982799520964,-0.09063982799520964,0.08489904761034034
gas,2019-01-01,False,0.08509052733223091,0.03910119838310583,-0.003978211594478854,0.011970391607584396,0.022795758906895003,0.0318320168064119,0.03913822854419724,0.04498925934548037,0.04939781323614589,0.052281402165806234,0.054270550014605234,0.055103992240640665,0.055172955772034626,0.0545177328917239,0.0529453014059289,0.051339834526452854,0.0,-0.0884611778959874,-0.08737363020858879,-0.08737363020858879,0.0009955202415010689,0.0009955202415010689,0.0009955202415010689,0.0009955202415010689,0.0009955202415010689,0.0009955202415010689,-0.09063982799520964,-0.09063982799520964,-0.09063982799520964,0.08481777822786442
gas,2019-02-01,False,0.05750469212982997,0.03316339856981756,-0.0027696053708874714,0.009772721708317,0.017648813801391938,0.023386108533079764,0.026700645980413995,0.02860546111244755,0.02946554346345831,0.0296662795516367,0.029738060080327422,0.02881438589915586,0.02741428522263689,0.024589236849366536,0.020084921028272973,0.015998396760059208,-0.0884611778959874,-0.08737363020858879,-0.08737363020858879,0.0009955202415010689,0.0009955202415010689,0.0009955202415010689,0.0009955202415010689,0.0009955202415010689,0.0009955202415010689,-0.09063982799520964,-0.09063982799520964,-0.09063982799520964,-0.09063982799520964,0.08453178932130354
gas,2019-03-01,False,-0.03701771129137118,-0.046594204197523276,-0.001732352100627161,0.007469450993241367,0.014460948289963582,0.018971216168695904,0.020096646107981897,0.019756520361617014,0.017724995799713206,0.015382110587578879,0.013554802905671792,0.010503212514195504,0.007109578451396814,0.0019324778511515817,-0.005632312318021526,-0.012395330794134907,0.0010875476873986045,0.0010875476873986045,0.08945669813748847,0.08945669813748847,0.08945669813748847,0.08945669813748847,0.08945669813748847,0.08945669813748847,-0.0021786500992222457,-0.0021786500992222457,-0.0021786500992222457,-0.0021786500992222457,-0.0021786500992222457,0.08420114226685399
gas,2019-04-01,False,-0.06297708352208563,-0.0442942202310041,-0.0006934813037976136,0.002559915491931797,0.0026410875370039832,0.002715268056780573,-0.0002997133709445876,-0.00455789476438806,-0.00973691949317157,-0.015087971554514468,-0.01893569344873658,-0.02331850939638702,-0.027825456317605024,-0.034343763345681566,-0.04357576130563423,-0.0511979244365266,0.0,0.08836915045008986,0.08836915045008986,0.08836915045008986,0.08836915045008986,0.08836915045008986,0.08836915045008986,-0.0032661977866208503,-0.0032661977866208503,-0.0032661977866208503,-0.0032661977866208503,-0.0032661977866208503,-0.0032661977866208503,0.08386480775450224
gas,2019-05-01,False,-0.06337163085294216,-0.04273321046124228,-0.01703056193394289,0.001719374568437182,0.0009261421592947627,-0.0014327599523928924,-0.004381231813005648,-0.007772946364628552,-0.012435594173028086,-0.016656758337368238,-0.020438946094762933,-0.024931841337669347,-0.029147530226704355,-0.03548044443723963,-0.04436110493627421,-0.05148152102516068,0.08836915045008986,0.08836915045008986,0.08836915045008986,0.08836915045008986,0.08836915045008986,0.08836915045008986,-0.0032661977866208503,-0.0032661977866208503,-0.0032661977866208503,-0.0032661977866208503,-0.0032661977866208503,-0.0032661977866208503,-0.03991660740544223,0.08353068393249019
gas,2019-06-01,False,-0.014056435237783875,0.032615708628513124,-0.03327253447214066,-0.0016427325566805706,-0.008168587230049873,-0.016453193378522357,-0.026395816126131066,-0.033569567384113874,-0.04098760121335143,-0.04685412435296055,-0.0510967403022109,-0.05617251764653819,-0.060508003981929015,-0.06672879454062208,-0.07567538209631142,-0.08205781709354909,0.0,0.0,0.0,0.0,0.0,-0.09163534823671071,-0.09163534823671071,-0.09163534823671071,-0.09163534823671071,-0.09163534823671071,-0.09163534823671071,-0.1282857578555321,-0.1271551754852469,0.0832200403705119
gas,2019-07-01,False,0.040730121757823895,0.028938762333552224,-0.04763429437677543,0.0051481084491520335,0.009053936919487526,0.010654269690260953,0.010791976820080151,0.010892432780707395,0.01172603343668488,0.012718564653958708,0.013918366970183449,0.014485808560262825,0.014835101554667496,0.014222819259847697,0.012396060605911252,0.011094227916760957,0.0,0.0,0.0,0.0,-0.09163534823671071,-0.09163534823671071,-0.09163534823671071,-0.09163534823671071,-0.09163534823671071,-0.09163534823671071,-0.1282857578555321,-0.1271551754852469,-0.1271551754852469,0.08293327342789979
gas,2019-08-01,False,0.045760840914759376,0.02621117796266549,-0.06125258537261166,0.004725709729411776,0.008803333727442464,0.012140729063700562,0.013840951133742507,0.015282544754269267,0.01656727321765228,0.01883023643553372,0.021236452153777563,0.02346896824967004,0.025578288942385896,0.02704701287568234,0.027761829004256278,0.02865516810405655,0.0,0.0,0.0,-0.09163534823671071,-0.09163534823671071,-0.09163534823671071,-0.09163534823671071,-0.09163534823671071,-0.09163534823671071,-0.1282857578555321,-0.1271551754852469,-0.1271551754852469,-0.1282857578555321,0.08267876835447777
gas,2019-09-01,False,0.040327410241793475,0.023491013075598303,-0.07498337152890386,0.0025973528434475313,0.004845586075065356,0.007067410141159414,0.008965539648872145,0.010507959081522245,0.011976019162356799,0.013934401410908848,0.016884832316496734,0.019978686849651872,0.023374092672223235,0.02635428074303281,0.02882788081709453,0.03154390882698355,0.0,0.0,-0.09163534823671071,-0.09163534823671071,-0.09163534823671071,-0.09163534823671071,-0.09163534823671071,-0.09163534823671071,-0.1282857578555321,-0.1271551754852469,-0.1271551754852469,-0.1282857578555321,-0.1282857578555321,0.08252876772134646
gas,2019-10-01,False,0.07544686144277153,0.021709917655427322,-0.0878976729857136,0.005349943671318691,0.011437110407742423,0.01829785990416255,0.026276021955446538,0.034546529587673014,0.04318621345665541,0.051126948249453186,0.058017753075379375,0.06488870088451293,0.07179181962541126,0.07994828341064686,0.08901293359968143,0.0974938123764435,0.0,-0.09163534823671071,-0.09163534823671071,-0.09163534823671071,-0.09163534823671071,-0.09163534823671071,-0.09163534823671071,-0.1282857578555321,-0.1271551754852469,-0.1271551754852469,-0.1282857578555321,-0.1282857578555321,-0.1282857578555321,0.08257956531941268
gas,2019-11-01,False,0.055225973810597406,0.02162518266406203,-0.09362984402424432,0.0013571377715617672,0.0034305461411827665,0.006494851166332083,0.010969174197491327,0.01635546881308958,0.022336497164317848,0.02852050550400964,0.03460821096599265,0.04110178708236756,0.04782845670202995,0.05522960221075923,0.06353182284172121,0.07135728690655707,-0.09163534823671071,-0.09163534823671071,-0.09163534823671071,-0.09163534823671071,-0.09163534823671071,-0.09163534823671071,-0.1282857578555321,-0.1271551754852469,-0.1271551754852469,-0.1282857578555321,-0.1282857578555321,-0.1282857578555321,-0.2585903003099572,0.08272996017287779
gas,2019-12-01,False,-0.024678851969633018,-0.055071136624142564,-0.09948159275488358,0.0007496019075849958,0.0027587300667955006,0.005931301442390513,0.010067067868971158,0.015084514077869038,0.0207340078085414,0.026284504719366275,0.031666447623702965,0.037421821467684246,0.043317222809823086,0.04976590826601157,0.056646932678837913,0.06348718136424658,0.0,0.0,0.0,0.0,0.0,-0.03665040961882138,-0.035519827248536195,-0.035519827248536195,-0.03665040961882138,-0.03665040961882138,-0.03665040961882138,-0.1669549520732465,-0.1669549520732465,0.08287115462926674
gas,2020-01-01,False,-0.07331641302516721,-0.047560418017625054,-0.1054568037518778,-0.008637318319121512,-0.01717345032434725,-0.02419284531459187,-0.030032025085482417,-0.03327874661766117,-0.035595090943187024,-0.035098756961055244,-0.032978022010595964,-0.030157046690652223,-0.026214251012374845,-0.022217489471118235,-0.017983972356944378,-0.012676433467120773,0.0,0.0,0.0,0.0,-0.03665040961882138,-0.035519827248536195,-0.035519827248536195,-0.03665040961882138,-0.03665040961882138,-0.03665040961882138,-0.1669549520732465,-0.1669549520732465,-0.1669549520732465,0.0831929046342113
gas,2020-02-01,False,-0.10469053311130455,-0.04738709277236931,-0.11895376749741877,-0.0133533632043763,-0.027222589109178408,-0.040386023596894915,-0.051637782218604045,-0.06022671496882026,-0.06719031763511474,-0.06998382833850503,-0.06984982902085957,-0.0678139258706345,-0.06522730855563097,-0.06324522759687579,-0.06155854842063313,-0.056891384700705316,0.0,0.0,0.0,-0.03665040961882138,-0.035519827248536195,-0.035519827248536195,-0.03665040961882138,-0.03665040961882138,-0.03665040961882138,-0.1669549520732465,-0.1669549520732465,-0.1669549520732465,-0.1669549520732465,0.08323863143983752
gas,2020-03-01,False,-0.1265861501316393,-0.04712704856338848,-0.13255348218012164,-0.017760851799828004,-0.03641248041274103,-0.054442585788576636,-0.07036196408458828,-0.08171777153113524,-0.09215206689018807,-0.0964255058069119,-0.09709384925964937,-0.0949153591375449,-0.0907664340161265,-0.08845113577085684,-0.08704406173035473,-0.0824531346408639,0.0,0.0,-0.03665040961882138,-0.035519827248536195,-0.035519827248536195,-0.03665040961882138,-0.03665040961882138,-0.03665040961882138,-0.1669549520732465,-0.1669549520732465,-0.1669549520732465,-0.1669549520732465,-0.1669549520732465,0.08309076450413604
gas,2020-04-01,False,-0.14802591951583838,-0.04686693671382742,-0.14634792512506398,-0.01937994543670829,-0.04062999766171682,-0.06226846604437153,-0.0825494552635222,-0.09813122982180644,-0.11197174143535271,-0.12027666239344992,-0.12309586737396128,-0.12290329163012625,-0.11993785355840991,-0.11818262255447465,-0.11924151059509214,-0.11717076394475345,0.0,-0.03665040961882138,-0.035519827248536195,-0.035519827248536195,-0.03665040961882138,-0.03665040961882138,-0.03665040961882138,-0.1669549520732465,-0.1669549520732465,-0.1669549520732465,-0.1669549520732465,-0.1669549520732465,-0.1669549520732465,0.08283813427273698
gas,2020-05-01,False,-0.14944438540935504,-0.03920673212553547,-0.13931948484495804,-0.020702294941607136,-0.04358051048680078,-0.0673147032326451,-0.08993130036617547,-0.10767837423007176,-0.12316038478543057,-0.13124538567229216,-0.13540170681526043,-0.1349763612392163,-0.13177785036949974,-0.12913830827959139,-0.12811028297997318,-0.12525403006727842,-0.03665040961882138,-0.035519827248536195,-0.035519827248536195,-0.03665040961882138,-0.03665040961882138,-0.03665040961882138,-0.1669549520732465,-0.1669549520732465,-0.1669549520732465,-0.1669549520732465,-0.1669549520732465,-0.1669549520732465,-0.07704828594511781,0.08270564268868852
gas,2020-06-01,False,-0.20176804866997702,-0.06230894471806382,-0.13238069544068165,-0.024034950951414835,-0.04931148136329888,-0.07683069175094914,-0.10475475684028179,-0.12801041014977965,-0.14901579570340306,-0.16190051960836715,-0.16857487985521136,-0.17351983713924746,-0.17267383051204455,-0.17312278169431572,-0.1754852391802233,-0.17308369469796414,0.0011305823702851825,0.0011305823702851825,0.0,0.0,0.0,-0.13030454245442513,-0.13030454245442513,-0.13030454245442513,-0.13030454245442513,-0.13030454245442513,-0.13030454245442513,-0.040397876326296434,-0.040397876326296434,0.08249830203495859
gas,2020-07-01,False,-0.06353106037246778,-0.05058211877491931,-0.12534219398402796,-0.00763407486896206,-0.01533419231717481,-0.021471644016355818,-0.026017824764756448,-0.02841385142115982,-0.029018538462737276,-0.02681824598331506,-0.022392978088997317,-0.015271996581232017,-0.007101188273606063,0.0010874843170540771,0.009156488233230675,0.017630334694111127,0.0,-0.0011305823702851825,-0.0011305823702851825,-0.0011305823702851825,-0.13143512482471031,-0.13143512482471031,-0.13143512482471031,-0.13143512482471031,-0.13143512482471031,-0.13143512482471031,-0.041528458696581616,-0.041528458696581616,-0.041528458696581616,0.08221512636154597
gas,2020-08-01,False,-0.04674507799343653,-0.039781905792853164,-0.11800930559738773,-0.0076422680230026074,-0.014465402397821236,-0.02024211872750037,-0.023543428541543676,-0.024724404780000597,-0.0242425104630124,-0.02127979083079623,-0.016426008953393634,-0.009143994560786517,0.00037578556664463747,0.010468874150609153,0.020276855136096117,0.030114889407983902,-0.0011305823702851825,-0.0011305823702851825,-0.0011305823702851825,-0.13143512482471031,-0.13143512482471031,-0.13143512482471031,-0.13143512482471031,-0.13143512482471031,-0.13143512482471031,-0.041528458696581616,-0.041528458696581616,-0.041528458696581616,-0.041528458696581616,0.08226100750308817
gas,2020-09-01,False,0.012670505533063618,-0.029811373251029668,-0.11056920584649729,-0.002655908370081228,-0.003693976877846339,-0.0018403972557550219,0.003891532840182954,0.011263231532363527,0.020798156488401,0.030458930672483397,0.040086243680628186,0.05120238719593129,0.06343568179932824,0.07853130463678237,0.09562724177920057,0.10926912445968817,0.0,0.0,-0.13030454245442513,-0.13030454245442513,-0.13030454245442513,-0.13030454245442513,-0.13030454245442513,-0.13030454245442513,-0.040397876326296434,-0.040397876326296434,-0.040397876326296434,-0.040397876326296434,-0.040397876326296434,0.08246415973922842
gas,2020-10-01,False,0.0631504801322679,-0.018678167214390976,-0.1030193156481424,0.000659331943153596,0.0037746127275823937,0.010730443615007523,0.021991285662809723,0.03734115221185608,0.05433539375723484,0.07055543101185258,0.08496908467397546,0.10036166382385758,0.11530190808240981,0.13333012560083102,0.1556589173063907,0.17615660093602248,0.0,-0.13030454245442513,-0.13030454245442513,-0.13030454245442513,-0.13030454245442513,-0.13030454245442513,-0.13030454245442513,-0.040397876326296434,-0.040397876326296434,-0.040397876326296434,-0.040397876326296434,-0.040397876326296434,-0.040397876326296434,0.0827430375122452
gas,2020-11-01,False,0.06787090053848523,-0.015620202546304576,-0.06777490159824892,0.0015712100625862035,0.005662398272752611,0.013493136761120184,0.02524296926031777,0.038625136758790646,0.05717066492759493,0.07336405808683555,0.08823453818894311,0.10348758578162887,0.118114120479766,0.13461870764582073,0.15457952050156898,0.173538253185467,-0.13030454245442513,-0.13030454245442513,-0.13030454245442513,-0.13030454245442513,-0.13030454245442513,-0.13030454245442513,-0.040397876326296434,-0.040397876326296434,-0.040397876326296434,-0.040397876326296434,-0.040397876326296434,-0.040397876326296434,0.11728014401893017,0.0835828543612124
gas,2020-12-01,False,-0.03341586159835787,-0.12254449594250541,-0.03283415846917457,-0.0010733540738190328,0.004632452191168035,0.015694575918910658,0.030662060577578032,0.04520567075983806,0.06555296445630976,0.08255783900466351,0.09739081608864186,0.11205790982912234,0.12598903715379262,0.14089686083855213,0.15742722728741132,0.173134039145161,0.0,0.0,0.0,0.0,0.0,0.0899066661281287,0.0899066661281287,0.0899066661281287,0.0899066661281287,0.0899066661281287,0.0899066661281287,0.2475846864733553,0.2475846864733553,0.08421514811635336
gas,2021-01-01,False,-0.022448697542401013,-0.10905856633899376,0.0018278902583293327,0.000862589280045789,0.0033746742428366616,0.014399178534123536,0.030671995274201613,0.0467014344463319,0.06625644447786794,0.08279356776421842,0.09731827995316067,0.11073990093225916,0.12317511723248753,0.13647443880087007,0.15046183624878928,0.16198712855843223,0.0,0.0,0.0,0.0,0.0899066661281287,0.0899066661281287,0.0899066661281287,0.0899066661281287,0.0899066661281287,0.0899066661281287,0.2475846864733553,0.2475846864733553,0.2475846864733553,0.08415341428927382
gas,2021-02-01,False,-0.02052176604227799,-0.09538827734819695,0.03632929346059728,0.0014062688561988779,0.0041701725813787505,0.010235810466248552,0.02383976438491686,0.03915195575167818,0.05767095629018648,0.07214261644679887,0.08490134346724965,0.09712160229223432,0.10782311843502956,0.11912153295091343,0.13101681892248518,0.140297910268238,0.0,0.0,0.0,0.0899066661281287,0.0899066661281287,0.0899066661281287,0.0899066661281287,0.0899066661281287,0.0899066661281287,0.2475846864733553,0.2475846864733553,0.2475846864733553,0.24859021697537376,0.08390519248977243
gas,2021-03-01,False,-0.03300457349401646,-0.0815285184565134,0.07059507139255108,0.001547340576673939,0.003782037185372289,0.007867627140862865,0.01410309448839886,0.02361708098668558,0.03619046765188827,0.046732228219135585,0.05525148396078894,0.06351489698473944,0.07082071414723501,0.07824872890604162,0.08597325586223103,0.09232513418129162,0.0,0.0,0.0899066661281287,0.0899066661281287,0.0899066661281287,0.0899066661281287,0.0899066661281287,0.0899066661281287,0.2475846864733553,0.2475846864733553,0.2475846864733553,0.24859021697537376,0.24859021697537376,0.08362568394516426
gas,2021-04-01,False,-0.012663376470347343,-0.06747396366200986,0.10464755326902517,0.005786024666865508,0.011784359639750441,0.018640250529946556,0.026518892874172195,0.034306334833028806,0.04553693379372259,0.055560969720334086,0.06357932525874954,0.07000524266719665,0.07567609062693226,0.08122053363102744,0.0863180554269265,0.08994526041275996,0.0,0.0899066661281287,0.0899066661281287,0.0899066661281287,0.0899066661281287,0.0899066661281287,0.0899066661281287,0.2475846864733553,0.2475846864733553,0.2475846864733553,0.24859021697537376,0.24859021697537376,0.24859021697537376,0.08334221073606458
gas,2021-05-01,False,0.028430314990935932,-0.05657357313268936,0.17884013346381206,0.01186327045683555,0.023868562884469036,0.03639476735766145,0.049512372900269774,0.0615261483667755,0.07534227723774922,0.08815391934206751,0.09913836929475828,0.10750722814364888,0.11313983915427617,0.11852386494504774,0.12440143345324994,0.12687571794976016,0.0899066661281287,0.0899066661281287,0.0899066661281287,0.0899066661281287,0.0899066661281287,0.0899066661281287,0.2475846864733553,0.2475846864733553,0.2475846864733553,0.24859021697537376,0.24859021697537376,0.24859021697537376,0.759817770007226,0.08306028651292831
gas,2021-06-01,False,0.11399898817240739,0.02958530435950675,0.2484795574950589,0.014111987286467453,0.02690411677787896,0.040060893909126705,0.053506198826659634,0.06536517338062175,0.07845609976476897,0.08847815332534648,0.0980282239278738,0.10598997383476405,0.11119786890781125,0.11545765127489904,0.11776017278896855,0.12072203360345135,0.0,0.0,0.0,0.0,0.0,0.1576780203452266,0.1576780203452266,0.1576780203452266,0.15868355084724506,0.15868355084724506,0.15868355084724506,0.6699111038790972,0.6699111038790972,0.08278524698195704
gas,2021-07-01,False,0.17322101935620582,0.03323161651252695,0.31404385585199646,0.022487565077455862,0.044905254351139234,0.06648247222983628,0.0892967913411784,0.10942085107733401,0.13180791457059549,0.148604087571222,0.16168337542394173,0.17422862317613053,0.18363779272819958,0.19105658695054029,0.1938064288877266,0.1935803089161272,0.0,0.0,0.0,0.0,0.1576780203452266,0.1576780203452266,0.1576780203452266,0.15868355084724506,0.15868355084724506,0.15868355084724506,0.6699111038790972,0.6699111038790972,0.6699111038790972,0.08270311462695334
gas,2021-08-01,False,0.20644641036832778,0.0367894347508362,0.3760481831063887,0.02888440210008003,0.058345588249818725,0.08765664050385436,0.11547732971258817,0.13963540137933528,0.1659035793930581,0.18465601382862662,0.19857401118719853,0.20839829726963455,0.2164259827638837,0.22422245632172455,0.22591889388149333,0.2229539006276644,0.0,0.0,0.0,0.1576780203452266,0.1576780203452266,0.1576780203452266,0.15868355084724506,0.15868355084724506,0.15868355084724506,0.6699111038790972,0.6699111038790972,0.6699111038790972,0.6711159233019472,0.0825821441978783
gas,2021-09-01,False,0.2444596764613673,0.040359956269171104,0.4348370273833817,0.03559643031935167,0.07263647766028747,0.11002162556903805,0.1460501290770324,0.17473044674949278,0.2053323231852957,0.22655985389533306,0.24136812184146805,0.25098454642278245,0.2553553086526703,0.2612509651009258,0.26235506153666943,0.2573863661383795,0.0,0.0,0.1576780203452266,0.1576780203452266,0.1576780203452266,0.15868355084724506,0.15868355084724506,0.15868355084724506,0.6699111038790972,0.6699111038790972,0.6699111038790972,0.6711159233019472,0.6711159233019472,0.08251275745557317
gas,2021-10-01,False,0.3391679565041441,0.043943272107454905,0.49074849725988823,0.046831951330236876,0.09810146458489033,0.15179858072225638,0.2063094754051642,0.2511922001853062,0.2966102887397035,0.32805431743579483,0.3499325099990118,0.3638387734651145,0.3701057337836611,0.37555051503620973,0.37730253209836384,0.3738762500306718,0.0,0.1576780203452266,0.1576780203452266,0.1576780203452266,0.15868355084724506,0.15868355084724506,0.15868355084724506,0.6699111038790972,0.6699111038790972,0.6699111038790972,0.6711159233019472,0.6711159233019472,0.6711159233019472,0.08284397525773322
gas,2021-11-01,False,0.27301170473716896,0.036483982424478076,0.5459363157259232,0.039997312128156715,0.08636788630008851,0.13283480821159888,0.17792234006433372,0.21560967063025327,0.2510404618944504,0.27269046799980945,0.2859183736114215,0.29224338620368506,0.2921495261368321,0.29075377711467265,0.28353906963348585,0.2732915526687698,0.1576780203452266,0.1576780203452266,0.1576780203452266,0.15868355084724506,0.15868355084724506,0.15868355084724506,0.6699111038790972,0.6699111038790972,0.6699111038790972,0.6711159233019472,0.6711159233019472,0.6711159233019472,0.985236487999134,0.08365321153486051
gas,2021-12-01,False,0.40806474123463093,0.1578743490000245,0.5960535539078956,0.046640195095082326,0.08890544915887144,0.1330988127494006,0.17886354066462484,0.21884206714236143,0.25844148738424444,0.28650708165001415,0.30163412682047497,0.31043563381851236,0.31436680460600286,0.316645390898584,0.312684819176801,0.304132325562005,0.0,0.0,0.001005530502018459,0.001005530502018459,0.001005530502018459,0.5122330835338706,0.5122330835338706,0.5122330835338706,0.5134379029567206,0.5134379029567206,0.5134379029567206,0.8275584676539074,0.8275584676539074,0.0840917391843333
gas,2022-01-01,False,0.3267022750935605,0.13669822987603233,0.6418235330133873,0.04111573962457005,0.08577011375958143,0.11925266517566069,0.15449918922418426,0.1830916854909681,0.20881400143859974,0.22591437889779264,0.23396783558952094,0.23343095817730752,0.22929493683805013,0.22469531386446828,0.214925791972278,0.20163263401014042,0.0,0.001005530502018459,0.001005530502018459,0.001005530502018459,0.5122330835338706,0.5122330835338706,0.5122330835338706,0.5134379029567206,0.5134379029567206,0.5134379029567206,0.8275584676539074,0.8275584676539074,0.8275584676539074,0.08382179399723218
gas,2022-02-01,False,0.3144706125999806,0.11596125546223,0.684069104031257,0.04302757245483946,0.08808530148520788,0.1313819615148386,0.16305066854891237,0.19512715950601844,0.22136452454441535,0.23856777057287193,0.24668521627682072,0.2461637814946096,0.23844409305278447,0.2300593135866249,0.21759223269763162,0.20134614588647182,0.001005530502018459,0.001005530502018459,0.001005530502018459,0.5122330835338706,0.5122330835338706,0.5122330835338706,0.5134379029567206,0.5134379029567206,0.5134379029567206,0.8275584676539074,0.8275584676539074,0.8275584676539074,0.8310703237654469,0.08357687959120733
gas,2022-03-01,False,0.29727876983751467,0.09646662712630936,0.7229960745584719,0.04121409901650708,0.08500687194077017,0.12516615499685368,0.16460834147730452,0.1909305309995597,0.22202229846227883,0.24106481732621354,0.25065465255936736,0.2519070496164346,0.24599725364301328,0.23608565928670178,0.22191396378183725,0.2052454294993229,0.0,0.0,0.5112275530318522,0.5112275530318522,0.5112275530318522,0.5124323724547022,0.5124323724547022,0.5124323724547022,0.8265529371518889,0.8265529371518889,0.8265529371518889,0.8300647932634284,0.8300647932634284,0.08343465293013907
gas,2022-04-01,False,0.2787307744549131,0.07646870004433874,0.7590070415248716,0.039253583186779295,0.08100011974947652,0.12027973193379449,0.1559540529692489,0.19041206438321368,0.21447753864891794,0.24084986802474617,0.25321816033693967,0.25654505261601646,0.252996997416739,0.24524737638939875,0.2298532041304595,0.21174059423000102,0.0,0.5112275530318522,0.5112275530318522,0.5112275530318522,0.5124323724547022,0.5124323724547022,0.5124323724547022,0.8265529371518889,0.8265529371518889,0.8265529371518889,0.8300647932634284,0.8300647932634284,0.8300647932634284,0.08357668167064437
gas,2022-05-01,False,0.2026424887831386,0.06335552489456495,0.7134105380473038,0.03361330270258023,0.06713490074226947,0.09731564946847637,0.1231079986535093,0.14343343955692323,0.16158550132120286,0.16964980385422734,0.1789684076783793,0.17709175133689747,0.1689706319519173,0.15708231124156757,0.13929479199105366,0.11760475627387024,0.5112275530318522,0.5112275530318522,0.5112275530318522,0.5124323724547022,0.5124323724547022,0.5124323724547022,0.8265529371518889,0.8265529371518889,0.8265529371518889,0.8300647932634284,0.8300647932634284,0.8300647932634284,0.8199347793094107,0.08382968848987196
gas,2022-06-01,False,0.5623689741526584,0.4510168507435454,0.6718672382986436,0.04149118908797966,0.06362051682109282,0.08469309738541497,0.10272243521046143,0.11603592651331862,0.125700504831034,0.1403141598955564,0.1434803277954737,0.1441580113329941,0.13744901433999246,0.12751136458004542,0.1138517133986996,0.09953427788866787,0.0,0.0,0.0012048194228500009,0.0012048194228500009,0.0012048194228500009,0.31532538412003674,0.31532538412003674,0.31532538412003674,0.3188372402315762,0.3188372402315762,0.3188372402315762,0.30870722627755853,0.30870722627755853,0.08440547585568922
gas,2022-07-01,False,0.5877886060832425,0.38909886453962805,0.6338281326174823,0.046992850407699294,0.09728577524109205,0.12733615930356557,0.1547544496352362,0.17779775302938372,0.2016681871202266,0.22479144747285673,0.25049697336457033,0.2546264192515535,0.2558710810648366,0.24854952749466452,0.23209479758472185,0.2144514832615787,0.0,0.0012048194228500009,0.0012048194228500009,0.0012048194228500009,0.31532538412003674,0.31532538412003674,0.31532538412003674,0.3188372402315762,0.3188372402315762,0.3188372402315762,0.30870722627755853,0.30870722627755853,0.30870722627755853,0.08480532552968853
gas,2022-08-01,False,0.5655382146253154,0.33079219610550953,0.576482166122668,0.04679791173008674,0.09950708756821847,0.14892763315206636,0.17973535439490185,0.2050918565840183,0.23298971852851214,0.2587293093078493,0.28436982193496707,0.3022361085248546,0.301267262982182,0.3003593417470798,0.28323022342930937,0.26302251773453555,0.0012048194228500009,0.0012048194228500009,0.0012048194228500009,0.31532538412003674,0.31532538412003674,0.31532538412003674,0.3188372402315762,0.3188372402315762,0.3188372402315762,0.30870722627755853,0.30870722627755853,0.30870722627755853,0.017921626617355635,0.08526126846946239
gas,2022-09-01,False,0.5443982253900982,0.27663885218773643,0.5223631760228206,0.04510149168645583,0.09807701161716675,0.14999144047810997,0.19918709085745867,0.2282012970848415,0.2604518692206641,0.2896485297980993,0.3194625172282519,0.33613558333253657,0.3503653002213314,0.3472051420642961,0.33854863518442624,0.3186662524705284,0.0,0.0,0.31412056469718674,0.31412056469718674,0.31412056469718674,0.3176324208087262,0.3176324208087262,0.3176324208087262,0.30750240685470853,0.30750240685470853,0.30750240685470853,0.016716807194505634,0.016716807194505634,0.08602646491485376
gas,2022-10-01,False,0.4892372763239258,0.22431069814951368,0.4711331474381125,0.04036465608847095,0.08851183379804084,0.13624061553243916,0.1842026293328729,0.22589414614873427,0.25772425615317474,0.2857296062006558,0.3147588315206047,0.331635361906625,0.34131688048021225,0.35188546911452523,0.3402304418576714,0.33023602002674046,0.0,0.31412056469718674,0.31412056469718674,0.31412056469718674,0.3176324208087262,0.3176324208087262,0.3176324208087262,0.30750240685470853,0.30750240685470853,0.30750240685470853,0.016716807194505634,0.016716807194505634,0.016716807194505634,0.08703653614314562
gas,2022-11-01,False,0.36928722188118196,0.1832852961770645,0.36584990402712747,0.03775169868223571,0.07556447156373647,0.11197985408424138,0.14664901351188675,0.17755325019482893,0.20413906305894436,0.21560970980103278,0.22677215264986117,0.23124071058133833,0.23011163456031625,0.22446354684253933,0.2191407719374574,0.20076772462304682,0.31412056469718674,0.31412056469718674,0.31412056469718674,0.3176324208087262,0.3176324208087262,0.3176324208087262,0.30750240685470853,0.30750240685470853,0.30750240685470853,0.016716807194505634,0.016716807194505634,0.016716807194505634,-0.05634421127094136,0.08756790250869914
gas,2022-12-01,False,0.5281221526238213,0.3893792627460364,0.2653100194576916,-0.00784068437207619,-0.00784068437207619,-0.00784068437207619,-0.00784068437207619,-0.00784068437207619,0.17515650202401556,0.19991727391903957,0.20825582483730098,0.21361544642100494,0.21468488942273645,0.2108352081754017,0.2033536430008125,0.20036251580068498,0.0,0.0,0.0035118561115394797,0.0035118561115394797,0.0035118561115394797,-0.006618157842478212,-0.006618157842478212,-0.006618157842478212,-0.2974037575026811,-0.2974037575026811,-0.2974037575026811,-0.3704647759681281,-0.3704647759681281,0.08982346880508327
gas,2023-01-01,False,0.3639833122070015,0.32243316451655235,0.16872214176386324,-0.00784068437207619,-0.00784068437207619,-0.00784068437207619,-0.00784068437207619,0.08068970108858053,0.08006204936744332,0.0859525467547968,0.08124613022892646,0.06462195676270444,0.053144602463155444,0.03719178779879506,0.018074160562200348,0.002044658203446126,0.0,0.0035118561115394797,0.0035118561115394797,0.0035118561115394797,-0.006618157842478212,-0.006618157842478212,-0.006618157842478212,-0.2974037575026811,-0.2974037575026811,-0.2974037575026811,-0.3704647759681281,-0.3704647759681281,-0.3704647759681281,0.09072257785334965
gas,2023-02-01,False,0.22710418892561696,0.25973652679772435,0.07945064783627162,-0.00784068437207619,-0.00784068437207619,-0.00784068437207619,0.022227378171713497,0.017913923853438263,0.002916405938896638,-0.004724960054477201,-0.02420246418708949,-0.03883689081953534,-0.06370978412255557,-0.08329687350170545,-0.10432636527459582,-0.12272092768634213,0.0035118561115394797,0.0035118561115394797,0.0035118561115394797,-0.006618157842478212,-0.006618157842478212,-0.006618157842478212,-0.2974037575026811,-0.2974037575026811,-0.2974037575026811,-0.3704647759681281,-0.3704647759681281,-0.3704647759681281,-0.3045339124872726,0.09364543091015655
gas,2023-03-01,False,0.11430891565520698,0.2035353458312655,-0.006781818452115915,-0.01135254048361567,-0.01135254048361567,0.002351569782680585,-0.008745022676997394,-0.02395303828660378,-0.04920877945804669,-0.06621937830127944,-0.09827923029769892,-0.12078515833503278,-0.14275152072251363,-0.1766153964442152,-0.201111389270066,-0.22202600331795797,0.0,0.0,-0.010130013954017691,-0.010130013954017691,-0.010130013954017691,-0.3009156136142206,-0.3009156136142206,-0.3009156136142206,-0.3739766320796676,-0.3739766320796676,-0.3739766320796676,-0.30804576859881205,-0.30804576859881205,0.09757780974529838
gas,2023-04-01,False,0.032885109050328994,0.14752645178289508,-0.09043382043754795,-0.01135254048361567,-0.01135254048361567,-0.015042980422966146,-0.029694628186367034,-0.04612088071011211,-0.07577308916908976,-0.09542752654978948,-0.13066896893531865,-0.15575278005098703,-0.1783204483823031,-0.20308932644647992,-0.23471925385644354,-0.25340538344764507,0.0,-0.010130013954017691,-0.010130013954017691,-0.010130013954017691,-0.3009156136142206,-0.3009156136142206,-0.3009156136142206,-0.3739766320796676,-0.3739766320796676,-0.3739766320796676,-0.30804576859881205,-0.30804576859881205,-0.30804576859881205,0.1025943623793436
gas,2023-05-01,False,-0.041812830324160735,0.12150104758121595,-0.15549300348746303,-0.01135254048361567,-0.02050808901523471,-0.041889901728700885,-0.06558012162524385,-0.08740093487847655,-0.12164909839939586,-0.1478106764772491,-0.18845775652745278,-0.21876682778674628,-0.2456514701445176,-0.2727458087527568,-0.2978858002278981,-0.3231106754360207,-0.010130013954017691,-0.010130013954017691,-0.010130013954017691,-0.3009156136142206,-0.3009156136142206,-0.3009156136142206,-0.3739766320796676,-0.3739766320796676,-0.3739766320796676,-0.30804576859881205,-0.30804576859881205,-0.30804576859881205,-0.4793371477374935,0.10865304923392653
gas,2023-06-01,False,-0.05979591284198789,0.08785683872246014,-0.22160413749656602,-0.0012225265295979781,-0.006888994362676648,-0.02422121831280233,-0.04588923008576007,-0.0678710380393106,-0.10121017854198389,-0.12537924159550506,-0.16809533460621218,-0.1993474471293757,-0.22934915420591384,-0.26076238465328316,-0.2906987795355853,-0.3158289357812434,0.0,0.0,-0.2907855996602029,-0.2907855996602029,-0.2907855996602029,-0.3638466181256499,-0.3638466181256499,-0.3638466181256499,-0.29791575464479436,-0.29791575464479436,-0.29791575464479436,-0.4692071337834758,-0.4692071337834758,0.11508798942713733
gas,2023-07-01,False,-0.014546291950791393,0.06397795819970413,-0.28894132021773977,-0.0021878059042323983,-0.012476411406379562,-0.023778682277824537,-0.03583176584669978,-0.04702620564194149,-0.0622515651636153,-0.07279983508688659,-0.0905741526303494,-0.10215475849177746,-0.1125200023843016,-0.12339945003137398,-0.1327239899697581,-0.13959845610104527,0.0,-0.2907855996602029,-0.2907855996602029,-0.2907855996602029,-0.3638466181256499,-0.3638466181256499,-0.3638466181256499,-0.29791575464479436,-0.29791575464479436,-0.29791575464479436,-0.4692071337834758,-0.4692071337834758,-0.4692071337834758,0.11505664043804724
gas,2023-08-01,False,-0.06827707567737608,0.040732848919300915,-0.3105156870440968,-0.012824030467338154,-0.03110846088301855,-0.048559480957006684,-0.06593526718837683,-0.08053702695894405,-0.096907972655365,-0.1110569466910798,-0.12823421570010574,-0.1397900815287425,-0.1474572537498675,-0.15521287611980306,-0.16184567784821624,-0.16658169795643296,-0.2907855996602029,-0.2907855996602029,-0.2907855996602029,-0.3638466181256499,-0.3638466181256499,-0.3638466181256499,-0.29791575464479436,-0.29791575464479436,-0.29791575464479436,-0.4692071337834758,-0.4692071337834758,-0.4692071337834758,-0.5502529393431583,0.11478021100098526
gas,2023-09-01,False,-0.29530960762651864,-0.22900751664057828,-0.33251679861839983,-0.01265221266499772,-0.024513683640653205,-0.03647411927897881,-0.04732366681766287,-0.0555940955568186,-0.06430506668010239,-0.07205686489165508,-0.08067824872520823,-0.08339544028391899,-0.08595118925315681,-0.08557902064107914,-0.08584904199462695,-0.08651306276964288,0.0,0.0,-0.07306101846544699,-0.07306101846544699,-0.07306101846544699,-0.007130154984591464,-0.007130154984591464,-0.007130154984591464,-0.17842153412327288,-0.17842153412327288,-0.17842153412327288,-0.25946733968295543,-0.25946733968295543,0.11445663918510672
gas,2023-10-01,False,-0.2706643908493373,-0.23010564209409295,-0.35496293089867836,-0.01985799710286784,-0.03491617320792617,-0.042517655989391834,-0.049612282191642265,-0.054042444791519095,-0.05259636711087179,-0.054406444373034546,-0.05235648818233685,-0.04858558283373959,-0.04269282008024966,-0.034878851292228674,-0.023656658843681733,-0.013026655578616264,0.0,-0.07306101846544699,-0.07306101846544699,-0.07306101846544699,-0.007130154984591464,-0.007130154984591464,-0.007130154984591464,-0.17842153412327288,-0.17842153412327288,-0.17842153412327288,-0.25946733968295543,-0.25946733968295543,-0.25946733968295543,0.11414487424552841
gas,2023-11-01,False,-0.25929153185855863,-0.20690826573729046,-0.33342946648186456,-0.028054922121391712,-0.048419477939177114,-0.061146807957725535,-0.06892105614537414,-0.07203843451330272,-0.07030209018909961,-0.07148387054488836,-0.06668099188145415,-0.06094165840642951,-0.05145800706395498,-0.041199598245518665,-0.027534044106802824,-0.012981643594258685,-0.07306101846544699,-0.07306101846544699,-0.07306101846544699,-0.007130154984591464,-0.007130154984591464,-0.007130154984591464,-0.17842153412327288,-0.17842153412327288,-0.17842153412327288,-0.25946733968295543,-0.25946733968295543,-0.25946733968295543,-0.14913073720220726,0.11383187927294114
gas,2023-12-01,False,-0.2931247253502021,-0.24639553267978326,-0.3111322333970129,-0.021892628695360905,-0.0382310953683227,-0.0494614526702124,-0.05924956621361943,-0.06136415250460381,-0.05931099382160987,-0.06247107122514883,-0.06024773180027765,-0.05597007083025485,-0.04847574040530045,-0.03871563373393094,-0.02778361575442645,-0.017597768858082397,0.0,0.0,0.06593086348085553,0.06593086348085553,0.06593086348085553,-0.10536051565782589,-0.10536051565782589,-0.10536051565782589,-0.18640632121750844,-0.18640632121750844,-0.18640632121750844,-0.07606971873676027,-0.07606971873676027,0.11351375854054264
gas,2024-01-01,False,-0.33150269865329296,-0.216753753215439,-0.2880240112480686,-0.030424375128743186,-0.05893488253839241,-0.08207793086801818,-0.10326238879642347,-0.1181956111100888,-0.12479199166674704,-0.13444296970841396,-0.1420920732092421,-0.14286133633152698,-0.1388648229666929,-0.13076944354367015,-0.11921173144343022,-0.10925353212668032,0.0,0.06593086348085553,0.06593086348085553,0.06593086348085553,-0.10536051565782589,-0.10536051565782589,-0.10536051565782589,-0.18640632121750844,-0.18640632121750844,-0.18640632121750844,-0.07606971873676027,-0.07606971873676027,-0.07606971873676027,0.11488042217892486
gas,2024-02-01,False,-0.3273846727198274,-0.1858538812015003,-0.27346757384899256,-0.03417445963549248,-0.0675170389362787,-0.09628326354616945,-0.12205821661820604,-0.14048134498367748,-0.15412891879339963,-0.1656066177993578,-0.1742836656543192,-0.17724087898247642,-0.1740514092458847,-0.16596131962355365,-0.15372314339188797,-0.1413914132674261,0.06593086348085553,0.06593086348085553,0.06593086348085553,-0.10536051565782589,-0.10536051565782589,-0.10536051565782589,-0.18640632121750844,-0.18640632121750844,-0.18640632121750844,-0.07606971873676027,-0.07606971873676027,-0.07606971873676027,-0.06309582559307181,0.1154783224900087
gas,2024-03-01,False,-0.29458195037521034,-0.09772860431543032,-0.2582851685340674,-0.03797950874044087,-0.07983824174781962,-0.11905088811983244,-0.15501554994046085,-0.18245752995497266,-0.2052026773039337,-0.22818452194317462,-0.24384263476968027,-0.24955566740571555,-0.2500828100854271,-0.24471766092446057,-0.23370995805666528,-0.22207698430066625,0.0,0.0,-0.17129137913868142,-0.17129137913868142,-0.17129137913868142,-0.25233718469836397,-0.25233718469836397,-0.25233718469836397,-0.1420005822176158,-0.1420005822176158,-0.1420005822176158,-0.12902668907392734,-0.12834849304928841,0.11567956273952233
gas,2024-04-01,False,-0.26359018194993267,-0.07008549637836858,-0.24249805109845646,-0.03760650294639767,-0.07724051135783494,-0.11599000586494768,-0.1526780981028928,-0.1803674182549191,-0.20271624020686208,-0.22462872678563173,-0.24334840665799184,-0.24784669807299586,-0.24558501442969316,-0.2394338611869271,-0.22819926630388743,-0.21588419248167678,0.0,-0.17129137913868142,-0.17129137913868142,-0.17129137913868142,-0.25233718469836397,-0.25233718469836397,-0.25233718469836397,-0.1420005822176158,-0.1420005822176158,-0.1420005822176158,-0.12902668907392734,-0.12834849304928841,-0.12834849304928841,0.11570981960887675
gas,2024-05-01,False,-0.20803766931642997,-0.04275215203409807,-0.19235289772713582,-0.034278514787367875,-0.06888405830961997,-0.10103881786433178,-0.13303693041069664,-0.15788854088482207,-0.17640890736550574,-0.19488886392422167,-0.20868609294443363,-0.21451855699595868,-0.2097484777087617,-0.2001591861793548,-0.18764144083387357,-0.17475908644754945,-0.17129137913868142,-0.17129137913868142,-0.17129137913868142,-0.25233718469836397,-0.25233718469836397,-0.25233718469836397,-0.1420005822176158,-0.1420005822176158,-0.1420005822176158,-0.12902668907392734,-0.12834849304928841,-0.12834849304928841,-0.05579135962841608,0.11575252530669021
gas,2024-06-01,False,-0.25271500080355164,-0.1597461575644498,-0.1406445516364845,-0.02416968759534388,-0.04444533134572648,-0.06251259514032004,-0.07988957050163226,-0.09378412847096929,-0.1036207870012511,-0.1144991490708529,-0.12028046288212124,-0.1204823498953802,-0.11726474794174102,-0.1066622072508201,-0.09321365662582881,-0.08254865689596969,0.0,0.0,-0.08104580555968255,-0.08104580555968255,-0.08104580555968255,0.02929079692106562,0.02929079692106562,0.02929079692106562,0.042264690064754085,0.042942886089393006,0.042942886089393006,0.11550001951026534,0.11550001951026534,0.11574142314630942
gas,2024-07-01,False,-0.1446495523324199,-0.11628785536603192,-0.08716889451377995,-0.015100198400817,-0.026714001124102715,-0.032987894425618336,-0.038805472287976706,-0.041915538327492285,-0.04191431134165846,-0.044919771862986124,-0.04336716519878259,-0.03820400021630288,-0.029979191350101075,-0.02009969891078711,-0.004815560992006418,0.008492398241810584,0.0,-0.08104580555968255,-0.08104580555968255,-0.08104580555968255,0.02929079692106562,0.02929079692106562,0.02929079692106562,0.042264690064754085,0.042942886089393006,0.042942886089393006,0.11550001951026534,0.11550001951026534,0.11613033784188165,0.11603800249940092
gas,2024-08-01,False,-0.09225977163752543,-0.1016913721939454,-0.05700396711351812,-0.008219396421903724,-0.012364021799874614,-0.013324844218367105,-0.012309004726884787,-0.00968363769563485,-0.004168748735499328,-0.0024094461366832576,0.002553317614224504,0.00874248968448299,0.01831970312832265,0.029522064901528644,0.04226883880703891,0.05567005128163682,-0.08104580555968255,-0.08104580555968255,-0.08104580555968255,0.02929079692106562,0.02929079692106562,0.02929079692106562,0.042264690064754085,0.042942886089393006,0.042942886089393006,0.11550001951026534,0.11550001951026534,0.11613033784188165,0.04158603377810266,0.11745402523047098
gas,2024-09-01,False,-0.13418638750520007,-0.15595805770513388,-0.026560292692046666,-0.011777235029568622,-0.015861311565894987,-0.01462777979474339,-0.012744749479603357,-0.006865104447827619,0.0032333795546151123,0.007813200836379153,0.016549423847570743,0.02451074480529858,0.035750829898045566,0.05113717830506026,0.07005068585072838,0.08584677025155685,0.0,0.0,0.11033660248074817,0.11033660248074817,0.11033660248074817,0.12331049562443663,0.12398869164907556,0.12398869164907556,0.1965458250699479,0.1965458250699479,0.1971761434015642,0.12263183933778521,0.1219527221639769,0.11846600034842517
gas,2024-10-01,False,-0.07666416704090068,-0.13461005087837008,0.004239421756403908,-0.0016225238902149997,0.0020888959211200486,0.010276800606586534,0.018884458616987843,0.028266451936345582,0.041543633461365914,0.050364722672290974,0.06186486766097943,0.07080550865580726,0.0806721416924212,0.0920672827207305,0.10735028067533303,0.12150346756567032,0.0,0.11033660248074817,0.11033660248074817,0.11033660248074817,0.12331049562443663,0.12398869164907556,0.12398869164907556,0.1965458250699479,0.1965458250699479,0.1971761434015642,0.12263183933778521,0.1219527221639769,0.1219527221639769,0.11818317555239435
gas,2024-11-01,False,-0.04514795808850562,-0.11957217351382972,0.01241279566264254,0.003024608783761984,0.010816196875102158,0.021522329501002524,0.03314574873594189,0.04503772493189828,0.05895769606051715,0.06984061599593794,0.08258130797797225,0.0921422164099992,0.10173029955484836,0.11138791483377641,0.12338662129255518,0.13605985968861933,0.11033660248074817,0.11033660248074817,0.11033660248074817,0.12331049562443663,0.12398869164907556,0.12398869164907556,0.1965458250699479,0.1965458250699479,0.1971761434015642,0.12263183933778521,0.1219527221639769,0.1219527221639769,0.13141864815285942,0.11803030270507776
gas,2024-12-01,False,0.06666632488919202,-0.011333018019530927,0.020625065588913413,0.0009904048611373284,0.00777396653594753,0.018979573938789684,0.030235437929364117,0.04338282644924352,0.05972681112895106,0.07112827460740778,0.08616568416609205,0.09718600812823297,0.10860420975140439,0.11993235187328466,0.1338884640537925,0.14824589610936467,0.0,0.0,0.012973893143688464,0.013652089168327386,0.013652089168327386,0.08620922258919972,0.08620922258919972,0.08683954092081603,0.01229523685703704,0.011616119683228732,0.011616119683228732,0.02108204567211125,0.02108204567211125,0.11784308008601024
gas,2025-01-01,False,0.07044927339327228,-0.004799460704130848,0.028821410118156136,0.004078394727841328,0.012763893754812905,0.023794959823375983,0.034986577844877687,0.04631923009334571,0.060573438573848115,0.07130020016544858,0.08367925868631687,0.09335661980467425,0.10295004256785756,0.11226703090527845,0.12295228343461595,0.13340387271808574,0.0,0.012973893143688464,0.013652089168327386,0.013652089168327386,0.08620922258919972,0.08620922258919972,0.08683954092081603,0.01229523685703704,0.011616119683228732,0.011616119683228732,0.02108204567211125,0.02108204567211125,0.02040887163120697,0.11754298086808589
gas,2025-02-01,False,0.09546104445570316,0.007935180502603284,0.03824211681715052,0.006668219016160215,0.017741866550372798,0.03150937941309895,0.04471711506830367,0.057863506124181896,0.07259672107616133,0.08478010768030497,0.09843884491308863,0.10825397440901252,0.11823466780723013,0.12749593772966072,0.13781197783146748,0.14755123741812426,0.012973893143688464,0.013652089168327386,0.013652089168327386,0.08620922258919972,0.08620922258919972,0.08683954092081603,0.01229523685703704,0.011616119683228732,0.011616119683228732,0.02108204567211125,0.02108204567211125,0.02040887163120697,-0.014538158446027794,0.11727983557602424
gas,2025-03-01,False,0.08069949559353724,0.031588223308217714,0.0474027791394498,0.006921523898009596,0.014198494465001765,0.021649170980877486,0.029085475238331604,0.035866673940604166,0.04262643298183644,0.04861667684822191,0.05487158622257304,0.06008744485540074,0.06478787702999433,0.06955202418771744,0.07417060742772197,0.07854259502960748,0.0006781960246389218,0.0006781960246389218,0.07323532944551125,0.07323532944551125,0.07386564777712756,-0.0006786562866514245,-0.0013577734604597325,-0.0013577734604597325,0.008108152528422785,0.008108152528422785,0.0074349784875185065,-0.027512051589716258,-0.031004894819414375,0.1170412100582686
gas,2025-04-01,False,0.07107988534534439,0.04406406167079933,0.0569747097080571,0.005275471529488485,0.009537121019519645,0.013191249984422448,0.0168593432664208,0.02055741411060552,0.023421948644261725,0.026569632983099112,0.02902841698160863,0.032234613626711095,0.035272582759074744,0.03801824046471047,0.040893260430843625,0.0434646414208526,0.0,0.07255713342087233,0.07255713342087233,0.07318745175248864,-0.0013568523112903463,-0.0020359694850986543,-0.0020359694850986543,0.007429956503783863,0.007429956503783863,0.006756782462879585,-0.02819024761435518,-0.0316830908440533,-0.02819024761435518,0.11676965178353474
gas,2025-05-01,False,0.03447584956975104,0.04041012078315098,0.034748650413333186,0.0072467123840427305,0.009112450429048735,0.007528281400126069,0.00569692201649552,0.003356760324169983,-0.0016743944676900213,-0.0038248425705402767,-0.008656272632062922,-0.010427818643905518,-0.012372092353780673,-0.01413813997945823,-0.017794774818031378,-0.021023034123648365,0.07255713342087233,0.07255713342087233,0.07318745175248864,-0.0013568523112903463,-0.0020359694850986543,-0.0020359694850986543,0.007429956503783863,0.007429956503783863,0.006756782462879585,-0.02819024761435518,-0.0316830908440533,-0.02819024761435518,-0.07311758921160649,0.11648113264985843
gas,2025-06-01,False,0.07022777349707923,0.09639841358230042,0.012877441532439363,0.0019083288813845911,-0.0012309579987954677,-0.006748923883578506,-0.012219997447417974,-0.017088161657905943,-0.023611322503311882,-0.02746563168622007,-0.0333320393697667,-0.03553648025300493,-0.03723033066521886,-0.0378847799947124,-0.03938185490234325,-0.041259149731178724,0.0,0.0006303183316163086,-0.07391398573216268,-0.07459310290597099,-0.07459310290597099,-0.06512717691708847,-0.06512717691708847,-0.06580035095799275,-0.10074738103522751,-0.10424022426492563,-0.10074738103522751,-0.14567472263247883,-0.14058195062118894,0.11619049315201614
gas,2025-07-01,False,0.08619680319234455,0.08643834390994111,-0.008687452158095667,0.006642702660535349,0.008833666281534036,0.007800591458059003,0.006616113127562606,0.005220947672964549,0.001802029757599577,0.000842532991571332,-0.0022436684616584657,-0.003067999911944952,-0.0038589292394224373,-0.0043230842255344015,-0.005921584519278156,-0.007510787640762295,0.0006303183316163086,-0.07391398573216268,-0.07459310290597099,-0.07459310290597099,-0.06512717691708847,-0.06512717691708847,-0.06580035095799275,-0.10074738103522751,-0.10424022426492563,-0.10074738103522751,-0.14567472263247883,-0.14058195062118894,-0.1347932224449444,0.11617005197583542
gas,2025-08-01,False,0.09493517752382237,0.07087374625376083,-0.011640644997048063,0.011209549789751527,0.018123684768490023,0.021856732448856775,0.024637616036598864,0.026488212231853048,0.025795864852499406,0.027561176107233187,0.026759405663621116,0.027402224513095597,0.02730652793920285,0.026895846897757814,0.02495422506888456,0.02300594752468932,-0.07454430406377899,-0.0752234212375873,-0.0752234212375873,-0.06575749524870478,-0.06575749524870478,-0.06643066928960906,-0.10137769936684382,-0.10487054259654194,-0.10137769936684382,-0.14630504096409513,-0.14121226895280525,-0.1354235407765607,0.001888574687868072,0.11594941843147348
gas,2025-09-01,False,0.01024729716182415,-0.006822116499355218,-0.01391976303192081,0.011874562271438904,0.018732401679795174,0.021561003297027703,0.02353079297602445,0.023934812893798174,0.021044586353745842,0.021533400478679354,0.01874900686378833,0.018060251288984475,0.016601717764404,0.01474485604942366,0.010931384151369627,0.007126182254991953,-0.0006791171738083079,-0.0006791171738083079,0.00878680881507421,0.00878680881507421,0.008113634774169931,-0.026833395303064833,-0.03032623853276295,-0.026833395303064833,-0.07176073690031615,-0.06666796488902627,-0.060879236712781726,0.07643287875164706,0.08207729637132388,0.11568604563726394
gas,2025-10-01,False,0.01270939456222925,-0.01689675047079705,,0.011720570638543926,0.019309587186365995,0.024264882675327115,0.028494803692419524,0.03140566503520148,0.031206952938935828,0.03350610482496119,0.03323597859460925,0.03423578722010312,0.034513454373275465,0.034269561646004476,0.03221971156848813,0.030081232149219872,0.0,0.009465925988882518,0.009465925988882518,0.008792751947978239,-0.026154278129256525,-0.029647121358954642,-0.026154278129256525,-0.07108161972650784,-0.06598884771521796,-0.06020011953897342,0.07711199592545537,0.08275641354513219,,0.11564733677906427
gas,2025-11-01,False,0.0037424508363923404,-0.017842587467896062,,0.008482935042767537,0.01368698101718735,0.016607209538440415,0.019566071813312824,0.021803809838258026,0.02187614169158625,0.023491058456435177,0.023227189022882122,0.024457557801317975,0.025397841879613914,0.02619723639365379,0.025823640454038177,0.02516785753383477,0.009465925988882518,0.009465925988882518,0.008792751947978239,-0.026154278129256525,-0.029647121358954642,-0.026154278129256525,-0.07108161972650784,-0.06598884771521796,-0.06020011953897342,0.07711199592545537,0.08275641354513219,,,0.11550108220320306
gas,2025-12-01,False,0.0032568578022995013,-0.010876037936333013,,0.008187601483677476,0.012445743110569119,0.014133638938431226,0.015423470433711728,0.01660970697741959,0.015455523693004736,0.01636124734767197,0.014679095234273909,0.015004028506518274,0.01513354180365667,0.015294808586490127,0.014175332873687552,0.012999860706194966,0.0,-0.0006731740409042786,-0.03562020411813904,-0.03911304734783716,-0.03562020411813904,-0.08054754571539036,-0.07545477370410048,-0.06966604552785594,0.06764606993657285,0.07329048755624967,,,,0.11528705314360385
gas,2026-01-01,False,-0.0291603078035692,-0.01259420380171986,,0.0022718095077687295,0.0005977630494031771,-0.0033087822379789245,-0.007242234960607163,-0.010739377648214088,-0.015320740951014322,-0.01765429320593892,-0.021890289419681963,-0.023315786278792494,-0.024160982904391837,-0.024095766928103224,-0.02468895597781362,-0.025190168445810457,-0.0006731740409042786,-0.03562020411813904,-0.03911304734783716,-0.03562020411813904,-0.08054754571539036,-0.07545477370410048,-0.06966604552785594,0.06764606993657285,0.07329048755624967,,,,,0.11504930818303967
gas,2026-02-01,False,-0.0027938861830768607,-0.01382099574969429,,0.0005898209968266954,0.0009037705821617337,0.0014539647583289295,0.002193775315051383,0.0037236303594321285,0.00554552188726376,0.007638868571981483,0.009703045771586538,0.01264466661677055,0.015822539594029905,0.019803095178876795,0.024214785920336546,0.028778411647228275,-0.034947030077234764,-0.03843987330693288,-0.034947030077234764,-0.07987437167448608,-0.0747815996631962,-0.06899287148695166,0.06831924397747713,0.07396366159715395,,,,,,0.11480517781587574
gas,2026-03-01,False,-0.04055855795376015,-0.04366314291759942,,-0.00016560336958981736,-0.000927783467806087,-0.0017258938044344418,-0.0022624515046070215,-0.001970143330606078,-0.0014419311787152722,-0.000692224579661449,0.0003224731326296748,0.00268357126057861,0.005462493961167603,0.008718929286390953,0.012445000245095983,0.016266661040353902,-0.003492843229698117,0.0,-0.044927341597251313,-0.03983456958596143,-0.03404584140971689,0.10326627405471189,0.10891069167438872,,,,,,,0.11459555135924292
gas,2026-04-01,False,0.039885660610314615,-0.044314837749953366,,0.0015428889439021987,0.009754496542528912,0.022416461458480974,0.03548968240010186,0.049198083404207615,0.06611805465116216,0.07842441795946975,0.09360386014858246,0.10514445812084805,0.11687885020914024,0.12813355522403214,0.14093095211944018,0.1533905317595492,0.003492843229698117,-0.041434498367553196,-0.036341726356263315,-0.030552998180018776,0.10675911728441001,0.11240353490408683,,,,,,,,0.1143418383607328
gas,2026-05-01,False,0.02741339565617282,-0.032587345854054706,,-0.002509633381692744,0.0012894204049773705,0.009530673010352153,0.018653386135893513,0.02896010294386997,0.04284146076501738,0.05240555102121647,0.06511911988765018,0.07509238531939211,0.08593514432024918,0.09692645427158642,0.10984396666913643,0.12215496265386339,-0.044927341597251313,-0.03983456958596143,-0.03404584140971689,0.10326627405471189,0.10891069167438872,,,,,,,,,0.11407083974612114
gas,2026-06-01,False,0.017841342316981333,-0.061753830561290995,,-0.00025540145989921825,0.006719509004776469,0.018669023893385983,0.030931267610204927,0.04433989321641896,0.06103470641289821,0.07295042724530099,0.08813097156404659,0.09961671463178945,0.11136561431049508,0.12302614140828538,0.13650179213625524,0.1493839004328228,0.005092772011289881,0.01088150018753442,0.1481936156519632,0.15383803327164003,,,,,,,,,,0.11379761735004616
gas,2026-07-01,True,-0.045051065504853,-0.045051065504853,,0.0,0.0,0.0,0.0,0.0,0.0,0.0,0.0,0.0,0.0,0.0,0.0,0.0,0.00578872817624454,0.14310084364067333,0.14874526126035015,,,,,,,,,,,0.11359530680523582
gas,2026-08-01,True,-0.0346848747483371,-0.0346848747483371,,0.0,0.0,0.0,0.0,0.0,0.0,0.0,0.0,0.0,0.0,0.0,0.0,0.0,0.13731211546442879,0.1429565330841056,,,,,,,,,,,,0.11351390304288647
gas,2026-09-01,True,0.08409966815849734,0.08409966815849734,,0.0,0.0,0.0,0.0,0.0,0.0,0.0,0.0,0.0,0.0,0.0,0.0,0.0,0.0056444176196768225,,,,,,,,,,,,,0.11348217195982095
liquid_fuels,2008-01-01,False,0.24817500832817896,0.1937121508477453,0.40101823768453343,0.018462520924426684,0.030830038979720698,0.03694942564981751,0.04042924709118534,0.044003873511137215,0.0481215212251378,0.05095095608997546,0.054744025993402445,0.05947754718459475,0.06593354407473218,0.07355141329656423,0.08152668574476962,0.08784953362475711,0.00550965581096996,0.04324998379381739,0.04501209878721646,0.1775526838225634,0.27796652066568495,0.3596172042444561,0.4030065942699572,0.45223622230056026,0.2869912261376033,0.26108848287833375,0.1039783454308747,0.019152432214756487,-0.09761485932179159,0.2111715926633472
liquid_fuels,2008-02-01,False,0.20304893814795655,0.16904018263479553,0.35733191209940685,0.0028269098764130973,0.0069637445214265625,0.012126033422978466,0.01736394235163541,0.0221594934420537,0.026833591126786516,0.031925655085446536,0.036879970521737526,0.041921482279854594,0.04682875360142269,0.05150548664964916,0.055598321066581136,0.059676204813902345,0.03774032798284743,0.0395024429762465,0.17204302801159344,0.272456864854715,0.35410754843348613,0.39749693845898726,0.4467265664895903,0.28148157032663335,0.2555788270673638,0.09846868961990474,0.013642776403786527,-0.10312451513276155,-0.11847008480742183,0.2112162557480408
liquid_fuels,2008-03-01,False,0.22575907858633307,0.17223153918810188,0.3124449346518168,0.016516527228909617,0.027926246278839884,0.03443062281823561,0.038799955096132877,0.04284004376945738,0.04695196737807361,0.05027746847753711,0.05433933957917336,0.059226256823567525,0.06575365854740767,0.07314284203882604,0.08033858788788706,0.08620186413953501,0.0017621149933990665,0.134302700028746,0.23471653687186755,0.3163672204506387,0.3597566104761398,0.40898623850674287,0.2437412423437859,0.21783849908451636,0.060728361637057304,-0.024097551579060905,-0.14086484311560898,-0.15621041279026926,-0.21349011961356723,0.2118848939237813
liquid_fuels,2008-04-01,False,0.23968734124306257,0.14610168511031246,0.24061153440509958,0.04472577626343277,0.07172683498835042,0.08057290516808813,0.08306819898960072,0.08503871330661017,0.08790126422497835,0.08760453673895707,0.09013658299343152,0.09464013532041715,0.1045669050791922,0.11785955727103303,0.13074516152655224,0.13952234649930606,0.13254058503534694,0.2329544218784685,0.31460510545723963,0.35799449548274076,0.4072241235133438,0.24197912735038685,0.2160763840911173,0.05896624664365824,-0.02585966657245997,-0.14262695810900805,-0.15797252778366833,-0.2152522346069663,-0.3186738257601185,0.21239637210256623
liquid_fuels,2008-05-01,False,0.3184556256300228,0.22815157298870545,0.15519937589272773,0.04208249453147239,0.06722526504174642,0.07590116554661552,0.07870452283510687,0.08187469835773253,0.08513290500895021,0.08525852817201418,0.08704932983980385,0.092977787472031,0.1022449249112869,0.11467958766356467,0.12766109452378327,0.13627848953284705,0.10041383684312155,0.1820645204218927,0.22545391044739382,0.27468353847799687,0.10943854231503991,0.08353579905577035,-0.0735743383916887,-0.1584002516078069,-0.275167543144355,-0.29051311281901526,-0.34779281964231323,-0.4512144107954654,-0.393585297958829,0.21360848066644064
liquid_fuels,2008-06-01,False,0.3935479816169593,0.27154153298302686,0.052316339413367066,0.06412348816265201,0.10173957638375519,0.11189415703214767,0.11305312081642871,0.11516537425239726,0.11903372390951272,0.11628659718899126,0.11572111334637913,0.12023842515841832,0.1348204628308025,0.15079305343020089,0.16811850644110127,0.18041785706458668,0.08165068357877114,0.12504007360427227,0.17426970163487532,0.00902470547191836,-0.016878037787351197,-0.17398817523481025,-0.25881408845092846,-0.37558137998747654,-0.3909269496621368,-0.4482066564854348,-0.551628247638587,-0.49399913480195057,-0.4928569302231738,0.21530626444946568
liquid_fuels,2008-07-01,False,0.41120363615801236,0.29305207783830556,-0.051676881381885385,0.059857097373358314,0.09578862464078242,0.10664759856493156,0.10769037346591492,0.10987066730668271,0.11429770355831259,0.11433891529781448,0.11408740638257875,0.11792064359952015,0.1296712765328003,0.14801468703788778,0.1635832740090546,0.1749615272370164,0.04338939002550113,0.09261901805610417,-0.07262597810685278,-0.09852872136612234,-0.2556388588135814,-0.3404647720296996,-0.4572320635662477,-0.47257763324090796,-0.5298573400642059,-0.6332789312173581,-0.5756498183807217,-0.5745076138019449,-0.47360909284757025,0.21781863015330896
liquid_fuels,2008-08-01,False,0.3429759565065599,0.2801888493800428,-0.17381361248758595,0.0187170271550281,0.032387799966446806,0.04040457071153991,0.045752756516540316,0.05056775044966155,0.055944754168497646,0.060251830752783064,0.06515744981776805,0.0703553872654803,0.07717065397769662,0.08497947709480069,0.09323818115481597,0.0997431538180491,0.049229628030603045,-0.11601536813235391,-0.14191811139162347,-0.2990282488390825,-0.38385416205520073,-0.5006214535917488,-0.5159670232664091,-0.5732467300897071,-0.6766683212428592,-0.6190392084062228,-0.6178970038274461,-0.5169984828730714,-0.6282241179832955,0.2204587018386058
liquid_fuels,2008-09-01,False,0.20939624533799303,0.2689176182176576,-0.25140723312167296,-0.06772213724471232,-0.10190805730082264,-0.10213646247990393,-0.0899901782108552,-0.07866879101946456,-0.06937787259480377,-0.05617036058105018,-0.0463828749686197,-0.0406778285435605,-0.041492256421992835,-0.04903317237821003,-0.05963814775969656,-0.06745616373653984,-0.16524499616295696,-0.19114773942222651,-0.34825787686968557,-0.4330837900858038,-0.5498510816223519,-0.5651966512970121,-0.6224763581203101,-0.7258979492734623,-0.6682688364368259,-0.6671266318580491,-0.5662281109036744,-0.6774537460138985,-0.5693288885819223,0.22327084954130483
liquid_fuels,2008-10-01,False,-0.020815432070312202,0.08694855305368945,-0.3223417026411804,-0.10226385791657044,-0.15282106642091176,-0.15481175817776904,-0.14072540171070802,-0.1281350509232917,-0.11787978495671769,-0.10042124488513515,-0.0880593783847754,-0.08327060717796986,-0.08951686905145628,-0.10215585564480545,-0.11779749110464799,-0.12744720539631782,-0.025902743259269556,-0.1830128807067286,-0.2678387939228468,-0.3846060854593949,-0.3999516551340552,-0.45723136195735314,-0.5606529531105053,-0.5030238402738689,-0.5018816356950921,-0.40098311474071746,-0.5122087498509416,-0.40408389241896536,-0.42818144399802627,0.22460886722338072
liquid_fuels,2008-11-01,False,-0.17010422370515454,0.03524752924199369,-0.35555071672645133,-0.16627879026823233,-0.2575295116106666,-0.2625452983153824,-0.2413183313312377,-0.22592782721259042,-0.21532728117763877,-0.19184604966495833,-0.17435321654403957,-0.16930379829109654,-0.18420523455025073,-0.21180222252419867,-0.2397999705809406,-0.25612425090687285,-0.15711013744745905,-0.24193605066357726,-0.35870334220012534,-0.3740489118747856,-0.4313286186980836,-0.5347502098512358,-0.47712109701459937,-0.4759788924358226,-0.3750803714814479,-0.486306006591672,-0.3781811491596958,-0.4022787007387567,-0.34059419541027847,0.22528721840010438
liquid_fuels,2008-12-01,False,-0.37644617825720694,-0.11658360754746534,-0.3635984581920231,-0.2013740810931246,-0.3146092681881525,-0.32899434251439086,-0.29629301959222243,-0.2730902350296329,-0.2623451433450681,-0.23928229350367403,-0.22068790453533094,-0.21639772626253073,-0.23542617896826545,-0.2701980860261033,-0.30609298983097144,-0.3273941367052373,-0.08482591321611821,-0.2015932047526663,-0.21693877442732656,-0.27421848125062454,-0.3776400724037767,-0.3200109595671403,-0.31886875498836353,-0.21797023403398885,-0.32919586914421295,-0.22107101171223675,-0.24516856329129766,-0.1834840579628194,-0.1559503619077951,0.22503855029583564
liquid_fuels,2009-01-01,False,-0.43359395285491553,-0.19628810766289637,-0.3508239366180524,-0.17748817837245845,-0.28861418658988036,-0.3070541668102589,-0.2825249934216343,-0.24962278688267858,-0.23218277578277569,-0.2108057525613276,-0.19737928855282227,-0.19392565998971278,-0.21249276116807714,-0.24443046339305763,-0.276794586685555,-0.29511521090209936,-0.11676729153654808,-0.13211286121120835,-0.18939256803450633,-0.2928141591876585,-0.2351850463510221,-0.23404284177224532,-0.13314432081787064,-0.24436995592809474,-0.13624509849611854,-0.16034265007517945,-0.0986581447467012,-0.07112444869167689,-0.04906120360732924,0.22459449108225527
liquid_fuels,2009-02-01,False,-0.2921144826866711,-0.2961486675400355,-0.3145960138556955,-0.019518006224402917,-0.030484635072856037,-0.031187636363307014,-0.023979793073184652,-0.014992296008756512,-0.004462607031876509,0.005996498278246776,0.014179226190615069,0.02010304028708987,0.023049973065880636,0.02335898277306736,0.023635031966261266,0.026023278008916684,-0.015345569674660275,-0.07262527649795825,-0.17604686765111044,-0.11841775481447403,-0.11727555023569725,-0.016377029281322564,-0.12760266439154666,-0.019477806959570465,-0.04357535853863137,0.018109146789846875,0.04564284284487119,0.06770608792921884,0.25176553914905053,0.2244185856983651
liquid_fuels,2009-03-01,False,-0.23825232625819306,-0.30004095290470295,-0.2842182951752116,0.018107388332901486,0.030499178487346512,0.037242585991865695,0.041470665687449504,0.045364022548530336,0.04979671690694509,0.054157288187445474,0.0604967811925583,0.0685450718605427,0.07774048230538178,0.08712691526381633,0.0959492319633597,0.10344219266071697,-0.05727970682329797,-0.16070129797645016,-0.10307218513981375,-0.10192998056103697,-0.0010314596066622883,-0.11225709471688639,-0.00413223728491019,-0.028229788863971095,0.03345471646450715,0.060988412519531465,0.08305165760387911,0.2671111088237108,0.1330157958098006,0.22444171919805436
liquid_fuels,2009-04-01,False,-0.24887899126157562,-0.329246149639174,-0.22358807991541993,0.030589081537456764,0.05059508695791948,0.05954801814842625,0.06399421116144133,0.06758316755440497,0.07004654798506316,0.07100495217194602,0.0735763364491433,0.08089948976880823,0.09258293042211374,0.10625527931911005,0.11869376059436032,0.12864416741923268,-0.10342159115315219,-0.04579247831651578,-0.044650273737739,0.05624824721663568,-0.054977387893588414,0.05314746953838778,0.029049917959326876,0.09073442328780512,0.11826811934282944,0.14033136442717709,0.3243908156470088,0.19029550263309858,0.25832521488354043,0.22474190390322038
liquid_fuels,2009-05-01,False,-0.2807922363424246,-0.38590458225367014,-0.15775733092457062,0.04654932797806044,0.07613353489897356,0.08847134507659593,0.09348857255078702,0.09741316264930422,0.10012959486978623,0.09694789465110887,0.09572808810634914,0.09778321735828399,0.10970453089005527,0.1280173047123805,0.1466148288684357,0.15986832503093318,0.05762911283663641,0.05877131741541319,0.15966983836978788,0.04844420325956378,0.15656906069153997,0.13247150911247907,0.19415601444095731,0.22168971049598163,0.24375295558032928,0.42781240680016097,0.29371709378625077,0.3617468060366926,0.3932846895512929,0.22677493006839827
liquid_fuels,2009-06-01,False,-0.1425504261426481,-0.28396087164992667,-0.08268677173824102,0.07078297470297912,0.11373972955763367,0.1302156190464281,0.13614605392140877,0.1391669389254,0.1422067969738574,0.13843736788026462,0.13229129659941918,0.13090374309314168,0.13797760611106646,0.15867773726892676,0.1842438901549297,0.20445913161563478,0.0011422045787767843,0.10204072553315147,-0.00918490957707263,0.09893994785490356,0.07484239627584266,0.1365269016043209,0.16406059765934522,0.18612384274369287,0.37018329396352456,0.23608798094961436,0.3041176932000562,0.3356555767146565,0.3356555767146565,0.22916872883459383
liquid_fuels,2009-07-01,False,-0.03847264106064467,-0.2276993678500703,-0.017913192459560797,0.10078606715702243,0.16266333873422223,0.18394153269716984,0.19037864727369236,0.19360297799144366,0.19485522139550593,0.1898034502216719,0.18469749379106393,0.1786663062786049,0.1854504029826236,0.20149864233059755,0.22965943146384138,0.25628327349556024,0.10089852095437468,-0.010327114155849415,0.09779774327612678,0.07370019169706588,0.13538469702554412,0.16291839308056844,0.18498163816491608,0.3690410893847478,0.23494577637083758,0.30297548862127943,0.3345133721358797,0.3345133721358797,0.30128772450755914,0.2323482786555153
liquid_fuels,2009-08-01,False,-0.02904170141561398,-0.07670300991291902,0.06970462862052242,0.012092949438991418,0.021385838978229543,0.027565558333649598,0.03198351077225148,0.0364459762411764,0.040993983069840034,0.044455256337060156,0.04818632646464227,0.05269690631532509,0.05845664238887949,0.06528452650967509,0.07289007298507855,0.080993949452008,-0.1112256351102241,-0.0031007776782479013,-0.027198329257308806,0.03448617607116944,0.062019872126193754,0.0840831172105414,0.2681425684303731,0.1340472554164629,0.20207696766690475,0.23361485118150505,0.23361485118150505,0.20038920355318446,0.18163332552109068,0.23482334682674624
liquid_fuels,2009-09-01,False,-0.04659217916873442,-0.1320765670972498,0.12344688554660552,0.03555354224994112,0.05794363706497663,0.06901276322614702,0.0745325165553572,0.078209549823959,0.08184648313552056,0.08254970286746666,0.08484662486227457,0.088891303838599,0.09605908237228267,0.1046501354221121,0.11460447249497907,0.12240844763645597,0.1081248574319762,0.08402730585291529,0.14571181118139354,0.17324550723641785,0.1953087523207655,0.3793682035405972,0.245272890526687,0.31330260277712885,0.34484048629172914,0.34484048629172914,0.31161483866340856,0.2928589606313148,0.2902738665592093,0.23902932254835832
liquid_fuels,2009-10-01,False,0.027420553518384884,0.005536346321160601,0.17883874961649301,-0.0034024014360607424,-0.0034658672851550776,-0.00016778809894812952,0.004445820304700199,0.00918691363973867,0.013812792146476127,0.01927585295352152,0.02473927722133773,0.03004266615972906,0.03396634767543727,0.037388517929046294,0.04150772907540112,0.04689469752952302,-0.024097551579060905,0.03758695374941734,0.06512064980444165,0.0871838948887893,0.271243346108621,0.1371480330947108,0.20517774534515265,0.23671562885975295,0.23671562885975295,0.20348998123143236,0.18473410319933858,0.18214900912723309,0.1795572150198046,0.24035507774625336
liquid_fuels,2009-11-01,False,0.05986650358660876,0.006471940671698001,0.2108413461159332,0.01626051226975811,0.027395277255348738,0.03390864968464502,0.03875872161317506,0.04364924691809513,0.04804520267786483,0.050676559644227126,0.0544983346457828,0.05909626038474425,0.06494319250162839,0.0716064131009313,0.07849844689546348,0.08440836327986379,0.061684505328478245,0.08921820138350256,0.11128144646785021,0.2953408976876819,0.1612455846737717,0.22927529692421356,0.26081318043881385,0.26081318043881385,0.22758753281049326,0.2088316547783995,0.206246560706294,0.2036547665988655,0.24184353944652592,0.24163478026833413
liquid_fuels,2009-12-01,False,0.15799599049391927,0.07207767016724227,0.23259372492057126,0.03687486101985904,0.059341429660343614,0.06978188209299852,0.07455568722606909,0.07893810824905323,0.08327875051971922,0.08391649148244351,0.08567697456020262,0.08921444985830096,0.09653946112202494,0.10568155474865737,0.11677872263122602,0.1255766148095141,0.027533696055024315,0.049596941139371964,0.23365639235920366,0.09956107934529346,0.1675907915957353,0.1991286751103356,0.1991286751103356,0.16590302748201502,0.14714714944992124,0.14456205537781575,0.14197026127038725,0.18015903411804768,0.21372747453148833,0.24162372170364235
liquid_fuels,2010-01-01,False,0.11984484339317628,0.09302536876042876,0.2620373424354832,-0.00038397982568660893,0.001633165312341589,0.005310028233616038,0.009711428721138837,0.014116541737479338,0.018936411317002744,0.024299028919331,0.029441515710596278,0.034278719726774654,0.03900842328023213,0.043672586475330455,0.04793620477931615,0.051484126684138154,0.02206324508434765,0.20612269630417934,0.07202738329026914,0.140057095540711,0.1715949790553113,0.1715949790553113,0.1383693314269907,0.11961345339489693,0.11702835932279143,0.11443656521536294,0.15262533806302336,0.186193778476464,0.4186337583390607,0.2911062882542889
liquid_fuels,2010-02-01,False,0.13995446660320773,0.10564167120898589,0.2541760439349729,0.004259647853698922,0.008699260425936828,0.013530114765432977,0.018043362427714982,0.022526000715378025,0.026953313046957028,0.03161992299471894,0.03662133748576579,0.04159618774158602,0.04627410796161335,0.051323509464043404,0.05642093072805743,0.06125956333482829,0.1840594512198317,0.04996413820592149,0.11799385045636335,0.14953173397096364,0.14953173397096364,0.11630608634264306,0.09755020831054928,0.09496511423844378,0.09237332013101529,0.13056209297867571,0.16413053339211636,0.39657051325471304,0.3759379309199895,0.28062640485474916
liquid_fuels,2010-03-01,False,0.2577980322109995,0.24132949089011324,0.2613520360092815,-0.006863990327571123,-0.008898748920403321,-0.00650789268595009,-0.0017871166258300875,0.0028889873495892004,0.007572738785219357,0.013469751293185617,0.018805882317218803,0.024556542291231054,0.028967138214596844,0.03240366985465304,0.03573313906419706,0.04011828682306451,-0.1340953130139102,-0.06606560076346835,-0.03452771724886805,-0.03452771724886805,-0.06775336487718864,-0.08650924290928241,-0.08909433698138791,-0.0916861310888164,-0.05349735824115598,-0.01992891782771533,0.21251106203488135,0.1918784797001578,0.14520334113002864,0.2704851128152929
liquid_fuels,2010-04-01,False,0.15993074031063748,0.09698878402162861,0.257634472299494,0.02168589713759772,0.03637400444392469,0.04446031534179973,0.04941971646750343,0.054066434039861555,0.05842055531432955,0.060944872237110204,0.06465976591864564,0.06894636927762576,0.07506732520705928,0.08202229638333147,0.0887829594570837,0.09451530712405187,0.06802971225044185,0.09956759576504215,0.09956759576504215,0.06634194813672156,0.04758607010462779,0.04500097603252229,0.0424091819250938,0.08059795477275422,0.11416639518619487,0.34660637504879155,0.325973792714068,0.27929865414393884,0.36431714791171554,0.26158282536184785
liquid_fuels,2010-05-01,False,0.23311315277565317,0.1332905158318366,0.25660959917555154,0.044737579901831026,0.07163850927591486,0.08467651375742502,0.09002530263079223,0.09445531274336982,0.09880897157683144,0.09843413460546913,0.10179611472787897,0.10439227105305271,0.11219001073990409,0.12178919259587229,0.13181463943879557,0.1379699533989358,0.031537883514600296,0.031537883514600296,-0.0016877641137202914,-0.020443642145814067,-0.023028736217919565,-0.025620530325348057,0.012568242522312367,0.046136682935753015,0.2785766627983497,0.25794408046362616,0.211268941893497,0.2962874356612737,0.3356287106327738,0.2533553887404292
liquid_fuels,2010-06-01,False,0.11747329989177957,0.13430978450627795,0.2481513906900741,-0.028798283518387535,-0.04225533722027919,-0.0435583765723111,-0.03858192473738953,-0.033504958994320155,-0.028472955534001976,-0.019368991415911196,-0.013269212318101964,-0.00717112325025937,-0.004395651153812352,-0.003639355893915841,-0.002719953593154578,0.0008384558097329631,0.0,-0.03322564762832059,-0.05198152566041436,-0.05456661973251986,-0.05715841383994835,-0.01896964099228793,0.01459879942115272,0.2470387792837494,0.22640619694902586,0.1797310583788967,0.2647495521466734,0.3040908271181735,0.22575451885492992,0.24759559484965235
liquid_fuels,2010-07-01,False,0.09989459228244346,0.11464763753086872,0.25496691943034655,-0.027489641015488786,-0.04053273316284578,-0.04140357710017373,-0.036716097794220914,-0.031025032515545448,-0.0258648415034477,-0.01729267487515429,-0.01082551113562591,-0.00453349267475911,-0.002056422867654284,-0.0010908225673560423,-0.0007460906094145514,0.0030318481210009907,-0.03322564762832059,-0.05198152566041436,-0.05456661973251986,-0.05715841383994835,-0.01896964099228793,0.01459879942115272,0.2470387792837494,0.22640619694902586,0.1797310583788967,0.2647495521466734,0.3040908271181735,0.22575451885492992,0.25149596590507706,0.2410330190763238
liquid_fuels,2010-08-01,False,0.09451035986803244,0.06049266261802707,0.2539987259298346,0.002583858355004409,0.006291980893324833,0.010931585479634798,0.01634935766944956,0.02143690587807434,0.026945363978462922,0.03206796754366881,0.03708894273623553,0.04242522910060398,0.04715943467580175,0.05172015182745415,0.056003375036025815,0.06074611956638876,-0.018755878032093776,-0.021340972104199274,-0.023932766211627765,0.014256006636032659,0.047824447049473306,0.28026442691207,0.25963184457734645,0.21295670600721728,0.297975199774994,0.33731647474649407,0.2589801664832505,0.28472161353339764,0.2537513964004514,0.23465172221800448
liquid_fuels,2010-09-01,False,0.0772216971220173,0.028810373262194895,0.2574968281892235,0.011278656040563995,0.01988436969046603,0.026192889957047605,0.03133661871896276,0.03678888328545149,0.041889329711257695,0.04655654018175426,0.05133353913302319,0.05617365463233703,0.06184627962932776,0.06752426818320334,0.07314801874153432,0.07799296945003675,-0.0025850940721054982,-0.005176888179533989,0.033011884668126434,0.06658032508156708,0.29902030494416376,0.2783877226094402,0.23171258403931105,0.31673107780708776,0.35607235277858784,0.2777360445153443,0.3034774915654914,0.2725072744325452,0.23443923876202089,0.2297735865752677
liquid_fuels,2010-10-01,False,0.056075405776738106,0.01062570986247007,0.26211822348924363,0.009319349999231008,0.01681818499886134,0.022823217994979217,0.027937688165287966,0.03296619220985786,0.038501069903886354,0.04306978795551242,0.04851403753205652,0.05352031973064886,0.058933566432763484,0.06471598132921486,0.07007541660738337,0.07500454282309299,-0.002591794107428491,0.03559697874023193,0.06916541915367258,0.30160539901626926,0.2809728166815457,0.23429767811141655,0.31931617187919326,0.35865744685069334,0.2803211385874498,0.3060625856375969,0.2750923685046507,0.23702433283412638,0.26719759065764315,0.22728535717217102
liquid_fuels,2010-11-01,False,0.07265989521190315,-0.002807474039247294,0.2647975298203535,0.02776183936232446,0.045460699065223764,0.05494316612801953,0.06032838768698401,0.06517371052951049,0.0700952948389828,0.07305677424443591,0.077463489402402,0.08226147196663547,0.08907844624679484,0.09705773952463836,0.10532555603612881,0.11114912586916326,0.038188772847660424,0.07175721326110107,0.30419719312369775,0.2835646107889742,0.23688947221884504,0.32190796598662175,0.36124924095812183,0.28291293269487827,0.3086543797450254,0.2776841626120792,0.23961612694155487,0.26978938476507164,0.2651551493941726,0.22439400974342524
liquid_fuels,2010-12-01,False,0.09279321760043027,0.020044121899116182,0.26933881598082055,0.026108275050918728,0.04288987075341044,0.05200409947678253,0.05733662828787622,0.062235373024605245,0.06716502837358274,0.06983395703387885,0.07481790048408499,0.07936224936396297,0.08662891453557275,0.09447072451140226,0.10241312252539814,0.1085204788203118,0.03356844041344065,0.2660084202760373,0.2453758379413138,0.19870069937118462,0.2837191931389613,0.3230604681104614,0.24472415984721785,0.270465606897365,0.23949538976441875,0.20142735409389445,0.23160061191741121,0.2269663765465122,0.2874738909167309,0.2217080119033245
liquid_fuels,2011-01-01,False,0.1263095352958171,0.03753131972626001,0.23592258594877802,0.0359913487653829,0.05832042941132087,0.06935783725112188,0.0747634171151601,0.07951723655351639,0.08433333648842467,0.0858491150100118,0.09011739301677402,0.09478349599535374,0.10237348705092852,0.11202571658784599,0.12143516732947823,0.1280063930003852,0.23243997986259668,0.21180739752787314,0.16513225895774397,0.2501507527255207,0.28949202769702076,0.2111557194337772,0.23689716648392434,0.2059269493509781,0.1678589136804538,0.19803217150397057,0.19339793613307155,0.2539054505032903,0.2576461032440882,0.2175734550723097
liquid_fuels,2011-02-01,False,0.31860248400259467,0.22735363507281062,0.22185827292809718,0.038466041283069075,0.06160821839560349,0.07306957932623348,0.0783336400637662,0.0830616382569982,0.08770320683403021,0.08864532135454706,0.09284333307013615,0.09800015452687827,0.10593137508832129,0.11504190384972279,0.1253710878181611,0.13202800784545587,-0.020632582334723537,-0.06730772090485271,0.017710772862923996,0.05705204783442408,-0.02128426042881948,0.004457186621327658,-0.026513030511618574,-0.06458106618214288,-0.03440780835862611,-0.03904204372952513,0.021465470640693596,0.02520612338149153,0.027071215622488154,0.2150661021392589
liquid_fuels,2011-03-01,False,0.27954944732855336,0.180694217134579,0.20759035998393224,0.042259878725067423,0.0688429456391777,0.08119160352974131,0.08664950488546097,0.0911811897136765,0.095745910711166,0.09600111696694835,0.09964362303836527,0.10473801542521777,0.11344432767813206,0.12329276042929482,0.1335120520016071,0.1410832307294232,-0.04667513857012917,0.03834335519764753,0.07768463016914762,-0.0006516780940959421,0.025089768956051195,-0.005880448176895037,-0.04394848384741934,-0.013775226023902576,-0.018409461394801596,0.04209805297541713,0.04583870571621507,0.04770379795721169,0.0661658607969473,0.21207602736559703
liquid_fuels,2011-04-01,False,0.24448469993389074,0.12051714535685192,0.18508596444545286,0.05687836622556208,0.09174490272537827,0.10840159927800386,0.11411659054331214,0.11859717632747735,0.1227551603876531,0.12100072393790384,0.12376891676174573,0.12824554783649234,0.13826957509446292,0.15026299280595445,0.16288068281017498,0.17055782183267354,0.0850184937677767,0.12435976873927679,0.04602346047603323,0.07176490752618037,0.040794690393234134,0.0027266547227098314,0.032899912546226595,0.028265677175327575,0.0887731915455463,0.09251384428634424,0.09437893652734086,0.11284099936707648,0.12977006146752412,0.20811276385167196
liquid_fuels,2011-05-01,False,0.2894833481701151,0.17389322533381837,0.1572508823659705,0.05158039055389363,0.08294874035550404,0.09833570414407067,0.10542327101006777,0.11010236497428316,0.11457570620374558,0.11328583599092301,0.11632398334981264,0.12069081470853682,0.12963491896101154,0.14090842401965187,0.15359264600626954,0.16127525241137075,0.039341274971500084,-0.038995033291743475,-0.013253586241596338,-0.04422380337454257,-0.08229183904506687,-0.05211858122155011,-0.05675281659244913,0.0037546977777696,0.007495350518567534,0.009360442759564158,0.027822505599299774,0.04475156769974742,0.03329530734065411,0.20519510977795694
liquid_fuels,2011-06-01,False,0.19717092718154697,0.1826832858628296,0.13945282622032149,-0.01207672920343672,-0.015952180099047197,-0.013356881898070938,-0.007463965292949126,-0.001141968864129872,0.004711538661638315,0.012361132885988724,0.018680356904741124,0.024502412864126022,0.02877832724360818,0.03237257933545923,0.03492669648435065,0.038935994629125226,-0.07833630826324356,-0.05259486121309642,-0.08356507834604265,-0.12163311401656696,-0.09145985619305019,-0.09609409156394921,-0.035586577193730484,-0.03184592445293255,-0.029980832211935926,-0.01151876937220031,0.0054102927282473345,-0.006045967630845972,-0.06345411835644654,0.20167343089531048
liquid_fuels,2011-07-01,False,0.09802213372451507,0.09087089548180724,0.1087141357894378,-0.017118640944535635,-0.023601575180993706,-0.021820816539394272,-0.01610436295801243,-0.009826242195146051,-0.0033163764941877005,0.005170725596006953,0.011839192264543996,0.017985282024016946,0.021877352898882485,0.02498141603351378,0.02709872849303796,0.030771845162525402,0.025741447050147137,-0.005228770082799095,-0.0432968057533234,-0.013123547929806634,-0.017757783300705654,0.042749731069513075,0.04649038381031101,0.04835547605130763,0.06681753889104325,0.0837466009914909,0.07229034063239759,0.014882189906797016,-0.066017232319032,0.19971394314186552
liquid_fuels,2011-08-01,False,0.14162585017013016,0.09007717837865957,0.08446160416662864,0.01042911795660828,0.018671592081966004,0.025634269815578925,0.03207522135959362,0.03814021845245552,0.04436126771728777,0.050007249199127024,0.055336111458266224,0.06081421140104304,0.06666672637092397,0.07266336928997141,0.07876711218889643,0.08443611586204636,-0.03097021713294623,-0.06903825280347053,-0.03886499497995377,-0.04349923035085279,0.017008284019365938,0.020748936760163872,0.022614029001160496,0.04107609184089611,0.05800515394134376,0.04654889358225045,-0.01085925714335012,-0.09175867936917914,-0.06699812968852648,0.19843071425930817
liquid_fuels,2011-09-01,False,0.047788127502764975,0.040794690393234335,0.07230871707380017,-0.017464290584093156,-0.024287679002389595,-0.02301184073901119,-0.017140875673193,-0.010802288311392516,-0.0044519169233883105,0.004599482458747417,0.012030773394317684,0.018431409202350757,0.02259656929922471,0.02580896357087159,0.02786097932239251,0.03189897187273161,-0.0380680356705243,-0.00789477784700754,-0.01252901321790656,0.04797850115231217,0.051719153893110104,0.05358424613410673,0.07204630897384234,0.08897537107428999,0.07751911071519668,0.02011095998959611,-0.06078846223623291,-0.036027912555580244,0.03224005857342238,0.19733012774554176
liquid_fuels,2011-10-01,False,0.02126144351691845,-0.011730339785489156,0.05764298221084366,-0.0014127187696786336,0.0004168509174569124,0.005049644193999114,0.010701274422365792,0.01687965049148943,0.02331759850230064,0.030260522854282712,0.036923582602152116,0.04363503624456744,0.04900009183749354,0.0539543276209562,0.05845200664371486,0.06337019176122638,0.030173257823516764,0.025539022452617743,0.08604653682283647,0.0897871895636344,0.09165228180463103,0.11011434464436665,0.1270434067448143,0.11558714638572098,0.058178995660120414,-0.022720426565708607,0.002040123114944059,0.07030809424394668,0.09722677750375741,0.19683502252083002
liquid_fuels,2011-11-01,False,0.023978647675389236,-0.0014300645966123578,0.0475142377380585,-0.0059883572567853705,-0.006781524031544528,-0.0033534094917850865,0.0024851690344966926,0.008384935826643236,0.014742442620123697,0.022474341628655026,0.02923320931260598,0.03594186946971156,0.041686648826217976,0.046308829549812636,0.05023182735609755,0.05503029709273566,-0.00463423537089902,0.05587327899931971,0.05961393174011764,0.06147902398111427,0.07994108682084988,0.09687014892129753,0.08541388856220422,0.02800573783660365,-0.05289368438922537,-0.028133134708572705,0.04013483642042992,0.06705351968024065,0.07811014337374012,0.19711197950034462
liquid_fuels,2011-12-01,False,0.014475710595518734,-0.020145196263215336,0.027862287234293293,-0.00021623277807059083,0.0022392994513182884,0.006746313500460843,0.01234684013687204,0.01839178759346005,0.024288897451312685,0.03117725664035742,0.03791909107641356,0.04442881806201271,0.05053680982728448,0.056510111887257075,0.06140521400274768,0.06660728520598358,0.06050751437021873,0.06424816711101666,0.06611325935201329,0.0845753221917489,0.10150438429219655,0.09004812393310324,0.03263997320750267,-0.04825944901832635,-0.023498899337673684,0.04476907179132894,0.07168775505113967,0.08274437874463914,0.059257514207458506,0.19697159870393469
liquid_fuels,2012-01-01,False,0.05673688093648101,0.033449350416885154,0.0296329757941104,-0.0070674685162730455,-0.008473949791969915,-0.005286445247979721,0.000204926076561307,0.006021251646597392,0.012295957764490772,0.019754504819705865,0.02665849151510269,0.03345843840430085,0.038912204704312,0.043986371752662734,0.04854190040622619,0.053532524749987154,0.003740652740797934,0.005605744981794558,0.024067807821530174,0.04099686992197782,0.029540609562884512,-0.02786754116271606,-0.10876696338854508,-0.08400641370789241,-0.01573844257888979,0.011180240680920939,0.022236864374420406,-0.001250000162760223,0.04935512753617921,0.1964328923199788
liquid_fuels,2012-02-01,False,0.07829119652549067,0.03300072800460601,0.027536554754425055,0.006655088314167834,0.012926375042619398,0.018797782966022858,0.024474197552061483,0.03006542193942252,0.03579020698142088,0.04167913486991637,0.04759251094693795,0.054020693651403384,0.06075984608784779,0.06728841916504891,0.07386450080138118,0.08043789913985577,0.0018650922409966242,0.02032715508073224,0.037256217181179885,0.025799956822086578,-0.03160819390351399,-0.11250761612934301,-0.08774706644869035,-0.019479095319687723,0.007439587940123005,0.018496211633622472,-0.004990652903558157,0.04561447479538128,0.024586364440128072,0.194596376701663
liquid_fuels,2012-03-01,False,0.12160405755915145,0.026964860929486998,0.02397240343952765,0.03745104302989244,0.06065751009928455,0.07269666632191019,0.0786482028720279,0.08387815274142874,0.08900626651684718,0.09057421539423327,0.09527712935337007,0.10085826592148095,0.1094963881826514,0.1199136641630183,0.13108891909320075,0.13960881981595996,0.018462062839735616,0.03539112494018326,0.023934864581089954,-0.03347328614451062,-0.11437270837033964,-0.08961215868968697,-0.021344187560684347,0.0055744956991263805,0.016631119392625848,-0.006855745144554781,0.04374938255438465,0.022721272199131448,0.083952874307343,0.19265910621700932
liquid_fuels,2012-04-01,False,0.13568864930223262,0.04144676620771248,0.023312784830528697,0.03716202722852113,0.0603876953019018,0.07244491333288394,0.0785422755264733,0.08375259868593687,0.0889539879036585,0.0904286953960467,0.09493385535978138,0.10068162979032369,0.109080912562038,0.1188873703796034,0.1303836648111254,0.13878154048812164,0.016929062100447645,0.005472801741354338,-0.05193534898424623,-0.13283477121007525,-0.10807422152942259,-0.03980625040041996,-0.012887567140609235,-0.0018309434471097674,-0.025317807984290397,0.025287319714649037,0.0042592093593958325,0.06549081146760738,0.05342516667358055,0.19052184047143353
liquid_fuels,2012-05-01,False,0.07953530837135823,0.056418103933576574,0.023221586307060487,-0.007356809020754085,-0.008560486271224299,-0.005024861064461206,0.0007645764572314917,0.006759441045934622,0.012732146642052022,0.02014482952287544,0.026561377556213017,0.03281670946262594,0.03822235730572743,0.042836986648394415,0.04715743183444676,0.052812633312870894,-0.011456260359093307,-0.06886441108469388,-0.1497638333105229,-0.12500328362987023,-0.05673531250086761,-0.02981662924105688,-0.018760005547557412,-0.04224687008473804,0.008358257614201392,-0.012669852741051812,0.048561749367159734,0.036496104573132904,-0.018760005547557412,0.18835953028357083
liquid_fuels,2012-06-01,False,0.00849062250651765,0.0399001434286235,0.02055672983599183,-0.04141148592089028,-0.061349451430730895,-0.06448704439993413,-0.058921985385481435,-0.05234396527188956,-0.04560559133753106,-0.033674792785967966,-0.025650814310247405,-0.018864425596905043,-0.016251979543207007,-0.015138652690283472,-0.016325037766852013,-0.012830075526544249,-0.05740815072560057,-0.1383075729514296,-0.11354702327077693,-0.0452790521417743,-0.018360368881963574,-0.007303745188464106,-0.030790609725644735,0.0198145179732947,-0.001213592381958506,0.06001800972625304,0.04795236493222621,-0.007303745188464106,-0.07555511663053682,0.18719091147930297
liquid_fuels,2012-07-01,False,-0.09837664849352043,-0.01175889470303446,0.03247378673728431,-0.07570507379978064,-0.1144509517032013,-0.12387779183986769,-0.11868283113961908,-0.1119089453871247,-0.10455988967719776,-0.08788242090712561,-0.07831097133931664,-0.07086612768211076,-0.0708280857777579,-0.07370914862313782,-0.07990913376905961,-0.07896103925449705,-0.08089942222582902,-0.056138872545176355,0.01212909858382627,0.039047781843637,0.050104405537136465,0.026617540999955835,0.07722266869889527,0.056194558343642065,0.11742616045185361,0.10536051565782678,0.050104405537136465,-0.018146965904936252,-0.020766482792486052,0.1851633326692122
liquid_fuels,2012-08-01,False,-0.04390320839536771,-0.08143449634635935,0.04013409112432417,0.001899483329024676,0.005253126308456757,0.01022487464245092,0.016108210143884527,0.022235429733536982,0.028392536837523963,0.0347718254502265,0.040966520018302255,0.04706079893716275,0.05283821780074316,0.05838473507666819,0.06371461012316715,0.06964742409482128,0.024760549680652666,0.09302852080965529,0.11994720406946602,0.13100382776296549,0.10751696322578486,0.1581220909247243,0.13709398056947109,0.19832558267768263,0.1862599378836558,0.13100382776296549,0.06275245632089277,0.06013293943334297,0.08602435336608405,0.18300486898118368
liquid_fuels,2012-09-01,False,0.06721032375142046,-0.058758004384236596,0.033924555781915194,0.057376143954358305,0.09095729940349617,0.10644164842324955,0.1118322741474298,0.11660821607074379,0.12246046125221888,0.1222731745553709,0.12603990362053974,0.13128897482541912,0.14109597744743052,0.15286366401813734,0.16641057377566426,0.17550989624233893,0.06826797112900262,0.09518665438881335,0.10624327808231282,0.08275641354513219,0.13336154124407162,0.11233343088881842,0.17356503299702997,0.16149938820300314,0.10624327808231282,0.0379919066402401,0.0353723897526903,0.061263803685431384,0.06190257726192616,0.18111845571754825
liquid_fuels,2012-10-01,False,0.06639747654320217,0.0006876306107872975,0.027544500329574315,0.01992738811599004,0.03338827866286209,0.04138898194646945,0.04677272410501487,0.05211153375322919,0.05785305729708945,0.06226627777225957,0.06795223508277282,0.07395953968317492,0.08117360822479824,0.08877305311226902,0.09677954809208078,0.10348816085556223,0.026918683259810727,0.037975306953310195,0.014488442416129566,0.065093570115069,0.044065459759815795,0.10529706186802734,0.09323141707400051,0.037975306953310195,-0.030276064488762522,-0.03289558137631232,-0.007004167443571241,-0.006365393867076463,0.016986882191728725,0.17913202079777973
liquid_fuels,2012-11-01,False,0.04755719320203161,0.019438271198911033,0.016484604065928696,-0.0036509549426080312,-0.002971388161398636,0.0011713308877201456,0.00659658454974732,0.01179268322128113,0.01757673699037987,0.024671412719682095,0.031314022494657756,0.037826181451465324,0.043406413378963116,0.048543425612106894,0.05304099445848376,0.058326962470202304,0.011056623693499468,-0.012430240843681162,0.03817488685525827,0.017146776500005068,0.07837837860821661,0.06631273381418978,0.011056623693499468,-0.05719474774857325,-0.05981426463612305,-0.03392285070338197,-0.03328407712688719,-0.009931801068082002,-0.04033312906430098,0.17725541972072675
liquid_fuels,2012-12-01,False,0.045017393111770304,0.02766485264928252,0.012765576505916941,-0.010408562485439532,-0.01345381501412124,-0.010537681517084785,-0.004661713133525147,0.0010253521512817443,0.006177325898753416,0.013806093701964173,0.020602763191854834,0.027229044548804815,0.03239218101682617,0.03684168265449195,0.04048824155399178,0.04535485197886313,-0.02348686453718063,0.027118263161758804,0.0060901528065056,0.06732175491471715,0.055256110120690316,0.0,-0.06825137144207272,-0.07087088832962252,-0.044979474396881436,-0.04434070082038666,-0.02098842476158147,-0.051389752757800444,-0.07087088832962252,0.17539318624630534
liquid_fuels,2013-01-01,False,0.03753161821335774,0.006588259124383249,0.0030249318987181128,-0.0018561707014059792,-0.00023097692462936692,0.004161232678374205,0.009974636172663587,0.01585291465533256,0.021349811430868115,0.027371417129793407,0.03352780018785495,0.039916003972274794,0.045767040946601334,0.05127934487897878,0.056270192126690155,0.06182637171821259,0.050605127698939434,0.02957701734368623,0.09080861945189778,0.07874297465787095,0.02348686453718063,-0.04476450690489209,-0.04738402379244189,-0.021492609859700806,-0.02085383628320603,0.0024984397755991594,-0.027902888220619815,-0.04738402379244189,-0.01830281449160065,0.17356731284113103
liquid_fuels,2013-02-01,False,0.10671469438841077,0.049094907388466676,-0.0050172573106976185,0.015155917300355704,0.02585321165815646,0.03322252437774953,0.03881319328018229,0.04437706619089532,0.050082187592464855,0.05424351646964354,0.05946296042389143,0.06531825259421264,0.07222024498974289,0.07973148270038521,0.08743897078056762,0.0941141731802615,-0.021028110355253204,0.04020349175295834,0.02813784695893151,-0.027118263161758804,-0.09536963460383152,-0.09798915149138132,-0.07209773755864024,-0.07145896398214546,-0.048106687923340274,-0.07850801591955925,-0.09798915149138132,-0.06890794219054008,-0.0947158261464125,0.17183071889512375
liquid_fuels,2013-03-01,False,0.09321253551065911,0.029524902795898315,-0.02232797159135984,0.018872429736268792,0.03187315109543043,0.03988123792897014,0.045419799274538875,0.05084949565390495,0.0565014938420223,0.06055959051390758,0.06555928787211318,0.07118482256461167,0.0781645115248013,0.0858130261644483,0.09413591348169437,0.10130476863003057,0.06123160210821155,0.049165957314184716,-0.0060901528065056,-0.07434152424857832,-0.07696104113612812,-0.051069627203387036,-0.05043085362689226,-0.02707857756808707,-0.057479905564306044,-0.07696104113612812,-0.04787983183528688,-0.07368771579115929,-0.07238137987710402,0.17025510479900718
liquid_fuels,2013-04-01,False,0.08277786412570785,0.0810585162809787,-0.03844601976398807,-0.020435879419457237,-0.028864393913700326,-0.027591388197001798,-0.02173535994994591,-0.01563246465412238,-0.009625237427156819,-0.0006401517185503636,0.006491265705338201,0.012812769108174749,0.015960758666073716,0.018863577590201075,0.020972549584119093,0.025511270597732505,-0.01206564479402683,-0.06732175491471715,-0.13557312635678986,-0.13819264324433966,-0.11230122931159858,-0.1116624557351038,-0.08831017967629862,-0.11871150767251759,-0.13819264324433966,-0.10911143394349843,-0.13491931789937084,-0.13361298198531557,-0.16275411689281416,0.16913111142195883
liquid_fuels,2013-05-01,False,0.04292764383752224,0.06590104175403155,-0.04721202736021578,-0.03622544963795349,-0.05321140091024823,-0.05478652731754963,-0.04850267935028452,-0.04215031295757843,-0.036036204070879485,-0.025217411233003695,-0.017425477126660205,-0.010221579944928116,-0.0074862842117271455,-0.007573489512047615,-0.008315846585356113,-0.004909759394420732,-0.055256110120690316,-0.12350748156276303,-0.12612699845031283,-0.10023558451757175,-0.09959681094107697,-0.07624453488227179,-0.10664586287849076,-0.12612699845031283,-0.0970457891494716,-0.12285367310534401,-0.12154733719128874,-0.15068847209878733,-0.1676322864717008,0.1682203402996717
liquid_fuels,2013-06-01,False,0.03086815888632136,0.011314017327002332,-0.05021753495431704,-0.009233150150000036,-0.011632143572454012,-0.008430230325415344,-0.002491592408294885,0.003608032164590824,0.009419775787827156,0.01691749640655349,0.023471154874739497,0.029977998010311424,0.03496686906032487,0.03891872554388165,0.0417720302324609,0.04657739981612696,-0.06825137144207272,-0.07087088832962252,-0.044979474396881436,-0.04434070082038666,-0.02098842476158147,-0.051389752757800444,-0.07087088832962252,-0.04178967902878128,-0.06759756298465369,-0.06629122707059842,-0.09543236197809701,-0.11237617635101049,-0.12337285073965099,0.16680524999659896
liquid_fuels,2013-07-01,False,-0.016571177725618443,-0.05616477546676924,-0.05961696125802206,0.0034518608315909916,0.007978944077511763,0.013284368998843554,0.019062159015500235,0.024874933090067053,0.030810348947940547,0.03668279372399219,0.042634615690301025,0.04873156616928398,0.05467772208021948,0.06049754630779791,0.06576714518241467,0.07096880207164347,-0.0026195168875498,0.02327189704519128,0.02391067062168606,0.04726294668049125,0.016861618684272273,-0.0026195168875498,0.026461692413291438,0.000653808457419025,0.0019601443714742928,-0.027180990536024296,-0.044124804908937776,-0.05512147929757827,-0.062056319850037234,0.16526169687671036
liquid_fuels,2013-08-01,False,0.006525012897544296,-0.06130584264186348,-0.07214116289333096,0.021549263730991974,0.0357737964073408,0.044223888815809964,0.04953487581495164,0.05488419109459741,0.06065134277686823,0.06464230031935703,0.06972827454982777,0.07520544168295196,0.08223795319650673,0.09022917487079418,0.09898777119162894,0.10569126042480548,0.02589141393274108,0.02653018750923586,0.04988246356804105,0.019481135571822072,0.0,0.029081209300841238,0.003273325344968825,0.004579661259024093,-0.024561473648474497,-0.041505288021387976,-0.05250196241002847,-0.059436802962487434,-0.06852459706959113,0.16470022205354876
liquid_fuels,2013-09-01,False,0.03390324637480994,-0.03690378522303275,-0.07932026467342963,0.023632214334633694,0.03901669984139122,0.04767846053321545,0.05295221202365408,0.05811165983832911,0.0637118106894361,0.06740225704242508,0.07268029150536481,0.0780537041603564,0.08518559768970846,0.09330243410540184,0.10226371568824177,0.10968525523168804,0.0006387735764947777,0.023991049635299966,-0.006410278360919008,-0.02589141393274108,0.0031897953681001567,-0.022618088587772256,-0.021311752673716988,-0.05045288758121558,-0.06739670195412906,-0.07839337634276955,-0.08532821689522851,-0.09441601100233221,-0.09231148549741697,0.16360892181496056
liquid_fuels,2013-10-01,False,0.013718685196662807,-0.0335928620606357,-0.08950302797987607,0.008746061449706133,0.016109462398872232,0.02221844261766126,0.027544275655391637,0.03301128426563338,0.03863855917984438,0.04399762958683073,0.04982637927210476,0.05591576917302721,0.062085523750138094,0.0684620677011285,0.07488343414101273,0.08107195702492742,0.023352276058805188,-0.007049051937413786,-0.02653018750923586,0.002551021791605379,-0.023256862164267034,-0.021950526250211766,-0.051091661157710355,-0.06803547553062383,-0.07903214991926433,-0.08596699047172329,-0.09505478457882699,-0.09295025907391175,-0.10777580418013777,0.16222732496417017
liquid_fuels,2013-11-01,False,0.011327171261197167,-0.010394942720513563,-0.09748904363030432,-0.007389234252086041,-0.00894373201698695,-0.005643200132337434,-1.5472909121072576e-05,0.005607687866443278,0.011341387195737518,0.018522971824312506,0.025075785767440628,0.031563272269678144,0.036918283979173516,0.04136407299394573,0.045148998548743435,0.050132059147879104,-0.030401327996218974,-0.04988246356804105,-0.02080125426719981,-0.04660913822307222,-0.045302802309016954,-0.07444393721651554,-0.09138775158942902,-0.10238442597806952,-0.10931926653052848,-0.11840706063763218,-0.11630253513271693,-0.13112808023894296,-0.17995380691838037,0.16090363022669027
liquid_fuels,2013-12-01,False,-0.015836017870446497,-0.03605179273327857,-0.10527423065841975,-0.008252358127607273,-0.010225817771672752,-0.007145996947330424,-0.0014397272892399116,0.004263109090572037,0.00981401449173891,0.016969994151823542,0.023414849437046747,0.030017706811521272,0.035240373937399205,0.03978867658784768,0.043385251583397455,0.048303087242228315,-0.019481135571822072,0.009600073729019165,-0.016207810226853248,-0.01490147431279798,-0.04404260922029657,-0.06098642359321005,-0.07198309798185054,-0.0789179385343095,-0.0880057326414132,-0.08590120713649796,-0.10072675224272398,-0.1495524789221614,-0.1623298042017023,0.15958549287127058
liquid_fuels,2014-01-01,False,0.00275644334464315,-0.045819323113324616,-0.12009002215337929,0.009945663622252354,0.017800334019868913,0.02406328233843258,0.02942041462201761,0.034855398677934524,0.040342986235948786,0.045177367023629955,0.05071564477721502,0.05649431134216698,0.06285189583311901,0.06951022986004585,0.07634608725192393,0.08246968374418362,0.029081209300841238,0.003273325344968825,0.004579661259024093,-0.024561473648474497,-0.041505288021387976,-0.05250196241002847,-0.059436802962487434,-0.06852459706959113,-0.06642007156467589,-0.08124561667090191,-0.13007134335033932,-0.14284866862988022,-0.2272503332668636,0.15830479158032415
liquid_fuels,2014-02-01,False,0.012841572791904532,-0.01506639677913403,-0.14196493303794827,-0.0029984415178256896,-0.002218304757101386,0.0016489732225233311,0.00717579878464214,0.012763839706916968,0.018405306144035016,0.024816014006498577,0.03071157867129859,0.036877310721190604,0.042376150029952875,0.04751059169082783,0.05209406528064253,0.05753580581161799,-0.025807883955872413,-0.024501548041817145,-0.053642682949315734,-0.07058649732222921,-0.0815831717108697,-0.08851801226332867,-0.09760580637043237,-0.09550128086551712,-0.11032682597174315,-0.15915255265118056,-0.17192987793072145,-0.25633154256770485,-0.3928067112362408,0.15706400144985322
liquid_fuels,2014-03-01,False,0.004132898523243841,-0.027133968223929578,-0.15605174543833342,-0.0007558178644826441,0.001313359101624556,0.005604684018420514,0.010969908128775963,0.016487641143863918,0.022031451788364187,0.02825262187741462,0.034109409382804046,0.040003849295527694,0.04553827568349256,0.050805749541941836,0.05579338481886342,0.061329329845396074,0.0013063359140552677,-0.02783479899344332,-0.0447786133663568,-0.055775287754997294,-0.06271012830745626,-0.07179792241455996,-0.06969339690964471,-0.08451894201587073,-0.13334466869530814,-0.14612199397484904,-0.23052365861183244,-0.36699882728036837,-0.3182086631109362,0.15643710282350318
liquid_fuels,2014-04-01,False,0.012632745368791368,-0.015383673148791077,-0.1687443470073372,-0.0026565984584809854,-0.0017040562192747188,0.002263636011068826,0.007674536580395852,0.01310563357736072,0.018643795036135558,0.025009702254857658,0.031011506532606425,0.037014617870090305,0.04223815892668448,0.04720509691271513,0.05176587731684634,0.05717977366018179,-0.02914113490749859,-0.04608494928041207,-0.05708162366905256,-0.06401646422151153,-0.07310425832861522,-0.07099973282369998,-0.085825277929926,-0.1346510046093634,-0.1474283298889043,-0.2318299945258877,-0.36830516319442363,-0.3195149990249915,-0.34961303018227063,0.15587178142702168
liquid_fuels,2014-05-01,False,-0.00283886026736468,-0.034133006369457895,-0.18387281085434634,-0.0004613240239050853,0.0017232445585397826,0.006005210633369451,0.011393328150650639,0.016789336582563763,0.022181590999053924,0.028264217868963826,0.034105373932209915,0.0401113644481903,0.04552454781056703,0.050568356530410696,0.055419690351733664,0.06083469379960871,-0.01694381437291348,-0.027940488761553972,-0.03487532931401294,-0.043963123421116634,-0.04185859791620139,-0.05668414302242741,-0.10550986970186482,-0.11828719498140572,-0.20268885961838912,-0.33916402828692505,-0.2903738641174929,-0.32047189527477205,-0.31862175598661047,0.15538983243136215
liquid_fuels,2014-06-01,False,-0.0012025562859199826,-0.04613934292724793,-0.20241428005905102,0.00835458861478422,0.015270915223567272,0.021094411221148412,0.0262577971322262,0.031485401946842906,0.036828109428307165,0.041733764461805656,0.047175269584035284,0.05282486626552174,0.05889664962073482,0.06507320536932681,0.07121225403762566,0.07717191838735182,-0.010996674388640493,-0.017931514941099458,-0.027019309048203155,-0.02491478354328791,-0.039740328649513934,-0.08856605532895134,-0.10134338060849224,-0.18574504524547564,-0.32222021391401157,-0.2734300497445794,-0.30352808090185857,-0.301677941613697,-0.2869987789506485,0.15459471390100243
liquid_fuels,2014-07-01,False,-0.0003510798742249019,-0.05201003815644177,-0.22244634898109913,0.012770673874701544,0.022092557619251885,0.02861350219775538,0.03368444695929451,0.0387369365385144,0.04404042123688878,0.0484510533205782,0.05357764031398293,0.059032655575355975,0.06527810565357406,0.07207991156915217,0.07906597164925522,0.08520125836694614,-0.006934840552458965,-0.016022634659562662,-0.013918109154647418,-0.02874365426087344,-0.07756938094031085,-0.09034670621985175,-0.17474837085683514,-0.3112235395253711,-0.2624333753559389,-0.2925314065132181,-0.2906812672250565,-0.276002104562008,-0.30276881560643876,0.15374339362718575
liquid_fuels,2014-08-01,False,-0.041677028168021366,-0.05137157942340605,-0.2424157239569896,-0.013686675246574076,-0.018775002039423505,-0.016945110704551958,-0.011579507137854606,-0.0060233832847815805,-0.0006010918857146663,0.0069057384307109615,0.013129887251743355,0.019389063608900692,0.0240177546005782,0.02753578525914957,0.030082888806352237,0.034296789288021934,-0.009087794107103697,-0.006983268602188453,-0.021808813708414476,-0.07063454038785189,-0.08341186566739278,-0.16781353030437618,-0.3042886989729121,-0.25549853480347995,-0.2855965659607591,-0.28374642667259753,-0.26906726400954906,-0.2958339750539798,-0.33884108047957184,0.15268233489313823
liquid_fuels,2014-09-01,False,-0.06628740498028707,-0.05188417783397251,-0.27171847283143824,-0.028711544307376435,-0.04211189288632333,-0.04298335141273313,-0.03744363046373511,-0.03170331482655353,-0.026183424621409657,-0.017020901034074498,-0.010095763940069169,-0.003419176356938003,0.00017800409923474092,0.002008981223982964,0.002035653368227308,0.00511847516540076,0.0021045255049152445,-0.012721019601310779,-0.06154674628074819,-0.07432407156028908,-0.15872573619727248,-0.2952009048658084,-0.24641074069637625,-0.2765087718536554,-0.27465863256549383,-0.25997946990244536,-0.2867461809468761,-0.32975328637246815,-0.4477804924610256,0.15185545363145064
liquid_fuels,2014-10-01,False,-0.05336119988715487,-0.04012097801765977,-0.2964827610942422,-0.027627268574607733,-0.04062047281710335,-0.04149055089474363,-0.03599892520928627,-0.030324980291974057,-0.024929572274736245,-0.01589586462135717,-0.009125184272869902,-0.002383205693557322,0.001164564293424597,0.0029667823970394025,0.0032478291430724227,0.0064531450743592345,-0.014825545106226024,-0.06365127178566343,-0.07642859706520433,-0.16083026170218773,-0.29730543037072366,-0.2485152662012915,-0.27861329735857066,-0.2767631580704091,-0.2620839954073606,-0.28885070645179134,-0.3318578118773834,-0.4498850179659408,-0.43461754583515244,0.15136599859864666
liquid_fuels,2014-11-01,False,-0.09600827669050713,-0.045363586203876365,-0.31605440575349836,-0.05097008681025095,-0.07665493873658225,-0.08187997923641,-0.07619480922418553,-0.07013204062296907,-0.06464954259605626,-0.05300453087024959,-0.04525486631594955,-0.03784918904480161,-0.03560922213218287,-0.03673779248999587,-0.040407289441147576,-0.03871348577333045,-0.04882572667943741,-0.061603051958978305,-0.1460047165959617,-0.28247988526449763,-0.23368972109506547,-0.26378775225234463,-0.26193761296418305,-0.24725845030113458,-0.2740251613455653,-0.31703226677115737,-0.4350594728597148,-0.4197920007289264,-0.41871033485818465,0.15078649256306176
liquid_fuels,2014-12-01,False,-0.1444622285861413,-0.07975542564679652,-0.3384759683770878,-0.059402733901927185,-0.08986859267789082,-0.09657960860967929,-0.09094453932219349,-0.08469830221210106,-0.07924197492659069,-0.06675437444087784,-0.05880256121074545,-0.05111212896496742,-0.049537957023064294,-0.051408769192545556,-0.05679465069647183,-0.055838918837686435,-0.012777325279540896,-0.0971789899165243,-0.23365415858506022,-0.18486399441562806,-0.21496202557290722,-0.21311188628474564,-0.19843272362169717,-0.2251994346661279,-0.26820654009171996,-0.3862337461802774,-0.370966274049489,-0.36988460817874724,-0.40509176481467346,0.15027676871927845
liquid_fuels,2015-01-01,False,-0.2347481004585195,-0.07718747746121674,-0.34998651502529265,-0.11672098636826966,-0.17946130683315076,-0.19710375595078844,-0.19068204477879291,-0.1833479445381334,-0.17726613576918027,-0.158243310026692,-0.14816007330306213,-0.1387234420350536,-0.14068359705070232,-0.14950910729828149,-0.1641346796512435,-0.16794391344577342,-0.0844016646369834,-0.22087683330551933,-0.17208666913608717,-0.20218470029336633,-0.20033456100520475,-0.18565539834215627,-0.212422109386587,-0.25542921481217906,-0.3734564209007365,-0.3581889487699481,-0.35710728289920635,-0.39231443953513256,-0.4739448197345624,0.14960131304630891
liquid_fuels,2015-02-01,False,-0.35928592886043265,-0.1366557932915501,-0.34825637347313654,-0.15519010557982327,-0.2410519910945741,-0.26690870377428233,-0.26025374133316515,-0.25213244524998046,-0.24549941791573904,-0.22085384505700123,-0.2094803713845037,-0.19931651392020466,-0.2040088946906442,-0.2173893744412858,-0.23885356592646279,-0.24464560516601797,-0.13647516866853593,-0.08768500449910377,-0.11778303565638293,-0.11593289636822135,-0.10125373370517288,-0.1280204447496036,-0.17102755017519566,-0.2890547562637531,-0.2737872841329647,-0.27270561826222295,-0.30791277489814917,-0.389543155097579,-0.48376037225742863,0.1492672082449355
liquid_fuels,2015-03-01,False,-0.16434166080898407,-0.234898094558375,-0.35709100754049755,0.02674287911230877,0.043566491200422774,0.051972183792654114,0.056111031632440245,0.06008345155552064,0.06464095556276295,0.06661121802768033,0.07051743787582065,0.07527785287292588,0.08213673776236963,0.09010502000704435,0.09905945448645426,0.10599238320074189,0.04879016416943216,0.018692133012153,0.02054227230031458,0.03522143496336305,0.008454723918932316,-0.034552381506659735,-0.15257958759521717,-0.13731211546442879,-0.13623044959368702,-0.17143760622961324,-0.25306798642904305,-0.3472852035888927,-0.3909483465064918,0.14934343309450637
liquid_fuels,2015-04-01,False,-0.09843620518384887,-0.16589000055630834,-0.35904766153954215,0.025395380826330083,0.040957537886434636,0.04940154979600386,0.053494825226072074,0.05739113061189016,0.061713180263676115,0.06386240074358707,0.0676300247814341,0.07201525363199668,0.07878687677267848,0.08665317961498165,0.09530444655681336,0.10208533147284271,-0.03009803115727916,-0.02824789186911758,-0.013568729206069108,-0.04033544025049984,-0.0833425456760919,-0.20136975176464933,-0.18610227963386095,-0.18502061376311918,-0.2202277703990454,-0.3018581505984752,-0.39607536775832486,-0.43973851067592395,-0.3645353026881226,0.14949315412582798
liquid_fuels,2015-05-01,False,-0.11267214453157502,-0.16924778310907715,-0.36137591890575665,0.018888544491179715,0.031156323166730893,0.03814198707358063,0.04230059480690862,0.046127417939135995,0.05038484524757081,0.05308264269709895,0.05720515084040123,0.06164241626797118,0.06760728309491704,0.07468722279944817,0.08232619248371886,0.08858321812768732,0.0018501392881615786,0.01652930195121005,-0.010237409093220684,-0.053244514518812736,-0.17127172060737017,-0.15600424847658179,-0.15492258260584002,-0.19012973924176624,-0.27176011944119605,-0.3659773366010457,-0.4096404795186448,-0.33443727153084346,-0.31141835235061155,0.1499566992073949
liquid_fuels,2015-06-01,False,-0.04694838529358737,-0.14346532845056864,-0.36279718788365484,0.04362890717105383,0.06909723042901383,0.0810310422053071,0.08541139932413166,0.09007906736609961,0.09419131450715135,0.09356572794157358,0.0959188175432324,0.099254079242721,0.10631554051045189,0.11584942583534552,0.12787467107424888,0.1361363153901669,0.014679162663048473,-0.012087548381382263,-0.055094653806974314,-0.17312185989553175,-0.15785438776474336,-0.1567727218940016,-0.19197987852992782,-0.2736102587293576,-0.3678274758892073,-0.4114906188068064,-0.33628741081900504,-0.31326849163877313,-0.25316456756906813,0.15040146170929783
liquid_fuels,2015-07-01,False,-0.08303822065291057,-0.10699851766206485,-0.353507531500913,-0.0005470774786084931,0.0011507700465971382,0.004385273483067387,0.008508863259642396,0.012569469656606103,0.015942444264592126,0.02047905464867572,0.02527888992631766,0.030402640539441528,0.03516641423694544,0.03959594135073541,0.04371262281153143,0.048463136786411454,-0.026766711044430735,-0.06977381647002279,-0.18780102255858022,-0.17253355042779184,-0.17145188455705007,-0.2066590411929763,-0.2882894213924061,-0.38250663855225575,-0.42616978146985485,-0.3509665734820535,-0.3279476543018216,-0.2678437302321166,-0.19000124346818215,0.15116099133358823
liquid_fuels,2015-08-01,False,-0.14933889916994977,-0.1072296750805303,-0.33695004657437133,-0.04056781189244152,-0.06046626880535744,-0.06499779071894718,-0.061325303513360296,-0.056843442231415686,-0.05324752530483057,-0.046432611953273195,-0.0401104859937611,-0.033458185528142614,-0.03070592657333382,-0.03063679957252674,-0.03291693547201113,-0.030948721138199353,-0.04300710542559205,-0.1610343115141495,-0.1457668393833611,-0.14468517351261934,-0.17989233014854555,-0.26152271034797536,-0.355739927507825,-0.3994030704254241,-0.3241998624376228,-0.30118094325739087,-0.24107701918768587,-0.1632345324237514,-0.1610343115141495,0.15226553430484271
liquid_fuels,2015-09-01,False,-0.2494033199106724,-0.11836157197567315,-0.3017278657993512,-0.09392203528813159,-0.1426988601152761,-0.1570460062376391,-0.15427768685933696,-0.1492999580964005,-0.14629059622349327,-0.13378745799695668,-0.12873484959242543,-0.12039451908203525,-0.12065331310719074,-0.12584962789519594,-0.1365819261727914,-0.1376457960479902,-0.11802720608855743,-0.10275973395776905,-0.10167806808702728,-0.1368852247229535,-0.2185156049223833,-0.31273282208223296,-0.35639596499983206,-0.2811927570120307,-0.2581738378317988,-0.19806991376209382,-0.12022742699815936,-0.11802720608855743,-0.13800567301944344,0.15296628166123147
liquid_fuels,2015-10-01,False,-0.2158965465797563,-0.19128613859462748,-0.2651711617402796,-0.028825923765855244,-0.042865523214224766,-0.04506222059998688,-0.041018042336044225,-0.036912164139600634,-0.03311630473513549,-0.026182111524644114,-0.022283567470968713,-0.018005592470077936,-0.015067243008253683,-0.013872212643715187,-0.014063137178462526,-0.011237754930293775,0.015267472130788384,0.01634913800153015,-0.018858018634396068,-0.10048839883382588,-0.19470561599367553,-0.23836875891127463,-0.1631655509234733,-0.14014663174324138,-0.08004270767353638,-0.0022002209096019243,0.0,-0.019978466930886007,0.023888215174696192,0.15372319959772493
liquid_fuels,2015-11-01,False,-0.10173600114432896,-0.14522100912301614,-0.2198927187111105,0.012697070879807981,0.020915631323501493,0.025972044842195174,0.02954638092457529,0.03334264986242452,0.03771353495759211,0.04093629751520478,0.04534481215608466,0.049717460020092474,0.054123561044544743,0.05917171980846625,0.06484385380738278,0.06988689880767396,0.001081665870741766,-0.03412549076518445,-0.11575587096461426,-0.2099730881244639,-0.253636231042063,-0.17843302305426167,-0.15541410387402976,-0.09531017980432477,-0.01746769304039031,-0.015267472130788384,-0.03524593906167439,0.008620743043907808,0.14013830670026373,0.1551240527646751
liquid_fuels,2015-12-01,False,-0.14357443760250987,-0.11276546366440326,-0.17359671775973717,-0.03148176328344654,-0.046615360705530406,-0.04990523949037584,-0.046916670562284324,-0.04258972821660567,-0.038682428690447246,-0.03176114142439079,-0.02781041858184441,-0.023598603431915777,-0.022235762488643118,-0.02280734370622728,-0.023852428592037178,-0.02132288651644121,-0.03520715663592622,-0.11683753683535603,-0.21105475399520568,-0.2547178969128048,-0.17951468892500344,-0.15649576974477153,-0.09639184567506653,-0.018549358911132074,-0.01634913800153015,-0.03632760493241616,0.007539077173166042,0.13905664082952196,0.09776416876589078,0.15606706089103956
liquid_fuels,2016-01-01,False,-0.22874016885149986,-0.11906793003662729,-0.11446590364706555,-0.07808219423639429,-0.11812446726745929,-0.12987671404107282,-0.12710949009522476,-0.12317679942561188,-0.1191314837748152,-0.10718501025516058,-0.10437791401851815,-0.10029883140153473,-0.10280658588675973,-0.11036047638843538,-0.1205460991836187,-0.12048017834374924,-0.08163038019942981,-0.17584759735927946,-0.21951074027687856,-0.14430753228907722,-0.12128861310884531,-0.061184689039140316,0.016657797724794143,0.018858018634396068,-0.0011204482964899398,0.04274623380909226,0.17426379746544818,0.132971325401817,0.21572528643072975,0.156572906847416
liquid_fuels,2016-02-01,False,-0.3486410413382211,-0.1749364492088158,-0.049269320862835274,-0.11527452764084334,-0.1756580840227322,-0.1939011567675486,-0.19165980210038924,-0.18828449882145826,-0.18497864803717157,-0.16827546055617404,-0.16339311566937997,-0.16108176691554998,-0.166324348858498,-0.1792185976066616,-0.19969400238669177,-0.2049320373643475,-0.09421721715984965,-0.13788036007744875,-0.06267715208964741,-0.0396582329094155,0.020445691160289492,0.09828817792422395,0.10048839883382588,0.08050993190293987,0.12437661400852207,0.255894177664878,0.2146017056012468,0.29735566663015955,0.3552157997109724,0.15615023706517692
liquid_fuels,2016-03-01,False,-0.25007644277672636,-0.23121061336853,0.023884605062619406,-0.022664234410554762,-0.0340728350685211,-0.03589141123344497,-0.032638034227250756,-0.02944685184410023,-0.02663280946180091,-0.020432286236313324,-0.015970069756440886,-0.011382839753786733,-0.009591144218281222,-0.009009496708333842,-0.010174636328318165,-0.009576912067076115,-0.043663142917599096,0.03154006507020224,0.05455898425043415,0.11466290832013915,0.1925053950840736,0.19470561599367553,0.17472714906278952,0.21859383116837172,0.35011139482472764,0.30881892276109646,0.3915728837900092,0.44943301687082204,0.433982065715103,0.15524428823745604
liquid_fuels,2016-04-01,False,-0.08590463430867212,-0.23937557790621455,0.0791531494171071,0.07941996724536615,0.12352832505160194,0.14141585374937105,0.14414212987819752,0.1469085412980311,0.15272925531503656,0.14902790126794496,0.14987907509169585,0.15115292061248908,0.16023351742948755,0.17682083038874996,0.1963153539365443,0.21104151770602542,0.07520320798780133,0.09822212716803325,0.15832605123773824,0.2361685380016727,0.23836875891127463,0.21839029198038862,0.2622569740859708,0.39377453774232674,0.35248206567869556,0.4352360267076083,0.49309615978842114,0.4776452086327021,0.42616978146985485,0.15572670458342275
liquid_fuels,2016-05-01,False,-0.005428185654291524,-0.1407551306847093,0.13164807579355517,0.06940151551393026,0.10820128061969303,0.12288888862737934,0.1268722615751905,0.12968503556643363,0.13428758199958146,0.13236368087721218,0.13452443241615164,0.13556312907806234,0.14259812120219095,0.15537542102836355,0.17416164330812034,0.18698376899232283,0.02301891918023191,0.0831228432499369,0.16096533001387137,0.1631655509234733,0.14318708399258728,0.18705376609816948,0.3185713297545254,0.2772788576908942,0.36003281871980697,0.4178929518006198,0.40244200064490077,0.3509665734820535,0.3527864101990401,0.1573118825505177
liquid_fuels,2016-06-01,False,0.03670264461037691,-0.09029821551487738,0.17103306972010132,0.06451653476249142,0.10107660572762356,0.11527072993057619,0.11787078559445607,0.1218801997506418,0.1264468529078817,0.12410441080557533,0.12709495546085225,0.12909524712894882,0.13543153324627255,0.1463771155948308,0.16214007282131515,0.17559861332722715,0.060103924069704995,0.13794641083363945,0.14014663174324138,0.12016816481235537,0.16403484691793757,0.2955524105742935,0.2542599385106623,0.33701389953957506,0.3948740326203879,0.37942308146466885,0.3279476543018216,0.3297674910188082,0.2581738378317988,0.15863150946782778
liquid_fuels,2016-07-01,False,0.06728273774868047,-0.01271642154365596,0.1943792178689151,0.037000750567994345,0.05852546285380367,0.06804195409916147,0.07076103790033006,0.07315665732398635,0.07755503174835088,0.07770502047986394,0.0805592954602572,0.08361632541283193,0.08888736521231255,0.09637372319099047,0.10615949807364711,0.1143705807008164,0.07784248676393446,0.08004270767353638,0.06006424074265038,0.10393092284823258,0.2354484865045885,0.19415601444095731,0.27690997546987006,0.3347701085506829,0.31931915739496386,0.2678437302321166,0.2696635669491032,0.19806991376209382,0.17934092865581697,0.16122284549809643
liquid_fuels,2016-08-01,False,0.05285263727804172,0.06983888690341196,0.21247979078707094,-0.020801653502974027,-0.03059432188426925,-0.0317904872476813,-0.02862980478156718,-0.025095250258686974,-0.02276865160867647,-0.019276126029087237,-0.01627570461239536,-0.012328824520780657,-0.009901789977393882,-0.009286088708073237,-0.010617609225596958,-0.00977946205874769,0.0022002209096019243,-0.017778246021284083,0.026088436084298117,0.15760599974065403,0.11631352767702285,0.1990674887059356,0.25692762178674844,0.2414766706310294,0.19000124346818215,0.19182108018516875,0.12022742699815936,0.10149844189188251,0.0935063913605445,0.16282216349038872
liquid_fuels,2016-09-01,False,0.08112060796531438,0.0718422961611294,0.22619458463419773,-0.005102902418909316,-0.006468092168392836,-0.0047736890154448375,-0.0015969792252557014,0.0016726320350572976,0.004737198299844536,0.007994247365665785,0.010333540256051599,0.013511120956135159,0.016543958102184675,0.019250032088264923,0.020990318405349484,0.023105179895585692,-0.019978466930886007,0.023888215174696192,0.1554057788310521,0.11411330676742093,0.19686726779633368,0.2547274008771465,0.23927644972142748,0.18780102255858022,0.18962085927556682,0.11802720608855743,0.09929822098228058,0.09130617045094258,0.136411855489877,0.16311186221245838
liquid_fuels,2016-10-01,False,0.09368215667160106,0.056795778465839046,0.23744054531133824,0.01138068505881673,0.019062896812425123,0.023773837048501,0.026994264244741828,0.030027667470120534,0.033234147646857615,0.035321830739245996,0.038044119793191555,0.04100354331305134,0.044689377450320755,0.04908023200078482,0.05419003965767821,0.05850525902029968,0.0438666821055822,0.17538424576193812,0.13409177369830694,0.21684573472721969,0.2747058678080325,0.2592549166523135,0.20777948948946623,0.20959932620645283,0.13800567301944344,0.11927668791316659,0.11128463738182859,0.156390322420763,0.19679036791387094,0.16232325311890658
liquid_fuels,2016-11-01,False,0.16185817246620005,0.09602574334111881,0.22657754733576055,0.028930996034524092,0.046046562346311326,0.05404524703877023,0.05730611462017787,0.06014836109555066,0.06345910955708156,0.06419573377552279,0.06662230838877647,0.06910920120078412,0.07439488718239229,0.08088854231798503,0.08904864920354782,0.09583375778369696,0.13151756365635592,0.09022509159272474,0.17297905262163749,0.23083918570245032,0.21538823454673128,0.16391280738388403,0.16573264410087063,0.09413899091386124,0.07541000580758439,0.06741795527624639,0.1125236403151808,0.15292368580828875,0.16300164558963903,0.16153749214003865
liquid_fuels,2016-12-01,False,0.17277688500445076,0.19834769278618708,0.22800787712454715,-0.026914429306185816,-0.03990679456472801,-0.04212086062592135,-0.03891676375827391,-0.03580876575589098,-0.0328645801239702,-0.02699422932147133,-0.023232756373723795,-0.01833823367649856,-0.016602284630939934,-0.019022057264423076,-0.0225540414660923,-0.023374354668551867,-0.04129247206363118,0.04146148896528157,0.0993216220460944,0.08387067089037537,0.03239524372752811,0.03421508044451471,-0.037378572742494676,-0.05610755784877153,-0.06409960838010953,-0.018993923341175112,0.021406122151932827,0.031484081933283115,0.11955840033344689,0.161141682620707
liquid_fuels,2017-01-01,False,0.24498099629165615,0.14244118192896016,0.21490641155206058,0.05147556256184327,0.08081929103191499,0.09290020214695449,0.09601461021955604,0.09908052151692459,0.10327772394205414,0.10251553708112571,0.1051630845133813,0.10628079978743088,0.10964814195270556,0.11803130991605926,0.1326609218385686,0.1432336237942362,0.08275396102891275,0.14061409410972558,0.12516314295400655,0.07368771579115929,0.07550755250814589,0.003913899321136505,-0.014815085785140347,-0.02280713631647835,0.02229854872245607,0.06269859421556401,0.0727765539969143,0.16085087239707807,0.2356144845683259,0.16032948872620947
liquid_fuels,2017-02-01,False,0.2780724557165703,0.18394742654060603,0.18593949492983716,0.04631246639063047,0.07268190606118807,0.08425075955396366,0.08749484092123438,0.0903966913155454,0.09433294931714009,0.09468968317677184,0.09783581913100292,0.09938595702200725,0.1033308084202682,0.1094507496992545,0.11996653430379123,0.1311405664004326,0.05786013308081284,0.0424091819250938,-0.009066245237753456,-0.007246408520766856,-0.07884006170777624,-0.0975690468140531,-0.1055610973453911,-0.06045541230645668,-0.02005536681334874,-0.009977407031998453,0.07809691136816532,0.15286052353941315,0.1651778463169924,0.15992236916278696
liquid_fuels,2017-03-01,False,0.2295055348362149,0.1956122133095655,0.15682713296824266,0.008488138489410879,0.01490706362080374,0.01957182197132834,0.023140899334590515,0.0265144611554895,0.02984556558874729,0.03271661167790896,0.036094618434305836,0.03940893507700505,0.0429174135121535,0.046701295987329416,0.0505133416447352,0.05389781930235227,-0.01545095115571904,-0.06692637831856629,-0.06510654160157969,-0.13670019478858908,-0.15542917989486593,-0.16342123042620393,-0.11831554538726952,-0.07791549989416158,-0.06783754011281129,0.020236778287352486,0.09500039045860031,0.10731771323617956,0.09034199694127842,0.16195282603681133
liquid_fuels,2017-04-01,False,0.1341510390392927,0.14914114166066642,0.14764259408977717,-0.02216388791804924,-0.03205735393795184,-0.03272657139857493,-0.028953432039419802,-0.025435491837604296,-0.022121112357020856,-0.016902671402455383,-0.01381211382509484,-0.010076464876669355,-0.007285947881996435,-0.005898929207812209,-0.006018233077043966,-0.004695841237794873,-0.051475427162847254,-0.04965559044586065,-0.12124924363287004,-0.1399782287391469,-0.1479702792704849,-0.10286459423155048,-0.06246454873844254,-0.05238658895709225,0.035687729443071525,0.11045134161431935,0.1227686643918986,0.10579294809699746,0.15587928872787593,0.1634683735556981
liquid_fuels,2017-05-01,False,0.0896967644002286,0.07704301170873848,0.14039248300446772,-0.005357627521422437,-0.006388508282389793,-0.003989919304277834,-4.2224228874232494e-05,0.0037476764035471177,0.007211891901782508,0.011349262005563077,0.014671950946896217,0.018311204919443824,0.021349040926478047,0.024036789352370747,0.02619436747678172,0.028824376616213954,0.0018198367169866003,-0.06977381647002279,-0.08850280157629964,-0.09649485210763764,-0.05138916706870322,-0.010989121575595284,-0.0009111617942449968,0.08716315660591878,0.1619267687771666,0.17424409155474585,0.15726837525984472,0.20735471589072318,0.21104884643086486,0.16348434414677285
liquid_fuels,2017-06-01,False,0.06081360363287609,0.057613062631595054,0.15213006891548006,-0.011251477218171324,-0.015500052584859425,-0.014314742577661299,-0.010349869184450355,-0.006412646064820393,-0.0027520212150848877,0.0018525473053871977,0.005360862802963773,0.00917284721988132,0.0121088963827658,0.013985612683864446,0.015240392706332706,0.017388141518300593,-0.07159365318700939,-0.09032263829328624,-0.09831468882462424,-0.053209003785689823,-0.012808958292581885,-0.002730998511231597,0.08534331988893218,0.16010693206018,0.17242425483775925,0.15544853854285812,0.20553487917373658,0.20922900971387826,0.24401512579929463,0.1632438187255634
liquid_fuels,2017-07-01,False,-0.06001342745287785,-0.01718546470310997,0.17074489750905525,-0.03948293820411486,-0.05859377841089497,-0.06246796137638366,-0.05850893609868901,-0.054289452644867175,-0.05092026167333241,-0.04436064463607181,-0.04090756711729693,-0.03631232390920314,-0.03430422090263008,-0.03507661075399682,-0.03828956670867356,-0.03860396746662964,-0.018728985106276852,-0.026721035637614854,0.018384649401319564,0.0587846948944275,0.06886265467577779,0.15693697307594157,0.2317005852471894,0.24401790802476864,0.2270421917298675,0.27712853236074597,0.28082266290088764,0.315608778986304,0.3063063863239899,0.16298525263109784
liquid_fuels,2017-08-01,False,-0.015732524373227336,-0.041975557765979186,0.18769073271138798,0.0027952170850511493,0.005785301174483948,0.009340045949270959,0.013015547575029984,0.01676414351692479,0.02076600741711232,0.02480463684163947,0.02872706362376043,0.03254290657580583,0.03621531406250167,0.039637897605270034,0.04290534058087481,0.04609750194724693,-0.007992050531338002,0.037113634507596416,0.07751368000070435,0.08759163978205464,0.17566595818221842,0.25042957035346625,0.2627468931310455,0.24577117683614436,0.2958575174670228,0.2995516480071645,0.33433776409258087,0.32503537143026673,0.2988139128206253,0.16267488447259346
liquid_fuels,2017-09-01,False,0.023226559554987952,-0.05765051013362393,0.19721275110217862,0.03618343308135774,0.057055921738987436,0.06629585176314379,0.06985525824402483,0.0732455396506051,0.07702470404621131,0.07863581340364867,0.08336768300582431,0.08704451794737533,0.09192185240035755,0.09883852760781231,0.10705480185660132,0.11335503479589626,0.04510568503893442,0.08550573053204236,0.09558369031339264,0.18365800871355642,0.25842162088480425,0.2707389436623835,0.25376322736748236,0.3038495679983608,0.3075436985385025,0.34232981462391887,0.33302742196160473,0.3068059633519633,0.31927403832399204,0.16264585129345246
liquid_fuels,2017-10-01,False,0.07434184662010287,-0.02485629210624553,0.20770732891262614,0.047563434757579515,0.07450461457134683,0.08571061979315697,0.08914892604222757,0.0924009434718629,0.09619688104292567,0.09661087546526836,0.10114101610304793,0.1050479307192349,0.11082666789962659,0.11898381421902293,0.12908535971190016,0.1363296564917249,0.04040004549310794,0.050478005274458226,0.138552323674622,0.21331593584586983,0.22563325862344907,0.20865754232854794,0.2587438829594264,0.2624380134995681,0.29722412958498445,0.2879217369226703,0.2617002783130289,0.2741683532850576,0.32184725188659513,0.16248746309955575
liquid_fuels,2017-11-01,False,0.07696687836841533,0.010413145117489475,0.23282691559645044,0.027599129412084977,0.04410285237332978,0.05189961250966313,0.05524079875383947,0.058490929289791715,0.06222248352069837,0.06410585227341414,0.06818435263028988,0.07205929848890591,0.07733678876274919,0.08382763576428598,0.0911485615503782,0.09684328308600776,0.010077959781350287,0.09815227818151406,0.1729158903527619,0.18523321313034113,0.16825749683544,0.21834383746631847,0.22203796800646014,0.2568240840918765,0.24752169142956237,0.22130023281992095,0.23376830779194968,0.2814472063934872,0.3512273518692801,0.16232087134542678
liquid_fuels,2017-12-01,False,0.10203628801987942,0.013690985966382128,0.23490356651085625,0.040934537107782276,0.06452838192148924,0.07491195460744038,0.07827939448943866,0.08137099763547617,0.0850601662447712,0.08591350238857398,0.09005831398118147,0.0934588868113515,0.09904369665056478,0.10721446913117738,0.11691255277994639,0.12399087821638854,0.08807431840016378,0.1628379305714116,0.17515525334899085,0.1581795370540897,0.20826587768496818,0.21196000822510985,0.24674612431052623,0.2374437316482121,0.21122227303857066,0.2236903480105994,0.2713692466121369,0.3411493920879298,0.28380034591997383,0.16168168555689208
liquid_fuels,2018-01-01,False,0.15639286090008067,0.08716315660591847,0.22547709898761842,0.029417079886870034,0.04678090885984165,0.05512751130977911,0.0587807481056446,0.06196482235870704,0.06536181745909353,0.06701980487530079,0.07105451867968515,0.07455017803820319,0.07954460650539108,0.08638829255271574,0.09457411162787643,0.10070077674372158,0.07476361217124783,0.08708093494882707,0.07010521865392594,0.1201915592848044,0.12388568982494608,0.15867180591036245,0.1493694132480483,0.12314795463840689,0.13561602961043562,0.18329492821197313,0.25307507368776605,0.19572602751981005,0.1305009289436656,0.16101914939758538
liquid_fuels,2018-02-01,False,0.22483796678296228,0.1461143769740551,0.21610495991946094,0.035350148875209264,0.05602476383816413,0.06542521685601255,0.06918249191771686,0.07248949179380126,0.0757192741677537,0.07661849391795972,0.08079389524518987,0.08420340443360352,0.08926266688140672,0.09664042765114278,0.10571167745541121,0.11265541045731364,0.012317322777579243,-0.0046583935173218904,0.04542794711355658,0.04912207765369825,0.08390819373911462,0.07460580107680048,0.04838434246715906,0.06085241743918779,0.1085313160407253,0.17831146151651822,0.12096241534856222,0.05573731677241778,0.01993931089663903,0.16030471155807516
liquid_fuels,2018-03-01,False,0.1572512373530321,0.1460331593962058,0.21024571328531305,-0.006844312877539949,-0.008477710054614285,-0.006381943924890443,-0.0025512687910271836,0.0012820929660497526,0.005181887421382925,0.009669065841571012,0.013193726710814424,0.0167875768736776,0.02030143456424227,0.023123066095046774,0.025286826518851946,0.028420868259223298,-0.016975716294901133,0.033110624335977334,0.036804754876119006,0.07159087096153538,0.06228847829922124,0.036067019689579816,0.04853509466160855,0.09621399326314606,0.16599413873893898,0.10864509257098298,0.043419993994838535,0.007621988119059786,0.03014546278614283,0.15981600051208197
liquid_fuels,2018-04-01,False,0.13064944880088458,0.11695652905805413,0.19201997350540928,-0.00552850435049379,-0.006555673747532076,-0.004038542427513114,-6.220539966061978e-05,0.003846612766969848,0.007712016974180891,0.012249784312409417,0.015975743967617362,0.01983536330701252,0.022947954574721763,0.025868546845562612,0.028212536855962256,0.03120527849395227,0.05008634063087847,0.05378047117102014,0.08856658725643651,0.07926419459412237,0.05304273598448095,0.06551081095650968,0.11318970955804719,0.1829698550338401,0.12562080886588411,0.06039571028973967,0.02459770441396092,0.04712117908104396,0.05378047117102014,0.15924396525719456
liquid_fuels,2018-05-01,False,0.23048685320703266,0.14419749895221617,0.1739772480372639,0.03934775915122657,0.062136296249202694,0.07268084179054313,0.07713302891639096,0.08093804433983376,0.08448471931493184,0.08528224741453361,0.08907872192403232,0.09189363025176434,0.09671135121249819,0.10455592810029035,0.11411050373059872,0.12113740183176347,0.0036941305401416713,0.038480246625558046,0.029177853963243905,0.002956395353602481,0.015424470325631212,0.06310336892716872,0.13288351440296164,0.07553446823500565,0.0103093696588612,-0.02548863621691755,-0.002965161549834505,0.0036941305401416713,0.008109148749258388,0.15853658642408963
liquid_fuels,2018-06-01,False,0.2213328300562757,0.12416397005493153,0.14607376640161363,0.04559016554877804,0.07210569752371399,0.08378514233305978,0.08808713836984783,0.09221084462933327,0.09606195187342692,0.09636322154528365,0.10035405680480292,0.10317559496490691,0.1078767294038121,0.11585109838445096,0.12673206578991092,0.13438111089629956,0.034786116085416374,0.025483723423102234,-0.0007377351865391901,0.01173033978548954,0.05940923838702705,0.12918938386281997,0.07184033769486398,0.006615239118719529,-0.02918276675705922,-0.0066592920899761765,0.0,0.004415018209116717,0.020438667677274758,0.15790557193409266
liquid_fuels,2018-07-01,False,0.1537675452372511,0.12832181418357871,0.11593523108798984,0.0009810701877492889,0.003593928466022689,0.00740134558925476,0.011385320261849685,0.015433349894366621,0.019720675746404126,0.023965682105391295,0.0279334903442523,0.03199890154416973,0.03592664191683426,0.03950276761062277,0.04269016421154337,0.045810490661451375,-0.00930239266231414,-0.035523851271955564,-0.023055776299926833,0.024623122301610678,0.0944032677774036,0.0370542216094476,-0.028170876966696845,-0.0639688828424756,-0.04144540817539255,-0.034786116085416374,-0.030371097876299658,-0.014347448408141616,-0.05489852587251143,0.1574439434366545
liquid_fuels,2018-08-01,False,0.10775084685360903,0.09363413487707517,0.08999645383308295,-0.006228973493916712,-0.007531137060977855,-0.005042804626504527,-0.0007751504497033324,0.003226666617120344,0.007343640987871325,0.012360149593232173,0.016460020888975357,0.0207844239405528,0.0245237954236055,0.02761521688013513,0.029915932624531294,0.03262314067575556,-0.026221458609641424,-0.013753383637612693,0.03392551496392482,0.10370566043971774,0.04635661427176174,-0.018868484304382704,-0.05466649018016145,-0.03214301551307841,-0.025483723423102234,-0.021068705213985517,-0.005045055745827476,-0.04559613321019729,-0.05163388740111774,0.1582279388173927
liquid_fuels,2018-09-01,False,0.06014025120937568,0.049417667281398174,0.06672260559735382,-0.008452934623137232,-0.010958966738657594,-0.008932813581763455,-0.0046692684173397225,-0.0003639405877811086,0.003702069952650433,0.008724611295744644,0.012997583254962919,0.017506508838845747,0.021281629767770482,0.024131040067136844,0.02627235588751642,0.029043279979611647,0.012468074972028731,0.06014697357356624,0.12992711904935916,0.07257807288140317,0.007352974305258719,-0.02844503157052003,-0.005921556903436986,0.0007377351865391901,0.005152753395655907,0.021176402863813948,-0.019374674600555863,-0.025412428791476316,-0.009640415782174117,0.15867257256796471
liquid_fuels,2018-10-01,False,0.11697298697155001,0.0424962370381614,0.03838054633318425,0.030568722425801553,0.048740626490759276,0.057689320021924395,0.06203395114371091,0.06648736467957583,0.07091408299092361,0.0728685763267487,0.07728213037060083,0.08132768130189749,0.08636352065106223,0.09292029881510544,0.100843051897888,0.10690203927546804,0.04767889860153751,0.11745904407733043,0.060109997909374435,-0.005115100666770012,-0.04091310654254876,-0.018389631875465717,-0.01173033978548954,-0.007315321576372824,0.008708327891785217,-0.031842749572584594,-0.03788050376350505,-0.022108490754202847,-0.021363611762592605,0.1588097148729187
liquid_fuels,2018-11-01,False,0.13693276091056,0.06458485067961207,0.0014107402591180234,0.029205795214198638,0.0467187940821292,0.05534195809710951,0.0596231679980157,0.06389840242754996,0.06837097985437612,0.0707681589993383,0.07512131663989674,0.07907437853807231,0.08435811746486443,0.09107804001121256,0.09880897235416786,0.10486833599036771,0.06978014547579292,0.012431099307836924,-0.05279399926830752,-0.08859200514408627,-0.06606853047700323,-0.05940923838702705,-0.054994220177910336,-0.038970570709752295,-0.0795216481741221,-0.08555940236504256,-0.06978738935574036,-0.06904251036413012,-0.03320686599300249,0.15861123562418408
liquid_fuels,2018-12-01,False,-0.0042945704983550605,0.10700609249141811,-0.02100327528242096,-0.08339489671647726,-0.12564048946060868,-0.1366536275523309,-0.13303773812313757,-0.12911588907792648,-0.12520527028985473,-0.11408434680039736,-0.10990762356268213,-0.10435981969914465,-0.10333396532766237,-0.10757437630369626,-0.11680601571660443,-0.1199675491675718,-0.057349046167956,-0.12257414474410044,-0.1583721506198792,-0.13584867595279615,-0.12918938386281997,-0.12477436565370326,-0.10875071618554522,-0.14930179364991503,-0.15533954784083548,-0.13956753483153328,-0.13882265583992304,-0.10298701146879541,-0.13436499615540498,0.15858831516240318
liquid_fuels,2019-01-01,False,-0.08166590004245644,0.044860011280574284,-0.026390293436862895,-0.09206353319553617,-0.13945746782606516,-0.15207517334695542,-0.14816824845138932,-0.14443245715461472,-0.14068369155615912,-0.12884660565209138,-0.12474276764748993,-0.11868368020041853,-0.1180561950402641,-0.12357748919643985,-0.13423201818894537,-0.13841732036189835,-0.06522509857614445,-0.1010231044519232,-0.07849962978484015,-0.07184033769486398,-0.06742531948574726,-0.05140167001758922,-0.09195274748195903,-0.09799050167287948,-0.08221848866357728,-0.08147360967196704,-0.04563796530083941,-0.07701594998744898,-0.07627493476272917,0.15839123252023546
liquid_fuels,2019-02-01,False,-0.007667466853289845,-0.018329158448613093,-0.02212452731325794,-0.00842397918774207,-0.011273332463928476,-0.009399091554649353,-0.0050723557328611335,-0.0008708045004306442,0.0031886512635344033,0.00838651719473571,0.012797009555092664,0.01759804562007261,0.021660242773799077,0.02460699181358894,0.02683760998077034,0.030079965164958367,-0.03579800587577875,-0.013274531208695706,-0.006615239118719529,-0.0022002209096028125,0.013823428558555229,-0.026727648905814583,-0.032765403096735035,-0.016993390087432836,-0.016248511095822593,0.019587133275305035,-0.011790851411304537,-0.011049836186584727,0.022456575703257542,0.15786034566278503
liquid_fuels,2019-03-01,False,0.03452941749385959,-0.05316764401089453,-0.03238065138942402,0.038301507831919324,0.06068255249334431,0.07078816418757228,0.07474779219299421,0.07937571653115505,0.08404968306543914,0.08546564010455526,0.08971255427511693,0.0934642767194509,0.0995522140165761,0.10784986271522712,0.11727560166970896,0.12437609305419528,0.022523474667083043,0.02918276675705922,0.033597784966175936,0.04962143443433398,0.009070356969964166,0.0030326027790437138,0.018804615788345913,0.019549494779956156,0.055385139151083784,0.024007154464474212,0.02474816968919402,0.05825458157903629,-0.05943891653867439,0.15721403396650288
liquid_fuels,2019-04-01,False,0.04144139284494193,-0.03220292265702331,-0.05368477202743645,0.029850974406095965,0.047810678685200614,0.05634559391400451,0.06038288111750845,0.06448068827603937,0.06921181771995588,0.0715820581343749,0.07576498048528268,0.07962198689329192,0.0850405744942142,0.09247358348697787,0.101088329751156,0.10742750959632552,0.0066592920899761765,0.011074310299092893,0.027097959767250934,-0.013453117697118877,-0.01949087188803933,-0.00371885887873713,-0.0029739798871268874,0.03286166448400074,0.0014836797973911686,0.0022246950221109785,0.03573110691195325,-0.08196239120575743,-0.27807727013204797,0.1566465447176625
liquid_fuels,2019-05-01,False,0.060840060529836516,-0.0260826334248338,-0.09065262077861799,0.037961155663922774,0.060263061170171994,0.07034743915966057,0.07430234786783796,0.0785562977652523,0.08288181333404498,0.08479647592883133,0.08927594763152502,0.09286919328766174,0.09850167832665768,0.1064583511547097,0.11644343334857954,0.12404023273729337,0.004415018209116717,0.020438667677274758,-0.020112409787095054,-0.026150163978015506,-0.010378150968713307,-0.009633271977103064,0.026202372394024565,-0.005175612292585008,-0.004434597067865198,0.02907181482197707,-0.08862168329573361,-0.28473656222202415,-0.5364712468654922,0.15611093961213499
liquid_fuels,2019-06-01,False,0.032667517319861235,-0.019509858444694585,-0.13243625220021651,0.016825621439487293,0.02787796920028285,0.03430995844602691,0.038447484664272835,0.0425107384383292,0.04662250708685001,0.04969376042024276,0.05426431235386797,0.058561050118828284,0.06335504674443726,0.06907003078266083,0.07540460386214765,0.08111730341131818,0.01602364946815804,-0.02452742799621177,-0.030565182187132223,-0.014793169177830023,-0.01404829018621978,0.021787354184907848,-0.009590630501701725,-0.008849615276981915,0.024656796612860354,-0.09303670150485033,-0.28915158043114086,-0.5408862650746089,-0.6073602435420771,0.15556737172897964
liquid_fuels,2019-07-01,False,-0.04586431268754311,-0.004385840188439732,-0.1608291726256794,-0.04011041233193868,-0.05959195411877616,-0.0630278840004923,-0.05882699412124737,-0.05482098321291495,-0.050960892072467345,-0.04413911900442269,-0.03991142398019143,-0.034491472038317816,-0.03168572841518902,-0.03193958455396295,-0.03445156296909957,-0.033891870313346395,-0.04055107746436981,-0.046588831655290264,-0.030816818645988064,-0.03007193965437782,0.005763704716749807,-0.025614279969859766,-0.024873264745139956,0.008633147144702313,-0.10906035097300837,-0.3051752298992989,-0.556909914542767,-0.6233838930102351,-0.46769415939707315,0.15509379701643822
liquid_fuels,2019-08-01,False,-0.05082713372160235,-0.04006926584338879,-0.1908681000334085,-0.021295641406909205,-0.03084166364183627,-0.031022598435192172,-0.026836314898178948,-0.022745236656184886,-0.018773794111274,-0.012903566812057399,-0.009129740600530845,-0.0041001498622152965,-0.00048387885214040693,0.0012773212000958267,0.0015663570352044687,0.0036868934444491686,-0.006037754190920452,0.009734258818381747,0.01047913780999199,0.04631478218111962,0.014936797494510046,0.015677812719229856,0.049184224609072125,-0.06850927350863856,-0.2646241524349291,-0.5163588370783971,-0.5828328155458653,-0.42714308193270334,-0.41910168305771034,0.15451845706813025
liquid_fuels,2019-09-01,False,-0.06963210957771153,-0.04254647193189603,-0.22394389565598866,-0.031079511598192333,-0.04586867446318443,-0.047923143388732825,-0.04371516008353726,-0.039664315936383865,-0.03574518798502346,-0.029210283374809798,-0.025195445978664743,-0.020448260833968668,-0.017118056142519045,-0.0163606140651682,-0.017581036138174078,-0.016405113845674002,0.0157720130093022,0.016516892000912442,0.05235253637204007,0.020974551685430498,0.021715566910150308,0.05522197879999258,-0.062471519317718105,-0.25858639824400864,-0.5103210828874767,-0.5767950613549448,-0.4211053277417829,-0.4130639288667899,-0.4153548806133456,0.15392168570972042
liquid_fuels,2019-10-01,False,0.018971530025584535,-0.0221692274908372,-0.25725768479672617,0.01064782920641516,0.018035346659927676,0.02304905713764782,0.026917418966308837,0.031023288657696213,0.03533973923087519,0.03904876807770474,0.0433932907905481,0.047533102761392776,0.05189059991638523,0.05681133039004038,0.06236645585692191,0.06737406764141518,0.0007448789916102427,0.03658052336273787,0.005202538676128299,0.005943553900848109,0.03944996579069038,-0.0782435323270203,-0.27435841125331084,-0.5260930958967789,-0.592567074364247,-0.4368773407510851,-0.4288359418760921,-0.4311268936226478,-0.4744845926807715,0.15332502462784556
liquid_fuels,2019-11-01,False,0.004101460835623855,-0.009264472415482634,-0.28974774519439905,-0.006237453783023206,-0.0076536034883805115,-0.005579795384389463,-0.0017089151682316839,0.0021483480315698245,0.006236141245161697,0.011137679203181428,0.015354739462582145,0.019947911303504817,0.023915245561476617,0.02688428647171026,0.029445894199802147,0.03300585311840809,0.03583564437112763,0.004457659684518056,0.005198674909237866,0.038705086799080135,-0.07898841131863055,-0.2751032902449211,-0.5268379748883891,-0.5933119533558573,-0.43762221974269533,-0.42958082086770233,-0.431871772614258,-0.4752294716723817,-0.431871772614258,0.15288963897015576
liquid_fuels,2019-12-01,False,0.07435190273982908,0.02755530292448187,-0.32696613472496244,0.014304633846518477,0.02371359001357476,0.02946207785941546,0.03324146258503102,0.03708893440325678,0.04111879863358592,0.04453401505514343,0.0489663326863381,0.0531709775024094,0.05790742430793561,0.06319538952778991,0.06878130682674577,0.07378716444123778,-0.03137798468660957,-0.030636969461889763,0.0028694424279525066,-0.11482405568975818,-0.3109389346160487,-0.5626736192595168,-0.6291475977269849,-0.47345786411382296,-0.46541646523882996,-0.46770741698538565,-0.5110651160435093,-0.46770741698538565,-0.5231134545596845,0.15276454065939235
liquid_fuels,2020-01-01,False,0.08549603161437008,-0.00018530529099673818,-0.3587415895558109,0.03797560962277302,0.06025399621422789,0.06989871678739412,0.07379698948916946,0.0776480945391329,0.08187072033219689,0.08342331632433897,0.08786689621469002,0.09169797357672227,0.09722145925506176,0.10508934763564248,0.1144713423775503,0.12172628894084703,0.0007410152247198099,0.03424742711456208,-0.0834460710031486,-0.27956094992943914,-0.5312956345729072,-0.5977696130403753,-0.4420798794272134,-0.4340384805522204,-0.4363294322987761,-0.4796871313568998,-0.4363294322987761,-0.4917354698730749,-0.32570755256522066,0.1521917356413176
liquid_fuels,2020-02-01,False,0.008787726769182835,-0.0015420203518151149,-0.3948584154647789,-0.00816505326686201,-0.010551536670001305,-0.008440343584470433,-0.0044927718227141256,-0.0004981396426888551,0.003195155311584763,0.007889007593665731,0.011848578659228615,0.016467004715169153,0.02048749806874106,0.023655866461623987,0.026069214521757367,0.029156655341393112,0.03350641188984227,-0.08418708622786841,-0.28030196515415895,-0.532036649797627,-0.5985106282650952,-0.4428208946519332,-0.4347794957769402,-0.4370704475234959,-0.4804281465816196,-0.4370704475234959,-0.49247648509779474,-0.32644856778994047,-0.25322100655148816,0.15169424662733008
liquid_fuels,2020-03-01,False,-0.05286991039612649,0.026126304592219783,-0.3987755013370826,-0.0626472192535168,-0.09446526268326938,-0.10159077995766808,-0.0972971626196637,-0.09340511687875441,-0.0898169979423935,-0.08156320912786796,-0.07790567569200846,-0.07248079633544169,-0.07027704112576494,-0.07270412546791327,-0.07884812956158616,-0.08071801944036494,-0.11769349811771068,-0.3138083770440012,-0.5655430616874693,-0.6320170401549374,-0.47632730654177546,-0.46828590766678246,-0.47057685941333816,-0.5139345584714619,-0.47057685941333816,-0.525982896987637,-0.35995497967978274,-0.28672741844133043,-0.21405176928254122,0.15113232365017987
liquid_fuels,2020-04-01,False,-0.4541038680133083,-0.07488469356555462,-0.36503993247057376,-0.24583169419662987,-0.37418794893927654,-0.41014422563988084,-0.4065362065394229,-0.4033199416008362,-0.4005197798530409,-0.38053173925858275,-0.37797415583263927,-0.36969513464915504,-0.37174431253626405,-0.39140704422877626,-0.42667025985840734,-0.4448548275890438,-0.19611487892629054,-0.4478495635697586,-0.5143235420372267,-0.3586338084240648,-0.3505924095490718,-0.3528833612956275,-0.3962410603537512,-0.3528833612956275,-0.4082893988699263,-0.24226148156207206,-0.16903392032361975,-0.09635827116483053,-0.0683599418648555,0.15068161619719733
liquid_fuels,2020-05-01,False,-0.7575276135091893,-0.2352916852498575,-0.3001668486477168,-0.32472320457237913,-0.5101301518099,-0.5545244819384054,-0.5442968555154195,-0.5452155787812263,-0.5455867310607694,-0.5180218568846353,-0.5204011412769942,-0.5100581134645212,-0.5167392512355287,-0.537107956210308,-0.581739812847955,-0.6091262446742478,-0.25173468464346804,-0.3182086631109362,-0.16251892949777424,-0.15447753062278125,-0.15676848236933694,-0.20012618142746064,-0.15676848236933694,-0.2121745199436358,-0.04614660263578152,0.02708095860267079,0.09975660776146,0.12775493706143504,0.08275396102891275,0.1503480560995507
liquid_fuels,2020-06-01,False,-0.2820171828926939,-0.43276183106491384,-0.22087154131715667,0.0750630635240368,0.12334750345340773,0.1383163858516152,0.13813126564120282,0.14036549198417791,0.14698278535904663,0.14700586201767152,0.1515600240334276,0.15652323412654656,0.16251528865981513,0.1730457032739645,0.18471370103747464,0.19450903842990108,-0.06647397846746816,0.0892157551456938,0.0972571540206868,0.0949662022741311,0.051608503216007406,0.0949662022741311,0.039560164699832256,0.20558808200768652,0.27881564324613883,0.35149129240492805,0.3794896217049031,0.3344886456723808,0.38035206246556186,0.1503564425979239
liquid_fuels,2020-07-01,False,-0.06739645387780242,-0.45476855343861566,-0.1610739025465531,0.20892093708465787,0.33222970162116106,0.39212459369037145,0.3876241032318415,0.3781525229591107,0.38031256841782923,0.37731030328280113,0.3868994328188773,0.39005200591207423,0.40711290591628746,0.4286066861839464,0.4584382133187601,0.46840532684449876,0.15568973361316196,0.16373113248815496,0.16144018074159927,0.11808248168347557,0.16144018074159927,0.10603414316730042,0.2720620604751547,0.345289621713607,0.4179652708723962,0.44596360017237124,0.40096262413984896,0.44682604093303,0.4773886913431973,0.15046850629881742
liquid_fuels,2020-08-01,False,-0.10324090271336742,-0.2753514599943017,-0.1021318481365933,0.08659592599489763,0.14021519668953886,0.1535627868815137,0.16442000704797533,0.16637017319133296,0.16697066655232806,0.16512821563936253,0.17306881388637496,0.17819737019308413,0.18664383365000514,0.20013582086811255,0.214228818917527,0.2216426535281375,0.008041398874993,0.005750447128437308,-0.03760725192968639,0.005750447128437308,-0.04965559044586154,0.11637232686199273,0.18959988810044504,0.26227553725923425,0.2902738665592093,0.245272890526687,0.29113630731986806,0.3216989577300353,0.3267031383146106,0.15024304938582894
liquid_fuels,2020-09-01,False,-0.16672308184043969,-0.2330863298962212,-0.04211635854947975,0.02694050919861457,0.04388829889612378,0.05116114475211475,0.05276874221376193,0.0578278883442529,0.06092044962780108,0.06230301898362445,0.06658025423880964,0.07157367515895974,0.07747039145983603,0.08398406451474294,0.09162163531818202,0.09636371680594369,-0.0022909517465556917,-0.04564865080467939,-0.0022909517465556917,-0.05769698932085454,0.10833092798699973,0.18155848922545204,0.25423413838424125,0.2822324676842163,0.237231491651694,0.28309490844487506,0.3136575588550423,0.3186617394396176,0.30610401895413286,0.15017263500913494
liquid_fuels,2020-10-01,False,-0.2254695208938565,-0.1990012459926099,0.02849592733600347,-0.025628043280734758,-0.03866465840718014,-0.03916682649090131,-0.03587519916167903,-0.03253683326240253,-0.03497968859407585,-0.03115309336876315,-0.026770913613030523,-0.0224716207554172,-0.02060338164377562,-0.019640709058795558,-0.019579187086086414,-0.017292336142053166,-0.0433576990581237,0.0,-0.05540603757429885,0.11062187973355542,0.18384944097200773,0.25652509013079694,0.284523419430772,0.23952244339824968,0.28538586019143075,0.315948510601598,0.3209526911861733,0.30839497070068855,0.3528833612956275,0.1502023923019395
liquid_fuels,2020-11-01,False,-0.21508854931183527,-0.1947194344150136,0.11513163802008643,-0.02201815640188176,-0.03310073977611694,-0.03299164578159974,-0.028904449080199512,-0.026456294031426353,-0.024200798490532804,-0.02468035241136768,-0.02246719314720025,-0.017522032240268715,-0.01461776892269473,-0.013728037970397011,-0.013384716727485646,-0.010647919335920797,0.0433576990581237,-0.01204833851617515,0.15397957879167912,0.22720714003013143,0.29988278918892064,0.3278811184888957,0.2828801424563734,0.32874355924955445,0.3593062096597217,0.364310390244297,0.35175266975881225,0.3962410603537512,0.5683033478984258,0.15145699778369154
liquid_fuels,2020-12-01,False,-0.06310006630120082,-0.11454981578882532,0.20909825558547157,0.020218238064500405,0.03254126831798576,0.03713730470292109,0.03903167800108509,0.042077679521635325,0.04654637315305621,0.04847719604680201,0.05324239814149667,0.05630325385915924,0.06053539738938163,0.06632305863370114,0.07345346952688114,0.07873922515850218,-0.05540603757429885,0.11062187973355542,0.18384944097200773,0.25652509013079694,0.284523419430772,0.23952244339824968,0.28538586019143075,0.315948510601598,0.3209526911861733,0.30839497070068855,0.3528833612956275,0.5249456488403021,0.5615797820200825,0.1529138178846977
liquid_fuels,2021-01-01,False,0.01578997040086766,-0.11998039522569763,0.2764576122314012,0.07027034713802571,0.11104979269352455,0.12127546070637418,0.11996523731118813,0.12159131971285309,0.12650933122530628,0.13001257919212428,0.13558896911203178,0.14746849350927071,0.15400004030230008,0.16238140323738737,0.17531844533144536,0.18532562616031267,0.16602791730785427,0.23925547854630658,0.3119311277050958,0.3399294570050708,0.29492848097254853,0.3407918977657296,0.37135454817589686,0.37635872876047216,0.3638010082749874,0.4082893988699263,0.580351686414601,0.6169858195943814,0.5857644195213512,0.156008659666727
liquid_fuels,2021-02-01,False,0.1930630734457214,0.07080956908447432,0.340166165356228,0.06444370231027996,0.10113254441471486,0.11045458948645415,0.10945261392325367,0.11137172203100665,0.11556887301639485,0.11801535204696378,0.12522195124394475,0.1248544510961036,0.1388778426917172,0.15064374428752636,0.1612621625687769,0.16875106339380608,0.07322756123845231,0.14590321039724152,0.17390153969721656,0.12890056366469427,0.17476398045787533,0.2053266308680426,0.2103308114526179,0.19777309096713314,0.24226148156207206,0.41432376910674673,0.4509579022865271,0.4197365022134969,0.45812639176514036,0.15978693003320318
liquid_fuels,2021-03-01,False,0.27798571357261015,0.1550257445185534,0.3885158123994675,0.06595613059350214,0.10435702741881414,0.11342365426434764,0.11195136969092445,0.11376656814129316,0.11845721978987189,0.12066085392894976,0.12738042853695397,0.12835551916060695,0.1288634165064355,0.14877831220694127,0.16492940826068914,0.17141193131767452,0.07267564915878921,0.10067397845876425,0.05567300242624196,0.10153641921942302,0.13209906962959028,0.13710325021416558,0.12454552972868083,0.16903392032361975,0.3410962078682944,0.3777303410480748,0.3465089409750446,0.38489883052668805,0.49660282010668855,0.16270509385119764
liquid_fuels,2021-04-01,False,0.29636152279750244,0.21057863344480793,0.45511586995511566,0.04339461981866144,0.06934856464927375,0.07706068619903128,0.07674362620520458,0.07850902039942476,0.08237077063019171,0.08520255977842606,0.0906089171480966,0.09258346151060515,0.09450579392342995,0.09784159423684002,0.11414404460663263,0.1236956433368146,0.027998329299975033,-0.017002646732547255,0.02886077006063381,0.05942342047080107,0.06442760105537637,0.05186988056989161,0.09635827116483053,0.2684205587095052,0.3050546918892856,0.2738332918162554,0.31222318136789884,0.42392717094789933,0.7886993251192518,0.16464145794990126
liquid_fuels,2021-05-01,False,0.23169471524606366,0.20289410939708008,0.49717900708291957,0.0069612852143903226,0.01248839545466307,0.016370935887876747,0.019347613560256605,0.02202832964679402,0.024935817813646288,0.02748862344853631,0.030562248695109595,0.033529856493658805,0.03671088012714385,0.0401167240492466,0.0432973733546147,0.046628559603445474,-0.04500097603252229,0.0008624407606587781,0.031425091170826036,0.03642927175540134,0.02387155126991658,0.0683599418648555,0.24042222940953017,0.27705636258931055,0.24583496251628034,0.2842248520679238,0.3959288416479243,0.7607009958192767,0.7153323907894258,0.16424753498843697
liquid_fuels,2021-06-01,False,0.18023961928771648,0.13052748528912222,0.534600137568155,0.020152019983854963,0.03302846627858891,0.03850553030698123,0.04090781367593266,0.04370397174136986,0.046718064694368344,0.049382154307782145,0.05337982314031198,0.05600120020850419,0.05865969802205395,0.06207117244206106,0.06648372302221173,0.07014163251260186,0.04586341679318107,0.07642606720334832,0.08143024778792363,0.06887252730243887,0.11336091789737779,0.28542320544205246,0.32205733862183283,0.29083593854880263,0.3292258281004461,0.4409298176804466,0.805701971851799,0.7603333668219481,0.8460077040993585,0.1679288015517768
liquid_fuels,2021-07-01,False,0.2214772835586096,0.14725401847830413,0.5811255245353368,0.035846991523324157,0.05734463794173639,0.06444939949711603,0.06605768741098483,0.0688293552448167,0.07276175880548852,0.07495397246076418,0.0799251472716982,0.08224039464518196,0.08485550207017489,0.08835181347926468,0.09372455391759882,0.09853911865364307,0.030562650410167258,0.03556683099474256,0.023009110509257802,0.06749750110419672,0.2395597886488714,0.27619392182865177,0.24497252175562156,0.283362411307265,0.3950664008872655,0.759838555058618,0.714469950028767,0.8001442873061775,0.8584424249402689,0.16744254866840094
liquid_fuels,2021-08-01,False,0.20397215129636792,0.14845345049361772,0.6159582899101628,0.023396112012820325,0.03809387769915684,0.04371302675078681,0.04593682494447204,0.04907707623579771,0.05304989259870396,0.056158861191968334,0.060135546133628814,0.06255202550992944,0.06514118417995718,0.06861069357724592,0.07306563134283817,0.07729834137406044,0.005004180584575302,-0.007553539900909456,0.036934850694029464,0.20899713823870414,0.2456312714184845,0.2144098713454543,0.25279976089709777,0.36450375047709827,0.7292759046484507,0.6839072996185998,0.7695816368960102,0.8278797745301016,0.7660898777711669,0.1670612080018483
liquid_fuels,2021-09-01,False,0.12102810485221134,0.1266617694937464,0.6345418099458019,-0.016297852320442452,-0.02379317506522849,-0.022477049319943987,-0.017968924197226066,-0.014203819784926353,-0.0111721721519773,-0.007693218439407623,-0.00546534251716313,-0.0015607545041653736,0.0018847564207558065,0.003997961406603245,0.004982681188935523,0.006863489521873767,-0.012557720485484758,0.03193067010945416,0.20399295765412884,0.2406270908339092,0.209405690760879,0.24779558031252247,0.35949956989252296,0.7242717240638754,0.6789031190340244,0.7645774563114349,0.8228755939455263,0.7610856971865916,0.6094580657622934,0.16651078201371775
liquid_fuels,2021-10-01,False,0.12201049123818897,0.08793084682683959,0.6547445157964994,0.009036778694857972,0.015581446783626163,0.019778859569805185,0.022962521147429804,0.026193442519062415,0.02980545181987626,0.033325983393979186,0.037286579998051295,0.040581567809865327,0.04342349872039275,0.04651381646960928,0.04971016617498503,0.05288226673695018,0.04448839059493892,0.2165506781396136,0.25318481131939397,0.22196341124636376,0.2603533007980072,0.3720572903780077,0.7368294445493602,0.6914608395195092,0.7771351767969197,0.8354333144310111,0.7736434176720763,0.6220157862477782,0.7492519645479172,0.1662711895300901
liquid_fuels,2021-11-01,False,0.20378066569615494,0.10050765471164236,0.6499685686116596,0.053359791654295385,0.08457847045861477,0.0936735945499283,0.0943443569803124,0.09697786860370883,0.10157388678510504,0.10499730058892265,0.11203443113334188,0.11446620431912446,0.11679010400982293,0.119874775724921,0.12646938070041358,0.13277554006757253,0.17206228754467467,0.20869642072445505,0.17747502065142484,0.2158649102030683,0.3275688997830688,0.6923410539544212,0.6469724489245703,0.7326467862019808,0.7909449238360722,0.7291550270771374,0.5775273956528393,0.7047635739529783,0.703169312953686,0.16698924929352116
liquid_fuels,2021-12-01,False,0.24754414629664423,0.2091365013495147,0.6323272949740825,0.011647443288183013,0.019605171014154266,0.023914507309077848,0.026910139812851952,0.03032246146786388,0.034066227686310846,0.037404381601015224,0.04156429893549696,0.045168502431102375,0.04867275117127079,0.05224410798635848,0.055616813107472574,0.05891694776904455,0.03663413317978037,0.005412733106750167,0.04380262265839363,0.15550661223839413,0.5202787664097466,0.4749101613798956,0.5605844986573061,0.6188826362913975,0.5570927395324627,0.4054651081081646,0.5327012864083036,0.5311070254090113,0.48540343709573364,0.16854976132425945
liquid_fuels,2022-01-01,False,0.1672117281537172,0.2041406041885941,0.6230904333023364,-0.03721175650701536,-0.05607506720321176,-0.056492397891396706,-0.05078297320796388,-0.04722629299298564,-0.044668857037059695,-0.04086773004968691,-0.04023437470933189,-0.0362185577796188,-0.032100356866649804,-0.02928338096252947,-0.02843263111576455,-0.026262503009173876,-0.031221400073030203,0.00716848947861326,0.11887247905861376,0.4836446332299662,0.43827602820011524,0.5239503654775257,0.5822485031116171,0.5204586063526824,0.36883097492838424,0.49606715322852324,0.49447289222923096,0.44876930391595327,0.3547109498540726,0.16941623645095213
liquid_fuels,2022-02-01,False,0.23541801257087142,0.14737916146893737,0.612647265710843,0.042537493985762787,0.06783498645965924,0.07592384222004878,0.07736918620910416,0.08039218330740905,0.0851376754301425,0.08855232447966,0.09487094870357193,0.09797418489513987,0.10151800629583718,0.10627166483173145,0.11242126226943228,0.11713108609450007,0.038389889551643464,0.15009387913164396,0.5148660333029964,0.46949742827314545,0.5551717655505559,0.6134699031846473,0.5516800064257126,0.40005237500141444,0.5272885533015534,0.5256942923022612,0.47999070398898347,0.3859323499271028,0.3762526246587754,0.1701523851027724
liquid_fuels,2022-03-01,False,0.29299507005321246,0.15554053411631302,0.5865011167168052,0.07359677138930198,0.11610507337142639,0.1276056274216124,0.1279431752713629,0.1305379725211786,0.13588349883945128,0.13974914114944514,0.14841298540636405,0.151146226042016,0.15425226780717338,0.160333905162803,0.16913611665108874,0.1754289074747497,0.1117039895800005,0.47647614375135294,0.431107538721502,0.5167818759989125,0.5750800136330039,0.5132901168740691,0.361662485449771,0.48889866374991,0.4873044027506177,0.44160081443734,0.34754246037545933,0.33786273510713194,0.28995222098631945,0.17001632985916104
liquid_fuels,2022-04-01,False,0.39046521143784696,0.22122176382352166,0.48754417366865105,0.09391246732347369,0.14759849291461524,0.1604459648471499,0.1604677522375173,0.164069963650614,0.16924701325813096,0.17236122296859513,0.183659916002469,0.18652778888705956,0.1893016538621426,0.19549049335340474,0.20682124815953795,0.21486878668872222,0.36477215417135245,0.3194035491415015,0.40507788641891196,0.4633760240530034,0.4015861272940686,0.24995849586977048,0.3771946741699095,0.3756004131706172,0.3298968248573395,0.23583847079545883,0.22615874552713144,0.17824823140631896,0.10935947778088106,0.16970737272713937
liquid_fuels,2022-05-01,False,0.4797073837036397,0.4650160877346968,0.39415454566592545,-0.005508495290067472,-0.006594500170303164,-0.0031615141531853297,0.0017781229280924293,0.005392554389731075,0.008977131014205497,0.013052720305766208,0.016009085964575398,0.019422743071455528,0.023203080748936955,0.026757012000818037,0.02950211457837426,0.03229664891851325,-0.04536860502985096,0.04030573224755951,0.09860386988165093,0.03681397312271617,-0.11481365830158197,0.012422519998557036,0.010828258999264762,-0.03487532931401294,-0.12893368337589362,-0.138613408644221,-0.1865239227650335,-0.2554126763904714,-0.36187276101235,0.16964111249294797
liquid_fuels,2022-06-01,False,0.40386467652876656,0.3624682650964427,0.2829345046441241,0.011134481105846028,0.01965383472519644,0.02489690191698113,0.028603902189798802,0.032596854391305996,0.03697727500505099,0.04094073145744037,0.04506978613019452,0.04877573641536248,0.05257215141581284,0.0565054681939019,0.06058518903019916,0.06450162554400674,0.08567433727741047,0.1439724749115019,0.08218257815256713,-0.069445053271731,0.057791125028408,0.05619686402911572,0.010493275715838024,-0.08356507834604265,-0.09324480361437004,-0.14115531773518253,-0.21004407136062042,-0.31650415598249904,-0.4130890332188244,0.170402866393005
liquid_fuels,2022-07-01,False,0.47021375860102854,0.37050066939278276,0.16061421126147343,0.04845017561501219,0.07739269705484642,0.08757399763560603,0.08855364217457762,0.0918219924594963,0.09700120567352855,0.10195726436479013,0.10903253191294127,0.11180625441464098,0.11575916748696269,0.12193732747241182,0.1288227810562761,0.13483710523916415,0.05829813763409142,-0.003491759124843341,-0.15511939054914148,-0.027883212249002476,-0.02947747324829475,-0.07518106156157245,-0.16923941562345313,-0.17891914089178051,-0.226829655012593,-0.2957184086380309,-0.4021784932599095,-0.49876337049623487,-0.5497881724670828,0.17214246206434933
liquid_fuels,2022-08-01,False,0.351887021583915,0.3527593115889289,0.05917332290626962,-0.01775077549605797,-0.025090222252190486,-0.022621283928790703,-0.016254336467539154,-0.011173952515450836,-0.007089907809647578,-0.002377518872941131,-0.0006243232310048086,0.0034986284453397687,0.008051925617029276,0.01090985056293281,0.011996322636905532,0.014237241589679428,-0.06178989675893476,-0.2134175281832329,-0.0861813498830939,-0.08777561088238617,-0.13347919919566387,-0.22753755325754454,-0.23721727852587193,-0.2851277926466844,-0.3540165462721223,-0.4604766308940009,-0.5570615081303263,-0.6080863101011742,-0.5450169885142699,0.173910231251272
liquid_fuels,2022-09-01,False,0.17739945145013064,0.23937938357114374,0.001210578094450809,-0.05721594976436073,-0.08604374870512999,-0.08798741445143232,-0.07949746465657004,-0.07460781417810569,-0.07102404193562517,-0.0645231097792136,-0.06371927287131385,-0.06172537609951956,-0.057703052055757986,-0.05419639338125393,-0.05597606664230792,-0.05836970783464679,-0.15162763142429814,-0.024391453124159135,-0.02598571412345141,-0.07168930243672911,-0.16574765649860979,-0.17542738176693717,-0.22333789588774966,-0.29222664951318755,-0.39868673413506617,-0.49527161137139153,-0.5462964133422394,-0.4832270917553352,-0.32073966874002213,0.1763386059827634
liquid_fuels,2022-10-01,False,-0.007158723640076101,0.063042078674717,-0.0714295827652611,-0.06265291375063686,-0.09422458014765489,-0.09582099595103788,-0.08742250227194148,-0.08274486236353695,-0.07913795190642503,-0.0727549023281,-0.07177053676266354,-0.06764690015270247,-0.06516681070014751,-0.06288996701634364,-0.06340209173506128,-0.06507081933629344,0.127236178300139,0.12564191730084673,0.07993832898756903,-0.014120025074311648,-0.023799750342639037,-0.07171026446345152,-0.14059901808888942,-0.24705910271076803,-0.3436439799470934,-0.3946687819179413,-0.33159946033103704,-0.169112037315724,-0.09332210757893833,0.180291450489744
liquid_fuels,2022-11-01,False,0.15988102829406053,0.1379979343046479,-0.13137811783736203,-0.004095425185236756,-0.0046388147316624995,-0.0006761111464319569,0.005088975880275903,0.010393116712205774,0.015299869264072896,0.020520915061195133,0.02479135989912873,0.029401161793882302,0.03389656393938356,0.03745984411436876,0.040730115358875274,0.044153072807208815,-0.001594260999292274,-0.04729784931256997,-0.14135620337445065,-0.15103592864277804,-0.19894644276359053,-0.2678351963890284,-0.37429528101090703,-0.4708801582472324,-0.5219049602180803,-0.45883563863117605,-0.296348215615863,-0.22055828587907733,-0.20430577349629608,0.18444203901784337
liquid_fuels,2022-12-01,False,0.13220989663150315,0.09996799905427439,-0.1844337083542497,0.0020712457253182492,0.005531876787205903,0.009757033339424126,0.01486363730987783,0.02013131240912802,0.02550467320075267,0.030629131206330484,0.03566487058698353,0.04058247937633919,0.04521372006453639,0.049494963385996904,0.0531365212119832,0.05702787565539236,-0.0457035883132777,-0.13976194237515838,-0.14944166764348576,-0.19735218176429825,-0.26624093538973614,-0.37270102001161476,-0.4692858972479401,-0.520310699218788,-0.45724137763188377,-0.2947539546165707,-0.21896402487978506,-0.2027115124970038,-0.26364150580022194,0.1871023185507494
liquid_fuels,2023-01-01,False,-0.023305121044346788,0.025264279092057175,-0.2251413741725262,-0.04829582802907595,-0.07211856935700744,-0.07273671875947851,-0.06634458733349113,-0.06177956757328751,-0.057424828238809233,-0.05204968423149303,-0.05096033363417529,-0.0463843612305217,-0.04061641092937052,-0.036616536779431996,-0.03684179681549882,-0.03839737373656149,-0.09405835406188068,-0.10373807933020807,-0.15164859345102055,-0.22053734707645845,-0.32699743169833706,-0.4235823089346624,-0.47460711090551033,-0.4115377893186061,-0.24905036630329302,-0.17326043656650736,-0.1570079241837261,-0.21793791748694424,-0.26470520692938315,0.1888920300047686
liquid_fuels,2023-02-01,False,-0.07648104772720729,-0.0838463327424964,-0.2642832960338084,-0.013710962154502404,-0.01886498512282664,-0.015754936611438453,-0.009917875443487212,-0.005690028082173448,-0.0010046291449850031,0.0046183925243497015,0.008515360929923332,0.013509093804643157,0.019151777756221122,0.023664868252325277,0.026618914696884488,0.029481199768128796,-0.009679725268327388,-0.057590239389139875,-0.12647899301457777,-0.23293907763645638,-0.32952395487278174,-0.38054875684362965,-0.3174794352567254,-0.15499201224141235,-0.07920208250462668,-0.06294957012184543,-0.12387956342506357,-0.17064685286750247,-0.20158854775237955,0.19156933371365048
liquid_fuels,2023-03-01,False,-0.06825190310195411,-0.10804334255954268,-0.28445396780712917,0.006434312934339381,0.012065132757296482,0.01704471249355155,0.022072067005804996,0.027181711654795215,0.031847989475514815,0.036813453668741225,0.04233147569527507,0.04804437435639208,0.053333832756512045,0.05870323307251901,0.06366273755911322,0.06827560179177716,-0.047910514120812486,-0.11679926774625038,-0.223259352368129,-0.31984422960445436,-0.37086903157530227,-0.307799709988398,-0.14531228697308496,-0.06952235723629929,-0.053269844853518045,-0.11419983815673618,-0.16096712759917509,-0.19190882248405217,-0.14103649211029623,0.19318386144869235
liquid_fuels,2023-04-01,False,-0.1368239926653328,-0.13766823225524924,-0.272248436680939,-0.01746476479323178,-0.02468740487970411,-0.022423265062998077,-0.01669349760103689,-0.011912628339249665,-0.007347945799922151,-0.002600069445321651,0.0010179793534179638,0.006377300039305034,0.011977845640411822,0.016739527856723946,0.020090757456560304,0.023002449711782447,-0.06888875362543789,-0.1753488382473165,-0.27193371548364187,-0.3229585174544898,-0.2598891958675855,-0.09740177285227247,-0.021611843115486806,-0.005359330732705558,-0.06628932403592369,-0.1130566134783626,-0.14399830836323968,-0.09312597798948374,-0.155852807897789,0.19392146681001365
liquid_fuels,2023-05-01,False,-0.12194792664583484,-0.18566347056770466,-0.24644363405147643,0.02141106883907451,0.03512025795508755,0.041778031307128316,0.04582382870768864,0.05071041093205597,0.05632755104585563,0.061358265888905805,0.06735040895099509,0.07256300790047021,0.07764372616529336,0.08395929898719423,0.09065508208029271,0.09707581176868363,-0.10646008462187861,-0.20304496185820398,-0.2540697638290519,-0.19100044224214763,-0.02851301922683458,0.04727691050995109,0.06352942289273233,0.0025994295895142017,-0.04416785985292471,-0.07510955473780179,-0.02423722436404585,-0.0869640542723511,-0.072867401332112,0.19349855566215635
liquid_fuels,2023-06-01,False,-0.27033148442009275,-0.2535958103092306,-0.20381891801859114,-0.02762078690122216,-0.04051485986074432,-0.039451057968440395,-0.03371371326325079,-0.029576928695322913,-0.025208808108208025,-0.020009023247358648,-0.01748306913243436,-0.013047423557810411,-0.006713611880796222,-0.0013958808354566088,0.0005533673190480926,0.003261887699467003,-0.09658487723632536,-0.14760967920717327,-0.08454035762026901,0.07794706539504404,0.1537369951318297,0.16998950751461095,0.10905951421139282,0.06229222476895391,0.03135052988407683,0.08222286025783276,0.019496030349527516,0.03359268328976661,-0.028187421069136853,0.1930481108615948
liquid_fuels,2023-07-01,False,-0.31025934147674594,-0.2991750852585064,-0.15128259644979983,-0.023682541619225894,-0.03451813164404083,-0.033299804715531955,-0.02774164889426345,-0.023679308769002816,-0.01973802361246335,-0.014356598871647641,-0.011558059449050084,-0.006936138217040977,-0.0014304368460873462,0.003990544767440873,0.007449550313204156,0.010108650952232345,-0.05102480197084791,0.012044519616056348,0.1745319426313694,0.25032187236815506,0.2665743847509363,0.20564439144771818,0.15887710200527927,0.1279354071204022,0.17880773749415813,0.11608090758585288,0.13017756052609197,0.06839745616718851,0.01141420128444004,0.19271076316986338
liquid_fuels,2023-08-01,False,-0.2334448474003583,-0.3033720961329964,-0.1069887037896466,0.02608837737924663,0.04200350399870789,0.048498305690079846,0.052388327041973604,0.05724318877253598,0.06282037553832076,0.06740338620369712,0.07377836628940049,0.07974994674095814,0.08486115704220687,0.08960289398816101,0.09578572766724136,0.10239841001399252,0.06306932158690426,0.2255567446022173,0.301346674339003,0.3175991867217842,0.2566691934185661,0.20990190397612718,0.1789602090912501,0.22983253946500604,0.1671057095567008,0.18120236249693988,0.11942225813803642,0.06243900325528795,0.12358273962229571,0.19357931019515787
liquid_fuels,2023-09-01,False,-0.12189729552428674,-0.21830092683842134,-0.10675211065000235,0.042698840421499185,0.06748595081899555,0.0756879801019057,0.07847257554812792,0.0839489623787868,0.08966188918653728,0.09446661342660967,0.10237435128441419,0.10777997724477117,0.11287524280496264,0.11868418871819042,0.12568558332195234,0.13234383513622738,0.16248742301531305,0.23827735275209871,0.25452986513487996,0.19359987183166183,0.14683258238922292,0.11589088750434584,0.16676321787810178,0.10403638796979653,0.11813304091003562,0.05635293655113216,-0.0006303183316163086,0.06051341803539145,-0.015238390104932442,0.19428551277006179
liquid_fuels,2023-10-01,False,0.06407173978137541,-0.04032910392127259,-0.10994838698018325,0.048528634951402694,0.0763182911316127,0.08472664755357773,0.08721646811472628,0.09248566859435492,0.09848543725622427,0.10297630255237777,0.11150703326786626,0.11722460711894822,0.1215194721752848,0.12750297032384772,0.13555237261322262,0.1424868628735343,0.07578992973678567,0.09204244211956691,0.03111244881634878,-0.015654840626090127,-0.04659653551096721,0.004275794862788729,-0.05845103504551652,-0.04435438210527742,-0.10613448646418089,-0.16311774134692936,-0.1019740049799216,-0.1777258131202455,-0.21886775645142098,0.19418800899494795
liquid_fuels,2023-11-01,False,0.08390626322485677,0.05040517166376146,-0.11407462894721199,0.005131916899023814,0.009967017925283983,0.014141995487507941,0.01796402929983909,0.021800007714420033,0.02591062834480251,0.030412676090919355,0.035122782920350204,0.04009415733966559,0.04497100088235051,0.04993307719621409,0.05518357669101803,0.0604134665110152,0.016252512382781248,-0.044677480920436885,-0.0914447703628758,-0.12238646524775287,-0.07151413487399694,-0.13424096478230219,-0.12014431184206309,-0.18192441620096655,-0.23890767108371502,-0.17776393471670726,-0.25351574285703116,-0.29465768618820665,-0.2618678633652154,0.19370168053595088
liquid_fuels,2023-12-01,False,0.04261121531275894,0.0804600720743398,-0.11440094201281432,-0.03882541688563279,-0.05780194230184588,-0.05795597333689173,-0.051981393693893985,-0.04877470030882858,-0.046676610702040655,-0.04290184876518488,-0.04181676144666291,-0.037949364524861195,-0.032644150184395926,-0.028394689313735455,-0.026163310740639822,-0.023248497489652742,-0.06092999330321813,-0.10769728274565704,-0.13863897763053412,-0.08776664725677819,-0.15049347716508343,-0.13639682422484434,-0.1981769285837478,-0.25516018346649627,-0.1940164470994885,-0.2697682552398124,-0.3109101985709879,-0.27812037574799664,-0.31024375402782756,0.1943827445350275
liquid_fuels,2024-01-01,False,-0.005080503959244059,0.036213815766156655,-0.11439943221013228,-0.04088349821922943,-0.060953289923019405,-0.061208449928583875,-0.055070312275113054,-0.0516950053389893,-0.04911540391759228,-0.045664021271355715,-0.04534594073443898,-0.0416440092248207,-0.0364673860301572,-0.032328817707509394,-0.030607375162594153,-0.027755108754806024,-0.04676728944243891,-0.07770898432731599,-0.026836653953560052,-0.0895634838618653,-0.0754668309216262,-0.13724693528052967,-0.19423019016327814,-0.13308645379627038,-0.20883826193659427,-0.24998020526776976,-0.2171903824447785,-0.24931376072460942,-0.22821871348625677,0.1952735370411345
liquid_fuels,2024-02-01,False,0.035150788805375414,0.00796599337298142,-0.10335158924887207,0.0013064246296359272,0.0039217991266404795,0.007959757052703686,0.012546561484969132,0.016941476333113492,0.020977122464015174,0.024873035466438154,0.02857088592592749,0.032754987594609375,0.03747070152931098,0.04211912054148037,0.04673951608058058,0.05135873164206206,-0.03094169488487708,0.019930635488878856,-0.04279619441942639,-0.028699541479187296,-0.09047964583809076,-0.14746290072083923,-0.08631916435383147,-0.16207097249415536,-0.20321291582533085,-0.1704230930023396,-0.20254647128217051,-0.18145142404381787,-0.10065632750023834,0.1953104009391457
liquid_fuels,2024-03-01,False,0.05620388813092678,-0.00768643292415607,-0.105966517145155,0.023880170389650957,0.038815688698314865,0.04507828089615806,0.04850451495136454,0.05328931438047757,0.058555096885964275,0.06268647245762793,0.06830483995219261,0.07284626875679745,0.07694494625035464,0.08202495813597288,0.08796243653659985,0.09392852114820371,0.050872330373755936,-0.011854499534549312,0.002242153405689784,-0.05953795095321368,-0.11652120583596215,-0.05537746946895439,-0.13112927760927828,-0.17227122094045377,-0.13948139811746252,-0.17160477639729343,-0.15050972915894079,-0.06971463261536126,-0.07152131784031024,0.19526993609981916
liquid_fuels,2024-04-01,False,0.09628908481069573,0.04100719685433383,-0.1102759063410197,0.018724448573014918,0.030791203088091024,0.036525415076650525,0.04007183185211716,0.04460962325639084,0.049611725126002426,0.0542312174967261,0.05963817069080246,0.06399097331423143,0.06793808175358951,0.07246434948816471,0.07810370322117954,0.08349702965733741,-0.06272682990830525,-0.04863017696806615,-0.11041028132696962,-0.16739353620971809,-0.10624979984271032,-0.18200160798303422,-0.2231435513142097,-0.19035372849121845,-0.22247710677104937,-0.20138205953269672,-0.1205869629891172,-0.12239364821406618,-0.20072995647730973,0.19539041285423248
liquid_fuels,2024-05-01,False,0.04969278799086089,-0.018008365108926973,-0.13249073048394747,0.02616097223669822,0.0424460879494486,0.04899831157044687,0.052291463534688276,0.056849082604845336,0.06186806742655371,0.06639096372268671,0.07297006303108855,0.07770080993731021,0.0815683052267051,0.08609747408359691,0.09176854282001123,0.09773466370586181,0.014096652940239096,-0.04768345141866437,-0.10466670630141284,-0.043522969934405076,-0.11927477807472897,-0.16041672140590446,-0.1276268985829132,-0.15975027686274412,-0.13865522962439147,-0.05786013308081195,-0.05966681830576093,-0.1380031265690045,-0.21875229841886767,0.19511432599979953
liquid_fuels,2024-06-01,False,-0.03135920579754854,-0.015142332807076858,-0.1551672687970224,-0.025325125596556752,-0.03708402500137975,-0.03585148462505483,-0.030477733512651817,-0.026816899114282755,-0.02354708496735558,-0.01912796869653466,-0.016940857409134757,-0.01300240589794388,-0.00846542907735337,-0.004919419607396058,-0.003127707789725598,-0.0007742208032670561,-0.061780104358903465,-0.11876335924165193,-0.05761962287464417,-0.13337143101496807,-0.17451337434614356,-0.1417235515231523,-0.17384692980298322,-0.15275188256463057,-0.07195678602105104,-0.07376347124600002,-0.15209977950924358,-0.23284895135910677,-0.2791334234762459,0.19480143209235432
liquid_fuels,2024-07-01,False,-0.07947889730774386,-0.08068390949086965,-0.17376893934920734,-0.01457707755833848,-0.020524300116465,-0.018279257288449813,-0.013249914658570283,-0.009429836644155642,-0.005834606388510188,-0.0016559136796168161,0.0014083065939454187,0.005800231545316947,0.010494351525354162,0.014387101476138753,0.017097596546239657,0.01984183236081627,-0.05698325488274847,0.004160481484259293,-0.0715913266560646,-0.11273326998724009,-0.07994344716424884,-0.11206682544407975,-0.0909717782057271,-0.01017668166214758,-0.011983366887096558,-0.09031967515034012,-0.1710688470002033,-0.21735331911734246,-0.23678591865721899,0.19433826984301536
liquid_fuels,2024-08-01,False,-0.08221555770760137,-0.13335404398619427,-0.1904748124586682,0.016121676283090913,0.026665821107047627,0.03190175944820073,0.03558292815379893,0.04013423387040849,0.04488595286839736,0.0491973999331039,0.0544486152617738,0.05906862083772957,0.06358636686672092,0.06861453851293664,0.07371805216086802,0.07849502676838238,0.06114373636700776,-0.014608071773316134,-0.055750015104491624,-0.02296019228150037,-0.055083570561331285,-0.03398852332297864,0.04680657322060089,0.04499988799565191,-0.03333642026759165,-0.11408559211745484,-0.160370064234594,-0.17980266377447052,-0.07935988074362488,0.19416629879372643
liquid_fuels,2024-09-01,False,-0.06714200508576224,-0.06847870215571195,-0.18357565017924876,-0.014180955710139997,-0.02005160091356384,-0.017947907866067148,-0.013186538045190765,-0.009391306368128127,-0.005761417957910631,-0.0016929011293074225,0.001188618043069134,0.005396172491114015,0.010277428056593152,0.014587207611155506,0.017701772521681036,0.02070803933210552,-0.0757518081403239,-0.11689375147149939,-0.08410392864850813,-0.11622730692833905,-0.0951322596899864,-0.014337163146406873,-0.01614384837135585,-0.09448015663459941,-0.1752293284844626,-0.22151380060160175,-0.24094640014147828,-0.14050361711063264,-0.1611940103680789,0.19386870835743003
liquid_fuels,2024-10-01,False,-0.16120705341052133,-0.11738012044088353,-0.16417908052444313,-0.0417867557701852,-0.06228144366633703,-0.06301325950538228,-0.05730009135199676,-0.053921725547628974,-0.05153184225316032,-0.04760895681286215,-0.04714721536372757,-0.043467200841528,-0.03832988707817808,-0.03421125070937592,-0.03271796823092288,-0.03152050746465829,-0.04114194333117549,-0.008352120508184235,-0.04047549878801515,-0.019380451549662503,0.06141464499391702,0.059607959768968044,-0.018728348494275515,-0.0994775203441387,-0.14576199246127786,-0.16519459200115438,-0.06475180897030874,-0.085442202227755,-0.0994775203441387,0.19335828628923835
liquid_fuels,2024-11-01,False,-0.11548592215304394,-0.12917469375708118,-0.14458555810593063,-0.006170951553611914,-0.007830780055193998,-0.00490453027942106,-0.0006751501148114514,0.003053662681524294,0.006793754396816176,0.010892214345266105,0.01448729580290653,0.018711117120637333,0.023202681340593223,0.027432081659829244,0.03129253063087134,0.03527190829034943,0.032789822822991255,0.0006664445431603383,0.021761491781512987,0.10255658832509251,0.10074990310014353,0.022413594836899975,-0.05833557701296321,-0.10462004913010237,-0.1240526486699789,-0.023609865639133254,-0.044300258896579514,-0.05833557701296321,-0.018163970627671056,0.1932615719176651
liquid_fuels,2024-12-01,False,-0.05861743088549339,-0.08034043009919586,-0.11906450491786187,-0.0009222630537166765,0.00023425159358136938,0.003379004271188535,0.007443017240587935,0.011219886232310294,0.015000109486611457,0.019010693951872604,0.022910350050039163,0.027334031199264253,0.03177144934141296,0.036075939504432775,0.04005031361846445,0.04422251268369326,-0.032123378279830916,-0.011028331041478268,0.06976676550210126,0.06796008027715228,-0.01037622798609128,-0.09112539983595447,-0.13740987195309362,-0.15684247149297015,-0.05639968846212451,-0.07709008171957077,-0.09112539983595447,-0.05095379345066231,0.02106684996771957,0.19328658046502492
liquid_fuels,2025-01-01,False,-0.07737400938112983,-0.09312743474320073,-0.10092636549226859,-0.004429759773065811,-0.005021780083203531,-0.002187488860098341,0.001702771002642045,0.005460226448978922,0.009077630055776886,0.012950947883446418,0.016456755186167626,0.02067257893678498,0.025211795205169807,0.029415841627519868,0.033180558513435265,0.03701154471083967,0.02109504723835265,0.10189014378193217,0.1000834585569832,0.021747150293739637,-0.05900202155612355,-0.1052864936732627,-0.12471909321313923,-0.024276310182293592,-0.04496670343973985,-0.05900202155612355,-0.018830415170831394,0.053190228247550486,0.05382174074090962,0.19311530363238977
liquid_fuels,2025-02-01,False,0.006640637060361968,-0.06099547766646028,-0.10140533581489812,0.027716693380313906,0.04422354891053537,0.0503852820895796,0.05310310163567067,0.05714477568786336,0.06187843895505463,0.06593292866723921,0.07181935903664804,0.07635923210982298,0.08066450485752075,0.08571830746007159,0.09175409388438194,0.09745450818699286,0.08079509654357953,0.07898841131863055,0.0006521030553869878,-0.0800970687944762,-0.12638154091161535,-0.14581414045149188,-0.04537135742064624,-0.0660617506780925,-0.0800970687944762,-0.03992546240918404,0.03209518100919784,0.03272669350255697,0.007797310460031959,0.19277502476616182
liquid_fuels,2025-03-01,False,0.040159736333897404,0.024104889224483807,-0.095274220315254,-0.0038839957100442746,-0.004221488289967823,-0.001356083060817248,0.0026490059408308397,0.006169193660482186,0.009514836673389482,0.01336388629845775,0.016754814915486804,0.02074279973020765,0.024999722306332295,0.02917409814718308,0.03301846792879992,0.036859443015294424,-0.0018066852249489784,-0.08014299348819254,-0.16089216533805573,-0.20717663745519488,-0.2266092369950714,-0.12616645396422577,-0.14685684722167203,-0.16089216533805573,-0.12072055895276357,-0.04869991553438169,-0.048068403041022556,-0.07299778608354757,-0.05567300242624196,0.19253449914758725
liquid_fuels,2025-04-01,False,0.014069821528539698,0.027705988918860138,-0.004166889720980224,-0.022241066444389723,-0.032309314384947996,-0.031109852626443057,-0.026506999243001594,-0.02314251909584275,-0.020372338572511417,-0.01707148647493728,-0.015093653555031672,-0.011408969678281977,-0.007156171596106375,-0.00347631436505047,-0.001076550409115029,0.0017214748023137716,-0.07833630826324356,-0.15908548011310675,-0.2053699522302459,-0.22480255177012243,-0.12435976873927679,-0.14505016199672305,-0.15908548011310675,-0.11891387372781459,-0.04689323030943271,-0.04626171781607358,-0.07119110085859859,-0.05386631720129298,0.5910630544466651,0.19239101093903144
liquid_fuels,2025-05-01,False,-0.05894101959674439,-0.030969181728213772,0.10672168340017002,-0.03109185604406406,-0.04580343693798561,-0.04534900600937064,-0.040297471012515906,-0.037151233393381666,-0.03458920440553115,-0.031318996554813516,-0.030404297296694693,-0.026747448605819457,-0.02255778591684976,-0.019233560509760217,-0.017322792151536426,-0.015215293766607019,-0.08074917184986319,-0.12703364396700234,-0.14646624350687887,-0.04602346047603323,-0.06671385373347949,-0.08074917184986319,-0.04057756546457103,0.03144307795381085,0.03207459044716998,0.007145207404644971,0.02446999106195058,0.6693993627099086,0.7504685537418991,0.19246597642800187
liquid_fuels,2025-06-01,False,-0.12270113219024634,-0.09134043047864931,0.18398324626081036,-0.033045854473177094,-0.04893445905819149,-0.04865384900279501,-0.04331689894689461,-0.04017702347318686,-0.037768796334061605,-0.034439912021523966,-0.03368857302183148,-0.030377781058403386,-0.02597710802257236,-0.02290919740811148,-0.021334190383782925,-0.01903647045859902,-0.04628447211713915,-0.06571707165701568,0.03472571137382996,0.0140353181163837,0.0,0.04017160638529216,0.11219224980367404,0.11282376229703317,0.08789437925450816,0.10521916291181377,0.7501485345597718,0.8312177255917623,0.6247851045269517,0.19241516876356304
liquid_fuels,2025-07-01,False,-0.04973294700586614,-0.12142253780613763,0.23291024280855946,0.030750498635692125,0.04875903109637747,0.05497395612637579,0.057524155535289445,0.061664852358717326,0.06657408592852665,0.0705133965974758,0.07661138799081613,0.08091721368176863,0.08445309491216779,0.08904972024334068,0.09498032363208164,0.10037105735178198,-0.019432599539876527,0.08101018349096911,0.06031979023352285,0.04628447211713915,0.08645607850243131,0.1584767219208132,0.15910823441417232,0.1341788513716473,0.15150363502895292,0.796433006676911,0.8775021977089015,0.6710695766440908,0.4472636796558582,0.19213023096740947
liquid_fuels,2025-08-01,False,-0.0667369448881757,-0.11948668494920078,0.2718440532727754,0.019154973856352342,0.031142456948013653,0.03610178822545773,0.038963925531618315,0.0428417985815992,0.04724226451097646,0.051311501084045474,0.05636353218776158,0.06056988623383308,0.06431701957134717,0.06837743303953125,0.07336136143344785,0.07826681438306338,0.10044278303084564,0.07975238977339938,0.06571707165701568,0.10588867804230784,0.17790932146068972,0.17854083395404885,0.15361145091152384,0.17093623456882945,0.8158656062167875,0.896934797248778,0.6905021761839674,0.46669627919573475,0.4562299610083116,0.1917634075562987
liquid_fuels,2025-09-01,False,-0.028514971419120343,-0.021385170617022334,0.31732750775363827,-0.01749531734926979,-0.025383909349333322,-0.023914391599235252,-0.019754735942867363,-0.01643610934303652,-0.01329859910788489,-0.009725063870569706,-0.007610767222175241,-0.004144366026359592,-0.00012931375018077063,0.003265288936013633,0.005535841209975523,0.008327757498101995,-0.02069039325744626,-0.03472571137382996,0.0054458950114621985,0.07746653842984408,0.07809805092320321,0.0531686678806782,0.07049345153798381,0.7154228231859419,0.7964920142179324,0.5900593931531217,0.3662534961648891,0.35578717797746595,0.47765347530613944,0.191436513722987
liquid_fuels,2025-10-01,False,-0.026752316263461993,-0.036771992475788204,,-0.006798875515657166,-0.008839883125648207,-0.006430829819162653,-0.002549335560561694,0.0006559401904704387,0.0038936275844383417,0.007549270622972948,0.010672933263022877,0.014452516767257784,0.018319635868925488,0.022007294180256487,0.025022588399351342,0.028101431889118622,-0.0140353181163837,0.02613628826890846,0.09815693168729034,0.09878844418064947,0.07385906113812446,0.09118384479543007,0.7361132164433881,0.8171824074753786,0.610749786410568,0.3869438894223354,0.3764775712349122,0.4983438685635857,,0.19113622751226955
liquid_fuels,2025-11-01,False,-0.05131236682961516,-0.04209327091154096,,-0.018590254860301414,-0.026960135259273876,-0.025595166197801333,-0.021298902181257517,-0.0181094760256979,-0.015526440515784223,-0.0122661372143833,-0.010124179704677161,-0.006437146043183795,-0.002443012670164002,0.0009195995778190635,0.0032173023632342534,0.005641381349917651,0.04017160638529216,0.11219224980367404,0.11282376229703317,0.08789437925450816,0.10521916291181377,0.7501485345597718,0.8312177255917623,0.6247851045269517,0.4009792075387191,0.3905128893512959,0.5123791866799694,,,0.19066264572520922
liquid_fuels,2025-12-01,False,-0.0042393355166156525,-0.0036141896129400926,,-0.013116823219510465,-0.018695855688250163,-0.01682935755868975,-0.012701749903136772,-0.009532734434539059,-0.006575150909410965,-0.003488333178519376,-0.0011800609962033803,0.0025346380454509543,0.006638213170451657,0.010217262257990356,0.012782561599367526,0.01560454375112208,0.07202064341838188,0.07265215591174101,0.047722772869216,0.06504755652652161,0.7099769281744797,0.7910461192064702,0.5846134981416595,0.3608076011534269,0.35034128296600375,0.47220758029467724,,,,0.19020341940265434
liquid_fuels,2026-01-01,False,0.06644613500951431,0.05942771784016605,,-0.00828590259991735,-0.011234245337454318,-0.009024247717293044,-0.005089193546538695,-0.0018289688605426235,0.0011841664345784153,0.004565428952407302,0.007022966886095716,0.01055200112628718,0.014552896935692061,0.018305142471136904,0.021342668212309235,0.024337325899701057,0.0006315124933591321,-0.02429787054916588,-0.0069730868918602695,0.6379562847560978,0.7190254757880883,0.5125928547232776,0.28878695773504504,0.2783206395476219,0.40018693687629536,,,,,0.1897838556625444
liquid_fuels,2026-02-01,False,0.12095629303973382,0.06437018513852044,,0.022377000005564085,0.036061605468091784,0.04134290108963512,0.043959009385716286,0.047681061205183006,0.05188353570278181,0.05544489865363644,0.06046904616019155,0.0644101135734294,0.06810239451894251,0.07240903982905156,0.07758018937100708,0.08257467945781372,-0.02492938304252501,-0.007604599385219402,0.6373247722627386,0.7183939632947292,0.5119613422299185,0.2881554452416859,0.27768912705426274,0.39955542438293623,,,,,,0.18932754859891468
liquid_fuels,2026-03-01,False,0.13047121815887,0.04806227380610419,,0.03819850410395009,0.06055283026119529,0.06749805721599067,0.06953515242478403,0.07347699209387137,0.07824449838994951,0.08213602008969367,0.08828176827952827,0.0924882246429437,0.09606929946818799,0.10058610982289018,0.10671775121412708,0.11260976277840129,0.01732478365730561,0.6622541553052637,0.7433233463372542,0.5368907252724435,0.3130848282842109,0.30261851009678775,0.42448480742546124,,,,,,,0.1890174218512933
liquid_fuels,2026-04-01,False,0.3394560243017819,0.06171525556943019,,0.1595834880218412,0.24725175103622554,0.2659842790360152,0.26301385095061125,0.26888283178047434,0.27835454124952186,0.2835746558533945,0.2996445709769979,0.3056089004325573,0.3084448449983359,0.3161311172380543,0.33060035225118334,0.3432681452831563,0.644929371647958,0.7259985626799486,0.5195659416151379,0.2957600446269053,0.28529372643948214,0.40716002376815563,,,,,,,,0.18879512480215208
liquid_fuels,2026-05-01,False,0.7636810859381886,0.5501205126415918,,0.13455287771566393,0.19725139230932953,0.21144633329412255,0.2077844911317781,0.21277133120541514,0.2204009833640299,0.22627705690853972,0.238605212406652,0.24739376337009933,0.25123298846390885,0.252348025444757,0.26470860063154067,0.2762026560038109,0.0810691910319905,-0.12536343003282013,-0.34916932702105274,-0.3596356452084759,-0.23776934787980242,,,,,,,,,0.18834498831283206
liquid_fuels,2026-06-01,False,0.5432436415044556,0.5325100862650958,,-0.008467567504681028,-0.010202693800632545,-0.006459420624899792,-0.0018684252026810455,0.001980960114567054,0.0053065739382880395,0.008610163857612818,0.011103411469209234,0.014353007932389694,0.017618569512794835,0.021326469035023443,0.024634619956581005,0.02721912829348838,-0.20643262106481064,-0.43023851805304325,-0.4407048362404664,-0.3188385389117929,,,,,,,,,,0.18824296796637316
liquid_fuels,2026-07-01,False,0.15548040022571527,0.29544746281341083,,-0.11127122509674692,-0.16277425678630397,-0.16957508219401518,-0.1553507789690407,-0.14976134188135948,-0.14757422189958636,-0.14517960466171154,-0.1500310471957187,-0.1509273536579565,-0.15006358509162876,-0.14746337205321058,-0.14691807761527098,-0.14662127223032595,-0.2238058969882326,-0.23427221517565577,-0.11240591784698228,,,,,,,,,,,0.1889829551477972
liquid_fuels,2026-08-01,False,0.012155670320677419,0.06665465666502063,,-0.05416841849624454,-0.07767713269507848,-0.07480800735342807,-0.06810294712781406,-0.06321935986314742,-0.0600337401014448,-0.056492555805781386,-0.056787187396802,-0.0551724507957454,-0.0532633201160051,-0.049951782850278015,-0.048596222621776874,-0.04692375275213401,-0.010466318187423163,0.11139997914125033,,,,,,,,,,,,0.18953602882988566
liquid_fuels,2026-09-01,False,0.1041872623379693,0.0298119029759911,,0.032909992461476634,0.050946787901323454,0.0563784095392581,0.05903530168089777,0.06595686637900755,0.07064014461876589,0.07440988451243591,0.08013124943802552,0.08495859067460643,0.08938140438617648,0.0932084052341624,0.09774491471847035,0.10254939515222361,0.12186629732867349,,,,,,,,,,,,,0.19051297813597984
solid_fuels,2008-01-01,False,0.040832612993212704,0.040832612993212704,0.17351561747182007,0.0,0.0,0.0,0.0,0.0,0.0,0.0,0.0,0.0,0.0,0.0,0.0,0.0,0.01968269445842541,0.03160533941533128,0.03603993648319648,0.04045495469231408,0.04338750811359127,0.06367805930332526,0.08356507834604177,0.09336221759102514,0.104442663367597,0.19019061631045542,0.27962215547468094,0.2876820724517808,0.2968145560150539,0.030836910393492522
solid_fuels,2008-02-01,False,0.05271464649039063,0.05271464649039063,0.19005372296255083,0.0,0.0,0.0,0.0,0.0,0.0,0.0,0.0,0.0,0.0,0.0,0.0,0.0,0.01192264495690587,0.016357242024771068,0.020772260233888673,0.023704813655165857,0.043995364844899854,0.06388238388761636,0.07367952313259973,0.08475996890917159,0.17050792185203,0.25993946101625554,0.2679993779933554,0.2771318615566285,0.2884314168105613,0.030861186707446076
solid_fuels,2008-03-01,False,0.05676633385060898,0.05676633385060898,0.20575180860234038,0.0,0.0,0.0,0.0,0.0,0.0,0.0,0.0,0.0,0.0,0.0,0.0,0.0,0.004434597067865198,0.008849615276982803,0.011782168698259987,0.03207271988799398,0.051959738930710486,0.06175687817569386,0.07283732395226572,0.15858527689512414,0.24801681605934967,0.2560767330364495,0.26520921659972263,0.2765087718536554,0.27763173659827967,0.030944155505396368
solid_fuels,2008-04-01,False,0.053650777895434834,0.053650777895434834,0.22018350968573283,0.0,0.0,0.0,0.0,0.0,0.0,0.0,0.0,0.0,0.0,0.0,0.0,0.0,0.004415018209117605,0.007347571630394789,0.027638122820128785,0.04752514186284529,0.057322281107828665,0.06840272688440052,0.15415067982725894,0.24358221899148447,0.2516421359685843,0.26077461953185743,0.2720741747857902,0.27319713953041447,0.2720741747857902,0.03103283792860293
solid_fuels,2008-05-01,False,0.05018614544018226,0.05018614544018226,0.23373811774560588,0.0,0.0,0.0,0.0,0.0,0.0,0.0,0.0,0.0,0.0,0.0,0.0,0.0,0.002932553421277184,0.02322310461101118,0.04311012365372768,0.05290726289871106,0.06398770867528292,0.14973566161814134,0.23916720078236686,0.2472271177594667,0.2563596013227398,0.2676591565766726,0.26878212132129686,0.2676591565766726,0.2676591565766726,0.03114935079747734
solid_fuels,2008-06-01,False,0.04479012230592537,0.04479012230592537,0.24184417577759387,0.0,0.0,0.0,0.0,0.0,0.0,0.0,0.0,0.0,0.0,0.0,0.0,0.0,0.020290551189733996,0.0401775702324505,0.049974709477433876,0.06105515525400573,0.14680310819686415,0.23623464736108968,0.24429456433818952,0.25342704790146264,0.2647266031553954,0.2658495679000197,0.2647266031553954,0.2647266031553954,0.24772902678682485,0.03128413042214108
solid_fuels,2008-07-01,False,0.053157650465204875,0.053157650465204875,0.24552186385375274,0.0,0.0,0.0,0.0,0.0,0.0,0.0,0.0,0.0,0.0,0.0,0.0,0.0,0.019887019042716503,0.02968415828769988,0.04076460406427174,0.12651255700713016,0.21594409617135568,0.22400401314845553,0.23313649671172865,0.24443605196566143,0.24555901671028568,0.24443605196566143,0.24443605196566143,0.22743847559709085,0.2194063038998264,0.0316425739262152
solid_fuels,2008-08-01,False,0.059394717418228736,0.059394717418228736,0.2467474519796689,0.0,0.0,0.0,0.0,0.0,0.0,0.0,0.0,0.0,0.0,0.0,0.0,0.0,0.009797139244983377,0.020877585021555234,0.10662553796441365,0.19605707712863918,0.20411699410573902,0.21324947766901214,0.22454903292294492,0.22567199766756918,0.22454903292294492,0.22454903292294492,0.20755145655437435,0.1995192848571099,0.1914220746244899,0.03228977755024462
solid_fuels,2008-09-01,False,0.05584844148952765,0.05584844148952765,0.24679493971395272,0.0,0.0,0.0,0.0,0.0,0.0,0.0,0.0,0.0,0.0,0.0,0.0,0.0,0.011080445776571857,0.09682839871943028,0.1862599378836558,0.19431985486075565,0.20345233842402877,0.21475189367796155,0.2158748584225858,0.21475189367796155,0.21475189367796155,0.19775431730939097,0.18972214561212652,0.18162493537950652,0.18741533951421108,0.033073030769816956
solid_fuels,2008-10-01,False,0.05351895816676045,0.05351895816676045,0.233875140103677,0.0,0.0,0.0,0.0,0.0,0.0,0.0,0.0,0.0,0.0,0.0,0.0,0.0,0.08574795294285842,0.17517949210708395,0.1832394090841838,0.1923718926474569,0.2036714479013897,0.20479441264601395,0.2036714479013897,0.2036714479013897,0.1866738715328191,0.17864169983555467,0.17054448960293467,0.17633489373763922,0.17864169983555467,0.033965015874845135
solid_fuels,2008-11-01,False,0.11368273027441216,0.11368273027441216,0.20942953539555764,0.0,0.0,0.0,0.0,0.0,0.0,0.0,0.0,0.0,0.0,0.0,0.0,0.0,0.08943153916422553,0.09749145614132537,0.10662393970459849,0.11792349495853127,0.11904645970315553,0.11792349495853127,0.11792349495853127,0.1009259185899607,0.09289374689269625,0.08479653666007625,0.0905869407947808,0.09289374689269625,0.1134189828374268,0.0362345525781622
solid_fuels,2008-12-01,False,0.1700274971976555,0.1700274971976555,0.18623144466820488,0.0,0.0,0.0,0.0,0.0,0.0,0.0,0.0,0.0,0.0,0.0,0.0,0.0,0.008059916977099846,0.017192400540372965,0.028491955794305746,0.02961492053893,0.028491955794305746,0.028491955794305746,0.011494379425735168,0.003462207728470723,-0.004635002504149277,0.001155401630555275,0.003462207728470723,0.02398744367320127,0.031857073944619785,0.03982289398561471
solid_fuels,2009-01-01,False,0.15416660757897704,0.15416660757897704,0.1635432459674917,0.0,0.0,0.0,0.0,0.0,0.0,0.0,0.0,0.0,0.0,0.0,0.0,0.0,0.00913248356327312,0.0204320388172059,0.021555003561830155,0.0204320388172059,0.0204320388172059,0.0034344624486353226,-0.004597709248629123,-0.012694919481249123,-0.006904515346544571,-0.004597709248629123,0.015927526696101424,0.02379715696751994,0.024916351264534953,0.042804083992800085
solid_fuels,2009-02-01,False,0.13982823245108547,0.13982823245108547,0.1401591843858873,0.0,0.0,0.0,0.0,0.0,0.0,0.0,0.0,0.0,0.0,0.0,0.0,0.0,0.01129955525393278,0.012422519998557036,0.01129955525393278,0.01129955525393278,-0.005698021114637797,-0.013730192811902242,-0.021827403044522242,-0.01603699890981769,-0.013730192811902242,0.0067950431328283045,0.01466467340424682,0.015783867701261833,0.01466467340424682,0.04531325494187209
solid_fuels,2009-03-01,False,0.12723770285422564,0.12723770285422564,0.11753490989079458,0.0,0.0,0.0,0.0,0.0,0.0,0.0,0.0,0.0,0.0,0.0,0.0,0.0,0.0011229647446242552,0.0,0.0,-0.016997576368570577,-0.025029748065835022,-0.03312695829845502,-0.02733655416375047,-0.025029748065835022,-0.004504512121104476,0.0033651181503140393,0.004484312447329053,0.0033651181503140393,0.004484312447329053,0.047638791886527955
solid_fuels,2009-04-01,False,0.10617141923592971,0.10617141923592971,0.09593407501017114,0.0,0.0,0.0,0.0,0.0,0.0,0.0,0.0,0.0,0.0,0.0,0.0,0.0,-0.0011229647446242552,-0.0011229647446242552,-0.018120541113194832,-0.026152712810459278,-0.03424992304307928,-0.028459518908374726,-0.026152712810459278,-0.005627476865728731,0.002242153405689784,0.0033613477027047978,0.002242153405689784,0.0033613477027047978,0.0033613477027047978,0.04975617645019705
solid_fuels,2009-05-01,False,0.08384988335641137,0.08384988335641137,0.07500942326015883,0.0,0.0,0.0,0.0,0.0,0.0,0.0,0.0,0.0,0.0,0.0,0.0,0.0,0.0,-0.016997576368570577,-0.025029748065835022,-0.03312695829845502,-0.02733655416375047,-0.025029748065835022,-0.004504512121104476,0.0033651181503140393,0.004484312447329053,0.0033651181503140393,0.004484312447329053,0.004484312447329053,0.004484312447329053,0.05165447540103236
solid_fuels,2009-06-01,False,0.06438871962429556,0.06438871962429556,0.05685833881894215,0.0,0.0,0.0,0.0,0.0,0.0,0.0,0.0,0.0,0.0,0.0,0.0,0.0,-0.016997576368570577,-0.025029748065835022,-0.03312695829845502,-0.02733655416375047,-0.025029748065835022,-0.004504512121104476,0.0033651181503140393,0.004484312447329053,0.0033651181503140393,0.004484312447329053,0.004484312447329053,0.004484312447329053,-0.019285906886582715,0.05340575923257904
solid_fuels,2009-07-01,False,0.03262158300784847,0.03262158300784847,0.04071170880135607,0.0,0.0,0.0,0.0,0.0,0.0,0.0,0.0,0.0,0.0,0.0,0.0,0.0,-0.008032171697264445,-0.016129381929884445,-0.010338977795179893,-0.008032171697264445,0.012493064247466101,0.020362694518884616,0.02148188881589963,0.020362694518884616,0.02148188881589963,0.02148188881589963,0.02148188881589963,-0.0022883305180121383,-0.014968615693921272,0.054521809686676255
solid_fuels,2009-08-01,False,0.010616835560181023,0.010616835560181023,0.026067599642861844,0.0,0.0,0.0,0.0,0.0,0.0,0.0,0.0,0.0,0.0,0.0,0.0,0.0,-0.00809721023262,-0.002306806097915448,0.0,0.020525235944730547,0.02839486621614906,0.029514060513164075,0.02839486621614906,0.029514060513164075,0.029514060513164075,0.029514060513164075,0.005743841179252307,-0.006936443996656827,-0.016260520871780315,0.05525867361079435
solid_fuels,2009-09-01,False,-0.009823829366607348,-0.009823829366607348,0.011997858641858898,0.0,0.0,0.0,0.0,0.0,0.0,0.0,0.0,0.0,0.0,0.0,0.0,0.0,0.005790404134704552,0.00809721023262,0.028622446177350547,0.03649207644876906,0.037611270745784076,0.03649207644876906,0.037611270745784076,0.037611270745784076,0.037611270745784076,0.013841051411872307,0.0011607662359631732,-0.008163310639160315,-0.001162115180177281,0.05578954175057286
solid_fuels,2009-10-01,False,-0.011671423028958225,-0.011671423028958225,0.004270063896702572,0.0,0.0,0.0,0.0,0.0,0.0,0.0,0.0,0.0,0.0,0.0,0.0,0.0,0.002306806097915448,0.022832042042645995,0.03070167231406451,0.031820866611079524,0.03070167231406451,0.031820866611079524,0.031820866611079524,0.031820866611079524,0.008050647277167755,-0.004629637898741379,-0.013953714773864867,-0.006952519314881833,-0.0023121397583789616,0.0562569649972514
solid_fuels,2009-11-01,False,-0.00984006029092381,-0.00984006029092381,0.0026537784506294355,0.0,0.0,0.0,0.0,0.0,0.0,0.0,0.0,0.0,0.0,0.0,0.0,0.0,0.020525235944730547,0.02839486621614906,0.029514060513164075,0.02839486621614906,0.029514060513164075,0.029514060513164075,0.029514060513164075,0.005743841179252307,-0.006936443996656827,-0.016260520871780315,-0.009259325412797281,-0.00461894585629441,0.025029748065835022,0.056209480017064585
solid_fuels,2009-12-01,False,0.007647679250989178,0.007647679250989178,0.000852071057469012,0.0,0.0,0.0,0.0,0.0,0.0,0.0,0.0,0.0,0.0,0.0,0.0,0.0,0.007869630271418515,0.008988824568433529,0.007869630271418515,0.008988824568433529,0.008988824568433529,0.008988824568433529,-0.01478139476547824,-0.027461679941387374,-0.03678575681651086,-0.029784561357527828,-0.025144181801024956,0.004504512121104476,0.010106767669774364,0.056120763953761164
solid_fuels,2010-01-01,False,0.013623548895836387,0.013623548895836387,9.45850083465952e-05,0.0,0.0,0.0,0.0,0.0,0.0,0.0,0.0,0.0,0.0,0.0,0.0,0.0,0.0011191942970150137,0.0,0.0011191942970150137,0.0011191942970150137,0.0011191942970150137,-0.022651025036896755,-0.03533131021280589,-0.04465538708792938,-0.03765419162894634,-0.03301381207244347,-0.0033651181503140393,0.0022371373983558485,0.00780818244781134,0.1605828510112646
solid_fuels,2010-02-01,False,0.014269862870047067,0.014269862870047067,0.0012285594325133701,0.0,0.0,0.0,0.0,0.0,0.0,0.0,0.0,0.0,0.0,0.0,0.0,0.0,-0.0011191942970150137,0.0,0.0,0.0,-0.02377021933391177,-0.0364505045098209,-0.04577458138494439,-0.03877338592596136,-0.034133006369458485,-0.004484312447329053,0.0011179431013408347,0.006688988150796327,0.01553860342777913,0.15430492933308312
solid_fuels,2010-03-01,False,0.013056119336446752,0.013056119336446752,0.003020579982103834,0.0,0.0,0.0,0.0,0.0,0.0,0.0,0.0,0.0,0.0,0.0,0.0,0.0,0.0011191942970150137,0.0011191942970150137,0.0011191942970150137,-0.022651025036896755,-0.03533131021280589,-0.04465538708792938,-0.03765419162894634,-0.03301381207244347,-0.0033651181503140393,0.0022371373983558485,0.00780818244781134,0.016657797724794143,0.025429783797631167,0.1486919767610508
solid_fuels,2010-04-01,False,0.013702701497437653,0.013702701497437653,0.004525747871916378,0.0,0.0,0.0,0.0,0.0,0.0,0.0,0.0,0.0,0.0,0.0,0.0,0.0,0.0,0.0,-0.02377021933391177,-0.0364505045098209,-0.04577458138494439,-0.03877338592596136,-0.034133006369458485,-0.004484312447329053,0.0011179431013408347,0.006688988150796327,0.01553860342777913,0.024310589500616153,0.022124796280635906,0.1436719410172159
solid_fuels,2010-05-01,False,0.013324772543581574,0.013324772543581574,0.0063091691932645345,0.0,0.0,0.0,0.0,0.0,0.0,0.0,0.0,0.0,0.0,0.0,0.0,0.0,0.0,-0.02377021933391177,-0.0364505045098209,-0.04577458138494439,-0.03877338592596136,-0.034133006369458485,-0.004484312447329053,0.0011179431013408347,0.006688988150796327,0.01553860342777913,0.024310589500616153,0.022124796280635906,0.025401697082950925,0.13913330001108917
solid_fuels,2010-06-01,False,0.011531557962731828,0.011531557962731828,0.009497461958456358,0.0,0.0,0.0,0.0,0.0,0.0,0.0,0.0,0.0,0.0,0.0,0.0,0.0,-0.02377021933391177,-0.0364505045098209,-0.04577458138494439,-0.03877338592596136,-0.034133006369458485,-0.004484312447329053,0.0011179431013408347,0.006688988150796327,0.01553860342777913,0.024310589500616153,0.022124796280635906,0.025401697082950925,0.012229168526411982,0.1349961560425127
solid_fuels,2010-07-01,False,-0.010728799802851394,-0.010728799802851394,0.0138943279169454,0.0,0.0,0.0,0.0,0.0,0.0,0.0,0.0,0.0,0.0,0.0,0.0,0.0,-0.012680285175909134,-0.022004362051032622,-0.015003166592049588,-0.010362787035546717,0.019285906886582715,0.024888162435252603,0.030459207484708095,0.0393088227616909,0.04808080883452792,0.045895015614547674,0.04917191641686269,0.03599938786032375,0.03378699757738257,0.13120468807710745
solid_fuels,2010-08-01,False,-0.02246426253508111,-0.02246426253508111,0.019299830828168284,0.0,0.0,0.0,0.0,0.0,0.0,0.0,0.0,0.0,0.0,0.0,0.0,0.0,-0.009324076875123488,-0.0023228814161404543,0.0023174981403624173,0.03196619206249185,0.03756844761116174,0.04313949266061723,0.05198910793760003,0.060761094010437056,0.05857530079045681,0.06185220159277183,0.048679673036232884,0.046467282753291705,0.048679673036232884,0.1277187521278387
solid_fuels,2010-09-01,False,-0.029896012229944546,-0.029896012229944546,0.024126848244989063,0.0,0.0,0.0,0.0,0.0,0.0,0.0,0.0,0.0,0.0,0.0,0.0,0.0,0.007001195458983034,0.011641575015485905,0.04129026893761534,0.046892524486285225,0.05246356953574072,0.06131318481272352,0.07008517088556054,0.0678993776655803,0.07117627846789532,0.05800374991135637,0.055791359628415194,0.05800374991135637,0.059108112254409484,0.124532774675483
solid_fuels,2010-10-01,False,-0.02270538695414139,-0.02270538695414139,0.028838730368780464,0.0,0.0,0.0,0.0,0.0,0.0,0.0,0.0,0.0,0.0,0.0,0.0,0.0,0.004640379556502872,0.034289073478632304,0.03989132902730219,0.04546237407675768,0.054311989353740486,0.06308397542657751,0.06089818220659726,0.06417508300891228,0.05100255445237334,0.04879016416943216,0.05100255445237334,0.05210691679542645,0.05761050801240497,0.12162479881743872
solid_fuels,2010-11-01,False,-0.01635852234188065,-0.01635852234188065,0.034970549426632816,0.0,0.0,0.0,0.0,0.0,0.0,0.0,0.0,0.0,0.0,0.0,0.0,0.0,0.029648693922129432,0.03525094947079932,0.04082199452025481,0.049671609797237615,0.05844359587007464,0.05625780265009439,0.05953470345240941,0.04636217489587047,0.04414978461292929,0.04636217489587047,0.04746653723892358,0.0529701284559021,0.10640164016623643,0.11887704810212187
solid_fuels,2010-12-01,False,0.011110179247307107,0.011110179247307107,0.041431253381396284,0.0,0.0,0.0,0.0,0.0,0.0,0.0,0.0,0.0,0.0,0.0,0.0,0.0,0.005602255548669888,0.01117330059812538,0.020022915875108183,0.028794901947945206,0.02660910872796496,0.029886009530279978,0.016713480973741035,0.014501090690799856,0.016713480973741035,0.017817843316794146,0.023321434533772667,0.076752946244107,0.08401062455039199,0.11629322991378158
solid_fuels,2011-01-01,False,0.016144521860694348,0.016144521860694348,0.04719904525034232,0.0,0.0,0.0,0.0,0.0,0.0,0.0,0.0,0.0,0.0,0.0,0.0,0.0,0.005571045049455492,0.014420660326438295,0.02319264639927532,0.02100685317929507,0.02428375398161009,0.011111225425071147,0.008898835142129968,0.011111225425071147,0.012215587768124259,0.01771917898510278,0.07115069069543711,0.0784083690017221,0.08047235322257329,0.11385312774536398
solid_fuels,2011-02-01,False,0.020580707700020663,0.020580707700020663,0.05144911904263146,0.0,0.0,0.0,0.0,0.0,0.0,0.0,0.0,0.0,0.0,0.0,0.0,0.0,0.008849615276982803,0.017621601349819827,0.015435808129839579,0.018712708932154598,0.005540180375615655,0.0033277900926744763,0.005540180375615655,0.006644542718668767,0.012148133935647287,0.06557964564598162,0.07283732395226661,0.0749013081731178,0.07593170496701429,0.11158563807256221
solid_fuels,2011-03-01,False,0.027353086841542137,0.027353086841542137,0.05375961902731535,0.0,0.0,0.0,0.0,0.0,0.0,0.0,0.0,0.0,0.0,0.0,0.0,0.0,0.008771986072837024,0.006586192852856776,0.009863093655171795,-0.0033094349013671476,-0.005521825184308327,-0.0033094349013671476,-0.0022050725583140363,0.0032985186586644843,0.05673003036899882,0.0639877086752838,0.066051692896135,0.06708208969003149,0.06088372273769238,0.1094486077496703
solid_fuels,2011-04-01,False,0.033299414069049474,0.033299414069049474,0.05677682123507875,0.0,0.0,0.0,0.0,0.0,0.0,0.0,0.0,0.0,0.0,0.0,0.0,0.0,-0.0021857932199802477,0.0010911075823347716,-0.012081420974204171,-0.01429381125714535,-0.012081420974204171,-0.01097705863115106,-0.005473467414172539,0.047958044296161795,0.05521572260244678,0.05727970682329797,0.058310103617194464,0.05211173666485536,0.05624824721663568,0.10742002248822376
solid_fuels,2011-05-01,False,0.029422050104579368,0.029422050104579368,0.05922663457953381,0.0,0.0,0.0,0.0,0.0,0.0,0.0,0.0,0.0,0.0,0.0,0.0,0.0,0.0032769008023150192,-0.009895627754223923,-0.012108018037165102,-0.009895627754223923,-0.008791265411170812,-0.0032876741941922916,0.05014383751614204,0.05740151582242703,0.05946550004327822,0.06049589683717471,0.054297529884835605,0.05843404043661593,0.05843404043661593,0.1054986238442488
solid_fuels,2011-06-01,False,0.02829551473833492,0.02829551473833492,0.06011250303774141,0.0,0.0,0.0,0.0,0.0,0.0,0.0,0.0,0.0,0.0,0.0,0.0,0.0,-0.013172528556538943,-0.015384918839480122,-0.013172528556538943,-0.012068166213485831,-0.006564574996507311,0.04686693671382702,0.05412461502011201,0.0561885992409632,0.05721899603485969,0.051020629082520585,0.05515713963430091,0.05515713963430091,0.03430132635346261,0.10367191093910692
solid_fuels,2011-07-01,False,0.012229168526411944,0.012229168526411944,0.05962599895496943,0.0,0.0,0.0,0.0,0.0,0.0,0.0,0.0,0.0,0.0,0.0,0.0,0.0,-0.002212390282941179,0.0,0.0011043623430531113,0.006607953560031632,0.060039465270365966,0.06729714357665095,0.06936112779750214,0.07039152459139864,0.06419315763905953,0.06832966819083985,0.06832966819083985,0.047473854910001556,0.03900819588545357,0.10193007831544329
solid_fuels,2011-08-01,False,0.005645288233036738,0.005645288233036738,0.05830217198253396,0.0,0.0,0.0,0.0,0.0,0.0,0.0,0.0,0.0,0.0,0.0,0.0,0.0,0.002212390282941179,0.0033167526259942903,0.008820343842972811,0.062251855553307145,0.06950953385959213,0.07157351808044332,0.07260391487433981,0.06640554792200071,0.07054205847378103,0.07054205847378103,0.049686245192942735,0.041220586168394746,0.044403612728515895,0.1003700450720101
solid_fuels,2011-09-01,False,0.0035052152852460285,0.0035052152852460285,0.057276468201552834,0.0,0.0,0.0,0.0,0.0,0.0,0.0,0.0,0.0,0.0,0.0,0.0,0.0,0.0011043623430531113,0.006607953560031632,0.060039465270365966,0.06729714357665095,0.06936112779750214,0.07039152459139864,0.06419315763905953,0.06832966819083985,0.06832966819083985,0.047473854910001556,0.03900819588545357,0.042191222445574716,0.04113133893353105,0.09906480894390104
solid_fuels,2011-10-01,False,0.0006440631404496487,0.0006440631404496487,0.056079430638485105,0.0,0.0,0.0,0.0,0.0,0.0,0.0,0.0,0.0,0.0,0.0,0.0,0.0,0.005503591216978521,0.058935102927312855,0.06619278123359784,0.06825676545444903,0.06928716224834552,0.06308879529600642,0.06722530584778674,0.06722530584778674,0.046369492566948445,0.037903833542400456,0.041086860102521605,0.040026976590477936,0.04425978714309853,0.0980045195817482
solid_fuels,2011-11-01,False,0.0037575079722716054,0.0037575079722716054,0.0490469197808438,0.0,0.0,0.0,0.0,0.0,0.0,0.0,0.0,0.0,0.0,0.0,0.0,0.0,0.053431511710334334,0.06068919001661932,0.06275317423747051,0.063783571031367,0.057585204079027896,0.06172171463080822,0.06172171463080822,0.040865901349969924,0.032400242325421935,0.035583268885543085,0.034523385373499416,0.03875619592612001,0.04716844322077218,0.09695633179569658
solid_fuels,2011-12-01,False,0.04659434573490054,0.04659434573490054,0.04161340090515497,0.0,0.0,0.0,0.0,0.0,0.0,0.0,0.0,0.0,0.0,0.0,0.0,0.0,0.007257678306284987,0.009321662527136176,0.01035205932103267,0.004153692368693562,0.008290202920473888,0.008290202920473888,-0.01256561036036441,-0.0210312693849124,-0.01784824282479125,-0.01890812633683492,-0.014675315784214327,-0.006263068489562151,-0.0020833340868540162,0.09595426037858457
solid_fuels,2012-01-01,False,0.04706128763728264,0.04706128763728264,0.034755271118386125,0.0,0.0,0.0,0.0,0.0,0.0,0.0,0.0,0.0,0.0,0.0,0.0,0.0,0.0020639842208511894,0.0030943810147476825,-0.0031039859375914247,0.001032524614188901,0.001032524614188901,-0.019823288666649397,-0.028288947691197386,-0.025105921131076236,-0.026165804643119905,-0.021932994090499314,-0.013520746795847138,-0.009341012393139003,-0.004140792666031956,0.0947470419509946
solid_fuels,2012-02-01,False,0.043366753155947166,0.043366753155947166,0.02856452773379285,0.0,0.0,0.0,0.0,0.0,0.0,0.0,0.0,0.0,0.0,0.0,0.0,0.0,0.001030396793896493,-0.005167970158442614,-0.0010314596066622883,-0.0010314596066622883,-0.021887272887500586,-0.030352931912048575,-0.027169905351927426,-0.028229788863971095,-0.023996978311350503,-0.015584731016698328,-0.011404996613990193,-0.0062047768868831454,-0.005167970158442614,0.09359724729257357
solid_fuels,2012-03-01,False,0.039385505309547625,0.039385505309547625,0.024352712204057363,0.0,0.0,0.0,0.0,0.0,0.0,0.0,0.0,0.0,0.0,0.0,0.0,0.0,-0.006198366952339107,-0.0020618564005587814,-0.0020618564005587814,-0.02291766968139708,-0.03138332870594507,-0.02820030214582392,-0.029260185657867588,-0.025027375105246996,-0.01661512781059482,-0.012435393407886686,-0.0072351736807796385,-0.006198366952339107,-0.004127972838031013,0.09249314522914968
solid_fuels,2012-04-01,False,0.029178045722964355,0.029178045722964355,0.018841902720932627,0.0,0.0,0.0,0.0,0.0,0.0,0.0,0.0,0.0,0.0,0.0,0.0,0.0,0.004136510551780326,0.004136510551780326,-0.016719302729057972,-0.02518496175360596,-0.022001935193484812,-0.02306181870552848,-0.01882900815290789,-0.010416760858255714,-0.0062370264555475785,-0.0010368067284405313,0.0,0.002070394114308094,-0.003113650673279622,0.09139750006239161
solid_fuels,2012-05-01,False,0.028347805488035234,0.028347805488035234,0.01361999877779184,0.0,0.0,0.0,0.0,0.0,0.0,0.0,0.0,0.0,0.0,0.0,0.0,0.0,0.0,-0.020855813280838298,-0.029321472305386287,-0.026138445745265138,-0.027198329257308806,-0.022965518704688215,-0.01455327141003604,-0.010373537007327904,-0.005173317280220857,-0.004136510551780326,-0.002066116437472232,-0.007250161225059948,-0.007250161225059948,0.09032411172214479
solid_fuels,2012-06-01,False,0.02270156199205598,0.02270156199205598,0.011043057008153317,0.0,0.0,0.0,0.0,0.0,0.0,0.0,0.0,0.0,0.0,0.0,0.0,0.0,-0.020855813280838298,-0.029321472305386287,-0.026138445745265138,-0.027198329257308806,-0.022965518704688215,-0.01455327141003604,-0.010373537007327904,-0.005173317280220857,-0.004136510551780326,-0.002066116437472232,-0.007250161225059948,-0.007250161225059948,-0.005173317280220857,0.08933714159343512
solid_fuels,2012-07-01,False,-0.0004389623001875217,-0.0004389623001875217,0.009615458699441753,0.0,0.0,0.0,0.0,0.0,0.0,0.0,0.0,0.0,0.0,0.0,0.0,0.0,-0.008465659024547989,-0.00528263246442684,-0.006342515976470509,-0.002109705423849917,0.0063025418708022585,0.010482276273510394,0.01568249600061744,0.016719302729057972,0.018789696843366066,0.01360565205577835,0.01360565205577835,0.01568249600061744,0.014644613188197653,0.0884036252671786
solid_fuels,2012-08-01,False,-0.011359255677226853,-0.011359255677226853,0.008107799089541637,0.0,0.0,0.0,0.0,0.0,0.0,0.0,0.0,0.0,0.0,0.0,0.0,0.0,0.0031830265601211494,0.0021231430480774804,0.006355953600698072,0.014768200895350247,0.018947935298058383,0.02414815502516543,0.02518496175360596,0.027255355867914055,0.02207131108032634,0.02207131108032634,0.02414815502516543,0.02311027221274564,0.026220694627138386,0.08766809765147428
solid_fuels,2012-09-01,False,-0.011759679178181274,-0.011759679178181274,0.006782634697968537,0.0,0.0,0.0,0.0,0.0,0.0,0.0,0.0,0.0,0.0,0.0,0.0,0.0,-0.001059883512043669,0.0031729270405769228,0.011585174335229098,0.015764908737937233,0.02096512846504428,0.022001935193484812,0.024072329307792906,0.01888828452020519,0.01888828452020519,0.02096512846504428,0.019927245652624492,0.023037668067017236,0.022001935193484812,0.08702894597839149
solid_fuels,2012-10-01,False,-0.015520500947300838,-0.015520500947300838,0.005637726888680834,0.0,0.0,0.0,0.0,0.0,0.0,0.0,0.0,0.0,0.0,0.0,0.0,0.0,0.004232810552620592,0.012645057847272767,0.016824792249980902,0.02202501197708795,0.02306181870552848,0.025132212819836575,0.01994816803224886,0.01994816803224886,0.02202501197708795,0.02098712916466816,0.024097551579060905,0.02306181870552848,0.028229788863971095,0.08642903253434385
solid_fuels,2012-11-01,False,-0.010417216802111136,-0.010417216802111136,0.008405959631607025,0.0,0.0,0.0,0.0,0.0,0.0,0.0,0.0,0.0,0.0,0.0,0.0,0.0,0.008412247294652175,0.01259198169736031,0.017792201424467358,0.01882900815290789,0.020899402267215983,0.015715357479628267,0.015715357479628267,0.017792201424467358,0.01675431861204757,0.019864741026440313,0.01882900815290789,0.023996978311350503,0.03527336637928524,0.08587428562916109
solid_fuels,2012-12-01,False,-0.001569448399577367,-0.001569448399577367,0.011861097455279706,0.0,0.0,0.0,0.0,0.0,0.0,0.0,0.0,0.0,0.0,0.0,0.0,0.0,0.004179734402708135,0.009379954129815182,0.010416760858255714,0.012487154972563808,0.0073031101849760915,0.0073031101849760915,0.009379954129815182,0.008342071317395394,0.011452493731788138,0.010416760858255714,0.015584731016698328,0.026861119084633067,0.0359936026479053,0.08521227632421165
solid_fuels,2013-01-01,False,0.003220334390170983,0.003220334390170983,0.014790738001396473,0.0,0.0,0.0,0.0,0.0,0.0,0.0,0.0,0.0,0.0,0.0,0.0,0.0,0.005200219727107047,0.0062370264555475785,0.008307420569855672,0.0031233757822679564,0.0031233757822679564,0.005200219727107047,0.004162336914687259,0.007272759329080003,0.0062370264555475785,0.011404996613990193,0.022681384681924932,0.03181386824519716,0.03383203240143473,0.08432304147345414
solid_fuels,2013-02-01,False,0.008594922034023107,0.008594922034023107,0.018143046258801438,0.0,0.0,0.0,0.0,0.0,0.0,0.0,0.0,0.0,0.0,0.0,0.0,0.0,0.0010368067284405313,0.0031072008427486253,-0.0020768439448390907,-0.0020768439448390907,0.0,-0.001037882812419788,0.002072539601972956,0.0010368067284405313,0.0062047768868831454,0.017481164954817885,0.026613648518090116,0.028631812674327684,0.03466198170091861,0.08347668054705383
solid_fuels,2013-03-01,False,0.009544541003569872,0.009544541003569872,0.02061928720273539,0.0,0.0,0.0,0.0,0.0,0.0,0.0,0.0,0.0,0.0,0.0,0.0,0.0,0.002070394114308094,-0.003113650673279622,-0.003113650673279622,-0.0010368067284405313,-0.0020746895408603194,0.0010357328735324245,0.0,0.005167970158442614,0.016444358226377354,0.025576841789649585,0.027595005945887152,0.03362517497247808,0.03362517497247808,0.08266420742256436
solid_fuels,2013-04-01,False,0.011614935117877975,0.011614935117877975,0.02421384079045999,0.0,0.0,0.0,0.0,0.0,0.0,0.0,0.0,0.0,0.0,0.0,0.0,0.0,-0.005184044787587716,-0.005184044787587716,-0.0031072008427486253,-0.004145083655168413,-0.0010346612407756695,-0.002070394114308094,0.00309757604413452,0.01437396411206926,0.02350644767534149,0.025524611831579058,0.031554780858169984,0.031554780858169984,0.03055227450854403,0.08187682574627617
solid_fuels,2013-05-01,False,0.00747764548518334,0.00747764548518334,0.02796963874481764,0.0,0.0,0.0,0.0,0.0,0.0,0.0,0.0,0.0,0.0,0.0,0.0,0.0,0.0,0.0020768439448390907,0.0010389611324193027,0.004149383546812047,0.003113650673279622,0.008281620831722236,0.019558008899656976,0.028690492462929207,0.030708656619166774,0.0367388256457577,0.0367388256457577,0.03573631929613175,0.03774032798284743,0.0810983946726193
solid_fuels,2013-06-01,False,0.006343710172439043,0.006343710172439043,0.02895018139226498,0.0,0.0,0.0,0.0,0.0,0.0,0.0,0.0,0.0,0.0,0.0,0.0,0.0,0.0020768439448390907,0.0010389611324193027,0.004149383546812047,0.003113650673279622,0.008281620831722236,0.019558008899656976,0.028690492462929207,0.030708656619166774,0.0367388256457577,0.0367388256457577,0.03573631929613175,0.03774032798284743,0.029700083664281784,0.08035514195558792
solid_fuels,2013-07-01,False,0.006243516639684799,0.006243516639684799,0.029233576322818474,0.0,0.0,0.0,0.0,0.0,0.0,0.0,0.0,0.0,0.0,0.0,0.0,0.0,-0.001037882812419788,0.002072539601972956,0.0010368067284405313,0.0062047768868831454,0.017481164954817885,0.026613648518090116,0.028631812674327684,0.03466198170091861,0.03466198170091861,0.033659475351292656,0.03566348403800834,0.027623239719442694,0.02560303701216693,0.07962344355007676
solid_fuels,2013-08-01,False,0.0036410963503711673,0.0036410963503711673,0.029178540598405696,0.0,0.0,0.0,0.0,0.0,0.0,0.0,0.0,0.0,0.0,0.0,0.0,0.0,0.003110422414392744,0.0020746895408603194,0.0072426596993029335,0.018519047767237673,0.027651531330509904,0.02966969548674747,0.0356998645133384,0.0356998645133384,0.034697358163712444,0.03670136685042813,0.028661122531862482,0.026640919824586717,0.025629285949742453,0.07890792108773363
solid_fuels,2013-09-01,False,0.0044959439384280675,0.0044959439384280675,0.02903953309487193,0.0,0.0,0.0,0.0,0.0,0.0,0.0,0.0,0.0,0.0,0.0,0.0,0.0,-0.0010357328735324245,0.00413223728491019,0.015408625352844929,0.02454110891611716,0.026559273072354728,0.032589442098945653,0.032589442098945653,0.0315869357493197,0.033590944436035386,0.025550700117469738,0.023530497410193973,0.02251886353534971,0.02049252039011673,0.07824346923826846
solid_fuels,2013-10-01,False,0.001988158151544931,0.001988158151544931,0.028814541457199538,0.0,0.0,0.0,0.0,0.0,0.0,0.0,0.0,0.0,0.0,0.0,0.0,0.0,0.005167970158442614,0.016444358226377354,0.025576841789649585,0.027595005945887152,0.03362517497247808,0.03362517497247808,0.032622668622852125,0.03462667730956781,0.026586432991002162,0.024566230283726398,0.023554596408882134,0.021528253263649155,0.026586432991002162,0.07759296452513263
solid_fuels,2013-11-01,False,0.005427071079700633,0.005427071079700633,0.02900233039270485,0.0,0.0,0.0,0.0,0.0,0.0,0.0,0.0,0.0,0.0,0.0,0.0,0.0,0.01127638806793474,0.02040887163120697,0.022427035787444538,0.028457204814035464,0.028457204814035464,0.02745469846440951,0.029458707151125196,0.02141846283255955,0.019398260125283784,0.01838662625043952,0.01636028310520654,0.02141846283255955,0.04040953833787686,0.07697130620782783
solid_fuels,2013-12-01,False,0.0138570346614265,0.0138570346614265,0.028089589176794952,0.0,0.0,0.0,0.0,0.0,0.0,0.0,0.0,0.0,0.0,0.0,0.0,0.0,0.009132483563272231,0.011150647719509799,0.017180816746100724,0.017180816746100724,0.01617831039647477,0.018182319083190457,0.010142074764624809,0.008121872057349044,0.00711023818250478,0.005083895037271802,0.010142074764624809,0.02913315026994212,0.030122759455108117,0.0763555539778645
solid_fuels,2014-01-01,False,0.019979410598194736,0.019979410598194736,0.027271337770718683,0.0,0.0,0.0,0.0,0.0,0.0,0.0,0.0,0.0,0.0,0.0,0.0,0.0,0.0020181641562375674,0.008048333182828493,0.008048333182828493,0.00704582683320254,0.009049835519918226,0.0010095912013525776,-0.0010106115059231868,-0.002022245380767451,-0.0040485885260004295,0.0010095912013525776,0.02000066670666989,0.020990275891835886,0.020990275891835886,0.07573643402558283
solid_fuels,2014-02-01,False,0.019510331309137142,0.019510331309137142,0.025444084257681458,0.0,0.0,0.0,0.0,0.0,0.0,0.0,0.0,0.0,0.0,0.0,0.0,0.0,0.006030169026590926,0.006030169026590926,0.005027662676964972,0.007031671363680658,-0.0010085729548849898,-0.0030287756621607542,-0.004040409537005019,-0.006066752682237997,-0.0010085729548849898,0.017982502550432322,0.018972111735598318,0.018972111735598318,0.017982502550432322,0.07512768590702429
solid_fuels,2014-03-01,False,0.022376076057327002,0.022376076057327002,0.023794575189583996,0.0,0.0,0.0,0.0,0.0,0.0,0.0,0.0,0.0,0.0,0.0,0.0,0.0,0.0,-0.0010025063496259534,0.0010015023370897325,-0.0070387419814759156,-0.00905894468875168,-0.010070578563595944,-0.012096921708828923,-0.0070387419814759156,0.011952333523841396,0.012941942709007392,0.012941942709007392,0.011952333523841396,0.011952333523841396,0.0745292199950772
solid_fuels,2014-04-01,False,0.01930675827557833,0.01930675827557833,0.021977055948253197,0.0,0.0,0.0,0.0,0.0,0.0,0.0,0.0,0.0,0.0,0.0,0.0,0.0,-0.0010025063496259534,0.0010015023370897325,-0.0070387419814759156,-0.00905894468875168,-0.010070578563595944,-0.012096921708828923,-0.0070387419814759156,0.011952333523841396,0.012941942709007392,0.012941942709007392,0.011952333523841396,0.011952333523841396,0.012941942709007392,0.07394851676008048
solid_fuels,2014-05-01,False,0.015414076503719036,0.015414076503719036,0.019914114375857956,0.0,0.0,0.0,0.0,0.0,0.0,0.0,0.0,0.0,0.0,0.0,0.0,0.0,0.002004008686715686,-0.006036235631849962,-0.008056438339125727,-0.009068072213969991,-0.01109441535920297,-0.006036235631849962,0.01295483987346735,0.013944449058633346,0.013944449058633346,0.01295483987346735,0.01295483987346735,0.013944449058633346,0.014933079885572909,0.07338541979658542
solid_fuels,2014-06-01,False,0.014282356530934095,0.014282356530934095,0.017625298897790787,0.0,0.0,0.0,0.0,0.0,0.0,0.0,0.0,0.0,0.0,0.0,0.0,0.0,-0.008040244318565648,-0.010060447025841412,-0.011072080900685677,-0.013098424045918655,-0.008040244318565648,0.010950831186751664,0.01194044037191766,0.01194044037191766,0.010950831186751664,0.010950831186751664,0.01194044037191766,0.012929071198857223,-0.008040244318565648,0.07286307405684904
solid_fuels,2014-07-01,False,0.004551208867318192,0.004551208867318192,0.015342996432688837,0.0,0.0,0.0,0.0,0.0,0.0,0.0,0.0,0.0,0.0,0.0,0.0,0.0,-0.0020202027072757645,-0.003031836582120029,-0.005058179727353007,0.0,0.018991075505317312,0.019980684690483308,0.019980684690483308,0.018991075505317312,0.018991075505317312,0.019980684690483308,0.02096931551742287,0.0,-0.003031836582120029,0.07236249698429242
solid_fuels,2014-08-01,False,0.0007586294459174394,0.0007586294459174394,0.013402780626560399,0.0,0.0,0.0,0.0,0.0,0.0,0.0,0.0,0.0,0.0,0.0,0.0,0.0,-0.0010116338748442644,-0.0030379770200772427,0.0020202027072757645,0.021011278212593076,0.022000887397759072,0.022000887397759072,0.021011278212593076,0.021011278212593076,0.022000887397759072,0.022989518224698635,0.0020202027072757645,-0.0010116338748442644,-0.0020242921892306143,0.07187534678448705
solid_fuels,2014-09-01,False,-0.0021064169224188968,-0.0021064169224188968,0.011716595663249448,0.0,0.0,0.0,0.0,0.0,0.0,0.0,0.0,0.0,0.0,0.0,0.0,0.0,-0.0020263431452329783,0.003031836582120029,0.02202291208743734,0.023012521272603337,0.023012521272603337,0.02202291208743734,0.02202291208743734,0.023012521272603337,0.0240011520995429,0.003031836582120029,0.0,-0.00101265831438635,-0.00101265831438635,0.07141207550608174
solid_fuels,2014-10-01,False,-0.005310418346422764,-0.005310418346422764,0.009867125794252554,0.0,0.0,0.0,0.0,0.0,0.0,0.0,0.0,0.0,0.0,0.0,0.0,0.0,0.005058179727353007,0.02404925523267032,0.025038864417836315,0.025038864417836315,0.02404925523267032,0.02404925523267032,0.025038864417836315,0.026027495244775878,0.005058179727353007,0.0020263431452329783,0.0010136848308466284,0.0010136848308466284,0.0040485885260004295,0.07095425508157974
solid_fuels,2014-11-01,False,-0.0015124782313572912,-0.0015124782313572912,0.0068504862725448845,0.0,0.0,0.0,0.0,0.0,0.0,0.0,0.0,0.0,0.0,0.0,0.0,0.0,0.018991075505317312,0.019980684690483308,0.019980684690483308,0.018991075505317312,0.018991075505317312,0.019980684690483308,0.02096931551742287,0.0,-0.003031836582120029,-0.004044494896506379,-0.004044494896506379,-0.0010095912013525776,0.012036253631947602,0.07051854776478637
solid_fuels,2014-12-01,False,0.01420938777355163,0.01420938777355163,0.004591951295696998,0.0,0.0,0.0,0.0,0.0,0.0,0.0,0.0,0.0,0.0,0.0,0.0,0.0,0.000989609185165996,0.000989609185165996,0.0,0.0,0.000989609185165996,0.0019782400121055588,-0.018991075505317312,-0.02202291208743734,-0.02303557040182369,-0.02303557040182369,-0.02000066670666989,-0.00695482187336971,-0.004962789342129348,0.07007605359124013
solid_fuels,2015-01-01,False,0.013526615935101053,0.013526615935101053,0.0025033390910185046,0.0,0.0,0.0,0.0,0.0,0.0,0.0,0.0,0.0,0.0,0.0,0.0,0.0,0.0,-0.000989609185165996,-0.000989609185165996,0.0,0.0009886308269395627,-0.019980684690483308,-0.023012521272603337,-0.024025179586989687,-0.024025179586989687,-0.020990275891835886,-0.007944431058535706,-0.005952398527295344,-0.005952398527295344,0.06960792469447079
solid_fuels,2015-02-01,False,0.012441066164601302,0.012441066164601302,0.001084463088555838,0.0,0.0,0.0,0.0,0.0,0.0,0.0,0.0,0.0,0.0,0.0,0.0,0.0,-0.000989609185165996,-0.000989609185165996,0.0,0.0009886308269395627,-0.019980684690483308,-0.023012521272603337,-0.024025179586989687,-0.024025179586989687,-0.020990275891835886,-0.007944431058535706,-0.005952398527295344,-0.005952398527295344,-0.005952398527295344,0.0691347821170753
solid_fuels,2015-03-01,False,0.010533834391584364,0.010533834391584364,-0.00025017721016121246,0.0,0.0,0.0,0.0,0.0,0.0,0.0,0.0,0.0,0.0,0.0,0.0,0.0,0.0,0.000989609185165996,0.0019782400121055588,-0.018991075505317312,-0.02202291208743734,-0.02303557040182369,-0.02303557040182369,-0.02000066670666989,-0.00695482187336971,-0.004962789342129348,-0.004962789342129348,-0.004962789342129348,-0.003968259175620936,0.06866953085351178
solid_fuels,2015-04-01,False,0.009450455811517152,0.009450455811517152,-0.0020008343482012477,0.0,0.0,0.0,0.0,0.0,0.0,0.0,0.0,0.0,0.0,0.0,0.0,0.0,0.000989609185165996,0.0019782400121055588,-0.018991075505317312,-0.02202291208743734,-0.02303557040182369,-0.02303557040182369,-0.02000066670666989,-0.00695482187336971,-0.004962789342129348,-0.004962789342129348,-0.004962789342129348,-0.003968259175620936,-0.005958309583630417,0.06821039439315706
solid_fuels,2015-05-01,False,0.009357858855682959,0.009357858855682959,-0.003583785141691831,0.0,0.0,0.0,0.0,0.0,0.0,0.0,0.0,0.0,0.0,0.0,0.0,0.0,0.0009886308269395627,-0.019980684690483308,-0.023012521272603337,-0.024025179586989687,-0.024025179586989687,-0.020990275891835886,-0.007944431058535706,-0.005952398527295344,-0.005952398527295344,-0.005952398527295344,-0.004957868360786932,-0.006947918768796413,-0.004957868360786932,0.06776084815411215
solid_fuels,2015-06-01,False,0.008517727743191993,0.008517727743191993,-0.0033333364197580045,0.0,0.0,0.0,0.0,0.0,0.0,0.0,0.0,0.0,0.0,0.0,0.0,0.0,-0.02096931551742287,-0.0240011520995429,-0.02501381041392925,-0.02501381041392925,-0.02197890671877545,-0.008933061885475269,-0.006941029354234907,-0.006941029354234907,-0.006941029354234907,-0.005946499187726495,-0.007936549595735976,-0.005946499187726495,-0.01794664319083683,0.06732135798722189
solid_fuels,2015-07-01,False,-0.010872399481119009,-0.010872399481119009,-0.003417097128381262,0.0,0.0,0.0,0.0,0.0,0.0,0.0,0.0,0.0,0.0,0.0,0.0,0.0,-0.003031836582120029,-0.004044494896506379,-0.004044494896506379,-0.0010095912013525776,0.012036253631947602,0.014028286163187964,0.014028286163187964,0.014028286163187964,0.015022816329696376,0.013032765921686895,0.015022816329696376,0.00302267232658604,-0.005058179727353007,0.06688948969213898
solid_fuels,2015-08-01,False,-0.013654662416920604,-0.013654662416920604,-0.004085552020503085,0.0,0.0,0.0,0.0,0.0,0.0,0.0,0.0,0.0,0.0,0.0,0.0,0.0,-0.00101265831438635,-0.00101265831438635,0.002022245380767451,0.015068090214067631,0.017060122745307993,0.017060122745307993,0.017060122745307993,0.018054652911816405,0.016064602503806924,0.018054652911816405,0.006054508908706069,-0.0020263431452329783,-0.010173027713050509,0.06647587946664868
solid_fuels,2015-09-01,False,-0.014667320731307162,-0.014667320731307162,-0.004837373903324423,0.0,0.0,0.0,0.0,0.0,0.0,0.0,0.0,0.0,0.0,0.0,0.0,0.0,0.0,0.003034903695153801,0.01608074852845398,0.018072781059694343,0.018072781059694343,0.018072781059694343,0.019067311226202754,0.017077260818193274,0.019067311226202754,0.007067167223092419,-0.0010136848308466284,-0.009160369398664159,-0.008138396902971579,0.06607422304474783
solid_fuels,2015-10-01,False,-0.014334458949087475,-0.014334458949087475,-0.005005015453023848,0.0,0.0,0.0,0.0,0.0,0.0,0.0,0.0,0.0,0.0,0.0,0.0,0.0,0.003034903695153801,0.01608074852845398,0.018072781059694343,0.018072781059694343,0.018072781059694343,0.019067311226202754,0.017077260818193274,0.019067311226202754,0.007067167223092419,-0.0010136848308466284,-0.009160369398664159,-0.008138396902971579,0.0,0.06568305038651832
solid_fuels,2015-11-01,False,-0.00988365529640279,-0.00988365529640279,-0.004338763585683108,0.0,0.0,0.0,0.0,0.0,0.0,0.0,0.0,0.0,0.0,0.0,0.0,0.0,0.01304584483330018,0.015037877364540542,0.015037877364540542,0.015037877364540542,0.016032407531048953,0.014042357123039473,0.016032407531048953,0.004032263527938618,-0.0040485885260004295,-0.01219527309381796,-0.01117330059812538,-0.003034903695153801,0.014042357123039473,0.06530282831065874
solid_fuels,2015-12-01,False,0.002745540224590952,0.002745540224590952,-0.0033375083128801214,0.0,0.0,0.0,0.0,0.0,0.0,0.0,0.0,0.0,0.0,0.0,0.0,0.0,0.001992032531240362,0.001992032531240362,0.001992032531240362,0.0029865626977487736,0.000996512289739293,0.0029865626977487736,-0.009013581305361562,-0.01709443335930061,-0.02524111792711814,-0.02421914543142556,-0.01608074852845398,0.000996512289739293,0.007944431058535706,0.06491473636469723
solid_fuels,2016-01-01,False,0.0050708783167873975,0.0050708783167873975,-0.0018351690168821654,0.0,0.0,0.0,0.0,0.0,0.0,0.0,0.0,0.0,0.0,0.0,0.0,0.0,0.0,0.0,0.0009945301665084116,-0.0009955202415010689,0.0009945301665084116,-0.011005613836601924,-0.01908646589054097,-0.0272331504583585,-0.02621117796266592,-0.018072781059694343,-0.0009955202415010689,0.005952398527295344,0.011869575555383705,0.06453571398293753
solid_fuels,2016-02-01,False,0.005487666552721094,0.005487666552721094,-0.00025015634902177786,0.0,0.0,0.0,0.0,0.0,0.0,0.0,0.0,0.0,0.0,0.0,0.0,0.0,0.0,0.0009945301665084116,-0.0009955202415010689,0.0009945301665084116,-0.011005613836601924,-0.01908646589054097,-0.0272331504583585,-0.02621117796266592,-0.018072781059694343,-0.0009955202415010689,0.005952398527295344,0.011869575555383705,0.013834212729548767,0.06416610947996228
solid_fuels,2016-03-01,False,0.005904628573522465,0.005904628573522465,0.0015833996391233318,0.0,0.0,0.0,0.0,0.0,0.0,0.0,0.0,0.0,0.0,0.0,0.0,0.0,0.0009945301665084116,-0.0009955202415010689,0.0009945301665084116,-0.011005613836601924,-0.01908646589054097,-0.0272331504583585,-0.02621117796266592,-0.018072781059694343,-0.0009955202415010689,0.005952398527295344,0.011869575555383705,0.013834212729548767,0.018728985106276852,0.06380371325181994
solid_fuels,2016-04-01,False,0.007232853579199837,0.007232853579199837,0.0038314223115558676,0.0,0.0,0.0,0.0,0.0,0.0,0.0,0.0,0.0,0.0,0.0,0.0,0.0,-0.0019900504080094805,0.0,-0.012000144003110336,-0.020080996057049383,-0.028227680624866913,-0.027205708129174333,-0.019067311226202754,-0.0019900504080094805,0.004957868360786932,0.010875045388875293,0.012839682563040355,0.01773445493976844,0.01773445493976844,0.06344650057215699
solid_fuels,2016-05-01,False,0.006077527760559047,0.006077527760559047,0.005910527092167683,0.0,0.0,0.0,0.0,0.0,0.0,0.0,0.0,0.0,0.0,0.0,0.0,0.0,0.0019900504080094805,-0.010010093595100855,-0.018090945649039902,-0.026237630216857433,-0.025215657721164852,-0.017077260818193274,0.0,0.006947918768796413,0.012865095796884773,0.014829732971049836,0.01972450534777792,0.01972450534777792,0.020700591320833794,0.0630967885545068
solid_fuels,2016-06-01,False,0.006648960665250972,0.006648960665250972,0.007070106389691186,0.0,0.0,0.0,0.0,0.0,0.0,0.0,0.0,0.0,0.0,0.0,0.0,0.0,-0.012000144003110336,-0.020080996057049383,-0.028227680624866913,-0.027205708129174333,-0.019067311226202754,-0.0019900504080094805,0.004957868360786932,0.010875045388875293,0.012839682563040355,0.01773445493976844,0.01773445493976844,0.018710540912824314,0.004957868360786932,0.0627563061004171
solid_fuels,2016-07-01,False,-0.004850724573556123,-0.004850724573556123,0.009141591128167917,0.0,0.0,0.0,0.0,0.0,0.0,0.0,0.0,0.0,0.0,0.0,0.0,0.0,-0.008080852053939047,-0.016227536621756578,-0.015205564126063997,-0.007067167223092419,0.010010093595100855,0.016958012363897268,0.02287518939198563,0.02483982656615069,0.029734598942878776,0.029734598942878776,0.03071068491593465,0.016958012363897268,0.014977813697035103,0.062419187732767056
solid_fuels,2016-08-01,False,-0.012180418556871409,-0.012180418556871409,0.012371976631563903,0.0,0.0,0.0,0.0,0.0,0.0,0.0,0.0,0.0,0.0,0.0,0.0,0.0,-0.00814668456781753,-0.00712471207212495,0.0010136848308466284,0.018090945649039902,0.025038864417836315,0.030956041445924676,0.03292067862008974,0.03781545099681782,0.03781545099681782,0.0387915369698737,0.025038864417836315,0.02305866575097415,0.022067094028678902,0.06208019727109357
solid_fuels,2016-09-01,False,-0.018906707681804913,-0.018906707681804913,0.015430868650806019,0.0,0.0,0.0,0.0,0.0,0.0,0.0,0.0,0.0,0.0,0.0,0.0,0.0,0.0010219724956925802,0.009160369398664159,0.026237630216857433,0.033185548985653845,0.039102726013742206,0.04106736318790727,0.045962135564635354,0.045962135564635354,0.04693822153769123,0.033185548985653845,0.03120535031879168,0.030213778596496432,0.030213778596496432,0.06174994271750618
solid_fuels,2016-10-01,False,-0.01704826504114624,-0.01704826504114624,0.017409044498279118,0.0,0.0,0.0,0.0,0.0,0.0,0.0,0.0,0.0,0.0,0.0,0.0,0.0,0.008138396902971579,0.025215657721164852,0.032163576489961265,0.038080753518049626,0.04004539069221469,0.04494016306894277,0.04494016306894277,0.04591624904199865,0.032163576489961265,0.0301833778230991,0.029191806100803852,0.029191806100803852,0.029191806100803852,0.06142551455894061
solid_fuels,2016-11-01,False,-0.008240187885455703,-0.008240187885455703,0.01937788359145715,0.0,0.0,0.0,0.0,0.0,0.0,0.0,0.0,0.0,0.0,0.0,0.0,0.0,0.017077260818193274,0.024025179586989687,0.029942356615078047,0.03190699378924311,0.036801766165971195,0.036801766165971195,0.03777785213902707,0.024025179586989687,0.02204498092012752,0.021053409197832273,0.021053409197832273,0.021053409197832273,0.04167269640056759,0.06110548653215892
solid_fuels,2016-12-01,False,0.007498160598825277,0.007498160598825277,0.021251885112387063,0.0,0.0,0.0,0.0,0.0,0.0,0.0,0.0,0.0,0.0,0.0,0.0,0.0,0.006947918768796413,0.012865095796884773,0.014829732971049836,0.01972450534777792,0.01972450534777792,0.020700591320833794,0.006947918768796413,0.004967720101934248,0.003976148379639,0.003976148379639,0.003976148379639,0.024595435582374314,0.035228691883743224,0.06078569008810492
solid_fuels,2017-01-01,False,0.013359531557101676,0.013359531557101676,0.022374514390012788,0.0,0.0,0.0,0.0,0.0,0.0,0.0,0.0,0.0,0.0,0.0,0.0,0.0,0.005917177028088361,0.007881814202253423,0.012776586578981508,0.012776586578981508,0.013752672552037382,0.0,-0.001980198666862165,-0.002971770389157413,-0.002971770389157413,-0.002971770389157413,0.0176475168135779,0.02828077311494681,0.031161235980301072,0.06047145632021248
solid_fuels,2017-02-01,False,0.01777420412890619,0.01777420412890619,0.023326835569609086,0.0,0.0,0.0,0.0,0.0,0.0,0.0,0.0,0.0,0.0,0.0,0.0,0.0,0.0019646371741650626,0.006859409550893147,0.006859409550893147,0.007835495523949021,-0.005917177028088361,-0.007897375694950526,-0.008888947417245774,-0.008888947417245774,-0.008888947417245774,0.01173033978548954,0.02236359608685845,0.02524405895221271,0.0271597683503515,0.060163026656748574
solid_fuels,2017-03-01,False,0.01848847645046728,0.01848847645046728,0.023536306989609474,0.0,0.0,0.0,0.0,0.0,0.0,0.0,0.0,0.0,0.0,0.0,0.0,0.0,0.004894772376728085,0.004894772376728085,0.005870858349783958,-0.007881814202253423,-0.009862012869115588,-0.010853584591410836,-0.010853584591410836,-0.010853584591410836,0.009765702611324478,0.020398958912693388,0.02327942177804765,0.025195131176186436,0.025195131176186436,0.05985809161643366
solid_fuels,2017-04-01,False,0.021302775393380494,0.021302775393380494,0.023822384967901275,0.0,0.0,0.0,0.0,0.0,0.0,0.0,0.0,0.0,0.0,0.0,0.0,0.0,0.0,0.0009760859730558735,-0.012776586578981508,-0.014756785245843673,-0.01574835696813892,-0.01574835696813892,-0.01574835696813892,0.004870930234596393,0.015504186535965303,0.018384649401319564,0.02030035879945835,0.02030035879945835,0.023167059281534286,0.05955659425037848
solid_fuels,2017-05-01,False,0.019807510120600516,0.019807510120600516,0.02402838141350875,0.0,0.0,0.0,0.0,0.0,0.0,0.0,0.0,0.0,0.0,0.0,0.0,0.0,0.0009760859730558735,-0.012776586578981508,-0.014756785245843673,-0.01574835696813892,-0.01574835696813892,-0.01574835696813892,0.004870930234596393,0.015504186535965303,0.018384649401319564,0.02030035879945835,0.02030035879945835,0.023167059281534286,0.022212405271083924,0.05925903928401015
solid_fuels,2017-06-01,False,0.018130854755230734,0.018130854755230734,0.0231854075629179,0.0,0.0,0.0,0.0,0.0,0.0,0.0,0.0,0.0,0.0,0.0,0.0,0.0,-0.013752672552037382,-0.015732871218899547,-0.016724442941194795,-0.016724442941194795,-0.016724442941194795,0.00389484426154052,0.01452810056290943,0.01740856342826369,0.019324272826402478,0.019324272826402478,0.022190973308478412,0.02123631929802805,-0.006852694462041065,0.05896495028518843
solid_fuels,2017-07-01,False,0.003467925199633335,0.003467925199633335,0.021847614470134818,0.0,0.0,0.0,0.0,0.0,0.0,0.0,0.0,0.0,0.0,0.0,0.0,0.0,-0.001980198666862165,-0.002971770389157413,-0.002971770389157413,-0.002971770389157413,0.0176475168135779,0.02828077311494681,0.031161235980301072,0.03307694537843986,0.03307694537843986,0.035943645860515794,0.03498899185006543,0.006899978089996317,0.0049334091179558115,0.05867520929387222
solid_fuels,2017-08-01,False,-0.0009080778268780055,-0.0009080778268780055,0.020501391870075325,0.0,0.0,0.0,0.0,0.0,0.0,0.0,0.0,0.0,0.0,0.0,0.0,0.0,-0.000991571722295248,-0.000991571722295248,-0.000991571722295248,0.019627715480440067,0.030260971781808976,0.03314143464716324,0.035057144045302024,0.035057144045302024,0.03792384452737796,0.0369691905169276,0.008880176756858482,0.006913607784817977,0.012801750410040391,0.05840595825420977
solid_fuels,2017-09-01,False,-0.0042074062809564165,-0.0042074062809564165,0.01940383722318889,0.0,0.0,0.0,0.0,0.0,0.0,0.0,0.0,0.0,0.0,0.0,0.0,0.0,0.0,0.0,0.020619287202735315,0.031252543504104224,0.034133006369458485,0.03604871576759727,0.03604871576759727,0.03891541624967321,0.037960762239222845,0.00987174847915373,0.007905179507113225,0.01379332213233564,0.01574835696813892,0.05817432224552441
solid_fuels,2017-10-01,False,-0.005934735519814466,-0.005934735519814466,0.018644952899018147,0.0,0.0,0.0,0.0,0.0,0.0,0.0,0.0,0.0,0.0,0.0,0.0,0.0,0.0,0.020619287202735315,0.031252543504104224,0.034133006369458485,0.03604871576759727,0.03604871576759727,0.03891541624967321,0.037960762239222845,0.00987174847915373,0.007905179507113225,0.01379332213233564,0.01574835696813892,0.011834457647002417,0.05799353437655697
solid_fuels,2017-11-01,False,-0.006263412597547364,-0.006263412597547364,0.018848555404564732,0.0,0.0,0.0,0.0,0.0,0.0,0.0,0.0,0.0,0.0,0.0,0.0,0.0,0.020619287202735315,0.031252543504104224,0.034133006369458485,0.03604871576759727,0.03604871576759727,0.03891541624967321,0.037960762239222845,0.00987174847915373,0.007905179507113225,0.01379332213233564,0.01574835696813892,0.011834457647002417,0.04746653723892358,0.057816280210045576
solid_fuels,2017-12-01,False,0.011156921789027606,0.011156921789027606,0.017197049374421958,0.0,0.0,0.0,0.0,0.0,0.0,0.0,0.0,0.0,0.0,0.0,0.0,0.0,0.01063325630136891,0.01351371916672317,0.015429428564861958,0.015429428564861958,0.018296129046937892,0.01734147503648753,-0.010747538723581584,-0.01271410769562209,-0.0068259650703996755,-0.004870930234596393,-0.008784829555732898,0.026847250036188264,0.01924987256224764,0.05760738182422617
solid_fuels,2018-01-01,False,0.019009672537150652,0.019009672537150652,0.017241108605347884,0.0,0.0,0.0,0.0,0.0,0.0,0.0,0.0,0.0,0.0,0.0,0.0,0.0,0.0028804628653542608,0.004796172263493048,0.004796172263493048,0.007662872745568983,0.006708218735118621,-0.021380795024950494,-0.023347363996991,-0.017459221371768585,-0.015504186535965303,-0.019418085857101808,0.016213993734819354,0.008616616260878729,0.028437935320533292,0.05735533186544604
solid_fuels,2018-02-01,False,0.019687581181735414,0.019687581181735414,0.017124812672646646,0.0,0.0,0.0,0.0,0.0,0.0,0.0,0.0,0.0,0.0,0.0,0.0,0.0,0.0019157093981387874,0.0019157093981387874,0.004782409880214722,0.00382775586976436,-0.024261257890304755,-0.02622782686234526,-0.020339684237122846,-0.018384649401319564,-0.02229854872245607,0.013333530869465093,0.005736153395524468,0.02555747245517903,0.02555747245517903,0.057098157235177784
solid_fuels,2018-03-01,False,0.01973085953661872,0.01973085953661872,0.01749550813479926,0.0,0.0,0.0,0.0,0.0,0.0,0.0,0.0,0.0,0.0,0.0,0.0,0.0,0.0,0.0028667004820759345,0.0019120464716255725,-0.026176967288443542,-0.028143536260484048,-0.022255393635261633,-0.02030035879945835,-0.024214258120594856,0.011417821471326306,0.0038204439973856807,0.023641763057040244,0.023641763057040244,0.024575906048837304,0.056840493225908666
solid_fuels,2018-04-01,False,0.018024305142520586,0.018024305142520586,0.017621246871939614,0.0,0.0,0.0,0.0,0.0,0.0,0.0,0.0,0.0,0.0,0.0,0.0,0.0,0.0028667004820759345,0.0019120464716255725,-0.026176967288443542,-0.028143536260484048,-0.022255393635261633,-0.02030035879945835,-0.024214258120594856,0.011417821471326306,0.0038204439973856807,0.023641763057040244,0.023641763057040244,0.024575906048837304,0.027373110669898892,0.056585904104685246
solid_fuels,2018-05-01,False,0.01878215578797541,0.01878215578797541,0.016554540706516,0.0,0.0,0.0,0.0,0.0,0.0,0.0,0.0,0.0,0.0,0.0,0.0,0.0,-0.000954654010450362,-0.029043667770519477,-0.031010236742559982,-0.025122094117337568,-0.023167059281534286,-0.02708095860267079,0.008551120989250371,0.0009537435153097462,0.02077506257496431,0.02077506257496431,0.02170920556676137,0.024506410187822958,0.007604599385219402,0.056333225157448985
solid_fuels,2018-06-01,False,0.01499567011851486,0.01499567011851486,0.01972640342663808,0.0,0.0,0.0,0.0,0.0,0.0,0.0,0.0,0.0,0.0,0.0,0.0,0.0,-0.028089013760069115,-0.03005558273210962,-0.024167440106887206,-0.022212405271083924,-0.02612630459222043,0.009505774999700733,0.0019083975257601082,0.02172971658541467,0.02172971658541467,0.02266385957721173,0.02546106419827332,0.008559253395669764,0.017045867272988957,0.05608481476198472
solid_fuels,2018-07-01,False,-0.011476136205722368,-0.011476136205722368,0.02351732122483124,0.0,0.0,0.0,0.0,0.0,0.0,0.0,0.0,0.0,0.0,0.0,0.0,0.0,-0.0019665689720405055,0.003921573653181909,0.005876608488985191,0.0019627091678486863,0.03759478875976985,0.029997411285829223,0.049818730345483786,0.049818730345483786,0.050752873337280846,0.053550077958342435,0.03664826715573888,0.04513488103305807,0.050752873337280846,0.05584029364855016
solid_fuels,2018-08-01,False,-0.013928142080499539,-0.013928142080499539,0.026093640831235124,0.0,0.0,0.0,0.0,0.0,0.0,0.0,0.0,0.0,0.0,0.0,0.0,0.0,0.0058881426252224145,0.007843177461025697,0.003929278139889192,0.039561357731810354,0.03196398025786973,0.05178529931752429,0.05178529931752429,0.05271944230932135,0.05551664693038294,0.038614836127779384,0.04710145000509858,0.05271944230932135,0.05085028288661775,0.05562339123066057
solid_fuels,2018-09-01,False,-0.009656422663448303,-0.009656422663448303,0.027789518653510637,0.0,0.0,0.0,0.0,0.0,0.0,0.0,0.0,0.0,0.0,0.0,0.0,0.0,0.001955034835803282,-0.0019588644853332227,0.03367321510658794,0.026075837632647314,0.04589715669230188,0.04589715669230188,0.04683129968409894,0.049628504305160526,0.03272669350255697,0.04121330737987616,0.04683129968409894,0.044962140261395334,0.03839243103823442,0.05541877835708233
solid_fuels,2018-10-01,False,-0.009153938115319045,-0.009153938115319045,0.030426941093378814,0.0,0.0,0.0,0.0,0.0,0.0,0.0,0.0,0.0,0.0,0.0,0.0,0.0,-0.003913899321136505,0.03171818027078466,0.024120802796844032,0.043942121856498595,0.043942121856498595,0.044876264848295655,0.047673469469357244,0.030771658666753687,0.03925827254407288,0.044876264848295655,0.04300710542559205,0.03643739620243114,0.04019679912633656,0.05522459552013517
solid_fuels,2018-11-01,False,-0.01201898502677644,-0.01201898502677644,0.030125147668796162,0.0,0.0,0.0,0.0,0.0,0.0,0.0,0.0,0.0,0.0,0.0,0.0,0.0,0.03563207959192116,0.028034702117980537,0.0478560211776351,0.0478560211776351,0.04879016416943216,0.05158736879049375,0.03468555798789019,0.043172171865209386,0.04879016416943216,0.046921004746728556,0.04035129552356764,0.04411069844747306,0.05900855312811082,0.05503662934926768
solid_fuels,2018-12-01,False,0.01926351058327302,0.01926351058327302,0.033998056589464955,0.0,0.0,0.0,0.0,0.0,0.0,0.0,0.0,0.0,0.0,0.0,0.0,0.0,-0.007597377473940625,0.012223941585713938,0.012223941585713938,0.013158084577510998,0.015955289198572586,-0.0009465216040309699,0.007540092273288224,0.013158084577510998,0.011288925154807394,0.004719215931646481,0.0084786188555519,0.023376473536189657,0.047121881436991586,0.054853220354826454
solid_fuels,2019-01-01,False,0.011826891891126777,0.011826891891126777,0.03524350722898502,0.0,0.0,0.0,0.0,0.0,0.0,0.0,0.0,0.0,0.0,0.0,0.0,0.0,0.019821319059654563,0.019821319059654563,0.020755462051451623,0.02355266667251321,0.006650855869909655,0.015137469747228849,0.020755462051451623,0.01888630262874802,0.012316593405587106,0.016075996329492526,0.030973851010130282,0.05471925891093221,0.060119812090932534,0.05462696993803902
solid_fuels,2019-02-01,False,0.027957281622262582,0.027957281622262582,0.035869819995522384,0.0,0.0,0.0,0.0,0.0,0.0,0.0,0.0,0.0,0.0,0.0,0.0,0.0,0.0,0.0009341429917970601,0.0037313476128586487,-0.013170463189744908,-0.004683849312425714,0.0009341429917970601,-0.0009350164309065434,-0.007504725654067457,-0.0037453227301620373,0.01115253195047572,0.03489793985127765,0.04029849303127797,0.03128129938108959,0.0544010079187551
solid_fuels,2019-03-01,False,0.025957040926552072,0.025957040926552072,0.03726067332499825,0.0,0.0,0.0,0.0,0.0,0.0,0.0,0.0,0.0,0.0,0.0,0.0,0.0,0.0009341429917970601,0.0037313476128586487,-0.013170463189744908,-0.004683849312425714,0.0009341429917970601,-0.0009350164309065434,-0.007504725654067457,-0.0037453227301620373,0.01115253195047572,0.03489793985127765,0.04029849303127797,0.03128129938108959,0.04209221548530451,0.05417809104061136
solid_fuels,2019-04-01,False,0.024974709643355245,0.024974709643355245,0.03841360936901771,0.0,0.0,0.0,0.0,0.0,0.0,0.0,0.0,0.0,0.0,0.0,0.0,0.0,0.0027972046210615886,-0.014104606181541968,-0.005617992304222774,0.0,-0.0018691594227036035,-0.008438868645864517,-0.004679465721959097,0.01021838895867866,0.03396379685948059,0.03936435003948091,0.03034715638929253,0.04115807249350745,0.04115807249350745,0.05395778188185964
solid_fuels,2019-05-01,False,0.025381474879118144,0.025381474879118144,0.04221418668282889,0.0,0.0,0.0,0.0,0.0,0.0,0.0,0.0,0.0,0.0,0.0,0.0,0.0,-0.016901810802603556,-0.008415196925284363,-0.0027972046210615886,-0.004666364043765192,-0.011236073266926105,-0.007476670343020686,0.0074211843376170705,0.031166592238419,0.03656714541841932,0.02754995176823094,0.03836086787244586,0.03836086787244586,0.037464408825409024,0.0537397819399367
solid_fuels,2019-06-01,False,0.006889206484790734,0.006889206484790734,0.042288284403730225,0.0,0.0,0.0,0.0,0.0,0.0,0.0,0.0,0.0,0.0,0.0,0.0,0.0,0.008486613877319193,0.014104606181541968,0.012235446758838364,0.005665737535677451,0.00942514045958287,0.024322995140220627,0.048068403041022556,0.05346895622102288,0.0444517625708345,0.055262678675049415,0.055262678675049415,0.05436621962801258,0.05436621962801258,0.053524762006009335
solid_fuels,2019-07-01,False,0.010777746619628525,0.010777746619628525,0.04119823806492419,0.0,0.0,0.0,0.0,0.0,0.0,0.0,0.0,0.0,0.0,0.0,0.0,0.0,0.005617992304222774,0.0037488328815191707,-0.0028208763416417426,0.0009385265822636768,0.015836381262901433,0.03958178916370336,0.044982342343703685,0.0359651486935153,0.04677606479773022,0.04677606479773022,0.045879605750693386,0.045879605750693386,0.044982342343703685,0.053313604856533685
solid_fuels,2019-08-01,False,0.01205494050535368,0.01205494050535368,0.041199994902756595,0.0,0.0,0.0,0.0,0.0,0.0,0.0,0.0,0.0,0.0,0.0,0.0,0.0,-0.0018691594227036035,-0.008438868645864517,-0.004679465721959097,0.01021838895867866,0.03396379685948059,0.03936435003948091,0.03034715638929253,0.04115807249350745,0.04115807249350745,0.04026161344647061,0.04026161344647061,0.03936435003948091,0.04294858326729578,0.05319400241306361
solid_fuels,2019-09-01,False,0.006805141831664529,0.006805141831664529,0.04175763331893179,0.0,0.0,0.0,0.0,0.0,0.0,0.0,0.0,0.0,0.0,0.0,0.0,0.0,-0.006569709223160913,-0.002810306299255494,0.012087548381382263,0.03583295628218419,0.041233509462184514,0.03221631581199613,0.04302723191621105,0.04302723191621105,0.042130772869174216,0.042130772869174216,0.041233509462184514,0.044817742689999385,0.03673507632532225,0.05310375924509452
solid_fuels,2019-10-01,False,-0.002507838304963777,-0.002507838304963777,0.042135685241228835,0.0,0.0,0.0,0.0,0.0,0.0,0.0,0.0,0.0,0.0,0.0,0.0,0.0,0.0037594029239054194,0.018657257604543176,0.042402665505345105,0.04780321868534543,0.038786025035157046,0.049596941139371964,0.049596941139371964,0.04870048209233513,0.04870048209233513,0.04780321868534543,0.0513874519131603,0.04330478554848316,0.05228150651004171,0.053000174199224925
solid_fuels,2019-11-01,False,0.00023454908046993296,0.00023454908046993296,0.044149525162749254,0.0,0.0,0.0,0.0,0.0,0.0,0.0,0.0,0.0,0.0,0.0,0.0,0.0,0.014897854680637757,0.038643262581439686,0.04404381576144001,0.035026622111251626,0.045837538215466545,0.045837538215466545,0.04494107916842971,0.04494107916842971,0.04404381576144001,0.04762804898925488,0.03954538262457774,0.04852210358613629,0.06271932518971379,0.05290994002897389
solid_fuels,2019-12-01,False,0.011308307322703878,0.011308307322703878,0.042760413079949225,0.0,0.0,0.0,0.0,0.0,0.0,0.0,0.0,0.0,0.0,0.0,0.0,0.0,0.02374540790080193,0.029145961080802252,0.02012876743061387,0.030939683534828788,0.030939683534828788,0.030043224487791953,0.030043224487791953,0.029145961080802252,0.03273019430861712,0.024647527943939984,0.03362424890549853,0.047821470509076036,0.061819949315455425,0.05283606765476755
solid_fuels,2020-01-01,False,0.030080900003042504,0.030080900003042504,0.04180075306186344,0.0,0.0,0.0,0.0,0.0,0.0,0.0,0.0,0.0,0.0,0.0,0.0,0.0,0.005400553180000323,-0.0036166404701880595,0.007194275634026859,0.007194275634026859,0.006297816586990024,0.006297816586990024,0.005400553180000323,0.008984786407815193,0.0009021200431380549,0.009878841004696604,0.024076062608274107,0.038074541414653496,0.034593249822141736,0.05265117216239007
solid_fuels,2020-02-01,False,0.03161357491775862,0.03161357491775862,0.04243404634383091,0.0,0.0,0.0,0.0,0.0,0.0,0.0,0.0,0.0,0.0,0.0,0.0,0.0,-0.009017193650188382,0.0017937224540265362,0.0017937224540265362,0.0008972634069897012,0.0008972634069897012,0.0,0.0035842332278148703,-0.004498433136862268,0.004478287824696281,0.018675509428273784,0.03267398823465317,0.029192696642141414,0.03006415639228255,0.05249214768657198
solid_fuels,2020-03-01,False,0.020822168590951914,0.020822168590951914,0.04118228996641552,0.0,0.0,0.0,0.0,0.0,0.0,0.0,0.0,0.0,0.0,0.0,0.0,0.0,0.010810916104214918,0.010810916104214918,0.009914457057178083,0.009914457057178083,0.009017193650188382,0.012601426878003252,0.004518760513326114,0.013495481474884663,0.027692703078462166,0.041691181884841555,0.038209890292329796,0.03908135004247093,0.03733767043764402,0.052300381616363356
solid_fuels,2020-04-01,False,0.027479871526324775,0.027479871526324775,0.04031530389010086,0.0,0.0,0.0,0.0,0.0,0.0,0.0,0.0,0.0,0.0,0.0,0.0,0.0,0.0,-0.000896459047036835,-0.000896459047036835,-0.0017937224540265362,0.0017905107737883341,-0.006292155590888804,0.0026845653706697448,0.016881786974247248,0.030880265780626637,0.027398974188114877,0.028270433938256012,0.026526754333429103,0.028270433938256012,0.05211539766869993
solid_fuels,2020-05-01,False,0.02288533093753701,0.02288533093753701,0.03830048076643074,0.0,0.0,0.0,0.0,0.0,0.0,0.0,0.0,0.0,0.0,0.0,0.0,0.0,-0.000896459047036835,-0.000896459047036835,-0.0017937224540265362,0.0017905107737883341,-0.006292155590888804,0.0026845653706697448,0.016881786974247248,0.030880265780626637,0.027398974188114877,0.028270433938256012,0.026526754333429103,0.028270433938256012,0.029141134907499477,0.0519362296360774
solid_fuels,2020-06-01,False,0.018252260229801524,0.018252260229801524,0.03691117561667911,0.0,0.0,0.0,0.0,0.0,0.0,0.0,0.0,0.0,0.0,0.0,0.0,0.0,0.0,-0.0008972634069897012,0.002686969820825169,-0.005395696543851969,0.0035810244177065798,0.017778246021284083,0.03177672482766347,0.028295433235151712,0.029166892985292847,0.02742321338046594,0.029166892985292847,0.030037593954536312,0.029166892985292847,0.051766314133949005
solid_fuels,2020-07-01,False,0.014908792069554444,0.014908792069554444,0.03635409644018722,0.0,0.0,0.0,0.0,0.0,0.0,0.0,0.0,0.0,0.0,0.0,0.0,0.0,-0.0008972634069897012,0.002686969820825169,-0.005395696543851969,0.0035810244177065798,0.017778246021284083,0.03177672482766347,0.028295433235151712,0.029166892985292847,0.02742321338046594,0.029166892985292847,0.030037593954536312,0.029166892985292847,0.03177672482766347,0.05166636418395725
solid_fuels,2020-08-01,False,0.010679202040622083,0.010679202040622083,0.03505482945384308,0.0,0.0,0.0,0.0,0.0,0.0,0.0,0.0,0.0,0.0,0.0,0.0,0.0,0.0035842332278148703,-0.004498433136862268,0.004478287824696281,0.018675509428273784,0.03267398823465317,0.029192696642141414,0.03006415639228255,0.02832047678745564,0.03006415639228255,0.030934857361526014,0.03006415639228255,0.03267398823465317,0.03267398823465317,0.051544799697388115
solid_fuels,2020-09-01,False,0.009737175277858024,0.009737175277858024,0.03449638865894977,0.0,0.0,0.0,0.0,0.0,0.0,0.0,0.0,0.0,0.0,0.0,0.0,0.0,-0.008082666364677138,0.0008940545968814106,0.015091276200458914,0.029089755006838303,0.025608463414326543,0.026479923164467678,0.02473624355964077,0.026479923164467678,0.027350624133711143,0.026479923164467678,0.029089755006838303,0.029089755006838303,0.02822056764225156,0.051419414096103844
solid_fuels,2020-10-01,False,-0.0009013069560125535,-0.0009013069560125535,0.033201131394894744,0.0,0.0,0.0,0.0,0.0,0.0,0.0,0.0,0.0,0.0,0.0,0.0,0.0,0.008976720961558549,0.023173942565136052,0.03717242137151544,0.03369112977900368,0.034562589529144816,0.03281890992431791,0.034562589529144816,0.03543329049838828,0.034562589529144816,0.03717242137151544,0.03717242137151544,0.0363032340069287,0.04150706188195574,0.05132123398206425
solid_fuels,2020-11-01,False,0.0045530961284526465,0.0045530961284526465,0.031624932903585305,0.0,0.0,0.0,0.0,0.0,0.0,0.0,0.0,0.0,0.0,0.0,0.0,0.0,0.014197221603577503,0.028195700409956892,0.024714408817445133,0.025585868567586267,0.02384218896275936,0.025585868567586267,0.026456569536829733,0.025585868567586267,0.028195700409956892,0.028195700409956892,0.02732651304537015,0.032530340920397194,0.04285745507624661,0.051277248427496085
solid_fuels,2020-12-01,False,0.015538603427779385,0.015538603427779385,0.030008487722329603,0.0,0.0,0.0,0.0,0.0,0.0,0.0,0.0,0.0,0.0,0.0,0.0,0.0,0.013998478806379389,0.01051718721386763,0.011388646964008764,0.009644967359181855,0.011388646964008764,0.01225934793325223,0.011388646964008764,0.013998478806379389,0.013998478806379389,0.013129291441792645,0.01833311931681969,0.028660233472669105,0.03293191873797241,0.051229437725178004
solid_fuels,2021-01-01,False,0.02559259753064786,0.02559259753064786,0.031737088915145865,0.0,0.0,0.0,0.0,0.0,0.0,0.0,0.0,0.0,0.0,0.0,0.0,0.0,-0.0034812915925117593,-0.0026098318423706246,-0.004353511447197533,-0.0026098318423706246,-0.0017391308731271593,-0.0026098318423706246,0.0,0.0,-0.0008691873645867432,0.004334640510440302,0.014661754666289717,0.01893343993159302,0.04584843720287246,0.051118485823432216
solid_fuels,2021-02-01,False,0.019218665315555505,0.019218665315555505,0.032997640345622456,0.0,0.0,0.0,0.0,0.0,0.0,0.0,0.0,0.0,0.0,0.0,0.0,0.0,0.0008714597501411347,-0.000872219854685774,0.0008714597501411347,0.0017421607193846,0.0008714597501411347,0.0034812915925117593,0.0034812915925117593,0.002612104227925016,0.007815932102952061,0.018143046258801476,0.02241473152410478,0.04932972879538422,0.05429662642372168,0.0509512069723035
solid_fuels,2021-03-01,False,0.017649024619110592,0.017649024619110592,0.03699290389167466,0.0,0.0,0.0,0.0,0.0,0.0,0.0,0.0,0.0,0.0,0.0,0.0,0.0,-0.0017436796048269088,0.0,0.0008707009692434653,0.0,0.0026098318423706246,0.0026098318423706246,0.0017406444777838814,0.0069444723528109265,0.01727158650866034,0.021543271773963646,0.048458269045243085,0.05342516667358055,0.071428926284832,0.050784312844063775
solid_fuels,2021-04-01,False,0.013838771099970056,0.013838771099970056,0.04377524089233041,0.0,0.0,0.0,0.0,0.0,0.0,0.0,0.0,0.0,0.0,0.0,0.0,0.0,0.0017436796048269088,0.002614380574070374,0.0017436796048269088,0.004353511447197533,0.004353511447197533,0.00348432408261079,0.008688151957637835,0.01901526611348725,0.023286951378790555,0.050201948650069994,0.05516884627840746,0.0731726058896589,0.10823595875785408,0.05063913368505484
solid_fuels,2021-05-01,False,0.013005224581107146,0.013005224581107146,0.05201000197398125,0.0,0.0,0.0,0.0,0.0,0.0,0.0,0.0,0.0,0.0,0.0,0.0,0.0,0.0008707009692434653,0.0,0.0026098318423706246,0.0026098318423706246,0.0017406444777838814,0.0069444723528109265,0.01727158650866034,0.021543271773963646,0.048458269045243085,0.05342516667358055,0.071428926284832,0.10649227915302717,0.12588024588900204,0.05047879283092453
solid_fuels,2021-06-01,False,0.011305324450626274,0.011305324450626274,0.0628315192638637,0.0,0.0,0.0,0.0,0.0,0.0,0.0,0.0,0.0,0.0,0.0,0.0,0.0,-0.0008707009692434653,0.0017391308731271593,0.0017391308731271593,0.0008699435085404161,0.006073771383567461,0.016400885539416876,0.02067257080472018,0.04758756807599962,0.05255446570433708,0.07055822531558853,0.1056215781837837,0.12500954491975858,0.15303106784241738,0.05032496336016044
solid_fuels,2021-07-01,False,0.008016951326788714,0.008016951326788714,0.07767069516895542,0.0,0.0,0.0,0.0,0.0,0.0,0.0,0.0,0.0,0.0,0.0,0.0,0.0,0.0026098318423706246,0.0026098318423706246,0.0017406444777838814,0.0069444723528109265,0.01727158650866034,0.021543271773963646,0.048458269045243085,0.05342516667358055,0.071428926284832,0.10649227915302717,0.12588024588900204,0.15390176881166084,0.20414895983847625,0.05018006534912955
solid_fuels,2021-08-01,False,0.007995971947038185,0.007995971947038185,0.09602647420540807,0.0,0.0,0.0,0.0,0.0,0.0,0.0,0.0,0.0,0.0,0.0,0.0,0.0,0.0,-0.0008691873645867432,0.004334640510440302,0.014661754666289717,0.01893343993159302,0.04584843720287246,0.050815334831209924,0.06881909444246137,0.10388244731065654,0.12327041404663142,0.15129193696929022,0.20153912799610563,0.23849000302881684,0.05004406964131521
solid_fuels,2021-09-01,False,0.0049354142858460855,0.0049354142858460855,0.11552479393909251,0.0,0.0,0.0,0.0,0.0,0.0,0.0,0.0,0.0,0.0,0.0,0.0,0.0,-0.0008691873645867432,0.004334640510440302,0.014661754666289717,0.01893343993159302,0.04584843720287246,0.050815334831209924,0.06881909444246137,0.10388244731065654,0.12327041404663142,0.15129193696929022,0.20153912799610563,0.23849000302881684,0.2601563888173075,0.04991834886103177
solid_fuels,2021-10-01,False,0.0018858350406527372,0.0018858350406527372,0.13628521710561342,0.0,0.0,0.0,0.0,0.0,0.0,0.0,0.0,0.0,0.0,0.0,0.0,0.0,0.005203827875027045,0.01553094203087646,0.019802627296179764,0.046717624567459204,0.05168452219579667,0.06968828180704811,0.10475163467524329,0.12413960141121816,0.15216112433387696,0.20240831536069237,0.2393591903934036,0.26102557618189426,0.2802633170643354,0.049795197205541035
solid_fuels,2021-11-01,False,0.005131366732282958,0.005131366732282958,0.16044989701941445,0.0,0.0,0.0,0.0,0.0,0.0,0.0,0.0,0.0,0.0,0.0,0.0,0.0,0.010327114155849415,0.01459879942115272,0.04151379669243216,0.04648069432076962,0.06448445393202107,0.09954780680021624,0.11893577353619111,0.14695729645884992,0.19720448748566533,0.23415536251837654,0.2558217483068672,0.27505948918930834,0.3206532606777257,0.04970927890377338
solid_fuels,2021-12-01,False,0.013359388517368722,0.013359388517368722,0.18436740864177595,0.0,0.0,0.0,0.0,0.0,0.0,0.0,0.0,0.0,0.0,0.0,0.0,0.0,0.004271685265303304,0.031186682536582744,0.03615358016492021,0.054157339776171654,0.08922069264436683,0.1086086593803417,0.1366301823030005,0.1868773733298159,0.22382824836252713,0.2454946341510178,0.2647323750334589,0.3103261465218763,0.3096982030161559,0.04959635752447965
solid_fuels,2022-01-01,False,0.015392078228122885,0.015392078228122885,0.2029452508458154,0.0,0.0,0.0,0.0,0.0,0.0,0.0,0.0,0.0,0.0,0.0,0.0,0.0,0.02691499727127944,0.0318818948996169,0.04988565451086835,0.08494900737906352,0.1043369741150384,0.1323584970376972,0.1826056880645126,0.21955656309722382,0.2412229488857145,0.2604606897681556,0.306054461256573,0.3054265177508526,0.3029107931536057,0.04945071185769927
solid_fuels,2022-02-01,False,0.03590670846324362,0.03590670846324362,0.22153721742512017,0.0,0.0,0.0,0.0,0.0,0.0,0.0,0.0,0.0,0.0,0.0,0.0,0.0,0.004966897628337463,0.02297065723958891,0.058034010107784084,0.07742197684375896,0.10544349976641776,0.15569069079323317,0.19264156582594438,0.21430795161443505,0.23354569249687618,0.27913946398529355,0.27851152047957317,0.27599579588232626,0.28913330106762825,0.0492954131326194
solid_fuels,2022-03-01,False,0.03579690861996128,0.03579690861996128,0.237467587433134,0.0,0.0,0.0,0.0,0.0,0.0,0.0,0.0,0.0,0.0,0.0,0.0,0.0,0.018003759611251446,0.05306711247944662,0.07245507921542149,0.1004766021380803,0.1507237931648957,0.18767466819760692,0.2093410539860976,0.22857879486853871,0.2741725663569561,0.2735446228512357,0.2710288982539888,0.2841664034392908,0.29282982396149837,0.04915139282518758
solid_fuels,2022-04-01,False,0.046198230108602974,0.046198230108602974,0.2461343524775564,0.0,0.0,0.0,0.0,0.0,0.0,0.0,0.0,0.0,0.0,0.0,0.0,0.0,0.035063352868195174,0.054451319604170045,0.08247284252682885,0.13272003355364426,0.16967090858635547,0.19133729437484615,0.21057503525728727,0.25616880674570464,0.25554086323998426,0.25302513864273735,0.26616264382803934,0.2748260643502469,0.25867664505066834,0.04902059466426984
solid_fuels,2022-05-01,False,0.06916068957254075,0.06916068957254075,0.2514850555692769,0.0,0.0,0.0,0.0,0.0,0.0,0.0,0.0,0.0,0.0,0.0,0.0,0.0,0.01938796673597487,0.047409489658633674,0.09765668068544908,0.1346075557181603,0.15627394150665097,0.1755116823890921,0.22110545387750946,0.2204775103717891,0.21796178577454217,0.23109929095984416,0.23976271148205175,0.22361329218247317,0.22298692197721515,0.048924442109783736
solid_fuels,2022-06-01,False,0.07610886977509278,0.07610886977509278,0.2518271408861193,0.0,0.0,0.0,0.0,0.0,0.0,0.0,0.0,0.0,0.0,0.0,0.0,0.0,0.028021522922658804,0.07826871394947421,0.11521958898218543,0.1368859747706761,0.15612371565311722,0.2017174871415346,0.20108954363581422,0.1985738190385673,0.2117113242238693,0.22037474474607688,0.2042253254464983,0.20359895524124028,0.2004612055692725,0.048869044068807085
solid_fuels,2022-07-01,False,0.0887101508837048,0.0887101508837048,0.24376477254530401,0.0,0.0,0.0,0.0,0.0,0.0,0.0,0.0,0.0,0.0,0.0,0.0,0.0,0.05024719102681541,0.08719806605952662,0.1088644518480173,0.12810219273045842,0.1736959642188758,0.1730680207131554,0.1705522961159085,0.1836898013012105,0.19235322182341807,0.1762038025238395,0.17557743231858147,0.1724396826466137,0.16929205650362,0.048885889247116183
solid_fuels,2022-08-01,False,0.11702870375896819,0.11702870375896819,0.2292377859584704,0.0,0.0,0.0,0.0,0.0,0.0,0.0,0.0,0.0,0.0,0.0,0.0,0.0,0.03695087503271122,0.05861726082120189,0.07785500170364301,0.12344877319206038,0.12282082968634,0.12030510508909309,0.13344261027439508,0.14210603079660267,0.12595661149702408,0.12533024129176606,0.12219249161979828,0.1190448654768046,0.1146214775376535,0.0490401194943451
solid_fuels,2022-09-01,False,0.130049959444437,0.130049959444437,0.2116424270036265,0.0,0.0,0.0,0.0,0.0,0.0,0.0,0.0,0.0,0.0,0.0,0.0,0.0,0.021666385788490672,0.040904126670931795,0.08649789815934916,0.08586995465362879,0.08335423005638187,0.09649173524168386,0.10515515576389145,0.08900573646431287,0.08837936625905485,0.08524161658708707,0.08209399044409338,0.07767060250494229,0.08209399044409338,0.049371260308581376
solid_fuels,2022-10-01,False,0.1280287467006481,0.1280287467006481,0.19149289702147357,0.0,0.0,0.0,0.0,0.0,0.0,0.0,0.0,0.0,0.0,0.0,0.0,0.0,0.019237740882441123,0.06483151237085849,0.06420356886513812,0.0616878442678912,0.07482534945319319,0.08348876997540078,0.0673393506758222,0.06671298047056418,0.0635752307985964,0.06042760465560271,0.056004216716451616,0.06042760465560271,0.05979688877219047,0.049968687855080844
solid_fuels,2022-11-01,False,0.12325956825467087,0.12325956825467087,0.16320932440641267,0.0,0.0,0.0,0.0,0.0,0.0,0.0,0.0,0.0,0.0,0.0,0.0,0.0,0.04559377148841737,0.04496582798269699,0.04245010338545008,0.05558760857075207,0.06425102909295966,0.04810160979338107,0.04747523958812305,0.04433748991615527,0.041189863773161584,0.03676647583401049,0.041189863773161584,0.04055914788974935,0.024660561821951532,0.050898357565909796
solid_fuels,2022-12-01,False,0.13889655003830598,0.13889655003830598,0.13555057175263271,0.0,0.0,0.0,0.0,0.0,0.0,0.0,0.0,0.0,0.0,0.0,0.0,0.0,-0.0006279435057203742,-0.0031436681029672897,0.0099938370823347,0.018657257604542288,0.0025078383049637054,0.0018814680997056854,-0.0012562815722620968,-0.004403907715255784,-0.008827295654406875,-0.004403907715255784,-0.00503462359866802,-0.020933209666465835,-0.026719146733509724,0.052149632199296116
solid_fuels,2023-01-01,False,0.1153323663777582,0.1153323663777582,0.1112132649581637,0.0,0.0,0.0,0.0,0.0,0.0,0.0,0.0,0.0,0.0,0.0,0.0,0.0,-0.0025157245972469156,0.010621780588055074,0.019285201110262662,0.0031357818106840796,0.0025094116054260596,-0.0006283380665417226,-0.0037759642095354096,-0.0081993521486865,-0.0037759642095354096,-0.004406680092947646,-0.02030526616074546,-0.02609120322778935,-0.021588139973634846,0.05364201745078758
solid_fuels,2023-02-01,False,0.0911417178775523,0.0911417178775523,0.08462100821864986,0.0,0.0,0.0,0.0,0.0,0.0,0.0,0.0,0.0,0.0,0.0,0.0,0.0,0.01313750518530199,0.021800925707509577,0.005651506407930995,0.005025136202672975,0.001887386530705193,-0.001260239612288494,-0.005683627551439585,-0.001260239612288494,-0.0018909554957007302,-0.017789541563498545,-0.023575478630542435,-0.01907241537638793,-0.02874678944392084,0.055394790018352916
solid_fuels,2023-03-01,False,0.08171439627354732,0.08171439627354732,0.05835261136741901,0.0,0.0,0.0,0.0,0.0,0.0,0.0,0.0,0.0,0.0,0.0,0.0,0.0,0.008663420522207588,-0.007485998777370995,-0.008112368982629015,-0.011250118654596797,-0.014397744797590484,-0.018821132736741575,-0.014397744797590484,-0.01502846068100272,-0.030927046748800535,-0.036712983815844424,-0.03220992056168992,-0.04188429462922283,-0.04058895766053716,0.057037096932168414
solid_fuels,2023-04-01,False,0.07034710201216,0.07034710201216,0.038048803188278746,0.0,0.0,0.0,0.0,0.0,0.0,0.0,0.0,0.0,0.0,0.0,0.0,0.0,-0.016149419299578582,-0.016775789504836602,-0.019913539176804385,-0.02306116531979807,-0.027484553258949163,-0.02306116531979807,-0.023691881203210308,-0.03959046727100812,-0.04537640433805201,-0.04087334108389751,-0.05054771515143042,-0.04925237818274475,-0.04602135760129844,0.0589240881049703
solid_fuels,2023-05-01,False,0.03948791645483184,0.03948791645483184,0.019939929186531286,0.0,0.0,0.0,0.0,0.0,0.0,0.0,0.0,0.0,0.0,0.0,0.0,0.0,-0.00062637020525802,-0.003764119877225802,-0.006911746020219489,-0.01133513395937058,-0.006911746020219489,-0.007542461903631725,-0.02344104797142954,-0.02922698503847343,-0.024723921784318925,-0.034398295851851834,-0.03310295888316617,-0.029871938301719858,-0.024723921784318925,0.06069819966954534
solid_fuels,2023-06-01,False,0.025060788128091215,0.025060788128091215,0.00427510938084193,0.0,0.0,0.0,0.0,0.0,0.0,0.0,0.0,0.0,0.0,0.0,0.0,0.0,-0.003137749671967782,-0.006285375814961469,-0.01070876375411256,-0.006285375814961469,-0.006916091698373705,-0.02281467776617152,-0.02860061483321541,-0.024097551579060905,-0.033771925646593814,-0.03247658867790815,-0.029245568096461838,-0.024097551579060905,-0.027956077266590107,0.06208966398459005
solid_fuels,2023-07-01,False,0.012438233509819683,0.012438233509819683,-0.007347493389123754,0.0,0.0,0.0,0.0,0.0,0.0,0.0,0.0,0.0,0.0,0.0,0.0,0.0,-0.003147626142993687,-0.007571014082144778,-0.003147626142993687,-0.003778342026405923,-0.01967692809420374,-0.025462865161247628,-0.020959801907093123,-0.030634175974626032,-0.029338839005940365,-0.026107818424494056,-0.020959801907093123,-0.024818327594622325,-0.028691799190418976,0.06332790842414987
solid_fuels,2023-08-01,False,0.0029467501853411657,0.0029467501853411657,-0.015620336725704604,0.0,0.0,0.0,0.0,0.0,0.0,0.0,0.0,0.0,0.0,0.0,0.0,0.0,-0.004423387939151091,0.0,-0.0006307158834122362,-0.01652930195121005,-0.02231523901825394,-0.017812175764099436,-0.027486549831632345,-0.026191212862946678,-0.02296019228150037,-0.017812175764099436,-0.021670701451628638,-0.02554417304742529,-0.028783566874676758,0.06422530472170646
solid_fuels,2023-09-01,False,-0.005631149264318405,-0.005631149264318405,-0.02303099939530297,0.0,0.0,0.0,0.0,0.0,0.0,0.0,0.0,0.0,0.0,0.0,0.0,0.0,0.004423387939151091,0.003792672055738855,-0.01210591401205896,-0.01789185107910285,-0.013388787824948345,-0.023063161892481254,-0.021767824923795587,-0.018536804342349278,-0.013388787824948345,-0.017247313512477547,-0.021120785108274198,-0.024360178935525667,-0.025658880416762564,0.06459869946984417
solid_fuels,2023-10-01,False,-0.004926892926694576,-0.004926892926694576,-0.028749195421085602,0.0,0.0,0.0,0.0,0.0,0.0,0.0,0.0,0.0,0.0,0.0,0.0,0.0,-0.0006307158834122362,-0.01652930195121005,-0.02231523901825394,-0.017812175764099436,-0.027486549831632345,-0.026191212862946678,-0.02296019228150037,-0.017812175764099436,-0.021670701451628638,-0.02554417304742529,-0.028783566874676758,-0.030082268355913655,-0.029432706787117624,0.06470724677780396
solid_fuels,2023-11-01,False,-0.005086934429637045,-0.005086934429637045,-0.028314552547482427,0.0,0.0,0.0,0.0,0.0,0.0,0.0,0.0,0.0,0.0,0.0,0.0,0.0,-0.015898586067797815,-0.021684523134841704,-0.0171814598806872,-0.02685583394822011,-0.02556049697953444,-0.022329476398088133,-0.0171814598806872,-0.0210399855682164,-0.024913457164013053,-0.028152850991264522,-0.02945155247250142,-0.028801990903705388,-0.03140277260376312,0.06470032980225691
solid_fuels,2023-12-01,False,-0.017999427176609892,-0.017999427176609892,-0.027458757030602143,0.0,0.0,0.0,0.0,0.0,0.0,0.0,0.0,0.0,0.0,0.0,0.0,0.0,-0.005785937067043889,-0.0012828738128893846,-0.010957247880422294,-0.009661910911736626,-0.0064308903302903175,-0.0012828738128893846,-0.005141399500418586,-0.009014871096215238,-0.012254264923466707,-0.013552966404703604,-0.012903404835907573,-0.015504186535965303,-0.021380795024950494,0.06458840891900623
solid_fuels,2024-01-01,False,-0.021369015954436382,-0.021369015954436382,-0.02761075087112464,0.0,0.0,0.0,0.0,0.0,0.0,0.0,0.0,0.0,0.0,0.0,0.0,0.0,0.004503063254154505,-0.005171310813378405,-0.003875973844692737,-0.0006449532632464283,0.004503063254154505,0.0006445375666253028,-0.0032289340291713486,-0.0064683278564228175,-0.007767029337659714,-0.007117467768863683,-0.009718249468921414,-0.015594857957906605,-0.016249951332136803,0.0644092296270917
solid_fuels,2024-02-01,False,-0.014549186710365791,-0.014549186710365791,-0.025108156579702504,0.0,0.0,0.0,0.0,0.0,0.0,0.0,0.0,0.0,0.0,0.0,0.0,0.0,-0.00967437406753291,-0.008379037098847242,-0.005148016517400933,0.0,-0.0038585256875292018,-0.007731997283325853,-0.010971391110577322,-0.012270092591814219,-0.011620531023018188,-0.014221312723075918,-0.02009792121206111,-0.020753014586291307,-0.021408537389181248,0.06423178685054395
solid_fuels,2024-03-01,False,-0.019203071966064206,-0.019203071966064206,-0.021958894322860734,0.0,0.0,0.0,0.0,0.0,0.0,0.0,0.0,0.0,0.0,0.0,0.0,0.0,0.0012953369686856675,0.004526357550131976,0.00967437406753291,0.0058158483800037075,0.001942376784207056,-0.0012970170430444128,-0.0025957185242813097,-0.0019461569554852787,-0.004546938655543009,-0.0104235471445282,-0.011078640518758398,-0.011734163321648339,-0.0104235471445282,0.06405690643375071
solid_fuels,2024-04-01,False,-0.015255213548247805,-0.015255213548247805,-0.020712228324601532,0.0,0.0,0.0,0.0,0.0,0.0,0.0,0.0,0.0,0.0,0.0,0.0,0.0,0.003231020581446309,0.008379037098847242,0.00452051141131804,0.0006470398155213886,-0.0025923540117300803,-0.003891055492966977,-0.003241493924170946,-0.005842275624228677,-0.011718884113213868,-0.012373977487444066,-0.013029500290334006,-0.011718884113213868,-0.011718884113213868,0.06390498645008426
solid_fuels,2024-05-01,False,-0.009843862926529967,-0.009843862926529967,-0.020374310471528215,0.0,0.0,0.0,0.0,0.0,0.0,0.0,0.0,0.0,0.0,0.0,0.0,0.0,0.005148016517400933,0.0012894908298717311,-0.0025839807659249203,-0.005823374593176389,-0.007122076074413286,-0.006472514505617255,-0.009073296205674986,-0.014949904694660177,-0.015604998068890374,-0.016260520871780315,-0.014949904694660177,-0.014949904694660177,-0.014949904694660177,0.06377555901787679
solid_fuels,2024-06-01,False,-0.003364040016713549,-0.003364040016713549,-0.019655461673803182,0.0,0.0,0.0,0.0,0.0,0.0,0.0,0.0,0.0,0.0,0.0,0.0,0.0,-0.0038585256875292018,-0.007731997283325853,-0.010971391110577322,-0.012270092591814219,-0.011620531023018188,-0.014221312723075918,-0.02009792121206111,-0.020753014586291307,-0.021408537389181248,-0.02009792121206111,-0.02009792121206111,-0.02009792121206111,-0.02009792121206111,0.06361919473079736
solid_fuels,2024-07-01,False,-0.00508797927016453,-0.00508797927016453,-0.01898961955560137,0.0,0.0,0.0,0.0,0.0,0.0,0.0,0.0,0.0,0.0,0.0,0.0,0.0,-0.0038734715957966515,-0.00711286542304812,-0.008411566904285017,-0.007762005335488986,-0.010362787035546717,-0.016239395524531908,-0.016894488898762106,-0.017550011701652046,-0.016239395524531908,-0.016239395524531908,-0.016239395524531908,-0.016239395524531908,-0.021492198147391228,0.06346624718932205
solid_fuels,2024-08-01,False,-0.006875832847465638,-0.006875832847465638,-0.01826485445185344,0.0,0.0,0.0,0.0,0.0,0.0,0.0,0.0,0.0,0.0,0.0,0.0,0.0,-0.003239393827251469,-0.004538095308488366,-0.0038885337396923347,-0.006489315439750065,-0.012365923928735256,-0.013021017302965454,-0.013676540105855395,-0.012365923928735256,-0.012365923928735256,-0.012365923928735256,-0.012365923928735256,-0.017618726551594577,-0.018936249798835014,0.06331285860036434
solid_fuels,2024-09-01,False,-0.0074349784875177545,-0.0074349784875177545,-0.016890830325281683,0.0,0.0,0.0,0.0,0.0,0.0,0.0,0.0,0.0,0.0,0.0,0.0,0.0,-0.0012987014812368969,-0.0006491399124408659,-0.0032499216124985963,-0.009126530101483787,-0.009781623475713985,-0.010437146278603926,-0.009126530101483787,-0.009126530101483787,-0.009126530101483787,-0.009126530101483787,-0.014379332724343108,-0.015696855971583545,-0.015037877364540542,0.06315876713086858
solid_fuels,2024-10-01,False,-0.006153865574378335,-0.006153865574378335,-0.01890436003087018,0.0,0.0,0.0,0.0,0.0,0.0,0.0,0.0,0.0,0.0,0.0,0.0,0.0,0.000649561568796031,-0.0019512201312616995,-0.00782782862024689,-0.008482921994477088,-0.009138444797367029,-0.00782782862024689,-0.00782782862024689,-0.00782782862024689,-0.00782782862024689,-0.013080631243106211,-0.014398154490346649,-0.013739175883303645,-0.05338158531609327,0.06300417259621847
solid_fuels,2024-11-01,False,-0.004481286013547978,-0.004481286013547978,-0.018270314092249343,0.0,0.0,0.0,0.0,0.0,0.0,0.0,0.0,0.0,0.0,0.0,0.0,0.0,-0.0026007817000577305,-0.008477390189042922,-0.00913248356327312,-0.00978800636616306,-0.008477390189042922,-0.008477390189042922,-0.008477390189042922,-0.008477390189042922,-0.013730192811902242,-0.01504771605914268,-0.014388737452099676,-0.0540311468848893,-0.010443959161083427,0.06286191515381684
solid_fuels,2024-12-01,False,-0.0060580020839154074,-0.0060580020839154074,-0.016976304098777442,0.0,0.0,0.0,0.0,0.0,0.0,0.0,0.0,0.0,0.0,0.0,0.0,0.0,-0.005876608488985191,-0.006531701863215389,-0.00718722466610533,-0.005876608488985191,-0.005876608488985191,-0.005876608488985191,-0.005876608488985191,-0.011129411111844512,-0.012446934359084949,-0.011787955752041945,-0.05143036518483157,-0.007843177461025697,-0.005876608488985191,0.0627196618985849
solid_fuels,2025-01-01,False,-0.00977524890464233,-0.00977524890464233,-0.014754589156195826,0.0,0.0,0.0,0.0,0.0,0.0,0.0,0.0,0.0,0.0,0.0,0.0,0.0,-0.0006550933742301979,-0.0013106161771201386,0.0,0.0,0.0,0.0,-0.0052528026228593205,-0.006570325870099758,-0.005911347263056754,-0.04555375669584638,-0.0019665689720405055,0.0,0.005225354802664839,0.0625598410506306
solid_fuels,2025-02-01,False,-0.00945710619232074,-0.00945710619232074,-0.014165314493873503,0.0,0.0,0.0,0.0,0.0,0.0,0.0,0.0,0.0,0.0,0.0,0.0,0.0,-0.0006555228028899407,0.0006550933742301979,0.0006550933742301979,0.0006550933742301979,0.0006550933742301979,-0.004597709248629123,-0.00591523249586956,-0.005256253888826556,-0.04489866332161618,-0.0013114755978103076,0.0006550933742301979,0.005880448176895037,-0.005256253888826556,0.06239917596160105
solid_fuels,2025-03-01,False,-0.008975988457151281,-0.008975988457151281,-0.013685026702297133,0.0,0.0,0.0,0.0,0.0,0.0,0.0,0.0,0.0,0.0,0.0,0.0,0.0,0.0013106161771201386,0.0013106161771201386,0.0013106161771201386,0.0013106161771201386,-0.003942186445739182,-0.005259709692979619,-0.004600731085936616,-0.04424314051872624,-0.000655952794920367,0.0013106161771201386,0.006535970979784977,-0.004600731085936616,-0.004600731085936616,0.0622427623357268
solid_fuels,2025-04-01,False,-0.006527438319963383,-0.006527438319963383,-0.013207636189295227,0.0,0.0,0.0,0.0,0.0,0.0,0.0,0.0,0.0,0.0,0.0,0.0,0.0,0.0,0.0,0.0,-0.0052528026228593205,-0.006570325870099758,-0.005911347263056754,-0.04555375669584638,-0.0019665689720405055,0.0,0.005225354802664839,-0.005911347263056754,-0.005911347263056754,-0.009210591430276693,0.06208327403531674
solid_fuels,2025-05-01,False,-0.004845260860587379,-0.004845260860587379,-0.010317530180256973,0.0,0.0,0.0,0.0,0.0,0.0,0.0,0.0,0.0,0.0,0.0,0.0,0.0,0.0,0.0,-0.0052528026228593205,-0.006570325870099758,-0.005911347263056754,-0.04555375669584638,-0.0019665689720405055,0.0,0.005225354802664839,-0.005911347263056754,-0.005911347263056754,-0.009210591430276693,0.014304535198236046,0.061925922559283225
solid_fuels,2025-06-01,False,-0.0034866019194858973,-0.0034866019194858973,-0.0077524000206991685,0.0,0.0,0.0,0.0,0.0,0.0,0.0,0.0,0.0,0.0,0.0,0.0,0.0,0.0,-0.0052528026228593205,-0.006570325870099758,-0.005911347263056754,-0.04555375669584638,-0.0019665689720405055,0.0,0.005225354802664839,-0.005911347263056754,-0.005911347263056754,-0.009210591430276693,0.014304535198236046,0.014304535198236046,0.061773106519631596
solid_fuels,2025-07-01,False,-0.0024527851394314827,-0.0024527851394314827,-0.0045854111677451756,0.0,0.0,0.0,0.0,0.0,0.0,0.0,0.0,0.0,0.0,0.0,0.0,0.0,-0.0052528026228593205,-0.006570325870099758,-0.005911347263056754,-0.04555375669584638,-0.0019665689720405055,0.0,0.005225354802664839,-0.005911347263056754,-0.005911347263056754,-0.009210591430276693,0.014304535198236046,0.014304535198236046,0.014949904694660177,0.061627792750023995
solid_fuels,2025-08-01,False,-0.006071066313061824,-0.006071066313061824,-0.0015281343365603532,0.0,0.0,0.0,0.0,0.0,0.0,0.0,0.0,0.0,0.0,0.0,0.0,0.0,-0.0013175232472404375,-0.0006585446401974338,-0.04030095407298706,0.003286233650818815,0.0052528026228593205,0.01047815742552416,-0.0006585446401974338,-0.0006585446401974338,-0.003957788807417373,0.019557337821095366,0.019557337821095366,0.020202707317519497,0.019557337821095366,0.06148065241985068
solid_fuels,2025-09-01,False,-0.0060790460763821145,-0.0060790460763821145,0.0018000823079671892,0.0,0.0,0.0,0.0,0.0,0.0,0.0,0.0,0.0,0.0,0.0,0.0,0.0,0.0006589786070430037,-0.03898343082574662,0.0046037568980592525,0.006570325870099758,0.011795680672764597,0.0006589786070430037,0.0006589786070430037,-0.0026402655601769354,0.020874861068335804,0.020874861068335804,0.021520230564759935,0.020874861068335804,0.026668247082160867,0.06133204560363339
solid_fuels,2025-10-01,False,-0.004272808472734038,-0.004272808472734038,,0.0,0.0,0.0,0.0,0.0,0.0,0.0,0.0,0.0,0.0,0.0,0.0,0.0,-0.03964240943278963,0.003944778291016249,0.005911347263056754,0.011136702065721593,0.0,0.0,-0.003299244167219939,0.0202158824612928,0.0202158824612928,0.02086125195771693,0.0202158824612928,0.026009268475117864,,0.06118292354024444
solid_fuels,2025-11-01,False,-0.03645331562091631,-0.03645331562091631,,0.0,0.0,0.0,0.0,0.0,0.0,0.0,0.0,0.0,0.0,0.0,0.0,0.0,0.043587187723805876,0.04555375669584638,0.05077911149851122,0.03964240943278963,0.03964240943278963,0.03634316526556969,0.05985829189408243,0.05985829189408243,0.06050366139050656,0.05985829189408243,0.06565167790790749,,,0.06103788597175909
solid_fuels,2025-12-01,False,0.0037252152206430304,0.0037252152206430304,,0.0,0.0,0.0,0.0,0.0,0.0,0.0,0.0,0.0,0.0,0.0,0.0,0.0,0.0019665689720405055,0.007191923774705344,-0.003944778291016249,-0.003944778291016249,-0.007244022458236188,0.01627110417027655,0.01627110417027655,0.016916473666700682,0.01627110417027655,0.022064490184101615,,,,0.06089505181526249
solid_fuels,2026-01-01,False,0.005472269319669308,0.005472269319669308,,0.0,0.0,0.0,0.0,0.0,0.0,0.0,0.0,0.0,0.0,0.0,0.0,0.0,0.005225354802664839,-0.005911347263056754,-0.005911347263056754,-0.009210591430276693,0.014304535198236046,0.014304535198236046,0.014949904694660177,0.014304535198236046,0.02009792121206111,,,,,0.06075042557917336
solid_fuels,2026-02-01,False,0.009710403069193773,0.009710403069193773,,0.0,0.0,0.0,0.0,0.0,0.0,0.0,0.0,0.0,0.0,0.0,0.0,0.0,-0.011136702065721593,-0.011136702065721593,-0.014435946232941532,0.009079180395571207,0.009079180395571207,0.009724549891995338,0.009079180395571207,0.01487256640939627,,,,,,0.06060307052800895
solid_fuels,2026-03-01,False,0.0,0.0,,0.0,0.0,0.0,0.0,0.0,0.0,0.0,0.0,0.0,0.0,0.0,0.0,0.0,0.0,-0.003299244167219939,0.0202158824612928,0.0202158824612928,0.02086125195771693,0.0202158824612928,0.026009268475117864,,,,,,,0.06045668671398126
solid_fuels,2026-04-01,False,0.0004941932396108003,0.0004941932396108003,,0.0,0.0,0.0,0.0,0.0,0.0,0.0,0.0,0.0,0.0,0.0,0.0,0.0,-0.003299244167219939,0.0202158824612928,0.0202158824612928,0.02086125195771693,0.0202158824612928,0.026009268475117864,,,,,,,,0.06031136738971215
solid_fuels,2026-05-01,False,-0.0017609513685451748,-0.0017609513685451748,,0.0,0.0,0.0,0.0,0.0,0.0,0.0,0.0,0.0,0.0,0.0,0.0,0.0,0.02351512662851274,0.02351512662851274,0.02416049612493687,0.02351512662851274,0.029308512642337803,,,,,,,,,0.0601679963639412
solid_fuels,2026-06-01,False,0.0185703332994488,0.0185703332994488,,0.0,0.0,0.0,0.0,0.0,0.0,0.0,0.0,0.0,0.0,0.0,0.0,0.0,0.0,0.0006453694964241308,0.0,0.005793386013825064,,,,,,,,,,0.060025074717161245
solid_fuels,2026-07-01,False,0.01692748752170644,0.01692748752170644,,0.0,0.0,0.0,0.0,0.0,0.0,0.0,0.0,0.0,0.0,0.0,0.0,0.0,0.0006453694964241308,0.0,0.005793386013825064,,,,,,,,,,,0.059882710850414175
solid_fuels,2026-08-01,False,0.015714222032736442,0.015714222032736442,,0.0,0.0,0.0,0.0,0.0,0.0,0.0,0.0,0.0,0.0,0.0,0.0,0.0,-0.0006453694964241308,0.005148016517400933,,,,,,,,,,,,0.05974082056599569
solid_fuels,2026-09-01,False,0.013431744394412795,0.013431744394412795,,0.0,0.0,0.0,0.0,0.0,0.0,0.0,0.0,0.0,0.0,0.0,0.0,0.0,0.005793386013825064,,,,,,,,,,,,,0.05960057255136556
