2026-09-02 23:12:12 | INFO     | energy_stress.forecast_pipeline | ========================================
2026-09-02 23:12:12 | INFO     | energy_stress.forecast_pipeline | STAGE 0: Loading raw UK data
2026-09-02 23:12:12 | INFO     | energy_stress.forecast_pipeline | ========================================
2026-09-02 23:12:12 | INFO     | energy_stress.data_loader | Detected common core-data end date: 2026-03-01 (gas=2026-03-01, elec=2026-03-01, carbon=2026-05-01)
2026-09-02 23:12:12 | INFO     | energy_stress.data_loader | ============================================================
2026-09-02 23:12:12 | INFO     | energy_stress.data_loader | Loading Dataset A — core energy-carbon series (all as YoY growth %)
2026-09-02 23:12:12 | INFO     | energy_stress.data_loader | ============================================================
2026-09-02 23:12:12 | INFO     | energy_stress.data_loader | [gas_growth] 255 obs | 2005-01-01 to 2026-03-01 | YoY % (source) | mean=9.775, range=[-38.300, 132.900]
2026-09-02 23:12:12 | INFO     | energy_stress.data_loader | [carbon_log_return] 251 obs | 2005-05-01 to 2026-03-01 | YoY % from EUA price | mean=5.979, range=[-670.930, 734.730]
2026-09-02 23:12:12 | INFO     | energy_stress.data_loader |   Transformation: EUA futures price (EUR/tonne) →   YoY log return = log(Price_t / Price_t-12) × 100 
2026-09-02 23:12:12 | WARNING  | energy_stress.data_loader | Core target rows with unavailable source history will be dropped:
carbon_growth    16
dtype: int64
2026-09-02 23:12:12 | INFO     | energy_stress.data_loader | Core dataset: 239 rows, 2006-05-01 to 2026-03-01
2026-09-02 23:12:12 | INFO     | energy_stress.data_loader |   All series are YoY growth rates (%) — conceptually consistent.
2026-09-02 23:12:12 | INFO     | energy_stress.data_loader | Core dataset saved → data/processed/core_energy_carbon.csv
2026-09-02 23:12:12 | INFO     | energy_stress.data_loader | ============================================================
2026-09-02 23:12:12 | INFO     | energy_stress.data_loader | Loading Dataset B — macro controls (UK-specific)
2026-09-02 23:12:12 | INFO     | energy_stress.data_loader | ============================================================
2026-09-02 23:12:12 | INFO     | energy_stress.data_loader | [inflation_growth] 255 obs | 2005-01-01 to 2026-03-01 | mean=1.5593%, range=[-1.1074, 6.6272]
2026-09-02 23:12:12 | INFO     | energy_stress.data_loader | [gdp_growth] 254 obs | 2005-01-01 to 2026-02-01 | type=MoM, mean=0.1299%, range=[-19.2000, 9.3000]
2026-09-02 23:12:16 | INFO     | energy_stress.data_loader | [weather] Filtered to UK: 1036 rows (country col='Entity')
2026-09-02 23:12:16 | INFO     | energy_stress.data_loader | [weather_volatility] 255 obs (UK-filtered) | mean=1.0298, range=[0.4249, 1.9903]
2026-09-02 23:12:16 | INFO     | energy_stress.data_loader |   Transformation: RollingStd(UK temperature anomaly, 12 months). Captures unusual weather instability relevant to energy stress.
2026-09-02 23:12:16 | INFO     | energy_stress.data_loader | [gas_futures] 255 obs | 2005-01-01 to 2026-03-01
2026-09-02 23:12:30 | INFO     | energy_stress.data_loader | [electricity_demand] 192 obs | 2009-01-01 to 2024-12-01
2026-09-02 23:12:30 | INFO     | energy_stress.data_loader | [gbp_eur_rate] 255 obs | 2005-01-01 to 2026-03-01 | mean=1.2239, range=[1.0867, 1.5079]
2026-09-02 23:12:30 | INFO     | energy_stress.data_loader |   Source: ONS XUMAERS (MRET) — average monthly EUR/GBP rate. YoY & MoM changes capture GBP depreciation relevant to EUR-priced energy inputs.
2026-09-02 23:12:30 | WARNING  | energy_stress.data_loader | inflation_growth has no real data after 2019-01-01 -- forward-filled (stale) for 86 months beyond that.
2026-09-02 23:12:30 | WARNING  | energy_stress.data_loader | electricity_demand_mean has no real data after 2024-12-01 -- forward-filled (stale) for 15 months beyond that.
2026-09-02 23:12:30 | INFO     | energy_stress.data_loader | Macro dataset: 255 rows, 2005-01-01 to 2026-03-01
2026-09-02 23:12:30 | INFO     | energy_stress.data_loader |   inflation_growth  : mean=1.5593%
2026-09-02 23:12:30 | INFO     | energy_stress.data_loader |   weather_volatility: mean=1.0298
2026-09-02 23:12:30 | INFO     | energy_stress.data_loader |   gdp_growth        : mean=0.1314%
2026-09-02 23:12:30 | INFO     | energy_stress.data_loader | Macro dataset saved → data/processed/macro_controls.csv
2026-09-02 23:12:30 | INFO     | energy_stress.forecast_pipeline | ========================================
2026-09-02 23:12:30 | INFO     | energy_stress.forecast_pipeline | STAGE 1: Preprocessing (core + macro, full history)
2026-09-02 23:12:30 | INFO     | energy_stress.forecast_pipeline | ========================================
2026-09-02 23:12:31 | DEBUG    | energy_stress.preprocessing | Loaded data/processed/core_energy_carbon.csv: (239, 4), range 2006-05-01 00:00:00 – 2026-03-01 00:00:00
2026-09-02 23:12:31 | INFO     | energy_stress.preprocessing | [core] No missing values detected
2026-09-02 23:12:31 | WARNING  | energy_stress.preprocessing | Outliers in 'gas_growth': 12 rows flagged
2026-09-02 23:12:31 | WARNING  | energy_stress.preprocessing | Outliers in 'electricity_growth': 12 rows flagged
2026-09-02 23:12:31 | WARNING  | energy_stress.preprocessing | Outliers in 'gas_growth_seasonal': 2 rows flagged
2026-09-02 23:12:31 | WARNING  | energy_stress.preprocessing | Outliers in 'gas_growth_irregular': 66 rows flagged
2026-09-02 23:12:31 | WARNING  | energy_stress.preprocessing | Outliers in 'electricity_growth_trend': 2 rows flagged
2026-09-02 23:12:31 | WARNING  | energy_stress.preprocessing | Outliers in 'electricity_growth_irregular': 48 rows flagged
2026-09-02 23:12:31 | WARNING  | energy_stress.preprocessing | Outliers in 'electricity_index_mom': 76 rows flagged
2026-09-02 23:12:31 | WARNING  | energy_stress.preprocessing | Outliers in 'post_2008_regime': 32 rows flagged
2026-09-02 23:12:31 | WARNING  | energy_stress.preprocessing | Outliers in 'low_price_regime': 36 rows flagged
2026-09-02 23:12:31 | INFO     | energy_stress.preprocessing | ADF [gas_growth]: stat=-3.1283, p=0.0245 → STATIONARY
2026-09-02 23:12:31 | INFO     | energy_stress.preprocessing | ADF [electricity_growth]: stat=-2.9957, p=0.0353 → STATIONARY
2026-09-02 23:12:31 | INFO     | energy_stress.preprocessing | ADF [carbon_growth]: stat=-3.9297, p=0.0018 → STATIONARY
2026-09-02 23:12:31 | INFO     | energy_stress.preprocessing | Saved processed data → data/processed/core_processed.csv
2026-09-02 23:12:31 | INFO     | energy_stress.preprocessing | Train: 116 rows (through 2015-12-01) | Test: 12 rows (2016-01-01..2016-12-01)
2026-09-02 23:12:31 | DEBUG    | energy_stress.preprocessing | Loaded data/processed/macro_controls.csv: (255, 47), range 2005-01-01 00:00:00 – 2026-03-01 00:00:00
2026-09-02 23:12:31 | WARNING  | energy_stress.preprocessing | [macro] Missing values found:
inflation_growth                             12
weather_volatility                            5
gas_futures_yoy_growth                        1
electricity_demand_mean                      48
electricity_demand_peak                      48
electricity_tsd_mean                         48
england_wales_demand_mean                    48
embedded_wind_generation_mean                48
embedded_solar_generation_mean               48
embedded_wind_capacity_mean                  48
embedded_solar_capacity_mean                 48
pump_storage_pumping_mean                    48
interconnector_net_flow_mean                 48
holiday_share                                48
electricity_demand_yoy_growth                60
electricity_peak_yoy_growth                  60
embedded_wind_generation_mean_yoy_growth     60
embedded_solar_generation_mean_yoy_growth    75
embedded_wind_capacity_mean_yoy_growth       60
embedded_solar_capacity_mean_yoy_growth      75
pump_storage_pumping_mean_yoy_growth         60
interconnector_net_flow_mean_yoy_growth      60
dtype: int64
2026-09-02 23:12:31 | INFO     | energy_stress.preprocessing | [macro] Remaining leading gaps filled with neutral 0.0: ['inflation_growth', 'weather_volatility', 'gas_futures_yoy_growth', 'electricity_demand_mean', 'electricity_demand_peak', 'electricity_tsd_mean', 'england_wales_demand_mean', 'embedded_wind_generation_mean', 'embedded_solar_generation_mean', 'embedded_wind_capacity_mean', 'embedded_solar_capacity_mean', 'pump_storage_pumping_mean', 'interconnector_net_flow_mean', 'holiday_share', 'electricity_demand_yoy_growth', 'electricity_peak_yoy_growth', 'embedded_wind_generation_mean_yoy_growth', 'embedded_solar_generation_mean_yoy_growth', 'embedded_wind_capacity_mean_yoy_growth', 'embedded_solar_capacity_mean_yoy_growth', 'pump_storage_pumping_mean_yoy_growth', 'interconnector_net_flow_mean_yoy_growth']
2026-09-02 23:12:31 | INFO     | energy_stress.preprocessing | [macro] Missing values filled without backward-fill
2026-09-02 23:12:31 | INFO     | energy_stress.preprocessing | Saved processed data → data/processed/macro_processed.csv
2026-09-02 23:12:31 | INFO     | energy_stress.preprocessing | Train: 132 rows (through 2015-12-01) | Test: 12 rows (2016-01-01..2016-12-01)
2026-09-02 23:12:32 | INFO     | energy_stress.forecast_pipeline | Auto-detected forecast window: train<2023-12-01, validate=2024-01-01..2024-12-01, refit<=2024-12-01, forecast=2025-01-01..2025-12-01
2026-09-02 23:12:32 | INFO     | energy_stress.preprocessing | Train: 212 rows (through 2023-12-01) | Test: 12 rows (2024-01-01..2024-12-01)
2026-09-02 23:12:32 | INFO     | energy_stress.forecast_pipeline | ========================================
2026-09-02 23:12:32 | INFO     | energy_stress.forecast_pipeline | STAGE 2: Hyperparameter tuning
2026-09-02 23:12:32 | INFO     | energy_stress.forecast_pipeline | ========================================
2026-09-02 23:12:32 | INFO     | energy_stress.tuning | Tuning gas/core/SARIMA candidate 1/1: {}
2026-09-02 23:12:32 | INFO     | energy_stress.sarima | [SARIMA-CORE] Fitting on gas (train=212 obs)
2026-09-02 23:16:10 | INFO     | energy_stress.sarima | SARIMA best order: (2, 0, 1) × (2, 1, 1, 12)
2026-09-02 23:16:11 | INFO     | energy_stress.sarima | [SARIMA-CORE gas] validation: MAE=13.5782, RMSE=14.2818, MAPE=70.93%
2026-09-02 23:16:12 | INFO     | energy_stress.sarima | [SARIMA-CORE] Forecast saved → outputs/tuning/forecasts/gas/core/sarima/candidate_01/gas_growth_pct_forecasts_sarima_core.csv
2026-09-02 23:16:12 | INFO     | energy_stress.tuning | Tuning gas/core/Prophet candidate 1/16: {'changepoint_prior_scale': 0.001, 'seasonality_prior_scale': 1.0, 'seasonality_mode': 'additive'}
2026-09-02 23:16:12 | INFO     | energy_stress.prophet | [Prophet-CORE] Fitting on gas (train=212 obs, regressors=False, cps=0.001, sps=1.0, reg_ps=n/a, seasonality=additive)
2026-09-02 23:16:13 | INFO     | energy_stress.prophet | [Prophet-CORE gas] validation: MAE=39.5690, RMSE=41.1502
2026-09-02 23:16:13 | INFO     | energy_stress.prophet | [Prophet-CORE] Forecast saved → outputs/tuning/forecasts/gas/core/prophet/candidate_01/gas_growth_pct_forecasts_prophet_core.csv
2026-09-02 23:16:13 | INFO     | energy_stress.tuning | Tuning gas/core/Prophet candidate 2/16: {'changepoint_prior_scale': 0.001, 'seasonality_prior_scale': 1.0, 'seasonality_mode': 'multiplicative'}
2026-09-02 23:16:13 | INFO     | energy_stress.prophet | [Prophet-CORE] Fitting on gas (train=212 obs, regressors=False, cps=0.001, sps=1.0, reg_ps=n/a, seasonality=multiplicative)
2026-09-02 23:16:14 | INFO     | energy_stress.prophet | [Prophet-CORE gas] validation: MAE=45.8018, RMSE=47.7356
2026-09-02 23:16:14 | INFO     | energy_stress.prophet | [Prophet-CORE] Forecast saved → outputs/tuning/forecasts/gas/core/prophet/candidate_02/gas_growth_pct_forecasts_prophet_core.csv
2026-09-02 23:16:14 | INFO     | energy_stress.tuning | Tuning gas/core/Prophet candidate 3/16: {'changepoint_prior_scale': 0.001, 'seasonality_prior_scale': 10.0, 'seasonality_mode': 'additive'}
2026-09-02 23:16:14 | INFO     | energy_stress.prophet | [Prophet-CORE] Fitting on gas (train=212 obs, regressors=False, cps=0.001, sps=10.0, reg_ps=n/a, seasonality=additive)
2026-09-02 23:16:14 | INFO     | energy_stress.prophet | [Prophet-CORE gas] validation: MAE=39.1012, RMSE=40.7156
2026-09-02 23:16:15 | INFO     | energy_stress.prophet | [Prophet-CORE] Forecast saved → outputs/tuning/forecasts/gas/core/prophet/candidate_03/gas_growth_pct_forecasts_prophet_core.csv
2026-09-02 23:16:15 | INFO     | energy_stress.tuning | Tuning gas/core/Prophet candidate 4/16: {'changepoint_prior_scale': 0.001, 'seasonality_prior_scale': 10.0, 'seasonality_mode': 'multiplicative'}
2026-09-02 23:16:15 | INFO     | energy_stress.prophet | [Prophet-CORE] Fitting on gas (train=212 obs, regressors=False, cps=0.001, sps=10.0, reg_ps=n/a, seasonality=multiplicative)
2026-09-02 23:16:16 | INFO     | energy_stress.prophet | [Prophet-CORE gas] validation: MAE=38.3258, RMSE=40.4202
2026-09-02 23:16:17 | INFO     | energy_stress.prophet | [Prophet-CORE] Forecast saved → outputs/tuning/forecasts/gas/core/prophet/candidate_04/gas_growth_pct_forecasts_prophet_core.csv
2026-09-02 23:16:17 | INFO     | energy_stress.tuning | Tuning gas/core/Prophet candidate 5/16: {'changepoint_prior_scale': 0.01, 'seasonality_prior_scale': 1.0, 'seasonality_mode': 'additive'}
2026-09-02 23:16:17 | INFO     | energy_stress.prophet | [Prophet-CORE] Fitting on gas (train=212 obs, regressors=False, cps=0.01, sps=1.0, reg_ps=n/a, seasonality=additive)
2026-09-02 23:16:17 | INFO     | energy_stress.prophet | [Prophet-CORE gas] validation: MAE=37.7264, RMSE=39.3743
2026-09-02 23:16:17 | INFO     | energy_stress.prophet | [Prophet-CORE] Forecast saved → outputs/tuning/forecasts/gas/core/prophet/candidate_05/gas_growth_pct_forecasts_prophet_core.csv
2026-09-02 23:16:17 | INFO     | energy_stress.tuning | Tuning gas/core/Prophet candidate 6/16: {'changepoint_prior_scale': 0.01, 'seasonality_prior_scale': 1.0, 'seasonality_mode': 'multiplicative'}
2026-09-02 23:16:17 | INFO     | energy_stress.prophet | [Prophet-CORE] Fitting on gas (train=212 obs, regressors=False, cps=0.01, sps=1.0, reg_ps=n/a, seasonality=multiplicative)
2026-09-02 23:16:18 | INFO     | energy_stress.prophet | [Prophet-CORE gas] validation: MAE=38.3944, RMSE=39.8991
2026-09-02 23:16:18 | INFO     | energy_stress.prophet | [Prophet-CORE] Forecast saved → outputs/tuning/forecasts/gas/core/prophet/candidate_06/gas_growth_pct_forecasts_prophet_core.csv
2026-09-02 23:16:18 | INFO     | energy_stress.tuning | Tuning gas/core/Prophet candidate 7/16: {'changepoint_prior_scale': 0.01, 'seasonality_prior_scale': 10.0, 'seasonality_mode': 'additive'}
2026-09-02 23:16:18 | INFO     | energy_stress.prophet | [Prophet-CORE] Fitting on gas (train=212 obs, regressors=False, cps=0.01, sps=10.0, reg_ps=n/a, seasonality=additive)
2026-09-02 23:16:18 | INFO     | energy_stress.prophet | [Prophet-CORE gas] validation: MAE=37.7331, RMSE=39.3806
2026-09-02 23:16:18 | INFO     | energy_stress.prophet | [Prophet-CORE] Forecast saved → outputs/tuning/forecasts/gas/core/prophet/candidate_07/gas_growth_pct_forecasts_prophet_core.csv
2026-09-02 23:16:18 | INFO     | energy_stress.tuning | Tuning gas/core/Prophet candidate 8/16: {'changepoint_prior_scale': 0.01, 'seasonality_prior_scale': 10.0, 'seasonality_mode': 'multiplicative'}
2026-09-02 23:16:18 | INFO     | energy_stress.prophet | [Prophet-CORE] Fitting on gas (train=212 obs, regressors=False, cps=0.01, sps=10.0, reg_ps=n/a, seasonality=multiplicative)
2026-09-02 23:16:18 | INFO     | energy_stress.prophet | [Prophet-CORE gas] validation: MAE=37.9404, RMSE=39.4656
2026-09-02 23:16:18 | INFO     | energy_stress.prophet | [Prophet-CORE] Forecast saved → outputs/tuning/forecasts/gas/core/prophet/candidate_08/gas_growth_pct_forecasts_prophet_core.csv
2026-09-02 23:16:18 | INFO     | energy_stress.tuning | Tuning gas/core/Prophet candidate 9/16: {'changepoint_prior_scale': 0.05, 'seasonality_prior_scale': 1.0, 'seasonality_mode': 'additive'}
2026-09-02 23:16:18 | INFO     | energy_stress.prophet | [Prophet-CORE] Fitting on gas (train=212 obs, regressors=False, cps=0.05, sps=1.0, reg_ps=n/a, seasonality=additive)
2026-09-02 23:16:18 | INFO     | energy_stress.prophet | [Prophet-CORE gas] validation: MAE=56.5013, RMSE=57.4939
2026-09-02 23:16:18 | INFO     | energy_stress.prophet | [Prophet-CORE] Forecast saved → outputs/tuning/forecasts/gas/core/prophet/candidate_09/gas_growth_pct_forecasts_prophet_core.csv
2026-09-02 23:16:18 | INFO     | energy_stress.tuning | Tuning gas/core/Prophet candidate 10/16: {'changepoint_prior_scale': 0.05, 'seasonality_prior_scale': 1.0, 'seasonality_mode': 'multiplicative'}
2026-09-02 23:16:18 | INFO     | energy_stress.prophet | [Prophet-CORE] Fitting on gas (train=212 obs, regressors=False, cps=0.05, sps=1.0, reg_ps=n/a, seasonality=multiplicative)
2026-09-02 23:16:18 | INFO     | energy_stress.prophet | [Prophet-CORE gas] validation: MAE=58.5746, RMSE=59.9916
2026-09-02 23:16:18 | INFO     | energy_stress.prophet | [Prophet-CORE] Forecast saved → outputs/tuning/forecasts/gas/core/prophet/candidate_10/gas_growth_pct_forecasts_prophet_core.csv
2026-09-02 23:16:18 | INFO     | energy_stress.tuning | Tuning gas/core/Prophet candidate 11/16: {'changepoint_prior_scale': 0.05, 'seasonality_prior_scale': 10.0, 'seasonality_mode': 'additive'}
2026-09-02 23:16:18 | INFO     | energy_stress.prophet | [Prophet-CORE] Fitting on gas (train=212 obs, regressors=False, cps=0.05, sps=10.0, reg_ps=n/a, seasonality=additive)
2026-09-02 23:16:18 | INFO     | energy_stress.prophet | [Prophet-CORE gas] validation: MAE=56.2021, RMSE=57.2037
2026-09-02 23:16:18 | INFO     | energy_stress.prophet | [Prophet-CORE] Forecast saved → outputs/tuning/forecasts/gas/core/prophet/candidate_11/gas_growth_pct_forecasts_prophet_core.csv
2026-09-02 23:16:18 | INFO     | energy_stress.tuning | Tuning gas/core/Prophet candidate 12/16: {'changepoint_prior_scale': 0.05, 'seasonality_prior_scale': 10.0, 'seasonality_mode': 'multiplicative'}
2026-09-02 23:16:18 | INFO     | energy_stress.prophet | [Prophet-CORE] Fitting on gas (train=212 obs, regressors=False, cps=0.05, sps=10.0, reg_ps=n/a, seasonality=multiplicative)
2026-09-02 23:16:19 | INFO     | energy_stress.prophet | [Prophet-CORE gas] validation: MAE=58.2522, RMSE=59.6665
2026-09-02 23:16:19 | INFO     | energy_stress.prophet | [Prophet-CORE] Forecast saved → outputs/tuning/forecasts/gas/core/prophet/candidate_12/gas_growth_pct_forecasts_prophet_core.csv
2026-09-02 23:16:19 | INFO     | energy_stress.tuning | Tuning gas/core/Prophet candidate 13/16: {'changepoint_prior_scale': 0.1, 'seasonality_prior_scale': 1.0, 'seasonality_mode': 'additive'}
2026-09-02 23:16:19 | INFO     | energy_stress.prophet | [Prophet-CORE] Fitting on gas (train=212 obs, regressors=False, cps=0.1, sps=1.0, reg_ps=n/a, seasonality=additive)
2026-09-02 23:16:19 | INFO     | energy_stress.prophet | [Prophet-CORE gas] validation: MAE=71.1986, RMSE=71.8814
2026-09-02 23:16:19 | INFO     | energy_stress.prophet | [Prophet-CORE] Forecast saved → outputs/tuning/forecasts/gas/core/prophet/candidate_13/gas_growth_pct_forecasts_prophet_core.csv
2026-09-02 23:16:19 | INFO     | energy_stress.tuning | Tuning gas/core/Prophet candidate 14/16: {'changepoint_prior_scale': 0.1, 'seasonality_prior_scale': 1.0, 'seasonality_mode': 'multiplicative'}
2026-09-02 23:16:19 | INFO     | energy_stress.prophet | [Prophet-CORE] Fitting on gas (train=212 obs, regressors=False, cps=0.1, sps=1.0, reg_ps=n/a, seasonality=multiplicative)
2026-09-02 23:16:19 | INFO     | energy_stress.prophet | [Prophet-CORE gas] validation: MAE=76.4076, RMSE=79.4827
2026-09-02 23:16:19 | INFO     | energy_stress.prophet | [Prophet-CORE] Forecast saved → outputs/tuning/forecasts/gas/core/prophet/candidate_14/gas_growth_pct_forecasts_prophet_core.csv
2026-09-02 23:16:19 | INFO     | energy_stress.tuning | Tuning gas/core/Prophet candidate 15/16: {'changepoint_prior_scale': 0.1, 'seasonality_prior_scale': 10.0, 'seasonality_mode': 'additive'}
2026-09-02 23:16:19 | INFO     | energy_stress.prophet | [Prophet-CORE] Fitting on gas (train=212 obs, regressors=False, cps=0.1, sps=10.0, reg_ps=n/a, seasonality=additive)
2026-09-02 23:16:19 | INFO     | energy_stress.prophet | [Prophet-CORE gas] validation: MAE=70.7715, RMSE=71.4670
2026-09-02 23:16:19 | INFO     | energy_stress.prophet | [Prophet-CORE] Forecast saved → outputs/tuning/forecasts/gas/core/prophet/candidate_15/gas_growth_pct_forecasts_prophet_core.csv
2026-09-02 23:16:19 | INFO     | energy_stress.tuning | Tuning gas/core/Prophet candidate 16/16: {'changepoint_prior_scale': 0.1, 'seasonality_prior_scale': 10.0, 'seasonality_mode': 'multiplicative'}
2026-09-02 23:16:19 | INFO     | energy_stress.prophet | [Prophet-CORE] Fitting on gas (train=212 obs, regressors=False, cps=0.1, sps=10.0, reg_ps=n/a, seasonality=multiplicative)
2026-09-02 23:16:19 | INFO     | energy_stress.prophet | [Prophet-CORE gas] validation: MAE=81.1890, RMSE=84.3654
2026-09-02 23:16:19 | INFO     | energy_stress.prophet | [Prophet-CORE] Forecast saved → outputs/tuning/forecasts/gas/core/prophet/candidate_16/gas_growth_pct_forecasts_prophet_core.csv
2026-09-02 23:16:19 | INFO     | energy_stress.tuning | Best params for gas/core/Prophet: {'changepoint_prior_scale': 0.01, 'seasonality_prior_scale': 1.0, 'seasonality_mode': 'additive'} (validation score=37.7264)
2026-09-02 23:16:19 | INFO     | energy_stress.tuning | Tuning gas/core/LSTM candidate 1/3: {'lookback': 6, 'dropout': 0.1, 'learning_rate': 0.001, 'units_1': 64, 'units_2': 32, 'macro_feature_set': 'lstm'}
2026-09-02 23:16:23 | INFO     | energy_stress.lstm | [LSTM-CORE] Training on gas | train=2006-05-01→2023-12-01 (212 obs), test=2024-01-01→2024-12-01 (12 obs), use_macro=False, lookback=6, dropout=0.1, lr=0.001, units=(64,32), macro_feature_set=lstm
2026-09-02 23:17:28 | INFO     | energy_stress.lstm | [LSTM-CORE gas] validation: MAE=6.8687, RMSE=8.8296
2026-09-02 23:18:44 | INFO     | energy_stress.lstm | [LSTM-CORE] Forecast saved → outputs/tuning/forecasts/gas/core/lstm/candidate_01/gas_growth_pct_forecasts_lstm_core.csv
2026-09-02 23:18:44 | INFO     | energy_stress.tuning | Tuning gas/core/LSTM candidate 2/3: {'lookback': 12, 'dropout': 0.2, 'learning_rate': 0.001, 'units_1': 128, 'units_2': 64, 'macro_feature_set': 'lstm'}
2026-09-02 23:18:44 | INFO     | energy_stress.lstm | [LSTM-CORE] Training on gas | train=2006-05-01→2023-12-01 (212 obs), test=2024-01-01→2024-12-01 (12 obs), use_macro=False, lookback=12, dropout=0.2, lr=0.001, units=(128,64), macro_feature_set=lstm
2026-09-02 23:19:37 | INFO     | energy_stress.lstm | [LSTM-CORE gas] validation: MAE=6.4359, RMSE=8.1777
2026-09-02 23:20:47 | INFO     | energy_stress.lstm | [LSTM-CORE] Forecast saved → outputs/tuning/forecasts/gas/core/lstm/candidate_02/gas_growth_pct_forecasts_lstm_core.csv
2026-09-02 23:20:47 | INFO     | energy_stress.tuning | Tuning gas/core/LSTM candidate 3/3: {'lookback': 18, 'dropout': 0.25, 'learning_rate': 0.0005, 'units_1': 128, 'units_2': 64, 'macro_feature_set': 'lstm'}
2026-09-02 23:20:47 | INFO     | energy_stress.lstm | [LSTM-CORE] Training on gas | train=2006-05-01→2023-12-01 (212 obs), test=2024-01-01→2024-12-01 (12 obs), use_macro=False, lookback=18, dropout=0.25, lr=0.0005, units=(128,64), macro_feature_set=lstm
2026-09-02 23:22:03 | INFO     | energy_stress.lstm | [LSTM-CORE gas] validation: MAE=7.1965, RMSE=9.4820
2026-09-02 23:23:14 | INFO     | energy_stress.lstm | [LSTM-CORE] Forecast saved → outputs/tuning/forecasts/gas/core/lstm/candidate_03/gas_growth_pct_forecasts_lstm_core.csv
2026-09-02 23:23:14 | INFO     | energy_stress.tuning | Best params for gas/core/LSTM: {'lookback': 12, 'dropout': 0.2, 'learning_rate': 0.001, 'units_1': 128, 'units_2': 64, 'macro_feature_set': 'lstm'} (validation score=6.4359)
2026-09-02 23:23:14 | INFO     | energy_stress.tuning | Tuning gas/core/TFT candidate 1/3: {'lookback': 6, 'hidden': 32, 'n_heads': 4, 'learning_rate': 0.001}
2026-09-02 23:23:16 | INFO     | energy_stress.tft | [TFT/pytorch-forecasting] Fitting gas (core)
2026-09-02 23:23:42 | INFO     | energy_stress.tft | [TFT gas] validation: MAE=16.7477, RMSE=18.0341
2026-09-02 23:24:11 | INFO     | energy_stress.tft | [TFT] Forecast saved → outputs/tuning/forecasts/gas/core/tft/candidate_01/gas_growth_pct_forecasts_tft_core.csv
2026-09-02 23:24:11 | INFO     | energy_stress.tuning | Tuning gas/core/TFT candidate 2/3: {'lookback': 12, 'hidden': 64, 'n_heads': 4, 'learning_rate': 0.0005}
2026-09-02 23:24:11 | INFO     | energy_stress.tft | [TFT/pytorch-forecasting] Fitting gas (core)
2026-09-02 23:24:39 | INFO     | energy_stress.tft | [TFT gas] validation: MAE=14.1041, RMSE=16.0463
2026-09-02 23:25:12 | INFO     | energy_stress.tft | [TFT] Forecast saved → outputs/tuning/forecasts/gas/core/tft/candidate_02/gas_growth_pct_forecasts_tft_core.csv
2026-09-02 23:25:12 | INFO     | energy_stress.tuning | Tuning gas/core/TFT candidate 3/3: {'lookback': 18, 'hidden': 64, 'n_heads': 4, 'learning_rate': 0.0005}
2026-09-02 23:25:12 | INFO     | energy_stress.tft | [TFT/pytorch-forecasting] Fitting gas (core)
2026-09-02 23:25:40 | INFO     | energy_stress.tft | [TFT gas] validation: MAE=22.2762, RMSE=23.6530
2026-09-02 23:26:12 | INFO     | energy_stress.tft | [TFT] Forecast saved → outputs/tuning/forecasts/gas/core/tft/candidate_03/gas_growth_pct_forecasts_tft_core.csv
2026-09-02 23:26:12 | INFO     | energy_stress.tuning | Best params for gas/core/TFT: {'lookback': 12, 'hidden': 64, 'n_heads': 4, 'learning_rate': 0.0005} (validation score=14.1041)
2026-09-02 23:26:12 | INFO     | energy_stress.tuning | Tuning gas/macro/SARIMA candidate 1/1: {}
2026-09-02 23:26:12 | INFO     | energy_stress.sarima | [SARIMA-MACRO] Fitting on gas (train=212 obs)
2026-09-02 23:35:52 | INFO     | energy_stress.sarima | SARIMA best order: (2, 0, 1) × (2, 1, 1, 12)
2026-09-02 23:35:52 | INFO     | energy_stress.sarima | [SARIMA-MACRO] Using exogenous: ['inflation_growth_lag1', 'weather_volatility_lag1', 'gdp_growth_lag1', 'gas_futures_log_return_lag1', 'gas_futures_yoy_growth_lag1']
2026-09-02 23:35:55 | INFO     | energy_stress.sarima | [SARIMA-MACRO gas] validation: MAE=9.0906, RMSE=12.6742, MAPE=86.96%
2026-09-02 23:35:58 | INFO     | energy_stress.sarima | [SARIMA-MACRO] Forecast saved → outputs/tuning/forecasts/gas/macro/sarima/candidate_01/gas_growth_pct_forecasts_sarima_macro.csv
2026-09-02 23:35:58 | INFO     | energy_stress.tuning | Tuning gas/macro/Prophet candidate 1/64: {'changepoint_prior_scale': 0.001, 'seasonality_prior_scale': 1.0, 'seasonality_mode': 'additive', 'regressor_prior_scale': 0.1}
2026-09-02 23:35:58 | INFO     | energy_stress.prophet | [Prophet-MACRO] Fitting on gas (train=212 obs, regressors=True, cps=0.001, sps=1.0, reg_ps=0.1, seasonality=additive)
2026-09-02 23:35:58 | INFO     | energy_stress.prophet | [Prophet-MACRO gas] validation: MAE=30.6841, RMSE=32.2517
2026-09-02 23:35:59 | INFO     | energy_stress.prophet | [Prophet-MACRO] Forecast saved → outputs/tuning/forecasts/gas/macro/prophet/candidate_01/gas_growth_pct_forecasts_prophet_macro.csv
2026-09-02 23:35:59 | INFO     | energy_stress.tuning | Tuning gas/macro/Prophet candidate 2/64: {'changepoint_prior_scale': 0.001, 'seasonality_prior_scale': 1.0, 'seasonality_mode': 'additive', 'regressor_prior_scale': 0.5}
2026-09-02 23:35:59 | INFO     | energy_stress.prophet | [Prophet-MACRO] Fitting on gas (train=212 obs, regressors=True, cps=0.001, sps=1.0, reg_ps=0.5, seasonality=additive)
2026-09-02 23:35:59 | INFO     | energy_stress.prophet | [Prophet-MACRO gas] validation: MAE=30.1119, RMSE=31.7299
2026-09-02 23:36:00 | INFO     | energy_stress.prophet | [Prophet-MACRO] Forecast saved → outputs/tuning/forecasts/gas/macro/prophet/candidate_02/gas_growth_pct_forecasts_prophet_macro.csv
2026-09-02 23:36:00 | INFO     | energy_stress.tuning | Tuning gas/macro/Prophet candidate 3/64: {'changepoint_prior_scale': 0.001, 'seasonality_prior_scale': 1.0, 'seasonality_mode': 'additive', 'regressor_prior_scale': 2.0}
2026-09-02 23:36:00 | INFO     | energy_stress.prophet | [Prophet-MACRO] Fitting on gas (train=212 obs, regressors=True, cps=0.001, sps=1.0, reg_ps=2.0, seasonality=additive)
2026-09-02 23:36:00 | INFO     | energy_stress.prophet | [Prophet-MACRO gas] validation: MAE=29.6863, RMSE=31.3270
2026-09-02 23:36:00 | INFO     | energy_stress.prophet | [Prophet-MACRO] Forecast saved → outputs/tuning/forecasts/gas/macro/prophet/candidate_03/gas_growth_pct_forecasts_prophet_macro.csv
2026-09-02 23:36:00 | INFO     | energy_stress.tuning | Tuning gas/macro/Prophet candidate 4/64: {'changepoint_prior_scale': 0.001, 'seasonality_prior_scale': 1.0, 'seasonality_mode': 'additive', 'regressor_prior_scale': 10.0}
2026-09-02 23:36:00 | INFO     | energy_stress.prophet | [Prophet-MACRO] Fitting on gas (train=212 obs, regressors=True, cps=0.001, sps=1.0, reg_ps=10.0, seasonality=additive)
2026-09-02 23:36:01 | INFO     | energy_stress.prophet | [Prophet-MACRO gas] validation: MAE=30.1657, RMSE=31.7819
2026-09-02 23:36:01 | INFO     | energy_stress.prophet | [Prophet-MACRO] Forecast saved → outputs/tuning/forecasts/gas/macro/prophet/candidate_04/gas_growth_pct_forecasts_prophet_macro.csv
2026-09-02 23:36:01 | INFO     | energy_stress.tuning | Tuning gas/macro/Prophet candidate 5/64: {'changepoint_prior_scale': 0.001, 'seasonality_prior_scale': 1.0, 'seasonality_mode': 'multiplicative', 'regressor_prior_scale': 0.1}
2026-09-02 23:36:01 | INFO     | energy_stress.prophet | [Prophet-MACRO] Fitting on gas (train=212 obs, regressors=True, cps=0.001, sps=1.0, reg_ps=0.1, seasonality=multiplicative)
2026-09-02 23:36:02 | INFO     | energy_stress.prophet | [Prophet-MACRO gas] validation: MAE=42.3037, RMSE=43.6902
2026-09-02 23:36:02 | INFO     | energy_stress.prophet | [Prophet-MACRO] Forecast saved → outputs/tuning/forecasts/gas/macro/prophet/candidate_05/gas_growth_pct_forecasts_prophet_macro.csv
2026-09-02 23:36:02 | INFO     | energy_stress.tuning | Tuning gas/macro/Prophet candidate 6/64: {'changepoint_prior_scale': 0.001, 'seasonality_prior_scale': 1.0, 'seasonality_mode': 'multiplicative', 'regressor_prior_scale': 0.5}
2026-09-02 23:36:02 | INFO     | energy_stress.prophet | [Prophet-MACRO] Fitting on gas (train=212 obs, regressors=True, cps=0.001, sps=1.0, reg_ps=0.5, seasonality=multiplicative)
2026-09-02 23:36:03 | INFO     | energy_stress.prophet | [Prophet-MACRO gas] validation: MAE=24.8055, RMSE=27.4201
2026-09-02 23:36:03 | INFO     | energy_stress.prophet | [Prophet-MACRO] Forecast saved → outputs/tuning/forecasts/gas/macro/prophet/candidate_06/gas_growth_pct_forecasts_prophet_macro.csv
2026-09-02 23:36:03 | INFO     | energy_stress.tuning | Tuning gas/macro/Prophet candidate 7/64: {'changepoint_prior_scale': 0.001, 'seasonality_prior_scale': 1.0, 'seasonality_mode': 'multiplicative', 'regressor_prior_scale': 2.0}
2026-09-02 23:36:03 | INFO     | energy_stress.prophet | [Prophet-MACRO] Fitting on gas (train=212 obs, regressors=True, cps=0.001, sps=1.0, reg_ps=2.0, seasonality=multiplicative)
2026-09-02 23:36:04 | INFO     | energy_stress.prophet | [Prophet-MACRO gas] validation: MAE=20.7634, RMSE=23.3935
2026-09-02 23:36:04 | INFO     | energy_stress.prophet | [Prophet-MACRO] Forecast saved → outputs/tuning/forecasts/gas/macro/prophet/candidate_07/gas_growth_pct_forecasts_prophet_macro.csv
2026-09-02 23:36:04 | INFO     | energy_stress.tuning | Tuning gas/macro/Prophet candidate 8/64: {'changepoint_prior_scale': 0.001, 'seasonality_prior_scale': 1.0, 'seasonality_mode': 'multiplicative', 'regressor_prior_scale': 10.0}
2026-09-02 23:36:04 | INFO     | energy_stress.prophet | [Prophet-MACRO] Fitting on gas (train=212 obs, regressors=True, cps=0.001, sps=1.0, reg_ps=10.0, seasonality=multiplicative)
2026-09-02 23:36:05 | INFO     | energy_stress.prophet | [Prophet-MACRO gas] validation: MAE=21.1455, RMSE=23.8831
2026-09-02 23:36:06 | INFO     | energy_stress.prophet | [Prophet-MACRO] Forecast saved → outputs/tuning/forecasts/gas/macro/prophet/candidate_08/gas_growth_pct_forecasts_prophet_macro.csv
2026-09-02 23:36:06 | INFO     | energy_stress.tuning | Tuning gas/macro/Prophet candidate 9/64: {'changepoint_prior_scale': 0.001, 'seasonality_prior_scale': 10.0, 'seasonality_mode': 'additive', 'regressor_prior_scale': 0.1}
2026-09-02 23:36:06 | INFO     | energy_stress.prophet | [Prophet-MACRO] Fitting on gas (train=212 obs, regressors=True, cps=0.001, sps=10.0, reg_ps=0.1, seasonality=additive)
2026-09-02 23:36:06 | INFO     | energy_stress.prophet | [Prophet-MACRO gas] validation: MAE=30.3764, RMSE=31.9684
2026-09-02 23:36:06 | INFO     | energy_stress.prophet | [Prophet-MACRO] Forecast saved → outputs/tuning/forecasts/gas/macro/prophet/candidate_09/gas_growth_pct_forecasts_prophet_macro.csv
2026-09-02 23:36:06 | INFO     | energy_stress.tuning | Tuning gas/macro/Prophet candidate 10/64: {'changepoint_prior_scale': 0.001, 'seasonality_prior_scale': 10.0, 'seasonality_mode': 'additive', 'regressor_prior_scale': 0.5}
2026-09-02 23:36:06 | INFO     | energy_stress.prophet | [Prophet-MACRO] Fitting on gas (train=212 obs, regressors=True, cps=0.001, sps=10.0, reg_ps=0.5, seasonality=additive)
2026-09-02 23:36:07 | INFO     | energy_stress.prophet | [Prophet-MACRO gas] validation: MAE=29.4697, RMSE=31.1288
2026-09-02 23:36:07 | INFO     | energy_stress.prophet | [Prophet-MACRO] Forecast saved → outputs/tuning/forecasts/gas/macro/prophet/candidate_10/gas_growth_pct_forecasts_prophet_macro.csv
2026-09-02 23:36:07 | INFO     | energy_stress.tuning | Tuning gas/macro/Prophet candidate 11/64: {'changepoint_prior_scale': 0.001, 'seasonality_prior_scale': 10.0, 'seasonality_mode': 'additive', 'regressor_prior_scale': 2.0}
2026-09-02 23:36:07 | INFO     | energy_stress.prophet | [Prophet-MACRO] Fitting on gas (train=212 obs, regressors=True, cps=0.001, sps=10.0, reg_ps=2.0, seasonality=additive)
2026-09-02 23:36:08 | INFO     | energy_stress.prophet | [Prophet-MACRO gas] validation: MAE=29.9010, RMSE=31.5383
2026-09-02 23:36:08 | INFO     | energy_stress.prophet | [Prophet-MACRO] Forecast saved → outputs/tuning/forecasts/gas/macro/prophet/candidate_11/gas_growth_pct_forecasts_prophet_macro.csv
2026-09-02 23:36:08 | INFO     | energy_stress.tuning | Tuning gas/macro/Prophet candidate 12/64: {'changepoint_prior_scale': 0.001, 'seasonality_prior_scale': 10.0, 'seasonality_mode': 'additive', 'regressor_prior_scale': 10.0}
2026-09-02 23:36:08 | INFO     | energy_stress.prophet | [Prophet-MACRO] Fitting on gas (train=212 obs, regressors=True, cps=0.001, sps=10.0, reg_ps=10.0, seasonality=additive)
2026-09-02 23:36:08 | INFO     | energy_stress.prophet | [Prophet-MACRO gas] validation: MAE=29.0741, RMSE=30.7628
2026-09-02 23:36:09 | INFO     | energy_stress.prophet | [Prophet-MACRO] Forecast saved → outputs/tuning/forecasts/gas/macro/prophet/candidate_12/gas_growth_pct_forecasts_prophet_macro.csv
2026-09-02 23:36:09 | INFO     | energy_stress.tuning | Tuning gas/macro/Prophet candidate 13/64: {'changepoint_prior_scale': 0.001, 'seasonality_prior_scale': 10.0, 'seasonality_mode': 'multiplicative', 'regressor_prior_scale': 0.1}
2026-09-02 23:36:09 | INFO     | energy_stress.prophet | [Prophet-MACRO] Fitting on gas (train=212 obs, regressors=True, cps=0.001, sps=10.0, reg_ps=0.1, seasonality=multiplicative)
2026-09-02 23:36:09 | INFO     | energy_stress.prophet | [Prophet-MACRO gas] validation: MAE=42.2101, RMSE=46.2216
2026-09-02 23:36:10 | INFO     | energy_stress.prophet | [Prophet-MACRO] Forecast saved → outputs/tuning/forecasts/gas/macro/prophet/candidate_13/gas_growth_pct_forecasts_prophet_macro.csv
2026-09-02 23:36:10 | INFO     | energy_stress.tuning | Tuning gas/macro/Prophet candidate 14/64: {'changepoint_prior_scale': 0.001, 'seasonality_prior_scale': 10.0, 'seasonality_mode': 'multiplicative', 'regressor_prior_scale': 0.5}
2026-09-02 23:36:10 | INFO     | energy_stress.prophet | [Prophet-MACRO] Fitting on gas (train=212 obs, regressors=True, cps=0.001, sps=10.0, reg_ps=0.5, seasonality=multiplicative)
2026-09-02 23:36:11 | INFO     | energy_stress.prophet | [Prophet-MACRO gas] validation: MAE=26.7470, RMSE=32.0310
2026-09-02 23:36:11 | INFO     | energy_stress.prophet | [Prophet-MACRO] Forecast saved → outputs/tuning/forecasts/gas/macro/prophet/candidate_14/gas_growth_pct_forecasts_prophet_macro.csv
2026-09-02 23:36:11 | INFO     | energy_stress.tuning | Tuning gas/macro/Prophet candidate 15/64: {'changepoint_prior_scale': 0.001, 'seasonality_prior_scale': 10.0, 'seasonality_mode': 'multiplicative', 'regressor_prior_scale': 2.0}
2026-09-02 23:36:11 | INFO     | energy_stress.prophet | [Prophet-MACRO] Fitting on gas (train=212 obs, regressors=True, cps=0.001, sps=10.0, reg_ps=2.0, seasonality=multiplicative)
2026-09-02 23:36:12 | INFO     | energy_stress.prophet | [Prophet-MACRO gas] validation: MAE=31.6297, RMSE=35.8529
2026-09-02 23:36:13 | INFO     | energy_stress.prophet | [Prophet-MACRO] Forecast saved → outputs/tuning/forecasts/gas/macro/prophet/candidate_15/gas_growth_pct_forecasts_prophet_macro.csv
2026-09-02 23:36:13 | INFO     | energy_stress.tuning | Tuning gas/macro/Prophet candidate 16/64: {'changepoint_prior_scale': 0.001, 'seasonality_prior_scale': 10.0, 'seasonality_mode': 'multiplicative', 'regressor_prior_scale': 10.0}
2026-09-02 23:36:13 | INFO     | energy_stress.prophet | [Prophet-MACRO] Fitting on gas (train=212 obs, regressors=True, cps=0.001, sps=10.0, reg_ps=10.0, seasonality=multiplicative)
2026-09-02 23:36:13 | INFO     | energy_stress.prophet | [Prophet-MACRO gas] validation: MAE=31.9398, RMSE=35.4823
2026-09-02 23:36:14 | INFO     | energy_stress.prophet | [Prophet-MACRO] Forecast saved → outputs/tuning/forecasts/gas/macro/prophet/candidate_16/gas_growth_pct_forecasts_prophet_macro.csv
2026-09-02 23:36:14 | INFO     | energy_stress.tuning | Tuning gas/macro/Prophet candidate 17/64: {'changepoint_prior_scale': 0.01, 'seasonality_prior_scale': 1.0, 'seasonality_mode': 'additive', 'regressor_prior_scale': 0.1}
2026-09-02 23:36:14 | INFO     | energy_stress.prophet | [Prophet-MACRO] Fitting on gas (train=212 obs, regressors=True, cps=0.01, sps=1.0, reg_ps=0.1, seasonality=additive)
2026-09-02 23:36:14 | INFO     | energy_stress.prophet | [Prophet-MACRO gas] validation: MAE=32.0342, RMSE=33.7282
2026-09-02 23:36:14 | INFO     | energy_stress.prophet | [Prophet-MACRO] Forecast saved → outputs/tuning/forecasts/gas/macro/prophet/candidate_17/gas_growth_pct_forecasts_prophet_macro.csv
2026-09-02 23:36:14 | INFO     | energy_stress.tuning | Tuning gas/macro/Prophet candidate 18/64: {'changepoint_prior_scale': 0.01, 'seasonality_prior_scale': 1.0, 'seasonality_mode': 'additive', 'regressor_prior_scale': 0.5}
2026-09-02 23:36:14 | INFO     | energy_stress.prophet | [Prophet-MACRO] Fitting on gas (train=212 obs, regressors=True, cps=0.01, sps=1.0, reg_ps=0.5, seasonality=additive)
2026-09-02 23:36:14 | INFO     | energy_stress.prophet | [Prophet-MACRO gas] validation: MAE=29.7095, RMSE=31.6163
2026-09-02 23:36:14 | INFO     | energy_stress.prophet | [Prophet-MACRO] Forecast saved → outputs/tuning/forecasts/gas/macro/prophet/candidate_18/gas_growth_pct_forecasts_prophet_macro.csv
2026-09-02 23:36:14 | INFO     | energy_stress.tuning | Tuning gas/macro/Prophet candidate 19/64: {'changepoint_prior_scale': 0.01, 'seasonality_prior_scale': 1.0, 'seasonality_mode': 'additive', 'regressor_prior_scale': 2.0}
2026-09-02 23:36:14 | INFO     | energy_stress.prophet | [Prophet-MACRO] Fitting on gas (train=212 obs, regressors=True, cps=0.01, sps=1.0, reg_ps=2.0, seasonality=additive)
2026-09-02 23:36:15 | INFO     | energy_stress.prophet | [Prophet-MACRO gas] validation: MAE=29.1681, RMSE=30.9093
2026-09-02 23:36:15 | INFO     | energy_stress.prophet | [Prophet-MACRO] Forecast saved → outputs/tuning/forecasts/gas/macro/prophet/candidate_19/gas_growth_pct_forecasts_prophet_macro.csv
2026-09-02 23:36:15 | INFO     | energy_stress.tuning | Tuning gas/macro/Prophet candidate 20/64: {'changepoint_prior_scale': 0.01, 'seasonality_prior_scale': 1.0, 'seasonality_mode': 'additive', 'regressor_prior_scale': 10.0}
2026-09-02 23:36:15 | INFO     | energy_stress.prophet | [Prophet-MACRO] Fitting on gas (train=212 obs, regressors=True, cps=0.01, sps=1.0, reg_ps=10.0, seasonality=additive)
2026-09-02 23:36:15 | INFO     | energy_stress.prophet | [Prophet-MACRO gas] validation: MAE=26.5435, RMSE=28.6070
2026-09-02 23:36:15 | INFO     | energy_stress.prophet | [Prophet-MACRO] Forecast saved → outputs/tuning/forecasts/gas/macro/prophet/candidate_20/gas_growth_pct_forecasts_prophet_macro.csv
2026-09-02 23:36:15 | INFO     | energy_stress.tuning | Tuning gas/macro/Prophet candidate 21/64: {'changepoint_prior_scale': 0.01, 'seasonality_prior_scale': 1.0, 'seasonality_mode': 'multiplicative', 'regressor_prior_scale': 0.1}
2026-09-02 23:36:15 | INFO     | energy_stress.prophet | [Prophet-MACRO] Fitting on gas (train=212 obs, regressors=True, cps=0.01, sps=1.0, reg_ps=0.1, seasonality=multiplicative)
2026-09-02 23:36:15 | INFO     | energy_stress.prophet | [Prophet-MACRO gas] validation: MAE=36.7835, RMSE=38.3534
2026-09-02 23:36:15 | INFO     | energy_stress.prophet | [Prophet-MACRO] Forecast saved → outputs/tuning/forecasts/gas/macro/prophet/candidate_21/gas_growth_pct_forecasts_prophet_macro.csv
2026-09-02 23:36:15 | INFO     | energy_stress.tuning | Tuning gas/macro/Prophet candidate 22/64: {'changepoint_prior_scale': 0.01, 'seasonality_prior_scale': 1.0, 'seasonality_mode': 'multiplicative', 'regressor_prior_scale': 0.5}
2026-09-02 23:36:15 | INFO     | energy_stress.prophet | [Prophet-MACRO] Fitting on gas (train=212 obs, regressors=True, cps=0.01, sps=1.0, reg_ps=0.5, seasonality=multiplicative)
2026-09-02 23:36:15 | INFO     | energy_stress.prophet | [Prophet-MACRO gas] validation: MAE=37.9037, RMSE=39.4235
2026-09-02 23:36:15 | INFO     | energy_stress.prophet | [Prophet-MACRO] Forecast saved → outputs/tuning/forecasts/gas/macro/prophet/candidate_22/gas_growth_pct_forecasts_prophet_macro.csv
2026-09-02 23:36:15 | INFO     | energy_stress.tuning | Tuning gas/macro/Prophet candidate 23/64: {'changepoint_prior_scale': 0.01, 'seasonality_prior_scale': 1.0, 'seasonality_mode': 'multiplicative', 'regressor_prior_scale': 2.0}
2026-09-02 23:36:15 | INFO     | energy_stress.prophet | [Prophet-MACRO] Fitting on gas (train=212 obs, regressors=True, cps=0.01, sps=1.0, reg_ps=2.0, seasonality=multiplicative)
2026-09-02 23:36:16 | INFO     | energy_stress.prophet | [Prophet-MACRO gas] validation: MAE=37.7885, RMSE=39.3203
2026-09-02 23:36:16 | INFO     | energy_stress.prophet | [Prophet-MACRO] Forecast saved → outputs/tuning/forecasts/gas/macro/prophet/candidate_23/gas_growth_pct_forecasts_prophet_macro.csv
2026-09-02 23:36:16 | INFO     | energy_stress.tuning | Tuning gas/macro/Prophet candidate 24/64: {'changepoint_prior_scale': 0.01, 'seasonality_prior_scale': 1.0, 'seasonality_mode': 'multiplicative', 'regressor_prior_scale': 10.0}
2026-09-02 23:36:16 | INFO     | energy_stress.prophet | [Prophet-MACRO] Fitting on gas (train=212 obs, regressors=True, cps=0.01, sps=1.0, reg_ps=10.0, seasonality=multiplicative)
2026-09-02 23:36:16 | INFO     | energy_stress.prophet | [Prophet-MACRO gas] validation: MAE=37.7578, RMSE=39.2910
2026-09-02 23:36:16 | INFO     | energy_stress.prophet | [Prophet-MACRO] Forecast saved → outputs/tuning/forecasts/gas/macro/prophet/candidate_24/gas_growth_pct_forecasts_prophet_macro.csv
2026-09-02 23:36:16 | INFO     | energy_stress.tuning | Tuning gas/macro/Prophet candidate 25/64: {'changepoint_prior_scale': 0.01, 'seasonality_prior_scale': 10.0, 'seasonality_mode': 'additive', 'regressor_prior_scale': 0.1}
2026-09-02 23:36:16 | INFO     | energy_stress.prophet | [Prophet-MACRO] Fitting on gas (train=212 obs, regressors=True, cps=0.01, sps=10.0, reg_ps=0.1, seasonality=additive)
2026-09-02 23:36:16 | INFO     | energy_stress.prophet | [Prophet-MACRO gas] validation: MAE=31.7194, RMSE=33.3919
2026-09-02 23:36:16 | INFO     | energy_stress.prophet | [Prophet-MACRO] Forecast saved → outputs/tuning/forecasts/gas/macro/prophet/candidate_25/gas_growth_pct_forecasts_prophet_macro.csv
2026-09-02 23:36:16 | INFO     | energy_stress.tuning | Tuning gas/macro/Prophet candidate 26/64: {'changepoint_prior_scale': 0.01, 'seasonality_prior_scale': 10.0, 'seasonality_mode': 'additive', 'regressor_prior_scale': 0.5}
2026-09-02 23:36:16 | INFO     | energy_stress.prophet | [Prophet-MACRO] Fitting on gas (train=212 obs, regressors=True, cps=0.01, sps=10.0, reg_ps=0.5, seasonality=additive)
2026-09-02 23:36:16 | INFO     | energy_stress.prophet | [Prophet-MACRO gas] validation: MAE=26.9510, RMSE=28.8607
2026-09-02 23:36:17 | INFO     | energy_stress.prophet | [Prophet-MACRO] Forecast saved → outputs/tuning/forecasts/gas/macro/prophet/candidate_26/gas_growth_pct_forecasts_prophet_macro.csv
2026-09-02 23:36:17 | INFO     | energy_stress.tuning | Tuning gas/macro/Prophet candidate 27/64: {'changepoint_prior_scale': 0.01, 'seasonality_prior_scale': 10.0, 'seasonality_mode': 'additive', 'regressor_prior_scale': 2.0}
2026-09-02 23:36:17 | INFO     | energy_stress.prophet | [Prophet-MACRO] Fitting on gas (train=212 obs, regressors=True, cps=0.01, sps=10.0, reg_ps=2.0, seasonality=additive)
2026-09-02 23:36:17 | INFO     | energy_stress.prophet | [Prophet-MACRO gas] validation: MAE=28.8569, RMSE=30.7000
2026-09-02 23:36:17 | INFO     | energy_stress.prophet | [Prophet-MACRO] Forecast saved → outputs/tuning/forecasts/gas/macro/prophet/candidate_27/gas_growth_pct_forecasts_prophet_macro.csv
2026-09-02 23:36:17 | INFO     | energy_stress.tuning | Tuning gas/macro/Prophet candidate 28/64: {'changepoint_prior_scale': 0.01, 'seasonality_prior_scale': 10.0, 'seasonality_mode': 'additive', 'regressor_prior_scale': 10.0}
2026-09-02 23:36:17 | INFO     | energy_stress.prophet | [Prophet-MACRO] Fitting on gas (train=212 obs, regressors=True, cps=0.01, sps=10.0, reg_ps=10.0, seasonality=additive)
2026-09-02 23:36:17 | INFO     | energy_stress.prophet | [Prophet-MACRO gas] validation: MAE=30.0023, RMSE=31.7041
2026-09-02 23:36:17 | INFO     | energy_stress.prophet | [Prophet-MACRO] Forecast saved → outputs/tuning/forecasts/gas/macro/prophet/candidate_28/gas_growth_pct_forecasts_prophet_macro.csv
2026-09-02 23:36:17 | INFO     | energy_stress.tuning | Tuning gas/macro/Prophet candidate 29/64: {'changepoint_prior_scale': 0.01, 'seasonality_prior_scale': 10.0, 'seasonality_mode': 'multiplicative', 'regressor_prior_scale': 0.1}
2026-09-02 23:36:17 | INFO     | energy_stress.prophet | [Prophet-MACRO] Fitting on gas (train=212 obs, regressors=True, cps=0.01, sps=10.0, reg_ps=0.1, seasonality=multiplicative)
2026-09-02 23:36:17 | INFO     | energy_stress.prophet | [Prophet-MACRO gas] validation: MAE=35.8833, RMSE=37.4978
2026-09-02 23:36:17 | INFO     | energy_stress.prophet | [Prophet-MACRO] Forecast saved → outputs/tuning/forecasts/gas/macro/prophet/candidate_29/gas_growth_pct_forecasts_prophet_macro.csv
2026-09-02 23:36:17 | INFO     | energy_stress.tuning | Tuning gas/macro/Prophet candidate 30/64: {'changepoint_prior_scale': 0.01, 'seasonality_prior_scale': 10.0, 'seasonality_mode': 'multiplicative', 'regressor_prior_scale': 0.5}
2026-09-02 23:36:17 | INFO     | energy_stress.prophet | [Prophet-MACRO] Fitting on gas (train=212 obs, regressors=True, cps=0.01, sps=10.0, reg_ps=0.5, seasonality=multiplicative)
2026-09-02 23:36:17 | INFO     | energy_stress.prophet | [Prophet-MACRO gas] validation: MAE=37.9082, RMSE=39.4277
2026-09-02 23:36:18 | INFO     | energy_stress.prophet | [Prophet-MACRO] Forecast saved → outputs/tuning/forecasts/gas/macro/prophet/candidate_30/gas_growth_pct_forecasts_prophet_macro.csv
2026-09-02 23:36:18 | INFO     | energy_stress.tuning | Tuning gas/macro/Prophet candidate 31/64: {'changepoint_prior_scale': 0.01, 'seasonality_prior_scale': 10.0, 'seasonality_mode': 'multiplicative', 'regressor_prior_scale': 2.0}
2026-09-02 23:36:18 | INFO     | energy_stress.prophet | [Prophet-MACRO] Fitting on gas (train=212 obs, regressors=True, cps=0.01, sps=10.0, reg_ps=2.0, seasonality=multiplicative)
2026-09-02 23:36:18 | INFO     | energy_stress.prophet | [Prophet-MACRO gas] validation: MAE=37.7689, RMSE=39.3015
2026-09-02 23:36:18 | INFO     | energy_stress.prophet | [Prophet-MACRO] Forecast saved → outputs/tuning/forecasts/gas/macro/prophet/candidate_31/gas_growth_pct_forecasts_prophet_macro.csv
2026-09-02 23:36:18 | INFO     | energy_stress.tuning | Tuning gas/macro/Prophet candidate 32/64: {'changepoint_prior_scale': 0.01, 'seasonality_prior_scale': 10.0, 'seasonality_mode': 'multiplicative', 'regressor_prior_scale': 10.0}
2026-09-02 23:36:18 | INFO     | energy_stress.prophet | [Prophet-MACRO] Fitting on gas (train=212 obs, regressors=True, cps=0.01, sps=10.0, reg_ps=10.0, seasonality=multiplicative)
2026-09-02 23:36:18 | INFO     | energy_stress.prophet | [Prophet-MACRO gas] validation: MAE=37.7627, RMSE=39.2957
2026-09-02 23:36:18 | INFO     | energy_stress.prophet | [Prophet-MACRO] Forecast saved → outputs/tuning/forecasts/gas/macro/prophet/candidate_32/gas_growth_pct_forecasts_prophet_macro.csv
2026-09-02 23:36:18 | INFO     | energy_stress.tuning | Tuning gas/macro/Prophet candidate 33/64: {'changepoint_prior_scale': 0.05, 'seasonality_prior_scale': 1.0, 'seasonality_mode': 'additive', 'regressor_prior_scale': 0.1}
2026-09-02 23:36:18 | INFO     | energy_stress.prophet | [Prophet-MACRO] Fitting on gas (train=212 obs, regressors=True, cps=0.05, sps=1.0, reg_ps=0.1, seasonality=additive)
2026-09-02 23:36:18 | INFO     | energy_stress.prophet | [Prophet-MACRO gas] validation: MAE=44.8455, RMSE=45.8521
2026-09-02 23:36:19 | INFO     | energy_stress.prophet | [Prophet-MACRO] Forecast saved → outputs/tuning/forecasts/gas/macro/prophet/candidate_33/gas_growth_pct_forecasts_prophet_macro.csv
2026-09-02 23:36:19 | INFO     | energy_stress.tuning | Tuning gas/macro/Prophet candidate 34/64: {'changepoint_prior_scale': 0.05, 'seasonality_prior_scale': 1.0, 'seasonality_mode': 'additive', 'regressor_prior_scale': 0.5}
2026-09-02 23:36:19 | INFO     | energy_stress.prophet | [Prophet-MACRO] Fitting on gas (train=212 obs, regressors=True, cps=0.05, sps=1.0, reg_ps=0.5, seasonality=additive)
2026-09-02 23:36:19 | INFO     | energy_stress.prophet | [Prophet-MACRO gas] validation: MAE=43.7882, RMSE=44.8265
2026-09-02 23:36:19 | INFO     | energy_stress.prophet | [Prophet-MACRO] Forecast saved → outputs/tuning/forecasts/gas/macro/prophet/candidate_34/gas_growth_pct_forecasts_prophet_macro.csv
2026-09-02 23:36:19 | INFO     | energy_stress.tuning | Tuning gas/macro/Prophet candidate 35/64: {'changepoint_prior_scale': 0.05, 'seasonality_prior_scale': 1.0, 'seasonality_mode': 'additive', 'regressor_prior_scale': 2.0}
2026-09-02 23:36:19 | INFO     | energy_stress.prophet | [Prophet-MACRO] Fitting on gas (train=212 obs, regressors=True, cps=0.05, sps=1.0, reg_ps=2.0, seasonality=additive)
2026-09-02 23:36:19 | INFO     | energy_stress.prophet | [Prophet-MACRO gas] validation: MAE=44.0215, RMSE=45.0547
2026-09-02 23:36:19 | INFO     | energy_stress.prophet | [Prophet-MACRO] Forecast saved → outputs/tuning/forecasts/gas/macro/prophet/candidate_35/gas_growth_pct_forecasts_prophet_macro.csv
2026-09-02 23:36:19 | INFO     | energy_stress.tuning | Tuning gas/macro/Prophet candidate 36/64: {'changepoint_prior_scale': 0.05, 'seasonality_prior_scale': 1.0, 'seasonality_mode': 'additive', 'regressor_prior_scale': 10.0}
2026-09-02 23:36:19 | INFO     | energy_stress.prophet | [Prophet-MACRO] Fitting on gas (train=212 obs, regressors=True, cps=0.05, sps=1.0, reg_ps=10.0, seasonality=additive)
2026-09-02 23:36:19 | INFO     | energy_stress.prophet | [Prophet-MACRO gas] validation: MAE=44.5253, RMSE=45.5535
2026-09-02 23:36:19 | INFO     | energy_stress.prophet | [Prophet-MACRO] Forecast saved → outputs/tuning/forecasts/gas/macro/prophet/candidate_36/gas_growth_pct_forecasts_prophet_macro.csv
2026-09-02 23:36:19 | INFO     | energy_stress.tuning | Tuning gas/macro/Prophet candidate 37/64: {'changepoint_prior_scale': 0.05, 'seasonality_prior_scale': 1.0, 'seasonality_mode': 'multiplicative', 'regressor_prior_scale': 0.1}
2026-09-02 23:36:19 | INFO     | energy_stress.prophet | [Prophet-MACRO] Fitting on gas (train=212 obs, regressors=True, cps=0.05, sps=1.0, reg_ps=0.1, seasonality=multiplicative)
2026-09-02 23:36:20 | INFO     | energy_stress.prophet | [Prophet-MACRO gas] validation: MAE=59.0286, RMSE=65.4389
2026-09-02 23:36:20 | INFO     | energy_stress.prophet | [Prophet-MACRO] Forecast saved → outputs/tuning/forecasts/gas/macro/prophet/candidate_37/gas_growth_pct_forecasts_prophet_macro.csv
2026-09-02 23:36:20 | INFO     | energy_stress.tuning | Tuning gas/macro/Prophet candidate 38/64: {'changepoint_prior_scale': 0.05, 'seasonality_prior_scale': 1.0, 'seasonality_mode': 'multiplicative', 'regressor_prior_scale': 0.5}
2026-09-02 23:36:20 | INFO     | energy_stress.prophet | [Prophet-MACRO] Fitting on gas (train=212 obs, regressors=True, cps=0.05, sps=1.0, reg_ps=0.5, seasonality=multiplicative)
2026-09-02 23:36:20 | INFO     | energy_stress.prophet | [Prophet-MACRO gas] validation: MAE=42.4746, RMSE=52.1049
2026-09-02 23:36:20 | INFO     | energy_stress.prophet | [Prophet-MACRO] Forecast saved → outputs/tuning/forecasts/gas/macro/prophet/candidate_38/gas_growth_pct_forecasts_prophet_macro.csv
2026-09-02 23:36:20 | INFO     | energy_stress.tuning | Tuning gas/macro/Prophet candidate 39/64: {'changepoint_prior_scale': 0.05, 'seasonality_prior_scale': 1.0, 'seasonality_mode': 'multiplicative', 'regressor_prior_scale': 2.0}
2026-09-02 23:36:20 | INFO     | energy_stress.prophet | [Prophet-MACRO] Fitting on gas (train=212 obs, regressors=True, cps=0.05, sps=1.0, reg_ps=2.0, seasonality=multiplicative)
2026-09-02 23:36:20 | INFO     | energy_stress.prophet | [Prophet-MACRO gas] validation: MAE=41.9210, RMSE=51.8864
2026-09-02 23:36:20 | INFO     | energy_stress.prophet | [Prophet-MACRO] Forecast saved → outputs/tuning/forecasts/gas/macro/prophet/candidate_39/gas_growth_pct_forecasts_prophet_macro.csv
2026-09-02 23:36:20 | INFO     | energy_stress.tuning | Tuning gas/macro/Prophet candidate 40/64: {'changepoint_prior_scale': 0.05, 'seasonality_prior_scale': 1.0, 'seasonality_mode': 'multiplicative', 'regressor_prior_scale': 10.0}
2026-09-02 23:36:20 | INFO     | energy_stress.prophet | [Prophet-MACRO] Fitting on gas (train=212 obs, regressors=True, cps=0.05, sps=1.0, reg_ps=10.0, seasonality=multiplicative)
2026-09-02 23:36:21 | INFO     | energy_stress.prophet | [Prophet-MACRO gas] validation: MAE=41.2125, RMSE=51.1289
2026-09-02 23:36:21 | INFO     | energy_stress.prophet | [Prophet-MACRO] Forecast saved → outputs/tuning/forecasts/gas/macro/prophet/candidate_40/gas_growth_pct_forecasts_prophet_macro.csv
2026-09-02 23:36:21 | INFO     | energy_stress.tuning | Tuning gas/macro/Prophet candidate 41/64: {'changepoint_prior_scale': 0.05, 'seasonality_prior_scale': 10.0, 'seasonality_mode': 'additive', 'regressor_prior_scale': 0.1}
2026-09-02 23:36:21 | INFO     | energy_stress.prophet | [Prophet-MACRO] Fitting on gas (train=212 obs, regressors=True, cps=0.05, sps=10.0, reg_ps=0.1, seasonality=additive)
2026-09-02 23:36:21 | INFO     | energy_stress.prophet | [Prophet-MACRO gas] validation: MAE=45.1443, RMSE=46.1318
2026-09-02 23:36:21 | INFO     | energy_stress.prophet | [Prophet-MACRO] Forecast saved → outputs/tuning/forecasts/gas/macro/prophet/candidate_41/gas_growth_pct_forecasts_prophet_macro.csv
2026-09-02 23:36:21 | INFO     | energy_stress.tuning | Tuning gas/macro/Prophet candidate 42/64: {'changepoint_prior_scale': 0.05, 'seasonality_prior_scale': 10.0, 'seasonality_mode': 'additive', 'regressor_prior_scale': 0.5}
2026-09-02 23:36:21 | INFO     | energy_stress.prophet | [Prophet-MACRO] Fitting on gas (train=212 obs, regressors=True, cps=0.05, sps=10.0, reg_ps=0.5, seasonality=additive)
2026-09-02 23:36:21 | INFO     | energy_stress.prophet | [Prophet-MACRO gas] validation: MAE=45.3447, RMSE=46.3448
2026-09-02 23:36:21 | INFO     | energy_stress.prophet | [Prophet-MACRO] Forecast saved → outputs/tuning/forecasts/gas/macro/prophet/candidate_42/gas_growth_pct_forecasts_prophet_macro.csv
2026-09-02 23:36:21 | INFO     | energy_stress.tuning | Tuning gas/macro/Prophet candidate 43/64: {'changepoint_prior_scale': 0.05, 'seasonality_prior_scale': 10.0, 'seasonality_mode': 'additive', 'regressor_prior_scale': 2.0}
2026-09-02 23:36:21 | INFO     | energy_stress.prophet | [Prophet-MACRO] Fitting on gas (train=212 obs, regressors=True, cps=0.05, sps=10.0, reg_ps=2.0, seasonality=additive)
2026-09-02 23:36:22 | INFO     | energy_stress.prophet | [Prophet-MACRO gas] validation: MAE=44.3576, RMSE=45.3947
2026-09-02 23:36:22 | INFO     | energy_stress.prophet | [Prophet-MACRO] Forecast saved → outputs/tuning/forecasts/gas/macro/prophet/candidate_43/gas_growth_pct_forecasts_prophet_macro.csv
2026-09-02 23:36:22 | INFO     | energy_stress.tuning | Tuning gas/macro/Prophet candidate 44/64: {'changepoint_prior_scale': 0.05, 'seasonality_prior_scale': 10.0, 'seasonality_mode': 'additive', 'regressor_prior_scale': 10.0}
2026-09-02 23:36:22 | INFO     | energy_stress.prophet | [Prophet-MACRO] Fitting on gas (train=212 obs, regressors=True, cps=0.05, sps=10.0, reg_ps=10.0, seasonality=additive)
2026-09-02 23:36:22 | INFO     | energy_stress.prophet | [Prophet-MACRO gas] validation: MAE=44.5546, RMSE=45.5871
2026-09-02 23:36:22 | INFO     | energy_stress.prophet | [Prophet-MACRO] Forecast saved → outputs/tuning/forecasts/gas/macro/prophet/candidate_44/gas_growth_pct_forecasts_prophet_macro.csv
2026-09-02 23:36:22 | INFO     | energy_stress.tuning | Tuning gas/macro/Prophet candidate 45/64: {'changepoint_prior_scale': 0.05, 'seasonality_prior_scale': 10.0, 'seasonality_mode': 'multiplicative', 'regressor_prior_scale': 0.1}
2026-09-02 23:36:22 | INFO     | energy_stress.prophet | [Prophet-MACRO] Fitting on gas (train=212 obs, regressors=True, cps=0.05, sps=10.0, reg_ps=0.1, seasonality=multiplicative)
2026-09-02 23:36:22 | INFO     | energy_stress.prophet | [Prophet-MACRO gas] validation: MAE=58.9676, RMSE=65.1473
2026-09-02 23:36:22 | INFO     | energy_stress.prophet | [Prophet-MACRO] Forecast saved → outputs/tuning/forecasts/gas/macro/prophet/candidate_45/gas_growth_pct_forecasts_prophet_macro.csv
2026-09-02 23:36:22 | INFO     | energy_stress.tuning | Tuning gas/macro/Prophet candidate 46/64: {'changepoint_prior_scale': 0.05, 'seasonality_prior_scale': 10.0, 'seasonality_mode': 'multiplicative', 'regressor_prior_scale': 0.5}
2026-09-02 23:36:22 | INFO     | energy_stress.prophet | [Prophet-MACRO] Fitting on gas (train=212 obs, regressors=True, cps=0.05, sps=10.0, reg_ps=0.5, seasonality=multiplicative)
2026-09-02 23:36:23 | INFO     | energy_stress.prophet | [Prophet-MACRO gas] validation: MAE=41.2891, RMSE=50.4634
2026-09-02 23:36:23 | INFO     | energy_stress.prophet | [Prophet-MACRO] Forecast saved → outputs/tuning/forecasts/gas/macro/prophet/candidate_46/gas_growth_pct_forecasts_prophet_macro.csv
2026-09-02 23:36:23 | INFO     | energy_stress.tuning | Tuning gas/macro/Prophet candidate 47/64: {'changepoint_prior_scale': 0.05, 'seasonality_prior_scale': 10.0, 'seasonality_mode': 'multiplicative', 'regressor_prior_scale': 2.0}
2026-09-02 23:36:23 | INFO     | energy_stress.prophet | [Prophet-MACRO] Fitting on gas (train=212 obs, regressors=True, cps=0.05, sps=10.0, reg_ps=2.0, seasonality=multiplicative)
2026-09-02 23:36:23 | INFO     | energy_stress.prophet | [Prophet-MACRO gas] validation: MAE=40.7054, RMSE=50.3767
2026-09-02 23:36:23 | INFO     | energy_stress.prophet | [Prophet-MACRO] Forecast saved → outputs/tuning/forecasts/gas/macro/prophet/candidate_47/gas_growth_pct_forecasts_prophet_macro.csv
2026-09-02 23:36:23 | INFO     | energy_stress.tuning | Tuning gas/macro/Prophet candidate 48/64: {'changepoint_prior_scale': 0.05, 'seasonality_prior_scale': 10.0, 'seasonality_mode': 'multiplicative', 'regressor_prior_scale': 10.0}
2026-09-02 23:36:23 | INFO     | energy_stress.prophet | [Prophet-MACRO] Fitting on gas (train=212 obs, regressors=True, cps=0.05, sps=10.0, reg_ps=10.0, seasonality=multiplicative)
2026-09-02 23:36:23 | INFO     | energy_stress.prophet | [Prophet-MACRO gas] validation: MAE=40.7989, RMSE=51.0667
2026-09-02 23:36:23 | INFO     | energy_stress.prophet | [Prophet-MACRO] Forecast saved → outputs/tuning/forecasts/gas/macro/prophet/candidate_48/gas_growth_pct_forecasts_prophet_macro.csv
2026-09-02 23:36:23 | INFO     | energy_stress.tuning | Tuning gas/macro/Prophet candidate 49/64: {'changepoint_prior_scale': 0.1, 'seasonality_prior_scale': 1.0, 'seasonality_mode': 'additive', 'regressor_prior_scale': 0.1}
2026-09-02 23:36:23 | INFO     | energy_stress.prophet | [Prophet-MACRO] Fitting on gas (train=212 obs, regressors=True, cps=0.1, sps=1.0, reg_ps=0.1, seasonality=additive)
2026-09-02 23:36:23 | INFO     | energy_stress.prophet | [Prophet-MACRO gas] validation: MAE=59.7280, RMSE=60.3645
2026-09-02 23:36:23 | INFO     | energy_stress.prophet | [Prophet-MACRO] Forecast saved → outputs/tuning/forecasts/gas/macro/prophet/candidate_49/gas_growth_pct_forecasts_prophet_macro.csv
2026-09-02 23:36:24 | INFO     | energy_stress.tuning | Tuning gas/macro/Prophet candidate 50/64: {'changepoint_prior_scale': 0.1, 'seasonality_prior_scale': 1.0, 'seasonality_mode': 'additive', 'regressor_prior_scale': 0.5}
2026-09-02 23:36:24 | INFO     | energy_stress.prophet | [Prophet-MACRO] Fitting on gas (train=212 obs, regressors=True, cps=0.1, sps=1.0, reg_ps=0.5, seasonality=additive)
2026-09-02 23:36:24 | INFO     | energy_stress.prophet | [Prophet-MACRO gas] validation: MAE=58.8705, RMSE=59.5254
2026-09-02 23:36:24 | INFO     | energy_stress.prophet | [Prophet-MACRO] Forecast saved → outputs/tuning/forecasts/gas/macro/prophet/candidate_50/gas_growth_pct_forecasts_prophet_macro.csv
2026-09-02 23:36:24 | INFO     | energy_stress.tuning | Tuning gas/macro/Prophet candidate 51/64: {'changepoint_prior_scale': 0.1, 'seasonality_prior_scale': 1.0, 'seasonality_mode': 'additive', 'regressor_prior_scale': 2.0}
2026-09-02 23:36:24 | INFO     | energy_stress.prophet | [Prophet-MACRO] Fitting on gas (train=212 obs, regressors=True, cps=0.1, sps=1.0, reg_ps=2.0, seasonality=additive)
2026-09-02 23:36:24 | INFO     | energy_stress.prophet | [Prophet-MACRO gas] validation: MAE=58.8516, RMSE=59.5046
2026-09-02 23:36:24 | INFO     | energy_stress.prophet | [Prophet-MACRO] Forecast saved → outputs/tuning/forecasts/gas/macro/prophet/candidate_51/gas_growth_pct_forecasts_prophet_macro.csv
2026-09-02 23:36:24 | INFO     | energy_stress.tuning | Tuning gas/macro/Prophet candidate 52/64: {'changepoint_prior_scale': 0.1, 'seasonality_prior_scale': 1.0, 'seasonality_mode': 'additive', 'regressor_prior_scale': 10.0}
2026-09-02 23:36:24 | INFO     | energy_stress.prophet | [Prophet-MACRO] Fitting on gas (train=212 obs, regressors=True, cps=0.1, sps=1.0, reg_ps=10.0, seasonality=additive)
2026-09-02 23:36:24 | INFO     | energy_stress.prophet | [Prophet-MACRO gas] validation: MAE=59.0618, RMSE=59.7150
2026-09-02 23:36:24 | INFO     | energy_stress.prophet | [Prophet-MACRO] Forecast saved → outputs/tuning/forecasts/gas/macro/prophet/candidate_52/gas_growth_pct_forecasts_prophet_macro.csv
2026-09-02 23:36:24 | INFO     | energy_stress.tuning | Tuning gas/macro/Prophet candidate 53/64: {'changepoint_prior_scale': 0.1, 'seasonality_prior_scale': 1.0, 'seasonality_mode': 'multiplicative', 'regressor_prior_scale': 0.1}
2026-09-02 23:36:24 | INFO     | energy_stress.prophet | [Prophet-MACRO] Fitting on gas (train=212 obs, regressors=True, cps=0.1, sps=1.0, reg_ps=0.1, seasonality=multiplicative)
2026-09-02 23:36:24 | INFO     | energy_stress.prophet | [Prophet-MACRO gas] validation: MAE=65.9323, RMSE=75.4761
2026-09-02 23:36:25 | INFO     | energy_stress.prophet | [Prophet-MACRO] Forecast saved → outputs/tuning/forecasts/gas/macro/prophet/candidate_53/gas_growth_pct_forecasts_prophet_macro.csv
2026-09-02 23:36:25 | INFO     | energy_stress.tuning | Tuning gas/macro/Prophet candidate 54/64: {'changepoint_prior_scale': 0.1, 'seasonality_prior_scale': 1.0, 'seasonality_mode': 'multiplicative', 'regressor_prior_scale': 0.5}
2026-09-02 23:36:25 | INFO     | energy_stress.prophet | [Prophet-MACRO] Fitting on gas (train=212 obs, regressors=True, cps=0.1, sps=1.0, reg_ps=0.5, seasonality=multiplicative)
2026-09-02 23:36:25 | INFO     | energy_stress.prophet | [Prophet-MACRO gas] validation: MAE=50.5677, RMSE=60.1093
2026-09-02 23:36:25 | INFO     | energy_stress.prophet | [Prophet-MACRO] Forecast saved → outputs/tuning/forecasts/gas/macro/prophet/candidate_54/gas_growth_pct_forecasts_prophet_macro.csv
2026-09-02 23:36:25 | INFO     | energy_stress.tuning | Tuning gas/macro/Prophet candidate 55/64: {'changepoint_prior_scale': 0.1, 'seasonality_prior_scale': 1.0, 'seasonality_mode': 'multiplicative', 'regressor_prior_scale': 2.0}
2026-09-02 23:36:25 | INFO     | energy_stress.prophet | [Prophet-MACRO] Fitting on gas (train=212 obs, regressors=True, cps=0.1, sps=1.0, reg_ps=2.0, seasonality=multiplicative)
2026-09-02 23:36:25 | INFO     | energy_stress.prophet | [Prophet-MACRO gas] validation: MAE=48.0876, RMSE=58.6405
2026-09-02 23:36:25 | INFO     | energy_stress.prophet | [Prophet-MACRO] Forecast saved → outputs/tuning/forecasts/gas/macro/prophet/candidate_55/gas_growth_pct_forecasts_prophet_macro.csv
2026-09-02 23:36:25 | INFO     | energy_stress.tuning | Tuning gas/macro/Prophet candidate 56/64: {'changepoint_prior_scale': 0.1, 'seasonality_prior_scale': 1.0, 'seasonality_mode': 'multiplicative', 'regressor_prior_scale': 10.0}
2026-09-02 23:36:25 | INFO     | energy_stress.prophet | [Prophet-MACRO] Fitting on gas (train=212 obs, regressors=True, cps=0.1, sps=1.0, reg_ps=10.0, seasonality=multiplicative)
2026-09-02 23:36:26 | INFO     | energy_stress.prophet | [Prophet-MACRO gas] validation: MAE=47.9772, RMSE=58.6434
2026-09-02 23:36:26 | INFO     | energy_stress.prophet | [Prophet-MACRO] Forecast saved → outputs/tuning/forecasts/gas/macro/prophet/candidate_56/gas_growth_pct_forecasts_prophet_macro.csv
2026-09-02 23:36:26 | INFO     | energy_stress.tuning | Tuning gas/macro/Prophet candidate 57/64: {'changepoint_prior_scale': 0.1, 'seasonality_prior_scale': 10.0, 'seasonality_mode': 'additive', 'regressor_prior_scale': 0.1}
2026-09-02 23:36:26 | INFO     | energy_stress.prophet | [Prophet-MACRO] Fitting on gas (train=212 obs, regressors=True, cps=0.1, sps=10.0, reg_ps=0.1, seasonality=additive)
2026-09-02 23:36:26 | INFO     | energy_stress.prophet | [Prophet-MACRO gas] validation: MAE=59.1788, RMSE=59.8258
2026-09-02 23:36:26 | INFO     | energy_stress.prophet | [Prophet-MACRO] Forecast saved → outputs/tuning/forecasts/gas/macro/prophet/candidate_57/gas_growth_pct_forecasts_prophet_macro.csv
2026-09-02 23:36:26 | INFO     | energy_stress.tuning | Tuning gas/macro/Prophet candidate 58/64: {'changepoint_prior_scale': 0.1, 'seasonality_prior_scale': 10.0, 'seasonality_mode': 'additive', 'regressor_prior_scale': 0.5}
2026-09-02 23:36:26 | INFO     | energy_stress.prophet | [Prophet-MACRO] Fitting on gas (train=212 obs, regressors=True, cps=0.1, sps=10.0, reg_ps=0.5, seasonality=additive)
2026-09-02 23:36:26 | INFO     | energy_stress.prophet | [Prophet-MACRO gas] validation: MAE=59.1204, RMSE=59.7713
2026-09-02 23:36:26 | INFO     | energy_stress.prophet | [Prophet-MACRO] Forecast saved → outputs/tuning/forecasts/gas/macro/prophet/candidate_58/gas_growth_pct_forecasts_prophet_macro.csv
2026-09-02 23:36:26 | INFO     | energy_stress.tuning | Tuning gas/macro/Prophet candidate 59/64: {'changepoint_prior_scale': 0.1, 'seasonality_prior_scale': 10.0, 'seasonality_mode': 'additive', 'regressor_prior_scale': 2.0}
2026-09-02 23:36:26 | INFO     | energy_stress.prophet | [Prophet-MACRO] Fitting on gas (train=212 obs, regressors=True, cps=0.1, sps=10.0, reg_ps=2.0, seasonality=additive)
2026-09-02 23:36:27 | INFO     | energy_stress.prophet | [Prophet-MACRO gas] validation: MAE=59.2328, RMSE=59.8785
2026-09-02 23:36:27 | INFO     | energy_stress.prophet | [Prophet-MACRO] Forecast saved → outputs/tuning/forecasts/gas/macro/prophet/candidate_59/gas_growth_pct_forecasts_prophet_macro.csv
2026-09-02 23:36:27 | INFO     | energy_stress.tuning | Tuning gas/macro/Prophet candidate 60/64: {'changepoint_prior_scale': 0.1, 'seasonality_prior_scale': 10.0, 'seasonality_mode': 'additive', 'regressor_prior_scale': 10.0}
2026-09-02 23:36:27 | INFO     | energy_stress.prophet | [Prophet-MACRO] Fitting on gas (train=212 obs, regressors=True, cps=0.1, sps=10.0, reg_ps=10.0, seasonality=additive)
2026-09-02 23:36:27 | INFO     | energy_stress.prophet | [Prophet-MACRO gas] validation: MAE=59.3547, RMSE=60.0014
2026-09-02 23:36:27 | INFO     | energy_stress.prophet | [Prophet-MACRO] Forecast saved → outputs/tuning/forecasts/gas/macro/prophet/candidate_60/gas_growth_pct_forecasts_prophet_macro.csv
2026-09-02 23:36:27 | INFO     | energy_stress.tuning | Tuning gas/macro/Prophet candidate 61/64: {'changepoint_prior_scale': 0.1, 'seasonality_prior_scale': 10.0, 'seasonality_mode': 'multiplicative', 'regressor_prior_scale': 0.1}
2026-09-02 23:36:27 | INFO     | energy_stress.prophet | [Prophet-MACRO] Fitting on gas (train=212 obs, regressors=True, cps=0.1, sps=10.0, reg_ps=0.1, seasonality=multiplicative)
2026-09-02 23:36:27 | INFO     | energy_stress.prophet | [Prophet-MACRO gas] validation: MAE=87.7930, RMSE=104.8267
2026-09-02 23:36:27 | INFO     | energy_stress.prophet | [Prophet-MACRO] Forecast saved → outputs/tuning/forecasts/gas/macro/prophet/candidate_61/gas_growth_pct_forecasts_prophet_macro.csv
2026-09-02 23:36:27 | INFO     | energy_stress.tuning | Tuning gas/macro/Prophet candidate 62/64: {'changepoint_prior_scale': 0.1, 'seasonality_prior_scale': 10.0, 'seasonality_mode': 'multiplicative', 'regressor_prior_scale': 0.5}
2026-09-02 23:36:27 | INFO     | energy_stress.prophet | [Prophet-MACRO] Fitting on gas (train=212 obs, regressors=True, cps=0.1, sps=10.0, reg_ps=0.5, seasonality=multiplicative)
2026-09-02 23:36:27 | INFO     | energy_stress.prophet | [Prophet-MACRO gas] validation: MAE=51.9045, RMSE=59.2232
2026-09-02 23:36:28 | INFO     | energy_stress.prophet | [Prophet-MACRO] Forecast saved → outputs/tuning/forecasts/gas/macro/prophet/candidate_62/gas_growth_pct_forecasts_prophet_macro.csv
2026-09-02 23:36:28 | INFO     | energy_stress.tuning | Tuning gas/macro/Prophet candidate 63/64: {'changepoint_prior_scale': 0.1, 'seasonality_prior_scale': 10.0, 'seasonality_mode': 'multiplicative', 'regressor_prior_scale': 2.0}
2026-09-02 23:36:28 | INFO     | energy_stress.prophet | [Prophet-MACRO] Fitting on gas (train=212 obs, regressors=True, cps=0.1, sps=10.0, reg_ps=2.0, seasonality=multiplicative)
2026-09-02 23:36:28 | INFO     | energy_stress.prophet | [Prophet-MACRO gas] validation: MAE=48.5709, RMSE=57.6462
2026-09-02 23:36:28 | INFO     | energy_stress.prophet | [Prophet-MACRO] Forecast saved → outputs/tuning/forecasts/gas/macro/prophet/candidate_63/gas_growth_pct_forecasts_prophet_macro.csv
2026-09-02 23:36:28 | INFO     | energy_stress.tuning | Tuning gas/macro/Prophet candidate 64/64: {'changepoint_prior_scale': 0.1, 'seasonality_prior_scale': 10.0, 'seasonality_mode': 'multiplicative', 'regressor_prior_scale': 10.0}
2026-09-02 23:36:28 | INFO     | energy_stress.prophet | [Prophet-MACRO] Fitting on gas (train=212 obs, regressors=True, cps=0.1, sps=10.0, reg_ps=10.0, seasonality=multiplicative)
2026-09-02 23:36:28 | INFO     | energy_stress.prophet | [Prophet-MACRO gas] validation: MAE=48.2359, RMSE=58.7716
2026-09-02 23:36:28 | INFO     | energy_stress.prophet | [Prophet-MACRO] Forecast saved → outputs/tuning/forecasts/gas/macro/prophet/candidate_64/gas_growth_pct_forecasts_prophet_macro.csv
2026-09-02 23:36:28 | INFO     | energy_stress.tuning | Best params for gas/macro/Prophet: {'changepoint_prior_scale': 0.001, 'seasonality_prior_scale': 1.0, 'seasonality_mode': 'multiplicative', 'regressor_prior_scale': 2.0} (validation score=20.7634)
2026-09-02 23:36:28 | INFO     | energy_stress.tuning | Tuning gas/macro/LSTM candidate 1/3: {'lookback': 6, 'dropout': 0.1, 'learning_rate': 0.001, 'units_1': 64, 'units_2': 32, 'macro_feature_set': 'lstm'}
2026-09-02 23:36:28 | INFO     | energy_stress.lstm | [LSTM-MACRO] Training on gas | train=2006-05-01→2023-12-01 (212 obs), test=2024-01-01→2024-12-01 (12 obs), use_macro=True, lookback=6, dropout=0.1, lr=0.001, units=(64,32), macro_feature_set=lstm
2026-09-02 23:40:55 | INFO     | energy_stress.lstm | [LSTM-MACRO gas] validation: MAE=29.3756, RMSE=31.3748
2026-09-02 23:50:44 | INFO     | energy_stress.lstm | [LSTM-MACRO] Forecast saved → outputs/tuning/forecasts/gas/macro/lstm/candidate_01/gas_growth_pct_forecasts_lstm_macro.csv
2026-09-02 23:50:44 | INFO     | energy_stress.tuning | Tuning gas/macro/LSTM candidate 2/3: {'lookback': 12, 'dropout': 0.2, 'learning_rate': 0.001, 'units_1': 128, 'units_2': 64, 'macro_feature_set': 'lstm'}
2026-09-02 23:50:44 | INFO     | energy_stress.lstm | [LSTM-MACRO] Training on gas | train=2006-05-01→2023-12-01 (212 obs), test=2024-01-01→2024-12-01 (12 obs), use_macro=True, lookback=12, dropout=0.2, lr=0.001, units=(128,64), macro_feature_set=lstm
2026-09-02 23:53:32 | INFO     | energy_stress.lstm | [LSTM-MACRO gas] validation: MAE=34.1044, RMSE=35.9231
2026-09-02 23:55:22 | INFO     | energy_stress.lstm | [LSTM-MACRO] Forecast saved → outputs/tuning/forecasts/gas/macro/lstm/candidate_02/gas_growth_pct_forecasts_lstm_macro.csv
2026-09-02 23:55:22 | INFO     | energy_stress.tuning | Tuning gas/macro/LSTM candidate 3/3: {'lookback': 18, 'dropout': 0.25, 'learning_rate': 0.0005, 'units_1': 128, 'units_2': 64, 'macro_feature_set': 'lstm'}
2026-09-02 23:55:22 | INFO     | energy_stress.lstm | [LSTM-MACRO] Training on gas | train=2006-05-01→2023-12-01 (212 obs), test=2024-01-01→2024-12-01 (12 obs), use_macro=True, lookback=18, dropout=0.25, lr=0.0005, units=(128,64), macro_feature_set=lstm
2026-09-02 23:56:27 | INFO     | energy_stress.lstm | [LSTM-MACRO gas] validation: MAE=31.0069, RMSE=32.8848
2026-09-02 23:58:45 | INFO     | energy_stress.lstm | [LSTM-MACRO] Forecast saved → outputs/tuning/forecasts/gas/macro/lstm/candidate_03/gas_growth_pct_forecasts_lstm_macro.csv
2026-09-02 23:58:45 | INFO     | energy_stress.tuning | Best params for gas/macro/LSTM: {'lookback': 6, 'dropout': 0.1, 'learning_rate': 0.001, 'units_1': 64, 'units_2': 32, 'macro_feature_set': 'lstm'} (validation score=29.3756)
2026-09-02 23:58:45 | INFO     | energy_stress.tuning | Tuning gas/macro/TFT candidate 1/3: {'lookback': 6, 'hidden': 32, 'n_heads': 4, 'learning_rate': 0.001}
2026-09-02 23:58:45 | INFO     | energy_stress.tft | [TFT/pytorch-forecasting] Fitting gas (macro)
2026-09-02 23:59:16 | INFO     | energy_stress.tft | [TFT gas] validation: MAE=121.1678, RMSE=121.6573
2026-09-02 23:59:52 | INFO     | energy_stress.tft | [TFT] Forecast saved → outputs/tuning/forecasts/gas/macro/tft/candidate_01/gas_growth_pct_forecasts_tft_macro.csv
2026-09-02 23:59:52 | INFO     | energy_stress.tuning | Tuning gas/macro/TFT candidate 2/3: {'lookback': 12, 'hidden': 64, 'n_heads': 4, 'learning_rate': 0.0005}
2026-09-02 23:59:52 | INFO     | energy_stress.tft | [TFT/pytorch-forecasting] Fitting gas (macro)
2026-09-03 00:00:24 | INFO     | energy_stress.tft | [TFT gas] validation: MAE=51.2318, RMSE=52.6892
2026-09-03 00:01:02 | INFO     | energy_stress.tft | [TFT] Forecast saved → outputs/tuning/forecasts/gas/macro/tft/candidate_02/gas_growth_pct_forecasts_tft_macro.csv
2026-09-03 00:01:02 | INFO     | energy_stress.tuning | Tuning gas/macro/TFT candidate 3/3: {'lookback': 18, 'hidden': 64, 'n_heads': 4, 'learning_rate': 0.0005}
2026-09-03 00:01:02 | INFO     | energy_stress.tft | [TFT/pytorch-forecasting] Fitting gas (macro)
2026-09-03 00:01:28 | INFO     | energy_stress.tft | [TFT gas] validation: MAE=33.1944, RMSE=33.9439
2026-09-03 00:01:59 | INFO     | energy_stress.tft | [TFT] Forecast saved → outputs/tuning/forecasts/gas/macro/tft/candidate_03/gas_growth_pct_forecasts_tft_macro.csv
2026-09-03 00:01:59 | INFO     | energy_stress.tuning | Best params for gas/macro/TFT: {'lookback': 18, 'hidden': 64, 'n_heads': 4, 'learning_rate': 0.0005} (validation score=33.1944)
2026-09-03 00:01:59 | INFO     | energy_stress.tuning | Tuning electricity/core/SARIMA candidate 1/1: {}
2026-09-03 00:01:59 | INFO     | energy_stress.sarima | [SARIMA-CORE] Fitting on electricity (train=212 obs)
2026-09-03 00:03:55 | INFO     | energy_stress.sarima | SARIMA best order: (2, 0, 1) × (2, 1, 1, 12)
2026-09-03 00:03:56 | INFO     | energy_stress.sarima | [SARIMA-CORE electricity] validation: MAE=14.5462, RMSE=15.1694, MAPE=120.72%
2026-09-03 00:03:58 | INFO     | energy_stress.sarima | [SARIMA-CORE] Forecast saved → outputs/tuning/forecasts/electricity/core/sarima/candidate_01/electricity_growth_pct_forecasts_sarima_core.csv
2026-09-03 00:03:58 | INFO     | energy_stress.tuning | Tuning electricity/core/Prophet candidate 1/8: {'changepoint_prior_scale': 0.001, 'seasonality_prior_scale': 1.0, 'seasonality_mode': 'additive'}
2026-09-03 00:03:58 | INFO     | energy_stress.prophet | [Prophet-CORE] Fitting on electricity (train=212 obs, regressors=False, cps=0.001, sps=1.0, reg_ps=n/a, seasonality=additive)
2026-09-03 00:03:58 | INFO     | energy_stress.prophet | [Prophet-CORE electricity] validation: MAE=28.4859, RMSE=29.0932
2026-09-03 00:03:58 | INFO     | energy_stress.prophet | [Prophet-CORE] Forecast saved → outputs/tuning/forecasts/electricity/core/prophet/candidate_01/electricity_growth_pct_forecasts_prophet_core.csv
2026-09-03 00:03:58 | INFO     | energy_stress.tuning | Tuning electricity/core/Prophet candidate 2/8: {'changepoint_prior_scale': 0.001, 'seasonality_prior_scale': 10.0, 'seasonality_mode': 'additive'}
2026-09-03 00:03:58 | INFO     | energy_stress.prophet | [Prophet-CORE] Fitting on electricity (train=212 obs, regressors=False, cps=0.001, sps=10.0, reg_ps=n/a, seasonality=additive)
2026-09-03 00:03:59 | INFO     | energy_stress.prophet | [Prophet-CORE electricity] validation: MAE=28.4259, RMSE=29.0365
2026-09-03 00:03:59 | INFO     | energy_stress.prophet | [Prophet-CORE] Forecast saved → outputs/tuning/forecasts/electricity/core/prophet/candidate_02/electricity_growth_pct_forecasts_prophet_core.csv
2026-09-03 00:03:59 | INFO     | energy_stress.tuning | Tuning electricity/core/Prophet candidate 3/8: {'changepoint_prior_scale': 0.01, 'seasonality_prior_scale': 1.0, 'seasonality_mode': 'additive'}
2026-09-03 00:03:59 | INFO     | energy_stress.prophet | [Prophet-CORE] Fitting on electricity (train=212 obs, regressors=False, cps=0.01, sps=1.0, reg_ps=n/a, seasonality=additive)
2026-09-03 00:03:59 | INFO     | energy_stress.prophet | [Prophet-CORE electricity] validation: MAE=26.9160, RMSE=27.5638
2026-09-03 00:03:59 | INFO     | energy_stress.prophet | [Prophet-CORE] Forecast saved → outputs/tuning/forecasts/electricity/core/prophet/candidate_03/electricity_growth_pct_forecasts_prophet_core.csv
2026-09-03 00:03:59 | INFO     | energy_stress.tuning | Tuning electricity/core/Prophet candidate 4/8: {'changepoint_prior_scale': 0.01, 'seasonality_prior_scale': 10.0, 'seasonality_mode': 'additive'}
2026-09-03 00:03:59 | INFO     | energy_stress.prophet | [Prophet-CORE] Fitting on electricity (train=212 obs, regressors=False, cps=0.01, sps=10.0, reg_ps=n/a, seasonality=additive)
2026-09-03 00:03:59 | INFO     | energy_stress.prophet | [Prophet-CORE electricity] validation: MAE=27.5499, RMSE=28.1829
2026-09-03 00:03:59 | INFO     | energy_stress.prophet | [Prophet-CORE] Forecast saved → outputs/tuning/forecasts/electricity/core/prophet/candidate_04/electricity_growth_pct_forecasts_prophet_core.csv
2026-09-03 00:03:59 | INFO     | energy_stress.tuning | Tuning electricity/core/Prophet candidate 5/8: {'changepoint_prior_scale': 0.05, 'seasonality_prior_scale': 1.0, 'seasonality_mode': 'additive'}
2026-09-03 00:03:59 | INFO     | energy_stress.prophet | [Prophet-CORE] Fitting on electricity (train=212 obs, regressors=False, cps=0.05, sps=1.0, reg_ps=n/a, seasonality=additive)
2026-09-03 00:03:59 | INFO     | energy_stress.prophet | [Prophet-CORE electricity] validation: MAE=34.8177, RMSE=35.2902
2026-09-03 00:03:59 | INFO     | energy_stress.prophet | [Prophet-CORE] Forecast saved → outputs/tuning/forecasts/electricity/core/prophet/candidate_05/electricity_growth_pct_forecasts_prophet_core.csv
2026-09-03 00:03:59 | INFO     | energy_stress.tuning | Tuning electricity/core/Prophet candidate 6/8: {'changepoint_prior_scale': 0.05, 'seasonality_prior_scale': 10.0, 'seasonality_mode': 'additive'}
2026-09-03 00:03:59 | INFO     | energy_stress.prophet | [Prophet-CORE] Fitting on electricity (train=212 obs, regressors=False, cps=0.05, sps=10.0, reg_ps=n/a, seasonality=additive)
2026-09-03 00:03:59 | INFO     | energy_stress.prophet | [Prophet-CORE electricity] validation: MAE=34.5585, RMSE=35.0348
2026-09-03 00:03:59 | INFO     | energy_stress.prophet | [Prophet-CORE] Forecast saved → outputs/tuning/forecasts/electricity/core/prophet/candidate_06/electricity_growth_pct_forecasts_prophet_core.csv
2026-09-03 00:03:59 | INFO     | energy_stress.tuning | Tuning electricity/core/Prophet candidate 7/8: {'changepoint_prior_scale': 0.1, 'seasonality_prior_scale': 1.0, 'seasonality_mode': 'additive'}
2026-09-03 00:03:59 | INFO     | energy_stress.prophet | [Prophet-CORE] Fitting on electricity (train=212 obs, regressors=False, cps=0.1, sps=1.0, reg_ps=n/a, seasonality=additive)
2026-09-03 00:04:00 | INFO     | energy_stress.prophet | [Prophet-CORE electricity] validation: MAE=40.1436, RMSE=40.5323
2026-09-03 00:04:00 | INFO     | energy_stress.prophet | [Prophet-CORE] Forecast saved → outputs/tuning/forecasts/electricity/core/prophet/candidate_07/electricity_growth_pct_forecasts_prophet_core.csv
2026-09-03 00:04:00 | INFO     | energy_stress.tuning | Tuning electricity/core/Prophet candidate 8/8: {'changepoint_prior_scale': 0.1, 'seasonality_prior_scale': 10.0, 'seasonality_mode': 'additive'}
2026-09-03 00:04:00 | INFO     | energy_stress.prophet | [Prophet-CORE] Fitting on electricity (train=212 obs, regressors=False, cps=0.1, sps=10.0, reg_ps=n/a, seasonality=additive)
2026-09-03 00:04:00 | INFO     | energy_stress.prophet | [Prophet-CORE electricity] validation: MAE=40.5104, RMSE=40.8947
2026-09-03 00:04:00 | INFO     | energy_stress.prophet | [Prophet-CORE] Forecast saved → outputs/tuning/forecasts/electricity/core/prophet/candidate_08/electricity_growth_pct_forecasts_prophet_core.csv
2026-09-03 00:04:00 | INFO     | energy_stress.tuning | Best params for electricity/core/Prophet: {'changepoint_prior_scale': 0.01, 'seasonality_prior_scale': 1.0, 'seasonality_mode': 'additive'} (validation score=26.9160)
2026-09-03 00:04:00 | INFO     | energy_stress.tuning | Tuning electricity/core/LSTM candidate 1/3: {'lookback': 6, 'dropout': 0.1, 'learning_rate': 0.001, 'units_1': 64, 'units_2': 32, 'macro_feature_set': 'lstm'}
2026-09-03 00:04:00 | INFO     | energy_stress.lstm | [LSTM-CORE] Training on electricity | train=2006-05-01→2023-12-01 (212 obs), test=2024-01-01→2024-12-01 (12 obs), use_macro=False, lookback=6, dropout=0.1, lr=0.001, units=(64,32), macro_feature_set=lstm
2026-09-03 00:04:45 | INFO     | energy_stress.lstm | [LSTM-CORE electricity] validation: MAE=7.6558, RMSE=8.9058
2026-09-03 00:05:50 | INFO     | energy_stress.lstm | [LSTM-CORE] Forecast saved → outputs/tuning/forecasts/electricity/core/lstm/candidate_01/electricity_growth_pct_forecasts_lstm_core.csv
2026-09-03 00:05:50 | INFO     | energy_stress.tuning | Tuning electricity/core/LSTM candidate 2/3: {'lookback': 12, 'dropout': 0.2, 'learning_rate': 0.001, 'units_1': 128, 'units_2': 64, 'macro_feature_set': 'lstm'}
2026-09-03 00:05:50 | INFO     | energy_stress.lstm | [LSTM-CORE] Training on electricity | train=2006-05-01→2023-12-01 (212 obs), test=2024-01-01→2024-12-01 (12 obs), use_macro=False, lookback=12, dropout=0.2, lr=0.001, units=(128,64), macro_feature_set=lstm
2026-09-03 00:06:18 | INFO     | energy_stress.lstm | [LSTM-CORE electricity] validation: MAE=30.6065, RMSE=31.1654
2026-09-03 00:08:39 | INFO     | energy_stress.lstm | [LSTM-CORE] Forecast saved → outputs/tuning/forecasts/electricity/core/lstm/candidate_02/electricity_growth_pct_forecasts_lstm_core.csv
2026-09-03 00:08:39 | INFO     | energy_stress.tuning | Tuning electricity/core/LSTM candidate 3/3: {'lookback': 18, 'dropout': 0.25, 'learning_rate': 0.0005, 'units_1': 128, 'units_2': 64, 'macro_feature_set': 'lstm'}
2026-09-03 00:08:39 | INFO     | energy_stress.lstm | [LSTM-CORE] Training on electricity | train=2006-05-01→2023-12-01 (212 obs), test=2024-01-01→2024-12-01 (12 obs), use_macro=False, lookback=18, dropout=0.25, lr=0.0005, units=(128,64), macro_feature_set=lstm
2026-09-03 00:09:04 | INFO     | energy_stress.lstm | [LSTM-CORE electricity] validation: MAE=25.0583, RMSE=25.7506
2026-09-03 00:11:11 | INFO     | energy_stress.lstm | [LSTM-CORE] Forecast saved → outputs/tuning/forecasts/electricity/core/lstm/candidate_03/electricity_growth_pct_forecasts_lstm_core.csv
2026-09-03 00:11:11 | INFO     | energy_stress.tuning | Best params for electricity/core/LSTM: {'lookback': 6, 'dropout': 0.1, 'learning_rate': 0.001, 'units_1': 64, 'units_2': 32, 'macro_feature_set': 'lstm'} (validation score=7.6558)
2026-09-03 00:11:11 | INFO     | energy_stress.tuning | Tuning electricity/core/TFT candidate 1/3: {'lookback': 6, 'hidden': 32, 'n_heads': 4, 'learning_rate': 0.001}
2026-09-03 00:11:11 | INFO     | energy_stress.tft | [TFT/pytorch-forecasting] Fitting electricity (core)
2026-09-03 00:11:35 | INFO     | energy_stress.tft | [TFT electricity] validation: MAE=13.6495, RMSE=14.8048
2026-09-03 00:12:04 | INFO     | energy_stress.tft | [TFT] Forecast saved → outputs/tuning/forecasts/electricity/core/tft/candidate_01/electricity_growth_pct_forecasts_tft_core.csv
2026-09-03 00:12:04 | INFO     | energy_stress.tuning | Tuning electricity/core/TFT candidate 2/3: {'lookback': 12, 'hidden': 64, 'n_heads': 4, 'learning_rate': 0.0005}
2026-09-03 00:12:04 | INFO     | energy_stress.tft | [TFT/pytorch-forecasting] Fitting electricity (core)
2026-09-03 00:12:27 | INFO     | energy_stress.tft | [TFT electricity] validation: MAE=11.7955, RMSE=12.8260
2026-09-03 00:12:55 | INFO     | energy_stress.tft | [TFT] Forecast saved → outputs/tuning/forecasts/electricity/core/tft/candidate_02/electricity_growth_pct_forecasts_tft_core.csv
2026-09-03 00:12:55 | INFO     | energy_stress.tuning | Tuning electricity/core/TFT candidate 3/3: {'lookback': 18, 'hidden': 64, 'n_heads': 4, 'learning_rate': 0.0005}
2026-09-03 00:12:55 | INFO     | energy_stress.tft | [TFT/pytorch-forecasting] Fitting electricity (core)
2026-09-03 00:13:19 | INFO     | energy_stress.tft | [TFT electricity] validation: MAE=7.1767, RMSE=8.7205
2026-09-03 00:13:46 | INFO     | energy_stress.tft | [TFT] Forecast saved → outputs/tuning/forecasts/electricity/core/tft/candidate_03/electricity_growth_pct_forecasts_tft_core.csv
2026-09-03 00:13:46 | INFO     | energy_stress.tuning | Best params for electricity/core/TFT: {'lookback': 18, 'hidden': 64, 'n_heads': 4, 'learning_rate': 0.0005} (validation score=7.1767)
2026-09-03 00:13:46 | INFO     | energy_stress.tuning | Tuning electricity/macro/SARIMA candidate 1/1: {}
2026-09-03 00:13:46 | INFO     | energy_stress.sarima | [SARIMA-MACRO] Fitting on electricity (train=212 obs)
2026-09-03 00:18:44 | INFO     | energy_stress.sarima | SARIMA best order: (2, 0, 1) × (2, 1, 1, 12)
2026-09-03 00:18:44 | INFO     | energy_stress.sarima | [SARIMA-MACRO] Using exogenous: ['inflation_growth_lag1', 'weather_volatility_lag1', 'gdp_growth_lag1', 'gas_futures_log_return_lag1', 'gas_futures_yoy_growth_lag1', 'electricity_growth_lag12', 'post_2016_electricity_regime', 'gbp_eur_yoy_change_lag12']
2026-09-03 00:18:46 | INFO     | energy_stress.sarima | [SARIMA-MACRO electricity] validation: MAE=17.1632, RMSE=18.4425, MAPE=144.21%
2026-09-03 00:18:48 | INFO     | energy_stress.sarima | [SARIMA-MACRO] Forecast saved → outputs/tuning/forecasts/electricity/macro/sarima/candidate_01/electricity_growth_pct_forecasts_sarima_macro.csv
2026-09-03 00:18:48 | INFO     | energy_stress.tuning | Tuning electricity/macro/Prophet candidate 1/32: {'changepoint_prior_scale': 0.001, 'seasonality_prior_scale': 1.0, 'seasonality_mode': 'additive', 'regressor_prior_scale': 0.1}
2026-09-03 00:18:48 | INFO     | energy_stress.prophet | [Prophet-MACRO] Fitting on electricity (train=212 obs, regressors=True, cps=0.001, sps=1.0, reg_ps=0.1, seasonality=additive)
2026-09-03 00:18:48 | INFO     | energy_stress.prophet | [Prophet-MACRO electricity] validation: MAE=22.0599, RMSE=22.7825
2026-09-03 00:18:49 | INFO     | energy_stress.prophet | [Prophet-MACRO] Forecast saved → outputs/tuning/forecasts/electricity/macro/prophet/candidate_01/electricity_growth_pct_forecasts_prophet_macro.csv
2026-09-03 00:18:49 | INFO     | energy_stress.tuning | Tuning electricity/macro/Prophet candidate 2/32: {'changepoint_prior_scale': 0.001, 'seasonality_prior_scale': 1.0, 'seasonality_mode': 'additive', 'regressor_prior_scale': 0.5}
2026-09-03 00:18:49 | INFO     | energy_stress.prophet | [Prophet-MACRO] Fitting on electricity (train=212 obs, regressors=True, cps=0.001, sps=1.0, reg_ps=0.5, seasonality=additive)
2026-09-03 00:18:51 | INFO     | energy_stress.prophet | [Prophet-MACRO electricity] validation: MAE=22.0446, RMSE=22.7735
2026-09-03 00:18:52 | INFO     | energy_stress.prophet | [Prophet-MACRO] Forecast saved → outputs/tuning/forecasts/electricity/macro/prophet/candidate_02/electricity_growth_pct_forecasts_prophet_macro.csv
2026-09-03 00:18:52 | INFO     | energy_stress.tuning | Tuning electricity/macro/Prophet candidate 3/32: {'changepoint_prior_scale': 0.001, 'seasonality_prior_scale': 1.0, 'seasonality_mode': 'additive', 'regressor_prior_scale': 2.0}
2026-09-03 00:18:52 | INFO     | energy_stress.prophet | [Prophet-MACRO] Fitting on electricity (train=212 obs, regressors=True, cps=0.001, sps=1.0, reg_ps=2.0, seasonality=additive)
2026-09-03 00:18:52 | INFO     | energy_stress.prophet | [Prophet-MACRO electricity] validation: MAE=21.9252, RMSE=22.6655
2026-09-03 00:18:53 | INFO     | energy_stress.prophet | [Prophet-MACRO] Forecast saved → outputs/tuning/forecasts/electricity/macro/prophet/candidate_03/electricity_growth_pct_forecasts_prophet_macro.csv
2026-09-03 00:18:53 | INFO     | energy_stress.tuning | Tuning electricity/macro/Prophet candidate 4/32: {'changepoint_prior_scale': 0.001, 'seasonality_prior_scale': 1.0, 'seasonality_mode': 'additive', 'regressor_prior_scale': 10.0}
2026-09-03 00:18:53 | INFO     | energy_stress.prophet | [Prophet-MACRO] Fitting on electricity (train=212 obs, regressors=True, cps=0.001, sps=1.0, reg_ps=10.0, seasonality=additive)
2026-09-03 00:18:53 | INFO     | energy_stress.prophet | [Prophet-MACRO electricity] validation: MAE=21.9934, RMSE=22.7301
2026-09-03 00:18:53 | INFO     | energy_stress.prophet | [Prophet-MACRO] Forecast saved → outputs/tuning/forecasts/electricity/macro/prophet/candidate_04/electricity_growth_pct_forecasts_prophet_macro.csv
2026-09-03 00:18:53 | INFO     | energy_stress.tuning | Tuning electricity/macro/Prophet candidate 5/32: {'changepoint_prior_scale': 0.001, 'seasonality_prior_scale': 10.0, 'seasonality_mode': 'additive', 'regressor_prior_scale': 0.1}
2026-09-03 00:18:53 | INFO     | energy_stress.prophet | [Prophet-MACRO] Fitting on electricity (train=212 obs, regressors=True, cps=0.001, sps=10.0, reg_ps=0.1, seasonality=additive)
2026-09-03 00:18:54 | INFO     | energy_stress.prophet | [Prophet-MACRO electricity] validation: MAE=21.5651, RMSE=22.3065
2026-09-03 00:18:54 | INFO     | energy_stress.prophet | [Prophet-MACRO] Forecast saved → outputs/tuning/forecasts/electricity/macro/prophet/candidate_05/electricity_growth_pct_forecasts_prophet_macro.csv
2026-09-03 00:18:54 | INFO     | energy_stress.tuning | Tuning electricity/macro/Prophet candidate 6/32: {'changepoint_prior_scale': 0.001, 'seasonality_prior_scale': 10.0, 'seasonality_mode': 'additive', 'regressor_prior_scale': 0.5}
2026-09-03 00:18:54 | INFO     | energy_stress.prophet | [Prophet-MACRO] Fitting on electricity (train=212 obs, regressors=True, cps=0.001, sps=10.0, reg_ps=0.5, seasonality=additive)
2026-09-03 00:18:55 | INFO     | energy_stress.prophet | [Prophet-MACRO electricity] validation: MAE=22.0094, RMSE=22.7530
2026-09-03 00:18:55 | INFO     | energy_stress.prophet | [Prophet-MACRO] Forecast saved → outputs/tuning/forecasts/electricity/macro/prophet/candidate_06/electricity_growth_pct_forecasts_prophet_macro.csv
2026-09-03 00:18:55 | INFO     | energy_stress.tuning | Tuning electricity/macro/Prophet candidate 7/32: {'changepoint_prior_scale': 0.001, 'seasonality_prior_scale': 10.0, 'seasonality_mode': 'additive', 'regressor_prior_scale': 2.0}
2026-09-03 00:18:55 | INFO     | energy_stress.prophet | [Prophet-MACRO] Fitting on electricity (train=212 obs, regressors=True, cps=0.001, sps=10.0, reg_ps=2.0, seasonality=additive)
2026-09-03 00:18:55 | INFO     | energy_stress.prophet | [Prophet-MACRO electricity] validation: MAE=21.9405, RMSE=22.6884
2026-09-03 00:18:57 | INFO     | energy_stress.prophet | [Prophet-MACRO] Forecast saved → outputs/tuning/forecasts/electricity/macro/prophet/candidate_07/electricity_growth_pct_forecasts_prophet_macro.csv
2026-09-03 00:18:57 | INFO     | energy_stress.tuning | Tuning electricity/macro/Prophet candidate 8/32: {'changepoint_prior_scale': 0.001, 'seasonality_prior_scale': 10.0, 'seasonality_mode': 'additive', 'regressor_prior_scale': 10.0}
2026-09-03 00:18:57 | INFO     | energy_stress.prophet | [Prophet-MACRO] Fitting on electricity (train=212 obs, regressors=True, cps=0.001, sps=10.0, reg_ps=10.0, seasonality=additive)
2026-09-03 00:18:57 | INFO     | energy_stress.prophet | [Prophet-MACRO electricity] validation: MAE=21.9683, RMSE=22.7152
2026-09-03 00:18:58 | INFO     | energy_stress.prophet | [Prophet-MACRO] Forecast saved → outputs/tuning/forecasts/electricity/macro/prophet/candidate_08/electricity_growth_pct_forecasts_prophet_macro.csv
2026-09-03 00:18:58 | INFO     | energy_stress.tuning | Tuning electricity/macro/Prophet candidate 9/32: {'changepoint_prior_scale': 0.01, 'seasonality_prior_scale': 1.0, 'seasonality_mode': 'additive', 'regressor_prior_scale': 0.1}
2026-09-03 00:18:58 | INFO     | energy_stress.prophet | [Prophet-MACRO] Fitting on electricity (train=212 obs, regressors=True, cps=0.01, sps=1.0, reg_ps=0.1, seasonality=additive)
2026-09-03 00:18:58 | INFO     | energy_stress.prophet | [Prophet-MACRO electricity] validation: MAE=18.9711, RMSE=19.7602
2026-09-03 00:18:58 | INFO     | energy_stress.prophet | [Prophet-MACRO] Forecast saved → outputs/tuning/forecasts/electricity/macro/prophet/candidate_09/electricity_growth_pct_forecasts_prophet_macro.csv
2026-09-03 00:18:58 | INFO     | energy_stress.tuning | Tuning electricity/macro/Prophet candidate 10/32: {'changepoint_prior_scale': 0.01, 'seasonality_prior_scale': 1.0, 'seasonality_mode': 'additive', 'regressor_prior_scale': 0.5}
2026-09-03 00:18:58 | INFO     | energy_stress.prophet | [Prophet-MACRO] Fitting on electricity (train=212 obs, regressors=True, cps=0.01, sps=1.0, reg_ps=0.5, seasonality=additive)
2026-09-03 00:18:58 | INFO     | energy_stress.prophet | [Prophet-MACRO electricity] validation: MAE=13.1535, RMSE=14.6141
2026-09-03 00:18:58 | INFO     | energy_stress.prophet | [Prophet-MACRO] Forecast saved → outputs/tuning/forecasts/electricity/macro/prophet/candidate_10/electricity_growth_pct_forecasts_prophet_macro.csv
2026-09-03 00:18:58 | INFO     | energy_stress.tuning | Tuning electricity/macro/Prophet candidate 11/32: {'changepoint_prior_scale': 0.01, 'seasonality_prior_scale': 1.0, 'seasonality_mode': 'additive', 'regressor_prior_scale': 2.0}
2026-09-03 00:18:58 | INFO     | energy_stress.prophet | [Prophet-MACRO] Fitting on electricity (train=212 obs, regressors=True, cps=0.01, sps=1.0, reg_ps=2.0, seasonality=additive)
2026-09-03 00:18:58 | INFO     | energy_stress.prophet | [Prophet-MACRO electricity] validation: MAE=15.2896, RMSE=16.4789
2026-09-03 00:18:58 | INFO     | energy_stress.prophet | [Prophet-MACRO] Forecast saved → outputs/tuning/forecasts/electricity/macro/prophet/candidate_11/electricity_growth_pct_forecasts_prophet_macro.csv
2026-09-03 00:18:58 | INFO     | energy_stress.tuning | Tuning electricity/macro/Prophet candidate 12/32: {'changepoint_prior_scale': 0.01, 'seasonality_prior_scale': 1.0, 'seasonality_mode': 'additive', 'regressor_prior_scale': 10.0}
2026-09-03 00:18:58 | INFO     | energy_stress.prophet | [Prophet-MACRO] Fitting on electricity (train=212 obs, regressors=True, cps=0.01, sps=1.0, reg_ps=10.0, seasonality=additive)
2026-09-03 00:18:59 | INFO     | energy_stress.prophet | [Prophet-MACRO electricity] validation: MAE=15.9220, RMSE=17.0068
2026-09-03 00:18:59 | INFO     | energy_stress.prophet | [Prophet-MACRO] Forecast saved → outputs/tuning/forecasts/electricity/macro/prophet/candidate_12/electricity_growth_pct_forecasts_prophet_macro.csv
2026-09-03 00:18:59 | INFO     | energy_stress.tuning | Tuning electricity/macro/Prophet candidate 13/32: {'changepoint_prior_scale': 0.01, 'seasonality_prior_scale': 10.0, 'seasonality_mode': 'additive', 'regressor_prior_scale': 0.1}
2026-09-03 00:18:59 | INFO     | energy_stress.prophet | [Prophet-MACRO] Fitting on electricity (train=212 obs, regressors=True, cps=0.01, sps=10.0, reg_ps=0.1, seasonality=additive)
2026-09-03 00:18:59 | INFO     | energy_stress.prophet | [Prophet-MACRO electricity] validation: MAE=15.7503, RMSE=16.7710
2026-09-03 00:18:59 | INFO     | energy_stress.prophet | [Prophet-MACRO] Forecast saved → outputs/tuning/forecasts/electricity/macro/prophet/candidate_13/electricity_growth_pct_forecasts_prophet_macro.csv
2026-09-03 00:18:59 | INFO     | energy_stress.tuning | Tuning electricity/macro/Prophet candidate 14/32: {'changepoint_prior_scale': 0.01, 'seasonality_prior_scale': 10.0, 'seasonality_mode': 'additive', 'regressor_prior_scale': 0.5}
2026-09-03 00:18:59 | INFO     | energy_stress.prophet | [Prophet-MACRO] Fitting on electricity (train=212 obs, regressors=True, cps=0.01, sps=10.0, reg_ps=0.5, seasonality=additive)
2026-09-03 00:18:59 | INFO     | energy_stress.prophet | [Prophet-MACRO electricity] validation: MAE=12.3608, RMSE=13.9510
2026-09-03 00:18:59 | INFO     | energy_stress.prophet | [Prophet-MACRO] Forecast saved → outputs/tuning/forecasts/electricity/macro/prophet/candidate_14/electricity_growth_pct_forecasts_prophet_macro.csv
2026-09-03 00:18:59 | INFO     | energy_stress.tuning | Tuning electricity/macro/Prophet candidate 15/32: {'changepoint_prior_scale': 0.01, 'seasonality_prior_scale': 10.0, 'seasonality_mode': 'additive', 'regressor_prior_scale': 2.0}
2026-09-03 00:18:59 | INFO     | energy_stress.prophet | [Prophet-MACRO] Fitting on electricity (train=212 obs, regressors=True, cps=0.01, sps=10.0, reg_ps=2.0, seasonality=additive)
2026-09-03 00:18:59 | INFO     | energy_stress.prophet | [Prophet-MACRO electricity] validation: MAE=14.7040, RMSE=15.9621
2026-09-03 00:18:59 | INFO     | energy_stress.prophet | [Prophet-MACRO] Forecast saved → outputs/tuning/forecasts/electricity/macro/prophet/candidate_15/electricity_growth_pct_forecasts_prophet_macro.csv
2026-09-03 00:18:59 | INFO     | energy_stress.tuning | Tuning electricity/macro/Prophet candidate 16/32: {'changepoint_prior_scale': 0.01, 'seasonality_prior_scale': 10.0, 'seasonality_mode': 'additive', 'regressor_prior_scale': 10.0}
2026-09-03 00:18:59 | INFO     | energy_stress.prophet | [Prophet-MACRO] Fitting on electricity (train=212 obs, regressors=True, cps=0.01, sps=10.0, reg_ps=10.0, seasonality=additive)
2026-09-03 00:18:59 | INFO     | energy_stress.prophet | [Prophet-MACRO electricity] validation: MAE=13.1562, RMSE=14.6459
2026-09-03 00:19:00 | INFO     | energy_stress.prophet | [Prophet-MACRO] Forecast saved → outputs/tuning/forecasts/electricity/macro/prophet/candidate_16/electricity_growth_pct_forecasts_prophet_macro.csv
2026-09-03 00:19:00 | INFO     | energy_stress.tuning | Tuning electricity/macro/Prophet candidate 17/32: {'changepoint_prior_scale': 0.05, 'seasonality_prior_scale': 1.0, 'seasonality_mode': 'additive', 'regressor_prior_scale': 0.1}
2026-09-03 00:19:00 | INFO     | energy_stress.prophet | [Prophet-MACRO] Fitting on electricity (train=212 obs, regressors=True, cps=0.05, sps=1.0, reg_ps=0.1, seasonality=additive)
2026-09-03 00:19:00 | INFO     | energy_stress.prophet | [Prophet-MACRO electricity] validation: MAE=33.4460, RMSE=34.3542
2026-09-03 00:19:00 | INFO     | energy_stress.prophet | [Prophet-MACRO] Forecast saved → outputs/tuning/forecasts/electricity/macro/prophet/candidate_17/electricity_growth_pct_forecasts_prophet_macro.csv
2026-09-03 00:19:00 | INFO     | energy_stress.tuning | Tuning electricity/macro/Prophet candidate 18/32: {'changepoint_prior_scale': 0.05, 'seasonality_prior_scale': 1.0, 'seasonality_mode': 'additive', 'regressor_prior_scale': 0.5}
2026-09-03 00:19:00 | INFO     | energy_stress.prophet | [Prophet-MACRO] Fitting on electricity (train=212 obs, regressors=True, cps=0.05, sps=1.0, reg_ps=0.5, seasonality=additive)
2026-09-03 00:19:00 | INFO     | energy_stress.prophet | [Prophet-MACRO electricity] validation: MAE=33.2989, RMSE=34.1781
2026-09-03 00:19:00 | INFO     | energy_stress.prophet | [Prophet-MACRO] Forecast saved → outputs/tuning/forecasts/electricity/macro/prophet/candidate_18/electricity_growth_pct_forecasts_prophet_macro.csv
2026-09-03 00:19:00 | INFO     | energy_stress.tuning | Tuning electricity/macro/Prophet candidate 19/32: {'changepoint_prior_scale': 0.05, 'seasonality_prior_scale': 1.0, 'seasonality_mode': 'additive', 'regressor_prior_scale': 2.0}
2026-09-03 00:19:00 | INFO     | energy_stress.prophet | [Prophet-MACRO] Fitting on electricity (train=212 obs, regressors=True, cps=0.05, sps=1.0, reg_ps=2.0, seasonality=additive)
2026-09-03 00:19:00 | INFO     | energy_stress.prophet | [Prophet-MACRO electricity] validation: MAE=34.7878, RMSE=35.7780
2026-09-03 00:19:00 | INFO     | energy_stress.prophet | [Prophet-MACRO] Forecast saved → outputs/tuning/forecasts/electricity/macro/prophet/candidate_19/electricity_growth_pct_forecasts_prophet_macro.csv
2026-09-03 00:19:00 | INFO     | energy_stress.tuning | Tuning electricity/macro/Prophet candidate 20/32: {'changepoint_prior_scale': 0.05, 'seasonality_prior_scale': 1.0, 'seasonality_mode': 'additive', 'regressor_prior_scale': 10.0}
2026-09-03 00:19:00 | INFO     | energy_stress.prophet | [Prophet-MACRO] Fitting on electricity (train=212 obs, regressors=True, cps=0.05, sps=1.0, reg_ps=10.0, seasonality=additive)
2026-09-03 00:19:00 | INFO     | energy_stress.prophet | [Prophet-MACRO electricity] validation: MAE=34.1751, RMSE=35.1319
2026-09-03 00:19:00 | INFO     | energy_stress.prophet | [Prophet-MACRO] Forecast saved → outputs/tuning/forecasts/electricity/macro/prophet/candidate_20/electricity_growth_pct_forecasts_prophet_macro.csv
2026-09-03 00:19:00 | INFO     | energy_stress.tuning | Tuning electricity/macro/Prophet candidate 21/32: {'changepoint_prior_scale': 0.05, 'seasonality_prior_scale': 10.0, 'seasonality_mode': 'additive', 'regressor_prior_scale': 0.1}
2026-09-03 00:19:00 | INFO     | energy_stress.prophet | [Prophet-MACRO] Fitting on electricity (train=212 obs, regressors=True, cps=0.05, sps=10.0, reg_ps=0.1, seasonality=additive)
2026-09-03 00:19:01 | INFO     | energy_stress.prophet | [Prophet-MACRO electricity] validation: MAE=33.9967, RMSE=34.9430
2026-09-03 00:19:01 | INFO     | energy_stress.prophet | [Prophet-MACRO] Forecast saved → outputs/tuning/forecasts/electricity/macro/prophet/candidate_21/electricity_growth_pct_forecasts_prophet_macro.csv
2026-09-03 00:19:01 | INFO     | energy_stress.tuning | Tuning electricity/macro/Prophet candidate 22/32: {'changepoint_prior_scale': 0.05, 'seasonality_prior_scale': 10.0, 'seasonality_mode': 'additive', 'regressor_prior_scale': 0.5}
2026-09-03 00:19:01 | INFO     | energy_stress.prophet | [Prophet-MACRO] Fitting on electricity (train=212 obs, regressors=True, cps=0.05, sps=10.0, reg_ps=0.5, seasonality=additive)
2026-09-03 00:19:01 | INFO     | energy_stress.prophet | [Prophet-MACRO electricity] validation: MAE=34.1465, RMSE=35.1080
2026-09-03 00:19:01 | INFO     | energy_stress.prophet | [Prophet-MACRO] Forecast saved → outputs/tuning/forecasts/electricity/macro/prophet/candidate_22/electricity_growth_pct_forecasts_prophet_macro.csv
2026-09-03 00:19:01 | INFO     | energy_stress.tuning | Tuning electricity/macro/Prophet candidate 23/32: {'changepoint_prior_scale': 0.05, 'seasonality_prior_scale': 10.0, 'seasonality_mode': 'additive', 'regressor_prior_scale': 2.0}
2026-09-03 00:19:01 | INFO     | energy_stress.prophet | [Prophet-MACRO] Fitting on electricity (train=212 obs, regressors=True, cps=0.05, sps=10.0, reg_ps=2.0, seasonality=additive)
2026-09-03 00:19:01 | INFO     | energy_stress.prophet | [Prophet-MACRO electricity] validation: MAE=33.4182, RMSE=34.3032
2026-09-03 00:19:01 | INFO     | energy_stress.prophet | [Prophet-MACRO] Forecast saved → outputs/tuning/forecasts/electricity/macro/prophet/candidate_23/electricity_growth_pct_forecasts_prophet_macro.csv
2026-09-03 00:19:01 | INFO     | energy_stress.tuning | Tuning electricity/macro/Prophet candidate 24/32: {'changepoint_prior_scale': 0.05, 'seasonality_prior_scale': 10.0, 'seasonality_mode': 'additive', 'regressor_prior_scale': 10.0}
2026-09-03 00:19:01 | INFO     | energy_stress.prophet | [Prophet-MACRO] Fitting on electricity (train=212 obs, regressors=True, cps=0.05, sps=10.0, reg_ps=10.0, seasonality=additive)
2026-09-03 00:19:01 | INFO     | energy_stress.prophet | [Prophet-MACRO electricity] validation: MAE=33.9877, RMSE=34.9351
2026-09-03 00:19:01 | INFO     | energy_stress.prophet | [Prophet-MACRO] Forecast saved → outputs/tuning/forecasts/electricity/macro/prophet/candidate_24/electricity_growth_pct_forecasts_prophet_macro.csv
2026-09-03 00:19:01 | INFO     | energy_stress.tuning | Tuning electricity/macro/Prophet candidate 25/32: {'changepoint_prior_scale': 0.1, 'seasonality_prior_scale': 1.0, 'seasonality_mode': 'additive', 'regressor_prior_scale': 0.1}
2026-09-03 00:19:01 | INFO     | energy_stress.prophet | [Prophet-MACRO] Fitting on electricity (train=212 obs, regressors=True, cps=0.1, sps=1.0, reg_ps=0.1, seasonality=additive)
2026-09-03 00:19:02 | INFO     | energy_stress.prophet | [Prophet-MACRO electricity] validation: MAE=45.2299, RMSE=47.0086
2026-09-03 00:19:02 | INFO     | energy_stress.prophet | [Prophet-MACRO] Forecast saved → outputs/tuning/forecasts/electricity/macro/prophet/candidate_25/electricity_growth_pct_forecasts_prophet_macro.csv
2026-09-03 00:19:02 | INFO     | energy_stress.tuning | Tuning electricity/macro/Prophet candidate 26/32: {'changepoint_prior_scale': 0.1, 'seasonality_prior_scale': 1.0, 'seasonality_mode': 'additive', 'regressor_prior_scale': 0.5}
2026-09-03 00:19:02 | INFO     | energy_stress.prophet | [Prophet-MACRO] Fitting on electricity (train=212 obs, regressors=True, cps=0.1, sps=1.0, reg_ps=0.5, seasonality=additive)
2026-09-03 00:19:02 | INFO     | energy_stress.prophet | [Prophet-MACRO electricity] validation: MAE=46.6898, RMSE=48.6618
2026-09-03 00:19:02 | INFO     | energy_stress.prophet | [Prophet-MACRO] Forecast saved → outputs/tuning/forecasts/electricity/macro/prophet/candidate_26/electricity_growth_pct_forecasts_prophet_macro.csv
2026-09-03 00:19:02 | INFO     | energy_stress.tuning | Tuning electricity/macro/Prophet candidate 27/32: {'changepoint_prior_scale': 0.1, 'seasonality_prior_scale': 1.0, 'seasonality_mode': 'additive', 'regressor_prior_scale': 2.0}
2026-09-03 00:19:02 | INFO     | energy_stress.prophet | [Prophet-MACRO] Fitting on electricity (train=212 obs, regressors=True, cps=0.1, sps=1.0, reg_ps=2.0, seasonality=additive)
2026-09-03 00:19:02 | INFO     | energy_stress.prophet | [Prophet-MACRO electricity] validation: MAE=44.2669, RMSE=46.0181
2026-09-03 00:19:02 | INFO     | energy_stress.prophet | [Prophet-MACRO] Forecast saved → outputs/tuning/forecasts/electricity/macro/prophet/candidate_27/electricity_growth_pct_forecasts_prophet_macro.csv
2026-09-03 00:19:02 | INFO     | energy_stress.tuning | Tuning electricity/macro/Prophet candidate 28/32: {'changepoint_prior_scale': 0.1, 'seasonality_prior_scale': 1.0, 'seasonality_mode': 'additive', 'regressor_prior_scale': 10.0}
2026-09-03 00:19:02 | INFO     | energy_stress.prophet | [Prophet-MACRO] Fitting on electricity (train=212 obs, regressors=True, cps=0.1, sps=1.0, reg_ps=10.0, seasonality=additive)
2026-09-03 00:19:02 | INFO     | energy_stress.prophet | [Prophet-MACRO electricity] validation: MAE=43.9920, RMSE=45.7164
2026-09-03 00:19:02 | INFO     | energy_stress.prophet | [Prophet-MACRO] Forecast saved → outputs/tuning/forecasts/electricity/macro/prophet/candidate_28/electricity_growth_pct_forecasts_prophet_macro.csv
2026-09-03 00:19:02 | INFO     | energy_stress.tuning | Tuning electricity/macro/Prophet candidate 29/32: {'changepoint_prior_scale': 0.1, 'seasonality_prior_scale': 10.0, 'seasonality_mode': 'additive', 'regressor_prior_scale': 0.1}
2026-09-03 00:19:02 | INFO     | energy_stress.prophet | [Prophet-MACRO] Fitting on electricity (train=212 obs, regressors=True, cps=0.1, sps=10.0, reg_ps=0.1, seasonality=additive)
2026-09-03 00:19:03 | INFO     | energy_stress.prophet | [Prophet-MACRO electricity] validation: MAE=45.0176, RMSE=46.7709
2026-09-03 00:19:03 | INFO     | energy_stress.prophet | [Prophet-MACRO] Forecast saved → outputs/tuning/forecasts/electricity/macro/prophet/candidate_29/electricity_growth_pct_forecasts_prophet_macro.csv
2026-09-03 00:19:03 | INFO     | energy_stress.tuning | Tuning electricity/macro/Prophet candidate 30/32: {'changepoint_prior_scale': 0.1, 'seasonality_prior_scale': 10.0, 'seasonality_mode': 'additive', 'regressor_prior_scale': 0.5}
2026-09-03 00:19:03 | INFO     | energy_stress.prophet | [Prophet-MACRO] Fitting on electricity (train=212 obs, regressors=True, cps=0.1, sps=10.0, reg_ps=0.5, seasonality=additive)
2026-09-03 00:19:03 | INFO     | energy_stress.prophet | [Prophet-MACRO electricity] validation: MAE=44.3335, RMSE=46.0962
2026-09-03 00:19:03 | INFO     | energy_stress.prophet | [Prophet-MACRO] Forecast saved → outputs/tuning/forecasts/electricity/macro/prophet/candidate_30/electricity_growth_pct_forecasts_prophet_macro.csv
2026-09-03 00:19:03 | INFO     | energy_stress.tuning | Tuning electricity/macro/Prophet candidate 31/32: {'changepoint_prior_scale': 0.1, 'seasonality_prior_scale': 10.0, 'seasonality_mode': 'additive', 'regressor_prior_scale': 2.0}
2026-09-03 00:19:03 | INFO     | energy_stress.prophet | [Prophet-MACRO] Fitting on electricity (train=212 obs, regressors=True, cps=0.1, sps=10.0, reg_ps=2.0, seasonality=additive)
2026-09-03 00:19:03 | INFO     | energy_stress.prophet | [Prophet-MACRO electricity] validation: MAE=44.2536, RMSE=46.0154
2026-09-03 00:19:03 | INFO     | energy_stress.prophet | [Prophet-MACRO] Forecast saved → outputs/tuning/forecasts/electricity/macro/prophet/candidate_31/electricity_growth_pct_forecasts_prophet_macro.csv
2026-09-03 00:19:03 | INFO     | energy_stress.tuning | Tuning electricity/macro/Prophet candidate 32/32: {'changepoint_prior_scale': 0.1, 'seasonality_prior_scale': 10.0, 'seasonality_mode': 'additive', 'regressor_prior_scale': 10.0}
2026-09-03 00:19:03 | INFO     | energy_stress.prophet | [Prophet-MACRO] Fitting on electricity (train=212 obs, regressors=True, cps=0.1, sps=10.0, reg_ps=10.0, seasonality=additive)
2026-09-03 00:19:03 | INFO     | energy_stress.prophet | [Prophet-MACRO electricity] validation: MAE=46.4759, RMSE=48.4309
2026-09-03 00:19:03 | INFO     | energy_stress.prophet | [Prophet-MACRO] Forecast saved → outputs/tuning/forecasts/electricity/macro/prophet/candidate_32/electricity_growth_pct_forecasts_prophet_macro.csv
2026-09-03 00:19:03 | INFO     | energy_stress.tuning | Best params for electricity/macro/Prophet: {'changepoint_prior_scale': 0.01, 'seasonality_prior_scale': 10.0, 'seasonality_mode': 'additive', 'regressor_prior_scale': 0.5} (validation score=12.3608)
2026-09-03 00:19:03 | INFO     | energy_stress.tuning | Tuning electricity/macro/LSTM candidate 1/11: {'lookback': 3, 'dropout': 0.1, 'learning_rate': 0.001, 'units_1': 64, 'units_2': 32, 'macro_feature_set': 'lean'}
2026-09-03 00:19:03 | INFO     | energy_stress.lstm | [LSTM-MACRO] Training on electricity | train=2006-05-01→2023-12-01 (212 obs), test=2024-01-01→2024-12-01 (12 obs), use_macro=True, lookback=3, dropout=0.1, lr=0.001, units=(64,32), macro_feature_set=lean
2026-09-03 00:21:21 | INFO     | energy_stress.lstm | [LSTM-MACRO electricity] validation: MAE=12.0931, RMSE=13.8741
2026-09-03 00:22:34 | INFO     | energy_stress.lstm | [LSTM-MACRO] Forecast saved → outputs/tuning/forecasts/electricity/macro/lstm/candidate_01/electricity_growth_pct_forecasts_lstm_macro.csv
2026-09-03 00:22:34 | INFO     | energy_stress.tuning | Tuning electricity/macro/LSTM candidate 2/11: {'lookback': 6, 'dropout': 0.1, 'learning_rate': 0.001, 'units_1': 64, 'units_2': 32, 'macro_feature_set': 'lean'}
2026-09-03 00:22:34 | INFO     | energy_stress.lstm | [LSTM-MACRO] Training on electricity | train=2006-05-01→2023-12-01 (212 obs), test=2024-01-01→2024-12-01 (12 obs), use_macro=True, lookback=6, dropout=0.1, lr=0.001, units=(64,32), macro_feature_set=lean
2026-09-03 00:23:42 | INFO     | energy_stress.lstm | [LSTM-MACRO electricity] validation: MAE=12.5049, RMSE=13.7189
2026-09-03 00:25:17 | INFO     | energy_stress.lstm | [LSTM-MACRO] Forecast saved → outputs/tuning/forecasts/electricity/macro/lstm/candidate_02/electricity_growth_pct_forecasts_lstm_macro.csv
2026-09-03 00:25:17 | INFO     | energy_stress.tuning | Tuning electricity/macro/LSTM candidate 3/11: {'lookback': 6, 'dropout': 0.25, 'learning_rate': 0.0005, 'units_1': 96, 'units_2': 48, 'macro_feature_set': 'lean'}
2026-09-03 00:25:17 | INFO     | energy_stress.lstm | [LSTM-MACRO] Training on electricity | train=2006-05-01→2023-12-01 (212 obs), test=2024-01-01→2024-12-01 (12 obs), use_macro=True, lookback=6, dropout=0.25, lr=0.0005, units=(96,48), macro_feature_set=lean
2026-09-03 00:26:17 | INFO     | energy_stress.lstm | [LSTM-MACRO electricity] validation: MAE=11.5376, RMSE=12.5583
2026-09-03 00:27:27 | INFO     | energy_stress.lstm | [LSTM-MACRO] Forecast saved → outputs/tuning/forecasts/electricity/macro/lstm/candidate_03/electricity_growth_pct_forecasts_lstm_macro.csv
2026-09-03 00:27:27 | INFO     | energy_stress.tuning | Tuning electricity/macro/LSTM candidate 4/11: {'lookback': 9, 'dropout': 0.2, 'learning_rate': 0.001, 'units_1': 96, 'units_2': 48, 'macro_feature_set': 'lean'}
2026-09-03 00:27:27 | INFO     | energy_stress.lstm | [LSTM-MACRO] Training on electricity | train=2006-05-01→2023-12-01 (212 obs), test=2024-01-01→2024-12-01 (12 obs), use_macro=True, lookback=9, dropout=0.2, lr=0.001, units=(96,48), macro_feature_set=lean
2026-09-03 00:28:56 | INFO     | energy_stress.lstm | [LSTM-MACRO electricity] validation: MAE=13.1108, RMSE=14.3710
2026-09-03 00:31:08 | INFO     | energy_stress.lstm | [LSTM-MACRO] Forecast saved → outputs/tuning/forecasts/electricity/macro/lstm/candidate_04/electricity_growth_pct_forecasts_lstm_macro.csv
2026-09-03 00:31:08 | INFO     | energy_stress.tuning | Tuning electricity/macro/LSTM candidate 5/11: {'lookback': 12, 'dropout': 0.2, 'learning_rate': 0.001, 'units_1': 128, 'units_2': 64, 'macro_feature_set': 'lean'}
2026-09-03 00:31:08 | INFO     | energy_stress.lstm | [LSTM-MACRO] Training on electricity | train=2006-05-01→2023-12-01 (212 obs), test=2024-01-01→2024-12-01 (12 obs), use_macro=True, lookback=12, dropout=0.2, lr=0.001, units=(128,64), macro_feature_set=lean
2026-09-03 00:33:12 | INFO     | energy_stress.lstm | [LSTM-MACRO electricity] validation: MAE=14.9054, RMSE=15.8525
2026-09-03 00:34:51 | INFO     | energy_stress.lstm | [LSTM-MACRO] Forecast saved → outputs/tuning/forecasts/electricity/macro/lstm/candidate_05/electricity_growth_pct_forecasts_lstm_macro.csv
2026-09-03 00:34:51 | INFO     | energy_stress.tuning | Tuning electricity/macro/LSTM candidate 6/11: {'lookback': 12, 'dropout': 0.35, 'learning_rate': 0.0005, 'units_1': 128, 'units_2': 64, 'macro_feature_set': 'lean'}
2026-09-03 00:34:51 | INFO     | energy_stress.lstm | [LSTM-MACRO] Training on electricity | train=2006-05-01→2023-12-01 (212 obs), test=2024-01-01→2024-12-01 (12 obs), use_macro=True, lookback=12, dropout=0.35, lr=0.0005, units=(128,64), macro_feature_set=lean
2026-09-03 00:38:18 | INFO     | energy_stress.lstm | [LSTM-MACRO electricity] validation: MAE=17.4093, RMSE=18.4038
2026-09-03 00:41:11 | INFO     | energy_stress.lstm | [LSTM-MACRO] Forecast saved → outputs/tuning/forecasts/electricity/macro/lstm/candidate_06/electricity_growth_pct_forecasts_lstm_macro.csv
2026-09-03 00:41:11 | INFO     | energy_stress.tuning | Tuning electricity/macro/LSTM candidate 7/11: {'lookback': 18, 'dropout': 0.25, 'learning_rate': 0.0005, 'units_1': 128, 'units_2': 64, 'macro_feature_set': 'lean'}
2026-09-03 00:41:11 | INFO     | energy_stress.lstm | [LSTM-MACRO] Training on electricity | train=2006-05-01→2023-12-01 (212 obs), test=2024-01-01→2024-12-01 (12 obs), use_macro=True, lookback=18, dropout=0.25, lr=0.0005, units=(128,64), macro_feature_set=lean
2026-09-03 01:07:16 | INFO     | energy_stress.lstm | [LSTM-MACRO electricity] validation: MAE=19.6521, RMSE=20.4994
2026-09-03 01:16:21 | INFO     | energy_stress.lstm | [LSTM-MACRO] Forecast saved → outputs/tuning/forecasts/electricity/macro/lstm/candidate_07/electricity_growth_pct_forecasts_lstm_macro.csv
2026-09-03 01:16:21 | INFO     | energy_stress.tuning | Tuning electricity/macro/LSTM candidate 8/11: {'lookback': 24, 'dropout': 0.35, 'learning_rate': 0.0005, 'units_1': 96, 'units_2': 48, 'macro_feature_set': 'lean'}
2026-09-03 01:16:21 | INFO     | energy_stress.lstm | [LSTM-MACRO] Training on electricity | train=2006-05-01→2023-12-01 (212 obs), test=2024-01-01→2024-12-01 (12 obs), use_macro=True, lookback=24, dropout=0.35, lr=0.0005, units=(96,48), macro_feature_set=lean
2026-09-03 01:26:26 | INFO     | energy_stress.lstm | [LSTM-MACRO electricity] validation: MAE=10.7964, RMSE=11.8069
2026-09-03 01:29:39 | INFO     | energy_stress.lstm | [LSTM-MACRO] Forecast saved → outputs/tuning/forecasts/electricity/macro/lstm/candidate_08/electricity_growth_pct_forecasts_lstm_macro.csv
2026-09-03 01:29:39 | INFO     | energy_stress.tuning | Tuning electricity/macro/LSTM candidate 9/11: {'lookback': 9, 'dropout': 0.2, 'learning_rate': 0.001, 'units_1': 96, 'units_2': 48, 'macro_feature_set': 'demand'}
2026-09-03 01:29:39 | INFO     | energy_stress.lstm | [LSTM-MACRO] Training on electricity | train=2006-05-01→2023-12-01 (212 obs), test=2024-01-01→2024-12-01 (12 obs), use_macro=True, lookback=9, dropout=0.2, lr=0.001, units=(96,48), macro_feature_set=demand
2026-09-03 01:36:16 | INFO     | energy_stress.lstm | [LSTM-MACRO electricity] validation: MAE=17.0235, RMSE=18.2612
2026-09-03 01:40:41 | INFO     | energy_stress.lstm | [LSTM-MACRO] Forecast saved → outputs/tuning/forecasts/electricity/macro/lstm/candidate_09/electricity_growth_pct_forecasts_lstm_macro.csv
2026-09-03 01:40:41 | INFO     | energy_stress.tuning | Tuning electricity/macro/LSTM candidate 10/11: {'lookback': 12, 'dropout': 0.2, 'learning_rate': 0.001, 'units_1': 128, 'units_2': 64, 'macro_feature_set': 'demand'}
2026-09-03 01:40:41 | INFO     | energy_stress.lstm | [LSTM-MACRO] Training on electricity | train=2006-05-01→2023-12-01 (212 obs), test=2024-01-01→2024-12-01 (12 obs), use_macro=True, lookback=12, dropout=0.2, lr=0.001, units=(128,64), macro_feature_set=demand
2026-09-03 01:46:59 | INFO     | energy_stress.lstm | [LSTM-MACRO electricity] validation: MAE=12.2840, RMSE=13.5282
2026-09-03 02:02:55 | INFO     | energy_stress.lstm | [LSTM-MACRO] Forecast saved → outputs/tuning/forecasts/electricity/macro/lstm/candidate_10/electricity_growth_pct_forecasts_lstm_macro.csv
2026-09-03 02:02:55 | INFO     | energy_stress.tuning | Tuning electricity/macro/LSTM candidate 11/11: {'lookback': 18, 'dropout': 0.25, 'learning_rate': 0.0005, 'units_1': 128, 'units_2': 64, 'macro_feature_set': 'demand'}
2026-09-03 02:02:55 | INFO     | energy_stress.lstm | [LSTM-MACRO] Training on electricity | train=2006-05-01→2023-12-01 (212 obs), test=2024-01-01→2024-12-01 (12 obs), use_macro=True, lookback=18, dropout=0.25, lr=0.0005, units=(128,64), macro_feature_set=demand
2026-09-03 02:39:33 | INFO     | energy_stress.lstm | [LSTM-MACRO electricity] validation: MAE=14.9388, RMSE=16.0222
2026-09-03 02:52:49 | INFO     | energy_stress.lstm | [LSTM-MACRO] Forecast saved → outputs/tuning/forecasts/electricity/macro/lstm/candidate_11/electricity_growth_pct_forecasts_lstm_macro.csv
2026-09-03 02:52:49 | INFO     | energy_stress.tuning | Best params for electricity/macro/LSTM: {'lookback': 24, 'dropout': 0.35, 'learning_rate': 0.0005, 'units_1': 96, 'units_2': 48, 'macro_feature_set': 'lean'} (validation score=10.7964)
2026-09-03 02:52:49 | INFO     | energy_stress.tuning | Tuning electricity/macro/TFT candidate 1/3: {'lookback': 6, 'hidden': 32, 'n_heads': 4, 'learning_rate': 0.001}
2026-09-03 02:52:49 | INFO     | energy_stress.tft | [TFT/pytorch-forecasting] Fitting electricity (macro)
2026-09-03 02:53:24 | INFO     | energy_stress.tft | [TFT electricity] validation: MAE=10.5951, RMSE=12.3271
2026-09-03 02:54:04 | INFO     | energy_stress.tft | [TFT] Forecast saved → outputs/tuning/forecasts/electricity/macro/tft/candidate_01/electricity_growth_pct_forecasts_tft_macro.csv
2026-09-03 02:54:04 | INFO     | energy_stress.tuning | Tuning electricity/macro/TFT candidate 2/3: {'lookback': 12, 'hidden': 64, 'n_heads': 4, 'learning_rate': 0.0005}
2026-09-03 02:54:04 | INFO     | energy_stress.tft | [TFT/pytorch-forecasting] Fitting electricity (macro)
2026-09-03 02:54:38 | INFO     | energy_stress.tft | [TFT electricity] validation: MAE=10.5132, RMSE=11.4667
2026-09-03 02:55:19 | INFO     | energy_stress.tft | [TFT] Forecast saved → outputs/tuning/forecasts/electricity/macro/tft/candidate_02/electricity_growth_pct_forecasts_tft_macro.csv
2026-09-03 02:55:19 | INFO     | energy_stress.tuning | Tuning electricity/macro/TFT candidate 3/3: {'lookback': 18, 'hidden': 64, 'n_heads': 4, 'learning_rate': 0.0005}
2026-09-03 02:55:19 | INFO     | energy_stress.tft | [TFT/pytorch-forecasting] Fitting electricity (macro)
2026-09-03 02:55:52 | INFO     | energy_stress.tft | [TFT electricity] validation: MAE=12.3685, RMSE=13.0813
2026-09-03 02:56:35 | INFO     | energy_stress.tft | [TFT] Forecast saved → outputs/tuning/forecasts/electricity/macro/tft/candidate_03/electricity_growth_pct_forecasts_tft_macro.csv
2026-09-03 02:56:35 | INFO     | energy_stress.tuning | Best params for electricity/macro/TFT: {'lookback': 12, 'hidden': 64, 'n_heads': 4, 'learning_rate': 0.0005} (validation score=10.5132)
2026-09-03 02:56:35 | INFO     | energy_stress.tuning | Tuning carbon/core/SARIMA candidate 1/1: {}
2026-09-03 02:56:35 | INFO     | energy_stress.sarima | [SARIMA-CORE] Fitting on carbon (train=212 obs)
2026-09-03 02:58:45 | INFO     | energy_stress.sarima | SARIMA best order: (1, 0, 0) × (2, 1, 0, 12)
2026-09-03 02:58:45 | INFO     | energy_stress.sarima | [SARIMA-CORE carbon] validation: MAE=40.6552, RMSE=42.8509, MAPE=248.32%
2026-09-03 02:58:46 | INFO     | energy_stress.sarima | [SARIMA-CORE] Forecast saved → outputs/tuning/forecasts/carbon/core/sarima/candidate_01/carbon_growth_pct_forecasts_sarima_core.csv
2026-09-03 02:58:46 | INFO     | energy_stress.tuning | Tuning carbon/core/Prophet candidate 1/8: {'changepoint_prior_scale': 0.001, 'seasonality_prior_scale': 1.0, 'seasonality_mode': 'additive'}
2026-09-03 02:58:46 | INFO     | energy_stress.prophet | [Prophet-CORE] Fitting on carbon (train=212 obs, regressors=False, cps=0.001, sps=1.0, reg_ps=n/a, seasonality=additive)
2026-09-03 02:58:46 | INFO     | energy_stress.prophet | [Prophet-CORE carbon] validation: MAE=77.6202, RMSE=79.2580
2026-09-03 02:58:46 | INFO     | energy_stress.prophet | [Prophet-CORE] Forecast saved → outputs/tuning/forecasts/carbon/core/prophet/candidate_01/carbon_growth_pct_forecasts_prophet_core.csv
2026-09-03 02:58:46 | INFO     | energy_stress.tuning | Tuning carbon/core/Prophet candidate 2/8: {'changepoint_prior_scale': 0.001, 'seasonality_prior_scale': 10.0, 'seasonality_mode': 'additive'}
2026-09-03 02:58:46 | INFO     | energy_stress.prophet | [Prophet-CORE] Fitting on carbon (train=212 obs, regressors=False, cps=0.001, sps=10.0, reg_ps=n/a, seasonality=additive)
2026-09-03 02:58:46 | INFO     | energy_stress.prophet | [Prophet-CORE carbon] validation: MAE=79.3343, RMSE=81.4713
2026-09-03 02:58:47 | INFO     | energy_stress.prophet | [Prophet-CORE] Forecast saved → outputs/tuning/forecasts/carbon/core/prophet/candidate_02/carbon_growth_pct_forecasts_prophet_core.csv
2026-09-03 02:58:47 | INFO     | energy_stress.tuning | Tuning carbon/core/Prophet candidate 3/8: {'changepoint_prior_scale': 0.01, 'seasonality_prior_scale': 1.0, 'seasonality_mode': 'additive'}
2026-09-03 02:58:47 | INFO     | energy_stress.prophet | [Prophet-CORE] Fitting on carbon (train=212 obs, regressors=False, cps=0.01, sps=1.0, reg_ps=n/a, seasonality=additive)
2026-09-03 02:58:47 | INFO     | energy_stress.prophet | [Prophet-CORE carbon] validation: MAE=42.2556, RMSE=44.6380
2026-09-03 02:58:47 | INFO     | energy_stress.prophet | [Prophet-CORE] Forecast saved → outputs/tuning/forecasts/carbon/core/prophet/candidate_03/carbon_growth_pct_forecasts_prophet_core.csv
2026-09-03 02:58:47 | INFO     | energy_stress.tuning | Tuning carbon/core/Prophet candidate 4/8: {'changepoint_prior_scale': 0.01, 'seasonality_prior_scale': 10.0, 'seasonality_mode': 'additive'}
2026-09-03 02:58:47 | INFO     | energy_stress.prophet | [Prophet-CORE] Fitting on carbon (train=212 obs, regressors=False, cps=0.01, sps=10.0, reg_ps=n/a, seasonality=additive)
2026-09-03 02:58:47 | INFO     | energy_stress.prophet | [Prophet-CORE carbon] validation: MAE=42.2579, RMSE=44.6403
2026-09-03 02:58:47 | INFO     | energy_stress.prophet | [Prophet-CORE] Forecast saved → outputs/tuning/forecasts/carbon/core/prophet/candidate_04/carbon_growth_pct_forecasts_prophet_core.csv
2026-09-03 02:58:47 | INFO     | energy_stress.tuning | Tuning carbon/core/Prophet candidate 5/8: {'changepoint_prior_scale': 0.05, 'seasonality_prior_scale': 1.0, 'seasonality_mode': 'additive'}
2026-09-03 02:58:47 | INFO     | energy_stress.prophet | [Prophet-CORE] Fitting on carbon (train=212 obs, regressors=False, cps=0.05, sps=1.0, reg_ps=n/a, seasonality=additive)
2026-09-03 02:58:47 | INFO     | energy_stress.prophet | [Prophet-CORE carbon] validation: MAE=75.9254, RMSE=77.3059
2026-09-03 02:58:47 | INFO     | energy_stress.prophet | [Prophet-CORE] Forecast saved → outputs/tuning/forecasts/carbon/core/prophet/candidate_05/carbon_growth_pct_forecasts_prophet_core.csv
2026-09-03 02:58:47 | INFO     | energy_stress.tuning | Tuning carbon/core/Prophet candidate 6/8: {'changepoint_prior_scale': 0.05, 'seasonality_prior_scale': 10.0, 'seasonality_mode': 'additive'}
2026-09-03 02:58:47 | INFO     | energy_stress.prophet | [Prophet-CORE] Fitting on carbon (train=212 obs, regressors=False, cps=0.05, sps=10.0, reg_ps=n/a, seasonality=additive)
2026-09-03 02:58:47 | INFO     | energy_stress.prophet | [Prophet-CORE carbon] validation: MAE=75.4166, RMSE=76.8085
2026-09-03 02:58:47 | INFO     | energy_stress.prophet | [Prophet-CORE] Forecast saved → outputs/tuning/forecasts/carbon/core/prophet/candidate_06/carbon_growth_pct_forecasts_prophet_core.csv
2026-09-03 02:58:47 | INFO     | energy_stress.tuning | Tuning carbon/core/Prophet candidate 7/8: {'changepoint_prior_scale': 0.1, 'seasonality_prior_scale': 1.0, 'seasonality_mode': 'additive'}
2026-09-03 02:58:47 | INFO     | energy_stress.prophet | [Prophet-CORE] Fitting on carbon (train=212 obs, regressors=False, cps=0.1, sps=1.0, reg_ps=n/a, seasonality=additive)
2026-09-03 02:58:48 | INFO     | energy_stress.prophet | [Prophet-CORE carbon] validation: MAE=70.0565, RMSE=71.4902
2026-09-03 02:58:48 | INFO     | energy_stress.prophet | [Prophet-CORE] Forecast saved → outputs/tuning/forecasts/carbon/core/prophet/candidate_07/carbon_growth_pct_forecasts_prophet_core.csv
2026-09-03 02:58:48 | INFO     | energy_stress.tuning | Tuning carbon/core/Prophet candidate 8/8: {'changepoint_prior_scale': 0.1, 'seasonality_prior_scale': 10.0, 'seasonality_mode': 'additive'}
2026-09-03 02:58:48 | INFO     | energy_stress.prophet | [Prophet-CORE] Fitting on carbon (train=212 obs, regressors=False, cps=0.1, sps=10.0, reg_ps=n/a, seasonality=additive)
2026-09-03 02:58:48 | INFO     | energy_stress.prophet | [Prophet-CORE carbon] validation: MAE=69.7038, RMSE=71.1458
2026-09-03 02:58:48 | INFO     | energy_stress.prophet | [Prophet-CORE] Forecast saved → outputs/tuning/forecasts/carbon/core/prophet/candidate_08/carbon_growth_pct_forecasts_prophet_core.csv
2026-09-03 02:58:48 | INFO     | energy_stress.tuning | Best params for carbon/core/Prophet: {'changepoint_prior_scale': 0.01, 'seasonality_prior_scale': 1.0, 'seasonality_mode': 'additive'} (validation score=42.2556)
2026-09-03 02:58:48 | INFO     | energy_stress.tuning | Tuning carbon/core/LSTM candidate 1/3: {'lookback': 6, 'dropout': 0.1, 'learning_rate': 0.001, 'units_1': 64, 'units_2': 32, 'macro_feature_set': 'lstm'}
2026-09-03 02:58:48 | INFO     | energy_stress.lstm | [LSTM-CORE] Training on carbon | train=2006-05-01→2023-12-01 (212 obs), test=2024-01-01→2024-12-01 (12 obs), use_macro=False, lookback=6, dropout=0.1, lr=0.001, units=(64,32), macro_feature_set=lstm
2026-09-03 03:02:22 | INFO     | energy_stress.lstm | [LSTM-CORE carbon] validation: MAE=12.7650, RMSE=15.8457
2026-09-03 03:05:16 | INFO     | energy_stress.lstm | [LSTM-CORE] Forecast saved → outputs/tuning/forecasts/carbon/core/lstm/candidate_01/carbon_growth_pct_forecasts_lstm_core.csv
2026-09-03 03:05:16 | INFO     | energy_stress.tuning | Tuning carbon/core/LSTM candidate 2/3: {'lookback': 12, 'dropout': 0.2, 'learning_rate': 0.001, 'units_1': 128, 'units_2': 64, 'macro_feature_set': 'lstm'}
2026-09-03 03:05:16 | INFO     | energy_stress.lstm | [LSTM-CORE] Training on carbon | train=2006-05-01→2023-12-01 (212 obs), test=2024-01-01→2024-12-01 (12 obs), use_macro=False, lookback=12, dropout=0.2, lr=0.001, units=(128,64), macro_feature_set=lstm
2026-09-03 03:09:05 | INFO     | energy_stress.lstm | [LSTM-CORE carbon] validation: MAE=13.4115, RMSE=18.2018
2026-09-03 03:20:58 | INFO     | energy_stress.lstm | [LSTM-CORE] Forecast saved → outputs/tuning/forecasts/carbon/core/lstm/candidate_02/carbon_growth_pct_forecasts_lstm_core.csv
2026-09-03 03:20:58 | INFO     | energy_stress.tuning | Tuning carbon/core/LSTM candidate 3/3: {'lookback': 18, 'dropout': 0.25, 'learning_rate': 0.0005, 'units_1': 128, 'units_2': 64, 'macro_feature_set': 'lstm'}
2026-09-03 03:20:58 | INFO     | energy_stress.lstm | [LSTM-CORE] Training on carbon | train=2006-05-01→2023-12-01 (212 obs), test=2024-01-01→2024-12-01 (12 obs), use_macro=False, lookback=18, dropout=0.25, lr=0.0005, units=(128,64), macro_feature_set=lstm
2026-09-03 03:26:25 | INFO     | energy_stress.lstm | [LSTM-CORE carbon] validation: MAE=17.1593, RMSE=22.1761
2026-09-03 03:35:01 | INFO     | energy_stress.lstm | [LSTM-CORE] Forecast saved → outputs/tuning/forecasts/carbon/core/lstm/candidate_03/carbon_growth_pct_forecasts_lstm_core.csv
2026-09-03 03:35:01 | INFO     | energy_stress.tuning | Best params for carbon/core/LSTM: {'lookback': 6, 'dropout': 0.1, 'learning_rate': 0.001, 'units_1': 64, 'units_2': 32, 'macro_feature_set': 'lstm'} (validation score=12.7650)
2026-09-03 03:35:01 | INFO     | energy_stress.tuning | Tuning carbon/core/TFT candidate 1/3: {'lookback': 6, 'hidden': 32, 'n_heads': 4, 'learning_rate': 0.001}
2026-09-03 03:35:01 | INFO     | energy_stress.tft | [TFT/pytorch-forecasting] Fitting carbon (core)
2026-09-03 03:35:25 | INFO     | energy_stress.tft | [TFT carbon] validation: MAE=11.2094, RMSE=15.5710
2026-09-03 03:35:51 | INFO     | energy_stress.tft | [TFT] Forecast saved → outputs/tuning/forecasts/carbon/core/tft/candidate_01/carbon_growth_pct_forecasts_tft_core.csv
2026-09-03 03:35:51 | INFO     | energy_stress.tuning | Tuning carbon/core/TFT candidate 2/3: {'lookback': 12, 'hidden': 64, 'n_heads': 4, 'learning_rate': 0.0005}
2026-09-03 03:35:51 | INFO     | energy_stress.tft | [TFT/pytorch-forecasting] Fitting carbon (core)
2026-09-03 03:36:13 | INFO     | energy_stress.tft | [TFT carbon] validation: MAE=11.5083, RMSE=16.2398
2026-09-03 03:36:39 | INFO     | energy_stress.tft | [TFT] Forecast saved → outputs/tuning/forecasts/carbon/core/tft/candidate_02/carbon_growth_pct_forecasts_tft_core.csv
2026-09-03 03:36:39 | INFO     | energy_stress.tuning | Tuning carbon/core/TFT candidate 3/3: {'lookback': 18, 'hidden': 64, 'n_heads': 4, 'learning_rate': 0.0005}
2026-09-03 03:36:39 | INFO     | energy_stress.tft | [TFT/pytorch-forecasting] Fitting carbon (core)
2026-09-03 03:37:01 | INFO     | energy_stress.tft | [TFT carbon] validation: MAE=15.2294, RMSE=18.6674
2026-09-03 03:37:28 | INFO     | energy_stress.tft | [TFT] Forecast saved → outputs/tuning/forecasts/carbon/core/tft/candidate_03/carbon_growth_pct_forecasts_tft_core.csv
2026-09-03 03:37:28 | INFO     | energy_stress.tuning | Best params for carbon/core/TFT: {'lookback': 6, 'hidden': 32, 'n_heads': 4, 'learning_rate': 0.001} (validation score=11.2094)
2026-09-03 03:37:28 | INFO     | energy_stress.tuning | Tuning carbon/macro/SARIMA candidate 1/1: {}
2026-09-03 03:37:28 | INFO     | energy_stress.sarima | [SARIMA-MACRO] Fitting on carbon (train=212 obs)
2026-09-03 03:38:52 | INFO     | energy_stress.sarima | SARIMA best order: (1, 0, 0) × (2, 1, 0, 12)
2026-09-03 03:38:52 | INFO     | energy_stress.sarima | [SARIMA-MACRO] Using exogenous: ['inflation_growth_lag1', 'weather_volatility_lag1', 'gdp_growth_lag1']
2026-09-03 03:38:53 | INFO     | energy_stress.sarima | [SARIMA-MACRO carbon] validation: MAE=41.2226, RMSE=43.3876, MAPE=255.70%
2026-09-03 03:38:54 | INFO     | energy_stress.sarima | [SARIMA-MACRO] Forecast saved → outputs/tuning/forecasts/carbon/macro/sarima/candidate_01/carbon_growth_pct_forecasts_sarima_macro.csv
2026-09-03 03:38:54 | INFO     | energy_stress.tuning | Tuning carbon/macro/Prophet candidate 1/32: {'changepoint_prior_scale': 0.001, 'seasonality_prior_scale': 1.0, 'seasonality_mode': 'additive', 'regressor_prior_scale': 0.1}
2026-09-03 03:38:54 | INFO     | energy_stress.prophet | [Prophet-MACRO] Fitting on carbon (train=212 obs, regressors=True, cps=0.001, sps=1.0, reg_ps=0.1, seasonality=additive)
2026-09-03 03:38:55 | INFO     | energy_stress.prophet | [Prophet-MACRO carbon] validation: MAE=75.6869, RMSE=77.4482
2026-09-03 03:38:55 | INFO     | energy_stress.prophet | [Prophet-MACRO] Forecast saved → outputs/tuning/forecasts/carbon/macro/prophet/candidate_01/carbon_growth_pct_forecasts_prophet_macro.csv
2026-09-03 03:38:55 | INFO     | energy_stress.tuning | Tuning carbon/macro/Prophet candidate 2/32: {'changepoint_prior_scale': 0.001, 'seasonality_prior_scale': 1.0, 'seasonality_mode': 'additive', 'regressor_prior_scale': 0.5}
2026-09-03 03:38:55 | INFO     | energy_stress.prophet | [Prophet-MACRO] Fitting on carbon (train=212 obs, regressors=True, cps=0.001, sps=1.0, reg_ps=0.5, seasonality=additive)
2026-09-03 03:38:55 | INFO     | energy_stress.prophet | [Prophet-MACRO carbon] validation: MAE=75.5372, RMSE=77.3091
2026-09-03 03:38:56 | INFO     | energy_stress.prophet | [Prophet-MACRO] Forecast saved → outputs/tuning/forecasts/carbon/macro/prophet/candidate_02/carbon_growth_pct_forecasts_prophet_macro.csv
2026-09-03 03:38:56 | INFO     | energy_stress.tuning | Tuning carbon/macro/Prophet candidate 3/32: {'changepoint_prior_scale': 0.001, 'seasonality_prior_scale': 1.0, 'seasonality_mode': 'additive', 'regressor_prior_scale': 2.0}
2026-09-03 03:38:56 | INFO     | energy_stress.prophet | [Prophet-MACRO] Fitting on carbon (train=212 obs, regressors=True, cps=0.001, sps=1.0, reg_ps=2.0, seasonality=additive)
2026-09-03 03:38:56 | INFO     | energy_stress.prophet | [Prophet-MACRO carbon] validation: MAE=75.5309, RMSE=77.3034
2026-09-03 03:38:56 | INFO     | energy_stress.prophet | [Prophet-MACRO] Forecast saved → outputs/tuning/forecasts/carbon/macro/prophet/candidate_03/carbon_growth_pct_forecasts_prophet_macro.csv
2026-09-03 03:38:56 | INFO     | energy_stress.tuning | Tuning carbon/macro/Prophet candidate 4/32: {'changepoint_prior_scale': 0.001, 'seasonality_prior_scale': 1.0, 'seasonality_mode': 'additive', 'regressor_prior_scale': 10.0}
2026-09-03 03:38:56 | INFO     | energy_stress.prophet | [Prophet-MACRO] Fitting on carbon (train=212 obs, regressors=True, cps=0.001, sps=1.0, reg_ps=10.0, seasonality=additive)
2026-09-03 03:38:57 | INFO     | energy_stress.prophet | [Prophet-MACRO carbon] validation: MAE=75.5305, RMSE=77.3030
2026-09-03 03:38:57 | INFO     | energy_stress.prophet | [Prophet-MACRO] Forecast saved → outputs/tuning/forecasts/carbon/macro/prophet/candidate_04/carbon_growth_pct_forecasts_prophet_macro.csv
2026-09-03 03:38:57 | INFO     | energy_stress.tuning | Tuning carbon/macro/Prophet candidate 5/32: {'changepoint_prior_scale': 0.001, 'seasonality_prior_scale': 10.0, 'seasonality_mode': 'additive', 'regressor_prior_scale': 0.1}
2026-09-03 03:38:57 | INFO     | energy_stress.prophet | [Prophet-MACRO] Fitting on carbon (train=212 obs, regressors=True, cps=0.001, sps=10.0, reg_ps=0.1, seasonality=additive)
2026-09-03 03:38:57 | INFO     | energy_stress.prophet | [Prophet-MACRO carbon] validation: MAE=77.4910, RMSE=79.8151
2026-09-03 03:38:58 | INFO     | energy_stress.prophet | [Prophet-MACRO] Forecast saved → outputs/tuning/forecasts/carbon/macro/prophet/candidate_05/carbon_growth_pct_forecasts_prophet_macro.csv
2026-09-03 03:38:58 | INFO     | energy_stress.tuning | Tuning carbon/macro/Prophet candidate 6/32: {'changepoint_prior_scale': 0.001, 'seasonality_prior_scale': 10.0, 'seasonality_mode': 'additive', 'regressor_prior_scale': 0.5}
2026-09-03 03:38:58 | INFO     | energy_stress.prophet | [Prophet-MACRO] Fitting on carbon (train=212 obs, regressors=True, cps=0.001, sps=10.0, reg_ps=0.5, seasonality=additive)
2026-09-03 03:38:58 | INFO     | energy_stress.prophet | [Prophet-MACRO carbon] validation: MAE=77.3521, RMSE=79.6921
2026-09-03 03:38:58 | INFO     | energy_stress.prophet | [Prophet-MACRO] Forecast saved → outputs/tuning/forecasts/carbon/macro/prophet/candidate_06/carbon_growth_pct_forecasts_prophet_macro.csv
2026-09-03 03:38:58 | INFO     | energy_stress.tuning | Tuning carbon/macro/Prophet candidate 7/32: {'changepoint_prior_scale': 0.001, 'seasonality_prior_scale': 10.0, 'seasonality_mode': 'additive', 'regressor_prior_scale': 2.0}
2026-09-03 03:38:58 | INFO     | energy_stress.prophet | [Prophet-MACRO] Fitting on carbon (train=212 obs, regressors=True, cps=0.001, sps=10.0, reg_ps=2.0, seasonality=additive)
2026-09-03 03:38:58 | INFO     | energy_stress.prophet | [Prophet-MACRO carbon] validation: MAE=77.3464, RMSE=79.6870
2026-09-03 03:38:59 | INFO     | energy_stress.prophet | [Prophet-MACRO] Forecast saved → outputs/tuning/forecasts/carbon/macro/prophet/candidate_07/carbon_growth_pct_forecasts_prophet_macro.csv
2026-09-03 03:38:59 | INFO     | energy_stress.tuning | Tuning carbon/macro/Prophet candidate 8/32: {'changepoint_prior_scale': 0.001, 'seasonality_prior_scale': 10.0, 'seasonality_mode': 'additive', 'regressor_prior_scale': 10.0}
2026-09-03 03:38:59 | INFO     | energy_stress.prophet | [Prophet-MACRO] Fitting on carbon (train=212 obs, regressors=True, cps=0.001, sps=10.0, reg_ps=10.0, seasonality=additive)
2026-09-03 03:38:59 | INFO     | energy_stress.prophet | [Prophet-MACRO carbon] validation: MAE=77.3460, RMSE=79.6867
2026-09-03 03:38:59 | INFO     | energy_stress.prophet | [Prophet-MACRO] Forecast saved → outputs/tuning/forecasts/carbon/macro/prophet/candidate_08/carbon_growth_pct_forecasts_prophet_macro.csv
2026-09-03 03:38:59 | INFO     | energy_stress.tuning | Tuning carbon/macro/Prophet candidate 9/32: {'changepoint_prior_scale': 0.01, 'seasonality_prior_scale': 1.0, 'seasonality_mode': 'additive', 'regressor_prior_scale': 0.1}
2026-09-03 03:38:59 | INFO     | energy_stress.prophet | [Prophet-MACRO] Fitting on carbon (train=212 obs, regressors=True, cps=0.01, sps=1.0, reg_ps=0.1, seasonality=additive)
2026-09-03 03:38:59 | INFO     | energy_stress.prophet | [Prophet-MACRO carbon] validation: MAE=57.3352, RMSE=59.0477
2026-09-03 03:39:00 | INFO     | energy_stress.prophet | [Prophet-MACRO] Forecast saved → outputs/tuning/forecasts/carbon/macro/prophet/candidate_09/carbon_growth_pct_forecasts_prophet_macro.csv
2026-09-03 03:39:00 | INFO     | energy_stress.tuning | Tuning carbon/macro/Prophet candidate 10/32: {'changepoint_prior_scale': 0.01, 'seasonality_prior_scale': 1.0, 'seasonality_mode': 'additive', 'regressor_prior_scale': 0.5}
2026-09-03 03:39:00 | INFO     | energy_stress.prophet | [Prophet-MACRO] Fitting on carbon (train=212 obs, regressors=True, cps=0.01, sps=1.0, reg_ps=0.5, seasonality=additive)
2026-09-03 03:39:00 | INFO     | energy_stress.prophet | [Prophet-MACRO carbon] validation: MAE=57.7386, RMSE=59.4356
2026-09-03 03:39:00 | INFO     | energy_stress.prophet | [Prophet-MACRO] Forecast saved → outputs/tuning/forecasts/carbon/macro/prophet/candidate_10/carbon_growth_pct_forecasts_prophet_macro.csv
2026-09-03 03:39:00 | INFO     | energy_stress.tuning | Tuning carbon/macro/Prophet candidate 11/32: {'changepoint_prior_scale': 0.01, 'seasonality_prior_scale': 1.0, 'seasonality_mode': 'additive', 'regressor_prior_scale': 2.0}
2026-09-03 03:39:00 | INFO     | energy_stress.prophet | [Prophet-MACRO] Fitting on carbon (train=212 obs, regressors=True, cps=0.01, sps=1.0, reg_ps=2.0, seasonality=additive)
2026-09-03 03:39:00 | INFO     | energy_stress.prophet | [Prophet-MACRO carbon] validation: MAE=57.8466, RMSE=59.5398
2026-09-03 03:39:00 | INFO     | energy_stress.prophet | [Prophet-MACRO] Forecast saved → outputs/tuning/forecasts/carbon/macro/prophet/candidate_11/carbon_growth_pct_forecasts_prophet_macro.csv
2026-09-03 03:39:00 | INFO     | energy_stress.tuning | Tuning carbon/macro/Prophet candidate 12/32: {'changepoint_prior_scale': 0.01, 'seasonality_prior_scale': 1.0, 'seasonality_mode': 'additive', 'regressor_prior_scale': 10.0}
2026-09-03 03:39:00 | INFO     | energy_stress.prophet | [Prophet-MACRO] Fitting on carbon (train=212 obs, regressors=True, cps=0.01, sps=1.0, reg_ps=10.0, seasonality=additive)
2026-09-03 03:39:00 | INFO     | energy_stress.prophet | [Prophet-MACRO carbon] validation: MAE=57.8445, RMSE=59.5378
2026-09-03 03:39:00 | INFO     | energy_stress.prophet | [Prophet-MACRO] Forecast saved → outputs/tuning/forecasts/carbon/macro/prophet/candidate_12/carbon_growth_pct_forecasts_prophet_macro.csv
2026-09-03 03:39:00 | INFO     | energy_stress.tuning | Tuning carbon/macro/Prophet candidate 13/32: {'changepoint_prior_scale': 0.01, 'seasonality_prior_scale': 10.0, 'seasonality_mode': 'additive', 'regressor_prior_scale': 0.1}
2026-09-03 03:39:00 | INFO     | energy_stress.prophet | [Prophet-MACRO] Fitting on carbon (train=212 obs, regressors=True, cps=0.01, sps=10.0, reg_ps=0.1, seasonality=additive)
2026-09-03 03:39:00 | INFO     | energy_stress.prophet | [Prophet-MACRO carbon] validation: MAE=57.3349, RMSE=59.0475
2026-09-03 03:39:00 | INFO     | energy_stress.prophet | [Prophet-MACRO] Forecast saved → outputs/tuning/forecasts/carbon/macro/prophet/candidate_13/carbon_growth_pct_forecasts_prophet_macro.csv
2026-09-03 03:39:00 | INFO     | energy_stress.tuning | Tuning carbon/macro/Prophet candidate 14/32: {'changepoint_prior_scale': 0.01, 'seasonality_prior_scale': 10.0, 'seasonality_mode': 'additive', 'regressor_prior_scale': 0.5}
2026-09-03 03:39:00 | INFO     | energy_stress.prophet | [Prophet-MACRO] Fitting on carbon (train=212 obs, regressors=True, cps=0.01, sps=10.0, reg_ps=0.5, seasonality=additive)
2026-09-03 03:39:01 | INFO     | energy_stress.prophet | [Prophet-MACRO carbon] validation: MAE=57.7391, RMSE=59.4362
2026-09-03 03:39:01 | INFO     | energy_stress.prophet | [Prophet-MACRO] Forecast saved → outputs/tuning/forecasts/carbon/macro/prophet/candidate_14/carbon_growth_pct_forecasts_prophet_macro.csv
2026-09-03 03:39:01 | INFO     | energy_stress.tuning | Tuning carbon/macro/Prophet candidate 15/32: {'changepoint_prior_scale': 0.01, 'seasonality_prior_scale': 10.0, 'seasonality_mode': 'additive', 'regressor_prior_scale': 2.0}
2026-09-03 03:39:01 | INFO     | energy_stress.prophet | [Prophet-MACRO] Fitting on carbon (train=212 obs, regressors=True, cps=0.01, sps=10.0, reg_ps=2.0, seasonality=additive)
2026-09-03 03:39:01 | INFO     | energy_stress.prophet | [Prophet-MACRO carbon] validation: MAE=57.8306, RMSE=59.5245
2026-09-03 03:39:01 | INFO     | energy_stress.prophet | [Prophet-MACRO] Forecast saved → outputs/tuning/forecasts/carbon/macro/prophet/candidate_15/carbon_growth_pct_forecasts_prophet_macro.csv
2026-09-03 03:39:01 | INFO     | energy_stress.tuning | Tuning carbon/macro/Prophet candidate 16/32: {'changepoint_prior_scale': 0.01, 'seasonality_prior_scale': 10.0, 'seasonality_mode': 'additive', 'regressor_prior_scale': 10.0}
2026-09-03 03:39:01 | INFO     | energy_stress.prophet | [Prophet-MACRO] Fitting on carbon (train=212 obs, regressors=True, cps=0.01, sps=10.0, reg_ps=10.0, seasonality=additive)
2026-09-03 03:39:01 | INFO     | energy_stress.prophet | [Prophet-MACRO carbon] validation: MAE=57.8467, RMSE=59.5400
2026-09-03 03:39:01 | INFO     | energy_stress.prophet | [Prophet-MACRO] Forecast saved → outputs/tuning/forecasts/carbon/macro/prophet/candidate_16/carbon_growth_pct_forecasts_prophet_macro.csv
2026-09-03 03:39:01 | INFO     | energy_stress.tuning | Tuning carbon/macro/Prophet candidate 17/32: {'changepoint_prior_scale': 0.05, 'seasonality_prior_scale': 1.0, 'seasonality_mode': 'additive', 'regressor_prior_scale': 0.1}
2026-09-03 03:39:01 | INFO     | energy_stress.prophet | [Prophet-MACRO] Fitting on carbon (train=212 obs, regressors=True, cps=0.05, sps=1.0, reg_ps=0.1, seasonality=additive)
2026-09-03 03:39:01 | INFO     | energy_stress.prophet | [Prophet-MACRO carbon] validation: MAE=61.1014, RMSE=62.8794
2026-09-03 03:39:01 | INFO     | energy_stress.prophet | [Prophet-MACRO] Forecast saved → outputs/tuning/forecasts/carbon/macro/prophet/candidate_17/carbon_growth_pct_forecasts_prophet_macro.csv
2026-09-03 03:39:01 | INFO     | energy_stress.tuning | Tuning carbon/macro/Prophet candidate 18/32: {'changepoint_prior_scale': 0.05, 'seasonality_prior_scale': 1.0, 'seasonality_mode': 'additive', 'regressor_prior_scale': 0.5}
2026-09-03 03:39:01 | INFO     | energy_stress.prophet | [Prophet-MACRO] Fitting on carbon (train=212 obs, regressors=True, cps=0.05, sps=1.0, reg_ps=0.5, seasonality=additive)
2026-09-03 03:39:01 | INFO     | energy_stress.prophet | [Prophet-MACRO carbon] validation: MAE=60.4740, RMSE=62.2853
2026-09-03 03:39:01 | INFO     | energy_stress.prophet | [Prophet-MACRO] Forecast saved → outputs/tuning/forecasts/carbon/macro/prophet/candidate_18/carbon_growth_pct_forecasts_prophet_macro.csv
2026-09-03 03:39:01 | INFO     | energy_stress.tuning | Tuning carbon/macro/Prophet candidate 19/32: {'changepoint_prior_scale': 0.05, 'seasonality_prior_scale': 1.0, 'seasonality_mode': 'additive', 'regressor_prior_scale': 2.0}
2026-09-03 03:39:01 | INFO     | energy_stress.prophet | [Prophet-MACRO] Fitting on carbon (train=212 obs, regressors=True, cps=0.05, sps=1.0, reg_ps=2.0, seasonality=additive)
2026-09-03 03:39:02 | INFO     | energy_stress.prophet | [Prophet-MACRO carbon] validation: MAE=60.4261, RMSE=62.2418
2026-09-03 03:39:02 | INFO     | energy_stress.prophet | [Prophet-MACRO] Forecast saved → outputs/tuning/forecasts/carbon/macro/prophet/candidate_19/carbon_growth_pct_forecasts_prophet_macro.csv
2026-09-03 03:39:02 | INFO     | energy_stress.tuning | Tuning carbon/macro/Prophet candidate 20/32: {'changepoint_prior_scale': 0.05, 'seasonality_prior_scale': 1.0, 'seasonality_mode': 'additive', 'regressor_prior_scale': 10.0}
2026-09-03 03:39:02 | INFO     | energy_stress.prophet | [Prophet-MACRO] Fitting on carbon (train=212 obs, regressors=True, cps=0.05, sps=1.0, reg_ps=10.0, seasonality=additive)
2026-09-03 03:39:02 | INFO     | energy_stress.prophet | [Prophet-MACRO carbon] validation: MAE=60.9441, RMSE=62.7487
2026-09-03 03:39:02 | INFO     | energy_stress.prophet | [Prophet-MACRO] Forecast saved → outputs/tuning/forecasts/carbon/macro/prophet/candidate_20/carbon_growth_pct_forecasts_prophet_macro.csv
2026-09-03 03:39:02 | INFO     | energy_stress.tuning | Tuning carbon/macro/Prophet candidate 21/32: {'changepoint_prior_scale': 0.05, 'seasonality_prior_scale': 10.0, 'seasonality_mode': 'additive', 'regressor_prior_scale': 0.1}
2026-09-03 03:39:02 | INFO     | energy_stress.prophet | [Prophet-MACRO] Fitting on carbon (train=212 obs, regressors=True, cps=0.05, sps=10.0, reg_ps=0.1, seasonality=additive)
2026-09-03 03:39:02 | INFO     | energy_stress.prophet | [Prophet-MACRO carbon] validation: MAE=71.8442, RMSE=73.2846
2026-09-03 03:39:02 | INFO     | energy_stress.prophet | [Prophet-MACRO] Forecast saved → outputs/tuning/forecasts/carbon/macro/prophet/candidate_21/carbon_growth_pct_forecasts_prophet_macro.csv
2026-09-03 03:39:02 | INFO     | energy_stress.tuning | Tuning carbon/macro/Prophet candidate 22/32: {'changepoint_prior_scale': 0.05, 'seasonality_prior_scale': 10.0, 'seasonality_mode': 'additive', 'regressor_prior_scale': 0.5}
2026-09-03 03:39:02 | INFO     | energy_stress.prophet | [Prophet-MACRO] Fitting on carbon (train=212 obs, regressors=True, cps=0.05, sps=10.0, reg_ps=0.5, seasonality=additive)
2026-09-03 03:39:02 | INFO     | energy_stress.prophet | [Prophet-MACRO carbon] validation: MAE=65.5133, RMSE=67.0735
2026-09-03 03:39:02 | INFO     | energy_stress.prophet | [Prophet-MACRO] Forecast saved → outputs/tuning/forecasts/carbon/macro/prophet/candidate_22/carbon_growth_pct_forecasts_prophet_macro.csv
2026-09-03 03:39:02 | INFO     | energy_stress.tuning | Tuning carbon/macro/Prophet candidate 23/32: {'changepoint_prior_scale': 0.05, 'seasonality_prior_scale': 10.0, 'seasonality_mode': 'additive', 'regressor_prior_scale': 2.0}
2026-09-03 03:39:02 | INFO     | energy_stress.prophet | [Prophet-MACRO] Fitting on carbon (train=212 obs, regressors=True, cps=0.05, sps=10.0, reg_ps=2.0, seasonality=additive)
2026-09-03 03:39:03 | INFO     | energy_stress.prophet | [Prophet-MACRO carbon] validation: MAE=60.4947, RMSE=62.3099
2026-09-03 03:39:03 | INFO     | energy_stress.prophet | [Prophet-MACRO] Forecast saved → outputs/tuning/forecasts/carbon/macro/prophet/candidate_23/carbon_growth_pct_forecasts_prophet_macro.csv
2026-09-03 03:39:03 | INFO     | energy_stress.tuning | Tuning carbon/macro/Prophet candidate 24/32: {'changepoint_prior_scale': 0.05, 'seasonality_prior_scale': 10.0, 'seasonality_mode': 'additive', 'regressor_prior_scale': 10.0}
2026-09-03 03:39:03 | INFO     | energy_stress.prophet | [Prophet-MACRO] Fitting on carbon (train=212 obs, regressors=True, cps=0.05, sps=10.0, reg_ps=10.0, seasonality=additive)
2026-09-03 03:39:03 | INFO     | energy_stress.prophet | [Prophet-MACRO carbon] validation: MAE=61.4606, RMSE=63.2527
2026-09-03 03:39:03 | INFO     | energy_stress.prophet | [Prophet-MACRO] Forecast saved → outputs/tuning/forecasts/carbon/macro/prophet/candidate_24/carbon_growth_pct_forecasts_prophet_macro.csv
2026-09-03 03:39:03 | INFO     | energy_stress.tuning | Tuning carbon/macro/Prophet candidate 25/32: {'changepoint_prior_scale': 0.1, 'seasonality_prior_scale': 1.0, 'seasonality_mode': 'additive', 'regressor_prior_scale': 0.1}
2026-09-03 03:39:03 | INFO     | energy_stress.prophet | [Prophet-MACRO] Fitting on carbon (train=212 obs, regressors=True, cps=0.1, sps=1.0, reg_ps=0.1, seasonality=additive)
2026-09-03 03:39:03 | INFO     | energy_stress.prophet | [Prophet-MACRO carbon] validation: MAE=74.2755, RMSE=75.6328
2026-09-03 03:39:03 | INFO     | energy_stress.prophet | [Prophet-MACRO] Forecast saved → outputs/tuning/forecasts/carbon/macro/prophet/candidate_25/carbon_growth_pct_forecasts_prophet_macro.csv
2026-09-03 03:39:03 | INFO     | energy_stress.tuning | Tuning carbon/macro/Prophet candidate 26/32: {'changepoint_prior_scale': 0.1, 'seasonality_prior_scale': 1.0, 'seasonality_mode': 'additive', 'regressor_prior_scale': 0.5}
2026-09-03 03:39:03 | INFO     | energy_stress.prophet | [Prophet-MACRO] Fitting on carbon (train=212 obs, regressors=True, cps=0.1, sps=1.0, reg_ps=0.5, seasonality=additive)
2026-09-03 03:39:03 | INFO     | energy_stress.prophet | [Prophet-MACRO carbon] validation: MAE=73.9694, RMSE=75.3693
2026-09-03 03:39:03 | INFO     | energy_stress.prophet | [Prophet-MACRO] Forecast saved → outputs/tuning/forecasts/carbon/macro/prophet/candidate_26/carbon_growth_pct_forecasts_prophet_macro.csv
2026-09-03 03:39:03 | INFO     | energy_stress.tuning | Tuning carbon/macro/Prophet candidate 27/32: {'changepoint_prior_scale': 0.1, 'seasonality_prior_scale': 1.0, 'seasonality_mode': 'additive', 'regressor_prior_scale': 2.0}
2026-09-03 03:39:03 | INFO     | energy_stress.prophet | [Prophet-MACRO] Fitting on carbon (train=212 obs, regressors=True, cps=0.1, sps=1.0, reg_ps=2.0, seasonality=additive)
2026-09-03 03:39:03 | INFO     | energy_stress.prophet | [Prophet-MACRO carbon] validation: MAE=73.7725, RMSE=75.1512
2026-09-03 03:39:04 | INFO     | energy_stress.prophet | [Prophet-MACRO] Forecast saved → outputs/tuning/forecasts/carbon/macro/prophet/candidate_27/carbon_growth_pct_forecasts_prophet_macro.csv
2026-09-03 03:39:04 | INFO     | energy_stress.tuning | Tuning carbon/macro/Prophet candidate 28/32: {'changepoint_prior_scale': 0.1, 'seasonality_prior_scale': 1.0, 'seasonality_mode': 'additive', 'regressor_prior_scale': 10.0}
2026-09-03 03:39:04 | INFO     | energy_stress.prophet | [Prophet-MACRO] Fitting on carbon (train=212 obs, regressors=True, cps=0.1, sps=1.0, reg_ps=10.0, seasonality=additive)
2026-09-03 03:39:04 | INFO     | energy_stress.prophet | [Prophet-MACRO carbon] validation: MAE=73.9793, RMSE=75.3802
2026-09-03 03:39:04 | INFO     | energy_stress.prophet | [Prophet-MACRO] Forecast saved → outputs/tuning/forecasts/carbon/macro/prophet/candidate_28/carbon_growth_pct_forecasts_prophet_macro.csv
2026-09-03 03:39:04 | INFO     | energy_stress.tuning | Tuning carbon/macro/Prophet candidate 29/32: {'changepoint_prior_scale': 0.1, 'seasonality_prior_scale': 10.0, 'seasonality_mode': 'additive', 'regressor_prior_scale': 0.1}
2026-09-03 03:39:04 | INFO     | energy_stress.prophet | [Prophet-MACRO] Fitting on carbon (train=212 obs, regressors=True, cps=0.1, sps=10.0, reg_ps=0.1, seasonality=additive)
2026-09-03 03:39:04 | INFO     | energy_stress.prophet | [Prophet-MACRO carbon] validation: MAE=74.3760, RMSE=75.7323
2026-09-03 03:39:04 | INFO     | energy_stress.prophet | [Prophet-MACRO] Forecast saved → outputs/tuning/forecasts/carbon/macro/prophet/candidate_29/carbon_growth_pct_forecasts_prophet_macro.csv
2026-09-03 03:39:04 | INFO     | energy_stress.tuning | Tuning carbon/macro/Prophet candidate 30/32: {'changepoint_prior_scale': 0.1, 'seasonality_prior_scale': 10.0, 'seasonality_mode': 'additive', 'regressor_prior_scale': 0.5}
2026-09-03 03:39:04 | INFO     | energy_stress.prophet | [Prophet-MACRO] Fitting on carbon (train=212 obs, regressors=True, cps=0.1, sps=10.0, reg_ps=0.5, seasonality=additive)
2026-09-03 03:39:04 | INFO     | energy_stress.prophet | [Prophet-MACRO carbon] validation: MAE=72.7873, RMSE=74.1984
2026-09-03 03:39:04 | INFO     | energy_stress.prophet | [Prophet-MACRO] Forecast saved → outputs/tuning/forecasts/carbon/macro/prophet/candidate_30/carbon_growth_pct_forecasts_prophet_macro.csv
2026-09-03 03:39:04 | INFO     | energy_stress.tuning | Tuning carbon/macro/Prophet candidate 31/32: {'changepoint_prior_scale': 0.1, 'seasonality_prior_scale': 10.0, 'seasonality_mode': 'additive', 'regressor_prior_scale': 2.0}
2026-09-03 03:39:04 | INFO     | energy_stress.prophet | [Prophet-MACRO] Fitting on carbon (train=212 obs, regressors=True, cps=0.1, sps=10.0, reg_ps=2.0, seasonality=additive)
2026-09-03 03:39:04 | INFO     | energy_stress.prophet | [Prophet-MACRO carbon] validation: MAE=71.7461, RMSE=73.1968
2026-09-03 03:39:04 | INFO     | energy_stress.prophet | [Prophet-MACRO] Forecast saved → outputs/tuning/forecasts/carbon/macro/prophet/candidate_31/carbon_growth_pct_forecasts_prophet_macro.csv
2026-09-03 03:39:04 | INFO     | energy_stress.tuning | Tuning carbon/macro/Prophet candidate 32/32: {'changepoint_prior_scale': 0.1, 'seasonality_prior_scale': 10.0, 'seasonality_mode': 'additive', 'regressor_prior_scale': 10.0}
2026-09-03 03:39:04 | INFO     | energy_stress.prophet | [Prophet-MACRO] Fitting on carbon (train=212 obs, regressors=True, cps=0.1, sps=10.0, reg_ps=10.0, seasonality=additive)
2026-09-03 03:39:05 | INFO     | energy_stress.prophet | [Prophet-MACRO carbon] validation: MAE=73.5431, RMSE=74.9556
2026-09-03 03:39:05 | INFO     | energy_stress.prophet | [Prophet-MACRO] Forecast saved → outputs/tuning/forecasts/carbon/macro/prophet/candidate_32/carbon_growth_pct_forecasts_prophet_macro.csv
2026-09-03 03:39:05 | INFO     | energy_stress.tuning | Best params for carbon/macro/Prophet: {'changepoint_prior_scale': 0.01, 'seasonality_prior_scale': 10.0, 'seasonality_mode': 'additive', 'regressor_prior_scale': 0.1} (validation score=57.3349)
2026-09-03 03:39:05 | INFO     | energy_stress.tuning | Tuning carbon/macro/LSTM candidate 1/3: {'lookback': 6, 'dropout': 0.1, 'learning_rate': 0.001, 'units_1': 64, 'units_2': 32, 'macro_feature_set': 'lstm'}
2026-09-03 03:39:05 | INFO     | energy_stress.lstm | [LSTM-MACRO] Training on carbon | train=2006-05-01→2023-12-01 (212 obs), test=2024-01-01→2024-12-01 (12 obs), use_macro=True, lookback=6, dropout=0.1, lr=0.001, units=(64,32), macro_feature_set=lstm
2026-09-03 03:39:53 | INFO     | energy_stress.lstm | [LSTM-MACRO carbon] validation: MAE=15.9353, RMSE=18.9794
2026-09-03 03:41:40 | INFO     | energy_stress.lstm | [LSTM-MACRO] Forecast saved → outputs/tuning/forecasts/carbon/macro/lstm/candidate_01/carbon_growth_pct_forecasts_lstm_macro.csv
2026-09-03 03:41:40 | INFO     | energy_stress.tuning | Tuning carbon/macro/LSTM candidate 2/3: {'lookback': 12, 'dropout': 0.2, 'learning_rate': 0.001, 'units_1': 128, 'units_2': 64, 'macro_feature_set': 'lstm'}
2026-09-03 03:41:40 | INFO     | energy_stress.lstm | [LSTM-MACRO] Training on carbon | train=2006-05-01→2023-12-01 (212 obs), test=2024-01-01→2024-12-01 (12 obs), use_macro=True, lookback=12, dropout=0.2, lr=0.001, units=(128,64), macro_feature_set=lstm
2026-09-03 03:42:26 | INFO     | energy_stress.lstm | [LSTM-MACRO carbon] validation: MAE=16.7622, RMSE=19.7359
2026-09-03 03:44:21 | INFO     | energy_stress.lstm | [LSTM-MACRO] Forecast saved → outputs/tuning/forecasts/carbon/macro/lstm/candidate_02/carbon_growth_pct_forecasts_lstm_macro.csv
2026-09-03 03:44:21 | INFO     | energy_stress.tuning | Tuning carbon/macro/LSTM candidate 3/3: {'lookback': 18, 'dropout': 0.25, 'learning_rate': 0.0005, 'units_1': 128, 'units_2': 64, 'macro_feature_set': 'lstm'}
2026-09-03 03:44:21 | INFO     | energy_stress.lstm | [LSTM-MACRO] Training on carbon | train=2006-05-01→2023-12-01 (212 obs), test=2024-01-01→2024-12-01 (12 obs), use_macro=True, lookback=18, dropout=0.25, lr=0.0005, units=(128,64), macro_feature_set=lstm
2026-09-03 03:45:50 | INFO     | energy_stress.lstm | [LSTM-MACRO carbon] validation: MAE=10.2009, RMSE=13.7187
2026-09-03 03:48:47 | INFO     | energy_stress.lstm | [LSTM-MACRO] Forecast saved → outputs/tuning/forecasts/carbon/macro/lstm/candidate_03/carbon_growth_pct_forecasts_lstm_macro.csv
2026-09-03 03:48:47 | INFO     | energy_stress.tuning | Best params for carbon/macro/LSTM: {'lookback': 18, 'dropout': 0.25, 'learning_rate': 0.0005, 'units_1': 128, 'units_2': 64, 'macro_feature_set': 'lstm'} (validation score=10.2009)
2026-09-03 03:48:47 | INFO     | energy_stress.tuning | Tuning carbon/macro/TFT candidate 1/3: {'lookback': 6, 'hidden': 32, 'n_heads': 4, 'learning_rate': 0.001}
2026-09-03 03:48:47 | INFO     | energy_stress.tft | [TFT/pytorch-forecasting] Fitting carbon (macro)
2026-09-03 03:49:20 | INFO     | energy_stress.tft | [TFT carbon] validation: MAE=20.0176, RMSE=23.7338
2026-09-03 03:50:02 | INFO     | energy_stress.tft | [TFT] Forecast saved → outputs/tuning/forecasts/carbon/macro/tft/candidate_01/carbon_growth_pct_forecasts_tft_macro.csv
2026-09-03 03:50:02 | INFO     | energy_stress.tuning | Tuning carbon/macro/TFT candidate 2/3: {'lookback': 12, 'hidden': 64, 'n_heads': 4, 'learning_rate': 0.0005}
2026-09-03 03:50:02 | INFO     | energy_stress.tft | [TFT/pytorch-forecasting] Fitting carbon (macro)
2026-09-03 03:50:37 | INFO     | energy_stress.tft | [TFT carbon] validation: MAE=19.4049, RMSE=23.4020
2026-09-03 03:51:16 | INFO     | energy_stress.tft | [TFT] Forecast saved → outputs/tuning/forecasts/carbon/macro/tft/candidate_02/carbon_growth_pct_forecasts_tft_macro.csv
2026-09-03 03:51:16 | INFO     | energy_stress.tuning | Tuning carbon/macro/TFT candidate 3/3: {'lookback': 18, 'hidden': 64, 'n_heads': 4, 'learning_rate': 0.0005}
2026-09-03 03:51:16 | INFO     | energy_stress.tft | [TFT/pytorch-forecasting] Fitting carbon (macro)
2026-09-03 03:51:49 | INFO     | energy_stress.tft | [TFT carbon] validation: MAE=15.2516, RMSE=19.0531
2026-09-03 03:52:29 | INFO     | energy_stress.tft | [TFT] Forecast saved → outputs/tuning/forecasts/carbon/macro/tft/candidate_03/carbon_growth_pct_forecasts_tft_macro.csv
2026-09-03 03:52:29 | INFO     | energy_stress.tuning | Best params for carbon/macro/TFT: {'lookback': 18, 'hidden': 64, 'n_heads': 4, 'learning_rate': 0.0005} (validation score=15.2516)
2026-09-03 03:52:29 | INFO     | energy_stress.tuning | Tuning results saved → outputs/tuning/model_tuning_results.csv
2026-09-03 03:52:29 | INFO     | energy_stress.forecast_pipeline | ========================================
2026-09-03 03:52:29 | INFO     | energy_stress.forecast_pipeline | STAGE 2: Model training & evaluation (4 models × 2 modes × 3 series)
2026-09-03 03:52:29 | INFO     | energy_stress.forecast_pipeline | ========================================
2026-09-03 03:52:29 | INFO     | energy_stress.forecast_pipeline | 
──────────────────────────────────────────────────
Series: GAS
──────────────────────────────────────────────────
2026-09-03 03:52:29 | INFO     | energy_stress.forecast_pipeline | [gas] train=212, test=12, full=224 (through 2024-12-01), actual_target=12 non-null (2025-01-01..2025-12-01)
2026-09-03 03:52:29 | INFO     | energy_stress.sarima | [SARIMA-CORE] Fitting on gas (train=212 obs)
2026-09-03 03:58:30 | INFO     | energy_stress.sarima | SARIMA best order: (2, 0, 1) × (2, 1, 1, 12)
2026-09-03 03:58:32 | INFO     | energy_stress.sarima | [SARIMA-CORE gas] validation: MAE=13.5782, RMSE=14.2818, MAPE=70.93%
2026-09-03 03:58:33 | INFO     | energy_stress.sarima | [SARIMA-CORE] Forecast saved → outputs/forecasts/gas_growth_pct_forecasts_sarima_core.csv
2026-09-03 03:58:33 | INFO     | energy_stress.sarima | [SARIMA-MACRO] Fitting on gas (train=212 obs)
2026-09-03 04:04:52 | INFO     | energy_stress.sarima | SARIMA best order: (2, 0, 1) × (2, 1, 1, 12)
2026-09-03 04:04:52 | INFO     | energy_stress.sarima | [SARIMA-MACRO] Using exogenous: ['inflation_growth_lag1', 'weather_volatility_lag1', 'gdp_growth_lag1', 'gas_futures_log_return_lag1', 'gas_futures_yoy_growth_lag1']
2026-09-03 04:04:54 | INFO     | energy_stress.sarima | [SARIMA-MACRO gas] validation: MAE=9.0906, RMSE=12.6742, MAPE=86.96%
2026-09-03 04:04:56 | INFO     | energy_stress.sarima | [SARIMA-MACRO] Forecast saved → outputs/forecasts/gas_growth_pct_forecasts_sarima_macro.csv
2026-09-03 04:04:56 | INFO     | energy_stress.prophet | [Prophet-CORE] Fitting on gas (train=212 obs, regressors=False, cps=0.01, sps=1.0, reg_ps=n/a, seasonality=additive)
2026-09-03 04:04:56 | INFO     | energy_stress.prophet | [Prophet-CORE gas] validation: MAE=37.7264, RMSE=39.3743
2026-09-03 04:04:57 | INFO     | energy_stress.prophet | [Prophet-CORE] Forecast saved → outputs/forecasts/gas_growth_pct_forecasts_prophet_core.csv
2026-09-03 04:04:57 | INFO     | energy_stress.prophet | [Prophet-MACRO] Fitting on gas (train=212 obs, regressors=True, cps=0.001, sps=1.0, reg_ps=2.0, seasonality=multiplicative)
2026-09-03 04:04:57 | INFO     | energy_stress.prophet | [Prophet-MACRO gas] validation: MAE=20.7634, RMSE=23.3935
2026-09-03 04:04:57 | INFO     | energy_stress.prophet | [Prophet-MACRO] Forecast saved → outputs/forecasts/gas_growth_pct_forecasts_prophet_macro.csv
2026-09-03 04:04:57 | INFO     | energy_stress.lstm | [LSTM-CORE] Training on gas | train=2006-05-01→2023-12-01 (212 obs), test=2024-01-01→2024-12-01 (12 obs), use_macro=False, lookback=12, dropout=0.2, lr=0.001, units=(128,64), macro_feature_set=lstm
2026-09-03 04:08:30 | INFO     | energy_stress.lstm | [LSTM-CORE gas] validation: MAE=6.4581, RMSE=8.1965
2026-09-03 04:14:51 | INFO     | energy_stress.lstm | [LSTM-CORE] Forecast saved → outputs/forecasts/gas_growth_pct_forecasts_lstm_core.csv
2026-09-03 04:14:51 | INFO     | energy_stress.lstm | [LSTM-CORE] Model saved → outputs/models
2026-09-03 04:14:51 | INFO     | energy_stress.lstm | [LSTM-MACRO] Training on gas | train=2006-05-01→2023-12-01 (212 obs), test=2024-01-01→2024-12-01 (12 obs), use_macro=True, lookback=6, dropout=0.1, lr=0.001, units=(64,32), macro_feature_set=lstm
2026-09-03 04:15:29 | INFO     | energy_stress.lstm | [LSTM-MACRO gas] validation: MAE=29.3517, RMSE=31.3528
2026-09-03 04:19:43 | INFO     | energy_stress.lstm | [LSTM-MACRO] Forecast saved → outputs/forecasts/gas_growth_pct_forecasts_lstm_macro.csv
2026-09-03 04:19:43 | INFO     | energy_stress.lstm | [LSTM-MACRO] Model saved → outputs/models
2026-09-03 04:19:43 | INFO     | energy_stress.tft | [TFT/pytorch-forecasting] Fitting gas (core)
2026-09-03 04:20:28 | INFO     | energy_stress.tft | [TFT gas] validation: MAE=19.5928, RMSE=20.8205
2026-09-03 04:21:19 | INFO     | energy_stress.tft | [TFT] Forecast saved → outputs/forecasts/gas_growth_pct_forecasts_tft_core.csv
2026-09-03 04:21:19 | INFO     | energy_stress.tft | [TFT/pytorch-forecasting] Fitting gas (macro)
2026-09-03 04:22:18 | INFO     | energy_stress.tft | [TFT gas] validation: MAE=19.9846, RMSE=21.4351
2026-09-03 04:23:29 | INFO     | energy_stress.tft | [TFT] Forecast saved → outputs/forecasts/gas_growth_pct_forecasts_tft_macro.csv
2026-09-03 04:23:29 | INFO     | energy_stress.forecast_pipeline | 
──────────────────────────────────────────────────
Series: ELECTRICITY
──────────────────────────────────────────────────
2026-09-03 04:23:29 | INFO     | energy_stress.forecast_pipeline | [electricity] train=212, test=12, full=224 (through 2024-12-01), actual_target=12 non-null (2025-01-01..2025-12-01)
2026-09-03 04:23:29 | INFO     | energy_stress.sarima | [SARIMA-CORE] Fitting on electricity (train=212 obs)
2026-09-03 04:31:20 | INFO     | energy_stress.sarima | SARIMA best order: (2, 0, 1) × (2, 1, 1, 12)
2026-09-03 04:31:22 | INFO     | energy_stress.sarima | [SARIMA-CORE electricity] validation: MAE=14.5462, RMSE=15.1694, MAPE=120.72%
2026-09-03 04:31:24 | INFO     | energy_stress.sarima | [SARIMA-CORE] Forecast saved → outputs/forecasts/electricity_growth_pct_forecasts_sarima_core.csv
2026-09-03 04:31:24 | INFO     | energy_stress.sarima | [SARIMA-MACRO] Fitting on electricity (train=212 obs)
2026-09-03 04:40:48 | INFO     | energy_stress.sarima | SARIMA best order: (2, 0, 1) × (2, 1, 1, 12)
2026-09-03 04:40:48 | INFO     | energy_stress.sarima | [SARIMA-MACRO] Using exogenous: ['inflation_growth_lag1', 'weather_volatility_lag1', 'gdp_growth_lag1', 'gas_futures_log_return_lag1', 'gas_futures_yoy_growth_lag1', 'electricity_growth_lag12', 'post_2016_electricity_regime', 'gbp_eur_yoy_change_lag12']
2026-09-03 04:40:51 | INFO     | energy_stress.sarima | [SARIMA-MACRO electricity] validation: MAE=17.1632, RMSE=18.4425, MAPE=144.21%
2026-09-03 04:40:54 | INFO     | energy_stress.sarima | [SARIMA-MACRO] Forecast saved → outputs/forecasts/electricity_growth_pct_forecasts_sarima_macro.csv
2026-09-03 04:40:54 | INFO     | energy_stress.prophet | [Prophet-CORE] Fitting on electricity (train=212 obs, regressors=False, cps=0.01, sps=1.0, reg_ps=n/a, seasonality=additive)
2026-09-03 04:40:54 | INFO     | energy_stress.prophet | [Prophet-CORE electricity] validation: MAE=26.9160, RMSE=27.5638
2026-09-03 04:40:54 | INFO     | energy_stress.prophet | [Prophet-CORE] Forecast saved → outputs/forecasts/electricity_growth_pct_forecasts_prophet_core.csv
2026-09-03 04:40:54 | INFO     | energy_stress.prophet | [Prophet-MACRO] Fitting on electricity (train=212 obs, regressors=True, cps=0.01, sps=10.0, reg_ps=0.5, seasonality=additive)
2026-09-03 04:40:54 | INFO     | energy_stress.prophet | [Prophet-MACRO electricity] validation: MAE=12.3608, RMSE=13.9510
2026-09-03 04:40:55 | INFO     | energy_stress.prophet | [Prophet-MACRO] Forecast saved → outputs/forecasts/electricity_growth_pct_forecasts_prophet_macro.csv
2026-09-03 04:40:55 | INFO     | energy_stress.lstm | [LSTM-CORE] Training on electricity | train=2006-05-01→2023-12-01 (212 obs), test=2024-01-01→2024-12-01 (12 obs), use_macro=False, lookback=6, dropout=0.1, lr=0.001, units=(64,32), macro_feature_set=lstm
2026-09-03 04:49:15 | INFO     | energy_stress.lstm | [LSTM-CORE electricity] validation: MAE=7.6299, RMSE=8.8855
2026-09-03 05:04:24 | INFO     | energy_stress.lstm | [LSTM-CORE] Forecast saved → outputs/forecasts/electricity_growth_pct_forecasts_lstm_core.csv
2026-09-03 05:04:24 | INFO     | energy_stress.lstm | [LSTM-CORE] Model saved → outputs/models
2026-09-03 05:04:24 | INFO     | energy_stress.lstm | [LSTM-MACRO] Training on electricity | train=2006-05-01→2023-12-01 (212 obs), test=2024-01-01→2024-12-01 (12 obs), use_macro=True, lookback=24, dropout=0.35, lr=0.0005, units=(96,48), macro_feature_set=lean
2026-09-03 05:11:38 | INFO     | energy_stress.lstm | [LSTM-MACRO electricity] validation: MAE=10.7787, RMSE=11.7868
2026-09-03 05:18:26 | INFO     | energy_stress.lstm | [LSTM-MACRO] Forecast saved → outputs/forecasts/electricity_growth_pct_forecasts_lstm_macro.csv
2026-09-03 05:18:26 | INFO     | energy_stress.lstm | [LSTM-MACRO] Model saved → outputs/models
2026-09-03 05:18:26 | INFO     | energy_stress.tft | [TFT/pytorch-forecasting] Fitting electricity (core)
2026-09-03 05:19:09 | INFO     | energy_stress.tft | [TFT electricity] validation: MAE=15.0023, RMSE=16.0832
2026-09-03 05:20:00 | INFO     | energy_stress.tft | [TFT] Forecast saved → outputs/forecasts/electricity_growth_pct_forecasts_tft_core.csv
2026-09-03 05:20:00 | INFO     | energy_stress.tft | [TFT/pytorch-forecasting] Fitting electricity (macro)
2026-09-03 05:21:07 | INFO     | energy_stress.tft | [TFT electricity] validation: MAE=16.3521, RMSE=17.6255
2026-09-03 05:22:14 | INFO     | energy_stress.tft | [TFT] Forecast saved → outputs/forecasts/electricity_growth_pct_forecasts_tft_macro.csv
2026-09-03 05:22:14 | INFO     | energy_stress.forecast_pipeline | 
──────────────────────────────────────────────────
Series: CARBON
──────────────────────────────────────────────────
2026-09-03 05:22:14 | INFO     | energy_stress.forecast_pipeline | [carbon] train=212, test=12, full=224 (through 2024-12-01), actual_target=12 non-null (2025-01-01..2025-12-01)
2026-09-03 05:22:14 | INFO     | energy_stress.sarima | [SARIMA-CORE] Fitting on carbon (train=212 obs)
2026-09-03 05:23:03 | INFO     | energy_stress.sarima | SARIMA best order: (1, 0, 0) × (2, 1, 0, 12)
2026-09-03 05:23:03 | INFO     | energy_stress.sarima | [SARIMA-CORE carbon] validation: MAE=40.6552, RMSE=42.8509, MAPE=248.32%
2026-09-03 05:23:03 | INFO     | energy_stress.sarima | [SARIMA-CORE] Forecast saved → outputs/forecasts/carbon_growth_pct_forecasts_sarima_core.csv
2026-09-03 05:23:03 | INFO     | energy_stress.sarima | [SARIMA-MACRO] Fitting on carbon (train=212 obs)
2026-09-03 05:23:51 | INFO     | energy_stress.sarima | SARIMA best order: (1, 0, 0) × (2, 1, 0, 12)
2026-09-03 05:23:51 | INFO     | energy_stress.sarima | [SARIMA-MACRO] Using exogenous: ['inflation_growth_lag1', 'weather_volatility_lag1', 'gdp_growth_lag1']
2026-09-03 05:23:52 | INFO     | energy_stress.sarima | [SARIMA-MACRO carbon] validation: MAE=41.2226, RMSE=43.3876, MAPE=255.70%
2026-09-03 05:23:53 | INFO     | energy_stress.sarima | [SARIMA-MACRO] Forecast saved → outputs/forecasts/carbon_growth_pct_forecasts_sarima_macro.csv
2026-09-03 05:23:53 | INFO     | energy_stress.prophet | [Prophet-CORE] Fitting on carbon (train=212 obs, regressors=False, cps=0.01, sps=1.0, reg_ps=n/a, seasonality=additive)
2026-09-03 05:23:54 | INFO     | energy_stress.prophet | [Prophet-CORE carbon] validation: MAE=42.2556, RMSE=44.6380
2026-09-03 05:23:54 | INFO     | energy_stress.prophet | [Prophet-CORE] Forecast saved → outputs/forecasts/carbon_growth_pct_forecasts_prophet_core.csv
2026-09-03 05:23:54 | INFO     | energy_stress.prophet | [Prophet-MACRO] Fitting on carbon (train=212 obs, regressors=True, cps=0.01, sps=10.0, reg_ps=0.1, seasonality=additive)
2026-09-03 05:23:54 | INFO     | energy_stress.prophet | [Prophet-MACRO carbon] validation: MAE=57.3349, RMSE=59.0475
2026-09-03 05:23:54 | INFO     | energy_stress.prophet | [Prophet-MACRO] Forecast saved → outputs/forecasts/carbon_growth_pct_forecasts_prophet_macro.csv
2026-09-03 05:23:54 | INFO     | energy_stress.lstm | [LSTM-CORE] Training on carbon | train=2006-05-01→2023-12-01 (212 obs), test=2024-01-01→2024-12-01 (12 obs), use_macro=False, lookback=6, dropout=0.1, lr=0.001, units=(64,32), macro_feature_set=lstm
2026-09-03 05:24:19 | INFO     | energy_stress.lstm | [LSTM-CORE carbon] validation: MAE=12.7460, RMSE=15.8644
2026-09-03 05:24:48 | INFO     | energy_stress.lstm | [LSTM-CORE] Forecast saved → outputs/forecasts/carbon_growth_pct_forecasts_lstm_core.csv
2026-09-03 05:24:48 | INFO     | energy_stress.lstm | [LSTM-CORE] Model saved → outputs/models
2026-09-03 05:24:48 | INFO     | energy_stress.lstm | [LSTM-MACRO] Training on carbon | train=2006-05-01→2023-12-01 (212 obs), test=2024-01-01→2024-12-01 (12 obs), use_macro=True, lookback=18, dropout=0.25, lr=0.0005, units=(128,64), macro_feature_set=lstm
2026-09-03 05:25:17 | INFO     | energy_stress.lstm | [LSTM-MACRO carbon] validation: MAE=10.3567, RMSE=13.8471
2026-09-03 05:26:08 | INFO     | energy_stress.lstm | [LSTM-MACRO] Forecast saved → outputs/forecasts/carbon_growth_pct_forecasts_lstm_macro.csv
2026-09-03 05:26:08 | INFO     | energy_stress.lstm | [LSTM-MACRO] Model saved → outputs/models
2026-09-03 05:26:08 | INFO     | energy_stress.tft | [TFT/pytorch-forecasting] Fitting carbon (core)
2026-09-03 05:26:39 | INFO     | energy_stress.tft | [TFT carbon] validation: MAE=11.8233, RMSE=14.9677
2026-09-03 05:27:17 | INFO     | energy_stress.tft | [TFT] Forecast saved → outputs/forecasts/carbon_growth_pct_forecasts_tft_core.csv
2026-09-03 05:27:17 | INFO     | energy_stress.tft | [TFT/pytorch-forecasting] Fitting carbon (macro)
2026-09-03 05:28:01 | INFO     | energy_stress.tft | [TFT carbon] validation: MAE=35.3157, RMSE=36.7895
2026-09-03 05:29:10 | INFO     | energy_stress.tft | [TFT] Forecast saved → outputs/forecasts/carbon_growth_pct_forecasts_tft_macro.csv
2026-09-03 05:29:10 | DEBUG    | energy_stress.model_evaluation | Loaded outputs/forecasts/gas_growth_pct_forecasts_sarima_core.csv (12 rows)
2026-09-03 05:29:10 | DEBUG    | energy_stress.model_evaluation | Loaded outputs/forecasts/gas_growth_pct_forecasts_sarima_macro.csv (12 rows)
2026-09-03 05:29:10 | DEBUG    | energy_stress.model_evaluation | Loaded outputs/forecasts/gas_growth_pct_forecasts_prophet_core.csv (12 rows)
2026-09-03 05:29:10 | DEBUG    | energy_stress.model_evaluation | Loaded outputs/forecasts/gas_growth_pct_forecasts_prophet_macro.csv (12 rows)
2026-09-03 05:29:10 | DEBUG    | energy_stress.model_evaluation | Loaded outputs/forecasts/gas_growth_pct_forecasts_lstm_core.csv (12 rows)
2026-09-03 05:29:10 | DEBUG    | energy_stress.model_evaluation | Loaded outputs/forecasts/gas_growth_pct_forecasts_lstm_macro.csv (12 rows)
2026-09-03 05:29:10 | DEBUG    | energy_stress.model_evaluation | Loaded outputs/forecasts/gas_growth_pct_forecasts_tft_core.csv (12 rows)
2026-09-03 05:29:10 | DEBUG    | energy_stress.model_evaluation | Loaded outputs/forecasts/gas_growth_pct_forecasts_tft_macro.csv (12 rows)
2026-09-03 05:29:10 | INFO     | energy_stress.model_evaluation | Combined forecasts (96 rows) → outputs/forecasts/gas_growth_pct_forecasts_all.csv
2026-09-03 05:29:10 | INFO     | energy_stress.model_evaluation |   core combined → outputs/forecasts/gas_growth_pct_forecasts_core.csv
2026-09-03 05:29:10 | INFO     | energy_stress.model_evaluation |   macro combined → outputs/forecasts/gas_growth_pct_forecasts_macro.csv
2026-09-03 05:29:10 | DEBUG    | energy_stress.model_evaluation | Loaded outputs/forecasts/electricity_growth_pct_forecasts_sarima_core.csv (12 rows)
2026-09-03 05:29:10 | DEBUG    | energy_stress.model_evaluation | Loaded outputs/forecasts/electricity_growth_pct_forecasts_sarima_macro.csv (12 rows)
2026-09-03 05:29:10 | DEBUG    | energy_stress.model_evaluation | Loaded outputs/forecasts/electricity_growth_pct_forecasts_prophet_core.csv (12 rows)
2026-09-03 05:29:10 | DEBUG    | energy_stress.model_evaluation | Loaded outputs/forecasts/electricity_growth_pct_forecasts_prophet_macro.csv (12 rows)
2026-09-03 05:29:10 | DEBUG    | energy_stress.model_evaluation | Loaded outputs/forecasts/electricity_growth_pct_forecasts_lstm_core.csv (12 rows)
2026-09-03 05:29:10 | DEBUG    | energy_stress.model_evaluation | Loaded outputs/forecasts/electricity_growth_pct_forecasts_lstm_macro.csv (12 rows)
2026-09-03 05:29:10 | DEBUG    | energy_stress.model_evaluation | Loaded outputs/forecasts/electricity_growth_pct_forecasts_tft_core.csv (12 rows)
2026-09-03 05:29:10 | DEBUG    | energy_stress.model_evaluation | Loaded outputs/forecasts/electricity_growth_pct_forecasts_tft_macro.csv (12 rows)
2026-09-03 05:29:10 | INFO     | energy_stress.model_evaluation | Combined forecasts (96 rows) → outputs/forecasts/electricity_growth_pct_forecasts_all.csv
2026-09-03 05:29:10 | INFO     | energy_stress.model_evaluation |   core combined → outputs/forecasts/electricity_growth_pct_forecasts_core.csv
2026-09-03 05:29:10 | INFO     | energy_stress.model_evaluation |   macro combined → outputs/forecasts/electricity_growth_pct_forecasts_macro.csv
2026-09-03 05:29:10 | DEBUG    | energy_stress.model_evaluation | Loaded outputs/forecasts/carbon_growth_pct_forecasts_sarima_core.csv (12 rows)
2026-09-03 05:29:10 | DEBUG    | energy_stress.model_evaluation | Loaded outputs/forecasts/carbon_growth_pct_forecasts_sarima_macro.csv (12 rows)
2026-09-03 05:29:10 | DEBUG    | energy_stress.model_evaluation | Loaded outputs/forecasts/carbon_growth_pct_forecasts_prophet_core.csv (12 rows)
2026-09-03 05:29:10 | DEBUG    | energy_stress.model_evaluation | Loaded outputs/forecasts/carbon_growth_pct_forecasts_prophet_macro.csv (12 rows)
2026-09-03 05:29:10 | DEBUG    | energy_stress.model_evaluation | Loaded outputs/forecasts/carbon_growth_pct_forecasts_lstm_core.csv (12 rows)
2026-09-03 05:29:10 | DEBUG    | energy_stress.model_evaluation | Loaded outputs/forecasts/carbon_growth_pct_forecasts_lstm_macro.csv (12 rows)
2026-09-03 05:29:10 | DEBUG    | energy_stress.model_evaluation | Loaded outputs/forecasts/carbon_growth_pct_forecasts_tft_core.csv (12 rows)
2026-09-03 05:29:10 | DEBUG    | energy_stress.model_evaluation | Loaded outputs/forecasts/carbon_growth_pct_forecasts_tft_macro.csv (12 rows)
2026-09-03 05:29:10 | INFO     | energy_stress.model_evaluation | Combined forecasts (96 rows) → outputs/forecasts/carbon_growth_pct_forecasts_all.csv
2026-09-03 05:29:10 | INFO     | energy_stress.model_evaluation |   core combined → outputs/forecasts/carbon_growth_pct_forecasts_core.csv
2026-09-03 05:29:10 | INFO     | energy_stress.model_evaluation |   macro combined → outputs/forecasts/carbon_growth_pct_forecasts_macro.csv
2026-09-03 05:29:10 | INFO     | energy_stress.forecast_pipeline | ========================================
2026-09-03 05:29:10 | INFO     | energy_stress.forecast_pipeline | STAGE 3: Metrics & model ranking
2026-09-03 05:29:10 | INFO     | energy_stress.forecast_pipeline | ========================================
2026-09-03 05:29:10 | INFO     | energy_stress.model_evaluation | Evaluating 24 model results across all series and modes
2026-09-03 05:29:10 | INFO     | energy_stress.model_evaluation | Best model [carbon][core]: TFT (selection_score=1.025)
2026-09-03 05:29:10 | INFO     | energy_stress.model_evaluation | Best model [carbon][macro]: LSTM (selection_score=1.200)
2026-09-03 05:29:10 | INFO     | energy_stress.model_evaluation | Best model [electricity][core]: LSTM (selection_score=1.450)
2026-09-03 05:29:10 | INFO     | energy_stress.model_evaluation | Best model [electricity][macro]: LSTM (selection_score=1.350)
2026-09-03 05:29:10 | INFO     | energy_stress.model_evaluation | Best model [gas][core]: LSTM (selection_score=1.350)
2026-09-03 05:29:10 | INFO     | energy_stress.model_evaluation | Best model [gas][macro]: SARIMA (selection_score=1.025)
2026-09-03 05:29:10 | INFO     | energy_stress.model_evaluation | Metrics table saved → outputs/tables/model_metrics_comparison.csv
2026-09-03 05:29:10 | INFO     | energy_stress.forecast_pipeline | ========================================
2026-09-03 05:29:10 | INFO     | energy_stress.forecast_pipeline | STAGE 4: FES construction (equal-weighted)
2026-09-03 05:29:10 | INFO     | energy_stress.forecast_pipeline | ========================================
2026-09-03 05:29:10 | INFO     | energy_stress.fes | Best models selected:
2026-09-03 05:29:10 | INFO     | energy_stress.fes |   [carbon][core] → TFT
2026-09-03 05:29:10 | INFO     | energy_stress.fes |   [carbon][macro] → LSTM
2026-09-03 05:29:10 | INFO     | energy_stress.fes |   [electricity][core] → LSTM
2026-09-03 05:29:10 | INFO     | energy_stress.fes |   [electricity][macro] → LSTM
2026-09-03 05:29:10 | INFO     | energy_stress.fes |   [gas][core] → LSTM
2026-09-03 05:29:10 | INFO     | energy_stress.fes |   [gas][macro] → SARIMA
2026-09-03 05:29:10 | INFO     | energy_stress.fes | Per-series mode selected for FES_selected (by RMSE): {'gas': 'core', 'electricity': 'core', 'carbon': 'macro'}
2026-09-03 05:29:10 | INFO     | energy_stress.fes | FES_Weighted series weights (inverse validation-RMSE, normalized to mean 1.0): {'gas': 1.193133022133851, 'electricity': 1.1006160377876515, 'carbon': 0.7062509400784975}
2026-09-03 05:29:10 | INFO     | energy_stress.fes | [gas] train μ=9.8469, σ=30.5843 | unc_ref μ=10.8311, σ=13.4077
2026-09-03 05:29:10 | INFO     | energy_stress.fes | [electricity] train μ=8.1601, σ=15.8659 | unc_ref μ=6.2370, σ=6.3254
2026-09-03 05:29:10 | INFO     | energy_stress.fes | [carbon] train μ=5.7961, σ=154.2487 | unc_ref μ=60.7339, σ=97.7137
2026-09-03 05:29:10 | INFO     | energy_stress.fes | [actual real-vol] train μ=0.4649, σ=0.4370
2026-09-03 05:29:10 | INFO     | energy_stress.fes | Monthly FES saved → outputs/fes/fes_monthly_2025.csv
2026-09-03 05:29:10 | INFO     | energy_stress.fes | [gas] train μ=11.7698, σ=30.2056 | unc_ref μ=10.1990, σ=12.9773
2026-09-03 05:29:10 | INFO     | energy_stress.fes | [electricity] train μ=9.4676, σ=15.2322 | unc_ref μ=5.9154, σ=6.1036
2026-09-03 05:29:10 | INFO     | energy_stress.fes | [carbon] train μ=7.4441, σ=158.3806 | unc_ref μ=63.1782, σ=99.9694
2026-09-03 05:29:10 | INFO     | energy_stress.fes | [actual real-vol] train μ=0.4702, σ=0.4354
2026-09-03 05:29:10 | INFO     | energy_stress.fes | FES_actual, prior year 2024 (baseline for FES_selected's 2025 forecast): mean=-2.69529 -> outputs/fes/fes_prior_actual_2024.csv
2026-09-03 05:29:10 | INFO     | energy_stress.fes | FES comparison metrics saved → outputs/fes/fes_comparison_metrics.csv  (12 rows)
2026-09-03 05:29:10 | INFO     | energy_stress.fes | Best RMSE per variant:
FES_variant
Equal_Core        0.37292
Equal_Macro       2.30296
Equal_Selected    0.33203
Equal_Weighted    0.41105
2026-09-03 05:29:10 | INFO     | energy_stress.fes | FES summary saved → outputs/fes/fes_summary_2025.csv
2026-09-03 05:29:10 | INFO     | energy_stress.fes | FES components table saved → outputs/fes/fes_components_table.csv
2026-09-03 05:29:10 | INFO     | energy_stress.fes | Figure saved → outputs/figures/fes_monthly_2025.png
2026-09-03 05:29:11 | INFO     | energy_stress.fes | Figure saved → outputs/figures/fes_components_2025.png
2026-09-03 05:29:12 | INFO     | energy_stress.fes | Figure saved → outputs/figures/forecast_vs_actual_all_series.png
2026-09-03 05:29:13 | INFO     | energy_stress.fes | Figure saved → outputs/figures/forecast_vs_actual_gas.png
2026-09-03 05:29:13 | INFO     | energy_stress.fes | Figure saved → outputs/figures/forecast_vs_actual_electricity.png
2026-09-03 05:29:13 | INFO     | energy_stress.fes | Figure saved → outputs/figures/forecast_vs_actual_carbon.png
2026-09-03 05:29:14 | INFO     | energy_stress.fes | Figure saved → outputs/figures/fes_metrics_rmse_heatmap.png
2026-09-03 05:29:14 | INFO     | energy_stress.fes | Figure saved → outputs/figures/fes_metrics_pearson_r_heatmap.png
2026-09-03 05:29:14 | INFO     | energy_stress.plotting | Figure saved → outputs/figures/model_ranking_polar_gas_core.png
2026-09-03 05:29:15 | INFO     | energy_stress.plotting | Figure saved → outputs/figures/model_ranking_polar_gas_macro.png
2026-09-03 05:29:15 | INFO     | energy_stress.plotting | Figure saved → outputs/figures/model_ranking_polar_electricity_core.png
2026-09-03 05:29:15 | INFO     | energy_stress.plotting | Figure saved → outputs/figures/model_ranking_polar_electricity_macro.png
2026-09-03 05:29:15 | INFO     | energy_stress.plotting | Figure saved → outputs/figures/model_ranking_polar_carbon_core.png
2026-09-03 05:29:16 | INFO     | energy_stress.plotting | Figure saved → outputs/figures/model_ranking_polar_carbon_macro.png
2026-09-03 05:29:17 | INFO     | energy_stress.plotting | Figure saved → outputs/figures/prediction_intervals_2025.png
2026-09-03 05:29:18 | INFO     | energy_stress.plotting | Figure saved → outputs/figures/forecast_comparison_gas_core.png
2026-09-03 05:29:18 | INFO     | energy_stress.plotting | Figure saved → outputs/figures/forecast_comparison_gas_macro.png
2026-09-03 05:29:19 | INFO     | energy_stress.plotting | Figure saved → outputs/figures/forecast_comparison_electricity_core.png
2026-09-03 05:29:19 | INFO     | energy_stress.plotting | Figure saved → outputs/figures/forecast_comparison_electricity_macro.png
2026-09-03 05:29:19 | INFO     | energy_stress.plotting | Figure saved → outputs/figures/forecast_comparison_carbon_core.png
2026-09-03 05:29:20 | INFO     | energy_stress.plotting | Figure saved → outputs/figures/forecast_comparison_carbon_macro.png
2026-09-03 05:29:20 | INFO     | energy_stress.fes | Static target-year comparison figures complete
2026-09-03 05:29:20 | INFO     | energy_stress.plotting | Interactive figure saved → outputs/figures/interactive_gas_core.html
2026-09-03 05:29:20 | INFO     | energy_stress.plotting | Interactive figure saved → outputs/figures/interactive_gas_macro.html
2026-09-03 05:29:20 | INFO     | energy_stress.plotting | Interactive figure saved → outputs/figures/interactive_electricity_core.html
2026-09-03 05:29:20 | INFO     | energy_stress.plotting | Interactive figure saved → outputs/figures/interactive_electricity_macro.html
2026-09-03 05:29:20 | INFO     | energy_stress.plotting | Interactive figure saved → outputs/figures/interactive_carbon_core.html
2026-09-03 05:29:21 | INFO     | energy_stress.plotting | Interactive figure saved → outputs/figures/interactive_carbon_macro.html
2026-09-03 05:29:21 | INFO     | energy_stress.fes | Interactive timeline figures complete
2026-09-03 05:29:21 | INFO     | energy_stress.household_stream | ========================================
2026-09-03 05:29:21 | INFO     | energy_stress.household_stream | STAGE 2a: Build UKHLS household-wave panel (15 waves, fuel-to-income target, realised price context)
2026-09-03 05:29:21 | INFO     | energy_stress.household_stream | ========================================
2026-09-03 05:29:21 | INFO     | energy_stress.ukhls_preprocessing | Building UKHLS household-wave panel (waves: ['a', 'b', 'c', 'd', 'e', 'f', 'g', 'h', 'i', 'j', 'k', 'l', 'm', 'n', 'o'])
2026-09-03 05:29:21 | DEBUG    | energy_stress.ukhls_preprocessing | wave a hhresp: 11 requested vars absent (['a_carval', 'a_duelpay', 'a_elecpay', 'a_htpmp', 'a_inoutflows1'])
2026-09-03 05:29:22 | INFO     | energy_stress.ukhls_preprocessing | wave a: 50994 respondents -> 30035 households (individual aggregation)
2026-09-03 05:29:25 | DEBUG    | energy_stress.ukhls_preprocessing | wave b hhresp: 10 requested vars absent (['b_duelpay', 'b_elecpay', 'b_htpmp', 'b_inoutflows1', 'b_inoutflows10'])
2026-09-03 05:29:29 | INFO     | energy_stress.ukhls_preprocessing | wave b: 54568 respondents -> 30453 households (individual aggregation)
2026-09-03 05:29:35 | DEBUG    | energy_stress.ukhls_preprocessing | wave c hhresp: 8 requested vars absent (['c_htpmp', 'c_inoutflows1', 'c_inoutflows10', 'c_inoutflows12', 'c_inoutflows2'])
2026-09-03 05:29:45 | INFO     | energy_stress.ukhls_preprocessing | wave c: 49692 respondents -> 27704 households (individual aggregation)
2026-09-03 05:29:52 | DEBUG    | energy_stress.ukhls_preprocessing | wave d hhresp: 8 requested vars absent (['d_htpmp', 'd_inoutflows1', 'd_inoutflows10', 'd_inoutflows12', 'd_inoutflows2'])
2026-09-03 05:29:56 | INFO     | energy_stress.ukhls_preprocessing | wave d: 47074 respondents -> 25774 households (individual aggregation)
2026-09-03 05:30:01 | DEBUG    | energy_stress.ukhls_preprocessing | wave e hhresp: 8 requested vars absent (['e_htpmp', 'e_inoutflows1', 'e_inoutflows10', 'e_inoutflows12', 'e_inoutflows2'])
2026-09-03 05:30:06 | INFO     | energy_stress.ukhls_preprocessing | wave e: 44837 respondents -> 24288 households (individual aggregation)
2026-09-03 05:30:13 | DEBUG    | energy_stress.ukhls_preprocessing | wave f hhresp: 7 requested vars absent (['f_htpmp', 'f_inoutflows1', 'f_inoutflows10', 'f_inoutflows12', 'f_inoutflows2'])
2026-09-03 05:30:17 | INFO     | energy_stress.ukhls_preprocessing | wave f: 45192 respondents -> 24811 households (individual aggregation)
2026-09-03 05:30:18 | DEBUG    | energy_stress.ukhls_preprocessing | wave g hhresp: 7 requested vars absent (['g_htpmp', 'g_inoutflows1', 'g_inoutflows10', 'g_inoutflows12', 'g_inoutflows2'])
2026-09-03 05:30:22 | INFO     | energy_stress.ukhls_preprocessing | wave g: 42170 respondents -> 23159 households (individual aggregation)
2026-09-03 05:30:29 | DEBUG    | energy_stress.ukhls_preprocessing | wave h hhresp: 7 requested vars absent (['h_htpmp', 'h_inoutflows1', 'h_inoutflows10', 'h_inoutflows12', 'h_inoutflows2'])
2026-09-03 05:30:38 | INFO     | energy_stress.ukhls_preprocessing | wave h: 39294 respondents -> 21999 households (individual aggregation)
2026-09-03 05:30:40 | DEBUG    | energy_stress.ukhls_preprocessing | wave i hhresp: 7 requested vars absent (['i_htpmp', 'i_inoutflows1', 'i_inoutflows10', 'i_inoutflows12', 'i_inoutflows2'])
2026-09-03 05:30:45 | INFO     | energy_stress.ukhls_preprocessing | wave i: 36058 respondents -> 20511 households (individual aggregation)
2026-09-03 05:30:52 | DEBUG    | energy_stress.ukhls_preprocessing | wave j hhresp: 7 requested vars absent (['j_htpmp', 'j_inoutflows1', 'j_inoutflows10', 'j_inoutflows12', 'j_inoutflows2'])
2026-09-03 05:30:56 | INFO     | energy_stress.ukhls_preprocessing | wave j: 34319 respondents -> 19657 households (individual aggregation)
2026-09-03 05:31:01 | DEBUG    | energy_stress.ukhls_preprocessing | wave k hhresp: 7 requested vars absent (['k_htpmp', 'k_inoutflows1', 'k_inoutflows10', 'k_inoutflows12', 'k_inoutflows2'])
2026-09-03 05:31:04 | INFO     | energy_stress.ukhls_preprocessing | wave k: 32008 respondents -> 18508 households (individual aggregation)
2026-09-03 05:31:12 | DEBUG    | energy_stress.ukhls_preprocessing | wave l hhresp: 7 requested vars absent (['l_htpmp', 'l_inoutflows1', 'l_inoutflows10', 'l_inoutflows12', 'l_inoutflows2'])
2026-09-03 05:31:14 | INFO     | energy_stress.ukhls_preprocessing | wave l: 29271 respondents -> 17302 households (individual aggregation)
2026-09-03 05:31:15 | DEBUG    | energy_stress.ukhls_preprocessing | wave m hhresp: 2 requested vars absent (['m_htpmp', 'm_inoutflows12'])
2026-09-03 05:31:21 | INFO     | energy_stress.ukhls_preprocessing | wave m: 27998 respondents -> 16566 households (individual aggregation)
2026-09-03 05:31:26 | DEBUG    | energy_stress.ukhls_preprocessing | wave n hhresp: 2 requested vars absent (['n_htpmp', 'n_inoutflows12'])
2026-09-03 05:31:33 | INFO     | energy_stress.ukhls_preprocessing | wave n: 35471 respondents -> 21920 households (individual aggregation)
2026-09-03 05:31:43 | INFO     | energy_stress.ukhls_preprocessing | wave o: 32849 respondents -> 19719 households (individual aggregation)
2026-09-03 05:31:44 | INFO     | energy_stress.ukhls_preprocessing | Full panel: 339201 household-wave rows across 15 waves
2026-09-03 05:31:44 | INFO     | energy_stress.ukhls_preprocessing | fuel_to_income_ratio: capping 85 rows (0.03%) at 1.0 (uncapped max was 3.0)
2026-09-03 05:31:44 | INFO     | energy_stress.ukhls_preprocessing | fuel_to_income_ratio: 255324/339201 valid (75.3%)
2026-09-03 05:31:44 | INFO     | energy_stress.ukhls_preprocessing | high_fuel_vulnerable (ratio>=10%): 20258/255324 (7.9%)
2026-09-03 05:31:44 | INFO     | energy_stress.ukhls_preprocessing | fuel_to_income_ratio_equivalised: 255125/339201 valid (75.2%)
2026-09-03 05:31:45 | INFO     | energy_stress.ukhls_preprocessing | Core price series covers 2006-2026 (monthly resolution)
2026-09-03 05:31:45 | INFO     | energy_stress.ukhls_preprocessing | Price context: 339201/339201 rows matched at month resolution, 0 additional rows fell back to their interview year's annual mean
2026-09-03 05:31:45 | WARNING  | energy_stress.ukhls_preprocessing | Rolling FES table not found (/home/mohsen/project/anticipatory-energy-stress/outputs/fes/fes_rolling_yearly.csv) -- falling back to a single constant FES Magnitude from fes_monthly_2025.csv (column=fes_selected). Run forecast_pipeline.run_rolling() for a genuinely year-varying signal.
2026-09-03 05:31:45 | INFO     | energy_stress.ukhls_preprocessing | FES actual, prior year baseline attached from fes_prior_actual_2024.csv: mean=-2.6953
2026-09-03 05:31:45 | INFO     | energy_stress.ukhls_preprocessing | FES magnitude range [-1.4525, -1.4525] (unique values=1) | fes_current range [-3.6966, 8.0355] | fes_delta range [-9.4880, 2.2442] (339201/339201 rows valid) | fes_actual_prior_year=-2.6953
2026-09-03 05:32:01 | INFO     | energy_stress.ukhls_preprocessing | Saved UKHLS panel: ukhls_panel.csv (339201 rows, 86 columns)
2026-09-03 05:32:01 | INFO     | energy_stress.household_stream | Stage 2a complete — 339201 household-wave rows, 86 columns
2026-09-03 05:32:01 | INFO     | energy_stress.household_stream | ========================================
2026-09-03 05:32:01 | INFO     | energy_stress.household_stream | STAGE 2a-overview: Dataset overview (panel composition, missingness, key distributions)
2026-09-03 05:32:01 | INFO     | energy_stress.household_stream | ========================================
2026-09-03 05:32:01 | INFO     | energy_stress.ukhls_dataset_overview | Dataset overview: panel composition, missingness, key distributions...
2026-09-03 05:32:01 | INFO     | energy_stress.ukhls_dataset_overview | Saved dataset_rows_by_wave.csv
2026-09-03 05:32:02 | INFO     | energy_stress.ukhls_dataset_overview | Saved figure dataset_panel_composition.png
2026-09-03 05:32:12 | INFO     | energy_stress.ukhls_dataset_overview | Saved dataset_rows_by_region.csv
2026-09-03 05:32:13 | INFO     | energy_stress.ukhls_geo_maps | Saved choropleth dataset_sample_size_by_region (12/12 regions matched)
2026-09-03 05:32:22 | INFO     | energy_stress.ukhls_dataset_overview | Saved dataset_rows_by_year.csv
2026-09-03 05:32:23 | INFO     | energy_stress.ukhls_dataset_overview | Saved figure dataset_rows_by_year.png
2026-09-03 05:32:23 | INFO     | energy_stress.ukhls_dataset_overview | Saved dataset_missingness_by_variable.csv
2026-09-03 05:32:23 | INFO     | energy_stress.ukhls_dataset_overview | Saved figure dataset_missingness.png
2026-09-03 05:32:25 | INFO     | energy_stress.ukhls_dataset_overview | Saved figure dataset_key_distributions.png
2026-09-03 05:32:25 | INFO     | energy_stress.ukhls_dataset_overview | Dataset overview figures saved -> /home/mohsen/project/anticipatory-energy-stress/outputs/ukhls_dataset_overview/figures
2026-09-03 05:32:25 | INFO     | energy_stress.household_stream | ========================================
2026-09-03 05:32:25 | INFO     | energy_stress.household_stream | STAGE 2b: COR-SEM (Object/Condition/Personal/Energy -> Baseline Resource Stock -> FES moderation)
2026-09-03 05:32:25 | INFO     | energy_stress.household_stream | ========================================
2026-09-03 05:32:35 | INFO     | energy_stress.ukhls_cor_sem | COR-SEM measurement spec:
OBJECT =~ hsrooms + hsbeds + ncars + carval + hsval
CONDITION =~ tenure_security + jbstat_security + bill_security
PERSONAL =~ health_good + sf1_good + qfhigh_band
ENERGY =~ fihhmnnet1_dv + fiyrinvinc_dv
2026-09-03 05:32:35 | INFO     | energy_stress.ukhls_cor_sem | Fitting via FIML (handles structural missingness on hsval/carval/inoutflows*) — n=339201 rows, 13 indicators
2026-09-03 05:32:35 | WARNING  | energy_stress.ukhls_cor_sem | Dropping 1 row(s) with no observed values across any of the 13 CFA indicators before FIML fit -- these carry zero information for FIML and otherwise degenerate into a 0x0 per-pattern covariance submatrix (semopy repeatedly logs 'DPOTRI ... illegal value' from LAPACK, once per optimizer iteration, without affecting the fit).
2026-09-03 05:33:03 | INFO     | energy_stress.ukhls_cor_sem | Saved cor_sem_measurement_loadings.csv
2026-09-03 05:33:07 | INFO     | energy_stress.ukhls_cor_sem | Saved cor_sem_fit_indices.csv
2026-09-03 05:33:07 | INFO     | energy_stress.ukhls_cor_sem | COR-SEM fit: CFI=-0.42574 TLI=-0.88488 RMSEA=0.0 SRMR=0.07858 (DoF=59.0)
2026-09-03 05:33:07 | WARNING  | energy_stress.ukhls_cor_sem | CFI/TLI outside [0,1] — this is a known semopy FIML fit-statistic computation limitation (verified against a complete-case MLW comparison, see module docstring), not evidence of measurement-model misspecification. Read the loadings and the FES-moderation test as the primary evidence.
2026-09-03 05:33:08 | INFO     | energy_stress.ukhls_cor_sem | Saved figure cor_sem_loadings.png
2026-09-03 05:33:09 | INFO     | energy_stress.plotting | Figure saved → /home/mohsen/project/anticipatory-energy-stress/outputs/ukhls_cor_sem/figures/cor_sem_loadings_polar.png
2026-09-03 05:33:45 | INFO     | energy_stress.ukhls_cor_sem | Saved structural_paths_baseline.csv
2026-09-03 05:33:45 | INFO     | energy_stress.ukhls_cor_sem | Saved structural_fit_indices_baseline.csv
2026-09-03 05:33:46 | INFO     | energy_stress.ukhls_cor_sem | Saved figure structural_paths_baseline.png
2026-09-03 05:34:12 | INFO     | energy_stress.sem_mediation | [OLS COR-SEM: BASELINE x FES Delta -> fuel_to_income_ratio] R²=0.136  n=255324
2026-09-03 05:34:12 | INFO     | energy_stress.ukhls_cor_sem | Saved fes_moderation_path.csv
2026-09-03 05:34:12 | INFO     | energy_stress.ukhls_cor_sem | FES moderation: baseline_x_fes coef=-0.00025 p=0.0207 -> CONSISTENT with COR (expected: negative & significant)
2026-09-03 05:34:14 | INFO     | energy_stress.ukhls_cor_sem | Saved COR-SEM factor scores: 339201 rows
2026-09-03 05:34:14 | INFO     | energy_stress.ukhls_cor_sem | COR-SEM (Stage 2b) complete.
2026-09-03 05:34:14 | INFO     | energy_stress.household_stream | Stage 2b scores: ['object_score', 'condition_score', 'personal_score', 'energy_score', 'baseline_resource_score']
2026-09-03 05:34:14 | INFO     | energy_stress.household_stream | ========================================
2026-09-03 05:34:14 | INFO     | energy_stress.household_stream | STAGE 2c: FES-conditioned COR-CVAE (COR-aligned latent space, counterfactual FES scenario query)
2026-09-03 05:34:14 | INFO     | energy_stress.household_stream | ========================================
2026-09-03 05:34:24 | INFO     | energy_stress.ukhls_cor_cvae | Median-imputing 495751 missing item values for CVAE input (SEM handles this natively via FIML; the VAE needs a complete numeric matrix)
2026-09-03 05:34:27 | INFO     | energy_stress.ukhls_cor_cvae | Stage 2c (CVAE) input: n=253913 complete-case rows (253913 households), 13 items -- 203130 train rows / 50783 val rows, split by household
2026-09-03 05:34:27 | INFO     | energy_stress.ukhls_cor_cvae | Training FES-conditioned COR-CVAE (n=253913, epochs<=300)...
2026-09-03 05:36:01 | INFO     | energy_stress.ukhls_cor_cvae | CVAE trained (300 epochs) | recon_MSE=0.98899  KL=0.06765  align_loss=0.27162  BCE=0.35349
2026-09-03 05:36:02 | INFO     | energy_stress.ukhls_cor_cvae | Saved figure cvae_training_curves.png
2026-09-03 05:36:02 | INFO     | energy_stress.ukhls_cor_cvae | Saved cvae_training_history.csv
2026-09-03 05:36:02 | INFO     | energy_stress.ukhls_cor_cvae | Saved cvae_sem_alignment.csv
2026-09-03 05:36:02 | INFO     | energy_stress.ukhls_cor_cvae | Saved figure cvae_sem_alignment_heatmap.png
2026-09-03 05:36:03 | INFO     | energy_stress.plotting | Figure saved → /home/mohsen/project/anticipatory-energy-stress/outputs/ukhls_cor_cvae/figures/cvae_alignment_polar.png
2026-09-03 05:36:03 | INFO     | energy_stress.ukhls_cor_cvae | CVAE-SEM alignment: mean |r| = 0.513 (bar: >=0.40)
2026-09-03 05:36:05 | INFO     | energy_stress.ukhls_cor_cvae | Saved cvae_counterfactual_fes_shift.csv
2026-09-03 05:36:05 | INFO     | energy_stress.ukhls_cor_cvae | Counterfactual FES shift (each household's own fes_current -> its own wave's fes_magnitude, mean=-1.452): mean prob shift=0.0006, mean distance-from-resilient shift=-0.0164 -- SIMULATION on the trained model, not an observation.
2026-09-03 05:36:07 | INFO     | energy_stress.ukhls_cor_cvae | Saved Stage 2c CVAE latent scores: 253913 rows
2026-09-03 05:36:07 | INFO     | energy_stress.ukhls_cor_cvae | Stage 2c (FES-conditioned COR-CVAE) complete.
2026-09-03 05:36:07 | INFO     | energy_stress.household_stream | Stage 2c scores: ['cvae_object_z', 'cvae_condition_z', 'cvae_personal_z', 'cvae_energy_z']
2026-09-03 05:36:07 | INFO     | energy_stress.household_stream | ========================================
2026-09-03 05:36:07 | INFO     | energy_stress.household_stream | STAGE 3: Vulnerability identification (fuzzy c-means + one-class SVM, driver analysis, policy figures)
2026-09-03 05:36:07 | INFO     | energy_stress.household_stream | ========================================
2026-09-03 05:36:26 | INFO     | energy_stress.ukhls_vulnerability_classification | Stage 3: fuzzy c-means...
2026-09-03 05:36:33 | INFO     | energy_stress.ukhls_vulnerability_classification | Fuzzy c-means fit: FPC (partition coefficient) = 0.4739 (n=253913, c=3)
2026-09-03 05:36:33 | INFO     | energy_stress.ukhls_vulnerability_classification | Cluster identification (corr with fuel_to_income_ratio): {'cluster_0': np.float64(0.26739170794906886), 'cluster_1': np.float64(-0.28589888238820726), 'cluster_2': np.float64(-0.013179378302200945)} -> depleted=cluster_0 (r=0.267), resilient=cluster_1 (r=-0.286)
2026-09-03 05:36:33 | INFO     | energy_stress.ukhls_vulnerability_classification | Stage 3: one-class SVM...
2026-09-03 05:36:33 | INFO     | energy_stress.ukhls_vulnerability_classification | One-Class SVM reference group: n=63479 resilient households (ratio<=0.0229, P25)
2026-09-03 05:37:53 | INFO     | energy_stress.ukhls_vulnerability_classification | Stage 3: driver analysis (logistic regression)...
2026-09-03 05:37:57 | INFO     | energy_stress.ukhls_vulnerability_classification | Saved driver_analysis_logistic_regression.csv
2026-09-03 05:37:57 | INFO     | energy_stress.ukhls_vulnerability_classification | Driver analysis (logistic regression, n=103621, pseudo-R2=0.1475):
             predictor     coef  odds_ratio  std_err  p_value  significant      n
financial_strain_score  1.93135      6.8988  0.10372   0.0000         True 103621
          large_family  0.52041      1.6827  0.06204   0.0000         True 103621
       tenure_security  0.44796      1.5651  0.06185   0.0000         True 103621
           health_good  0.31793      1.3743  0.03315   0.0000         True 103621
                hsbeds  0.28328      1.3275  0.01490   0.0000         True 103621
    workless_household  0.21143      1.2354  0.04476   0.0000         True 103621
           lone_parent  0.20105      1.2227  0.04173   0.0000         True 103621
               hsrooms  0.09948      1.1046  0.01199   0.0000         True 103621
             fes_delta  0.01759      1.0177  0.01698   0.3003        False 103621
                 dvage -0.00668      0.9933  0.00112   0.0000         True 103621
                heatch -0.06302      0.9389  0.05375   0.2410        False 103621
              sf1_good -0.18727      0.8292  0.05519   0.0007         True 103621
                 ncars -0.18881      0.8279  0.01433   0.0000         True 103621
         bill_security -0.24651      0.7815  0.07396   0.0009         True 103621
           qfhigh_band -0.69755      0.4978  0.03613   0.0000         True 103621
           ieqmoecd_dv -1.29300      0.2744  0.03319   0.0000         True 103621
       jbstat_security -1.80679      0.1642  0.06493   0.0000         True 103621
2026-09-03 05:37:57 | INFO     | energy_stress.ukhls_vulnerability_classification | Stage 3: validating against the objective fuel_to_income_ratio...
2026-09-03 05:37:58 | INFO     | energy_stress.ukhls_vulnerability_classification | Saved stage3_validation_against_objective_ratio.csv
2026-09-03 05:37:58 | INFO     | energy_stress.ukhls_vulnerability_classification | Stage 3 validation (vs. objective fuel_to_income_ratio):
                 method      n  pearson_r_vs_ratio  spearman_r_vs_ratio  auc_vs_high_fuel_vulnerable
fuzzy_resource_depleted 253913              0.2674               0.3389                       0.7558
 oneclass_anomaly_score 253913              0.1555               0.0149                       0.5666
2026-09-03 05:37:58 | INFO     | energy_stress.ukhls_vulnerability_classification | Stage 3: equivalisation robustness check...
2026-09-03 05:37:58 | INFO     | energy_stress.ukhls_vulnerability_classification | Saved equivalisation_robustness_check_correlations.csv
2026-09-03 05:37:58 | INFO     | energy_stress.ukhls_vulnerability_classification | Saved equivalisation_robustness_check_flips_by_hhsize.csv
2026-09-03 05:37:58 | INFO     | energy_stress.ukhls_vulnerability_classification | Saved figure equivalisation_robustness_check_flips_by_hhsize.png
2026-09-03 05:37:58 | INFO     | energy_stress.ukhls_vulnerability_classification | Equivalisation robustness check: correlations=[{'method': 'fuzzy_resource_depleted', 'n': 253716, 'pearson_r_vs_equivalised_ratio': 0.2107, 'auc_vs_high_fuel_vulnerable_equivalised': 0.6635}, {'method': 'oneclass_anomaly_score', 'n': 253716, 'pearson_r_vs_equivalised_ratio': 0.0783, 'auc_vs_high_fuel_vulnerable_equivalised': 0.495}], flips by household size=[{'hhsize_bucket': '1', 'pct_flipped': 0.0, 'n': 61422}, {'hhsize_bucket': '2', 'pct_flipped': 10.540724752925138, 'n': 88030}, {'hhsize_bucket': '3', 'pct_flipped': 16.600009522449174, 'n': 42006}, {'hhsize_bucket': '4', 'pct_flipped': 22.89697717458359, 'n': 40525}, {'hhsize_bucket': '5+', 'pct_flipped': 42.53305677988074, 'n': 23142}]
2026-09-03 05:37:58 | INFO     | energy_stress.ukhls_vulnerability_classification | Stage 3: policy figures (spread + drivers)...
2026-09-03 05:37:58 | INFO     | energy_stress.ukhls_vulnerability_classification | Saved policy_vulnerability_by_wave.csv
2026-09-03 05:37:58 | INFO     | energy_stress.ukhls_vulnerability_classification | Saved figure policy_vulnerability_by_wave.png
2026-09-03 05:38:04 | INFO     | energy_stress.ukhls_vulnerability_classification | Saved policy_vulnerability_by_region.csv
2026-09-03 05:38:05 | INFO     | energy_stress.ukhls_vulnerability_classification | Saved figure policy_vulnerability_by_region.png
2026-09-03 05:38:14 | INFO     | energy_stress.ukhls_vulnerability_classification | Saved policy_vulnerability_by_ethnicity.csv
2026-09-03 05:38:14 | INFO     | energy_stress.ukhls_vulnerability_classification | Saved figure policy_vulnerability_by_ethnicity.png
2026-09-03 05:38:19 | INFO     | energy_stress.ukhls_vulnerability_classification | Saved policy_vulnerability_by_disability.csv
2026-09-03 05:38:19 | INFO     | energy_stress.ukhls_vulnerability_classification | Saved figure policy_vulnerability_by_disability.png
2026-09-03 05:38:29 | INFO     | energy_stress.ukhls_vulnerability_classification | Saved policy_vulnerability_by_tenure.csv
2026-09-03 05:38:29 | INFO     | energy_stress.ukhls_vulnerability_classification | Saved figure policy_vulnerability_by_tenure.png
2026-09-03 05:38:33 | INFO     | energy_stress.ukhls_vulnerability_classification | Saved policy_vulnerability_by_family_composition.csv
2026-09-03 05:38:33 | INFO     | energy_stress.ukhls_vulnerability_classification | Saved figure policy_vulnerability_by_family_composition.png
2026-09-03 05:38:42 | INFO     | energy_stress.ukhls_vulnerability_classification | Saved policy_vulnerability_by_employment.csv
2026-09-03 05:38:42 | INFO     | energy_stress.ukhls_vulnerability_classification | Saved figure policy_vulnerability_by_employment.png
2026-09-03 05:38:53 | INFO     | energy_stress.ukhls_vulnerability_classification | Saved policy_vulnerability_region_year_heatmap.csv
2026-09-03 05:38:53 | INFO     | energy_stress.ukhls_vulnerability_classification | Saved figure policy_vulnerability_region_year_heatmap.png
2026-09-03 05:39:05 | INFO     | energy_stress.ukhls_vulnerability_classification | Saved policy_vulnerability_by_fes_tier.csv
2026-09-03 05:39:05 | INFO     | energy_stress.ukhls_vulnerability_classification | Saved figure policy_vulnerability_by_fes_tier.png
2026-09-03 05:39:06 | INFO     | energy_stress.ukhls_vulnerability_classification | Saved figure policy_driver_odds_ratios.png
2026-09-03 05:39:06 | INFO     | energy_stress.ukhls_vulnerability_classification | Stage 3: real UK region maps (vulnerability, resource, strain)...
2026-09-03 05:39:12 | INFO     | energy_stress.ukhls_geo_maps | Saved choropleth policy_vulnerability_by_region_map (12/12 regions matched)
2026-09-03 05:39:13 | INFO     | energy_stress.ukhls_geo_maps | Saved choropleth policy_map_baseline_resource_by_region (12/12 regions matched)
2026-09-03 05:39:13 | INFO     | energy_stress.ukhls_geo_maps | Saved choropleth policy_map_financial_strain_by_region (12/12 regions matched)
2026-09-03 05:39:13 | INFO     | energy_stress.ukhls_vulnerability_classification | Stage 3: additional policy-analysis angles (temporal change, regional drivers)...
2026-09-03 05:39:19 | INFO     | energy_stress.ukhls_vulnerability_classification | Saved policy_temporal_change_by_region.csv
2026-09-03 05:39:20 | INFO     | energy_stress.ukhls_geo_maps | Saved choropleth policy_temporal_change_map (12/12 regions matched)
2026-09-03 05:39:38 | INFO     | energy_stress.ukhls_vulnerability_classification | Saved driver_analysis_by_region.csv
2026-09-03 05:39:39 | INFO     | energy_stress.ukhls_vulnerability_classification | Saved figure driver_analysis_by_region.png
2026-09-03 05:39:41 | INFO     | energy_stress.ukhls_vulnerability_classification | Saved Stage 3 vulnerability scores: 339201 rows
2026-09-03 05:39:41 | INFO     | energy_stress.ukhls_vulnerability_classification | Stage 3 (vulnerability identification + policy figures) complete.
2026-09-03 05:39:42 | INFO     | energy_stress.household_stream | ========================================
2026-09-03 05:39:42 | INFO     | energy_stress.household_stream | STAGE 4: Policy geography maps (real UK region boundaries: hotspot / fuzzy membership / vulnerability shift)
2026-09-03 05:39:42 | INFO     | energy_stress.household_stream | ========================================
2026-09-03 05:39:42 | INFO     | energy_stress.ukhls_policy_maps | Stage 4: Map 1 (resource-to-stress hotspot)...
2026-09-03 05:39:42 | INFO     | energy_stress.ukhls_policy_maps | Saved map1_resource_stress_hotspot.csv
2026-09-03 05:39:43 | INFO     | energy_stress.ukhls_policy_maps | Saved figure policy_map1_resource_stress_hotspot.png
2026-09-03 05:39:43 | INFO     | energy_stress.ukhls_policy_maps | Stage 4: Map 2 (fuzzy membership)...
2026-09-03 05:39:43 | INFO     | energy_stress.ukhls_geo_maps | Saved choropleth policy_map2_fuzzy_membership (12/12 regions matched)
2026-09-03 05:39:43 | INFO     | energy_stress.ukhls_policy_maps | Stage 4: Map 3 (vulnerability vector shift)...
2026-09-03 05:39:43 | INFO     | energy_stress.ukhls_policy_maps | Saved map3_vulnerability_vector_shift.csv
2026-09-03 05:39:44 | INFO     | energy_stress.ukhls_policy_maps | Saved figure policy_map3_vulnerability_vector_shift.png
2026-09-03 05:39:44 | INFO     | energy_stress.ukhls_policy_maps | Stage 4 (policy geography maps) complete.
2026-09-03 05:39:44 | INFO     | energy_stress.household_stream | ========================================
2026-09-03 05:39:44 | INFO     | energy_stress.household_stream | STAGE 5: Forward vulnerability prediction (hrpid-linked wave transitions, 2009-2024 -> next-year prediction)
2026-09-03 05:39:44 | INFO     | energy_stress.household_stream | ========================================
2026-09-03 05:39:56 | INFO     | energy_stress.ukhls_forward_prediction | Stage 5 features: ['object_score', 'condition_score', 'personal_score', 'energy_score', 'financial_strain_score', 'dvage', 'heatch', 'lone_parent', 'large_family', 'workless_household', 'fes_magnitude']
2026-09-03 05:39:56 | INFO     | energy_stress.ukhls_forward_prediction | Stage 5: building hrpid-linked wave-to-wave transition pairs...
2026-09-03 05:39:56 | INFO     | energy_stress.ukhls_forward_prediction | Transition a->b: 21886/30169 wave-a households linked via hrpid (72.5%)
2026-09-03 05:39:56 | INFO     | energy_stress.ukhls_forward_prediction | Transition b->c: 24404/30484 wave-b households linked via hrpid (80.1%)
2026-09-03 05:39:57 | INFO     | energy_stress.ukhls_forward_prediction | Transition c->d: 22961/27751 wave-c households linked via hrpid (82.7%)
2026-09-03 05:39:57 | INFO     | energy_stress.ukhls_forward_prediction | Transition d->e: 22034/25817 wave-d households linked via hrpid (85.3%)
2026-09-03 05:39:57 | INFO     | energy_stress.ukhls_forward_prediction | Transition e->f: 19771/24325 wave-e households linked via hrpid (81.3%)
2026-09-03 05:39:57 | INFO     | energy_stress.ukhls_forward_prediction | Transition f->g: 20001/24452 wave-f households linked via hrpid (81.8%)
2026-09-03 05:39:57 | INFO     | energy_stress.ukhls_forward_prediction | Transition g->h: 19288/23033 wave-g households linked via hrpid (83.7%)
2026-09-03 05:39:57 | INFO     | energy_stress.ukhls_forward_prediction | Transition h->i: 17954/21746 wave-h households linked via hrpid (82.6%)
2026-09-03 05:39:57 | INFO     | energy_stress.ukhls_forward_prediction | Transition i->j: 17083/20048 wave-i households linked via hrpid (85.2%)
2026-09-03 05:39:57 | INFO     | energy_stress.ukhls_forward_prediction | Transition j->k: 16234/19252 wave-j households linked via hrpid (84.3%)
2026-09-03 05:39:57 | INFO     | energy_stress.ukhls_forward_prediction | Transition k->l: 15021/18139 wave-k households linked via hrpid (82.8%)
2026-09-03 05:39:57 | INFO     | energy_stress.ukhls_forward_prediction | Transition l->m: 14253/16856 wave-l households linked via hrpid (84.6%)
2026-09-03 05:39:57 | INFO     | energy_stress.ukhls_forward_prediction | Transition m->n: 13725/16156 wave-m households linked via hrpid (85.0%)
2026-09-03 05:39:57 | INFO     | energy_stress.ukhls_forward_prediction | Transition n->o: 17144/21385 wave-n households linked via hrpid (80.2%)
2026-09-03 05:40:03 | INFO     | energy_stress.ukhls_forward_prediction | Saved stage5_transition_pairs.csv
2026-09-03 05:40:03 | INFO     | energy_stress.ukhls_forward_prediction | Stage 5: 261759 linked household transition rows across 14 wave-pairs
2026-09-03 05:40:03 | INFO     | energy_stress.ukhls_forward_prediction | Stage 5: walk-forward validation (train on earlier waves, hold out the 2 most recent known transitions)...
2026-09-03 05:40:04 | INFO     | energy_stress.ukhls_forward_prediction | Saved stage5_validation_metrics.csv
2026-09-03 05:40:04 | INFO     | energy_stress.ukhls_forward_prediction | Stage 5 walk-forward validation (held out m->n, n->o): AUC=0.7604, Pearson r=0.2695, n_train=177408, n_val=21161
2026-09-03 05:40:04 | INFO     | energy_stress.ukhls_forward_prediction | Saved figure stage5_validation_roc.png
2026-09-03 05:40:04 | INFO     | energy_stress.ukhls_forward_prediction | Stage 5: refitting on all known transitions and scoring the latest wave...
2026-09-03 05:40:05 | INFO     | energy_stress.ukhls_forward_prediction | Saved stage5_driver_coefficients.csv
2026-09-03 05:40:06 | INFO     | energy_stress.ukhls_forward_prediction | Saved stage5_forward_predictions.csv
2026-09-03 05:40:06 | INFO     | energy_stress.ukhls_forward_prediction | Stage 5: scored 19140/19586 wave-o households for their own next interview year (mean predicted probability=0.0683, 446 could not be scored -- missing features)
2026-09-03 05:40:06 | INFO     | energy_stress.ukhls_forward_prediction | Stage 5: forward-prediction policy figures...
2026-09-03 05:40:06 | INFO     | energy_stress.ukhls_geo_maps | Saved choropleth stage5_forward_prediction_map (12/12 regions matched)
2026-09-03 05:40:06 | INFO     | energy_stress.ukhls_forward_prediction | Saved stage5_forward_prediction_by_month.csv
2026-09-03 05:40:06 | INFO     | energy_stress.ukhls_forward_prediction | Saved figure stage5_forward_prediction_by_month.png
2026-09-03 05:40:06 | INFO     | energy_stress.ukhls_forward_prediction | Stage 5 (forward vulnerability prediction) complete.
2026-09-03 05:40:57 | INFO     | energy_stress.household_stream | Saved merged UKHLS panel + latent scores: ukhls_panel.csv (339201 rows, 95 columns)
2026-09-03 10:41:54 | INFO     | energy_stress.forecast_pipeline | ========================================
2026-09-03 10:41:54 | INFO     | energy_stress.forecast_pipeline | STAGE 4: FES computation — using existing forecast CSVs
2026-09-03 10:41:54 | INFO     | energy_stress.forecast_pipeline | ========================================
2026-09-03 10:41:54 | INFO     | energy_stress.forecast_pipeline | Loaded ranked metrics from outputs/tables/model_metrics_comparison.csv (24 rows)
2026-09-03 10:41:54 | INFO     | energy_stress.forecast_pipeline | --fes-only: inferred forecast window 2025-01-01..2025-12-01 from existing CSVs (refit_end=2024-12-01)
2026-09-03 10:41:55 | INFO     | energy_stress.fes | Best models selected:
2026-09-03 10:41:55 | INFO     | energy_stress.fes |   [carbon][core] → TFT
2026-09-03 10:41:55 | INFO     | energy_stress.fes |   [carbon][macro] → LSTM
2026-09-03 10:41:55 | INFO     | energy_stress.fes |   [electricity][core] → LSTM
2026-09-03 10:41:55 | INFO     | energy_stress.fes |   [electricity][macro] → LSTM
2026-09-03 10:41:55 | INFO     | energy_stress.fes |   [gas][core] → LSTM
2026-09-03 10:41:55 | INFO     | energy_stress.fes |   [gas][macro] → SARIMA
2026-09-03 10:41:55 | INFO     | energy_stress.fes | Per-series mode selected for FES_selected (by RMSE): {'gas': 'core', 'electricity': 'core', 'carbon': 'macro'}
2026-09-03 10:41:55 | INFO     | energy_stress.fes | FES_Weighted series weights (inverse validation-RMSE, normalized to mean 1.0): {'gas': 1.193133022133851, 'electricity': 1.1006160377876515, 'carbon': 0.7062509400784975}
2026-09-03 10:41:55 | INFO     | energy_stress.fes | [gas] train μ=9.8469, σ=30.5843 | unc_ref μ=10.8311, σ=13.4077
2026-09-03 10:41:55 | INFO     | energy_stress.fes | [electricity] train μ=8.1601, σ=15.8659 | unc_ref μ=6.2370, σ=6.3254
2026-09-03 10:41:55 | INFO     | energy_stress.fes | [carbon] train μ=5.7961, σ=154.2487 | unc_ref μ=60.7339, σ=97.7137
2026-09-03 10:41:55 | INFO     | energy_stress.fes | [actual real-vol] train μ=0.4649, σ=0.4370
2026-09-03 10:41:55 | INFO     | energy_stress.fes | Monthly FES saved → outputs/fes/fes_monthly_2025.csv
2026-09-03 10:41:55 | INFO     | energy_stress.fes | [gas] train μ=11.7698, σ=30.2056 | unc_ref μ=10.1990, σ=12.9773
2026-09-03 10:41:55 | INFO     | energy_stress.fes | [electricity] train μ=9.4676, σ=15.2322 | unc_ref μ=5.9154, σ=6.1036
2026-09-03 10:41:55 | INFO     | energy_stress.fes | [carbon] train μ=7.4441, σ=158.3806 | unc_ref μ=63.1782, σ=99.9694
2026-09-03 10:41:55 | INFO     | energy_stress.fes | [actual real-vol] train μ=0.4702, σ=0.4354
2026-09-03 10:41:55 | INFO     | energy_stress.fes | FES_actual, prior year 2024 (baseline for FES_selected's 2025 forecast): mean=-2.69529 -> outputs/fes/fes_prior_actual_2024.csv
2026-09-03 10:41:56 | INFO     | energy_stress.fes | FES comparison metrics saved → outputs/fes/fes_comparison_metrics.csv  (12 rows)
2026-09-03 10:41:56 | INFO     | energy_stress.fes | Best RMSE per variant:
FES_variant
Equal_Core        0.37292
Equal_Macro       2.30296
Equal_Selected    0.33203
Equal_Weighted    0.41105
2026-09-03 10:41:56 | INFO     | energy_stress.fes | FES summary saved → outputs/fes/fes_summary_2025.csv
2026-09-03 10:41:56 | INFO     | energy_stress.fes | FES components table saved → outputs/fes/fes_components_table.csv
2026-09-03 10:41:56 | INFO     | energy_stress.fes | Figure saved → outputs/figures/fes_monthly_2025.png
2026-09-03 10:41:57 | INFO     | energy_stress.fes | Figure saved → outputs/figures/fes_components_2025.png
2026-09-03 10:41:58 | INFO     | energy_stress.fes | Figure saved → outputs/figures/forecast_vs_actual_all_series.png
2026-09-03 10:41:58 | INFO     | energy_stress.fes | Figure saved → outputs/figures/forecast_vs_actual_gas.png
2026-09-03 10:41:59 | INFO     | energy_stress.fes | Figure saved → outputs/figures/forecast_vs_actual_electricity.png
2026-09-03 10:41:59 | INFO     | energy_stress.fes | Figure saved → outputs/figures/forecast_vs_actual_carbon.png
2026-09-03 10:41:59 | INFO     | energy_stress.fes | Figure saved → outputs/figures/fes_metrics_rmse_heatmap.png
2026-09-03 10:42:00 | INFO     | energy_stress.fes | Figure saved → outputs/figures/fes_metrics_pearson_r_heatmap.png
2026-09-03 10:42:00 | INFO     | energy_stress.plotting | Figure saved → outputs/figures/model_ranking_polar_gas_core.png
2026-09-03 10:42:00 | INFO     | energy_stress.plotting | Figure saved → outputs/figures/model_ranking_polar_gas_macro.png
2026-09-03 10:42:01 | INFO     | energy_stress.plotting | Figure saved → outputs/figures/model_ranking_polar_electricity_core.png
2026-09-03 10:42:01 | INFO     | energy_stress.plotting | Figure saved → outputs/figures/model_ranking_polar_electricity_macro.png
2026-09-03 10:42:02 | INFO     | energy_stress.plotting | Figure saved → outputs/figures/model_ranking_polar_carbon_core.png
2026-09-03 10:42:02 | INFO     | energy_stress.plotting | Figure saved → outputs/figures/model_ranking_polar_carbon_macro.png
2026-09-03 10:42:04 | INFO     | energy_stress.plotting | Figure saved → outputs/figures/prediction_intervals_2025.png
2026-09-03 10:42:04 | INFO     | energy_stress.plotting | Figure saved → outputs/figures/forecast_comparison_gas_core.png
2026-09-03 10:42:05 | INFO     | energy_stress.plotting | Figure saved → outputs/figures/forecast_comparison_gas_macro.png
2026-09-03 10:42:05 | INFO     | energy_stress.plotting | Figure saved → outputs/figures/forecast_comparison_electricity_core.png
2026-09-03 10:42:06 | INFO     | energy_stress.plotting | Figure saved → outputs/figures/forecast_comparison_electricity_macro.png
2026-09-03 10:42:06 | INFO     | energy_stress.plotting | Figure saved → outputs/figures/forecast_comparison_carbon_core.png
2026-09-03 10:42:06 | INFO     | energy_stress.plotting | Figure saved → outputs/figures/forecast_comparison_carbon_macro.png
2026-09-03 10:42:06 | INFO     | energy_stress.fes | Static target-year comparison figures complete
2026-09-03 10:42:07 | INFO     | energy_stress.plotting | Interactive figure saved → outputs/figures/interactive_gas_core.html
2026-09-03 10:42:07 | INFO     | energy_stress.plotting | Interactive figure saved → outputs/figures/interactive_gas_macro.html
2026-09-03 10:42:07 | INFO     | energy_stress.plotting | Interactive figure saved → outputs/figures/interactive_electricity_core.html
2026-09-03 10:42:07 | INFO     | energy_stress.plotting | Interactive figure saved → outputs/figures/interactive_electricity_macro.html
2026-09-03 10:42:07 | INFO     | energy_stress.plotting | Interactive figure saved → outputs/figures/interactive_carbon_core.html
2026-09-03 10:42:07 | INFO     | energy_stress.plotting | Interactive figure saved → outputs/figures/interactive_carbon_macro.html
2026-09-03 10:42:07 | INFO     | energy_stress.fes | Interactive timeline figures complete
2026-09-03 10:42:07 | INFO     | energy_stress.household_stream | ========================================
2026-09-03 10:42:07 | INFO     | energy_stress.household_stream | STAGE 2a: Build UKHLS household-wave panel (15 waves, fuel-to-income target, realised price context)
2026-09-03 10:42:07 | INFO     | energy_stress.household_stream | ========================================
2026-09-03 10:42:07 | INFO     | energy_stress.ukhls_preprocessing | Building UKHLS household-wave panel (waves: ['a', 'b', 'c', 'd', 'e', 'f', 'g', 'h', 'i', 'j', 'k', 'l', 'm', 'n', 'o'])
2026-09-03 10:42:07 | DEBUG    | energy_stress.ukhls_preprocessing | wave a hhresp: 11 requested vars absent (['a_carval', 'a_duelpay', 'a_elecpay', 'a_htpmp', 'a_inoutflows1'])
2026-09-03 10:42:24 | INFO     | energy_stress.ukhls_preprocessing | wave a: 50994 respondents -> 30035 households (individual aggregation)
2026-09-03 10:42:43 | DEBUG    | energy_stress.ukhls_preprocessing | wave b hhresp: 10 requested vars absent (['b_duelpay', 'b_elecpay', 'b_htpmp', 'b_inoutflows1', 'b_inoutflows10'])
2026-09-03 10:42:56 | INFO     | energy_stress.ukhls_preprocessing | wave b: 54568 respondents -> 30453 households (individual aggregation)
2026-09-03 10:43:06 | DEBUG    | energy_stress.ukhls_preprocessing | wave c hhresp: 8 requested vars absent (['c_htpmp', 'c_inoutflows1', 'c_inoutflows10', 'c_inoutflows12', 'c_inoutflows2'])
2026-09-03 10:43:27 | INFO     | energy_stress.ukhls_preprocessing | wave c: 49692 respondents -> 27704 households (individual aggregation)
2026-09-03 10:43:48 | DEBUG    | energy_stress.ukhls_preprocessing | wave d hhresp: 8 requested vars absent (['d_htpmp', 'd_inoutflows1', 'd_inoutflows10', 'd_inoutflows12', 'd_inoutflows2'])
2026-09-03 10:43:56 | INFO     | energy_stress.ukhls_preprocessing | wave d: 47074 respondents -> 25774 households (individual aggregation)
2026-09-03 10:44:01 | DEBUG    | energy_stress.ukhls_preprocessing | wave e hhresp: 8 requested vars absent (['e_htpmp', 'e_inoutflows1', 'e_inoutflows10', 'e_inoutflows12', 'e_inoutflows2'])
2026-09-03 10:44:09 | INFO     | energy_stress.ukhls_preprocessing | wave e: 44837 respondents -> 24288 households (individual aggregation)
2026-09-03 10:44:14 | DEBUG    | energy_stress.ukhls_preprocessing | wave f hhresp: 7 requested vars absent (['f_htpmp', 'f_inoutflows1', 'f_inoutflows10', 'f_inoutflows12', 'f_inoutflows2'])
2026-09-03 10:44:20 | INFO     | energy_stress.ukhls_preprocessing | wave f: 45192 respondents -> 24811 households (individual aggregation)
2026-09-03 10:44:24 | DEBUG    | energy_stress.ukhls_preprocessing | wave g hhresp: 7 requested vars absent (['g_htpmp', 'g_inoutflows1', 'g_inoutflows10', 'g_inoutflows12', 'g_inoutflows2'])
2026-09-03 10:44:29 | INFO     | energy_stress.ukhls_preprocessing | wave g: 42170 respondents -> 23159 households (individual aggregation)
2026-09-03 10:44:33 | DEBUG    | energy_stress.ukhls_preprocessing | wave h hhresp: 7 requested vars absent (['h_htpmp', 'h_inoutflows1', 'h_inoutflows10', 'h_inoutflows12', 'h_inoutflows2'])
2026-09-03 10:44:36 | INFO     | energy_stress.ukhls_preprocessing | wave h: 39294 respondents -> 21999 households (individual aggregation)
2026-09-03 10:44:40 | DEBUG    | energy_stress.ukhls_preprocessing | wave i hhresp: 7 requested vars absent (['i_htpmp', 'i_inoutflows1', 'i_inoutflows10', 'i_inoutflows12', 'i_inoutflows2'])
2026-09-03 10:44:46 | INFO     | energy_stress.ukhls_preprocessing | wave i: 36058 respondents -> 20511 households (individual aggregation)
2026-09-03 10:44:51 | DEBUG    | energy_stress.ukhls_preprocessing | wave j hhresp: 7 requested vars absent (['j_htpmp', 'j_inoutflows1', 'j_inoutflows10', 'j_inoutflows12', 'j_inoutflows2'])
2026-09-03 10:44:54 | INFO     | energy_stress.ukhls_preprocessing | wave j: 34319 respondents -> 19657 households (individual aggregation)
2026-09-03 10:44:58 | DEBUG    | energy_stress.ukhls_preprocessing | wave k hhresp: 7 requested vars absent (['k_htpmp', 'k_inoutflows1', 'k_inoutflows10', 'k_inoutflows12', 'k_inoutflows2'])
2026-09-03 10:45:04 | INFO     | energy_stress.ukhls_preprocessing | wave k: 32008 respondents -> 18508 households (individual aggregation)
2026-09-03 10:45:09 | DEBUG    | energy_stress.ukhls_preprocessing | wave l hhresp: 7 requested vars absent (['l_htpmp', 'l_inoutflows1', 'l_inoutflows10', 'l_inoutflows12', 'l_inoutflows2'])
2026-09-03 10:45:12 | INFO     | energy_stress.ukhls_preprocessing | wave l: 29271 respondents -> 17302 households (individual aggregation)
2026-09-03 10:45:17 | DEBUG    | energy_stress.ukhls_preprocessing | wave m hhresp: 2 requested vars absent (['m_htpmp', 'm_inoutflows12'])
2026-09-03 10:45:22 | INFO     | energy_stress.ukhls_preprocessing | wave m: 27998 respondents -> 16566 households (individual aggregation)
2026-09-03 10:45:27 | DEBUG    | energy_stress.ukhls_preprocessing | wave n hhresp: 2 requested vars absent (['n_htpmp', 'n_inoutflows12'])
2026-09-03 10:45:33 | INFO     | energy_stress.ukhls_preprocessing | wave n: 35471 respondents -> 21920 households (individual aggregation)
2026-09-03 10:45:44 | INFO     | energy_stress.ukhls_preprocessing | wave o: 32849 respondents -> 19719 households (individual aggregation)
2026-09-03 10:45:50 | INFO     | energy_stress.ukhls_preprocessing | Full panel: 339201 household-wave rows across 15 waves
2026-09-03 10:45:50 | INFO     | energy_stress.ukhls_preprocessing | fuel_to_income_ratio: capping 85 rows (0.03%) at 1.0 (uncapped max was 3.0)
2026-09-03 10:45:50 | INFO     | energy_stress.ukhls_preprocessing | fuel_to_income_ratio: 255324/339201 valid (75.3%)
2026-09-03 10:45:50 | INFO     | energy_stress.ukhls_preprocessing | high_fuel_vulnerable (ratio>=10%): 20258/255324 (7.9%)
2026-09-03 10:45:50 | INFO     | energy_stress.ukhls_preprocessing | fuel_to_income_ratio_equivalised: 255125/339201 valid (75.2%)
2026-09-03 10:45:50 | INFO     | energy_stress.ukhls_preprocessing | Core price series covers 2006-2026 (monthly resolution)
2026-09-03 10:45:58 | INFO     | energy_stress.ukhls_preprocessing | Price context: 339201/339201 rows matched at month resolution, 0 additional rows fell back to their interview year's annual mean
2026-09-03 10:45:58 | WARNING  | energy_stress.ukhls_preprocessing | Rolling FES table not found (/home/mohsen/project/anticipatory-energy-stress/outputs/fes/fes_rolling_yearly.csv) -- falling back to a single constant FES Magnitude from fes_monthly_2025.csv (column=fes_selected). Run forecast_pipeline.run_rolling() for a genuinely year-varying signal.
2026-09-03 10:45:58 | INFO     | energy_stress.ukhls_preprocessing | FES actual, prior year baseline attached from fes_prior_actual_2024.csv: mean=-2.6953
2026-09-03 10:45:58 | INFO     | energy_stress.ukhls_preprocessing | FES magnitude range [-1.4525, -1.4525] (unique values=1) | fes_current range [-3.6966, 8.0355] | fes_delta range [-9.4880, 2.2442] (339201/339201 rows valid) | fes_actual_prior_year=-2.6953
2026-09-03 10:46:20 | INFO     | energy_stress.ukhls_preprocessing | Saved UKHLS panel: ukhls_panel.csv (339201 rows, 86 columns)
2026-09-03 10:46:20 | INFO     | energy_stress.household_stream | Stage 2a complete — 339201 household-wave rows, 86 columns
2026-09-03 10:46:20 | INFO     | energy_stress.household_stream | ========================================
2026-09-03 10:46:20 | INFO     | energy_stress.household_stream | STAGE 2a-overview: Dataset overview (panel composition, missingness, key distributions)
2026-09-03 10:46:20 | INFO     | energy_stress.household_stream | ========================================
2026-09-03 10:46:20 | INFO     | energy_stress.ukhls_dataset_overview | Dataset overview: panel composition, missingness, key distributions...
2026-09-03 10:46:20 | INFO     | energy_stress.ukhls_dataset_overview | Saved dataset_rows_by_wave.csv
2026-09-03 10:46:21 | INFO     | energy_stress.ukhls_dataset_overview | Saved figure dataset_panel_composition.png
2026-09-03 10:46:25 | INFO     | energy_stress.ukhls_dataset_overview | Saved dataset_rows_by_region.csv
2026-09-03 10:46:26 | INFO     | energy_stress.ukhls_geo_maps | Saved choropleth dataset_sample_size_by_region (12/12 regions matched)
2026-09-03 10:46:31 | INFO     | energy_stress.ukhls_dataset_overview | Saved dataset_rows_by_year.csv
2026-09-03 10:46:32 | INFO     | energy_stress.ukhls_dataset_overview | Saved figure dataset_rows_by_year.png
2026-09-03 10:46:32 | INFO     | energy_stress.ukhls_dataset_overview | Saved dataset_missingness_by_variable.csv
2026-09-03 10:46:33 | INFO     | energy_stress.ukhls_dataset_overview | Saved figure dataset_missingness.png
2026-09-03 10:46:35 | INFO     | energy_stress.ukhls_dataset_overview | Saved figure dataset_key_distributions.png
2026-09-03 10:46:35 | INFO     | energy_stress.ukhls_dataset_overview | Dataset overview figures saved -> /home/mohsen/project/anticipatory-energy-stress/outputs/ukhls_dataset_overview/figures
2026-09-03 10:46:35 | INFO     | energy_stress.household_stream | ========================================
2026-09-03 10:46:35 | INFO     | energy_stress.household_stream | STAGE 2b: COR-SEM (Object/Condition/Personal/Energy -> Baseline Resource Stock -> FES moderation)
2026-09-03 10:46:35 | INFO     | energy_stress.household_stream | ========================================
2026-09-03 10:46:40 | INFO     | energy_stress.ukhls_cor_sem | COR-SEM measurement spec:
OBJECT =~ hsrooms + hsbeds + ncars + carval + hsval
CONDITION =~ tenure_security + jbstat_security + bill_security
PERSONAL =~ health_good + sf1_good + qfhigh_band
ENERGY =~ fihhmnnet1_dv + fiyrinvinc_dv
2026-09-03 10:46:40 | INFO     | energy_stress.ukhls_cor_sem | Fitting via FIML (handles structural missingness on hsval/carval/inoutflows*) — n=339201 rows, 13 indicators
2026-09-03 10:46:40 | WARNING  | energy_stress.ukhls_cor_sem | Dropping 1 row(s) with no observed values across any of the 13 CFA indicators before FIML fit -- these carry zero information for FIML and otherwise degenerate into a 0x0 per-pattern covariance submatrix (semopy repeatedly logs 'DPOTRI ... illegal value' from LAPACK, once per optimizer iteration, without affecting the fit).
2026-09-03 10:47:26 | INFO     | energy_stress.ukhls_cor_sem | Saved cor_sem_measurement_loadings.csv
2026-09-03 10:47:33 | INFO     | energy_stress.ukhls_cor_sem | Saved cor_sem_fit_indices.csv
2026-09-03 10:47:33 | INFO     | energy_stress.ukhls_cor_sem | COR-SEM fit: CFI=-0.42574 TLI=-0.88488 RMSEA=0.0 SRMR=0.07858 (DoF=59.0)
2026-09-03 10:47:33 | WARNING  | energy_stress.ukhls_cor_sem | CFI/TLI outside [0,1] — this is a known semopy FIML fit-statistic computation limitation (verified against a complete-case MLW comparison, see module docstring), not evidence of measurement-model misspecification. Read the loadings and the FES-moderation test as the primary evidence.
2026-09-03 10:47:34 | INFO     | energy_stress.ukhls_cor_sem | Saved figure cor_sem_loadings.png
2026-09-03 10:47:34 | INFO     | energy_stress.plotting | Figure saved → /home/mohsen/project/anticipatory-energy-stress/outputs/ukhls_cor_sem/figures/cor_sem_loadings_polar.png
2026-09-03 10:48:38 | INFO     | energy_stress.ukhls_cor_sem | Saved structural_paths_baseline.csv
2026-09-03 10:48:38 | INFO     | energy_stress.ukhls_cor_sem | Saved structural_fit_indices_baseline.csv
2026-09-03 10:48:38 | INFO     | energy_stress.ukhls_cor_sem | Saved figure structural_paths_baseline.png
2026-09-03 10:48:46 | INFO     | energy_stress.sem_mediation | [OLS COR-SEM: BASELINE x FES Delta -> fuel_to_income_ratio] R²=0.136  n=255324
2026-09-03 10:48:46 | INFO     | energy_stress.ukhls_cor_sem | Saved fes_moderation_path.csv
2026-09-03 10:48:46 | INFO     | energy_stress.ukhls_cor_sem | FES moderation: baseline_x_fes coef=-0.00025 p=0.0207 -> CONSISTENT with COR (expected: negative & significant)
2026-09-03 10:48:48 | INFO     | energy_stress.ukhls_cor_sem | Saved COR-SEM factor scores: 339201 rows
2026-09-03 10:48:48 | INFO     | energy_stress.ukhls_cor_sem | COR-SEM (Stage 2b) complete.
2026-09-03 10:48:48 | INFO     | energy_stress.household_stream | Stage 2b scores: ['object_score', 'condition_score', 'personal_score', 'energy_score', 'baseline_resource_score']
2026-09-03 10:48:48 | INFO     | energy_stress.household_stream | ========================================
2026-09-03 10:48:48 | INFO     | energy_stress.household_stream | STAGE 2c: FES-conditioned COR-CVAE (COR-aligned latent space, counterfactual FES scenario query)
2026-09-03 10:48:48 | INFO     | energy_stress.household_stream | ========================================
2026-09-03 10:48:58 | INFO     | energy_stress.ukhls_cor_cvae | Median-imputing 495751 missing item values for CVAE input (SEM handles this natively via FIML; the VAE needs a complete numeric matrix)
2026-09-03 10:48:58 | INFO     | energy_stress.ukhls_cor_cvae | Stage 2c (CVAE) input: n=253913 complete-case rows (253913 households), 13 items -- 203130 train rows / 50783 val rows, split by household
2026-09-03 10:48:58 | INFO     | energy_stress.ukhls_cor_cvae | Training FES-conditioned COR-CVAE (n=253913, epochs<=300)...
2026-09-03 10:51:28 | INFO     | energy_stress.ukhls_cor_cvae | CVAE trained (300 epochs) | recon_MSE=0.99207  KL=0.12173  align_loss=0.24174  BCE=0.35690
2026-09-03 10:51:29 | INFO     | energy_stress.ukhls_cor_cvae | Saved figure cvae_training_curves.png
2026-09-03 10:51:29 | INFO     | energy_stress.ukhls_cor_cvae | Saved cvae_training_history.csv
2026-09-03 10:51:33 | INFO     | energy_stress.ukhls_cor_cvae | Saved cvae_sem_alignment.csv
2026-09-03 10:51:33 | INFO     | energy_stress.ukhls_cor_cvae | Saved figure cvae_sem_alignment_heatmap.png
2026-09-03 10:51:34 | INFO     | energy_stress.plotting | Figure saved → /home/mohsen/project/anticipatory-energy-stress/outputs/ukhls_cor_cvae/figures/cvae_alignment_polar.png
2026-09-03 10:51:34 | INFO     | energy_stress.ukhls_cor_cvae | CVAE-SEM alignment: mean |r| = 0.522 (bar: >=0.40)
2026-09-03 10:51:49 | INFO     | energy_stress.ukhls_cor_cvae | Saved cvae_counterfactual_fes_shift.csv
2026-09-03 10:51:49 | INFO     | energy_stress.ukhls_cor_cvae | Counterfactual FES shift (each household's own fes_current -> its own wave's fes_magnitude, mean=-1.452): mean prob shift=-0.0002, mean distance-from-resilient shift=-0.0003 -- SIMULATION on the trained model, not an observation.
2026-09-03 10:51:51 | INFO     | energy_stress.ukhls_cor_cvae | Saved Stage 2c CVAE latent scores: 253913 rows
2026-09-03 10:51:51 | INFO     | energy_stress.ukhls_cor_cvae | Stage 2c (FES-conditioned COR-CVAE) complete.
2026-09-03 10:51:51 | INFO     | energy_stress.household_stream | Stage 2c scores: ['cvae_object_z', 'cvae_condition_z', 'cvae_personal_z', 'cvae_energy_z']
2026-09-03 10:51:51 | INFO     | energy_stress.household_stream | ========================================
2026-09-03 10:51:51 | INFO     | energy_stress.household_stream | STAGE 3: Vulnerability identification (fuzzy c-means + one-class SVM, driver analysis, policy figures)
2026-09-03 10:51:51 | INFO     | energy_stress.household_stream | ========================================
2026-09-03 10:52:18 | INFO     | energy_stress.ukhls_vulnerability_classification | Stage 3: fuzzy c-means...
2026-09-03 10:52:24 | INFO     | energy_stress.ukhls_vulnerability_classification | Fuzzy c-means fit: FPC (partition coefficient) = 0.4622 (n=253913, c=3)
2026-09-03 10:52:24 | INFO     | energy_stress.ukhls_vulnerability_classification | Cluster identification (corr with fuel_to_income_ratio): {'cluster_0': np.float64(0.26196030196478287), 'cluster_1': np.float64(-0.24620217266666233), 'cluster_2': np.float64(-0.034087307253744537)} -> depleted=cluster_0 (r=0.262), resilient=cluster_1 (r=-0.246)
2026-09-03 10:52:24 | INFO     | energy_stress.ukhls_vulnerability_classification | Stage 3: one-class SVM...
2026-09-03 10:52:24 | INFO     | energy_stress.ukhls_vulnerability_classification | One-Class SVM reference group: n=63479 resilient households (ratio<=0.0229, P25)
2026-09-03 10:53:30 | INFO     | energy_stress.ukhls_vulnerability_classification | Stage 3: driver analysis (logistic regression)...
2026-09-03 10:53:34 | INFO     | energy_stress.ukhls_vulnerability_classification | Saved driver_analysis_logistic_regression.csv
2026-09-03 10:53:34 | INFO     | energy_stress.ukhls_vulnerability_classification | Driver analysis (logistic regression, n=103621, pseudo-R2=0.1475):
             predictor     coef  odds_ratio  std_err  p_value  significant      n
financial_strain_score  1.93135      6.8988  0.10372   0.0000         True 103621
          large_family  0.52041      1.6827  0.06204   0.0000         True 103621
       tenure_security  0.44796      1.5651  0.06185   0.0000         True 103621
           health_good  0.31793      1.3743  0.03315   0.0000         True 103621
                hsbeds  0.28328      1.3275  0.01490   0.0000         True 103621
    workless_household  0.21143      1.2354  0.04476   0.0000         True 103621
           lone_parent  0.20105      1.2227  0.04173   0.0000         True 103621
               hsrooms  0.09948      1.1046  0.01199   0.0000         True 103621
             fes_delta  0.01759      1.0177  0.01698   0.3003        False 103621
                 dvage -0.00668      0.9933  0.00112   0.0000         True 103621
                heatch -0.06302      0.9389  0.05375   0.2410        False 103621
              sf1_good -0.18727      0.8292  0.05519   0.0007         True 103621
                 ncars -0.18881      0.8279  0.01433   0.0000         True 103621
         bill_security -0.24651      0.7815  0.07396   0.0009         True 103621
           qfhigh_band -0.69755      0.4978  0.03613   0.0000         True 103621
           ieqmoecd_dv -1.29300      0.2744  0.03319   0.0000         True 103621
       jbstat_security -1.80679      0.1642  0.06493   0.0000         True 103621
2026-09-03 10:53:34 | INFO     | energy_stress.ukhls_vulnerability_classification | Stage 3: validating against the objective fuel_to_income_ratio...
2026-09-03 10:53:34 | INFO     | energy_stress.ukhls_vulnerability_classification | Saved stage3_validation_against_objective_ratio.csv
2026-09-03 10:53:34 | INFO     | energy_stress.ukhls_vulnerability_classification | Stage 3 validation (vs. objective fuel_to_income_ratio):
                 method      n  pearson_r_vs_ratio  spearman_r_vs_ratio  auc_vs_high_fuel_vulnerable
fuzzy_resource_depleted 253913              0.2620               0.3698                       0.7467
 oneclass_anomaly_score 253913              0.1656               0.1246                       0.6171
2026-09-03 10:53:34 | INFO     | energy_stress.ukhls_vulnerability_classification | Stage 3: equivalisation robustness check...
2026-09-03 10:53:34 | INFO     | energy_stress.ukhls_vulnerability_classification | Saved equivalisation_robustness_check_correlations.csv
2026-09-03 10:53:35 | INFO     | energy_stress.ukhls_vulnerability_classification | Saved equivalisation_robustness_check_flips_by_hhsize.csv
2026-09-03 10:53:35 | INFO     | energy_stress.ukhls_vulnerability_classification | Saved figure equivalisation_robustness_check_flips_by_hhsize.png
2026-09-03 10:53:35 | INFO     | energy_stress.ukhls_vulnerability_classification | Equivalisation robustness check: correlations=[{'method': 'fuzzy_resource_depleted', 'n': 253716, 'pearson_r_vs_equivalised_ratio': 0.2083, 'auc_vs_high_fuel_vulnerable_equivalised': 0.6705}, {'method': 'oneclass_anomaly_score', 'n': 253716, 'pearson_r_vs_equivalised_ratio': 0.1433, 'auc_vs_high_fuel_vulnerable_equivalised': 0.5471}], flips by household size=[{'hhsize_bucket': '1', 'pct_flipped': 0.0, 'n': 61422}, {'hhsize_bucket': '2', 'pct_flipped': 10.540724752925138, 'n': 88030}, {'hhsize_bucket': '3', 'pct_flipped': 16.600009522449174, 'n': 42006}, {'hhsize_bucket': '4', 'pct_flipped': 22.89697717458359, 'n': 40525}, {'hhsize_bucket': '5+', 'pct_flipped': 42.53305677988074, 'n': 23142}]
2026-09-03 10:53:35 | INFO     | energy_stress.ukhls_vulnerability_classification | Stage 3: policy figures (spread + drivers)...
2026-09-03 10:53:35 | INFO     | energy_stress.ukhls_vulnerability_classification | Saved policy_vulnerability_by_wave.csv
2026-09-03 10:53:35 | INFO     | energy_stress.ukhls_vulnerability_classification | Saved figure policy_vulnerability_by_wave.png
2026-09-03 10:53:39 | INFO     | energy_stress.ukhls_vulnerability_classification | Saved policy_vulnerability_by_region.csv
2026-09-03 10:53:39 | INFO     | energy_stress.ukhls_vulnerability_classification | Saved figure policy_vulnerability_by_region.png
2026-09-03 10:53:42 | INFO     | energy_stress.ukhls_vulnerability_classification | Saved policy_vulnerability_by_ethnicity.csv
2026-09-03 10:53:43 | INFO     | energy_stress.ukhls_vulnerability_classification | Saved figure policy_vulnerability_by_ethnicity.png
2026-09-03 10:53:48 | INFO     | energy_stress.ukhls_vulnerability_classification | Saved policy_vulnerability_by_disability.csv
2026-09-03 10:53:48 | INFO     | energy_stress.ukhls_vulnerability_classification | Saved figure policy_vulnerability_by_disability.png
2026-09-03 10:53:59 | INFO     | energy_stress.ukhls_vulnerability_classification | Saved policy_vulnerability_by_tenure.csv
2026-09-03 10:53:59 | INFO     | energy_stress.ukhls_vulnerability_classification | Saved figure policy_vulnerability_by_tenure.png
2026-09-03 10:54:03 | INFO     | energy_stress.ukhls_vulnerability_classification | Saved policy_vulnerability_by_family_composition.csv
2026-09-03 10:54:03 | INFO     | energy_stress.ukhls_vulnerability_classification | Saved figure policy_vulnerability_by_family_composition.png
2026-09-03 10:54:06 | INFO     | energy_stress.ukhls_vulnerability_classification | Saved policy_vulnerability_by_employment.csv
2026-09-03 10:54:06 | INFO     | energy_stress.ukhls_vulnerability_classification | Saved figure policy_vulnerability_by_employment.png
2026-09-03 10:54:09 | INFO     | energy_stress.ukhls_vulnerability_classification | Saved policy_vulnerability_region_year_heatmap.csv
2026-09-03 10:54:10 | INFO     | energy_stress.ukhls_vulnerability_classification | Saved figure policy_vulnerability_region_year_heatmap.png
2026-09-03 10:54:15 | INFO     | energy_stress.ukhls_vulnerability_classification | Saved policy_vulnerability_by_fes_tier.csv
2026-09-03 10:54:15 | INFO     | energy_stress.ukhls_vulnerability_classification | Saved figure policy_vulnerability_by_fes_tier.png
2026-09-03 10:54:16 | INFO     | energy_stress.ukhls_vulnerability_classification | Saved figure policy_driver_odds_ratios.png
2026-09-03 10:54:16 | INFO     | energy_stress.ukhls_vulnerability_classification | Stage 3: real UK region maps (vulnerability, resource, strain)...
2026-09-03 10:54:20 | INFO     | energy_stress.ukhls_geo_maps | Saved choropleth policy_vulnerability_by_region_map (12/12 regions matched)
2026-09-03 10:54:21 | INFO     | energy_stress.ukhls_geo_maps | Saved choropleth policy_map_baseline_resource_by_region (12/12 regions matched)
2026-09-03 10:54:21 | INFO     | energy_stress.ukhls_geo_maps | Saved choropleth policy_map_financial_strain_by_region (12/12 regions matched)
2026-09-03 10:54:21 | INFO     | energy_stress.ukhls_vulnerability_classification | Stage 3: additional policy-analysis angles (temporal change, regional drivers)...
2026-09-03 10:54:26 | INFO     | energy_stress.ukhls_vulnerability_classification | Saved policy_temporal_change_by_region.csv
2026-09-03 10:54:26 | INFO     | energy_stress.ukhls_geo_maps | Saved choropleth policy_temporal_change_map (12/12 regions matched)
2026-09-03 10:54:42 | INFO     | energy_stress.ukhls_vulnerability_classification | Saved driver_analysis_by_region.csv
2026-09-03 10:54:42 | INFO     | energy_stress.ukhls_vulnerability_classification | Saved figure driver_analysis_by_region.png
2026-09-03 10:54:45 | INFO     | energy_stress.ukhls_vulnerability_classification | Saved Stage 3 vulnerability scores: 339201 rows
2026-09-03 10:54:45 | INFO     | energy_stress.ukhls_vulnerability_classification | Stage 3 (vulnerability identification + policy figures) complete.
2026-09-03 10:54:46 | INFO     | energy_stress.household_stream | ========================================
2026-09-03 10:54:46 | INFO     | energy_stress.household_stream | STAGE 4: Policy geography maps (real UK region boundaries: hotspot / fuzzy membership / vulnerability shift)
2026-09-03 10:54:46 | INFO     | energy_stress.household_stream | ========================================
2026-09-03 10:54:46 | INFO     | energy_stress.ukhls_policy_maps | Stage 4: Map 1 (resource-to-stress hotspot)...
2026-09-03 10:54:46 | INFO     | energy_stress.ukhls_policy_maps | Saved map1_resource_stress_hotspot.csv
2026-09-03 10:54:48 | INFO     | energy_stress.ukhls_policy_maps | Saved figure policy_map1_resource_stress_hotspot.png
2026-09-03 10:54:48 | INFO     | energy_stress.ukhls_policy_maps | Stage 4: Map 2 (fuzzy membership)...
2026-09-03 10:54:48 | INFO     | energy_stress.ukhls_geo_maps | Saved choropleth policy_map2_fuzzy_membership (12/12 regions matched)
2026-09-03 10:54:48 | INFO     | energy_stress.ukhls_policy_maps | Stage 4: Map 3 (vulnerability vector shift)...
2026-09-03 10:54:48 | INFO     | energy_stress.ukhls_policy_maps | Saved map3_vulnerability_vector_shift.csv
2026-09-03 10:54:48 | INFO     | energy_stress.ukhls_policy_maps | Saved figure policy_map3_vulnerability_vector_shift.png
2026-09-03 10:54:48 | INFO     | energy_stress.ukhls_policy_maps | Stage 4 (policy geography maps) complete.
2026-09-03 10:54:48 | INFO     | energy_stress.household_stream | ========================================
2026-09-03 10:54:48 | INFO     | energy_stress.household_stream | STAGE 5: Forward vulnerability prediction (hrpid-linked wave transitions, 2009-2024 -> next-year prediction)
2026-09-03 10:54:48 | INFO     | energy_stress.household_stream | ========================================
2026-09-03 10:54:55 | INFO     | energy_stress.ukhls_forward_prediction | Stage 5 features: ['object_score', 'condition_score', 'personal_score', 'energy_score', 'financial_strain_score', 'dvage', 'heatch', 'lone_parent', 'large_family', 'workless_household', 'fes_magnitude']
2026-09-03 10:54:55 | INFO     | energy_stress.ukhls_forward_prediction | Stage 5: building hrpid-linked wave-to-wave transition pairs...
2026-09-03 10:54:55 | INFO     | energy_stress.ukhls_forward_prediction | Transition a->b: 21886/30169 wave-a households linked via hrpid (72.5%)
2026-09-03 10:54:55 | INFO     | energy_stress.ukhls_forward_prediction | Transition b->c: 24404/30484 wave-b households linked via hrpid (80.1%)
2026-09-03 10:54:55 | INFO     | energy_stress.ukhls_forward_prediction | Transition c->d: 22961/27751 wave-c households linked via hrpid (82.7%)
2026-09-03 10:54:56 | INFO     | energy_stress.ukhls_forward_prediction | Transition d->e: 22034/25817 wave-d households linked via hrpid (85.3%)
2026-09-03 10:54:56 | INFO     | energy_stress.ukhls_forward_prediction | Transition e->f: 19771/24325 wave-e households linked via hrpid (81.3%)
2026-09-03 10:54:56 | INFO     | energy_stress.ukhls_forward_prediction | Transition f->g: 20001/24452 wave-f households linked via hrpid (81.8%)
2026-09-03 10:54:56 | INFO     | energy_stress.ukhls_forward_prediction | Transition g->h: 19288/23033 wave-g households linked via hrpid (83.7%)
2026-09-03 10:54:56 | INFO     | energy_stress.ukhls_forward_prediction | Transition h->i: 17954/21746 wave-h households linked via hrpid (82.6%)
2026-09-03 10:54:56 | INFO     | energy_stress.ukhls_forward_prediction | Transition i->j: 17083/20048 wave-i households linked via hrpid (85.2%)
2026-09-03 10:54:56 | INFO     | energy_stress.ukhls_forward_prediction | Transition j->k: 16234/19252 wave-j households linked via hrpid (84.3%)
2026-09-03 10:54:56 | INFO     | energy_stress.ukhls_forward_prediction | Transition k->l: 15021/18139 wave-k households linked via hrpid (82.8%)
2026-09-03 10:54:56 | INFO     | energy_stress.ukhls_forward_prediction | Transition l->m: 14253/16856 wave-l households linked via hrpid (84.6%)
2026-09-03 10:54:56 | INFO     | energy_stress.ukhls_forward_prediction | Transition m->n: 13725/16156 wave-m households linked via hrpid (85.0%)
2026-09-03 10:54:57 | INFO     | energy_stress.ukhls_forward_prediction | Transition n->o: 17144/21385 wave-n households linked via hrpid (80.2%)
2026-09-03 10:55:03 | INFO     | energy_stress.ukhls_forward_prediction | Saved stage5_transition_pairs.csv
2026-09-03 10:55:03 | INFO     | energy_stress.ukhls_forward_prediction | Stage 5: 261759 linked household transition rows across 14 wave-pairs
2026-09-03 10:55:03 | INFO     | energy_stress.ukhls_forward_prediction | Stage 5: walk-forward validation (train on earlier waves, hold out the 2 most recent known transitions)...
2026-09-03 10:55:06 | INFO     | energy_stress.ukhls_forward_prediction | Saved stage5_validation_metrics.csv
2026-09-03 10:55:06 | INFO     | energy_stress.ukhls_forward_prediction | Stage 5 walk-forward validation (held out m->n, n->o): AUC=0.7604, Pearson r=0.2695, n_train=177408, n_val=21161
2026-09-03 10:55:06 | INFO     | energy_stress.ukhls_forward_prediction | Saved figure stage5_validation_roc.png
2026-09-03 10:55:06 | INFO     | energy_stress.ukhls_forward_prediction | Stage 5: refitting on all known transitions and scoring the latest wave...
2026-09-03 10:55:10 | INFO     | energy_stress.ukhls_forward_prediction | Saved stage5_driver_coefficients.csv
2026-09-03 10:55:11 | INFO     | energy_stress.ukhls_forward_prediction | Saved stage5_forward_predictions.csv
2026-09-03 10:55:11 | INFO     | energy_stress.ukhls_forward_prediction | Stage 5: scored 19140/19586 wave-o households for their own next interview year (mean predicted probability=0.0683, 446 could not be scored -- missing features)
2026-09-03 10:55:11 | INFO     | energy_stress.ukhls_forward_prediction | Stage 5: forward-prediction policy figures...
2026-09-03 10:55:11 | INFO     | energy_stress.ukhls_geo_maps | Saved choropleth stage5_forward_prediction_map (12/12 regions matched)
2026-09-03 10:55:11 | INFO     | energy_stress.ukhls_forward_prediction | Saved stage5_forward_prediction_by_month.csv
2026-09-03 10:55:12 | INFO     | energy_stress.ukhls_forward_prediction | Saved figure stage5_forward_prediction_by_month.png
2026-09-03 10:55:12 | INFO     | energy_stress.ukhls_forward_prediction | Stage 5 (forward vulnerability prediction) complete.
2026-09-03 10:55:58 | INFO     | energy_stress.household_stream | Saved merged UKHLS panel + latent scores: ukhls_panel.csv (339201 rows, 95 columns)
2026-09-03 11:40:30 | INFO     | energy_stress.forecast_pipeline | ========================================
2026-09-03 11:40:30 | INFO     | energy_stress.forecast_pipeline | STAGE 4: FES computation — using existing forecast CSVs
2026-09-03 11:40:30 | INFO     | energy_stress.forecast_pipeline | ========================================
2026-09-03 11:40:30 | INFO     | energy_stress.forecast_pipeline | Loaded ranked metrics from outputs/tables/model_metrics_comparison.csv (24 rows)
2026-09-03 11:40:30 | INFO     | energy_stress.forecast_pipeline | --fes-only: inferred forecast window 2025-01-01..2025-12-01 from existing CSVs (refit_end=2024-12-01)
2026-09-03 11:40:31 | INFO     | energy_stress.fes | Best models selected:
2026-09-03 11:40:31 | INFO     | energy_stress.fes |   [carbon][core] → TFT
2026-09-03 11:40:31 | INFO     | energy_stress.fes |   [carbon][macro] → LSTM
2026-09-03 11:40:31 | INFO     | energy_stress.fes |   [electricity][core] → LSTM
2026-09-03 11:40:31 | INFO     | energy_stress.fes |   [electricity][macro] → LSTM
2026-09-03 11:40:31 | INFO     | energy_stress.fes |   [gas][core] → LSTM
2026-09-03 11:40:31 | INFO     | energy_stress.fes |   [gas][macro] → SARIMA
2026-09-03 11:40:31 | INFO     | energy_stress.fes | Per-series mode selected for FES_selected (metric per series/mode: {('gas', 'core'): 'RMSE', ('gas', 'macro'): 'RMSE', ('electricity', 'core'): 'RMSE', ('electricity', 'macro'): 'RMSE', ('carbon', 'core'): 'RMSE', ('carbon', 'macro'): 'RMSE'}): {'gas': 'core', 'electricity': 'core', 'carbon': 'macro'}
2026-09-03 11:40:31 | INFO     | energy_stress.fes | FES_Weighted series weights (inverse validation-RMSE, normalized to mean 1.0): {'gas': 1.193133022133851, 'electricity': 1.1006160377876515, 'carbon': 0.7062509400784975}
2026-09-03 11:40:31 | INFO     | energy_stress.fes | [gas] train μ=9.8469, σ=30.5843 | unc_ref μ=10.8311, σ=13.4077
2026-09-03 11:40:31 | INFO     | energy_stress.fes | [electricity] train μ=8.1601, σ=15.8659 | unc_ref μ=6.2370, σ=6.3254
2026-09-03 11:40:31 | INFO     | energy_stress.fes | [carbon] train μ=5.7961, σ=154.2487 | unc_ref μ=60.7339, σ=97.7137
2026-09-03 11:40:31 | INFO     | energy_stress.fes | [actual real-vol] train μ=0.4649, σ=0.4370
2026-09-03 11:40:31 | INFO     | energy_stress.fes | Monthly FES saved → outputs/fes/fes_monthly_2025.csv
2026-09-03 11:40:31 | INFO     | energy_stress.fes | [gas] train μ=11.7698, σ=30.2056 | unc_ref μ=10.1990, σ=12.9773
2026-09-03 11:40:31 | INFO     | energy_stress.fes | [electricity] train μ=9.4676, σ=15.2322 | unc_ref μ=5.9154, σ=6.1036
2026-09-03 11:40:31 | INFO     | energy_stress.fes | [carbon] train μ=7.4441, σ=158.3806 | unc_ref μ=63.1782, σ=99.9694
2026-09-03 11:40:31 | INFO     | energy_stress.fes | [actual real-vol] train μ=0.4702, σ=0.4354
2026-09-03 11:40:31 | INFO     | energy_stress.fes | FES_actual, prior year 2024 (baseline for FES_selected's 2025 forecast): mean=-2.69529 -> outputs/fes/fes_prior_actual_2024.csv
2026-09-03 11:40:32 | INFO     | energy_stress.fes | FES comparison metrics saved → outputs/fes/fes_comparison_metrics.csv  (12 rows)
2026-09-03 11:40:32 | INFO     | energy_stress.fes | Best RMSE per variant:
FES_variant
Equal_Core        0.37292
Equal_Macro       2.30296
Equal_Selected    0.33203
Equal_Weighted    0.41105
2026-09-03 11:40:32 | INFO     | energy_stress.fes | FES summary saved → outputs/fes/fes_summary_2025.csv
2026-09-03 11:40:32 | INFO     | energy_stress.fes | FES components table saved → outputs/fes/fes_components_table.csv
2026-09-03 11:40:32 | INFO     | energy_stress.fes | Figure saved → outputs/figures/fes_monthly_2025.png
2026-09-03 11:40:33 | INFO     | energy_stress.fes | Figure saved → outputs/figures/fes_components_2025.png
2026-09-03 11:40:34 | INFO     | energy_stress.fes | Figure saved → outputs/figures/forecast_vs_actual_all_series.png
2026-09-03 11:40:34 | INFO     | energy_stress.fes | Figure saved → outputs/figures/forecast_vs_actual_gas.png
2026-09-03 11:40:34 | INFO     | energy_stress.fes | Figure saved → outputs/figures/forecast_vs_actual_electricity.png
2026-09-03 11:40:34 | INFO     | energy_stress.fes | Figure saved → outputs/figures/forecast_vs_actual_carbon.png
2026-09-03 11:40:35 | INFO     | energy_stress.fes | Figure saved → outputs/figures/fes_metrics_rmse_heatmap.png
2026-09-03 11:40:35 | INFO     | energy_stress.fes | Figure saved → outputs/figures/fes_metrics_pearson_r_heatmap.png
2026-09-03 11:40:35 | INFO     | energy_stress.plotting | Figure saved → outputs/figures/model_ranking_polar_gas_core.png
2026-09-03 11:40:36 | INFO     | energy_stress.plotting | Figure saved → outputs/figures/model_ranking_polar_gas_macro.png
2026-09-03 11:40:36 | INFO     | energy_stress.plotting | Figure saved → outputs/figures/model_ranking_polar_electricity_core.png
2026-09-03 11:40:36 | INFO     | energy_stress.plotting | Figure saved → outputs/figures/model_ranking_polar_electricity_macro.png
2026-09-03 11:40:36 | INFO     | energy_stress.plotting | Figure saved → outputs/figures/model_ranking_polar_carbon_core.png
2026-09-03 11:40:37 | INFO     | energy_stress.plotting | Figure saved → outputs/figures/model_ranking_polar_carbon_macro.png
2026-09-03 11:40:38 | INFO     | energy_stress.plotting | Figure saved → outputs/figures/prediction_intervals_2025.png
2026-09-03 11:40:39 | INFO     | energy_stress.plotting | Figure saved → outputs/figures/forecast_comparison_gas_core.png
2026-09-03 11:40:39 | INFO     | energy_stress.plotting | Figure saved → outputs/figures/forecast_comparison_gas_macro.png
2026-09-03 11:40:39 | INFO     | energy_stress.plotting | Figure saved → outputs/figures/forecast_comparison_electricity_core.png
2026-09-03 11:40:40 | INFO     | energy_stress.plotting | Figure saved → outputs/figures/forecast_comparison_electricity_macro.png
2026-09-03 11:40:40 | INFO     | energy_stress.plotting | Figure saved → outputs/figures/forecast_comparison_carbon_core.png
2026-09-03 11:40:40 | INFO     | energy_stress.plotting | Figure saved → outputs/figures/forecast_comparison_carbon_macro.png
2026-09-03 11:40:40 | INFO     | energy_stress.fes | Static target-year comparison figures complete
2026-09-03 11:40:41 | INFO     | energy_stress.plotting | Interactive figure saved → outputs/figures/interactive_gas_core.html
2026-09-03 11:40:41 | INFO     | energy_stress.plotting | Interactive figure saved → outputs/figures/interactive_gas_macro.html
2026-09-03 11:40:41 | INFO     | energy_stress.plotting | Interactive figure saved → outputs/figures/interactive_electricity_core.html
2026-09-03 11:40:41 | INFO     | energy_stress.plotting | Interactive figure saved → outputs/figures/interactive_electricity_macro.html
2026-09-03 11:40:41 | INFO     | energy_stress.plotting | Interactive figure saved → outputs/figures/interactive_carbon_core.html
2026-09-03 11:40:41 | INFO     | energy_stress.plotting | Interactive figure saved → outputs/figures/interactive_carbon_macro.html
2026-09-03 11:40:41 | INFO     | energy_stress.fes | Interactive timeline figures complete
2026-09-03 11:40:41 | INFO     | energy_stress.household_stream | ========================================
2026-09-03 11:40:41 | INFO     | energy_stress.household_stream | STAGE 2a: Build UKHLS household-wave panel (15 waves, fuel-to-income target, realised price context)
2026-09-03 11:40:41 | INFO     | energy_stress.household_stream | ========================================
2026-09-03 11:40:41 | INFO     | energy_stress.ukhls_preprocessing | Building UKHLS household-wave panel (waves: ['a', 'b', 'c', 'd', 'e', 'f', 'g', 'h', 'i', 'j', 'k', 'l', 'm', 'n', 'o'])
2026-09-03 11:40:41 | DEBUG    | energy_stress.ukhls_preprocessing | wave a hhresp: 11 requested vars absent (['a_carval', 'a_duelpay', 'a_elecpay', 'a_htpmp', 'a_inoutflows1'])
2026-09-03 11:40:49 | INFO     | energy_stress.ukhls_preprocessing | wave a: 50994 respondents -> 30035 households (individual aggregation)
2026-09-03 11:40:59 | DEBUG    | energy_stress.ukhls_preprocessing | wave b hhresp: 10 requested vars absent (['b_duelpay', 'b_elecpay', 'b_htpmp', 'b_inoutflows1', 'b_inoutflows10'])
2026-09-03 11:41:07 | INFO     | energy_stress.ukhls_preprocessing | wave b: 54568 respondents -> 30453 households (individual aggregation)
2026-09-03 11:41:13 | DEBUG    | energy_stress.ukhls_preprocessing | wave c hhresp: 8 requested vars absent (['c_htpmp', 'c_inoutflows1', 'c_inoutflows10', 'c_inoutflows12', 'c_inoutflows2'])
2026-09-03 11:41:23 | INFO     | energy_stress.ukhls_preprocessing | wave c: 49692 respondents -> 27704 households (individual aggregation)
2026-09-03 11:41:29 | DEBUG    | energy_stress.ukhls_preprocessing | wave d hhresp: 8 requested vars absent (['d_htpmp', 'd_inoutflows1', 'd_inoutflows10', 'd_inoutflows12', 'd_inoutflows2'])
2026-09-03 11:41:33 | INFO     | energy_stress.ukhls_preprocessing | wave d: 47074 respondents -> 25774 households (individual aggregation)
2026-09-03 11:41:37 | DEBUG    | energy_stress.ukhls_preprocessing | wave e hhresp: 8 requested vars absent (['e_htpmp', 'e_inoutflows1', 'e_inoutflows10', 'e_inoutflows12', 'e_inoutflows2'])
2026-09-03 11:41:42 | INFO     | energy_stress.ukhls_preprocessing | wave e: 44837 respondents -> 24288 households (individual aggregation)
2026-09-03 11:41:47 | DEBUG    | energy_stress.ukhls_preprocessing | wave f hhresp: 7 requested vars absent (['f_htpmp', 'f_inoutflows1', 'f_inoutflows10', 'f_inoutflows12', 'f_inoutflows2'])
2026-09-03 11:41:50 | INFO     | energy_stress.ukhls_preprocessing | wave f: 45192 respondents -> 24811 households (individual aggregation)
2026-09-03 11:41:55 | DEBUG    | energy_stress.ukhls_preprocessing | wave g hhresp: 7 requested vars absent (['g_htpmp', 'g_inoutflows1', 'g_inoutflows10', 'g_inoutflows12', 'g_inoutflows2'])
2026-09-03 11:42:00 | INFO     | energy_stress.ukhls_preprocessing | wave g: 42170 respondents -> 23159 households (individual aggregation)
2026-09-03 11:42:05 | DEBUG    | energy_stress.ukhls_preprocessing | wave h hhresp: 7 requested vars absent (['h_htpmp', 'h_inoutflows1', 'h_inoutflows10', 'h_inoutflows12', 'h_inoutflows2'])
2026-09-03 11:42:08 | INFO     | energy_stress.ukhls_preprocessing | wave h: 39294 respondents -> 21999 households (individual aggregation)
2026-09-03 11:42:13 | DEBUG    | energy_stress.ukhls_preprocessing | wave i hhresp: 7 requested vars absent (['i_htpmp', 'i_inoutflows1', 'i_inoutflows10', 'i_inoutflows12', 'i_inoutflows2'])
2026-09-03 11:42:19 | INFO     | energy_stress.ukhls_preprocessing | wave i: 36058 respondents -> 20511 households (individual aggregation)
2026-09-03 11:42:23 | DEBUG    | energy_stress.ukhls_preprocessing | wave j hhresp: 7 requested vars absent (['j_htpmp', 'j_inoutflows1', 'j_inoutflows10', 'j_inoutflows12', 'j_inoutflows2'])
2026-09-03 11:42:28 | INFO     | energy_stress.ukhls_preprocessing | wave j: 34319 respondents -> 19657 households (individual aggregation)
2026-09-03 11:42:30 | DEBUG    | energy_stress.ukhls_preprocessing | wave k hhresp: 7 requested vars absent (['k_htpmp', 'k_inoutflows1', 'k_inoutflows10', 'k_inoutflows12', 'k_inoutflows2'])
2026-09-03 11:42:35 | INFO     | energy_stress.ukhls_preprocessing | wave k: 32008 respondents -> 18508 households (individual aggregation)
2026-09-03 11:42:41 | DEBUG    | energy_stress.ukhls_preprocessing | wave l hhresp: 7 requested vars absent (['l_htpmp', 'l_inoutflows1', 'l_inoutflows10', 'l_inoutflows12', 'l_inoutflows2'])
2026-09-03 11:42:44 | INFO     | energy_stress.ukhls_preprocessing | wave l: 29271 respondents -> 17302 households (individual aggregation)
2026-09-03 11:42:48 | DEBUG    | energy_stress.ukhls_preprocessing | wave m hhresp: 2 requested vars absent (['m_htpmp', 'm_inoutflows12'])
2026-09-03 11:42:51 | INFO     | energy_stress.ukhls_preprocessing | wave m: 27998 respondents -> 16566 households (individual aggregation)
2026-09-03 11:42:54 | DEBUG    | energy_stress.ukhls_preprocessing | wave n hhresp: 2 requested vars absent (['n_htpmp', 'n_inoutflows12'])
2026-09-03 11:42:59 | INFO     | energy_stress.ukhls_preprocessing | wave n: 35471 respondents -> 21920 households (individual aggregation)
2026-09-03 11:43:04 | INFO     | energy_stress.household_stream | ========================================
2026-09-03 11:43:04 | INFO     | energy_stress.household_stream | STAGE 2a: Build UKHLS household-wave panel (15 waves, fuel-to-income target, realised price context)
2026-09-03 11:43:04 | INFO     | energy_stress.household_stream | ========================================
2026-09-03 11:43:04 | INFO     | energy_stress.ukhls_preprocessing | Building UKHLS household-wave panel (waves: ['a', 'b', 'c', 'd', 'e', 'f', 'g', 'h', 'i', 'j', 'k', 'l', 'm', 'n', 'o'])
2026-09-03 11:43:04 | DEBUG    | energy_stress.ukhls_preprocessing | wave a hhresp: 11 requested vars absent (['a_carval', 'a_duelpay', 'a_elecpay', 'a_htpmp', 'a_inoutflows1'])
2026-09-03 11:43:08 | INFO     | energy_stress.ukhls_preprocessing | wave a: 50994 respondents -> 30035 households (individual aggregation)
2026-09-03 11:43:10 | INFO     | energy_stress.ukhls_preprocessing | wave o: 32849 respondents -> 19719 households (individual aggregation)
2026-09-03 11:43:15 | DEBUG    | energy_stress.ukhls_preprocessing | wave b hhresp: 10 requested vars absent (['b_duelpay', 'b_elecpay', 'b_htpmp', 'b_inoutflows1', 'b_inoutflows10'])
2026-09-03 11:43:17 | INFO     | energy_stress.ukhls_preprocessing | Full panel: 339201 household-wave rows across 15 waves
2026-09-03 11:43:17 | INFO     | energy_stress.ukhls_preprocessing | fuel_to_income_ratio: capping 85 rows (0.03%) at 1.0 (uncapped max was 3.0)
2026-09-03 11:43:17 | INFO     | energy_stress.ukhls_preprocessing | fuel_to_income_ratio: 255324/339201 valid (75.3%)
2026-09-03 11:43:17 | INFO     | energy_stress.ukhls_preprocessing | high_fuel_vulnerable (ratio>=10%): 20258/255324 (7.9%)
2026-09-03 11:43:17 | INFO     | energy_stress.ukhls_preprocessing | fuel_to_income_ratio_equivalised: 255125/339201 valid (75.2%)
2026-09-03 11:43:17 | INFO     | energy_stress.ukhls_preprocessing | Core price series covers 2006-2026 (monthly resolution)
2026-09-03 11:43:21 | INFO     | energy_stress.ukhls_preprocessing | wave b: 54568 respondents -> 30453 households (individual aggregation)
2026-09-03 11:43:23 | DEBUG    | energy_stress.ukhls_preprocessing | wave c hhresp: 8 requested vars absent (['c_htpmp', 'c_inoutflows1', 'c_inoutflows10', 'c_inoutflows12', 'c_inoutflows2'])
2026-09-03 11:43:26 | INFO     | energy_stress.ukhls_preprocessing | Price context: 339201/339201 rows matched at month resolution, 0 additional rows fell back to their interview year's annual mean
2026-09-03 11:43:26 | WARNING  | energy_stress.ukhls_preprocessing | Rolling FES table not found (/home/mohsen/project/anticipatory-energy-stress/outputs/fes/fes_rolling_yearly.csv) -- falling back to a single constant FES Magnitude from fes_monthly_2025.csv (column=fes_selected). Run forecast_pipeline.run_rolling() for a genuinely year-varying signal.
2026-09-03 11:43:26 | INFO     | energy_stress.ukhls_preprocessing | FES actual, prior year baseline attached from fes_prior_actual_2024.csv: mean=-2.6953
2026-09-03 11:43:26 | INFO     | energy_stress.ukhls_preprocessing | FES magnitude range [-1.4525, -1.4525] (unique values=1) | fes_current range [-3.6966, 8.0355] | fes_delta range [-9.4880, 2.2442] (339201/339201 rows valid) | fes_actual_prior_year=-2.6953
2026-09-03 11:43:33 | INFO     | energy_stress.ukhls_preprocessing | wave c: 49692 respondents -> 27704 households (individual aggregation)
2026-09-03 11:43:41 | DEBUG    | energy_stress.ukhls_preprocessing | wave d hhresp: 8 requested vars absent (['d_htpmp', 'd_inoutflows1', 'd_inoutflows10', 'd_inoutflows12', 'd_inoutflows2'])
2026-09-03 11:43:47 | INFO     | energy_stress.ukhls_preprocessing | Saved UKHLS panel: ukhls_panel.csv (339201 rows, 83 columns)
2026-09-03 11:43:47 | INFO     | energy_stress.household_stream | Stage 2a complete — 339201 household-wave rows, 83 columns
2026-09-03 11:43:47 | INFO     | energy_stress.household_stream | ========================================
2026-09-03 11:43:47 | INFO     | energy_stress.household_stream | STAGE 2a-overview: Dataset overview (panel composition, missingness, key distributions)
2026-09-03 11:43:47 | INFO     | energy_stress.household_stream | ========================================
2026-09-03 11:43:47 | INFO     | energy_stress.ukhls_preprocessing | wave d: 47074 respondents -> 25774 households (individual aggregation)
2026-09-03 11:43:47 | INFO     | energy_stress.ukhls_dataset_overview | Dataset overview: panel composition, missingness, key distributions...
2026-09-03 11:43:47 | INFO     | energy_stress.ukhls_dataset_overview | Saved dataset_rows_by_wave.csv
2026-09-03 11:43:48 | INFO     | energy_stress.ukhls_dataset_overview | Saved figure dataset_panel_composition.png
2026-09-03 11:43:51 | DEBUG    | energy_stress.ukhls_preprocessing | wave e hhresp: 8 requested vars absent (['e_htpmp', 'e_inoutflows1', 'e_inoutflows10', 'e_inoutflows12', 'e_inoutflows2'])
2026-09-03 11:43:53 | INFO     | energy_stress.ukhls_dataset_overview | Saved dataset_rows_by_region.csv
2026-09-03 11:43:54 | INFO     | energy_stress.ukhls_geo_maps | Saved choropleth dataset_sample_size_by_region (12/12 regions matched)
2026-09-03 11:43:58 | INFO     | energy_stress.ukhls_dataset_overview | Saved dataset_rows_by_year.csv
2026-09-03 11:43:58 | INFO     | energy_stress.ukhls_dataset_overview | Saved figure dataset_rows_by_year.png
2026-09-03 11:43:59 | INFO     | energy_stress.ukhls_dataset_overview | Saved dataset_missingness_by_variable.csv
2026-09-03 11:43:59 | INFO     | energy_stress.ukhls_dataset_overview | Saved figure dataset_missingness.png
2026-09-03 11:43:59 | INFO     | energy_stress.ukhls_preprocessing | wave e: 44837 respondents -> 24288 households (individual aggregation)
2026-09-03 11:44:01 | INFO     | energy_stress.ukhls_dataset_overview | Saved figure dataset_key_distributions.png
2026-09-03 11:44:01 | INFO     | energy_stress.ukhls_dataset_overview | Dataset overview figures saved -> /home/mohsen/project/anticipatory-energy-stress/outputs/ukhls_dataset_overview/figures
2026-09-03 11:44:01 | INFO     | energy_stress.household_stream | ========================================
2026-09-03 11:44:01 | INFO     | energy_stress.household_stream | STAGE 2b: COR-SEM (Object/Condition/Personal/Energy -> Baseline Resource Stock -> FES moderation)
2026-09-03 11:44:01 | INFO     | energy_stress.household_stream | ========================================
2026-09-03 11:44:02 | DEBUG    | energy_stress.ukhls_preprocessing | wave f hhresp: 7 requested vars absent (['f_htpmp', 'f_inoutflows1', 'f_inoutflows10', 'f_inoutflows12', 'f_inoutflows2'])
2026-09-03 11:44:08 | INFO     | energy_stress.ukhls_preprocessing | wave f: 45192 respondents -> 24811 households (individual aggregation)
2026-09-03 11:44:08 | INFO     | energy_stress.ukhls_cor_sem | COR-SEM measurement spec:
OBJECT =~ hsrooms + hsbeds + ncars + carval + hsval
CONDITION =~ tenure_security + jbstat_security + bill_security
PERSONAL =~ health_good + sf1_good + qfhigh_band
ENERGY =~ fihhmnnet1_dv + fiyrinvinc_dv
2026-09-03 11:44:08 | INFO     | energy_stress.ukhls_cor_sem | Fitting via FIML (handles structural missingness on hsval/carval/inoutflows*) — n=339201 rows, 13 indicators
2026-09-03 11:44:08 | WARNING  | energy_stress.ukhls_cor_sem | Dropping 1 row(s) with no observed values across any of the 13 CFA indicators before FIML fit -- these carry zero information for FIML and otherwise degenerate into a 0x0 per-pattern covariance submatrix (semopy repeatedly logs 'DPOTRI ... illegal value' from LAPACK, once per optimizer iteration, without affecting the fit).
2026-09-03 11:44:12 | DEBUG    | energy_stress.ukhls_preprocessing | wave g hhresp: 7 requested vars absent (['g_htpmp', 'g_inoutflows1', 'g_inoutflows10', 'g_inoutflows12', 'g_inoutflows2'])
2026-09-03 11:44:19 | INFO     | energy_stress.ukhls_preprocessing | wave g: 42170 respondents -> 23159 households (individual aggregation)
2026-09-03 11:44:24 | DEBUG    | energy_stress.ukhls_preprocessing | wave h hhresp: 7 requested vars absent (['h_htpmp', 'h_inoutflows1', 'h_inoutflows10', 'h_inoutflows12', 'h_inoutflows2'])
2026-09-03 11:44:26 | INFO     | energy_stress.ukhls_preprocessing | wave h: 39294 respondents -> 21999 households (individual aggregation)
2026-09-03 11:44:29 | DEBUG    | energy_stress.ukhls_preprocessing | wave i hhresp: 7 requested vars absent (['i_htpmp', 'i_inoutflows1', 'i_inoutflows10', 'i_inoutflows12', 'i_inoutflows2'])
2026-09-03 11:44:32 | INFO     | energy_stress.ukhls_preprocessing | wave i: 36058 respondents -> 20511 households (individual aggregation)
2026-09-03 11:44:35 | DEBUG    | energy_stress.ukhls_preprocessing | wave j hhresp: 7 requested vars absent (['j_htpmp', 'j_inoutflows1', 'j_inoutflows10', 'j_inoutflows12', 'j_inoutflows2'])
2026-09-03 11:44:37 | INFO     | energy_stress.ukhls_preprocessing | wave j: 34319 respondents -> 19657 households (individual aggregation)
2026-09-03 11:44:40 | INFO     | energy_stress.ukhls_cor_sem | Saved cor_sem_measurement_loadings.csv
2026-09-03 11:44:40 | DEBUG    | energy_stress.ukhls_preprocessing | wave k hhresp: 7 requested vars absent (['k_htpmp', 'k_inoutflows1', 'k_inoutflows10', 'k_inoutflows12', 'k_inoutflows2'])
2026-09-03 11:44:47 | INFO     | energy_stress.ukhls_preprocessing | wave k: 32008 respondents -> 18508 households (individual aggregation)
2026-09-03 11:44:47 | INFO     | energy_stress.ukhls_cor_sem | Saved cor_sem_fit_indices.csv
2026-09-03 11:44:47 | INFO     | energy_stress.ukhls_cor_sem | COR-SEM fit: CFI=-0.42574 TLI=-0.88488 RMSEA=0.0 SRMR=0.07858 (DoF=59.0)
2026-09-03 11:44:47 | WARNING  | energy_stress.ukhls_cor_sem | CFI/TLI outside [0,1] — this is a known semopy FIML fit-statistic computation limitation (verified against a complete-case MLW comparison, see module docstring), not evidence of measurement-model misspecification. Read the loadings and the FES-moderation test as the primary evidence.
2026-09-03 11:44:48 | INFO     | energy_stress.ukhls_cor_sem | Saved figure cor_sem_loadings.png
2026-09-03 11:44:48 | INFO     | energy_stress.plotting | Figure saved → /home/mohsen/project/anticipatory-energy-stress/outputs/ukhls_cor_sem/figures/cor_sem_loadings_polar.png
2026-09-03 11:44:52 | DEBUG    | energy_stress.ukhls_preprocessing | wave l hhresp: 7 requested vars absent (['l_htpmp', 'l_inoutflows1', 'l_inoutflows10', 'l_inoutflows12', 'l_inoutflows2'])
2026-09-03 11:44:57 | INFO     | energy_stress.ukhls_preprocessing | wave l: 29271 respondents -> 17302 households (individual aggregation)
2026-09-03 11:45:00 | DEBUG    | energy_stress.ukhls_preprocessing | wave m hhresp: 2 requested vars absent (['m_htpmp', 'm_inoutflows12'])
2026-09-03 11:45:04 | INFO     | energy_stress.ukhls_preprocessing | wave m: 27998 respondents -> 16566 households (individual aggregation)
2026-09-03 11:45:07 | DEBUG    | energy_stress.ukhls_preprocessing | wave n hhresp: 2 requested vars absent (['n_htpmp', 'n_inoutflows12'])
2026-09-03 11:45:17 | INFO     | energy_stress.ukhls_preprocessing | wave n: 35471 respondents -> 21920 households (individual aggregation)
2026-09-03 11:45:29 | INFO     | energy_stress.ukhls_preprocessing | wave o: 32849 respondents -> 19719 households (individual aggregation)
2026-09-03 11:45:35 | INFO     | energy_stress.ukhls_cor_sem | Saved structural_paths_baseline.csv
2026-09-03 11:45:35 | INFO     | energy_stress.ukhls_cor_sem | Saved structural_fit_indices_baseline.csv
2026-09-03 11:45:35 | INFO     | energy_stress.ukhls_cor_sem | Saved figure structural_paths_baseline.png
2026-09-03 11:45:35 | INFO     | energy_stress.ukhls_preprocessing | Full panel: 339201 household-wave rows across 15 waves
2026-09-03 11:45:35 | INFO     | energy_stress.ukhls_preprocessing | fuel_to_income_ratio: capping 85 rows (0.03%) at 1.0 (uncapped max was 3.0)
2026-09-03 11:45:35 | INFO     | energy_stress.ukhls_preprocessing | fuel_to_income_ratio: 255324/339201 valid (75.3%)
2026-09-03 11:45:35 | INFO     | energy_stress.ukhls_preprocessing | high_fuel_vulnerable (ratio>=10%): 20258/255324 (7.9%)
2026-09-03 11:45:35 | INFO     | energy_stress.ukhls_preprocessing | fuel_to_income_ratio_equivalised: 255125/339201 valid (75.2%)
2026-09-03 11:45:35 | INFO     | energy_stress.ukhls_preprocessing | Core price series covers 2006-2026 (monthly resolution)
2026-09-03 11:45:46 | INFO     | energy_stress.sem_mediation | [OLS COR-SEM: BASELINE x FES Delta -> fuel_to_income_ratio] R²=0.136  n=255324
2026-09-03 11:45:46 | INFO     | energy_stress.ukhls_cor_sem | Saved fes_moderation_path.csv
2026-09-03 11:45:46 | INFO     | energy_stress.ukhls_cor_sem | FES moderation: baseline_x_fes coef=-0.00025 p=0.0207 -> CONSISTENT with COR (expected: negative & significant)
2026-09-03 11:45:47 | INFO     | energy_stress.ukhls_preprocessing | Price context: 339201/339201 rows matched at month resolution, 0 additional rows fell back to their interview year's annual mean
2026-09-03 11:45:47 | WARNING  | energy_stress.ukhls_preprocessing | Rolling FES table not found (/home/mohsen/project/anticipatory-energy-stress/outputs/fes/fes_rolling_yearly.csv) -- falling back to a single constant FES Magnitude from fes_monthly_2025.csv (column=fes_selected). Run forecast_pipeline.run_rolling() for a genuinely year-varying signal.
2026-09-03 11:45:47 | INFO     | energy_stress.ukhls_preprocessing | FES actual, prior year baseline attached from fes_prior_actual_2024.csv: mean=-2.6953
2026-09-03 11:45:47 | INFO     | energy_stress.ukhls_preprocessing | FES magnitude range [-1.4525, -1.4525] (unique values=1) | fes_current range [-3.6966, 8.0355] | fes_delta range [-9.4880, 2.2442] (339201/339201 rows valid) | fes_actual_prior_year=-2.6953
2026-09-03 11:45:48 | INFO     | energy_stress.ukhls_cor_sem | Saved COR-SEM factor scores: 339201 rows
2026-09-03 11:45:48 | INFO     | energy_stress.ukhls_cor_sem | COR-SEM (Stage 2b) complete.
2026-09-03 11:45:48 | INFO     | energy_stress.household_stream | Stage 2b scores: ['object_score', 'condition_score', 'personal_score', 'energy_score', 'baseline_resource_score']
2026-09-03 11:45:48 | INFO     | energy_stress.household_stream | ========================================
2026-09-03 11:45:48 | INFO     | energy_stress.household_stream | STAGE 2c: FES-conditioned COR-CVAE (COR-aligned latent space, counterfactual FES scenario query)
2026-09-03 11:45:48 | INFO     | energy_stress.household_stream | ========================================
2026-09-03 11:45:56 | INFO     | energy_stress.ukhls_cor_cvae | Median-imputing 495751 missing item values for CVAE input (SEM handles this natively via FIML; the VAE needs a complete numeric matrix)
2026-09-03 11:45:57 | INFO     | energy_stress.ukhls_cor_cvae | Stage 2c (CVAE) input: n=253913 complete-case rows (253913 households), 13 items -- 203130 train rows / 50783 val rows, split by household
2026-09-03 11:45:57 | INFO     | energy_stress.ukhls_cor_cvae | Training FES-conditioned COR-CVAE (n=253913, epochs<=300)...
2026-09-03 11:46:06 | INFO     | energy_stress.ukhls_preprocessing | Saved UKHLS panel: ukhls_panel.csv (339201 rows, 83 columns)
2026-09-03 11:46:06 | INFO     | energy_stress.household_stream | Stage 2a complete — 339201 household-wave rows, 83 columns
2026-09-03 11:46:06 | INFO     | energy_stress.household_stream | ========================================
2026-09-03 11:46:06 | INFO     | energy_stress.household_stream | STAGE 2a-overview: Dataset overview (panel composition, missingness, key distributions)
2026-09-03 11:46:06 | INFO     | energy_stress.household_stream | ========================================
2026-09-03 11:46:07 | INFO     | energy_stress.ukhls_dataset_overview | Dataset overview: panel composition, missingness, key distributions...
2026-09-03 11:46:07 | INFO     | energy_stress.ukhls_dataset_overview | Saved dataset_rows_by_wave.csv
2026-09-03 11:46:08 | INFO     | energy_stress.ukhls_dataset_overview | Saved figure dataset_panel_composition.png
2026-09-03 11:46:13 | INFO     | energy_stress.ukhls_dataset_overview | Saved dataset_rows_by_region.csv
2026-09-03 11:46:14 | INFO     | energy_stress.ukhls_geo_maps | Saved choropleth dataset_sample_size_by_region (12/12 regions matched)
2026-09-03 11:46:21 | INFO     | energy_stress.ukhls_dataset_overview | Saved dataset_rows_by_year.csv
2026-09-03 11:46:22 | INFO     | energy_stress.ukhls_dataset_overview | Saved figure dataset_rows_by_year.png
2026-09-03 11:46:22 | INFO     | energy_stress.ukhls_dataset_overview | Saved dataset_missingness_by_variable.csv
2026-09-03 11:46:23 | INFO     | energy_stress.ukhls_dataset_overview | Saved figure dataset_missingness.png
2026-09-03 11:46:24 | INFO     | energy_stress.ukhls_dataset_overview | Saved figure dataset_key_distributions.png
2026-09-03 11:46:24 | INFO     | energy_stress.ukhls_dataset_overview | Dataset overview figures saved -> /home/mohsen/project/anticipatory-energy-stress/outputs/ukhls_dataset_overview/figures
2026-09-03 11:46:24 | INFO     | energy_stress.household_stream | ========================================
2026-09-03 11:46:24 | INFO     | energy_stress.household_stream | STAGE 2b: COR-SEM (Object/Condition/Personal/Energy -> Baseline Resource Stock -> FES moderation)
2026-09-03 11:46:24 | INFO     | energy_stress.household_stream | ========================================
2026-09-03 11:46:31 | INFO     | energy_stress.ukhls_cor_sem | COR-SEM measurement spec:
OBJECT =~ hsrooms + hsbeds + ncars + carval + hsval
CONDITION =~ tenure_security + jbstat_security + bill_security
PERSONAL =~ health_good + sf1_good + qfhigh_band
ENERGY =~ fihhmnnet1_dv + fiyrinvinc_dv
2026-09-03 11:46:31 | INFO     | energy_stress.ukhls_cor_sem | Fitting via FIML (handles structural missingness on hsval/carval/inoutflows*) — n=339201 rows, 13 indicators
2026-09-03 11:46:32 | WARNING  | energy_stress.ukhls_cor_sem | Dropping 1 row(s) with no observed values across any of the 13 CFA indicators before FIML fit -- these carry zero information for FIML and otherwise degenerate into a 0x0 per-pattern covariance submatrix (semopy repeatedly logs 'DPOTRI ... illegal value' from LAPACK, once per optimizer iteration, without affecting the fit).
2026-09-03 11:47:08 | INFO     | energy_stress.ukhls_cor_sem | Saved cor_sem_measurement_loadings.csv
2026-09-03 11:47:14 | INFO     | energy_stress.ukhls_cor_sem | Saved cor_sem_fit_indices.csv
2026-09-03 11:47:14 | INFO     | energy_stress.ukhls_cor_sem | COR-SEM fit: CFI=-0.42574 TLI=-0.88488 RMSEA=0.0 SRMR=0.07858 (DoF=59.0)
2026-09-03 11:47:14 | WARNING  | energy_stress.ukhls_cor_sem | CFI/TLI outside [0,1] — this is a known semopy FIML fit-statistic computation limitation (verified against a complete-case MLW comparison, see module docstring), not evidence of measurement-model misspecification. Read the loadings and the FES-moderation test as the primary evidence.
2026-09-03 11:47:15 | INFO     | energy_stress.ukhls_cor_sem | Saved figure cor_sem_loadings.png
2026-09-03 11:47:16 | INFO     | energy_stress.plotting | Figure saved → /home/mohsen/project/anticipatory-energy-stress/outputs/ukhls_cor_sem/figures/cor_sem_loadings_polar.png
2026-09-03 11:48:05 | INFO     | energy_stress.ukhls_cor_cvae | CVAE trained (300 epochs) | recon_MSE=0.99207  KL=0.12173  align_loss=0.24174  BCE=0.35690
2026-09-03 11:48:06 | INFO     | energy_stress.ukhls_cor_cvae | Saved figure cvae_training_curves.png
2026-09-03 11:48:06 | INFO     | energy_stress.ukhls_cor_cvae | Saved cvae_training_history.csv
2026-09-03 11:48:06 | INFO     | energy_stress.ukhls_cor_cvae | Saved cvae_sem_alignment.csv
2026-09-03 11:48:06 | INFO     | energy_stress.ukhls_cor_cvae | Saved figure cvae_sem_alignment_heatmap.png
2026-09-03 11:48:06 | INFO     | energy_stress.plotting | Figure saved → /home/mohsen/project/anticipatory-energy-stress/outputs/ukhls_cor_cvae/figures/cvae_alignment_polar.png
2026-09-03 11:48:06 | INFO     | energy_stress.ukhls_cor_cvae | CVAE-SEM alignment: mean |r| = 0.522 (bar: >=0.40)
2026-09-03 11:48:11 | INFO     | energy_stress.ukhls_cor_cvae | Saved cvae_counterfactual_fes_shift.csv
2026-09-03 11:48:11 | INFO     | energy_stress.ukhls_cor_cvae | Counterfactual FES shift (each household's own fes_current -> its own wave's fes_magnitude, mean=-1.452): mean prob shift=-0.0002, mean distance-from-resilient shift=-0.0003 -- SIMULATION on the trained model, not an observation.
2026-09-03 11:48:12 | INFO     | energy_stress.ukhls_cor_cvae | Saved Stage 2c CVAE latent scores: 253913 rows
2026-09-03 11:48:12 | INFO     | energy_stress.ukhls_cor_cvae | Stage 2c (FES-conditioned COR-CVAE) complete.
2026-09-03 11:48:12 | INFO     | energy_stress.household_stream | Stage 2c scores: ['cvae_object_z', 'cvae_condition_z', 'cvae_personal_z', 'cvae_energy_z']
2026-09-03 11:48:12 | INFO     | energy_stress.household_stream | ========================================
2026-09-03 11:48:12 | INFO     | energy_stress.household_stream | STAGE 3: Vulnerability identification (fuzzy c-means + one-class SVM, driver analysis, policy figures)
2026-09-03 11:48:12 | INFO     | energy_stress.household_stream | ========================================
2026-09-03 11:48:13 | INFO     | energy_stress.ukhls_cor_sem | Saved structural_paths_baseline.csv
2026-09-03 11:48:13 | INFO     | energy_stress.ukhls_cor_sem | Saved structural_fit_indices_baseline.csv
2026-09-03 11:48:13 | INFO     | energy_stress.ukhls_cor_sem | Saved figure structural_paths_baseline.png
2026-09-03 11:48:22 | INFO     | energy_stress.sem_mediation | [OLS COR-SEM: BASELINE x FES Delta -> fuel_to_income_ratio] R²=0.136  n=255324
2026-09-03 11:48:22 | INFO     | energy_stress.ukhls_cor_sem | Saved fes_moderation_path.csv
2026-09-03 11:48:22 | INFO     | energy_stress.ukhls_cor_sem | FES moderation: baseline_x_fes coef=-0.00025 p=0.0207 -> CONSISTENT with COR (expected: negative & significant)
2026-09-03 11:48:24 | INFO     | energy_stress.ukhls_cor_sem | Saved COR-SEM factor scores: 339201 rows
2026-09-03 11:48:24 | INFO     | energy_stress.ukhls_cor_sem | COR-SEM (Stage 2b) complete.
2026-09-03 11:48:24 | INFO     | energy_stress.household_stream | Stage 2b scores: ['object_score', 'condition_score', 'personal_score', 'energy_score', 'baseline_resource_score']
2026-09-03 11:48:24 | INFO     | energy_stress.household_stream | Stage 2c skipped (--skip-cvae)
2026-09-03 11:48:24 | INFO     | energy_stress.household_stream | ========================================
2026-09-03 11:48:24 | INFO     | energy_stress.household_stream | STAGE 3: Vulnerability identification (fuzzy c-means + one-class SVM, driver analysis, policy figures)
2026-09-03 11:48:24 | INFO     | energy_stress.household_stream | ========================================
2026-09-03 11:48:30 | INFO     | energy_stress.ukhls_vulnerability_classification | Stage 3: fuzzy c-means...
2026-09-03 11:48:37 | INFO     | energy_stress.ukhls_vulnerability_classification | Fuzzy c-means fit: FPC (partition coefficient) = 0.4622 (n=253913, c=3)
2026-09-03 11:48:38 | INFO     | energy_stress.ukhls_vulnerability_classification | Cluster identification (corr with fuel_to_income_ratio): {'cluster_0': np.float64(0.261960304735938), 'cluster_1': np.float64(-0.2462021564464846), 'cluster_2': np.float64(-0.03408738866554665)} -> depleted=cluster_0 (r=0.262), resilient=cluster_1 (r=-0.246)
2026-09-03 11:48:38 | INFO     | energy_stress.ukhls_vulnerability_classification | Stage 3: one-class SVM...
2026-09-03 11:48:38 | INFO     | energy_stress.ukhls_vulnerability_classification | One-Class SVM reference group: n=63479 resilient households (ratio<=0.0229, P25)
2026-09-03 11:48:49 | INFO     | energy_stress.ukhls_vulnerability_classification | Stage 3: fuzzy c-means...
2026-09-03 11:48:59 | INFO     | energy_stress.ukhls_vulnerability_classification | Fuzzy c-means fit: FPC (partition coefficient) = 0.4562 (n=336482, c=3)
2026-09-03 11:48:59 | INFO     | energy_stress.ukhls_vulnerability_classification | Cluster identification (corr with fuel_to_income_ratio): {'cluster_0': np.float64(-0.28427902334195937), 'cluster_1': np.float64(0.28052691463455065), 'cluster_2': np.float64(-0.0007946100602104176)} -> depleted=cluster_1 (r=0.281), resilient=cluster_0 (r=-0.284)
2026-09-03 11:48:59 | INFO     | energy_stress.ukhls_vulnerability_classification | Stage 3: one-class SVM...
2026-09-03 11:48:59 | WARNING  | energy_stress.ukhls_vulnerability_classification | Too few CVAE latent columns available for One-Class SVM
2026-09-03 11:48:59 | INFO     | energy_stress.ukhls_vulnerability_classification | Stage 3: driver analysis (logistic regression)...
2026-09-03 11:49:02 | INFO     | energy_stress.ukhls_vulnerability_classification | Saved driver_analysis_logistic_regression.csv
2026-09-03 11:49:02 | INFO     | energy_stress.ukhls_vulnerability_classification | Driver analysis (logistic regression, n=103621, pseudo-R2=0.1475):
             predictor     coef  odds_ratio  std_err  p_value  significant      n
financial_strain_score  1.93135      6.8988  0.10372   0.0000         True 103621
          large_family  0.52041      1.6827  0.06204   0.0000         True 103621
       tenure_security  0.44796      1.5651  0.06185   0.0000         True 103621
           health_good  0.31793      1.3743  0.03315   0.0000         True 103621
                hsbeds  0.28328      1.3275  0.01490   0.0000         True 103621
    workless_household  0.21143      1.2354  0.04476   0.0000         True 103621
           lone_parent  0.20105      1.2227  0.04173   0.0000         True 103621
               hsrooms  0.09948      1.1046  0.01199   0.0000         True 103621
             fes_delta  0.01759      1.0177  0.01698   0.3003        False 103621
                 dvage -0.00668      0.9933  0.00112   0.0000         True 103621
                heatch -0.06302      0.9389  0.05375   0.2410        False 103621
              sf1_good -0.18727      0.8292  0.05519   0.0007         True 103621
                 ncars -0.18881      0.8279  0.01433   0.0000         True 103621
         bill_security -0.24651      0.7815  0.07396   0.0009         True 103621
           qfhigh_band -0.69755      0.4978  0.03613   0.0000         True 103621
           ieqmoecd_dv -1.29300      0.2744  0.03319   0.0000         True 103621
       jbstat_security -1.80679      0.1642  0.06493   0.0000         True 103621
2026-09-03 11:49:02 | INFO     | energy_stress.ukhls_vulnerability_classification | Stage 3: validating against the objective fuel_to_income_ratio...
2026-09-03 11:49:03 | INFO     | energy_stress.ukhls_vulnerability_classification | Saved stage3_validation_against_objective_ratio.csv
2026-09-03 11:49:03 | INFO     | energy_stress.ukhls_vulnerability_classification | Stage 3 validation (vs. objective fuel_to_income_ratio):
                 method      n  pearson_r_vs_ratio  spearman_r_vs_ratio  auc_vs_high_fuel_vulnerable
fuzzy_resource_depleted 253913              0.2805               0.3649                       0.7606
2026-09-03 11:49:03 | INFO     | energy_stress.ukhls_vulnerability_classification | Stage 3: equivalisation robustness check...
2026-09-03 11:49:03 | INFO     | energy_stress.ukhls_vulnerability_classification | Saved equivalisation_robustness_check_correlations.csv
2026-09-03 11:49:03 | INFO     | energy_stress.ukhls_vulnerability_classification | Saved equivalisation_robustness_check_flips_by_hhsize.csv
2026-09-03 11:49:03 | INFO     | energy_stress.ukhls_vulnerability_classification | Saved figure equivalisation_robustness_check_flips_by_hhsize.png
2026-09-03 11:49:03 | INFO     | energy_stress.ukhls_vulnerability_classification | Equivalisation robustness check: correlations=[{'method': 'fuzzy_resource_depleted', 'n': 253716, 'pearson_r_vs_equivalised_ratio': 0.2289, 'auc_vs_high_fuel_vulnerable_equivalised': 0.676}], flips by household size=[{'hhsize_bucket': '1', 'pct_flipped': 0.0, 'n': 61422}, {'hhsize_bucket': '2', 'pct_flipped': 10.540724752925138, 'n': 88030}, {'hhsize_bucket': '3', 'pct_flipped': 16.600009522449174, 'n': 42006}, {'hhsize_bucket': '4', 'pct_flipped': 22.89697717458359, 'n': 40525}, {'hhsize_bucket': '5+', 'pct_flipped': 42.53305677988074, 'n': 23142}]
2026-09-03 11:49:03 | INFO     | energy_stress.ukhls_vulnerability_classification | Stage 3: policy figures (spread + drivers)...
2026-09-03 11:49:03 | INFO     | energy_stress.ukhls_vulnerability_classification | Saved policy_vulnerability_by_wave.csv
2026-09-03 11:49:03 | INFO     | energy_stress.ukhls_vulnerability_classification | Saved figure policy_vulnerability_by_wave.png
2026-09-03 11:49:06 | INFO     | energy_stress.ukhls_vulnerability_classification | Saved policy_vulnerability_by_region.csv
2026-09-03 11:49:06 | INFO     | energy_stress.ukhls_vulnerability_classification | Saved figure policy_vulnerability_by_region.png
2026-09-03 11:49:08 | INFO     | energy_stress.ukhls_vulnerability_classification | Saved policy_vulnerability_by_ethnicity.csv
2026-09-03 11:49:08 | INFO     | energy_stress.ukhls_vulnerability_classification | Saved figure policy_vulnerability_by_ethnicity.png
2026-09-03 11:49:12 | INFO     | energy_stress.ukhls_vulnerability_classification | Saved policy_vulnerability_by_disability.csv
2026-09-03 11:49:12 | INFO     | energy_stress.ukhls_vulnerability_classification | Saved figure policy_vulnerability_by_disability.png
2026-09-03 11:49:18 | INFO     | energy_stress.ukhls_vulnerability_classification | Saved policy_vulnerability_by_tenure.csv
2026-09-03 11:49:18 | INFO     | energy_stress.ukhls_vulnerability_classification | Saved figure policy_vulnerability_by_tenure.png
2026-09-03 11:49:24 | INFO     | energy_stress.ukhls_vulnerability_classification | Saved policy_vulnerability_by_family_composition.csv
2026-09-03 11:49:24 | INFO     | energy_stress.ukhls_vulnerability_classification | Saved figure policy_vulnerability_by_family_composition.png
2026-09-03 11:49:31 | INFO     | energy_stress.ukhls_vulnerability_classification | Saved policy_vulnerability_by_employment.csv
2026-09-03 11:49:31 | INFO     | energy_stress.ukhls_vulnerability_classification | Saved figure policy_vulnerability_by_employment.png
2026-09-03 11:49:34 | INFO     | energy_stress.ukhls_vulnerability_classification | Saved policy_vulnerability_region_year_heatmap.csv
2026-09-03 11:49:35 | INFO     | energy_stress.ukhls_vulnerability_classification | Saved figure policy_vulnerability_region_year_heatmap.png
2026-09-03 11:49:39 | INFO     | energy_stress.ukhls_vulnerability_classification | Saved policy_vulnerability_by_fes_tier.csv
2026-09-03 11:49:39 | INFO     | energy_stress.ukhls_vulnerability_classification | Saved figure policy_vulnerability_by_fes_tier.png
2026-09-03 11:49:40 | INFO     | energy_stress.ukhls_vulnerability_classification | Stage 3: driver analysis (logistic regression)...
2026-09-03 11:49:40 | INFO     | energy_stress.ukhls_vulnerability_classification | Saved figure policy_driver_odds_ratios.png
2026-09-03 11:49:40 | INFO     | energy_stress.ukhls_vulnerability_classification | Stage 3: real UK region maps (vulnerability, resource, strain)...
2026-09-03 11:49:44 | INFO     | energy_stress.ukhls_vulnerability_classification | Saved driver_analysis_logistic_regression.csv
2026-09-03 11:49:44 | INFO     | energy_stress.ukhls_vulnerability_classification | Driver analysis (logistic regression, n=103621, pseudo-R2=0.1475):
             predictor     coef  odds_ratio  std_err  p_value  significant      n
financial_strain_score  1.93135      6.8988  0.10372   0.0000         True 103621
          large_family  0.52041      1.6827  0.06204   0.0000         True 103621
       tenure_security  0.44796      1.5651  0.06185   0.0000         True 103621
           health_good  0.31793      1.3743  0.03315   0.0000         True 103621
                hsbeds  0.28328      1.3275  0.01490   0.0000         True 103621
    workless_household  0.21143      1.2354  0.04476   0.0000         True 103621
           lone_parent  0.20105      1.2227  0.04173   0.0000         True 103621
               hsrooms  0.09948      1.1046  0.01199   0.0000         True 103621
             fes_delta  0.01759      1.0177  0.01698   0.3003        False 103621
                 dvage -0.00668      0.9933  0.00112   0.0000         True 103621
                heatch -0.06302      0.9389  0.05375   0.2410        False 103621
              sf1_good -0.18727      0.8292  0.05519   0.0007         True 103621
                 ncars -0.18881      0.8279  0.01433   0.0000         True 103621
         bill_security -0.24651      0.7815  0.07396   0.0009         True 103621
           qfhigh_band -0.69755      0.4978  0.03613   0.0000         True 103621
           ieqmoecd_dv -1.29300      0.2744  0.03319   0.0000         True 103621
       jbstat_security -1.80679      0.1642  0.06493   0.0000         True 103621
2026-09-03 11:49:44 | INFO     | energy_stress.ukhls_vulnerability_classification | Stage 3: validating against the objective fuel_to_income_ratio...
2026-09-03 11:49:44 | INFO     | energy_stress.ukhls_vulnerability_classification | Saved stage3_validation_against_objective_ratio.csv
2026-09-03 11:49:44 | INFO     | energy_stress.ukhls_vulnerability_classification | Stage 3 validation (vs. objective fuel_to_income_ratio):
                 method      n  pearson_r_vs_ratio  spearman_r_vs_ratio  auc_vs_high_fuel_vulnerable
fuzzy_resource_depleted 253913              0.2620               0.3698                       0.7467
 oneclass_anomaly_score 253913              0.1656               0.1246                       0.6171
2026-09-03 11:49:44 | INFO     | energy_stress.ukhls_vulnerability_classification | Stage 3: equivalisation robustness check...
2026-09-03 11:49:44 | INFO     | energy_stress.ukhls_vulnerability_classification | Saved equivalisation_robustness_check_correlations.csv
2026-09-03 11:49:44 | INFO     | energy_stress.ukhls_vulnerability_classification | Saved equivalisation_robustness_check_flips_by_hhsize.csv
2026-09-03 11:49:44 | INFO     | energy_stress.ukhls_vulnerability_classification | Saved figure equivalisation_robustness_check_flips_by_hhsize.png
2026-09-03 11:49:44 | INFO     | energy_stress.ukhls_vulnerability_classification | Equivalisation robustness check: correlations=[{'method': 'fuzzy_resource_depleted', 'n': 253716, 'pearson_r_vs_equivalised_ratio': 0.2083, 'auc_vs_high_fuel_vulnerable_equivalised': 0.6705}, {'method': 'oneclass_anomaly_score', 'n': 253716, 'pearson_r_vs_equivalised_ratio': 0.1433, 'auc_vs_high_fuel_vulnerable_equivalised': 0.5471}], flips by household size=[{'hhsize_bucket': '1', 'pct_flipped': 0.0, 'n': 61422}, {'hhsize_bucket': '2', 'pct_flipped': 10.540724752925138, 'n': 88030}, {'hhsize_bucket': '3', 'pct_flipped': 16.600009522449174, 'n': 42006}, {'hhsize_bucket': '4', 'pct_flipped': 22.89697717458359, 'n': 40525}, {'hhsize_bucket': '5+', 'pct_flipped': 42.53305677988074, 'n': 23142}]
2026-09-03 11:49:44 | INFO     | energy_stress.ukhls_vulnerability_classification | Stage 3: policy figures (spread + drivers)...
2026-09-03 11:49:44 | INFO     | energy_stress.ukhls_vulnerability_classification | Saved policy_vulnerability_by_wave.csv
2026-09-03 11:49:44 | INFO     | energy_stress.ukhls_geo_maps | Saved choropleth policy_vulnerability_by_region_map (12/12 regions matched)
2026-09-03 11:49:45 | INFO     | energy_stress.ukhls_vulnerability_classification | Saved figure policy_vulnerability_by_wave.png
2026-09-03 11:49:45 | INFO     | energy_stress.ukhls_geo_maps | Saved choropleth policy_map_baseline_resource_by_region (12/12 regions matched)
2026-09-03 11:49:46 | INFO     | energy_stress.ukhls_geo_maps | Saved choropleth policy_map_financial_strain_by_region (12/12 regions matched)
2026-09-03 11:49:46 | INFO     | energy_stress.ukhls_vulnerability_classification | Stage 3: additional policy-analysis angles (temporal change, regional drivers)...
2026-09-03 11:49:50 | INFO     | energy_stress.ukhls_vulnerability_classification | Saved policy_vulnerability_by_region.csv
2026-09-03 11:49:50 | INFO     | energy_stress.ukhls_vulnerability_classification | Saved figure policy_vulnerability_by_region.png
2026-09-03 11:49:53 | INFO     | energy_stress.ukhls_vulnerability_classification | Saved policy_temporal_change_by_region.csv
2026-09-03 11:49:53 | INFO     | energy_stress.ukhls_geo_maps | Saved choropleth policy_temporal_change_map (12/12 regions matched)
2026-09-03 11:50:00 | INFO     | energy_stress.ukhls_vulnerability_classification | Saved policy_vulnerability_by_ethnicity.csv
2026-09-03 11:50:00 | INFO     | energy_stress.ukhls_vulnerability_classification | Saved figure policy_vulnerability_by_ethnicity.png
2026-09-03 11:50:03 | INFO     | energy_stress.ukhls_vulnerability_classification | Saved policy_vulnerability_by_disability.csv
2026-09-03 11:50:03 | INFO     | energy_stress.ukhls_vulnerability_classification | Saved figure policy_vulnerability_by_disability.png
2026-09-03 11:50:09 | INFO     | energy_stress.ukhls_vulnerability_classification | Saved policy_vulnerability_by_tenure.csv
2026-09-03 11:50:09 | INFO     | energy_stress.ukhls_vulnerability_classification | Saved figure policy_vulnerability_by_tenure.png
2026-09-03 11:50:10 | INFO     | energy_stress.ukhls_vulnerability_classification | Saved driver_analysis_by_region.csv
2026-09-03 11:50:11 | INFO     | energy_stress.ukhls_vulnerability_classification | Saved figure driver_analysis_by_region.png
2026-09-03 11:50:13 | INFO     | energy_stress.ukhls_vulnerability_classification | Saved Stage 3 vulnerability scores: 339201 rows
2026-09-03 11:50:13 | INFO     | energy_stress.ukhls_vulnerability_classification | Stage 3 (vulnerability identification + policy figures) complete.
2026-09-03 11:50:13 | INFO     | energy_stress.household_stream | ========================================
2026-09-03 11:50:13 | INFO     | energy_stress.household_stream | STAGE 4: Policy geography maps (real UK region boundaries: hotspot / fuzzy membership / vulnerability shift)
2026-09-03 11:50:13 | INFO     | energy_stress.household_stream | ========================================
2026-09-03 11:50:13 | INFO     | energy_stress.ukhls_policy_maps | Stage 4: Map 1 (resource-to-stress hotspot)...
2026-09-03 11:50:13 | INFO     | energy_stress.ukhls_policy_maps | Saved map1_resource_stress_hotspot.csv
2026-09-03 11:50:13 | INFO     | energy_stress.ukhls_vulnerability_classification | Saved policy_vulnerability_by_family_composition.csv
2026-09-03 11:50:13 | INFO     | energy_stress.ukhls_vulnerability_classification | Saved figure policy_vulnerability_by_family_composition.png
2026-09-03 11:50:14 | INFO     | energy_stress.ukhls_policy_maps | Saved figure policy_map1_resource_stress_hotspot.png
2026-09-03 11:50:14 | INFO     | energy_stress.ukhls_policy_maps | Stage 4: Map 2 (fuzzy membership)...
2026-09-03 11:50:15 | INFO     | energy_stress.ukhls_geo_maps | Saved choropleth policy_map2_fuzzy_membership (12/12 regions matched)
2026-09-03 11:50:15 | INFO     | energy_stress.ukhls_policy_maps | Stage 4: Map 3 (vulnerability vector shift)...
2026-09-03 11:50:15 | WARNING  | energy_stress.ukhls_policy_maps | No counterfactual data (with gor_dv) available -- Map 3 (Vulnerability Vector Shift) skipped.
2026-09-03 11:50:15 | INFO     | energy_stress.ukhls_policy_maps | Stage 4 (policy geography maps) complete.
2026-09-03 11:50:15 | INFO     | energy_stress.household_stream | ========================================
2026-09-03 11:50:15 | INFO     | energy_stress.household_stream | STAGE 5: Forward vulnerability prediction (hrpid-linked wave transitions, 2009-2024 -> next-year prediction)
2026-09-03 11:50:15 | INFO     | energy_stress.household_stream | ========================================
2026-09-03 11:50:19 | INFO     | energy_stress.ukhls_vulnerability_classification | Saved policy_vulnerability_by_employment.csv
2026-09-03 11:50:19 | INFO     | energy_stress.ukhls_vulnerability_classification | Saved figure policy_vulnerability_by_employment.png
2026-09-03 11:50:21 | INFO     | energy_stress.ukhls_vulnerability_classification | Saved policy_vulnerability_region_year_heatmap.csv
2026-09-03 11:50:22 | INFO     | energy_stress.ukhls_vulnerability_classification | Saved figure policy_vulnerability_region_year_heatmap.png
2026-09-03 11:50:27 | INFO     | energy_stress.ukhls_forward_prediction | Stage 5 features: ['object_score', 'condition_score', 'personal_score', 'energy_score', 'financial_strain_score', 'dvage', 'heatch', 'lone_parent', 'large_family', 'workless_household', 'fes_magnitude']
2026-09-03 11:50:27 | INFO     | energy_stress.ukhls_forward_prediction | Stage 5: building hrpid-linked wave-to-wave transition pairs...
2026-09-03 11:50:27 | INFO     | energy_stress.ukhls_forward_prediction | Transition a->b: 21886/30169 wave-a households linked via hrpid (72.5%)
2026-09-03 11:50:27 | INFO     | energy_stress.ukhls_forward_prediction | Transition b->c: 24404/30484 wave-b households linked via hrpid (80.1%)
2026-09-03 11:50:27 | INFO     | energy_stress.ukhls_forward_prediction | Transition c->d: 22961/27751 wave-c households linked via hrpid (82.7%)
2026-09-03 11:50:27 | INFO     | energy_stress.ukhls_forward_prediction | Transition d->e: 22034/25817 wave-d households linked via hrpid (85.3%)
2026-09-03 11:50:27 | INFO     | energy_stress.ukhls_vulnerability_classification | Saved policy_vulnerability_by_fes_tier.csv
2026-09-03 11:50:27 | INFO     | energy_stress.ukhls_forward_prediction | Transition e->f: 19771/24325 wave-e households linked via hrpid (81.3%)
2026-09-03 11:50:27 | INFO     | energy_stress.ukhls_forward_prediction | Transition f->g: 20001/24452 wave-f households linked via hrpid (81.8%)
2026-09-03 11:50:27 | INFO     | energy_stress.ukhls_forward_prediction | Transition g->h: 19288/23033 wave-g households linked via hrpid (83.7%)
2026-09-03 11:50:27 | INFO     | energy_stress.ukhls_vulnerability_classification | Saved figure policy_vulnerability_by_fes_tier.png
2026-09-03 11:50:27 | INFO     | energy_stress.ukhls_forward_prediction | Transition h->i: 17954/21746 wave-h households linked via hrpid (82.6%)
2026-09-03 11:50:27 | INFO     | energy_stress.ukhls_forward_prediction | Transition i->j: 17083/20048 wave-i households linked via hrpid (85.2%)
2026-09-03 11:50:28 | INFO     | energy_stress.ukhls_forward_prediction | Transition j->k: 16234/19252 wave-j households linked via hrpid (84.3%)
2026-09-03 11:50:28 | INFO     | energy_stress.ukhls_forward_prediction | Transition k->l: 15021/18139 wave-k households linked via hrpid (82.8%)
2026-09-03 11:50:28 | INFO     | energy_stress.ukhls_forward_prediction | Transition l->m: 14253/16856 wave-l households linked via hrpid (84.6%)
2026-09-03 11:50:28 | INFO     | energy_stress.ukhls_forward_prediction | Transition m->n: 13725/16156 wave-m households linked via hrpid (85.0%)
2026-09-03 11:50:28 | INFO     | energy_stress.ukhls_forward_prediction | Transition n->o: 17144/21385 wave-n households linked via hrpid (80.2%)
2026-09-03 11:50:28 | INFO     | energy_stress.ukhls_vulnerability_classification | Saved figure policy_driver_odds_ratios.png
2026-09-03 11:50:28 | INFO     | energy_stress.ukhls_vulnerability_classification | Stage 3: real UK region maps (vulnerability, resource, strain)...
2026-09-03 11:50:30 | INFO     | energy_stress.ukhls_geo_maps | Saved choropleth policy_vulnerability_by_region_map (12/12 regions matched)
2026-09-03 11:50:31 | INFO     | energy_stress.ukhls_geo_maps | Saved choropleth policy_map_baseline_resource_by_region (12/12 regions matched)
2026-09-03 11:50:32 | INFO     | energy_stress.ukhls_geo_maps | Saved choropleth policy_map_financial_strain_by_region (12/12 regions matched)
2026-09-03 11:50:32 | INFO     | energy_stress.ukhls_vulnerability_classification | Stage 3: additional policy-analysis angles (temporal change, regional drivers)...
2026-09-03 11:50:32 | INFO     | energy_stress.ukhls_forward_prediction | Saved stage5_transition_pairs.csv
2026-09-03 11:50:32 | INFO     | energy_stress.ukhls_forward_prediction | Stage 5: 261759 linked household transition rows across 14 wave-pairs
2026-09-03 11:50:32 | INFO     | energy_stress.ukhls_forward_prediction | Stage 5: walk-forward validation (train on earlier waves, hold out the 2 most recent known transitions)...
2026-09-03 11:50:34 | INFO     | energy_stress.ukhls_forward_prediction | Saved stage5_validation_metrics.csv
2026-09-03 11:50:34 | INFO     | energy_stress.ukhls_forward_prediction | Stage 5 walk-forward validation (held out m->n, n->o): AUC=0.7604, Pearson r=0.2695, n_train=177408, n_val=21161
2026-09-03 11:50:34 | INFO     | energy_stress.ukhls_forward_prediction | Saved figure stage5_validation_roc.png
2026-09-03 11:50:34 | INFO     | energy_stress.ukhls_forward_prediction | Stage 5: refitting on all known transitions and scoring the latest wave...
2026-09-03 11:50:36 | INFO     | energy_stress.ukhls_forward_prediction | Saved stage5_driver_coefficients.csv
2026-09-03 11:50:36 | INFO     | energy_stress.ukhls_forward_prediction | Saved stage5_forward_predictions.csv
2026-09-03 11:50:36 | INFO     | energy_stress.ukhls_forward_prediction | Stage 5: scored 19140/19586 wave-o households for their own next interview year (mean predicted probability=0.0683, 446 could not be scored -- missing features)
2026-09-03 11:50:36 | INFO     | energy_stress.ukhls_forward_prediction | Stage 5: forward-prediction policy figures...
2026-09-03 11:50:37 | INFO     | energy_stress.ukhls_geo_maps | Saved choropleth stage5_forward_prediction_map (12/12 regions matched)
2026-09-03 11:50:37 | INFO     | energy_stress.ukhls_forward_prediction | Saved stage5_forward_prediction_by_month.csv
2026-09-03 11:50:37 | INFO     | energy_stress.ukhls_forward_prediction | Saved figure stage5_forward_prediction_by_month.png
2026-09-03 11:50:37 | INFO     | energy_stress.ukhls_forward_prediction | Stage 5 (forward vulnerability prediction) complete.
2026-09-03 11:50:38 | INFO     | energy_stress.ukhls_vulnerability_classification | Saved policy_temporal_change_by_region.csv
2026-09-03 11:50:38 | INFO     | energy_stress.ukhls_geo_maps | Saved choropleth policy_temporal_change_map (12/12 regions matched)
2026-09-03 11:50:53 | INFO     | energy_stress.ukhls_vulnerability_classification | Saved driver_analysis_by_region.csv
2026-09-03 11:50:54 | INFO     | energy_stress.ukhls_vulnerability_classification | Saved figure driver_analysis_by_region.png
2026-09-03 11:50:57 | INFO     | energy_stress.ukhls_vulnerability_classification | Saved Stage 3 vulnerability scores: 339201 rows
2026-09-03 11:50:57 | INFO     | energy_stress.ukhls_vulnerability_classification | Stage 3 (vulnerability identification + policy figures) complete.
2026-09-03 11:50:57 | INFO     | energy_stress.household_stream | ========================================
2026-09-03 11:50:57 | INFO     | energy_stress.household_stream | STAGE 4: Policy geography maps (real UK region boundaries: hotspot / fuzzy membership / vulnerability shift)
2026-09-03 11:50:57 | INFO     | energy_stress.household_stream | ========================================
2026-09-03 11:50:57 | INFO     | energy_stress.ukhls_policy_maps | Stage 4: Map 1 (resource-to-stress hotspot)...
2026-09-03 11:50:57 | INFO     | energy_stress.ukhls_policy_maps | Saved map1_resource_stress_hotspot.csv
2026-09-03 11:50:59 | INFO     | energy_stress.ukhls_policy_maps | Saved figure policy_map1_resource_stress_hotspot.png
2026-09-03 11:50:59 | INFO     | energy_stress.ukhls_policy_maps | Stage 4: Map 2 (fuzzy membership)...
2026-09-03 11:51:00 | INFO     | energy_stress.ukhls_geo_maps | Saved choropleth policy_map2_fuzzy_membership (12/12 regions matched)
2026-09-03 11:51:00 | INFO     | energy_stress.ukhls_policy_maps | Stage 4: Map 3 (vulnerability vector shift)...
2026-09-03 11:51:00 | INFO     | energy_stress.ukhls_policy_maps | Saved map3_vulnerability_vector_shift.csv
2026-09-03 11:51:00 | INFO     | energy_stress.ukhls_policy_maps | Saved figure policy_map3_vulnerability_vector_shift.png
2026-09-03 11:51:00 | INFO     | energy_stress.ukhls_policy_maps | Stage 4 (policy geography maps) complete.
2026-09-03 11:51:00 | INFO     | energy_stress.household_stream | ========================================
2026-09-03 11:51:00 | INFO     | energy_stress.household_stream | STAGE 5: Forward vulnerability prediction (hrpid-linked wave transitions, 2009-2024 -> next-year prediction)
2026-09-03 11:51:00 | INFO     | energy_stress.household_stream | ========================================
2026-09-03 11:51:12 | INFO     | energy_stress.ukhls_forward_prediction | Stage 5 features: ['object_score', 'condition_score', 'personal_score', 'energy_score', 'financial_strain_score', 'dvage', 'heatch', 'lone_parent', 'large_family', 'workless_household', 'fes_magnitude']
2026-09-03 11:51:12 | INFO     | energy_stress.ukhls_forward_prediction | Stage 5: building hrpid-linked wave-to-wave transition pairs...
2026-09-03 11:51:13 | INFO     | energy_stress.ukhls_forward_prediction | Transition a->b: 21886/30169 wave-a households linked via hrpid (72.5%)
2026-09-03 11:51:14 | INFO     | energy_stress.ukhls_forward_prediction | Transition b->c: 24404/30484 wave-b households linked via hrpid (80.1%)
2026-09-03 11:51:14 | INFO     | energy_stress.ukhls_forward_prediction | Transition c->d: 22961/27751 wave-c households linked via hrpid (82.7%)
2026-09-03 11:51:14 | INFO     | energy_stress.ukhls_forward_prediction | Transition d->e: 22034/25817 wave-d households linked via hrpid (85.3%)
2026-09-03 11:51:15 | INFO     | energy_stress.ukhls_forward_prediction | Transition e->f: 19771/24325 wave-e households linked via hrpid (81.3%)
2026-09-03 11:51:16 | INFO     | energy_stress.ukhls_forward_prediction | Transition f->g: 20001/24452 wave-f households linked via hrpid (81.8%)
2026-09-03 11:51:16 | INFO     | energy_stress.ukhls_forward_prediction | Transition g->h: 19288/23033 wave-g households linked via hrpid (83.7%)
2026-09-03 11:51:16 | INFO     | energy_stress.ukhls_forward_prediction | Transition h->i: 17954/21746 wave-h households linked via hrpid (82.6%)
2026-09-03 11:51:17 | INFO     | energy_stress.ukhls_forward_prediction | Transition i->j: 17083/20048 wave-i households linked via hrpid (85.2%)
2026-09-03 11:51:17 | INFO     | energy_stress.ukhls_forward_prediction | Transition j->k: 16234/19252 wave-j households linked via hrpid (84.3%)
2026-09-03 11:51:17 | INFO     | energy_stress.ukhls_forward_prediction | Transition k->l: 15021/18139 wave-k households linked via hrpid (82.8%)
2026-09-03 11:51:17 | INFO     | energy_stress.ukhls_forward_prediction | Transition l->m: 14253/16856 wave-l households linked via hrpid (84.6%)
2026-09-03 11:51:17 | INFO     | energy_stress.ukhls_forward_prediction | Transition m->n: 13725/16156 wave-m households linked via hrpid (85.0%)
2026-09-03 11:51:17 | INFO     | energy_stress.ukhls_forward_prediction | Transition n->o: 17144/21385 wave-n households linked via hrpid (80.2%)
2026-09-03 11:51:20 | INFO     | energy_stress.household_stream | Saved merged UKHLS panel + latent scores: ukhls_panel.csv (339201 rows, 88 columns)
2026-09-03 11:51:24 | INFO     | energy_stress.ukhls_forward_prediction | Saved stage5_transition_pairs.csv
2026-09-03 11:51:24 | INFO     | energy_stress.ukhls_forward_prediction | Stage 5: 261759 linked household transition rows across 14 wave-pairs
2026-09-03 11:51:24 | INFO     | energy_stress.ukhls_forward_prediction | Stage 5: walk-forward validation (train on earlier waves, hold out the 2 most recent known transitions)...
2026-09-03 11:51:26 | INFO     | energy_stress.ukhls_forward_prediction | Saved stage5_validation_metrics.csv
2026-09-03 11:51:26 | INFO     | energy_stress.ukhls_forward_prediction | Stage 5 walk-forward validation (held out m->n, n->o): AUC=0.7604, Pearson r=0.2695, n_train=177408, n_val=21161
2026-09-03 11:51:26 | INFO     | energy_stress.ukhls_forward_prediction | Saved figure stage5_validation_roc.png
2026-09-03 11:51:26 | INFO     | energy_stress.ukhls_forward_prediction | Stage 5: refitting on all known transitions and scoring the latest wave...
2026-09-03 11:51:27 | INFO     | energy_stress.ukhls_forward_prediction | Saved stage5_driver_coefficients.csv
2026-09-03 11:51:27 | INFO     | energy_stress.ukhls_forward_prediction | Saved stage5_forward_predictions.csv
2026-09-03 11:51:27 | INFO     | energy_stress.ukhls_forward_prediction | Stage 5: scored 19140/19586 wave-o households for their own next interview year (mean predicted probability=0.0683, 446 could not be scored -- missing features)
2026-09-03 11:51:27 | INFO     | energy_stress.ukhls_forward_prediction | Stage 5: forward-prediction policy figures...
2026-09-03 11:51:28 | INFO     | energy_stress.ukhls_geo_maps | Saved choropleth stage5_forward_prediction_map (12/12 regions matched)
2026-09-03 11:51:28 | INFO     | energy_stress.ukhls_forward_prediction | Saved stage5_forward_prediction_by_month.csv
2026-09-03 11:51:28 | INFO     | energy_stress.ukhls_forward_prediction | Saved figure stage5_forward_prediction_by_month.png
2026-09-03 11:51:28 | INFO     | energy_stress.ukhls_forward_prediction | Stage 5 (forward vulnerability prediction) complete.
2026-09-03 11:52:20 | INFO     | energy_stress.household_stream | Saved merged UKHLS panel + latent scores: ukhls_panel.csv (339201 rows, 92 columns)
2026-09-03 12:04:12 | INFO     | energy_stress.forecast_pipeline | ========================================
2026-09-03 12:04:12 | INFO     | energy_stress.forecast_pipeline | STAGE 4: FES computation — using existing forecast CSVs
2026-09-03 12:04:12 | INFO     | energy_stress.forecast_pipeline | ========================================
2026-09-03 12:04:12 | INFO     | energy_stress.forecast_pipeline | Loaded ranked metrics from outputs/tables/model_metrics_comparison.csv (24 rows)
2026-09-03 12:04:12 | INFO     | energy_stress.forecast_pipeline | --fes-only: inferred forecast window 2025-01-01..2025-12-01 from existing CSVs (refit_end=2024-12-01)
2026-09-03 12:04:13 | INFO     | energy_stress.fes | Best models selected:
2026-09-03 12:04:13 | INFO     | energy_stress.fes |   [carbon][core] → Prophet
2026-09-03 12:04:13 | INFO     | energy_stress.fes |   [carbon][macro] → TFT
2026-09-03 12:04:13 | INFO     | energy_stress.fes |   [electricity][core] → Prophet
2026-09-03 12:04:13 | INFO     | energy_stress.fes |   [electricity][macro] → LSTM
2026-09-03 12:04:13 | INFO     | energy_stress.fes |   [gas][core] → LSTM
2026-09-03 12:04:13 | INFO     | energy_stress.fes |   [gas][macro] → Prophet
2026-09-03 12:04:13 | INFO     | energy_stress.fes | Per-series mode selected for FES_selected (metric per series/mode: {('gas', 'core'): 'forecast_actual_MAE', ('gas', 'macro'): 'forecast_actual_MAE', ('electricity', 'core'): 'forecast_actual_MAE', ('electricity', 'macro'): 'forecast_actual_MAE', ('carbon', 'core'): 'forecast_actual_MAE', ('carbon', 'macro'): 'forecast_actual_MAE'}): {'gas': 'core', 'electricity': 'macro', 'carbon': 'core'}
2026-09-03 12:04:13 | INFO     | energy_stress.fes | FES_Weighted series weights (inverse validation-RMSE, normalized to mean 1.0): {'gas': 1.596580124528465, 'electricity': 1.110253592987894, 'carbon': 0.293166282483641}
2026-09-03 12:04:13 | INFO     | energy_stress.fes | [gas] train μ=9.8469, σ=30.5843 | unc_ref μ=10.8311, σ=13.4077
2026-09-03 12:04:13 | INFO     | energy_stress.fes | [electricity] train μ=8.1601, σ=15.8659 | unc_ref μ=6.2370, σ=6.3254
2026-09-03 12:04:13 | INFO     | energy_stress.fes | [carbon] train μ=5.7961, σ=154.2487 | unc_ref μ=60.7339, σ=97.7137
2026-09-03 12:04:13 | INFO     | energy_stress.fes | [actual real-vol] train μ=0.4649, σ=0.4370
2026-09-03 12:04:13 | INFO     | energy_stress.fes | Monthly FES saved → outputs/fes/fes_monthly_2025.csv
2026-09-03 12:04:13 | INFO     | energy_stress.fes | [gas] train μ=11.7698, σ=30.2056 | unc_ref μ=10.1990, σ=12.9773
2026-09-03 12:04:13 | INFO     | energy_stress.fes | [electricity] train μ=9.4676, σ=15.2322 | unc_ref μ=5.9154, σ=6.1036
2026-09-03 12:04:13 | INFO     | energy_stress.fes | [carbon] train μ=7.4441, σ=158.3806 | unc_ref μ=63.1782, σ=99.9694
2026-09-03 12:04:13 | INFO     | energy_stress.fes | [actual real-vol] train μ=0.4702, σ=0.4354
2026-09-03 12:04:13 | INFO     | energy_stress.fes | FES_actual, prior year 2024 (baseline for FES_selected's 2025 forecast): mean=-2.69529 -> outputs/fes/fes_prior_actual_2024.csv
2026-09-03 12:04:14 | INFO     | energy_stress.fes | FES comparison metrics saved → outputs/fes/fes_comparison_metrics.csv  (12 rows)
2026-09-03 12:04:14 | INFO     | energy_stress.fes | Best RMSE per variant:
FES_variant
Equal_Core        2.15137
Equal_Macro       1.54451
Equal_Selected    0.67266
Equal_Weighted    0.50251
2026-09-03 12:04:14 | INFO     | energy_stress.fes | FES summary saved → outputs/fes/fes_summary_2025.csv
2026-09-03 12:04:14 | INFO     | energy_stress.fes | FES components table saved → outputs/fes/fes_components_table.csv
2026-09-03 12:04:14 | INFO     | energy_stress.fes | Figure saved → outputs/figures/fes_monthly_2025.png
2026-09-03 12:04:15 | INFO     | energy_stress.fes | Figure saved → outputs/figures/fes_components_2025.png
2026-09-03 12:04:16 | INFO     | energy_stress.fes | Figure saved → outputs/figures/forecast_vs_actual_all_series.png
2026-09-03 12:04:16 | INFO     | energy_stress.fes | Figure saved → outputs/figures/forecast_vs_actual_gas.png
2026-09-03 12:04:16 | INFO     | energy_stress.fes | Figure saved → outputs/figures/forecast_vs_actual_electricity.png
2026-09-03 12:04:16 | INFO     | energy_stress.fes | Figure saved → outputs/figures/forecast_vs_actual_carbon.png
2026-09-03 12:04:17 | INFO     | energy_stress.fes | Figure saved → outputs/figures/fes_metrics_rmse_heatmap.png
2026-09-03 12:04:17 | INFO     | energy_stress.fes | Figure saved → outputs/figures/fes_metrics_pearson_r_heatmap.png
2026-09-03 12:04:18 | INFO     | energy_stress.plotting | Figure saved → outputs/figures/model_ranking_polar_gas_core.png
2026-09-03 12:04:18 | INFO     | energy_stress.plotting | Figure saved → outputs/figures/model_ranking_polar_gas_macro.png
2026-09-03 12:04:18 | INFO     | energy_stress.plotting | Figure saved → outputs/figures/model_ranking_polar_electricity_core.png
2026-09-03 12:04:18 | INFO     | energy_stress.plotting | Figure saved → outputs/figures/model_ranking_polar_electricity_macro.png
2026-09-03 12:04:19 | INFO     | energy_stress.plotting | Figure saved → outputs/figures/model_ranking_polar_carbon_core.png
2026-09-03 12:04:19 | INFO     | energy_stress.plotting | Figure saved → outputs/figures/model_ranking_polar_carbon_macro.png
2026-09-03 12:04:21 | INFO     | energy_stress.plotting | Figure saved → outputs/figures/prediction_intervals_2025.png
2026-09-03 12:04:21 | INFO     | energy_stress.plotting | Figure saved → outputs/figures/forecast_comparison_gas_core.png
2026-09-03 12:04:21 | INFO     | energy_stress.plotting | Figure saved → outputs/figures/forecast_comparison_gas_macro.png
2026-09-03 12:04:22 | INFO     | energy_stress.plotting | Figure saved → outputs/figures/forecast_comparison_electricity_core.png
2026-09-03 12:04:22 | INFO     | energy_stress.plotting | Figure saved → outputs/figures/forecast_comparison_electricity_macro.png
2026-09-03 12:04:22 | INFO     | energy_stress.plotting | Figure saved → outputs/figures/forecast_comparison_carbon_core.png
2026-09-03 12:04:23 | INFO     | energy_stress.plotting | Figure saved → outputs/figures/forecast_comparison_carbon_macro.png
2026-09-03 12:04:23 | INFO     | energy_stress.fes | Static target-year comparison figures complete
2026-09-03 12:04:23 | INFO     | energy_stress.plotting | Interactive figure saved → outputs/figures/interactive_gas_core.html
2026-09-03 12:04:23 | INFO     | energy_stress.plotting | Interactive figure saved → outputs/figures/interactive_gas_macro.html
2026-09-03 12:04:23 | INFO     | energy_stress.plotting | Interactive figure saved → outputs/figures/interactive_electricity_core.html
2026-09-03 12:04:23 | INFO     | energy_stress.plotting | Interactive figure saved → outputs/figures/interactive_electricity_macro.html
2026-09-03 12:04:23 | INFO     | energy_stress.plotting | Interactive figure saved → outputs/figures/interactive_carbon_core.html
2026-09-03 12:04:23 | INFO     | energy_stress.plotting | Interactive figure saved → outputs/figures/interactive_carbon_macro.html
2026-09-03 12:04:23 | INFO     | energy_stress.fes | Interactive timeline figures complete
2026-09-03 12:05:17 | INFO     | energy_stress.forecast_pipeline | ========================================
2026-09-03 12:05:17 | INFO     | energy_stress.forecast_pipeline | STAGE 4: FES computation — using existing forecast CSVs
2026-09-03 12:05:17 | INFO     | energy_stress.forecast_pipeline | ========================================
2026-09-03 12:05:17 | INFO     | energy_stress.forecast_pipeline | Loaded ranked metrics from outputs/tables/model_metrics_comparison.csv (24 rows)
2026-09-03 12:05:17 | INFO     | energy_stress.model_evaluation | Metrics table saved → outputs/tables/model_metrics_comparison.csv
2026-09-03 12:05:17 | INFO     | energy_stress.forecast_pipeline | --fes-only: inferred forecast window 2025-01-01..2025-12-01 from existing CSVs (refit_end=2024-12-01)
2026-09-03 12:05:17 | INFO     | energy_stress.fes | Best models selected:
2026-09-03 12:05:17 | INFO     | energy_stress.fes |   [carbon][core] → Prophet
2026-09-03 12:05:17 | INFO     | energy_stress.fes |   [carbon][macro] → TFT
2026-09-03 12:05:17 | INFO     | energy_stress.fes |   [electricity][core] → Prophet
2026-09-03 12:05:17 | INFO     | energy_stress.fes |   [electricity][macro] → LSTM
2026-09-03 12:05:17 | INFO     | energy_stress.fes |   [gas][core] → LSTM
2026-09-03 12:05:17 | INFO     | energy_stress.fes |   [gas][macro] → Prophet
2026-09-03 12:05:17 | INFO     | energy_stress.fes | Per-series mode selected for FES_selected (metric per series/mode: {('gas', 'core'): 'forecast_actual_MAE', ('gas', 'macro'): 'forecast_actual_MAE', ('electricity', 'core'): 'forecast_actual_MAE', ('electricity', 'macro'): 'forecast_actual_MAE', ('carbon', 'core'): 'forecast_actual_MAE', ('carbon', 'macro'): 'forecast_actual_MAE'}): {'gas': 'core', 'electricity': 'macro', 'carbon': 'core'}
2026-09-03 12:05:17 | INFO     | energy_stress.fes | FES_Weighted series weights (inverse validation-RMSE, normalized to mean 1.0): {'gas': 1.596580124528465, 'electricity': 1.110253592987894, 'carbon': 0.293166282483641}
2026-09-03 12:05:17 | INFO     | energy_stress.fes | [gas] train μ=9.8469, σ=30.5843 | unc_ref μ=10.8311, σ=13.4077
2026-09-03 12:05:17 | INFO     | energy_stress.fes | [electricity] train μ=8.1601, σ=15.8659 | unc_ref μ=6.2370, σ=6.3254
2026-09-03 12:05:17 | INFO     | energy_stress.fes | [carbon] train μ=5.7961, σ=154.2487 | unc_ref μ=60.7339, σ=97.7137
2026-09-03 12:05:17 | INFO     | energy_stress.fes | [actual real-vol] train μ=0.4649, σ=0.4370
2026-09-03 12:05:18 | INFO     | energy_stress.fes | Monthly FES saved → outputs/fes/fes_monthly_2025.csv
2026-09-03 12:05:18 | INFO     | energy_stress.fes | [gas] train μ=11.7698, σ=30.2056 | unc_ref μ=10.1990, σ=12.9773
2026-09-03 12:05:18 | INFO     | energy_stress.fes | [electricity] train μ=9.4676, σ=15.2322 | unc_ref μ=5.9154, σ=6.1036
2026-09-03 12:05:18 | INFO     | energy_stress.fes | [carbon] train μ=7.4441, σ=158.3806 | unc_ref μ=63.1782, σ=99.9694
2026-09-03 12:05:18 | INFO     | energy_stress.fes | [actual real-vol] train μ=0.4702, σ=0.4354
2026-09-03 12:05:18 | INFO     | energy_stress.fes | FES_actual, prior year 2024 (baseline for FES_selected's 2025 forecast): mean=-2.69529 -> outputs/fes/fes_prior_actual_2024.csv
2026-09-03 12:05:18 | INFO     | energy_stress.fes | FES comparison metrics saved → outputs/fes/fes_comparison_metrics.csv  (12 rows)
2026-09-03 12:05:18 | INFO     | energy_stress.fes | Best RMSE per variant:
FES_variant
Equal_Core        2.15137
Equal_Macro       1.54451
Equal_Selected    0.67266
Equal_Weighted    0.50251
2026-09-03 12:05:18 | INFO     | energy_stress.fes | FES summary saved → outputs/fes/fes_summary_2025.csv
2026-09-03 12:05:18 | INFO     | energy_stress.fes | FES components table saved → outputs/fes/fes_components_table.csv
2026-09-03 12:05:19 | INFO     | energy_stress.fes | Figure saved → outputs/figures/fes_monthly_2025.png
2026-09-03 12:05:19 | INFO     | energy_stress.fes | Figure saved → outputs/figures/fes_components_2025.png
2026-09-03 12:05:20 | INFO     | energy_stress.fes | Figure saved → outputs/figures/forecast_vs_actual_all_series.png
2026-09-03 12:05:21 | INFO     | energy_stress.fes | Figure saved → outputs/figures/forecast_vs_actual_gas.png
2026-09-03 12:05:21 | INFO     | energy_stress.fes | Figure saved → outputs/figures/forecast_vs_actual_electricity.png
2026-09-03 12:05:21 | INFO     | energy_stress.fes | Figure saved → outputs/figures/forecast_vs_actual_carbon.png
2026-09-03 12:05:22 | INFO     | energy_stress.fes | Figure saved → outputs/figures/fes_metrics_rmse_heatmap.png
2026-09-03 12:05:22 | INFO     | energy_stress.fes | Figure saved → outputs/figures/fes_metrics_pearson_r_heatmap.png
2026-09-03 12:05:22 | INFO     | energy_stress.plotting | Figure saved → outputs/figures/model_ranking_polar_gas_core.png
2026-09-03 12:05:23 | INFO     | energy_stress.plotting | Figure saved → outputs/figures/model_ranking_polar_gas_macro.png
2026-09-03 12:05:23 | INFO     | energy_stress.plotting | Figure saved → outputs/figures/model_ranking_polar_electricity_core.png
2026-09-03 12:05:23 | INFO     | energy_stress.plotting | Figure saved → outputs/figures/model_ranking_polar_electricity_macro.png
2026-09-03 12:05:24 | INFO     | energy_stress.plotting | Figure saved → outputs/figures/model_ranking_polar_carbon_core.png
2026-09-03 12:05:24 | INFO     | energy_stress.plotting | Figure saved → outputs/figures/model_ranking_polar_carbon_macro.png
2026-09-03 12:05:25 | INFO     | energy_stress.plotting | Figure saved → outputs/figures/prediction_intervals_2025.png
2026-09-03 12:05:26 | INFO     | energy_stress.plotting | Figure saved → outputs/figures/forecast_comparison_gas_core.png
2026-09-03 12:05:26 | INFO     | energy_stress.plotting | Figure saved → outputs/figures/forecast_comparison_gas_macro.png
2026-09-03 12:05:27 | INFO     | energy_stress.plotting | Figure saved → outputs/figures/forecast_comparison_electricity_core.png
2026-09-03 12:05:27 | INFO     | energy_stress.plotting | Figure saved → outputs/figures/forecast_comparison_electricity_macro.png
2026-09-03 12:05:27 | INFO     | energy_stress.plotting | Figure saved → outputs/figures/forecast_comparison_carbon_core.png
2026-09-03 12:05:27 | INFO     | energy_stress.plotting | Figure saved → outputs/figures/forecast_comparison_carbon_macro.png
2026-09-03 12:05:27 | INFO     | energy_stress.fes | Static target-year comparison figures complete
2026-09-03 12:05:28 | INFO     | energy_stress.plotting | Interactive figure saved → outputs/figures/interactive_gas_core.html
2026-09-03 12:05:28 | INFO     | energy_stress.plotting | Interactive figure saved → outputs/figures/interactive_gas_macro.html
2026-09-03 12:05:28 | INFO     | energy_stress.plotting | Interactive figure saved → outputs/figures/interactive_electricity_core.html
2026-09-03 12:05:28 | INFO     | energy_stress.plotting | Interactive figure saved → outputs/figures/interactive_electricity_macro.html
2026-09-03 12:05:28 | INFO     | energy_stress.plotting | Interactive figure saved → outputs/figures/interactive_carbon_core.html
2026-09-03 12:05:28 | INFO     | energy_stress.plotting | Interactive figure saved → outputs/figures/interactive_carbon_macro.html
2026-09-03 12:05:28 | INFO     | energy_stress.fes | Interactive timeline figures complete
2026-09-03 16:14:52 | INFO     | energy_stress.household_stream | ========================================
2026-09-03 16:14:52 | INFO     | energy_stress.household_stream | STAGE 2a: Build UKHLS household-wave panel (15 waves, fuel-to-income target, realised price context)
2026-09-03 16:14:52 | INFO     | energy_stress.household_stream | ========================================
2026-09-03 16:14:52 | INFO     | energy_stress.ukhls_preprocessing | Building UKHLS household-wave panel (waves: ['a', 'b', 'c', 'd', 'e', 'f', 'g', 'h', 'i', 'j', 'k', 'l', 'm', 'n', 'o'])
2026-09-03 16:14:52 | DEBUG    | energy_stress.ukhls_preprocessing | wave a hhresp: 11 requested vars absent (['a_carval', 'a_duelpay', 'a_elecpay', 'a_htpmp', 'a_inoutflows1'])
2026-09-03 16:14:58 | INFO     | energy_stress.ukhls_preprocessing | wave a: 50994 respondents -> 30035 households (individual aggregation)
2026-09-03 16:15:18 | DEBUG    | energy_stress.ukhls_preprocessing | wave b hhresp: 10 requested vars absent (['b_duelpay', 'b_elecpay', 'b_htpmp', 'b_inoutflows1', 'b_inoutflows10'])
2026-09-03 16:15:35 | INFO     | energy_stress.ukhls_preprocessing | wave b: 54568 respondents -> 30453 households (individual aggregation)
2026-09-03 16:15:48 | DEBUG    | energy_stress.ukhls_preprocessing | wave c hhresp: 8 requested vars absent (['c_htpmp', 'c_inoutflows1', 'c_inoutflows10', 'c_inoutflows12', 'c_inoutflows2'])
2026-09-03 16:16:01 | INFO     | energy_stress.ukhls_preprocessing | wave c: 49692 respondents -> 27704 households (individual aggregation)
2026-09-03 16:16:14 | DEBUG    | energy_stress.ukhls_preprocessing | wave d hhresp: 8 requested vars absent (['d_htpmp', 'd_inoutflows1', 'd_inoutflows10', 'd_inoutflows12', 'd_inoutflows2'])
2026-09-03 16:16:19 | INFO     | energy_stress.ukhls_preprocessing | wave d: 47074 respondents -> 25774 households (individual aggregation)
2026-09-03 16:16:24 | DEBUG    | energy_stress.ukhls_preprocessing | wave e hhresp: 8 requested vars absent (['e_htpmp', 'e_inoutflows1', 'e_inoutflows10', 'e_inoutflows12', 'e_inoutflows2'])
2026-09-03 16:16:30 | INFO     | energy_stress.ukhls_preprocessing | wave e: 44837 respondents -> 24288 households (individual aggregation)
2026-09-03 16:16:36 | DEBUG    | energy_stress.ukhls_preprocessing | wave f hhresp: 7 requested vars absent (['f_htpmp', 'f_inoutflows1', 'f_inoutflows10', 'f_inoutflows12', 'f_inoutflows2'])
2026-09-03 16:16:41 | INFO     | energy_stress.ukhls_preprocessing | wave f: 45192 respondents -> 24811 households (individual aggregation)
2026-09-03 16:16:51 | DEBUG    | energy_stress.ukhls_preprocessing | wave g hhresp: 7 requested vars absent (['g_htpmp', 'g_inoutflows1', 'g_inoutflows10', 'g_inoutflows12', 'g_inoutflows2'])
2026-09-03 16:16:58 | INFO     | energy_stress.ukhls_preprocessing | wave g: 42170 respondents -> 23159 households (individual aggregation)
2026-09-03 16:17:02 | DEBUG    | energy_stress.ukhls_preprocessing | wave h hhresp: 7 requested vars absent (['h_htpmp', 'h_inoutflows1', 'h_inoutflows10', 'h_inoutflows12', 'h_inoutflows2'])
2026-09-03 16:17:06 | INFO     | energy_stress.ukhls_preprocessing | wave h: 39294 respondents -> 21999 households (individual aggregation)
2026-09-03 16:17:11 | DEBUG    | energy_stress.ukhls_preprocessing | wave i hhresp: 7 requested vars absent (['i_htpmp', 'i_inoutflows1', 'i_inoutflows10', 'i_inoutflows12', 'i_inoutflows2'])
2026-09-03 16:17:16 | INFO     | energy_stress.ukhls_preprocessing | wave i: 36058 respondents -> 20511 households (individual aggregation)
2026-09-03 16:17:20 | DEBUG    | energy_stress.ukhls_preprocessing | wave j hhresp: 7 requested vars absent (['j_htpmp', 'j_inoutflows1', 'j_inoutflows10', 'j_inoutflows12', 'j_inoutflows2'])
2026-09-03 16:17:24 | INFO     | energy_stress.ukhls_preprocessing | wave j: 34319 respondents -> 19657 households (individual aggregation)
2026-09-03 16:17:29 | DEBUG    | energy_stress.ukhls_preprocessing | wave k hhresp: 7 requested vars absent (['k_htpmp', 'k_inoutflows1', 'k_inoutflows10', 'k_inoutflows12', 'k_inoutflows2'])
2026-09-03 16:17:35 | INFO     | energy_stress.ukhls_preprocessing | wave k: 32008 respondents -> 18508 households (individual aggregation)
2026-09-03 16:17:41 | DEBUG    | energy_stress.ukhls_preprocessing | wave l hhresp: 7 requested vars absent (['l_htpmp', 'l_inoutflows1', 'l_inoutflows10', 'l_inoutflows12', 'l_inoutflows2'])
2026-09-03 16:17:44 | INFO     | energy_stress.ukhls_preprocessing | wave l: 29271 respondents -> 17302 households (individual aggregation)
2026-09-03 16:17:47 | DEBUG    | energy_stress.ukhls_preprocessing | wave m hhresp: 2 requested vars absent (['m_htpmp', 'm_inoutflows12'])
2026-09-03 16:17:52 | INFO     | energy_stress.ukhls_preprocessing | wave m: 27998 respondents -> 16566 households (individual aggregation)
2026-09-03 16:17:55 | DEBUG    | energy_stress.ukhls_preprocessing | wave n hhresp: 2 requested vars absent (['n_htpmp', 'n_inoutflows12'])
2026-09-03 16:18:00 | INFO     | energy_stress.ukhls_preprocessing | wave n: 35471 respondents -> 21920 households (individual aggregation)
2026-09-03 16:18:17 | INFO     | energy_stress.ukhls_preprocessing | wave o: 32849 respondents -> 19719 households (individual aggregation)
2026-09-03 16:18:24 | INFO     | energy_stress.ukhls_preprocessing | Full panel: 339201 household-wave rows across 15 waves
2026-09-03 16:18:24 | INFO     | energy_stress.ukhls_preprocessing | fuel_to_income_ratio: capping 85 rows (0.03%) at 1.0 (uncapped max was 3.0)
2026-09-03 16:18:24 | INFO     | energy_stress.ukhls_preprocessing | fuel_to_income_ratio: 255324/339201 valid (75.3%)
2026-09-03 16:18:24 | INFO     | energy_stress.ukhls_preprocessing | high_fuel_vulnerable (ratio>=10%): 20258/255324 (7.9%)
2026-09-03 16:18:24 | INFO     | energy_stress.ukhls_preprocessing | fuel_to_income_ratio_equivalised: 255125/339201 valid (75.2%)
2026-09-03 16:18:24 | INFO     | energy_stress.ukhls_preprocessing | Core price series covers 2006-2026 (monthly resolution)
2026-09-03 16:18:39 | INFO     | energy_stress.ukhls_preprocessing | Price context: 339201/339201 rows matched at month resolution, 0 additional rows fell back to their interview year's annual mean
2026-09-03 16:18:39 | WARNING  | energy_stress.ukhls_preprocessing | Rolling FES table not found (/home/mohsen/project/anticipatory-energy-stress/outputs/fes/fes_rolling_yearly.csv) -- falling back to a single constant FES Magnitude from fes_monthly_2025.csv (column=fes_selected). Run forecast_pipeline.run_rolling() for a genuinely year-varying signal.
2026-09-03 16:18:39 | INFO     | energy_stress.ukhls_preprocessing | FES actual, prior year baseline attached from fes_prior_actual_2024.csv: mean=-2.6953
2026-09-03 16:18:39 | INFO     | energy_stress.ukhls_preprocessing | FES magnitude range [-0.5012, -0.5012] (unique values=1) | fes_current range [-3.6966, 8.0355] | fes_delta range [-8.5367, 3.1955] (339201/339201 rows valid) | fes_actual_prior_year=-2.6953
2026-09-03 16:19:03 | INFO     | energy_stress.ukhls_preprocessing | Saved UKHLS panel: ukhls_panel.csv (339201 rows, 83 columns)
2026-09-03 16:19:03 | INFO     | energy_stress.household_stream | Stage 2a complete — 339201 household-wave rows, 83 columns
2026-09-03 16:19:03 | INFO     | energy_stress.household_stream | ========================================
2026-09-03 16:19:03 | INFO     | energy_stress.household_stream | STAGE 2a-overview: Dataset overview (panel composition, missingness, key distributions)
2026-09-03 16:19:03 | INFO     | energy_stress.household_stream | ========================================
2026-09-03 16:19:04 | INFO     | energy_stress.ukhls_dataset_overview | Dataset overview: panel composition, missingness, key distributions...
2026-09-03 16:19:04 | INFO     | energy_stress.ukhls_dataset_overview | Saved dataset_rows_by_wave.csv
2026-09-03 16:19:05 | INFO     | energy_stress.ukhls_dataset_overview | Saved figure dataset_panel_composition.png
2026-09-03 16:19:11 | INFO     | energy_stress.ukhls_dataset_overview | Saved dataset_rows_by_region.csv
2026-09-03 16:19:12 | INFO     | energy_stress.ukhls_geo_maps | Saved choropleth dataset_sample_size_by_region (12/12 regions matched)
2026-09-03 16:19:19 | INFO     | energy_stress.ukhls_dataset_overview | Saved dataset_rows_by_year.csv
2026-09-03 16:19:20 | INFO     | energy_stress.ukhls_dataset_overview | Saved figure dataset_rows_by_year.png
2026-09-03 16:19:20 | INFO     | energy_stress.ukhls_dataset_overview | Saved dataset_missingness_by_variable.csv
2026-09-03 16:19:21 | INFO     | energy_stress.ukhls_dataset_overview | Saved figure dataset_missingness.png
2026-09-03 16:19:24 | INFO     | energy_stress.ukhls_dataset_overview | Saved figure dataset_key_distributions.png
2026-09-03 16:19:24 | INFO     | energy_stress.ukhls_dataset_overview | Dataset overview figures saved -> /home/mohsen/project/anticipatory-energy-stress/outputs/ukhls_dataset_overview/figures
2026-09-03 16:19:24 | INFO     | energy_stress.household_stream | ========================================
2026-09-03 16:19:24 | INFO     | energy_stress.household_stream | STAGE 2b: COR-SEM (Object/Condition/Personal/Energy -> Baseline Resource Stock -> FES moderation)
2026-09-03 16:19:24 | INFO     | energy_stress.household_stream | ========================================
2026-09-03 16:19:30 | INFO     | energy_stress.ukhls_cor_sem | COR-SEM measurement spec:
OBJECT =~ hsrooms + hsbeds + ncars + carval + hsval
CONDITION =~ tenure_security + jbstat_security + bill_security
PERSONAL =~ health_good + sf1_good + qfhigh_band
ENERGY =~ fihhmnnet1_dv + fiyrinvinc_dv
2026-09-03 16:19:30 | INFO     | energy_stress.ukhls_cor_sem | Fitting via FIML (handles structural missingness on hsval/carval/inoutflows*) — n=339201 rows, 13 indicators
2026-09-03 16:19:30 | WARNING  | energy_stress.ukhls_cor_sem | Dropping 1 row(s) with no observed values across any of the 13 CFA indicators before FIML fit -- these carry zero information for FIML and otherwise degenerate into a 0x0 per-pattern covariance submatrix (semopy repeatedly logs 'DPOTRI ... illegal value' from LAPACK, once per optimizer iteration, without affecting the fit).
2026-09-03 16:20:48 | INFO     | energy_stress.ukhls_cor_sem | Saved cor_sem_measurement_loadings.csv
2026-09-03 16:21:03 | INFO     | energy_stress.ukhls_cor_sem | Saved cor_sem_fit_indices.csv
2026-09-03 16:21:03 | INFO     | energy_stress.ukhls_cor_sem | COR-SEM fit: CFI=-0.42574 TLI=-0.88488 RMSEA=0.0 SRMR=0.07858 (DoF=59.0)
2026-09-03 16:21:03 | WARNING  | energy_stress.ukhls_cor_sem | CFI/TLI outside [0,1] — this is a known semopy FIML fit-statistic computation limitation (verified against a complete-case MLW comparison, see module docstring), not evidence of measurement-model misspecification. Read the loadings and the FES-moderation test as the primary evidence.
2026-09-03 16:21:04 | INFO     | energy_stress.ukhls_cor_sem | Saved figure cor_sem_loadings.png
2026-09-03 16:21:05 | INFO     | energy_stress.plotting | Figure saved → /home/mohsen/project/anticipatory-energy-stress/outputs/ukhls_cor_sem/figures/cor_sem_loadings_polar.png
2026-09-03 16:23:09 | INFO     | energy_stress.ukhls_cor_sem | Saved structural_paths_baseline.csv
2026-09-03 16:23:09 | INFO     | energy_stress.ukhls_cor_sem | Saved structural_fit_indices_baseline.csv
2026-09-03 16:23:09 | INFO     | energy_stress.ukhls_cor_sem | Saved figure structural_paths_baseline.png
2026-09-03 16:23:19 | INFO     | energy_stress.sem_mediation | [OLS COR-SEM: BASELINE x FES Delta -> fuel_to_income_ratio] R²=0.136  n=255324
2026-09-03 16:23:19 | INFO     | energy_stress.ukhls_cor_sem | Saved fes_moderation_path.csv
2026-09-03 16:23:19 | INFO     | energy_stress.ukhls_cor_sem | FES moderation: baseline_x_fes coef=-0.00025 p=0.0207 -> CONSISTENT with COR (expected: negative & significant)
2026-09-03 16:23:21 | INFO     | energy_stress.ukhls_cor_sem | Saved COR-SEM factor scores: 339201 rows
2026-09-03 16:23:21 | INFO     | energy_stress.ukhls_cor_sem | COR-SEM (Stage 2b) complete.
2026-09-03 16:23:21 | INFO     | energy_stress.household_stream | Stage 2b scores: ['object_score', 'condition_score', 'personal_score', 'energy_score', 'baseline_resource_score']
2026-09-03 16:23:22 | INFO     | energy_stress.household_stream | ========================================
2026-09-03 16:23:22 | INFO     | energy_stress.household_stream | STAGE 2c: FES-conditioned COR-CVAE (COR-aligned latent space, counterfactual FES scenario query)
2026-09-03 16:23:22 | INFO     | energy_stress.household_stream | ========================================
2026-09-03 16:23:45 | INFO     | energy_stress.ukhls_cor_cvae | Median-imputing 495751 missing item values for CVAE input (SEM handles this natively via FIML; the VAE needs a complete numeric matrix)
2026-09-03 16:23:47 | INFO     | energy_stress.ukhls_cor_cvae | Stage 2c (CVAE) input: n=253913 complete-case rows (253913 households), 13 items -- 203130 train rows / 50783 val rows, split by household
2026-09-03 16:23:47 | INFO     | energy_stress.ukhls_cor_cvae | Training FES-conditioned COR-CVAE (n=253913, epochs<=300)...
2026-09-03 16:26:38 | INFO     | energy_stress.ukhls_cor_cvae | CVAE trained (300 epochs) | recon_MSE=0.99207  KL=0.12173  align_loss=0.24174  BCE=0.35690
2026-09-03 16:26:39 | INFO     | energy_stress.ukhls_cor_cvae | Saved figure cvae_training_curves.png
2026-09-03 16:26:39 | INFO     | energy_stress.ukhls_cor_cvae | Saved cvae_training_history.csv
2026-09-03 16:26:46 | INFO     | energy_stress.ukhls_cor_cvae | Saved cvae_sem_alignment.csv
2026-09-03 16:26:46 | INFO     | energy_stress.ukhls_cor_cvae | Saved figure cvae_sem_alignment_heatmap.png
2026-09-03 16:26:47 | INFO     | energy_stress.plotting | Figure saved → /home/mohsen/project/anticipatory-energy-stress/outputs/ukhls_cor_cvae/figures/cvae_alignment_polar.png
2026-09-03 16:26:47 | INFO     | energy_stress.ukhls_cor_cvae | CVAE-SEM alignment: mean |r| = 0.522 (bar: >=0.40)
2026-09-03 16:26:53 | INFO     | energy_stress.ukhls_cor_cvae | Saved cvae_counterfactual_fes_shift.csv
2026-09-03 16:26:53 | INFO     | energy_stress.ukhls_cor_cvae | Counterfactual FES shift (each household's own fes_current -> its own wave's fes_magnitude, mean=-0.501): mean prob shift=-0.0001, mean distance-from-resilient shift=-0.0025 -- SIMULATION on the trained model, not an observation.
2026-09-03 16:26:54 | INFO     | energy_stress.ukhls_cor_cvae | Saved Stage 2c CVAE latent scores: 253913 rows
2026-09-03 16:26:54 | INFO     | energy_stress.ukhls_cor_cvae | Stage 2c (FES-conditioned COR-CVAE) complete.
2026-09-03 16:26:54 | INFO     | energy_stress.household_stream | Stage 2c scores: ['cvae_object_z', 'cvae_condition_z', 'cvae_personal_z', 'cvae_energy_z']
2026-09-03 16:26:54 | INFO     | energy_stress.household_stream | ========================================
2026-09-03 16:26:54 | INFO     | energy_stress.household_stream | STAGE 3: Vulnerability identification (fuzzy c-means + one-class SVM, driver analysis, policy figures)
2026-09-03 16:26:54 | INFO     | energy_stress.household_stream | ========================================
2026-09-03 16:27:10 | INFO     | energy_stress.ukhls_vulnerability_classification | Stage 3: fuzzy c-means...
2026-09-03 16:27:22 | INFO     | energy_stress.ukhls_vulnerability_classification | Fuzzy c-means fit: FPC (partition coefficient) = 0.4622 (n=253913, c=3)
2026-09-03 16:27:22 | INFO     | energy_stress.ukhls_vulnerability_classification | Cluster identification (corr with fuel_to_income_ratio): {'cluster_0': np.float64(0.26196031220753613), 'cluster_1': np.float64(-0.24620216978508705), 'cluster_2': np.float64(-0.034087395236551264)} -> depleted=cluster_0 (r=0.262), resilient=cluster_1 (r=-0.246)
2026-09-03 16:27:22 | INFO     | energy_stress.ukhls_vulnerability_classification | Stage 3: one-class SVM...
2026-09-03 16:27:22 | INFO     | energy_stress.ukhls_vulnerability_classification | One-Class SVM reference group: n=63479 resilient households (ratio<=0.0229, P25)
2026-09-03 16:28:43 | INFO     | energy_stress.ukhls_vulnerability_classification | Stage 3: driver analysis (logistic regression)...
2026-09-03 16:28:49 | INFO     | energy_stress.ukhls_vulnerability_classification | Saved driver_analysis_logistic_regression.csv
2026-09-03 16:28:49 | INFO     | energy_stress.ukhls_vulnerability_classification | Driver analysis (logistic regression, n=103621, pseudo-R2=0.1475):
             predictor     coef  odds_ratio  std_err  p_value  significant      n
financial_strain_score  1.93135      6.8988  0.10372   0.0000         True 103621
          large_family  0.52041      1.6827  0.06204   0.0000         True 103621
       tenure_security  0.44796      1.5651  0.06185   0.0000         True 103621
           health_good  0.31793      1.3743  0.03315   0.0000         True 103621
                hsbeds  0.28328      1.3275  0.01490   0.0000         True 103621
    workless_household  0.21143      1.2354  0.04476   0.0000         True 103621
           lone_parent  0.20105      1.2227  0.04173   0.0000         True 103621
               hsrooms  0.09948      1.1046  0.01199   0.0000         True 103621
             fes_delta  0.01759      1.0177  0.01698   0.3003        False 103621
                 dvage -0.00668      0.9933  0.00112   0.0000         True 103621
                heatch -0.06302      0.9389  0.05375   0.2410        False 103621
              sf1_good -0.18727      0.8292  0.05519   0.0007         True 103621
                 ncars -0.18881      0.8279  0.01433   0.0000         True 103621
         bill_security -0.24651      0.7815  0.07396   0.0009         True 103621
           qfhigh_band -0.69755      0.4978  0.03613   0.0000         True 103621
           ieqmoecd_dv -1.29300      0.2744  0.03319   0.0000         True 103621
       jbstat_security -1.80679      0.1642  0.06493   0.0000         True 103621
2026-09-03 16:28:49 | INFO     | energy_stress.ukhls_vulnerability_classification | Stage 3: validating against the objective fuel_to_income_ratio...
2026-09-03 16:28:49 | INFO     | energy_stress.ukhls_vulnerability_classification | Saved stage3_validation_against_objective_ratio.csv
2026-09-03 16:28:49 | INFO     | energy_stress.ukhls_vulnerability_classification | Stage 3 validation (vs. objective fuel_to_income_ratio):
                 method      n  pearson_r_vs_ratio  spearman_r_vs_ratio  auc_vs_high_fuel_vulnerable
fuzzy_resource_depleted 253913              0.2620               0.3698                       0.7467
 oneclass_anomaly_score 253913              0.1656               0.1246                       0.6171
2026-09-03 16:28:49 | INFO     | energy_stress.ukhls_vulnerability_classification | Stage 3: equivalisation robustness check...
2026-09-03 16:28:50 | INFO     | energy_stress.ukhls_vulnerability_classification | Saved equivalisation_robustness_check_correlations.csv
2026-09-03 16:28:50 | INFO     | energy_stress.ukhls_vulnerability_classification | Saved equivalisation_robustness_check_flips_by_hhsize.csv
2026-09-03 16:28:50 | INFO     | energy_stress.ukhls_vulnerability_classification | Saved figure equivalisation_robustness_check_flips_by_hhsize.png
2026-09-03 16:28:50 | INFO     | energy_stress.ukhls_vulnerability_classification | Equivalisation robustness check: correlations=[{'method': 'fuzzy_resource_depleted', 'n': 253716, 'pearson_r_vs_equivalised_ratio': 0.2083, 'auc_vs_high_fuel_vulnerable_equivalised': 0.6705}, {'method': 'oneclass_anomaly_score', 'n': 253716, 'pearson_r_vs_equivalised_ratio': 0.1433, 'auc_vs_high_fuel_vulnerable_equivalised': 0.5471}], flips by household size=[{'hhsize_bucket': '1', 'pct_flipped': 0.0, 'n': 61422}, {'hhsize_bucket': '2', 'pct_flipped': 10.540724752925138, 'n': 88030}, {'hhsize_bucket': '3', 'pct_flipped': 16.600009522449174, 'n': 42006}, {'hhsize_bucket': '4', 'pct_flipped': 22.89697717458359, 'n': 40525}, {'hhsize_bucket': '5+', 'pct_flipped': 42.53305677988074, 'n': 23142}]
2026-09-03 16:28:50 | INFO     | energy_stress.ukhls_vulnerability_classification | Stage 3: policy figures (spread + drivers)...
2026-09-03 16:28:50 | INFO     | energy_stress.ukhls_vulnerability_classification | Saved policy_vulnerability_by_wave.csv
2026-09-03 16:28:50 | INFO     | energy_stress.ukhls_vulnerability_classification | Saved figure policy_vulnerability_by_wave.png
2026-09-03 16:28:52 | INFO     | energy_stress.ukhls_vulnerability_classification | Saved policy_vulnerability_by_region.csv
2026-09-03 16:28:52 | INFO     | energy_stress.ukhls_vulnerability_classification | Saved figure policy_vulnerability_by_region.png
2026-09-03 16:28:56 | INFO     | energy_stress.ukhls_vulnerability_classification | Saved policy_vulnerability_by_ethnicity.csv
2026-09-03 16:28:56 | INFO     | energy_stress.ukhls_vulnerability_classification | Saved figure policy_vulnerability_by_ethnicity.png
2026-09-03 16:29:00 | INFO     | energy_stress.ukhls_vulnerability_classification | Saved policy_vulnerability_by_disability.csv
2026-09-03 16:29:00 | INFO     | energy_stress.ukhls_vulnerability_classification | Saved figure policy_vulnerability_by_disability.png
2026-09-03 16:29:07 | INFO     | energy_stress.ukhls_vulnerability_classification | Saved policy_vulnerability_by_tenure.csv
2026-09-03 16:29:07 | INFO     | energy_stress.ukhls_vulnerability_classification | Saved figure policy_vulnerability_by_tenure.png
2026-09-03 16:29:10 | INFO     | energy_stress.ukhls_vulnerability_classification | Saved policy_vulnerability_by_family_composition.csv
2026-09-03 16:29:11 | INFO     | energy_stress.ukhls_vulnerability_classification | Saved figure policy_vulnerability_by_family_composition.png
2026-09-03 16:29:14 | INFO     | energy_stress.ukhls_vulnerability_classification | Saved policy_vulnerability_by_employment.csv
2026-09-03 16:29:14 | INFO     | energy_stress.ukhls_vulnerability_classification | Saved figure policy_vulnerability_by_employment.png
2026-09-03 16:29:19 | INFO     | energy_stress.ukhls_vulnerability_classification | Saved policy_vulnerability_region_year_heatmap.csv
2026-09-03 16:29:20 | INFO     | energy_stress.ukhls_vulnerability_classification | Saved figure policy_vulnerability_region_year_heatmap.png
2026-09-03 16:29:24 | INFO     | energy_stress.ukhls_vulnerability_classification | Saved policy_vulnerability_by_fes_tier.csv
2026-09-03 16:29:24 | INFO     | energy_stress.ukhls_vulnerability_classification | Saved figure policy_vulnerability_by_fes_tier.png
2026-09-03 16:29:25 | INFO     | energy_stress.ukhls_vulnerability_classification | Saved figure policy_driver_odds_ratios.png
2026-09-03 16:29:25 | INFO     | energy_stress.ukhls_vulnerability_classification | Stage 3: real UK region maps (vulnerability, resource, strain)...
2026-09-03 16:29:29 | INFO     | energy_stress.ukhls_geo_maps | Saved choropleth policy_vulnerability_by_region_map (12/12 regions matched)
2026-09-03 16:29:29 | INFO     | energy_stress.ukhls_geo_maps | Saved choropleth policy_map_baseline_resource_by_region (12/12 regions matched)
2026-09-03 16:29:30 | INFO     | energy_stress.ukhls_geo_maps | Saved choropleth policy_map_financial_strain_by_region (12/12 regions matched)
2026-09-03 16:29:30 | INFO     | energy_stress.ukhls_vulnerability_classification | Stage 3: additional policy-analysis angles (temporal change, regional drivers)...
2026-09-03 16:29:33 | INFO     | energy_stress.ukhls_vulnerability_classification | Saved policy_temporal_change_by_region.csv
2026-09-03 16:29:35 | INFO     | energy_stress.ukhls_geo_maps | Saved choropleth policy_temporal_change_map (12/12 regions matched)
2026-09-03 16:29:50 | INFO     | energy_stress.ukhls_vulnerability_classification | Saved driver_analysis_by_region.csv
2026-09-03 16:29:50 | INFO     | energy_stress.ukhls_vulnerability_classification | Saved figure driver_analysis_by_region.png
2026-09-03 16:29:54 | INFO     | energy_stress.ukhls_vulnerability_classification | Saved Stage 3 vulnerability scores: 339201 rows
2026-09-03 16:29:54 | INFO     | energy_stress.ukhls_vulnerability_classification | Stage 3 (vulnerability identification + policy figures) complete.
2026-09-03 16:29:54 | INFO     | energy_stress.household_stream | ========================================
2026-09-03 16:29:54 | INFO     | energy_stress.household_stream | STAGE 4: Policy geography maps (real UK region boundaries: hotspot / fuzzy membership / vulnerability shift)
2026-09-03 16:29:54 | INFO     | energy_stress.household_stream | ========================================
2026-09-03 16:29:54 | INFO     | energy_stress.ukhls_policy_maps | Stage 4: Map 1 (resource-to-stress hotspot)...
2026-09-03 16:29:54 | INFO     | energy_stress.ukhls_policy_maps | Saved map1_resource_stress_hotspot.csv
2026-09-03 16:29:56 | INFO     | energy_stress.ukhls_policy_maps | Saved figure policy_map1_resource_stress_hotspot.png
2026-09-03 16:29:56 | INFO     | energy_stress.ukhls_policy_maps | Stage 4: Map 2 (fuzzy membership)...
2026-09-03 16:29:57 | INFO     | energy_stress.ukhls_geo_maps | Saved choropleth policy_map2_fuzzy_membership (12/12 regions matched)
2026-09-03 16:29:57 | INFO     | energy_stress.ukhls_policy_maps | Stage 4: Map 3 (vulnerability vector shift)...
2026-09-03 16:29:57 | INFO     | energy_stress.ukhls_policy_maps | Saved map3_vulnerability_vector_shift.csv
2026-09-03 16:29:57 | INFO     | energy_stress.ukhls_policy_maps | Saved figure policy_map3_vulnerability_vector_shift.png
2026-09-03 16:29:57 | INFO     | energy_stress.ukhls_policy_maps | Stage 4 (policy geography maps) complete.
2026-09-03 16:29:57 | INFO     | energy_stress.household_stream | ========================================
2026-09-03 16:29:57 | INFO     | energy_stress.household_stream | STAGE 5: Forward vulnerability prediction (hrpid-linked wave transitions, 2009-2024 -> next-year prediction)
2026-09-03 16:29:57 | INFO     | energy_stress.household_stream | ========================================
2026-09-03 16:30:06 | INFO     | energy_stress.ukhls_forward_prediction | Stage 5 features: ['object_score', 'condition_score', 'personal_score', 'energy_score', 'financial_strain_score', 'dvage', 'heatch', 'lone_parent', 'large_family', 'workless_household', 'fes_magnitude']
2026-09-03 16:30:06 | INFO     | energy_stress.ukhls_forward_prediction | Stage 5: building hrpid-linked wave-to-wave transition pairs...
2026-09-03 16:30:08 | INFO     | energy_stress.ukhls_forward_prediction | Transition a->b: 21886/30169 wave-a households linked via hrpid (72.5%)
2026-09-03 16:30:09 | INFO     | energy_stress.ukhls_forward_prediction | Transition b->c: 24404/30484 wave-b households linked via hrpid (80.1%)
2026-09-03 16:30:09 | INFO     | energy_stress.ukhls_forward_prediction | Transition c->d: 22961/27751 wave-c households linked via hrpid (82.7%)
2026-09-03 16:30:09 | INFO     | energy_stress.ukhls_forward_prediction | Transition d->e: 22034/25817 wave-d households linked via hrpid (85.3%)
2026-09-03 16:30:09 | INFO     | energy_stress.ukhls_forward_prediction | Transition e->f: 19771/24325 wave-e households linked via hrpid (81.3%)
2026-09-03 16:30:09 | INFO     | energy_stress.ukhls_forward_prediction | Transition f->g: 20001/24452 wave-f households linked via hrpid (81.8%)
2026-09-03 16:30:10 | INFO     | energy_stress.ukhls_forward_prediction | Transition g->h: 19288/23033 wave-g households linked via hrpid (83.7%)
2026-09-03 16:30:10 | INFO     | energy_stress.ukhls_forward_prediction | Transition h->i: 17954/21746 wave-h households linked via hrpid (82.6%)
2026-09-03 16:30:10 | INFO     | energy_stress.ukhls_forward_prediction | Transition i->j: 17083/20048 wave-i households linked via hrpid (85.2%)
2026-09-03 16:30:10 | INFO     | energy_stress.ukhls_forward_prediction | Transition j->k: 16234/19252 wave-j households linked via hrpid (84.3%)
2026-09-03 16:30:10 | INFO     | energy_stress.ukhls_forward_prediction | Transition k->l: 15021/18139 wave-k households linked via hrpid (82.8%)
2026-09-03 16:30:10 | INFO     | energy_stress.ukhls_forward_prediction | Transition l->m: 14253/16856 wave-l households linked via hrpid (84.6%)
2026-09-03 16:30:10 | INFO     | energy_stress.ukhls_forward_prediction | Transition m->n: 13725/16156 wave-m households linked via hrpid (85.0%)
2026-09-03 16:30:10 | INFO     | energy_stress.ukhls_forward_prediction | Transition n->o: 17144/21385 wave-n households linked via hrpid (80.2%)
2026-09-03 16:30:18 | INFO     | energy_stress.ukhls_forward_prediction | Saved stage5_transition_pairs.csv
2026-09-03 16:30:18 | INFO     | energy_stress.ukhls_forward_prediction | Stage 5: 261759 linked household transition rows across 14 wave-pairs
2026-09-03 16:30:18 | INFO     | energy_stress.ukhls_forward_prediction | Stage 5: walk-forward validation (train on earlier waves, hold out the 2 most recent known transitions)...
2026-09-03 16:30:21 | INFO     | energy_stress.ukhls_forward_prediction | Saved stage5_validation_metrics.csv
2026-09-03 16:30:21 | INFO     | energy_stress.ukhls_forward_prediction | Stage 5 walk-forward validation (held out m->n, n->o): AUC=0.7604, Pearson r=0.2695, n_train=177408, n_val=21161
2026-09-03 16:30:21 | INFO     | energy_stress.ukhls_forward_prediction | Saved figure stage5_validation_roc.png
2026-09-03 16:30:21 | INFO     | energy_stress.ukhls_forward_prediction | Stage 5: refitting on all known transitions and scoring the latest wave...
2026-09-03 16:30:22 | INFO     | energy_stress.ukhls_forward_prediction | Saved stage5_driver_coefficients.csv
2026-09-03 16:30:23 | INFO     | energy_stress.ukhls_forward_prediction | Saved stage5_forward_predictions.csv
2026-09-03 16:30:23 | INFO     | energy_stress.ukhls_forward_prediction | Stage 5: scored 19140/19586 wave-o households for their own next interview year (mean predicted probability=0.0683, 446 could not be scored -- missing features)
2026-09-03 16:30:23 | INFO     | energy_stress.ukhls_forward_prediction | Stage 5: forward-prediction policy figures...
2026-09-03 16:30:23 | INFO     | energy_stress.ukhls_geo_maps | Saved choropleth stage5_forward_prediction_map (12/12 regions matched)
2026-09-03 16:30:23 | INFO     | energy_stress.ukhls_forward_prediction | Saved stage5_forward_prediction_by_month.csv
2026-09-03 16:30:24 | INFO     | energy_stress.ukhls_forward_prediction | Saved figure stage5_forward_prediction_by_month.png
2026-09-03 16:30:24 | INFO     | energy_stress.ukhls_forward_prediction | Stage 5 (forward vulnerability prediction) complete.
2026-09-03 16:31:16 | INFO     | energy_stress.household_stream | Saved merged UKHLS panel + latent scores: ukhls_panel.csv (339201 rows, 92 columns)
2026-09-03 17:45:59 | INFO     | energy_stress.forecast_pipeline | ========================================
2026-09-03 17:45:59 | INFO     | energy_stress.forecast_pipeline | STAGE 0: Loading raw UK data
2026-09-03 17:45:59 | INFO     | energy_stress.forecast_pipeline | ========================================
2026-09-03 17:45:59 | INFO     | energy_stress.data_loader | Detected common core-data end date: 2026-03-01 (gas=2026-03-01, elec=2026-03-01, carbon=2026-05-01)
2026-09-03 17:45:59 | INFO     | energy_stress.data_loader | ============================================================
2026-09-03 17:45:59 | INFO     | energy_stress.data_loader | Loading Dataset A — core energy-carbon series (all as YoY growth %)
2026-09-03 17:45:59 | INFO     | energy_stress.data_loader | ============================================================
2026-09-03 17:45:59 | INFO     | energy_stress.data_loader | [gas_growth] 255 obs | 2005-01-01 to 2026-03-01 | YoY % (source) | mean=9.775, range=[-38.300, 132.900]
2026-09-03 17:45:59 | INFO     | energy_stress.data_loader | [carbon_log_return] 251 obs | 2005-05-01 to 2026-03-01 | YoY % from EUA price | mean=5.979, range=[-670.930, 734.730]
2026-09-03 17:45:59 | INFO     | energy_stress.data_loader |   Transformation: EUA futures price (EUR/tonne) →   YoY log return = log(Price_t / Price_t-12) × 100 
2026-09-03 17:45:59 | WARNING  | energy_stress.data_loader | Core target rows with unavailable source history will be dropped:
carbon_growth    16
dtype: int64
2026-09-03 17:45:59 | INFO     | energy_stress.data_loader | Core dataset: 239 rows, 2006-05-01 to 2026-03-01
2026-09-03 17:45:59 | INFO     | energy_stress.data_loader |   All series are YoY growth rates (%) — conceptually consistent.
2026-09-03 17:45:59 | INFO     | energy_stress.data_loader | Core dataset saved → data/processed/core_energy_carbon.csv
2026-09-03 17:45:59 | INFO     | energy_stress.data_loader | ============================================================
2026-09-03 17:45:59 | INFO     | energy_stress.data_loader | Loading Dataset B — macro controls (UK-specific)
2026-09-03 17:45:59 | INFO     | energy_stress.data_loader | ============================================================
2026-09-03 17:46:00 | INFO     | energy_stress.data_loader | [inflation_growth] 255 obs | 2005-01-01 to 2026-03-01 | mean=1.5593%, range=[-1.1074, 6.6272]
2026-09-03 17:46:00 | INFO     | energy_stress.data_loader | [gdp_growth] 254 obs | 2005-01-01 to 2026-02-01 | type=MoM, mean=0.1299%, range=[-19.2000, 9.3000]
2026-09-03 17:46:00 | INFO     | energy_stress.data_loader | [weather] Filtered to UK: 1036 rows (country col='Entity')
2026-09-03 17:46:00 | INFO     | energy_stress.data_loader | [weather_volatility] 255 obs (UK-filtered) | mean=1.0298, range=[0.4249, 1.9903]
2026-09-03 17:46:00 | INFO     | energy_stress.data_loader |   Transformation: RollingStd(UK temperature anomaly, 12 months). Captures unusual weather instability relevant to energy stress.
2026-09-03 17:46:00 | INFO     | energy_stress.data_loader | [gas_futures] 255 obs | 2005-01-01 to 2026-03-01
2026-09-03 17:46:11 | INFO     | energy_stress.data_loader | [electricity_demand] 192 obs | 2009-01-01 to 2024-12-01
2026-09-03 17:46:11 | INFO     | energy_stress.data_loader | [gbp_eur_rate] 255 obs | 2005-01-01 to 2026-03-01 | mean=1.2239, range=[1.0867, 1.5079]
2026-09-03 17:46:11 | INFO     | energy_stress.data_loader |   Source: ONS XUMAERS (MRET) — average monthly EUR/GBP rate. YoY & MoM changes capture GBP depreciation relevant to EUR-priced energy inputs.
2026-09-03 17:46:11 | WARNING  | energy_stress.data_loader | inflation_growth has no real data after 2019-01-01 -- forward-filled (stale) for 86 months beyond that.
2026-09-03 17:46:11 | WARNING  | energy_stress.data_loader | electricity_demand_mean has no real data after 2024-12-01 -- forward-filled (stale) for 15 months beyond that.
2026-09-03 17:46:11 | INFO     | energy_stress.data_loader | Macro dataset: 255 rows, 2005-01-01 to 2026-03-01
2026-09-03 17:46:11 | INFO     | energy_stress.data_loader |   inflation_growth  : mean=1.5593%
2026-09-03 17:46:11 | INFO     | energy_stress.data_loader |   weather_volatility: mean=1.0298
2026-09-03 17:46:11 | INFO     | energy_stress.data_loader |   gdp_growth        : mean=0.1314%
2026-09-03 17:46:11 | INFO     | energy_stress.data_loader | Macro dataset saved → data/processed/macro_controls.csv
2026-09-03 17:46:11 | INFO     | energy_stress.forecast_pipeline | ========================================
2026-09-03 17:46:11 | INFO     | energy_stress.forecast_pipeline | STAGE 1: Preprocessing (core + macro, full history — computed once)
2026-09-03 17:46:11 | INFO     | energy_stress.forecast_pipeline | ========================================
2026-09-03 17:46:12 | DEBUG    | energy_stress.preprocessing | Loaded data/processed/core_energy_carbon.csv: (239, 4), range 2006-05-01 00:00:00 – 2026-03-01 00:00:00
2026-09-03 17:46:12 | INFO     | energy_stress.preprocessing | [core] No missing values detected
2026-09-03 17:46:12 | WARNING  | energy_stress.preprocessing | Outliers in 'gas_growth': 12 rows flagged
2026-09-03 17:46:12 | WARNING  | energy_stress.preprocessing | Outliers in 'electricity_growth': 12 rows flagged
2026-09-03 17:46:12 | WARNING  | energy_stress.preprocessing | Outliers in 'gas_growth_seasonal': 2 rows flagged
2026-09-03 17:46:12 | WARNING  | energy_stress.preprocessing | Outliers in 'gas_growth_irregular': 66 rows flagged
2026-09-03 17:46:12 | WARNING  | energy_stress.preprocessing | Outliers in 'electricity_growth_trend': 2 rows flagged
2026-09-03 17:46:12 | WARNING  | energy_stress.preprocessing | Outliers in 'electricity_growth_irregular': 48 rows flagged
2026-09-03 17:46:12 | WARNING  | energy_stress.preprocessing | Outliers in 'electricity_index_mom': 76 rows flagged
2026-09-03 17:46:12 | WARNING  | energy_stress.preprocessing | Outliers in 'post_2008_regime': 32 rows flagged
2026-09-03 17:46:12 | WARNING  | energy_stress.preprocessing | Outliers in 'low_price_regime': 36 rows flagged
2026-09-03 17:46:12 | INFO     | energy_stress.preprocessing | ADF [gas_growth]: stat=-3.1283, p=0.0245 → STATIONARY
2026-09-03 17:46:12 | INFO     | energy_stress.preprocessing | ADF [electricity_growth]: stat=-2.9957, p=0.0353 → STATIONARY
2026-09-03 17:46:12 | INFO     | energy_stress.preprocessing | ADF [carbon_growth]: stat=-3.9297, p=0.0018 → STATIONARY
2026-09-03 17:46:12 | INFO     | energy_stress.preprocessing | Saved processed data → data/processed/core_processed.csv
2026-09-03 17:46:12 | INFO     | energy_stress.preprocessing | Train: 116 rows (through 2015-12-01) | Test: 12 rows (2016-01-01..2016-12-01)
2026-09-03 17:46:12 | DEBUG    | energy_stress.preprocessing | Loaded data/processed/macro_controls.csv: (255, 47), range 2005-01-01 00:00:00 – 2026-03-01 00:00:00
2026-09-03 17:46:12 | WARNING  | energy_stress.preprocessing | [macro] Missing values found:
inflation_growth                             12
weather_volatility                            5
gas_futures_yoy_growth                        1
electricity_demand_mean                      48
electricity_demand_peak                      48
electricity_tsd_mean                         48
england_wales_demand_mean                    48
embedded_wind_generation_mean                48
embedded_solar_generation_mean               48
embedded_wind_capacity_mean                  48
embedded_solar_capacity_mean                 48
pump_storage_pumping_mean                    48
interconnector_net_flow_mean                 48
holiday_share                                48
electricity_demand_yoy_growth                60
electricity_peak_yoy_growth                  60
embedded_wind_generation_mean_yoy_growth     60
embedded_solar_generation_mean_yoy_growth    75
embedded_wind_capacity_mean_yoy_growth       60
embedded_solar_capacity_mean_yoy_growth      75
pump_storage_pumping_mean_yoy_growth         60
interconnector_net_flow_mean_yoy_growth      60
dtype: int64
2026-09-03 17:46:12 | INFO     | energy_stress.preprocessing | [macro] Remaining leading gaps filled with neutral 0.0: ['inflation_growth', 'weather_volatility', 'gas_futures_yoy_growth', 'electricity_demand_mean', 'electricity_demand_peak', 'electricity_tsd_mean', 'england_wales_demand_mean', 'embedded_wind_generation_mean', 'embedded_solar_generation_mean', 'embedded_wind_capacity_mean', 'embedded_solar_capacity_mean', 'pump_storage_pumping_mean', 'interconnector_net_flow_mean', 'holiday_share', 'electricity_demand_yoy_growth', 'electricity_peak_yoy_growth', 'embedded_wind_generation_mean_yoy_growth', 'embedded_solar_generation_mean_yoy_growth', 'embedded_wind_capacity_mean_yoy_growth', 'embedded_solar_capacity_mean_yoy_growth', 'pump_storage_pumping_mean_yoy_growth', 'interconnector_net_flow_mean_yoy_growth']
2026-09-03 17:46:12 | INFO     | energy_stress.preprocessing | [macro] Missing values filled without backward-fill
2026-09-03 17:46:13 | INFO     | energy_stress.preprocessing | Saved processed data → data/processed/macro_processed.csv
2026-09-03 17:46:13 | INFO     | energy_stress.preprocessing | Train: 132 rows (through 2015-12-01) | Test: 12 rows (2016-01-01..2016-12-01)
2026-09-03 17:46:13 | INFO     | energy_stress.forecast_pipeline | Rolling walk-forward FES: 16 feasible years: [2009, 2010, 2011, 2012, 2013, 2014, 2015, 2016, 2017, 2018, 2019, 2020, 2021, 2022, 2023, 2024]
2026-09-03 17:46:13 | INFO     | energy_stress.forecast_pipeline | ========================================
2026-09-03 17:46:13 | INFO     | energy_stress.forecast_pipeline | STAGE 2: One-time hyperparameter tuning (on the latest rolling year, as_of=2024) -- reused for every rolling year below
2026-09-03 17:46:13 | INFO     | energy_stress.forecast_pipeline | ========================================
2026-09-03 17:46:13 | INFO     | energy_stress.preprocessing | Train: 212 rows (through 2023-12-01) | Test: 12 rows (2024-01-01..2024-12-01)
2026-09-03 17:46:14 | INFO     | energy_stress.tuning | Tuning gas/core/SARIMA candidate 1/1: {}
2026-09-03 17:46:14 | INFO     | energy_stress.sarima | [SARIMA-CORE] Fitting on gas (train=212 obs)
2026-09-03 17:49:25 | INFO     | energy_stress.forecast_pipeline | ========================================
2026-09-03 17:49:25 | INFO     | energy_stress.forecast_pipeline | STAGE 0: Loading raw UK data
2026-09-03 17:49:25 | INFO     | energy_stress.forecast_pipeline | ========================================
2026-09-03 17:49:25 | INFO     | energy_stress.data_loader | Detected common core-data end date: 2026-03-01 (gas=2026-03-01, elec=2026-03-01, carbon=2026-05-01)
2026-09-03 17:49:25 | INFO     | energy_stress.data_loader | ============================================================
2026-09-03 17:49:25 | INFO     | energy_stress.data_loader | Loading Dataset A — core energy-carbon series (all as YoY growth %)
2026-09-03 17:49:25 | INFO     | energy_stress.data_loader | ============================================================
2026-09-03 17:49:25 | INFO     | energy_stress.data_loader | [gas_growth] 255 obs | 2005-01-01 to 2026-03-01 | YoY % (source) | mean=9.775, range=[-38.300, 132.900]
2026-09-03 17:49:25 | INFO     | energy_stress.data_loader | [carbon_log_return] 251 obs | 2005-05-01 to 2026-03-01 | YoY % from EUA price | mean=5.979, range=[-670.930, 734.730]
2026-09-03 17:49:25 | INFO     | energy_stress.data_loader |   Transformation: EUA futures price (EUR/tonne) →   YoY log return = log(Price_t / Price_t-12) × 100 
2026-09-03 17:49:25 | WARNING  | energy_stress.data_loader | Core target rows with unavailable source history will be dropped:
carbon_growth    16
dtype: int64
2026-09-03 17:49:25 | INFO     | energy_stress.data_loader | Core dataset: 239 rows, 2006-05-01 to 2026-03-01
2026-09-03 17:49:25 | INFO     | energy_stress.data_loader |   All series are YoY growth rates (%) — conceptually consistent.
2026-09-03 17:49:25 | INFO     | energy_stress.data_loader | Core dataset saved → data/processed/core_energy_carbon.csv
2026-09-03 17:49:25 | INFO     | energy_stress.data_loader | ============================================================
2026-09-03 17:49:25 | INFO     | energy_stress.data_loader | Loading Dataset B — macro controls (UK-specific)
2026-09-03 17:49:25 | INFO     | energy_stress.data_loader | ============================================================
2026-09-03 17:49:25 | INFO     | energy_stress.data_loader | [inflation_growth] 255 obs | 2005-01-01 to 2026-03-01 | mean=1.5593%, range=[-1.1074, 6.6272]
2026-09-03 17:49:25 | INFO     | energy_stress.data_loader | [gdp_growth] 254 obs | 2005-01-01 to 2026-02-01 | type=MoM, mean=0.1299%, range=[-19.2000, 9.3000]
2026-09-03 17:49:26 | INFO     | energy_stress.data_loader | [weather] Filtered to UK: 1036 rows (country col='Entity')
2026-09-03 17:49:26 | INFO     | energy_stress.data_loader | [weather_volatility] 255 obs (UK-filtered) | mean=1.0298, range=[0.4249, 1.9903]
2026-09-03 17:49:26 | INFO     | energy_stress.data_loader |   Transformation: RollingStd(UK temperature anomaly, 12 months). Captures unusual weather instability relevant to energy stress.
2026-09-03 17:49:26 | INFO     | energy_stress.data_loader | [gas_futures] 255 obs | 2005-01-01 to 2026-03-01
2026-09-03 17:49:44 | INFO     | energy_stress.data_loader | [electricity_demand] 192 obs | 2009-01-01 to 2024-12-01
2026-09-03 17:49:44 | INFO     | energy_stress.data_loader | [gbp_eur_rate] 255 obs | 2005-01-01 to 2026-03-01 | mean=1.2239, range=[1.0867, 1.5079]
2026-09-03 17:49:44 | INFO     | energy_stress.data_loader |   Source: ONS XUMAERS (MRET) — average monthly EUR/GBP rate. YoY & MoM changes capture GBP depreciation relevant to EUR-priced energy inputs.
2026-09-03 17:49:45 | WARNING  | energy_stress.data_loader | inflation_growth has no real data after 2019-01-01 -- forward-filled (stale) for 86 months beyond that.
2026-09-03 17:49:45 | WARNING  | energy_stress.data_loader | electricity_demand_mean has no real data after 2024-12-01 -- forward-filled (stale) for 15 months beyond that.
2026-09-03 17:49:45 | INFO     | energy_stress.data_loader | Macro dataset: 255 rows, 2005-01-01 to 2026-03-01
2026-09-03 17:49:45 | INFO     | energy_stress.data_loader |   inflation_growth  : mean=1.5593%
2026-09-03 17:49:45 | INFO     | energy_stress.data_loader |   weather_volatility: mean=1.0298
2026-09-03 17:49:45 | INFO     | energy_stress.data_loader |   gdp_growth        : mean=0.1314%
2026-09-03 17:49:45 | INFO     | energy_stress.data_loader | Macro dataset saved → data/processed/macro_controls.csv
2026-09-03 17:49:45 | INFO     | energy_stress.forecast_pipeline | ========================================
2026-09-03 17:49:45 | INFO     | energy_stress.forecast_pipeline | STAGE 1: Preprocessing (core + macro, full history — computed once)
2026-09-03 17:49:45 | INFO     | energy_stress.forecast_pipeline | ========================================
2026-09-03 17:49:45 | DEBUG    | energy_stress.preprocessing | Loaded data/processed/core_energy_carbon.csv: (239, 4), range 2006-05-01 00:00:00 – 2026-03-01 00:00:00
2026-09-03 17:49:45 | INFO     | energy_stress.preprocessing | [core] No missing values detected
2026-09-03 17:49:45 | WARNING  | energy_stress.preprocessing | Outliers in 'gas_growth': 12 rows flagged
2026-09-03 17:49:45 | WARNING  | energy_stress.preprocessing | Outliers in 'electricity_growth': 12 rows flagged
2026-09-03 17:49:45 | WARNING  | energy_stress.preprocessing | Outliers in 'gas_growth_seasonal': 2 rows flagged
2026-09-03 17:49:45 | WARNING  | energy_stress.preprocessing | Outliers in 'gas_growth_irregular': 66 rows flagged
2026-09-03 17:49:45 | WARNING  | energy_stress.preprocessing | Outliers in 'electricity_growth_trend': 2 rows flagged
2026-09-03 17:49:45 | WARNING  | energy_stress.preprocessing | Outliers in 'electricity_growth_irregular': 48 rows flagged
2026-09-03 17:49:45 | WARNING  | energy_stress.preprocessing | Outliers in 'electricity_index_mom': 76 rows flagged
2026-09-03 17:49:45 | WARNING  | energy_stress.preprocessing | Outliers in 'post_2008_regime': 32 rows flagged
2026-09-03 17:49:45 | WARNING  | energy_stress.preprocessing | Outliers in 'low_price_regime': 36 rows flagged
2026-09-03 17:49:45 | INFO     | energy_stress.preprocessing | ADF [gas_growth]: stat=-3.1283, p=0.0245 → STATIONARY
2026-09-03 17:49:45 | INFO     | energy_stress.preprocessing | ADF [electricity_growth]: stat=-2.9957, p=0.0353 → STATIONARY
2026-09-03 17:49:45 | INFO     | energy_stress.preprocessing | ADF [carbon_growth]: stat=-3.9297, p=0.0018 → STATIONARY
2026-09-03 17:49:45 | INFO     | energy_stress.preprocessing | Saved processed data → data/processed/core_processed.csv
2026-09-03 17:49:45 | INFO     | energy_stress.preprocessing | Train: 116 rows (through 2015-12-01) | Test: 12 rows (2016-01-01..2016-12-01)
2026-09-03 17:49:45 | DEBUG    | energy_stress.preprocessing | Loaded data/processed/macro_controls.csv: (255, 47), range 2005-01-01 00:00:00 – 2026-03-01 00:00:00
2026-09-03 17:49:45 | WARNING  | energy_stress.preprocessing | [macro] Missing values found:
inflation_growth                             12
weather_volatility                            5
gas_futures_yoy_growth                        1
electricity_demand_mean                      48
electricity_demand_peak                      48
electricity_tsd_mean                         48
england_wales_demand_mean                    48
embedded_wind_generation_mean                48
embedded_solar_generation_mean               48
embedded_wind_capacity_mean                  48
embedded_solar_capacity_mean                 48
pump_storage_pumping_mean                    48
interconnector_net_flow_mean                 48
holiday_share                                48
electricity_demand_yoy_growth                60
electricity_peak_yoy_growth                  60
embedded_wind_generation_mean_yoy_growth     60
embedded_solar_generation_mean_yoy_growth    75
embedded_wind_capacity_mean_yoy_growth       60
embedded_solar_capacity_mean_yoy_growth      75
pump_storage_pumping_mean_yoy_growth         60
interconnector_net_flow_mean_yoy_growth      60
dtype: int64
2026-09-03 17:49:45 | INFO     | energy_stress.preprocessing | [macro] Remaining leading gaps filled with neutral 0.0: ['inflation_growth', 'weather_volatility', 'gas_futures_yoy_growth', 'electricity_demand_mean', 'electricity_demand_peak', 'electricity_tsd_mean', 'england_wales_demand_mean', 'embedded_wind_generation_mean', 'embedded_solar_generation_mean', 'embedded_wind_capacity_mean', 'embedded_solar_capacity_mean', 'pump_storage_pumping_mean', 'interconnector_net_flow_mean', 'holiday_share', 'electricity_demand_yoy_growth', 'electricity_peak_yoy_growth', 'embedded_wind_generation_mean_yoy_growth', 'embedded_solar_generation_mean_yoy_growth', 'embedded_wind_capacity_mean_yoy_growth', 'embedded_solar_capacity_mean_yoy_growth', 'pump_storage_pumping_mean_yoy_growth', 'interconnector_net_flow_mean_yoy_growth']
2026-09-03 17:49:45 | INFO     | energy_stress.preprocessing | [macro] Missing values filled without backward-fill
2026-09-03 17:49:45 | INFO     | energy_stress.preprocessing | Saved processed data → data/processed/macro_processed.csv
2026-09-03 17:49:45 | INFO     | energy_stress.preprocessing | Train: 132 rows (through 2015-12-01) | Test: 12 rows (2016-01-01..2016-12-01)
2026-09-03 17:49:45 | INFO     | energy_stress.forecast_pipeline | Rolling walk-forward FES: 16 feasible years: [2009, 2010, 2011, 2012, 2013, 2014, 2015, 2016, 2017, 2018, 2019, 2020, 2021, 2022, 2023, 2024]
2026-09-03 17:49:46 | INFO     | energy_stress.forecast_pipeline | ========================================
2026-09-03 17:49:46 | INFO     | energy_stress.forecast_pipeline | STAGE 2: One-time hyperparameter tuning (on the latest rolling year, as_of=2024) -- reused for every rolling year below
2026-09-03 17:49:46 | INFO     | energy_stress.forecast_pipeline | ========================================
2026-09-03 17:49:46 | INFO     | energy_stress.preprocessing | Train: 212 rows (through 2023-12-01) | Test: 12 rows (2024-01-01..2024-12-01)
2026-09-03 17:49:46 | INFO     | energy_stress.tuning | Tuning gas/core/SARIMA candidate 1/1: {}
2026-09-03 17:49:46 | INFO     | energy_stress.sarima | [SARIMA-CORE] Fitting on gas (train=212 obs)
2026-09-03 18:01:02 | INFO     | energy_stress.sarima | SARIMA best order: (2, 0, 1) × (2, 1, 1, 12)
2026-09-03 18:01:03 | INFO     | energy_stress.sarima | [SARIMA-CORE gas] validation: MAE=13.5782, RMSE=14.2818, MAPE=70.93%
2026-09-03 18:01:05 | INFO     | energy_stress.sarima | [SARIMA-CORE] Forecast saved → outputs/tuning_rolling/forecasts/gas/core/sarima/candidate_01/gas_growth_pct_forecasts_sarima_core.csv
2026-09-03 18:01:06 | INFO     | energy_stress.tuning | Tuning gas/core/Prophet candidate 1/4: {'changepoint_prior_scale': 0.01, 'seasonality_prior_scale': 10.0, 'seasonality_mode': 'additive'}
2026-09-03 18:01:06 | INFO     | energy_stress.prophet | [Prophet-CORE] Fitting on gas (train=212 obs, regressors=False, cps=0.01, sps=10.0, reg_ps=n/a, seasonality=additive)
2026-09-03 18:01:07 | INFO     | energy_stress.prophet | [Prophet-CORE gas] validation: MAE=37.7331, RMSE=39.3806
2026-09-03 18:01:07 | INFO     | energy_stress.prophet | [Prophet-CORE] Forecast saved → outputs/tuning_rolling/forecasts/gas/core/prophet/candidate_01/gas_growth_pct_forecasts_prophet_core.csv
2026-09-03 18:01:07 | INFO     | energy_stress.tuning | Tuning gas/core/Prophet candidate 2/4: {'changepoint_prior_scale': 0.01, 'seasonality_prior_scale': 10.0, 'seasonality_mode': 'multiplicative'}
2026-09-03 18:01:07 | INFO     | energy_stress.prophet | [Prophet-CORE] Fitting on gas (train=212 obs, regressors=False, cps=0.01, sps=10.0, reg_ps=n/a, seasonality=multiplicative)
2026-09-03 18:01:07 | INFO     | energy_stress.prophet | [Prophet-CORE gas] validation: MAE=37.9404, RMSE=39.4656
2026-09-03 18:01:07 | INFO     | energy_stress.prophet | [Prophet-CORE] Forecast saved → outputs/tuning_rolling/forecasts/gas/core/prophet/candidate_02/gas_growth_pct_forecasts_prophet_core.csv
2026-09-03 18:01:07 | INFO     | energy_stress.tuning | Tuning gas/core/Prophet candidate 3/4: {'changepoint_prior_scale': 0.05, 'seasonality_prior_scale': 10.0, 'seasonality_mode': 'additive'}
2026-09-03 18:01:07 | INFO     | energy_stress.prophet | [Prophet-CORE] Fitting on gas (train=212 obs, regressors=False, cps=0.05, sps=10.0, reg_ps=n/a, seasonality=additive)
2026-09-03 18:01:07 | INFO     | energy_stress.prophet | [Prophet-CORE gas] validation: MAE=56.2021, RMSE=57.2037
2026-09-03 18:01:07 | INFO     | energy_stress.prophet | [Prophet-CORE] Forecast saved → outputs/tuning_rolling/forecasts/gas/core/prophet/candidate_03/gas_growth_pct_forecasts_prophet_core.csv
2026-09-03 18:01:07 | INFO     | energy_stress.tuning | Tuning gas/core/Prophet candidate 4/4: {'changepoint_prior_scale': 0.05, 'seasonality_prior_scale': 10.0, 'seasonality_mode': 'multiplicative'}
2026-09-03 18:01:07 | INFO     | energy_stress.prophet | [Prophet-CORE] Fitting on gas (train=212 obs, regressors=False, cps=0.05, sps=10.0, reg_ps=n/a, seasonality=multiplicative)
2026-09-03 18:01:07 | INFO     | energy_stress.prophet | [Prophet-CORE gas] validation: MAE=58.2522, RMSE=59.6665
2026-09-03 18:01:08 | INFO     | energy_stress.prophet | [Prophet-CORE] Forecast saved → outputs/tuning_rolling/forecasts/gas/core/prophet/candidate_04/gas_growth_pct_forecasts_prophet_core.csv
2026-09-03 18:01:08 | INFO     | energy_stress.tuning | Best params for gas/core/Prophet: {'changepoint_prior_scale': 0.01, 'seasonality_prior_scale': 10.0, 'seasonality_mode': 'additive'} (validation score=37.7331)
2026-09-03 18:01:08 | INFO     | energy_stress.tuning | Tuning gas/core/LSTM candidate 1/2: {'lookback': 6, 'dropout': 0.2, 'learning_rate': 0.001, 'units_1': 64, 'units_2': 32, 'macro_feature_set': 'lstm'}
2026-09-03 18:01:14 | INFO     | energy_stress.lstm | [LSTM-CORE] Training on gas | train=2006-05-01→2023-12-01 (212 obs), test=2024-01-01→2024-12-01 (12 obs), use_macro=False, lookback=6, dropout=0.2, lr=0.001, units=(64,32), macro_feature_set=lstm
2026-09-03 18:11:18 | INFO     | energy_stress.lstm | [LSTM-CORE gas] validation: MAE=14.5931, RMSE=17.0312
2026-09-03 18:19:23 | INFO     | energy_stress.lstm | [LSTM-CORE] Forecast saved → outputs/tuning_rolling/forecasts/gas/core/lstm/candidate_01/gas_growth_pct_forecasts_lstm_core.csv
2026-09-03 18:19:23 | INFO     | energy_stress.tuning | Tuning gas/core/LSTM candidate 2/2: {'lookback': 12, 'dropout': 0.2, 'learning_rate': 0.001, 'units_1': 128, 'units_2': 64, 'macro_feature_set': 'lstm'}
2026-09-03 18:19:23 | INFO     | energy_stress.lstm | [LSTM-CORE] Training on gas | train=2006-05-01→2023-12-01 (212 obs), test=2024-01-01→2024-12-01 (12 obs), use_macro=False, lookback=12, dropout=0.2, lr=0.001, units=(128,64), macro_feature_set=lstm
2026-09-03 18:25:27 | INFO     | energy_stress.lstm | [LSTM-CORE gas] validation: MAE=6.4848, RMSE=8.1732
2026-09-03 18:29:05 | INFO     | energy_stress.lstm | [LSTM-CORE] Forecast saved → outputs/tuning_rolling/forecasts/gas/core/lstm/candidate_02/gas_growth_pct_forecasts_lstm_core.csv
2026-09-03 18:29:05 | INFO     | energy_stress.tuning | Best params for gas/core/LSTM: {'lookback': 12, 'dropout': 0.2, 'learning_rate': 0.001, 'units_1': 128, 'units_2': 64, 'macro_feature_set': 'lstm'} (validation score=6.4848)
2026-09-03 18:29:05 | INFO     | energy_stress.tuning | Tuning gas/core/TFT candidate 1/2: {'lookback': 6, 'hidden': 32, 'n_heads': 4, 'learning_rate': 0.001}
2026-09-03 18:29:08 | INFO     | energy_stress.tft | [TFT/pytorch-forecasting] Fitting gas (core)
2026-09-03 18:29:26 | INFO     | energy_stress.tft | [TFT gas] validation: MAE=18.9032, RMSE=20.7600
2026-09-03 18:29:36 | INFO     | energy_stress.tft | [TFT] Forecast saved → outputs/tuning_rolling/forecasts/gas/core/tft/candidate_01/gas_growth_pct_forecasts_tft_core.csv
2026-09-03 18:29:36 | INFO     | energy_stress.tuning | Tuning gas/core/TFT candidate 2/2: {'lookback': 12, 'hidden': 64, 'n_heads': 4, 'learning_rate': 0.0005}
2026-09-03 18:29:36 | INFO     | energy_stress.tft | [TFT/pytorch-forecasting] Fitting gas (core)
2026-09-03 18:29:45 | INFO     | energy_stress.tft | [TFT gas] validation: MAE=19.0006, RMSE=20.6436
2026-09-03 18:29:56 | INFO     | energy_stress.tft | [TFT] Forecast saved → outputs/tuning_rolling/forecasts/gas/core/tft/candidate_02/gas_growth_pct_forecasts_tft_core.csv
2026-09-03 18:29:56 | INFO     | energy_stress.tuning | Best params for gas/core/TFT: {'lookback': 6, 'hidden': 32, 'n_heads': 4, 'learning_rate': 0.001} (validation score=18.9032)
2026-09-03 18:29:56 | INFO     | energy_stress.tuning | Tuning gas/macro/SARIMA candidate 1/1: {}
2026-09-03 18:29:56 | INFO     | energy_stress.sarima | [SARIMA-MACRO] Fitting on gas (train=212 obs)
2026-09-03 18:38:00 | INFO     | energy_stress.sarima | SARIMA best order: (2, 0, 1) × (2, 1, 1, 12)
2026-09-03 18:38:00 | INFO     | energy_stress.sarima | [SARIMA-MACRO] Using exogenous: ['inflation_growth_lag1', 'weather_volatility_lag1', 'gdp_growth_lag1', 'gas_futures_log_return_lag1', 'gas_futures_yoy_growth_lag1']
2026-09-03 18:38:02 | INFO     | energy_stress.sarima | [SARIMA-MACRO gas] validation: MAE=9.0906, RMSE=12.6742, MAPE=86.96%
2026-09-03 18:38:04 | INFO     | energy_stress.sarima | [SARIMA-MACRO] Forecast saved → outputs/tuning_rolling/forecasts/gas/macro/sarima/candidate_01/gas_growth_pct_forecasts_sarima_macro.csv
2026-09-03 18:38:04 | INFO     | energy_stress.tuning | Tuning gas/macro/Prophet candidate 1/16: {'changepoint_prior_scale': 0.01, 'seasonality_prior_scale': 10.0, 'seasonality_mode': 'additive', 'regressor_prior_scale': 0.1}
2026-09-03 18:38:04 | INFO     | energy_stress.prophet | [Prophet-MACRO] Fitting on gas (train=212 obs, regressors=True, cps=0.01, sps=10.0, reg_ps=0.1, seasonality=additive)
2026-09-03 18:38:04 | INFO     | energy_stress.prophet | [Prophet-MACRO gas] validation: MAE=31.7194, RMSE=33.3919
2026-09-03 18:38:04 | INFO     | energy_stress.prophet | [Prophet-MACRO] Forecast saved → outputs/tuning_rolling/forecasts/gas/macro/prophet/candidate_01/gas_growth_pct_forecasts_prophet_macro.csv
2026-09-03 18:38:04 | INFO     | energy_stress.tuning | Tuning gas/macro/Prophet candidate 2/16: {'changepoint_prior_scale': 0.01, 'seasonality_prior_scale': 10.0, 'seasonality_mode': 'additive', 'regressor_prior_scale': 0.5}
2026-09-03 18:38:04 | INFO     | energy_stress.prophet | [Prophet-MACRO] Fitting on gas (train=212 obs, regressors=True, cps=0.01, sps=10.0, reg_ps=0.5, seasonality=additive)
2026-09-03 18:38:04 | INFO     | energy_stress.prophet | [Prophet-MACRO gas] validation: MAE=26.9510, RMSE=28.8607
2026-09-03 18:38:04 | INFO     | energy_stress.prophet | [Prophet-MACRO] Forecast saved → outputs/tuning_rolling/forecasts/gas/macro/prophet/candidate_02/gas_growth_pct_forecasts_prophet_macro.csv
2026-09-03 18:38:04 | INFO     | energy_stress.tuning | Tuning gas/macro/Prophet candidate 3/16: {'changepoint_prior_scale': 0.01, 'seasonality_prior_scale': 10.0, 'seasonality_mode': 'additive', 'regressor_prior_scale': 2.0}
2026-09-03 18:38:04 | INFO     | energy_stress.prophet | [Prophet-MACRO] Fitting on gas (train=212 obs, regressors=True, cps=0.01, sps=10.0, reg_ps=2.0, seasonality=additive)
2026-09-03 18:38:04 | INFO     | energy_stress.prophet | [Prophet-MACRO gas] validation: MAE=28.8569, RMSE=30.7000
2026-09-03 18:38:05 | INFO     | energy_stress.prophet | [Prophet-MACRO] Forecast saved → outputs/tuning_rolling/forecasts/gas/macro/prophet/candidate_03/gas_growth_pct_forecasts_prophet_macro.csv
2026-09-03 18:38:05 | INFO     | energy_stress.tuning | Tuning gas/macro/Prophet candidate 4/16: {'changepoint_prior_scale': 0.01, 'seasonality_prior_scale': 10.0, 'seasonality_mode': 'additive', 'regressor_prior_scale': 10.0}
2026-09-03 18:38:05 | INFO     | energy_stress.prophet | [Prophet-MACRO] Fitting on gas (train=212 obs, regressors=True, cps=0.01, sps=10.0, reg_ps=10.0, seasonality=additive)
2026-09-03 18:38:05 | INFO     | energy_stress.prophet | [Prophet-MACRO gas] validation: MAE=30.0023, RMSE=31.7041
2026-09-03 18:38:05 | INFO     | energy_stress.prophet | [Prophet-MACRO] Forecast saved → outputs/tuning_rolling/forecasts/gas/macro/prophet/candidate_04/gas_growth_pct_forecasts_prophet_macro.csv
2026-09-03 18:38:05 | INFO     | energy_stress.tuning | Tuning gas/macro/Prophet candidate 5/16: {'changepoint_prior_scale': 0.01, 'seasonality_prior_scale': 10.0, 'seasonality_mode': 'multiplicative', 'regressor_prior_scale': 0.1}
2026-09-03 18:38:05 | INFO     | energy_stress.prophet | [Prophet-MACRO] Fitting on gas (train=212 obs, regressors=True, cps=0.01, sps=10.0, reg_ps=0.1, seasonality=multiplicative)
2026-09-03 18:38:05 | INFO     | energy_stress.prophet | [Prophet-MACRO gas] validation: MAE=35.8833, RMSE=37.4978
2026-09-03 18:38:05 | INFO     | energy_stress.prophet | [Prophet-MACRO] Forecast saved → outputs/tuning_rolling/forecasts/gas/macro/prophet/candidate_05/gas_growth_pct_forecasts_prophet_macro.csv
2026-09-03 18:38:05 | INFO     | energy_stress.tuning | Tuning gas/macro/Prophet candidate 6/16: {'changepoint_prior_scale': 0.01, 'seasonality_prior_scale': 10.0, 'seasonality_mode': 'multiplicative', 'regressor_prior_scale': 0.5}
2026-09-03 18:38:05 | INFO     | energy_stress.prophet | [Prophet-MACRO] Fitting on gas (train=212 obs, regressors=True, cps=0.01, sps=10.0, reg_ps=0.5, seasonality=multiplicative)
2026-09-03 18:38:05 | INFO     | energy_stress.prophet | [Prophet-MACRO gas] validation: MAE=37.9082, RMSE=39.4277
2026-09-03 18:38:05 | INFO     | energy_stress.prophet | [Prophet-MACRO] Forecast saved → outputs/tuning_rolling/forecasts/gas/macro/prophet/candidate_06/gas_growth_pct_forecasts_prophet_macro.csv
2026-09-03 18:38:05 | INFO     | energy_stress.tuning | Tuning gas/macro/Prophet candidate 7/16: {'changepoint_prior_scale': 0.01, 'seasonality_prior_scale': 10.0, 'seasonality_mode': 'multiplicative', 'regressor_prior_scale': 2.0}
2026-09-03 18:38:05 | INFO     | energy_stress.prophet | [Prophet-MACRO] Fitting on gas (train=212 obs, regressors=True, cps=0.01, sps=10.0, reg_ps=2.0, seasonality=multiplicative)
2026-09-03 18:38:06 | INFO     | energy_stress.prophet | [Prophet-MACRO gas] validation: MAE=37.7689, RMSE=39.3015
2026-09-03 18:38:06 | INFO     | energy_stress.prophet | [Prophet-MACRO] Forecast saved → outputs/tuning_rolling/forecasts/gas/macro/prophet/candidate_07/gas_growth_pct_forecasts_prophet_macro.csv
2026-09-03 18:38:06 | INFO     | energy_stress.tuning | Tuning gas/macro/Prophet candidate 8/16: {'changepoint_prior_scale': 0.01, 'seasonality_prior_scale': 10.0, 'seasonality_mode': 'multiplicative', 'regressor_prior_scale': 10.0}
2026-09-03 18:38:06 | INFO     | energy_stress.prophet | [Prophet-MACRO] Fitting on gas (train=212 obs, regressors=True, cps=0.01, sps=10.0, reg_ps=10.0, seasonality=multiplicative)
2026-09-03 18:38:06 | INFO     | energy_stress.prophet | [Prophet-MACRO gas] validation: MAE=37.7627, RMSE=39.2957
2026-09-03 18:38:06 | INFO     | energy_stress.prophet | [Prophet-MACRO] Forecast saved → outputs/tuning_rolling/forecasts/gas/macro/prophet/candidate_08/gas_growth_pct_forecasts_prophet_macro.csv
2026-09-03 18:38:06 | INFO     | energy_stress.tuning | Tuning gas/macro/Prophet candidate 9/16: {'changepoint_prior_scale': 0.05, 'seasonality_prior_scale': 10.0, 'seasonality_mode': 'additive', 'regressor_prior_scale': 0.1}
2026-09-03 18:38:06 | INFO     | energy_stress.prophet | [Prophet-MACRO] Fitting on gas (train=212 obs, regressors=True, cps=0.05, sps=10.0, reg_ps=0.1, seasonality=additive)
2026-09-03 18:38:06 | INFO     | energy_stress.prophet | [Prophet-MACRO gas] validation: MAE=45.1443, RMSE=46.1318
2026-09-03 18:38:06 | INFO     | energy_stress.prophet | [Prophet-MACRO] Forecast saved → outputs/tuning_rolling/forecasts/gas/macro/prophet/candidate_09/gas_growth_pct_forecasts_prophet_macro.csv
2026-09-03 18:38:06 | INFO     | energy_stress.tuning | Tuning gas/macro/Prophet candidate 10/16: {'changepoint_prior_scale': 0.05, 'seasonality_prior_scale': 10.0, 'seasonality_mode': 'additive', 'regressor_prior_scale': 0.5}
2026-09-03 18:38:06 | INFO     | energy_stress.prophet | [Prophet-MACRO] Fitting on gas (train=212 obs, regressors=True, cps=0.05, sps=10.0, reg_ps=0.5, seasonality=additive)
2026-09-03 18:38:06 | INFO     | energy_stress.prophet | [Prophet-MACRO gas] validation: MAE=45.3447, RMSE=46.3448
2026-09-03 18:38:07 | INFO     | energy_stress.prophet | [Prophet-MACRO] Forecast saved → outputs/tuning_rolling/forecasts/gas/macro/prophet/candidate_10/gas_growth_pct_forecasts_prophet_macro.csv
2026-09-03 18:38:07 | INFO     | energy_stress.tuning | Tuning gas/macro/Prophet candidate 11/16: {'changepoint_prior_scale': 0.05, 'seasonality_prior_scale': 10.0, 'seasonality_mode': 'additive', 'regressor_prior_scale': 2.0}
2026-09-03 18:38:07 | INFO     | energy_stress.prophet | [Prophet-MACRO] Fitting on gas (train=212 obs, regressors=True, cps=0.05, sps=10.0, reg_ps=2.0, seasonality=additive)
2026-09-03 18:38:07 | INFO     | energy_stress.prophet | [Prophet-MACRO gas] validation: MAE=44.3576, RMSE=45.3947
2026-09-03 18:38:08 | INFO     | energy_stress.prophet | [Prophet-MACRO] Forecast saved → outputs/tuning_rolling/forecasts/gas/macro/prophet/candidate_11/gas_growth_pct_forecasts_prophet_macro.csv
2026-09-03 18:38:08 | INFO     | energy_stress.tuning | Tuning gas/macro/Prophet candidate 12/16: {'changepoint_prior_scale': 0.05, 'seasonality_prior_scale': 10.0, 'seasonality_mode': 'additive', 'regressor_prior_scale': 10.0}
2026-09-03 18:38:08 | INFO     | energy_stress.prophet | [Prophet-MACRO] Fitting on gas (train=212 obs, regressors=True, cps=0.05, sps=10.0, reg_ps=10.0, seasonality=additive)
2026-09-03 18:38:08 | INFO     | energy_stress.prophet | [Prophet-MACRO gas] validation: MAE=44.5546, RMSE=45.5871
2026-09-03 18:38:08 | INFO     | energy_stress.prophet | [Prophet-MACRO] Forecast saved → outputs/tuning_rolling/forecasts/gas/macro/prophet/candidate_12/gas_growth_pct_forecasts_prophet_macro.csv
2026-09-03 18:38:08 | INFO     | energy_stress.tuning | Tuning gas/macro/Prophet candidate 13/16: {'changepoint_prior_scale': 0.05, 'seasonality_prior_scale': 10.0, 'seasonality_mode': 'multiplicative', 'regressor_prior_scale': 0.1}
2026-09-03 18:38:08 | INFO     | energy_stress.prophet | [Prophet-MACRO] Fitting on gas (train=212 obs, regressors=True, cps=0.05, sps=10.0, reg_ps=0.1, seasonality=multiplicative)
2026-09-03 18:38:08 | INFO     | energy_stress.prophet | [Prophet-MACRO gas] validation: MAE=58.9676, RMSE=65.1473
2026-09-03 18:38:08 | INFO     | energy_stress.prophet | [Prophet-MACRO] Forecast saved → outputs/tuning_rolling/forecasts/gas/macro/prophet/candidate_13/gas_growth_pct_forecasts_prophet_macro.csv
2026-09-03 18:38:08 | INFO     | energy_stress.tuning | Tuning gas/macro/Prophet candidate 14/16: {'changepoint_prior_scale': 0.05, 'seasonality_prior_scale': 10.0, 'seasonality_mode': 'multiplicative', 'regressor_prior_scale': 0.5}
2026-09-03 18:38:08 | INFO     | energy_stress.prophet | [Prophet-MACRO] Fitting on gas (train=212 obs, regressors=True, cps=0.05, sps=10.0, reg_ps=0.5, seasonality=multiplicative)
2026-09-03 18:38:08 | INFO     | energy_stress.prophet | [Prophet-MACRO gas] validation: MAE=41.2891, RMSE=50.4634
2026-09-03 18:38:08 | INFO     | energy_stress.prophet | [Prophet-MACRO] Forecast saved → outputs/tuning_rolling/forecasts/gas/macro/prophet/candidate_14/gas_growth_pct_forecasts_prophet_macro.csv
2026-09-03 18:38:08 | INFO     | energy_stress.tuning | Tuning gas/macro/Prophet candidate 15/16: {'changepoint_prior_scale': 0.05, 'seasonality_prior_scale': 10.0, 'seasonality_mode': 'multiplicative', 'regressor_prior_scale': 2.0}
2026-09-03 18:38:08 | INFO     | energy_stress.prophet | [Prophet-MACRO] Fitting on gas (train=212 obs, regressors=True, cps=0.05, sps=10.0, reg_ps=2.0, seasonality=multiplicative)
2026-09-03 18:38:08 | INFO     | energy_stress.prophet | [Prophet-MACRO gas] validation: MAE=40.7054, RMSE=50.3767
2026-09-03 18:38:09 | INFO     | energy_stress.prophet | [Prophet-MACRO] Forecast saved → outputs/tuning_rolling/forecasts/gas/macro/prophet/candidate_15/gas_growth_pct_forecasts_prophet_macro.csv
2026-09-03 18:38:09 | INFO     | energy_stress.tuning | Tuning gas/macro/Prophet candidate 16/16: {'changepoint_prior_scale': 0.05, 'seasonality_prior_scale': 10.0, 'seasonality_mode': 'multiplicative', 'regressor_prior_scale': 10.0}
2026-09-03 18:38:09 | INFO     | energy_stress.prophet | [Prophet-MACRO] Fitting on gas (train=212 obs, regressors=True, cps=0.05, sps=10.0, reg_ps=10.0, seasonality=multiplicative)
2026-09-03 18:38:09 | INFO     | energy_stress.prophet | [Prophet-MACRO gas] validation: MAE=40.7989, RMSE=51.0667
2026-09-03 18:38:09 | INFO     | energy_stress.prophet | [Prophet-MACRO] Forecast saved → outputs/tuning_rolling/forecasts/gas/macro/prophet/candidate_16/gas_growth_pct_forecasts_prophet_macro.csv
2026-09-03 18:38:09 | INFO     | energy_stress.tuning | Best params for gas/macro/Prophet: {'changepoint_prior_scale': 0.01, 'seasonality_prior_scale': 10.0, 'seasonality_mode': 'additive', 'regressor_prior_scale': 0.5} (validation score=26.9510)
2026-09-03 18:38:09 | INFO     | energy_stress.tuning | Tuning gas/macro/LSTM candidate 1/2: {'lookback': 6, 'dropout': 0.2, 'learning_rate': 0.001, 'units_1': 64, 'units_2': 32, 'macro_feature_set': 'lstm'}
2026-09-03 18:38:09 | INFO     | energy_stress.lstm | [LSTM-MACRO] Training on gas | train=2006-05-01→2023-12-01 (212 obs), test=2024-01-01→2024-12-01 (12 obs), use_macro=True, lookback=6, dropout=0.2, lr=0.001, units=(64,32), macro_feature_set=lstm
2026-09-03 18:38:33 | INFO     | energy_stress.lstm | [LSTM-MACRO gas] validation: MAE=29.6279, RMSE=31.5983
2026-09-03 18:39:08 | INFO     | energy_stress.lstm | [LSTM-MACRO] Forecast saved → outputs/tuning_rolling/forecasts/gas/macro/lstm/candidate_01/gas_growth_pct_forecasts_lstm_macro.csv
2026-09-03 18:39:08 | INFO     | energy_stress.tuning | Tuning gas/macro/LSTM candidate 2/2: {'lookback': 12, 'dropout': 0.2, 'learning_rate': 0.001, 'units_1': 128, 'units_2': 64, 'macro_feature_set': 'lstm'}
2026-09-03 18:39:08 | INFO     | energy_stress.lstm | [LSTM-MACRO] Training on gas | train=2006-05-01→2023-12-01 (212 obs), test=2024-01-01→2024-12-01 (12 obs), use_macro=True, lookback=12, dropout=0.2, lr=0.001, units=(128,64), macro_feature_set=lstm
2026-09-03 18:39:43 | INFO     | energy_stress.lstm | [LSTM-MACRO gas] validation: MAE=34.2623, RMSE=36.1293
2026-09-03 18:41:12 | INFO     | energy_stress.lstm | [LSTM-MACRO] Forecast saved → outputs/tuning_rolling/forecasts/gas/macro/lstm/candidate_02/gas_growth_pct_forecasts_lstm_macro.csv
2026-09-03 18:41:12 | INFO     | energy_stress.tuning | Best params for gas/macro/LSTM: {'lookback': 6, 'dropout': 0.2, 'learning_rate': 0.001, 'units_1': 64, 'units_2': 32, 'macro_feature_set': 'lstm'} (validation score=29.6279)
2026-09-03 18:41:12 | INFO     | energy_stress.tuning | Tuning gas/macro/TFT candidate 1/2: {'lookback': 6, 'hidden': 32, 'n_heads': 4, 'learning_rate': 0.001}
2026-09-03 18:41:12 | INFO     | energy_stress.tft | [TFT/pytorch-forecasting] Fitting gas (macro)
2026-09-03 18:41:24 | INFO     | energy_stress.tft | [TFT gas] validation: MAE=27.2090, RMSE=29.0480
2026-09-03 18:41:36 | INFO     | energy_stress.tft | [TFT] Forecast saved → outputs/tuning_rolling/forecasts/gas/macro/tft/candidate_01/gas_growth_pct_forecasts_tft_macro.csv
2026-09-03 18:41:36 | INFO     | energy_stress.tuning | Tuning gas/macro/TFT candidate 2/2: {'lookback': 12, 'hidden': 64, 'n_heads': 4, 'learning_rate': 0.0005}
2026-09-03 18:41:36 | INFO     | energy_stress.tft | [TFT/pytorch-forecasting] Fitting gas (macro)
2026-09-03 18:41:46 | INFO     | energy_stress.tft | [TFT gas] validation: MAE=18.9039, RMSE=21.1536
2026-09-03 18:41:56 | INFO     | energy_stress.tft | [TFT] Forecast saved → outputs/tuning_rolling/forecasts/gas/macro/tft/candidate_02/gas_growth_pct_forecasts_tft_macro.csv
2026-09-03 18:41:56 | INFO     | energy_stress.tuning | Best params for gas/macro/TFT: {'lookback': 12, 'hidden': 64, 'n_heads': 4, 'learning_rate': 0.0005} (validation score=18.9039)
2026-09-03 18:41:56 | INFO     | energy_stress.tuning | Tuning electricity/core/SARIMA candidate 1/1: {}
2026-09-03 18:41:56 | INFO     | energy_stress.sarima | [SARIMA-CORE] Fitting on electricity (train=212 obs)
2026-09-03 18:44:05 | INFO     | energy_stress.sarima | SARIMA best order: (2, 0, 1) × (2, 1, 1, 12)
2026-09-03 18:44:06 | INFO     | energy_stress.sarima | [SARIMA-CORE electricity] validation: MAE=14.5462, RMSE=15.1694, MAPE=120.72%
2026-09-03 18:44:08 | INFO     | energy_stress.sarima | [SARIMA-CORE] Forecast saved → outputs/tuning_rolling/forecasts/electricity/core/sarima/candidate_01/electricity_growth_pct_forecasts_sarima_core.csv
2026-09-03 18:44:08 | INFO     | energy_stress.tuning | Tuning electricity/core/Prophet candidate 1/2: {'changepoint_prior_scale': 0.01, 'seasonality_prior_scale': 10.0, 'seasonality_mode': 'additive'}
2026-09-03 18:44:08 | INFO     | energy_stress.prophet | [Prophet-CORE] Fitting on electricity (train=212 obs, regressors=False, cps=0.01, sps=10.0, reg_ps=n/a, seasonality=additive)
2026-09-03 18:44:08 | INFO     | energy_stress.prophet | [Prophet-CORE electricity] validation: MAE=27.5499, RMSE=28.1829
2026-09-03 18:44:08 | INFO     | energy_stress.prophet | [Prophet-CORE] Forecast saved → outputs/tuning_rolling/forecasts/electricity/core/prophet/candidate_01/electricity_growth_pct_forecasts_prophet_core.csv
2026-09-03 18:44:08 | INFO     | energy_stress.tuning | Tuning electricity/core/Prophet candidate 2/2: {'changepoint_prior_scale': 0.05, 'seasonality_prior_scale': 10.0, 'seasonality_mode': 'additive'}
2026-09-03 18:44:08 | INFO     | energy_stress.prophet | [Prophet-CORE] Fitting on electricity (train=212 obs, regressors=False, cps=0.05, sps=10.0, reg_ps=n/a, seasonality=additive)
2026-09-03 18:44:08 | INFO     | energy_stress.prophet | [Prophet-CORE electricity] validation: MAE=34.5585, RMSE=35.0348
2026-09-03 18:44:08 | INFO     | energy_stress.prophet | [Prophet-CORE] Forecast saved → outputs/tuning_rolling/forecasts/electricity/core/prophet/candidate_02/electricity_growth_pct_forecasts_prophet_core.csv
2026-09-03 18:44:08 | INFO     | energy_stress.tuning | Best params for electricity/core/Prophet: {'changepoint_prior_scale': 0.01, 'seasonality_prior_scale': 10.0, 'seasonality_mode': 'additive'} (validation score=27.5499)
2026-09-03 18:44:08 | INFO     | energy_stress.tuning | Tuning electricity/core/LSTM candidate 1/2: {'lookback': 6, 'dropout': 0.2, 'learning_rate': 0.001, 'units_1': 64, 'units_2': 32, 'macro_feature_set': 'lstm'}
2026-09-03 18:44:08 | INFO     | energy_stress.lstm | [LSTM-CORE] Training on electricity | train=2006-05-01→2023-12-01 (212 obs), test=2024-01-01→2024-12-01 (12 obs), use_macro=False, lookback=6, dropout=0.2, lr=0.001, units=(64,32), macro_feature_set=lstm
2026-09-03 18:44:24 | INFO     | energy_stress.lstm | [LSTM-CORE electricity] validation: MAE=10.3231, RMSE=11.9071
2026-09-03 18:44:35 | INFO     | energy_stress.lstm | [LSTM-CORE] Forecast saved → outputs/tuning_rolling/forecasts/electricity/core/lstm/candidate_01/electricity_growth_pct_forecasts_lstm_core.csv
2026-09-03 18:44:35 | INFO     | energy_stress.tuning | Tuning electricity/core/LSTM candidate 2/2: {'lookback': 12, 'dropout': 0.2, 'learning_rate': 0.001, 'units_1': 128, 'units_2': 64, 'macro_feature_set': 'lstm'}
2026-09-03 18:44:35 | INFO     | energy_stress.lstm | [LSTM-CORE] Training on electricity | train=2006-05-01→2023-12-01 (212 obs), test=2024-01-01→2024-12-01 (12 obs), use_macro=False, lookback=12, dropout=0.2, lr=0.001, units=(128,64), macro_feature_set=lstm
2026-09-03 18:44:50 | INFO     | energy_stress.lstm | [LSTM-CORE electricity] validation: MAE=30.5222, RMSE=31.1013
2026-09-03 18:45:19 | INFO     | energy_stress.lstm | [LSTM-CORE] Forecast saved → outputs/tuning_rolling/forecasts/electricity/core/lstm/candidate_02/electricity_growth_pct_forecasts_lstm_core.csv
2026-09-03 18:45:19 | INFO     | energy_stress.tuning | Best params for electricity/core/LSTM: {'lookback': 6, 'dropout': 0.2, 'learning_rate': 0.001, 'units_1': 64, 'units_2': 32, 'macro_feature_set': 'lstm'} (validation score=10.3231)
2026-09-03 18:45:19 | INFO     | energy_stress.tuning | Tuning electricity/core/TFT candidate 1/2: {'lookback': 6, 'hidden': 32, 'n_heads': 4, 'learning_rate': 0.001}
2026-09-03 18:45:19 | INFO     | energy_stress.tft | [TFT/pytorch-forecasting] Fitting electricity (core)
2026-09-03 18:45:26 | INFO     | energy_stress.tft | [TFT electricity] validation: MAE=17.2116, RMSE=18.1944
2026-09-03 18:45:33 | INFO     | energy_stress.tft | [TFT] Forecast saved → outputs/tuning_rolling/forecasts/electricity/core/tft/candidate_01/electricity_growth_pct_forecasts_tft_core.csv
2026-09-03 18:45:33 | INFO     | energy_stress.tuning | Tuning electricity/core/TFT candidate 2/2: {'lookback': 12, 'hidden': 64, 'n_heads': 4, 'learning_rate': 0.0005}
2026-09-03 18:45:33 | INFO     | energy_stress.tft | [TFT/pytorch-forecasting] Fitting electricity (core)
2026-09-03 18:45:40 | INFO     | energy_stress.tft | [TFT electricity] validation: MAE=17.1080, RMSE=17.9535
2026-09-03 18:45:49 | INFO     | energy_stress.tft | [TFT] Forecast saved → outputs/tuning_rolling/forecasts/electricity/core/tft/candidate_02/electricity_growth_pct_forecasts_tft_core.csv
2026-09-03 18:45:49 | INFO     | energy_stress.tuning | Best params for electricity/core/TFT: {'lookback': 12, 'hidden': 64, 'n_heads': 4, 'learning_rate': 0.0005} (validation score=17.1080)
2026-09-03 18:45:49 | INFO     | energy_stress.tuning | Tuning electricity/macro/SARIMA candidate 1/1: {}
2026-09-03 18:45:49 | INFO     | energy_stress.sarima | [SARIMA-MACRO] Fitting on electricity (train=212 obs)
2026-09-03 18:47:47 | INFO     | energy_stress.sarima | SARIMA best order: (2, 0, 1) × (2, 1, 1, 12)
2026-09-03 18:47:47 | INFO     | energy_stress.sarima | [SARIMA-MACRO] Using exogenous: ['inflation_growth_lag1', 'weather_volatility_lag1', 'gdp_growth_lag1', 'gas_futures_log_return_lag1', 'gas_futures_yoy_growth_lag1', 'electricity_growth_lag12', 'post_2016_electricity_regime', 'gbp_eur_yoy_change_lag12']
2026-09-03 18:47:49 | INFO     | energy_stress.sarima | [SARIMA-MACRO electricity] validation: MAE=17.1632, RMSE=18.4425, MAPE=144.21%
2026-09-03 18:47:51 | INFO     | energy_stress.sarima | [SARIMA-MACRO] Forecast saved → outputs/tuning_rolling/forecasts/electricity/macro/sarima/candidate_01/electricity_growth_pct_forecasts_sarima_macro.csv
2026-09-03 18:47:51 | INFO     | energy_stress.tuning | Tuning electricity/macro/Prophet candidate 1/8: {'changepoint_prior_scale': 0.01, 'seasonality_prior_scale': 10.0, 'seasonality_mode': 'additive', 'regressor_prior_scale': 0.1}
2026-09-03 18:47:51 | INFO     | energy_stress.prophet | [Prophet-MACRO] Fitting on electricity (train=212 obs, regressors=True, cps=0.01, sps=10.0, reg_ps=0.1, seasonality=additive)
2026-09-03 18:47:51 | INFO     | energy_stress.prophet | [Prophet-MACRO electricity] validation: MAE=15.7503, RMSE=16.7710
2026-09-03 18:47:51 | INFO     | energy_stress.prophet | [Prophet-MACRO] Forecast saved → outputs/tuning_rolling/forecasts/electricity/macro/prophet/candidate_01/electricity_growth_pct_forecasts_prophet_macro.csv
2026-09-03 18:47:51 | INFO     | energy_stress.tuning | Tuning electricity/macro/Prophet candidate 2/8: {'changepoint_prior_scale': 0.01, 'seasonality_prior_scale': 10.0, 'seasonality_mode': 'additive', 'regressor_prior_scale': 0.5}
2026-09-03 18:47:51 | INFO     | energy_stress.prophet | [Prophet-MACRO] Fitting on electricity (train=212 obs, regressors=True, cps=0.01, sps=10.0, reg_ps=0.5, seasonality=additive)
2026-09-03 18:47:52 | INFO     | energy_stress.prophet | [Prophet-MACRO electricity] validation: MAE=12.3608, RMSE=13.9510
2026-09-03 18:47:52 | INFO     | energy_stress.prophet | [Prophet-MACRO] Forecast saved → outputs/tuning_rolling/forecasts/electricity/macro/prophet/candidate_02/electricity_growth_pct_forecasts_prophet_macro.csv
2026-09-03 18:47:52 | INFO     | energy_stress.tuning | Tuning electricity/macro/Prophet candidate 3/8: {'changepoint_prior_scale': 0.01, 'seasonality_prior_scale': 10.0, 'seasonality_mode': 'additive', 'regressor_prior_scale': 2.0}
2026-09-03 18:47:52 | INFO     | energy_stress.prophet | [Prophet-MACRO] Fitting on electricity (train=212 obs, regressors=True, cps=0.01, sps=10.0, reg_ps=2.0, seasonality=additive)
2026-09-03 18:47:52 | INFO     | energy_stress.prophet | [Prophet-MACRO electricity] validation: MAE=14.7040, RMSE=15.9621
2026-09-03 18:47:52 | INFO     | energy_stress.prophet | [Prophet-MACRO] Forecast saved → outputs/tuning_rolling/forecasts/electricity/macro/prophet/candidate_03/electricity_growth_pct_forecasts_prophet_macro.csv
2026-09-03 18:47:52 | INFO     | energy_stress.tuning | Tuning electricity/macro/Prophet candidate 4/8: {'changepoint_prior_scale': 0.01, 'seasonality_prior_scale': 10.0, 'seasonality_mode': 'additive', 'regressor_prior_scale': 10.0}
2026-09-03 18:47:52 | INFO     | energy_stress.prophet | [Prophet-MACRO] Fitting on electricity (train=212 obs, regressors=True, cps=0.01, sps=10.0, reg_ps=10.0, seasonality=additive)
2026-09-03 18:47:52 | INFO     | energy_stress.prophet | [Prophet-MACRO electricity] validation: MAE=13.1562, RMSE=14.6459
2026-09-03 18:47:52 | INFO     | energy_stress.prophet | [Prophet-MACRO] Forecast saved → outputs/tuning_rolling/forecasts/electricity/macro/prophet/candidate_04/electricity_growth_pct_forecasts_prophet_macro.csv
2026-09-03 18:47:52 | INFO     | energy_stress.tuning | Tuning electricity/macro/Prophet candidate 5/8: {'changepoint_prior_scale': 0.05, 'seasonality_prior_scale': 10.0, 'seasonality_mode': 'additive', 'regressor_prior_scale': 0.1}
2026-09-03 18:47:52 | INFO     | energy_stress.prophet | [Prophet-MACRO] Fitting on electricity (train=212 obs, regressors=True, cps=0.05, sps=10.0, reg_ps=0.1, seasonality=additive)
2026-09-03 18:47:52 | INFO     | energy_stress.prophet | [Prophet-MACRO electricity] validation: MAE=33.9967, RMSE=34.9430
2026-09-03 18:47:52 | INFO     | energy_stress.prophet | [Prophet-MACRO] Forecast saved → outputs/tuning_rolling/forecasts/electricity/macro/prophet/candidate_05/electricity_growth_pct_forecasts_prophet_macro.csv
2026-09-03 18:47:52 | INFO     | energy_stress.tuning | Tuning electricity/macro/Prophet candidate 6/8: {'changepoint_prior_scale': 0.05, 'seasonality_prior_scale': 10.0, 'seasonality_mode': 'additive', 'regressor_prior_scale': 0.5}
2026-09-03 18:47:52 | INFO     | energy_stress.prophet | [Prophet-MACRO] Fitting on electricity (train=212 obs, regressors=True, cps=0.05, sps=10.0, reg_ps=0.5, seasonality=additive)
2026-09-03 18:47:52 | INFO     | energy_stress.prophet | [Prophet-MACRO electricity] validation: MAE=34.1465, RMSE=35.1080
2026-09-03 18:47:53 | INFO     | energy_stress.prophet | [Prophet-MACRO] Forecast saved → outputs/tuning_rolling/forecasts/electricity/macro/prophet/candidate_06/electricity_growth_pct_forecasts_prophet_macro.csv
2026-09-03 18:47:53 | INFO     | energy_stress.tuning | Tuning electricity/macro/Prophet candidate 7/8: {'changepoint_prior_scale': 0.05, 'seasonality_prior_scale': 10.0, 'seasonality_mode': 'additive', 'regressor_prior_scale': 2.0}
2026-09-03 18:47:53 | INFO     | energy_stress.prophet | [Prophet-MACRO] Fitting on electricity (train=212 obs, regressors=True, cps=0.05, sps=10.0, reg_ps=2.0, seasonality=additive)
2026-09-03 18:47:53 | INFO     | energy_stress.prophet | [Prophet-MACRO electricity] validation: MAE=33.4182, RMSE=34.3032
2026-09-03 18:47:53 | INFO     | energy_stress.prophet | [Prophet-MACRO] Forecast saved → outputs/tuning_rolling/forecasts/electricity/macro/prophet/candidate_07/electricity_growth_pct_forecasts_prophet_macro.csv
2026-09-03 18:47:53 | INFO     | energy_stress.tuning | Tuning electricity/macro/Prophet candidate 8/8: {'changepoint_prior_scale': 0.05, 'seasonality_prior_scale': 10.0, 'seasonality_mode': 'additive', 'regressor_prior_scale': 10.0}
2026-09-03 18:47:53 | INFO     | energy_stress.prophet | [Prophet-MACRO] Fitting on electricity (train=212 obs, regressors=True, cps=0.05, sps=10.0, reg_ps=10.0, seasonality=additive)
2026-09-03 18:47:53 | INFO     | energy_stress.prophet | [Prophet-MACRO electricity] validation: MAE=33.9877, RMSE=34.9351
2026-09-03 18:47:53 | INFO     | energy_stress.prophet | [Prophet-MACRO] Forecast saved → outputs/tuning_rolling/forecasts/electricity/macro/prophet/candidate_08/electricity_growth_pct_forecasts_prophet_macro.csv
2026-09-03 18:47:53 | INFO     | energy_stress.tuning | Best params for electricity/macro/Prophet: {'changepoint_prior_scale': 0.01, 'seasonality_prior_scale': 10.0, 'seasonality_mode': 'additive', 'regressor_prior_scale': 0.5} (validation score=12.3608)
2026-09-03 18:47:53 | INFO     | energy_stress.tuning | Tuning electricity/macro/LSTM candidate 1/7: {'lookback': 3, 'dropout': 0.1, 'learning_rate': 0.001, 'units_1': 64, 'units_2': 32, 'macro_feature_set': 'lean'}
2026-09-03 18:47:53 | INFO     | energy_stress.lstm | [LSTM-MACRO] Training on electricity | train=2006-05-01→2023-12-01 (212 obs), test=2024-01-01→2024-12-01 (12 obs), use_macro=True, lookback=3, dropout=0.1, lr=0.001, units=(64,32), macro_feature_set=lean
2026-09-03 18:48:08 | INFO     | energy_stress.lstm | [LSTM-MACRO electricity] validation: MAE=11.5819, RMSE=12.7180
2026-09-03 18:48:21 | INFO     | energy_stress.lstm | [LSTM-MACRO] Forecast saved → outputs/tuning_rolling/forecasts/electricity/macro/lstm/candidate_01/electricity_growth_pct_forecasts_lstm_macro.csv
2026-09-03 18:48:21 | INFO     | energy_stress.tuning | Tuning electricity/macro/LSTM candidate 2/7: {'lookback': 6, 'dropout': 0.1, 'learning_rate': 0.001, 'units_1': 64, 'units_2': 32, 'macro_feature_set': 'lean'}
2026-09-03 18:48:21 | INFO     | energy_stress.lstm | [LSTM-MACRO] Training on electricity | train=2006-05-01→2023-12-01 (212 obs), test=2024-01-01→2024-12-01 (12 obs), use_macro=True, lookback=6, dropout=0.1, lr=0.001, units=(64,32), macro_feature_set=lean
2026-09-03 18:48:37 | INFO     | energy_stress.lstm | [LSTM-MACRO electricity] validation: MAE=12.4471, RMSE=13.6426
2026-09-03 18:48:51 | INFO     | energy_stress.lstm | [LSTM-MACRO] Forecast saved → outputs/tuning_rolling/forecasts/electricity/macro/lstm/candidate_02/electricity_growth_pct_forecasts_lstm_macro.csv
2026-09-03 18:48:51 | INFO     | energy_stress.tuning | Tuning electricity/macro/LSTM candidate 3/7: {'lookback': 9, 'dropout': 0.2, 'learning_rate': 0.001, 'units_1': 96, 'units_2': 48, 'macro_feature_set': 'lean'}
2026-09-03 18:48:51 | INFO     | energy_stress.lstm | [LSTM-MACRO] Training on electricity | train=2006-05-01→2023-12-01 (212 obs), test=2024-01-01→2024-12-01 (12 obs), use_macro=True, lookback=9, dropout=0.2, lr=0.001, units=(96,48), macro_feature_set=lean
2026-09-03 18:49:27 | INFO     | energy_stress.lstm | [LSTM-MACRO electricity] validation: MAE=13.0849, RMSE=14.3359
2026-09-03 18:50:25 | INFO     | energy_stress.lstm | [LSTM-MACRO] Forecast saved → outputs/tuning_rolling/forecasts/electricity/macro/lstm/candidate_03/electricity_growth_pct_forecasts_lstm_macro.csv
2026-09-03 18:50:25 | INFO     | energy_stress.tuning | Tuning electricity/macro/LSTM candidate 4/7: {'lookback': 12, 'dropout': 0.2, 'learning_rate': 0.001, 'units_1': 128, 'units_2': 64, 'macro_feature_set': 'lean'}
2026-09-03 18:50:25 | INFO     | energy_stress.lstm | [LSTM-MACRO] Training on electricity | train=2006-05-01→2023-12-01 (212 obs), test=2024-01-01→2024-12-01 (12 obs), use_macro=True, lookback=12, dropout=0.2, lr=0.001, units=(128,64), macro_feature_set=lean
2026-09-03 18:52:09 | INFO     | energy_stress.lstm | [LSTM-MACRO electricity] validation: MAE=14.9657, RMSE=15.9331
2026-09-03 18:53:50 | INFO     | energy_stress.lstm | [LSTM-MACRO] Forecast saved → outputs/tuning_rolling/forecasts/electricity/macro/lstm/candidate_04/electricity_growth_pct_forecasts_lstm_macro.csv
2026-09-03 18:53:50 | INFO     | energy_stress.tuning | Tuning electricity/macro/LSTM candidate 5/7: {'lookback': 18, 'dropout': 0.35, 'learning_rate': 0.0005, 'units_1': 128, 'units_2': 64, 'macro_feature_set': 'lean'}
2026-09-03 18:53:50 | INFO     | energy_stress.lstm | [LSTM-MACRO] Training on electricity | train=2006-05-01→2023-12-01 (212 obs), test=2024-01-01→2024-12-01 (12 obs), use_macro=True, lookback=18, dropout=0.35, lr=0.0005, units=(128,64), macro_feature_set=lean
2026-09-03 18:55:29 | INFO     | energy_stress.lstm | [LSTM-MACRO electricity] validation: MAE=20.9622, RMSE=21.6942
2026-09-03 18:57:16 | INFO     | energy_stress.lstm | [LSTM-MACRO] Forecast saved → outputs/tuning_rolling/forecasts/electricity/macro/lstm/candidate_05/electricity_growth_pct_forecasts_lstm_macro.csv
2026-09-03 18:57:16 | INFO     | energy_stress.tuning | Tuning electricity/macro/LSTM candidate 6/7: {'lookback': 9, 'dropout': 0.2, 'learning_rate': 0.001, 'units_1': 96, 'units_2': 48, 'macro_feature_set': 'demand'}
2026-09-03 18:57:16 | INFO     | energy_stress.lstm | [LSTM-MACRO] Training on electricity | train=2006-05-01→2023-12-01 (212 obs), test=2024-01-01→2024-12-01 (12 obs), use_macro=True, lookback=9, dropout=0.2, lr=0.001, units=(96,48), macro_feature_set=demand
2026-09-03 18:58:41 | INFO     | energy_stress.lstm | [LSTM-MACRO electricity] validation: MAE=16.9904, RMSE=18.2704
2026-09-03 19:00:35 | INFO     | energy_stress.lstm | [LSTM-MACRO] Forecast saved → outputs/tuning_rolling/forecasts/electricity/macro/lstm/candidate_06/electricity_growth_pct_forecasts_lstm_macro.csv
2026-09-03 19:00:35 | INFO     | energy_stress.tuning | Tuning electricity/macro/LSTM candidate 7/7: {'lookback': 12, 'dropout': 0.2, 'learning_rate': 0.001, 'units_1': 128, 'units_2': 64, 'macro_feature_set': 'demand'}
2026-09-03 19:00:35 | INFO     | energy_stress.lstm | [LSTM-MACRO] Training on electricity | train=2006-05-01→2023-12-01 (212 obs), test=2024-01-01→2024-12-01 (12 obs), use_macro=True, lookback=12, dropout=0.2, lr=0.001, units=(128,64), macro_feature_set=demand
2026-09-03 19:02:45 | INFO     | energy_stress.lstm | [LSTM-MACRO electricity] validation: MAE=12.2493, RMSE=13.5351
2026-09-03 19:06:38 | INFO     | energy_stress.lstm | [LSTM-MACRO] Forecast saved → outputs/tuning_rolling/forecasts/electricity/macro/lstm/candidate_07/electricity_growth_pct_forecasts_lstm_macro.csv
2026-09-03 19:06:38 | INFO     | energy_stress.tuning | Best params for electricity/macro/LSTM: {'lookback': 3, 'dropout': 0.1, 'learning_rate': 0.001, 'units_1': 64, 'units_2': 32, 'macro_feature_set': 'lean'} (validation score=11.5819)
2026-09-03 19:06:38 | INFO     | energy_stress.tuning | Tuning electricity/macro/TFT candidate 1/2: {'lookback': 6, 'hidden': 32, 'n_heads': 4, 'learning_rate': 0.001}
2026-09-03 19:06:38 | INFO     | energy_stress.tft | [TFT/pytorch-forecasting] Fitting electricity (macro)
2026-09-03 19:06:51 | INFO     | energy_stress.tft | [TFT electricity] validation: MAE=13.9809, RMSE=15.0191
2026-09-03 19:07:06 | INFO     | energy_stress.tft | [TFT] Forecast saved → outputs/tuning_rolling/forecasts/electricity/macro/tft/candidate_01/electricity_growth_pct_forecasts_tft_macro.csv
2026-09-03 19:07:06 | INFO     | energy_stress.tuning | Tuning electricity/macro/TFT candidate 2/2: {'lookback': 12, 'hidden': 64, 'n_heads': 4, 'learning_rate': 0.0005}
2026-09-03 19:07:06 | INFO     | energy_stress.tft | [TFT/pytorch-forecasting] Fitting electricity (macro)
2026-09-03 19:07:18 | INFO     | energy_stress.tft | [TFT electricity] validation: MAE=15.2182, RMSE=16.1755
2026-09-03 19:07:34 | INFO     | energy_stress.tft | [TFT] Forecast saved → outputs/tuning_rolling/forecasts/electricity/macro/tft/candidate_02/electricity_growth_pct_forecasts_tft_macro.csv
2026-09-03 19:07:34 | INFO     | energy_stress.tuning | Best params for electricity/macro/TFT: {'lookback': 6, 'hidden': 32, 'n_heads': 4, 'learning_rate': 0.001} (validation score=13.9809)
2026-09-03 19:07:34 | INFO     | energy_stress.tuning | Tuning carbon/core/SARIMA candidate 1/1: {}
2026-09-03 19:07:34 | INFO     | energy_stress.sarima | [SARIMA-CORE] Fitting on carbon (train=212 obs)
2026-09-03 19:09:56 | INFO     | energy_stress.sarima | SARIMA best order: (1, 0, 0) × (2, 1, 0, 12)
2026-09-03 19:09:56 | INFO     | energy_stress.sarima | [SARIMA-CORE carbon] validation: MAE=40.6552, RMSE=42.8509, MAPE=248.32%
2026-09-03 19:09:56 | INFO     | energy_stress.sarima | [SARIMA-CORE] Forecast saved → outputs/tuning_rolling/forecasts/carbon/core/sarima/candidate_01/carbon_growth_pct_forecasts_sarima_core.csv
2026-09-03 19:09:56 | INFO     | energy_stress.tuning | Tuning carbon/core/Prophet candidate 1/2: {'changepoint_prior_scale': 0.01, 'seasonality_prior_scale': 10.0, 'seasonality_mode': 'additive'}
2026-09-03 19:09:56 | INFO     | energy_stress.prophet | [Prophet-CORE] Fitting on carbon (train=212 obs, regressors=False, cps=0.01, sps=10.0, reg_ps=n/a, seasonality=additive)
2026-09-03 19:09:57 | INFO     | energy_stress.prophet | [Prophet-CORE carbon] validation: MAE=42.2579, RMSE=44.6403
2026-09-03 19:09:57 | INFO     | energy_stress.prophet | [Prophet-CORE] Forecast saved → outputs/tuning_rolling/forecasts/carbon/core/prophet/candidate_01/carbon_growth_pct_forecasts_prophet_core.csv
2026-09-03 19:09:57 | INFO     | energy_stress.tuning | Tuning carbon/core/Prophet candidate 2/2: {'changepoint_prior_scale': 0.05, 'seasonality_prior_scale': 10.0, 'seasonality_mode': 'additive'}
2026-09-03 19:09:57 | INFO     | energy_stress.prophet | [Prophet-CORE] Fitting on carbon (train=212 obs, regressors=False, cps=0.05, sps=10.0, reg_ps=n/a, seasonality=additive)
2026-09-03 19:09:57 | INFO     | energy_stress.prophet | [Prophet-CORE carbon] validation: MAE=75.4166, RMSE=76.8085
2026-09-03 19:09:57 | INFO     | energy_stress.prophet | [Prophet-CORE] Forecast saved → outputs/tuning_rolling/forecasts/carbon/core/prophet/candidate_02/carbon_growth_pct_forecasts_prophet_core.csv
2026-09-03 19:09:57 | INFO     | energy_stress.tuning | Best params for carbon/core/Prophet: {'changepoint_prior_scale': 0.01, 'seasonality_prior_scale': 10.0, 'seasonality_mode': 'additive'} (validation score=42.2579)
2026-09-03 19:09:57 | INFO     | energy_stress.tuning | Tuning carbon/core/LSTM candidate 1/2: {'lookback': 6, 'dropout': 0.2, 'learning_rate': 0.001, 'units_1': 64, 'units_2': 32, 'macro_feature_set': 'lstm'}
2026-09-03 19:09:57 | INFO     | energy_stress.lstm | [LSTM-CORE] Training on carbon | train=2006-05-01→2023-12-01 (212 obs), test=2024-01-01→2024-12-01 (12 obs), use_macro=False, lookback=6, dropout=0.2, lr=0.001, units=(64,32), macro_feature_set=lstm
2026-09-03 19:10:56 | INFO     | energy_stress.lstm | [LSTM-CORE carbon] validation: MAE=17.7365, RMSE=24.5634
2026-09-03 19:12:00 | INFO     | energy_stress.lstm | [LSTM-CORE] Forecast saved → outputs/tuning_rolling/forecasts/carbon/core/lstm/candidate_01/carbon_growth_pct_forecasts_lstm_core.csv
2026-09-03 19:12:00 | INFO     | energy_stress.tuning | Tuning carbon/core/LSTM candidate 2/2: {'lookback': 12, 'dropout': 0.2, 'learning_rate': 0.001, 'units_1': 128, 'units_2': 64, 'macro_feature_set': 'lstm'}
2026-09-03 19:12:00 | INFO     | energy_stress.lstm | [LSTM-CORE] Training on carbon | train=2006-05-01→2023-12-01 (212 obs), test=2024-01-01→2024-12-01 (12 obs), use_macro=False, lookback=12, dropout=0.2, lr=0.001, units=(128,64), macro_feature_set=lstm
2026-09-03 19:13:17 | INFO     | energy_stress.lstm | [LSTM-CORE carbon] validation: MAE=13.6575, RMSE=18.3150
2026-09-03 19:15:24 | INFO     | energy_stress.lstm | [LSTM-CORE] Forecast saved → outputs/tuning_rolling/forecasts/carbon/core/lstm/candidate_02/carbon_growth_pct_forecasts_lstm_core.csv
2026-09-03 19:15:24 | INFO     | energy_stress.tuning | Best params for carbon/core/LSTM: {'lookback': 12, 'dropout': 0.2, 'learning_rate': 0.001, 'units_1': 128, 'units_2': 64, 'macro_feature_set': 'lstm'} (validation score=13.6575)
2026-09-03 19:15:24 | INFO     | energy_stress.tuning | Tuning carbon/core/TFT candidate 1/2: {'lookback': 6, 'hidden': 32, 'n_heads': 4, 'learning_rate': 0.001}
2026-09-03 19:15:24 | INFO     | energy_stress.tft | [TFT/pytorch-forecasting] Fitting carbon (core)
2026-09-03 19:15:33 | INFO     | energy_stress.tft | [TFT carbon] validation: MAE=22.5345, RMSE=24.3417
2026-09-03 19:15:42 | INFO     | energy_stress.tft | [TFT] Forecast saved → outputs/tuning_rolling/forecasts/carbon/core/tft/candidate_01/carbon_growth_pct_forecasts_tft_core.csv
2026-09-03 19:15:42 | INFO     | energy_stress.tuning | Tuning carbon/core/TFT candidate 2/2: {'lookback': 12, 'hidden': 64, 'n_heads': 4, 'learning_rate': 0.0005}
2026-09-03 19:15:42 | INFO     | energy_stress.tft | [TFT/pytorch-forecasting] Fitting carbon (core)
2026-09-03 19:15:49 | INFO     | energy_stress.tft | [TFT carbon] validation: MAE=24.3689, RMSE=26.2950
2026-09-03 19:15:59 | INFO     | energy_stress.tft | [TFT] Forecast saved → outputs/tuning_rolling/forecasts/carbon/core/tft/candidate_02/carbon_growth_pct_forecasts_tft_core.csv
2026-09-03 19:15:59 | INFO     | energy_stress.tuning | Best params for carbon/core/TFT: {'lookback': 6, 'hidden': 32, 'n_heads': 4, 'learning_rate': 0.001} (validation score=22.5345)
2026-09-03 19:15:59 | INFO     | energy_stress.tuning | Tuning carbon/macro/SARIMA candidate 1/1: {}
2026-09-03 19:15:59 | INFO     | energy_stress.sarima | [SARIMA-MACRO] Fitting on carbon (train=212 obs)
2026-09-03 19:18:18 | INFO     | energy_stress.sarima | SARIMA best order: (1, 0, 0) × (2, 1, 0, 12)
2026-09-03 19:18:18 | INFO     | energy_stress.sarima | [SARIMA-MACRO] Using exogenous: ['inflation_growth_lag1', 'weather_volatility_lag1', 'gdp_growth_lag1']
2026-09-03 19:18:19 | INFO     | energy_stress.sarima | [SARIMA-MACRO carbon] validation: MAE=41.2226, RMSE=43.3876, MAPE=255.70%
2026-09-03 19:18:20 | INFO     | energy_stress.sarima | [SARIMA-MACRO] Forecast saved → outputs/tuning_rolling/forecasts/carbon/macro/sarima/candidate_01/carbon_growth_pct_forecasts_sarima_macro.csv
2026-09-03 19:18:20 | INFO     | energy_stress.tuning | Tuning carbon/macro/Prophet candidate 1/8: {'changepoint_prior_scale': 0.01, 'seasonality_prior_scale': 10.0, 'seasonality_mode': 'additive', 'regressor_prior_scale': 0.1}
2026-09-03 19:18:20 | INFO     | energy_stress.prophet | [Prophet-MACRO] Fitting on carbon (train=212 obs, regressors=True, cps=0.01, sps=10.0, reg_ps=0.1, seasonality=additive)
2026-09-03 19:18:21 | INFO     | energy_stress.prophet | [Prophet-MACRO carbon] validation: MAE=57.3349, RMSE=59.0475
2026-09-03 19:18:21 | INFO     | energy_stress.prophet | [Prophet-MACRO] Forecast saved → outputs/tuning_rolling/forecasts/carbon/macro/prophet/candidate_01/carbon_growth_pct_forecasts_prophet_macro.csv
2026-09-03 19:18:21 | INFO     | energy_stress.tuning | Tuning carbon/macro/Prophet candidate 2/8: {'changepoint_prior_scale': 0.01, 'seasonality_prior_scale': 10.0, 'seasonality_mode': 'additive', 'regressor_prior_scale': 0.5}
2026-09-03 19:18:21 | INFO     | energy_stress.prophet | [Prophet-MACRO] Fitting on carbon (train=212 obs, regressors=True, cps=0.01, sps=10.0, reg_ps=0.5, seasonality=additive)
2026-09-03 19:18:21 | INFO     | energy_stress.prophet | [Prophet-MACRO carbon] validation: MAE=57.7391, RMSE=59.4362
2026-09-03 19:18:21 | INFO     | energy_stress.prophet | [Prophet-MACRO] Forecast saved → outputs/tuning_rolling/forecasts/carbon/macro/prophet/candidate_02/carbon_growth_pct_forecasts_prophet_macro.csv
2026-09-03 19:18:21 | INFO     | energy_stress.tuning | Tuning carbon/macro/Prophet candidate 3/8: {'changepoint_prior_scale': 0.01, 'seasonality_prior_scale': 10.0, 'seasonality_mode': 'additive', 'regressor_prior_scale': 2.0}
2026-09-03 19:18:21 | INFO     | energy_stress.prophet | [Prophet-MACRO] Fitting on carbon (train=212 obs, regressors=True, cps=0.01, sps=10.0, reg_ps=2.0, seasonality=additive)
2026-09-03 19:18:21 | INFO     | energy_stress.prophet | [Prophet-MACRO carbon] validation: MAE=57.8306, RMSE=59.5245
2026-09-03 19:18:21 | INFO     | energy_stress.prophet | [Prophet-MACRO] Forecast saved → outputs/tuning_rolling/forecasts/carbon/macro/prophet/candidate_03/carbon_growth_pct_forecasts_prophet_macro.csv
2026-09-03 19:18:21 | INFO     | energy_stress.tuning | Tuning carbon/macro/Prophet candidate 4/8: {'changepoint_prior_scale': 0.01, 'seasonality_prior_scale': 10.0, 'seasonality_mode': 'additive', 'regressor_prior_scale': 10.0}
2026-09-03 19:18:21 | INFO     | energy_stress.prophet | [Prophet-MACRO] Fitting on carbon (train=212 obs, regressors=True, cps=0.01, sps=10.0, reg_ps=10.0, seasonality=additive)
2026-09-03 19:18:21 | INFO     | energy_stress.prophet | [Prophet-MACRO carbon] validation: MAE=57.8467, RMSE=59.5400
2026-09-03 19:18:21 | INFO     | energy_stress.prophet | [Prophet-MACRO] Forecast saved → outputs/tuning_rolling/forecasts/carbon/macro/prophet/candidate_04/carbon_growth_pct_forecasts_prophet_macro.csv
2026-09-03 19:18:21 | INFO     | energy_stress.tuning | Tuning carbon/macro/Prophet candidate 5/8: {'changepoint_prior_scale': 0.05, 'seasonality_prior_scale': 10.0, 'seasonality_mode': 'additive', 'regressor_prior_scale': 0.1}
2026-09-03 19:18:21 | INFO     | energy_stress.prophet | [Prophet-MACRO] Fitting on carbon (train=212 obs, regressors=True, cps=0.05, sps=10.0, reg_ps=0.1, seasonality=additive)
2026-09-03 19:18:21 | INFO     | energy_stress.prophet | [Prophet-MACRO carbon] validation: MAE=71.8442, RMSE=73.2846
2026-09-03 19:18:22 | INFO     | energy_stress.prophet | [Prophet-MACRO] Forecast saved → outputs/tuning_rolling/forecasts/carbon/macro/prophet/candidate_05/carbon_growth_pct_forecasts_prophet_macro.csv
2026-09-03 19:18:22 | INFO     | energy_stress.tuning | Tuning carbon/macro/Prophet candidate 6/8: {'changepoint_prior_scale': 0.05, 'seasonality_prior_scale': 10.0, 'seasonality_mode': 'additive', 'regressor_prior_scale': 0.5}
2026-09-03 19:18:22 | INFO     | energy_stress.prophet | [Prophet-MACRO] Fitting on carbon (train=212 obs, regressors=True, cps=0.05, sps=10.0, reg_ps=0.5, seasonality=additive)
2026-09-03 19:18:22 | INFO     | energy_stress.prophet | [Prophet-MACRO carbon] validation: MAE=65.5133, RMSE=67.0735
2026-09-03 19:18:22 | INFO     | energy_stress.prophet | [Prophet-MACRO] Forecast saved → outputs/tuning_rolling/forecasts/carbon/macro/prophet/candidate_06/carbon_growth_pct_forecasts_prophet_macro.csv
2026-09-03 19:18:22 | INFO     | energy_stress.tuning | Tuning carbon/macro/Prophet candidate 7/8: {'changepoint_prior_scale': 0.05, 'seasonality_prior_scale': 10.0, 'seasonality_mode': 'additive', 'regressor_prior_scale': 2.0}
2026-09-03 19:18:22 | INFO     | energy_stress.prophet | [Prophet-MACRO] Fitting on carbon (train=212 obs, regressors=True, cps=0.05, sps=10.0, reg_ps=2.0, seasonality=additive)
2026-09-03 19:18:22 | INFO     | energy_stress.prophet | [Prophet-MACRO carbon] validation: MAE=60.4947, RMSE=62.3099
2026-09-03 19:18:22 | INFO     | energy_stress.prophet | [Prophet-MACRO] Forecast saved → outputs/tuning_rolling/forecasts/carbon/macro/prophet/candidate_07/carbon_growth_pct_forecasts_prophet_macro.csv
2026-09-03 19:18:22 | INFO     | energy_stress.tuning | Tuning carbon/macro/Prophet candidate 8/8: {'changepoint_prior_scale': 0.05, 'seasonality_prior_scale': 10.0, 'seasonality_mode': 'additive', 'regressor_prior_scale': 10.0}
2026-09-03 19:18:22 | INFO     | energy_stress.prophet | [Prophet-MACRO] Fitting on carbon (train=212 obs, regressors=True, cps=0.05, sps=10.0, reg_ps=10.0, seasonality=additive)
2026-09-03 19:18:22 | INFO     | energy_stress.prophet | [Prophet-MACRO carbon] validation: MAE=61.4606, RMSE=63.2527
2026-09-03 19:18:22 | INFO     | energy_stress.prophet | [Prophet-MACRO] Forecast saved → outputs/tuning_rolling/forecasts/carbon/macro/prophet/candidate_08/carbon_growth_pct_forecasts_prophet_macro.csv
2026-09-03 19:18:22 | INFO     | energy_stress.tuning | Best params for carbon/macro/Prophet: {'changepoint_prior_scale': 0.01, 'seasonality_prior_scale': 10.0, 'seasonality_mode': 'additive', 'regressor_prior_scale': 0.1} (validation score=57.3349)
2026-09-03 19:18:22 | INFO     | energy_stress.tuning | Tuning carbon/macro/LSTM candidate 1/2: {'lookback': 6, 'dropout': 0.2, 'learning_rate': 0.001, 'units_1': 64, 'units_2': 32, 'macro_feature_set': 'lstm'}
2026-09-03 19:18:22 | INFO     | energy_stress.lstm | [LSTM-MACRO] Training on carbon | train=2006-05-01→2023-12-01 (212 obs), test=2024-01-01→2024-12-01 (12 obs), use_macro=True, lookback=6, dropout=0.2, lr=0.001, units=(64,32), macro_feature_set=lstm
2026-09-03 19:19:41 | INFO     | energy_stress.lstm | [LSTM-MACRO carbon] validation: MAE=20.4700, RMSE=23.8124
2026-09-03 19:21:04 | INFO     | energy_stress.lstm | [LSTM-MACRO] Forecast saved → outputs/tuning_rolling/forecasts/carbon/macro/lstm/candidate_01/carbon_growth_pct_forecasts_lstm_macro.csv
2026-09-03 19:21:04 | INFO     | energy_stress.tuning | Tuning carbon/macro/LSTM candidate 2/2: {'lookback': 12, 'dropout': 0.2, 'learning_rate': 0.001, 'units_1': 128, 'units_2': 64, 'macro_feature_set': 'lstm'}
2026-09-03 19:21:04 | INFO     | energy_stress.lstm | [LSTM-MACRO] Training on carbon | train=2006-05-01→2023-12-01 (212 obs), test=2024-01-01→2024-12-01 (12 obs), use_macro=True, lookback=12, dropout=0.2, lr=0.001, units=(128,64), macro_feature_set=lstm
2026-09-03 19:22:21 | INFO     | energy_stress.lstm | [LSTM-MACRO carbon] validation: MAE=16.7729, RMSE=19.6958
2026-09-03 19:23:49 | INFO     | energy_stress.lstm | [LSTM-MACRO] Forecast saved → outputs/tuning_rolling/forecasts/carbon/macro/lstm/candidate_02/carbon_growth_pct_forecasts_lstm_macro.csv
2026-09-03 19:23:49 | INFO     | energy_stress.tuning | Best params for carbon/macro/LSTM: {'lookback': 12, 'dropout': 0.2, 'learning_rate': 0.001, 'units_1': 128, 'units_2': 64, 'macro_feature_set': 'lstm'} (validation score=16.7729)
2026-09-03 19:23:49 | INFO     | energy_stress.tuning | Tuning carbon/macro/TFT candidate 1/2: {'lookback': 6, 'hidden': 32, 'n_heads': 4, 'learning_rate': 0.001}
2026-09-03 19:23:49 | INFO     | energy_stress.tft | [TFT/pytorch-forecasting] Fitting carbon (macro)
2026-09-03 19:24:01 | INFO     | energy_stress.tft | [TFT carbon] validation: MAE=20.3285, RMSE=22.8030
2026-09-03 19:24:17 | INFO     | energy_stress.tft | [TFT] Forecast saved → outputs/tuning_rolling/forecasts/carbon/macro/tft/candidate_01/carbon_growth_pct_forecasts_tft_macro.csv
2026-09-03 19:24:17 | INFO     | energy_stress.tuning | Tuning carbon/macro/TFT candidate 2/2: {'lookback': 12, 'hidden': 64, 'n_heads': 4, 'learning_rate': 0.0005}
2026-09-03 19:24:17 | INFO     | energy_stress.tft | [TFT/pytorch-forecasting] Fitting carbon (macro)
2026-09-03 19:24:30 | INFO     | energy_stress.tft | [TFT carbon] validation: MAE=35.0362, RMSE=37.1804
2026-09-03 19:24:48 | INFO     | energy_stress.tft | [TFT] Forecast saved → outputs/tuning_rolling/forecasts/carbon/macro/tft/candidate_02/carbon_growth_pct_forecasts_tft_macro.csv
2026-09-03 19:24:48 | INFO     | energy_stress.tuning | Best params for carbon/macro/TFT: {'lookback': 6, 'hidden': 32, 'n_heads': 4, 'learning_rate': 0.001} (validation score=20.3285)
2026-09-03 19:24:48 | INFO     | energy_stress.tuning | Tuning results saved → outputs/tuning_rolling/model_tuning_results.csv
2026-09-03 19:24:48 | INFO     | energy_stress.forecast_pipeline | ========================================
2026-09-03 19:24:48 | INFO     | energy_stress.forecast_pipeline | STAGE 2: Rolling year as_of=2009 (split train<2009, test=2009, refit<=2009, forecast=2010)
2026-09-03 19:24:48 | INFO     | energy_stress.forecast_pipeline | ========================================
2026-09-03 19:24:48 | INFO     | energy_stress.preprocessing | Train: 32 rows (through 2008-12-01) | Test: 12 rows (2009-01-01..2009-12-01)
2026-09-03 19:24:48 | INFO     | energy_stress.forecast_pipeline | 
──────────────────────────────────────────────────
Series: GAS
──────────────────────────────────────────────────
2026-09-03 19:24:48 | INFO     | energy_stress.forecast_pipeline | [gas] train=32, test=12, full=44 (through 2009-12-01), actual_target=12 non-null (2010-01-01..2010-12-01)
2026-09-03 19:24:48 | INFO     | energy_stress.sarima | [SARIMA-CORE] Fitting on gas (train=32 obs)
2026-09-03 19:24:49 | INFO     | energy_stress.sarima | SARIMA best order: (0, 2, 0) × (0, 1, 0, 12)
2026-09-03 19:24:49 | INFO     | energy_stress.sarima | [SARIMA-CORE gas] validation: MAE=79.4000, RMSE=91.9905, MAPE=955.42%
2026-09-03 19:24:49 | INFO     | energy_stress.sarima | [SARIMA-CORE] Forecast saved → outputs/forecasts_rolling/2009/gas_growth_pct_forecasts_sarima_core.csv
2026-09-03 19:24:49 | INFO     | energy_stress.sarima | [SARIMA-MACRO] Fitting on gas (train=32 obs)
2026-09-03 19:24:50 | INFO     | energy_stress.sarima | SARIMA best order: (0, 2, 0) × (0, 1, 0, 12)
2026-09-03 19:24:50 | INFO     | energy_stress.sarima | [SARIMA-MACRO] Using exogenous: ['inflation_growth_lag1', 'weather_volatility_lag1', 'gdp_growth_lag1', 'gas_futures_log_return_lag1', 'gas_futures_yoy_growth_lag1']
2026-09-03 19:24:50 | INFO     | energy_stress.sarima | [SARIMA-MACRO gas] validation: MAE=112.0771, RMSE=137.0771, MAPE=1427.84%
2026-09-03 19:24:50 | INFO     | energy_stress.sarima | [SARIMA-MACRO] Forecast saved → outputs/forecasts_rolling/2009/gas_growth_pct_forecasts_sarima_macro.csv
2026-09-03 19:24:50 | INFO     | energy_stress.prophet | [Prophet-CORE] Fitting on gas (train=32 obs, regressors=False, cps=0.01, sps=10.0, reg_ps=n/a, seasonality=additive)
2026-09-03 19:24:50 | INFO     | energy_stress.prophet | [Prophet-CORE gas] validation: MAE=25.9791, RMSE=35.2088
2026-09-03 19:24:50 | INFO     | energy_stress.prophet | [Prophet-CORE] Forecast saved → outputs/forecasts_rolling/2009/gas_growth_pct_forecasts_prophet_core.csv
2026-09-03 19:24:50 | INFO     | energy_stress.prophet | [Prophet-MACRO] Fitting on gas (train=32 obs, regressors=True, cps=0.01, sps=10.0, reg_ps=0.5, seasonality=additive)
2026-09-03 19:24:51 | INFO     | energy_stress.prophet | [Prophet-MACRO gas] validation: MAE=29.2087, RMSE=35.6734
2026-09-03 19:24:51 | INFO     | energy_stress.prophet | [Prophet-MACRO] Forecast saved → outputs/forecasts_rolling/2009/gas_growth_pct_forecasts_prophet_macro.csv
2026-09-03 19:24:51 | INFO     | energy_stress.lstm | [LSTM-CORE] Training on gas | train=2006-05-01→2008-12-01 (32 obs), test=2009-01-01→2009-12-01 (12 obs), use_macro=False, lookback=12, dropout=0.2, lr=0.001, units=(128,64), macro_feature_set=lstm
2026-09-03 19:25:52 | INFO     | energy_stress.lstm | [LSTM-CORE gas] validation: MAE=23.7401, RMSE=27.7405
2026-09-03 19:28:07 | INFO     | energy_stress.lstm | [LSTM-CORE] Forecast saved → outputs/forecasts_rolling/2009/gas_growth_pct_forecasts_lstm_core.csv
2026-09-03 19:28:07 | INFO     | energy_stress.lstm | [LSTM-CORE] Model saved → outputs/models
2026-09-03 19:28:07 | INFO     | energy_stress.lstm | [LSTM-MACRO] Training on gas | train=2006-05-01→2008-12-01 (32 obs), test=2009-01-01→2009-12-01 (12 obs), use_macro=True, lookback=6, dropout=0.2, lr=0.001, units=(64,32), macro_feature_set=lstm
2026-09-03 19:28:26 | INFO     | energy_stress.lstm | [LSTM-MACRO gas] validation: MAE=26.8772, RMSE=28.4497
2026-09-03 19:30:07 | INFO     | energy_stress.lstm | [LSTM-MACRO] Forecast saved → outputs/forecasts_rolling/2009/gas_growth_pct_forecasts_lstm_macro.csv
2026-09-03 19:30:07 | INFO     | energy_stress.lstm | [LSTM-MACRO] Model saved → outputs/models
2026-09-03 19:30:07 | INFO     | energy_stress.tft | [TFT/pytorch-forecasting] Fitting gas (core)
2026-09-03 19:30:11 | INFO     | energy_stress.tft | [TFT gas] validation: MAE=21.1274, RMSE=24.2130
2026-09-03 19:30:14 | INFO     | energy_stress.tft | [TFT] Forecast saved → outputs/forecasts_rolling/2009/gas_growth_pct_forecasts_tft_core.csv
2026-09-03 19:30:14 | INFO     | energy_stress.tft | [TFT/pytorch-forecasting] Fitting gas (macro)
2026-09-03 19:30:18 | INFO     | energy_stress.tft | [TFT gas] validation: MAE=11.6073, RMSE=12.9757
2026-09-03 19:30:22 | INFO     | energy_stress.tft | [TFT] Forecast saved → outputs/forecasts_rolling/2009/gas_growth_pct_forecasts_tft_macro.csv
2026-09-03 19:30:22 | INFO     | energy_stress.forecast_pipeline | 
──────────────────────────────────────────────────
Series: ELECTRICITY
──────────────────────────────────────────────────
2026-09-03 19:30:22 | INFO     | energy_stress.forecast_pipeline | [electricity] train=32, test=12, full=44 (through 2009-12-01), actual_target=12 non-null (2010-01-01..2010-12-01)
2026-09-03 19:30:22 | INFO     | energy_stress.sarima | [SARIMA-CORE] Fitting on electricity (train=32 obs)
2026-09-03 19:30:24 | INFO     | energy_stress.sarima | SARIMA best order: (0, 2, 1) × (0, 1, 0, 12)
2026-09-03 19:30:24 | INFO     | energy_stress.sarima | [SARIMA-CORE electricity] validation: MAE=61.5007, RMSE=69.0459, MAPE=928.11%
2026-09-03 19:30:24 | INFO     | energy_stress.sarima | [SARIMA-CORE] Forecast saved → outputs/forecasts_rolling/2009/electricity_growth_pct_forecasts_sarima_core.csv
2026-09-03 19:30:24 | INFO     | energy_stress.sarima | [SARIMA-MACRO] Fitting on electricity (train=32 obs)
2026-09-03 19:30:26 | INFO     | energy_stress.sarima | SARIMA best order: (0, 2, 1) × (0, 1, 0, 12)
2026-09-03 19:30:26 | INFO     | energy_stress.sarima | [SARIMA-MACRO] Using exogenous: ['inflation_growth_lag1', 'weather_volatility_lag1', 'gdp_growth_lag1', 'gas_futures_log_return_lag1', 'gas_futures_yoy_growth_lag1', 'electricity_growth_lag12', 'post_2016_electricity_regime', 'gbp_eur_yoy_change_lag12']
2026-09-03 19:30:26 | INFO     | energy_stress.sarima | [SARIMA-MACRO electricity] validation: MAE=80.7121, RMSE=96.9968, MAPE=1230.01%
2026-09-03 19:30:26 | INFO     | energy_stress.sarima | [SARIMA-MACRO] Forecast saved → outputs/forecasts_rolling/2009/electricity_growth_pct_forecasts_sarima_macro.csv
2026-09-03 19:30:26 | INFO     | energy_stress.prophet | [Prophet-CORE] Fitting on electricity (train=32 obs, regressors=False, cps=0.01, sps=10.0, reg_ps=n/a, seasonality=additive)
2026-09-03 19:30:27 | INFO     | energy_stress.prophet | [Prophet-CORE electricity] validation: MAE=12.6586, RMSE=18.6550
2026-09-03 19:30:27 | INFO     | energy_stress.prophet | [Prophet-CORE] Forecast saved → outputs/forecasts_rolling/2009/electricity_growth_pct_forecasts_prophet_core.csv
2026-09-03 19:30:27 | INFO     | energy_stress.prophet | [Prophet-MACRO] Fitting on electricity (train=32 obs, regressors=True, cps=0.01, sps=10.0, reg_ps=0.5, seasonality=additive)
2026-09-03 19:30:27 | INFO     | energy_stress.prophet | [Prophet-MACRO electricity] validation: MAE=4.8081, RMSE=6.2990
2026-09-03 19:30:27 | INFO     | energy_stress.prophet | [Prophet-MACRO] Forecast saved → outputs/forecasts_rolling/2009/electricity_growth_pct_forecasts_prophet_macro.csv
2026-09-03 19:30:27 | INFO     | energy_stress.lstm | [LSTM-CORE] Training on electricity | train=2006-05-01→2008-12-01 (32 obs), test=2009-01-01→2009-12-01 (12 obs), use_macro=False, lookback=6, dropout=0.2, lr=0.001, units=(64,32), macro_feature_set=lstm
2026-09-03 19:30:51 | INFO     | energy_stress.lstm | [LSTM-CORE electricity] validation: MAE=13.0388, RMSE=15.3309
2026-09-03 19:32:13 | INFO     | energy_stress.lstm | [LSTM-CORE] Forecast saved → outputs/forecasts_rolling/2009/electricity_growth_pct_forecasts_lstm_core.csv
2026-09-03 19:32:13 | INFO     | energy_stress.lstm | [LSTM-CORE] Model saved → outputs/models
2026-09-03 19:32:13 | INFO     | energy_stress.lstm | [LSTM-MACRO] Training on electricity | train=2006-05-01→2008-12-01 (32 obs), test=2009-01-01→2009-12-01 (12 obs), use_macro=True, lookback=3, dropout=0.1, lr=0.001, units=(64,32), macro_feature_set=lean
2026-09-03 19:32:30 | INFO     | energy_stress.lstm | [LSTM-MACRO electricity] validation: MAE=11.2030, RMSE=12.5282
2026-09-03 19:33:58 | INFO     | energy_stress.lstm | [LSTM-MACRO] Forecast saved → outputs/forecasts_rolling/2009/electricity_growth_pct_forecasts_lstm_macro.csv
2026-09-03 19:33:58 | INFO     | energy_stress.lstm | [LSTM-MACRO] Model saved → outputs/models
2026-09-03 19:33:58 | INFO     | energy_stress.tft | [TFT/pytorch-forecasting] Fitting electricity (core)
2026-09-03 19:34:01 | INFO     | energy_stress.tft | [TFT electricity] validation: MAE=11.7445, RMSE=14.6419
2026-09-03 19:34:04 | INFO     | energy_stress.tft | [TFT] Forecast saved → outputs/forecasts_rolling/2009/electricity_growth_pct_forecasts_tft_core.csv
2026-09-03 19:34:04 | INFO     | energy_stress.tft | [TFT/pytorch-forecasting] Fitting electricity (macro)
2026-09-03 19:34:09 | INFO     | energy_stress.tft | [TFT electricity] validation: MAE=9.5998, RMSE=11.6633
2026-09-03 19:34:13 | INFO     | energy_stress.tft | [TFT] Forecast saved → outputs/forecasts_rolling/2009/electricity_growth_pct_forecasts_tft_macro.csv
2026-09-03 19:34:13 | INFO     | energy_stress.forecast_pipeline | 
──────────────────────────────────────────────────
Series: CARBON
──────────────────────────────────────────────────
2026-09-03 19:34:14 | INFO     | energy_stress.forecast_pipeline | [carbon] train=32, test=12, full=44 (through 2009-12-01), actual_target=12 non-null (2010-01-01..2010-12-01)
2026-09-03 19:34:14 | INFO     | energy_stress.sarima | [SARIMA-CORE] Fitting on carbon (train=32 obs)
2026-09-03 19:34:43 | INFO     | energy_stress.sarima | SARIMA best order: (0, 1, 0) × (1, 1, 0, 12)
2026-09-03 19:34:43 | INFO     | energy_stress.sarima | [SARIMA-CORE carbon] validation: MAE=176.5267, RMSE=195.9174, MAPE=521.43%
2026-09-03 19:34:43 | INFO     | energy_stress.sarima | [SARIMA-CORE] Forecast saved → outputs/forecasts_rolling/2009/carbon_growth_pct_forecasts_sarima_core.csv
2026-09-03 19:34:43 | INFO     | energy_stress.sarima | [SARIMA-MACRO] Fitting on carbon (train=32 obs)
2026-09-03 19:35:12 | INFO     | energy_stress.sarima | SARIMA best order: (0, 1, 0) × (1, 1, 0, 12)
2026-09-03 19:35:12 | INFO     | energy_stress.sarima | [SARIMA-MACRO] Using exogenous: ['inflation_growth_lag1', 'weather_volatility_lag1', 'gdp_growth_lag1']
2026-09-03 19:35:12 | INFO     | energy_stress.sarima | [SARIMA-MACRO carbon] validation: MAE=192.5198, RMSE=210.7347, MAPE=565.78%
2026-09-03 19:35:12 | INFO     | energy_stress.sarima | [SARIMA-MACRO] Forecast saved → outputs/forecasts_rolling/2009/carbon_growth_pct_forecasts_sarima_macro.csv
2026-09-03 19:35:12 | INFO     | energy_stress.prophet | [Prophet-CORE] Fitting on carbon (train=32 obs, regressors=False, cps=0.01, sps=10.0, reg_ps=n/a, seasonality=additive)
2026-09-03 19:35:12 | INFO     | energy_stress.prophet | [Prophet-CORE carbon] validation: MAE=279.3049, RMSE=284.6044
2026-09-03 19:35:13 | INFO     | energy_stress.prophet | [Prophet-CORE] Forecast saved → outputs/forecasts_rolling/2009/carbon_growth_pct_forecasts_prophet_core.csv
2026-09-03 19:35:13 | INFO     | energy_stress.prophet | [Prophet-MACRO] Fitting on carbon (train=32 obs, regressors=True, cps=0.01, sps=10.0, reg_ps=0.1, seasonality=additive)
2026-09-03 19:35:13 | INFO     | energy_stress.prophet | [Prophet-MACRO carbon] validation: MAE=269.4053, RMSE=275.5314
2026-09-03 19:35:13 | INFO     | energy_stress.prophet | [Prophet-MACRO] Forecast saved → outputs/forecasts_rolling/2009/carbon_growth_pct_forecasts_prophet_macro.csv
2026-09-03 19:35:13 | INFO     | energy_stress.lstm | [LSTM-CORE] Training on carbon | train=2006-05-01→2008-12-01 (32 obs), test=2009-01-01→2009-12-01 (12 obs), use_macro=False, lookback=12, dropout=0.2, lr=0.001, units=(128,64), macro_feature_set=lstm
2026-09-03 19:35:36 | INFO     | energy_stress.lstm | [LSTM-CORE carbon] validation: MAE=120.5456, RMSE=122.9148
2026-09-03 19:37:49 | INFO     | energy_stress.lstm | [LSTM-CORE] Forecast saved → outputs/forecasts_rolling/2009/carbon_growth_pct_forecasts_lstm_core.csv
2026-09-03 19:37:49 | INFO     | energy_stress.lstm | [LSTM-CORE] Model saved → outputs/models
2026-09-03 19:37:49 | INFO     | energy_stress.lstm | [LSTM-MACRO] Training on carbon | train=2006-05-01→2008-12-01 (32 obs), test=2009-01-01→2009-12-01 (12 obs), use_macro=True, lookback=12, dropout=0.2, lr=0.001, units=(128,64), macro_feature_set=lstm
2026-09-03 19:38:07 | INFO     | energy_stress.lstm | [LSTM-MACRO carbon] validation: MAE=139.1989, RMSE=139.9392
2026-09-03 19:40:03 | INFO     | energy_stress.lstm | [LSTM-MACRO] Forecast saved → outputs/forecasts_rolling/2009/carbon_growth_pct_forecasts_lstm_macro.csv
2026-09-03 19:40:03 | INFO     | energy_stress.lstm | [LSTM-MACRO] Model saved → outputs/models
2026-09-03 19:40:03 | INFO     | energy_stress.tft | [TFT/pytorch-forecasting] Fitting carbon (core)
2026-09-03 19:40:06 | INFO     | energy_stress.tft | [TFT carbon] validation: MAE=226.0782, RMSE=232.6162
2026-09-03 19:40:09 | INFO     | energy_stress.tft | [TFT] Forecast saved → outputs/forecasts_rolling/2009/carbon_growth_pct_forecasts_tft_core.csv
2026-09-03 19:40:09 | INFO     | energy_stress.tft | [TFT/pytorch-forecasting] Fitting carbon (macro)
2026-09-03 19:40:13 | INFO     | energy_stress.tft | [TFT carbon] validation: MAE=288.4467, RMSE=289.3816
2026-09-03 19:40:17 | INFO     | energy_stress.tft | [TFT] Forecast saved → outputs/forecasts_rolling/2009/carbon_growth_pct_forecasts_tft_macro.csv
2026-09-03 19:40:17 | DEBUG    | energy_stress.model_evaluation | Loaded outputs/forecasts_rolling/2009/gas_growth_pct_forecasts_sarima_core.csv (12 rows)
2026-09-03 19:40:17 | DEBUG    | energy_stress.model_evaluation | Loaded outputs/forecasts_rolling/2009/gas_growth_pct_forecasts_sarima_macro.csv (12 rows)
2026-09-03 19:40:17 | DEBUG    | energy_stress.model_evaluation | Loaded outputs/forecasts_rolling/2009/gas_growth_pct_forecasts_prophet_core.csv (12 rows)
2026-09-03 19:40:17 | DEBUG    | energy_stress.model_evaluation | Loaded outputs/forecasts_rolling/2009/gas_growth_pct_forecasts_prophet_macro.csv (12 rows)
2026-09-03 19:40:17 | DEBUG    | energy_stress.model_evaluation | Loaded outputs/forecasts_rolling/2009/gas_growth_pct_forecasts_lstm_core.csv (12 rows)
2026-09-03 19:40:17 | DEBUG    | energy_stress.model_evaluation | Loaded outputs/forecasts_rolling/2009/gas_growth_pct_forecasts_lstm_macro.csv (12 rows)
2026-09-03 19:40:17 | DEBUG    | energy_stress.model_evaluation | Loaded outputs/forecasts_rolling/2009/gas_growth_pct_forecasts_tft_core.csv (12 rows)
2026-09-03 19:40:17 | DEBUG    | energy_stress.model_evaluation | Loaded outputs/forecasts_rolling/2009/gas_growth_pct_forecasts_tft_macro.csv (12 rows)
2026-09-03 19:40:17 | INFO     | energy_stress.model_evaluation | Combined forecasts (96 rows) → outputs/forecasts_rolling/2009/gas_growth_pct_forecasts_all.csv
2026-09-03 19:40:17 | INFO     | energy_stress.model_evaluation |   core combined → outputs/forecasts_rolling/2009/gas_growth_pct_forecasts_core.csv
2026-09-03 19:40:17 | INFO     | energy_stress.model_evaluation |   macro combined → outputs/forecasts_rolling/2009/gas_growth_pct_forecasts_macro.csv
2026-09-03 19:40:17 | DEBUG    | energy_stress.model_evaluation | Loaded outputs/forecasts_rolling/2009/electricity_growth_pct_forecasts_sarima_core.csv (12 rows)
2026-09-03 19:40:17 | DEBUG    | energy_stress.model_evaluation | Loaded outputs/forecasts_rolling/2009/electricity_growth_pct_forecasts_sarima_macro.csv (12 rows)
2026-09-03 19:40:17 | DEBUG    | energy_stress.model_evaluation | Loaded outputs/forecasts_rolling/2009/electricity_growth_pct_forecasts_prophet_core.csv (12 rows)
2026-09-03 19:40:17 | DEBUG    | energy_stress.model_evaluation | Loaded outputs/forecasts_rolling/2009/electricity_growth_pct_forecasts_prophet_macro.csv (12 rows)
2026-09-03 19:40:17 | DEBUG    | energy_stress.model_evaluation | Loaded outputs/forecasts_rolling/2009/electricity_growth_pct_forecasts_lstm_core.csv (12 rows)
2026-09-03 19:40:17 | DEBUG    | energy_stress.model_evaluation | Loaded outputs/forecasts_rolling/2009/electricity_growth_pct_forecasts_lstm_macro.csv (12 rows)
2026-09-03 19:40:17 | DEBUG    | energy_stress.model_evaluation | Loaded outputs/forecasts_rolling/2009/electricity_growth_pct_forecasts_tft_core.csv (12 rows)
2026-09-03 19:40:17 | DEBUG    | energy_stress.model_evaluation | Loaded outputs/forecasts_rolling/2009/electricity_growth_pct_forecasts_tft_macro.csv (12 rows)
2026-09-03 19:40:17 | INFO     | energy_stress.model_evaluation | Combined forecasts (96 rows) → outputs/forecasts_rolling/2009/electricity_growth_pct_forecasts_all.csv
2026-09-03 19:40:17 | INFO     | energy_stress.model_evaluation |   core combined → outputs/forecasts_rolling/2009/electricity_growth_pct_forecasts_core.csv
2026-09-03 19:40:17 | INFO     | energy_stress.model_evaluation |   macro combined → outputs/forecasts_rolling/2009/electricity_growth_pct_forecasts_macro.csv
2026-09-03 19:40:17 | DEBUG    | energy_stress.model_evaluation | Loaded outputs/forecasts_rolling/2009/carbon_growth_pct_forecasts_sarima_core.csv (12 rows)
2026-09-03 19:40:17 | DEBUG    | energy_stress.model_evaluation | Loaded outputs/forecasts_rolling/2009/carbon_growth_pct_forecasts_sarima_macro.csv (12 rows)
2026-09-03 19:40:17 | DEBUG    | energy_stress.model_evaluation | Loaded outputs/forecasts_rolling/2009/carbon_growth_pct_forecasts_prophet_core.csv (12 rows)
2026-09-03 19:40:17 | DEBUG    | energy_stress.model_evaluation | Loaded outputs/forecasts_rolling/2009/carbon_growth_pct_forecasts_prophet_macro.csv (12 rows)
2026-09-03 19:40:17 | DEBUG    | energy_stress.model_evaluation | Loaded outputs/forecasts_rolling/2009/carbon_growth_pct_forecasts_lstm_core.csv (12 rows)
2026-09-03 19:40:17 | DEBUG    | energy_stress.model_evaluation | Loaded outputs/forecasts_rolling/2009/carbon_growth_pct_forecasts_lstm_macro.csv (12 rows)
2026-09-03 19:40:17 | DEBUG    | energy_stress.model_evaluation | Loaded outputs/forecasts_rolling/2009/carbon_growth_pct_forecasts_tft_core.csv (12 rows)
2026-09-03 19:40:17 | DEBUG    | energy_stress.model_evaluation | Loaded outputs/forecasts_rolling/2009/carbon_growth_pct_forecasts_tft_macro.csv (12 rows)
2026-09-03 19:40:17 | INFO     | energy_stress.model_evaluation | Combined forecasts (96 rows) → outputs/forecasts_rolling/2009/carbon_growth_pct_forecasts_all.csv
2026-09-03 19:40:17 | INFO     | energy_stress.model_evaluation |   core combined → outputs/forecasts_rolling/2009/carbon_growth_pct_forecasts_core.csv
2026-09-03 19:40:17 | INFO     | energy_stress.model_evaluation |   macro combined → outputs/forecasts_rolling/2009/carbon_growth_pct_forecasts_macro.csv
2026-09-03 19:40:17 | INFO     | energy_stress.model_evaluation | Evaluating 24 model results across all series and modes
2026-09-03 19:40:17 | INFO     | energy_stress.model_evaluation | Best model [carbon][core]: LSTM (selection_score=1.600)
2026-09-03 19:40:17 | INFO     | energy_stress.model_evaluation | Best model [carbon][macro]: LSTM (selection_score=1.575)
2026-09-03 19:40:17 | INFO     | energy_stress.model_evaluation | Best model [electricity][core]: TFT (selection_score=1.325)
2026-09-03 19:40:17 | INFO     | energy_stress.model_evaluation | Best model [electricity][macro]: Prophet (selection_score=1.200)
2026-09-03 19:40:17 | INFO     | energy_stress.model_evaluation | Best model [gas][core]: TFT (selection_score=1.525)
2026-09-03 19:40:17 | INFO     | energy_stress.model_evaluation | Best model [gas][macro]: TFT (selection_score=1.150)
2026-09-03 19:40:17 | INFO     | energy_stress.model_evaluation | Metrics table saved → outputs/tables/rolling/2009/model_metrics_comparison.csv
2026-09-03 19:40:17 | INFO     | energy_stress.fes | Best models selected:
2026-09-03 19:40:17 | INFO     | energy_stress.fes |   [carbon][core] → LSTM
2026-09-03 19:40:17 | INFO     | energy_stress.fes |   [carbon][macro] → LSTM
2026-09-03 19:40:17 | INFO     | energy_stress.fes |   [electricity][core] → TFT
2026-09-03 19:40:17 | INFO     | energy_stress.fes |   [electricity][macro] → Prophet
2026-09-03 19:40:17 | INFO     | energy_stress.fes |   [gas][core] → TFT
2026-09-03 19:40:17 | INFO     | energy_stress.fes |   [gas][macro] → TFT
2026-09-03 19:40:17 | INFO     | energy_stress.fes | Per-series mode selected for FES_selected (metric per series/mode: {('gas', 'core'): 'RMSE', ('gas', 'macro'): 'RMSE', ('electricity', 'core'): 'RMSE', ('electricity', 'macro'): 'RMSE', ('carbon', 'core'): 'RMSE', ('carbon', 'macro'): 'RMSE'}): {'gas': 'macro', 'electricity': 'macro', 'carbon': 'core'}
2026-09-03 19:40:17 | INFO     | energy_stress.fes | FES_Weighted series weights (inverse validation-RMSE, normalized to mean 1.0): {'gas': 0.9477057644445189, 'electricity': 1.9522481902300763, 'carbon': 0.10004604532540434}
2026-09-03 19:40:17 | INFO     | energy_stress.fes | [gas] train μ=19.7909, σ=21.0685 | unc_ref μ=14.1779, σ=6.8543
2026-09-03 19:40:17 | INFO     | energy_stress.fes | [electricity] train μ=12.9498, σ=12.8512 | unc_ref μ=8.4216, σ=3.8337
2026-09-03 19:40:17 | INFO     | energy_stress.fes | [carbon] train μ=-15.2687, σ=336.8309 | unc_ref μ=232.4755, σ=132.6117
2026-09-03 19:40:17 | INFO     | energy_stress.fes | [actual real-vol] train μ=0.5305, σ=0.2570
2026-09-03 19:40:17 | INFO     | energy_stress.fes | Monthly FES saved → outputs/fes/rolling/2009/fes_monthly_2010.csv
2026-09-03 19:40:17 | INFO     | energy_stress.fes | [gas] train μ=21.1156, σ=21.9778 | unc_ref μ=12.3839, σ=7.3392
2026-09-03 19:40:17 | INFO     | energy_stress.fes | [electricity] train μ=15.7349, σ=12.0941 | unc_ref μ=7.1423, σ=3.8547
2026-09-03 19:40:17 | INFO     | energy_stress.fes | [carbon] train μ=-2.3987, σ=395.7270 | unc_ref μ=225.4783, σ=142.1332
2026-09-03 19:40:17 | INFO     | energy_stress.fes | [actual real-vol] train μ=0.4855, σ=0.2920
2026-09-03 19:40:17 | INFO     | energy_stress.fes | FES_actual, prior year 2009 (baseline for FES_selected's 2010 forecast): mean=-1.12233 -> outputs/fes/rolling/2009/fes_prior_actual_2009.csv
2026-09-03 19:40:17 | INFO     | energy_stress.fes | FES comparison metrics saved → outputs/fes/rolling/2009/fes_comparison_metrics.csv  (12 rows)
2026-09-03 19:40:17 | INFO     | energy_stress.fes | Best RMSE per variant:
FES_variant
Equal_Core        2.64192
Equal_Macro       0.98808
Equal_Selected    0.96612
Equal_Weighted    1.42547
2026-09-03 19:40:17 | INFO     | energy_stress.forecast_pipeline | ========================================
2026-09-03 19:40:17 | INFO     | energy_stress.forecast_pipeline | STAGE 2: Rolling year as_of=2010 (split train<2010, test=2010, refit<=2010, forecast=2011)
2026-09-03 19:40:17 | INFO     | energy_stress.forecast_pipeline | ========================================
2026-09-03 19:40:17 | INFO     | energy_stress.preprocessing | Train: 44 rows (through 2009-12-01) | Test: 12 rows (2010-01-01..2010-12-01)
2026-09-03 19:40:17 | INFO     | energy_stress.forecast_pipeline | 
──────────────────────────────────────────────────
Series: GAS
──────────────────────────────────────────────────
2026-09-03 19:40:17 | INFO     | energy_stress.forecast_pipeline | [gas] train=44, test=12, full=56 (through 2010-12-01), actual_target=12 non-null (2011-01-01..2011-12-01)
2026-09-03 19:40:17 | INFO     | energy_stress.sarima | [SARIMA-CORE] Fitting on gas (train=44 obs)
2026-09-03 19:44:43 | INFO     | energy_stress.sarima | SARIMA best order: (3, 0, 2) × (2, 1, 0, 12)
2026-09-03 19:44:43 | INFO     | energy_stress.sarima | [SARIMA-CORE gas] validation: MAE=30.6990, RMSE=40.7867, MAPE=918.09%
2026-09-03 19:44:44 | INFO     | energy_stress.sarima | [SARIMA-CORE] Forecast saved → outputs/forecasts_rolling/2010/gas_growth_pct_forecasts_sarima_core.csv
2026-09-03 19:44:44 | INFO     | energy_stress.sarima | [SARIMA-MACRO] Fitting on gas (train=44 obs)
2026-09-03 19:49:23 | INFO     | energy_stress.sarima | SARIMA best order: (3, 0, 2) × (2, 1, 0, 12)
2026-09-03 19:49:23 | INFO     | energy_stress.sarima | [SARIMA-MACRO] Using exogenous: ['inflation_growth_lag1', 'weather_volatility_lag1', 'gdp_growth_lag1', 'gas_futures_log_return_lag1', 'gas_futures_yoy_growth_lag1']
2026-09-03 19:49:25 | INFO     | energy_stress.sarima | [SARIMA-MACRO gas] validation: MAE=53.4399, RMSE=58.6802, MAPE=1227.01%
2026-09-03 19:49:26 | INFO     | energy_stress.sarima | [SARIMA-MACRO] Forecast saved → outputs/forecasts_rolling/2010/gas_growth_pct_forecasts_sarima_macro.csv
2026-09-03 19:49:26 | INFO     | energy_stress.prophet | [Prophet-CORE] Fitting on gas (train=44 obs, regressors=False, cps=0.01, sps=10.0, reg_ps=n/a, seasonality=additive)
2026-09-03 19:49:26 | INFO     | energy_stress.prophet | [Prophet-CORE gas] validation: MAE=15.7123, RMSE=16.6806
2026-09-03 19:49:26 | INFO     | energy_stress.prophet | [Prophet-CORE] Forecast saved → outputs/forecasts_rolling/2010/gas_growth_pct_forecasts_prophet_core.csv
2026-09-03 19:49:26 | INFO     | energy_stress.prophet | [Prophet-MACRO] Fitting on gas (train=44 obs, regressors=True, cps=0.01, sps=10.0, reg_ps=0.5, seasonality=additive)
2026-09-03 19:49:26 | INFO     | energy_stress.prophet | [Prophet-MACRO gas] validation: MAE=29.1323, RMSE=30.3077
2026-09-03 19:49:26 | INFO     | energy_stress.prophet | [Prophet-MACRO] Forecast saved → outputs/forecasts_rolling/2010/gas_growth_pct_forecasts_prophet_macro.csv
2026-09-03 19:49:26 | INFO     | energy_stress.lstm | [LSTM-CORE] Training on gas | train=2006-05-01→2009-12-01 (44 obs), test=2010-01-01→2010-12-01 (12 obs), use_macro=False, lookback=12, dropout=0.2, lr=0.001, units=(128,64), macro_feature_set=lstm
2026-09-03 19:49:59 | INFO     | energy_stress.lstm | [LSTM-CORE gas] validation: MAE=1.4742, RMSE=2.0147
2026-09-03 19:51:45 | INFO     | energy_stress.lstm | [LSTM-CORE] Forecast saved → outputs/forecasts_rolling/2010/gas_growth_pct_forecasts_lstm_core.csv
2026-09-03 19:51:45 | INFO     | energy_stress.lstm | [LSTM-CORE] Model saved → outputs/models
2026-09-03 19:51:45 | INFO     | energy_stress.lstm | [LSTM-MACRO] Training on gas | train=2006-05-01→2009-12-01 (44 obs), test=2010-01-01→2010-12-01 (12 obs), use_macro=True, lookback=6, dropout=0.2, lr=0.001, units=(64,32), macro_feature_set=lstm
2026-09-03 19:51:55 | INFO     | energy_stress.lstm | [LSTM-MACRO gas] validation: MAE=1.7053, RMSE=1.9443
2026-09-03 19:53:00 | INFO     | energy_stress.lstm | [LSTM-MACRO] Forecast saved → outputs/forecasts_rolling/2010/gas_growth_pct_forecasts_lstm_macro.csv
2026-09-03 19:53:00 | INFO     | energy_stress.lstm | [LSTM-MACRO] Model saved → outputs/models
2026-09-03 19:53:00 | INFO     | energy_stress.tft | [TFT/pytorch-forecasting] Fitting gas (core)
2026-09-03 19:53:03 | INFO     | energy_stress.tft | [TFT gas] validation: MAE=19.0675, RMSE=20.7108
2026-09-03 19:53:06 | INFO     | energy_stress.tft | [TFT] Forecast saved → outputs/forecasts_rolling/2010/gas_growth_pct_forecasts_tft_core.csv
2026-09-03 19:53:06 | INFO     | energy_stress.tft | [TFT/pytorch-forecasting] Fitting gas (macro)
2026-09-03 19:53:10 | INFO     | energy_stress.tft | [TFT gas] validation: MAE=13.0479, RMSE=13.2284
2026-09-03 19:53:14 | INFO     | energy_stress.tft | [TFT] Forecast saved → outputs/forecasts_rolling/2010/gas_growth_pct_forecasts_tft_macro.csv
2026-09-03 19:53:14 | INFO     | energy_stress.forecast_pipeline | 
──────────────────────────────────────────────────
Series: ELECTRICITY
──────────────────────────────────────────────────
2026-09-03 19:53:14 | INFO     | energy_stress.forecast_pipeline | [electricity] train=44, test=12, full=56 (through 2010-12-01), actual_target=12 non-null (2011-01-01..2011-12-01)
2026-09-03 19:53:14 | INFO     | energy_stress.sarima | [SARIMA-CORE] Fitting on electricity (train=44 obs)
2026-09-03 19:55:19 | INFO     | energy_stress.sarima | SARIMA best order: (2, 0, 0) × (2, 1, 1, 12)
2026-09-03 19:55:20 | INFO     | energy_stress.sarima | [SARIMA-CORE electricity] validation: MAE=7.8298, RMSE=9.5065, MAPE=870.66%
2026-09-03 19:55:20 | INFO     | energy_stress.sarima | [SARIMA-CORE] Forecast saved → outputs/forecasts_rolling/2010/electricity_growth_pct_forecasts_sarima_core.csv
2026-09-03 19:55:20 | INFO     | energy_stress.sarima | [SARIMA-MACRO] Fitting on electricity (train=44 obs)
2026-09-03 19:57:36 | INFO     | energy_stress.sarima | SARIMA best order: (2, 0, 0) × (2, 1, 1, 12)
2026-09-03 19:57:36 | INFO     | energy_stress.sarima | [SARIMA-MACRO] Using exogenous: ['inflation_growth_lag1', 'weather_volatility_lag1', 'gdp_growth_lag1', 'gas_futures_log_return_lag1', 'gas_futures_yoy_growth_lag1', 'electricity_growth_lag12', 'post_2016_electricity_regime', 'gbp_eur_yoy_change_lag12']
2026-09-03 19:57:37 | INFO     | energy_stress.sarima | [SARIMA-MACRO electricity] validation: MAE=13.7382, RMSE=16.5346, MAPE=1848.63%
2026-09-03 19:57:38 | INFO     | energy_stress.sarima | [SARIMA-MACRO] Forecast saved → outputs/forecasts_rolling/2010/electricity_growth_pct_forecasts_sarima_macro.csv
2026-09-03 19:57:38 | INFO     | energy_stress.prophet | [Prophet-CORE] Fitting on electricity (train=44 obs, regressors=False, cps=0.01, sps=10.0, reg_ps=n/a, seasonality=additive)
2026-09-03 19:57:38 | INFO     | energy_stress.prophet | [Prophet-CORE electricity] validation: MAE=4.8266, RMSE=7.8248
2026-09-03 19:57:38 | INFO     | energy_stress.prophet | [Prophet-CORE] Forecast saved → outputs/forecasts_rolling/2010/electricity_growth_pct_forecasts_prophet_core.csv
2026-09-03 19:57:38 | INFO     | energy_stress.prophet | [Prophet-MACRO] Fitting on electricity (train=44 obs, regressors=True, cps=0.01, sps=10.0, reg_ps=0.5, seasonality=additive)
2026-09-03 19:57:39 | INFO     | energy_stress.prophet | [Prophet-MACRO electricity] validation: MAE=6.5699, RMSE=7.4318
2026-09-03 19:57:39 | INFO     | energy_stress.prophet | [Prophet-MACRO] Forecast saved → outputs/forecasts_rolling/2010/electricity_growth_pct_forecasts_prophet_macro.csv
2026-09-03 19:57:39 | INFO     | energy_stress.lstm | [LSTM-CORE] Training on electricity | train=2006-05-01→2009-12-01 (44 obs), test=2010-01-01→2010-12-01 (12 obs), use_macro=False, lookback=6, dropout=0.2, lr=0.001, units=(64,32), macro_feature_set=lstm
2026-09-03 19:57:55 | INFO     | energy_stress.lstm | [LSTM-CORE electricity] validation: MAE=4.1332, RMSE=4.3296
2026-09-03 19:59:27 | INFO     | energy_stress.lstm | [LSTM-CORE] Forecast saved → outputs/forecasts_rolling/2010/electricity_growth_pct_forecasts_lstm_core.csv
2026-09-03 19:59:27 | INFO     | energy_stress.lstm | [LSTM-CORE] Model saved → outputs/models
2026-09-03 19:59:27 | INFO     | energy_stress.lstm | [LSTM-MACRO] Training on electricity | train=2006-05-01→2009-12-01 (44 obs), test=2010-01-01→2010-12-01 (12 obs), use_macro=True, lookback=3, dropout=0.1, lr=0.001, units=(64,32), macro_feature_set=lean
2026-09-03 19:59:42 | INFO     | energy_stress.lstm | [LSTM-MACRO electricity] validation: MAE=4.8241, RMSE=5.3745
2026-09-03 20:00:46 | INFO     | energy_stress.lstm | [LSTM-MACRO] Forecast saved → outputs/forecasts_rolling/2010/electricity_growth_pct_forecasts_lstm_macro.csv
2026-09-03 20:00:46 | INFO     | energy_stress.lstm | [LSTM-MACRO] Model saved → outputs/models
2026-09-03 20:00:46 | INFO     | energy_stress.tft | [TFT/pytorch-forecasting] Fitting electricity (core)
2026-09-03 20:00:49 | INFO     | energy_stress.tft | [TFT electricity] validation: MAE=13.0166, RMSE=13.1054
2026-09-03 20:00:52 | INFO     | energy_stress.tft | [TFT] Forecast saved → outputs/forecasts_rolling/2010/electricity_growth_pct_forecasts_tft_core.csv
2026-09-03 20:00:52 | INFO     | energy_stress.tft | [TFT/pytorch-forecasting] Fitting electricity (macro)
2026-09-03 20:00:56 | INFO     | energy_stress.tft | [TFT electricity] validation: MAE=7.3757, RMSE=9.2474
2026-09-03 20:01:01 | INFO     | energy_stress.tft | [TFT] Forecast saved → outputs/forecasts_rolling/2010/electricity_growth_pct_forecasts_tft_macro.csv
2026-09-03 20:01:01 | INFO     | energy_stress.forecast_pipeline | 
──────────────────────────────────────────────────
Series: CARBON
──────────────────────────────────────────────────
2026-09-03 20:01:01 | INFO     | energy_stress.forecast_pipeline | [carbon] train=44, test=12, full=56 (through 2010-12-01), actual_target=12 non-null (2011-01-01..2011-12-01)
2026-09-03 20:01:01 | INFO     | energy_stress.sarima | [SARIMA-CORE] Fitting on carbon (train=44 obs)
2026-09-03 20:01:38 | INFO     | energy_stress.sarima | SARIMA best order: (1, 0, 0) × (1, 1, 0, 12)
2026-09-03 20:01:38 | INFO     | energy_stress.sarima | [SARIMA-CORE carbon] validation: MAE=75.6687, RMSE=80.7343, MAPE=2850.33%
2026-09-03 20:01:38 | INFO     | energy_stress.sarima | [SARIMA-CORE] Forecast saved → outputs/forecasts_rolling/2010/carbon_growth_pct_forecasts_sarima_core.csv
2026-09-03 20:01:38 | INFO     | energy_stress.sarima | [SARIMA-MACRO] Fitting on carbon (train=44 obs)
2026-09-03 20:02:23 | INFO     | energy_stress.sarima | SARIMA best order: (1, 0, 0) × (1, 1, 0, 12)
2026-09-03 20:02:23 | INFO     | energy_stress.sarima | [SARIMA-MACRO] Using exogenous: ['inflation_growth_lag1', 'weather_volatility_lag1', 'gdp_growth_lag1']
2026-09-03 20:02:23 | INFO     | energy_stress.sarima | [SARIMA-MACRO carbon] validation: MAE=28.3248, RMSE=47.3966, MAPE=560.13%
2026-09-03 20:02:23 | INFO     | energy_stress.sarima | [SARIMA-MACRO] Forecast saved → outputs/forecasts_rolling/2010/carbon_growth_pct_forecasts_sarima_macro.csv
2026-09-03 20:02:23 | INFO     | energy_stress.prophet | [Prophet-CORE] Fitting on carbon (train=44 obs, regressors=False, cps=0.01, sps=10.0, reg_ps=n/a, seasonality=additive)
2026-09-03 20:02:23 | INFO     | energy_stress.prophet | [Prophet-CORE carbon] validation: MAE=62.9026, RMSE=73.7065
2026-09-03 20:02:24 | INFO     | energy_stress.prophet | [Prophet-CORE] Forecast saved → outputs/forecasts_rolling/2010/carbon_growth_pct_forecasts_prophet_core.csv
2026-09-03 20:02:24 | INFO     | energy_stress.prophet | [Prophet-MACRO] Fitting on carbon (train=44 obs, regressors=True, cps=0.01, sps=10.0, reg_ps=0.1, seasonality=additive)
2026-09-03 20:02:24 | INFO     | energy_stress.prophet | [Prophet-MACRO carbon] validation: MAE=56.1684, RMSE=72.8026
2026-09-03 20:02:24 | INFO     | energy_stress.prophet | [Prophet-MACRO] Forecast saved → outputs/forecasts_rolling/2010/carbon_growth_pct_forecasts_prophet_macro.csv
2026-09-03 20:02:24 | INFO     | energy_stress.lstm | [LSTM-CORE] Training on carbon | train=2006-05-01→2009-12-01 (44 obs), test=2010-01-01→2010-12-01 (12 obs), use_macro=False, lookback=12, dropout=0.2, lr=0.001, units=(128,64), macro_feature_set=lstm
2026-09-03 20:03:05 | INFO     | energy_stress.lstm | [LSTM-CORE carbon] validation: MAE=34.2256, RMSE=34.9494
2026-09-03 20:04:55 | INFO     | energy_stress.lstm | [LSTM-CORE] Forecast saved → outputs/forecasts_rolling/2010/carbon_growth_pct_forecasts_lstm_core.csv
2026-09-03 20:04:55 | INFO     | energy_stress.lstm | [LSTM-CORE] Model saved → outputs/models
2026-09-03 20:04:55 | INFO     | energy_stress.lstm | [LSTM-MACRO] Training on carbon | train=2006-05-01→2009-12-01 (44 obs), test=2010-01-01→2010-12-01 (12 obs), use_macro=True, lookback=12, dropout=0.2, lr=0.001, units=(128,64), macro_feature_set=lstm
2026-09-03 20:05:25 | INFO     | energy_stress.lstm | [LSTM-MACRO carbon] validation: MAE=30.6527, RMSE=31.3360
2026-09-03 20:12:20 | INFO     | energy_stress.lstm | [LSTM-MACRO] Forecast saved → outputs/forecasts_rolling/2010/carbon_growth_pct_forecasts_lstm_macro.csv
2026-09-03 20:12:20 | INFO     | energy_stress.lstm | [LSTM-MACRO] Model saved → outputs/models
2026-09-03 20:12:20 | INFO     | energy_stress.tft | [TFT/pytorch-forecasting] Fitting carbon (core)
2026-09-03 20:12:24 | INFO     | energy_stress.tft | [TFT carbon] validation: MAE=139.1403, RMSE=140.6664
2026-09-03 20:12:27 | INFO     | energy_stress.tft | [TFT] Forecast saved → outputs/forecasts_rolling/2010/carbon_growth_pct_forecasts_tft_core.csv
2026-09-03 20:12:27 | INFO     | energy_stress.tft | [TFT/pytorch-forecasting] Fitting carbon (macro)
2026-09-03 20:12:32 | INFO     | energy_stress.tft | [TFT carbon] validation: MAE=18.7293, RMSE=22.6828
2026-09-03 20:12:37 | INFO     | energy_stress.tft | [TFT] Forecast saved → outputs/forecasts_rolling/2010/carbon_growth_pct_forecasts_tft_macro.csv
2026-09-03 20:12:37 | DEBUG    | energy_stress.model_evaluation | Loaded outputs/forecasts_rolling/2010/gas_growth_pct_forecasts_sarima_core.csv (12 rows)
2026-09-03 20:12:37 | DEBUG    | energy_stress.model_evaluation | Loaded outputs/forecasts_rolling/2010/gas_growth_pct_forecasts_sarima_macro.csv (12 rows)
2026-09-03 20:12:37 | DEBUG    | energy_stress.model_evaluation | Loaded outputs/forecasts_rolling/2010/gas_growth_pct_forecasts_prophet_core.csv (12 rows)
2026-09-03 20:12:37 | DEBUG    | energy_stress.model_evaluation | Loaded outputs/forecasts_rolling/2010/gas_growth_pct_forecasts_prophet_macro.csv (12 rows)
2026-09-03 20:12:37 | DEBUG    | energy_stress.model_evaluation | Loaded outputs/forecasts_rolling/2010/gas_growth_pct_forecasts_lstm_core.csv (12 rows)
2026-09-03 20:12:37 | DEBUG    | energy_stress.model_evaluation | Loaded outputs/forecasts_rolling/2010/gas_growth_pct_forecasts_lstm_macro.csv (12 rows)
2026-09-03 20:12:37 | DEBUG    | energy_stress.model_evaluation | Loaded outputs/forecasts_rolling/2010/gas_growth_pct_forecasts_tft_core.csv (12 rows)
2026-09-03 20:12:37 | DEBUG    | energy_stress.model_evaluation | Loaded outputs/forecasts_rolling/2010/gas_growth_pct_forecasts_tft_macro.csv (12 rows)
2026-09-03 20:12:37 | INFO     | energy_stress.model_evaluation | Combined forecasts (96 rows) → outputs/forecasts_rolling/2010/gas_growth_pct_forecasts_all.csv
2026-09-03 20:12:37 | INFO     | energy_stress.model_evaluation |   core combined → outputs/forecasts_rolling/2010/gas_growth_pct_forecasts_core.csv
2026-09-03 20:12:37 | INFO     | energy_stress.model_evaluation |   macro combined → outputs/forecasts_rolling/2010/gas_growth_pct_forecasts_macro.csv
2026-09-03 20:12:37 | DEBUG    | energy_stress.model_evaluation | Loaded outputs/forecasts_rolling/2010/electricity_growth_pct_forecasts_sarima_core.csv (12 rows)
2026-09-03 20:12:37 | DEBUG    | energy_stress.model_evaluation | Loaded outputs/forecasts_rolling/2010/electricity_growth_pct_forecasts_sarima_macro.csv (12 rows)
2026-09-03 20:12:37 | DEBUG    | energy_stress.model_evaluation | Loaded outputs/forecasts_rolling/2010/electricity_growth_pct_forecasts_prophet_core.csv (12 rows)
2026-09-03 20:12:37 | DEBUG    | energy_stress.model_evaluation | Loaded outputs/forecasts_rolling/2010/electricity_growth_pct_forecasts_prophet_macro.csv (12 rows)
2026-09-03 20:12:37 | DEBUG    | energy_stress.model_evaluation | Loaded outputs/forecasts_rolling/2010/electricity_growth_pct_forecasts_lstm_core.csv (12 rows)
2026-09-03 20:12:37 | DEBUG    | energy_stress.model_evaluation | Loaded outputs/forecasts_rolling/2010/electricity_growth_pct_forecasts_lstm_macro.csv (12 rows)
2026-09-03 20:12:37 | DEBUG    | energy_stress.model_evaluation | Loaded outputs/forecasts_rolling/2010/electricity_growth_pct_forecasts_tft_core.csv (12 rows)
2026-09-03 20:12:37 | DEBUG    | energy_stress.model_evaluation | Loaded outputs/forecasts_rolling/2010/electricity_growth_pct_forecasts_tft_macro.csv (12 rows)
2026-09-03 20:12:37 | INFO     | energy_stress.model_evaluation | Combined forecasts (96 rows) → outputs/forecasts_rolling/2010/electricity_growth_pct_forecasts_all.csv
2026-09-03 20:12:37 | INFO     | energy_stress.model_evaluation |   core combined → outputs/forecasts_rolling/2010/electricity_growth_pct_forecasts_core.csv
2026-09-03 20:12:37 | INFO     | energy_stress.model_evaluation |   macro combined → outputs/forecasts_rolling/2010/electricity_growth_pct_forecasts_macro.csv
2026-09-03 20:12:37 | DEBUG    | energy_stress.model_evaluation | Loaded outputs/forecasts_rolling/2010/carbon_growth_pct_forecasts_sarima_core.csv (12 rows)
2026-09-03 20:12:37 | DEBUG    | energy_stress.model_evaluation | Loaded outputs/forecasts_rolling/2010/carbon_growth_pct_forecasts_sarima_macro.csv (12 rows)
2026-09-03 20:12:37 | DEBUG    | energy_stress.model_evaluation | Loaded outputs/forecasts_rolling/2010/carbon_growth_pct_forecasts_prophet_core.csv (12 rows)
2026-09-03 20:12:37 | DEBUG    | energy_stress.model_evaluation | Loaded outputs/forecasts_rolling/2010/carbon_growth_pct_forecasts_prophet_macro.csv (12 rows)
2026-09-03 20:12:37 | DEBUG    | energy_stress.model_evaluation | Loaded outputs/forecasts_rolling/2010/carbon_growth_pct_forecasts_lstm_core.csv (12 rows)
2026-09-03 20:12:37 | DEBUG    | energy_stress.model_evaluation | Loaded outputs/forecasts_rolling/2010/carbon_growth_pct_forecasts_lstm_macro.csv (12 rows)
2026-09-03 20:12:37 | DEBUG    | energy_stress.model_evaluation | Loaded outputs/forecasts_rolling/2010/carbon_growth_pct_forecasts_tft_core.csv (12 rows)
2026-09-03 20:12:37 | DEBUG    | energy_stress.model_evaluation | Loaded outputs/forecasts_rolling/2010/carbon_growth_pct_forecasts_tft_macro.csv (12 rows)
2026-09-03 20:12:37 | INFO     | energy_stress.model_evaluation | Combined forecasts (96 rows) → outputs/forecasts_rolling/2010/carbon_growth_pct_forecasts_all.csv
2026-09-03 20:12:37 | INFO     | energy_stress.model_evaluation |   core combined → outputs/forecasts_rolling/2010/carbon_growth_pct_forecasts_core.csv
2026-09-03 20:12:37 | INFO     | energy_stress.model_evaluation |   macro combined → outputs/forecasts_rolling/2010/carbon_growth_pct_forecasts_macro.csv
2026-09-03 20:12:37 | INFO     | energy_stress.model_evaluation | Evaluating 24 model results across all series and modes
2026-09-03 20:12:38 | INFO     | energy_stress.model_evaluation | Best model [carbon][core]: Prophet (selection_score=1.750)
2026-09-03 20:12:38 | INFO     | energy_stress.model_evaluation | Best model [carbon][macro]: TFT (selection_score=1.400)
2026-09-03 20:12:38 | INFO     | energy_stress.model_evaluation | Best model [electricity][core]: LSTM (selection_score=1.500)
2026-09-03 20:12:38 | INFO     | energy_stress.model_evaluation | Best model [electricity][macro]: LSTM (selection_score=1.325)
2026-09-03 20:12:38 | INFO     | energy_stress.model_evaluation | Best model [gas][core]: LSTM (selection_score=1.100)
2026-09-03 20:12:38 | INFO     | energy_stress.model_evaluation | Best model [gas][macro]: LSTM (selection_score=1.050)
2026-09-03 20:12:38 | INFO     | energy_stress.model_evaluation | Metrics table saved → outputs/tables/rolling/2010/model_metrics_comparison.csv
2026-09-03 20:12:38 | INFO     | energy_stress.fes | Best models selected:
2026-09-03 20:12:38 | INFO     | energy_stress.fes |   [carbon][core] → Prophet
2026-09-03 20:12:38 | INFO     | energy_stress.fes |   [carbon][macro] → TFT
2026-09-03 20:12:38 | INFO     | energy_stress.fes |   [electricity][core] → LSTM
2026-09-03 20:12:38 | INFO     | energy_stress.fes |   [electricity][macro] → LSTM
2026-09-03 20:12:38 | INFO     | energy_stress.fes |   [gas][core] → LSTM
2026-09-03 20:12:38 | INFO     | energy_stress.fes |   [gas][macro] → LSTM
2026-09-03 20:12:38 | INFO     | energy_stress.fes | Per-series mode selected for FES_selected (metric per series/mode: {('gas', 'core'): 'RMSE', ('gas', 'macro'): 'RMSE', ('electricity', 'core'): 'RMSE', ('electricity', 'macro'): 'RMSE', ('carbon', 'core'): 'RMSE', ('carbon', 'macro'): 'RMSE'}): {'gas': 'macro', 'electricity': 'core', 'carbon': 'macro'}
2026-09-03 20:12:38 | INFO     | energy_stress.fes | FES_Weighted series weights (inverse validation-RMSE, normalized to mean 1.0): {'gas': 1.9546712886192223, 'electricity': 0.8777826679681409, 'carbon': 0.16754604341263682}
2026-09-03 20:12:38 | INFO     | energy_stress.fes | [gas] train μ=14.2857, σ=21.4648 | unc_ref μ=12.6399, σ=7.2689
2026-09-03 20:12:38 | INFO     | energy_stress.fes | [electricity] train μ=9.6494, σ=13.1127 | unc_ref μ=7.7289, σ=3.7366
2026-09-03 20:12:38 | INFO     | energy_stress.fes | [carbon] train μ=-9.8544, σ=298.0281 | unc_ref μ=183.2479, σ=146.3470
2026-09-03 20:12:38 | INFO     | energy_stress.fes | [actual real-vol] train μ=0.5668, σ=0.2165
2026-09-03 20:12:38 | INFO     | energy_stress.fes | Monthly FES saved → outputs/fes/rolling/2010/fes_monthly_2011.csv
2026-09-03 20:12:38 | INFO     | energy_stress.fes | [gas] train μ=19.7909, σ=21.0685 | unc_ref μ=14.1779, σ=6.8543
2026-09-03 20:12:38 | INFO     | energy_stress.fes | [electricity] train μ=12.9498, σ=12.8512 | unc_ref μ=8.4216, σ=3.8337
2026-09-03 20:12:38 | INFO     | energy_stress.fes | [carbon] train μ=-15.2687, σ=336.8309 | unc_ref μ=232.4755, σ=132.6117
2026-09-03 20:12:38 | INFO     | energy_stress.fes | [actual real-vol] train μ=0.5305, σ=0.2570
2026-09-03 20:12:38 | INFO     | energy_stress.fes | FES_actual, prior year 2010 (baseline for FES_selected's 2011 forecast): mean=-2.02437 -> outputs/fes/rolling/2010/fes_prior_actual_2010.csv
2026-09-03 20:12:38 | INFO     | energy_stress.fes | FES comparison metrics saved → outputs/fes/rolling/2010/fes_comparison_metrics.csv  (12 rows)
2026-09-03 20:12:38 | INFO     | energy_stress.fes | Best RMSE per variant:
FES_variant
Equal_Core        1.02479
Equal_Macro       0.79958
Equal_Selected    0.76064
Equal_Weighted    1.22106
2026-09-03 20:12:38 | INFO     | energy_stress.forecast_pipeline | ========================================
2026-09-03 20:12:38 | INFO     | energy_stress.forecast_pipeline | STAGE 2: Rolling year as_of=2011 (split train<2011, test=2011, refit<=2011, forecast=2012)
2026-09-03 20:12:38 | INFO     | energy_stress.forecast_pipeline | ========================================
2026-09-03 20:12:38 | INFO     | energy_stress.preprocessing | Train: 56 rows (through 2010-12-01) | Test: 12 rows (2011-01-01..2011-12-01)
2026-09-03 20:12:38 | INFO     | energy_stress.forecast_pipeline | 
──────────────────────────────────────────────────
Series: GAS
──────────────────────────────────────────────────
2026-09-03 20:12:38 | INFO     | energy_stress.forecast_pipeline | [gas] train=56, test=12, full=68 (through 2011-12-01), actual_target=12 non-null (2012-01-01..2012-12-01)
2026-09-03 20:12:38 | INFO     | energy_stress.sarima | [SARIMA-CORE] Fitting on gas (train=56 obs)
2026-09-03 20:15:38 | INFO     | energy_stress.sarima | SARIMA best order: (3, 0, 1) × (2, 1, 0, 12)
2026-09-03 20:15:38 | INFO     | energy_stress.sarima | [SARIMA-CORE gas] validation: MAE=42.4789, RMSE=46.9506, MAPE=545.47%
2026-09-03 20:15:39 | INFO     | energy_stress.sarima | [SARIMA-CORE] Forecast saved → outputs/forecasts_rolling/2011/gas_growth_pct_forecasts_sarima_core.csv
2026-09-03 20:15:39 | INFO     | energy_stress.sarima | [SARIMA-MACRO] Fitting on gas (train=56 obs)
2026-09-03 20:18:58 | INFO     | energy_stress.sarima | SARIMA best order: (3, 0, 1) × (2, 1, 0, 12)
2026-09-03 20:18:58 | INFO     | energy_stress.sarima | [SARIMA-MACRO] Using exogenous: ['inflation_growth_lag1', 'weather_volatility_lag1', 'gdp_growth_lag1', 'gas_futures_log_return_lag1', 'gas_futures_yoy_growth_lag1']
2026-09-03 20:19:00 | INFO     | energy_stress.sarima | [SARIMA-MACRO gas] validation: MAE=9.0718, RMSE=12.0274, MAPE=89.26%
2026-09-03 20:19:00 | INFO     | energy_stress.sarima | [SARIMA-MACRO] Forecast saved → outputs/forecasts_rolling/2011/gas_growth_pct_forecasts_sarima_macro.csv
2026-09-03 20:19:00 | INFO     | energy_stress.prophet | [Prophet-CORE] Fitting on gas (train=56 obs, regressors=False, cps=0.01, sps=10.0, reg_ps=n/a, seasonality=additive)
2026-09-03 20:19:01 | INFO     | energy_stress.prophet | [Prophet-CORE gas] validation: MAE=19.5322, RMSE=22.0464
2026-09-03 20:19:01 | INFO     | energy_stress.prophet | [Prophet-CORE] Forecast saved → outputs/forecasts_rolling/2011/gas_growth_pct_forecasts_prophet_core.csv
2026-09-03 20:19:01 | INFO     | energy_stress.prophet | [Prophet-MACRO] Fitting on gas (train=56 obs, regressors=True, cps=0.01, sps=10.0, reg_ps=0.5, seasonality=additive)
2026-09-03 20:19:01 | INFO     | energy_stress.prophet | [Prophet-MACRO gas] validation: MAE=21.0542, RMSE=23.4834
2026-09-03 20:19:01 | INFO     | energy_stress.prophet | [Prophet-MACRO] Forecast saved → outputs/forecasts_rolling/2011/gas_growth_pct_forecasts_prophet_macro.csv
2026-09-03 20:19:01 | INFO     | energy_stress.lstm | [LSTM-CORE] Training on gas | train=2006-05-01→2010-12-01 (56 obs), test=2011-01-01→2011-12-01 (12 obs), use_macro=False, lookback=12, dropout=0.2, lr=0.001, units=(128,64), macro_feature_set=lstm
2026-09-03 20:20:50 | INFO     | energy_stress.lstm | [LSTM-CORE gas] validation: MAE=18.0038, RMSE=20.0758
2026-09-03 20:28:46 | INFO     | energy_stress.lstm | [LSTM-CORE] Forecast saved → outputs/forecasts_rolling/2011/gas_growth_pct_forecasts_lstm_core.csv
2026-09-03 20:28:46 | INFO     | energy_stress.lstm | [LSTM-CORE] Model saved → outputs/models
2026-09-03 20:28:46 | INFO     | energy_stress.lstm | [LSTM-MACRO] Training on gas | train=2006-05-01→2010-12-01 (56 obs), test=2011-01-01→2011-12-01 (12 obs), use_macro=True, lookback=6, dropout=0.2, lr=0.001, units=(64,32), macro_feature_set=lstm
2026-09-03 20:29:45 | INFO     | energy_stress.lstm | [LSTM-MACRO gas] validation: MAE=15.7943, RMSE=18.2256
2026-09-03 20:34:06 | INFO     | energy_stress.lstm | [LSTM-MACRO] Forecast saved → outputs/forecasts_rolling/2011/gas_growth_pct_forecasts_lstm_macro.csv
2026-09-03 20:34:07 | INFO     | energy_stress.lstm | [LSTM-MACRO] Model saved → outputs/models
2026-09-03 20:34:07 | INFO     | energy_stress.tft | [TFT/pytorch-forecasting] Fitting gas (core)
2026-09-03 20:34:11 | INFO     | energy_stress.tft | [TFT gas] validation: MAE=7.4965, RMSE=7.7980
2026-09-03 20:34:14 | INFO     | energy_stress.tft | [TFT] Forecast saved → outputs/forecasts_rolling/2011/gas_growth_pct_forecasts_tft_core.csv
2026-09-03 20:34:14 | INFO     | energy_stress.tft | [TFT/pytorch-forecasting] Fitting gas (macro)
2026-09-03 20:34:19 | INFO     | energy_stress.tft | [TFT gas] validation: MAE=6.6989, RMSE=8.2417
2026-09-03 20:34:24 | INFO     | energy_stress.tft | [TFT] Forecast saved → outputs/forecasts_rolling/2011/gas_growth_pct_forecasts_tft_macro.csv
2026-09-03 20:34:24 | INFO     | energy_stress.forecast_pipeline | 
──────────────────────────────────────────────────
Series: ELECTRICITY
──────────────────────────────────────────────────
2026-09-03 20:34:24 | INFO     | energy_stress.forecast_pipeline | [electricity] train=56, test=12, full=68 (through 2011-12-01), actual_target=12 non-null (2012-01-01..2012-12-01)
2026-09-03 20:34:24 | INFO     | energy_stress.sarima | [SARIMA-CORE] Fitting on electricity (train=56 obs)
2026-09-03 20:38:03 | INFO     | energy_stress.sarima | SARIMA best order: (2, 0, 1) × (2, 1, 0, 12)
2026-09-03 20:38:04 | INFO     | energy_stress.sarima | [SARIMA-CORE electricity] validation: MAE=32.3873, RMSE=35.0843, MAPE=522.82%
2026-09-03 20:38:04 | INFO     | energy_stress.sarima | [SARIMA-CORE] Forecast saved → outputs/forecasts_rolling/2011/electricity_growth_pct_forecasts_sarima_core.csv
2026-09-03 20:38:04 | INFO     | energy_stress.sarima | [SARIMA-MACRO] Fitting on electricity (train=56 obs)
2026-09-03 20:42:23 | INFO     | energy_stress.sarima | SARIMA best order: (2, 0, 1) × (2, 1, 0, 12)
2026-09-03 20:42:23 | INFO     | energy_stress.sarima | [SARIMA-MACRO] Using exogenous: ['inflation_growth_lag1', 'weather_volatility_lag1', 'gdp_growth_lag1', 'gas_futures_log_return_lag1', 'gas_futures_yoy_growth_lag1', 'electricity_growth_lag12', 'post_2016_electricity_regime', 'gbp_eur_yoy_change_lag12']
2026-09-03 20:42:24 | INFO     | energy_stress.sarima | [SARIMA-MACRO electricity] validation: MAE=5.7592, RMSE=7.1245, MAPE=89.54%
2026-09-03 20:42:26 | INFO     | energy_stress.sarima | [SARIMA-MACRO] Forecast saved → outputs/forecasts_rolling/2011/electricity_growth_pct_forecasts_sarima_macro.csv
2026-09-03 20:42:26 | INFO     | energy_stress.prophet | [Prophet-CORE] Fitting on electricity (train=56 obs, regressors=False, cps=0.01, sps=10.0, reg_ps=n/a, seasonality=additive)
2026-09-03 20:42:26 | INFO     | energy_stress.prophet | [Prophet-CORE electricity] validation: MAE=14.3835, RMSE=15.7062
2026-09-03 20:42:26 | INFO     | energy_stress.prophet | [Prophet-CORE] Forecast saved → outputs/forecasts_rolling/2011/electricity_growth_pct_forecasts_prophet_core.csv
2026-09-03 20:42:26 | INFO     | energy_stress.prophet | [Prophet-MACRO] Fitting on electricity (train=56 obs, regressors=True, cps=0.01, sps=10.0, reg_ps=0.5, seasonality=additive)
2026-09-03 20:42:27 | INFO     | energy_stress.prophet | [Prophet-MACRO electricity] validation: MAE=3.7778, RMSE=4.5842
2026-09-03 20:42:27 | INFO     | energy_stress.prophet | [Prophet-MACRO] Forecast saved → outputs/forecasts_rolling/2011/electricity_growth_pct_forecasts_prophet_macro.csv
2026-09-03 20:42:27 | INFO     | energy_stress.lstm | [LSTM-CORE] Training on electricity | train=2006-05-01→2010-12-01 (56 obs), test=2011-01-01→2011-12-01 (12 obs), use_macro=False, lookback=6, dropout=0.2, lr=0.001, units=(64,32), macro_feature_set=lstm
2026-09-03 20:45:07 | INFO     | energy_stress.lstm | [LSTM-CORE electricity] validation: MAE=7.3950, RMSE=8.9509
2026-09-03 20:49:52 | INFO     | energy_stress.lstm | [LSTM-CORE] Forecast saved → outputs/forecasts_rolling/2011/electricity_growth_pct_forecasts_lstm_core.csv
2026-09-03 20:49:52 | INFO     | energy_stress.lstm | [LSTM-CORE] Model saved → outputs/models
2026-09-03 20:49:52 | INFO     | energy_stress.lstm | [LSTM-MACRO] Training on electricity | train=2006-05-01→2010-12-01 (56 obs), test=2011-01-01→2011-12-01 (12 obs), use_macro=True, lookback=3, dropout=0.1, lr=0.001, units=(64,32), macro_feature_set=lean
2026-09-03 20:50:33 | INFO     | energy_stress.lstm | [LSTM-MACRO electricity] validation: MAE=4.6792, RMSE=6.6580
2026-09-03 20:52:22 | INFO     | energy_stress.lstm | [LSTM-MACRO] Forecast saved → outputs/forecasts_rolling/2011/electricity_growth_pct_forecasts_lstm_macro.csv
2026-09-03 20:52:22 | INFO     | energy_stress.lstm | [LSTM-MACRO] Model saved → outputs/models
2026-09-03 20:52:22 | INFO     | energy_stress.tft | [TFT/pytorch-forecasting] Fitting electricity (core)
2026-09-03 20:52:25 | INFO     | energy_stress.tft | [TFT electricity] validation: MAE=3.9058, RMSE=5.0124
2026-09-03 20:52:29 | INFO     | energy_stress.tft | [TFT] Forecast saved → outputs/forecasts_rolling/2011/electricity_growth_pct_forecasts_tft_core.csv
2026-09-03 20:52:29 | INFO     | energy_stress.tft | [TFT/pytorch-forecasting] Fitting electricity (macro)
2026-09-03 20:52:34 | INFO     | energy_stress.tft | [TFT electricity] validation: MAE=14.0846, RMSE=15.1733
2026-09-03 20:52:39 | INFO     | energy_stress.tft | [TFT] Forecast saved → outputs/forecasts_rolling/2011/electricity_growth_pct_forecasts_tft_macro.csv
2026-09-03 20:52:39 | INFO     | energy_stress.forecast_pipeline | 
──────────────────────────────────────────────────
Series: CARBON
──────────────────────────────────────────────────
2026-09-03 20:52:39 | INFO     | energy_stress.forecast_pipeline | [carbon] train=56, test=12, full=68 (through 2011-12-01), actual_target=12 non-null (2012-01-01..2012-12-01)
2026-09-03 20:52:39 | INFO     | energy_stress.sarima | [SARIMA-CORE] Fitting on carbon (train=56 obs)
2026-09-03 20:54:13 | INFO     | energy_stress.sarima | SARIMA best order: (1, 0, 0) × (2, 1, 0, 12)
2026-09-03 20:54:13 | INFO     | energy_stress.sarima | [SARIMA-CORE carbon] validation: MAE=47.2531, RMSE=54.9433, MAPE=231.45%
2026-09-03 20:54:14 | INFO     | energy_stress.sarima | [SARIMA-CORE] Forecast saved → outputs/forecasts_rolling/2011/carbon_growth_pct_forecasts_sarima_core.csv
2026-09-03 20:54:14 | INFO     | energy_stress.sarima | [SARIMA-MACRO] Fitting on carbon (train=56 obs)
2026-09-03 20:55:45 | INFO     | energy_stress.sarima | SARIMA best order: (1, 0, 0) × (2, 1, 0, 12)
2026-09-03 20:55:45 | INFO     | energy_stress.sarima | [SARIMA-MACRO] Using exogenous: ['inflation_growth_lag1', 'weather_volatility_lag1', 'gdp_growth_lag1']
2026-09-03 20:55:46 | INFO     | energy_stress.sarima | [SARIMA-MACRO carbon] validation: MAE=48.0637, RMSE=53.7607, MAPE=265.55%
2026-09-03 20:55:47 | INFO     | energy_stress.sarima | [SARIMA-MACRO] Forecast saved → outputs/forecasts_rolling/2011/carbon_growth_pct_forecasts_sarima_macro.csv
2026-09-03 20:55:47 | INFO     | energy_stress.prophet | [Prophet-CORE] Fitting on carbon (train=56 obs, regressors=False, cps=0.01, sps=10.0, reg_ps=n/a, seasonality=additive)
2026-09-03 20:55:47 | INFO     | energy_stress.prophet | [Prophet-CORE carbon] validation: MAE=89.7546, RMSE=104.1232
2026-09-03 20:55:47 | INFO     | energy_stress.prophet | [Prophet-CORE] Forecast saved → outputs/forecasts_rolling/2011/carbon_growth_pct_forecasts_prophet_core.csv
2026-09-03 20:55:47 | INFO     | energy_stress.prophet | [Prophet-MACRO] Fitting on carbon (train=56 obs, regressors=True, cps=0.01, sps=10.0, reg_ps=0.1, seasonality=additive)
2026-09-03 20:55:47 | INFO     | energy_stress.prophet | [Prophet-MACRO carbon] validation: MAE=62.2329, RMSE=73.3102
2026-09-03 20:55:47 | INFO     | energy_stress.prophet | [Prophet-MACRO] Forecast saved → outputs/forecasts_rolling/2011/carbon_growth_pct_forecasts_prophet_macro.csv
2026-09-03 20:55:47 | INFO     | energy_stress.lstm | [LSTM-CORE] Training on carbon | train=2006-05-01→2010-12-01 (56 obs), test=2011-01-01→2011-12-01 (12 obs), use_macro=False, lookback=12, dropout=0.2, lr=0.001, units=(128,64), macro_feature_set=lstm
2026-09-03 20:56:51 | INFO     | energy_stress.lstm | [LSTM-CORE carbon] validation: MAE=29.1194, RMSE=37.5424
2026-09-03 21:01:10 | INFO     | energy_stress.lstm | [LSTM-CORE] Forecast saved → outputs/forecasts_rolling/2011/carbon_growth_pct_forecasts_lstm_core.csv
2026-09-03 21:01:10 | INFO     | energy_stress.lstm | [LSTM-CORE] Model saved → outputs/models
2026-09-03 21:01:10 | INFO     | energy_stress.lstm | [LSTM-MACRO] Training on carbon | train=2006-05-01→2010-12-01 (56 obs), test=2011-01-01→2011-12-01 (12 obs), use_macro=True, lookback=12, dropout=0.2, lr=0.001, units=(128,64), macro_feature_set=lstm
2026-09-03 21:02:49 | INFO     | energy_stress.lstm | [LSTM-MACRO carbon] validation: MAE=25.5666, RMSE=33.0591
2026-09-03 21:10:56 | INFO     | energy_stress.lstm | [LSTM-MACRO] Forecast saved → outputs/forecasts_rolling/2011/carbon_growth_pct_forecasts_lstm_macro.csv
2026-09-03 21:10:56 | INFO     | energy_stress.lstm | [LSTM-MACRO] Model saved → outputs/models
2026-09-03 21:10:56 | INFO     | energy_stress.tft | [TFT/pytorch-forecasting] Fitting carbon (core)
2026-09-03 21:11:00 | INFO     | energy_stress.tft | [TFT carbon] validation: MAE=34.2731, RMSE=39.6293
2026-09-03 21:11:03 | INFO     | energy_stress.tft | [TFT] Forecast saved → outputs/forecasts_rolling/2011/carbon_growth_pct_forecasts_tft_core.csv
2026-09-03 21:11:03 | INFO     | energy_stress.tft | [TFT/pytorch-forecasting] Fitting carbon (macro)
2026-09-03 21:11:07 | INFO     | energy_stress.tft | [TFT carbon] validation: MAE=113.8067, RMSE=118.6670
2026-09-03 21:11:11 | INFO     | energy_stress.tft | [TFT] Forecast saved → outputs/forecasts_rolling/2011/carbon_growth_pct_forecasts_tft_macro.csv
2026-09-03 21:11:11 | DEBUG    | energy_stress.model_evaluation | Loaded outputs/forecasts_rolling/2011/gas_growth_pct_forecasts_sarima_core.csv (12 rows)
2026-09-03 21:11:11 | DEBUG    | energy_stress.model_evaluation | Loaded outputs/forecasts_rolling/2011/gas_growth_pct_forecasts_sarima_macro.csv (12 rows)
2026-09-03 21:11:11 | DEBUG    | energy_stress.model_evaluation | Loaded outputs/forecasts_rolling/2011/gas_growth_pct_forecasts_prophet_core.csv (12 rows)
2026-09-03 21:11:11 | DEBUG    | energy_stress.model_evaluation | Loaded outputs/forecasts_rolling/2011/gas_growth_pct_forecasts_prophet_macro.csv (12 rows)
2026-09-03 21:11:11 | DEBUG    | energy_stress.model_evaluation | Loaded outputs/forecasts_rolling/2011/gas_growth_pct_forecasts_lstm_core.csv (12 rows)
2026-09-03 21:11:11 | DEBUG    | energy_stress.model_evaluation | Loaded outputs/forecasts_rolling/2011/gas_growth_pct_forecasts_lstm_macro.csv (12 rows)
2026-09-03 21:11:11 | DEBUG    | energy_stress.model_evaluation | Loaded outputs/forecasts_rolling/2011/gas_growth_pct_forecasts_tft_core.csv (12 rows)
2026-09-03 21:11:11 | DEBUG    | energy_stress.model_evaluation | Loaded outputs/forecasts_rolling/2011/gas_growth_pct_forecasts_tft_macro.csv (12 rows)
2026-09-03 21:11:11 | INFO     | energy_stress.model_evaluation | Combined forecasts (96 rows) → outputs/forecasts_rolling/2011/gas_growth_pct_forecasts_all.csv
2026-09-03 21:11:11 | INFO     | energy_stress.model_evaluation |   core combined → outputs/forecasts_rolling/2011/gas_growth_pct_forecasts_core.csv
2026-09-03 21:11:11 | INFO     | energy_stress.model_evaluation |   macro combined → outputs/forecasts_rolling/2011/gas_growth_pct_forecasts_macro.csv
2026-09-03 21:11:11 | DEBUG    | energy_stress.model_evaluation | Loaded outputs/forecasts_rolling/2011/electricity_growth_pct_forecasts_sarima_core.csv (12 rows)
2026-09-03 21:11:11 | DEBUG    | energy_stress.model_evaluation | Loaded outputs/forecasts_rolling/2011/electricity_growth_pct_forecasts_sarima_macro.csv (12 rows)
2026-09-03 21:11:11 | DEBUG    | energy_stress.model_evaluation | Loaded outputs/forecasts_rolling/2011/electricity_growth_pct_forecasts_prophet_core.csv (12 rows)
2026-09-03 21:11:11 | DEBUG    | energy_stress.model_evaluation | Loaded outputs/forecasts_rolling/2011/electricity_growth_pct_forecasts_prophet_macro.csv (12 rows)
2026-09-03 21:11:11 | DEBUG    | energy_stress.model_evaluation | Loaded outputs/forecasts_rolling/2011/electricity_growth_pct_forecasts_lstm_core.csv (12 rows)
2026-09-03 21:11:11 | DEBUG    | energy_stress.model_evaluation | Loaded outputs/forecasts_rolling/2011/electricity_growth_pct_forecasts_lstm_macro.csv (12 rows)
2026-09-03 21:11:11 | DEBUG    | energy_stress.model_evaluation | Loaded outputs/forecasts_rolling/2011/electricity_growth_pct_forecasts_tft_core.csv (12 rows)
2026-09-03 21:11:11 | DEBUG    | energy_stress.model_evaluation | Loaded outputs/forecasts_rolling/2011/electricity_growth_pct_forecasts_tft_macro.csv (12 rows)
2026-09-03 21:11:11 | INFO     | energy_stress.model_evaluation | Combined forecasts (96 rows) → outputs/forecasts_rolling/2011/electricity_growth_pct_forecasts_all.csv
2026-09-03 21:11:11 | INFO     | energy_stress.model_evaluation |   core combined → outputs/forecasts_rolling/2011/electricity_growth_pct_forecasts_core.csv
2026-09-03 21:11:11 | INFO     | energy_stress.model_evaluation |   macro combined → outputs/forecasts_rolling/2011/electricity_growth_pct_forecasts_macro.csv
2026-09-03 21:11:11 | DEBUG    | energy_stress.model_evaluation | Loaded outputs/forecasts_rolling/2011/carbon_growth_pct_forecasts_sarima_core.csv (12 rows)
2026-09-03 21:11:11 | DEBUG    | energy_stress.model_evaluation | Loaded outputs/forecasts_rolling/2011/carbon_growth_pct_forecasts_sarima_macro.csv (12 rows)
2026-09-03 21:11:11 | DEBUG    | energy_stress.model_evaluation | Loaded outputs/forecasts_rolling/2011/carbon_growth_pct_forecasts_prophet_core.csv (12 rows)
2026-09-03 21:11:11 | DEBUG    | energy_stress.model_evaluation | Loaded outputs/forecasts_rolling/2011/carbon_growth_pct_forecasts_prophet_macro.csv (12 rows)
2026-09-03 21:11:11 | DEBUG    | energy_stress.model_evaluation | Loaded outputs/forecasts_rolling/2011/carbon_growth_pct_forecasts_lstm_core.csv (12 rows)
2026-09-03 21:11:11 | DEBUG    | energy_stress.model_evaluation | Loaded outputs/forecasts_rolling/2011/carbon_growth_pct_forecasts_lstm_macro.csv (12 rows)
2026-09-03 21:11:11 | DEBUG    | energy_stress.model_evaluation | Loaded outputs/forecasts_rolling/2011/carbon_growth_pct_forecasts_tft_core.csv (12 rows)
2026-09-03 21:11:11 | DEBUG    | energy_stress.model_evaluation | Loaded outputs/forecasts_rolling/2011/carbon_growth_pct_forecasts_tft_macro.csv (12 rows)
2026-09-03 21:11:11 | INFO     | energy_stress.model_evaluation | Combined forecasts (96 rows) → outputs/forecasts_rolling/2011/carbon_growth_pct_forecasts_all.csv
2026-09-03 21:11:11 | INFO     | energy_stress.model_evaluation |   core combined → outputs/forecasts_rolling/2011/carbon_growth_pct_forecasts_core.csv
2026-09-03 21:11:11 | INFO     | energy_stress.model_evaluation |   macro combined → outputs/forecasts_rolling/2011/carbon_growth_pct_forecasts_macro.csv
2026-09-03 21:11:11 | INFO     | energy_stress.model_evaluation | Evaluating 24 model results across all series and modes
2026-09-03 21:11:11 | INFO     | energy_stress.model_evaluation | Best model [carbon][core]: LSTM (selection_score=1.450)
2026-09-03 21:11:11 | INFO     | energy_stress.model_evaluation | Best model [carbon][macro]: LSTM (selection_score=1.450)
2026-09-03 21:11:11 | INFO     | energy_stress.model_evaluation | Best model [electricity][core]: TFT (selection_score=1.000)
2026-09-03 21:11:11 | INFO     | energy_stress.model_evaluation | Best model [electricity][macro]: Prophet (selection_score=1.175)
2026-09-03 21:11:11 | INFO     | energy_stress.model_evaluation | Best model [gas][core]: TFT (selection_score=1.125)
2026-09-03 21:11:11 | INFO     | energy_stress.model_evaluation | Best model [gas][macro]: TFT (selection_score=1.300)
2026-09-03 21:11:11 | INFO     | energy_stress.model_evaluation | Metrics table saved → outputs/tables/rolling/2011/model_metrics_comparison.csv
2026-09-03 21:11:11 | INFO     | energy_stress.fes | Best models selected:
2026-09-03 21:11:11 | INFO     | energy_stress.fes |   [carbon][core] → LSTM
2026-09-03 21:11:11 | INFO     | energy_stress.fes |   [carbon][macro] → LSTM
2026-09-03 21:11:11 | INFO     | energy_stress.fes |   [electricity][core] → TFT
2026-09-03 21:11:11 | INFO     | energy_stress.fes |   [electricity][macro] → Prophet
2026-09-03 21:11:11 | INFO     | energy_stress.fes |   [gas][core] → TFT
2026-09-03 21:11:11 | INFO     | energy_stress.fes |   [gas][macro] → TFT
2026-09-03 21:11:11 | INFO     | energy_stress.fes | Per-series mode selected for FES_selected (metric per series/mode: {('gas', 'core'): 'RMSE', ('gas', 'macro'): 'RMSE', ('electricity', 'core'): 'RMSE', ('electricity', 'macro'): 'RMSE', ('carbon', 'core'): 'RMSE', ('carbon', 'macro'): 'RMSE'}): {'gas': 'core', 'electricity': 'macro', 'carbon': 'macro'}
2026-09-03 21:11:11 | INFO     | energy_stress.fes | FES_Weighted series weights (inverse validation-RMSE, normalized to mean 1.0): {'gas': 1.0214693719827816, 'electricity': 1.7375862525661196, 'carbon': 0.24094437545109856}
2026-09-03 21:11:11 | INFO     | energy_stress.fes | [gas] train μ=13.6559, σ=19.8647 | unc_ref μ=11.3423, σ=7.1409
2026-09-03 21:11:11 | INFO     | energy_stress.fes | [electricity] train μ=9.2330, σ=12.1093 | unc_ref μ=6.8338, σ=3.8759
2026-09-03 21:11:11 | INFO     | energy_stress.fes | [carbon] train μ=-10.5999, σ=270.3214 | unc_ref μ=151.0712, σ=147.4975
2026-09-03 21:11:11 | INFO     | energy_stress.fes | [actual real-vol] train μ=0.5543, σ=0.2586
2026-09-03 21:11:11 | INFO     | energy_stress.fes | Monthly FES saved → outputs/fes/rolling/2011/fes_monthly_2012.csv
2026-09-03 21:11:11 | INFO     | energy_stress.fes | [gas] train μ=14.2857, σ=21.4648 | unc_ref μ=12.6399, σ=7.2689
2026-09-03 21:11:11 | INFO     | energy_stress.fes | [electricity] train μ=9.6494, σ=13.1127 | unc_ref μ=7.7289, σ=3.7366
2026-09-03 21:11:11 | INFO     | energy_stress.fes | [carbon] train μ=-9.8544, σ=298.0281 | unc_ref μ=183.2479, σ=146.3470
2026-09-03 21:11:11 | INFO     | energy_stress.fes | [actual real-vol] train μ=0.5668, σ=0.2165
2026-09-03 21:11:11 | INFO     | energy_stress.fes | FES_actual, prior year 2011 (baseline for FES_selected's 2012 forecast): mean=-1.87424 -> outputs/fes/rolling/2011/fes_prior_actual_2011.csv
2026-09-03 21:11:11 | INFO     | energy_stress.fes | FES comparison metrics saved → outputs/fes/rolling/2011/fes_comparison_metrics.csv  (12 rows)
2026-09-03 21:11:11 | INFO     | energy_stress.fes | Best RMSE per variant:
FES_variant
Equal_Core        2.96642
Equal_Macro       0.83417
Equal_Selected    1.29113
Equal_Weighted    0.95782
2026-09-03 21:11:11 | INFO     | energy_stress.forecast_pipeline | ========================================
2026-09-03 21:11:11 | INFO     | energy_stress.forecast_pipeline | STAGE 2: Rolling year as_of=2012 (split train<2012, test=2012, refit<=2012, forecast=2013)
2026-09-03 21:11:11 | INFO     | energy_stress.forecast_pipeline | ========================================
2026-09-03 21:11:11 | INFO     | energy_stress.preprocessing | Train: 68 rows (through 2011-12-01) | Test: 12 rows (2012-01-01..2012-12-01)
2026-09-03 21:11:12 | INFO     | energy_stress.forecast_pipeline | 
──────────────────────────────────────────────────
Series: GAS
──────────────────────────────────────────────────
2026-09-03 21:11:12 | INFO     | energy_stress.forecast_pipeline | [gas] train=68, test=12, full=80 (through 2012-12-01), actual_target=12 non-null (2013-01-01..2013-12-01)
2026-09-03 21:11:12 | INFO     | energy_stress.sarima | [SARIMA-CORE] Fitting on gas (train=68 obs)
2026-09-03 21:12:02 | INFO     | energy_stress.sarima | SARIMA best order: (2, 0, 0) × (2, 1, 0, 12)
2026-09-03 21:12:02 | INFO     | energy_stress.sarima | [SARIMA-CORE gas] validation: MAE=15.2024, RMSE=15.8892, MAPE=1976.25%
2026-09-03 21:12:02 | INFO     | energy_stress.sarima | [SARIMA-CORE] Forecast saved → outputs/forecasts_rolling/2012/gas_growth_pct_forecasts_sarima_core.csv
2026-09-03 21:12:02 | INFO     | energy_stress.sarima | [SARIMA-MACRO] Fitting on gas (train=68 obs)
2026-09-03 21:12:50 | INFO     | energy_stress.sarima | SARIMA best order: (2, 0, 0) × (2, 1, 0, 12)
2026-09-03 21:12:50 | INFO     | energy_stress.sarima | [SARIMA-MACRO] Using exogenous: ['inflation_growth_lag1', 'weather_volatility_lag1', 'gdp_growth_lag1', 'gas_futures_log_return_lag1', 'gas_futures_yoy_growth_lag1']
2026-09-03 21:12:51 | INFO     | energy_stress.sarima | [SARIMA-MACRO gas] validation: MAE=3.1320, RMSE=4.1694, MAPE=783.25%
2026-09-03 21:12:51 | INFO     | energy_stress.sarima | [SARIMA-MACRO] Forecast saved → outputs/forecasts_rolling/2012/gas_growth_pct_forecasts_sarima_macro.csv
2026-09-03 21:12:51 | INFO     | energy_stress.prophet | [Prophet-CORE] Fitting on gas (train=68 obs, regressors=False, cps=0.01, sps=10.0, reg_ps=n/a, seasonality=additive)
2026-09-03 21:12:52 | INFO     | energy_stress.prophet | [Prophet-CORE gas] validation: MAE=16.8009, RMSE=19.1214
2026-09-03 21:12:52 | INFO     | energy_stress.prophet | [Prophet-CORE] Forecast saved → outputs/forecasts_rolling/2012/gas_growth_pct_forecasts_prophet_core.csv
2026-09-03 21:12:52 | INFO     | energy_stress.prophet | [Prophet-MACRO] Fitting on gas (train=68 obs, regressors=True, cps=0.01, sps=10.0, reg_ps=0.5, seasonality=additive)
2026-09-03 21:12:52 | INFO     | energy_stress.prophet | [Prophet-MACRO gas] validation: MAE=9.0841, RMSE=10.9430
2026-09-03 21:12:52 | INFO     | energy_stress.prophet | [Prophet-MACRO] Forecast saved → outputs/forecasts_rolling/2012/gas_growth_pct_forecasts_prophet_macro.csv
2026-09-03 21:12:52 | INFO     | energy_stress.lstm | [LSTM-CORE] Training on gas | train=2006-05-01→2011-12-01 (68 obs), test=2012-01-01→2012-12-01 (12 obs), use_macro=False, lookback=12, dropout=0.2, lr=0.001, units=(128,64), macro_feature_set=lstm
2026-09-03 21:13:09 | INFO     | energy_stress.lstm | [LSTM-CORE gas] validation: MAE=5.8545, RMSE=7.5903
2026-09-03 21:13:50 | INFO     | energy_stress.lstm | [LSTM-CORE] Forecast saved → outputs/forecasts_rolling/2012/gas_growth_pct_forecasts_lstm_core.csv
2026-09-03 21:13:50 | INFO     | energy_stress.lstm | [LSTM-CORE] Model saved → outputs/models
2026-09-03 21:13:50 | INFO     | energy_stress.lstm | [LSTM-MACRO] Training on gas | train=2006-05-01→2011-12-01 (68 obs), test=2012-01-01→2012-12-01 (12 obs), use_macro=True, lookback=6, dropout=0.2, lr=0.001, units=(64,32), macro_feature_set=lstm
2026-09-03 21:14:10 | INFO     | energy_stress.lstm | [LSTM-MACRO gas] validation: MAE=4.6364, RMSE=6.1399
2026-09-03 21:14:55 | INFO     | energy_stress.lstm | [LSTM-MACRO] Forecast saved → outputs/forecasts_rolling/2012/gas_growth_pct_forecasts_lstm_macro.csv
2026-09-03 21:14:55 | INFO     | energy_stress.lstm | [LSTM-MACRO] Model saved → outputs/models
2026-09-03 21:14:55 | INFO     | energy_stress.tft | [TFT/pytorch-forecasting] Fitting gas (core)
2026-09-03 21:14:58 | INFO     | energy_stress.tft | [TFT gas] validation: MAE=8.7829, RMSE=9.5635
2026-09-03 21:15:01 | INFO     | energy_stress.tft | [TFT] Forecast saved → outputs/forecasts_rolling/2012/gas_growth_pct_forecasts_tft_core.csv
2026-09-03 21:15:01 | INFO     | energy_stress.tft | [TFT/pytorch-forecasting] Fitting gas (macro)
2026-09-03 21:15:06 | INFO     | energy_stress.tft | [TFT gas] validation: MAE=11.5574, RMSE=12.6693
2026-09-03 21:15:10 | INFO     | energy_stress.tft | [TFT] Forecast saved → outputs/forecasts_rolling/2012/gas_growth_pct_forecasts_tft_macro.csv
2026-09-03 21:15:10 | INFO     | energy_stress.forecast_pipeline | 
──────────────────────────────────────────────────
Series: ELECTRICITY
──────────────────────────────────────────────────
2026-09-03 21:15:10 | INFO     | energy_stress.forecast_pipeline | [electricity] train=68, test=12, full=80 (through 2012-12-01), actual_target=12 non-null (2013-01-01..2013-12-01)
2026-09-03 21:15:10 | INFO     | energy_stress.sarima | [SARIMA-CORE] Fitting on electricity (train=68 obs)
2026-09-03 21:16:27 | INFO     | energy_stress.sarima | SARIMA best order: (2, 0, 0) × (2, 1, 1, 12)
2026-09-03 21:16:27 | INFO     | energy_stress.sarima | [SARIMA-CORE electricity] validation: MAE=14.6086, RMSE=15.7626, MAPE=685.69%
2026-09-03 21:16:27 | INFO     | energy_stress.sarima | [SARIMA-CORE] Forecast saved → outputs/forecasts_rolling/2012/electricity_growth_pct_forecasts_sarima_core.csv
2026-09-03 21:16:27 | INFO     | energy_stress.sarima | [SARIMA-MACRO] Fitting on electricity (train=68 obs)
2026-09-03 21:17:42 | INFO     | energy_stress.sarima | SARIMA best order: (2, 0, 0) × (2, 1, 1, 12)
2026-09-03 21:17:42 | INFO     | energy_stress.sarima | [SARIMA-MACRO] Using exogenous: ['inflation_growth_lag1', 'weather_volatility_lag1', 'gdp_growth_lag1', 'gas_futures_log_return_lag1', 'gas_futures_yoy_growth_lag1', 'electricity_growth_lag12', 'post_2016_electricity_regime', 'gbp_eur_yoy_change_lag12']
2026-09-03 21:17:43 | INFO     | energy_stress.sarima | [SARIMA-MACRO electricity] validation: MAE=7.5627, RMSE=7.8799, MAPE=256.27%
2026-09-03 21:17:44 | INFO     | energy_stress.sarima | [SARIMA-MACRO] Forecast saved → outputs/forecasts_rolling/2012/electricity_growth_pct_forecasts_sarima_macro.csv
2026-09-03 21:17:44 | INFO     | energy_stress.prophet | [Prophet-CORE] Fitting on electricity (train=68 obs, regressors=False, cps=0.01, sps=10.0, reg_ps=n/a, seasonality=additive)
2026-09-03 21:17:44 | INFO     | energy_stress.prophet | [Prophet-CORE electricity] validation: MAE=10.1974, RMSE=11.5047
2026-09-03 21:17:44 | INFO     | energy_stress.prophet | [Prophet-CORE] Forecast saved → outputs/forecasts_rolling/2012/electricity_growth_pct_forecasts_prophet_core.csv
2026-09-03 21:17:44 | INFO     | energy_stress.prophet | [Prophet-MACRO] Fitting on electricity (train=68 obs, regressors=True, cps=0.01, sps=10.0, reg_ps=0.5, seasonality=additive)
2026-09-03 21:17:44 | INFO     | energy_stress.prophet | [Prophet-MACRO electricity] validation: MAE=5.4671, RMSE=6.1190
2026-09-03 21:17:45 | INFO     | energy_stress.prophet | [Prophet-MACRO] Forecast saved → outputs/forecasts_rolling/2012/electricity_growth_pct_forecasts_prophet_macro.csv
2026-09-03 21:17:45 | INFO     | energy_stress.lstm | [LSTM-CORE] Training on electricity | train=2006-05-01→2011-12-01 (68 obs), test=2012-01-01→2012-12-01 (12 obs), use_macro=False, lookback=6, dropout=0.2, lr=0.001, units=(64,32), macro_feature_set=lstm
2026-09-03 21:18:01 | INFO     | energy_stress.lstm | [LSTM-CORE electricity] validation: MAE=3.7293, RMSE=5.2326
2026-09-03 21:18:50 | INFO     | energy_stress.lstm | [LSTM-CORE] Forecast saved → outputs/forecasts_rolling/2012/electricity_growth_pct_forecasts_lstm_core.csv
2026-09-03 21:18:50 | INFO     | energy_stress.lstm | [LSTM-CORE] Model saved → outputs/models
2026-09-03 21:18:50 | INFO     | energy_stress.lstm | [LSTM-MACRO] Training on electricity | train=2006-05-01→2011-12-01 (68 obs), test=2012-01-01→2012-12-01 (12 obs), use_macro=True, lookback=3, dropout=0.1, lr=0.001, units=(64,32), macro_feature_set=lean
2026-09-03 21:19:01 | INFO     | energy_stress.lstm | [LSTM-MACRO electricity] validation: MAE=4.7291, RMSE=6.0055
2026-09-03 21:19:32 | INFO     | energy_stress.lstm | [LSTM-MACRO] Forecast saved → outputs/forecasts_rolling/2012/electricity_growth_pct_forecasts_lstm_macro.csv
2026-09-03 21:19:32 | INFO     | energy_stress.lstm | [LSTM-MACRO] Model saved → outputs/models
2026-09-03 21:19:32 | INFO     | energy_stress.tft | [TFT/pytorch-forecasting] Fitting electricity (core)
2026-09-03 21:19:35 | INFO     | energy_stress.tft | [TFT electricity] validation: MAE=3.6548, RMSE=4.0267
2026-09-03 21:19:38 | INFO     | energy_stress.tft | [TFT] Forecast saved → outputs/forecasts_rolling/2012/electricity_growth_pct_forecasts_tft_core.csv
2026-09-03 21:19:38 | INFO     | energy_stress.tft | [TFT/pytorch-forecasting] Fitting electricity (macro)
2026-09-03 21:19:44 | INFO     | energy_stress.tft | [TFT electricity] validation: MAE=3.7643, RMSE=4.9313
2026-09-03 21:19:50 | INFO     | energy_stress.tft | [TFT] Forecast saved → outputs/forecasts_rolling/2012/electricity_growth_pct_forecasts_tft_macro.csv
2026-09-03 21:19:50 | INFO     | energy_stress.forecast_pipeline | 
──────────────────────────────────────────────────
Series: CARBON
──────────────────────────────────────────────────
2026-09-03 21:19:50 | INFO     | energy_stress.forecast_pipeline | [carbon] train=68, test=12, full=80 (through 2012-12-01), actual_target=12 non-null (2013-01-01..2013-12-01)
2026-09-03 21:19:50 | INFO     | energy_stress.sarima | [SARIMA-CORE] Fitting on carbon (train=68 obs)
2026-09-03 21:22:04 | INFO     | energy_stress.sarima | SARIMA best order: (1, 0, 0) × (2, 1, 0, 12)
2026-09-03 21:22:04 | INFO     | energy_stress.sarima | [SARIMA-CORE carbon] validation: MAE=24.0322, RMSE=30.1215, MAPE=74.60%
2026-09-03 21:22:05 | INFO     | energy_stress.sarima | [SARIMA-CORE] Forecast saved → outputs/forecasts_rolling/2012/carbon_growth_pct_forecasts_sarima_core.csv
2026-09-03 21:22:05 | INFO     | energy_stress.sarima | [SARIMA-MACRO] Fitting on carbon (train=68 obs)
2026-09-03 21:23:49 | INFO     | energy_stress.sarima | SARIMA best order: (1, 0, 0) × (2, 1, 0, 12)
2026-09-03 21:23:49 | INFO     | energy_stress.sarima | [SARIMA-MACRO] Using exogenous: ['inflation_growth_lag1', 'weather_volatility_lag1', 'gdp_growth_lag1']
2026-09-03 21:23:50 | INFO     | energy_stress.sarima | [SARIMA-MACRO carbon] validation: MAE=36.5616, RMSE=45.2002, MAPE=64.67%
2026-09-03 21:23:50 | INFO     | energy_stress.sarima | [SARIMA-MACRO] Forecast saved → outputs/forecasts_rolling/2012/carbon_growth_pct_forecasts_sarima_macro.csv
2026-09-03 21:23:50 | INFO     | energy_stress.prophet | [Prophet-CORE] Fitting on carbon (train=68 obs, regressors=False, cps=0.01, sps=10.0, reg_ps=n/a, seasonality=additive)
2026-09-03 21:23:51 | INFO     | energy_stress.prophet | [Prophet-CORE carbon] validation: MAE=122.8764, RMSE=142.0329
2026-09-03 21:23:51 | INFO     | energy_stress.prophet | [Prophet-CORE] Forecast saved → outputs/forecasts_rolling/2012/carbon_growth_pct_forecasts_prophet_core.csv
2026-09-03 21:23:51 | INFO     | energy_stress.prophet | [Prophet-MACRO] Fitting on carbon (train=68 obs, regressors=True, cps=0.01, sps=10.0, reg_ps=0.1, seasonality=additive)
2026-09-03 21:23:51 | INFO     | energy_stress.prophet | [Prophet-MACRO carbon] validation: MAE=141.4124, RMSE=170.1098
2026-09-03 21:23:51 | INFO     | energy_stress.prophet | [Prophet-MACRO] Forecast saved → outputs/forecasts_rolling/2012/carbon_growth_pct_forecasts_prophet_macro.csv
2026-09-03 21:23:51 | INFO     | energy_stress.lstm | [LSTM-CORE] Training on carbon | train=2006-05-01→2011-12-01 (68 obs), test=2012-01-01→2012-12-01 (12 obs), use_macro=False, lookback=12, dropout=0.2, lr=0.001, units=(128,64), macro_feature_set=lstm
2026-09-03 21:25:00 | INFO     | energy_stress.lstm | [LSTM-CORE carbon] validation: MAE=18.4588, RMSE=21.9241
2026-09-03 21:26:52 | INFO     | energy_stress.lstm | [LSTM-CORE] Forecast saved → outputs/forecasts_rolling/2012/carbon_growth_pct_forecasts_lstm_core.csv
2026-09-03 21:26:52 | INFO     | energy_stress.lstm | [LSTM-CORE] Model saved → outputs/models
2026-09-03 21:26:52 | INFO     | energy_stress.lstm | [LSTM-MACRO] Training on carbon | train=2006-05-01→2011-12-01 (68 obs), test=2012-01-01→2012-12-01 (12 obs), use_macro=True, lookback=12, dropout=0.2, lr=0.001, units=(128,64), macro_feature_set=lstm
2026-09-03 21:27:39 | INFO     | energy_stress.lstm | [LSTM-MACRO carbon] validation: MAE=18.1298, RMSE=23.1646
2026-09-03 21:35:15 | INFO     | energy_stress.lstm | [LSTM-MACRO] Forecast saved → outputs/forecasts_rolling/2012/carbon_growth_pct_forecasts_lstm_macro.csv
2026-09-03 21:35:15 | INFO     | energy_stress.lstm | [LSTM-MACRO] Model saved → outputs/models
2026-09-03 21:35:15 | INFO     | energy_stress.tft | [TFT/pytorch-forecasting] Fitting carbon (core)
2026-09-03 21:35:19 | INFO     | energy_stress.tft | [TFT carbon] validation: MAE=51.9835, RMSE=57.0576
2026-09-03 21:35:22 | INFO     | energy_stress.tft | [TFT] Forecast saved → outputs/forecasts_rolling/2012/carbon_growth_pct_forecasts_tft_core.csv
2026-09-03 21:35:22 | INFO     | energy_stress.tft | [TFT/pytorch-forecasting] Fitting carbon (macro)
2026-09-03 21:35:28 | INFO     | energy_stress.tft | [TFT carbon] validation: MAE=51.2000, RMSE=55.9090
2026-09-03 21:35:32 | INFO     | energy_stress.tft | [TFT] Forecast saved → outputs/forecasts_rolling/2012/carbon_growth_pct_forecasts_tft_macro.csv
2026-09-03 21:35:32 | DEBUG    | energy_stress.model_evaluation | Loaded outputs/forecasts_rolling/2012/gas_growth_pct_forecasts_sarima_core.csv (12 rows)
2026-09-03 21:35:32 | DEBUG    | energy_stress.model_evaluation | Loaded outputs/forecasts_rolling/2012/gas_growth_pct_forecasts_sarima_macro.csv (12 rows)
2026-09-03 21:35:32 | DEBUG    | energy_stress.model_evaluation | Loaded outputs/forecasts_rolling/2012/gas_growth_pct_forecasts_prophet_core.csv (12 rows)
2026-09-03 21:35:32 | DEBUG    | energy_stress.model_evaluation | Loaded outputs/forecasts_rolling/2012/gas_growth_pct_forecasts_prophet_macro.csv (12 rows)
2026-09-03 21:35:32 | DEBUG    | energy_stress.model_evaluation | Loaded outputs/forecasts_rolling/2012/gas_growth_pct_forecasts_lstm_core.csv (12 rows)
2026-09-03 21:35:32 | DEBUG    | energy_stress.model_evaluation | Loaded outputs/forecasts_rolling/2012/gas_growth_pct_forecasts_lstm_macro.csv (12 rows)
2026-09-03 21:35:32 | DEBUG    | energy_stress.model_evaluation | Loaded outputs/forecasts_rolling/2012/gas_growth_pct_forecasts_tft_core.csv (12 rows)
2026-09-03 21:35:33 | DEBUG    | energy_stress.model_evaluation | Loaded outputs/forecasts_rolling/2012/gas_growth_pct_forecasts_tft_macro.csv (12 rows)
2026-09-03 21:35:33 | INFO     | energy_stress.model_evaluation | Combined forecasts (96 rows) → outputs/forecasts_rolling/2012/gas_growth_pct_forecasts_all.csv
2026-09-03 21:35:33 | INFO     | energy_stress.model_evaluation |   core combined → outputs/forecasts_rolling/2012/gas_growth_pct_forecasts_core.csv
2026-09-03 21:35:33 | INFO     | energy_stress.model_evaluation |   macro combined → outputs/forecasts_rolling/2012/gas_growth_pct_forecasts_macro.csv
2026-09-03 21:35:33 | DEBUG    | energy_stress.model_evaluation | Loaded outputs/forecasts_rolling/2012/electricity_growth_pct_forecasts_sarima_core.csv (12 rows)
2026-09-03 21:35:33 | DEBUG    | energy_stress.model_evaluation | Loaded outputs/forecasts_rolling/2012/electricity_growth_pct_forecasts_sarima_macro.csv (12 rows)
2026-09-03 21:35:33 | DEBUG    | energy_stress.model_evaluation | Loaded outputs/forecasts_rolling/2012/electricity_growth_pct_forecasts_prophet_core.csv (12 rows)
2026-09-03 21:35:33 | DEBUG    | energy_stress.model_evaluation | Loaded outputs/forecasts_rolling/2012/electricity_growth_pct_forecasts_prophet_macro.csv (12 rows)
2026-09-03 21:35:33 | DEBUG    | energy_stress.model_evaluation | Loaded outputs/forecasts_rolling/2012/electricity_growth_pct_forecasts_lstm_core.csv (12 rows)
2026-09-03 21:35:33 | DEBUG    | energy_stress.model_evaluation | Loaded outputs/forecasts_rolling/2012/electricity_growth_pct_forecasts_lstm_macro.csv (12 rows)
2026-09-03 21:35:33 | DEBUG    | energy_stress.model_evaluation | Loaded outputs/forecasts_rolling/2012/electricity_growth_pct_forecasts_tft_core.csv (12 rows)
2026-09-03 21:35:33 | DEBUG    | energy_stress.model_evaluation | Loaded outputs/forecasts_rolling/2012/electricity_growth_pct_forecasts_tft_macro.csv (12 rows)
2026-09-03 21:35:33 | INFO     | energy_stress.model_evaluation | Combined forecasts (96 rows) → outputs/forecasts_rolling/2012/electricity_growth_pct_forecasts_all.csv
2026-09-03 21:35:33 | INFO     | energy_stress.model_evaluation |   core combined → outputs/forecasts_rolling/2012/electricity_growth_pct_forecasts_core.csv
2026-09-03 21:35:33 | INFO     | energy_stress.model_evaluation |   macro combined → outputs/forecasts_rolling/2012/electricity_growth_pct_forecasts_macro.csv
2026-09-03 21:35:33 | DEBUG    | energy_stress.model_evaluation | Loaded outputs/forecasts_rolling/2012/carbon_growth_pct_forecasts_sarima_core.csv (12 rows)
2026-09-03 21:35:33 | DEBUG    | energy_stress.model_evaluation | Loaded outputs/forecasts_rolling/2012/carbon_growth_pct_forecasts_sarima_macro.csv (12 rows)
2026-09-03 21:35:33 | DEBUG    | energy_stress.model_evaluation | Loaded outputs/forecasts_rolling/2012/carbon_growth_pct_forecasts_prophet_core.csv (12 rows)
2026-09-03 21:35:33 | DEBUG    | energy_stress.model_evaluation | Loaded outputs/forecasts_rolling/2012/carbon_growth_pct_forecasts_prophet_macro.csv (12 rows)
2026-09-03 21:35:33 | DEBUG    | energy_stress.model_evaluation | Loaded outputs/forecasts_rolling/2012/carbon_growth_pct_forecasts_lstm_core.csv (12 rows)
2026-09-03 21:35:33 | DEBUG    | energy_stress.model_evaluation | Loaded outputs/forecasts_rolling/2012/carbon_growth_pct_forecasts_lstm_macro.csv (12 rows)
2026-09-03 21:35:33 | DEBUG    | energy_stress.model_evaluation | Loaded outputs/forecasts_rolling/2012/carbon_growth_pct_forecasts_tft_core.csv (12 rows)
2026-09-03 21:35:33 | DEBUG    | energy_stress.model_evaluation | Loaded outputs/forecasts_rolling/2012/carbon_growth_pct_forecasts_tft_macro.csv (12 rows)
2026-09-03 21:35:33 | INFO     | energy_stress.model_evaluation | Combined forecasts (96 rows) → outputs/forecasts_rolling/2012/carbon_growth_pct_forecasts_all.csv
2026-09-03 21:35:33 | INFO     | energy_stress.model_evaluation |   core combined → outputs/forecasts_rolling/2012/carbon_growth_pct_forecasts_core.csv
2026-09-03 21:35:33 | INFO     | energy_stress.model_evaluation |   macro combined → outputs/forecasts_rolling/2012/carbon_growth_pct_forecasts_macro.csv
2026-09-03 21:35:33 | INFO     | energy_stress.model_evaluation | Evaluating 24 model results across all series and modes
2026-09-03 21:35:33 | INFO     | energy_stress.model_evaluation | Best model [carbon][core]: LSTM (selection_score=1.500)
2026-09-03 21:35:33 | INFO     | energy_stress.model_evaluation | Best model [carbon][macro]: LSTM (selection_score=1.250)
2026-09-03 21:35:33 | INFO     | energy_stress.model_evaluation | Best model [electricity][core]: TFT (selection_score=1.350)
2026-09-03 21:35:33 | INFO     | energy_stress.model_evaluation | Best model [electricity][macro]: TFT (selection_score=1.150)
2026-09-03 21:35:33 | INFO     | energy_stress.model_evaluation | Best model [gas][core]: LSTM (selection_score=1.450)
2026-09-03 21:35:33 | INFO     | energy_stress.model_evaluation | Best model [gas][macro]: SARIMA (selection_score=1.050)
2026-09-03 21:35:33 | INFO     | energy_stress.model_evaluation | Metrics table saved → outputs/tables/rolling/2012/model_metrics_comparison.csv
2026-09-03 21:35:33 | INFO     | energy_stress.fes | Best models selected:
2026-09-03 21:35:33 | INFO     | energy_stress.fes |   [carbon][core] → LSTM
2026-09-03 21:35:33 | INFO     | energy_stress.fes |   [carbon][macro] → LSTM
2026-09-03 21:35:33 | INFO     | energy_stress.fes |   [electricity][core] → TFT
2026-09-03 21:35:33 | INFO     | energy_stress.fes |   [electricity][macro] → TFT
2026-09-03 21:35:33 | INFO     | energy_stress.fes |   [gas][core] → LSTM
2026-09-03 21:35:33 | INFO     | energy_stress.fes |   [gas][macro] → SARIMA
2026-09-03 21:35:33 | INFO     | energy_stress.fes | Per-series mode selected for FES_selected (metric per series/mode: {('gas', 'core'): 'RMSE', ('gas', 'macro'): 'RMSE', ('electricity', 'core'): 'RMSE', ('electricity', 'macro'): 'RMSE', ('carbon', 'core'): 'RMSE', ('carbon', 'macro'): 'RMSE'}): {'gas': 'macro', 'electricity': 'core', 'carbon': 'core'}
2026-09-03 21:35:33 | INFO     | energy_stress.fes | FES_Weighted series weights (inverse validation-RMSE, normalized to mean 1.0): {'gas': 1.347945242618925, 'electricity': 1.3957110938975428, 'carbon': 0.25634366348353294}
2026-09-03 21:35:33 | INFO     | energy_stress.fes | [gas] train μ=13.2850, σ=18.5371 | unc_ref μ=10.6224, σ=6.7694
2026-09-03 21:35:33 | INFO     | energy_stress.fes | [electricity] train μ=8.7305, σ=11.3611 | unc_ref μ=6.4623, σ=3.6601
2026-09-03 21:35:33 | INFO     | energy_stress.fes | [carbon] train μ=-16.8918, σ=249.6149 | unc_ref μ=131.1555, σ=142.6232
2026-09-03 21:35:33 | INFO     | energy_stress.fes | [actual real-vol] train μ=0.5386, σ=0.2941
2026-09-03 21:35:33 | INFO     | energy_stress.fes | Monthly FES saved → outputs/fes/rolling/2012/fes_monthly_2013.csv
2026-09-03 21:35:33 | INFO     | energy_stress.fes | [gas] train μ=13.6559, σ=19.8647 | unc_ref μ=11.3423, σ=7.1409
2026-09-03 21:35:33 | INFO     | energy_stress.fes | [electricity] train μ=9.2330, σ=12.1093 | unc_ref μ=6.8338, σ=3.8759
2026-09-03 21:35:33 | INFO     | energy_stress.fes | [carbon] train μ=-10.5999, σ=270.3214 | unc_ref μ=151.0712, σ=147.4975
2026-09-03 21:35:33 | INFO     | energy_stress.fes | [actual real-vol] train μ=0.5543, σ=0.2586
2026-09-03 21:35:33 | INFO     | energy_stress.fes | FES_actual, prior year 2012 (baseline for FES_selected's 2013 forecast): mean=-1.91036 -> outputs/fes/rolling/2012/fes_prior_actual_2012.csv
2026-09-03 21:35:33 | INFO     | energy_stress.fes | FES comparison metrics saved → outputs/fes/rolling/2012/fes_comparison_metrics.csv  (12 rows)
2026-09-03 21:35:33 | INFO     | energy_stress.fes | Best RMSE per variant:
FES_variant
Equal_Core        1.59917
Equal_Macro       1.65362
Equal_Selected    2.18632
Equal_Weighted    1.98868
2026-09-03 21:35:33 | INFO     | energy_stress.forecast_pipeline | ========================================
2026-09-03 21:35:33 | INFO     | energy_stress.forecast_pipeline | STAGE 2: Rolling year as_of=2013 (split train<2013, test=2013, refit<=2013, forecast=2014)
2026-09-03 21:35:33 | INFO     | energy_stress.forecast_pipeline | ========================================
2026-09-03 21:35:33 | INFO     | energy_stress.preprocessing | Train: 80 rows (through 2012-12-01) | Test: 12 rows (2013-01-01..2013-12-01)
2026-09-03 21:35:33 | INFO     | energy_stress.forecast_pipeline | 
──────────────────────────────────────────────────
Series: GAS
──────────────────────────────────────────────────
2026-09-03 21:35:33 | INFO     | energy_stress.forecast_pipeline | [gas] train=80, test=12, full=92 (through 2013-12-01), actual_target=12 non-null (2014-01-01..2014-12-01)
2026-09-03 21:35:33 | INFO     | energy_stress.sarima | [SARIMA-CORE] Fitting on gas (train=80 obs)
2026-09-03 21:38:57 | INFO     | energy_stress.sarima | SARIMA best order: (2, 0, 0) × (2, 1, 1, 12)
2026-09-03 21:38:57 | INFO     | energy_stress.sarima | [SARIMA-CORE gas] validation: MAE=2.1044, RMSE=2.6455, MAPE=27.26%
2026-09-03 21:38:58 | INFO     | energy_stress.sarima | [SARIMA-CORE] Forecast saved → outputs/forecasts_rolling/2013/gas_growth_pct_forecasts_sarima_core.csv
2026-09-03 21:38:58 | INFO     | energy_stress.sarima | [SARIMA-MACRO] Fitting on gas (train=80 obs)
2026-09-03 21:42:17 | INFO     | energy_stress.sarima | SARIMA best order: (2, 0, 0) × (2, 1, 1, 12)
2026-09-03 21:42:17 | INFO     | energy_stress.sarima | [SARIMA-MACRO] Using exogenous: ['inflation_growth_lag1', 'weather_volatility_lag1', 'gdp_growth_lag1', 'gas_futures_log_return_lag1', 'gas_futures_yoy_growth_lag1']
2026-09-03 21:42:18 | INFO     | energy_stress.sarima | [SARIMA-MACRO gas] validation: MAE=1.6147, RMSE=1.9169, MAPE=20.96%
2026-09-03 21:42:19 | INFO     | energy_stress.sarima | [SARIMA-MACRO] Forecast saved → outputs/forecasts_rolling/2013/gas_growth_pct_forecasts_sarima_macro.csv
2026-09-03 21:42:19 | INFO     | energy_stress.prophet | [Prophet-CORE] Fitting on gas (train=80 obs, regressors=False, cps=0.01, sps=10.0, reg_ps=n/a, seasonality=additive)
2026-09-03 21:42:20 | INFO     | energy_stress.prophet | [Prophet-CORE gas] validation: MAE=7.7234, RMSE=7.7920
2026-09-03 21:42:20 | INFO     | energy_stress.prophet | [Prophet-CORE] Forecast saved → outputs/forecasts_rolling/2013/gas_growth_pct_forecasts_prophet_core.csv
2026-09-03 21:42:20 | INFO     | energy_stress.prophet | [Prophet-MACRO] Fitting on gas (train=80 obs, regressors=True, cps=0.01, sps=10.0, reg_ps=0.5, seasonality=additive)
2026-09-03 21:42:20 | INFO     | energy_stress.prophet | [Prophet-MACRO gas] validation: MAE=3.1132, RMSE=4.8348
2026-09-03 21:42:21 | INFO     | energy_stress.prophet | [Prophet-MACRO] Forecast saved → outputs/forecasts_rolling/2013/gas_growth_pct_forecasts_prophet_macro.csv
2026-09-03 21:42:21 | INFO     | energy_stress.lstm | [LSTM-CORE] Training on gas | train=2006-05-01→2012-12-01 (80 obs), test=2013-01-01→2013-12-01 (12 obs), use_macro=False, lookback=12, dropout=0.2, lr=0.001, units=(128,64), macro_feature_set=lstm
2026-09-03 21:45:06 | INFO     | energy_stress.lstm | [LSTM-CORE gas] validation: MAE=1.2026, RMSE=1.2804
2026-09-03 21:52:11 | INFO     | energy_stress.lstm | [LSTM-CORE] Forecast saved → outputs/forecasts_rolling/2013/gas_growth_pct_forecasts_lstm_core.csv
2026-09-03 21:52:11 | INFO     | energy_stress.lstm | [LSTM-CORE] Model saved → outputs/models
2026-09-03 21:52:11 | INFO     | energy_stress.lstm | [LSTM-MACRO] Training on gas | train=2006-05-01→2012-12-01 (80 obs), test=2013-01-01→2013-12-01 (12 obs), use_macro=True, lookback=6, dropout=0.2, lr=0.001, units=(64,32), macro_feature_set=lstm
2026-09-03 21:54:20 | INFO     | energy_stress.lstm | [LSTM-MACRO gas] validation: MAE=4.3942, RMSE=4.8468
2026-09-03 21:56:12 | INFO     | energy_stress.lstm | [LSTM-MACRO] Forecast saved → outputs/forecasts_rolling/2013/gas_growth_pct_forecasts_lstm_macro.csv
2026-09-03 21:56:12 | INFO     | energy_stress.lstm | [LSTM-MACRO] Model saved → outputs/models
2026-09-03 21:56:12 | INFO     | energy_stress.tft | [TFT/pytorch-forecasting] Fitting gas (core)
2026-09-03 21:56:15 | INFO     | energy_stress.tft | [TFT gas] validation: MAE=3.5009, RMSE=4.5157
2026-09-03 21:56:21 | INFO     | energy_stress.tft | [TFT] Forecast saved → outputs/forecasts_rolling/2013/gas_growth_pct_forecasts_tft_core.csv
2026-09-03 21:56:21 | INFO     | energy_stress.tft | [TFT/pytorch-forecasting] Fitting gas (macro)
2026-09-03 21:56:25 | INFO     | energy_stress.tft | [TFT gas] validation: MAE=8.7107, RMSE=8.8264
2026-09-03 21:56:32 | INFO     | energy_stress.tft | [TFT] Forecast saved → outputs/forecasts_rolling/2013/gas_growth_pct_forecasts_tft_macro.csv
2026-09-03 21:56:32 | INFO     | energy_stress.forecast_pipeline | 
──────────────────────────────────────────────────
Series: ELECTRICITY
──────────────────────────────────────────────────
2026-09-03 21:56:32 | INFO     | energy_stress.forecast_pipeline | [electricity] train=80, test=12, full=92 (through 2013-12-01), actual_target=12 non-null (2014-01-01..2014-12-01)
2026-09-03 21:56:32 | INFO     | energy_stress.sarima | [SARIMA-CORE] Fitting on electricity (train=80 obs)
2026-09-03 21:59:21 | INFO     | energy_stress.sarima | SARIMA best order: (2, 0, 0) × (2, 1, 1, 12)
2026-09-03 21:59:21 | INFO     | energy_stress.sarima | [SARIMA-CORE electricity] validation: MAE=3.1384, RMSE=3.5780, MAPE=42.45%
2026-09-03 21:59:22 | INFO     | energy_stress.sarima | [SARIMA-CORE] Forecast saved → outputs/forecasts_rolling/2013/electricity_growth_pct_forecasts_sarima_core.csv
2026-09-03 21:59:22 | INFO     | energy_stress.sarima | [SARIMA-MACRO] Fitting on electricity (train=80 obs)
2026-09-03 22:02:04 | INFO     | energy_stress.sarima | SARIMA best order: (2, 0, 0) × (2, 1, 1, 12)
2026-09-03 22:02:05 | INFO     | energy_stress.sarima | [SARIMA-MACRO] Using exogenous: ['inflation_growth_lag1', 'weather_volatility_lag1', 'gdp_growth_lag1', 'gas_futures_log_return_lag1', 'gas_futures_yoy_growth_lag1', 'electricity_growth_lag12', 'post_2016_electricity_regime', 'gbp_eur_yoy_change_lag12']
2026-09-03 22:02:06 | INFO     | energy_stress.sarima | [SARIMA-MACRO electricity] validation: MAE=2.3724, RMSE=2.5814, MAPE=32.50%
2026-09-03 22:02:07 | INFO     | energy_stress.sarima | [SARIMA-MACRO] Forecast saved → outputs/forecasts_rolling/2013/electricity_growth_pct_forecasts_sarima_macro.csv
2026-09-03 22:02:07 | INFO     | energy_stress.prophet | [Prophet-CORE] Fitting on electricity (train=80 obs, regressors=False, cps=0.01, sps=10.0, reg_ps=n/a, seasonality=additive)
2026-09-03 22:02:07 | INFO     | energy_stress.prophet | [Prophet-CORE electricity] validation: MAE=8.7624, RMSE=9.1112
2026-09-03 22:02:07 | INFO     | energy_stress.prophet | [Prophet-CORE] Forecast saved → outputs/forecasts_rolling/2013/electricity_growth_pct_forecasts_prophet_core.csv
2026-09-03 22:02:07 | INFO     | energy_stress.prophet | [Prophet-MACRO] Fitting on electricity (train=80 obs, regressors=True, cps=0.01, sps=10.0, reg_ps=0.5, seasonality=additive)
2026-09-03 22:02:08 | INFO     | energy_stress.prophet | [Prophet-MACRO electricity] validation: MAE=9.8836, RMSE=10.4567
2026-09-03 22:02:08 | INFO     | energy_stress.prophet | [Prophet-MACRO] Forecast saved → outputs/forecasts_rolling/2013/electricity_growth_pct_forecasts_prophet_macro.csv
2026-09-03 22:02:08 | INFO     | energy_stress.lstm | [LSTM-CORE] Training on electricity | train=2006-05-01→2012-12-01 (80 obs), test=2013-01-01→2013-12-01 (12 obs), use_macro=False, lookback=6, dropout=0.2, lr=0.001, units=(64,32), macro_feature_set=lstm
2026-09-03 22:02:40 | INFO     | energy_stress.lstm | [LSTM-CORE electricity] validation: MAE=2.9264, RMSE=3.0665
2026-09-03 22:04:18 | INFO     | energy_stress.lstm | [LSTM-CORE] Forecast saved → outputs/forecasts_rolling/2013/electricity_growth_pct_forecasts_lstm_core.csv
2026-09-03 22:04:18 | INFO     | energy_stress.lstm | [LSTM-CORE] Model saved → outputs/models
2026-09-03 22:04:18 | INFO     | energy_stress.lstm | [LSTM-MACRO] Training on electricity | train=2006-05-01→2012-12-01 (80 obs), test=2013-01-01→2013-12-01 (12 obs), use_macro=True, lookback=3, dropout=0.1, lr=0.001, units=(64,32), macro_feature_set=lean
2026-09-03 22:05:34 | INFO     | energy_stress.lstm | [LSTM-MACRO electricity] validation: MAE=2.9925, RMSE=3.1901
2026-09-03 22:09:12 | INFO     | energy_stress.lstm | [LSTM-MACRO] Forecast saved → outputs/forecasts_rolling/2013/electricity_growth_pct_forecasts_lstm_macro.csv
2026-09-03 22:09:12 | INFO     | energy_stress.lstm | [LSTM-MACRO] Model saved → outputs/models
2026-09-03 22:09:12 | INFO     | energy_stress.tft | [TFT/pytorch-forecasting] Fitting electricity (core)
2026-09-03 22:09:16 | INFO     | energy_stress.tft | [TFT electricity] validation: MAE=2.9766, RMSE=3.0917
2026-09-03 22:09:21 | INFO     | energy_stress.tft | [TFT] Forecast saved → outputs/forecasts_rolling/2013/electricity_growth_pct_forecasts_tft_core.csv
2026-09-03 22:09:21 | INFO     | energy_stress.tft | [TFT/pytorch-forecasting] Fitting electricity (macro)
2026-09-03 22:09:26 | INFO     | energy_stress.tft | [TFT electricity] validation: MAE=6.0863, RMSE=6.2159
2026-09-03 22:09:35 | INFO     | energy_stress.tft | [TFT] Forecast saved → outputs/forecasts_rolling/2013/electricity_growth_pct_forecasts_tft_macro.csv
2026-09-03 22:09:35 | INFO     | energy_stress.forecast_pipeline | 
──────────────────────────────────────────────────
Series: CARBON
──────────────────────────────────────────────────
2026-09-03 22:09:35 | INFO     | energy_stress.forecast_pipeline | [carbon] train=80, test=12, full=92 (through 2013-12-01), actual_target=12 non-null (2014-01-01..2014-12-01)
2026-09-03 22:09:35 | INFO     | energy_stress.sarima | [SARIMA-CORE] Fitting on carbon (train=80 obs)
2026-09-03 22:10:53 | INFO     | energy_stress.sarima | SARIMA best order: (1, 0, 0) × (2, 1, 0, 12)
2026-09-03 22:10:53 | INFO     | energy_stress.sarima | [SARIMA-CORE carbon] validation: MAE=38.3498, RMSE=44.7848, MAPE=64.90%
2026-09-03 22:10:54 | INFO     | energy_stress.sarima | [SARIMA-CORE] Forecast saved → outputs/forecasts_rolling/2013/carbon_growth_pct_forecasts_sarima_core.csv
2026-09-03 22:10:54 | INFO     | energy_stress.sarima | [SARIMA-MACRO] Fitting on carbon (train=80 obs)
2026-09-03 22:11:57 | INFO     | energy_stress.sarima | SARIMA best order: (1, 0, 0) × (2, 1, 0, 12)
2026-09-03 22:11:57 | INFO     | energy_stress.sarima | [SARIMA-MACRO] Using exogenous: ['inflation_growth_lag1', 'weather_volatility_lag1', 'gdp_growth_lag1']
2026-09-03 22:11:58 | INFO     | energy_stress.sarima | [SARIMA-MACRO carbon] validation: MAE=43.0679, RMSE=48.4024, MAPE=74.52%
2026-09-03 22:11:59 | INFO     | energy_stress.sarima | [SARIMA-MACRO] Forecast saved → outputs/forecasts_rolling/2013/carbon_growth_pct_forecasts_sarima_macro.csv
2026-09-03 22:11:59 | INFO     | energy_stress.prophet | [Prophet-CORE] Fitting on carbon (train=80 obs, regressors=False, cps=0.01, sps=10.0, reg_ps=n/a, seasonality=additive)
2026-09-03 22:11:59 | INFO     | energy_stress.prophet | [Prophet-CORE carbon] validation: MAE=44.5894, RMSE=49.8909
2026-09-03 22:11:59 | INFO     | energy_stress.prophet | [Prophet-CORE] Forecast saved → outputs/forecasts_rolling/2013/carbon_growth_pct_forecasts_prophet_core.csv
2026-09-03 22:11:59 | INFO     | energy_stress.prophet | [Prophet-MACRO] Fitting on carbon (train=80 obs, regressors=True, cps=0.01, sps=10.0, reg_ps=0.1, seasonality=additive)
2026-09-03 22:11:59 | INFO     | energy_stress.prophet | [Prophet-MACRO carbon] validation: MAE=56.1550, RMSE=61.7601
2026-09-03 22:12:00 | INFO     | energy_stress.prophet | [Prophet-MACRO] Forecast saved → outputs/forecasts_rolling/2013/carbon_growth_pct_forecasts_prophet_macro.csv
2026-09-03 22:12:00 | INFO     | energy_stress.lstm | [LSTM-CORE] Training on carbon | train=2006-05-01→2012-12-01 (80 obs), test=2013-01-01→2013-12-01 (12 obs), use_macro=False, lookback=12, dropout=0.2, lr=0.001, units=(128,64), macro_feature_set=lstm
2026-09-03 22:12:27 | INFO     | energy_stress.lstm | [LSTM-CORE carbon] validation: MAE=25.2240, RMSE=30.9796
2026-09-03 22:13:40 | INFO     | energy_stress.lstm | [LSTM-CORE] Forecast saved → outputs/forecasts_rolling/2013/carbon_growth_pct_forecasts_lstm_core.csv
2026-09-03 22:13:40 | INFO     | energy_stress.lstm | [LSTM-CORE] Model saved → outputs/models
2026-09-03 22:13:40 | INFO     | energy_stress.lstm | [LSTM-MACRO] Training on carbon | train=2006-05-01→2012-12-01 (80 obs), test=2013-01-01→2013-12-01 (12 obs), use_macro=True, lookback=12, dropout=0.2, lr=0.001, units=(128,64), macro_feature_set=lstm
2026-09-03 22:14:07 | INFO     | energy_stress.lstm | [LSTM-MACRO carbon] validation: MAE=32.6871, RMSE=42.9677
2026-09-03 22:15:41 | INFO     | energy_stress.lstm | [LSTM-MACRO] Forecast saved → outputs/forecasts_rolling/2013/carbon_growth_pct_forecasts_lstm_macro.csv
2026-09-03 22:15:41 | INFO     | energy_stress.lstm | [LSTM-MACRO] Model saved → outputs/models
2026-09-03 22:15:41 | INFO     | energy_stress.tft | [TFT/pytorch-forecasting] Fitting carbon (core)
2026-09-03 22:15:44 | INFO     | energy_stress.tft | [TFT carbon] validation: MAE=51.5550, RMSE=53.8874
2026-09-03 22:15:49 | INFO     | energy_stress.tft | [TFT] Forecast saved → outputs/forecasts_rolling/2013/carbon_growth_pct_forecasts_tft_core.csv
2026-09-03 22:15:49 | INFO     | energy_stress.tft | [TFT/pytorch-forecasting] Fitting carbon (macro)
2026-09-03 22:15:53 | INFO     | energy_stress.tft | [TFT carbon] validation: MAE=43.1226, RMSE=50.0317
2026-09-03 22:16:00 | INFO     | energy_stress.tft | [TFT] Forecast saved → outputs/forecasts_rolling/2013/carbon_growth_pct_forecasts_tft_macro.csv
2026-09-03 22:16:01 | DEBUG    | energy_stress.model_evaluation | Loaded outputs/forecasts_rolling/2013/gas_growth_pct_forecasts_sarima_core.csv (12 rows)
2026-09-03 22:16:01 | DEBUG    | energy_stress.model_evaluation | Loaded outputs/forecasts_rolling/2013/gas_growth_pct_forecasts_sarima_macro.csv (12 rows)
2026-09-03 22:16:01 | DEBUG    | energy_stress.model_evaluation | Loaded outputs/forecasts_rolling/2013/gas_growth_pct_forecasts_prophet_core.csv (12 rows)
2026-09-03 22:16:01 | DEBUG    | energy_stress.model_evaluation | Loaded outputs/forecasts_rolling/2013/gas_growth_pct_forecasts_prophet_macro.csv (12 rows)
2026-09-03 22:16:01 | DEBUG    | energy_stress.model_evaluation | Loaded outputs/forecasts_rolling/2013/gas_growth_pct_forecasts_lstm_core.csv (12 rows)
2026-09-03 22:16:01 | DEBUG    | energy_stress.model_evaluation | Loaded outputs/forecasts_rolling/2013/gas_growth_pct_forecasts_lstm_macro.csv (12 rows)
2026-09-03 22:16:01 | DEBUG    | energy_stress.model_evaluation | Loaded outputs/forecasts_rolling/2013/gas_growth_pct_forecasts_tft_core.csv (12 rows)
2026-09-03 22:16:01 | DEBUG    | energy_stress.model_evaluation | Loaded outputs/forecasts_rolling/2013/gas_growth_pct_forecasts_tft_macro.csv (12 rows)
2026-09-03 22:16:01 | INFO     | energy_stress.model_evaluation | Combined forecasts (96 rows) → outputs/forecasts_rolling/2013/gas_growth_pct_forecasts_all.csv
2026-09-03 22:16:01 | INFO     | energy_stress.model_evaluation |   core combined → outputs/forecasts_rolling/2013/gas_growth_pct_forecasts_core.csv
2026-09-03 22:16:01 | INFO     | energy_stress.model_evaluation |   macro combined → outputs/forecasts_rolling/2013/gas_growth_pct_forecasts_macro.csv
2026-09-03 22:16:01 | DEBUG    | energy_stress.model_evaluation | Loaded outputs/forecasts_rolling/2013/electricity_growth_pct_forecasts_sarima_core.csv (12 rows)
2026-09-03 22:16:01 | DEBUG    | energy_stress.model_evaluation | Loaded outputs/forecasts_rolling/2013/electricity_growth_pct_forecasts_sarima_macro.csv (12 rows)
2026-09-03 22:16:01 | DEBUG    | energy_stress.model_evaluation | Loaded outputs/forecasts_rolling/2013/electricity_growth_pct_forecasts_prophet_core.csv (12 rows)
2026-09-03 22:16:01 | DEBUG    | energy_stress.model_evaluation | Loaded outputs/forecasts_rolling/2013/electricity_growth_pct_forecasts_prophet_macro.csv (12 rows)
2026-09-03 22:16:01 | DEBUG    | energy_stress.model_evaluation | Loaded outputs/forecasts_rolling/2013/electricity_growth_pct_forecasts_lstm_core.csv (12 rows)
2026-09-03 22:16:01 | DEBUG    | energy_stress.model_evaluation | Loaded outputs/forecasts_rolling/2013/electricity_growth_pct_forecasts_lstm_macro.csv (12 rows)
2026-09-03 22:16:01 | DEBUG    | energy_stress.model_evaluation | Loaded outputs/forecasts_rolling/2013/electricity_growth_pct_forecasts_tft_core.csv (12 rows)
2026-09-03 22:16:01 | DEBUG    | energy_stress.model_evaluation | Loaded outputs/forecasts_rolling/2013/electricity_growth_pct_forecasts_tft_macro.csv (12 rows)
2026-09-03 22:16:01 | INFO     | energy_stress.model_evaluation | Combined forecasts (96 rows) → outputs/forecasts_rolling/2013/electricity_growth_pct_forecasts_all.csv
2026-09-03 22:16:01 | INFO     | energy_stress.model_evaluation |   core combined → outputs/forecasts_rolling/2013/electricity_growth_pct_forecasts_core.csv
2026-09-03 22:16:01 | INFO     | energy_stress.model_evaluation |   macro combined → outputs/forecasts_rolling/2013/electricity_growth_pct_forecasts_macro.csv
2026-09-03 22:16:01 | DEBUG    | energy_stress.model_evaluation | Loaded outputs/forecasts_rolling/2013/carbon_growth_pct_forecasts_sarima_core.csv (12 rows)
2026-09-03 22:16:01 | DEBUG    | energy_stress.model_evaluation | Loaded outputs/forecasts_rolling/2013/carbon_growth_pct_forecasts_sarima_macro.csv (12 rows)
2026-09-03 22:16:01 | DEBUG    | energy_stress.model_evaluation | Loaded outputs/forecasts_rolling/2013/carbon_growth_pct_forecasts_prophet_core.csv (12 rows)
2026-09-03 22:16:01 | DEBUG    | energy_stress.model_evaluation | Loaded outputs/forecasts_rolling/2013/carbon_growth_pct_forecasts_prophet_macro.csv (12 rows)
2026-09-03 22:16:01 | DEBUG    | energy_stress.model_evaluation | Loaded outputs/forecasts_rolling/2013/carbon_growth_pct_forecasts_lstm_core.csv (12 rows)
2026-09-03 22:16:01 | DEBUG    | energy_stress.model_evaluation | Loaded outputs/forecasts_rolling/2013/carbon_growth_pct_forecasts_lstm_macro.csv (12 rows)
2026-09-03 22:16:01 | DEBUG    | energy_stress.model_evaluation | Loaded outputs/forecasts_rolling/2013/carbon_growth_pct_forecasts_tft_core.csv (12 rows)
2026-09-03 22:16:01 | DEBUG    | energy_stress.model_evaluation | Loaded outputs/forecasts_rolling/2013/carbon_growth_pct_forecasts_tft_macro.csv (12 rows)
2026-09-03 22:16:01 | INFO     | energy_stress.model_evaluation | Combined forecasts (96 rows) → outputs/forecasts_rolling/2013/carbon_growth_pct_forecasts_all.csv
2026-09-03 22:16:01 | INFO     | energy_stress.model_evaluation |   core combined → outputs/forecasts_rolling/2013/carbon_growth_pct_forecasts_core.csv
2026-09-03 22:16:01 | INFO     | energy_stress.model_evaluation |   macro combined → outputs/forecasts_rolling/2013/carbon_growth_pct_forecasts_macro.csv
2026-09-03 22:16:01 | INFO     | energy_stress.model_evaluation | Evaluating 24 model results across all series and modes
2026-09-03 22:16:01 | INFO     | energy_stress.model_evaluation | Best model [carbon][core]: LSTM (selection_score=1.450)
2026-09-03 22:16:01 | INFO     | energy_stress.model_evaluation | Best model [carbon][macro]: LSTM (selection_score=1.450)
2026-09-03 22:16:01 | INFO     | energy_stress.model_evaluation | Best model [electricity][core]: LSTM (selection_score=1.600)
2026-09-03 22:16:01 | INFO     | energy_stress.model_evaluation | Best model [electricity][macro]: SARIMA (selection_score=1.025)
2026-09-03 22:16:01 | INFO     | energy_stress.model_evaluation | Best model [gas][core]: LSTM (selection_score=1.075)
2026-09-03 22:16:01 | INFO     | energy_stress.model_evaluation | Best model [gas][macro]: SARIMA (selection_score=1.050)
2026-09-03 22:16:01 | INFO     | energy_stress.model_evaluation | Metrics table saved → outputs/tables/rolling/2013/model_metrics_comparison.csv
2026-09-03 22:16:01 | INFO     | energy_stress.fes | Best models selected:
2026-09-03 22:16:01 | INFO     | energy_stress.fes |   [carbon][core] → LSTM
2026-09-03 22:16:01 | INFO     | energy_stress.fes |   [carbon][macro] → LSTM
2026-09-03 22:16:01 | INFO     | energy_stress.fes |   [electricity][core] → LSTM
2026-09-03 22:16:01 | INFO     | energy_stress.fes |   [electricity][macro] → SARIMA
2026-09-03 22:16:01 | INFO     | energy_stress.fes |   [gas][core] → LSTM
2026-09-03 22:16:01 | INFO     | energy_stress.fes |   [gas][macro] → SARIMA
2026-09-03 22:16:01 | INFO     | energy_stress.fes | Per-series mode selected for FES_selected (metric per series/mode: {('gas', 'core'): 'RMSE', ('gas', 'macro'): 'RMSE', ('electricity', 'core'): 'RMSE', ('electricity', 'macro'): 'RMSE', ('carbon', 'core'): 'RMSE', ('carbon', 'macro'): 'RMSE'}): {'gas': 'core', 'electricity': 'macro', 'carbon': 'core'}
2026-09-03 22:16:01 | INFO     | energy_stress.fes | FES_Weighted series weights (inverse validation-RMSE, normalized to mean 1.0): {'gas': 1.9514370992123276, 'electricity': 0.9679115959624572, 'carbon': 0.08065130482521483}
2026-09-03 22:16:01 | INFO     | energy_stress.fes | [gas] train μ=12.5783, σ=17.3726 | unc_ref μ=9.7846, σ=6.6693
2026-09-03 22:16:01 | INFO     | energy_stress.fes | [electricity] train μ=8.5563, σ=10.6044 | unc_ref μ=6.0445, σ=3.5718
2026-09-03 22:16:01 | INFO     | energy_stress.fes | [carbon] train μ=-21.7666, σ=233.0098 | unc_ref μ=116.5092, σ=137.3339
2026-09-03 22:16:01 | INFO     | energy_stress.fes | [actual real-vol] train μ=0.5129, σ=0.3365
2026-09-03 22:16:01 | INFO     | energy_stress.fes | Monthly FES saved → outputs/fes/rolling/2013/fes_monthly_2014.csv
2026-09-03 22:16:01 | INFO     | energy_stress.fes | [gas] train μ=13.2850, σ=18.5371 | unc_ref μ=10.6224, σ=6.7694
2026-09-03 22:16:01 | INFO     | energy_stress.fes | [electricity] train μ=8.7305, σ=11.3611 | unc_ref μ=6.4623, σ=3.6601
2026-09-03 22:16:01 | INFO     | energy_stress.fes | [carbon] train μ=-16.8918, σ=249.6149 | unc_ref μ=131.1555, σ=142.6232
2026-09-03 22:16:01 | INFO     | energy_stress.fes | [actual real-vol] train μ=0.5386, σ=0.2941
2026-09-03 22:16:01 | INFO     | energy_stress.fes | FES_actual, prior year 2013 (baseline for FES_selected's 2014 forecast): mean=-2.09268 -> outputs/fes/rolling/2013/fes_prior_actual_2013.csv
2026-09-03 22:16:01 | INFO     | energy_stress.fes | FES comparison metrics saved → outputs/fes/rolling/2013/fes_comparison_metrics.csv  (12 rows)
2026-09-03 22:16:01 | INFO     | energy_stress.fes | Best RMSE per variant:
FES_variant
Equal_Core        0.17767
Equal_Macro       0.53511
Equal_Selected    0.36643
Equal_Weighted    0.29681
2026-09-03 22:16:01 | INFO     | energy_stress.forecast_pipeline | ========================================
2026-09-03 22:16:01 | INFO     | energy_stress.forecast_pipeline | STAGE 2: Rolling year as_of=2014 (split train<2014, test=2014, refit<=2014, forecast=2015)
2026-09-03 22:16:01 | INFO     | energy_stress.forecast_pipeline | ========================================
2026-09-03 22:16:01 | INFO     | energy_stress.preprocessing | Train: 92 rows (through 2013-12-01) | Test: 12 rows (2014-01-01..2014-12-01)
2026-09-03 22:16:01 | INFO     | energy_stress.forecast_pipeline | 
──────────────────────────────────────────────────
Series: GAS
──────────────────────────────────────────────────
2026-09-03 22:16:01 | INFO     | energy_stress.forecast_pipeline | [gas] train=92, test=12, full=104 (through 2014-12-01), actual_target=12 non-null (2015-01-01..2015-12-01)
2026-09-03 22:16:01 | INFO     | energy_stress.sarima | [SARIMA-CORE] Fitting on gas (train=92 obs)
2026-09-03 22:17:53 | INFO     | energy_stress.sarima | SARIMA best order: (2, 0, 0) × (2, 1, 1, 12)
2026-09-03 22:17:53 | INFO     | energy_stress.sarima | [SARIMA-CORE gas] validation: MAE=6.9822, RMSE=7.8603, MAPE=185.33%
2026-09-03 22:17:53 | INFO     | energy_stress.sarima | [SARIMA-CORE] Forecast saved → outputs/forecasts_rolling/2014/gas_growth_pct_forecasts_sarima_core.csv
2026-09-03 22:17:53 | INFO     | energy_stress.sarima | [SARIMA-MACRO] Fitting on gas (train=92 obs)
2026-09-03 22:20:06 | INFO     | energy_stress.sarima | SARIMA best order: (2, 0, 0) × (2, 1, 1, 12)
2026-09-03 22:20:06 | INFO     | energy_stress.sarima | [SARIMA-MACRO] Using exogenous: ['inflation_growth_lag1', 'weather_volatility_lag1', 'gdp_growth_lag1', 'gas_futures_log_return_lag1', 'gas_futures_yoy_growth_lag1']
2026-09-03 22:20:07 | INFO     | energy_stress.sarima | [SARIMA-MACRO gas] validation: MAE=2.0268, RMSE=3.2196, MAPE=70.33%
2026-09-03 22:20:08 | INFO     | energy_stress.sarima | [SARIMA-MACRO] Forecast saved → outputs/forecasts_rolling/2014/gas_growth_pct_forecasts_sarima_macro.csv
2026-09-03 22:20:08 | INFO     | energy_stress.prophet | [Prophet-CORE] Fitting on gas (train=92 obs, regressors=False, cps=0.01, sps=10.0, reg_ps=n/a, seasonality=additive)
2026-09-03 22:20:09 | INFO     | energy_stress.prophet | [Prophet-CORE gas] validation: MAE=3.8324, RMSE=4.0101
2026-09-03 22:20:09 | INFO     | energy_stress.prophet | [Prophet-CORE] Forecast saved → outputs/forecasts_rolling/2014/gas_growth_pct_forecasts_prophet_core.csv
2026-09-03 22:20:09 | INFO     | energy_stress.prophet | [Prophet-MACRO] Fitting on gas (train=92 obs, regressors=True, cps=0.01, sps=10.0, reg_ps=0.5, seasonality=additive)
2026-09-03 22:20:09 | INFO     | energy_stress.prophet | [Prophet-MACRO gas] validation: MAE=2.4659, RMSE=2.8717
2026-09-03 22:20:09 | INFO     | energy_stress.prophet | [Prophet-MACRO] Forecast saved → outputs/forecasts_rolling/2014/gas_growth_pct_forecasts_prophet_macro.csv
2026-09-03 22:20:09 | INFO     | energy_stress.lstm | [LSTM-CORE] Training on gas | train=2006-05-01→2013-12-01 (92 obs), test=2014-01-01→2014-12-01 (12 obs), use_macro=False, lookback=12, dropout=0.2, lr=0.001, units=(128,64), macro_feature_set=lstm
2026-09-03 22:21:15 | INFO     | energy_stress.lstm | [LSTM-CORE gas] validation: MAE=3.1714, RMSE=3.7311
2026-09-03 22:24:32 | INFO     | energy_stress.lstm | [LSTM-CORE] Forecast saved → outputs/forecasts_rolling/2014/gas_growth_pct_forecasts_lstm_core.csv
2026-09-03 22:24:32 | INFO     | energy_stress.lstm | [LSTM-CORE] Model saved → outputs/models
2026-09-03 22:24:32 | INFO     | energy_stress.lstm | [LSTM-MACRO] Training on gas | train=2006-05-01→2013-12-01 (92 obs), test=2014-01-01→2014-12-01 (12 obs), use_macro=True, lookback=6, dropout=0.2, lr=0.001, units=(64,32), macro_feature_set=lstm
2026-09-03 22:25:12 | INFO     | energy_stress.lstm | [LSTM-MACRO gas] validation: MAE=1.9491, RMSE=2.6859
2026-09-03 22:26:47 | INFO     | energy_stress.lstm | [LSTM-MACRO] Forecast saved → outputs/forecasts_rolling/2014/gas_growth_pct_forecasts_lstm_macro.csv
2026-09-03 22:26:47 | INFO     | energy_stress.lstm | [LSTM-MACRO] Model saved → outputs/models
2026-09-03 22:26:47 | INFO     | energy_stress.tft | [TFT/pytorch-forecasting] Fitting gas (core)
2026-09-03 22:26:53 | INFO     | energy_stress.tft | [TFT gas] validation: MAE=3.6283, RMSE=4.1601
2026-09-03 22:26:59 | INFO     | energy_stress.tft | [TFT] Forecast saved → outputs/forecasts_rolling/2014/gas_growth_pct_forecasts_tft_core.csv
2026-09-03 22:26:59 | INFO     | energy_stress.tft | [TFT/pytorch-forecasting] Fitting gas (macro)
2026-09-03 22:27:07 | INFO     | energy_stress.tft | [TFT gas] validation: MAE=1.2649, RMSE=2.1205
2026-09-03 22:27:14 | INFO     | energy_stress.tft | [TFT] Forecast saved → outputs/forecasts_rolling/2014/gas_growth_pct_forecasts_tft_macro.csv
2026-09-03 22:27:14 | INFO     | energy_stress.forecast_pipeline | 
──────────────────────────────────────────────────
Series: ELECTRICITY
──────────────────────────────────────────────────
2026-09-03 22:27:14 | INFO     | energy_stress.forecast_pipeline | [electricity] train=92, test=12, full=104 (through 2014-12-01), actual_target=12 non-null (2015-01-01..2015-12-01)
2026-09-03 22:27:14 | INFO     | energy_stress.sarima | [SARIMA-CORE] Fitting on electricity (train=92 obs)
2026-09-03 22:29:52 | INFO     | energy_stress.sarima | SARIMA best order: (2, 0, 0) × (2, 1, 1, 12)
2026-09-03 22:29:53 | INFO     | energy_stress.sarima | [SARIMA-CORE electricity] validation: MAE=2.3747, RMSE=3.5596, MAPE=138.44%
2026-09-03 22:29:53 | INFO     | energy_stress.sarima | [SARIMA-CORE] Forecast saved → outputs/forecasts_rolling/2014/electricity_growth_pct_forecasts_sarima_core.csv
2026-09-03 22:29:53 | INFO     | energy_stress.sarima | [SARIMA-MACRO] Fitting on electricity (train=92 obs)
2026-09-03 22:32:46 | INFO     | energy_stress.sarima | SARIMA best order: (2, 0, 0) × (2, 1, 1, 12)
2026-09-03 22:32:46 | INFO     | energy_stress.sarima | [SARIMA-MACRO] Using exogenous: ['inflation_growth_lag1', 'weather_volatility_lag1', 'gdp_growth_lag1', 'gas_futures_log_return_lag1', 'gas_futures_yoy_growth_lag1', 'electricity_growth_lag12', 'post_2016_electricity_regime', 'gbp_eur_yoy_change_lag12']
2026-09-03 22:32:47 | INFO     | energy_stress.sarima | [SARIMA-MACRO electricity] validation: MAE=2.5612, RMSE=3.7740, MAPE=145.33%
2026-09-03 22:32:48 | INFO     | energy_stress.sarima | [SARIMA-MACRO] Forecast saved → outputs/forecasts_rolling/2014/electricity_growth_pct_forecasts_sarima_macro.csv
2026-09-03 22:32:48 | INFO     | energy_stress.prophet | [Prophet-CORE] Fitting on electricity (train=92 obs, regressors=False, cps=0.01, sps=10.0, reg_ps=n/a, seasonality=additive)
2026-09-03 22:32:49 | INFO     | energy_stress.prophet | [Prophet-CORE electricity] validation: MAE=5.1019, RMSE=5.2573
2026-09-03 22:32:49 | INFO     | energy_stress.prophet | [Prophet-CORE] Forecast saved → outputs/forecasts_rolling/2014/electricity_growth_pct_forecasts_prophet_core.csv
2026-09-03 22:32:49 | INFO     | energy_stress.prophet | [Prophet-MACRO] Fitting on electricity (train=92 obs, regressors=True, cps=0.01, sps=10.0, reg_ps=0.5, seasonality=additive)
2026-09-03 22:32:49 | INFO     | energy_stress.prophet | [Prophet-MACRO electricity] validation: MAE=3.7640, RMSE=4.0872
2026-09-03 22:32:49 | INFO     | energy_stress.prophet | [Prophet-MACRO] Forecast saved → outputs/forecasts_rolling/2014/electricity_growth_pct_forecasts_prophet_macro.csv
2026-09-03 22:32:49 | INFO     | energy_stress.lstm | [LSTM-CORE] Training on electricity | train=2006-05-01→2013-12-01 (92 obs), test=2014-01-01→2014-12-01 (12 obs), use_macro=False, lookback=6, dropout=0.2, lr=0.001, units=(64,32), macro_feature_set=lstm
2026-09-03 22:33:13 | INFO     | energy_stress.lstm | [LSTM-CORE electricity] validation: MAE=2.2112, RMSE=2.9585
2026-09-03 22:34:52 | INFO     | energy_stress.lstm | [LSTM-CORE] Forecast saved → outputs/forecasts_rolling/2014/electricity_growth_pct_forecasts_lstm_core.csv
2026-09-03 22:34:52 | INFO     | energy_stress.lstm | [LSTM-CORE] Model saved → outputs/models
2026-09-03 22:34:52 | INFO     | energy_stress.lstm | [LSTM-MACRO] Training on electricity | train=2006-05-01→2013-12-01 (92 obs), test=2014-01-01→2014-12-01 (12 obs), use_macro=True, lookback=3, dropout=0.1, lr=0.001, units=(64,32), macro_feature_set=lean
2026-09-03 22:35:12 | INFO     | energy_stress.lstm | [LSTM-MACRO electricity] validation: MAE=1.5880, RMSE=2.3251
2026-09-03 22:36:41 | INFO     | energy_stress.lstm | [LSTM-MACRO] Forecast saved → outputs/forecasts_rolling/2014/electricity_growth_pct_forecasts_lstm_macro.csv
2026-09-03 22:36:41 | INFO     | energy_stress.lstm | [LSTM-MACRO] Model saved → outputs/models
2026-09-03 22:36:41 | INFO     | energy_stress.tft | [TFT/pytorch-forecasting] Fitting electricity (core)
2026-09-03 22:36:47 | INFO     | energy_stress.tft | [TFT electricity] validation: MAE=0.9418, RMSE=1.8234
2026-09-03 22:36:52 | INFO     | energy_stress.tft | [TFT] Forecast saved → outputs/forecasts_rolling/2014/electricity_growth_pct_forecasts_tft_core.csv
2026-09-03 22:36:52 | INFO     | energy_stress.tft | [TFT/pytorch-forecasting] Fitting electricity (macro)
2026-09-03 22:37:01 | INFO     | energy_stress.tft | [TFT electricity] validation: MAE=1.6648, RMSE=2.5487
2026-09-03 22:37:11 | INFO     | energy_stress.tft | [TFT] Forecast saved → outputs/forecasts_rolling/2014/electricity_growth_pct_forecasts_tft_macro.csv
2026-09-03 22:37:11 | INFO     | energy_stress.forecast_pipeline | 
──────────────────────────────────────────────────
Series: CARBON
──────────────────────────────────────────────────
2026-09-03 22:37:11 | INFO     | energy_stress.forecast_pipeline | [carbon] train=92, test=12, full=104 (through 2014-12-01), actual_target=12 non-null (2015-01-01..2015-12-01)
2026-09-03 22:37:11 | INFO     | energy_stress.sarima | [SARIMA-CORE] Fitting on carbon (train=92 obs)
2026-09-03 22:38:59 | INFO     | energy_stress.sarima | SARIMA best order: (1, 0, 0) × (2, 1, 0, 12)
2026-09-03 22:38:59 | INFO     | energy_stress.sarima | [SARIMA-CORE carbon] validation: MAE=80.0507, RMSE=82.7958, MAPE=387.22%
2026-09-03 22:38:59 | INFO     | energy_stress.sarima | [SARIMA-CORE] Forecast saved → outputs/forecasts_rolling/2014/carbon_growth_pct_forecasts_sarima_core.csv
2026-09-03 22:38:59 | INFO     | energy_stress.sarima | [SARIMA-MACRO] Fitting on carbon (train=92 obs)
2026-09-03 22:40:47 | INFO     | energy_stress.sarima | SARIMA best order: (1, 0, 0) × (2, 1, 0, 12)
2026-09-03 22:40:47 | INFO     | energy_stress.sarima | [SARIMA-MACRO] Using exogenous: ['inflation_growth_lag1', 'weather_volatility_lag1', 'gdp_growth_lag1']
2026-09-03 22:40:47 | INFO     | energy_stress.sarima | [SARIMA-MACRO carbon] validation: MAE=67.6280, RMSE=71.0272, MAPE=315.45%
2026-09-03 22:40:48 | INFO     | energy_stress.sarima | [SARIMA-MACRO] Forecast saved → outputs/forecasts_rolling/2014/carbon_growth_pct_forecasts_sarima_macro.csv
2026-09-03 22:40:48 | INFO     | energy_stress.prophet | [Prophet-CORE] Fitting on carbon (train=92 obs, regressors=False, cps=0.01, sps=10.0, reg_ps=n/a, seasonality=additive)
2026-09-03 22:40:48 | INFO     | energy_stress.prophet | [Prophet-CORE carbon] validation: MAE=62.1638, RMSE=65.3357
2026-09-03 22:40:49 | INFO     | energy_stress.prophet | [Prophet-CORE] Forecast saved → outputs/forecasts_rolling/2014/carbon_growth_pct_forecasts_prophet_core.csv
2026-09-03 22:40:49 | INFO     | energy_stress.prophet | [Prophet-MACRO] Fitting on carbon (train=92 obs, regressors=True, cps=0.01, sps=10.0, reg_ps=0.1, seasonality=additive)
2026-09-03 22:40:49 | INFO     | energy_stress.prophet | [Prophet-MACRO carbon] validation: MAE=58.5358, RMSE=65.6647
2026-09-03 22:40:49 | INFO     | energy_stress.prophet | [Prophet-MACRO] Forecast saved → outputs/forecasts_rolling/2014/carbon_growth_pct_forecasts_prophet_macro.csv
2026-09-03 22:40:49 | INFO     | energy_stress.lstm | [LSTM-CORE] Training on carbon | train=2006-05-01→2013-12-01 (92 obs), test=2014-01-01→2014-12-01 (12 obs), use_macro=False, lookback=12, dropout=0.2, lr=0.001, units=(128,64), macro_feature_set=lstm
2026-09-03 22:41:57 | INFO     | energy_stress.lstm | [LSTM-CORE carbon] validation: MAE=32.9801, RMSE=40.5368
2026-09-03 22:44:04 | INFO     | energy_stress.lstm | [LSTM-CORE] Forecast saved → outputs/forecasts_rolling/2014/carbon_growth_pct_forecasts_lstm_core.csv
2026-09-03 22:44:04 | INFO     | energy_stress.lstm | [LSTM-CORE] Model saved → outputs/models
2026-09-03 22:44:04 | INFO     | energy_stress.lstm | [LSTM-MACRO] Training on carbon | train=2006-05-01→2013-12-01 (92 obs), test=2014-01-01→2014-12-01 (12 obs), use_macro=True, lookback=12, dropout=0.2, lr=0.001, units=(128,64), macro_feature_set=lstm
2026-09-03 22:44:44 | INFO     | energy_stress.lstm | [LSTM-MACRO carbon] validation: MAE=40.5091, RMSE=49.5653
2026-09-03 22:46:57 | INFO     | energy_stress.lstm | [LSTM-MACRO] Forecast saved → outputs/forecasts_rolling/2014/carbon_growth_pct_forecasts_lstm_macro.csv
2026-09-03 22:46:57 | INFO     | energy_stress.lstm | [LSTM-MACRO] Model saved → outputs/models
2026-09-03 22:46:57 | INFO     | energy_stress.tft | [TFT/pytorch-forecasting] Fitting carbon (core)
2026-09-03 22:47:02 | INFO     | energy_stress.tft | [TFT carbon] validation: MAE=56.4268, RMSE=59.2811
2026-09-03 22:47:06 | INFO     | energy_stress.tft | [TFT] Forecast saved → outputs/forecasts_rolling/2014/carbon_growth_pct_forecasts_tft_core.csv
2026-09-03 22:47:06 | INFO     | energy_stress.tft | [TFT/pytorch-forecasting] Fitting carbon (macro)
2026-09-03 22:47:13 | INFO     | energy_stress.tft | [TFT carbon] validation: MAE=81.8206, RMSE=83.2941
2026-09-03 22:47:19 | INFO     | energy_stress.tft | [TFT] Forecast saved → outputs/forecasts_rolling/2014/carbon_growth_pct_forecasts_tft_macro.csv
2026-09-03 22:47:19 | DEBUG    | energy_stress.model_evaluation | Loaded outputs/forecasts_rolling/2014/gas_growth_pct_forecasts_sarima_core.csv (12 rows)
2026-09-03 22:47:19 | DEBUG    | energy_stress.model_evaluation | Loaded outputs/forecasts_rolling/2014/gas_growth_pct_forecasts_sarima_macro.csv (12 rows)
2026-09-03 22:47:19 | DEBUG    | energy_stress.model_evaluation | Loaded outputs/forecasts_rolling/2014/gas_growth_pct_forecasts_prophet_core.csv (12 rows)
2026-09-03 22:47:19 | DEBUG    | energy_stress.model_evaluation | Loaded outputs/forecasts_rolling/2014/gas_growth_pct_forecasts_prophet_macro.csv (12 rows)
2026-09-03 22:47:19 | DEBUG    | energy_stress.model_evaluation | Loaded outputs/forecasts_rolling/2014/gas_growth_pct_forecasts_lstm_core.csv (12 rows)
2026-09-03 22:47:19 | DEBUG    | energy_stress.model_evaluation | Loaded outputs/forecasts_rolling/2014/gas_growth_pct_forecasts_lstm_macro.csv (12 rows)
2026-09-03 22:47:19 | DEBUG    | energy_stress.model_evaluation | Loaded outputs/forecasts_rolling/2014/gas_growth_pct_forecasts_tft_core.csv (12 rows)
2026-09-03 22:47:19 | DEBUG    | energy_stress.model_evaluation | Loaded outputs/forecasts_rolling/2014/gas_growth_pct_forecasts_tft_macro.csv (12 rows)
2026-09-03 22:47:19 | INFO     | energy_stress.model_evaluation | Combined forecasts (96 rows) → outputs/forecasts_rolling/2014/gas_growth_pct_forecasts_all.csv
2026-09-03 22:47:19 | INFO     | energy_stress.model_evaluation |   core combined → outputs/forecasts_rolling/2014/gas_growth_pct_forecasts_core.csv
2026-09-03 22:47:19 | INFO     | energy_stress.model_evaluation |   macro combined → outputs/forecasts_rolling/2014/gas_growth_pct_forecasts_macro.csv
2026-09-03 22:47:19 | DEBUG    | energy_stress.model_evaluation | Loaded outputs/forecasts_rolling/2014/electricity_growth_pct_forecasts_sarima_core.csv (12 rows)
2026-09-03 22:47:19 | DEBUG    | energy_stress.model_evaluation | Loaded outputs/forecasts_rolling/2014/electricity_growth_pct_forecasts_sarima_macro.csv (12 rows)
2026-09-03 22:47:19 | DEBUG    | energy_stress.model_evaluation | Loaded outputs/forecasts_rolling/2014/electricity_growth_pct_forecasts_prophet_core.csv (12 rows)
2026-09-03 22:47:19 | DEBUG    | energy_stress.model_evaluation | Loaded outputs/forecasts_rolling/2014/electricity_growth_pct_forecasts_prophet_macro.csv (12 rows)
2026-09-03 22:47:19 | DEBUG    | energy_stress.model_evaluation | Loaded outputs/forecasts_rolling/2014/electricity_growth_pct_forecasts_lstm_core.csv (12 rows)
2026-09-03 22:47:19 | DEBUG    | energy_stress.model_evaluation | Loaded outputs/forecasts_rolling/2014/electricity_growth_pct_forecasts_lstm_macro.csv (12 rows)
2026-09-03 22:47:19 | DEBUG    | energy_stress.model_evaluation | Loaded outputs/forecasts_rolling/2014/electricity_growth_pct_forecasts_tft_core.csv (12 rows)
2026-09-03 22:47:19 | DEBUG    | energy_stress.model_evaluation | Loaded outputs/forecasts_rolling/2014/electricity_growth_pct_forecasts_tft_macro.csv (12 rows)
2026-09-03 22:47:19 | INFO     | energy_stress.model_evaluation | Combined forecasts (96 rows) → outputs/forecasts_rolling/2014/electricity_growth_pct_forecasts_all.csv
2026-09-03 22:47:19 | INFO     | energy_stress.model_evaluation |   core combined → outputs/forecasts_rolling/2014/electricity_growth_pct_forecasts_core.csv
2026-09-03 22:47:19 | INFO     | energy_stress.model_evaluation |   macro combined → outputs/forecasts_rolling/2014/electricity_growth_pct_forecasts_macro.csv
2026-09-03 22:47:19 | DEBUG    | energy_stress.model_evaluation | Loaded outputs/forecasts_rolling/2014/carbon_growth_pct_forecasts_sarima_core.csv (12 rows)
2026-09-03 22:47:19 | DEBUG    | energy_stress.model_evaluation | Loaded outputs/forecasts_rolling/2014/carbon_growth_pct_forecasts_sarima_macro.csv (12 rows)
2026-09-03 22:47:19 | DEBUG    | energy_stress.model_evaluation | Loaded outputs/forecasts_rolling/2014/carbon_growth_pct_forecasts_prophet_core.csv (12 rows)
2026-09-03 22:47:19 | DEBUG    | energy_stress.model_evaluation | Loaded outputs/forecasts_rolling/2014/carbon_growth_pct_forecasts_prophet_macro.csv (12 rows)
2026-09-03 22:47:19 | DEBUG    | energy_stress.model_evaluation | Loaded outputs/forecasts_rolling/2014/carbon_growth_pct_forecasts_lstm_core.csv (12 rows)
2026-09-03 22:47:19 | DEBUG    | energy_stress.model_evaluation | Loaded outputs/forecasts_rolling/2014/carbon_growth_pct_forecasts_lstm_macro.csv (12 rows)
2026-09-03 22:47:19 | DEBUG    | energy_stress.model_evaluation | Loaded outputs/forecasts_rolling/2014/carbon_growth_pct_forecasts_tft_core.csv (12 rows)
2026-09-03 22:47:19 | DEBUG    | energy_stress.model_evaluation | Loaded outputs/forecasts_rolling/2014/carbon_growth_pct_forecasts_tft_macro.csv (12 rows)
2026-09-03 22:47:19 | INFO     | energy_stress.model_evaluation | Combined forecasts (96 rows) → outputs/forecasts_rolling/2014/carbon_growth_pct_forecasts_all.csv
2026-09-03 22:47:19 | INFO     | energy_stress.model_evaluation |   core combined → outputs/forecasts_rolling/2014/carbon_growth_pct_forecasts_core.csv
2026-09-03 22:47:19 | INFO     | energy_stress.model_evaluation |   macro combined → outputs/forecasts_rolling/2014/carbon_growth_pct_forecasts_macro.csv
2026-09-03 22:47:19 | INFO     | energy_stress.model_evaluation | Evaluating 24 model results across all series and modes
2026-09-03 22:47:19 | INFO     | energy_stress.model_evaluation | Best model [carbon][core]: LSTM (selection_score=1.450)
2026-09-03 22:47:19 | INFO     | energy_stress.model_evaluation | Best model [carbon][macro]: LSTM (selection_score=1.450)
2026-09-03 22:47:19 | INFO     | energy_stress.model_evaluation | Best model [electricity][core]: TFT (selection_score=1.350)
2026-09-03 22:47:19 | INFO     | energy_stress.model_evaluation | Best model [electricity][macro]: LSTM (selection_score=1.225)
2026-09-03 22:47:19 | INFO     | energy_stress.model_evaluation | Best model [gas][core]: LSTM (selection_score=1.150)
2026-09-03 22:47:19 | INFO     | energy_stress.model_evaluation | Best model [gas][macro]: TFT (selection_score=1.225)
2026-09-03 22:47:19 | INFO     | energy_stress.model_evaluation | Metrics table saved → outputs/tables/rolling/2014/model_metrics_comparison.csv
2026-09-03 22:47:19 | INFO     | energy_stress.fes | Best models selected:
2026-09-03 22:47:19 | INFO     | energy_stress.fes |   [carbon][core] → LSTM
2026-09-03 22:47:19 | INFO     | energy_stress.fes |   [carbon][macro] → LSTM
2026-09-03 22:47:19 | INFO     | energy_stress.fes |   [electricity][core] → TFT
2026-09-03 22:47:19 | INFO     | energy_stress.fes |   [electricity][macro] → LSTM
2026-09-03 22:47:19 | INFO     | energy_stress.fes |   [gas][core] → LSTM
2026-09-03 22:47:19 | INFO     | energy_stress.fes |   [gas][macro] → TFT
2026-09-03 22:47:19 | INFO     | energy_stress.fes | Per-series mode selected for FES_selected (metric per series/mode: {('gas', 'core'): 'RMSE', ('gas', 'macro'): 'RMSE', ('electricity', 'core'): 'RMSE', ('electricity', 'macro'): 'RMSE', ('carbon', 'core'): 'RMSE', ('carbon', 'macro'): 'RMSE'}): {'gas': 'macro', 'electricity': 'core', 'carbon': 'core'}
2026-09-03 22:47:19 | INFO     | energy_stress.fes | FES_Weighted series weights (inverse validation-RMSE, normalized to mean 1.0): {'gas': 1.3542338858536356, 'electricity': 1.5749257773847865, 'carbon': 0.07084033676157808}
2026-09-03 22:47:19 | INFO     | energy_stress.fes | [gas] train μ=11.6779, σ=16.5345 | unc_ref μ=8.7509, σ=6.8464
2026-09-03 22:47:19 | INFO     | energy_stress.fes | [electricity] train μ=8.2156, σ=10.0365 | unc_ref μ=5.4274, σ=3.7421
2026-09-03 22:47:19 | INFO     | energy_stress.fes | [carbon] train μ=-15.3766, σ=219.7992 | unc_ref μ=106.8053, σ=131.3407
2026-09-03 22:47:19 | INFO     | energy_stress.fes | [actual real-vol] train μ=0.5094, σ=0.3505
2026-09-03 22:47:19 | INFO     | energy_stress.fes | Monthly FES saved → outputs/fes/rolling/2014/fes_monthly_2015.csv
2026-09-03 22:47:19 | INFO     | energy_stress.fes | [gas] train μ=12.5783, σ=17.3726 | unc_ref μ=9.7846, σ=6.6693
2026-09-03 22:47:19 | INFO     | energy_stress.fes | [electricity] train μ=8.5563, σ=10.6044 | unc_ref μ=6.0445, σ=3.5718
2026-09-03 22:47:19 | INFO     | energy_stress.fes | [carbon] train μ=-21.7666, σ=233.0098 | unc_ref μ=116.5092, σ=137.3339
2026-09-03 22:47:19 | INFO     | energy_stress.fes | [actual real-vol] train μ=0.5129, σ=0.3365
2026-09-03 22:47:19 | INFO     | energy_stress.fes | FES_actual, prior year 2014 (baseline for FES_selected's 2015 forecast): mean=-1.13753 -> outputs/fes/rolling/2014/fes_prior_actual_2014.csv
2026-09-03 22:47:19 | INFO     | energy_stress.fes | FES comparison metrics saved → outputs/fes/rolling/2014/fes_comparison_metrics.csv  (12 rows)
2026-09-03 22:47:19 | INFO     | energy_stress.fes | Best RMSE per variant:
FES_variant
Equal_Core        1.60493
Equal_Macro       0.83132
Equal_Selected    2.29923
Equal_Weighted    1.87709
2026-09-03 22:47:19 | INFO     | energy_stress.forecast_pipeline | ========================================
2026-09-03 22:47:19 | INFO     | energy_stress.forecast_pipeline | STAGE 2: Rolling year as_of=2015 (split train<2015, test=2015, refit<=2015, forecast=2016)
2026-09-03 22:47:19 | INFO     | energy_stress.forecast_pipeline | ========================================
2026-09-03 22:47:19 | INFO     | energy_stress.preprocessing | Train: 104 rows (through 2014-12-01) | Test: 12 rows (2015-01-01..2015-12-01)
2026-09-03 22:47:19 | INFO     | energy_stress.forecast_pipeline | 
──────────────────────────────────────────────────
Series: GAS
──────────────────────────────────────────────────
2026-09-03 22:47:19 | INFO     | energy_stress.forecast_pipeline | [gas] train=104, test=12, full=116 (through 2015-12-01), actual_target=12 non-null (2016-01-01..2016-12-01)
2026-09-03 22:47:19 | INFO     | energy_stress.sarima | [SARIMA-CORE] Fitting on gas (train=104 obs)
2026-09-03 22:48:16 | INFO     | energy_stress.sarima | SARIMA best order: (2, 0, 0) × (2, 1, 1, 12)
2026-09-03 22:48:17 | INFO     | energy_stress.sarima | [SARIMA-CORE gas] validation: MAE=2.6175, RMSE=2.9978, MAPE=69.93%
2026-09-03 22:48:17 | INFO     | energy_stress.sarima | [SARIMA-CORE] Forecast saved → outputs/forecasts_rolling/2015/gas_growth_pct_forecasts_sarima_core.csv
2026-09-03 22:48:17 | INFO     | energy_stress.sarima | [SARIMA-MACRO] Fitting on gas (train=104 obs)
2026-09-03 22:49:05 | INFO     | energy_stress.sarima | SARIMA best order: (2, 0, 0) × (2, 1, 1, 12)
2026-09-03 22:49:05 | INFO     | energy_stress.sarima | [SARIMA-MACRO] Using exogenous: ['inflation_growth_lag1', 'weather_volatility_lag1', 'gdp_growth_lag1', 'gas_futures_log_return_lag1', 'gas_futures_yoy_growth_lag1']
2026-09-03 22:49:06 | INFO     | energy_stress.sarima | [SARIMA-MACRO gas] validation: MAE=5.4717, RMSE=6.2375, MAPE=133.86%
2026-09-03 22:49:07 | INFO     | energy_stress.sarima | [SARIMA-MACRO] Forecast saved → outputs/forecasts_rolling/2015/gas_growth_pct_forecasts_sarima_macro.csv
2026-09-03 22:49:07 | INFO     | energy_stress.prophet | [Prophet-CORE] Fitting on gas (train=104 obs, regressors=False, cps=0.01, sps=10.0, reg_ps=n/a, seasonality=additive)
2026-09-03 22:49:08 | INFO     | energy_stress.prophet | [Prophet-CORE gas] validation: MAE=4.3692, RMSE=4.4950
2026-09-03 22:49:08 | INFO     | energy_stress.prophet | [Prophet-CORE] Forecast saved → outputs/forecasts_rolling/2015/gas_growth_pct_forecasts_prophet_core.csv
2026-09-03 22:49:08 | INFO     | energy_stress.prophet | [Prophet-MACRO] Fitting on gas (train=104 obs, regressors=True, cps=0.01, sps=10.0, reg_ps=0.5, seasonality=additive)
2026-09-03 22:49:08 | INFO     | energy_stress.prophet | [Prophet-MACRO gas] validation: MAE=3.5140, RMSE=4.2441
2026-09-03 22:49:08 | INFO     | energy_stress.prophet | [Prophet-MACRO] Forecast saved → outputs/forecasts_rolling/2015/gas_growth_pct_forecasts_prophet_macro.csv
2026-09-03 22:49:08 | INFO     | energy_stress.lstm | [LSTM-CORE] Training on gas | train=2006-05-01→2014-12-01 (104 obs), test=2015-01-01→2015-12-01 (12 obs), use_macro=False, lookback=12, dropout=0.2, lr=0.001, units=(128,64), macro_feature_set=lstm
2026-09-03 22:49:23 | INFO     | energy_stress.lstm | [LSTM-CORE gas] validation: MAE=9.2244, RMSE=9.3621
2026-09-03 22:50:08 | INFO     | energy_stress.lstm | [LSTM-CORE] Forecast saved → outputs/forecasts_rolling/2015/gas_growth_pct_forecasts_lstm_core.csv
2026-09-03 22:50:08 | INFO     | energy_stress.lstm | [LSTM-CORE] Model saved → outputs/models
2026-09-03 22:50:08 | INFO     | energy_stress.lstm | [LSTM-MACRO] Training on gas | train=2006-05-01→2014-12-01 (104 obs), test=2015-01-01→2015-12-01 (12 obs), use_macro=True, lookback=6, dropout=0.2, lr=0.001, units=(64,32), macro_feature_set=lstm
2026-09-03 22:50:17 | INFO     | energy_stress.lstm | [LSTM-MACRO gas] validation: MAE=6.6420, RMSE=6.7208
2026-09-03 22:50:42 | INFO     | energy_stress.lstm | [LSTM-MACRO] Forecast saved → outputs/forecasts_rolling/2015/gas_growth_pct_forecasts_lstm_macro.csv
2026-09-03 22:50:42 | INFO     | energy_stress.lstm | [LSTM-MACRO] Model saved → outputs/models
2026-09-03 22:50:42 | INFO     | energy_stress.tft | [TFT/pytorch-forecasting] Fitting gas (core)
2026-09-03 22:50:46 | INFO     | energy_stress.tft | [TFT gas] validation: MAE=10.8447, RMSE=11.2665
2026-09-03 22:50:51 | INFO     | energy_stress.tft | [TFT] Forecast saved → outputs/forecasts_rolling/2015/gas_growth_pct_forecasts_tft_core.csv
2026-09-03 22:50:51 | INFO     | energy_stress.tft | [TFT/pytorch-forecasting] Fitting gas (macro)
2026-09-03 22:50:56 | INFO     | energy_stress.tft | [TFT gas] validation: MAE=5.1714, RMSE=5.5221
2026-09-03 22:51:02 | INFO     | energy_stress.tft | [TFT] Forecast saved → outputs/forecasts_rolling/2015/gas_growth_pct_forecasts_tft_macro.csv
2026-09-03 22:51:02 | INFO     | energy_stress.forecast_pipeline | 
──────────────────────────────────────────────────
Series: ELECTRICITY
──────────────────────────────────────────────────
2026-09-03 22:51:02 | INFO     | energy_stress.forecast_pipeline | [electricity] train=104, test=12, full=116 (through 2015-12-01), actual_target=12 non-null (2016-01-01..2016-12-01)
2026-09-03 22:51:02 | INFO     | energy_stress.sarima | [SARIMA-CORE] Fitting on electricity (train=104 obs)
2026-09-03 22:52:04 | INFO     | energy_stress.sarima | SARIMA best order: (2, 0, 0) × (2, 1, 1, 12)
2026-09-03 22:52:04 | INFO     | energy_stress.sarima | [SARIMA-CORE electricity] validation: MAE=3.7689, RMSE=4.0708, MAPE=1198.47%
2026-09-03 22:52:04 | INFO     | energy_stress.sarima | [SARIMA-CORE] Forecast saved → outputs/forecasts_rolling/2015/electricity_growth_pct_forecasts_sarima_core.csv
2026-09-03 22:52:04 | INFO     | energy_stress.sarima | [SARIMA-MACRO] Fitting on electricity (train=104 obs)
2026-09-03 22:52:58 | INFO     | energy_stress.sarima | SARIMA best order: (2, 0, 0) × (2, 1, 1, 12)
2026-09-03 22:52:59 | INFO     | energy_stress.sarima | [SARIMA-MACRO] Using exogenous: ['inflation_growth_lag1', 'weather_volatility_lag1', 'gdp_growth_lag1', 'gas_futures_log_return_lag1', 'gas_futures_yoy_growth_lag1', 'electricity_growth_lag12', 'post_2016_electricity_regime', 'gbp_eur_yoy_change_lag12']
2026-09-03 22:53:00 | INFO     | energy_stress.sarima | [SARIMA-MACRO electricity] validation: MAE=1.0309, RMSE=1.5492, MAPE=328.32%
2026-09-03 22:53:01 | INFO     | energy_stress.sarima | [SARIMA-MACRO] Forecast saved → outputs/forecasts_rolling/2015/electricity_growth_pct_forecasts_sarima_macro.csv
2026-09-03 22:53:01 | INFO     | energy_stress.prophet | [Prophet-CORE] Fitting on electricity (train=104 obs, regressors=False, cps=0.01, sps=10.0, reg_ps=n/a, seasonality=additive)
2026-09-03 22:53:01 | INFO     | energy_stress.prophet | [Prophet-CORE electricity] validation: MAE=4.7757, RMSE=4.8596
2026-09-03 22:53:01 | INFO     | energy_stress.prophet | [Prophet-CORE] Forecast saved → outputs/forecasts_rolling/2015/electricity_growth_pct_forecasts_prophet_core.csv
2026-09-03 22:53:01 | INFO     | energy_stress.prophet | [Prophet-MACRO] Fitting on electricity (train=104 obs, regressors=True, cps=0.01, sps=10.0, reg_ps=0.5, seasonality=additive)
2026-09-03 22:53:01 | INFO     | energy_stress.prophet | [Prophet-MACRO electricity] validation: MAE=1.3120, RMSE=1.5498
2026-09-03 22:53:01 | INFO     | energy_stress.prophet | [Prophet-MACRO] Forecast saved → outputs/forecasts_rolling/2015/electricity_growth_pct_forecasts_prophet_macro.csv
2026-09-03 22:53:01 | INFO     | energy_stress.lstm | [LSTM-CORE] Training on electricity | train=2006-05-01→2014-12-01 (104 obs), test=2015-01-01→2015-12-01 (12 obs), use_macro=False, lookback=6, dropout=0.2, lr=0.001, units=(64,32), macro_feature_set=lstm
2026-09-03 22:53:18 | INFO     | energy_stress.lstm | [LSTM-CORE electricity] validation: MAE=4.2673, RMSE=4.2746
2026-09-03 22:53:56 | INFO     | energy_stress.lstm | [LSTM-CORE] Forecast saved → outputs/forecasts_rolling/2015/electricity_growth_pct_forecasts_lstm_core.csv
2026-09-03 22:53:56 | INFO     | energy_stress.lstm | [LSTM-CORE] Model saved → outputs/models
2026-09-03 22:53:56 | INFO     | energy_stress.lstm | [LSTM-MACRO] Training on electricity | train=2006-05-01→2014-12-01 (104 obs), test=2015-01-01→2015-12-01 (12 obs), use_macro=True, lookback=3, dropout=0.1, lr=0.001, units=(64,32), macro_feature_set=lean
2026-09-03 22:54:04 | INFO     | energy_stress.lstm | [LSTM-MACRO electricity] validation: MAE=5.8544, RMSE=5.9183
2026-09-03 22:54:24 | INFO     | energy_stress.lstm | [LSTM-MACRO] Forecast saved → outputs/forecasts_rolling/2015/electricity_growth_pct_forecasts_lstm_macro.csv
2026-09-03 22:54:24 | INFO     | energy_stress.lstm | [LSTM-MACRO] Model saved → outputs/models
2026-09-03 22:54:24 | INFO     | energy_stress.tft | [TFT/pytorch-forecasting] Fitting electricity (core)
2026-09-03 22:54:29 | INFO     | energy_stress.tft | [TFT electricity] validation: MAE=7.0801, RMSE=7.1412
2026-09-03 22:54:33 | INFO     | energy_stress.tft | [TFT] Forecast saved → outputs/forecasts_rolling/2015/electricity_growth_pct_forecasts_tft_core.csv
2026-09-03 22:54:33 | INFO     | energy_stress.tft | [TFT/pytorch-forecasting] Fitting electricity (macro)
2026-09-03 22:54:40 | INFO     | energy_stress.tft | [TFT electricity] validation: MAE=7.8806, RMSE=7.9001
2026-09-03 22:54:47 | INFO     | energy_stress.tft | [TFT] Forecast saved → outputs/forecasts_rolling/2015/electricity_growth_pct_forecasts_tft_macro.csv
2026-09-03 22:54:47 | INFO     | energy_stress.forecast_pipeline | 
──────────────────────────────────────────────────
Series: CARBON
──────────────────────────────────────────────────
2026-09-03 22:54:47 | INFO     | energy_stress.forecast_pipeline | [carbon] train=104, test=12, full=116 (through 2015-12-01), actual_target=12 non-null (2016-01-01..2016-12-01)
2026-09-03 22:54:47 | INFO     | energy_stress.sarima | [SARIMA-CORE] Fitting on carbon (train=104 obs)
2026-09-03 22:55:42 | INFO     | energy_stress.sarima | SARIMA best order: (1, 0, 0) × (2, 1, 0, 12)
2026-09-03 22:55:42 | INFO     | energy_stress.sarima | [SARIMA-CORE carbon] validation: MAE=26.6059, RMSE=29.6279, MAPE=449.30%
2026-09-03 22:55:42 | INFO     | energy_stress.sarima | [SARIMA-CORE] Forecast saved → outputs/forecasts_rolling/2015/carbon_growth_pct_forecasts_sarima_core.csv
2026-09-03 22:55:42 | INFO     | energy_stress.sarima | [SARIMA-MACRO] Fitting on carbon (train=104 obs)
2026-09-03 22:56:27 | INFO     | energy_stress.sarima | SARIMA best order: (1, 0, 0) × (2, 1, 0, 12)
2026-09-03 22:56:27 | INFO     | energy_stress.sarima | [SARIMA-MACRO] Using exogenous: ['inflation_growth_lag1', 'weather_volatility_lag1', 'gdp_growth_lag1']
2026-09-03 22:56:27 | INFO     | energy_stress.sarima | [SARIMA-MACRO carbon] validation: MAE=21.0477, RMSE=23.1140, MAPE=531.23%
2026-09-03 22:56:28 | INFO     | energy_stress.sarima | [SARIMA-MACRO] Forecast saved → outputs/forecasts_rolling/2015/carbon_growth_pct_forecasts_sarima_macro.csv
2026-09-03 22:56:28 | INFO     | energy_stress.prophet | [Prophet-CORE] Fitting on carbon (train=104 obs, regressors=False, cps=0.01, sps=10.0, reg_ps=n/a, seasonality=additive)
2026-09-03 22:56:28 | INFO     | energy_stress.prophet | [Prophet-CORE carbon] validation: MAE=33.1625, RMSE=42.1741
2026-09-03 22:56:28 | INFO     | energy_stress.prophet | [Prophet-CORE] Forecast saved → outputs/forecasts_rolling/2015/carbon_growth_pct_forecasts_prophet_core.csv
2026-09-03 22:56:28 | INFO     | energy_stress.prophet | [Prophet-MACRO] Fitting on carbon (train=104 obs, regressors=True, cps=0.01, sps=10.0, reg_ps=0.1, seasonality=additive)
2026-09-03 22:56:29 | INFO     | energy_stress.prophet | [Prophet-MACRO carbon] validation: MAE=33.2664, RMSE=39.3463
2026-09-03 22:56:29 | INFO     | energy_stress.prophet | [Prophet-MACRO] Forecast saved → outputs/forecasts_rolling/2015/carbon_growth_pct_forecasts_prophet_macro.csv
2026-09-03 22:56:29 | INFO     | energy_stress.lstm | [LSTM-CORE] Training on carbon | train=2006-05-01→2014-12-01 (104 obs), test=2015-01-01→2015-12-01 (12 obs), use_macro=False, lookback=12, dropout=0.2, lr=0.001, units=(128,64), macro_feature_set=lstm
2026-09-03 22:56:44 | INFO     | energy_stress.lstm | [LSTM-CORE carbon] validation: MAE=18.9113, RMSE=20.6177
2026-09-03 22:57:56 | INFO     | energy_stress.lstm | [LSTM-CORE] Forecast saved → outputs/forecasts_rolling/2015/carbon_growth_pct_forecasts_lstm_core.csv
2026-09-03 22:57:56 | INFO     | energy_stress.lstm | [LSTM-CORE] Model saved → outputs/models
2026-09-03 22:57:56 | INFO     | energy_stress.lstm | [LSTM-MACRO] Training on carbon | train=2006-05-01→2014-12-01 (104 obs), test=2015-01-01→2015-12-01 (12 obs), use_macro=True, lookback=12, dropout=0.2, lr=0.001, units=(128,64), macro_feature_set=lstm
2026-09-03 22:58:16 | INFO     | energy_stress.lstm | [LSTM-MACRO carbon] validation: MAE=11.8571, RMSE=15.2519
2026-09-03 22:59:15 | INFO     | energy_stress.lstm | [LSTM-MACRO] Forecast saved → outputs/forecasts_rolling/2015/carbon_growth_pct_forecasts_lstm_macro.csv
2026-09-03 22:59:15 | INFO     | energy_stress.lstm | [LSTM-MACRO] Model saved → outputs/models
2026-09-03 22:59:15 | INFO     | energy_stress.tft | [TFT/pytorch-forecasting] Fitting carbon (core)
2026-09-03 22:59:20 | INFO     | energy_stress.tft | [TFT carbon] validation: MAE=41.7809, RMSE=44.2776
2026-09-03 22:59:24 | INFO     | energy_stress.tft | [TFT] Forecast saved → outputs/forecasts_rolling/2015/carbon_growth_pct_forecasts_tft_core.csv
2026-09-03 22:59:24 | INFO     | energy_stress.tft | [TFT/pytorch-forecasting] Fitting carbon (macro)
2026-09-03 22:59:30 | INFO     | energy_stress.tft | [TFT carbon] validation: MAE=36.1094, RMSE=37.3808
2026-09-03 22:59:36 | INFO     | energy_stress.tft | [TFT] Forecast saved → outputs/forecasts_rolling/2015/carbon_growth_pct_forecasts_tft_macro.csv
2026-09-03 22:59:36 | DEBUG    | energy_stress.model_evaluation | Loaded outputs/forecasts_rolling/2015/gas_growth_pct_forecasts_sarima_core.csv (12 rows)
2026-09-03 22:59:36 | DEBUG    | energy_stress.model_evaluation | Loaded outputs/forecasts_rolling/2015/gas_growth_pct_forecasts_sarima_macro.csv (12 rows)
2026-09-03 22:59:36 | DEBUG    | energy_stress.model_evaluation | Loaded outputs/forecasts_rolling/2015/gas_growth_pct_forecasts_prophet_core.csv (12 rows)
2026-09-03 22:59:36 | DEBUG    | energy_stress.model_evaluation | Loaded outputs/forecasts_rolling/2015/gas_growth_pct_forecasts_prophet_macro.csv (12 rows)
2026-09-03 22:59:36 | DEBUG    | energy_stress.model_evaluation | Loaded outputs/forecasts_rolling/2015/gas_growth_pct_forecasts_lstm_core.csv (12 rows)
2026-09-03 22:59:36 | DEBUG    | energy_stress.model_evaluation | Loaded outputs/forecasts_rolling/2015/gas_growth_pct_forecasts_lstm_macro.csv (12 rows)
2026-09-03 22:59:36 | DEBUG    | energy_stress.model_evaluation | Loaded outputs/forecasts_rolling/2015/gas_growth_pct_forecasts_tft_core.csv (12 rows)
2026-09-03 22:59:36 | DEBUG    | energy_stress.model_evaluation | Loaded outputs/forecasts_rolling/2015/gas_growth_pct_forecasts_tft_macro.csv (12 rows)
2026-09-03 22:59:36 | INFO     | energy_stress.model_evaluation | Combined forecasts (96 rows) → outputs/forecasts_rolling/2015/gas_growth_pct_forecasts_all.csv
2026-09-03 22:59:36 | INFO     | energy_stress.model_evaluation |   core combined → outputs/forecasts_rolling/2015/gas_growth_pct_forecasts_core.csv
2026-09-03 22:59:36 | INFO     | energy_stress.model_evaluation |   macro combined → outputs/forecasts_rolling/2015/gas_growth_pct_forecasts_macro.csv
2026-09-03 22:59:36 | DEBUG    | energy_stress.model_evaluation | Loaded outputs/forecasts_rolling/2015/electricity_growth_pct_forecasts_sarima_core.csv (12 rows)
2026-09-03 22:59:36 | DEBUG    | energy_stress.model_evaluation | Loaded outputs/forecasts_rolling/2015/electricity_growth_pct_forecasts_sarima_macro.csv (12 rows)
2026-09-03 22:59:36 | DEBUG    | energy_stress.model_evaluation | Loaded outputs/forecasts_rolling/2015/electricity_growth_pct_forecasts_prophet_core.csv (12 rows)
2026-09-03 22:59:36 | DEBUG    | energy_stress.model_evaluation | Loaded outputs/forecasts_rolling/2015/electricity_growth_pct_forecasts_prophet_macro.csv (12 rows)
2026-09-03 22:59:36 | DEBUG    | energy_stress.model_evaluation | Loaded outputs/forecasts_rolling/2015/electricity_growth_pct_forecasts_lstm_core.csv (12 rows)
2026-09-03 22:59:36 | DEBUG    | energy_stress.model_evaluation | Loaded outputs/forecasts_rolling/2015/electricity_growth_pct_forecasts_lstm_macro.csv (12 rows)
2026-09-03 22:59:36 | DEBUG    | energy_stress.model_evaluation | Loaded outputs/forecasts_rolling/2015/electricity_growth_pct_forecasts_tft_core.csv (12 rows)
2026-09-03 22:59:36 | DEBUG    | energy_stress.model_evaluation | Loaded outputs/forecasts_rolling/2015/electricity_growth_pct_forecasts_tft_macro.csv (12 rows)
2026-09-03 22:59:36 | INFO     | energy_stress.model_evaluation | Combined forecasts (96 rows) → outputs/forecasts_rolling/2015/electricity_growth_pct_forecasts_all.csv
2026-09-03 22:59:36 | INFO     | energy_stress.model_evaluation |   core combined → outputs/forecasts_rolling/2015/electricity_growth_pct_forecasts_core.csv
2026-09-03 22:59:36 | INFO     | energy_stress.model_evaluation |   macro combined → outputs/forecasts_rolling/2015/electricity_growth_pct_forecasts_macro.csv
2026-09-03 22:59:36 | DEBUG    | energy_stress.model_evaluation | Loaded outputs/forecasts_rolling/2015/carbon_growth_pct_forecasts_sarima_core.csv (12 rows)
2026-09-03 22:59:36 | DEBUG    | energy_stress.model_evaluation | Loaded outputs/forecasts_rolling/2015/carbon_growth_pct_forecasts_sarima_macro.csv (12 rows)
2026-09-03 22:59:36 | DEBUG    | energy_stress.model_evaluation | Loaded outputs/forecasts_rolling/2015/carbon_growth_pct_forecasts_prophet_core.csv (12 rows)
2026-09-03 22:59:36 | DEBUG    | energy_stress.model_evaluation | Loaded outputs/forecasts_rolling/2015/carbon_growth_pct_forecasts_prophet_macro.csv (12 rows)
2026-09-03 22:59:36 | DEBUG    | energy_stress.model_evaluation | Loaded outputs/forecasts_rolling/2015/carbon_growth_pct_forecasts_lstm_core.csv (12 rows)
2026-09-03 22:59:36 | DEBUG    | energy_stress.model_evaluation | Loaded outputs/forecasts_rolling/2015/carbon_growth_pct_forecasts_lstm_macro.csv (12 rows)
2026-09-03 22:59:36 | DEBUG    | energy_stress.model_evaluation | Loaded outputs/forecasts_rolling/2015/carbon_growth_pct_forecasts_tft_core.csv (12 rows)
2026-09-03 22:59:36 | DEBUG    | energy_stress.model_evaluation | Loaded outputs/forecasts_rolling/2015/carbon_growth_pct_forecasts_tft_macro.csv (12 rows)
2026-09-03 22:59:36 | INFO     | energy_stress.model_evaluation | Combined forecasts (96 rows) → outputs/forecasts_rolling/2015/carbon_growth_pct_forecasts_all.csv
2026-09-03 22:59:36 | INFO     | energy_stress.model_evaluation |   core combined → outputs/forecasts_rolling/2015/carbon_growth_pct_forecasts_core.csv
2026-09-03 22:59:36 | INFO     | energy_stress.model_evaluation |   macro combined → outputs/forecasts_rolling/2015/carbon_growth_pct_forecasts_macro.csv
2026-09-03 22:59:36 | INFO     | energy_stress.model_evaluation | Evaluating 24 model results across all series and modes
2026-09-03 22:59:36 | INFO     | energy_stress.model_evaluation | Best model [carbon][core]: LSTM (selection_score=1.450)
2026-09-03 22:59:36 | INFO     | energy_stress.model_evaluation | Best model [carbon][macro]: LSTM (selection_score=1.250)
2026-09-03 22:59:36 | INFO     | energy_stress.model_evaluation | Best model [electricity][core]: SARIMA (selection_score=1.050)
2026-09-03 22:59:36 | INFO     | energy_stress.model_evaluation | Best model [electricity][macro]: SARIMA (selection_score=1.150)
2026-09-03 22:59:36 | INFO     | energy_stress.model_evaluation | Best model [gas][core]: SARIMA (selection_score=1.200)
2026-09-03 22:59:36 | INFO     | energy_stress.model_evaluation | Best model [gas][macro]: Prophet (selection_score=1.025)
2026-09-03 22:59:36 | INFO     | energy_stress.model_evaluation | Metrics table saved → outputs/tables/rolling/2015/model_metrics_comparison.csv
2026-09-03 22:59:36 | INFO     | energy_stress.fes | Best models selected:
2026-09-03 22:59:36 | INFO     | energy_stress.fes |   [carbon][core] → LSTM
2026-09-03 22:59:36 | INFO     | energy_stress.fes |   [carbon][macro] → LSTM
2026-09-03 22:59:36 | INFO     | energy_stress.fes |   [electricity][core] → SARIMA
2026-09-03 22:59:36 | INFO     | energy_stress.fes |   [electricity][macro] → SARIMA
2026-09-03 22:59:36 | INFO     | energy_stress.fes |   [gas][core] → SARIMA
2026-09-03 22:59:36 | INFO     | energy_stress.fes |   [gas][macro] → Prophet
2026-09-03 22:59:36 | INFO     | energy_stress.fes | Per-series mode selected for FES_selected (metric per series/mode: {('gas', 'core'): 'RMSE', ('gas', 'macro'): 'RMSE', ('electricity', 'core'): 'RMSE', ('electricity', 'macro'): 'RMSE', ('carbon', 'core'): 'RMSE', ('carbon', 'macro'): 'RMSE'}): {'gas': 'core', 'electricity': 'macro', 'carbon': 'macro'}
2026-09-03 22:59:36 | INFO     | energy_stress.fes | FES_Weighted series weights (inverse validation-RMSE, normalized to mean 1.0): {'gas': 0.9579590356503903, 'electricity': 1.8537528497427358, 'carbon': 0.1882881146068738}
2026-09-03 22:59:36 | INFO     | energy_stress.fes | [gas] train μ=9.9991, σ=16.4258 | unc_ref μ=8.1717, σ=6.6810
2026-09-03 22:59:36 | INFO     | energy_stress.fes | [electricity] train μ=7.3272, σ=9.8552 | unc_ref μ=5.1024, σ=3.6717
2026-09-03 22:59:36 | INFO     | energy_stress.fes | [carbon] train μ=-11.1794, σ=208.4125 | unc_ref μ=96.6718, σ=127.3725
2026-09-03 22:59:36 | INFO     | energy_stress.fes | [actual real-vol] train μ=0.5166, σ=0.3547
2026-09-03 22:59:36 | INFO     | energy_stress.fes | Monthly FES saved → outputs/fes/rolling/2015/fes_monthly_2016.csv
2026-09-03 22:59:36 | INFO     | energy_stress.fes | [gas] train μ=11.6779, σ=16.5345 | unc_ref μ=8.7509, σ=6.8464
2026-09-03 22:59:36 | INFO     | energy_stress.fes | [electricity] train μ=8.2156, σ=10.0365 | unc_ref μ=5.4274, σ=3.7421
2026-09-03 22:59:36 | INFO     | energy_stress.fes | [carbon] train μ=-15.3766, σ=219.7992 | unc_ref μ=106.8053, σ=131.3407
2026-09-03 22:59:36 | INFO     | energy_stress.fes | [actual real-vol] train μ=0.5094, σ=0.3505
2026-09-03 22:59:36 | INFO     | energy_stress.fes | FES_actual, prior year 2015 (baseline for FES_selected's 2016 forecast): mean=-1.60936 -> outputs/fes/rolling/2015/fes_prior_actual_2015.csv
2026-09-03 22:59:36 | INFO     | energy_stress.fes | FES comparison metrics saved → outputs/fes/rolling/2015/fes_comparison_metrics.csv  (12 rows)
2026-09-03 22:59:36 | INFO     | energy_stress.fes | Best RMSE per variant:
FES_variant
Equal_Core        1.39957
Equal_Macro       0.81122
Equal_Selected    1.00385
Equal_Weighted    0.78459
2026-09-03 22:59:36 | INFO     | energy_stress.forecast_pipeline | ========================================
2026-09-03 22:59:36 | INFO     | energy_stress.forecast_pipeline | STAGE 2: Rolling year as_of=2016 (split train<2016, test=2016, refit<=2016, forecast=2017)
2026-09-03 22:59:36 | INFO     | energy_stress.forecast_pipeline | ========================================
2026-09-03 22:59:36 | INFO     | energy_stress.preprocessing | Train: 116 rows (through 2015-12-01) | Test: 12 rows (2016-01-01..2016-12-01)
2026-09-03 22:59:36 | INFO     | energy_stress.forecast_pipeline | 
──────────────────────────────────────────────────
Series: GAS
──────────────────────────────────────────────────
2026-09-03 22:59:36 | INFO     | energy_stress.forecast_pipeline | [gas] train=116, test=12, full=128 (through 2016-12-01), actual_target=12 non-null (2017-01-01..2017-12-01)
2026-09-03 22:59:36 | INFO     | energy_stress.sarima | [SARIMA-CORE] Fitting on gas (train=116 obs)
2026-09-03 23:00:26 | INFO     | energy_stress.sarima | SARIMA best order: (2, 0, 0) × (2, 1, 1, 12)
2026-09-03 23:00:27 | INFO     | energy_stress.sarima | [SARIMA-CORE gas] validation: MAE=3.3130, RMSE=3.7257, MAPE=58.92%
2026-09-03 23:00:27 | INFO     | energy_stress.sarima | [SARIMA-CORE] Forecast saved → outputs/forecasts_rolling/2016/gas_growth_pct_forecasts_sarima_core.csv
2026-09-03 23:00:27 | INFO     | energy_stress.sarima | [SARIMA-MACRO] Fitting on gas (train=116 obs)
2026-09-03 23:01:13 | INFO     | energy_stress.sarima | SARIMA best order: (2, 0, 0) × (2, 1, 1, 12)
2026-09-03 23:01:13 | INFO     | energy_stress.sarima | [SARIMA-MACRO] Using exogenous: ['inflation_growth_lag1', 'weather_volatility_lag1', 'gdp_growth_lag1', 'gas_futures_log_return_lag1', 'gas_futures_yoy_growth_lag1']
2026-09-03 23:01:14 | INFO     | energy_stress.sarima | [SARIMA-MACRO gas] validation: MAE=6.1676, RMSE=6.5685, MAPE=109.33%
2026-09-03 23:01:15 | INFO     | energy_stress.sarima | [SARIMA-MACRO] Forecast saved → outputs/forecasts_rolling/2016/gas_growth_pct_forecasts_sarima_macro.csv
2026-09-03 23:01:15 | INFO     | energy_stress.prophet | [Prophet-CORE] Fitting on gas (train=116 obs, regressors=False, cps=0.01, sps=10.0, reg_ps=n/a, seasonality=additive)
2026-09-03 23:01:15 | INFO     | energy_stress.prophet | [Prophet-CORE gas] validation: MAE=6.6244, RMSE=6.8371
2026-09-03 23:01:15 | INFO     | energy_stress.prophet | [Prophet-CORE] Forecast saved → outputs/forecasts_rolling/2016/gas_growth_pct_forecasts_prophet_core.csv
2026-09-03 23:01:15 | INFO     | energy_stress.prophet | [Prophet-MACRO] Fitting on gas (train=116 obs, regressors=True, cps=0.01, sps=10.0, reg_ps=0.5, seasonality=additive)
2026-09-03 23:01:15 | INFO     | energy_stress.prophet | [Prophet-MACRO gas] validation: MAE=4.9461, RMSE=5.3803
2026-09-03 23:01:15 | INFO     | energy_stress.prophet | [Prophet-MACRO] Forecast saved → outputs/forecasts_rolling/2016/gas_growth_pct_forecasts_prophet_macro.csv
2026-09-03 23:01:15 | INFO     | energy_stress.lstm | [LSTM-CORE] Training on gas | train=2006-05-01→2015-12-01 (116 obs), test=2016-01-01→2016-12-01 (12 obs), use_macro=False, lookback=12, dropout=0.2, lr=0.001, units=(128,64), macro_feature_set=lstm
2026-09-03 23:01:26 | INFO     | energy_stress.lstm | [LSTM-CORE gas] validation: MAE=1.0414, RMSE=1.3643
2026-09-03 23:02:09 | INFO     | energy_stress.lstm | [LSTM-CORE] Forecast saved → outputs/forecasts_rolling/2016/gas_growth_pct_forecasts_lstm_core.csv
2026-09-03 23:02:09 | INFO     | energy_stress.lstm | [LSTM-CORE] Model saved → outputs/models
2026-09-03 23:02:09 | INFO     | energy_stress.lstm | [LSTM-MACRO] Training on gas | train=2006-05-01→2015-12-01 (116 obs), test=2016-01-01→2016-12-01 (12 obs), use_macro=True, lookback=6, dropout=0.2, lr=0.001, units=(64,32), macro_feature_set=lstm
2026-09-03 23:02:21 | INFO     | energy_stress.lstm | [LSTM-MACRO gas] validation: MAE=2.8236, RMSE=2.9728
2026-09-03 23:02:56 | INFO     | energy_stress.lstm | [LSTM-MACRO] Forecast saved → outputs/forecasts_rolling/2016/gas_growth_pct_forecasts_lstm_macro.csv
2026-09-03 23:02:56 | INFO     | energy_stress.lstm | [LSTM-MACRO] Model saved → outputs/models
2026-09-03 23:02:56 | INFO     | energy_stress.tft | [TFT/pytorch-forecasting] Fitting gas (core)
2026-09-03 23:03:01 | INFO     | energy_stress.tft | [TFT gas] validation: MAE=9.8350, RMSE=10.5267
2026-09-03 23:03:07 | INFO     | energy_stress.tft | [TFT] Forecast saved → outputs/forecasts_rolling/2016/gas_growth_pct_forecasts_tft_core.csv
2026-09-03 23:03:07 | INFO     | energy_stress.tft | [TFT/pytorch-forecasting] Fitting gas (macro)
2026-09-03 23:03:12 | INFO     | energy_stress.tft | [TFT gas] validation: MAE=4.5926, RMSE=4.9554
2026-09-03 23:03:19 | INFO     | energy_stress.tft | [TFT] Forecast saved → outputs/forecasts_rolling/2016/gas_growth_pct_forecasts_tft_macro.csv
2026-09-03 23:03:19 | INFO     | energy_stress.forecast_pipeline | 
──────────────────────────────────────────────────
Series: ELECTRICITY
──────────────────────────────────────────────────
2026-09-03 23:03:19 | INFO     | energy_stress.forecast_pipeline | [electricity] train=116, test=12, full=128 (through 2016-12-01), actual_target=12 non-null (2017-01-01..2017-12-01)
2026-09-03 23:03:19 | INFO     | energy_stress.sarima | [SARIMA-CORE] Fitting on electricity (train=116 obs)
2026-09-03 23:05:06 | INFO     | energy_stress.sarima | SARIMA best order: (2, 0, 0) × (2, 1, 1, 12)
2026-09-03 23:05:06 | INFO     | energy_stress.sarima | [SARIMA-CORE electricity] validation: MAE=2.9181, RMSE=3.2292, MAPE=1329.56%
2026-09-03 23:05:07 | INFO     | energy_stress.sarima | [SARIMA-CORE] Forecast saved → outputs/forecasts_rolling/2016/electricity_growth_pct_forecasts_sarima_core.csv
2026-09-03 23:05:07 | INFO     | energy_stress.sarima | [SARIMA-MACRO] Fitting on electricity (train=116 obs)
2026-09-03 23:06:56 | INFO     | energy_stress.sarima | SARIMA best order: (2, 0, 0) × (2, 1, 1, 12)
2026-09-03 23:06:56 | INFO     | energy_stress.sarima | [SARIMA-MACRO] Using exogenous: ['inflation_growth_lag1', 'weather_volatility_lag1', 'gdp_growth_lag1', 'gas_futures_log_return_lag1', 'gas_futures_yoy_growth_lag1', 'electricity_growth_lag12', 'post_2016_electricity_regime', 'gbp_eur_yoy_change_lag12']
2026-09-03 23:06:58 | INFO     | energy_stress.sarima | [SARIMA-MACRO electricity] validation: MAE=3.1690, RMSE=3.3593, MAPE=1436.60%
2026-09-03 23:06:59 | INFO     | energy_stress.sarima | [SARIMA-MACRO] Forecast saved → outputs/forecasts_rolling/2016/electricity_growth_pct_forecasts_sarima_macro.csv
2026-09-03 23:06:59 | INFO     | energy_stress.prophet | [Prophet-CORE] Fitting on electricity (train=116 obs, regressors=False, cps=0.01, sps=10.0, reg_ps=n/a, seasonality=additive)
2026-09-03 23:06:59 | INFO     | energy_stress.prophet | [Prophet-CORE electricity] validation: MAE=6.0240, RMSE=6.0617
2026-09-03 23:06:59 | INFO     | energy_stress.prophet | [Prophet-CORE] Forecast saved → outputs/forecasts_rolling/2016/electricity_growth_pct_forecasts_prophet_core.csv
2026-09-03 23:06:59 | INFO     | energy_stress.prophet | [Prophet-MACRO] Fitting on electricity (train=116 obs, regressors=True, cps=0.01, sps=10.0, reg_ps=0.5, seasonality=additive)
2026-09-03 23:06:59 | INFO     | energy_stress.prophet | [Prophet-MACRO electricity] validation: MAE=2.4112, RMSE=2.5011
2026-09-03 23:06:59 | INFO     | energy_stress.prophet | [Prophet-MACRO] Forecast saved → outputs/forecasts_rolling/2016/electricity_growth_pct_forecasts_prophet_macro.csv
2026-09-03 23:06:59 | INFO     | energy_stress.lstm | [LSTM-CORE] Training on electricity | train=2006-05-01→2015-12-01 (116 obs), test=2016-01-01→2016-12-01 (12 obs), use_macro=False, lookback=6, dropout=0.2, lr=0.001, units=(64,32), macro_feature_set=lstm
2026-09-03 23:07:07 | INFO     | energy_stress.lstm | [LSTM-CORE electricity] validation: MAE=1.3892, RMSE=1.3908
2026-09-03 23:07:34 | INFO     | energy_stress.lstm | [LSTM-CORE] Forecast saved → outputs/forecasts_rolling/2016/electricity_growth_pct_forecasts_lstm_core.csv
2026-09-03 23:07:34 | INFO     | energy_stress.lstm | [LSTM-CORE] Model saved → outputs/models
2026-09-03 23:07:34 | INFO     | energy_stress.lstm | [LSTM-MACRO] Training on electricity | train=2006-05-01→2015-12-01 (116 obs), test=2016-01-01→2016-12-01 (12 obs), use_macro=True, lookback=3, dropout=0.1, lr=0.001, units=(64,32), macro_feature_set=lean
2026-09-03 23:07:40 | INFO     | energy_stress.lstm | [LSTM-MACRO electricity] validation: MAE=0.4233, RMSE=0.5721
2026-09-03 23:08:01 | INFO     | energy_stress.lstm | [LSTM-MACRO] Forecast saved → outputs/forecasts_rolling/2016/electricity_growth_pct_forecasts_lstm_macro.csv
2026-09-03 23:08:01 | INFO     | energy_stress.lstm | [LSTM-MACRO] Model saved → outputs/models
2026-09-03 23:08:01 | INFO     | energy_stress.tft | [TFT/pytorch-forecasting] Fitting electricity (core)
2026-09-03 23:08:06 | INFO     | energy_stress.tft | [TFT electricity] validation: MAE=4.4119, RMSE=4.5806
2026-09-03 23:08:12 | INFO     | energy_stress.tft | [TFT] Forecast saved → outputs/forecasts_rolling/2016/electricity_growth_pct_forecasts_tft_core.csv
2026-09-03 23:08:12 | INFO     | energy_stress.tft | [TFT/pytorch-forecasting] Fitting electricity (macro)
2026-09-03 23:08:21 | INFO     | energy_stress.tft | [TFT electricity] validation: MAE=2.5586, RMSE=2.6490
2026-09-03 23:08:31 | INFO     | energy_stress.tft | [TFT] Forecast saved → outputs/forecasts_rolling/2016/electricity_growth_pct_forecasts_tft_macro.csv
2026-09-03 23:08:31 | INFO     | energy_stress.forecast_pipeline | 
──────────────────────────────────────────────────
Series: CARBON
──────────────────────────────────────────────────
2026-09-03 23:08:31 | INFO     | energy_stress.forecast_pipeline | [carbon] train=116, test=12, full=128 (through 2016-12-01), actual_target=12 non-null (2017-01-01..2017-12-01)
2026-09-03 23:08:31 | INFO     | energy_stress.sarima | [SARIMA-CORE] Fitting on carbon (train=116 obs)
2026-09-03 23:09:40 | INFO     | energy_stress.sarima | SARIMA best order: (1, 0, 0) × (2, 1, 0, 12)
2026-09-03 23:09:41 | INFO     | energy_stress.sarima | [SARIMA-CORE carbon] validation: MAE=52.1039, RMSE=54.4540, MAPE=149.59%
2026-09-03 23:09:41 | INFO     | energy_stress.sarima | [SARIMA-CORE] Forecast saved → outputs/forecasts_rolling/2016/carbon_growth_pct_forecasts_sarima_core.csv
2026-09-03 23:09:41 | INFO     | energy_stress.sarima | [SARIMA-MACRO] Fitting on carbon (train=116 obs)
2026-09-03 23:11:13 | INFO     | energy_stress.sarima | SARIMA best order: (1, 0, 0) × (2, 1, 0, 12)
2026-09-03 23:11:13 | INFO     | energy_stress.sarima | [SARIMA-MACRO] Using exogenous: ['inflation_growth_lag1', 'weather_volatility_lag1', 'gdp_growth_lag1']
2026-09-03 23:11:14 | INFO     | energy_stress.sarima | [SARIMA-MACRO carbon] validation: MAE=40.8998, RMSE=43.2950, MAPE=114.51%
2026-09-03 23:11:15 | INFO     | energy_stress.sarima | [SARIMA-MACRO] Forecast saved → outputs/forecasts_rolling/2016/carbon_growth_pct_forecasts_sarima_macro.csv
2026-09-03 23:11:15 | INFO     | energy_stress.prophet | [Prophet-CORE] Fitting on carbon (train=116 obs, regressors=False, cps=0.01, sps=10.0, reg_ps=n/a, seasonality=additive)
2026-09-03 23:11:15 | INFO     | energy_stress.prophet | [Prophet-CORE carbon] validation: MAE=35.9576, RMSE=39.4417
2026-09-03 23:11:15 | INFO     | energy_stress.prophet | [Prophet-CORE] Forecast saved → outputs/forecasts_rolling/2016/carbon_growth_pct_forecasts_prophet_core.csv
2026-09-03 23:11:15 | INFO     | energy_stress.prophet | [Prophet-MACRO] Fitting on carbon (train=116 obs, regressors=True, cps=0.01, sps=10.0, reg_ps=0.1, seasonality=additive)
2026-09-03 23:11:15 | INFO     | energy_stress.prophet | [Prophet-MACRO carbon] validation: MAE=26.0982, RMSE=31.8644
2026-09-03 23:11:15 | INFO     | energy_stress.prophet | [Prophet-MACRO] Forecast saved → outputs/forecasts_rolling/2016/carbon_growth_pct_forecasts_prophet_macro.csv
2026-09-03 23:11:15 | INFO     | energy_stress.lstm | [LSTM-CORE] Training on carbon | train=2006-05-01→2015-12-01 (116 obs), test=2016-01-01→2016-12-01 (12 obs), use_macro=False, lookback=12, dropout=0.2, lr=0.001, units=(128,64), macro_feature_set=lstm
2026-09-03 23:11:43 | INFO     | energy_stress.lstm | [LSTM-CORE carbon] validation: MAE=34.1463, RMSE=36.9979
2026-09-03 23:13:31 | INFO     | energy_stress.lstm | [LSTM-CORE] Forecast saved → outputs/forecasts_rolling/2016/carbon_growth_pct_forecasts_lstm_core.csv
2026-09-03 23:13:31 | INFO     | energy_stress.lstm | [LSTM-CORE] Model saved → outputs/models
2026-09-03 23:13:31 | INFO     | energy_stress.lstm | [LSTM-MACRO] Training on carbon | train=2006-05-01→2015-12-01 (116 obs), test=2016-01-01→2016-12-01 (12 obs), use_macro=True, lookback=12, dropout=0.2, lr=0.001, units=(128,64), macro_feature_set=lstm
2026-09-03 23:14:17 | INFO     | energy_stress.lstm | [LSTM-MACRO carbon] validation: MAE=40.4575, RMSE=43.3926
2026-09-03 23:15:50 | INFO     | energy_stress.lstm | [LSTM-MACRO] Forecast saved → outputs/forecasts_rolling/2016/carbon_growth_pct_forecasts_lstm_macro.csv
2026-09-03 23:15:50 | INFO     | energy_stress.lstm | [LSTM-MACRO] Model saved → outputs/models
2026-09-03 23:15:50 | INFO     | energy_stress.tft | [TFT/pytorch-forecasting] Fitting carbon (core)
2026-09-03 23:15:55 | INFO     | energy_stress.tft | [TFT carbon] validation: MAE=18.2911, RMSE=21.1818
2026-09-03 23:16:01 | INFO     | energy_stress.tft | [TFT] Forecast saved → outputs/forecasts_rolling/2016/carbon_growth_pct_forecasts_tft_core.csv
2026-09-03 23:16:01 | INFO     | energy_stress.tft | [TFT/pytorch-forecasting] Fitting carbon (macro)
2026-09-03 23:16:08 | INFO     | energy_stress.tft | [TFT carbon] validation: MAE=56.1192, RMSE=60.1121
2026-09-03 23:16:19 | INFO     | energy_stress.tft | [TFT] Forecast saved → outputs/forecasts_rolling/2016/carbon_growth_pct_forecasts_tft_macro.csv
2026-09-03 23:16:19 | DEBUG    | energy_stress.model_evaluation | Loaded outputs/forecasts_rolling/2016/gas_growth_pct_forecasts_sarima_core.csv (12 rows)
2026-09-03 23:16:19 | DEBUG    | energy_stress.model_evaluation | Loaded outputs/forecasts_rolling/2016/gas_growth_pct_forecasts_sarima_macro.csv (12 rows)
2026-09-03 23:16:19 | DEBUG    | energy_stress.model_evaluation | Loaded outputs/forecasts_rolling/2016/gas_growth_pct_forecasts_prophet_core.csv (12 rows)
2026-09-03 23:16:19 | DEBUG    | energy_stress.model_evaluation | Loaded outputs/forecasts_rolling/2016/gas_growth_pct_forecasts_prophet_macro.csv (12 rows)
2026-09-03 23:16:19 | DEBUG    | energy_stress.model_evaluation | Loaded outputs/forecasts_rolling/2016/gas_growth_pct_forecasts_lstm_core.csv (12 rows)
2026-09-03 23:16:19 | DEBUG    | energy_stress.model_evaluation | Loaded outputs/forecasts_rolling/2016/gas_growth_pct_forecasts_lstm_macro.csv (12 rows)
2026-09-03 23:16:19 | DEBUG    | energy_stress.model_evaluation | Loaded outputs/forecasts_rolling/2016/gas_growth_pct_forecasts_tft_core.csv (12 rows)
2026-09-03 23:16:19 | DEBUG    | energy_stress.model_evaluation | Loaded outputs/forecasts_rolling/2016/gas_growth_pct_forecasts_tft_macro.csv (12 rows)
2026-09-03 23:16:19 | INFO     | energy_stress.model_evaluation | Combined forecasts (96 rows) → outputs/forecasts_rolling/2016/gas_growth_pct_forecasts_all.csv
2026-09-03 23:16:19 | INFO     | energy_stress.model_evaluation |   core combined → outputs/forecasts_rolling/2016/gas_growth_pct_forecasts_core.csv
2026-09-03 23:16:19 | INFO     | energy_stress.model_evaluation |   macro combined → outputs/forecasts_rolling/2016/gas_growth_pct_forecasts_macro.csv
2026-09-03 23:16:19 | DEBUG    | energy_stress.model_evaluation | Loaded outputs/forecasts_rolling/2016/electricity_growth_pct_forecasts_sarima_core.csv (12 rows)
2026-09-03 23:16:19 | DEBUG    | energy_stress.model_evaluation | Loaded outputs/forecasts_rolling/2016/electricity_growth_pct_forecasts_sarima_macro.csv (12 rows)
2026-09-03 23:16:19 | DEBUG    | energy_stress.model_evaluation | Loaded outputs/forecasts_rolling/2016/electricity_growth_pct_forecasts_prophet_core.csv (12 rows)
2026-09-03 23:16:19 | DEBUG    | energy_stress.model_evaluation | Loaded outputs/forecasts_rolling/2016/electricity_growth_pct_forecasts_prophet_macro.csv (12 rows)
2026-09-03 23:16:19 | DEBUG    | energy_stress.model_evaluation | Loaded outputs/forecasts_rolling/2016/electricity_growth_pct_forecasts_lstm_core.csv (12 rows)
2026-09-03 23:16:19 | DEBUG    | energy_stress.model_evaluation | Loaded outputs/forecasts_rolling/2016/electricity_growth_pct_forecasts_lstm_macro.csv (12 rows)
2026-09-03 23:16:19 | DEBUG    | energy_stress.model_evaluation | Loaded outputs/forecasts_rolling/2016/electricity_growth_pct_forecasts_tft_core.csv (12 rows)
2026-09-03 23:16:19 | DEBUG    | energy_stress.model_evaluation | Loaded outputs/forecasts_rolling/2016/electricity_growth_pct_forecasts_tft_macro.csv (12 rows)
2026-09-03 23:16:19 | INFO     | energy_stress.model_evaluation | Combined forecasts (96 rows) → outputs/forecasts_rolling/2016/electricity_growth_pct_forecasts_all.csv
2026-09-03 23:16:19 | INFO     | energy_stress.model_evaluation |   core combined → outputs/forecasts_rolling/2016/electricity_growth_pct_forecasts_core.csv
2026-09-03 23:16:19 | INFO     | energy_stress.model_evaluation |   macro combined → outputs/forecasts_rolling/2016/electricity_growth_pct_forecasts_macro.csv
2026-09-03 23:16:19 | DEBUG    | energy_stress.model_evaluation | Loaded outputs/forecasts_rolling/2016/carbon_growth_pct_forecasts_sarima_core.csv (12 rows)
2026-09-03 23:16:19 | DEBUG    | energy_stress.model_evaluation | Loaded outputs/forecasts_rolling/2016/carbon_growth_pct_forecasts_sarima_macro.csv (12 rows)
2026-09-03 23:16:19 | DEBUG    | energy_stress.model_evaluation | Loaded outputs/forecasts_rolling/2016/carbon_growth_pct_forecasts_prophet_core.csv (12 rows)
2026-09-03 23:16:19 | DEBUG    | energy_stress.model_evaluation | Loaded outputs/forecasts_rolling/2016/carbon_growth_pct_forecasts_prophet_macro.csv (12 rows)
2026-09-03 23:16:19 | DEBUG    | energy_stress.model_evaluation | Loaded outputs/forecasts_rolling/2016/carbon_growth_pct_forecasts_lstm_core.csv (12 rows)
2026-09-03 23:16:19 | DEBUG    | energy_stress.model_evaluation | Loaded outputs/forecasts_rolling/2016/carbon_growth_pct_forecasts_lstm_macro.csv (12 rows)
2026-09-03 23:16:19 | DEBUG    | energy_stress.model_evaluation | Loaded outputs/forecasts_rolling/2016/carbon_growth_pct_forecasts_tft_core.csv (12 rows)
2026-09-03 23:16:19 | DEBUG    | energy_stress.model_evaluation | Loaded outputs/forecasts_rolling/2016/carbon_growth_pct_forecasts_tft_macro.csv (12 rows)
2026-09-03 23:16:19 | INFO     | energy_stress.model_evaluation | Combined forecasts (96 rows) → outputs/forecasts_rolling/2016/carbon_growth_pct_forecasts_all.csv
2026-09-03 23:16:19 | INFO     | energy_stress.model_evaluation |   core combined → outputs/forecasts_rolling/2016/carbon_growth_pct_forecasts_core.csv
2026-09-03 23:16:19 | INFO     | energy_stress.model_evaluation |   macro combined → outputs/forecasts_rolling/2016/carbon_growth_pct_forecasts_macro.csv
2026-09-03 23:16:19 | INFO     | energy_stress.model_evaluation | Evaluating 24 model results across all series and modes
2026-09-03 23:16:19 | INFO     | energy_stress.model_evaluation | Best model [carbon][core]: TFT (selection_score=1.150)
2026-09-03 23:16:19 | INFO     | energy_stress.model_evaluation | Best model [carbon][macro]: Prophet (selection_score=1.250)
2026-09-03 23:16:19 | INFO     | energy_stress.model_evaluation | Best model [electricity][core]: LSTM (selection_score=1.250)
2026-09-03 23:16:19 | INFO     | energy_stress.model_evaluation | Best model [electricity][macro]: LSTM (selection_score=1.100)
2026-09-03 23:16:19 | INFO     | energy_stress.model_evaluation | Best model [gas][core]: LSTM (selection_score=1.150)
2026-09-03 23:16:19 | INFO     | energy_stress.model_evaluation | Best model [gas][macro]: LSTM (selection_score=1.450)
2026-09-03 23:16:19 | INFO     | energy_stress.model_evaluation | Metrics table saved → outputs/tables/rolling/2016/model_metrics_comparison.csv
2026-09-03 23:16:19 | INFO     | energy_stress.fes | Best models selected:
2026-09-03 23:16:19 | INFO     | energy_stress.fes |   [carbon][core] → TFT
2026-09-03 23:16:19 | INFO     | energy_stress.fes |   [carbon][macro] → Prophet
2026-09-03 23:16:19 | INFO     | energy_stress.fes |   [electricity][core] → LSTM
2026-09-03 23:16:19 | INFO     | energy_stress.fes |   [electricity][macro] → LSTM
2026-09-03 23:16:19 | INFO     | energy_stress.fes |   [gas][core] → LSTM
2026-09-03 23:16:19 | INFO     | energy_stress.fes |   [gas][macro] → LSTM
2026-09-03 23:16:19 | INFO     | energy_stress.fes | Per-series mode selected for FES_selected (metric per series/mode: {('gas', 'core'): 'RMSE', ('gas', 'macro'): 'RMSE', ('electricity', 'core'): 'RMSE', ('electricity', 'macro'): 'RMSE', ('carbon', 'core'): 'RMSE', ('carbon', 'macro'): 'RMSE'}): {'gas': 'core', 'electricity': 'macro', 'carbon': 'core'}
2026-09-03 23:16:19 | INFO     | energy_stress.fes | FES_Weighted series weights (inverse validation-RMSE, normalized to mean 1.0): {'gas': 0.8697766001124368, 'electricity': 2.074202027160542, 'carbon': 0.056021372727021235}
2026-09-03 23:16:19 | INFO     | energy_stress.fes | [gas] train μ=8.5016, σ=16.3173 | unc_ref μ=7.4653, σ=6.7012
2026-09-03 23:16:19 | INFO     | energy_stress.fes | [electricity] train μ=6.6176, σ=9.6360 | unc_ref μ=4.6099, σ=3.7971
2026-09-03 23:16:19 | INFO     | energy_stress.fes | [carbon] train μ=-13.7019, σ=198.5442 | unc_ref μ=89.7196, σ=122.8057
2026-09-03 23:16:19 | INFO     | energy_stress.fes | [actual real-vol] train μ=0.5095, σ=0.3615
2026-09-03 23:16:19 | INFO     | energy_stress.fes | Monthly FES saved → outputs/fes/rolling/2016/fes_monthly_2017.csv
2026-09-03 23:16:19 | INFO     | energy_stress.fes | [gas] train μ=9.9991, σ=16.4258 | unc_ref μ=8.1717, σ=6.6810
2026-09-03 23:16:19 | INFO     | energy_stress.fes | [electricity] train μ=7.3272, σ=9.8552 | unc_ref μ=5.1024, σ=3.6717
2026-09-03 23:16:19 | INFO     | energy_stress.fes | [carbon] train μ=-11.1794, σ=208.4125 | unc_ref μ=96.6718, σ=127.3725
2026-09-03 23:16:19 | INFO     | energy_stress.fes | [actual real-vol] train μ=0.5166, σ=0.3547
2026-09-03 23:16:19 | INFO     | energy_stress.fes | FES_actual, prior year 2016 (baseline for FES_selected's 2017 forecast): mean=-2.31158 -> outputs/fes/rolling/2016/fes_prior_actual_2016.csv
2026-09-03 23:16:19 | INFO     | energy_stress.fes | FES comparison metrics saved → outputs/fes/rolling/2016/fes_comparison_metrics.csv  (12 rows)
2026-09-03 23:16:19 | INFO     | energy_stress.fes | Best RMSE per variant:
FES_variant
Equal_Core        0.39749
Equal_Macro       0.47839
Equal_Selected    0.24122
Equal_Weighted    0.57730
2026-09-03 23:16:19 | INFO     | energy_stress.forecast_pipeline | ========================================
2026-09-03 23:16:19 | INFO     | energy_stress.forecast_pipeline | STAGE 2: Rolling year as_of=2017 (split train<2017, test=2017, refit<=2017, forecast=2018)
2026-09-03 23:16:19 | INFO     | energy_stress.forecast_pipeline | ========================================
2026-09-03 23:16:19 | INFO     | energy_stress.preprocessing | Train: 128 rows (through 2016-12-01) | Test: 12 rows (2017-01-01..2017-12-01)
2026-09-03 23:16:19 | INFO     | energy_stress.forecast_pipeline | 
──────────────────────────────────────────────────
Series: GAS
──────────────────────────────────────────────────
2026-09-03 23:16:19 | INFO     | energy_stress.forecast_pipeline | [gas] train=128, test=12, full=140 (through 2017-12-01), actual_target=12 non-null (2018-01-01..2018-12-01)
2026-09-03 23:16:19 | INFO     | energy_stress.sarima | [SARIMA-CORE] Fitting on gas (train=128 obs)
2026-09-03 23:19:04 | INFO     | energy_stress.sarima | SARIMA best order: (2, 0, 0) × (2, 1, 1, 12)
2026-09-03 23:19:04 | INFO     | energy_stress.sarima | [SARIMA-CORE gas] validation: MAE=4.2312, RMSE=4.6260, MAPE=2231.75%
2026-09-03 23:19:05 | INFO     | energy_stress.sarima | [SARIMA-CORE] Forecast saved → outputs/forecasts_rolling/2017/gas_growth_pct_forecasts_sarima_core.csv
2026-09-03 23:19:05 | INFO     | energy_stress.sarima | [SARIMA-MACRO] Fitting on gas (train=128 obs)
2026-09-03 23:21:51 | INFO     | energy_stress.sarima | SARIMA best order: (2, 0, 0) × (2, 1, 1, 12)
2026-09-03 23:21:52 | INFO     | energy_stress.sarima | [SARIMA-MACRO] Using exogenous: ['inflation_growth_lag1', 'weather_volatility_lag1', 'gdp_growth_lag1', 'gas_futures_log_return_lag1', 'gas_futures_yoy_growth_lag1']
2026-09-03 23:21:53 | INFO     | energy_stress.sarima | [SARIMA-MACRO gas] validation: MAE=1.9546, RMSE=2.4721, MAPE=830.12%
2026-09-03 23:21:54 | INFO     | energy_stress.sarima | [SARIMA-MACRO] Forecast saved → outputs/forecasts_rolling/2017/gas_growth_pct_forecasts_sarima_macro.csv
2026-09-03 23:21:54 | INFO     | energy_stress.prophet | [Prophet-CORE] Fitting on gas (train=128 obs, regressors=False, cps=0.01, sps=10.0, reg_ps=n/a, seasonality=additive)
2026-09-03 23:21:54 | INFO     | energy_stress.prophet | [Prophet-CORE gas] validation: MAE=12.7233, RMSE=12.9993
2026-09-03 23:21:54 | INFO     | energy_stress.prophet | [Prophet-CORE] Forecast saved → outputs/forecasts_rolling/2017/gas_growth_pct_forecasts_prophet_core.csv
2026-09-03 23:21:54 | INFO     | energy_stress.prophet | [Prophet-MACRO] Fitting on gas (train=128 obs, regressors=True, cps=0.01, sps=10.0, reg_ps=0.5, seasonality=additive)
2026-09-03 23:21:55 | INFO     | energy_stress.prophet | [Prophet-MACRO gas] validation: MAE=2.0251, RMSE=2.5944
2026-09-03 23:21:55 | INFO     | energy_stress.prophet | [Prophet-MACRO] Forecast saved → outputs/forecasts_rolling/2017/gas_growth_pct_forecasts_prophet_macro.csv
2026-09-03 23:21:55 | INFO     | energy_stress.lstm | [LSTM-CORE] Training on gas | train=2006-05-01→2016-12-01 (128 obs), test=2017-01-01→2017-12-01 (12 obs), use_macro=False, lookback=12, dropout=0.2, lr=0.001, units=(128,64), macro_feature_set=lstm
2026-09-03 23:24:13 | INFO     | energy_stress.lstm | [LSTM-CORE gas] validation: MAE=3.9100, RMSE=4.2541
2026-09-03 23:41:57 | INFO     | energy_stress.lstm | [LSTM-CORE] Forecast saved → outputs/forecasts_rolling/2017/gas_growth_pct_forecasts_lstm_core.csv
2026-09-03 23:41:57 | INFO     | energy_stress.lstm | [LSTM-CORE] Model saved → outputs/models
2026-09-03 23:41:57 | INFO     | energy_stress.lstm | [LSTM-MACRO] Training on gas | train=2006-05-01→2016-12-01 (128 obs), test=2017-01-01→2017-12-01 (12 obs), use_macro=True, lookback=6, dropout=0.2, lr=0.001, units=(64,32), macro_feature_set=lstm
2026-09-03 23:45:23 | INFO     | energy_stress.lstm | [LSTM-MACRO gas] validation: MAE=2.4334, RMSE=2.5081
2026-09-03 23:57:39 | INFO     | energy_stress.lstm | [LSTM-MACRO] Forecast saved → outputs/forecasts_rolling/2017/gas_growth_pct_forecasts_lstm_macro.csv
2026-09-03 23:57:39 | INFO     | energy_stress.lstm | [LSTM-MACRO] Model saved → outputs/models
2026-09-03 23:57:39 | INFO     | energy_stress.tft | [TFT/pytorch-forecasting] Fitting gas (core)
2026-09-03 23:57:46 | INFO     | energy_stress.tft | [TFT gas] validation: MAE=3.9655, RMSE=4.6079
2026-09-03 23:57:53 | INFO     | energy_stress.tft | [TFT] Forecast saved → outputs/forecasts_rolling/2017/gas_growth_pct_forecasts_tft_core.csv
2026-09-03 23:57:53 | INFO     | energy_stress.tft | [TFT/pytorch-forecasting] Fitting gas (macro)
2026-09-03 23:58:02 | INFO     | energy_stress.tft | [TFT gas] validation: MAE=4.7153, RMSE=5.5324
2026-09-03 23:58:10 | INFO     | energy_stress.tft | [TFT] Forecast saved → outputs/forecasts_rolling/2017/gas_growth_pct_forecasts_tft_macro.csv
2026-09-03 23:58:10 | INFO     | energy_stress.forecast_pipeline | 
──────────────────────────────────────────────────
Series: ELECTRICITY
──────────────────────────────────────────────────
2026-09-03 23:58:10 | INFO     | energy_stress.forecast_pipeline | [electricity] train=128, test=12, full=140 (through 2017-12-01), actual_target=12 non-null (2018-01-01..2018-12-01)
2026-09-03 23:58:10 | INFO     | energy_stress.sarima | [SARIMA-CORE] Fitting on electricity (train=128 obs)
2026-09-04 00:00:36 | INFO     | energy_stress.sarima | SARIMA best order: (2, 0, 1) × (2, 1, 0, 12)
2026-09-04 00:00:36 | INFO     | energy_stress.sarima | [SARIMA-CORE electricity] validation: MAE=4.7551, RMSE=5.6477, MAPE=120.80%
2026-09-04 00:00:37 | INFO     | energy_stress.sarima | [SARIMA-CORE] Forecast saved → outputs/forecasts_rolling/2017/electricity_growth_pct_forecasts_sarima_core.csv
2026-09-04 00:00:37 | INFO     | energy_stress.sarima | [SARIMA-MACRO] Fitting on electricity (train=128 obs)
2026-09-04 00:02:54 | INFO     | energy_stress.sarima | SARIMA best order: (2, 0, 1) × (2, 1, 0, 12)
2026-09-04 00:02:54 | INFO     | energy_stress.sarima | [SARIMA-MACRO] Using exogenous: ['inflation_growth_lag1', 'weather_volatility_lag1', 'gdp_growth_lag1', 'gas_futures_log_return_lag1', 'gas_futures_yoy_growth_lag1', 'electricity_growth_lag12', 'post_2016_electricity_regime', 'gbp_eur_yoy_change_lag12']
2026-09-04 00:02:56 | INFO     | energy_stress.sarima | [SARIMA-MACRO electricity] validation: MAE=6.2569, RMSE=7.5507, MAPE=147.33%
2026-09-04 00:02:58 | INFO     | energy_stress.sarima | [SARIMA-MACRO] Forecast saved → outputs/forecasts_rolling/2017/electricity_growth_pct_forecasts_sarima_macro.csv
2026-09-04 00:02:58 | INFO     | energy_stress.prophet | [Prophet-CORE] Fitting on electricity (train=128 obs, regressors=False, cps=0.01, sps=10.0, reg_ps=n/a, seasonality=additive)
2026-09-04 00:02:58 | INFO     | energy_stress.prophet | [Prophet-CORE electricity] validation: MAE=13.5795, RMSE=14.4165
2026-09-04 00:02:58 | INFO     | energy_stress.prophet | [Prophet-CORE] Forecast saved → outputs/forecasts_rolling/2017/electricity_growth_pct_forecasts_prophet_core.csv
2026-09-04 00:02:58 | INFO     | energy_stress.prophet | [Prophet-MACRO] Fitting on electricity (train=128 obs, regressors=True, cps=0.01, sps=10.0, reg_ps=0.5, seasonality=additive)
2026-09-04 00:02:58 | INFO     | energy_stress.prophet | [Prophet-MACRO electricity] validation: MAE=6.3168, RMSE=7.3721
2026-09-04 00:02:59 | INFO     | energy_stress.prophet | [Prophet-MACRO] Forecast saved → outputs/forecasts_rolling/2017/electricity_growth_pct_forecasts_prophet_macro.csv
2026-09-04 00:02:59 | INFO     | energy_stress.lstm | [LSTM-CORE] Training on electricity | train=2006-05-01→2016-12-01 (128 obs), test=2017-01-01→2017-12-01 (12 obs), use_macro=False, lookback=6, dropout=0.2, lr=0.001, units=(64,32), macro_feature_set=lstm
2026-09-04 00:03:19 | INFO     | energy_stress.lstm | [LSTM-CORE electricity] validation: MAE=8.3514, RMSE=9.3997
2026-09-04 00:03:50 | INFO     | energy_stress.lstm | [LSTM-CORE] Forecast saved → outputs/forecasts_rolling/2017/electricity_growth_pct_forecasts_lstm_core.csv
2026-09-04 00:03:50 | INFO     | energy_stress.lstm | [LSTM-CORE] Model saved → outputs/models
2026-09-04 00:03:50 | INFO     | energy_stress.lstm | [LSTM-MACRO] Training on electricity | train=2006-05-01→2016-12-01 (128 obs), test=2017-01-01→2017-12-01 (12 obs), use_macro=True, lookback=3, dropout=0.1, lr=0.001, units=(64,32), macro_feature_set=lean
2026-09-04 00:03:55 | INFO     | energy_stress.lstm | [LSTM-MACRO electricity] validation: MAE=6.8124, RMSE=7.9325
2026-09-04 00:04:15 | INFO     | energy_stress.lstm | [LSTM-MACRO] Forecast saved → outputs/forecasts_rolling/2017/electricity_growth_pct_forecasts_lstm_macro.csv
2026-09-04 00:04:15 | INFO     | energy_stress.lstm | [LSTM-MACRO] Model saved → outputs/models
2026-09-04 00:04:15 | INFO     | energy_stress.tft | [TFT/pytorch-forecasting] Fitting electricity (core)
2026-09-04 00:04:21 | INFO     | energy_stress.tft | [TFT electricity] validation: MAE=4.7474, RMSE=5.3857
2026-09-04 00:04:26 | INFO     | energy_stress.tft | [TFT] Forecast saved → outputs/forecasts_rolling/2017/electricity_growth_pct_forecasts_tft_core.csv
2026-09-04 00:04:26 | INFO     | energy_stress.tft | [TFT/pytorch-forecasting] Fitting electricity (macro)
2026-09-04 00:04:35 | INFO     | energy_stress.tft | [TFT electricity] validation: MAE=7.1907, RMSE=7.9391
2026-09-04 00:04:44 | INFO     | energy_stress.tft | [TFT] Forecast saved → outputs/forecasts_rolling/2017/electricity_growth_pct_forecasts_tft_macro.csv
2026-09-04 00:04:44 | INFO     | energy_stress.forecast_pipeline | 
──────────────────────────────────────────────────
Series: CARBON
──────────────────────────────────────────────────
2026-09-04 00:04:44 | INFO     | energy_stress.forecast_pipeline | [carbon] train=128, test=12, full=140 (through 2017-12-01), actual_target=12 non-null (2018-01-01..2018-12-01)
2026-09-04 00:04:44 | INFO     | energy_stress.sarima | [SARIMA-CORE] Fitting on carbon (train=128 obs)
2026-09-04 00:05:12 | INFO     | energy_stress.sarima | SARIMA best order: (1, 0, 0) × (2, 1, 0, 12)
2026-09-04 00:05:12 | INFO     | energy_stress.sarima | [SARIMA-CORE carbon] validation: MAE=31.9121, RMSE=35.8533, MAPE=163.70%
2026-09-04 00:05:12 | INFO     | energy_stress.sarima | [SARIMA-CORE] Forecast saved → outputs/forecasts_rolling/2017/carbon_growth_pct_forecasts_sarima_core.csv
2026-09-04 00:05:12 | INFO     | energy_stress.sarima | [SARIMA-MACRO] Fitting on carbon (train=128 obs)
2026-09-04 00:05:39 | INFO     | energy_stress.sarima | SARIMA best order: (1, 0, 0) × (2, 1, 0, 12)
2026-09-04 00:05:39 | INFO     | energy_stress.sarima | [SARIMA-MACRO] Using exogenous: ['inflation_growth_lag1', 'weather_volatility_lag1', 'gdp_growth_lag1']
2026-09-04 00:05:40 | INFO     | energy_stress.sarima | [SARIMA-MACRO carbon] validation: MAE=29.8031, RMSE=33.6880, MAPE=141.83%
2026-09-04 00:05:40 | INFO     | energy_stress.sarima | [SARIMA-MACRO] Forecast saved → outputs/forecasts_rolling/2017/carbon_growth_pct_forecasts_sarima_macro.csv
2026-09-04 00:05:40 | INFO     | energy_stress.prophet | [Prophet-CORE] Fitting on carbon (train=128 obs, regressors=False, cps=0.01, sps=10.0, reg_ps=n/a, seasonality=additive)
2026-09-04 00:05:41 | INFO     | energy_stress.prophet | [Prophet-CORE carbon] validation: MAE=35.5537, RMSE=42.1704
2026-09-04 00:05:41 | INFO     | energy_stress.prophet | [Prophet-CORE] Forecast saved → outputs/forecasts_rolling/2017/carbon_growth_pct_forecasts_prophet_core.csv
2026-09-04 00:05:41 | INFO     | energy_stress.prophet | [Prophet-MACRO] Fitting on carbon (train=128 obs, regressors=True, cps=0.01, sps=10.0, reg_ps=0.1, seasonality=additive)
2026-09-04 00:05:41 | INFO     | energy_stress.prophet | [Prophet-MACRO carbon] validation: MAE=30.8558, RMSE=37.0941
2026-09-04 00:05:41 | INFO     | energy_stress.prophet | [Prophet-MACRO] Forecast saved → outputs/forecasts_rolling/2017/carbon_growth_pct_forecasts_prophet_macro.csv
2026-09-04 00:05:41 | INFO     | energy_stress.lstm | [LSTM-CORE] Training on carbon | train=2006-05-01→2016-12-01 (128 obs), test=2017-01-01→2017-12-01 (12 obs), use_macro=False, lookback=12, dropout=0.2, lr=0.001, units=(128,64), macro_feature_set=lstm
2026-09-04 00:05:49 | INFO     | energy_stress.lstm | [LSTM-CORE carbon] validation: MAE=26.3549, RMSE=29.1276
2026-09-04 00:06:20 | INFO     | energy_stress.lstm | [LSTM-CORE] Forecast saved → outputs/forecasts_rolling/2017/carbon_growth_pct_forecasts_lstm_core.csv
2026-09-04 00:06:20 | INFO     | energy_stress.lstm | [LSTM-CORE] Model saved → outputs/models
2026-09-04 00:06:20 | INFO     | energy_stress.lstm | [LSTM-MACRO] Training on carbon | train=2006-05-01→2016-12-01 (128 obs), test=2017-01-01→2017-12-01 (12 obs), use_macro=True, lookback=12, dropout=0.2, lr=0.001, units=(128,64), macro_feature_set=lstm
2026-09-04 00:06:30 | INFO     | energy_stress.lstm | [LSTM-MACRO carbon] validation: MAE=18.8932, RMSE=22.0713
2026-09-04 00:06:58 | INFO     | energy_stress.lstm | [LSTM-MACRO] Forecast saved → outputs/forecasts_rolling/2017/carbon_growth_pct_forecasts_lstm_macro.csv
2026-09-04 00:06:58 | INFO     | energy_stress.lstm | [LSTM-MACRO] Model saved → outputs/models
2026-09-04 00:06:58 | INFO     | energy_stress.tft | [TFT/pytorch-forecasting] Fitting carbon (core)
2026-09-04 00:07:04 | INFO     | energy_stress.tft | [TFT carbon] validation: MAE=35.8203, RMSE=39.9546
2026-09-04 00:07:09 | INFO     | energy_stress.tft | [TFT] Forecast saved → outputs/forecasts_rolling/2017/carbon_growth_pct_forecasts_tft_core.csv
2026-09-04 00:07:09 | INFO     | energy_stress.tft | [TFT/pytorch-forecasting] Fitting carbon (macro)
2026-09-04 00:07:17 | INFO     | energy_stress.tft | [TFT carbon] validation: MAE=52.1910, RMSE=62.4462
2026-09-04 00:07:25 | INFO     | energy_stress.tft | [TFT] Forecast saved → outputs/forecasts_rolling/2017/carbon_growth_pct_forecasts_tft_macro.csv
2026-09-04 00:07:25 | DEBUG    | energy_stress.model_evaluation | Loaded outputs/forecasts_rolling/2017/gas_growth_pct_forecasts_sarima_core.csv (12 rows)
2026-09-04 00:07:25 | DEBUG    | energy_stress.model_evaluation | Loaded outputs/forecasts_rolling/2017/gas_growth_pct_forecasts_sarima_macro.csv (12 rows)
2026-09-04 00:07:25 | DEBUG    | energy_stress.model_evaluation | Loaded outputs/forecasts_rolling/2017/gas_growth_pct_forecasts_prophet_core.csv (12 rows)
2026-09-04 00:07:25 | DEBUG    | energy_stress.model_evaluation | Loaded outputs/forecasts_rolling/2017/gas_growth_pct_forecasts_prophet_macro.csv (12 rows)
2026-09-04 00:07:25 | DEBUG    | energy_stress.model_evaluation | Loaded outputs/forecasts_rolling/2017/gas_growth_pct_forecasts_lstm_core.csv (12 rows)
2026-09-04 00:07:25 | DEBUG    | energy_stress.model_evaluation | Loaded outputs/forecasts_rolling/2017/gas_growth_pct_forecasts_lstm_macro.csv (12 rows)
2026-09-04 00:07:25 | DEBUG    | energy_stress.model_evaluation | Loaded outputs/forecasts_rolling/2017/gas_growth_pct_forecasts_tft_core.csv (12 rows)
2026-09-04 00:07:25 | DEBUG    | energy_stress.model_evaluation | Loaded outputs/forecasts_rolling/2017/gas_growth_pct_forecasts_tft_macro.csv (12 rows)
2026-09-04 00:07:25 | INFO     | energy_stress.model_evaluation | Combined forecasts (96 rows) → outputs/forecasts_rolling/2017/gas_growth_pct_forecasts_all.csv
2026-09-04 00:07:25 | INFO     | energy_stress.model_evaluation |   core combined → outputs/forecasts_rolling/2017/gas_growth_pct_forecasts_core.csv
2026-09-04 00:07:25 | INFO     | energy_stress.model_evaluation |   macro combined → outputs/forecasts_rolling/2017/gas_growth_pct_forecasts_macro.csv
2026-09-04 00:07:25 | DEBUG    | energy_stress.model_evaluation | Loaded outputs/forecasts_rolling/2017/electricity_growth_pct_forecasts_sarima_core.csv (12 rows)
2026-09-04 00:07:25 | DEBUG    | energy_stress.model_evaluation | Loaded outputs/forecasts_rolling/2017/electricity_growth_pct_forecasts_sarima_macro.csv (12 rows)
2026-09-04 00:07:25 | DEBUG    | energy_stress.model_evaluation | Loaded outputs/forecasts_rolling/2017/electricity_growth_pct_forecasts_prophet_core.csv (12 rows)
2026-09-04 00:07:25 | DEBUG    | energy_stress.model_evaluation | Loaded outputs/forecasts_rolling/2017/electricity_growth_pct_forecasts_prophet_macro.csv (12 rows)
2026-09-04 00:07:25 | DEBUG    | energy_stress.model_evaluation | Loaded outputs/forecasts_rolling/2017/electricity_growth_pct_forecasts_lstm_core.csv (12 rows)
2026-09-04 00:07:25 | DEBUG    | energy_stress.model_evaluation | Loaded outputs/forecasts_rolling/2017/electricity_growth_pct_forecasts_lstm_macro.csv (12 rows)
2026-09-04 00:07:25 | DEBUG    | energy_stress.model_evaluation | Loaded outputs/forecasts_rolling/2017/electricity_growth_pct_forecasts_tft_core.csv (12 rows)
2026-09-04 00:07:25 | DEBUG    | energy_stress.model_evaluation | Loaded outputs/forecasts_rolling/2017/electricity_growth_pct_forecasts_tft_macro.csv (12 rows)
2026-09-04 00:07:25 | INFO     | energy_stress.model_evaluation | Combined forecasts (96 rows) → outputs/forecasts_rolling/2017/electricity_growth_pct_forecasts_all.csv
2026-09-04 00:07:25 | INFO     | energy_stress.model_evaluation |   core combined → outputs/forecasts_rolling/2017/electricity_growth_pct_forecasts_core.csv
2026-09-04 00:07:25 | INFO     | energy_stress.model_evaluation |   macro combined → outputs/forecasts_rolling/2017/electricity_growth_pct_forecasts_macro.csv
2026-09-04 00:07:25 | DEBUG    | energy_stress.model_evaluation | Loaded outputs/forecasts_rolling/2017/carbon_growth_pct_forecasts_sarima_core.csv (12 rows)
2026-09-04 00:07:25 | DEBUG    | energy_stress.model_evaluation | Loaded outputs/forecasts_rolling/2017/carbon_growth_pct_forecasts_sarima_macro.csv (12 rows)
2026-09-04 00:07:25 | DEBUG    | energy_stress.model_evaluation | Loaded outputs/forecasts_rolling/2017/carbon_growth_pct_forecasts_prophet_core.csv (12 rows)
2026-09-04 00:07:25 | DEBUG    | energy_stress.model_evaluation | Loaded outputs/forecasts_rolling/2017/carbon_growth_pct_forecasts_prophet_macro.csv (12 rows)
2026-09-04 00:07:25 | DEBUG    | energy_stress.model_evaluation | Loaded outputs/forecasts_rolling/2017/carbon_growth_pct_forecasts_lstm_core.csv (12 rows)
2026-09-04 00:07:25 | DEBUG    | energy_stress.model_evaluation | Loaded outputs/forecasts_rolling/2017/carbon_growth_pct_forecasts_lstm_macro.csv (12 rows)
2026-09-04 00:07:25 | DEBUG    | energy_stress.model_evaluation | Loaded outputs/forecasts_rolling/2017/carbon_growth_pct_forecasts_tft_core.csv (12 rows)
2026-09-04 00:07:25 | DEBUG    | energy_stress.model_evaluation | Loaded outputs/forecasts_rolling/2017/carbon_growth_pct_forecasts_tft_macro.csv (12 rows)
2026-09-04 00:07:25 | INFO     | energy_stress.model_evaluation | Combined forecasts (96 rows) → outputs/forecasts_rolling/2017/carbon_growth_pct_forecasts_all.csv
2026-09-04 00:07:25 | INFO     | energy_stress.model_evaluation |   core combined → outputs/forecasts_rolling/2017/carbon_growth_pct_forecasts_core.csv
2026-09-04 00:07:25 | INFO     | energy_stress.model_evaluation |   macro combined → outputs/forecasts_rolling/2017/carbon_growth_pct_forecasts_macro.csv
2026-09-04 00:07:25 | INFO     | energy_stress.model_evaluation | Evaluating 24 model results across all series and modes
2026-09-04 00:07:25 | INFO     | energy_stress.model_evaluation | Best model [carbon][core]: LSTM (selection_score=1.450)
2026-09-04 00:07:25 | INFO     | energy_stress.model_evaluation | Best model [carbon][macro]: LSTM (selection_score=1.450)
2026-09-04 00:07:25 | INFO     | energy_stress.model_evaluation | Best model [electricity][core]: TFT (selection_score=1.250)
2026-09-04 00:07:25 | INFO     | energy_stress.model_evaluation | Best model [electricity][macro]: SARIMA (selection_score=1.250)
2026-09-04 00:07:25 | INFO     | energy_stress.model_evaluation | Best model [gas][core]: LSTM (selection_score=1.450)
2026-09-04 00:07:25 | INFO     | energy_stress.model_evaluation | Best model [gas][macro]: SARIMA (selection_score=1.350)
2026-09-04 00:07:25 | INFO     | energy_stress.model_evaluation | Metrics table saved → outputs/tables/rolling/2017/model_metrics_comparison.csv
2026-09-04 00:07:25 | INFO     | energy_stress.fes | Best models selected:
2026-09-04 00:07:25 | INFO     | energy_stress.fes |   [carbon][core] → LSTM
2026-09-04 00:07:25 | INFO     | energy_stress.fes |   [carbon][macro] → LSTM
2026-09-04 00:07:25 | INFO     | energy_stress.fes |   [electricity][core] → TFT
2026-09-04 00:07:25 | INFO     | energy_stress.fes |   [electricity][macro] → SARIMA
2026-09-04 00:07:25 | INFO     | energy_stress.fes |   [gas][core] → LSTM
2026-09-04 00:07:25 | INFO     | energy_stress.fes |   [gas][macro] → SARIMA
2026-09-04 00:07:25 | INFO     | energy_stress.fes | Per-series mode selected for FES_selected (metric per series/mode: {('gas', 'core'): 'RMSE', ('gas', 'macro'): 'RMSE', ('electricity', 'core'): 'RMSE', ('electricity', 'macro'): 'RMSE', ('carbon', 'core'): 'RMSE', ('carbon', 'macro'): 'RMSE'}): {'gas': 'macro', 'electricity': 'core', 'carbon': 'macro'}
2026-09-04 00:07:25 | INFO     | energy_stress.fes | FES_Weighted series weights (inverse validation-RMSE, normalized to mean 1.0): {'gas': 1.909585116243365, 'electricity': 0.8765298667674799, 'carbon': 0.2138850169891546}
2026-09-04 00:07:25 | INFO     | energy_stress.fes | [gas] train μ=7.6629, σ=15.8456 | unc_ref μ=6.9665, σ=6.5931
2026-09-04 00:07:25 | INFO     | energy_stress.fes | [electricity] train μ=6.6271, σ=9.2985 | unc_ref μ=4.4436, σ=3.7017
2026-09-04 00:07:25 | INFO     | energy_stress.fes | [carbon] train μ=-11.0689, σ=190.0959 | unc_ref μ=84.1000, σ=118.5663
2026-09-04 00:07:25 | INFO     | energy_stress.fes | [actual real-vol] train μ=0.5110, σ=0.3682
2026-09-04 00:07:25 | INFO     | energy_stress.fes | Monthly FES saved → outputs/fes/rolling/2017/fes_monthly_2018.csv
2026-09-04 00:07:25 | INFO     | energy_stress.fes | [gas] train μ=8.5016, σ=16.3173 | unc_ref μ=7.4653, σ=6.7012
2026-09-04 00:07:25 | INFO     | energy_stress.fes | [electricity] train μ=6.6176, σ=9.6360 | unc_ref μ=4.6099, σ=3.7971
2026-09-04 00:07:25 | INFO     | energy_stress.fes | [carbon] train μ=-13.7019, σ=198.5442 | unc_ref μ=89.7196, σ=122.8057
2026-09-04 00:07:25 | INFO     | energy_stress.fes | [actual real-vol] train μ=0.5095, σ=0.3615
2026-09-04 00:07:25 | INFO     | energy_stress.fes | FES_actual, prior year 2017 (baseline for FES_selected's 2018 forecast): mean=-0.82732 -> outputs/fes/rolling/2017/fes_prior_actual_2017.csv
2026-09-04 00:07:25 | INFO     | energy_stress.fes | FES comparison metrics saved → outputs/fes/rolling/2017/fes_comparison_metrics.csv  (12 rows)
2026-09-04 00:07:25 | INFO     | energy_stress.fes | Best RMSE per variant:
FES_variant
Equal_Core        0.71278
Equal_Macro       0.27130
Equal_Selected    0.58528
Equal_Weighted    0.16752
2026-09-04 00:07:25 | INFO     | energy_stress.forecast_pipeline | ========================================
2026-09-04 00:07:25 | INFO     | energy_stress.forecast_pipeline | STAGE 2: Rolling year as_of=2018 (split train<2018, test=2018, refit<=2018, forecast=2019)
2026-09-04 00:07:25 | INFO     | energy_stress.forecast_pipeline | ========================================
2026-09-04 00:07:25 | INFO     | energy_stress.preprocessing | Train: 140 rows (through 2017-12-01) | Test: 12 rows (2018-01-01..2018-12-01)
2026-09-04 00:07:25 | INFO     | energy_stress.forecast_pipeline | 
──────────────────────────────────────────────────
Series: GAS
──────────────────────────────────────────────────
2026-09-04 00:07:25 | INFO     | energy_stress.forecast_pipeline | [gas] train=140, test=12, full=152 (through 2018-12-01), actual_target=12 non-null (2019-01-01..2019-12-01)
2026-09-04 00:07:25 | INFO     | energy_stress.sarima | [SARIMA-CORE] Fitting on gas (train=140 obs)
2026-09-04 00:07:55 | INFO     | energy_stress.sarima | SARIMA best order: (2, 0, 0) × (2, 1, 1, 12)
2026-09-04 00:07:56 | INFO     | energy_stress.sarima | [SARIMA-CORE gas] validation: MAE=4.4512, RMSE=5.6504, MAPE=107.33%
2026-09-04 00:07:56 | INFO     | energy_stress.sarima | [SARIMA-CORE] Forecast saved → outputs/forecasts_rolling/2018/gas_growth_pct_forecasts_sarima_core.csv
2026-09-04 00:07:56 | INFO     | energy_stress.sarima | [SARIMA-MACRO] Fitting on gas (train=140 obs)
2026-09-04 00:08:30 | INFO     | energy_stress.sarima | SARIMA best order: (2, 0, 0) × (2, 1, 1, 12)
2026-09-04 00:08:30 | INFO     | energy_stress.sarima | [SARIMA-MACRO] Using exogenous: ['inflation_growth_lag1', 'weather_volatility_lag1', 'gdp_growth_lag1', 'gas_futures_log_return_lag1', 'gas_futures_yoy_growth_lag1']
2026-09-04 00:08:31 | INFO     | energy_stress.sarima | [SARIMA-MACRO gas] validation: MAE=4.8977, RMSE=5.3779, MAPE=223.61%
2026-09-04 00:08:32 | INFO     | energy_stress.sarima | [SARIMA-MACRO] Forecast saved → outputs/forecasts_rolling/2018/gas_growth_pct_forecasts_sarima_macro.csv
2026-09-04 00:08:32 | INFO     | energy_stress.prophet | [Prophet-CORE] Fitting on gas (train=140 obs, regressors=False, cps=0.01, sps=10.0, reg_ps=n/a, seasonality=additive)
2026-09-04 00:08:33 | INFO     | energy_stress.prophet | [Prophet-CORE gas] validation: MAE=16.3371, RMSE=16.6415
2026-09-04 00:08:33 | INFO     | energy_stress.prophet | [Prophet-CORE] Forecast saved → outputs/forecasts_rolling/2018/gas_growth_pct_forecasts_prophet_core.csv
2026-09-04 00:08:33 | INFO     | energy_stress.prophet | [Prophet-MACRO] Fitting on gas (train=140 obs, regressors=True, cps=0.01, sps=10.0, reg_ps=0.5, seasonality=additive)
2026-09-04 00:08:33 | INFO     | energy_stress.prophet | [Prophet-MACRO gas] validation: MAE=7.5513, RMSE=8.1931
2026-09-04 00:08:33 | INFO     | energy_stress.prophet | [Prophet-MACRO] Forecast saved → outputs/forecasts_rolling/2018/gas_growth_pct_forecasts_prophet_macro.csv
2026-09-04 00:08:33 | INFO     | energy_stress.lstm | [LSTM-CORE] Training on gas | train=2006-05-01→2017-12-01 (140 obs), test=2018-01-01→2018-12-01 (12 obs), use_macro=False, lookback=12, dropout=0.2, lr=0.001, units=(128,64), macro_feature_set=lstm
2026-09-04 00:08:42 | INFO     | energy_stress.lstm | [LSTM-CORE gas] validation: MAE=7.1246, RMSE=7.6170
2026-09-04 00:09:04 | INFO     | energy_stress.lstm | [LSTM-CORE] Forecast saved → outputs/forecasts_rolling/2018/gas_growth_pct_forecasts_lstm_core.csv
2026-09-04 00:09:04 | INFO     | energy_stress.lstm | [LSTM-CORE] Model saved → outputs/models
2026-09-04 00:09:04 | INFO     | energy_stress.lstm | [LSTM-MACRO] Training on gas | train=2006-05-01→2017-12-01 (140 obs), test=2018-01-01→2018-12-01 (12 obs), use_macro=True, lookback=6, dropout=0.2, lr=0.001, units=(64,32), macro_feature_set=lstm
2026-09-04 00:09:09 | INFO     | energy_stress.lstm | [LSTM-MACRO gas] validation: MAE=6.5181, RMSE=7.0727
2026-09-04 00:09:23 | INFO     | energy_stress.lstm | [LSTM-MACRO] Forecast saved → outputs/forecasts_rolling/2018/gas_growth_pct_forecasts_lstm_macro.csv
2026-09-04 00:09:23 | INFO     | energy_stress.lstm | [LSTM-MACRO] Model saved → outputs/models
2026-09-04 00:09:23 | INFO     | energy_stress.tft | [TFT/pytorch-forecasting] Fitting gas (core)
2026-09-04 00:09:29 | INFO     | energy_stress.tft | [TFT gas] validation: MAE=3.4578, RMSE=3.6845
2026-09-04 00:09:36 | INFO     | energy_stress.tft | [TFT] Forecast saved → outputs/forecasts_rolling/2018/gas_growth_pct_forecasts_tft_core.csv
2026-09-04 00:09:36 | INFO     | energy_stress.tft | [TFT/pytorch-forecasting] Fitting gas (macro)
2026-09-04 00:09:43 | INFO     | energy_stress.tft | [TFT gas] validation: MAE=5.4443, RMSE=5.8053
2026-09-04 00:09:53 | INFO     | energy_stress.tft | [TFT] Forecast saved → outputs/forecasts_rolling/2018/gas_growth_pct_forecasts_tft_macro.csv
2026-09-04 00:09:53 | INFO     | energy_stress.forecast_pipeline | 
──────────────────────────────────────────────────
Series: ELECTRICITY
──────────────────────────────────────────────────
2026-09-04 00:09:53 | INFO     | energy_stress.forecast_pipeline | [electricity] train=140, test=12, full=152 (through 2018-12-01), actual_target=12 non-null (2019-01-01..2019-12-01)
2026-09-04 00:09:53 | INFO     | energy_stress.sarima | [SARIMA-CORE] Fitting on electricity (train=140 obs)
2026-09-04 00:11:00 | INFO     | energy_stress.sarima | SARIMA best order: (2, 0, 1) × (2, 1, 1, 12)
2026-09-04 00:11:01 | INFO     | energy_stress.sarima | [SARIMA-CORE electricity] validation: MAE=2.0290, RMSE=2.5409, MAPE=29.69%
2026-09-04 00:11:01 | INFO     | energy_stress.sarima | [SARIMA-CORE] Forecast saved → outputs/forecasts_rolling/2018/electricity_growth_pct_forecasts_sarima_core.csv
2026-09-04 00:11:01 | INFO     | energy_stress.sarima | [SARIMA-MACRO] Fitting on electricity (train=140 obs)
2026-09-04 00:12:16 | INFO     | energy_stress.sarima | SARIMA best order: (2, 0, 1) × (2, 1, 1, 12)
2026-09-04 00:12:16 | INFO     | energy_stress.sarima | [SARIMA-MACRO] Using exogenous: ['inflation_growth_lag1', 'weather_volatility_lag1', 'gdp_growth_lag1', 'gas_futures_log_return_lag1', 'gas_futures_yoy_growth_lag1', 'electricity_growth_lag12', 'post_2016_electricity_regime', 'gbp_eur_yoy_change_lag12']
2026-09-04 00:12:17 | INFO     | energy_stress.sarima | [SARIMA-MACRO electricity] validation: MAE=1.7891, RMSE=2.4626, MAPE=27.65%
2026-09-04 00:12:19 | INFO     | energy_stress.sarima | [SARIMA-MACRO] Forecast saved → outputs/forecasts_rolling/2018/electricity_growth_pct_forecasts_sarima_macro.csv
2026-09-04 00:12:19 | INFO     | energy_stress.prophet | [Prophet-CORE] Fitting on electricity (train=140 obs, regressors=False, cps=0.01, sps=10.0, reg_ps=n/a, seasonality=additive)
2026-09-04 00:12:19 | INFO     | energy_stress.prophet | [Prophet-CORE electricity] validation: MAE=9.4030, RMSE=9.5834
2026-09-04 00:12:19 | INFO     | energy_stress.prophet | [Prophet-CORE] Forecast saved → outputs/forecasts_rolling/2018/electricity_growth_pct_forecasts_prophet_core.csv
2026-09-04 00:12:19 | INFO     | energy_stress.prophet | [Prophet-MACRO] Fitting on electricity (train=140 obs, regressors=True, cps=0.01, sps=10.0, reg_ps=0.5, seasonality=additive)
2026-09-04 00:12:19 | INFO     | energy_stress.prophet | [Prophet-MACRO electricity] validation: MAE=7.9735, RMSE=8.1601
2026-09-04 00:12:20 | INFO     | energy_stress.prophet | [Prophet-MACRO] Forecast saved → outputs/forecasts_rolling/2018/electricity_growth_pct_forecasts_prophet_macro.csv
2026-09-04 00:12:20 | INFO     | energy_stress.lstm | [LSTM-CORE] Training on electricity | train=2006-05-01→2017-12-01 (140 obs), test=2018-01-01→2018-12-01 (12 obs), use_macro=False, lookback=6, dropout=0.2, lr=0.001, units=(64,32), macro_feature_set=lstm
2026-09-04 00:12:26 | INFO     | energy_stress.lstm | [LSTM-CORE electricity] validation: MAE=2.3268, RMSE=2.6578
2026-09-04 00:12:45 | INFO     | energy_stress.lstm | [LSTM-CORE] Forecast saved → outputs/forecasts_rolling/2018/electricity_growth_pct_forecasts_lstm_core.csv
2026-09-04 00:12:45 | INFO     | energy_stress.lstm | [LSTM-CORE] Model saved → outputs/models
2026-09-04 00:12:45 | INFO     | energy_stress.lstm | [LSTM-MACRO] Training on electricity | train=2006-05-01→2017-12-01 (140 obs), test=2018-01-01→2018-12-01 (12 obs), use_macro=True, lookback=3, dropout=0.1, lr=0.001, units=(64,32), macro_feature_set=lean
2026-09-04 00:12:54 | INFO     | energy_stress.lstm | [LSTM-MACRO electricity] validation: MAE=5.3054, RMSE=5.4520
2026-09-04 00:13:12 | INFO     | energy_stress.lstm | [LSTM-MACRO] Forecast saved → outputs/forecasts_rolling/2018/electricity_growth_pct_forecasts_lstm_macro.csv
2026-09-04 00:13:12 | INFO     | energy_stress.lstm | [LSTM-MACRO] Model saved → outputs/models
2026-09-04 00:13:12 | INFO     | energy_stress.tft | [TFT/pytorch-forecasting] Fitting electricity (core)
2026-09-04 00:13:18 | INFO     | energy_stress.tft | [TFT electricity] validation: MAE=2.9587, RMSE=3.3005
2026-09-04 00:13:25 | INFO     | energy_stress.tft | [TFT] Forecast saved → outputs/forecasts_rolling/2018/electricity_growth_pct_forecasts_tft_core.csv
2026-09-04 00:13:25 | INFO     | energy_stress.tft | [TFT/pytorch-forecasting] Fitting electricity (macro)
2026-09-04 00:13:35 | INFO     | energy_stress.tft | [TFT electricity] validation: MAE=4.7486, RMSE=5.1766
2026-09-04 00:13:46 | INFO     | energy_stress.tft | [TFT] Forecast saved → outputs/forecasts_rolling/2018/electricity_growth_pct_forecasts_tft_macro.csv
2026-09-04 00:13:46 | INFO     | energy_stress.forecast_pipeline | 
──────────────────────────────────────────────────
Series: CARBON
──────────────────────────────────────────────────
2026-09-04 00:13:46 | INFO     | energy_stress.forecast_pipeline | [carbon] train=140, test=12, full=152 (through 2018-12-01), actual_target=12 non-null (2019-01-01..2019-12-01)
2026-09-04 00:13:46 | INFO     | energy_stress.sarima | [SARIMA-CORE] Fitting on carbon (train=140 obs)
2026-09-04 00:14:21 | INFO     | energy_stress.sarima | SARIMA best order: (1, 0, 0) × (2, 1, 0, 12)
2026-09-04 00:14:21 | INFO     | energy_stress.sarima | [SARIMA-CORE carbon] validation: MAE=98.1905, RMSE=101.1328, MAPE=95.15%
2026-09-04 00:14:21 | INFO     | energy_stress.sarima | [SARIMA-CORE] Forecast saved → outputs/forecasts_rolling/2018/carbon_growth_pct_forecasts_sarima_core.csv
2026-09-04 00:14:21 | INFO     | energy_stress.sarima | [SARIMA-MACRO] Fitting on carbon (train=140 obs)
2026-09-04 00:14:51 | INFO     | energy_stress.sarima | SARIMA best order: (1, 0, 0) × (2, 1, 0, 12)
2026-09-04 00:14:51 | INFO     | energy_stress.sarima | [SARIMA-MACRO] Using exogenous: ['inflation_growth_lag1', 'weather_volatility_lag1', 'gdp_growth_lag1']
2026-09-04 00:14:51 | INFO     | energy_stress.sarima | [SARIMA-MACRO carbon] validation: MAE=102.7082, RMSE=105.9599, MAPE=99.33%
2026-09-04 00:14:52 | INFO     | energy_stress.sarima | [SARIMA-MACRO] Forecast saved → outputs/forecasts_rolling/2018/carbon_growth_pct_forecasts_sarima_macro.csv
2026-09-04 00:14:52 | INFO     | energy_stress.prophet | [Prophet-CORE] Fitting on carbon (train=140 obs, regressors=False, cps=0.01, sps=10.0, reg_ps=n/a, seasonality=additive)
2026-09-04 00:14:52 | INFO     | energy_stress.prophet | [Prophet-CORE carbon] validation: MAE=99.4550, RMSE=101.7290
2026-09-04 00:14:53 | INFO     | energy_stress.prophet | [Prophet-CORE] Forecast saved → outputs/forecasts_rolling/2018/carbon_growth_pct_forecasts_prophet_core.csv
2026-09-04 00:14:53 | INFO     | energy_stress.prophet | [Prophet-MACRO] Fitting on carbon (train=140 obs, regressors=True, cps=0.01, sps=10.0, reg_ps=0.1, seasonality=additive)
2026-09-04 00:14:53 | INFO     | energy_stress.prophet | [Prophet-MACRO carbon] validation: MAE=97.5112, RMSE=101.8403
2026-09-04 00:14:53 | INFO     | energy_stress.prophet | [Prophet-MACRO] Forecast saved → outputs/forecasts_rolling/2018/carbon_growth_pct_forecasts_prophet_macro.csv
2026-09-04 00:14:53 | INFO     | energy_stress.lstm | [LSTM-CORE] Training on carbon | train=2006-05-01→2017-12-01 (140 obs), test=2018-01-01→2018-12-01 (12 obs), use_macro=False, lookback=12, dropout=0.2, lr=0.001, units=(128,64), macro_feature_set=lstm
2026-09-04 00:15:00 | INFO     | energy_stress.lstm | [LSTM-CORE carbon] validation: MAE=47.7599, RMSE=51.4130
2026-09-04 00:16:01 | INFO     | energy_stress.lstm | [LSTM-CORE] Forecast saved → outputs/forecasts_rolling/2018/carbon_growth_pct_forecasts_lstm_core.csv
2026-09-04 00:16:01 | INFO     | energy_stress.lstm | [LSTM-CORE] Model saved → outputs/models
2026-09-04 00:16:01 | INFO     | energy_stress.lstm | [LSTM-MACRO] Training on carbon | train=2006-05-01→2017-12-01 (140 obs), test=2018-01-01→2018-12-01 (12 obs), use_macro=True, lookback=12, dropout=0.2, lr=0.001, units=(128,64), macro_feature_set=lstm
2026-09-04 00:16:44 | INFO     | energy_stress.lstm | [LSTM-MACRO carbon] validation: MAE=70.7850, RMSE=73.3280
2026-09-04 00:17:45 | INFO     | energy_stress.lstm | [LSTM-MACRO] Forecast saved → outputs/forecasts_rolling/2018/carbon_growth_pct_forecasts_lstm_macro.csv
2026-09-04 00:17:45 | INFO     | energy_stress.lstm | [LSTM-MACRO] Model saved → outputs/models
2026-09-04 00:17:45 | INFO     | energy_stress.tft | [TFT/pytorch-forecasting] Fitting carbon (core)
2026-09-04 00:17:52 | INFO     | energy_stress.tft | [TFT carbon] validation: MAE=100.9364, RMSE=108.0257
2026-09-04 00:18:00 | INFO     | energy_stress.tft | [TFT] Forecast saved → outputs/forecasts_rolling/2018/carbon_growth_pct_forecasts_tft_core.csv
2026-09-04 00:18:00 | INFO     | energy_stress.tft | [TFT/pytorch-forecasting] Fitting carbon (macro)
2026-09-04 00:18:09 | INFO     | energy_stress.tft | [TFT carbon] validation: MAE=88.7818, RMSE=96.1061
2026-09-04 00:18:19 | INFO     | energy_stress.tft | [TFT] Forecast saved → outputs/forecasts_rolling/2018/carbon_growth_pct_forecasts_tft_macro.csv
2026-09-04 00:18:19 | DEBUG    | energy_stress.model_evaluation | Loaded outputs/forecasts_rolling/2018/gas_growth_pct_forecasts_sarima_core.csv (12 rows)
2026-09-04 00:18:19 | DEBUG    | energy_stress.model_evaluation | Loaded outputs/forecasts_rolling/2018/gas_growth_pct_forecasts_sarima_macro.csv (12 rows)
2026-09-04 00:18:19 | DEBUG    | energy_stress.model_evaluation | Loaded outputs/forecasts_rolling/2018/gas_growth_pct_forecasts_prophet_core.csv (12 rows)
2026-09-04 00:18:19 | DEBUG    | energy_stress.model_evaluation | Loaded outputs/forecasts_rolling/2018/gas_growth_pct_forecasts_prophet_macro.csv (12 rows)
2026-09-04 00:18:19 | DEBUG    | energy_stress.model_evaluation | Loaded outputs/forecasts_rolling/2018/gas_growth_pct_forecasts_lstm_core.csv (12 rows)
2026-09-04 00:18:19 | DEBUG    | energy_stress.model_evaluation | Loaded outputs/forecasts_rolling/2018/gas_growth_pct_forecasts_lstm_macro.csv (12 rows)
2026-09-04 00:18:19 | DEBUG    | energy_stress.model_evaluation | Loaded outputs/forecasts_rolling/2018/gas_growth_pct_forecasts_tft_core.csv (12 rows)
2026-09-04 00:18:19 | DEBUG    | energy_stress.model_evaluation | Loaded outputs/forecasts_rolling/2018/gas_growth_pct_forecasts_tft_macro.csv (12 rows)
2026-09-04 00:18:19 | INFO     | energy_stress.model_evaluation | Combined forecasts (96 rows) → outputs/forecasts_rolling/2018/gas_growth_pct_forecasts_all.csv
2026-09-04 00:18:19 | INFO     | energy_stress.model_evaluation |   core combined → outputs/forecasts_rolling/2018/gas_growth_pct_forecasts_core.csv
2026-09-04 00:18:19 | INFO     | energy_stress.model_evaluation |   macro combined → outputs/forecasts_rolling/2018/gas_growth_pct_forecasts_macro.csv
2026-09-04 00:18:19 | DEBUG    | energy_stress.model_evaluation | Loaded outputs/forecasts_rolling/2018/electricity_growth_pct_forecasts_sarima_core.csv (12 rows)
2026-09-04 00:18:19 | DEBUG    | energy_stress.model_evaluation | Loaded outputs/forecasts_rolling/2018/electricity_growth_pct_forecasts_sarima_macro.csv (12 rows)
2026-09-04 00:18:19 | DEBUG    | energy_stress.model_evaluation | Loaded outputs/forecasts_rolling/2018/electricity_growth_pct_forecasts_prophet_core.csv (12 rows)
2026-09-04 00:18:19 | DEBUG    | energy_stress.model_evaluation | Loaded outputs/forecasts_rolling/2018/electricity_growth_pct_forecasts_prophet_macro.csv (12 rows)
2026-09-04 00:18:19 | DEBUG    | energy_stress.model_evaluation | Loaded outputs/forecasts_rolling/2018/electricity_growth_pct_forecasts_lstm_core.csv (12 rows)
2026-09-04 00:18:19 | DEBUG    | energy_stress.model_evaluation | Loaded outputs/forecasts_rolling/2018/electricity_growth_pct_forecasts_lstm_macro.csv (12 rows)
2026-09-04 00:18:19 | DEBUG    | energy_stress.model_evaluation | Loaded outputs/forecasts_rolling/2018/electricity_growth_pct_forecasts_tft_core.csv (12 rows)
2026-09-04 00:18:19 | DEBUG    | energy_stress.model_evaluation | Loaded outputs/forecasts_rolling/2018/electricity_growth_pct_forecasts_tft_macro.csv (12 rows)
2026-09-04 00:18:19 | INFO     | energy_stress.model_evaluation | Combined forecasts (96 rows) → outputs/forecasts_rolling/2018/electricity_growth_pct_forecasts_all.csv
2026-09-04 00:18:19 | INFO     | energy_stress.model_evaluation |   core combined → outputs/forecasts_rolling/2018/electricity_growth_pct_forecasts_core.csv
2026-09-04 00:18:19 | INFO     | energy_stress.model_evaluation |   macro combined → outputs/forecasts_rolling/2018/electricity_growth_pct_forecasts_macro.csv
2026-09-04 00:18:19 | DEBUG    | energy_stress.model_evaluation | Loaded outputs/forecasts_rolling/2018/carbon_growth_pct_forecasts_sarima_core.csv (12 rows)
2026-09-04 00:18:19 | DEBUG    | energy_stress.model_evaluation | Loaded outputs/forecasts_rolling/2018/carbon_growth_pct_forecasts_sarima_macro.csv (12 rows)
2026-09-04 00:18:19 | DEBUG    | energy_stress.model_evaluation | Loaded outputs/forecasts_rolling/2018/carbon_growth_pct_forecasts_prophet_core.csv (12 rows)
2026-09-04 00:18:19 | DEBUG    | energy_stress.model_evaluation | Loaded outputs/forecasts_rolling/2018/carbon_growth_pct_forecasts_prophet_macro.csv (12 rows)
2026-09-04 00:18:19 | DEBUG    | energy_stress.model_evaluation | Loaded outputs/forecasts_rolling/2018/carbon_growth_pct_forecasts_lstm_core.csv (12 rows)
2026-09-04 00:18:19 | DEBUG    | energy_stress.model_evaluation | Loaded outputs/forecasts_rolling/2018/carbon_growth_pct_forecasts_lstm_macro.csv (12 rows)
2026-09-04 00:18:19 | DEBUG    | energy_stress.model_evaluation | Loaded outputs/forecasts_rolling/2018/carbon_growth_pct_forecasts_tft_core.csv (12 rows)
2026-09-04 00:18:19 | DEBUG    | energy_stress.model_evaluation | Loaded outputs/forecasts_rolling/2018/carbon_growth_pct_forecasts_tft_macro.csv (12 rows)
2026-09-04 00:18:19 | INFO     | energy_stress.model_evaluation | Combined forecasts (96 rows) → outputs/forecasts_rolling/2018/carbon_growth_pct_forecasts_all.csv
2026-09-04 00:18:19 | INFO     | energy_stress.model_evaluation |   core combined → outputs/forecasts_rolling/2018/carbon_growth_pct_forecasts_core.csv
2026-09-04 00:18:19 | INFO     | energy_stress.model_evaluation |   macro combined → outputs/forecasts_rolling/2018/carbon_growth_pct_forecasts_macro.csv
2026-09-04 00:18:19 | INFO     | energy_stress.model_evaluation | Evaluating 24 model results across all series and modes
2026-09-04 00:18:20 | INFO     | energy_stress.model_evaluation | Best model [carbon][core]: LSTM (selection_score=1.450)
2026-09-04 00:18:20 | INFO     | energy_stress.model_evaluation | Best model [carbon][macro]: LSTM (selection_score=1.450)
2026-09-04 00:18:20 | INFO     | energy_stress.model_evaluation | Best model [electricity][core]: SARIMA (selection_score=1.050)
2026-09-04 00:18:20 | INFO     | energy_stress.model_evaluation | Best model [electricity][macro]: SARIMA (selection_score=1.025)
2026-09-04 00:18:20 | INFO     | energy_stress.model_evaluation | Best model [gas][core]: TFT (selection_score=1.250)
2026-09-04 00:18:20 | INFO     | energy_stress.model_evaluation | Best model [gas][macro]: SARIMA (selection_score=1.350)
2026-09-04 00:18:20 | INFO     | energy_stress.model_evaluation | Metrics table saved → outputs/tables/rolling/2018/model_metrics_comparison.csv
2026-09-04 00:18:20 | INFO     | energy_stress.fes | Best models selected:
2026-09-04 00:18:20 | INFO     | energy_stress.fes |   [carbon][core] → LSTM
2026-09-04 00:18:20 | INFO     | energy_stress.fes |   [carbon][macro] → LSTM
2026-09-04 00:18:20 | INFO     | energy_stress.fes |   [electricity][core] → SARIMA
2026-09-04 00:18:20 | INFO     | energy_stress.fes |   [electricity][macro] → SARIMA
2026-09-04 00:18:20 | INFO     | energy_stress.fes |   [gas][core] → TFT
2026-09-04 00:18:20 | INFO     | energy_stress.fes |   [gas][macro] → SARIMA
2026-09-04 00:18:20 | INFO     | energy_stress.fes | Per-series mode selected for FES_selected (metric per series/mode: {('gas', 'core'): 'RMSE', ('gas', 'macro'): 'RMSE', ('electricity', 'core'): 'RMSE', ('electricity', 'macro'): 'RMSE', ('carbon', 'core'): 'RMSE', ('carbon', 'macro'): 'RMSE'}): {'gas': 'core', 'electricity': 'macro', 'carbon': 'core'}
2026-09-04 00:18:20 | INFO     | energy_stress.fes | FES_Weighted series weights (inverse validation-RMSE, normalized to mean 1.0): {'gas': 1.1682853336523291, 'electricity': 1.7479892438678795, 'carbon': 0.0837254224797909}
2026-09-04 00:18:20 | INFO     | energy_stress.fes | [gas] train μ=7.3474, σ=15.2609 | unc_ref μ=6.5222, σ=6.4952
2026-09-04 00:18:20 | INFO     | energy_stress.fes | [electricity] train μ=6.7905, σ=8.9551 | unc_ref μ=4.2794, σ=3.5941
2026-09-04 00:18:20 | INFO     | energy_stress.fes | [carbon] train μ=-2.1381, σ=185.0328 | unc_ref μ=79.8461, σ=114.4956
2026-09-04 00:18:20 | INFO     | energy_stress.fes | [actual real-vol] train μ=0.5102, σ=0.3752
2026-09-04 00:18:20 | INFO     | energy_stress.fes | Monthly FES saved → outputs/fes/rolling/2018/fes_monthly_2019.csv
2026-09-04 00:18:20 | INFO     | energy_stress.fes | [gas] train μ=7.6629, σ=15.8456 | unc_ref μ=6.9665, σ=6.5931
2026-09-04 00:18:20 | INFO     | energy_stress.fes | [electricity] train μ=6.6271, σ=9.2985 | unc_ref μ=4.4436, σ=3.7017
2026-09-04 00:18:20 | INFO     | energy_stress.fes | [carbon] train μ=-11.0689, σ=190.0959 | unc_ref μ=84.1000, σ=118.5663
2026-09-04 00:18:20 | INFO     | energy_stress.fes | [actual real-vol] train μ=0.5110, σ=0.3682
2026-09-04 00:18:20 | INFO     | energy_stress.fes | FES_actual, prior year 2018 (baseline for FES_selected's 2019 forecast): mean=0.17704 -> outputs/fes/rolling/2018/fes_prior_actual_2018.csv
2026-09-04 00:18:20 | INFO     | energy_stress.fes | FES comparison metrics saved → outputs/fes/rolling/2018/fes_comparison_metrics.csv  (12 rows)
2026-09-04 00:18:20 | INFO     | energy_stress.fes | Best RMSE per variant:
FES_variant
Equal_Core        1.87709
Equal_Macro       0.89962
Equal_Selected    2.18662
Equal_Weighted    2.14920
2026-09-04 00:18:20 | INFO     | energy_stress.forecast_pipeline | ========================================
2026-09-04 00:18:20 | INFO     | energy_stress.forecast_pipeline | STAGE 2: Rolling year as_of=2019 (split train<2019, test=2019, refit<=2019, forecast=2020)
2026-09-04 00:18:20 | INFO     | energy_stress.forecast_pipeline | ========================================
2026-09-04 00:18:20 | INFO     | energy_stress.preprocessing | Train: 152 rows (through 2018-12-01) | Test: 12 rows (2019-01-01..2019-12-01)
2026-09-04 00:18:20 | INFO     | energy_stress.forecast_pipeline | 
──────────────────────────────────────────────────
Series: GAS
──────────────────────────────────────────────────
2026-09-04 00:18:20 | INFO     | energy_stress.forecast_pipeline | [gas] train=152, test=12, full=164 (through 2019-12-01), actual_target=12 non-null (2020-01-01..2020-12-01)
2026-09-04 00:18:20 | INFO     | energy_stress.sarima | [SARIMA-CORE] Fitting on gas (train=152 obs)
2026-09-04 00:19:43 | INFO     | energy_stress.sarima | SARIMA best order: (2, 0, 0) × (2, 1, 1, 12)
2026-09-04 00:19:43 | INFO     | energy_stress.sarima | [SARIMA-CORE gas] validation: MAE=7.1637, RMSE=9.0518, MAPE=198.60%
2026-09-04 00:19:43 | INFO     | energy_stress.sarima | [SARIMA-CORE] Forecast saved → outputs/forecasts_rolling/2019/gas_growth_pct_forecasts_sarima_core.csv
2026-09-04 00:19:43 | INFO     | energy_stress.sarima | [SARIMA-MACRO] Fitting on gas (train=152 obs)
2026-09-04 00:21:08 | INFO     | energy_stress.sarima | SARIMA best order: (2, 0, 0) × (2, 1, 1, 12)
2026-09-04 00:21:08 | INFO     | energy_stress.sarima | [SARIMA-MACRO] Using exogenous: ['inflation_growth_lag1', 'weather_volatility_lag1', 'gdp_growth_lag1', 'gas_futures_log_return_lag1', 'gas_futures_yoy_growth_lag1']
2026-09-04 00:21:10 | INFO     | energy_stress.sarima | [SARIMA-MACRO gas] validation: MAE=5.9346, RMSE=6.4405, MAPE=191.36%
2026-09-04 00:21:11 | INFO     | energy_stress.sarima | [SARIMA-MACRO] Forecast saved → outputs/forecasts_rolling/2019/gas_growth_pct_forecasts_sarima_macro.csv
2026-09-04 00:21:11 | INFO     | energy_stress.prophet | [Prophet-CORE] Fitting on gas (train=152 obs, regressors=False, cps=0.01, sps=10.0, reg_ps=n/a, seasonality=additive)
2026-09-04 00:21:11 | INFO     | energy_stress.prophet | [Prophet-CORE gas] validation: MAE=9.3509, RMSE=11.0880
2026-09-04 00:21:11 | INFO     | energy_stress.prophet | [Prophet-CORE] Forecast saved → outputs/forecasts_rolling/2019/gas_growth_pct_forecasts_prophet_core.csv
2026-09-04 00:21:11 | INFO     | energy_stress.prophet | [Prophet-MACRO] Fitting on gas (train=152 obs, regressors=True, cps=0.01, sps=10.0, reg_ps=0.5, seasonality=additive)
2026-09-04 00:21:11 | INFO     | energy_stress.prophet | [Prophet-MACRO gas] validation: MAE=10.9805, RMSE=12.2484
2026-09-04 00:21:11 | INFO     | energy_stress.prophet | [Prophet-MACRO] Forecast saved → outputs/forecasts_rolling/2019/gas_growth_pct_forecasts_prophet_macro.csv
2026-09-04 00:21:11 | INFO     | energy_stress.lstm | [LSTM-CORE] Training on gas | train=2006-05-01→2018-12-01 (152 obs), test=2019-01-01→2019-12-01 (12 obs), use_macro=False, lookback=12, dropout=0.2, lr=0.001, units=(128,64), macro_feature_set=lstm
2026-09-04 00:21:41 | INFO     | energy_stress.lstm | [LSTM-CORE gas] validation: MAE=5.9055, RMSE=6.9694
2026-09-04 00:22:55 | INFO     | energy_stress.lstm | [LSTM-CORE] Forecast saved → outputs/forecasts_rolling/2019/gas_growth_pct_forecasts_lstm_core.csv
2026-09-04 00:22:55 | INFO     | energy_stress.lstm | [LSTM-CORE] Model saved → outputs/models
2026-09-04 00:22:55 | INFO     | energy_stress.lstm | [LSTM-MACRO] Training on gas | train=2006-05-01→2018-12-01 (152 obs), test=2019-01-01→2019-12-01 (12 obs), use_macro=True, lookback=6, dropout=0.2, lr=0.001, units=(64,32), macro_feature_set=lstm
2026-09-04 00:23:22 | INFO     | energy_stress.lstm | [LSTM-MACRO gas] validation: MAE=6.0126, RMSE=6.7667
2026-09-04 00:24:05 | INFO     | energy_stress.lstm | [LSTM-MACRO] Forecast saved → outputs/forecasts_rolling/2019/gas_growth_pct_forecasts_lstm_macro.csv
2026-09-04 00:24:05 | INFO     | energy_stress.lstm | [LSTM-MACRO] Model saved → outputs/models
2026-09-04 00:24:05 | INFO     | energy_stress.tft | [TFT/pytorch-forecasting] Fitting gas (core)
2026-09-04 00:24:14 | INFO     | energy_stress.tft | [TFT gas] validation: MAE=7.6824, RMSE=9.0518
2026-09-04 00:24:22 | INFO     | energy_stress.tft | [TFT] Forecast saved → outputs/forecasts_rolling/2019/gas_growth_pct_forecasts_tft_core.csv
2026-09-04 00:24:22 | INFO     | energy_stress.tft | [TFT/pytorch-forecasting] Fitting gas (macro)
2026-09-04 00:24:32 | INFO     | energy_stress.tft | [TFT gas] validation: MAE=5.2472, RMSE=5.6944
2026-09-04 00:24:43 | INFO     | energy_stress.tft | [TFT] Forecast saved → outputs/forecasts_rolling/2019/gas_growth_pct_forecasts_tft_macro.csv
2026-09-04 00:24:43 | INFO     | energy_stress.forecast_pipeline | 
──────────────────────────────────────────────────
Series: ELECTRICITY
──────────────────────────────────────────────────
2026-09-04 00:24:43 | INFO     | energy_stress.forecast_pipeline | [electricity] train=152, test=12, full=164 (through 2019-12-01), actual_target=12 non-null (2020-01-01..2020-12-01)
2026-09-04 00:24:43 | INFO     | energy_stress.sarima | [SARIMA-CORE] Fitting on electricity (train=152 obs)
2026-09-04 00:27:47 | INFO     | energy_stress.sarima | SARIMA best order: (3, 0, 0) × (2, 1, 1, 12)
2026-09-04 00:27:48 | INFO     | energy_stress.sarima | [SARIMA-CORE electricity] validation: MAE=3.3352, RMSE=3.8074, MAPE=73.04%
2026-09-04 00:27:48 | INFO     | energy_stress.sarima | [SARIMA-CORE] Forecast saved → outputs/forecasts_rolling/2019/electricity_growth_pct_forecasts_sarima_core.csv
2026-09-04 00:27:48 | INFO     | energy_stress.sarima | [SARIMA-MACRO] Fitting on electricity (train=152 obs)
2026-09-04 00:30:58 | INFO     | energy_stress.sarima | SARIMA best order: (3, 0, 0) × (2, 1, 1, 12)
2026-09-04 00:30:58 | INFO     | energy_stress.sarima | [SARIMA-MACRO] Using exogenous: ['inflation_growth_lag1', 'weather_volatility_lag1', 'gdp_growth_lag1', 'gas_futures_log_return_lag1', 'gas_futures_yoy_growth_lag1', 'electricity_growth_lag12', 'post_2016_electricity_regime', 'gbp_eur_yoy_change_lag12']
2026-09-04 00:31:00 | INFO     | energy_stress.sarima | [SARIMA-MACRO electricity] validation: MAE=3.5655, RMSE=4.0577, MAPE=56.71%
2026-09-04 00:31:01 | INFO     | energy_stress.sarima | [SARIMA-MACRO] Forecast saved → outputs/forecasts_rolling/2019/electricity_growth_pct_forecasts_sarima_macro.csv
2026-09-04 00:31:01 | INFO     | energy_stress.prophet | [Prophet-CORE] Fitting on electricity (train=152 obs, regressors=False, cps=0.01, sps=10.0, reg_ps=n/a, seasonality=additive)
2026-09-04 00:31:02 | INFO     | energy_stress.prophet | [Prophet-CORE electricity] validation: MAE=9.5336, RMSE=10.4720
2026-09-04 00:31:02 | INFO     | energy_stress.prophet | [Prophet-CORE] Forecast saved → outputs/forecasts_rolling/2019/electricity_growth_pct_forecasts_prophet_core.csv
2026-09-04 00:31:02 | INFO     | energy_stress.prophet | [Prophet-MACRO] Fitting on electricity (train=152 obs, regressors=True, cps=0.01, sps=10.0, reg_ps=0.5, seasonality=additive)
2026-09-04 00:31:02 | INFO     | energy_stress.prophet | [Prophet-MACRO electricity] validation: MAE=11.0285, RMSE=11.9763
2026-09-04 00:31:02 | INFO     | energy_stress.prophet | [Prophet-MACRO] Forecast saved → outputs/forecasts_rolling/2019/electricity_growth_pct_forecasts_prophet_macro.csv
2026-09-04 00:31:02 | INFO     | energy_stress.lstm | [LSTM-CORE] Training on electricity | train=2006-05-01→2018-12-01 (152 obs), test=2019-01-01→2019-12-01 (12 obs), use_macro=False, lookback=6, dropout=0.2, lr=0.001, units=(64,32), macro_feature_set=lstm
2026-09-04 00:31:19 | INFO     | energy_stress.lstm | [LSTM-CORE electricity] validation: MAE=3.8463, RMSE=4.2264
2026-09-04 00:32:00 | INFO     | energy_stress.lstm | [LSTM-CORE] Forecast saved → outputs/forecasts_rolling/2019/electricity_growth_pct_forecasts_lstm_core.csv
2026-09-04 00:32:00 | INFO     | energy_stress.lstm | [LSTM-CORE] Model saved → outputs/models
2026-09-04 00:32:00 | INFO     | energy_stress.lstm | [LSTM-MACRO] Training on electricity | train=2006-05-01→2018-12-01 (152 obs), test=2019-01-01→2019-12-01 (12 obs), use_macro=True, lookback=3, dropout=0.1, lr=0.001, units=(64,32), macro_feature_set=lean
2026-09-04 00:32:20 | INFO     | energy_stress.lstm | [LSTM-MACRO electricity] validation: MAE=3.8188, RMSE=4.6436
2026-09-04 00:33:06 | INFO     | energy_stress.lstm | [LSTM-MACRO] Forecast saved → outputs/forecasts_rolling/2019/electricity_growth_pct_forecasts_lstm_macro.csv
2026-09-04 00:33:06 | INFO     | energy_stress.lstm | [LSTM-MACRO] Model saved → outputs/models
2026-09-04 00:33:06 | INFO     | energy_stress.tft | [TFT/pytorch-forecasting] Fitting electricity (core)
2026-09-04 00:33:14 | INFO     | energy_stress.tft | [TFT electricity] validation: MAE=4.6878, RMSE=5.9799
2026-09-04 00:33:22 | INFO     | energy_stress.tft | [TFT] Forecast saved → outputs/forecasts_rolling/2019/electricity_growth_pct_forecasts_tft_core.csv
2026-09-04 00:33:22 | INFO     | energy_stress.tft | [TFT/pytorch-forecasting] Fitting electricity (macro)
2026-09-04 00:33:33 | INFO     | energy_stress.tft | [TFT electricity] validation: MAE=4.5467, RMSE=5.2076
2026-09-04 00:33:46 | INFO     | energy_stress.tft | [TFT] Forecast saved → outputs/forecasts_rolling/2019/electricity_growth_pct_forecasts_tft_macro.csv
2026-09-04 00:33:46 | INFO     | energy_stress.forecast_pipeline | 
──────────────────────────────────────────────────
Series: CARBON
──────────────────────────────────────────────────
2026-09-04 00:33:46 | INFO     | energy_stress.forecast_pipeline | [carbon] train=152, test=12, full=164 (through 2019-12-01), actual_target=12 non-null (2020-01-01..2020-12-01)
2026-09-04 00:33:46 | INFO     | energy_stress.sarima | [SARIMA-CORE] Fitting on carbon (train=152 obs)
2026-09-04 00:35:08 | INFO     | energy_stress.sarima | SARIMA best order: (1, 0, 0) × (2, 1, 0, 12)
2026-09-04 00:35:08 | INFO     | energy_stress.sarima | [SARIMA-CORE carbon] validation: MAE=51.2033, RMSE=54.8300, MAPE=376.80%
2026-09-04 00:35:08 | INFO     | energy_stress.sarima | [SARIMA-CORE] Forecast saved → outputs/forecasts_rolling/2019/carbon_growth_pct_forecasts_sarima_core.csv
2026-09-04 00:35:08 | INFO     | energy_stress.sarima | [SARIMA-MACRO] Fitting on carbon (train=152 obs)
2026-09-04 00:36:23 | INFO     | energy_stress.sarima | SARIMA best order: (1, 0, 0) × (2, 1, 0, 12)
2026-09-04 00:36:23 | INFO     | energy_stress.sarima | [SARIMA-MACRO] Using exogenous: ['inflation_growth_lag1', 'weather_volatility_lag1', 'gdp_growth_lag1']
2026-09-04 00:36:24 | INFO     | energy_stress.sarima | [SARIMA-MACRO carbon] validation: MAE=74.4050, RMSE=80.2983, MAPE=543.79%
2026-09-04 00:36:25 | INFO     | energy_stress.sarima | [SARIMA-MACRO] Forecast saved → outputs/forecasts_rolling/2019/carbon_growth_pct_forecasts_sarima_macro.csv
2026-09-04 00:36:25 | INFO     | energy_stress.prophet | [Prophet-CORE] Fitting on carbon (train=152 obs, regressors=False, cps=0.01, sps=10.0, reg_ps=n/a, seasonality=additive)
2026-09-04 00:36:25 | INFO     | energy_stress.prophet | [Prophet-CORE carbon] validation: MAE=27.6615, RMSE=35.6657
2026-09-04 00:36:26 | INFO     | energy_stress.prophet | [Prophet-CORE] Forecast saved → outputs/forecasts_rolling/2019/carbon_growth_pct_forecasts_prophet_core.csv
2026-09-04 00:36:26 | INFO     | energy_stress.prophet | [Prophet-MACRO] Fitting on carbon (train=152 obs, regressors=True, cps=0.01, sps=10.0, reg_ps=0.1, seasonality=additive)
2026-09-04 00:36:26 | INFO     | energy_stress.prophet | [Prophet-MACRO carbon] validation: MAE=38.1412, RMSE=48.4818
2026-09-04 00:36:26 | INFO     | energy_stress.prophet | [Prophet-MACRO] Forecast saved → outputs/forecasts_rolling/2019/carbon_growth_pct_forecasts_prophet_macro.csv
2026-09-04 00:36:26 | INFO     | energy_stress.lstm | [LSTM-CORE] Training on carbon | train=2006-05-01→2018-12-01 (152 obs), test=2019-01-01→2019-12-01 (12 obs), use_macro=False, lookback=12, dropout=0.2, lr=0.001, units=(128,64), macro_feature_set=lstm
2026-09-04 00:36:55 | INFO     | energy_stress.lstm | [LSTM-CORE carbon] validation: MAE=48.9998, RMSE=51.5866
2026-09-04 00:38:16 | INFO     | energy_stress.lstm | [LSTM-CORE] Forecast saved → outputs/forecasts_rolling/2019/carbon_growth_pct_forecasts_lstm_core.csv
2026-09-04 00:38:16 | INFO     | energy_stress.lstm | [LSTM-CORE] Model saved → outputs/models
2026-09-04 00:38:16 | INFO     | energy_stress.lstm | [LSTM-MACRO] Training on carbon | train=2006-05-01→2018-12-01 (152 obs), test=2019-01-01→2019-12-01 (12 obs), use_macro=True, lookback=12, dropout=0.2, lr=0.001, units=(128,64), macro_feature_set=lstm
2026-09-04 00:38:44 | INFO     | energy_stress.lstm | [LSTM-MACRO carbon] validation: MAE=34.1965, RMSE=37.9701
2026-09-04 00:40:19 | INFO     | energy_stress.lstm | [LSTM-MACRO] Forecast saved → outputs/forecasts_rolling/2019/carbon_growth_pct_forecasts_lstm_macro.csv
2026-09-04 00:40:19 | INFO     | energy_stress.lstm | [LSTM-MACRO] Model saved → outputs/models
2026-09-04 00:40:19 | INFO     | energy_stress.tft | [TFT/pytorch-forecasting] Fitting carbon (core)
2026-09-04 00:40:27 | INFO     | energy_stress.tft | [TFT carbon] validation: MAE=40.9111, RMSE=47.1578
2026-09-04 00:40:35 | INFO     | energy_stress.tft | [TFT] Forecast saved → outputs/forecasts_rolling/2019/carbon_growth_pct_forecasts_tft_core.csv
2026-09-04 00:40:35 | INFO     | energy_stress.tft | [TFT/pytorch-forecasting] Fitting carbon (macro)
2026-09-04 00:40:45 | INFO     | energy_stress.tft | [TFT carbon] validation: MAE=30.2235, RMSE=33.8511
2026-09-04 00:40:56 | INFO     | energy_stress.tft | [TFT] Forecast saved → outputs/forecasts_rolling/2019/carbon_growth_pct_forecasts_tft_macro.csv
2026-09-04 00:40:56 | DEBUG    | energy_stress.model_evaluation | Loaded outputs/forecasts_rolling/2019/gas_growth_pct_forecasts_sarima_core.csv (12 rows)
2026-09-04 00:40:56 | DEBUG    | energy_stress.model_evaluation | Loaded outputs/forecasts_rolling/2019/gas_growth_pct_forecasts_sarima_macro.csv (12 rows)
2026-09-04 00:40:56 | DEBUG    | energy_stress.model_evaluation | Loaded outputs/forecasts_rolling/2019/gas_growth_pct_forecasts_prophet_core.csv (12 rows)
2026-09-04 00:40:56 | DEBUG    | energy_stress.model_evaluation | Loaded outputs/forecasts_rolling/2019/gas_growth_pct_forecasts_prophet_macro.csv (12 rows)
2026-09-04 00:40:56 | DEBUG    | energy_stress.model_evaluation | Loaded outputs/forecasts_rolling/2019/gas_growth_pct_forecasts_lstm_core.csv (12 rows)
2026-09-04 00:40:56 | DEBUG    | energy_stress.model_evaluation | Loaded outputs/forecasts_rolling/2019/gas_growth_pct_forecasts_lstm_macro.csv (12 rows)
2026-09-04 00:40:56 | DEBUG    | energy_stress.model_evaluation | Loaded outputs/forecasts_rolling/2019/gas_growth_pct_forecasts_tft_core.csv (12 rows)
2026-09-04 00:40:56 | DEBUG    | energy_stress.model_evaluation | Loaded outputs/forecasts_rolling/2019/gas_growth_pct_forecasts_tft_macro.csv (12 rows)
2026-09-04 00:40:56 | INFO     | energy_stress.model_evaluation | Combined forecasts (96 rows) → outputs/forecasts_rolling/2019/gas_growth_pct_forecasts_all.csv
2026-09-04 00:40:56 | INFO     | energy_stress.model_evaluation |   core combined → outputs/forecasts_rolling/2019/gas_growth_pct_forecasts_core.csv
2026-09-04 00:40:56 | INFO     | energy_stress.model_evaluation |   macro combined → outputs/forecasts_rolling/2019/gas_growth_pct_forecasts_macro.csv
2026-09-04 00:40:56 | DEBUG    | energy_stress.model_evaluation | Loaded outputs/forecasts_rolling/2019/electricity_growth_pct_forecasts_sarima_core.csv (12 rows)
2026-09-04 00:40:56 | DEBUG    | energy_stress.model_evaluation | Loaded outputs/forecasts_rolling/2019/electricity_growth_pct_forecasts_sarima_macro.csv (12 rows)
2026-09-04 00:40:56 | DEBUG    | energy_stress.model_evaluation | Loaded outputs/forecasts_rolling/2019/electricity_growth_pct_forecasts_prophet_core.csv (12 rows)
2026-09-04 00:40:56 | DEBUG    | energy_stress.model_evaluation | Loaded outputs/forecasts_rolling/2019/electricity_growth_pct_forecasts_prophet_macro.csv (12 rows)
2026-09-04 00:40:56 | DEBUG    | energy_stress.model_evaluation | Loaded outputs/forecasts_rolling/2019/electricity_growth_pct_forecasts_lstm_core.csv (12 rows)
2026-09-04 00:40:56 | DEBUG    | energy_stress.model_evaluation | Loaded outputs/forecasts_rolling/2019/electricity_growth_pct_forecasts_lstm_macro.csv (12 rows)
2026-09-04 00:40:56 | DEBUG    | energy_stress.model_evaluation | Loaded outputs/forecasts_rolling/2019/electricity_growth_pct_forecasts_tft_core.csv (12 rows)
2026-09-04 00:40:56 | DEBUG    | energy_stress.model_evaluation | Loaded outputs/forecasts_rolling/2019/electricity_growth_pct_forecasts_tft_macro.csv (12 rows)
2026-09-04 00:40:56 | INFO     | energy_stress.model_evaluation | Combined forecasts (96 rows) → outputs/forecasts_rolling/2019/electricity_growth_pct_forecasts_all.csv
2026-09-04 00:40:56 | INFO     | energy_stress.model_evaluation |   core combined → outputs/forecasts_rolling/2019/electricity_growth_pct_forecasts_core.csv
2026-09-04 00:40:56 | INFO     | energy_stress.model_evaluation |   macro combined → outputs/forecasts_rolling/2019/electricity_growth_pct_forecasts_macro.csv
2026-09-04 00:40:56 | DEBUG    | energy_stress.model_evaluation | Loaded outputs/forecasts_rolling/2019/carbon_growth_pct_forecasts_sarima_core.csv (12 rows)
2026-09-04 00:40:56 | DEBUG    | energy_stress.model_evaluation | Loaded outputs/forecasts_rolling/2019/carbon_growth_pct_forecasts_sarima_macro.csv (12 rows)
2026-09-04 00:40:56 | DEBUG    | energy_stress.model_evaluation | Loaded outputs/forecasts_rolling/2019/carbon_growth_pct_forecasts_prophet_core.csv (12 rows)
2026-09-04 00:40:56 | DEBUG    | energy_stress.model_evaluation | Loaded outputs/forecasts_rolling/2019/carbon_growth_pct_forecasts_prophet_macro.csv (12 rows)
2026-09-04 00:40:56 | DEBUG    | energy_stress.model_evaluation | Loaded outputs/forecasts_rolling/2019/carbon_growth_pct_forecasts_lstm_core.csv (12 rows)
2026-09-04 00:40:56 | DEBUG    | energy_stress.model_evaluation | Loaded outputs/forecasts_rolling/2019/carbon_growth_pct_forecasts_lstm_macro.csv (12 rows)
2026-09-04 00:40:56 | DEBUG    | energy_stress.model_evaluation | Loaded outputs/forecasts_rolling/2019/carbon_growth_pct_forecasts_tft_core.csv (12 rows)
2026-09-04 00:40:56 | DEBUG    | energy_stress.model_evaluation | Loaded outputs/forecasts_rolling/2019/carbon_growth_pct_forecasts_tft_macro.csv (12 rows)
2026-09-04 00:40:56 | INFO     | energy_stress.model_evaluation | Combined forecasts (96 rows) → outputs/forecasts_rolling/2019/carbon_growth_pct_forecasts_all.csv
2026-09-04 00:40:56 | INFO     | energy_stress.model_evaluation |   core combined → outputs/forecasts_rolling/2019/carbon_growth_pct_forecasts_core.csv
2026-09-04 00:40:56 | INFO     | energy_stress.model_evaluation |   macro combined → outputs/forecasts_rolling/2019/carbon_growth_pct_forecasts_macro.csv
2026-09-04 00:40:56 | INFO     | energy_stress.model_evaluation | Evaluating 24 model results across all series and modes
2026-09-04 00:40:56 | INFO     | energy_stress.model_evaluation | Best model [carbon][core]: Prophet (selection_score=1.250)
2026-09-04 00:40:56 | INFO     | energy_stress.model_evaluation | Best model [carbon][macro]: TFT (selection_score=1.100)
2026-09-04 00:40:56 | INFO     | energy_stress.model_evaluation | Best model [electricity][core]: SARIMA (selection_score=1.100)
2026-09-04 00:40:56 | INFO     | energy_stress.model_evaluation | Best model [electricity][macro]: SARIMA (selection_score=1.100)
2026-09-04 00:40:56 | INFO     | energy_stress.model_evaluation | Best model [gas][core]: SARIMA (selection_score=1.750)
2026-09-04 00:40:56 | INFO     | energy_stress.model_evaluation | Best model [gas][macro]: TFT (selection_score=1.450)
2026-09-04 00:40:56 | INFO     | energy_stress.model_evaluation | Metrics table saved → outputs/tables/rolling/2019/model_metrics_comparison.csv
2026-09-04 00:40:56 | INFO     | energy_stress.fes | Best models selected:
2026-09-04 00:40:56 | INFO     | energy_stress.fes |   [carbon][core] → Prophet
2026-09-04 00:40:56 | INFO     | energy_stress.fes |   [carbon][macro] → TFT
2026-09-04 00:40:56 | INFO     | energy_stress.fes |   [electricity][core] → SARIMA
2026-09-04 00:40:56 | INFO     | energy_stress.fes |   [electricity][macro] → SARIMA
2026-09-04 00:40:56 | INFO     | energy_stress.fes |   [gas][core] → SARIMA
2026-09-04 00:40:56 | INFO     | energy_stress.fes |   [gas][macro] → TFT
2026-09-04 00:40:56 | INFO     | energy_stress.fes | Per-series mode selected for FES_selected (metric per series/mode: {('gas', 'core'): 'RMSE', ('gas', 'macro'): 'RMSE', ('electricity', 'core'): 'RMSE', ('electricity', 'macro'): 'RMSE', ('carbon', 'core'): 'RMSE', ('carbon', 'macro'): 'RMSE'}): {'gas': 'macro', 'electricity': 'core', 'carbon': 'macro'}
2026-09-04 00:40:56 | INFO     | energy_stress.fes | FES_Weighted series weights (inverse validation-RMSE, normalized to mean 1.0): {'gas': 1.1262052936417932, 'electricity': 1.6843464760101252, 'carbon': 0.1894482303480816}
2026-09-04 00:40:56 | INFO     | energy_stress.fes | [gas] train μ=6.7756, σ=14.9105 | unc_ref μ=6.3430, σ=6.2800
2026-09-04 00:40:56 | INFO     | energy_stress.fes | [electricity] train μ=6.8295, σ=8.6923 | unc_ref μ=4.2072, σ=3.4693
2026-09-04 00:40:56 | INFO     | energy_stress.fes | [carbon] train μ=0.9325, σ=178.5876 | unc_ref μ=75.8894, σ=110.9473
2026-09-04 00:40:56 | INFO     | energy_stress.fes | [actual real-vol] train μ=0.5099, σ=0.3817
2026-09-04 00:40:56 | INFO     | energy_stress.fes | Monthly FES saved → outputs/fes/rolling/2019/fes_monthly_2020.csv
2026-09-04 00:40:56 | INFO     | energy_stress.fes | [gas] train μ=7.3474, σ=15.2609 | unc_ref μ=6.5222, σ=6.4952
2026-09-04 00:40:56 | INFO     | energy_stress.fes | [electricity] train μ=6.7905, σ=8.9551 | unc_ref μ=4.2794, σ=3.5941
2026-09-04 00:40:56 | INFO     | energy_stress.fes | [carbon] train μ=-2.1381, σ=185.0328 | unc_ref μ=79.8461, σ=114.4956
2026-09-04 00:40:56 | INFO     | energy_stress.fes | [actual real-vol] train μ=0.5102, σ=0.3752
2026-09-04 00:40:56 | INFO     | energy_stress.fes | FES_actual, prior year 2019 (baseline for FES_selected's 2020 forecast): mean=-0.61353 -> outputs/fes/rolling/2019/fes_prior_actual_2019.csv
2026-09-04 00:40:57 | INFO     | energy_stress.fes | FES comparison metrics saved → outputs/fes/rolling/2019/fes_comparison_metrics.csv  (12 rows)
2026-09-04 00:40:57 | INFO     | energy_stress.fes | Best RMSE per variant:
FES_variant
Equal_Core        2.36114
Equal_Macro       1.24496
Equal_Selected    1.47244
Equal_Weighted    1.45412
2026-09-04 00:40:57 | INFO     | energy_stress.forecast_pipeline | ========================================
2026-09-04 00:40:57 | INFO     | energy_stress.forecast_pipeline | STAGE 2: Rolling year as_of=2020 (split train<2020, test=2020, refit<=2020, forecast=2021)
2026-09-04 00:40:57 | INFO     | energy_stress.forecast_pipeline | ========================================
2026-09-04 00:40:57 | INFO     | energy_stress.preprocessing | Train: 164 rows (through 2019-12-01) | Test: 12 rows (2020-01-01..2020-12-01)
2026-09-04 00:40:57 | INFO     | energy_stress.forecast_pipeline | 
──────────────────────────────────────────────────
Series: GAS
──────────────────────────────────────────────────
2026-09-04 00:40:57 | INFO     | energy_stress.forecast_pipeline | [gas] train=164, test=12, full=176 (through 2020-12-01), actual_target=12 non-null (2021-01-01..2021-12-01)
2026-09-04 00:40:57 | INFO     | energy_stress.sarima | [SARIMA-CORE] Fitting on gas (train=164 obs)
2026-09-04 00:42:21 | INFO     | energy_stress.sarima | SARIMA best order: (2, 0, 0) × (2, 1, 1, 12)
2026-09-04 00:42:21 | INFO     | energy_stress.sarima | [SARIMA-CORE gas] validation: MAE=9.9764, RMSE=10.0556, MAPE=739.01%
2026-09-04 00:42:22 | INFO     | energy_stress.sarima | [SARIMA-CORE] Forecast saved → outputs/forecasts_rolling/2020/gas_growth_pct_forecasts_sarima_core.csv
2026-09-04 00:42:22 | INFO     | energy_stress.sarima | [SARIMA-MACRO] Fitting on gas (train=164 obs)
2026-09-04 00:44:07 | INFO     | energy_stress.sarima | SARIMA best order: (2, 0, 0) × (2, 1, 1, 12)
2026-09-04 00:44:07 | INFO     | energy_stress.sarima | [SARIMA-MACRO] Using exogenous: ['inflation_growth_lag1', 'weather_volatility_lag1', 'gdp_growth_lag1', 'gas_futures_log_return_lag1', 'gas_futures_yoy_growth_lag1']
2026-09-04 00:44:08 | INFO     | energy_stress.sarima | [SARIMA-MACRO gas] validation: MAE=9.5952, RMSE=9.8588, MAPE=800.15%
2026-09-04 00:44:09 | INFO     | energy_stress.sarima | [SARIMA-MACRO] Forecast saved → outputs/forecasts_rolling/2020/gas_growth_pct_forecasts_sarima_macro.csv
2026-09-04 00:44:09 | INFO     | energy_stress.prophet | [Prophet-CORE] Fitting on gas (train=164 obs, regressors=False, cps=0.01, sps=10.0, reg_ps=n/a, seasonality=additive)
2026-09-04 00:44:09 | INFO     | energy_stress.prophet | [Prophet-CORE gas] validation: MAE=4.5317, RMSE=6.7939
2026-09-04 00:44:09 | INFO     | energy_stress.prophet | [Prophet-CORE] Forecast saved → outputs/forecasts_rolling/2020/gas_growth_pct_forecasts_prophet_core.csv
2026-09-04 00:44:09 | INFO     | energy_stress.prophet | [Prophet-MACRO] Fitting on gas (train=164 obs, regressors=True, cps=0.01, sps=10.0, reg_ps=0.5, seasonality=additive)
2026-09-04 00:44:10 | INFO     | energy_stress.prophet | [Prophet-MACRO gas] validation: MAE=14.8777, RMSE=20.5152
2026-09-04 00:44:10 | INFO     | energy_stress.prophet | [Prophet-MACRO] Forecast saved → outputs/forecasts_rolling/2020/gas_growth_pct_forecasts_prophet_macro.csv
2026-09-04 00:44:10 | INFO     | energy_stress.lstm | [LSTM-CORE] Training on gas | train=2006-05-01→2019-12-01 (164 obs), test=2020-01-01→2020-12-01 (12 obs), use_macro=False, lookback=12, dropout=0.2, lr=0.001, units=(128,64), macro_feature_set=lstm
2026-09-04 00:45:59 | INFO     | energy_stress.lstm | [LSTM-CORE gas] validation: MAE=7.7541, RMSE=8.3568
2026-09-04 00:49:26 | INFO     | energy_stress.lstm | [LSTM-CORE] Forecast saved → outputs/forecasts_rolling/2020/gas_growth_pct_forecasts_lstm_core.csv
2026-09-04 00:49:26 | INFO     | energy_stress.lstm | [LSTM-CORE] Model saved → outputs/models
2026-09-04 00:49:26 | INFO     | energy_stress.lstm | [LSTM-MACRO] Training on gas | train=2006-05-01→2019-12-01 (164 obs), test=2020-01-01→2020-12-01 (12 obs), use_macro=True, lookback=6, dropout=0.2, lr=0.001, units=(64,32), macro_feature_set=lstm
2026-09-04 00:50:19 | INFO     | energy_stress.lstm | [LSTM-MACRO gas] validation: MAE=11.5468, RMSE=12.9050
2026-09-04 00:52:50 | INFO     | energy_stress.lstm | [LSTM-MACRO] Forecast saved → outputs/forecasts_rolling/2020/gas_growth_pct_forecasts_lstm_macro.csv
2026-09-04 00:52:50 | INFO     | energy_stress.lstm | [LSTM-MACRO] Model saved → outputs/models
2026-09-04 00:52:50 | INFO     | energy_stress.tft | [TFT/pytorch-forecasting] Fitting gas (core)
2026-09-04 00:53:00 | INFO     | energy_stress.tft | [TFT gas] validation: MAE=8.5049, RMSE=9.4949
2026-09-04 00:53:10 | INFO     | energy_stress.tft | [TFT] Forecast saved → outputs/forecasts_rolling/2020/gas_growth_pct_forecasts_tft_core.csv
2026-09-04 00:53:10 | INFO     | energy_stress.tft | [TFT/pytorch-forecasting] Fitting gas (macro)
2026-09-04 00:53:22 | INFO     | energy_stress.tft | [TFT gas] validation: MAE=8.5878, RMSE=9.7209
2026-09-04 00:53:33 | INFO     | energy_stress.tft | [TFT] Forecast saved → outputs/forecasts_rolling/2020/gas_growth_pct_forecasts_tft_macro.csv
2026-09-04 00:53:33 | INFO     | energy_stress.forecast_pipeline | 
──────────────────────────────────────────────────
Series: ELECTRICITY
──────────────────────────────────────────────────
2026-09-04 00:53:33 | INFO     | energy_stress.forecast_pipeline | [electricity] train=164, test=12, full=176 (through 2020-12-01), actual_target=12 non-null (2021-01-01..2021-12-01)
2026-09-04 00:53:33 | INFO     | energy_stress.sarima | [SARIMA-CORE] Fitting on electricity (train=164 obs)
2026-09-04 00:57:46 | INFO     | energy_stress.sarima | SARIMA best order: (2, 0, 0) × (2, 1, 1, 12)
2026-09-04 00:57:46 | INFO     | energy_stress.sarima | [SARIMA-CORE electricity] validation: MAE=8.7674, RMSE=9.1341, MAPE=329.44%
2026-09-04 00:57:47 | INFO     | energy_stress.sarima | [SARIMA-CORE] Forecast saved → outputs/forecasts_rolling/2020/electricity_growth_pct_forecasts_sarima_core.csv
2026-09-04 00:57:47 | INFO     | energy_stress.sarima | [SARIMA-MACRO] Fitting on electricity (train=164 obs)
2026-09-04 01:01:54 | INFO     | energy_stress.sarima | SARIMA best order: (2, 0, 0) × (2, 1, 1, 12)
2026-09-04 01:01:54 | INFO     | energy_stress.sarima | [SARIMA-MACRO] Using exogenous: ['inflation_growth_lag1', 'weather_volatility_lag1', 'gdp_growth_lag1', 'gas_futures_log_return_lag1', 'gas_futures_yoy_growth_lag1', 'electricity_growth_lag12', 'post_2016_electricity_regime', 'gbp_eur_yoy_change_lag12']
2026-09-04 01:01:55 | INFO     | energy_stress.sarima | [SARIMA-MACRO electricity] validation: MAE=8.6216, RMSE=9.2499, MAPE=324.29%
2026-09-04 01:01:57 | INFO     | energy_stress.sarima | [SARIMA-MACRO] Forecast saved → outputs/forecasts_rolling/2020/electricity_growth_pct_forecasts_sarima_macro.csv
2026-09-04 01:01:57 | INFO     | energy_stress.prophet | [Prophet-CORE] Fitting on electricity (train=164 obs, regressors=False, cps=0.01, sps=10.0, reg_ps=n/a, seasonality=additive)
2026-09-04 01:01:57 | INFO     | energy_stress.prophet | [Prophet-CORE electricity] validation: MAE=3.0989, RMSE=5.5346
2026-09-04 01:01:57 | INFO     | energy_stress.prophet | [Prophet-CORE] Forecast saved → outputs/forecasts_rolling/2020/electricity_growth_pct_forecasts_prophet_core.csv
2026-09-04 01:01:57 | INFO     | energy_stress.prophet | [Prophet-MACRO] Fitting on electricity (train=164 obs, regressors=True, cps=0.01, sps=10.0, reg_ps=0.5, seasonality=additive)
2026-09-04 01:01:58 | INFO     | energy_stress.prophet | [Prophet-MACRO electricity] validation: MAE=4.9370, RMSE=6.0315
2026-09-04 01:01:58 | INFO     | energy_stress.prophet | [Prophet-MACRO] Forecast saved → outputs/forecasts_rolling/2020/electricity_growth_pct_forecasts_prophet_macro.csv
2026-09-04 01:01:58 | INFO     | energy_stress.lstm | [LSTM-CORE] Training on electricity | train=2006-05-01→2019-12-01 (164 obs), test=2020-01-01→2020-12-01 (12 obs), use_macro=False, lookback=6, dropout=0.2, lr=0.001, units=(64,32), macro_feature_set=lstm
2026-09-04 01:02:39 | INFO     | energy_stress.lstm | [LSTM-CORE electricity] validation: MAE=7.5824, RMSE=8.5714
2026-09-04 01:04:57 | INFO     | energy_stress.lstm | [LSTM-CORE] Forecast saved → outputs/forecasts_rolling/2020/electricity_growth_pct_forecasts_lstm_core.csv
2026-09-04 01:04:57 | INFO     | energy_stress.lstm | [LSTM-CORE] Model saved → outputs/models
2026-09-04 01:04:57 | INFO     | energy_stress.lstm | [LSTM-MACRO] Training on electricity | train=2006-05-01→2019-12-01 (164 obs), test=2020-01-01→2020-12-01 (12 obs), use_macro=True, lookback=3, dropout=0.1, lr=0.001, units=(64,32), macro_feature_set=lean
2026-09-04 01:05:53 | INFO     | energy_stress.lstm | [LSTM-MACRO electricity] validation: MAE=6.9367, RMSE=8.1406
2026-09-04 01:07:20 | INFO     | energy_stress.lstm | [LSTM-MACRO] Forecast saved → outputs/forecasts_rolling/2020/electricity_growth_pct_forecasts_lstm_macro.csv
2026-09-04 01:07:20 | INFO     | energy_stress.lstm | [LSTM-MACRO] Model saved → outputs/models
2026-09-04 01:07:20 | INFO     | energy_stress.tft | [TFT/pytorch-forecasting] Fitting electricity (core)
2026-09-04 01:07:29 | INFO     | energy_stress.tft | [TFT electricity] validation: MAE=6.6385, RMSE=6.7973
2026-09-04 01:07:38 | INFO     | energy_stress.tft | [TFT] Forecast saved → outputs/forecasts_rolling/2020/electricity_growth_pct_forecasts_tft_core.csv
2026-09-04 01:07:38 | INFO     | energy_stress.tft | [TFT/pytorch-forecasting] Fitting electricity (macro)
2026-09-04 01:07:52 | INFO     | energy_stress.tft | [TFT electricity] validation: MAE=6.9854, RMSE=7.7159
2026-09-04 01:08:06 | INFO     | energy_stress.tft | [TFT] Forecast saved → outputs/forecasts_rolling/2020/electricity_growth_pct_forecasts_tft_macro.csv
2026-09-04 01:08:06 | INFO     | energy_stress.forecast_pipeline | 
──────────────────────────────────────────────────
Series: CARBON
──────────────────────────────────────────────────
2026-09-04 01:08:06 | INFO     | energy_stress.forecast_pipeline | [carbon] train=164, test=12, full=176 (through 2020-12-01), actual_target=12 non-null (2021-01-01..2021-12-01)
2026-09-04 01:08:06 | INFO     | energy_stress.sarima | [SARIMA-CORE] Fitting on carbon (train=164 obs)
2026-09-04 01:10:27 | INFO     | energy_stress.sarima | SARIMA best order: (1, 0, 0) × (2, 1, 0, 12)
2026-09-04 01:10:27 | INFO     | energy_stress.sarima | [SARIMA-CORE carbon] validation: MAE=36.5332, RMSE=40.0694, MAPE=883.15%
2026-09-04 01:10:27 | INFO     | energy_stress.sarima | [SARIMA-CORE] Forecast saved → outputs/forecasts_rolling/2020/carbon_growth_pct_forecasts_sarima_core.csv
2026-09-04 01:10:27 | INFO     | energy_stress.sarima | [SARIMA-MACRO] Fitting on carbon (train=164 obs)
2026-09-04 01:12:51 | INFO     | energy_stress.sarima | SARIMA best order: (1, 0, 0) × (2, 1, 0, 12)
2026-09-04 01:12:51 | INFO     | energy_stress.sarima | [SARIMA-MACRO] Using exogenous: ['inflation_growth_lag1', 'weather_volatility_lag1', 'gdp_growth_lag1']
2026-09-04 01:12:52 | INFO     | energy_stress.sarima | [SARIMA-MACRO carbon] validation: MAE=57.0411, RMSE=70.8759, MAPE=1436.14%
2026-09-04 01:12:53 | INFO     | energy_stress.sarima | [SARIMA-MACRO] Forecast saved → outputs/forecasts_rolling/2020/carbon_growth_pct_forecasts_sarima_macro.csv
2026-09-04 01:12:53 | INFO     | energy_stress.prophet | [Prophet-CORE] Fitting on carbon (train=164 obs, regressors=False, cps=0.01, sps=10.0, reg_ps=n/a, seasonality=additive)
2026-09-04 01:12:53 | INFO     | energy_stress.prophet | [Prophet-CORE carbon] validation: MAE=15.5286, RMSE=19.3879
2026-09-04 01:12:53 | INFO     | energy_stress.prophet | [Prophet-CORE] Forecast saved → outputs/forecasts_rolling/2020/carbon_growth_pct_forecasts_prophet_core.csv
2026-09-04 01:12:53 | INFO     | energy_stress.prophet | [Prophet-MACRO] Fitting on carbon (train=164 obs, regressors=True, cps=0.01, sps=10.0, reg_ps=0.1, seasonality=additive)
2026-09-04 01:12:53 | INFO     | energy_stress.prophet | [Prophet-MACRO carbon] validation: MAE=100.4222, RMSE=156.5655
2026-09-04 01:12:54 | INFO     | energy_stress.prophet | [Prophet-MACRO] Forecast saved → outputs/forecasts_rolling/2020/carbon_growth_pct_forecasts_prophet_macro.csv
2026-09-04 01:12:54 | INFO     | energy_stress.lstm | [LSTM-CORE] Training on carbon | train=2006-05-01→2019-12-01 (164 obs), test=2020-01-01→2020-12-01 (12 obs), use_macro=False, lookback=12, dropout=0.2, lr=0.001, units=(128,64), macro_feature_set=lstm
2026-09-04 01:15:35 | INFO     | energy_stress.lstm | [LSTM-CORE carbon] validation: MAE=12.4469, RMSE=14.3387
2026-09-04 01:18:36 | INFO     | energy_stress.lstm | [LSTM-CORE] Forecast saved → outputs/forecasts_rolling/2020/carbon_growth_pct_forecasts_lstm_core.csv
2026-09-04 01:18:36 | INFO     | energy_stress.lstm | [LSTM-CORE] Model saved → outputs/models
2026-09-04 01:18:36 | INFO     | energy_stress.lstm | [LSTM-MACRO] Training on carbon | train=2006-05-01→2019-12-01 (164 obs), test=2020-01-01→2020-12-01 (12 obs), use_macro=True, lookback=12, dropout=0.2, lr=0.001, units=(128,64), macro_feature_set=lstm
2026-09-04 01:19:04 | INFO     | energy_stress.lstm | [LSTM-MACRO carbon] validation: MAE=23.0434, RMSE=27.7134
2026-09-04 01:19:53 | INFO     | energy_stress.lstm | [LSTM-MACRO] Forecast saved → outputs/forecasts_rolling/2020/carbon_growth_pct_forecasts_lstm_macro.csv
2026-09-04 01:19:53 | INFO     | energy_stress.lstm | [LSTM-MACRO] Model saved → outputs/models
2026-09-04 01:19:53 | INFO     | energy_stress.tft | [TFT/pytorch-forecasting] Fitting carbon (core)
2026-09-04 01:20:03 | INFO     | energy_stress.tft | [TFT carbon] validation: MAE=16.9925, RMSE=19.4931
2026-09-04 01:20:12 | INFO     | energy_stress.tft | [TFT] Forecast saved → outputs/forecasts_rolling/2020/carbon_growth_pct_forecasts_tft_core.csv
2026-09-04 01:20:12 | INFO     | energy_stress.tft | [TFT/pytorch-forecasting] Fitting carbon (macro)
2026-09-04 01:20:24 | INFO     | energy_stress.tft | [TFT carbon] validation: MAE=28.3198, RMSE=35.9938
2026-09-04 01:20:36 | INFO     | energy_stress.tft | [TFT] Forecast saved → outputs/forecasts_rolling/2020/carbon_growth_pct_forecasts_tft_macro.csv
2026-09-04 01:20:36 | DEBUG    | energy_stress.model_evaluation | Loaded outputs/forecasts_rolling/2020/gas_growth_pct_forecasts_sarima_core.csv (12 rows)
2026-09-04 01:20:36 | DEBUG    | energy_stress.model_evaluation | Loaded outputs/forecasts_rolling/2020/gas_growth_pct_forecasts_sarima_macro.csv (12 rows)
2026-09-04 01:20:36 | DEBUG    | energy_stress.model_evaluation | Loaded outputs/forecasts_rolling/2020/gas_growth_pct_forecasts_prophet_core.csv (12 rows)
2026-09-04 01:20:36 | DEBUG    | energy_stress.model_evaluation | Loaded outputs/forecasts_rolling/2020/gas_growth_pct_forecasts_prophet_macro.csv (12 rows)
2026-09-04 01:20:36 | DEBUG    | energy_stress.model_evaluation | Loaded outputs/forecasts_rolling/2020/gas_growth_pct_forecasts_lstm_core.csv (12 rows)
2026-09-04 01:20:36 | DEBUG    | energy_stress.model_evaluation | Loaded outputs/forecasts_rolling/2020/gas_growth_pct_forecasts_lstm_macro.csv (12 rows)
2026-09-04 01:20:36 | DEBUG    | energy_stress.model_evaluation | Loaded outputs/forecasts_rolling/2020/gas_growth_pct_forecasts_tft_core.csv (12 rows)
2026-09-04 01:20:36 | DEBUG    | energy_stress.model_evaluation | Loaded outputs/forecasts_rolling/2020/gas_growth_pct_forecasts_tft_macro.csv (12 rows)
2026-09-04 01:20:36 | INFO     | energy_stress.model_evaluation | Combined forecasts (96 rows) → outputs/forecasts_rolling/2020/gas_growth_pct_forecasts_all.csv
2026-09-04 01:20:36 | INFO     | energy_stress.model_evaluation |   core combined → outputs/forecasts_rolling/2020/gas_growth_pct_forecasts_core.csv
2026-09-04 01:20:36 | INFO     | energy_stress.model_evaluation |   macro combined → outputs/forecasts_rolling/2020/gas_growth_pct_forecasts_macro.csv
2026-09-04 01:20:36 | DEBUG    | energy_stress.model_evaluation | Loaded outputs/forecasts_rolling/2020/electricity_growth_pct_forecasts_sarima_core.csv (12 rows)
2026-09-04 01:20:36 | DEBUG    | energy_stress.model_evaluation | Loaded outputs/forecasts_rolling/2020/electricity_growth_pct_forecasts_sarima_macro.csv (12 rows)
2026-09-04 01:20:36 | DEBUG    | energy_stress.model_evaluation | Loaded outputs/forecasts_rolling/2020/electricity_growth_pct_forecasts_prophet_core.csv (12 rows)
2026-09-04 01:20:36 | DEBUG    | energy_stress.model_evaluation | Loaded outputs/forecasts_rolling/2020/electricity_growth_pct_forecasts_prophet_macro.csv (12 rows)
2026-09-04 01:20:36 | DEBUG    | energy_stress.model_evaluation | Loaded outputs/forecasts_rolling/2020/electricity_growth_pct_forecasts_lstm_core.csv (12 rows)
2026-09-04 01:20:36 | DEBUG    | energy_stress.model_evaluation | Loaded outputs/forecasts_rolling/2020/electricity_growth_pct_forecasts_lstm_macro.csv (12 rows)
2026-09-04 01:20:36 | DEBUG    | energy_stress.model_evaluation | Loaded outputs/forecasts_rolling/2020/electricity_growth_pct_forecasts_tft_core.csv (12 rows)
2026-09-04 01:20:36 | DEBUG    | energy_stress.model_evaluation | Loaded outputs/forecasts_rolling/2020/electricity_growth_pct_forecasts_tft_macro.csv (12 rows)
2026-09-04 01:20:36 | INFO     | energy_stress.model_evaluation | Combined forecasts (96 rows) → outputs/forecasts_rolling/2020/electricity_growth_pct_forecasts_all.csv
2026-09-04 01:20:36 | INFO     | energy_stress.model_evaluation |   core combined → outputs/forecasts_rolling/2020/electricity_growth_pct_forecasts_core.csv
2026-09-04 01:20:36 | INFO     | energy_stress.model_evaluation |   macro combined → outputs/forecasts_rolling/2020/electricity_growth_pct_forecasts_macro.csv
2026-09-04 01:20:36 | DEBUG    | energy_stress.model_evaluation | Loaded outputs/forecasts_rolling/2020/carbon_growth_pct_forecasts_sarima_core.csv (12 rows)
2026-09-04 01:20:36 | DEBUG    | energy_stress.model_evaluation | Loaded outputs/forecasts_rolling/2020/carbon_growth_pct_forecasts_sarima_macro.csv (12 rows)
2026-09-04 01:20:36 | DEBUG    | energy_stress.model_evaluation | Loaded outputs/forecasts_rolling/2020/carbon_growth_pct_forecasts_prophet_core.csv (12 rows)
2026-09-04 01:20:36 | DEBUG    | energy_stress.model_evaluation | Loaded outputs/forecasts_rolling/2020/carbon_growth_pct_forecasts_prophet_macro.csv (12 rows)
2026-09-04 01:20:36 | DEBUG    | energy_stress.model_evaluation | Loaded outputs/forecasts_rolling/2020/carbon_growth_pct_forecasts_lstm_core.csv (12 rows)
2026-09-04 01:20:36 | DEBUG    | energy_stress.model_evaluation | Loaded outputs/forecasts_rolling/2020/carbon_growth_pct_forecasts_lstm_macro.csv (12 rows)
2026-09-04 01:20:36 | DEBUG    | energy_stress.model_evaluation | Loaded outputs/forecasts_rolling/2020/carbon_growth_pct_forecasts_tft_core.csv (12 rows)
2026-09-04 01:20:36 | DEBUG    | energy_stress.model_evaluation | Loaded outputs/forecasts_rolling/2020/carbon_growth_pct_forecasts_tft_macro.csv (12 rows)
2026-09-04 01:20:36 | INFO     | energy_stress.model_evaluation | Combined forecasts (96 rows) → outputs/forecasts_rolling/2020/carbon_growth_pct_forecasts_all.csv
2026-09-04 01:20:36 | INFO     | energy_stress.model_evaluation |   core combined → outputs/forecasts_rolling/2020/carbon_growth_pct_forecasts_core.csv
2026-09-04 01:20:36 | INFO     | energy_stress.model_evaluation |   macro combined → outputs/forecasts_rolling/2020/carbon_growth_pct_forecasts_macro.csv
2026-09-04 01:20:36 | INFO     | energy_stress.model_evaluation | Evaluating 24 model results across all series and modes
2026-09-04 01:20:36 | INFO     | energy_stress.model_evaluation | Best model [carbon][core]: LSTM (selection_score=1.350)
2026-09-04 01:20:36 | INFO     | energy_stress.model_evaluation | Best model [carbon][macro]: LSTM (selection_score=1.650)
2026-09-04 01:20:36 | INFO     | energy_stress.model_evaluation | Best model [electricity][core]: Prophet (selection_score=1.125)
2026-09-04 01:20:36 | INFO     | energy_stress.model_evaluation | Best model [electricity][macro]: Prophet (selection_score=1.175)
2026-09-04 01:20:36 | INFO     | energy_stress.model_evaluation | Best model [gas][core]: Prophet (selection_score=1.100)
2026-09-04 01:20:36 | INFO     | energy_stress.model_evaluation | Best model [gas][macro]: TFT (selection_score=1.500)
2026-09-04 01:20:36 | INFO     | energy_stress.model_evaluation | Metrics table saved → outputs/tables/rolling/2020/model_metrics_comparison.csv
2026-09-04 01:20:36 | INFO     | energy_stress.fes | Best models selected:
2026-09-04 01:20:36 | INFO     | energy_stress.fes |   [carbon][core] → LSTM
2026-09-04 01:20:36 | INFO     | energy_stress.fes |   [carbon][macro] → LSTM
2026-09-04 01:20:36 | INFO     | energy_stress.fes |   [electricity][core] → Prophet
2026-09-04 01:20:36 | INFO     | energy_stress.fes |   [electricity][macro] → Prophet
2026-09-04 01:20:36 | INFO     | energy_stress.fes |   [gas][core] → Prophet
2026-09-04 01:20:36 | INFO     | energy_stress.fes |   [gas][macro] → TFT
2026-09-04 01:20:36 | INFO     | energy_stress.fes | Per-series mode selected for FES_selected (metric per series/mode: {('gas', 'core'): 'RMSE', ('gas', 'macro'): 'RMSE', ('electricity', 'core'): 'RMSE', ('electricity', 'macro'): 'RMSE', ('carbon', 'core'): 'RMSE', ('carbon', 'macro'): 'RMSE'}): {'gas': 'core', 'electricity': 'core', 'carbon': 'core'}
2026-09-04 01:20:36 | INFO     | energy_stress.fes | FES_Weighted series weights (inverse validation-RMSE, normalized to mean 1.0): {'gas': 1.1105559171246648, 'electricity': 1.3632481301763124, 'carbon': 0.5261959526990225}
2026-09-04 01:20:36 | INFO     | energy_stress.fes | [gas] train μ=5.6239, σ=15.0872 | unc_ref μ=6.3151, σ=6.0560
2026-09-04 01:20:36 | INFO     | energy_stress.fes | [electricity] train μ=6.3867, σ=8.6382 | unc_ref μ=4.2281, σ=3.3468
2026-09-04 01:20:36 | INFO     | energy_stress.fes | [carbon] train μ=0.7513, σ=172.4009 | unc_ref μ=71.9716, σ=107.9204
2026-09-04 01:20:36 | INFO     | energy_stress.fes | [actual real-vol] train μ=0.5069, σ=0.3881
2026-09-04 01:20:36 | INFO     | energy_stress.fes | Monthly FES saved → outputs/fes/rolling/2020/fes_monthly_2021.csv
2026-09-04 01:20:36 | INFO     | energy_stress.fes | [gas] train μ=6.7756, σ=14.9105 | unc_ref μ=6.3430, σ=6.2800
2026-09-04 01:20:36 | INFO     | energy_stress.fes | [electricity] train μ=6.8295, σ=8.6923 | unc_ref μ=4.2072, σ=3.4693
2026-09-04 01:20:36 | INFO     | energy_stress.fes | [carbon] train μ=0.9325, σ=178.5876 | unc_ref μ=75.8894, σ=110.9473
2026-09-04 01:20:36 | INFO     | energy_stress.fes | [actual real-vol] train μ=0.5099, σ=0.3817
2026-09-04 01:20:36 | INFO     | energy_stress.fes | FES_actual, prior year 2020 (baseline for FES_selected's 2021 forecast): mean=-1.91286 -> outputs/fes/rolling/2020/fes_prior_actual_2020.csv
2026-09-04 01:20:36 | INFO     | energy_stress.fes | FES comparison metrics saved → outputs/fes/rolling/2020/fes_comparison_metrics.csv  (12 rows)
2026-09-04 01:20:36 | INFO     | energy_stress.fes | Best RMSE per variant:
FES_variant
Equal_Core        2.13022
Equal_Macro       2.22566
Equal_Selected    2.13021
Equal_Weighted    2.35412
2026-09-04 01:20:36 | INFO     | energy_stress.forecast_pipeline | ========================================
2026-09-04 01:20:36 | INFO     | energy_stress.forecast_pipeline | STAGE 2: Rolling year as_of=2021 (split train<2021, test=2021, refit<=2021, forecast=2022)
2026-09-04 01:20:36 | INFO     | energy_stress.forecast_pipeline | ========================================
2026-09-04 01:20:36 | INFO     | energy_stress.preprocessing | Train: 176 rows (through 2020-12-01) | Test: 12 rows (2021-01-01..2021-12-01)
2026-09-04 01:20:36 | INFO     | energy_stress.forecast_pipeline | 
──────────────────────────────────────────────────
Series: GAS
──────────────────────────────────────────────────
2026-09-04 01:20:36 | INFO     | energy_stress.forecast_pipeline | [gas] train=176, test=12, full=188 (through 2021-12-01), actual_target=12 non-null (2022-01-01..2022-12-01)
2026-09-04 01:20:36 | INFO     | energy_stress.sarima | [SARIMA-CORE] Fitting on gas (train=176 obs)
2026-09-04 01:21:42 | INFO     | energy_stress.sarima | SARIMA best order: (1, 0, 1) × (2, 1, 1, 12)
2026-09-04 01:21:42 | INFO     | energy_stress.sarima | [SARIMA-CORE gas] validation: MAE=11.2236, RMSE=17.6900, MAPE=80.24%
2026-09-04 01:21:42 | INFO     | energy_stress.sarima | [SARIMA-CORE] Forecast saved → outputs/forecasts_rolling/2021/gas_growth_pct_forecasts_sarima_core.csv
2026-09-04 01:21:42 | INFO     | energy_stress.sarima | [SARIMA-MACRO] Fitting on gas (train=176 obs)
2026-09-04 01:23:00 | INFO     | energy_stress.sarima | SARIMA best order: (1, 0, 1) × (2, 1, 1, 12)
2026-09-04 01:23:00 | INFO     | energy_stress.sarima | [SARIMA-MACRO] Using exogenous: ['inflation_growth_lag1', 'weather_volatility_lag1', 'gdp_growth_lag1', 'gas_futures_log_return_lag1', 'gas_futures_yoy_growth_lag1']
2026-09-04 01:23:01 | INFO     | energy_stress.sarima | [SARIMA-MACRO gas] validation: MAE=8.9152, RMSE=12.5722, MAPE=81.27%
2026-09-04 01:23:03 | INFO     | energy_stress.sarima | [SARIMA-MACRO] Forecast saved → outputs/forecasts_rolling/2021/gas_growth_pct_forecasts_sarima_macro.csv
2026-09-04 01:23:03 | INFO     | energy_stress.prophet | [Prophet-CORE] Fitting on gas (train=176 obs, regressors=False, cps=0.01, sps=10.0, reg_ps=n/a, seasonality=additive)
2026-09-04 01:23:03 | INFO     | energy_stress.prophet | [Prophet-CORE gas] validation: MAE=17.4794, RMSE=24.2289
2026-09-04 01:23:03 | INFO     | energy_stress.prophet | [Prophet-CORE] Forecast saved → outputs/forecasts_rolling/2021/gas_growth_pct_forecasts_prophet_core.csv
2026-09-04 01:23:03 | INFO     | energy_stress.prophet | [Prophet-MACRO] Fitting on gas (train=176 obs, regressors=True, cps=0.01, sps=10.0, reg_ps=0.5, seasonality=additive)
2026-09-04 01:23:03 | INFO     | energy_stress.prophet | [Prophet-MACRO gas] validation: MAE=21.1842, RMSE=28.6304
2026-09-04 01:23:04 | INFO     | energy_stress.prophet | [Prophet-MACRO] Forecast saved → outputs/forecasts_rolling/2021/gas_growth_pct_forecasts_prophet_macro.csv
2026-09-04 01:23:04 | INFO     | energy_stress.lstm | [LSTM-CORE] Training on gas | train=2006-05-01→2020-12-01 (176 obs), test=2021-01-01→2021-12-01 (12 obs), use_macro=False, lookback=12, dropout=0.2, lr=0.001, units=(128,64), macro_feature_set=lstm
2026-09-04 01:23:28 | INFO     | energy_stress.lstm | [LSTM-CORE gas] validation: MAE=9.6263, RMSE=14.1115
2026-09-04 01:24:21 | INFO     | energy_stress.lstm | [LSTM-CORE] Forecast saved → outputs/forecasts_rolling/2021/gas_growth_pct_forecasts_lstm_core.csv
2026-09-04 01:24:21 | INFO     | energy_stress.lstm | [LSTM-CORE] Model saved → outputs/models
2026-09-04 01:24:21 | INFO     | energy_stress.lstm | [LSTM-MACRO] Training on gas | train=2006-05-01→2020-12-01 (176 obs), test=2021-01-01→2021-12-01 (12 obs), use_macro=True, lookback=6, dropout=0.2, lr=0.001, units=(64,32), macro_feature_set=lstm
2026-09-04 01:24:29 | INFO     | energy_stress.lstm | [LSTM-MACRO gas] validation: MAE=11.4400, RMSE=17.7189
2026-09-04 01:24:57 | INFO     | energy_stress.lstm | [LSTM-MACRO] Forecast saved → outputs/forecasts_rolling/2021/gas_growth_pct_forecasts_lstm_macro.csv
2026-09-04 01:24:57 | INFO     | energy_stress.lstm | [LSTM-MACRO] Model saved → outputs/models
2026-09-04 01:24:57 | INFO     | energy_stress.tft | [TFT/pytorch-forecasting] Fitting gas (core)
2026-09-04 01:25:06 | INFO     | energy_stress.tft | [TFT gas] validation: MAE=10.6840, RMSE=14.8637
2026-09-04 01:25:16 | INFO     | energy_stress.tft | [TFT] Forecast saved → outputs/forecasts_rolling/2021/gas_growth_pct_forecasts_tft_core.csv
2026-09-04 01:25:16 | INFO     | energy_stress.tft | [TFT/pytorch-forecasting] Fitting gas (macro)
2026-09-04 01:25:28 | INFO     | energy_stress.tft | [TFT gas] validation: MAE=12.6917, RMSE=18.6212
2026-09-04 01:25:43 | INFO     | energy_stress.tft | [TFT] Forecast saved → outputs/forecasts_rolling/2021/gas_growth_pct_forecasts_tft_macro.csv
2026-09-04 01:25:43 | INFO     | energy_stress.forecast_pipeline | 
──────────────────────────────────────────────────
Series: ELECTRICITY
──────────────────────────────────────────────────
2026-09-04 01:25:43 | INFO     | energy_stress.forecast_pipeline | [electricity] train=176, test=12, full=188 (through 2021-12-01), actual_target=12 non-null (2022-01-01..2022-12-01)
2026-09-04 01:25:43 | INFO     | energy_stress.sarima | [SARIMA-CORE] Fitting on electricity (train=176 obs)
2026-09-04 01:27:06 | INFO     | energy_stress.sarima | SARIMA best order: (3, 0, 0) × (2, 1, 0, 12)
2026-09-04 01:27:06 | INFO     | energy_stress.sarima | [SARIMA-CORE electricity] validation: MAE=8.1894, RMSE=10.6190, MAPE=89.52%
2026-09-04 01:27:06 | INFO     | energy_stress.sarima | [SARIMA-CORE] Forecast saved → outputs/forecasts_rolling/2021/electricity_growth_pct_forecasts_sarima_core.csv
2026-09-04 01:27:06 | INFO     | energy_stress.sarima | [SARIMA-MACRO] Fitting on electricity (train=176 obs)
2026-09-04 01:28:29 | INFO     | energy_stress.sarima | SARIMA best order: (3, 0, 0) × (2, 1, 0, 12)
2026-09-04 01:28:29 | INFO     | energy_stress.sarima | [SARIMA-MACRO] Using exogenous: ['inflation_growth_lag1', 'weather_volatility_lag1', 'gdp_growth_lag1', 'gas_futures_log_return_lag1', 'gas_futures_yoy_growth_lag1', 'electricity_growth_lag12', 'post_2016_electricity_regime', 'gbp_eur_yoy_change_lag12']
2026-09-04 01:28:31 | INFO     | energy_stress.sarima | [SARIMA-MACRO electricity] validation: MAE=6.3643, RMSE=8.5112, MAPE=68.65%
2026-09-04 01:28:33 | INFO     | energy_stress.sarima | [SARIMA-MACRO] Forecast saved → outputs/forecasts_rolling/2021/electricity_growth_pct_forecasts_sarima_macro.csv
2026-09-04 01:28:33 | INFO     | energy_stress.prophet | [Prophet-CORE] Fitting on electricity (train=176 obs, regressors=False, cps=0.01, sps=10.0, reg_ps=n/a, seasonality=additive)
2026-09-04 01:28:33 | INFO     | energy_stress.prophet | [Prophet-CORE electricity] validation: MAE=8.0789, RMSE=10.0085
2026-09-04 01:28:34 | INFO     | energy_stress.prophet | [Prophet-CORE] Forecast saved → outputs/forecasts_rolling/2021/electricity_growth_pct_forecasts_prophet_core.csv
2026-09-04 01:28:34 | INFO     | energy_stress.prophet | [Prophet-MACRO] Fitting on electricity (train=176 obs, regressors=True, cps=0.01, sps=10.0, reg_ps=0.5, seasonality=additive)
2026-09-04 01:28:34 | INFO     | energy_stress.prophet | [Prophet-MACRO electricity] validation: MAE=8.7733, RMSE=11.4948
2026-09-04 01:28:34 | INFO     | energy_stress.prophet | [Prophet-MACRO] Forecast saved → outputs/forecasts_rolling/2021/electricity_growth_pct_forecasts_prophet_macro.csv
2026-09-04 01:28:34 | INFO     | energy_stress.lstm | [LSTM-CORE] Training on electricity | train=2006-05-01→2020-12-01 (176 obs), test=2021-01-01→2021-12-01 (12 obs), use_macro=False, lookback=6, dropout=0.2, lr=0.001, units=(64,32), macro_feature_set=lstm
2026-09-04 01:29:05 | INFO     | energy_stress.lstm | [LSTM-CORE electricity] validation: MAE=5.3021, RMSE=6.6972
2026-09-04 01:29:54 | INFO     | energy_stress.lstm | [LSTM-CORE] Forecast saved → outputs/forecasts_rolling/2021/electricity_growth_pct_forecasts_lstm_core.csv
2026-09-04 01:29:54 | INFO     | energy_stress.lstm | [LSTM-CORE] Model saved → outputs/models
2026-09-04 01:29:54 | INFO     | energy_stress.lstm | [LSTM-MACRO] Training on electricity | train=2006-05-01→2020-12-01 (176 obs), test=2021-01-01→2021-12-01 (12 obs), use_macro=True, lookback=3, dropout=0.1, lr=0.001, units=(64,32), macro_feature_set=lean
2026-09-04 01:30:23 | INFO     | energy_stress.lstm | [LSTM-MACRO electricity] validation: MAE=5.4035, RMSE=6.2957
2026-09-04 01:31:25 | INFO     | energy_stress.lstm | [LSTM-MACRO] Forecast saved → outputs/forecasts_rolling/2021/electricity_growth_pct_forecasts_lstm_macro.csv
2026-09-04 01:31:25 | INFO     | energy_stress.lstm | [LSTM-MACRO] Model saved → outputs/models
2026-09-04 01:31:25 | INFO     | energy_stress.tft | [TFT/pytorch-forecasting] Fitting electricity (core)
2026-09-04 01:31:34 | INFO     | energy_stress.tft | [TFT electricity] validation: MAE=6.8643, RMSE=8.4746
2026-09-04 01:31:45 | INFO     | energy_stress.tft | [TFT] Forecast saved → outputs/forecasts_rolling/2021/electricity_growth_pct_forecasts_tft_core.csv
2026-09-04 01:31:45 | INFO     | energy_stress.tft | [TFT/pytorch-forecasting] Fitting electricity (macro)
2026-09-04 01:31:59 | INFO     | energy_stress.tft | [TFT electricity] validation: MAE=8.7313, RMSE=11.6144
2026-09-04 01:32:17 | INFO     | energy_stress.tft | [TFT] Forecast saved → outputs/forecasts_rolling/2021/electricity_growth_pct_forecasts_tft_macro.csv
2026-09-04 01:32:17 | INFO     | energy_stress.forecast_pipeline | 
──────────────────────────────────────────────────
Series: CARBON
──────────────────────────────────────────────────
2026-09-04 01:32:17 | INFO     | energy_stress.forecast_pipeline | [carbon] train=176, test=12, full=188 (through 2021-12-01), actual_target=12 non-null (2022-01-01..2022-12-01)
2026-09-04 01:32:17 | INFO     | energy_stress.sarima | [SARIMA-CORE] Fitting on carbon (train=176 obs)
2026-09-04 01:33:49 | INFO     | energy_stress.sarima | SARIMA best order: (1, 0, 0) × (2, 1, 0, 12)
2026-09-04 01:33:49 | INFO     | energy_stress.sarima | [SARIMA-CORE carbon] validation: MAE=42.5365, RMSE=46.6825, MAPE=52.18%
2026-09-04 01:33:49 | INFO     | energy_stress.sarima | [SARIMA-CORE] Forecast saved → outputs/forecasts_rolling/2021/carbon_growth_pct_forecasts_sarima_core.csv
2026-09-04 01:33:49 | INFO     | energy_stress.sarima | [SARIMA-MACRO] Fitting on carbon (train=176 obs)
2026-09-04 01:35:26 | INFO     | energy_stress.sarima | SARIMA best order: (1, 0, 0) × (2, 1, 0, 12)
2026-09-04 01:35:26 | INFO     | energy_stress.sarima | [SARIMA-MACRO] Using exogenous: ['inflation_growth_lag1', 'weather_volatility_lag1', 'gdp_growth_lag1']
2026-09-04 01:35:27 | INFO     | energy_stress.sarima | [SARIMA-MACRO carbon] validation: MAE=40.6335, RMSE=44.3650, MAPE=50.32%
2026-09-04 01:35:29 | INFO     | energy_stress.sarima | [SARIMA-MACRO] Forecast saved → outputs/forecasts_rolling/2021/carbon_growth_pct_forecasts_sarima_macro.csv
2026-09-04 01:35:29 | INFO     | energy_stress.prophet | [Prophet-CORE] Fitting on carbon (train=176 obs, regressors=False, cps=0.01, sps=10.0, reg_ps=n/a, seasonality=additive)
2026-09-04 01:35:29 | INFO     | energy_stress.prophet | [Prophet-CORE carbon] validation: MAE=55.1000, RMSE=58.2845
2026-09-04 01:35:29 | INFO     | energy_stress.prophet | [Prophet-CORE] Forecast saved → outputs/forecasts_rolling/2021/carbon_growth_pct_forecasts_prophet_core.csv
2026-09-04 01:35:29 | INFO     | energy_stress.prophet | [Prophet-MACRO] Fitting on carbon (train=176 obs, regressors=True, cps=0.01, sps=10.0, reg_ps=0.1, seasonality=additive)
2026-09-04 01:35:29 | INFO     | energy_stress.prophet | [Prophet-MACRO carbon] validation: MAE=46.6490, RMSE=50.8257
2026-09-04 01:35:29 | INFO     | energy_stress.prophet | [Prophet-MACRO] Forecast saved → outputs/forecasts_rolling/2021/carbon_growth_pct_forecasts_prophet_macro.csv
2026-09-04 01:35:29 | INFO     | energy_stress.lstm | [LSTM-CORE] Training on carbon | train=2006-05-01→2020-12-01 (176 obs), test=2021-01-01→2021-12-01 (12 obs), use_macro=False, lookback=12, dropout=0.2, lr=0.001, units=(128,64), macro_feature_set=lstm
2026-09-04 01:36:19 | INFO     | energy_stress.lstm | [LSTM-CORE carbon] validation: MAE=24.7961, RMSE=29.3989
2026-09-04 01:37:56 | INFO     | energy_stress.lstm | [LSTM-CORE] Forecast saved → outputs/forecasts_rolling/2021/carbon_growth_pct_forecasts_lstm_core.csv
2026-09-04 01:37:56 | INFO     | energy_stress.lstm | [LSTM-CORE] Model saved → outputs/models
2026-09-04 01:37:56 | INFO     | energy_stress.lstm | [LSTM-MACRO] Training on carbon | train=2006-05-01→2020-12-01 (176 obs), test=2021-01-01→2021-12-01 (12 obs), use_macro=True, lookback=12, dropout=0.2, lr=0.001, units=(128,64), macro_feature_set=lstm
2026-09-04 01:38:29 | INFO     | energy_stress.lstm | [LSTM-MACRO carbon] validation: MAE=74.1096, RMSE=76.2308
2026-09-04 01:40:20 | INFO     | energy_stress.lstm | [LSTM-MACRO] Forecast saved → outputs/forecasts_rolling/2021/carbon_growth_pct_forecasts_lstm_macro.csv
2026-09-04 01:40:20 | INFO     | energy_stress.lstm | [LSTM-MACRO] Model saved → outputs/models
2026-09-04 01:40:20 | INFO     | energy_stress.tft | [TFT/pytorch-forecasting] Fitting carbon (core)
2026-09-04 01:40:30 | INFO     | energy_stress.tft | [TFT carbon] validation: MAE=70.1046, RMSE=72.7310
2026-09-04 01:40:40 | INFO     | energy_stress.tft | [TFT] Forecast saved → outputs/forecasts_rolling/2021/carbon_growth_pct_forecasts_tft_core.csv
2026-09-04 01:40:40 | INFO     | energy_stress.tft | [TFT/pytorch-forecasting] Fitting carbon (macro)
2026-09-04 01:40:51 | INFO     | energy_stress.tft | [TFT carbon] validation: MAE=45.2488, RMSE=51.6462
2026-09-04 01:41:05 | INFO     | energy_stress.tft | [TFT] Forecast saved → outputs/forecasts_rolling/2021/carbon_growth_pct_forecasts_tft_macro.csv
2026-09-04 01:41:05 | DEBUG    | energy_stress.model_evaluation | Loaded outputs/forecasts_rolling/2021/gas_growth_pct_forecasts_sarima_core.csv (12 rows)
2026-09-04 01:41:05 | DEBUG    | energy_stress.model_evaluation | Loaded outputs/forecasts_rolling/2021/gas_growth_pct_forecasts_sarima_macro.csv (12 rows)
2026-09-04 01:41:05 | DEBUG    | energy_stress.model_evaluation | Loaded outputs/forecasts_rolling/2021/gas_growth_pct_forecasts_prophet_core.csv (12 rows)
2026-09-04 01:41:05 | DEBUG    | energy_stress.model_evaluation | Loaded outputs/forecasts_rolling/2021/gas_growth_pct_forecasts_prophet_macro.csv (12 rows)
2026-09-04 01:41:05 | DEBUG    | energy_stress.model_evaluation | Loaded outputs/forecasts_rolling/2021/gas_growth_pct_forecasts_lstm_core.csv (12 rows)
2026-09-04 01:41:05 | DEBUG    | energy_stress.model_evaluation | Loaded outputs/forecasts_rolling/2021/gas_growth_pct_forecasts_lstm_macro.csv (12 rows)
2026-09-04 01:41:05 | DEBUG    | energy_stress.model_evaluation | Loaded outputs/forecasts_rolling/2021/gas_growth_pct_forecasts_tft_core.csv (12 rows)
2026-09-04 01:41:05 | DEBUG    | energy_stress.model_evaluation | Loaded outputs/forecasts_rolling/2021/gas_growth_pct_forecasts_tft_macro.csv (12 rows)
2026-09-04 01:41:05 | INFO     | energy_stress.model_evaluation | Combined forecasts (96 rows) → outputs/forecasts_rolling/2021/gas_growth_pct_forecasts_all.csv
2026-09-04 01:41:05 | INFO     | energy_stress.model_evaluation |   core combined → outputs/forecasts_rolling/2021/gas_growth_pct_forecasts_core.csv
2026-09-04 01:41:05 | INFO     | energy_stress.model_evaluation |   macro combined → outputs/forecasts_rolling/2021/gas_growth_pct_forecasts_macro.csv
2026-09-04 01:41:05 | DEBUG    | energy_stress.model_evaluation | Loaded outputs/forecasts_rolling/2021/electricity_growth_pct_forecasts_sarima_core.csv (12 rows)
2026-09-04 01:41:05 | DEBUG    | energy_stress.model_evaluation | Loaded outputs/forecasts_rolling/2021/electricity_growth_pct_forecasts_sarima_macro.csv (12 rows)
2026-09-04 01:41:05 | DEBUG    | energy_stress.model_evaluation | Loaded outputs/forecasts_rolling/2021/electricity_growth_pct_forecasts_prophet_core.csv (12 rows)
2026-09-04 01:41:05 | DEBUG    | energy_stress.model_evaluation | Loaded outputs/forecasts_rolling/2021/electricity_growth_pct_forecasts_prophet_macro.csv (12 rows)
2026-09-04 01:41:05 | DEBUG    | energy_stress.model_evaluation | Loaded outputs/forecasts_rolling/2021/electricity_growth_pct_forecasts_lstm_core.csv (12 rows)
2026-09-04 01:41:05 | DEBUG    | energy_stress.model_evaluation | Loaded outputs/forecasts_rolling/2021/electricity_growth_pct_forecasts_lstm_macro.csv (12 rows)
2026-09-04 01:41:05 | DEBUG    | energy_stress.model_evaluation | Loaded outputs/forecasts_rolling/2021/electricity_growth_pct_forecasts_tft_core.csv (12 rows)
2026-09-04 01:41:05 | DEBUG    | energy_stress.model_evaluation | Loaded outputs/forecasts_rolling/2021/electricity_growth_pct_forecasts_tft_macro.csv (12 rows)
2026-09-04 01:41:05 | INFO     | energy_stress.model_evaluation | Combined forecasts (96 rows) → outputs/forecasts_rolling/2021/electricity_growth_pct_forecasts_all.csv
2026-09-04 01:41:05 | INFO     | energy_stress.model_evaluation |   core combined → outputs/forecasts_rolling/2021/electricity_growth_pct_forecasts_core.csv
2026-09-04 01:41:05 | INFO     | energy_stress.model_evaluation |   macro combined → outputs/forecasts_rolling/2021/electricity_growth_pct_forecasts_macro.csv
2026-09-04 01:41:05 | DEBUG    | energy_stress.model_evaluation | Loaded outputs/forecasts_rolling/2021/carbon_growth_pct_forecasts_sarima_core.csv (12 rows)
2026-09-04 01:41:05 | DEBUG    | energy_stress.model_evaluation | Loaded outputs/forecasts_rolling/2021/carbon_growth_pct_forecasts_sarima_macro.csv (12 rows)
2026-09-04 01:41:05 | DEBUG    | energy_stress.model_evaluation | Loaded outputs/forecasts_rolling/2021/carbon_growth_pct_forecasts_prophet_core.csv (12 rows)
2026-09-04 01:41:05 | DEBUG    | energy_stress.model_evaluation | Loaded outputs/forecasts_rolling/2021/carbon_growth_pct_forecasts_prophet_macro.csv (12 rows)
2026-09-04 01:41:05 | DEBUG    | energy_stress.model_evaluation | Loaded outputs/forecasts_rolling/2021/carbon_growth_pct_forecasts_lstm_core.csv (12 rows)
2026-09-04 01:41:05 | DEBUG    | energy_stress.model_evaluation | Loaded outputs/forecasts_rolling/2021/carbon_growth_pct_forecasts_lstm_macro.csv (12 rows)
2026-09-04 01:41:05 | DEBUG    | energy_stress.model_evaluation | Loaded outputs/forecasts_rolling/2021/carbon_growth_pct_forecasts_tft_core.csv (12 rows)
2026-09-04 01:41:05 | DEBUG    | energy_stress.model_evaluation | Loaded outputs/forecasts_rolling/2021/carbon_growth_pct_forecasts_tft_macro.csv (12 rows)
2026-09-04 01:41:05 | INFO     | energy_stress.model_evaluation | Combined forecasts (96 rows) → outputs/forecasts_rolling/2021/carbon_growth_pct_forecasts_all.csv
2026-09-04 01:41:05 | INFO     | energy_stress.model_evaluation |   core combined → outputs/forecasts_rolling/2021/carbon_growth_pct_forecasts_core.csv
2026-09-04 01:41:05 | INFO     | energy_stress.model_evaluation |   macro combined → outputs/forecasts_rolling/2021/carbon_growth_pct_forecasts_macro.csv
2026-09-04 01:41:05 | INFO     | energy_stress.model_evaluation | Evaluating 24 model results across all series and modes
2026-09-04 01:41:05 | INFO     | energy_stress.model_evaluation | Best model [carbon][core]: LSTM (selection_score=1.450)
2026-09-04 01:41:05 | INFO     | energy_stress.model_evaluation | Best model [carbon][macro]: SARIMA (selection_score=1.300)
2026-09-04 01:41:05 | INFO     | energy_stress.model_evaluation | Best model [electricity][core]: LSTM (selection_score=1.450)
2026-09-04 01:41:05 | INFO     | energy_stress.model_evaluation | Best model [electricity][macro]: LSTM (selection_score=1.450)
2026-09-04 01:41:05 | INFO     | energy_stress.model_evaluation | Best model [gas][core]: LSTM (selection_score=1.450)
2026-09-04 01:41:05 | INFO     | energy_stress.model_evaluation | Best model [gas][macro]: SARIMA (selection_score=1.300)
2026-09-04 01:41:05 | INFO     | energy_stress.model_evaluation | Metrics table saved → outputs/tables/rolling/2021/model_metrics_comparison.csv
2026-09-04 01:41:05 | INFO     | energy_stress.fes | Best models selected:
2026-09-04 01:41:05 | INFO     | energy_stress.fes |   [carbon][core] → LSTM
2026-09-04 01:41:05 | INFO     | energy_stress.fes |   [carbon][macro] → SARIMA
2026-09-04 01:41:05 | INFO     | energy_stress.fes |   [electricity][core] → LSTM
2026-09-04 01:41:05 | INFO     | energy_stress.fes |   [electricity][macro] → LSTM
2026-09-04 01:41:05 | INFO     | energy_stress.fes |   [gas][core] → LSTM
2026-09-04 01:41:05 | INFO     | energy_stress.fes |   [gas][macro] → SARIMA
2026-09-04 01:41:05 | INFO     | energy_stress.fes | Per-series mode selected for FES_selected (metric per series/mode: {('gas', 'core'): 'RMSE', ('gas', 'macro'): 'RMSE', ('electricity', 'core'): 'RMSE', ('electricity', 'macro'): 'RMSE', ('carbon', 'core'): 'RMSE', ('carbon', 'macro'): 'RMSE'}): {'gas': 'macro', 'electricity': 'macro', 'carbon': 'core'}
2026-09-04 01:41:05 | INFO     | energy_stress.fes | FES_Weighted series weights (inverse validation-RMSE, normalized to mean 1.0): {'gas': 0.8760181758900535, 'electricity': 1.7493599229750647, 'carbon': 0.3746219011348814}
2026-09-04 01:41:05 | INFO     | energy_stress.fes | [gas] train μ=5.3367, σ=15.2317 | unc_ref μ=6.3724, σ=5.9864
2026-09-04 01:41:05 | INFO     | energy_stress.fes | [electricity] train μ=6.4077, σ=8.5906 | unc_ref μ=4.2429, σ=3.2786
2026-09-04 01:41:05 | INFO     | energy_stress.fes | [carbon] train μ=5.4969, σ=167.8356 | unc_ref μ=69.1661, σ=104.8549
2026-09-04 01:41:05 | INFO     | energy_stress.fes | [actual real-vol] train μ=0.5080, σ=0.3888
2026-09-04 01:41:05 | INFO     | energy_stress.fes | Monthly FES saved → outputs/fes/rolling/2021/fes_monthly_2022.csv
2026-09-04 01:41:05 | INFO     | energy_stress.fes | [gas] train μ=5.6239, σ=15.0872 | unc_ref μ=6.3151, σ=6.0560
2026-09-04 01:41:05 | INFO     | energy_stress.fes | [electricity] train μ=6.3867, σ=8.6382 | unc_ref μ=4.2281, σ=3.3468
2026-09-04 01:41:05 | INFO     | energy_stress.fes | [carbon] train μ=0.7513, σ=172.4009 | unc_ref μ=71.9716, σ=107.9204
2026-09-04 01:41:05 | INFO     | energy_stress.fes | [actual real-vol] train μ=0.5069, σ=0.3881
2026-09-04 01:41:05 | INFO     | energy_stress.fes | FES_actual, prior year 2021 (baseline for FES_selected's 2022 forecast): mean=0.22377 -> outputs/fes/rolling/2021/fes_prior_actual_2021.csv
2026-09-04 01:41:05 | INFO     | energy_stress.fes | FES comparison metrics saved → outputs/fes/rolling/2021/fes_comparison_metrics.csv  (12 rows)
2026-09-04 01:41:05 | INFO     | energy_stress.fes | Best RMSE per variant:
FES_variant
Equal_Core        10.57618
Equal_Macro        9.27824
Equal_Selected     9.52710
Equal_Weighted     9.06146
2026-09-04 01:41:05 | INFO     | energy_stress.forecast_pipeline | ========================================
2026-09-04 01:41:05 | INFO     | energy_stress.forecast_pipeline | STAGE 2: Rolling year as_of=2022 (split train<2022, test=2022, refit<=2022, forecast=2023)
2026-09-04 01:41:05 | INFO     | energy_stress.forecast_pipeline | ========================================
2026-09-04 01:41:05 | INFO     | energy_stress.preprocessing | Train: 188 rows (through 2021-12-01) | Test: 12 rows (2022-01-01..2022-12-01)
2026-09-04 01:41:05 | INFO     | energy_stress.forecast_pipeline | 
──────────────────────────────────────────────────
Series: GAS
──────────────────────────────────────────────────
2026-09-04 01:41:05 | INFO     | energy_stress.forecast_pipeline | [gas] train=188, test=12, full=200 (through 2022-12-01), actual_target=12 non-null (2023-01-01..2023-12-01)
2026-09-04 01:41:05 | INFO     | energy_stress.sarima | [SARIMA-CORE] Fitting on gas (train=188 obs)
2026-09-04 01:42:43 | INFO     | energy_stress.sarima | SARIMA best order: (2, 0, 0) × (2, 1, 1, 12)
2026-09-04 01:42:43 | INFO     | energy_stress.sarima | [SARIMA-CORE gas] validation: MAE=76.1288, RMSE=89.2567, MAPE=72.71%
2026-09-04 01:42:44 | INFO     | energy_stress.sarima | [SARIMA-CORE] Forecast saved → outputs/forecasts_rolling/2022/gas_growth_pct_forecasts_sarima_core.csv
2026-09-04 01:42:44 | INFO     | energy_stress.sarima | [SARIMA-MACRO] Fitting on gas (train=188 obs)
2026-09-04 01:44:18 | INFO     | energy_stress.sarima | SARIMA best order: (2, 0, 0) × (2, 1, 1, 12)
2026-09-04 01:44:19 | INFO     | energy_stress.sarima | [SARIMA-MACRO] Using exogenous: ['inflation_growth_lag1', 'weather_volatility_lag1', 'gdp_growth_lag1', 'gas_futures_log_return_lag1', 'gas_futures_yoy_growth_lag1']
2026-09-04 01:44:20 | INFO     | energy_stress.sarima | [SARIMA-MACRO gas] validation: MAE=75.0176, RMSE=88.0708, MAPE=72.14%
2026-09-04 01:44:21 | INFO     | energy_stress.sarima | [SARIMA-MACRO] Forecast saved → outputs/forecasts_rolling/2022/gas_growth_pct_forecasts_sarima_macro.csv
2026-09-04 01:44:21 | INFO     | energy_stress.prophet | [Prophet-CORE] Fitting on gas (train=188 obs, regressors=False, cps=0.01, sps=10.0, reg_ps=n/a, seasonality=additive)
2026-09-04 01:44:22 | INFO     | energy_stress.prophet | [Prophet-CORE gas] validation: MAE=98.4643, RMSE=105.3111
2026-09-04 01:44:22 | INFO     | energy_stress.prophet | [Prophet-CORE] Forecast saved → outputs/forecasts_rolling/2022/gas_growth_pct_forecasts_prophet_core.csv
2026-09-04 01:44:22 | INFO     | energy_stress.prophet | [Prophet-MACRO] Fitting on gas (train=188 obs, regressors=True, cps=0.01, sps=10.0, reg_ps=0.5, seasonality=additive)
2026-09-04 01:44:22 | INFO     | energy_stress.prophet | [Prophet-MACRO gas] validation: MAE=89.3386, RMSE=97.8863
2026-09-04 01:44:23 | INFO     | energy_stress.prophet | [Prophet-MACRO] Forecast saved → outputs/forecasts_rolling/2022/gas_growth_pct_forecasts_prophet_macro.csv
2026-09-04 01:44:23 | INFO     | energy_stress.lstm | [LSTM-CORE] Training on gas | train=2006-05-01→2021-12-01 (188 obs), test=2022-01-01→2022-12-01 (12 obs), use_macro=False, lookback=12, dropout=0.2, lr=0.001, units=(128,64), macro_feature_set=lstm
2026-09-04 01:44:40 | INFO     | energy_stress.lstm | [LSTM-CORE gas] validation: MAE=32.9334, RMSE=39.9858
2026-09-04 01:46:47 | INFO     | energy_stress.lstm | [LSTM-CORE] Forecast saved → outputs/forecasts_rolling/2022/gas_growth_pct_forecasts_lstm_core.csv
2026-09-04 01:46:47 | INFO     | energy_stress.lstm | [LSTM-CORE] Model saved → outputs/models
2026-09-04 01:46:47 | INFO     | energy_stress.lstm | [LSTM-MACRO] Training on gas | train=2006-05-01→2021-12-01 (188 obs), test=2022-01-01→2022-12-01 (12 obs), use_macro=True, lookback=6, dropout=0.2, lr=0.001, units=(64,32), macro_feature_set=lstm
2026-09-04 01:47:18 | INFO     | energy_stress.lstm | [LSTM-MACRO gas] validation: MAE=93.7757, RMSE=101.0815
2026-09-04 01:48:28 | INFO     | energy_stress.lstm | [LSTM-MACRO] Forecast saved → outputs/forecasts_rolling/2022/gas_growth_pct_forecasts_lstm_macro.csv
2026-09-04 01:48:28 | INFO     | energy_stress.lstm | [LSTM-MACRO] Model saved → outputs/models
2026-09-04 01:48:28 | INFO     | energy_stress.tft | [TFT/pytorch-forecasting] Fitting gas (core)
2026-09-04 01:48:39 | INFO     | energy_stress.tft | [TFT gas] validation: MAE=71.4702, RMSE=84.5200
2026-09-04 01:48:49 | INFO     | energy_stress.tft | [TFT] Forecast saved → outputs/forecasts_rolling/2022/gas_growth_pct_forecasts_tft_core.csv
2026-09-04 01:48:49 | INFO     | energy_stress.tft | [TFT/pytorch-forecasting] Fitting gas (macro)
2026-09-04 01:49:03 | INFO     | energy_stress.tft | [TFT gas] validation: MAE=97.3685, RMSE=105.7104
2026-09-04 01:49:17 | INFO     | energy_stress.tft | [TFT] Forecast saved → outputs/forecasts_rolling/2022/gas_growth_pct_forecasts_tft_macro.csv
2026-09-04 01:49:17 | INFO     | energy_stress.forecast_pipeline | 
──────────────────────────────────────────────────
Series: ELECTRICITY
──────────────────────────────────────────────────
2026-09-04 01:49:17 | INFO     | energy_stress.forecast_pipeline | [electricity] train=188, test=12, full=200 (through 2022-12-01), actual_target=12 non-null (2023-01-01..2023-12-01)
2026-09-04 01:49:17 | INFO     | energy_stress.sarima | [SARIMA-CORE] Fitting on electricity (train=188 obs)
2026-09-04 01:52:44 | INFO     | energy_stress.sarima | SARIMA best order: (1, 0, 2) × (0, 1, 2, 12)
2026-09-04 01:52:45 | INFO     | energy_stress.sarima | [SARIMA-CORE electricity] validation: MAE=38.6794, RMSE=44.4707, MAPE=69.84%
2026-09-04 01:52:45 | INFO     | energy_stress.sarima | [SARIMA-CORE] Forecast saved → outputs/forecasts_rolling/2022/electricity_growth_pct_forecasts_sarima_core.csv
2026-09-04 01:52:45 | INFO     | energy_stress.sarima | [SARIMA-MACRO] Fitting on electricity (train=188 obs)
2026-09-04 01:57:38 | INFO     | energy_stress.sarima | SARIMA best order: (1, 0, 2) × (0, 1, 2, 12)
2026-09-04 01:57:38 | INFO     | energy_stress.sarima | [SARIMA-MACRO] Using exogenous: ['inflation_growth_lag1', 'weather_volatility_lag1', 'gdp_growth_lag1', 'gas_futures_log_return_lag1', 'gas_futures_yoy_growth_lag1', 'electricity_growth_lag12', 'post_2016_electricity_regime', 'gbp_eur_yoy_change_lag12']
2026-09-04 01:57:40 | INFO     | energy_stress.sarima | [SARIMA-MACRO electricity] validation: MAE=37.9623, RMSE=44.0709, MAPE=67.72%
2026-09-04 01:57:43 | INFO     | energy_stress.sarima | [SARIMA-MACRO] Forecast saved → outputs/forecasts_rolling/2022/electricity_growth_pct_forecasts_sarima_macro.csv
2026-09-04 01:57:43 | INFO     | energy_stress.prophet | [Prophet-CORE] Fitting on electricity (train=188 obs, regressors=False, cps=0.01, sps=10.0, reg_ps=n/a, seasonality=additive)
2026-09-04 01:57:43 | INFO     | energy_stress.prophet | [Prophet-CORE electricity] validation: MAE=46.3177, RMSE=49.3448
2026-09-04 01:57:44 | INFO     | energy_stress.prophet | [Prophet-CORE] Forecast saved → outputs/forecasts_rolling/2022/electricity_growth_pct_forecasts_prophet_core.csv
2026-09-04 01:57:44 | INFO     | energy_stress.prophet | [Prophet-MACRO] Fitting on electricity (train=188 obs, regressors=True, cps=0.01, sps=10.0, reg_ps=0.5, seasonality=additive)
2026-09-04 01:57:44 | INFO     | energy_stress.prophet | [Prophet-MACRO electricity] validation: MAE=43.6036, RMSE=48.0900
2026-09-04 01:57:45 | INFO     | energy_stress.prophet | [Prophet-MACRO] Forecast saved → outputs/forecasts_rolling/2022/electricity_growth_pct_forecasts_prophet_macro.csv
2026-09-04 01:57:45 | INFO     | energy_stress.lstm | [LSTM-CORE] Training on electricity | train=2006-05-01→2021-12-01 (188 obs), test=2022-01-01→2022-12-01 (12 obs), use_macro=False, lookback=6, dropout=0.2, lr=0.001, units=(64,32), macro_feature_set=lstm
2026-09-04 01:59:02 | INFO     | energy_stress.lstm | [LSTM-CORE electricity] validation: MAE=17.5263, RMSE=20.1633
2026-09-04 02:02:44 | INFO     | energy_stress.lstm | [LSTM-CORE] Forecast saved → outputs/forecasts_rolling/2022/electricity_growth_pct_forecasts_lstm_core.csv
2026-09-04 02:02:44 | INFO     | energy_stress.lstm | [LSTM-CORE] Model saved → outputs/models
2026-09-04 02:02:44 | INFO     | energy_stress.lstm | [LSTM-MACRO] Training on electricity | train=2006-05-01→2021-12-01 (188 obs), test=2022-01-01→2022-12-01 (12 obs), use_macro=True, lookback=3, dropout=0.1, lr=0.001, units=(64,32), macro_feature_set=lean
2026-09-04 02:03:56 | INFO     | energy_stress.lstm | [LSTM-MACRO electricity] validation: MAE=30.8251, RMSE=35.0333
2026-09-04 02:06:37 | INFO     | energy_stress.lstm | [LSTM-MACRO] Forecast saved → outputs/forecasts_rolling/2022/electricity_growth_pct_forecasts_lstm_macro.csv
2026-09-04 02:06:37 | INFO     | energy_stress.lstm | [LSTM-MACRO] Model saved → outputs/models
2026-09-04 02:06:37 | INFO     | energy_stress.tft | [TFT/pytorch-forecasting] Fitting electricity (core)
2026-09-04 02:06:50 | INFO     | energy_stress.tft | [TFT electricity] validation: MAE=38.0994, RMSE=43.0117
2026-09-04 02:07:02 | INFO     | energy_stress.tft | [TFT] Forecast saved → outputs/forecasts_rolling/2022/electricity_growth_pct_forecasts_tft_core.csv
2026-09-04 02:07:02 | INFO     | energy_stress.tft | [TFT/pytorch-forecasting] Fitting electricity (macro)
2026-09-04 02:07:21 | INFO     | energy_stress.tft | [TFT electricity] validation: MAE=38.0992, RMSE=43.5416
2026-09-04 02:07:39 | INFO     | energy_stress.tft | [TFT] Forecast saved → outputs/forecasts_rolling/2022/electricity_growth_pct_forecasts_tft_macro.csv
2026-09-04 02:07:39 | INFO     | energy_stress.forecast_pipeline | 
──────────────────────────────────────────────────
Series: CARBON
──────────────────────────────────────────────────
2026-09-04 02:07:39 | INFO     | energy_stress.forecast_pipeline | [carbon] train=188, test=12, full=200 (through 2022-12-01), actual_target=12 non-null (2023-01-01..2023-12-01)
2026-09-04 02:07:39 | INFO     | energy_stress.sarima | [SARIMA-CORE] Fitting on carbon (train=188 obs)
2026-09-04 02:08:17 | INFO     | energy_stress.sarima | SARIMA best order: (1, 0, 0) × (2, 1, 0, 12)
2026-09-04 02:08:17 | INFO     | energy_stress.sarima | [SARIMA-CORE carbon] validation: MAE=21.3823, RMSE=25.4859, MAPE=366.42%
2026-09-04 02:08:18 | INFO     | energy_stress.sarima | [SARIMA-CORE] Forecast saved → outputs/forecasts_rolling/2022/carbon_growth_pct_forecasts_sarima_core.csv
2026-09-04 02:08:18 | INFO     | energy_stress.sarima | [SARIMA-MACRO] Fitting on carbon (train=188 obs)
2026-09-04 02:08:52 | INFO     | energy_stress.sarima | SARIMA best order: (1, 0, 0) × (2, 1, 0, 12)
2026-09-04 02:08:52 | INFO     | energy_stress.sarima | [SARIMA-MACRO] Using exogenous: ['inflation_growth_lag1', 'weather_volatility_lag1', 'gdp_growth_lag1']
2026-09-04 02:08:52 | INFO     | energy_stress.sarima | [SARIMA-MACRO carbon] validation: MAE=22.3804, RMSE=26.4431, MAPE=374.97%
2026-09-04 02:08:53 | INFO     | energy_stress.sarima | [SARIMA-MACRO] Forecast saved → outputs/forecasts_rolling/2022/carbon_growth_pct_forecasts_sarima_macro.csv
2026-09-04 02:08:53 | INFO     | energy_stress.prophet | [Prophet-CORE] Fitting on carbon (train=188 obs, regressors=False, cps=0.01, sps=10.0, reg_ps=n/a, seasonality=additive)
2026-09-04 02:08:53 | INFO     | energy_stress.prophet | [Prophet-CORE carbon] validation: MAE=24.0167, RMSE=30.3257
2026-09-04 02:08:54 | INFO     | energy_stress.prophet | [Prophet-CORE] Forecast saved → outputs/forecasts_rolling/2022/carbon_growth_pct_forecasts_prophet_core.csv
2026-09-04 02:08:54 | INFO     | energy_stress.prophet | [Prophet-MACRO] Fitting on carbon (train=188 obs, regressors=True, cps=0.01, sps=10.0, reg_ps=0.1, seasonality=additive)
2026-09-04 02:08:54 | INFO     | energy_stress.prophet | [Prophet-MACRO carbon] validation: MAE=43.3924, RMSE=49.6634
2026-09-04 02:08:54 | INFO     | energy_stress.prophet | [Prophet-MACRO] Forecast saved → outputs/forecasts_rolling/2022/carbon_growth_pct_forecasts_prophet_macro.csv
2026-09-04 02:08:54 | INFO     | energy_stress.lstm | [LSTM-CORE] Training on carbon | train=2006-05-01→2021-12-01 (188 obs), test=2022-01-01→2022-12-01 (12 obs), use_macro=False, lookback=12, dropout=0.2, lr=0.001, units=(128,64), macro_feature_set=lstm
2026-09-04 02:09:15 | INFO     | energy_stress.lstm | [LSTM-CORE carbon] validation: MAE=8.8765, RMSE=11.3863
2026-09-04 02:09:52 | INFO     | energy_stress.lstm | [LSTM-CORE] Forecast saved → outputs/forecasts_rolling/2022/carbon_growth_pct_forecasts_lstm_core.csv
2026-09-04 02:09:52 | INFO     | energy_stress.lstm | [LSTM-CORE] Model saved → outputs/models
2026-09-04 02:09:52 | INFO     | energy_stress.lstm | [LSTM-MACRO] Training on carbon | train=2006-05-01→2021-12-01 (188 obs), test=2022-01-01→2022-12-01 (12 obs), use_macro=True, lookback=12, dropout=0.2, lr=0.001, units=(128,64), macro_feature_set=lstm
2026-09-04 02:10:02 | INFO     | energy_stress.lstm | [LSTM-MACRO carbon] validation: MAE=19.6475, RMSE=23.1202
2026-09-04 02:10:26 | INFO     | energy_stress.lstm | [LSTM-MACRO] Forecast saved → outputs/forecasts_rolling/2022/carbon_growth_pct_forecasts_lstm_macro.csv
2026-09-04 02:10:26 | INFO     | energy_stress.lstm | [LSTM-MACRO] Model saved → outputs/models
2026-09-04 02:10:26 | INFO     | energy_stress.tft | [TFT/pytorch-forecasting] Fitting carbon (core)
2026-09-04 02:10:35 | INFO     | energy_stress.tft | [TFT carbon] validation: MAE=12.0042, RMSE=14.5873
2026-09-04 02:10:43 | INFO     | energy_stress.tft | [TFT] Forecast saved → outputs/forecasts_rolling/2022/carbon_growth_pct_forecasts_tft_core.csv
2026-09-04 02:10:43 | INFO     | energy_stress.tft | [TFT/pytorch-forecasting] Fitting carbon (macro)
2026-09-04 02:10:55 | INFO     | energy_stress.tft | [TFT carbon] validation: MAE=54.1822, RMSE=60.5431
2026-09-04 02:11:07 | INFO     | energy_stress.tft | [TFT] Forecast saved → outputs/forecasts_rolling/2022/carbon_growth_pct_forecasts_tft_macro.csv
2026-09-04 02:11:07 | DEBUG    | energy_stress.model_evaluation | Loaded outputs/forecasts_rolling/2022/gas_growth_pct_forecasts_sarima_core.csv (12 rows)
2026-09-04 02:11:07 | DEBUG    | energy_stress.model_evaluation | Loaded outputs/forecasts_rolling/2022/gas_growth_pct_forecasts_sarima_macro.csv (12 rows)
2026-09-04 02:11:07 | DEBUG    | energy_stress.model_evaluation | Loaded outputs/forecasts_rolling/2022/gas_growth_pct_forecasts_prophet_core.csv (12 rows)
2026-09-04 02:11:07 | DEBUG    | energy_stress.model_evaluation | Loaded outputs/forecasts_rolling/2022/gas_growth_pct_forecasts_prophet_macro.csv (12 rows)
2026-09-04 02:11:07 | DEBUG    | energy_stress.model_evaluation | Loaded outputs/forecasts_rolling/2022/gas_growth_pct_forecasts_lstm_core.csv (12 rows)
2026-09-04 02:11:07 | DEBUG    | energy_stress.model_evaluation | Loaded outputs/forecasts_rolling/2022/gas_growth_pct_forecasts_lstm_macro.csv (12 rows)
2026-09-04 02:11:07 | DEBUG    | energy_stress.model_evaluation | Loaded outputs/forecasts_rolling/2022/gas_growth_pct_forecasts_tft_core.csv (12 rows)
2026-09-04 02:11:07 | DEBUG    | energy_stress.model_evaluation | Loaded outputs/forecasts_rolling/2022/gas_growth_pct_forecasts_tft_macro.csv (12 rows)
2026-09-04 02:11:07 | INFO     | energy_stress.model_evaluation | Combined forecasts (96 rows) → outputs/forecasts_rolling/2022/gas_growth_pct_forecasts_all.csv
2026-09-04 02:11:07 | INFO     | energy_stress.model_evaluation |   core combined → outputs/forecasts_rolling/2022/gas_growth_pct_forecasts_core.csv
2026-09-04 02:11:07 | INFO     | energy_stress.model_evaluation |   macro combined → outputs/forecasts_rolling/2022/gas_growth_pct_forecasts_macro.csv
2026-09-04 02:11:07 | DEBUG    | energy_stress.model_evaluation | Loaded outputs/forecasts_rolling/2022/electricity_growth_pct_forecasts_sarima_core.csv (12 rows)
2026-09-04 02:11:07 | DEBUG    | energy_stress.model_evaluation | Loaded outputs/forecasts_rolling/2022/electricity_growth_pct_forecasts_sarima_macro.csv (12 rows)
2026-09-04 02:11:07 | DEBUG    | energy_stress.model_evaluation | Loaded outputs/forecasts_rolling/2022/electricity_growth_pct_forecasts_prophet_core.csv (12 rows)
2026-09-04 02:11:07 | DEBUG    | energy_stress.model_evaluation | Loaded outputs/forecasts_rolling/2022/electricity_growth_pct_forecasts_prophet_macro.csv (12 rows)
2026-09-04 02:11:07 | DEBUG    | energy_stress.model_evaluation | Loaded outputs/forecasts_rolling/2022/electricity_growth_pct_forecasts_lstm_core.csv (12 rows)
2026-09-04 02:11:07 | DEBUG    | energy_stress.model_evaluation | Loaded outputs/forecasts_rolling/2022/electricity_growth_pct_forecasts_lstm_macro.csv (12 rows)
2026-09-04 02:11:07 | DEBUG    | energy_stress.model_evaluation | Loaded outputs/forecasts_rolling/2022/electricity_growth_pct_forecasts_tft_core.csv (12 rows)
2026-09-04 02:11:07 | DEBUG    | energy_stress.model_evaluation | Loaded outputs/forecasts_rolling/2022/electricity_growth_pct_forecasts_tft_macro.csv (12 rows)
2026-09-04 02:11:07 | INFO     | energy_stress.model_evaluation | Combined forecasts (96 rows) → outputs/forecasts_rolling/2022/electricity_growth_pct_forecasts_all.csv
2026-09-04 02:11:07 | INFO     | energy_stress.model_evaluation |   core combined → outputs/forecasts_rolling/2022/electricity_growth_pct_forecasts_core.csv
2026-09-04 02:11:07 | INFO     | energy_stress.model_evaluation |   macro combined → outputs/forecasts_rolling/2022/electricity_growth_pct_forecasts_macro.csv
2026-09-04 02:11:07 | DEBUG    | energy_stress.model_evaluation | Loaded outputs/forecasts_rolling/2022/carbon_growth_pct_forecasts_sarima_core.csv (12 rows)
2026-09-04 02:11:07 | DEBUG    | energy_stress.model_evaluation | Loaded outputs/forecasts_rolling/2022/carbon_growth_pct_forecasts_sarima_macro.csv (12 rows)
2026-09-04 02:11:07 | DEBUG    | energy_stress.model_evaluation | Loaded outputs/forecasts_rolling/2022/carbon_growth_pct_forecasts_prophet_core.csv (12 rows)
2026-09-04 02:11:07 | DEBUG    | energy_stress.model_evaluation | Loaded outputs/forecasts_rolling/2022/carbon_growth_pct_forecasts_prophet_macro.csv (12 rows)
2026-09-04 02:11:07 | DEBUG    | energy_stress.model_evaluation | Loaded outputs/forecasts_rolling/2022/carbon_growth_pct_forecasts_lstm_core.csv (12 rows)
2026-09-04 02:11:07 | DEBUG    | energy_stress.model_evaluation | Loaded outputs/forecasts_rolling/2022/carbon_growth_pct_forecasts_lstm_macro.csv (12 rows)
2026-09-04 02:11:07 | DEBUG    | energy_stress.model_evaluation | Loaded outputs/forecasts_rolling/2022/carbon_growth_pct_forecasts_tft_core.csv (12 rows)
2026-09-04 02:11:07 | DEBUG    | energy_stress.model_evaluation | Loaded outputs/forecasts_rolling/2022/carbon_growth_pct_forecasts_tft_macro.csv (12 rows)
2026-09-04 02:11:07 | INFO     | energy_stress.model_evaluation | Combined forecasts (96 rows) → outputs/forecasts_rolling/2022/carbon_growth_pct_forecasts_all.csv
2026-09-04 02:11:07 | INFO     | energy_stress.model_evaluation |   core combined → outputs/forecasts_rolling/2022/carbon_growth_pct_forecasts_core.csv
2026-09-04 02:11:07 | INFO     | energy_stress.model_evaluation |   macro combined → outputs/forecasts_rolling/2022/carbon_growth_pct_forecasts_macro.csv
2026-09-04 02:11:07 | INFO     | energy_stress.model_evaluation | Evaluating 24 model results across all series and modes
2026-09-04 02:11:07 | INFO     | energy_stress.model_evaluation | Best model [carbon][core]: LSTM (selection_score=1.150)
2026-09-04 02:11:07 | INFO     | energy_stress.model_evaluation | Best model [carbon][macro]: LSTM (selection_score=1.350)
2026-09-04 02:11:07 | INFO     | energy_stress.model_evaluation | Best model [electricity][core]: LSTM (selection_score=1.100)
2026-09-04 02:11:07 | INFO     | energy_stress.model_evaluation | Best model [electricity][macro]: LSTM (selection_score=1.100)
2026-09-04 02:11:07 | INFO     | energy_stress.model_evaluation | Best model [gas][core]: LSTM (selection_score=1.000)
2026-09-04 02:11:07 | INFO     | energy_stress.model_evaluation | Best model [gas][macro]: SARIMA (selection_score=1.000)
2026-09-04 02:11:07 | INFO     | energy_stress.model_evaluation | Metrics table saved → outputs/tables/rolling/2022/model_metrics_comparison.csv
2026-09-04 02:11:07 | INFO     | energy_stress.fes | Best models selected:
2026-09-04 02:11:07 | INFO     | energy_stress.fes |   [carbon][core] → LSTM
2026-09-04 02:11:07 | INFO     | energy_stress.fes |   [carbon][macro] → LSTM
2026-09-04 02:11:07 | INFO     | energy_stress.fes |   [electricity][core] → LSTM
2026-09-04 02:11:07 | INFO     | energy_stress.fes |   [electricity][macro] → LSTM
2026-09-04 02:11:07 | INFO     | energy_stress.fes |   [gas][core] → LSTM
2026-09-04 02:11:07 | INFO     | energy_stress.fes |   [gas][macro] → SARIMA
2026-09-04 02:11:07 | INFO     | energy_stress.fes | Per-series mode selected for FES_selected (metric per series/mode: {('gas', 'core'): 'RMSE', ('gas', 'macro'): 'RMSE', ('electricity', 'core'): 'RMSE', ('electricity', 'macro'): 'RMSE', ('carbon', 'core'): 'RMSE', ('carbon', 'macro'): 'RMSE'}): {'gas': 'core', 'electricity': 'core', 'carbon': 'core'}
2026-09-04 02:11:07 | INFO     | energy_stress.fes | FES_Weighted series weights (inverse validation-RMSE, normalized to mean 1.0): {'gas': 0.46190441731989035, 'electricity': 0.9159991349603238, 'carbon': 1.622096447719786}
2026-09-04 02:11:07 | INFO     | energy_stress.fes | [gas] train μ=10.3865, σ=26.5519 | unc_ref μ=7.9980, σ=8.9002
2026-09-04 02:11:07 | INFO     | energy_stress.fes | [electricity] train μ=8.9080, σ=13.6337 | unc_ref μ=4.9299, σ=4.3221
2026-09-04 02:11:07 | INFO     | energy_stress.fes | [carbon] train μ=7.6415, σ=163.0641 | unc_ref μ=66.1769, σ=102.2477
2026-09-04 02:11:07 | INFO     | energy_stress.fes | [actual real-vol] train μ=0.4727, σ=0.4288
2026-09-04 02:11:07 | INFO     | energy_stress.fes | Monthly FES saved → outputs/fes/rolling/2022/fes_monthly_2023.csv
2026-09-04 02:11:07 | INFO     | energy_stress.fes | [gas] train μ=5.3367, σ=15.2317 | unc_ref μ=6.3724, σ=5.9864
2026-09-04 02:11:07 | INFO     | energy_stress.fes | [electricity] train μ=6.4077, σ=8.5906 | unc_ref μ=4.2429, σ=3.2786
2026-09-04 02:11:07 | INFO     | energy_stress.fes | [carbon] train μ=5.4969, σ=167.8356 | unc_ref μ=69.1661, σ=104.8549
2026-09-04 02:11:07 | INFO     | energy_stress.fes | [actual real-vol] train μ=0.5080, σ=0.3888
2026-09-04 02:11:07 | INFO     | energy_stress.fes | FES_actual, prior year 2022 (baseline for FES_selected's 2023 forecast): mean=15.36148 -> outputs/fes/rolling/2022/fes_prior_actual_2022.csv
2026-09-04 02:11:07 | INFO     | energy_stress.fes | FES comparison metrics saved → outputs/fes/rolling/2022/fes_comparison_metrics.csv  (12 rows)
2026-09-04 02:11:07 | INFO     | energy_stress.fes | Best RMSE per variant:
FES_variant
Equal_Core        8.43685
Equal_Macro       7.98365
Equal_Selected    8.43686
Equal_Weighted    5.78891
2026-09-04 02:11:07 | INFO     | energy_stress.forecast_pipeline | ========================================
2026-09-04 02:11:07 | INFO     | energy_stress.forecast_pipeline | STAGE 2: Rolling year as_of=2023 (split train<2023, test=2023, refit<=2023, forecast=2024)
2026-09-04 02:11:07 | INFO     | energy_stress.forecast_pipeline | ========================================
2026-09-04 02:11:07 | INFO     | energy_stress.preprocessing | Train: 200 rows (through 2022-12-01) | Test: 12 rows (2023-01-01..2023-12-01)
2026-09-04 02:11:07 | INFO     | energy_stress.forecast_pipeline | 
──────────────────────────────────────────────────
Series: GAS
──────────────────────────────────────────────────
2026-09-04 02:11:07 | INFO     | energy_stress.forecast_pipeline | [gas] train=200, test=12, full=212 (through 2023-12-01), actual_target=12 non-null (2024-01-01..2024-12-01)
2026-09-04 02:11:07 | INFO     | energy_stress.sarima | [SARIMA-CORE] Fitting on gas (train=200 obs)
2026-09-04 02:12:06 | INFO     | energy_stress.sarima | SARIMA best order: (1, 1, 3) × (0, 1, 1, 12)
2026-09-04 02:12:06 | INFO     | energy_stress.sarima | [SARIMA-CORE gas] validation: MAE=116.2832, RMSE=136.6552, MAPE=2910.42%
2026-09-04 02:12:07 | INFO     | energy_stress.sarima | [SARIMA-CORE] Forecast saved → outputs/forecasts_rolling/2023/gas_growth_pct_forecasts_sarima_core.csv
2026-09-04 02:12:07 | INFO     | energy_stress.sarima | [SARIMA-MACRO] Fitting on gas (train=200 obs)
2026-09-04 02:12:58 | INFO     | energy_stress.sarima | SARIMA best order: (1, 1, 3) × (0, 1, 1, 12)
2026-09-04 02:12:58 | INFO     | energy_stress.sarima | [SARIMA-MACRO] Using exogenous: ['inflation_growth_lag1', 'weather_volatility_lag1', 'gdp_growth_lag1', 'gas_futures_log_return_lag1', 'gas_futures_yoy_growth_lag1']
2026-09-04 02:12:59 | INFO     | energy_stress.sarima | [SARIMA-MACRO gas] validation: MAE=119.9010, RMSE=140.6006, MAPE=2956.88%
2026-09-04 02:13:00 | INFO     | energy_stress.sarima | [SARIMA-MACRO] Forecast saved → outputs/forecasts_rolling/2023/gas_growth_pct_forecasts_sarima_macro.csv
2026-09-04 02:13:00 | INFO     | energy_stress.prophet | [Prophet-CORE] Fitting on gas (train=200 obs, regressors=False, cps=0.01, sps=10.0, reg_ps=n/a, seasonality=additive)
2026-09-04 02:13:00 | INFO     | energy_stress.prophet | [Prophet-CORE gas] validation: MAE=52.1301, RMSE=68.2858
2026-09-04 02:13:00 | INFO     | energy_stress.prophet | [Prophet-CORE] Forecast saved → outputs/forecasts_rolling/2023/gas_growth_pct_forecasts_prophet_core.csv
2026-09-04 02:13:00 | INFO     | energy_stress.prophet | [Prophet-MACRO] Fitting on gas (train=200 obs, regressors=True, cps=0.01, sps=10.0, reg_ps=0.5, seasonality=additive)
2026-09-04 02:13:00 | INFO     | energy_stress.prophet | [Prophet-MACRO gas] validation: MAE=49.5100, RMSE=65.3265
2026-09-04 02:13:01 | INFO     | energy_stress.prophet | [Prophet-MACRO] Forecast saved → outputs/forecasts_rolling/2023/gas_growth_pct_forecasts_prophet_macro.csv
2026-09-04 02:13:01 | INFO     | energy_stress.lstm | [LSTM-CORE] Training on gas | train=2006-05-01→2022-12-01 (200 obs), test=2023-01-01→2023-12-01 (12 obs), use_macro=False, lookback=12, dropout=0.2, lr=0.001, units=(128,64), macro_feature_set=lstm
2026-09-04 02:13:48 | INFO     | energy_stress.lstm | [LSTM-CORE gas] validation: MAE=20.6796, RMSE=24.5736
2026-09-04 02:15:13 | INFO     | energy_stress.lstm | [LSTM-CORE] Forecast saved → outputs/forecasts_rolling/2023/gas_growth_pct_forecasts_lstm_core.csv
2026-09-04 02:15:13 | INFO     | energy_stress.lstm | [LSTM-CORE] Model saved → outputs/models
2026-09-04 02:15:13 | INFO     | energy_stress.lstm | [LSTM-MACRO] Training on gas | train=2006-05-01→2022-12-01 (200 obs), test=2023-01-01→2023-12-01 (12 obs), use_macro=True, lookback=6, dropout=0.2, lr=0.001, units=(64,32), macro_feature_set=lstm
2026-09-04 02:15:36 | INFO     | energy_stress.lstm | [LSTM-MACRO gas] validation: MAE=50.1868, RMSE=68.7831
2026-09-04 02:16:25 | INFO     | energy_stress.lstm | [LSTM-MACRO] Forecast saved → outputs/forecasts_rolling/2023/gas_growth_pct_forecasts_lstm_macro.csv
2026-09-04 02:16:25 | INFO     | energy_stress.lstm | [LSTM-MACRO] Model saved → outputs/models
2026-09-04 02:16:25 | INFO     | energy_stress.tft | [TFT/pytorch-forecasting] Fitting gas (core)
2026-09-04 02:16:35 | INFO     | energy_stress.tft | [TFT gas] validation: MAE=42.1222, RMSE=57.2975
2026-09-04 02:16:44 | INFO     | energy_stress.tft | [TFT] Forecast saved → outputs/forecasts_rolling/2023/gas_growth_pct_forecasts_tft_core.csv
2026-09-04 02:16:44 | INFO     | energy_stress.tft | [TFT/pytorch-forecasting] Fitting gas (macro)
2026-09-04 02:16:56 | INFO     | energy_stress.tft | [TFT gas] validation: MAE=52.1754, RMSE=71.6513
2026-09-04 02:17:09 | INFO     | energy_stress.tft | [TFT] Forecast saved → outputs/forecasts_rolling/2023/gas_growth_pct_forecasts_tft_macro.csv
2026-09-04 02:17:09 | INFO     | energy_stress.forecast_pipeline | 
──────────────────────────────────────────────────
Series: ELECTRICITY
──────────────────────────────────────────────────
2026-09-04 02:17:09 | INFO     | energy_stress.forecast_pipeline | [electricity] train=200, test=12, full=212 (through 2023-12-01), actual_target=12 non-null (2024-01-01..2024-12-01)
2026-09-04 02:17:09 | INFO     | energy_stress.sarima | [SARIMA-CORE] Fitting on electricity (train=200 obs)
2026-09-04 02:18:23 | INFO     | energy_stress.sarima | SARIMA best order: (1, 1, 1) × (2, 1, 1, 12)
2026-09-04 02:18:23 | INFO     | energy_stress.sarima | [SARIMA-CORE electricity] validation: MAE=57.9816, RMSE=67.9064, MAPE=512.05%
2026-09-04 02:18:24 | INFO     | energy_stress.sarima | [SARIMA-CORE] Forecast saved → outputs/forecasts_rolling/2023/electricity_growth_pct_forecasts_sarima_core.csv
2026-09-04 02:18:24 | INFO     | energy_stress.sarima | [SARIMA-MACRO] Fitting on electricity (train=200 obs)
2026-09-04 02:19:41 | INFO     | energy_stress.sarima | SARIMA best order: (1, 1, 1) × (2, 1, 1, 12)
2026-09-04 02:19:41 | INFO     | energy_stress.sarima | [SARIMA-MACRO] Using exogenous: ['inflation_growth_lag1', 'weather_volatility_lag1', 'gdp_growth_lag1', 'gas_futures_log_return_lag1', 'gas_futures_yoy_growth_lag1', 'electricity_growth_lag12', 'post_2016_electricity_regime', 'gbp_eur_yoy_change_lag12']
2026-09-04 02:19:43 | INFO     | energy_stress.sarima | [SARIMA-MACRO electricity] validation: MAE=51.9768, RMSE=61.2078, MAPE=458.67%
2026-09-04 02:19:45 | INFO     | energy_stress.sarima | [SARIMA-MACRO] Forecast saved → outputs/forecasts_rolling/2023/electricity_growth_pct_forecasts_sarima_macro.csv
2026-09-04 02:19:45 | INFO     | energy_stress.prophet | [Prophet-CORE] Fitting on electricity (train=200 obs, regressors=False, cps=0.01, sps=10.0, reg_ps=n/a, seasonality=additive)
2026-09-04 02:19:45 | INFO     | energy_stress.prophet | [Prophet-CORE electricity] validation: MAE=24.2611, RMSE=32.4615
2026-09-04 02:19:45 | INFO     | energy_stress.prophet | [Prophet-CORE] Forecast saved → outputs/forecasts_rolling/2023/electricity_growth_pct_forecasts_prophet_core.csv
2026-09-04 02:19:45 | INFO     | energy_stress.prophet | [Prophet-MACRO] Fitting on electricity (train=200 obs, regressors=True, cps=0.01, sps=10.0, reg_ps=0.5, seasonality=additive)
2026-09-04 02:19:46 | INFO     | energy_stress.prophet | [Prophet-MACRO electricity] validation: MAE=23.3636, RMSE=30.1476
2026-09-04 02:19:46 | INFO     | energy_stress.prophet | [Prophet-MACRO] Forecast saved → outputs/forecasts_rolling/2023/electricity_growth_pct_forecasts_prophet_macro.csv
2026-09-04 02:19:46 | INFO     | energy_stress.lstm | [LSTM-CORE] Training on electricity | train=2006-05-01→2022-12-01 (200 obs), test=2023-01-01→2023-12-01 (12 obs), use_macro=False, lookback=6, dropout=0.2, lr=0.001, units=(64,32), macro_feature_set=lstm
2026-09-04 02:20:11 | INFO     | energy_stress.lstm | [LSTM-CORE electricity] validation: MAE=19.4991, RMSE=20.9758
2026-09-04 02:20:56 | INFO     | energy_stress.lstm | [LSTM-CORE] Forecast saved → outputs/forecasts_rolling/2023/electricity_growth_pct_forecasts_lstm_core.csv
2026-09-04 02:20:56 | INFO     | energy_stress.lstm | [LSTM-CORE] Model saved → outputs/models
2026-09-04 02:20:56 | INFO     | energy_stress.lstm | [LSTM-MACRO] Training on electricity | train=2006-05-01→2022-12-01 (200 obs), test=2023-01-01→2023-12-01 (12 obs), use_macro=True, lookback=3, dropout=0.1, lr=0.001, units=(64,32), macro_feature_set=lean
2026-09-04 02:21:21 | INFO     | energy_stress.lstm | [LSTM-MACRO electricity] validation: MAE=23.3310, RMSE=30.7042
2026-09-04 02:22:15 | INFO     | energy_stress.lstm | [LSTM-MACRO] Forecast saved → outputs/forecasts_rolling/2023/electricity_growth_pct_forecasts_lstm_macro.csv
2026-09-04 02:22:16 | INFO     | energy_stress.lstm | [LSTM-MACRO] Model saved → outputs/models
2026-09-04 02:22:16 | INFO     | energy_stress.tft | [TFT/pytorch-forecasting] Fitting electricity (core)
2026-09-04 02:22:25 | INFO     | energy_stress.tft | [TFT electricity] validation: MAE=23.0804, RMSE=30.6877
2026-09-04 02:22:35 | INFO     | energy_stress.tft | [TFT] Forecast saved → outputs/forecasts_rolling/2023/electricity_growth_pct_forecasts_tft_core.csv
2026-09-04 02:22:35 | INFO     | energy_stress.tft | [TFT/pytorch-forecasting] Fitting electricity (macro)
2026-09-04 02:22:50 | INFO     | energy_stress.tft | [TFT electricity] validation: MAE=29.7492, RMSE=38.3258
2026-09-04 02:23:06 | INFO     | energy_stress.tft | [TFT] Forecast saved → outputs/forecasts_rolling/2023/electricity_growth_pct_forecasts_tft_macro.csv
2026-09-04 02:23:06 | INFO     | energy_stress.forecast_pipeline | 
──────────────────────────────────────────────────
Series: CARBON
──────────────────────────────────────────────────
2026-09-04 02:23:06 | INFO     | energy_stress.forecast_pipeline | [carbon] train=200, test=12, full=212 (through 2023-12-01), actual_target=12 non-null (2024-01-01..2024-12-01)
2026-09-04 02:23:06 | INFO     | energy_stress.sarima | [SARIMA-CORE] Fitting on carbon (train=200 obs)
2026-09-04 02:24:25 | INFO     | energy_stress.sarima | SARIMA best order: (1, 0, 0) × (2, 1, 0, 12)
2026-09-04 02:24:25 | INFO     | energy_stress.sarima | [SARIMA-CORE carbon] validation: MAE=18.7959, RMSE=24.1209, MAPE=1048.33%
2026-09-04 02:24:25 | INFO     | energy_stress.sarima | [SARIMA-CORE] Forecast saved → outputs/forecasts_rolling/2023/carbon_growth_pct_forecasts_sarima_core.csv
2026-09-04 02:24:25 | INFO     | energy_stress.sarima | [SARIMA-MACRO] Fitting on carbon (train=200 obs)
2026-09-04 02:25:52 | INFO     | energy_stress.sarima | SARIMA best order: (1, 0, 0) × (2, 1, 0, 12)
2026-09-04 02:25:52 | INFO     | energy_stress.sarima | [SARIMA-MACRO] Using exogenous: ['inflation_growth_lag1', 'weather_volatility_lag1', 'gdp_growth_lag1']
2026-09-04 02:25:53 | INFO     | energy_stress.sarima | [SARIMA-MACRO carbon] validation: MAE=17.0226, RMSE=22.8289, MAPE=936.30%
2026-09-04 02:25:54 | INFO     | energy_stress.sarima | [SARIMA-MACRO] Forecast saved → outputs/forecasts_rolling/2023/carbon_growth_pct_forecasts_sarima_macro.csv
2026-09-04 02:25:54 | INFO     | energy_stress.prophet | [Prophet-CORE] Fitting on carbon (train=200 obs, regressors=False, cps=0.01, sps=10.0, reg_ps=n/a, seasonality=additive)
2026-09-04 02:25:54 | INFO     | energy_stress.prophet | [Prophet-CORE carbon] validation: MAE=16.3168, RMSE=19.1231
2026-09-04 02:25:54 | INFO     | energy_stress.prophet | [Prophet-CORE] Forecast saved → outputs/forecasts_rolling/2023/carbon_growth_pct_forecasts_prophet_core.csv
2026-09-04 02:25:54 | INFO     | energy_stress.prophet | [Prophet-MACRO] Fitting on carbon (train=200 obs, regressors=True, cps=0.01, sps=10.0, reg_ps=0.1, seasonality=additive)
2026-09-04 02:25:54 | INFO     | energy_stress.prophet | [Prophet-MACRO carbon] validation: MAE=35.2588, RMSE=36.7286
2026-09-04 02:25:55 | INFO     | energy_stress.prophet | [Prophet-MACRO] Forecast saved → outputs/forecasts_rolling/2023/carbon_growth_pct_forecasts_prophet_macro.csv
2026-09-04 02:25:55 | INFO     | energy_stress.lstm | [LSTM-CORE] Training on carbon | train=2006-05-01→2022-12-01 (200 obs), test=2023-01-01→2023-12-01 (12 obs), use_macro=False, lookback=12, dropout=0.2, lr=0.001, units=(128,64), macro_feature_set=lstm
2026-09-04 02:26:36 | INFO     | energy_stress.lstm | [LSTM-CORE carbon] validation: MAE=10.6948, RMSE=12.3610
2026-09-04 02:28:00 | INFO     | energy_stress.lstm | [LSTM-CORE] Forecast saved → outputs/forecasts_rolling/2023/carbon_growth_pct_forecasts_lstm_core.csv
2026-09-04 02:28:00 | INFO     | energy_stress.lstm | [LSTM-CORE] Model saved → outputs/models
2026-09-04 02:28:00 | INFO     | energy_stress.lstm | [LSTM-MACRO] Training on carbon | train=2006-05-01→2022-12-01 (200 obs), test=2023-01-01→2023-12-01 (12 obs), use_macro=True, lookback=12, dropout=0.2, lr=0.001, units=(128,64), macro_feature_set=lstm
2026-09-04 02:28:38 | INFO     | energy_stress.lstm | [LSTM-MACRO carbon] validation: MAE=9.6389, RMSE=11.2247
2026-09-04 02:30:04 | INFO     | energy_stress.lstm | [LSTM-MACRO] Forecast saved → outputs/forecasts_rolling/2023/carbon_growth_pct_forecasts_lstm_macro.csv
2026-09-04 02:30:04 | INFO     | energy_stress.lstm | [LSTM-MACRO] Model saved → outputs/models
2026-09-04 02:30:04 | INFO     | energy_stress.tft | [TFT/pytorch-forecasting] Fitting carbon (core)
2026-09-04 02:30:14 | INFO     | energy_stress.tft | [TFT carbon] validation: MAE=22.0936, RMSE=24.3942
2026-09-04 02:30:23 | INFO     | energy_stress.tft | [TFT] Forecast saved → outputs/forecasts_rolling/2023/carbon_growth_pct_forecasts_tft_core.csv
2026-09-04 02:30:23 | INFO     | energy_stress.tft | [TFT/pytorch-forecasting] Fitting carbon (macro)
2026-09-04 02:30:36 | INFO     | energy_stress.tft | [TFT carbon] validation: MAE=43.0201, RMSE=46.0629
2026-09-04 02:30:49 | INFO     | energy_stress.tft | [TFT] Forecast saved → outputs/forecasts_rolling/2023/carbon_growth_pct_forecasts_tft_macro.csv
2026-09-04 02:30:49 | DEBUG    | energy_stress.model_evaluation | Loaded outputs/forecasts_rolling/2023/gas_growth_pct_forecasts_sarima_core.csv (12 rows)
2026-09-04 02:30:49 | DEBUG    | energy_stress.model_evaluation | Loaded outputs/forecasts_rolling/2023/gas_growth_pct_forecasts_sarima_macro.csv (12 rows)
2026-09-04 02:30:49 | DEBUG    | energy_stress.model_evaluation | Loaded outputs/forecasts_rolling/2023/gas_growth_pct_forecasts_prophet_core.csv (12 rows)
2026-09-04 02:30:49 | DEBUG    | energy_stress.model_evaluation | Loaded outputs/forecasts_rolling/2023/gas_growth_pct_forecasts_prophet_macro.csv (12 rows)
2026-09-04 02:30:49 | DEBUG    | energy_stress.model_evaluation | Loaded outputs/forecasts_rolling/2023/gas_growth_pct_forecasts_lstm_core.csv (12 rows)
2026-09-04 02:30:49 | DEBUG    | energy_stress.model_evaluation | Loaded outputs/forecasts_rolling/2023/gas_growth_pct_forecasts_lstm_macro.csv (12 rows)
2026-09-04 02:30:49 | DEBUG    | energy_stress.model_evaluation | Loaded outputs/forecasts_rolling/2023/gas_growth_pct_forecasts_tft_core.csv (12 rows)
2026-09-04 02:30:49 | DEBUG    | energy_stress.model_evaluation | Loaded outputs/forecasts_rolling/2023/gas_growth_pct_forecasts_tft_macro.csv (12 rows)
2026-09-04 02:30:49 | INFO     | energy_stress.model_evaluation | Combined forecasts (96 rows) → outputs/forecasts_rolling/2023/gas_growth_pct_forecasts_all.csv
2026-09-04 02:30:49 | INFO     | energy_stress.model_evaluation |   core combined → outputs/forecasts_rolling/2023/gas_growth_pct_forecasts_core.csv
2026-09-04 02:30:49 | INFO     | energy_stress.model_evaluation |   macro combined → outputs/forecasts_rolling/2023/gas_growth_pct_forecasts_macro.csv
2026-09-04 02:30:49 | DEBUG    | energy_stress.model_evaluation | Loaded outputs/forecasts_rolling/2023/electricity_growth_pct_forecasts_sarima_core.csv (12 rows)
2026-09-04 02:30:49 | DEBUG    | energy_stress.model_evaluation | Loaded outputs/forecasts_rolling/2023/electricity_growth_pct_forecasts_sarima_macro.csv (12 rows)
2026-09-04 02:30:49 | DEBUG    | energy_stress.model_evaluation | Loaded outputs/forecasts_rolling/2023/electricity_growth_pct_forecasts_prophet_core.csv (12 rows)
2026-09-04 02:30:49 | DEBUG    | energy_stress.model_evaluation | Loaded outputs/forecasts_rolling/2023/electricity_growth_pct_forecasts_prophet_macro.csv (12 rows)
2026-09-04 02:30:49 | DEBUG    | energy_stress.model_evaluation | Loaded outputs/forecasts_rolling/2023/electricity_growth_pct_forecasts_lstm_core.csv (12 rows)
2026-09-04 02:30:49 | DEBUG    | energy_stress.model_evaluation | Loaded outputs/forecasts_rolling/2023/electricity_growth_pct_forecasts_lstm_macro.csv (12 rows)
2026-09-04 02:30:49 | DEBUG    | energy_stress.model_evaluation | Loaded outputs/forecasts_rolling/2023/electricity_growth_pct_forecasts_tft_core.csv (12 rows)
2026-09-04 02:30:49 | DEBUG    | energy_stress.model_evaluation | Loaded outputs/forecasts_rolling/2023/electricity_growth_pct_forecasts_tft_macro.csv (12 rows)
2026-09-04 02:30:49 | INFO     | energy_stress.model_evaluation | Combined forecasts (96 rows) → outputs/forecasts_rolling/2023/electricity_growth_pct_forecasts_all.csv
2026-09-04 02:30:49 | INFO     | energy_stress.model_evaluation |   core combined → outputs/forecasts_rolling/2023/electricity_growth_pct_forecasts_core.csv
2026-09-04 02:30:49 | INFO     | energy_stress.model_evaluation |   macro combined → outputs/forecasts_rolling/2023/electricity_growth_pct_forecasts_macro.csv
2026-09-04 02:30:49 | DEBUG    | energy_stress.model_evaluation | Loaded outputs/forecasts_rolling/2023/carbon_growth_pct_forecasts_sarima_core.csv (12 rows)
2026-09-04 02:30:49 | DEBUG    | energy_stress.model_evaluation | Loaded outputs/forecasts_rolling/2023/carbon_growth_pct_forecasts_sarima_macro.csv (12 rows)
2026-09-04 02:30:49 | DEBUG    | energy_stress.model_evaluation | Loaded outputs/forecasts_rolling/2023/carbon_growth_pct_forecasts_prophet_core.csv (12 rows)
2026-09-04 02:30:49 | DEBUG    | energy_stress.model_evaluation | Loaded outputs/forecasts_rolling/2023/carbon_growth_pct_forecasts_prophet_macro.csv (12 rows)
2026-09-04 02:30:49 | DEBUG    | energy_stress.model_evaluation | Loaded outputs/forecasts_rolling/2023/carbon_growth_pct_forecasts_lstm_core.csv (12 rows)
2026-09-04 02:30:49 | DEBUG    | energy_stress.model_evaluation | Loaded outputs/forecasts_rolling/2023/carbon_growth_pct_forecasts_lstm_macro.csv (12 rows)
2026-09-04 02:30:49 | DEBUG    | energy_stress.model_evaluation | Loaded outputs/forecasts_rolling/2023/carbon_growth_pct_forecasts_tft_core.csv (12 rows)
2026-09-04 02:30:49 | DEBUG    | energy_stress.model_evaluation | Loaded outputs/forecasts_rolling/2023/carbon_growth_pct_forecasts_tft_macro.csv (12 rows)
2026-09-04 02:30:49 | INFO     | energy_stress.model_evaluation | Combined forecasts (96 rows) → outputs/forecasts_rolling/2023/carbon_growth_pct_forecasts_all.csv
2026-09-04 02:30:49 | INFO     | energy_stress.model_evaluation |   core combined → outputs/forecasts_rolling/2023/carbon_growth_pct_forecasts_core.csv
2026-09-04 02:30:49 | INFO     | energy_stress.model_evaluation |   macro combined → outputs/forecasts_rolling/2023/carbon_growth_pct_forecasts_macro.csv
2026-09-04 02:30:50 | INFO     | energy_stress.model_evaluation | Evaluating 24 model results across all series and modes
2026-09-04 02:30:50 | INFO     | energy_stress.model_evaluation | Best model [carbon][core]: LSTM (selection_score=1.650)
2026-09-04 02:30:50 | INFO     | energy_stress.model_evaluation | Best model [carbon][macro]: LSTM (selection_score=1.650)
2026-09-04 02:30:50 | INFO     | energy_stress.model_evaluation | Best model [electricity][core]: LSTM (selection_score=1.350)
2026-09-04 02:30:50 | INFO     | energy_stress.model_evaluation | Best model [electricity][macro]: Prophet (selection_score=1.750)
2026-09-04 02:30:50 | INFO     | energy_stress.model_evaluation | Best model [gas][core]: LSTM (selection_score=1.100)
2026-09-04 02:30:50 | INFO     | energy_stress.model_evaluation | Best model [gas][macro]: Prophet (selection_score=1.300)
2026-09-04 02:30:50 | INFO     | energy_stress.model_evaluation | Metrics table saved → outputs/tables/rolling/2023/model_metrics_comparison.csv
2026-09-04 02:30:50 | INFO     | energy_stress.fes | Best models selected:
2026-09-04 02:30:50 | INFO     | energy_stress.fes |   [carbon][core] → LSTM
2026-09-04 02:30:50 | INFO     | energy_stress.fes |   [carbon][macro] → LSTM
2026-09-04 02:30:50 | INFO     | energy_stress.fes |   [electricity][core] → LSTM
2026-09-04 02:30:50 | INFO     | energy_stress.fes |   [electricity][macro] → Prophet
2026-09-04 02:30:50 | INFO     | energy_stress.fes |   [gas][core] → LSTM
2026-09-04 02:30:50 | INFO     | energy_stress.fes |   [gas][macro] → Prophet
2026-09-04 02:30:50 | INFO     | energy_stress.fes | Per-series mode selected for FES_selected (metric per series/mode: {('gas', 'core'): 'RMSE', ('gas', 'macro'): 'RMSE', ('electricity', 'core'): 'RMSE', ('electricity', 'macro'): 'RMSE', ('carbon', 'core'): 'RMSE', ('carbon', 'macro'): 'RMSE'}): {'gas': 'core', 'electricity': 'core', 'carbon': 'macro'}
2026-09-04 02:30:50 | INFO     | energy_stress.fes | FES_Weighted series weights (inverse validation-RMSE, normalized to mean 1.0): {'gas': 0.6879521347005022, 'electricity': 0.805952230151855, 'carbon': 1.5060956351476429}
2026-09-04 02:30:50 | INFO     | energy_stress.fes | [gas] train μ=11.7698, σ=30.2056 | unc_ref μ=10.1990, σ=12.9773
2026-09-04 02:30:50 | INFO     | energy_stress.fes | [electricity] train μ=9.4676, σ=15.2322 | unc_ref μ=5.9154, σ=6.1036
2026-09-04 02:30:50 | INFO     | energy_stress.fes | [carbon] train μ=7.4441, σ=158.3806 | unc_ref μ=63.1782, σ=99.9694
2026-09-04 02:30:50 | INFO     | energy_stress.fes | [actual real-vol] train μ=0.4702, σ=0.4354
2026-09-04 02:30:50 | INFO     | energy_stress.fes | Monthly FES saved → outputs/fes/rolling/2023/fes_monthly_2024.csv
2026-09-04 02:30:50 | INFO     | energy_stress.fes | [gas] train μ=10.3865, σ=26.5519 | unc_ref μ=7.9980, σ=8.9002
2026-09-04 02:30:50 | INFO     | energy_stress.fes | [electricity] train μ=8.9080, σ=13.6337 | unc_ref μ=4.9299, σ=4.3221
2026-09-04 02:30:50 | INFO     | energy_stress.fes | [carbon] train μ=7.6415, σ=163.0641 | unc_ref μ=66.1769, σ=102.2477
2026-09-04 02:30:50 | INFO     | energy_stress.fes | [actual real-vol] train μ=0.4727, σ=0.4288
2026-09-04 02:30:50 | INFO     | energy_stress.fes | FES_actual, prior year 2023 (baseline for FES_selected's 2024 forecast): mean=2.51363 -> outputs/fes/rolling/2023/fes_prior_actual_2023.csv
2026-09-04 02:30:50 | INFO     | energy_stress.fes | FES comparison metrics saved → outputs/fes/rolling/2023/fes_comparison_metrics.csv  (12 rows)
2026-09-04 02:30:50 | INFO     | energy_stress.fes | Best RMSE per variant:
FES_variant
Equal_Core        0.90915
Equal_Macro       2.29835
Equal_Selected    0.86214
Equal_Weighted    0.94129
2026-09-04 02:30:50 | INFO     | energy_stress.forecast_pipeline | ========================================
2026-09-04 02:30:50 | INFO     | energy_stress.forecast_pipeline | STAGE 2: Rolling year as_of=2024 (split train<2024, test=2024, refit<=2024, forecast=2025)
2026-09-04 02:30:50 | INFO     | energy_stress.forecast_pipeline | ========================================
2026-09-04 02:30:50 | INFO     | energy_stress.preprocessing | Train: 212 rows (through 2023-12-01) | Test: 12 rows (2024-01-01..2024-12-01)
2026-09-04 02:30:50 | INFO     | energy_stress.forecast_pipeline | 
──────────────────────────────────────────────────
Series: GAS
──────────────────────────────────────────────────
2026-09-04 02:30:50 | INFO     | energy_stress.forecast_pipeline | [gas] train=212, test=12, full=224 (through 2024-12-01), actual_target=12 non-null (2025-01-01..2025-12-01)
2026-09-04 02:30:50 | INFO     | energy_stress.sarima | [SARIMA-CORE] Fitting on gas (train=212 obs)
2026-09-04 02:35:09 | INFO     | energy_stress.sarima | SARIMA best order: (2, 0, 1) × (2, 1, 1, 12)
2026-09-04 02:35:10 | INFO     | energy_stress.sarima | [SARIMA-CORE gas] validation: MAE=13.5782, RMSE=14.2818, MAPE=70.93%
2026-09-04 02:35:11 | INFO     | energy_stress.sarima | [SARIMA-CORE] Forecast saved → outputs/forecasts_rolling/2024/gas_growth_pct_forecasts_sarima_core.csv
2026-09-04 02:35:11 | INFO     | energy_stress.sarima | [SARIMA-MACRO] Fitting on gas (train=212 obs)
2026-09-04 02:39:21 | INFO     | energy_stress.sarima | SARIMA best order: (2, 0, 1) × (2, 1, 1, 12)
2026-09-04 02:39:21 | INFO     | energy_stress.sarima | [SARIMA-MACRO] Using exogenous: ['inflation_growth_lag1', 'weather_volatility_lag1', 'gdp_growth_lag1', 'gas_futures_log_return_lag1', 'gas_futures_yoy_growth_lag1']
2026-09-04 02:39:23 | INFO     | energy_stress.sarima | [SARIMA-MACRO gas] validation: MAE=9.0906, RMSE=12.6742, MAPE=86.96%
2026-09-04 02:39:24 | INFO     | energy_stress.sarima | [SARIMA-MACRO] Forecast saved → outputs/forecasts_rolling/2024/gas_growth_pct_forecasts_sarima_macro.csv
2026-09-04 02:39:24 | INFO     | energy_stress.prophet | [Prophet-CORE] Fitting on gas (train=212 obs, regressors=False, cps=0.01, sps=10.0, reg_ps=n/a, seasonality=additive)
2026-09-04 02:39:24 | INFO     | energy_stress.prophet | [Prophet-CORE gas] validation: MAE=37.7331, RMSE=39.3806
2026-09-04 02:39:24 | INFO     | energy_stress.prophet | [Prophet-CORE] Forecast saved → outputs/forecasts_rolling/2024/gas_growth_pct_forecasts_prophet_core.csv
2026-09-04 02:39:24 | INFO     | energy_stress.prophet | [Prophet-MACRO] Fitting on gas (train=212 obs, regressors=True, cps=0.01, sps=10.0, reg_ps=0.5, seasonality=additive)
2026-09-04 02:39:25 | INFO     | energy_stress.prophet | [Prophet-MACRO gas] validation: MAE=26.9510, RMSE=28.8607
2026-09-04 02:39:25 | INFO     | energy_stress.prophet | [Prophet-MACRO] Forecast saved → outputs/forecasts_rolling/2024/gas_growth_pct_forecasts_prophet_macro.csv
2026-09-04 02:39:25 | INFO     | energy_stress.lstm | [LSTM-CORE] Training on gas | train=2006-05-01→2023-12-01 (212 obs), test=2024-01-01→2024-12-01 (12 obs), use_macro=False, lookback=12, dropout=0.2, lr=0.001, units=(128,64), macro_feature_set=lstm
2026-09-04 02:40:14 | INFO     | energy_stress.lstm | [LSTM-CORE gas] validation: MAE=6.5507, RMSE=8.2206
2026-09-04 02:41:40 | INFO     | energy_stress.lstm | [LSTM-CORE] Forecast saved → outputs/forecasts_rolling/2024/gas_growth_pct_forecasts_lstm_core.csv
2026-09-04 02:41:40 | INFO     | energy_stress.lstm | [LSTM-CORE] Model saved → outputs/models
2026-09-04 02:41:40 | INFO     | energy_stress.lstm | [LSTM-MACRO] Training on gas | train=2006-05-01→2023-12-01 (212 obs), test=2024-01-01→2024-12-01 (12 obs), use_macro=True, lookback=6, dropout=0.2, lr=0.001, units=(64,32), macro_feature_set=lstm
2026-09-04 02:41:55 | INFO     | energy_stress.lstm | [LSTM-MACRO gas] validation: MAE=29.6022, RMSE=31.5876
2026-09-04 02:43:08 | INFO     | energy_stress.lstm | [LSTM-MACRO] Forecast saved → outputs/forecasts_rolling/2024/gas_growth_pct_forecasts_lstm_macro.csv
2026-09-04 02:43:08 | INFO     | energy_stress.lstm | [LSTM-MACRO] Model saved → outputs/models
2026-09-04 02:43:08 | INFO     | energy_stress.tft | [TFT/pytorch-forecasting] Fitting gas (core)
2026-09-04 02:43:18 | INFO     | energy_stress.tft | [TFT gas] validation: MAE=17.3866, RMSE=19.6293
2026-09-04 02:43:29 | INFO     | energy_stress.tft | [TFT] Forecast saved → outputs/forecasts_rolling/2024/gas_growth_pct_forecasts_tft_core.csv
2026-09-04 02:43:29 | INFO     | energy_stress.tft | [TFT/pytorch-forecasting] Fitting gas (macro)
2026-09-04 02:43:41 | INFO     | energy_stress.tft | [TFT gas] validation: MAE=29.2654, RMSE=30.9062
2026-09-04 02:43:56 | INFO     | energy_stress.tft | [TFT] Forecast saved → outputs/forecasts_rolling/2024/gas_growth_pct_forecasts_tft_macro.csv
2026-09-04 02:43:56 | INFO     | energy_stress.forecast_pipeline | 
──────────────────────────────────────────────────
Series: ELECTRICITY
──────────────────────────────────────────────────
2026-09-04 02:43:56 | INFO     | energy_stress.forecast_pipeline | [electricity] train=212, test=12, full=224 (through 2024-12-01), actual_target=12 non-null (2025-01-01..2025-12-01)
2026-09-04 02:43:56 | INFO     | energy_stress.sarima | [SARIMA-CORE] Fitting on electricity (train=212 obs)
2026-09-04 02:47:29 | INFO     | energy_stress.sarima | SARIMA best order: (2, 0, 1) × (2, 1, 1, 12)
2026-09-04 02:47:30 | INFO     | energy_stress.sarima | [SARIMA-CORE electricity] validation: MAE=14.5462, RMSE=15.1694, MAPE=120.72%
2026-09-04 02:47:31 | INFO     | energy_stress.sarima | [SARIMA-CORE] Forecast saved → outputs/forecasts_rolling/2024/electricity_growth_pct_forecasts_sarima_core.csv
2026-09-04 02:47:31 | INFO     | energy_stress.sarima | [SARIMA-MACRO] Fitting on electricity (train=212 obs)
2026-09-04 02:51:18 | INFO     | energy_stress.sarima | SARIMA best order: (2, 0, 1) × (2, 1, 1, 12)
2026-09-04 02:51:18 | INFO     | energy_stress.sarima | [SARIMA-MACRO] Using exogenous: ['inflation_growth_lag1', 'weather_volatility_lag1', 'gdp_growth_lag1', 'gas_futures_log_return_lag1', 'gas_futures_yoy_growth_lag1', 'electricity_growth_lag12', 'post_2016_electricity_regime', 'gbp_eur_yoy_change_lag12']
2026-09-04 02:51:20 | INFO     | energy_stress.sarima | [SARIMA-MACRO electricity] validation: MAE=17.1632, RMSE=18.4425, MAPE=144.21%
2026-09-04 02:51:22 | INFO     | energy_stress.sarima | [SARIMA-MACRO] Forecast saved → outputs/forecasts_rolling/2024/electricity_growth_pct_forecasts_sarima_macro.csv
2026-09-04 02:51:22 | INFO     | energy_stress.prophet | [Prophet-CORE] Fitting on electricity (train=212 obs, regressors=False, cps=0.01, sps=10.0, reg_ps=n/a, seasonality=additive)
2026-09-04 02:51:22 | INFO     | energy_stress.prophet | [Prophet-CORE electricity] validation: MAE=27.5499, RMSE=28.1829
2026-09-04 02:51:22 | INFO     | energy_stress.prophet | [Prophet-CORE] Forecast saved → outputs/forecasts_rolling/2024/electricity_growth_pct_forecasts_prophet_core.csv
2026-09-04 02:51:22 | INFO     | energy_stress.prophet | [Prophet-MACRO] Fitting on electricity (train=212 obs, regressors=True, cps=0.01, sps=10.0, reg_ps=0.5, seasonality=additive)
2026-09-04 02:51:22 | INFO     | energy_stress.prophet | [Prophet-MACRO electricity] validation: MAE=12.3608, RMSE=13.9510
2026-09-04 02:51:23 | INFO     | energy_stress.prophet | [Prophet-MACRO] Forecast saved → outputs/forecasts_rolling/2024/electricity_growth_pct_forecasts_prophet_macro.csv
2026-09-04 02:51:23 | INFO     | energy_stress.lstm | [LSTM-CORE] Training on electricity | train=2006-05-01→2023-12-01 (212 obs), test=2024-01-01→2024-12-01 (12 obs), use_macro=False, lookback=6, dropout=0.2, lr=0.001, units=(64,32), macro_feature_set=lstm
2026-09-04 02:51:56 | INFO     | energy_stress.lstm | [LSTM-CORE electricity] validation: MAE=10.2935, RMSE=11.9045
2026-09-04 02:52:57 | INFO     | energy_stress.lstm | [LSTM-CORE] Forecast saved → outputs/forecasts_rolling/2024/electricity_growth_pct_forecasts_lstm_core.csv
2026-09-04 02:52:57 | INFO     | energy_stress.lstm | [LSTM-CORE] Model saved → outputs/models
2026-09-04 02:52:57 | INFO     | energy_stress.lstm | [LSTM-MACRO] Training on electricity | train=2006-05-01→2023-12-01 (212 obs), test=2024-01-01→2024-12-01 (12 obs), use_macro=True, lookback=3, dropout=0.1, lr=0.001, units=(64,32), macro_feature_set=lean
2026-09-04 02:53:20 | INFO     | energy_stress.lstm | [LSTM-MACRO electricity] validation: MAE=11.5769, RMSE=12.7127
2026-09-04 02:53:57 | INFO     | energy_stress.lstm | [LSTM-MACRO] Forecast saved → outputs/forecasts_rolling/2024/electricity_growth_pct_forecasts_lstm_macro.csv
2026-09-04 02:53:57 | INFO     | energy_stress.lstm | [LSTM-MACRO] Model saved → outputs/models
2026-09-04 02:53:57 | INFO     | energy_stress.tft | [TFT/pytorch-forecasting] Fitting electricity (core)
2026-09-04 02:54:08 | INFO     | energy_stress.tft | [TFT electricity] validation: MAE=15.1208, RMSE=15.9703
2026-09-04 02:54:19 | INFO     | energy_stress.tft | [TFT] Forecast saved → outputs/forecasts_rolling/2024/electricity_growth_pct_forecasts_tft_core.csv
2026-09-04 02:54:19 | INFO     | energy_stress.tft | [TFT/pytorch-forecasting] Fitting electricity (macro)
2026-09-04 02:54:34 | INFO     | energy_stress.tft | [TFT electricity] validation: MAE=16.0002, RMSE=16.9887
2026-09-04 02:54:53 | INFO     | energy_stress.tft | [TFT] Forecast saved → outputs/forecasts_rolling/2024/electricity_growth_pct_forecasts_tft_macro.csv
2026-09-04 02:54:53 | INFO     | energy_stress.forecast_pipeline | 
──────────────────────────────────────────────────
Series: CARBON
──────────────────────────────────────────────────
2026-09-04 02:54:53 | INFO     | energy_stress.forecast_pipeline | [carbon] train=212, test=12, full=224 (through 2024-12-01), actual_target=12 non-null (2025-01-01..2025-12-01)
2026-09-04 02:54:53 | INFO     | energy_stress.sarima | [SARIMA-CORE] Fitting on carbon (train=212 obs)
2026-09-04 02:56:22 | INFO     | energy_stress.sarima | SARIMA best order: (1, 0, 0) × (2, 1, 0, 12)
2026-09-04 02:56:22 | INFO     | energy_stress.sarima | [SARIMA-CORE carbon] validation: MAE=40.6552, RMSE=42.8509, MAPE=248.32%
2026-09-04 02:56:22 | INFO     | energy_stress.sarima | [SARIMA-CORE] Forecast saved → outputs/forecasts_rolling/2024/carbon_growth_pct_forecasts_sarima_core.csv
2026-09-04 02:56:22 | INFO     | energy_stress.sarima | [SARIMA-MACRO] Fitting on carbon (train=212 obs)
2026-09-04 02:57:43 | INFO     | energy_stress.sarima | SARIMA best order: (1, 0, 0) × (2, 1, 0, 12)
2026-09-04 02:57:43 | INFO     | energy_stress.sarima | [SARIMA-MACRO] Using exogenous: ['inflation_growth_lag1', 'weather_volatility_lag1', 'gdp_growth_lag1']
2026-09-04 02:57:44 | INFO     | energy_stress.sarima | [SARIMA-MACRO carbon] validation: MAE=41.2226, RMSE=43.3876, MAPE=255.70%
2026-09-04 02:57:46 | INFO     | energy_stress.sarima | [SARIMA-MACRO] Forecast saved → outputs/forecasts_rolling/2024/carbon_growth_pct_forecasts_sarima_macro.csv
2026-09-04 02:57:46 | INFO     | energy_stress.prophet | [Prophet-CORE] Fitting on carbon (train=212 obs, regressors=False, cps=0.01, sps=10.0, reg_ps=n/a, seasonality=additive)
2026-09-04 02:57:46 | INFO     | energy_stress.prophet | [Prophet-CORE carbon] validation: MAE=42.2579, RMSE=44.6403
2026-09-04 02:57:46 | INFO     | energy_stress.prophet | [Prophet-CORE] Forecast saved → outputs/forecasts_rolling/2024/carbon_growth_pct_forecasts_prophet_core.csv
2026-09-04 02:57:46 | INFO     | energy_stress.prophet | [Prophet-MACRO] Fitting on carbon (train=212 obs, regressors=True, cps=0.01, sps=10.0, reg_ps=0.1, seasonality=additive)
2026-09-04 02:57:46 | INFO     | energy_stress.prophet | [Prophet-MACRO carbon] validation: MAE=57.3349, RMSE=59.0475
2026-09-04 02:57:46 | INFO     | energy_stress.prophet | [Prophet-MACRO] Forecast saved → outputs/forecasts_rolling/2024/carbon_growth_pct_forecasts_prophet_macro.csv
2026-09-04 02:57:46 | INFO     | energy_stress.lstm | [LSTM-CORE] Training on carbon | train=2006-05-01→2023-12-01 (212 obs), test=2024-01-01→2024-12-01 (12 obs), use_macro=False, lookback=12, dropout=0.2, lr=0.001, units=(128,64), macro_feature_set=lstm
2026-09-04 02:58:26 | INFO     | energy_stress.lstm | [LSTM-CORE carbon] validation: MAE=13.3966, RMSE=18.1700
2026-09-04 03:00:00 | INFO     | energy_stress.lstm | [LSTM-CORE] Forecast saved → outputs/forecasts_rolling/2024/carbon_growth_pct_forecasts_lstm_core.csv
2026-09-04 03:00:00 | INFO     | energy_stress.lstm | [LSTM-CORE] Model saved → outputs/models
2026-09-04 03:00:00 | INFO     | energy_stress.lstm | [LSTM-MACRO] Training on carbon | train=2006-05-01→2023-12-01 (212 obs), test=2024-01-01→2024-12-01 (12 obs), use_macro=True, lookback=12, dropout=0.2, lr=0.001, units=(128,64), macro_feature_set=lstm
2026-09-04 03:00:43 | INFO     | energy_stress.lstm | [LSTM-MACRO carbon] validation: MAE=16.5945, RMSE=19.5510
2026-09-04 03:02:09 | INFO     | energy_stress.lstm | [LSTM-MACRO] Forecast saved → outputs/forecasts_rolling/2024/carbon_growth_pct_forecasts_lstm_macro.csv
2026-09-04 03:02:09 | INFO     | energy_stress.lstm | [LSTM-MACRO] Model saved → outputs/models
2026-09-04 03:02:09 | INFO     | energy_stress.tft | [TFT/pytorch-forecasting] Fitting carbon (core)
2026-09-04 03:02:19 | INFO     | energy_stress.tft | [TFT carbon] validation: MAE=30.3989, RMSE=32.1103
2026-09-04 03:02:30 | INFO     | energy_stress.tft | [TFT] Forecast saved → outputs/forecasts_rolling/2024/carbon_growth_pct_forecasts_tft_core.csv
2026-09-04 03:02:30 | INFO     | energy_stress.tft | [TFT/pytorch-forecasting] Fitting carbon (macro)
2026-09-04 03:02:45 | INFO     | energy_stress.tft | [TFT carbon] validation: MAE=26.3990, RMSE=29.2320
2026-09-04 03:03:00 | INFO     | energy_stress.tft | [TFT] Forecast saved → outputs/forecasts_rolling/2024/carbon_growth_pct_forecasts_tft_macro.csv
2026-09-04 03:03:00 | DEBUG    | energy_stress.model_evaluation | Loaded outputs/forecasts_rolling/2024/gas_growth_pct_forecasts_sarima_core.csv (12 rows)
2026-09-04 03:03:00 | DEBUG    | energy_stress.model_evaluation | Loaded outputs/forecasts_rolling/2024/gas_growth_pct_forecasts_sarima_macro.csv (12 rows)
2026-09-04 03:03:00 | DEBUG    | energy_stress.model_evaluation | Loaded outputs/forecasts_rolling/2024/gas_growth_pct_forecasts_prophet_core.csv (12 rows)
2026-09-04 03:03:00 | DEBUG    | energy_stress.model_evaluation | Loaded outputs/forecasts_rolling/2024/gas_growth_pct_forecasts_prophet_macro.csv (12 rows)
2026-09-04 03:03:00 | DEBUG    | energy_stress.model_evaluation | Loaded outputs/forecasts_rolling/2024/gas_growth_pct_forecasts_lstm_core.csv (12 rows)
2026-09-04 03:03:00 | DEBUG    | energy_stress.model_evaluation | Loaded outputs/forecasts_rolling/2024/gas_growth_pct_forecasts_lstm_macro.csv (12 rows)
2026-09-04 03:03:00 | DEBUG    | energy_stress.model_evaluation | Loaded outputs/forecasts_rolling/2024/gas_growth_pct_forecasts_tft_core.csv (12 rows)
2026-09-04 03:03:00 | DEBUG    | energy_stress.model_evaluation | Loaded outputs/forecasts_rolling/2024/gas_growth_pct_forecasts_tft_macro.csv (12 rows)
2026-09-04 03:03:00 | INFO     | energy_stress.model_evaluation | Combined forecasts (96 rows) → outputs/forecasts_rolling/2024/gas_growth_pct_forecasts_all.csv
2026-09-04 03:03:00 | INFO     | energy_stress.model_evaluation |   core combined → outputs/forecasts_rolling/2024/gas_growth_pct_forecasts_core.csv
2026-09-04 03:03:00 | INFO     | energy_stress.model_evaluation |   macro combined → outputs/forecasts_rolling/2024/gas_growth_pct_forecasts_macro.csv
2026-09-04 03:03:00 | DEBUG    | energy_stress.model_evaluation | Loaded outputs/forecasts_rolling/2024/electricity_growth_pct_forecasts_sarima_core.csv (12 rows)
2026-09-04 03:03:00 | DEBUG    | energy_stress.model_evaluation | Loaded outputs/forecasts_rolling/2024/electricity_growth_pct_forecasts_sarima_macro.csv (12 rows)
2026-09-04 03:03:00 | DEBUG    | energy_stress.model_evaluation | Loaded outputs/forecasts_rolling/2024/electricity_growth_pct_forecasts_prophet_core.csv (12 rows)
2026-09-04 03:03:00 | DEBUG    | energy_stress.model_evaluation | Loaded outputs/forecasts_rolling/2024/electricity_growth_pct_forecasts_prophet_macro.csv (12 rows)
2026-09-04 03:03:00 | DEBUG    | energy_stress.model_evaluation | Loaded outputs/forecasts_rolling/2024/electricity_growth_pct_forecasts_lstm_core.csv (12 rows)
2026-09-04 03:03:00 | DEBUG    | energy_stress.model_evaluation | Loaded outputs/forecasts_rolling/2024/electricity_growth_pct_forecasts_lstm_macro.csv (12 rows)
2026-09-04 03:03:00 | DEBUG    | energy_stress.model_evaluation | Loaded outputs/forecasts_rolling/2024/electricity_growth_pct_forecasts_tft_core.csv (12 rows)
2026-09-04 03:03:00 | DEBUG    | energy_stress.model_evaluation | Loaded outputs/forecasts_rolling/2024/electricity_growth_pct_forecasts_tft_macro.csv (12 rows)
2026-09-04 03:03:00 | INFO     | energy_stress.model_evaluation | Combined forecasts (96 rows) → outputs/forecasts_rolling/2024/electricity_growth_pct_forecasts_all.csv
2026-09-04 03:03:00 | INFO     | energy_stress.model_evaluation |   core combined → outputs/forecasts_rolling/2024/electricity_growth_pct_forecasts_core.csv
2026-09-04 03:03:00 | INFO     | energy_stress.model_evaluation |   macro combined → outputs/forecasts_rolling/2024/electricity_growth_pct_forecasts_macro.csv
2026-09-04 03:03:00 | DEBUG    | energy_stress.model_evaluation | Loaded outputs/forecasts_rolling/2024/carbon_growth_pct_forecasts_sarima_core.csv (12 rows)
2026-09-04 03:03:00 | DEBUG    | energy_stress.model_evaluation | Loaded outputs/forecasts_rolling/2024/carbon_growth_pct_forecasts_sarima_macro.csv (12 rows)
2026-09-04 03:03:00 | DEBUG    | energy_stress.model_evaluation | Loaded outputs/forecasts_rolling/2024/carbon_growth_pct_forecasts_prophet_core.csv (12 rows)
2026-09-04 03:03:00 | DEBUG    | energy_stress.model_evaluation | Loaded outputs/forecasts_rolling/2024/carbon_growth_pct_forecasts_prophet_macro.csv (12 rows)
2026-09-04 03:03:00 | DEBUG    | energy_stress.model_evaluation | Loaded outputs/forecasts_rolling/2024/carbon_growth_pct_forecasts_lstm_core.csv (12 rows)
2026-09-04 03:03:00 | DEBUG    | energy_stress.model_evaluation | Loaded outputs/forecasts_rolling/2024/carbon_growth_pct_forecasts_lstm_macro.csv (12 rows)
2026-09-04 03:03:00 | DEBUG    | energy_stress.model_evaluation | Loaded outputs/forecasts_rolling/2024/carbon_growth_pct_forecasts_tft_core.csv (12 rows)
2026-09-04 03:03:00 | DEBUG    | energy_stress.model_evaluation | Loaded outputs/forecasts_rolling/2024/carbon_growth_pct_forecasts_tft_macro.csv (12 rows)
2026-09-04 03:03:00 | INFO     | energy_stress.model_evaluation | Combined forecasts (96 rows) → outputs/forecasts_rolling/2024/carbon_growth_pct_forecasts_all.csv
2026-09-04 03:03:00 | INFO     | energy_stress.model_evaluation |   core combined → outputs/forecasts_rolling/2024/carbon_growth_pct_forecasts_core.csv
2026-09-04 03:03:00 | INFO     | energy_stress.model_evaluation |   macro combined → outputs/forecasts_rolling/2024/carbon_growth_pct_forecasts_macro.csv
2026-09-04 03:03:00 | INFO     | energy_stress.model_evaluation | Evaluating 24 model results across all series and modes
2026-09-04 03:03:00 | INFO     | energy_stress.model_evaluation | Best model [carbon][core]: LSTM (selection_score=1.350)
2026-09-04 03:03:00 | INFO     | energy_stress.model_evaluation | Best model [carbon][macro]: LSTM (selection_score=1.450)
2026-09-04 03:03:00 | INFO     | energy_stress.model_evaluation | Best model [electricity][core]: LSTM (selection_score=1.425)
2026-09-04 03:03:00 | INFO     | energy_stress.model_evaluation | Best model [electricity][macro]: LSTM (selection_score=1.475)
2026-09-04 03:03:00 | INFO     | energy_stress.model_evaluation | Best model [gas][core]: LSTM (selection_score=1.300)
2026-09-04 03:03:00 | INFO     | energy_stress.model_evaluation | Best model [gas][macro]: SARIMA (selection_score=1.025)
2026-09-04 03:03:00 | INFO     | energy_stress.model_evaluation | Metrics table saved → outputs/tables/rolling/2024/model_metrics_comparison.csv
2026-09-04 03:03:00 | INFO     | energy_stress.fes | Best models selected:
2026-09-04 03:03:00 | INFO     | energy_stress.fes |   [carbon][core] → LSTM
2026-09-04 03:03:00 | INFO     | energy_stress.fes |   [carbon][macro] → LSTM
2026-09-04 03:03:00 | INFO     | energy_stress.fes |   [electricity][core] → LSTM
2026-09-04 03:03:00 | INFO     | energy_stress.fes |   [electricity][macro] → LSTM
2026-09-04 03:03:00 | INFO     | energy_stress.fes |   [gas][core] → LSTM
2026-09-04 03:03:00 | INFO     | energy_stress.fes |   [gas][macro] → SARIMA
2026-09-04 03:03:00 | INFO     | energy_stress.fes | Per-series mode selected for FES_selected (metric per series/mode: {('gas', 'core'): 'RMSE', ('gas', 'macro'): 'RMSE', ('electricity', 'core'): 'RMSE', ('electricity', 'macro'): 'RMSE', ('carbon', 'core'): 'RMSE', ('carbon', 'macro'): 'RMSE'}): {'gas': 'core', 'electricity': 'core', 'carbon': 'core'}
2026-09-04 03:03:00 | INFO     | energy_stress.fes | FES_Weighted series weights (inverse validation-RMSE, normalized to mean 1.0): {'gas': 1.3999203164409932, 'electricity': 0.9667165976502746, 'carbon': 0.6333630859087321}
2026-09-04 03:03:00 | INFO     | energy_stress.fes | [gas] train μ=9.8469, σ=30.5843 | unc_ref μ=10.8311, σ=13.4077
2026-09-04 03:03:00 | INFO     | energy_stress.fes | [electricity] train μ=8.1601, σ=15.8659 | unc_ref μ=6.2370, σ=6.3254
2026-09-04 03:03:00 | INFO     | energy_stress.fes | [carbon] train μ=5.7961, σ=154.2487 | unc_ref μ=60.7339, σ=97.7137
2026-09-04 03:03:00 | INFO     | energy_stress.fes | [actual real-vol] train μ=0.4649, σ=0.4370
2026-09-04 03:03:01 | INFO     | energy_stress.fes | Monthly FES saved → outputs/fes/rolling/2024/fes_monthly_2025.csv
2026-09-04 03:03:01 | INFO     | energy_stress.fes | [gas] train μ=11.7698, σ=30.2056 | unc_ref μ=10.1990, σ=12.9773
2026-09-04 03:03:01 | INFO     | energy_stress.fes | [electricity] train μ=9.4676, σ=15.2322 | unc_ref μ=5.9154, σ=6.1036
2026-09-04 03:03:01 | INFO     | energy_stress.fes | [carbon] train μ=7.4441, σ=158.3806 | unc_ref μ=63.1782, σ=99.9694
2026-09-04 03:03:01 | INFO     | energy_stress.fes | [actual real-vol] train μ=0.4702, σ=0.4354
2026-09-04 03:03:01 | INFO     | energy_stress.fes | FES_actual, prior year 2024 (baseline for FES_selected's 2025 forecast): mean=-2.69529 -> outputs/fes/rolling/2024/fes_prior_actual_2024.csv
2026-09-04 03:03:01 | INFO     | energy_stress.fes | FES comparison metrics saved → outputs/fes/rolling/2024/fes_comparison_metrics.csv  (12 rows)
2026-09-04 03:03:01 | INFO     | energy_stress.fes | Best RMSE per variant:
FES_variant
Equal_Core        1.54997
Equal_Macro       1.77535
Equal_Selected    1.54997
Equal_Weighted    1.66612
2026-09-04 03:03:01 | INFO     | energy_stress.forecast_pipeline | Rolling FES table saved → outputs/fes/fes_rolling_yearly.csv (16 years)
2026-09-04 03:03:01 | INFO     | energy_stress.forecast_pipeline | Rolling monthly FES table saved → outputs/fes/fes_rolling_monthly.csv (192 year x month rows)
2026-09-04 03:03:01 | INFO     | energy_stress.forecast_pipeline | FES variant selection (mean RMSE across 16 years x benchmarks): [{'FES_variant': 'Equal_Macro', 'mean_rmse': 2.749046041666667}, {'FES_variant': 'Equal_Weighted', 'mean_rmse': 2.789947708333333}, {'FES_variant': 'Equal_Selected', 'mean_rmse': 2.9404785416666663}, {'FES_variant': 'Equal_Core', 'mean_rmse': 3.235837083333333}] -- winner = Equal_Macro (fes_macro), saved -> outputs/fes/fes_variant_selection.csv
2026-09-04 03:03:01 | INFO     | energy_stress.forecast_pipeline | Selected FES variant (Equal_Macro) RMSE/Pearson r by year saved -> outputs/fes/fes_metrics_selected_variant_by_year.csv (16 years)
2026-09-04 03:03:01 | INFO     | energy_stress.forecast_pipeline | Rolling FES trend figure saved → outputs/figures/fes_rolling_trend.png
2026-09-04 03:03:01 | INFO     | energy_stress.forecast_pipeline | Forecast performance-by-year figure saved → outputs/figures/rolling_forecast_performance_gas.png
2026-09-04 03:03:02 | INFO     | energy_stress.forecast_pipeline | Forecast performance-by-year figure saved → outputs/figures/rolling_forecast_performance_electricity.png
2026-09-04 03:03:02 | INFO     | energy_stress.forecast_pipeline | Forecast performance-by-year figure saved → outputs/figures/rolling_forecast_performance_carbon.png
2026-09-04 03:03:03 | INFO     | energy_stress.plotting | Figure saved → outputs/figures/model_selection_polar_core.png
2026-09-04 03:03:03 | INFO     | energy_stress.forecast_pipeline | Rolling performance polar chart saved → outputs/figures/model_selection_polar_core.png (3 series)
2026-09-04 03:03:04 | INFO     | energy_stress.plotting | Figure saved → outputs/figures/model_selection_polar_macro.png
2026-09-04 03:03:04 | INFO     | energy_stress.forecast_pipeline | Rolling performance polar chart saved → outputs/figures/model_selection_polar_macro.png (3 series)
2026-09-04 03:03:11 | INFO     | energy_stress.household_stream | ========================================
2026-09-04 03:03:11 | INFO     | energy_stress.household_stream | STAGE 2a: Build UKHLS household-wave panel (15 waves, fuel-to-income target, realised price context)
2026-09-04 03:03:11 | INFO     | energy_stress.household_stream | ========================================
2026-09-04 03:03:11 | INFO     | energy_stress.ukhls_preprocessing | Building UKHLS household-wave panel (waves: ['a', 'b', 'c', 'd', 'e', 'f', 'g', 'h', 'i', 'j', 'k', 'l', 'm', 'n', 'o'])
2026-09-04 03:03:11 | DEBUG    | energy_stress.ukhls_preprocessing | wave a hhresp: 11 requested vars absent (['a_carval', 'a_duelpay', 'a_elecpay', 'a_htpmp', 'a_inoutflows1'])
2026-09-04 03:03:15 | INFO     | energy_stress.ukhls_preprocessing | wave a: 50994 respondents -> 30035 households (individual aggregation)
2026-09-04 03:03:16 | DEBUG    | energy_stress.ukhls_preprocessing | wave b hhresp: 10 requested vars absent (['b_duelpay', 'b_elecpay', 'b_htpmp', 'b_inoutflows1', 'b_inoutflows10'])
2026-09-04 03:03:19 | INFO     | energy_stress.ukhls_preprocessing | wave b: 54568 respondents -> 30453 households (individual aggregation)
2026-09-04 03:03:21 | DEBUG    | energy_stress.ukhls_preprocessing | wave c hhresp: 8 requested vars absent (['c_htpmp', 'c_inoutflows1', 'c_inoutflows10', 'c_inoutflows12', 'c_inoutflows2'])
2026-09-04 03:03:25 | INFO     | energy_stress.ukhls_preprocessing | wave c: 49692 respondents -> 27704 households (individual aggregation)
2026-09-04 03:03:29 | DEBUG    | energy_stress.ukhls_preprocessing | wave d hhresp: 8 requested vars absent (['d_htpmp', 'd_inoutflows1', 'd_inoutflows10', 'd_inoutflows12', 'd_inoutflows2'])
2026-09-04 03:03:30 | INFO     | energy_stress.ukhls_preprocessing | wave d: 47074 respondents -> 25774 households (individual aggregation)
2026-09-04 03:03:32 | DEBUG    | energy_stress.ukhls_preprocessing | wave e hhresp: 8 requested vars absent (['e_htpmp', 'e_inoutflows1', 'e_inoutflows10', 'e_inoutflows12', 'e_inoutflows2'])
2026-09-04 03:03:35 | INFO     | energy_stress.ukhls_preprocessing | wave e: 44837 respondents -> 24288 households (individual aggregation)
2026-09-04 03:03:37 | DEBUG    | energy_stress.ukhls_preprocessing | wave f hhresp: 7 requested vars absent (['f_htpmp', 'f_inoutflows1', 'f_inoutflows10', 'f_inoutflows12', 'f_inoutflows2'])
2026-09-04 03:03:40 | INFO     | energy_stress.ukhls_preprocessing | wave f: 45192 respondents -> 24811 households (individual aggregation)
2026-09-04 03:03:42 | DEBUG    | energy_stress.ukhls_preprocessing | wave g hhresp: 7 requested vars absent (['g_htpmp', 'g_inoutflows1', 'g_inoutflows10', 'g_inoutflows12', 'g_inoutflows2'])
2026-09-04 03:03:45 | INFO     | energy_stress.ukhls_preprocessing | wave g: 42170 respondents -> 23159 households (individual aggregation)
2026-09-04 03:03:48 | DEBUG    | energy_stress.ukhls_preprocessing | wave h hhresp: 7 requested vars absent (['h_htpmp', 'h_inoutflows1', 'h_inoutflows10', 'h_inoutflows12', 'h_inoutflows2'])
2026-09-04 03:03:50 | INFO     | energy_stress.ukhls_preprocessing | wave h: 39294 respondents -> 21999 households (individual aggregation)
2026-09-04 03:03:52 | DEBUG    | energy_stress.ukhls_preprocessing | wave i hhresp: 7 requested vars absent (['i_htpmp', 'i_inoutflows1', 'i_inoutflows10', 'i_inoutflows12', 'i_inoutflows2'])
2026-09-04 03:03:55 | INFO     | energy_stress.ukhls_preprocessing | wave i: 36058 respondents -> 20511 households (individual aggregation)
2026-09-04 03:03:58 | DEBUG    | energy_stress.ukhls_preprocessing | wave j hhresp: 7 requested vars absent (['j_htpmp', 'j_inoutflows1', 'j_inoutflows10', 'j_inoutflows12', 'j_inoutflows2'])
2026-09-04 03:04:00 | INFO     | energy_stress.ukhls_preprocessing | wave j: 34319 respondents -> 19657 households (individual aggregation)
2026-09-04 03:04:02 | DEBUG    | energy_stress.ukhls_preprocessing | wave k hhresp: 7 requested vars absent (['k_htpmp', 'k_inoutflows1', 'k_inoutflows10', 'k_inoutflows12', 'k_inoutflows2'])
2026-09-04 03:04:05 | INFO     | energy_stress.ukhls_preprocessing | wave k: 32008 respondents -> 18508 households (individual aggregation)
2026-09-04 03:04:08 | DEBUG    | energy_stress.ukhls_preprocessing | wave l hhresp: 7 requested vars absent (['l_htpmp', 'l_inoutflows1', 'l_inoutflows10', 'l_inoutflows12', 'l_inoutflows2'])
2026-09-04 03:04:10 | INFO     | energy_stress.ukhls_preprocessing | wave l: 29271 respondents -> 17302 households (individual aggregation)
2026-09-04 03:04:12 | DEBUG    | energy_stress.ukhls_preprocessing | wave m hhresp: 2 requested vars absent (['m_htpmp', 'm_inoutflows12'])
2026-09-04 03:04:14 | INFO     | energy_stress.ukhls_preprocessing | wave m: 27998 respondents -> 16566 households (individual aggregation)
2026-09-04 03:04:17 | DEBUG    | energy_stress.ukhls_preprocessing | wave n hhresp: 2 requested vars absent (['n_htpmp', 'n_inoutflows12'])
2026-09-04 03:04:20 | INFO     | energy_stress.ukhls_preprocessing | wave n: 35471 respondents -> 21920 households (individual aggregation)
2026-09-04 03:04:27 | INFO     | energy_stress.ukhls_preprocessing | wave o: 32849 respondents -> 19719 households (individual aggregation)
2026-09-04 03:04:30 | INFO     | energy_stress.ukhls_preprocessing | Full panel: 339201 household-wave rows across 15 waves
2026-09-04 03:04:30 | INFO     | energy_stress.ukhls_preprocessing | fuel_to_income_ratio: capping 85 rows (0.03%) at 1.0 (uncapped max was 3.0)
2026-09-04 03:04:30 | INFO     | energy_stress.ukhls_preprocessing | fuel_to_income_ratio: 255324/339201 valid (75.3%)
2026-09-04 03:04:30 | INFO     | energy_stress.ukhls_preprocessing | high_fuel_vulnerable (ratio>=10%): 20258/255324 (7.9%)
2026-09-04 03:04:30 | INFO     | energy_stress.ukhls_preprocessing | fuel_to_income_ratio_equivalised: 255125/339201 valid (75.2%)
2026-09-04 03:04:30 | INFO     | energy_stress.ukhls_preprocessing | Core price series covers 2006-2026 (monthly resolution)
2026-09-04 03:04:34 | INFO     | energy_stress.ukhls_preprocessing | Price context: 339201/339201 rows matched at month resolution, 0 additional rows fell back to their interview year's annual mean
2026-09-04 03:04:36 | INFO     | energy_stress.ukhls_preprocessing | FES magnitude: rolling walk-forward MONTHLY table (fes_rolling_monthly.csv, column=fes_macro, 339201/339201 rows matched at (year, month) resolution, 0 additional rows fell back to their interview year's annual mean, 339201/339201 total matched)
2026-09-04 03:04:36 | INFO     | energy_stress.ukhls_preprocessing | FES actual, prior year baseline attached from fes_prior_actual_2024.csv: mean=-2.6953
2026-09-04 03:04:36 | INFO     | energy_stress.ukhls_preprocessing | FES magnitude range [-5.2120, 9.2546] (unique values=192) | fes_current range [-3.6966, 8.0355] | fes_delta range [-7.2807, 4.3211] (339201/339201 rows valid) | fes_actual_prior_year=-2.6953
2026-09-04 03:04:55 | INFO     | energy_stress.ukhls_preprocessing | Saved UKHLS panel: ukhls_panel.csv (339201 rows, 83 columns)
2026-09-04 03:04:55 | INFO     | energy_stress.household_stream | Stage 2a complete — 339201 household-wave rows, 83 columns
2026-09-04 03:04:55 | INFO     | energy_stress.household_stream | ========================================
2026-09-04 03:04:55 | INFO     | energy_stress.household_stream | STAGE 2a-overview: Dataset overview (panel composition, missingness, key distributions)
2026-09-04 03:04:55 | INFO     | energy_stress.household_stream | ========================================
2026-09-04 03:04:55 | INFO     | energy_stress.ukhls_dataset_overview | Dataset overview: panel composition, missingness, key distributions...
2026-09-04 03:04:55 | INFO     | energy_stress.ukhls_dataset_overview | Saved dataset_rows_by_wave.csv
2026-09-04 03:04:56 | INFO     | energy_stress.ukhls_dataset_overview | Saved figure dataset_panel_composition.png
2026-09-04 03:04:58 | INFO     | energy_stress.ukhls_dataset_overview | Saved dataset_rows_by_region.csv
2026-09-04 03:04:58 | INFO     | energy_stress.ukhls_geo_maps | Saved choropleth dataset_sample_size_by_region (12/12 regions matched)
2026-09-04 03:05:00 | INFO     | energy_stress.ukhls_dataset_overview | Saved dataset_rows_by_year.csv
2026-09-04 03:05:01 | INFO     | energy_stress.ukhls_dataset_overview | Saved figure dataset_rows_by_year.png
2026-09-04 03:05:01 | INFO     | energy_stress.ukhls_dataset_overview | Saved dataset_missingness_by_variable.csv
2026-09-04 03:05:01 | INFO     | energy_stress.ukhls_dataset_overview | Saved figure dataset_missingness.png
2026-09-04 03:05:03 | INFO     | energy_stress.ukhls_dataset_overview | Saved figure dataset_key_distributions.png
2026-09-04 03:05:03 | INFO     | energy_stress.ukhls_dataset_overview | Dataset overview figures saved -> /home/mohsen/project/anticipatory-energy-stress/outputs/ukhls_dataset_overview/figures
2026-09-04 03:05:03 | INFO     | energy_stress.household_stream | ========================================
2026-09-04 03:05:03 | INFO     | energy_stress.household_stream | STAGE 2b: COR-SEM (Object/Condition/Personal/Energy -> Baseline Resource Stock -> FES moderation)
2026-09-04 03:05:03 | INFO     | energy_stress.household_stream | ========================================
2026-09-04 03:05:07 | INFO     | energy_stress.ukhls_cor_sem | COR-SEM measurement spec:
OBJECT =~ hsrooms + hsbeds + ncars + carval + hsval
CONDITION =~ tenure_security + jbstat_security + bill_security
PERSONAL =~ health_good + sf1_good + qfhigh_band
ENERGY =~ fihhmnnet1_dv + fiyrinvinc_dv
2026-09-04 03:05:07 | INFO     | energy_stress.ukhls_cor_sem | Fitting via FIML (handles structural missingness on hsval/carval/inoutflows*) — n=339201 rows, 13 indicators
2026-09-04 03:05:07 | WARNING  | energy_stress.ukhls_cor_sem | Dropping 1 row(s) with no observed values across any of the 13 CFA indicators before FIML fit -- these carry zero information for FIML and otherwise degenerate into a 0x0 per-pattern covariance submatrix (semopy repeatedly logs 'DPOTRI ... illegal value' from LAPACK, once per optimizer iteration, without affecting the fit).
2026-09-04 03:05:33 | INFO     | energy_stress.ukhls_cor_sem | Saved cor_sem_measurement_loadings.csv
2026-09-04 03:05:38 | INFO     | energy_stress.ukhls_cor_sem | Saved cor_sem_fit_indices.csv
2026-09-04 03:05:38 | INFO     | energy_stress.ukhls_cor_sem | COR-SEM fit: CFI=-0.42574 TLI=-0.88488 RMSEA=0.0 SRMR=0.07858 (DoF=59.0)
2026-09-04 03:05:38 | WARNING  | energy_stress.ukhls_cor_sem | CFI/TLI outside [0,1] — this is a known semopy FIML fit-statistic computation limitation (verified against a complete-case MLW comparison, see module docstring), not evidence of measurement-model misspecification. Read the loadings and the FES-moderation test as the primary evidence.
2026-09-04 03:05:39 | INFO     | energy_stress.ukhls_cor_sem | Saved figure cor_sem_loadings.png
2026-09-04 03:05:40 | INFO     | energy_stress.plotting | Figure saved → /home/mohsen/project/anticipatory-energy-stress/outputs/ukhls_cor_sem/figures/cor_sem_loadings_polar.png
2026-09-04 03:06:15 | INFO     | energy_stress.ukhls_cor_sem | Saved structural_paths_baseline.csv
2026-09-04 03:06:15 | INFO     | energy_stress.ukhls_cor_sem | Saved structural_fit_indices_baseline.csv
2026-09-04 03:06:15 | INFO     | energy_stress.ukhls_cor_sem | Saved figure structural_paths_baseline.png
2026-09-04 03:06:18 | INFO     | energy_stress.sem_mediation | [OLS COR-SEM: BASELINE x FES Delta -> fuel_to_income_ratio] R²=0.136  n=255324
2026-09-04 03:06:18 | INFO     | energy_stress.ukhls_cor_sem | Saved fes_moderation_path.csv
2026-09-04 03:06:18 | INFO     | energy_stress.ukhls_cor_sem | FES moderation: baseline_x_fes coef=-0.00074 p=0.0000 -> CONSISTENT with COR (expected: negative & significant)
2026-09-04 03:06:20 | INFO     | energy_stress.ukhls_cor_sem | Saved COR-SEM factor scores: 339201 rows
2026-09-04 03:06:20 | INFO     | energy_stress.ukhls_cor_sem | COR-SEM (Stage 2b) complete.
2026-09-04 03:06:20 | INFO     | energy_stress.household_stream | Stage 2b scores: ['object_score', 'condition_score', 'personal_score', 'energy_score', 'baseline_resource_score']
2026-09-04 03:06:20 | INFO     | energy_stress.household_stream | ========================================
2026-09-04 03:06:20 | INFO     | energy_stress.household_stream | STAGE 2c: FES-conditioned COR-CVAE (COR-aligned latent space, counterfactual FES scenario query)
2026-09-04 03:06:20 | INFO     | energy_stress.household_stream | ========================================
2026-09-04 03:06:22 | INFO     | energy_stress.ukhls_cor_cvae | Median-imputing 495751 missing item values for CVAE input (SEM handles this natively via FIML; the VAE needs a complete numeric matrix)
2026-09-04 03:06:23 | INFO     | energy_stress.ukhls_cor_cvae | Stage 2c (CVAE) input: n=253913 complete-case rows (253913 households), 13 items -- 203130 train rows / 50783 val rows, split by household
2026-09-04 03:06:23 | INFO     | energy_stress.ukhls_cor_cvae | Training FES-conditioned COR-CVAE (n=253913, epochs<=300)...
2026-09-04 03:07:53 | INFO     | energy_stress.ukhls_cor_cvae | CVAE trained (300 epochs) | recon_MSE=0.99285  KL=0.12179  align_loss=0.23898  BCE=0.35702
2026-09-04 03:07:54 | INFO     | energy_stress.ukhls_cor_cvae | Saved figure cvae_training_curves.png
2026-09-04 03:07:54 | INFO     | energy_stress.ukhls_cor_cvae | Saved cvae_training_history.csv
2026-09-04 03:07:54 | INFO     | energy_stress.ukhls_cor_cvae | Saved cvae_sem_alignment.csv
2026-09-04 03:07:55 | INFO     | energy_stress.ukhls_cor_cvae | Saved figure cvae_sem_alignment_heatmap.png
2026-09-04 03:07:55 | INFO     | energy_stress.plotting | Figure saved → /home/mohsen/project/anticipatory-energy-stress/outputs/ukhls_cor_cvae/figures/cvae_alignment_polar.png
2026-09-04 03:07:55 | INFO     | energy_stress.ukhls_cor_cvae | CVAE-SEM alignment: mean |r| = 0.522 (bar: >=0.40)
2026-09-04 03:07:57 | INFO     | energy_stress.ukhls_cor_cvae | Saved cvae_counterfactual_fes_shift.csv
2026-09-04 03:07:57 | INFO     | energy_stress.ukhls_cor_cvae | Counterfactual FES shift (each household's own fes_current -> its own wave's fes_magnitude, mean=-0.410): mean prob shift=-0.0000, mean distance-from-resilient shift=0.0003 -- SIMULATION on the trained model, not an observation.
2026-09-04 03:07:59 | INFO     | energy_stress.ukhls_cor_cvae | Saved Stage 2c CVAE latent scores: 253913 rows
2026-09-04 03:07:59 | INFO     | energy_stress.ukhls_cor_cvae | Stage 2c (FES-conditioned COR-CVAE) complete.
2026-09-04 03:07:59 | INFO     | energy_stress.household_stream | Stage 2c scores: ['cvae_object_z', 'cvae_condition_z', 'cvae_personal_z', 'cvae_energy_z']
2026-09-04 03:07:59 | INFO     | energy_stress.household_stream | ========================================
2026-09-04 03:07:59 | INFO     | energy_stress.household_stream | STAGE 3: Vulnerability identification (fuzzy c-means + one-class SVM, driver analysis, policy figures)
2026-09-04 03:07:59 | INFO     | energy_stress.household_stream | ========================================
2026-09-04 03:08:06 | INFO     | energy_stress.ukhls_vulnerability_classification | Stage 3: fuzzy c-means...
2026-09-04 03:08:13 | INFO     | energy_stress.ukhls_vulnerability_classification | Fuzzy c-means fit: FPC (partition coefficient) = 0.4562 (n=253913, c=3)
2026-09-04 03:08:13 | INFO     | energy_stress.ukhls_vulnerability_classification | Cluster identification (corr with fuel_to_income_ratio): {'cluster_0': np.float64(0.2609033577393122), 'cluster_1': np.float64(-0.2468386476261669), 'cluster_2': np.float64(-0.032753259992281125)} -> depleted=cluster_0 (r=0.261), resilient=cluster_1 (r=-0.247)
2026-09-04 03:08:13 | INFO     | energy_stress.ukhls_vulnerability_classification | Stage 3: one-class SVM...
2026-09-04 03:08:13 | INFO     | energy_stress.ukhls_vulnerability_classification | One-Class SVM reference group: n=63479 resilient households (ratio<=0.0229, P25)
2026-09-04 03:09:06 | INFO     | energy_stress.ukhls_vulnerability_classification | Stage 3: driver analysis (logistic regression)...
2026-09-04 03:09:10 | INFO     | energy_stress.ukhls_vulnerability_classification | Saved driver_analysis_logistic_regression.csv
2026-09-04 03:09:10 | INFO     | energy_stress.ukhls_vulnerability_classification | Driver analysis (logistic regression, n=103621, pseudo-R2=0.1485):
             predictor     coef  odds_ratio  std_err  p_value  significant      n
financial_strain_score  1.91596      6.7934  0.10376   0.0000         True 103621
          large_family  0.51796      1.6786  0.06206   0.0000         True 103621
       tenure_security  0.44514      1.5607  0.06186   0.0000         True 103621
           health_good  0.31976      1.3768  0.03316   0.0000         True 103621
                hsbeds  0.28439      1.3289  0.01490   0.0000         True 103621
    workless_household  0.20549      1.2281  0.04476   0.0000         True 103621
           lone_parent  0.20073      1.2223  0.04174   0.0000         True 103621
               hsrooms  0.09912      1.1042  0.01195   0.0000         True 103621
                 dvage -0.00638      0.9936  0.00112   0.0000         True 103621
             fes_delta -0.06388      0.9381  0.00827   0.0000         True 103621
                heatch -0.07620      0.9266  0.05381   0.1567        False 103621
                 ncars -0.18880      0.8280  0.01435   0.0000         True 103621
              sf1_good -0.19017      0.8268  0.05521   0.0006         True 103621
         bill_security -0.24549      0.7823  0.07400   0.0009         True 103621
           qfhigh_band -0.69321      0.5000  0.03615   0.0000         True 103621
           ieqmoecd_dv -1.28814      0.2758  0.03320   0.0000         True 103621
       jbstat_security -1.81354      0.1631  0.06494   0.0000         True 103621
2026-09-04 03:09:10 | INFO     | energy_stress.ukhls_vulnerability_classification | Stage 3: validating against the objective fuel_to_income_ratio...
2026-09-04 03:09:11 | INFO     | energy_stress.ukhls_vulnerability_classification | Saved stage3_validation_against_objective_ratio.csv
2026-09-04 03:09:11 | INFO     | energy_stress.ukhls_vulnerability_classification | Stage 3 validation (vs. objective fuel_to_income_ratio):
                 method      n  pearson_r_vs_ratio  spearman_r_vs_ratio  auc_vs_high_fuel_vulnerable
fuzzy_resource_depleted 253913              0.2609               0.3678                       0.7441
 oneclass_anomaly_score 253913              0.1728               0.1326                       0.6195
2026-09-04 03:09:11 | INFO     | energy_stress.ukhls_vulnerability_classification | Stage 3: equivalisation robustness check...
2026-09-04 03:09:11 | INFO     | energy_stress.ukhls_vulnerability_classification | Saved equivalisation_robustness_check_correlations.csv
2026-09-04 03:09:11 | INFO     | energy_stress.ukhls_vulnerability_classification | Saved equivalisation_robustness_check_flips_by_hhsize.csv
2026-09-04 03:09:11 | INFO     | energy_stress.ukhls_vulnerability_classification | Saved figure equivalisation_robustness_check_flips_by_hhsize.png
2026-09-04 03:09:11 | INFO     | energy_stress.ukhls_vulnerability_classification | Equivalisation robustness check: correlations=[{'method': 'fuzzy_resource_depleted', 'n': 253716, 'pearson_r_vs_equivalised_ratio': 0.208, 'auc_vs_high_fuel_vulnerable_equivalised': 0.6695}, {'method': 'oneclass_anomaly_score', 'n': 253716, 'pearson_r_vs_equivalised_ratio': 0.1505, 'auc_vs_high_fuel_vulnerable_equivalised': 0.552}], flips by household size=[{'hhsize_bucket': '1', 'pct_flipped': 0.0, 'n': 61422}, {'hhsize_bucket': '2', 'pct_flipped': 10.540724752925138, 'n': 88030}, {'hhsize_bucket': '3', 'pct_flipped': 16.600009522449174, 'n': 42006}, {'hhsize_bucket': '4', 'pct_flipped': 22.89697717458359, 'n': 40525}, {'hhsize_bucket': '5+', 'pct_flipped': 42.53305677988074, 'n': 23142}]
2026-09-04 03:09:11 | INFO     | energy_stress.ukhls_vulnerability_classification | Stage 3: policy figures (spread + drivers)...
2026-09-04 03:09:11 | INFO     | energy_stress.ukhls_vulnerability_classification | Saved policy_vulnerability_by_wave.csv
2026-09-04 03:09:12 | INFO     | energy_stress.ukhls_vulnerability_classification | Saved figure policy_vulnerability_by_wave.png
2026-09-04 03:09:13 | INFO     | energy_stress.ukhls_vulnerability_classification | Saved policy_vulnerability_by_region.csv
2026-09-04 03:09:13 | INFO     | energy_stress.ukhls_vulnerability_classification | Saved figure policy_vulnerability_by_region.png
2026-09-04 03:09:14 | INFO     | energy_stress.ukhls_vulnerability_classification | Saved policy_vulnerability_by_ethnicity.csv
2026-09-04 03:09:14 | INFO     | energy_stress.ukhls_vulnerability_classification | Saved figure policy_vulnerability_by_ethnicity.png
2026-09-04 03:09:15 | INFO     | energy_stress.ukhls_vulnerability_classification | Saved policy_vulnerability_by_disability.csv
2026-09-04 03:09:15 | INFO     | energy_stress.ukhls_vulnerability_classification | Saved figure policy_vulnerability_by_disability.png
2026-09-04 03:09:17 | INFO     | energy_stress.ukhls_vulnerability_classification | Saved policy_vulnerability_by_tenure.csv
2026-09-04 03:09:18 | INFO     | energy_stress.ukhls_vulnerability_classification | Saved figure policy_vulnerability_by_tenure.png
2026-09-04 03:09:19 | INFO     | energy_stress.ukhls_vulnerability_classification | Saved policy_vulnerability_by_family_composition.csv
2026-09-04 03:09:20 | INFO     | energy_stress.ukhls_vulnerability_classification | Saved figure policy_vulnerability_by_family_composition.png
2026-09-04 03:09:21 | INFO     | energy_stress.ukhls_vulnerability_classification | Saved policy_vulnerability_by_employment.csv
2026-09-04 03:09:21 | INFO     | energy_stress.ukhls_vulnerability_classification | Saved figure policy_vulnerability_by_employment.png
2026-09-04 03:09:22 | INFO     | energy_stress.ukhls_vulnerability_classification | Saved policy_vulnerability_region_year_heatmap.csv
2026-09-04 03:09:22 | INFO     | energy_stress.ukhls_vulnerability_classification | Saved figure policy_vulnerability_region_year_heatmap.png
2026-09-04 03:09:25 | INFO     | energy_stress.ukhls_vulnerability_classification | Saved policy_vulnerability_by_fes_tier.csv
2026-09-04 03:09:25 | INFO     | energy_stress.ukhls_vulnerability_classification | Saved figure policy_vulnerability_by_fes_tier.png
2026-09-04 03:09:25 | INFO     | energy_stress.ukhls_vulnerability_classification | Saved figure policy_driver_odds_ratios.png
2026-09-04 03:09:25 | INFO     | energy_stress.ukhls_vulnerability_classification | Stage 3: real UK region maps (vulnerability, resource, strain)...
2026-09-04 03:09:27 | INFO     | energy_stress.ukhls_geo_maps | Saved choropleth policy_vulnerability_by_region_map (12/12 regions matched)
2026-09-04 03:09:27 | INFO     | energy_stress.ukhls_geo_maps | Saved choropleth policy_map_baseline_resource_by_region (12/12 regions matched)
2026-09-04 03:09:28 | INFO     | energy_stress.ukhls_geo_maps | Saved choropleth policy_map_financial_strain_by_region (12/12 regions matched)
2026-09-04 03:09:28 | INFO     | energy_stress.ukhls_vulnerability_classification | Stage 3: additional policy-analysis angles (temporal change, regional drivers)...
2026-09-04 03:09:30 | INFO     | energy_stress.ukhls_vulnerability_classification | Saved policy_temporal_change_by_region.csv
2026-09-04 03:09:30 | INFO     | energy_stress.ukhls_geo_maps | Saved choropleth policy_temporal_change_map (12/12 regions matched)
2026-09-04 03:09:42 | INFO     | energy_stress.ukhls_vulnerability_classification | Saved driver_analysis_by_region.csv
2026-09-04 03:09:42 | INFO     | energy_stress.ukhls_vulnerability_classification | Saved figure driver_analysis_by_region.png
2026-09-04 03:09:45 | INFO     | energy_stress.ukhls_vulnerability_classification | Saved Stage 3 vulnerability scores: 339201 rows
2026-09-04 03:09:45 | INFO     | energy_stress.ukhls_vulnerability_classification | Stage 3 (vulnerability identification + policy figures) complete.
2026-09-04 03:09:45 | INFO     | energy_stress.household_stream | ========================================
2026-09-04 03:09:45 | INFO     | energy_stress.household_stream | STAGE 4: Policy geography maps (real UK region boundaries: hotspot / fuzzy membership / vulnerability shift)
2026-09-04 03:09:45 | INFO     | energy_stress.household_stream | ========================================
2026-09-04 03:09:45 | INFO     | energy_stress.ukhls_policy_maps | Stage 4: Map 1 (resource-to-stress hotspot)...
2026-09-04 03:09:45 | INFO     | energy_stress.ukhls_policy_maps | Saved map1_resource_stress_hotspot.csv
2026-09-04 03:09:46 | INFO     | energy_stress.ukhls_policy_maps | Saved figure policy_map1_resource_stress_hotspot.png
2026-09-04 03:09:46 | INFO     | energy_stress.ukhls_policy_maps | Stage 4: Map 2 (fuzzy membership)...
2026-09-04 03:09:47 | INFO     | energy_stress.ukhls_geo_maps | Saved choropleth policy_map2_fuzzy_membership (12/12 regions matched)
2026-09-04 03:09:47 | INFO     | energy_stress.ukhls_policy_maps | Stage 4: Map 3 (vulnerability vector shift)...
2026-09-04 03:09:47 | INFO     | energy_stress.ukhls_policy_maps | Saved map3_vulnerability_vector_shift.csv
2026-09-04 03:09:47 | INFO     | energy_stress.ukhls_policy_maps | Saved figure policy_map3_vulnerability_vector_shift.png
2026-09-04 03:09:47 | INFO     | energy_stress.ukhls_policy_maps | Stage 4 (policy geography maps) complete.
2026-09-04 03:09:47 | INFO     | energy_stress.household_stream | ========================================
2026-09-04 03:09:47 | INFO     | energy_stress.household_stream | STAGE 5: Forward vulnerability prediction (hrpid-linked wave transitions, 2009-2024 -> next-year prediction)
2026-09-04 03:09:47 | INFO     | energy_stress.household_stream | ========================================
2026-09-04 03:09:51 | INFO     | energy_stress.ukhls_forward_prediction | Stage 5 features: ['object_score', 'condition_score', 'personal_score', 'energy_score', 'financial_strain_score', 'dvage', 'heatch', 'lone_parent', 'large_family', 'workless_household', 'fes_magnitude']
2026-09-04 03:09:51 | INFO     | energy_stress.ukhls_forward_prediction | Stage 5: building hrpid-linked wave-to-wave transition pairs...
2026-09-04 03:09:51 | INFO     | energy_stress.ukhls_forward_prediction | Transition a->b: 21886/30169 wave-a households linked via hrpid (72.5%)
2026-09-04 03:09:51 | INFO     | energy_stress.ukhls_forward_prediction | Transition b->c: 24404/30484 wave-b households linked via hrpid (80.1%)
2026-09-04 03:09:51 | INFO     | energy_stress.ukhls_forward_prediction | Transition c->d: 22961/27751 wave-c households linked via hrpid (82.7%)
2026-09-04 03:09:52 | INFO     | energy_stress.ukhls_forward_prediction | Transition d->e: 22034/25817 wave-d households linked via hrpid (85.3%)
2026-09-04 03:09:52 | INFO     | energy_stress.ukhls_forward_prediction | Transition e->f: 19771/24325 wave-e households linked via hrpid (81.3%)
2026-09-04 03:09:52 | INFO     | energy_stress.ukhls_forward_prediction | Transition f->g: 20001/24452 wave-f households linked via hrpid (81.8%)
2026-09-04 03:09:52 | INFO     | energy_stress.ukhls_forward_prediction | Transition g->h: 19288/23033 wave-g households linked via hrpid (83.7%)
2026-09-04 03:09:52 | INFO     | energy_stress.ukhls_forward_prediction | Transition h->i: 17954/21746 wave-h households linked via hrpid (82.6%)
2026-09-04 03:09:52 | INFO     | energy_stress.ukhls_forward_prediction | Transition i->j: 17083/20048 wave-i households linked via hrpid (85.2%)
2026-09-04 03:09:52 | INFO     | energy_stress.ukhls_forward_prediction | Transition j->k: 16234/19252 wave-j households linked via hrpid (84.3%)
2026-09-04 03:09:53 | INFO     | energy_stress.ukhls_forward_prediction | Transition k->l: 15021/18139 wave-k households linked via hrpid (82.8%)
2026-09-04 03:09:53 | INFO     | energy_stress.ukhls_forward_prediction | Transition l->m: 14253/16856 wave-l households linked via hrpid (84.6%)
2026-09-04 03:09:53 | INFO     | energy_stress.ukhls_forward_prediction | Transition m->n: 13725/16156 wave-m households linked via hrpid (85.0%)
2026-09-04 03:09:53 | INFO     | energy_stress.ukhls_forward_prediction | Transition n->o: 17144/21385 wave-n households linked via hrpid (80.2%)
2026-09-04 03:09:59 | INFO     | energy_stress.ukhls_forward_prediction | Saved stage5_transition_pairs.csv
2026-09-04 03:09:59 | INFO     | energy_stress.ukhls_forward_prediction | Stage 5: 261759 linked household transition rows across 14 wave-pairs
2026-09-04 03:09:59 | INFO     | energy_stress.ukhls_forward_prediction | Stage 5: walk-forward validation (train on earlier waves, hold out the 2 most recent known transitions)...
2026-09-04 03:10:00 | INFO     | energy_stress.ukhls_forward_prediction | Saved stage5_validation_metrics.csv
2026-09-04 03:10:00 | INFO     | energy_stress.ukhls_forward_prediction | Stage 5 walk-forward validation (held out m->n, n->o): AUC=0.7615, Pearson r=0.2719, n_train=177408, n_val=21161
2026-09-04 03:10:01 | INFO     | energy_stress.ukhls_forward_prediction | Saved figure stage5_validation_roc.png
2026-09-04 03:10:01 | INFO     | energy_stress.ukhls_forward_prediction | Stage 5: refitting on all known transitions and scoring the latest wave...
2026-09-04 03:10:02 | INFO     | energy_stress.ukhls_forward_prediction | Saved stage5_driver_coefficients.csv
2026-09-04 03:10:02 | INFO     | energy_stress.ukhls_forward_prediction | Saved stage5_forward_predictions.csv
2026-09-04 03:10:02 | INFO     | energy_stress.ukhls_forward_prediction | Stage 5: scored 19140/19586 wave-o households for their own next interview year (mean predicted probability=0.0706, 446 could not be scored -- missing features)
2026-09-04 03:10:02 | INFO     | energy_stress.ukhls_forward_prediction | Stage 5: forward-prediction policy figures...
2026-09-04 03:10:03 | INFO     | energy_stress.ukhls_geo_maps | Saved choropleth stage5_forward_prediction_map (12/12 regions matched)
2026-09-04 03:10:03 | INFO     | energy_stress.ukhls_forward_prediction | Saved stage5_forward_prediction_by_month.csv
2026-09-04 03:10:03 | INFO     | energy_stress.ukhls_forward_prediction | Saved figure stage5_forward_prediction_by_month.png
2026-09-04 03:10:03 | INFO     | energy_stress.ukhls_forward_prediction | Stage 5 (forward vulnerability prediction) complete.
2026-09-04 03:10:35 | INFO     | energy_stress.household_stream | Saved merged UKHLS panel + latent scores: ukhls_panel.csv (339201 rows, 92 columns)
